:020000022000DC
:10300000000001203D310200DD300200DF3002000F
:10301000E1300200E3300200E53002000000000071
:10302000000000000000000000000000E730020087
:10303000E930020000000000EB300200ED30020039
:103040005D950200F3300200E5BE0200F730020099
:103050007DAB0200FB300200E59F0200FF30020062
:103060000131020003310200053102000731020084
:10307000093102000B3102000D3102000F31020054
:1030800011310200C5CC02001531020017310200D7
:1030900005CD02001B310200810103001F31020037
:1030A00021310200233102002531020027310200C4
:1030B000293102002B310200EF300200EF30020014
:1030C0002D3102002F310200313102003331020074
:0C30D000353102003731020039310200B6
:1030DC00FEE7FEE7FEE7FEE7FEE7FEE7FEE7FEE7BC
:1030EC00FEE7FEE7FEE7FEE7FEE7FEE7FEE7FEE7AC
:1030FC00FEE7FEE7FEE7FEE7FEE7FEE7FEE7FEE79C
:10310C00FEE7FEE7FEE7FEE7FEE7FEE7FEE7FEE78B
:10311C00FEE7FEE7FEE7FEE7FEE7FEE7FEE7FEE77B
:10312C00FEE7FEE7FEE7FEE7FEE7FEE7FEE700BF91
:10313C000F484FF00701884385460E4880470E48DC
:10314C00016841F470010160BFF34F8FBFF36F8FC3
:10315C0000F01AB809480A490A4A884207D0521A9C
:10316C0005D0037801300B700131013AF9D1704769
:10317C00000001204988020088ED00E03C27030094
:10318C00682A0020EC2A00203A493B480A1A02D04F
:10319C00072291438D46394939480A1A06D007222D
:1031AC00914381F30988022282F314883548364909
:1031BC00364A00F041F836483649374A00F03CF8B8
:1031CC0036483749374A00F037F837483749384AD4
:1031DC0000F032F837483849384A00F02DF83848B2
:1031EC003849394A00F028F838483949394A00F04A
:1031FC0023F839483949002200F036F83848394963
:10320C00002200F031F838483849091A0FF0E1F87B
:10321C00374A904725482649884205D00268043031
:10322C0003B4904703BCF7E700208646EC46002029
:10323C000021304A9047FEE7884214D0521A12D02F
:10324C0003460B4313430324234206D10368043083
:10325C000B600431043AF9D17047037801300B70DC
:10326C000131013AF9D17047884202D00270013025
:10327C00FAE770470000012000F800200000012050
:10328C0000000120CC430300EC2A0020A42B0020DA
:10329C0004330200043302006A260300CC4303000B
:1032AC00EC2A0020EC2A0020C0270300C0270300D2
:1032BC00C0270300C0270300C0270300C02703005A
:1032CC00C0270300C0270300C94303008444030044
:1032DC00A42B0020A42B0020A42B0020D43F0020E2
:1032EC00D43F0020D43F0020D43F0020D441002004
:0832FC00613102008F3E020067
:1033040076DF704700BF18467ADF704700BF184663
:103314007CDF704700BF18467FDF704700BF184648
:103324008FDF704700BF184690DF704700BF184614
:10333400A8DF704700BF1846A9DF704700BF1846D2
:1033440066DF704700BF184632DF704700BF18467B
:103354003EDF704700BF184600B585B001900023DA
:10336400ADF80A3005E0BDF80A3001339BB2ADF880
:103374000A30BDF80A301A46019B13441B78002B0F
:10338400F1D10DF10A031A460199054805F052FFDF
:1033940003460393039B184605B05DF804FB00BF86
:1033A400A42B002000B583B001900BE0019B5A1CB4
:1033B40001921B78184609F0B9FE0346002B01D090
:1033C400002304E0019B1B78002BEFD10123184656
:1033D40003B05DF804FB000000B583B00346009120
:1033E400ADF80630BDF80630009A1946034808F0D7
:1033F4008BFD00BF03B05DF804FB00BFEFBEADDE84
:1034040000B587B09DF80030012262F303038DF804
:1034140000309DF80030012262F307138DF800306C
:103424006B4605221A491846FFF772FF0590059B63
:103434000493049B002B04D0164AA821049808F096
:1034440063FD01AB0822002118460FF065F8102334
:10345400ADF804303C23ADF806300023ADF8083055
:103464004FF4C873ADF80A3001AB1846FFF74CFFB0
:103474000590059B0393039B002B04D0054AB221BE
:10348400039808F041FD00BF07B05DF804FB00BFDE
:10349400C0270300C827030000B587B00190019B33
:1034A4001B78002B41D10023059328E0019B9A68E7
:1034B400059B13441B78184609F038FE0490049BBE
:1034C400002B16D0049B112B13D01A4B1B881B0402
:1034D40043F00103049A184918460BF0C3FD049BFA
:1034E4000393039B002B04D0144AD221039808F0C1
:1034F4000BFD049B112BD9D0059B01330593019B34
:103504009B891A46059B9342D0D3019B9A68019BE1
:103514009B89013B13441B780D2B06D100BF0A2065
:1035240009F004FE0346112BF9D000BF07B05DF883
:1035340004FB00BF682A00203C280300C8270300BE
:1035440000B585B001AB0422002118460EF0E4FF5B
:103554000A4B019301AB1946094805F013FE039089
:10356400039B0293029B002B04D0064AEC21029891
:1035740008F0CAFC00BF05B05DF804FB9D340200EE
:10358400A42B0020C827030000B585B00190019B3F
:103594001B78002B11D10B4B1B883B211846FFF7DE
:1035A400AFFE0390039B0293029B002B05D0064AB7
:1035B4004FF48171029808F0A7FC00BF05B05DF8D4
:1035C40004FB00BFEC2A0020C827030000B583B029
:1035D4000190054A40F20D11019808F095FC00BFD6
:1035E40003B05DF804FB00BFC827030000B58BB02F
:1035F40001AB1C22002118460EF08EFF002301931C
:103604004FF4203302934FF47023039303238DF874
:1036140010300023ADF8123000238DF814300C4B19
:1036240006930C4B079301AB184602F013FD099067
:10363400099B0893089B002B05D0074A4FF492710D
:10364400089808F061FC00BF0BB05DF804FB00BFF4
:103654008D350200D1350200C827030000B585B0BE
:10366400002003F067FD0390039B0293029B002B51
:1036740005D0134A40F22F11029808F045FC03F0DC
:1036840037FE0390039B0193019B002B05D00C4A4A
:1036940040F23311019808F037FCFFF755FE039010
:1036A400039B0093009B002B05D0054A40F2371181
:1036B400009808F029FC00BF05B05DF804FB00BFCA
:1036C400C827030000B585B003468DF807309DF880
:1036D4000730002B11D0032B12D1022003F02AFD56
:1036E4000390039B0293029B002B0BD0084A40F2E9
:1036F4004911029808F008FC04E0FFF7AFFF02E06C
:1037040000BF00E000BF00BF05B05DF804FB00BFD0
:10371400C827030010B598B001900091019B1B8845
:10372400232B00F39180002B40DC93E13B3B1B2BCC
:1037340000F2908101A252F823F000BF7139020017
:10374400593A0200593A0200593A0200593A020021
:10375400593A0200593A0200593A0200593A020011
:10376400593A0200593A0200593A0200593A020001
:10377400593A0200593A0200593A0200593A0200F1
:10378400593A0200593A0200593A0200593A0200E1
:10379400593A0200E339020047390200593A02005B
:1037A400593A0200593A020097390200013B222B90
:1037B40000F2508101A252F823F000BFBD3902008B
:1037C400593A0200593A0200593A0200593A0200A1
:1037D400593A0200593A0200593A0200593A020091
:1037E400593A0200593A0200593A0200593A020081
:1037F400593A0200593A02005B3802009538020037
:10380400593A0200E7380200593A0200593A0200D4
:10381400593A0200593A0200593A0200593A020050
:10382400593A0200593A0200593A0200593A020040
:10383400593A0200593A0200593A0200B1380200DA
:10384400593A020011390200562B00F303813B2B35
:10385400BFF66CAFFEE0894B1B881B0443F00303E7
:10386400874918460BF0F0FB072003F063FC179020
:10387400179B0F930F9B002B05D0824A4FF4B17115
:103884000F9808F041FB019B9A887F4B1A80F2E065
:103894007A4B1B881B0443F003037C4918460BF046
:1038A400D3FB794B4FF6FF721A80E4E000238DF8C6
:1038B400343000238DF83530019B9B880DAA1146C6
:1038C4001846FFF72DFD1790179B1193119B002BA2
:1038D40000F0C2806B4A4FF4BB71119808F014FBDE
:1038E400BAE0694B1888002300228521FFF714FDF4
:1038F4001790179B1093109B002B00F0AF80614A28
:1039040040F27D11109808F0FFFAA7E00BAB0822F3
:10391400002118460EF000FE019B9B880BA9002293
:103924001846FFF701FD1790179B1293129B002B6B
:1039340000F09680534A40F28711129808F0E4FA96
:103944008EE0514B1888002300220021FFF7F4FC7D
:103954001790179B1593159B002B00F08380494A01
:1039640040F28D11159808F0CFFA7BE0019B9B88FB
:1039740013211846FFF7C4FC1790179B1393139B4E
:10398400002B71D03F4A4FF4CA71139808F0BCFA67
:103994006AE0019B9B8813211846FFF7B1FC17903E
:1039A400179B1693169B002B60D0364A40F29B114E
:1039B400169808F0A9FA59E0019B9B880021184643
:1039C400FFF7BEFC1790179B0E930E9B002B4FD056
:1039D4002C4A4FF4D0710E9808F096FA48E0019BF7
:1039E40007AC0633186859689A68DB680FC49DF8F9
:1039F4001C30002B3ED09DF82430042B07D09DF8BA
:103A04002430062B03D09DF82430052B32D19DF8A9
:103A14001C30022B03D102238DF80C3002E0012369
:103A24008DF80C304FF4C173ADF81030019B9B88B6
:103A340003AA11461846FFF77BFC1790179B1493B3
:103A4400149B002B16D00F4A40F2BB11149808F0B7
:103A54005BFA0FE000BF0EE000BF0CE000BF0AE01D
:103A640000BF08E000BF06E000BF04E000BF02E0C2
:103A740000BF00E000BF00BF18B010BD682A0020DE
:103A840068280300C8270300EC2A002074280300D8
:103A940000B587B00CF0AEFA0590059B0493049B27
:103AA400002B05D0164A4FF4E871049808F02CFA5C
:103AB4000023019301AB194601200CF095FB0590FE
:103AC400059B0393039B002B05D00D4A4FF4EB7128
:103AD400039808F019FA01AB18460CF095FC059010
:103AE400059B0293029B002B05D0054A4FF4ED7110
:103AF400029808F009FA00BF07B05DF804FB00BFA4
:103B0400C827030000B583B001900091009B5A8838
:103B1400104B1B889A4218D1009B1B8840F67722D1
:103B2400934212D1009B9B88033B9AB20A4B1A80A2
:103B34000A4B1B881B0443F00300074B1B881A46DF
:103B4400054B1B8806490BF09EFA00BF03B05DF8D5
:103B540004FB00BFEC2A0020EE2A0020682A002083
:103B64008428030000B585B01149124802F02EFFE5
:103B74000390039B0293029B002B05D00E4A40F254
:103B8400F511029808F0C0F940210A4802F049FFF3
:103B94000390039B0193019B002B05D0064A4FF42D
:103BA400FC71019808F0B0F900BF05B05DF804FBA2
:103BB400093B0200C02B0020C827030000B587B0D2
:103BC4000190019B1B78022B46D0022B56DC002B64
:103BD40002D0012B49D051E02C4B1B781A462C4BB8
:103BE4001344184609F068FA284B1B780133DAB2FB
:103BF400264B1A70254B1B78013B254AD35C0A2BB4
:103C040006D0224B1B781A46224B1B889A4237D384
:103C14001E4B1B78ADF80E300DF10E031A461C49ED
:103C24001D4805F007FB0590059B082B0DD0059B4F
:103C3400112B0AD0059B0493049B002B05D0174A33
:103C44004FF41071049808F05FF9059B112BDFD035
:103C54000E4B00221A7013E0019B5B680F4A40F27E
:103C64004921184608F050F90BE0019B5B680B4AA8
:103C740040F24D21184608F047F902E000BF00E089
:103C840000BF00BF07B05DF804FB00BFAC2C0020F0
:103C9400B02C0020EE2A0020A42B0020C82703000B
:103CA40030B58DB0134B04AC1D460FCD0FC495E851
:103CB400030084E80300104B00934FF480730193D6
:103CC4000E4B02934FF480730393694604A80723B1
:103CD4000B4A09F05DF90B900B9B0A930A9B002B8E
:103CE40005D0084A40F26E210A9808F00DF900BF89
:103CF4000DB030BDA0280300A42D0020A42E002068
:103D0400C13B0200C827030000B5ABB06B46A0223C
:103D1400002118460EF000FC02238DF80030002329
:103D24008DF8023005238DF803300123ADF84C30B3
:103D3400114B149301238DF87C3040232293B42338
:103D440023930E4B26936B4619460D4801F0F5FD5F
:103D54002990299B2893289B002B05D0094A40F2DF
:103D64008A21289808F0D0F80121054801F0D8FDEF
:103D740000BF2BB05DF804FBF02A0020C936020016
:103D8400D42B0020C827030000B583B000200AF01C
:103D9400EDFE0190019B0093009B002B05D0064A89
:103DA40040F2A721009808F0AFF80AF03DFE00BFEA
:103DB40003B05DF804FB00BFC827030000B583B05F
:103DC400FFF7C6FA0190019B0093009B002B05D0DE
:103DD400044A40F2B221009808F096F800BF03B0FC
:103DE4005DF804FBC827030000B585B008F08EFF1A
:103DF4000390039B0293029B002B05D01A4A4FF4B5
:103E04002F71029808F080F8FFF74AFFFFF7BCFF14
:103E1400FFF73EFEFFF7F4FAFFF7A4FEFFF790FB6F
:103E2400FFF772FFFFF7E2FB10480CF0E9FB104BC1
:103E34001B881B0443F003030E4918460BF004F9D6
:103E440003210D4801F088FE0390039B0193019B1D
:103E5400002B05D0044A40F2CD21019808F054F813
:103E640000BF05B05DF804FBC8270300B8280300B1
:103E7400682A0020C8280300D42B002008B50BF0C2
:103E84003DF9FFF79BFF00BF08BD00B583B0FFF706
:103E9400ABFF00F0A5FAFFF7F1FF00F059F801902D
:103EA400F9E7000000B583B00190019B1B681F2B4C
:103EB40004D905494FF4E870FFF78EFA4FF0A04398
:103EC400184603B05DF804FBD428030000B585B0A0
:103ED4000190084611461A4603468DF803300B46F6
:103EE4008DF8023013468DF8013001AB1846FFF708
:103EF400D9FF03909DF803209DF802305B001A431C
:103F04009DF801309B001A439DF818301B0242EAC9
:103F140003019DF81C301B04019A1943039B02F50D
:103F2400E07243F8221000BF05B05DF804FB00B551
:103F340085B0039000230193002300930023012202
:103F440001210398FFF7C2FF00BF05B05DF804FB31
:103F54002DE9F04FADF5377D874B1B78002B00F032
:103F640001810023B59324E08449B59A13465B008C
:103F740013441B010B44043319688048B59A134653
:103F84005B0013441B0103442833D3E9002362A8D4
:103F9400CDE900230A467A490DF015FB62AB1846B9
:103FA400FFF7DAF962AB1846FFF7FCF9B59B01336A
:103FB400B593744B1B68B59A9A42D5DB0023B4932E
:103FC4004CE0B49B5A1C6D4913465B0013441B011F
:103FD4000B442833D3E9002310466849B49A1346A6
:103FE4005B0013441B010B442833D3E9002313461D
:103FF400C11AB49B5A1C614813465B0013441B014D
:104004000344183318685D4B4F93B49A13465B000E
:1040140013441B014F9A134418331B68C31A1B0221
:10402400CB1A1946B6ABA3F5BC73B49A43F8221065
:10403400B6ABA3F5BC73B49A53F8223062A8B49A11
:1040440051490DF0C0FA62AB1846FFF785F962AB2F
:104054001846FFF7A7F9B49B0133B493494B1B6887
:10406400013BB49A9A42ACDB0023B3935BE043492F
:10407400B39A13465B0013441B010B440C331B68B7
:10408400DA171C461546B6ABA3F5A871B39A1346C6
:104094005B001344DB000B44C3E900453749B39A82
:1040A40013465B0013441B010B4410331B68DA17DF
:1040B4001E461746B6ABA3F5A871B39A13465B0028
:1040C4001344DB000B440833C3E900672B49B39A5C
:1040D40013465B0013441B010B4414331B68DA17AB
:1040E40098469146B6ABA3F5A871B39A13465B0004
:1040F4001344DB000B441033C3E90089B6ABA3F5CA
:10410400BC73B39A53F82230DA179A469346B6AB87
:10411400A3F5A872B39B1E33DB001344C3E900ABC1
:10412400B39B0133B393174B1B68B39A9A429EDB3C
:10413400144B1B681E46B6ABA3F5CC75B6ABA3F502
:10414400A874684604F108034FF49C7219460EF0F3
:10415400B1F994E80C003146284600F095FA064B74
:1041640000221A70012004F03BFB012318460DF5D0
:10417400377DBDE8F08F00BF343000204030002090
:104184000C2903003830002020290300F0B587B043
:104194004FF000024FF00003CDE9042301AB1846B1
:1041A40003F08CFB042303931EE0DDE904014FF0CC
:1041B40000024FF000030B0243EA10630202CDE950
:1041C400042301AA039B13441B78DBB200221C4680
:1041D4001546DDE9042342EA040643EA0507CDE96E
:1041E4000467039B013B0393039B002BDDDADDE9AA
:1041F40004231046194607B0F0BD000010B59CB06A
:104204000190284B01221A600021102003F01CFCAD
:10421400034603F07F031B931B9B7E2B06D81B9B3B
:104224009BB200221946204803F033FB4FF47A7006
:1042340003F084FF002003F039FF1C480CF0E0F980
:1042440004221B4918480EF0D4F80346002B25D14C
:10425400184B1A6813465B0013441B01164A134497
:104264002422114918460EF025F9124B1C68FFF759
:104274008DFF114A23465B0023441B01134428335A
:10428400C3E900010B4B1B6801330A4A1360094B55
:104294001B68132B02DD074B00221A6000BF1CB001
:1042A40010BD00BF28300020A42F002030290300B7
:1042B400242A0300003400204030002000B583B0DD
:1042C40001900D4B01221A60002003F037FF0020FB
:1042D40003F0ECFE09480CF093F9094B1B68094AFA
:1042E4001360074B00221A60074B01221A7000BFAB
:1042F40003B05DF804FB00BF2C3000204829030004
:1043040000340020383000203430002000B589B05B
:1043140001900B4B01221A6002AB0A4918460DF0BA
:1043240052F902AB1846FFF73DF803468DF81F30EB
:10433400002003F0BBFE00BF09B05DF804FB00BF22
:10434400303000206029030082B00190024B01222A
:104354001A6000BF02B070472430002000B583B05B
:1043640001900B468DF8033003F0ACFC00BF03B0A2
:104374005DF804FB00B585B005F03AFD0346002B5B
:1043840003D013480CF03CF901E005F0E9FC114BB3
:104394001B68019300238DF8053001AB0E4A1946C2
:1043A400132005F031FD0390039B0293029B002B25
:1043B40005D00A4A40F2B511029807F0A5FD012183
:1043C400132005F085FD00BF05B05DF804FB00BFB8
:1043D4006C290300082A03006143020094290300A6
:1043E40000B59DB000231B930EE001221B9B02FA33
:1043F40003F31A462A4B1340002B02D01B98FFF7F5
:1044040096FD1B9B01331B931B9B1F2BEDD94FF078
:10441400A043234AC3F80C254FF0A0430022C3F85D
:104424000825FFF7A7FF01AB1E4918460DF0CBF88E
:1044340001AB1846FEF7B6FF03468DF86B3004F067
:1044440069F904F07BF9012002F0B6FF0346B3F1E9
:10445400FF3F00D1FEE704F099F9134803F076F822
:10446400124B134A1349144803F012FC0121134858
:1044740003F0ACFE44F2480003F0EAF944F24800C9
:1044840003F0F7F9642003F0E7FB002003F056FE85
:10449400002003F00BFE00BF1DB05DF804FB00BF5D
:1044A400000040C00C2A0300F42A0020114302003B
:1044B400C1420200014202004D43020080D02304A5
:1044C400F0B589B08DED060B8DED041B8DED022B3F
:1044D4008DED003BDDE90223DDE906010CF0D0FCA3
:1044E40002460B4614461D46DDE90223DDE90601BA
:1044F4000CF0C6FC02460B46204629460CF0C4FCD0
:1045040002460B4614461D46DDE90023DDE904019D
:104514000CF0B6FC02460B4616461F46DDE90023A6
:10452400DDE904010CF0ACFC02460B46304639468A
:104534000CF0AAFC02460B46204629460CF080FBF0
:1045440002460B4643EC172BB0EE470AF0EE670A1F
:104554000CF038FAB0EE407AF0EE607AB0EE470A2A
:10456400F0EE670A09B0F0BD0000000000B593B09A
:104574008DED040B8DED021B0190424B93ED007BFE
:10458400404B93ED026BB0EE463AF0EE663AB0EE75
:10459400472AF0EE672A9DED021B9DED040BFFF701
:1045A4008FFF8DED0C0B4FF000024FF00003CDE9AF
:1045B400102301230F9353E0324A0F9B1B01134432
:1045C40093ED007B2F4A0F9B1B011344083393ED9B
:1045D400006BB0EE463AF0EE663AB0EE472AF0EEE3
:1045E400672A9DED021B9DED040BFFF769FF8DED1E
:1045F4000A0BDDE90C23DDE90A010CF041FC02465B
:104604000B46104619461DA3D3E900230CF0D4FC35
:1046140002460B46CDE908230F9B03F10053013BEF
:10462400DB00019A1344D3E90023DDE908010CF00F
:1046340027FC02460B46CDE90623DDE90623DDE926
:1046440006010CF021FC02460B46DDE910010CF0DA
:10465400F7FA02460B46CDE910230F9B01330F9363
:104664000F9B022BA8DDDDE9102343EC172BB0EEE2
:10467400470AF0EE670A13B05DF804FB000000007F
:1046840000707540002B002082B030B597B00190C7
:1046940000911AA981E80C004FF000024FF00003CA
:1046A400CDE914234FF000024FF00003CDE91223AB
:1046B4004FF0FF323F4BCDE910234FF000024FF093
:1046C4000003CDE90E2345E04FF000024FF0000354
:1046D400CDE90C2329E056AB18469DED0C1B9DED4E
:1046E4000E0BFFF743FF8DED0A0BDDE91023DDE927
:1046F4000A010CF0B3FD0346002B0BD0DDE90A23BD
:10470400CDE91023DDE90E23CDE91423DDE90C23E3
:10471400CDE912234FF00002274BDDE90C010CF028
:104724008FFA02460B46CDE90C234FF00002234BCF
:10473400DDE90C010CF022FD0346002BCBD14FF038
:1047440000021D4BDDE90E010CF07AFA02460B461D
:10475400CDE90E234FF00002184BDDE90E010CF0F9
:104764000DFD0346002BAFD1DDE914010CF092FDE1
:1047740002460B46CDE90223DDE912010CF08AFD65
:1047840002460B46CDE904234FF000024FF000032C
:10479400CDE90623019B1D4602AC0FCC0FC594E85E
:1047A4000F0085E80F00019817B0BDE8304002B053
:1047B400704700BFFFFFEF7F0000F03F000059404B
:1047C40000B583B00190019B1B681F2B04D90549D8
:1047D4004FF4E870FEF700FE4FF0A043184603B014
:1047E4005DF804FB282A030000B585B0019001ABF5
:1047F4001846FFF7E5FF0390019B012202FA03F339
:104804001946039800F069F800BF05B05DF804FB91
:1048140000B585B0019001AB1846FFF7D1FF0390B6
:10482400019B012202FA03F31946039800F05FF892
:1048340000BF05B05DF804FB00B585B0019001AB85
:104844001846FFF7BDFF0390039BD3F8043502938A
:10485400029BDA43019B012101FA03F31A40039BF3
:10486400C3F80825019B01229A40029B1A40039B2E
:10487400C3F80C2500BF05B05DF804FB00B583B098
:1048840001900091009B002B03D10198FFF7C0FF1A
:1048940002E00198FFF7A8FF00BF03B05DF804FB36
:1048A40000B585B0019001AB1846FFF789FF03906E
:1048B400039800F00AF80246019B22FA03F303F07E
:1048C4000103184605B05DF804FB82B00190019B1A
:1048D400D3F80435184602B0704782B001900091B5
:1048E400019B009AC3F8082500BF02B0704782B04C
:1048F40001900091019B009AC3F80C2500BF02B0FF
:104904007047000000B585B00190019B032B03D9CB
:1049140011493720FEF760FD104A019B13441B78B0
:104924001846FFF7BDFF0346002B14BF01230023E5
:104934008DF80F309DF80F30002B14BF0123002396
:10494400DBB283F00103DBB203F00103DBB21846F0
:1049540005B05DF804FB00BF602A0300A82A030029
:1049640000B583B00190019B032B03D907493E2076
:10497400FEF732FD064A019B13441B7800211846BA
:10498400FFF77CFF00BF03B05DF804FB602A03005F
:10499400A82A030000B583B00190019B032B03D91F
:1049A40007494420FEF718FD064A019B13441B786F
:1049B40001211846FFF762FF00BF03B05DF804FB56
:1049C400602A0300A82A030000B583B000230193E2
:1049D40005E00198FFF7DEFF019B01330193019B82
:1049E400032BF6D900BF00BF03B05DF804FB00B58C
:1049F40083B00023019305E00198FFF7B1FF019B09
:104A040001330193019B032BF6D900BF00BF03B010
:104A14005DF804FB00B583B00190019B032B03D91F
:104A240007495C20FEF7D8FC064A019B13441B7817
:104A34001846FFF701FF00BF03B05DF804FB00BF99
:104A4400602A0300A82A030000B583B00190019BEB
:104A5400032B03D90549A220FEF7BEFC044A019B9F
:104A640013441B78184603B05DF804FB602A030066
:104A7400AC2A03006DDF704700BF184672DF704731
:104A840000BF184679DF704700BF18467DDF7047C6
:104A940000BF184664DF704700BF184682B0034663
:104AA4000091ADF80630BDF80630DAB2009B1A70FA
:104AB400BDF806301B0A9AB2009B0133D2B21A70B9
:104AC4000223184602B0704700B589B003900291E2
:104AD4001346ADF80630029B1B8803F10902BDF8AA
:104AE40006309A4201D90C2351E005AB1846FFF772
:104AF400C1FF0790079B002B01D0079B47E0029B57
:104B04001B881A46039B134408221A70029B1B88B5
:104B140001339AB2029B1A80029B1B881A46039B9C
:104B240013441B221A70029B1B8801339AB2029B06
:104B34001A80029B1B881A46039B981805AB013305
:104B4400062219460DF0B6FC029B1B8806339AB266
:104B5400029B1A809DF8143023F00103DBB2002B72
:104B640007D1029B1B881A46039B134400221A7028
:104B740006E0029B1B881A46039B134401221A7009
:104B8400029B1B8801339AB2029B1A8000231846A9
:104B940009B05DF804FB00B589B00390029101925D
:104BA400ADF80230039B1B78012B05D1039B5B7886
:104BB400002B01D1072388E0019B1B889A1CBDF8B8
:104BC40002309A420ED8039B1B78012B0CD1019B17
:104BD4001B881A46039B5B7813449A1CBDF8023069
:104BE4009A4201D90C2370E0019B1B88BDF8022076
:104BF400D31A9BB2023BADF81C30BDF81C30ADF8A3
:104C04001630019B1B880233029A13440DF11602DD
:104C140011461846FFF73AFF0690069B002B01D079
:104C2400069B52E0039B1B78022B09D1BDF816307A
:104C3400BDF81C209A4203D309238DF81F3016E0D7
:104C440008238DF81F30039B1B78012B0BD1039B8A
:104C54005B781A46BDF81C30934204D3039B5B78FF
:104C6400ADF8163003E0BDF81C30ADF81630BDF8D1
:104C74001630FE2B01D90C2327E0BDF81630DAB22A
:104C8400019B1B881946029B0B440132D2B21A7055
:104C9400019B1B8801339AB2019B1A80019B1B88DC
:104CA4001A46029B13449DF81F201A70019B1B880F
:104CB40001339AB2019B1A80019B1A88BDF8163001
:104CC40013449AB2019B1A800023184609B05DF878
:104CD40004FB00B587B0039002911346ADF806308B
:104CE400029B1B881A1DBDF806309A4201D90C2379
:104CF40038E00DF112031846FFF7C4FE0590059B3A
:104D0400002B01D0059B2DE0029B1B881A46039BB8
:104D1400134403221A70029B1B8801339AB2029B2C
:104D24001A80029B1B881A46039B134419221A708B
:104D3400029B1B8801339AB2029B1A80BDF8122091
:104D4400029B1B881946039B0B4419461046FFF728
:104D5400A5FE03461A46029B1B8813449AB2029B83
:104D64001A800023184607B05DF804FB84B0029152
:104D740001921A4603468DF80F301346ADF80C30F5
:104D8400019B1B88DA1CBDF80C309A4201D90C2314
:104D940028E0019B1B881A46029B134402221A70C6
:104DA400019B1B8801339AB2019B1A80019B1B88CB
:104DB4001A46029B134401221A70019B1B8801337B
:104DC4009AB2019B1A80019B1B881A46029B1344CA
:104DD4009DF80F201A70019B1B8801339AB2019B26
:104DE4001A800023184604B0704784B002910192DF
:104DF4001A4603468DF80F301346ADF80C30019B6C
:104E04001B88DA1CBDF80C309A4201D90C2328E027
:104E1400019B1B881A46029B134402221A70019BB1
:104E24001B8801339AB2019B1A80019B1B881A4686
:104E3400029B13440A221A70019B1B8801339AB205
:104E4400019B1A80019B1B881A46029B13449DF800
:104E54000F201A70019B1B8801339AB2019B1A80A0
:104E64000023184604B0704700B58BB0039001933B
:104E74000B468DF80B3013468DF80A3000238DF85D
:104E840023300C9B1B88ADF82030002309936CE081
:104E9400039B5A68099B9B001A4404AB1068186072
:104EA4000DF1160104AB00221846FFF7F3FD06903E
:104EB400069B002B01D0069B79E09DF816309DF8E7
:104EC4000A209A424ED19DF82330002B01D00023B2
:104ED40000E002238DF817300C9B1B881A469DF8BE
:104EE40016301A449DF817301A44BDF834309A42EB
:104EF40001DD0C235BE09DF8233083F00103DBB27A
:104F0400002B16D00C9B1B8801339AB20C9B1A8081
:104F14000C9B1B881A46019B13449DF80B201A70A6
:104F24000C9B1B8801339AB20C9B1A8001238DF8C9
:104F340023300C9B1B881A46019B1A440DF1160161
:104F440004AB1846FFF7A6FD0690069B002B01D084
:104F5400069B2CE00C9B1B889DF8162013449AB2E8
:104F64000C9B1A80099B01330993039B1B881A46E7
:104F7400099B93428CDB9DF82330002B16D00C9BAD
:104F84001A88BDF82030D31A9BB2013BADF81E300D
:104F9400BDF81E30FF2B01D90C2308E0BDF82030EA
:104FA400019A1344BDF81E20D2B21A700023184689
:104FB4000BB05DF804FB00B589B0059003930B4674
:104FC4008DF8133013468DF812309DF81310BDF888
:104FD4002C3001930A9B0093039B02220598FFF750
:104FE40043FF0790079B002B01D0079B12E09DF81D
:104FF4001210BDF82C3001930A9B0093039B1022DE
:105004000598FFF731FF0790079B002B01D0079B02
:1050140000E00023184609B05DF804FB82B001905B
:10502400019B1B88052B0AD9019B1B88B3F5486F8C
:1050340007D9019B1B884FF6FF72934201D00723C7
:1050440025E0019B5B88052B0AD9019B5B88B3F59E
:10505400486F07D9019B5B884FF6FF72934201D0DA
:10506400072314E0019B1B884FF6FF7293420DD077
:10507400019B5B884FF6FF72934207D0019B1A880D
:10508400019B5B889A4201D9072300E0002318465C
:1050940002B0704700B587B0039002910192ADF859
:1050A4000230019B1B889A1DBDF802309A4201D937
:1050B4000C2349E00398FFF7B1FF0590059B002BF3
:1050C40001D0059B40E0019B1B881A46029B1344B8
:1050D40005221A70019B1B8801339AB2019B1A8026
:1050E400019B1B881A46029B134412221A70019BCF
:1050F4001B8801339AB2019B1A80039B1A88019B77
:105104001B881946029B0B4419461046FFF7C6FC40
:1051140003461A46019B1B8813449AB2019B1A80CA
:10512400039B5A88019B1B881946029B0B44194612
:105134001046FFF7B3FC03461A46019B1B88134431
:105144009AB2019B1A800023184607B05DF804FB4D
:1051540000B587B0039002910192ADF80230039B31
:105164009B8802330593019B1B881A46059B1344B5
:105174009A1CBDF802309A4201D90C2353E0059BD6
:10518400FE2B01D90C234EE0059BDAB2019B1B8850
:105194001946029B0B440132D2B21A70019B1B8840
:1051A40001339AB2019B1A80019B1B881A46029B09
:1051B4001344FF221A70019B1B8801339AB2019B8E
:1051C4001A80039B1A88019B1B881946029B0B4477
:1051D40019461046FFF762FC03461A46019B1B88DA
:1051E40013449AB2019B1A80039B9B88002B19D00D
:1051F400039B9B68002B01D1072314E0019B1B88B0
:105204001A46029B9818039B9968039B9B881A462D
:105214000DF050F9019B1A88039B9B8813449AB2A2
:10522400019B1A800023184607B05DF804FB00B503
:1052340089B0039002910192ADF80230039B9B6AFE
:10524400002B01D1072371E000238DF81F3065E0A6
:10525400039B996A9DF81F2013465B0013449B002F
:105264000B440693069B9B8802330593059BFE2BF8
:1052740001D90C235AE0059BDAB2019B1B8819461D
:10528400029B0B440132D2B21A70019B1B8801337A
:105294009AB2019B1A80019B1B881A46029B1344F5
:1052A40016221A70019B1B8801339AB2019B1A8043
:1052B400069B1A88019B1B881946029B0B441946BE
:1052C4001046FFF7EBFB03461A46019B1B88134469
:1052D4009AB2019B1A80069B9B88002B19D0069BCF
:1052E4009B68002B01D1072320E0019B1B881A46F1
:1052F400029B9818069B9968069B9B881A460DF09A
:10530400D9F8019B1A88069B9B8813449AB2019B87
:105314001A809DF81F3001338DF81F30039B93F8DA
:105324002C309DF81F209A4292D30023184609B0CE
:105334005DF804FB00B589B0059004910392002345
:105344000793039B1B88ADF81A30039B00221A8035
:10535400059B93F82D30002B0CD0BDF81A301A465B
:1053640003990498FFF7B0FB0790079B002B01D02B
:10537400079BC4E0059B9B78002B0CD0BDF81A302A
:105384001A4603990498FFF7A4FC0790079B002B87
:1053940001D0079BB3E0059BDB78002B0ED0059B67
:1053A400DB7858B2BDF81A30039A0499FFF7DEFC93
:1053B4000790079B002B01D0079BA0E0059B5B682F
:1053C400002B0FD0059B5B6893F90000BDF81A30E1
:1053D400039A0499FFF709FD0790079B002B01D05E
:1053E400079B8CE0059B1B89002B12D0059B03F1C6
:1053F4000800BDF81A300193039B0093049B062216
:105404000221FFF7D8FD0790079B002B01D0079BD3
:1054140075E0059B1B8A002B12D0059B03F110003D
:10542400BDF81A300193039B0093049B07220321C8
:10543400FFF7C1FD0790079B002B01D0079B5EE09F
:10544400059B1B8B002B12D0059B03F11800BDF8A4
:105454001A300193039B0093049B15221421FFF738
:10546400AAFD0790079B002B01D0079B47E0059BF3
:105474001B6A002B0DD0059B186ABDF81A30039ADD
:105484000499FFF707FE0790079B002B01D0079BA9
:1054940035E0059B5B6A002B0DD0059B586ABDF86F
:1054A4001A30039A0499FFF753FE0790079B002BC9
:1054B40001D0079B23E0059B93F82C30002B0CD0E4
:1054C400BDF81A30039A04990598FFF7B0FE0790C7
:1054D400079B002B01D0079B11E0059B1B78002B39
:1054E4000CD0BDF81A30039A04990598FFF753FBC2
:1054F4000790079B002B01D0079B00E0079B1846F1
:1055040009B05DF804FB82B00190019BDB7803F0E5
:105514000403002B01D1072300E00023184602B046
:10552400704782B00190019BDB78002B01D00723E8
:1055340000E00023184602B0704700B597B0019010
:1055440000911F23ADF84A301F23ADF84830019B6A
:10555400002B18D00198FFF7D6FF1390139B002B54
:1055640001D0139B3FE00DF14A020AAB19460198A2
:10557400FFF7E0FE1390139B002B01D0139B32E046
:105584000AAB159304E0002315930023ADF84A30C9
:10559400009B002B17D00098FFF7C3FF1390139BB9
:1055A400002B01D0139B1EE012AA02AB19460098EF
:1055B400FFF7C0FE1390139B002B01D0139B12E046
:1055C40002AB149304E0002314930023ADF8483095
:1055D400BDF84A30D9B2BDF84830DBB2149A1598F8
:1055E400FFF74CFA0346184617B05DF804FB73DF67
:1055F400704700BF184682B00190019B93F8D630E3
:10560400184602B0704784B00190002303930AE067
:10561400019A039B13441B78002B01D0012306E05D
:10562400039B01330393039B052BF1D900231846F5
:1056340004B0704782B003468DF807309DF80730F8
:105644005A1C074B83FB02135910D317C91A0B4674
:105654009B000B44D11ACBB2184602B0704700BF6E
:105664006766666682B001900091009BDB7B012B2C
:1056740004D1009B9A88019BA3F8C82000BF02B004
:10568400704700B585B001900091019B002283F81A
:10569400D420009B9A88019BB3F8C8309A4218D151
:1056A400019B1B7983F00103DBB2002B11D0012194
:1056B400019800F051FA0390039B002B09D0019B41
:1056C400D3F8D030002B04D0019BD3F8D03003980A
:1056D400984700BF05B05DF804FB00B585B00190A4
:1056E4000091009B1B7A002B18D1019BDB78184694
:1056F400FFF7A0FF03461946019800F02DFA039026
:10570400039B002B0BD0019BD3F8D030002B06D089
:10571400019BD3F8D0300398984700E000BF05B050
:105724005DF804FB08B5002008F028FB0346184682
:1057340008BD000000B585B001900B468DF803301C
:10574400019B26331846FFF75EFF03468DF80F30A2
:105754009DF80330013B032B2AD801A252F823F011
:1057640075570200895702009D570200A95702008D
:10577400019B9B79002B05D09DF80F30002B01D0A5
:10578400012316E0019BDB79002B05D09DF80F3037
:10579400002B01D002230CE0019B1B7A002B01D0CB
:1057A400032306E0019B5B7A002B01D0042300E075
:1057B4000023184605B05DF804FB00BF82B00190D9
:1057C4000091019B01229A70019B03F12502009B29
:1057D4005A60009B01221A70009B00229A81009B50
:1057E40000225A810023184602B0704782B001900B
:1057F4000091019B02229A70019B03F12502009BF8
:105804005A60009B01221A70019B1B699AB2009B8B
:105814009A81019BDB689AB2009B5A810023184647
:1058240002B0704700B585B001900091019B5B699F
:105834009AB2009B5A81019B9B699AB2009B9A8100
:10584400019B5B79002B24D0019B93F8D43083F027
:105854000103DBB2002B1CD00198FFF7CCFE0346FA
:10586400002B16D0009B02221A72019B042283F89B
:105874003320019B303300211846FFF75EFE03906E
:10588400039B002B01D0039B07E0019B05229A7028
:1058940002E0019B03229A700023184605B05DF8CC
:1058A40004FB00B585B001900091019BDB699AB2BD
:1058B400009B5A81019B1B6A9AB2009B9A81019BAF
:1058C4005B79002B24D0019B93F8D43083F001033F
:1058D400DBB2002B1CD00198FFF78DFE0346002B92
:1058E40016D0009B02221A72019B042283F83320F3
:1058F400019B303300211846FFF71FFE0390039BE2
:10590400002B01D0039B07E0019B06229A7002E062
:10591400019B04229A700023184605B05DF804FB2D
:1059240082B001900B468DF80330019B9DF8032053
:1059340083F8242000BF02B0704730B587B00190CF
:105944000091009B002B02D0019B002B01D10E2360
:10595400FFE0019B01221A70019B0022DA70019A78
:10596400009B141D03F178050FCD0FC495E80F00BB
:1059740084E80F00019B002283F82420009BD3F8C5
:105984009820019BC3F8CC20009BD3F89C20019B5A
:10599400C3F8D020019B4FF6FF72A3F8C820019BE7
:1059A40025330722002118460CF0B6FD019B303345
:1059B4003C22002118460CF0AFFD009B1A78019B95
:1059C40083F83020009B9A78019B83F83220009B57
:1059D400DA78019B83F83320009B5A78019B83F883
:1059E4003120019B009A4033103292E8030083E88F
:1059F4000300019B009A3833083292E8030083E8DD
:105A04000300019B009A4833183292E8030083E8AC
:105A14000300009B93F82D20019B83F85D20009BDD
:105A24005B6A002B2ED0019B03F16C02019B5A652B
:105A3400019B03F17802019B5A67009B5A6A019B00
:105A44005B6D12881A80009B5A6A019B5B6D928879
:105A54009A80002305930EE0009B5B6A9A68059B7D
:105A640013441978019A059B134478330A461A7033
:105A7400059B01330593019B5B6D9B881A46059B2F
:105A84009342E9D3009B9B6A002B3AD0019B03F11C
:105A9400A402019BC3F8A020019B03F19802019B7F
:105AA4009A65019B9B6D019AA4329A60009B9A6A45
:105AB400019B9B6D92889A80009B9A6A019B9B6DC7
:105AC40012881A80002304930EE0009B9B6A9A6854
:105AD400049B13441978019A049B1344A4330A4683
:105AE4001A70049B01330493019B9B6D9B881A4697
:105AF400049B9342E9D3009B93F82C20019B83F8E9
:105B04005C20009B1B6A002B10D0019B03F1C40294
:105B1400019B1A65009B1A6A019B1B6D52885A806F
:105B2400009B1A6A019B1B6D12881A80009B5B689C
:105B3400002B03D0009B5A68019B5A63019B03F11D
:105B44003002009B3C3319461046FFF7F6FC0390E5
:105B5400039B184607B030BD00B589B001900B46D1
:105B64008DF80330019B1B7883F00103DBB2002B1B
:105B740001D00823D2E0019B9DF80320DA70FFF7DF
:105B8400D1FD0346002B04D0019B01225A7000234F
:105B9400C4E0019B25330722002118460CF0BCFC0D
:105BA400019B9B79002B03D0019BDB78012B0FD049
:105BB400019BDB79002B03D0019BDB78012B07D001
:105BC400019BDB79002B16D0019BDB78022B12D1D1
:105BD400019BD3F8CC30002B09D0019B012283F820
:105BE4002C20019BD3F8CC300820984703E0019B7C
:105BF400002283F82C209DF8033019460198FFF702
:105C040099FD03461A46019BDA70019BD3F8CC3008
:105C1400002B21D0019BDB78032B03D0019BDB7885
:105C2400042B19D1019B5B79002B15D0019B93F8B0
:105C3400D43083F00103DBB2002B0DD0019B002292
:105C440083F8D620019B012283F8D520019BD3F849
:105C5400CC300720984703E0019B002283F8D5202D
:105C640003AB1022002118460CF056FC00238DF8DB
:105C74000C3000238DF81430019BDB78042B2DD8D5
:105C840001A252F823F000BFD95C0200A15C02001B
:105C9400AF5C0200BD5C0200CB5C020003AB1946A2
:105CA4000198FFF78BFD079019E003AB19460198A3
:105CB400FFF79CFD079012E003AB19460198FFF72C
:105CC400B1FD07900BE003AB19460198FFF7E9FD1E
:105CD400079004E0019B00229A7000E000BF019B42
:105CE400DB78002B0DD0019B93F8242003AB1146E5
:105CF4001846FFF77CFC0790079B002B01D0079BFD
:105D04000CE0019BD3F8CC30002B06D0019BD3F8D8
:105D1400CC30019A9278104698470023184609B06F
:105D24005DF804FB00B585B001900091009B0393DE
:105D3400019B1B881B2B10D01B2B13DC102B02D0B8
:105D4400112B05D00EE001990398FFF78BFC0AE0B4
:105D540001990398FFF795FC05E001990398FFF773
:105D6400BCFC00E000BF00BF05B05DF804FB00B55B
:105D740085B001900091009B0393019B023B012B92
:105D84001BD8039B5B78002B19D0039B00225A700D
:105D9400039BDB7819460398FFF7DEFE0290029B13
:105DA400002B0CD0039BD3F8D030002B07D0039BDF
:105DB400D3F8D0300298984701E000BF00E000BF5C
:105DC40000BF05B05DF804FB75DF704700BF1846DF
:105DD40076DF704700BF18467ADF704700BF184669
:105DE4007BDF704700BF184684B00346ADF8063029
:105DF4000023039316E00F49039A13469B001344B0
:105E04009B000B441B88BDF806209A4207D1039AD5
:105E140013469B0013449B00064A134406E0039B6D
:105E240001330393039B002BE5D00023184604B0F1
:105E3400704700BF2434002082B001900B46ADF8B7
:105E44000230019BBDF802201A80019B00221A72C5
:105E5400019B054903F10A020B4603CB1060516014
:105E640000BF02B0704700BF5434002082B00190DC
:105E7400019B4FF6FF721A8000BF02B0704788B0D2
:105E84000390029111461A460B46ADF806301346AC
:105E9400ADF80430039B9B881A46BDF806301344C2
:105EA4000793039B9B881946039B9B88BDF8062098
:105EB400934228BF13469BB2CB1A0693039BDB88FD
:105EC4001A46BDF8043013440593039BDB88194636
:105ED400039BDB88BDF80420934228BF13469BB282
:105EE400CB1A0493029B5A88039B1B889A4205D3BE
:105EF400029B5A88039B5B889A4201D900231CE0C9
:105F0400029B9B881A46069B934205D8029B9B885A
:105F14001A46079B934201D200230EE0029BDB88C2
:105F24001A46049B934205D8029BDB881A46059BBC
:105F3400934201D2002300E00123184608B07047C1
:105F440000B583B00190064B9B69002B03D0044B32
:105F54009B690198984700BF03B05DF804FB00BF3C
:105F64003834002000B585B003460091ADF8063002
:105F7400BDF8063000991846FFF726FF0390039BEF
:105F8400002B05D0039B112B02D00398FFF7D8FFF9
:105F9400039B002B0CBF01230023DBB2184605B082
:105FA4005DF804FB00B589B00190019B0793079B42
:105FB4009BB21846FFF718FF0690069B002B42D0B1
:105FC400069B1A7A224B1B7B9A4215D2079B9AB2E4
:105FD400069B0A3319461046FFF7C4FF03468DF8A3
:105FE40013309DF81330002B2DD0069B1B7A013300
:105FF400DAB2069B1A7226E0069B00221A72144B30
:106004001B7C002B0FD0079B9BB23B211846FFF74C
:10601400DFFE0590059B002B05D0059B082B02D0C5
:106024000598FFF78DFF0A4B5B69002B0BD000230B
:106034008DF80C30079B9BB2ADF80E30044B5B69B6
:1060440003AA1046984700BF09B05DF804FB00BFDF
:106054003834002030B587B00190019B002B01D16A
:106064000E2353E02B4A019B14461D460FCD0FC44B
:1060740095E8070084E80700264B274A1A60019B2D
:106084001B68002B11D0019B1B681846FFF7A4FE68
:106094000490049B002B01D0049B37E0019B1A68F9
:1060A4001D4B1068516803C308E01B48FFF798FEB6
:1060B4000490049B002B01D0049B27E0002305934C
:1060C40020E0059A13469B0013449B00134A134493
:1060D40003930398FFF7CAFE059B5B01104A1A4419
:1060E400039B5A60039B04330E4A0021184606F0B2
:1060F40041FE0490049B002B01D0032306E0059B82
:1061040001330593059B002BDBD00023184607B011
:1061140030BD00BF38340020543400202434002023
:1061240004340020A95F020000B587B00346009143
:10613400ADF80630009B5B7A002B1AD1009B1B7ACA
:10614400002B03D1164B5B68059302E0144B9B684C
:106154000593009B5B68BDF806200599184606F078
:1061640039FE0490049B002B16D00498FFF7E8FE38
:1061740012E0009B00221A72094B5B69002B0BD0C2
:1061840001238DF80C30BDF80630ADF80E30044B09
:106194005B6903AA1046984700BF07B05DF804FB8B
:1061A4003834002000B585B00190019BDB7B8DF86D
:1061B4000F30019B9B88ADF80C309DF80F30012BFC
:1061C4002CD14FF6FF70FFF70FFE0290029B002BBD
:1061D40003D10420FFF7B4FE21E0BDF80C301946CA
:1061E4000298FFF729FE029B03F10A00019B03F1C9
:1061F40010014FF6FF7340F2F312FFF740FE03461F
:106204001A46029B5A72074BDB89002B07D1BDF853
:106214000C3002991846FFF787FF00E000BF05B075
:106224005DF804FB3834002000B587B00190019B71
:106234009B88ADF81630BDF816301846FFF7D4FD2C
:106244000490049B002B0ED0049B5B68184606F058
:10625400F3FD0390039B002B02D00398FFF770FE1D
:106264000498FFF703FE00BF07B05DF804FB0000CD
:1062740000B587B00190019B06330593059B1A88EE
:10628400194BDB899A422BD1059B5B89022B27D1C1
:10629400019B9B88ADF81230BDF812301846FFF709
:1062A400A3FD0390039B002B1AD0059B0C331846C7
:1062B40000F07BF90346002B06D0BDF81230039999
:1062C4001846FFF731FF0BE0039B5B68184606F0A6
:1062D400B3FD0290029B002B02D00298FFF730FE20
:1062E40000BF07B05DF804FB3834002000B585B06A
:1062F4000190019B9B88ADF80E30BDF80E30184616
:10630400FFF772FD0290029B002B15D0029B03F154
:106314000A00019B03F108014FF6FF7340F2F312E8
:10632400FFF7ADFD03461A46029B5A72BDF80E30C4
:1063340002991846FFF7F8FE00BF05B05DF804FBAC
:1063440000B583B001900091019B1B88502B12D0A3
:10635400502B18DC122B12D0122B14DC102B02D071
:10636400112B04D00FE00198FFF71CFF0CE00198FB
:10637400FFF75AFF08E00198FFF77AFF04E001985D
:10638400FFF7B4FF00E000BF00BF03B05DF804FBFB
:1063940000B585B00346ADF80630164B5B6CDB43A5
:1063A400184608F087F90346ADF80E30BDF80E30F4
:1063B4004FF6FF72934217D0BDF80E300D4A5B00C2
:1063C4001344BDF806209A80BDF8062001230A492B
:1063D4000A4808F091F9BDF8062001230849074846
:1063E40008F08AF9012300E00023184605B05DF89F
:1063F40004FB00BF5C340020A4340020603400207F
:10640400A034002000B585B00346ADF80E30BDF8C9
:106414000E30002200921D220349044808F087F937
:1064240000BF05B05DF804FBA034002060340020F8
:1064340000B583B00346ADF80630BDF8062000234E
:106444000349044808F058F900BF03B05DF804FBA1
:10645400A43400206034002000B5A5B0144B9B6C1C
:10646400DA43134B5B6C1A406B461249184608F02A
:10647400A7F912AB6946442218460CF01BF8002316
:1064840023930BE0239B5B0090336B4433F8443C31
:106494001846FFF7B7FF239B01332393129B239ADC
:1064A4009A42EFD300BF00BF25B05DF804FB00BFE4
:1064B4005C3400206034002000B585B00190009168
:1064C400019B1B881A2B30D01A2B4FDC102B02D0C7
:1064D400112B24D04AE0FFF7BFFF019B9B8818468D
:1064E400FFF756FF034683F00103DBB2002B05D010
:1064F400204AE521042005F007FD37E0019BDB7B02
:10650400022B0CBF012300238DF80F30019B9A88C6
:106514009DF80F301849194808F0EEF826E0019B61
:106524009B881846FFF784FF20E0019B9A88019B13
:106534001B7AC3F30313DBB2012B8CBF01230023AB
:10654400DBB20F490D4808F0D7F8019B9A88019BEC
:106554001B7AC3F30313DBB2022B8CBF012300238A
:10656400DBB20849054808F0C7F800BF00BF05B012
:106574005DF804FBB02A0300A83400206034002036
:10658400AC340020B034002082B00190019B1B7811
:106594001AB2019B01331B781BB21B021BB21343BB
:1065A4001BB29BB2184602B0704700B585B001908B
:1065B4000198FFF7E9FF0346ADF80E30BDF80E3041
:1065C40003F00103002B14BF01230023DBB21846A0
:1065D40005B05DF804FB90DF704700BF18469EDFEE
:1065E400704700BF1846ADDF704700BF184682B041
:1065F4000190019BF7221A80019B17225A80019B6C
:1066040000221A71019B00225A71019BFB229A718C
:10661400019B1B22DA7100BF02B0704700B587B03E
:1066240003460091ADF80630BDF80630009ADB0051
:1066340013441B7BADF80C30BDF80630009ADB0028
:1066440013441B7BADF80E300023ADF8103000234B
:10665400ADF8123003A9BDF8063000221846FFF742
:10666400BAFF0590059B002B0AD0074B1B881B041F
:1066740043F00100BDF80620059B044908F003FD22
:1066840000BF07B05DF804FB802A0020102B030034
:1066940000B587B001900091009B9B88ADF816303F
:1066A400BDF81630DB00019A134406330493019BB2
:1066B4001A79049B9A71009BDB7B012B02D0022B7D
:1066C40005D009E0019B1A88049B1A8004E0019B11
:1066D4005A88049B1A8000BF049B1A88049B5B8819
:1066E4009A4220D9049B1A88BDF8163011461846E0
:1066F400FFF775FF0390039B002B03D1049B01223A
:106704005A7110E0039B112B03D1049B01221A71CF
:1067140009E00D4B1B881B0443F00103039A0B494A
:10672400184608F09FFC049B9A79049BDB799A42F3
:1067340005D9BDF8163001991846FFF76FFF00BF61
:1067440007B05DF804FB00BF802A0020702B030013
:1067540000B583B001900091009B9B88DB00019AF7
:10676400134406331846FFF742FF00BF03B05DF839
:1067740004FB00B587B001900091009B9B88ADF8A5
:106784001630009B5B89ADF81430BDF81630DB0081
:10679400019A134406330493049B1B88BDF8142008
:1067A400934228BF13469AB2049B5A80049B5B8889
:1067B400172B38BF17239AB2049B5A80019B1B697D
:1067C400002B15D0049B5B79002B11D040F6772366
:1067D400ADF80830BDF81630ADF80A30049B5B887C
:1067E400ADF80C30019B1B6902AA11460198984729
:1067F400049B00225A71049B00221A7100BF07B047
:106804005DF804FB00B589B001900091009B9B8862
:10681400ADF81A30009BDB88ADF81830BDF81A309B
:10682400DB00019A134406330593BDF81830172B87
:1068340038BF1723ADF81830059B1B88BDF8182006
:10684400934228BF13469AB2059B5A80059B0022A7
:106854001A71059B1A88BDF81A3011461846FFF7BD
:10686400C2FE0790079B002B09D0144B1B881B0406
:1068740043F00103079A1249184608F0F3FB059BFD
:106884005B79002B16D1019B1B69002B13D040F6BA
:106894007723ADF80C30BDF81A30ADF80E30059BF7
:1068A4005B88ADF81030019B1B6903AA114601985F
:1068B400984700E000BF09B05DF804FB802A00207F
:1068C400B42B030030B593B001900091009B04AC4D
:1068D4001D1D0FCD0FC40FCD0FC40FCD0FC42B68DA
:1068E4002360BDF81030ADF84630BDF81420BDF873
:1068F4004630D1B2019ADB0013440A465A73019B15
:106904001B69002B19D002AB00221A609A804DF645
:106914007A23ADF80830BDF84630ADF80A30BDF83A
:106924004630019ADB0013445B7B8DF80C30019BED
:106934001B6902AA11460198984700BF13B030BDE5
:1069440000B58BB001900091009B04330793079B23
:106954001B88DB00019A134406330693079B9B882C
:106964008DF81730069B9B799DF81720934228BF1A
:1069740013468DF8273003AB00221A605A609DF845
:1069840027309BB2ADF80C309DF827309BB2ADF8A0
:106994000E30079B1B8803A900221846FFF71BFE35
:1069A4000890089B002B09D0064B1B881B0443F05E
:1069B4000103089A0449184608F054FB00BF0BB0C1
:1069C4005DF804FB802A0020F82B030000B585B095
:1069D40001900091019B002B01D10E231DE0019B2E
:1069E400009A1A61019BF7221A80019BF7225A80B0
:1069F400019BFB221A71002303930AE0039BDB0033
:106A0400019A134406331846FFF7F1FD039B013343
:106A14000393039B002BF1D00023184605B05DF8C7
:106A240004FB82B001900B46ADF80230019B002BB1
:106A340001D10E230EE0BDF80230162B03D9BDF8A8
:106A44000230F72B01D9072304E0019BBDF8022093
:106A54001A800023184602B07047000000B587B0C2
:106A640001900091009B0593019B9B88ADF8123027
:106A7400BDF81230002B40F09280019B1B88552BEF
:106A840048D0552B55DC242B32DC102B51DB103B2A
:106A9400142B4ED801A252F823F000BFFB6A020067
:106AA400056B0200376B0200376B0200376B020084
:106AB400376B0200376B0200376B0200376B020042
:106AC400376B0200376B0200376B0200376B020032
:106AD400376B0200376B0200376B0200376B020022
:106AE400376B0200376B02002D6B0200236B020030
:106AF4003A2B0AD01DE001990598FFF7C9FD19E06A
:106B040001990598FFF724FE14E001990598FFF711
:106B140030FE0FE001990598FFF774FE0AE0019931
:106B24000598FFF7CFFE05E001990598FFF708FFE8
:106B340000E000BFBDF81230059ADB0013449B7AD5
:106B4400002B2DD0BDF81230059ADB001344DA88EF
:106B5400BDF8123011461846FFF741FD0390039B20
:106B6400002B0ED1BDF81230059ADB00134400222D
:106B74009A72BDF81230059ADB0013440122DA72CE
:106B84000EE0039B112B0BD0074B1B881B0443F017
:106B94000103039A0549184608F064FA00E000BFAF
:106BA40007B05DF804FB00BF802A0020702B0300AF
:106BB40000B583B00190019B1B681F2B04D90549C4
:106BC4004FF4E870FCF708FC4FF0A043184603B0FC
:106BD4005DF804FB402C030000B585B001900B4622
:106BE4008DF8033001AB1846FFF7E2FF0390019ADA
:106BF400039B02F5E07253F82230019A23F44031EA
:106C0400039B02F5E07243F82210019A039B02F5FC
:106C1400E07253F822109DF803301B04019A1943C3
:106C2400039B02F5E07243F8221000BF05B05DF843
:106C340004FB000000B583B00C4B1B78002B0FD075
:106C44000023019308E0019B022B02D00198FDF779
:106C5400A1FE019B01330193019B032BF3D901E0B6
:106C6400FDF7B2FE00BF03B05DF804FB1C35002045
:106C74002DE9D04F92B003468DF83F300023119395
:106C840000231093C94B1B78002B04D0C74A002360
:106C94001370FFF7CFFF9DF83F30172B00F23982B6
:106CA40001A252F823F000BF0D6D02001B6D02001B
:106CB4001B6D0200B76D0200536E0200CF6E02001E
:106CC400636F0200836F0200936F0200BD6F0200C6
:106CD400DB6F0200F96F02001770020025700200DA
:106CE4002570020025700200257002002570020044
:106CF400B9700200C7700200DB700200EF7002007E
:106D04000971020009710200FFF794FFA84A9DF877
:106D14003F301370FEE10020FDF7F4FD0346002B25
:106D24000DD00020FDF736FE9DF83F30022B02D136
:106D34004FF4E16301E04FF47A6310930BE0002019
:106D4400FDF70EFE9DF83F30022B01D1C82301E070
:106D54004FF4C8731093964A9DF83F301370954CC6
:106D6400109B0022009301924FF000024FF00003A9
:106D7400DDE900673946CB03314643EA51433146E6
:106D8400CA0312F5FA71029143F1000303934FF41D
:106D94007A724FF00003DDE902010AF009FB0246B2
:106DA4000B46134600221946204606F013F81190AC
:106DB400B0E10020FDF7A6FD0346002B0DD0002016
:106DC400FDF7E8FD9DF83F30032B02D14FF44873E3
:106DD40001E04FF47A6310930BE00020FDF7C0FD4F
:106DE4009DF83F30032B01D1C82301E04FF4C87351
:106DF40010936F4A9DF83F3013706E4C109B002225
:106E0400049305924FF000024FF00003DDE904679C
:106E14003946CB03314643EA51433146CA0312F59E
:106E2400FA71069143F1000307934FF47A724FF01D
:106E34000003DDE906010AF0BBFA02460B461346DD
:106E440000221946204605F0C5FF119062E100209A
:106E5400FDF758FD0346002B06D00020FDF79AFDF0
:106E64004FF47A63109305E00020FDF779FD4FF4A9
:106E7400C87310934E4A9DF83F3013704D4C109BCD
:106E840000229A4693464FF000024FF000034FEA67
:106E9400CB3343EA5A434FEACA3212F5FA710891E6
:106EA40043F1000309934FF47A724FF00003DDE9D4
:106EB40008010AF07DFA02460B46134600221946E1
:106EC400204605F087FF119024E10020FDF71AFD0C
:106ED4000346002B0CD00020FDF75CFD9DF83F30ED
:106EE400052B01D1C82301E04FF47A6310930BE022
:106EF4000020FDF735FD9DF83F30052B01D1C82357
:106F040001E04FF4C8731093294A9DF83F30137081
:106F1400284C109B0022984691464FF000024FF0F7
:106F240000034FEAC93343EA58434FEAC83212F523
:106F3400FA710A9143F100030B934FF47A724FF004
:106F44000003DDE90A010AF033FA02460B46134650
:106F540000221946204605F03DFF1190DAE000209A
:106F6400FDF758FD124A9DF83F301370114B002273
:106F740040F6CD41184605F02DFF1190CAE00020DF
:106F8400FDF7EEFC0A4A9DF83F301370C2E0074B50
:106F940001221A700120FDF73DFD064B002240F648
:106FA400CD41184605F016FF1190B3E015350020C9
:106FB4001435002020350020594B01221A7001207D
:106FC400FDF728FD574B00224FF48041184605F089
:106FD40001FF11909EE0524B01221A700120FDF72F
:106FE40019FD504B002240F6CD41184605F0F2FE43
:106FF40011908FE04A4B01221A700120FDF70AFD1F
:10700400484B00224FF48041184605F0E3FE1190EE
:1070140080E0FDF7ECFC444A9DF83F30137079E0C2
:10702400424B184605F008FF11909DF83F30C3F11C
:1070340011031093109B002B35D0119B002B32D1E0
:10704400109B012B28D9394C109B9BB21A46C8239C
:1070540002FB03F3DA171E4617464FF000024FF007
:107064000003FB0343EA5643F20312F5FA710C9151
:1070740043F100030D934FF47A724FF00003DDE9FE
:107084000C010AF095F902460B46134600221946F4
:10709400204605F09FFE11900220FDF761FC244B71
:1070A40001221A7036E00220FDF774FC204B002206
:1070B4001A702FE0FFF7BEFD1B4A9DF83F30137096
:1070C40028E0FFF7B7FD0020FDF74AFC164A9DF8BB
:1070D4003F3013701EE0FFF7ADFD0120FDF740FCCB
:1070E400114A9DF83F30137014E0FFF7A3FD002010
:1070F400FDF736FC0120FDF733FC0B4A9DF83F30C9
:10710400137007E0FDF773FC074A9DF83F301370D6
:1071140000E000BF119B184612B0BDE8D08F00BF3D
:10712400153500202035002014350020403500207E
:107134001C35002000B585B003468DF807300023C8
:107144000393084B1B6803F00103002B05D09DF843
:1071540007301846FFF78CFD0390039B184605B0D3
:107164005DF804FB1835002084B001900B468DF8BF
:10717400033013468DF8023000230393019B032B45
:107184003CD89DF80230012B0BD19DF80330012B24
:1071940004D1019BDBB20E33DBB200E000238DF897
:1071A40002309DF80330022B0FD0022B23DC002B7E
:1071B40016D0012B1FD11449019A13465B001344C6
:1071C4000B449DF802201A701AE00F49019A1346E5
:1071D4005B0013440B4401339DF802201A700FE046
:1071E4000949019A13465B0013440B4402339DF88A
:1071F40002201A7004E00723039301E0072303939A
:10720400039B184604B070476035002000B583B076
:1072140001900198FDF718FC034603211846FFF777
:10722400DBFC0023184603B05DF804FB00B583B013
:10723400012200210020FFF797FF0190019B002B02
:1072440004D0019B072B01D0019B1CE007220221E3
:107254000120FFF789FF0190019B002B04D0019BC3
:10726400072B01D0019B0EE0042202210020FFF72E
:107274007BFF0190019B002B04D0019B072B01D0C5
:10728400019B00E00023184603B05DF804FB00B541
:1072940083B0012202210020FFF766FF0190019BC9
:1072A400002B04D0019B072B01D0019B1CE007227B
:1072B40002210120FFF758FF0190019B002B04D00D
:1072C400019B072B01D0019B0EE00A220021002024
:1072D400FFF74AFF0190019B002B04D0019B072B71
:1072E40001D0019B00E00023184603B05DF804FBC5
:1072F40000B583B00020FFF789FF0190019B002BAC
:1073040004D0019B062B01D0019B0CE00120FFF768
:107314007DFF0190019B002B04D0019B062B01D023
:10732400019B00E00023184603B05DF804FB000055
:1073340000B585B001900091019B1B88102B02D0F1
:10734400112B18D02FE01A4B1B68002B0DD1FFF71F
:107354006DFF0390039B002B07D0164B1B68002B7B
:1073640003D0144B1B6803989847114B1B680133D7
:107374000F4A136017E00E4B1B68013B0C4A136065
:107384000B4B1B68002B0DD1FFF781FF0390039B70
:10739400002B07D0074B1B68002B03D0054B1B6841
:1073A4000398984700BF00BF05B05DF804FB00BF19
:1073B400703500206C35002010B586B00346ADF85A
:1073C40006300023ADF8163000230493594B1B6894
:1073D40000225A74574B1B6800229A76554B1B683F
:1073E40000221A83534B1B6800229A62514B1B687C
:1073F4000022DA624F4B1B6800221A634D4B1B6854
:1074040000225A6300F09AF803464B4A934202D092
:107414004FF0FF338AE000F00FFF002000F042FD40
:1074240004220021242000F064FB1E2000F0B8FB9D
:107434000346ADF81630BDF816301B0A9AB23D4B20
:107444001B68D2B25A72042000F0AAFB0490049B79
:10745400DBB2002B0DD0022212212D2000F049FBBB
:10746400344B1B681A8B334B1B6842F4805292B224
:107474001A83304B1C68062000F092FB03462360FD
:107484002C4B1C68072000F08BFB03466360BDF89F
:107494001630DAB2274B1B6802F01F02D2B21A74FC
:1074A400244B1B681B7C002B03D1224B1B6810222E
:1074B4001A74204B1B681B7C184600F0E1FEBDF8D3
:1074C400063003F00103002B0BD000F0B3FB194B83
:1074D4001B681A8B174B1B6842F4006292B21A8322
:1074E40013E00521362000F0D3FA0346ADF80E3040
:1074F400BDF80E3023F40073ADF80E30BDF80E3035
:107504001A460521362000F008FB012000F0CAFCD1
:1075140000220A212C2000F0ECFA064B1C68002102
:10752400042000F091FA034663610023184606B074
:1075340010BD00BF302B00203001CADE08B5002189
:10754400002000F081FA0346184608BD00B587B054
:10755400019000238DF8173000238DF81630019B1D
:107564001B788DF81330019B5B791A46AC4B33F8CA
:107574001230ADF81430019B5B78013B8DF812306A
:107584009DF81330042B03D09DF81330072B01D141
:10759400012300E000238DF81130019BDB79002BDF
:1075A4000DD1A04B1B685A699E4B1B6842F48002A4
:1075B4005A61BDF81430DB08ADF8143007E0994B7C
:1075C4001B685A69974B1B6822F480025A61954BD9
:1075D4001B68019A127A1A72924B1B685A69914B72
:1075E4001B6822F440325A618E4B1B685969019B17
:1075F4001B7A1B0403F440328A4B1B680A435A610A
:10760400884B1B685B691A460021042000F0A4FA29
:10761400BDF814301A4642F604012E2000F07DFA1B
:107624009DF81230184600F0E6FA9DF813307E4AB1
:10763400D35C1A467D4B53F822301A4607212B207F
:1076440000F08AFA9DF81330774AD35C1A46784BD7
:107654009B5C1A460B212B2000F04BFA9DF811304D
:10766400744AD35C1A460B21282000F042FA9DF894
:1076740013306D4AD35C1A466F4B53F822301A46C6
:107684000C21282000F068FA019BDB791846019B45
:107694009B791946694A43000B4432F813301A4661
:1076A4000221272000F039FA9DF81230644A32F89A
:1076B40013301A460421272000F02FFA019BDB79AE
:1076C400002B05D164220621272000F026FA18E0B9
:1076D400019B9B78042B0AD110220621272000F05D
:1076E4001CFA10222621272000F003FA09E02022A8
:1076F4000621272000F011FA28222621272000F055
:10770400F8F99DF81230019AD27811464D4A9B003F
:107714000B4452F823301A460821272000F01CFAA3
:10772400019B5B89002B03D1019B41F241025A81E9
:10773400019B5B891A462021272000F0EEF9424B79
:107744001B681A460C21232000F006FA9DF812301B
:107754003D4A5B0013449B881A460421232000F011
:10776400DCF9019B9B79002B0FD0019BDB791A4636
:10777400364B9B5C1A460021212000F0BAF9032302
:107784008DF8173001238DF816309DF8133003F06F
:107794000F029DF813301B01DBB21A43019B5B7887
:1077A4009B0403F440231A439DF817301B0503F48C
:1077B40040131A439DF816305B0403F400331A4354
:1077C400019B1B799B0503F0F8631A43019B5B79CA
:1077D400DB0613430393039A00211F2000F0BCF936
:1077E400019B9A78019B5B781343DBB21A04019BDB
:1077F400DB795B031A430B4B1B68DA60094B1B688C
:10780400DB681A460021082000F0A6F94222002174
:107814000D2000F06EF900BF07B05DF804FB00BF57
:10782400F82C0300302B0020782C0300982C030044
:10783400B02C0300B82C0300802C0300C82C0300D8
:10784400D42C0300D82C0300BC2C0300C42C03004C
:1078540000B583B00346ADF80630BDF806301A46CD
:1078640041F604012E2000F058F900BF03B05DF882
:1078740004FB00B583B00346ADF80630BDF806300E
:107884001A460021182000F048F900BF03B05DF843
:1078940004FB00B583B001900B46ADF802301346EB
:1078A400ADF80030BDF80220BDF80010019B112096
:1078B40000F06FF800BF03B05DF804FB00B583B0BF
:1078C4000190019B05220021152000F062F800BF01
:1078D40003B05DF804FB00B587B002920193034640
:1078E400ADF80E300B46ADF80C3000230593BDF80F
:1078F4000C30002B0DD1BDF80E30DAB2059B591CAB
:10790400059162F07F02D2B218336B4403F8082C5D
:1079140034E0BDF80E30DAB2059B591C059162F0D3
:107924003F02D2B218336B4403F8082CBDF80C3074
:107934007F2B0AD8059B5A1C0592BDF80C20D2B2A5
:1079440018336B4403F8082C18E0BDF80C30DAB295
:10795400059B591C059162F07F02D2B218336B4427
:1079640003F8082CBDF80C30DB0999B2059B5A1CAE
:107974000592CAB218336B4403F8082C059B98B2DD
:1079840004A9019B029A00F02DFE00BF07B05DF828
:1079940004FB00B587B0029201930346ADF80E30A4
:1079A4000B46ADF80C3000230593BDF80C30002BCA
:1079B4000AD1059B5A1C0592BDF80E20D2B2183389
:1079C4006B4403F8082C34E0BDF80E30DAB2059BA2
:1079D400591C059142F04002D2B218336B4403F8AB
:1079E400082CBDF80C307F2B0AD8059B5A1C059235
:1079F400BDF80C20D2B218336B4403F8082C18E0FD
:107A0400BDF80C30DAB2059B591C059162F07F0277
:107A1400D2B218336B4403F8082CBDF80C30DB09E0
:107A240099B2059B5A1C0592CAB218336B4403F8E9
:107A3400082C059B98B204A9019B029A00F030FD22
:107A440000BF07B05DF804FB00B587B0019000915A
:107A540000230593019B98B2009B99B203AB0422C7
:107A6400FFF797FF032304930AE0059B1B0203A976
:107A7400049A0A44127813440593049B013B04932B
:107A8400049B002BF1DA059B184607B05DF804FB54
:107A940000B585B0019000910023ADF80E30019B34
:107AA40098B2009B99B203AB0222FFF772FF9DF8D4
:107AB4000D301B029BB29DF80C201344ADF80E3020
:107AC400BDF80E30184605B05DF804FB00B585B06E
:107AD40001900091019B98B2009B99B20DF10F03A4
:107AE4000122FFF756FF9DF80F30184605B05DF8E8
:107AF40004FB00B585B00390029113468DF807305E
:107B0400039B98B2029B99B20DF107030122FFF780
:107B1400E2FE00BF05B05DF804FB00B587B003903A
:107B240002911346ADF80630BDF80630DBB28DF88D
:107B34001430BDF806301B0A9BB2DBB28DF8153049
:107B4400039B98B2029B99B205AB0222FFF7C3FED6
:107B540000BF07B05DF804FB00B587B00390029145
:107B64000192002305930CE0019BD9B204AA059B62
:107B740013440A461A70019B1B0A0193059B0133A7
:107B84000593059B032BEFDD039B98B2029B99B2EF
:107B940004AB0422FFF79FFE00BF07B05DF804FBAF
:107BA40000B585B00190019B9BB21A4604212D209B
:107BB400FFF7B3FF032206212D20FFF79AFF0022CF
:107BC40006212D20FFF795FF0A212D20FFF73CFF0A
:107BD4000390039B184605B05DF804FB08B500222A
:107BE40002212C20FFF785FF022202212C20FFF71F
:107BF40080FF00BF08BD00B583B001906D2240F640
:107C040006012E20FFF775FF019B002B07D040F2E1
:107C1400076241F606012E20FFF77FFF06E041F2DE
:107C2400076241F606012E20FFF777FF00BF03B07D
:107C34005DF804FB08B50E2000F034F94FF400425F
:107C440006212D20FFF769FF012000F0C9FD012066
:107C540000F028F900BF08BD00B585B001900021EF
:107C64001A20FFF7F1FE0390039B1B0D1B050393E2
:107C7400019BC3F31303039A13430393039A002151
:107C84001A20FFF769FF00BF05B05DF804FB000090
:107C940084B00390029101920093094B1B68039AEC
:107CA4009A62074B1B68029ADA62054B1B68019AB9
:107CB4001A63034B1B68009A5A6300BF04B07047F1
:107CC400302B002010B584B0744B1C6800210F20A9
:107CD400FFF7BAFE0346E361E3690293029B03F4F0
:107CE4008043002B73D04FF4DE4200210F20FFF7B6
:107CF40033FF6A4B1B68002283F8242000211020E4
:107D0400FFF7C6FE0346ADF80630BDF80630C3F3F0
:107D14000903ADF80E30614B1B681B7A002B05D1AB
:107D2400BDF80E3003F07F03ADF80E305B4B1B68DB
:107D3400BDF80E201A84BDF90630002B0ADA574B21
:107D44001B6893F82420554B1B6842F00102D2B201
:107D540083F82420514B1B68223302220021112076
:107D6400FFF717FE029B03F00803002B18D04B4BC0
:107D74001B6893F8223003F02003002B10D1082253
:107D840000210F20FFF7E8FE444B1B68DA69434BE0
:107D94001B6822F00802DA61404B1B6800229A76C5
:107DA4003E4B1B68DB6A002B07D03C4B1B68DB6A2D
:107DB4003A4A12681C3210469847384B1B685B7C61
:107DC400002B04D0012203210D20FFF792FE029B19
:107DD40003F08003002B1FD0F82200210F20FFF7AF
:107DE400BBFE029B03F00803002B08D02B4B1B683F
:107DF4009B7E002B03D000F00DF900F00FFA274B07
:107E04001B689B6A002B07D0244B1B689B6A234A80
:107E140012681C3210469847029B03F40813002B87
:107E24001AD04FF4003200210F20FFF795FE1B4BB0
:107E34001B6800229A7600F0EDF800F0EFF9174B7A
:107E44001B681B6B002B07D0144B1B681B6B134A5E
:107E540012681C3210469847029A114B1340002BAB
:107E640019D00F4A00210F20FFF776FE0B4B1B6839
:107E740000229A7600F0CEF800F0D0F9074B1B6888
:107E84005B6B002B07D0054B1B685B6B034A1268C6
:107E94001C321046984700BF04B010BD302B0020A0
:107EA4000090052400B585B0019003AB02220021A7
:107EB4003620FFF76EFD019B0E2B00F28D8001A290
:107EC40052F823F01B7F0200057F0200357F020079
:107ED400DD7F0200DD7F0200DD7F0200DD7F020026
:107EE4004F7F0200777F0200DD7F0200DD7F02000A
:107EF400957F0200A57F0200B57F0200CF7F0200BC
:107F040000238DF80C309DF80D3023F00103DBB213
:107F14008DF80D3061E09DF80C305BB223F0030363
:107F24005BB243F001035BB2DBB28DF80C3054E07A
:107F34009DF80C305BB223F003035BB243F0020301
:107F44005BB2DBB28DF80C3047E09DF80C305BB2CD
:107F540023F04C035BB243F048035BB2DBB28DF811
:107F64000C309DF80D3063F07F03DBB28DF80D30DB
:107F740033E09DF80C3023F04C03DBB28DF80C3069
:107F84009DF80D3003F07F03DBB28DF80D3024E053
:107F94009DF80D3043F00203DBB28DF80D301CE088
:107FA4009DF80D3023F00203DBB28DF80D3014E0A0
:107FB4009DF80C305BB223F030035BB243F0200336
:107FC4005BB2DBB28DF80C3007E001238DF80C3086
:107FD40003238DF80D3000E000BF03AB0122002124
:107FE4003620FFF778FC03AB013301220121362050
:107FF400FFF771FC00BF05B05DF804FB08B5002075
:10800400FFF750FF002204213620FFF786FD00BF52
:1080140008BD000000B583B000210E20FFF714FD59
:10802400019000F0E7FB0090002200210E20FFF7F2
:1080340093FD402200210D20FFF75BFD0B4A002138
:108044000F20FFF789FD00F015F8019A00210E209A
:10805400FFF782FD009800F0D0FB054B1B6800225F
:108064009A7600BF03B05DF804FB00BFF8FF272435
:10807400302B002000B583B003210F20FFF726FD2D
:1080840003468DF807309DF807209DF807305B0004
:10809400534003F08003002B04D0012203210D2060
:1080A400FFF727FD00BF03B05DF804FB00B585B002
:1080B4000190019B03F00403002B01D1FFF7DAFFC9
:1080C4004FF48073ADF80E30019B03F00103002BD5
:1080D40005D0BDF80E3043F40073ADF80E30BDF892
:1080E4000E301A4600210D20FFF717FD019B03F007
:1080F4000103002B1CD003210F20FFF7E7FC0346EC
:108104008DF80D309DF80D3003F00803002B0FD0CF
:10811400FFF780FF019B03F00203002B05D14FF40E
:10812400807200210D20FFF7F8FC4FF0FF3300E0D0
:108134000023184605B05DF804FB000000B585B0C7
:108144000346ADF8063003210420FFF7BFFC0346C5
:108154008DF80F30BDF80630002B1CD0BDF806306A
:108164001A4600210C20FFF7D8FC9DF80F3043F08D
:1081740010038DF80F30144B1B685A69124B1B689F
:1081840042F080525A619DF80F301A4603210420B0
:10819400FFF7AFFC14E09DF80F3023F010038DF8C7
:1081A4000F30094B1B685A69074B1B6822F0805239
:1081B4005A619DF80F301A4603210420FFF799FCF9
:1081C40000BF05B05DF804FB302B002000B585B07E
:1081D40001900B468DF8033000F00CFB0290002157
:1081E4000E20FFF731FC03909DF80330002B04D0E0
:1081F400039A019B1343039304E0019BDB43039A1B
:1082040013400393039A00210E20FFF7A5FC029864
:1082140000F0F3FA00BF05B05DF804FB08B5E022F6
:1082240003213620FFF765FCF02203213620FFF7F7
:1082340060FC00BF08BD000008B5FFF7DFFE0022A8
:1082440000212C20FFF769FC002206212C20FFF7D7
:1082540050FCFFF7C3FC002203213620FFF749FC42
:10826400012000F0BDFAF02203213620FFF741FC83
:10827400024B1B6800229A7600BF08BD302B0020F9
:1082840000B585B003468DF807309DF9073003F03B
:108294001F035BB243F060035BB28DF80F309DF8AF
:1082A4000F301A460E212B20FFF723FC00BF05B028
:1082B4005DF804FB00B583B00190019B1B681F2B84
:1082C40004D905494FF4E870FBF786F84FF0A04352
:1082D400184603B05DF804FB2C2D030000B585B0EF
:1082E4000190084611461A4603468DF803300B46A2
:1082F4008DF8023013468DF8013001AB1846FFF7B4
:10830400D9FF03909DF803209DF802305B001A43C7
:108314009DF801309B001A439DF818301B0242EA75
:1083240003019DF81C301B04019A1943039B02F5B9
:10833400E07243F8221000BF05B05DF804FB00B5FD
:1083440085B00390002301930023009300230122AE
:1083540001210398FFF7C2FF00BF05B05DF804FBDD
:1083640000B585B003900B468DF80B309DF80B30AB
:108374000022019200220092002200210398FFF7BC
:10838400ADFF00BF05B05DF804FB00B585B00190FA
:1083940001AB1846FFF78EFF0390019B012202FAFE
:1083A40003F31946039800F004F800BF05B05DF824
:1083B40004FB82B001900091019B009AC3F80C2544
:1083C40000BF02B07047000084B00190244B0393B7
:1083D400019B002B40D0234B1A680399019B00BFDB
:1083E40000BF00BF00BF00BF00BF00BF00BF8A4284
:1083F4002FD000BF00BF00BF00BF00BF00BF00BF41
:1084040000BF00BF00BF00BF00BF00BF00BF00BF70
:1084140000BF00BF00BF00BF00BF00BF00BF00BF60
:1084240000BF00BF00BF00BF00BF00BF00BF00BF50
:1084340000BF00BF00BF00BF00BF00BF00BF00BF40
:1084440000BF00BF00BF00BF00BF00BF00BF00BF30
:1084540000BF013BC3D1019300BF04B0704700BF0C
:108464000024F400342B002000B583B00190019B5C
:108474004FF47A7202FB03F31846FFF7A5FF00BF1F
:1084840003B05DF804FB000082B001900091034B3F
:1084940001221A7000BF02B0704700BFAC35002043
:1084A4002DE9F04F8FB002AF3961FA60BB6003462B
:1084B400FB826B461E460023FB62FB8AFA68134468
:1084C400FB62F96A0B46013BBB62002339607B60A7
:1084D4004FF000024FF000037868C300386843EAA5
:1084E40050733868C20000238A469B464FF000024E
:1084F4004FF000034FEACB0343EA5A734FEACA0230
:10850400CB1DDB08DB00ADEB030D02AB00337B625C
:10851400F96A0B46013B3B620023884699464FF0BB
:1085240000024FF000034FEAC90343EA58734FEACD
:10853400C80200230C461D464FF000024FF0000312
:10854400EB0043EA5473E200CB1DDB08DB00ADEB28
:10855400030D02AB0033FB61FA6A0021786A09F06B
:10856400DBFFFA6A0021F86909F0D6FF7B6ABB6178
:10857400FB8A1A463969B86909F09CFFFB8ABA6913
:108584001344BB61FA680021B86909F0C5FF134BB5
:1085940000221A70FB6ADAB2FB6ADBB20093FB6951
:1085A400796A0F4802F014F900BF0C4B1B78DBB258
:1085B40083F00103DBB2002BF7D1FB8AFA69134481
:1085C400BB61FA68B969B86809F074FF0023B5465D
:1085D40018463437BD46BDE8F08F00BFAC350020E7
:1085E400C02D03002DE9F04F8FB002AF3961FA605E
:1085F400BB600346FB826B461E460023FB62FB8A7C
:10860400FA681344FB62F96A0B46013BBB62002320
:1086140039607B604FF000024FF000037868C300BC
:10862400386843EA50733868C20000238A469B4680
:108634004FF000024FF000034FEACB0343EA5A73B2
:108644004FEACA02CB1DDB08DB00ADEB030D02AB26
:1086540000337B62F96A0B46013B3B620023884688
:1086640099464FF000024FF000034FEAC90343EA72
:1086740058734FEAC80200230C461D464FF000020F
:108684004FF00003EB0043EA5473E200CB1DDB0818
:10869400DB00ADEB030D02AB0033FB61FA6A002192
:1086A400786A09F039FFFA6A0021F86909F034FFA1
:1086B4007B6ABB61FB8A1A463969B86909F0FAFE1C
:1086C400FB8ABA691344BB61FA68B968B86909F0EE
:1086D400F1FE0E4B00221A70FB6ADAB2FB6ADBB2BF
:1086E4000093FB69796A0A4802F072F800BF074BED
:1086F4001B78DBB283F00103DBB2002BF7D100233C
:10870400B54618463437BD46BDE8F08FAC35002079
:10871400C02D030008B51820FFF711FE1820FFF73D
:1087240034FE0220FFF7A0FE00211820FFF718FEF8
:108734000220FFF799FE00BF08BD000010B586B007
:108744000E4B01AC0FCB84E80F0011238DF80730DA
:1087540001A900230A4A0B4801F034FF0590059B48
:10876400002B04D0084AD421059803F0CDFB022045
:10877400FFF77AFE00BF06B010BD00BFA02D0300B6
:108784008D840200C02D0300642D030010B586B053
:108794000F4801F0E3FF0F4B01AC0FCB84E80F004F
:1087A40011238DF8073001A900230B4A084801F072
:1087B40009FF0590059B002B04D0084AE021059889
:1087C40003F0A2FB0220FFF74FFE00BF06B010BD6E
:1087D400C02D0300B02D03008D840200642D03001E
:1087E40000B583B001900198FFF73EFE00BF03B0CF
:1087F4005DF804FB00231846704782B0019000BF67
:1088040002B07047BFF34F8F00BF074BDB6803F420
:10881400E0620549054B1343CB60BFF34F8F00BFA4
:1088240000BF00BFFCE700BF00ED00E00400FA0554
:10883400024B034A1A6000BF704700BF342B00206C
:108844000090D00308B500F05DF90346002B06D074
:108854009B4B1B681B0A9B4A03F01F03136000F029
:108864007DF90346002B02D0974B984A1A6000F01A
:1088740091F90346002B06D0954B1B685B0B954A78
:1088840003F00703136000F0B1F90346002B05D091
:10889400914BDB68904A23F08073D36000F0C2F9F7
:1088A4000346002B0ED04FF080430022C3F80C2166
:1088B4004FF080430022C3F810214FF08043002280
:1088C400C3F8382500F0DAF90346002B02D0834BB5
:1088D40003221A6000F0EEF90346002B0BD0804B04
:1088E40005221A607F4B01221A607F4B00221A6016
:1088F4007E4B3F221A6000F0F9F90346002B76D034
:108904004FF080537A4AD3F80434C2F820354FF03C
:108914008053774AD3F80834C2F824354FF0805393
:10892400734AD3F80C34C2F828354FF08053704A98
:10893400D3F81034C2F82C354FF080536C4AD3F876
:108944001434C2F830354FF08053694AD3F81834E0
:10895400C2F834354FF08053654AD3F81C34C2F85A
:1089640040354FF08053624AD3F82034C2F844357E
:108974004FF080535E4AD3F82434C2F848354FF0A0
:1089840080535B4AD3F82834C2F84C354FF08053F7
:10899400574AD3F82C34C2F850354FF08053544A18
:1089A400D3F83034C2F854354FF08053504AD3F8DA
:1089B4003434C2F860354FF080534D4AD3F838341C
:1089C400C2F864354FF08053494AD3F83C34C2F8B6
:1089D40068354FF08053464AD3F84034C2F86C35BA
:1089E4004FF08053424AD3F84434C2F8703500F053
:1089F40099F90346002B05D03E4B1B683E4A03F011
:108A04004F03136000F0BAF90346002B0DD04FF06A
:108A14008043D3F8003403F00103002B05D04FF05A
:108A240080436FF00102C3F80024344BD3F888303C
:108A3400324A43F47003C2F88830BFF34F8F00BF4B
:108A4400BFF36F8F00BF4FF01023D3F80032002B19
:108A540005DB4FF01023D3F80432002B2BDA284B1C
:108A64000122C3F8042500BF254BD3F80034002BA2
:108A7400FAD04FF010231522C3F8002200BF204B78
:108A8400D3F80034002BFAD04FF010231522C3F88A
:108A9400042200BF1A4BD3F80034002BFAD0184B31
:108AA4000022C3F8042500BF154BD3F80034002B73
:108AB400FAD0FFF7A7FEFFF7BBFE00BF08BD00BF5B
:108AC400240300104035014074C007400DF0ADBAD6
:108AD400440200103C050040F0ED00E0A005004019
:108AE4001056004088560040185600401456004066
:108AF40000C0004058020010E40E004000ED00E009
:108B040000E00140124B1B68DBB2062B1DD1114B58
:108B14001B6803F00F03002B17D10F4B1B6803F0E6
:108B2400F003302B01D1012310E00B4B1B6803F041
:108B3400F003402B01D1012308E0074B1B6803F02D
:108B4400F003502B01D1012300E0002318467047A5
:108B5400E00F00F0E40F00F0E80F00F00A4B1B6890
:108B6400DBB2062B0DD1094B1B6803F00F03002B5E
:108B740007D1074B1B6803F0F003302B01D101230D
:108B840000E0002318467047E00F00F0E40F00F007
:108B9400E80F00F0124B1B68DBB2062B1DD1114B02
:108BA4001B6803F00F03002B17D10F4B1B6803F056
:108BB400F003302B01D1012310E00B4B1B6803F0B1
:108BC400F003402B01D1012308E0074B1B6803F09D
:108BD400F003502B01D1012300E000231846704715
:108BE400E00F00F0E40F00F0E80F00F00A4B1B6800
:108BF400DBB2062B0DD1094B1B6803F00F03002BCE
:108C040007D1074B1B6803F0F003302B01D101237C
:108C140000E0002318467047E00F00F0E40F00F076
:108C2400E80F00F0124B1B68DBB2062B1DD1114B71
:108C34001B6803F00F03002B17D10F4B1B6803F0C5
:108C4400F003302B01D1012310E00B4B1B6803F020
:108C5400F003402B01D1012308E0074B1B6803F00C
:108C6400F003502B01D1012300E000231846704784
:108C7400E00F00F0E40F00F0E80F00F00A4B1B686F
:108C8400DBB2062B0DD1094B1B6803F00F03002B3D
:108C940007D1074B1B6803F0F003302B01D10123EC
:108CA40000E0002318467047E00F00F0E40F00F0E6
:108CB400E80F00F00A4B1B68DBB2062B0DD1094B01
:108CC4001B6803F00F03002B07D1074B1B6803F04D
:108CD400F003302B01D1012300E000231846704734
:108CE400E00F00F0E40F00F0E80F00F00A4B1B68FF
:108CF400DBB2062B0DD1094B1B6803F00F03002BCD
:108D040007D1074B1B6803F0F003502B01D101235B
:108D140000E0002318467047E00F00F0E40F00F075
:108D2400E80F00F0124B1B68DBB2062B1DD1114B70
:108D34001B6803F00F03002B17D10F4B1B6803F0C4
:108D4400F003302B01D1012310E00B4B1B6803F01F
:108D5400F003402B01D1012308E0074B1B6803F00B
:108D6400F003502B01D1012300E000231846704783
:108D7400E00F00F0E40F00F0E80F00F0124B1B6866
:108D8400DBB2062B1DD1114B1B6803F00F03002B24
:108D940017D10F4B1B6803F0F003302B01D10123D3
:108DA40010E00B4B1B6803F0F003402B01D10123AF
:108DB40008E0074B1B6803F0F003502B01D101239B
:108DC40000E0002318467047E00F00F0E40F00F0C5
:108DD400E80F00F0A0DF704700BF1846A2DF70471D
:108DE40000BF1846A6DF704700BF184662DF704711
:108DF40000BF184682B001900091009B9A88019BA5
:108E04009A8200BF02B0704782B001900091019B2A
:108E14004FF6FF729A8200BF02B0704700B589B066
:108E240001900091009B06330793019B0493079BD9
:108E34001A88019B1B899A421ED1079B5B89022BCE
:108E44001AD1079B0C331846FDF7AFFB0346002BE2
:108E540006D0019B01229A7502238DF80C3005E09F
:108E6400019B00229A7503238DF80C30019B9B69AA
:108E740003AA1046984718E0079B1A88019B9B8910
:108E84009A4212D1019B9B69002B0ED0079B0C3395
:108E94000593079B5B89ADF8183000238DF80C30DF
:108EA400019B9B6903AA1046984700BF09B05DF86F
:108EB40004FB00B593B0019000910AAB032200219A
:108EC400184609F029FB9DF82830012262F30303B8
:108ED4008DF828309DF82830012262F307138DF8AD
:108EE40028309DF82930012262F303038DF82930DC
:108EF4009DF82930012262F307138DF829309DF87B
:108F04002A30012262F342038DF82A300BAB1C2273
:108F14000021184609F000FB9DF82C3043F01003A3
:108F24008DF82C3000230C9300230E9300230F9311
:108F34000AAB109300231193019B1B788DF8123018
:108F44000323ADF8103003AB03220021184609F0C7
:108F5400E3FA9DF80C30012262F303038DF80C3020
:108F64009DF80C30012262F307138DF80C309DF844
:108F74000D30012262F303038DF80D309DF80D309E
:108F8400012262F307138DF80D309DF80E30012293
:108F940062F342038DF80E309DF80E3023F008037F
:108FA4008DF80E309DF80E3023F010038DF80E303E
:108FB4009DF80E3043F001038DF80E3005AB1422FA
:108FC4000021184609F0A8FA04AB059303AB0693F5
:108FD4000123ADF81C300023ADF81E30F423ADF8A6
:108FE4002030019B5888019B043305AA0BA9FFF785
:108FF400F5FE0346184613B05DF804FB00B591B0C6
:109004000190009109AB1C220021184609F084FA52
:109014009DF8243043F008038DF824309DF8243063
:1090240043F004038DF8243000230A9300230C93A7
:1090340000230D9300230E9300230F93019B1B78B1
:109044008DF80E300223ADF80C3002AB0322002160
:10905400184609F061FA9DF80830012262F303030F
:109064008DF808309DF80830012262F307138DF85B
:1090740008309DF80930012262F303038DF80930AA
:109084009DF80930012262F307138DF809309DF829
:109094000A30012262F342038DF80A309DF80A3047
:1090A40023F008038DF80A309DF80A3023F01003EA
:1090B4008DF80A309DF80A3043F001038DF80A3028
:1090C40004AB14220021184609F026FA03AB0493DA
:1090D40002AB05930123ADF818300023ADF81A3024
:1090E400F423ADF81C30019B5888019B0C3304AA6F
:1090F40009A9FFF773FE0346184611B05DF804FB97
:1091040000B589B001900091009B002B33D0019BE6
:10911400002B30D0009B0793019B1B88572B19D041
:10912400572B2ADC502B10D0502B26DC102B02D0CE
:10913400112B05D021E001990798FFF75BFE1DE094
:1091440001990798FFF760FE18E001990798FFF767
:1091540065FE13E003AB00221A605A609A60DA607D
:1091640001238DF80C30079B0493079B9B6903AA8A
:109174001046984702E000BF00E000BF09B05DF868
:1091840004FB000010B588B001900091284B02AC9C
:109194000FCB84E80F00019B002B01D10E2344E088
:1091A400009B002B01D10E233FE0019B4FF6FF7281
:1091B4009A82009B1A68019B9A61019B00229A750E
:1091C400019A02AB11461846FFF710FE0790079B61
:1091D400002B01D0079B28E0019B1B788DF81A30E7
:1091E4000123ADF81830019B9A1C06AB19460120E7
:1091F400FFF7F0FD0790079B002B01D0079B14E0BD
:1092040000990198FFF7FAFE0790079B002B01D005
:10921400079B0AE000990198FFF74BFE0790079B14
:10922400002B01D0079B00E00023184608B010BDB6
:10923400C82D030000B589B0039002910192039BED
:10924400002B01D10E232DE0039B9B8A4FF6FF7266
:10925400934206D0039B9B7D83F00103DBB2002B7A
:1092640001D008231EE0019B1B88F42B01D907239E
:1092740018E004AB10220021184609F04DF9039BB5
:109284009B88ADF81030029B0793019B0693012342
:109294008DF81230039B9B8A04AA11461846FFF7E7
:1092A400A1FD0346184609B05DF804FB82B00346ED
:1092B4008DF807309DF8073003F01F0206499DF929
:1092C40007305B09012000FA02F2203341F8232021
:1092D40000BF02B0704700BF00E100E082B001901F
:1092E4004FF08042019BC2F8083300BF02B07047C0
:1092F40082B003468DF807309DF8073003F18043B0
:1093040001221A6000BF02B0704784B00346ADF872
:109314000630BDF8063003F1804300221A60BDF820
:10932400063003F180431B680393039B00BF04B022
:10933400704782B00346ADF80630BDF8063003F13D
:1093440080431B68002B14BF01230023DBB21846A3
:1093540002B0704782B003468DF807309DF807309D
:109364004FF0804203F00303C2F8183500BF02B087
:1093740070474FF08043D3F818341B0C03F00103FB
:10938400002B14BF01230023DBB2184670470000F2
:1093940082B003468DF807300A4A9DF907305B090D
:1093A40052F823209DF8073003F01F0322FA03F339
:1093B40003F00103002B14BF01230023DBB2184682
:1093C40002B0704700E100E008B50020FFF7E0FFBD
:1093D400034683F00103DBB2002B03D007210020F6
:1093E40000F09AF900BF08BD08B506F099FE0346DF
:1093F40083F00103DBB2002B03D109498420F9F780
:10940400EBFF0C20FFF774FF00BFFFF7B2FF03462A
:10941400002BFAD1034B00229A7000BF08BD00BF95
:10942400E02D0300B035002000B583B00023019384
:10943400134B1B78002B02D0852301931BE0104BA8
:1094440000229A600E4B00225A600D4B00221A61D2
:109454000B4B0022DA60FFF7B7FF06F061FE03460C
:1094640083F00103DBB2002B02D00120FFF772FF6F
:10947400034B01221A70019B184603B05DF804FBEC
:10948400B035002084B00190019B1B680393039BBB
:10949400002B03D0039B1A68019B1A60039B184698
:1094A40004B0704700B583B0164B1B78002B04D171
:1094B40015494FF48E70F9F78FFF124BDB68002BC0
:1094C40004D1114940F21D10F9F786FF00238DF8ED
:1094D40007300DF10703184603F0CCFE094BDB6897
:1094E400013B084AD360074BDB68002B01D1FFF72F
:1094F4007BFF9DF80730184603F0D2FE00BF03B08F
:109504005DF804FBB0350020E02D030000B585B004
:1095140003468DF807309DF80730002B02D10C4B21
:10952400039301E00B4B03930398FFF7ABFF029007
:10953400029B002B06D0029B5B689DF80720104617
:109544009847F1E700BF00BF05B05DF804FB00BF1A
:10955400B8350020C035002008B54FF48070FFF7FF
:10956400E8FE0346002B0CD04FF48070FFF7CDFECD
:109574000120FFF7B3FE0E4B01225A700020FFF7C3
:10958400C5FF4FF48270FFF7D4FE0346002B0CD0C6
:109594004FF48270FFF7B9FE0220FFF79FFE044BE1
:1095A40001229A700120FFF7B1FF00BF08BD00BF80
:1095B400B035002000B583B001900091019B002BD1
:1095C40002D10020FFF7A2FF00BF03B05DF804FB47
:1095D40000B585B0034600918DF807309DF807303B
:1095E400032B29D0032B37DC002B02D0012B04D012
:1095F40032E00020FFF75AFE2FE000238DF80F30F1
:109604000DF10F03184603F035FE164B1B7883F05B
:109614000103DBB2002B01D0FFF706FF114BDB681F
:109624000133104AD3600F4B01229A709DF80F301A
:10963400184603F035FE10E00A4B1B78002B04D1CA
:10964400094940F25B20F9F7C7FE0721002000F02A
:1096540063F8FFF727FF00E000BF00BF05B05DF827
:1096640004FB00BFB0350020E02D030082B00346A8
:109674008DF807309DF8073003F01F0205499DF966
:1096840007305B09012000FA02F241F8232000BFF1
:1096940002B0704700E100E082B003468DF8073065
:1096A4009DF8073003F01F0206499DF907305B0956
:1096B400012000FA02F2603341F8232000BF02B017
:1096C400704700BF00E100E082B0034600918DF8CE
:1096D40007309DF90730002B0CDA009BDAB20C49F5
:1096E4009DF8073003F00F03043B5201D2B20B4440
:1096F4001A7609E0009BDAB206499DF90730520157
:10970400D2B20B4483F8002300BF02B0704700BFFD
:1097140000ED00E000E100E000B583B003460A4636
:109724008DF8073013468DF806309DF80630012B6E
:1097340003D99DF80630032B0CD99DF80630042B71
:1097440003D99DF80630072B04D90D494FF49270C4
:10975400F9F742FE9DF806209DF907301146184698
:10976400FFF7B2FF9DF907301846FFF795FF9DF903
:1097740007301846FFF77AFF00BF03B05DF804FB1B
:10978400382E030000B583B00346ADF80630BDF8AB
:109794000630184600F026F803461B68012B0CBF60
:1097A40001230023DBB2184603B05DF804FB00B5C7
:1097B40085B00346ADF80630BDF80630184600F013
:1097C40011F803461A4600231360BDF80630184604
:1097D40000F008F803461B680393039B00BF05B021
:1097E4005DF804FB82B00346ADF80630BDF80630E0
:1097F40003F1804303F5C043184602B070470000EC
:1098040082B00190034A019BC2F8043300BF02B046
:10981400704700BF0060004082B00190034BD3F852
:109824000423019B1340184602B0704700600040B7
:1098340082B00190084A019B03F5A27352F82330C9
:10984400054943F00102019B03F5A27341F823206B
:1098540000BF02B0704700BF0060004084B00390B6
:10986400029113468DF80730144A039B03F5A27343
:1098740052F82330114923F4473323F44073039AF5
:1098840002F5A27241F822300C4A039B03F5A2733D
:1098940052F82320029B1B0203F4F8519DF8073071
:1098A4001B0403F440330B4304491A43039B03F59D
:1098B400A27341F8232000BF04B070470060004049
:1098C40082B00190054A019B03F5A27352F823303C
:1098D4001B0A03F01F03184602B0704700600040E3
:1098E40082B00190064A019B03F5A27352F823301B
:1098F4001B0C03F00303DBB2184602B0704700BF31
:109904000060004000B583B00190019B1B681F2BD1
:1099140004D905494FF4E870F9F75EFD4FF0A04310
:10992400184603B05DF804FB942E030000B585B01F
:109934000190084611461A4603468DF803300B463B
:109944008DF8023013468DF8013001AB1846FFF74D
:10995400D9FF03909DF803209DF802305B001A4361
:109964009DF801309B001A439DF818301B0242EA0F
:1099740003019DF81C301B04019A1943039B02F553
:10998400E07243F8221000BF05B05DF804FB00B597
:1099940085B003900B468DF80B309DF80B300022F8
:1099A400019200220092002200210398FFF7BEFFDB
:1099B40000BF05B05DF804FB00B585B0019001ABB4
:1099C4001846FFF79FFF0390019A039B02F5E0728C
:1099D40053F8223023F002030293019A039B02F509
:1099E400E072029943F8221000BF05B05DF804FB51
:1099F40000B585B001900B468DF8033001AB1846D5
:109A0400FFF780FF0390019A039B02F5E07253F87D
:109A14002230019A23F44031039B02F5E07243F8AB
:109A24002210019A039B02F5E07253F822109DF86C
:109A340003301B04019A1943039B02F5E07243F8B7
:109A4400221000BF05B05DF804FB00B585B001909D
:109A540001AB1846FFF756FF0390039800F020F877
:109A64000246019B22FA03F303F00103184605B0F2
:109A74005DF804FB00B585B0019001AB1846FFF713
:109A840041FF0390019A039B02F5E07253F82230E0
:109A94001B0C03F00303DBB2184605B05DF804FBAE
:109AA40082B00190019BD3F81035184602B070477C
:109AB40000B587B00390029101924FF0A043049344
:109AC400039A029B1344012B04D912494FF43A70B0
:109AD400F9F782FC039B059311E0059B9B00183367
:109AE4006B4453F8083C1846FFF7DAFF0246019B23
:109AF4001A60019B04330193059B01330593039A78
:109B0400029B1344059A9A42E7D300BF00BF07B0F3
:109B14005DF804FB942E030084B001900091009B37
:109B24000393019BDB080293019B03F0070301935A
:109B34000122019B02FA03F30399029A0A44127860
:109B44001340184604B0704784B001900091009B04
:109B54000393019BDB080293019B03F0070301932A
:109B6400039A029B13441B785AB20121019B01FA08
:109B740003F35BB2134359B2039A029B1344CAB270
:109B84001A7000BF04B0704782B001900C4A019B68
:109B94001344303393F90030002B09DB084A019B4E
:109BA4001344303393F90030072B01DC012300E028
:109BB400002303F00103DBB2184602B0704700BF74
:109BC400C435002082B00190064A019B134430330F
:109BD40093F90030072BCCBF01230023DBB21846D6
:109BE40002B07047C435002082B00190064A019B40
:109BF4001344303393F90030DB43DBB2DB09DBB2CF
:109C0400184602B0704700BFC435002084B00390EA
:109C1400029101928DF80330029B59B20E4A039BC4
:109C2400134430330A461A700B49029B019A41F8D7
:109C340023209DF8033083F00103DBB2002B08D00E
:109C4400029B083B039A51B2034A13440A4683F821
:109C5400502000BF04B07047C435002082B001908A
:109C6400044A019B13443033FF221A7000BF02B030
:109C7400704700BFC435002082B00190044A019BA4
:109C84001344303393F90030184602B0704700BFD4
:109C9400C435002082B00190034A019B52F823305E
:109CA400184602B0704700BFC435002000B589B023
:109CB4000390029113468DF80730FF238DF81F306F
:109CC4009DF80730002B01D0002300E00823059302
:109CD4009DF80730002B01D0082300E00C230493E7
:109CE400059B069314E00F4A069B52F82330B3F108
:109CF400FF3F0AD19DF80730029A06990398FFF7AF
:109D040085FF069B8DF81F3006E0069B0133069302
:109D1400069A049B9A42E6D39DF91F30184609B06F
:109D24005DF804FBC435002082B003468DF807308B
:109D34009DF80730094A4FF0FF3142F823109DF88F
:109D44000730072B07D99DF80730083B034A134413
:109D5400FF2283F8502000BF02B07047C4350020B2
:109D640000B583B0214B93F85430002B03D0082363
:109D74000093009B36E000238DF8073009E09DF83E
:109D840007301846FFF76AFF9DF8073001338DF856
:109D940007309DF807301F2BF1D900238DF80730C9
:109DA40009E09DF807301846FFF7BEFF9DF807301D
:109DB40001338DF807309DF807300B2BF1D90721BB
:109DC4000620FFF7A9FC4FF4BE70FFF7F0FC4FF03C
:109DD4000040FFF715FD054B012283F854200023B2
:109DE4000093009B184603B05DF804FBC4350020C3
:109DF400044B93F85430002B14BF01230023DBB22F
:109E040018467047C435002000B587B0039002910E
:109E14000192039B1F2B04D92B4940F2F710F9F749
:109E2400DBFA002305930398FFF7DEFE0346002BBD
:109E340002D00823059342E0029BDB781A4601997D
:109E44000398FFF733FF03468DF813309DF9133061
:109E5400B3F1FF3F31D0029B9B78002B03D00398D2
:109E6400FFF7AAFD05E0029B5B7819460398FFF70C
:109E74008EFD029BDB78002B08D09DF91300029B1A
:109E84001B781A460399FFF7E9FC18E09DF9133093
:109E9400083B0E4A134493F95010029B1B785BB2A3
:109EA4009B015AB29DF91330083B0A4351B2074A49
:109EB40013440A4683F8502001E004230593059BCC
:109EC400184607B05DF804FBD42E0300C435002007
:109ED40000B589B001900B468DF80330019B1F2B10
:109EE40004D93D4940F22520F9F776FA0198FFF7A5
:109EF4007BFE0346002B04D1374940F22620F9F7B4
:109F04006BFA0198FFF75EFE0346002B2FD00198F1
:109F1400FFF7B2FE0346083B304A134493F950302E
:109F24008DF80F309DF80F309B098DF80E309DF899
:109F34000E30032B0BD10198FFF787FD0346002B4E
:109F440001D0032300E002238DF81F3008E09DF8C0
:109F54000E30012B01D1022300E003238DF81F30C2
:109F64009DF81F3019460198FFF742FD30E0019833
:109F7400FFF70AFE0346002B2AD00198FFF77CFE68
:109F840003460693069B9BB240339BB29B00ADF8FD
:109F94001630069B1846FFF74BFCBDF816301846E2
:109FA400FFF705FC9DF80330002B11D00198FFF753
:109FB40063FE03461846FFF76DFE0490049B002BD6
:109FC40006D00122069B02FA03F31846FFF718FC99
:109FD40000BF09B05DF804FBD42E0300C435002093
:109FE40000B597B000231093002304934FF48073BB
:109FF400ADF84A30012311930023139321E0BDF8F7
:10A004004A301846FFF7BEFB0346002B0ED01198CA
:10A01400FFF702FC0346002B08D0BDF84A3018466F
:10A02400FFF7C5FB109A119B13431093119B5B0020
:10A034001193BDF84A300433ADF84A30139B013311
:10A044001393139B072BDAD94FF4BE70FFF79AFBD7
:10A054000346002B0DD04FF4BE70FFF7A8FB109BF6
:10A0640043F00043109304AB1A4601210020FFF78C
:10A074001FFD109BDBB2002B29D001231193002379
:10A08400139321E0119A109B1340002B16D01398C0
:10A09400FFF716FC0E901398FFF722FC03468DF889
:10A0A40037301398FFF7F6FD0C900C9B002B05D06E
:10A0B4009DF837200C9B11460E989847119B5B0026
:10A0C4001193139B01331393139B072BDAD9109B22
:10A0D400002B80F2EE8000238DF85330002303938D
:10A0E400002315930AE0159B9B0058336B444FF0F3
:10A0F400FF3243F8502C159B01331593159B002B0D
:10A10400F1D000238DF853300023139378E06B4A89
:10A11400139B1344503393F900308DF82F309DF87E
:10A124002F3023F0C0030A93644A139B1344503323
:10A1340093F90030B3F1FF3F5FD002AB19460A98A0
:10A14400FFF7EAFC0346002B57D09DF82F309B09FC
:10A154008DF827300A98FFF78FFD03461846FFF75E
:10A1640099FD0890089B002B03D19DF82730032B01
:10A1740043D19DF82730032B04D103AB19460A9829
:10A18400FFF7E2FC0A98FFF775FC03468DF81F30D1
:10A1940004AB19460A98FFF7BFFC0690069B002BF8
:10A1A40003D09DF81F30022B06D0069B002B24D130
:10A1B4009DF81F30032B20D19DF82730032B13D19A
:10A1C4009DF81F30022B01D1032300E002238DF8F8
:10A1D40017309DF8173019460A98FFF709FC9DF8C7
:10A1E400533001338DF85330089B002B05D09DF874
:10A1F4002720089B11460A989847139B0133139311
:10A20400139B032B83D99DF85330002B4CD001238F
:10A214008DF83F3001AB1A4601210020FFF748FCBE
:10A224000023159314E0159B9B0058336B4453F89B
:10A23400542C159B9B0058336B4453F8483C9A426A
:10A2440003D000238DF83F3005E0159B01331593AF
:10A25400159B002BE7D09DF83F30002B03D0002343
:10A264008DF8533020E0002315931AE0159B9B00D2
:10A2740058336B4453F8542C159B9B0058336B4450
:10A2840043F8482C159B9B0058336B4453F84C2CD3
:10A29400159B9B0058336B4443F8502C159B01339A
:10A2A4001593159B002BE1D09DF85330002B7FF4C0
:10A2B40028AF00BF17B05DF804FB00BFC435002011
:10A2C40082B003468DF807309DF8073003F01F0273
:10A2D40006499DF907305B09012000FA02F2203398
:10A2E40041F8232000BF02B0704700BF00E100E046
:10A2F40084B001900B46ADF80230BDF80230019AEB
:10A30400134400221A60BDF80230019A13441B68FA
:10A314000393039B00BF04B0704782B001900B46C7
:10A32400ADF80230BDF80230019A13441B68002BCB
:10A3340014BF01230023DBB2184602B0704782B079
:10A3440001900091019B009AC3F8042300BF02B05E
:10A35400704782B001900091019B009AC3F80823D2
:10A3640000BF02B0704782B00190019B0122C3F884
:10A37400002500BF02B0704782B00190019B00220B
:10A38400C3F8002500BF02B0704784B00390029167
:10A3940001920093039B029AC3F80825039B019A38
:10A3A400C3F80C25039B009AC3F8102500BF04B022
:10A3B400704782B001900B468DF803309DF803205E
:10A3C400019BC3F81C2500BF02B0704782B0019006
:10A3D400019BD3F81835DBB2184602B0704782B03F
:10A3E40001900091009A019BC3F8242500BF02B09C
:10A3F400704784B001900B468DF8033013468DF8F6
:10A4040002309DF80230002B14BF01230023DBB27D
:10A4140003939DF80330032B10D0032B13DC012B83
:10A4240002D0022B05D00EE0039B43F002030393FA
:10A434000AE0039B43F00403039305E0039B43F00A
:10A444000603039300E000BF019B039AC3F854255D
:10A4540000BF04B0704700B583B003468DF80730E1
:10A464009DF907301846FFF72BFF00BF03B05DF8D6
:10A4740004FB000000B583B00190019B1B681F2BF7
:10A4840004D905494FF4E870F8F7A6FF4FF0A0434C
:10A49400184603B05DF804FB302F030000B585B007
:10A4A4000190084611461A4603468DF803300B46C0
:10A4B4008DF8023013468DF8013001AB1846FFF7D2
:10A4C400D9FF03909DF803209DF802305B001A43E6
:10A4D4009DF801309B001A439DF818301B0242EA94
:10A4E40003019DF81C301B04019A1943039B02F5D8
:10A4F400E07243F8221000BF05B05DF804FB00B51C
:10A5040085B00390002301930023009300230122CC
:10A5140001210398FFF7C2FF00BF05B05DF804FBFB
:10A5240000B585B003900B468DF80B309DF80B30C9
:10A534000022019200220092002200210398FFF7DA
:10A54400ADFF00BF05B05DF804FB00B585B0019018
:10A5540001AB1846FFF78EFF0390019B012202FA1C
:10A5640003F31946039800F018F800BF05B05DF82E
:10A5740004FB00B585B0019001AB1846FFF77AFFE4
:10A584000390019B012202FA03F31946039800F099
:10A594000EF800BF05B05DF804FB82B00190009195
:10A5A400019B009AC3F8082500BF02B0704782B02F
:10A5B40001900091019B009AC3F80C2500BF02B0E2
:10A5C4007047000000B58DB005900491039202938A
:10A5D400049B002B03D15F49A820F8F7FDFE059BDF
:10A5E4005B791A461346DB0013449B005A4A134412
:10A5F4000B930B9B1B7F002B03D008230793079B14
:10A60400A4E00B9B039A1A600B9B029A5A60049B6A
:10A614001B7B012B05D8049B1B781846FFF7A9FF69
:10A6240004E0049B1B781846FFF78FFF049B1B78FC
:10A6340018460023019300230093002300220121E4
:10A64400FFF72CFF049B5B78FF2B09D0049B5B78FE
:10A654000A930A98FFF78DFF0A98FFF750FF02E06C
:10A664004FF0FF330A93049B9B78FF2B07D0049B86
:10A674009B78099301210998FFF752FF02E04FF0FC
:10A68400FF330993049BDB78FF2B09D0049BDB7811
:10A694001846FFF75AFF049BDB781846FFF72FFF95
:10A6A400059B5B791946049BD8782B4A0B46DB0043
:10A6B4000B449B0013441E3302461A70059B1B680F
:10A6C4000893049B1B781946099B0A9A0898FFF77C
:10A6D4005CFE049B9B6819460898FFF780FE049B68
:10A6E400197B049B5B7B1A460898FFF782FE059B47
:10A6F4005B791946049B5879174A0B46DB000B44D7
:10A704009B0013441F3302461A700B9B1B68002BDB
:10A7140003D004210898FFF712FE0898FFF723FEE0
:10A724000B9B1B68002B08D0059B93F90420049B0A
:10A734001B7919461046FEF7EFFF0B9B00225A7750
:10A744000B9B01221A7700230793079B18460DB031
:10A754005DF804FB6C2F03001C36002000B585B0A7
:10A764000190019B5B791A461346DB0013449B005E
:10A77400154A13440393039B1B7F002B04D11349F5
:10A7840040F23110F8F728FE039B1B68002B05D01C
:10A79400019B93F904301846FFF75DFE019B1B688B
:10A7A4000293039B1B68002B04D04FF0FF310298E7
:10A7B400FFF7CFFD0298FFF7DFFD039B00221A7716
:10A7C40000BF05B05DF804FB1C3600206C2F0300AD
:10A7D40000B589B003900291009313468DF80730B9
:10A7E400029B0493009B06939DF807308DF8143068
:10A7F4009DF828308DF81C3004AB002219460398CC
:10A8040000F00CF90346184609B05DF804FB00B5E6
:10A8140083B00190019B9B7FFF2B04D0019B9B7F06
:10A824001846FFF792FE019B00225A77019B0022F3
:10A834001A72019B1B68019A02F10800019A52687E
:10A844001146984700BF03B05DF804FB00B585B01E
:10A85400019000910198FFF7B9FD03468DF80D3082
:10A86400009B93F82020009B1B7E9A4209D2009BF8
:10A874005B69009A92F8202013449DF80D20D2B20F
:10A884001A70009B93F820300133DAB2009B83F8EE
:10A894002020009B93F820300133ADF80E30009B4C
:10A8A40093F8213003F00403DBB2002B17D0009B94
:10A8B4001B7C1A46BDF80E30934204D2BDF80E300C
:10A8C400DAB2009B1A74009B1B7E1A46BDF80E3048
:10A8D400934204D2BDF80E30DAB2009B1A76009B84
:10A8E4001B7C1A46BDF80E3093420BD2009BDA68EB
:10A8F400BDF80E3013441B7819460198FFF759FD33
:10A90400012322E0009B1B7E1A46BDF80E309342C1
:10A9140007D2009BDB7F19460198FFF74AFD01230C
:10A9240013E0009B93F82020009B1B7C9A4206D3E3
:10A93400009B93F82020009B1B7E9A4201D20123A6
:10A9440000E0002303F00103DBB2184605B05DF814
:10A9540004FB00B585B0039002910192029B002292
:10A9640083F8202004210398FFF7F3FC4FF484714B
:10A974000398FFF7BDFC019B1B79002B03D0019BBF
:10A984001B681B7801E0029BDB7F19460398FFF7E5
:10A9940010FD019B1B79012B08D9019B1B68013316
:10A9A4001B7819460398FFF704FD09E0019B1B7B04
:10A9B400012B05D9029BDB7F19460398FFF7F9FCAD
:10A9C400029B1B68002B04D004210398FFF7B7FCFB
:10A9D40020E000BF4FF484710398FFF79EFC034608
:10A9E40083F00103DBB2002BF4D14FF4847103989C
:10A9F400FFF77EFC02990398FFF728FF0346002B1C
:10AA0400E7D1029B9B7FFF2B04D0029B9B7F1846C0
:10AA1400FFF79BFD00BF05B05DF804FB10B586B0E1
:10AA2400039002910192039B5B791A461346DB0063
:10AA340013449B003B4A13440593059B1B7F002B47
:10AA440004D1394940F25720F8F7C6FC029B1B6831
:10AA5400002B08D1029B1B79002B04D032494FF400
:10AA64001670F8F7B9FC029B9B68002B08D1029B77
:10AA74001B7B002B04D02C4940F25920F8F7ACFC86
:10AA840000230493059B5B7FDBB2002B03D01123CF
:10AA94000493049B42E0059B1B68002B07D0019B99
:10AAA40003F01403002B02D1059B01225A77059B66
:10AAB400029A03F10C0413460FCB84E80F00059AA5
:10AAC40092F8213023F0010382F82130059A92F89C
:10AAD400213023F0020382F82130059A92F82130C4
:10AAE40023F0040382F82130059B9B7FFF2B04D0C5
:10AAF400059B9B7F1846FFF73CFD019B002B05D06F
:10AB0400059B00225A770623049306E0039B1B68E7
:10AB1400029A05991846FFF71CFF049B184606B0D5
:10AB240010BD00BF1C3600206C2F030000B583B09D
:10AB340001900091009B1B68002B04D10D494FF438
:10AB44003570F8F749FC4FF484710198FFF7D0FB96
:10AB540000990198FFF77AFE034683F00103DBB204
:10AB6400002B02D00098FFF752FE00BF03B05DF83F
:10AB740004FB00BF6C2F030000B583B0054B0193A9
:10AB840001994FF04020FFF7D1FF00BF03B05DF8FB
:10AB940004FB00BF1C36002084B001900B46ADF8C6
:10ABA4000230BDF80230019A134400221A60BDF845
:10ABB4000230019A13441B680393039B00BF04B043
:10ABC400704782B001900B46ADF80230BDF80230F8
:10ABD400019A13441B68002B14BF01230023DBB22A
:10ABE400184602B0704782B001900091019B009A10
:10ABF400C3F8042300BF02B0704782B001900091F3
:10AC0400019BD3F80423009B1340002B14BF0123A2
:10AC14000023DBB2184602B0704782B00190009165
:10AC2400019B009AC3F8082300BF02B0704784B0A8
:10AC34000190019BD3F880340393019B039AC3F8DA
:10AC44008024039B184604B0704782B00190019B96
:10AC54000422C3F8002500BF02B0704784B00390FB
:10AC640002910192039B019AC3F81425039B029A53
:10AC7400C3F80C2500BF04B0704784B00390029160
:10AC84000192039B029AC3F80825039B019AC3F817
:10AC9400102500BF04B0704782B00190019BD3F827
:10ACA4001835DBB2184602B0704782B001900B46EB
:10ACB4008DF803309DF80320019BC3F81C2500BFC9
:10ACC40002B0704782B001900B468DF803309DF8B6
:10ACD4000330019A134401221A6000BF02B0704786
:10ACE40082B001900B468DF8033013468DF8023084
:10ACF4009DF803209DF802301343DBB21A46019BF2
:10AD0400C3F86C2500BF02B0704782B00190009177
:10AD1400019B009AC3F8242500BF02B0704784B099
:10AD240001900B46ADF80230BDF80230019A13448D
:10AD340000221A60BDF80230019A13441B68039381
:10AD4400039B00BF04B0704782B001900B46ADF87E
:10AD54000230BDF80230019A13441B68002B14BF63
:10AD640001230023DBB2184602B0704782B0019081
:10AD74000091019BD3F80022009B1A43019BC3F866
:10AD8400002200BF02B0704782B001900091019B85
:10AD9400D3F80022009BDB431A40019BC3F8002236
:10ADA40000BF02B0704782B001900091019B009AED
:10ADB400C3F8042300BF02B0704782B00190009131
:10ADC400019B009AC3F8082300BF02B0704784B007
:10ADD4000190019BD3F880340393019B039AC3F839
:10ADE4008024039B184604B0704782B00190019BF5
:10ADF4000822C3F8002500BF02B0704784B0039056
:10AE040002910192039B029AC3F80C25039B019AB9
:10AE1400C3F8142500BF04B0704784B003900291B6
:10AE24000192039B029AC3F80825039B019AC3F875
:10AE3400102500BF04B0704782B001900B468DF816
:10AE440003309DF80330019A134401221A6000BFB5
:10AE540002B0704782B001900B468DF80330134660
:10AE64008DF802309DF803209DF802301343DBB2C5
:10AE74001A46019BC3F86C2500BF02B0704782B02C
:10AE840001900091019B009AC3F8242500BF02B0F1
:10AE9400704784B00390029113468DF80730029AEC
:10AEA400039BC3F844259DF80720039BC3F848255A
:10AEB40000BF04B0704782B00190019BD3F84C35B9
:10AEC400184602B0704784B00390029113468DF87F
:10AED4000730029A039BC3F834259DF80720039B8F
:10AEE400C3F8382500BF04B0704782B00190019BBD
:10AEF400D3F83C35184602B0704784B00190019BEA
:10AF04001B0B8DF80F309DF90F30184604B07047B5
:10AF140082B00190019B03F06043B3F1005F0CBF6A
:10AF240001230023DBB2184602B0704700B583B09A
:10AF34000190019B1B681F2B04D905494FF4E8704D
:10AF4400F8F74AFA4FF0A043184603B05DF804FB43
:10AF5400C82F030000B585B00190084611461A4673
:10AF640003468DF803300B468DF8023013468DF8F6
:10AF7400013001AB1846FFF7D9FF03909DF8032079
:10AF84009DF802305B001A439DF801309B001A4380
:10AF94009DF818301B0242EA03019DF81C301B0483
:10AFA400019A1943039B02F5E07243F8221000BF93
:10AFB40005B05DF804FB00B585B003900023019350
:10AFC400002300930023012201210398FFF7C2FF0D
:10AFD40000BF05B05DF804FB00B585B003900B46D7
:10AFE4008DF80B309DF80B30002201920022009264
:10AFF400002200210398FFF7ADFF00BF05B05DF804
:10B0040004FB00B585B0019001AB1846FFF78EFF35
:10B014000390019B012202FA03F31946039800F0FE
:10B0240004F800BF05B05DF804FB82B00190009104
:10B03400019B009AC3F8082500BF02B070470000C6
:10B0440000B583B001900091009B1B68B3F1FF3FF2
:10B0540009D0009B1B681846FFF7D3FF009B1B68B1
:10B064001846FFF7A8FF009B5B68B3F1FF3F05D0CC
:10B07400009B5B6800211846FFF7AEFF019B1B791C
:10B08400464A5B0113441C331B78002B41D0019BBF
:10B094001A68009B9B6919461046FFF7F0FE019B56
:10B0A4001868009B597D009B1B7D1A46FFF7D2FE52
:10B0B400019B1868009B1968009B5B681A46FFF7A0
:10B0C4009DFE009B1B7D012B64D1009B9B68B3F10B
:10B0D400FF3F05D0009B9B6800211846FFF77CFFCB
:10B0E400009BDB68B3F1FF3F09D0009BDB68184687
:10B0F400FFF787FF009BDB681846FFF75CFF019BA7
:10B104001868009BD968009B9B681A46FFF785FE68
:10B1140040E0019B1A68009B9B6919461046FFF7A3
:10B12400F4FD019B1868009B597D009B1B7D1A460A
:10B13400FFF7D6FD019B1868009B1968009B5B68AC
:10B144001A46FFF78BFD009B1B7D012B22D1009B30
:10B154009B68B3F1FF3F05D0009B9B680021184614
:10B16400FFF73AFF009BDB68B3F1FF3F09D0009B78
:10B17400DB681846FFF745FF009BDB681846FFF7BE
:10B184001AFF019B1868009BD968009B9B681A46AC
:10B19400FFF773FD00BF03B05DF804FB40360020E9
:10B1A40000B583B001900B468DF80330019B1B79E9
:10B1B4002D4A5B0113441C331B78002B2FD0019BB9
:10B1C4001B684FF488711846FFF7A9FD019B1B68A3
:10B1D4004FF490711846FFF7A2FD019B1B684FF4D2
:10B1E40092711846FFF79BFD019B1B684FF4A271F7
:10B1F4001846FFF794FD019B1B681C491846FFF78E
:10B20400D2FD019B1B681846FFF777FE03461A46DA
:10B214009DF8033019461046FEF77EFA20E0019BA4
:10B224001B684FF48E711846FFF7B6FC019B1B6830
:10B234004FF4A2711846FFF7AFFC019B1B680C4941
:10B244001846FFF7D0FC019B1B681846FFF755FE14
:10B2540003461A469DF8033019461046FEF75CFA79
:10B2640000BF03B05DF804FB403600201003020069
:10B274008000020000B583B00190019B1B790B4A4A
:10B284005B0113441C331B78002B05D0019B1B6806
:10B294001846FFF7AAFD04E0019B1B681846FFF758
:10B2A400D4FC00BF03B05DF804FB00BF40360020AF
:10B2B40000B587B0039002910192029B002B04D148
:10B2C40022494FF48870F8F787F8039B1B795B01D8
:10B2D4001F4A1344059300230493059BDB7E002B34
:10B2E40003D008230493049B2BE0029B5A7F059B05
:10B2F4001A7702990398FFF7A3FE059B019A5A60F7
:10B30400029B1A69059B1A60059B5B68002B05D09C
:10B31400029B1B7F19460398FFF742FF0398FFF730
:10B32400A9FF059B0022DA75059B00221A76059B6E
:10B3340000229A75059B0122DA76059B00229A76F3
:10B34400049B184607B05DF804FB00BF08300300F7
:10B354004036002000B585B0019000914FF48E7105
:10B364000198FFF719FC009B9B68009A928A92B29D
:10B3740013441B788DF80F30009B9B8A9BB20133DA
:10B384009AB2009B9A829DF80F3019460198FFF7F4
:10B394008CFC00BF05B05DF804FB000000B585B06F
:10B3A4000190019B1B795B01344A134402930023EF
:10B3B4000393019B1B684FF48E711846FFF7ECFB57
:10B3C400019B1B6808211846FFF77CFC019B1B6846
:10B3D40002991846FFF7BEFF029B5B68002B47D11A
:10B3E4001FE000BF019B1B684FF48E711846FFF7E6
:10B3F400E8FB034683F00103DBB2002B05D0029B7C
:10B404009B8A9BB2B3F5807FECD1029B9B8A9BB253
:10B41400B3F5807F05D0019B1B6802991846FFF79E
:10B4240099FF029B9B8A9BB2029A927D9342D8D346
:10B43400029B9B8A9BB2B3F5807F02D10F230393B7
:10B4440013E000BF019B1B684FF48E711846FFF791
:10B45400B8FB034683F00103DBB2002BF2D1019B5E
:10B464001B680C211846FFF72DFC029B00229A75DD
:10B47400039B184605B05DF804FB00BF403600206E
:10B4840000B587B00190019B1B795B012A4A1344E4
:10B49400049300230593019B1B684FF49071184695
:10B4A400FFF73DFC019B1B684FF4AC711846FFF796
:10B4B40036FC019B1868049B9968049B9B7D1A4683
:10B4C400FFF7E7FC019B1B6808211846FFF7B4FC53
:10B4D400049B5B68002B2AD1019B1B684FF490717D
:10B4E4001846FFF731FC03468DF80F30019B1B68AB
:10B4F4004FF4AC711846FFF727FC03468DF80E3065
:10B504009DF80F3083F00103DBB2002B06D09DF8C9
:10B514000E3083F00103DBB2002BDDD19DF80E3039
:10B52400002B01D00F230593049B00229A75059BE1
:10B53400184607B05DF804FB4036002000B587B01C
:10B544000390029113468DF80730039B1B795B012E
:10B554002E4A13440493049BDB7E012B04D02C4914
:10B564004FF4CC70F7F738FF9DF80730002B04D167
:10B57400274940F29910F7F72FFF029B002B04D1C3
:10B5840023494FF4CD70F7F727FF039B1B791F4A1C
:10B594005B0113441C331B78002B0CD00298FFF77B
:10B5A400B7FC034683F00103DBB2002B03D0102366
:10B5B4000593059B25E0039800F02CF80346002B27
:10B5C40003D011230593059B1BE0049B9DF80720E2
:10B5D4009A75049B029A9A60049B00229A82039BA8
:10B5E4001B790A4A5B0113441C331B78002B04D0DB
:10B5F4000398FFF745FF034603E00398FFF7CEFEE9
:10B604000346184607B05DF804FB00BF403600202F
:10B614000830030082B00190019B1B79064A5B014C
:10B62400134416331B78002B14BF01230023DBB211
:10B63400184602B0704700BF4036002000B583B002
:10B644000190019B1B684FF492711846FFF7A4FA0E
:10B65400019B1B684FF484711846FFF79DFA019B08
:10B664001B6800211846FFF72DFB00BF03B05DF8EF
:10B6740004FB10B582B001900091009BDB7D002B90
:10B6840008D14FF484710198FFF786FA0198FFF707
:10B6940003FB16E04FF484710198FFF77DFA009BD9
:10B6A400DB68009A527ED2B29C180198FFF7F4FA34
:10B6B40003462370009B5B7EDBB20133DAB2009B4E
:10B6C4005A7602B010BD000000B589B00390029113
:10B6D40011461A460B468DF8073013468DF806308E
:10B6E400039B1B795B014D4A13440793079B9B7E85
:10B6F40083F00103DBB2002B09D09DF8063083F000
:10B704000103DBB2002B02D00398FFF797FF079BDE
:10B714005B68002B73D1039B1B684FF4A27118461E
:10B72400FFF73AFA039B1B684FF492711846FFF730
:10B7340048FA03468DF81B30039B1B684FF4847151
:10B744001846FFF73EFA03468DF81A30039B1B6830
:10B754004FF4A2711846FFF734FA03468DF81930F6
:10B764009DF81A3083F00103DBB2002B0DD09DF855
:10B77400193083F00103DBB2002B06D09DF81B3097
:10B7840083F00103DBB2002BCCD19DF81B30002BDE
:10B7940010D19DF81930002B0CD1039B1B6807991D
:10B7A4001846FFF766FF079BDA7D079B5B7EDBB2DB
:10B7B4009A42B7D8079B0022DA759DF81B30002BFC
:10B7C40003D003230593059B23E09DF81930002B38
:10B7D40003D00F230593059B1BE0079B9B7E002B47
:10B7E40006D0039B1B6800211846FFF76BFA0DE097
:10B7F400039B1B6804211846FFF764FA06E0039BC9
:10B804001B684FF401711846FFF7EDF90023059307
:10B81400059B184609B05DF804FB00BF40360020C4
:10B8240000B587B00390029111461A460B468DF875
:10B83400073013468DF8063000230593039B1B68DD
:10B844004FF488711846FFF76AFA039B1B684FF49C
:10B85400A2711846FFF763FA039B1B689DF8072043
:10B8640002991846FFF72FFB9DF8063083F0010379
:10B87400DBB2002B06D0039B1B6800211846FFF7A0
:10B88400DBFA05E0039B1B6820211846FFF76EFADC
:10B89400039B1B792D4A5B01134404331B68002B63
:10B8A40047D1039B1B684FF488711846FFF74CFA85
:10B8B40003468DF81330039B1B684FF4A27118469E
:10B8C400FFF742FA03468DF81230039B1B684FF4CE
:10B8D40092711846FFF738FA03468DF811309DF837
:10B8E400133083F00103DBB2002B0DD09DF812302E
:10B8F40083F00103DBB2002B06D09DF8113083F0F6
:10B904000103DBB2002BCCD1039B1B790F4A5B01F3
:10B914001344173300221A709DF81130002B01D004
:10B92400032305939DF81230002B09D00F230593B0
:10B9340006E0039B1B684FF404711846FFF733FAC3
:10B94400059B184607B05DF804FB00BF4036002095
:10B9540000B589B00390029113468DF80730039B1C
:10B964001B795B015A4A13440593039B1B79584A7C
:10B974005B0113441B331B78012B04D055494FF44E
:10B984001670F7F729FD9DF80730002B04D15149B3
:10B9940040F25920F7F720FD039B1B794C4A5B01C9
:10B9A40013441C331B78002B0CD00298FFF7B0FA19
:10B9B400034683F00103DBB2002B03D0102307936B
:10B9C400079B81E000238DF81B30059B5B68002BEF
:10B9D40017D0039B1B793E4A5B0113441C331B782D
:10B9E400002B07D0039B1B684FF404711846FFF724
:10B9F400E4F906E0039B1B684FF401711846FFF756
:10BA04000CF9059BDB7D002B26D0059B1B7E002BB0
:10BA14001FD0059B5B68002B17D0039B1B792C4A16
:10BA24005B0113441C331B78002B07D0039B1B685A
:10BA34004FF404711846FFF7B6F906E0039B1B6840
:10BA44004FF401711846FFF7CEF811230793079BB3
:10BA54003AE001238DF81B309DF81B3083F001037D
:10BA6400DBB2002B0DD0059B9DF80720DA75059BF2
:10BA7400029ADA60059B00225A76059B00221A7608
:10BA840006E0059B029A1A61059B9DF807201A7629
:10BA9400039B1B790E4A5B0113441C331B78002B58
:10BAA40009D09DF81B309DF8072002990398FFF7F1
:10BAB400B7FE034608E09DF81B309DF80720029965
:10BAC4000398FFF701FE0346184609B05DF804FB2E
:10BAD400403600200830030000B583B00190019B7C
:10BAE4001B79144A5B0113441C331B78002B05D0CB
:10BAF400114940F2B720F7F76FFC16E0019B1B7960
:10BB04000C4A5B0113441A331B7883F00103DBB244
:10BB1400002B0AD00198FFF791FD019B1B79054A80
:10BB24005B0113441A3301221A7000BF03B05DF89D
:10BB340004FB00BF403600200830030000B589B084
:10BB440003900B4601928DF80B3001238DF81030D1
:10BB54009DF80B308DF81830019B0593039B5B68AF
:10BB6400039A116804AA1046984700BF09B05DF80B
:10BB740004FB00B587B001900B468DF80330002319
:10BB84008DF808309DF803308DF81030019B9B68C8
:10BB94000393019B00229A75019B5B68019A1168CB
:10BBA40002AA1046984700BF07B05DF804FB00B531
:10BBB40089B0019000914FF400710198FFF71DF8CE
:10BBC4000346002B39D04FF492710198FEF7F9FF28
:10BBD4000346002B31D04FF492710198FEF7DCFF3D
:10BBE4004FF401710198FFF718F8009B9B7E83F0D6
:10BBF4000103DBB2002B03D004210198FFF762F8A4
:10BC040002238DF808300198FFF711F803460593D5
:10BC1400009BDB7D8DF81030009BDB680393009B59
:10BC24000022DA75009B00221A76009B5B68009A5A
:10BC3400116802AA1046984756E004210198FEF7BD
:10BC4400DCFF0346002B4FD04FF484710198FEF7BC
:10BC5400B8FF0346002B47D000990198FFF709FD70
:10BC6400009BDA7D009B5B7EDBB29A423CD1009B59
:10BC74001B7E002B1CD0009BDB680793009B5B7E24
:10BC84008DF81B30009B1A7E009BDA75009B1A69A5
:10BC9400009BDA60009B00221A76009B00225A76F1
:10BCA4009DF81B30079A19460098FFF747FF1BE0E1
:10BCB400009B9B7E83F00103DBB2002B03D00421A5
:10BCC4000198FEF7FFFF4FF401710198FEF7A5FFFD
:10BCD400009B0022DA75009B5B7ED9B2009BDB6877
:10BCE4001A460098FFF72AFF4FF48E710198FEF769
:10BCF40068FF0346002B1AD0009B9B8A9BB2009AD4
:10BD0400927D934204D200990198FFF723FB0EE041
:10BD14004FF48E710198FEF73FFF009B9B7D002B33
:10BD240005D0009B9B7D19460098FFF722FF4FF436
:10BD3400A2710198FEF745FF0346002B1CD04FF477
:10BD4400A2710198FEF728FF009B9B7E002B03D075
:10BD540000210198FEF7B6FF009BDB7D002B0BD082
:10BD6400009B0022DA75009B5B7ED9B2009BDB68E6
:10BD74001A460098FFF7E2FE00BF09B05DF804FB25
:10BD840000B589B0019000914FF492710198FEF7CB
:10BD9400DBFF0346002B24D04FF492710198FEF789
:10BDA400BEFF02238DF808300198FFF710F8034610
:10BDB40005930198FFF799F80346DBB28DF810302C
:10BDC400009BDB680393009B0022DA75009B002232
:10BDD4001A76009B5B68009A116802AA104698477D
:10BDE40041E04FF488710198FEF7AEFF0346002B43
:10BDF40039D04FF488710198FEF791FF0198FFF74D
:10BE040074F803468DF81F30009BDB7D9DF81F20DE
:10BE14009A4228D1009B1B7E002B19D0009BDB6823
:10BE2400069320210198FEF7AFFF009B1A7E009B2A
:10BE3400DA75009B1A69009BDA60009B00221A766F
:10BE44009DF81F30069A19460098FFF777FE0AE01E
:10BE5400009B0022DA75009BDA689DF81F301946B2
:10BE64000098FFF76BFE4FF4A2710198FEF76CFF88
:10BE74000346002B16D04FF4A2710198FEF74FFF32
:10BE8400009BDB7D002B0DD0009B0022DA7501980E
:10BE9400FFF72BF80346D9B2009BDB681A460098DB
:10BEA400FFF74CFE4FF490710198FEF74DFF0346E7
:10BEB400002B11D04FF490710198FEF730FF009BD6
:10BEC4009B7D002B08D00198FEF7F5FF0346DBB2FB
:10BED40019460098FFF74DFE00BF09B05DF804FB5A
:10BEE40008B5074B1B7F002B04D005490548FFF715
:10BEF40047FF03E002490348FFF759FE00BF08BDAE
:10BF0400403600200020004000B589B00390029123
:10BF14000192029B9BB2ADF81430019B0693039BE4
:10BF2400079305AB1A46002144F2010000F052F8D1
:10BF340000BF09B05DF804FB86B003900291019242
:10BF440001238DF817309DF81730214A039B1360A5
:10BF54001F4A029B53601E4A019B9360039B44F259
:10BF64000102934213D0039B44F20202934222D172
:10BF7400019B174AD360164BDB681B881A46144B87
:10BF84009A61134BDB685B68114AD36113E0019B30
:10BF94000F4A13610E4B1B699B680D4A53610C4B8E
:10BFA4001B691B881A460A4B9A61094B1B695B681B
:10BFB400074AD36100BF72B600BF00BF9DF81730B7
:10BFC400DBB2002BFAD162B600BF00BF06B07047E7
:10BFD4006036002030B589B005900491039203F0D7
:10BFE400B9FA03F08BF80346002BFAD1059B44F20F
:10BFF400020293422BD0059B44F20202934254D88E
:10C00400059B44F20102934231D0059B44F20102A4
:10C0140093424AD8059B012B05D0059B41F20102AE
:10C0240093420AD041E02E4B1B881B0443F00103CA
:10C034002C49184603F008F842E0294B1B881B04DE
:10C0440043F001032849184602F0FEFF38E0039B41
:10C054000793234B1B881B0443F00100079B5B6879
:10C064001A46079B1B88214903F00DF828E0039B1F
:10C0740006931B4B1B881B0443F00104069B9D681D
:10C08400069B9B68184602F093FA03461946069BE2
:10C094005B681A46069B1B88019300920B462A464E
:10C0A4001349204603F003F80AE00D4B1B881B04D8
:10C0B40043F00103049A0F49184602F0D3FF00BF6E
:10C0C4000D4B1B6803F00103002B00D0FFDE039A25
:10C0D40004990598FFF730FF00BF09B030BD00BFD9
:10C0E400682A00206030030080300300A43003007D
:10C0F400C0300300D8300300F0ED00E084B00190BC
:10C10400019B9B680393019BDA68039BD31A18462F
:10C1140004B0704782B001900B468DF80330019B48
:10C124001A68019BDB68019989880B4013449DF8C8
:10C1340003201A70019BDB685A1C019BDA6000BF64
:10C1440002B0704784B003900B460192ADF80A30F8
:10C15400039B1A68039B9968BDF80A300B44039942
:10C1640089880B4013441A78019B1A7000BF04B0ED
:10C17400704700B583B001900091009A00210198A6
:10C18400FFF7E0FF019B9B685A1C019B9A6000BF6C
:10C1940003B05DF804FB84B0039002911346ADF83C
:10C1A4000630029B002B01D10E231DE0BDF80630A2
:10C1B400002B07D0BDF806305A1EBDF806301340D8
:10C1C400002B01D009230FE0039B029A1A60BDF8EB
:10C1D4000630013B9AB2039B9A80039B00229A602B
:10C1E400039B0022DA600023184604B0704700B5B0
:10C1F40083B001900B468DF803300198FFF77EFF62
:10C204000246019B9B889A4207D89DF80330194641
:10C214000198FFF77FFF002300E00423184603B0D2
:10C224005DF804FB00B583B0019000910198FFF71D
:10C2340065FF0346002B05D000990198FFF799FF8D
:10C24400002300E00523184603B05DF804FB00005A
:10C2540082B003468DF807309DF8073003F01F02C3
:10C2640005499DF907305B09012000FA02F241F803
:10C27400232000BF02B0704700E100E082B0034613
:10C284008DF807309DF8073003F01F0206499DF929
:10C2940007305B09012000FA02F2203341F8232021
:10C2A40000BF02B0704700BF00E100E082B0034667
:10C2B4008DF807309DF8073003F01F0206499DF9F9
:10C2C40007305B09012000FA02F2403341F82320D1
:10C2D40000BF02B0704700BF00E100E082B0034637
:10C2E4008DF807309DF8073003F01F0206499DF9C9
:10C2F40007305B09012000FA02F2603341F8232081
:10C3040000BF02B0704700BF00E100E082B0034606
:10C3140000918DF807309DF90730002B0CDA009B53
:10C32400DAB20C499DF8073003F00F03043B5201C5
:10C33400D2B20B441A7609E0009BDAB206499DF9A1
:10C3440007305201D2B20B4483F8002300BF02B07D
:10C35400704700BF00ED00E000E100E084B0019010
:10C36400244B0393019B002B40D0234B1A68039961
:10C37400019B00BF00BF00BF00BF00BF00BF00BFE4
:10C3840000BF8A422FD000BF00BF00BF00BF00BF64
:10C3940000BF00BF00BF00BF00BF00BF00BF00BFA1
:10C3A40000BF00BF00BF00BF00BF00BF00BF00BF91
:10C3B40000BF00BF00BF00BF00BF00BF00BF00BF81
:10C3C40000BF00BF00BF00BF00BF00BF00BF00BF71
:10C3D40000BF00BF00BF00BF00BF00BF00BF00BF61
:10C3E40000BF00BF00BF013BC3D1019300BF04B035
:10C3F400704700BF0024F400342B002000B583B044
:10C404000190064A019BC2F8083507211120FFF765
:10C414007DFF00BF03B05DF804FB00BF00100140C6
:10C4240008B50D4B4FF48032C3F844230A4B4FF444
:10C434008032C3F804231120FFF750FF1120FFF7C7
:10C4440007FF054B01221A602F20FFF787FF034BDC
:10C4540001221A7000BF08BD001001409E37002061
:10C4640008B51120FFF70AFF0E4B4FF48032C3F8D2
:10C4740048230C4B4FF48032C3F80823094B0122A4
:10C484005A602F20FFF76AFF064B01229A60064B81
:10C4940000221A602F20FFF761FF044B00221A705C
:10C4A40000BF08BD00100140903700209E370020D7
:10C4B400024BD3F804351846704700BF0010014002
:10C4C40082B001900091019A009BD31A23F07F431C
:10C4D400184602B07047000082B00190034A019BE5
:10C4E400C2F8403500BF02B0704700BF00100140E1
:10C4F40086B00190284B1B68002B03D1264A019B70
:10C50400136045E0019B1A68234B1B681B689A4221
:10C5140010D8214B1B681968019B1A681E4B1B68B5
:10C524008A1A1A601C4B1A68019BDA611A4A019B29
:10C5340013602DE0019B1B680393174B1B68059345
:10C54400154B1B68049309E0049B1B68039AD31AD8
:10C554000393049B0593049BDB690493049B002BC6
:10C5640004D0049B1B68039A9A42EDD8049B002BC9
:10C5740005D0049B1A68039BD21A049B1A60019B82
:10C58400039A1A60019B049ADA61059B019ADA61A5
:10C5940000BF06B0704700BF8C37002000B587B0DD
:10C5A40001902A4B1B680393284B1B680593059B3A
:10C5B400049308E0049A019B9A4208D0049B0593D3
:10C5C400049BDB690493049B002BF3D100E000BFC0
:10C5D400049B002B01D1002333E0059A049B9A426B
:10C5E40014D11A4B1B68DB69184A1360174B1B687C
:10C5F400002B0BD1164B01229A60164B00221A60B5
:10C60400154B01221A702F20FFF7A8FE049B1B680C
:10C614000293049BDA69059BDA61059BDB69049349
:10C62400049B002B05D0049B1A68029B1A44049BAC
:10C634001A60064B1B68039A9A4214BF0123002315
:10C64400DBB2184607B05DF804FB00BF8C3700204E
:10C6540000100140903700209F37002008B51120BA
:10C66400FFF724FE00BF08BD08B51420FFF71EFE27
:10C6740000BF08BD00B583B00190019B5B69019ABE
:10C6840092691046984700BF03B05DF804FB0000B0
:10C6940000B585B02B4B1B68002B4ED000230193B3
:10C6A400FFF706FF0246284B1B6819461046FFF7A2
:10C6B40007FF0290234B1B6803931DE0039B1B6839
:10C6C400029A9A421CD3039B1B68029AD31A0293C0
:10C6D400039B1B68019A13440193039B0093039BE0
:10C6E400DB690393009B1B7C002B05D0009B00227D
:10C6F4001A740098FFF7BEFF039B002BDED100E005
:10C7040000BF124B1A78124B1B789A420CD1104B73
:10C714001B780133DAB20E4B1A700D4B1B78022BC7
:10C7240002D10B4B00221A70094B1B781946094A97
:10C73400019B42F82130FFF797FF00BF05B05DF879
:10C7440004FB00BF8C370020903700209C3700206A
:10C754009D3700209437002082B00190184B1A783E
:10C76400184B1B789A4223D0154B1B780133DAB24D
:10C77400134B1A70124B1B78022B02D1104B002260
:10C784001A700F4B1B781A460F4B53F82220019B4B
:10C794001A60019B1A680D4B1B6813440B4A136003
:10C7A4000A4B1B6823F07F43084A1360012303E00C
:10C7B400019B00221A600023184602B0704700BF94
:10C7C4009C3700209D3700209437002090370020AC
:10C7D40088B00390029101920023079338E0204B24
:10C7E4001B680693069B1B68039A9A4206D2069B13
:10C7F4001A68039BD21A069B1A602EE0069B1B68DC
:10C80400039AD31A0393069B1B68079A134407934E
:10C81400069B00221A60124B1B680593069BDB697A
:10C824000F4A1360069BDB68002B11D0029A079B0A
:10C83400134423F07F42069B5A60069BDA68069BEA
:10C844009A60019B1A68069BDA61019B059A1A603B
:10C85400034B1B68002BC2D100BF00BF08B0704758
:10C864008C37002000B589B0019000238DF81F306B
:10C87400664B1B680593AAE0019B002B05D0019B26
:10C884000693069BDB69019361E0614B1B781A46B2
:10C8940013465B001344DB005D4A134404330493E2
:10C8A4005B4B1B780133DAB2594B1A70584B1A7828
:10C8B400574B9B789A4202D1554B00221A70049B25
:10C8C4005B680693049B1B78032B1ED0032B7EDC32
:10C8D400012B1FD0022B7AD1049B5B681846FFF70B
:10C8E4005DFE0346002B02D001238DF81F30069B0A
:10C8F40000221A746BE0454B1B680393039B0022D0
:10C904001A74039BDB69414A1360404B1B68002B7C
:10C91400F1D15CE000BF069B1B7C002B00D056E0ED
:10C92400049B9A68069B5A60049BDA68069B9A608B
:10C93400049B1A69069BDA60049B5A69069B9A61F8
:10C94400344B1B78002B02D0069B00225A60069BB6
:10C954005A68314B1B68D31A23F07F432F4A934202
:10C964000ED8069B5B682C4A126811461846FFF7DE
:10C97400A7FD0246069B9B681A44069B1A6017E0B3
:10C98400254B1A68069B5B6819461046FFF798FD0D
:10C994000290069B9B68029A9A4206D2069B9A686A
:10C9A400029BD21A069B1A6002E0069B00221A60C0
:10C9B400069B00225A60069B00229A60069B012275
:10C9C4001A74069B0022DA610698FFF791FD019B19
:10C9D400002B7FF451AF0E4B1A780D4B5B789A42C3
:10C9E4007FF44AAF9DF81F30002B04D1074B1B681E
:10C9F400059A9A4201D0012300E0002303F00103C9
:10CA0400DBB2184609B05DF804FB00BF8C37002088
:10CA1400803600209F37002090370020FEFF7F00E3
:10CA240010B588B00190274B1B68002B44D0254BD0
:10CA34001B681B680793FFF73BFD0690224B1B689E
:10CA4400059305990698FFF73BFD034603330493CA
:10CA54001E4B1B7883F00103DBB2002B01D0FFF7E0
:10CA6400DFFC049A079B934238BF1346059A13448C
:10CA74000593059B23F07F4305930598FFF72CFD51
:10CA8400FFF716FD039006990398FFF719FD034677
:10CA9400DC1C06990598FFF713FD03469C420DD94B
:10CAA400FFF706FD03461846FFF716FD2F20FFF794
:10CAB40055FCFFF7D3FD01E0FFF7D2FC00BF08B03F
:10CAC40010BD00BF8C370020903700209E37002017
:10CAD40000B587B00023019300238DF81730194B5C
:10CAE4001B680493184B1B6803936B461846FFF7A7
:10CAF40033FE03468DF80B309DF80B30002B08D025
:10CB0400009B01AA04991846FFF762FE01238DF8E1
:10CB14001730019B1846FFF7A5FE0346002B02D0F1
:10CB240001238DF817309DF81730002B02D003989D
:10CB3400FFF776FF054B00221A7000BF07B05DF8BF
:10CB440004FB00BF903700208C3700209F37002063
:10CB540082B003468DF80730034A9DF807305370BE
:10CB640000BF02B0704700BF8036002084B001903F
:10CB7400144B5B7801338DF80F30124B9B789DF882
:10CB84000F209A4202D100238DF80F300D4B1B78F1
:10CB94009DF80F209A4201D100230FE0019B9DF8DC
:10CBA4000F201A70074B5B781A4613465B00134438
:10CBB400DB00044A134404330293029B184604B076
:10CBC400704700BF8036002000B589B00390029101
:10CBD400019200930023079300238DF816300DF182
:10CBE4001603184600F046FB0DF117031846FFF72D
:10CBF400BDFF0690069B002B02D10423079318E087
:10CC0400069B01221A70069B039A5A60FFF750FC98
:10CC14000246069B9A60069B029ADA60069B019A7A
:10CC24001A61069B009A5A619DF817301846FFF75F
:10CC34008FFF9DF81630184600F032FB079B002B3F
:10CC440001D1FFF711FD079B184609B05DF804FBFD
:10CC540000B587B001900B468DF80330002305938F
:10CC640000238DF80E300DF10E03184600F002FB80
:10CC74000DF10F031846FFF779FF0490049B002B76
:10CC840002D1042305930BE0049B9DF803201A7042
:10CC9400049B019A5A609DF80F301846FFF758FF1D
:10CCA4009DF80E30184600F0FBFA059B002B01D1CD
:10CCB400FFF7DAFC059B184607B05DF804FB00009B
:10CCC40008B50E4B0022C3F840210C4B0022C3F8D8
:10CCD40044210A4B0022C3F84821084B0022C3F820
:10CCE4004C21064B0022C3F80021044B0022C3F858
:10CCF4000421FFF7CDFC00BF08BD00BF00100140B8
:10CD040008B5FFF7E5FE00BF08BD000008B5FFF752
:10CD1400A7FB134B00221A70114B00225A70104BC0
:10CD24000B229A700F4B00221A600F4B00221A70CC
:10CD34000E4B00221A701420FFF7D0FA072114209A
:10CD4400FFF7E4FA1420FFF783FA0020FFF756FBFD
:10CD5400FFF7AEFB0346064A13600023184608BDDE
:10CD6400803600208C3700209C3700209D3700201F
:10CD74009037002086B003900B4601928DF80B305B
:10CD8400134B9B78002B01D108231EE0019B002B41
:10CD940001D1072319E0039B002B01D1072314E0E1
:10CDA400039B1B681B7C002B01D008230DE0039B15
:10CDB4001B680593059B00221A74059B9DF80B20A4
:10CDC4005A74059B019A5A610023184606B07047AD
:10CDD4008036002000B587B0039002910192039B36
:10CDE4000593144B9B78002B01D108231EE0039B71
:10CDF400002B01D1082319E0029B042B01D807233F
:10CE040014E0059B5B69002B01D108230EE0059B10
:10CE14005B7C012B01D1029B00E000230493019B66
:10CE2400049A02990598FFF7CFFE0346184607B007
:10CE34005DF804FB8036002000B585B00190019BAD
:10CE440003930D4B9B78002B01D1082310E0019B29
:10CE5400002B03D0039B5B69002B01D1082307E05F
:10CE6400039B00221A7402210398FFF7F1FE034684
:10CE7400184605B05DF804FB8036002084B00190AC
:10CE8400019B9B680393019BDA68039BD31A1846A2
:10CE940004B0704700B587B001900091019B1B78E6
:10CEA400022B3BD0022B60DC002B48D0012B5CD141
:10CEB400019B5B681B7819462E48FFF798F905908B
:10CEC400059B002B0AD001238DF80C30059B04939D
:10CED400294B1B6803AA104698470DE02548FFF725
:10CEE400CDFF0346002B07D000238DF80C30224BD6
:10CEF4001B6803AA104698471E48FFF7BFFF034666
:10CF04001C4A9288934205D801221C491C48FEF70A
:10CF14001FFD2BE01B4B01221A7027E002238DF822
:10CF24000C30019BDB680493012214491448FEF77A
:10CF34000FFD114B1B6803AA1046984716E01249CF
:10CF44001248FFF76FF90346002B05D101220E4961
:10CF54000B48FEF7F3FA09E003238DF80C30064B77
:10CF64001B6803AA1046984700E000BF00BF07B043
:10CF74005DF804FBAC370020A0370020A837002060
:10CF8400382B0020A9370020A4370020BC3700200C
:10CF940030B58FB00390029101928DF803303E4A70
:10CFA400019B1360029B002B01D1072371E0029BBC
:10CFB4001968029B5B689BB21A463848FFF7EBF886
:10CFC4000D900D9B002B01D00D9B62E0029B996894
:10CFD400029BDB689BB21A463148FFF7DCF80D90E0
:10CFE4000D9B002B01D00D9B53E02E4B05AC1D4631
:10CFF4000FCD0FC495E80F0084E80F00039B5B6915
:10D004000B93039B1B7C002B14BF01230023DBB277
:10D014008DF828309DF803308DF83030039B5B7C0D
:10D02400002B01D00E2300E000238DF82930039B50
:10D03400DB680793039B9B680893039B1B68069319
:10D04400039B5B68059305AB174A19461748FEF71F
:10D054002FF90D900D9B002B01D00D9B19E0144B63
:10D0640000221A70039B1B68B3F1FF3F10D09DF898
:10D07400313083F00103DBB2002B02D00B48FEF702
:10D084002BFD01220B490948FEF762FC034600E030
:10D09400002318460FB030BDA0370020AC37002065
:10D0A400BC370020F030030099CE0200382B00205A
:10D0B400A9370020A837002000B587B00190019B54
:10D0C400002B03D11449C920F6F786F9134B1B78BA
:10D0D4008DF8173001991248FFF7A4F804909DF8D1
:10D0E4001730002B12D00D4B00221A7001220D496B
:10D0F4000D48FEF72DFC0390039B0293029B002B2B
:10D1040004D0054AD5210298FEF7FEFE049B18467A
:10D1140007B05DF804FB00BF10310300A9370020FD
:10D12400AC370020A8370020382B002000B585B08C
:10D1340003468DF807309DF8073019461048FFF76D
:10D1440056F80390039B002B15D10E48FEF762FAA4
:10D15400034683F00103DBB2002B0CD00A490848D4
:10D16400FFF760F80346002B05D101220649054864
:10D17400FEF7E4F90390039B184605B05DF804FB41
:10D18400BC370020382B0020A437002082B0EFF3F6
:10D1940010830093009B019372B600BF019B184655
:10D1A40002B0704762B600BF00BF704700B585B0DB
:10D1B4000190FFF7EBFF0390164B9B68002B1BD1EC
:10D1C400144B01229A60144BD3F88020134B134064
:10D1D400104A1360104B114AC3F880200E4BD3F849
:10D1E40084300C4A53600C4B4FF0FF32C3F8842058
:10D1F400019B00221A7002E0019B01221A70039B1A
:10D20400002B01D1FFF7CEFF0023184605B05DF8CF
:10D2140004FB00BFCC37002000E100E0FC06FFBDAA
:10D2240000B585B003468DF80730104B9B68002B82
:10D2340016D09DF80730002B12D1FFF7A7FF0390FB
:10D244000B4A0A4B1B681360094A084B5B6853601E
:10D25400064B00229A60039B002B01D1FFF7A2FF2B
:10D264000023184605B05DF804FB00BFCC3700204E
:10D2740000E100E000B583B0019000F02BF8034614
:10D28400012B03D005494320F6F7A6F80198FFF7D0
:10D294008DFF00BF03B05DF804FB00BF68310300DD
:10D2A40000B583B003468DF8073000F013F8034649
:10D2B400012B03D006495120F6F78EF89DF807306C
:10D2C4001846FFF7ADFF00BF03B05DF804FB00BFD5
:10D2D4006831030084B0EFF305830193019BC3F32A
:10D2E40008030393039B002B0DD1EFF314830093E6
:10D2F400009B0293029B03F00103002B0CBF01234C
:10D304000023DBB200E00123184604B0704786B066
:10D3140001900091019B53E8021F1FFAA1F2D888E3
:10D32400824202BFBFF32F8F00230DE0D88902444D
:10D334009889824228BF121AC1EA024243E80220B5
:10D344000028E8D14FF001038DF80F3005900291C9
:10D354000492029A009B1A609DF80F30DBB21846C3
:10D3640006B0704784B00190019951E8023FC3EAC6
:10D37400234341E80232002AF7D10392029300BF0B
:10D3840004B0704700B583B001900091009B19462A
:10D394000198FFF7BCFF0346002B05D0019B1B68D7
:10D3A400009A5288134400E00023184603B05DF845
:10D3B40004FB00B583B001900091009B1A88009B88
:10D3C4005B889A4204D10198FFF7CCFF012300E067
:10D3D4000023184603B05DF804FB000000B583B0D9
:10D3E40001900B468DF80330019B002B03D10849B3
:10D3F400AF20F5F7F1FF019BDA689DF8033001993E
:10D40400098A01FB03F31344184603B05DF804FBD7
:10D41400CC31030000B583B001900091019B002B37
:10D4240003D10849BC20F5F7D7FF009B019AD268C5
:10D434009B1A019A128AB3FBF2F3DBB2184603B0CB
:10D444005DF804FBCC31030000B585B00190019B6D
:10D45400002B01D10E2348E0019B1B68002B03D154
:10D464002449C620F5F7B8FF019B5B68002B03D164
:10D474002049C720F5F7B0FF019B9B68002B03D11F
:10D484001C49C820F5F7A8FF019BDB68002B03D1DA
:10D494001849C920F5F7A0FF019B1B8A002B03D173
:10D4A4001449CA20F5F798FF019B9A68019B5B68B1
:10D4B400D31A8DF80F30019B1B68019A52681A60C9
:10D4C40007E0019B1A681368591C11609DF80F202E
:10D4D4001A709DF80F305A1E8DF80F20002BF0D1D2
:10D4E400019B1B6800221A710023184605B05DF8E1
:10D4F40004FB00BFCC31030000B585B00190019B53
:10D50400002B03D11F49EC20F5F766FF002303939A
:10D5140000238DF80A300DF10A031846FFF7AAFE1E
:10D52400019B1B681A68019B5B689A421FD9019B87
:10D534001B681A68013A1A601B681B78194601981F
:10D54400FFF74CFF0390019B9A68019B1B681B68C3
:10D55400D31A8DF80B30019B1B681B799DF80B20A7
:10D564009A4204D9019B1B689DF80B201A719DF8FF
:10D574000A301846FFF794FE039B184605B05DF881
:10D5840004FB00BFCC31030010B584B001900091BE
:10D59400019B002B04D115494FF48870F5F71CFF4B
:10D5A400009B002B04D1114940F21110F5F714FF30
:10D5B400009B039300238DF80B300DF10B031846E9
:10D5C400FFF758FE019B1B681C68621C1A600399D4
:10D5D4000198FFF71FFF034623709DF80B30184690
:10D5E400FFF75EFE00BF04B010BD00BFCC310300E6
:10D5F40000B583B00190019B002B03D10C4931206D
:10D60400F5F7EAFE019B9B68002B0CD0019B5B693C
:10D61400019A1069019A1168019A92689847019BCE
:10D6240000229A6000E000BF03B05DF804FB00BF75
:10D63400203203000EB400B584B00190019B002B8E
:10D6440003D118494220F5F7C7FE019B5B69002B03
:10D6540003D114494320F5F7BFFE019B1B68002B3F
:10D6640003D110494420F5F7B7FE019B5B68002BFA
:10D6740003D10C494520F5F7AFFE059B002B0AD0DA
:10D684000023039306AB039303AB1A460599019851
:10D6940000F0B0F900E000BF04B05DF804EB03B0A3
:10D6A400704700BF2032030000B583B001900B46E1
:10D6B4008DF80330019B1A68019B9B68581C0199E3
:10D6C400886013449DF803201A70019B9A68019B9B
:10D6D4005B689A4202D30198FFF78AFF00BF03B048
:10D6E4005DF804FB00B587B00390029101920093AA
:10D6F40000230593009B03F00103002B24D00BE0CF
:10D70400029B01330293059B013305939DF813306B
:10D7140019460398FFF7C8FF029B1B788DF8133056
:10D724009DF81330002BEBD106E0019B013B0193E4
:10D7340020210398FFF7B8FF019A059B9A422ED93E
:10D74400019B002BF1D12AE0029B002B0BD0029805
:10D7540004F074FE059006E0019B013B0193202137
:10D764000398FFF7A1FF019A059B9A420FD9019BE9
:10D77400002BF1D10BE0029B01330293059B013393
:10D7840005939DF8133019460398FFF78DFF029B0C
:10D794001B788DF813309DF81330002BEBD100BFAC
:10D7A40007B05DF804FB000000B589B00390029156
:10D7B40001920093029B07930123069307E0079AC3
:10D7C400019BB2FBF3F30793069B01330693079A7D
:10D7D400019B9A42F3D2009A069B9A4201D9009B7C
:10D7E40006930B9B03F00103002B22D10A9B002B11
:10D7F4001FD00B9B03F00203002B06D0009B002BD1
:10D8040003D130238DF8173002E020238DF8173030
:10D8140008E00A9B013B0A939DF8173019460398C8
:10D82400FFF742FF0A9B002B03D0069A0A9B9A42F9
:10D83400EFD301230793009B012B03D9009B013BEA
:10D84400009309E0029A079BB2FBF3F30493049A52
:10D85400019B9A4200D205E0079B019A02FB03F365
:10D864000793E8E7029A079BB2FBF3F30493049B44
:10D87400079A02FB03F3029AD31A0293154A049BF4
:10D8840013441B7819460398FFF70EFF079A019B70
:10D89400B2FBF3F30793079B002BE3D10B9B03F03D
:10D8A4000103002B11D00A9B002B0ED006E00A9B2B
:10D8B400013B0A9320210398FFF7F6FE0A9B002BF5
:10D8C40003D0069A0A9B9A42F1D300BF09B05DF8CF
:10D8D40004FB00BFC032030000B589B00590049179
:10D8E40003920293049B002BB8BF5B42069301236F
:10D8F400079307E0039B069A92FBF3F30693079BB7
:10D9040001330793039B069A9A42F3DA029A079B20
:10D914009A4201D9029B07930A9B002B0AD0049BCD
:10D92400002B04DB0B9B03F00403002B02D00A9BA7
:10D93400013B0A930B9B03F00203002B02D0029BD2
:10D94400002B16D00B9B03F00103002B11D10A9B73
:10D95400002B0ED006E00A9B013B0A932021059878
:10D96400FFF7A2FE0A9B002B03D0079A0A9B9A4258
:10D97400F1D3049B002B07DA049B5B4204932D2113
:10D984000598FFF791FE08E00B9B03F00403002BBE
:10D9940003D02B210598FFF787FE0B9B03F00203AE
:10D9A400002B19D00B9B03F00103002B14D1029B15
:10D9B400002B11D10A9B002B0ED006E00A9B013BE1
:10D9C4000A9330210598FFF76FFE0A9B002B03D0C2
:10D9D400079A0A9B9A42F1D304990B9B01930A9BE1
:10D9E4000093029B039A0598FFF7DEFE00BF09B07F
:10D9F4005DF804FB00B58FB0059004910392059B7C
:10DA0400002B04D1AD494FF49F70F5F7E5FC059B5D
:10DA14005B69002B04D1A9494FF4A070F5F7DCFC35
:10DA2400059B1B68002B04D1A44940F24110F5F773
:10DA3400D3FC059B5B68002B04D1A0494FF4A17073
:10DA4400F5F7CAFC049B002B00F09381049B1B7820
:10DA54008DF83730049B013304939DF83730002B45
:10DA640000F07E819DF83730252B40F06D81002336
:10DA74000A9301230C93049B1B788DF837309DF88F
:10DA84003730302B0DD0302B1BDC2B2B11D02D2B12
:10DA940017D10A9B43F001030A93049B01330493B7
:10DAA40012E00A9B43F002030A93049B013304939C
:10DAB4000AE00A9B43F004030A93049B0133049392
:10DAC40002E000230C9300BF0C9B002BD3D1002356
:10DAD40009939DF837302A2B0CD1039B1B68191D21
:10DAE400039A11601B68099A13440993049B013338
:10DAF40004931AE0049B1B788DF837309DF8373077
:10DB04002F2B12D99DF83730392B0ED8049B0133B3
:10DB14000493099A13469B0013445B001A469DF82C
:10DB240037301344303B0993D3E700230B93049B12
:10DB34001B788DF837309DF837302E2B1DD1049B80
:10DB440001330493049B1B788DF837309DF83730EC
:10DB54002F2B12D99DF83730392B0ED8049B013363
:10DB640004930B9A13469B0013445B001A469DF8DA
:10DB740037301344303B0B93E4E7049B1B788DF858
:10DB840037309DF837306C2B03D09DF83730682B35
:10DB940007D1049B01330493049B1B788DF8373021
:10DBA400EFE79DF83730252B00F0C480252BC0F219
:10DBB400C680782B00F3C380582BC0F2C080583B3A
:10DBC400202B00F2BC8001A252F823F0C5DC020035
:10DBD40043DD020043DD020043DD020043DD0200B9
:10DBE40043DD020043DD020043DD020043DD0200A9
:10DBF40043DD020043DD020055DC020077DC020055
:10DC040043DD020043DD020043DD020043DD020088
:10DC140077DC020043DD020043DD020043DD020045
:10DC240043DD020043DD020043DD020005DD0200A6
:10DC340043DD020043DD0200E9DC020043DD0200B3
:10DC44009BDC020043DD020043DD0200C5DC020070
:10DC5400039B1B68191D039A11601B680C930C9B92
:10DC64008DF81F309DF81F3019460598FFF71CFDED
:10DC740066E0039B1B68191D039A11601B680C93D3
:10DC84000A9B0193099B00930B9B0A220C9905980C
:10DC9400FFF722FE54E0039B1B68191D039A1160D1
:10DCA4001B680C930C990A9B0193099B00930B9B93
:10DCB4000A220598FFF778FD42E000BF6C320300AA
:10DCC400039B1B68191D039A11601B680C930C9924
:10DCD4000A9B0193099B00930B9B10220598FFF765
:10DCE40063FD2DE0039B1B68191D039A11601B68DB
:10DCF40008930A9B099A08990598FFF7F3FC1FE01B
:10DD0400039B1B68191D039A11601B680C93302137
:10DD14000598FFF7C9FC78210598FFF7C5FC0C9915
:10DD24000023019308230093082310220598FFF78A
:10DD34003BFD05E025210598FFF7B6FC00E000BF98
:10DD4400049B0133049305E09DF837301946059888
:10DD5400FFF7AAFC049B1B78002B7FF477AE00E04E
:10DD640000BF059B1B7B002B04D00598FFF740FCEC
:10DD740000E000BF0FB05DF804FB00BF00B585B044
:10DD84000190019B002B03D0019B1B68002B28D121
:10DD94000023039319E0039A13469B0013449B004A
:10DDA4001A46154B13440193019B1B68002B09D0A1
:10DDB400019B1B68DB69019898470346002B01D03F
:10DDC400012314E0039B013303930C4A0A4BD31A37
:10DDD4000B4AA2FB03231B09039A9A42DBD30023B9
:10DDE40005E0019B1B68DB690198984703461846C8
:10DDF40005B05DF804FB00BFEC2A0020EC2A0020EB
:10DE0400CDCCCCCC29DF704700BF184628DF704743
:10DE140000BF184600B589B001900091019B1B68B2
:10DE24009B68002B31D003AB00221A605A609A60C1
:10DE3400DA601A61009B0493019B9B680793019B22
:10DE44001B79002B02D0012B0AD017E001238DF897
:10DE54000C30019B1B690593019B5B6906930DE0E4
:10DE640002238DF80C30019BDB684FF4805202FBD7
:10DE740003F30593019B5B69069300BF019B1B6839
:10DE84009B6803AA1046984700E000BF09B05DF8FC
:10DE940004FB00B587B00190019B5A69019B9B6903
:10DEA400D31AB3F5805F28BF4FF48053059304223F
:10DEB400059BB3FBF2F3012B38BF01230593019BB0
:10DEC4001A69019B9B6913440493019BDB681A46FE
:10DED400019B9B6913440393059A03990498FFF7E4
:10DEE40091FF0346184607B05DF804FB00B583B004
:10DEF4000190019BDA68019B1B6913441846FFF7E4
:10DF040085FF0346184603B05DF804FB08B5034BD0
:10DF140003491846FFF74DFA00BF08BDD837002063
:10DF24000038002008B5084B08491846FFF72AFABC
:10DF34000346074A1360064B1B68002B14BF0123DA
:10DF44000023DBB2184608BDD83700200038002073
:10DF5400FC37002000B583B0294B1B7A002B0BD172
:10DF6400FFF7E0FF034683F00103DBB2002B03D08D
:10DF7400234B00225A6040E0214B02221A72214BAB
:10DF84001B681B79002B02D0012B07D00DE01D4B21
:10DF94001B681846FFF77DFF019009E0194B1B68C9
:10DFA4001846FFF7A3FF019002E00323019300BF8B
:10DFB400019B002B03D0019B112B0CD00FE0104BC5
:10DFC4001B7C83F00103DBB2002B15D0002102205F
:10DFD40000F06CF810E00A4B01221A720DE0094BB4
:10DFE4001B6803211846FFF715FF054B00221A7220
:10DFF400034B00225A6000E000BF03B05DF804FB4D
:10E00400E8370020FC37002084B001901B4B00222D
:10E01400DA60019B1B79002B02D0012B19D028E078
:10E02400019B5A69019B9B69D31AB3F5805F28BF92
:10E034004FF480530393019B9A69039B1A44019BF9
:10E044009A61019B9A69019B5B699A420ED10123F3
:10E0540010E0019B1B695A1C019B1A61019B1A6900
:10E06400019B5B699A4203D1012303E000BF00E0F6
:10E0740000BF0023184604B0704700BFE8370020F3
:10E0840082B00190084BDB680133074AD360064B2A
:10E09400DB68082B04D9044B0022DA60012300E07A
:10E0A4000023184602B07047E837002000B585B059
:10E0B40001900091254B1B7A012B33D0022B41D1C7
:10E0C40000238DF80F30019B022B03D0019B032BFF
:10E0D40009D011E01E4B1B681846FFF795FF034655
:10E0E4008DF80F3008E01A4B1B681846FFF7C8FF7D
:10E0F40003468DF80F3000BF9DF80F30002B13D06E
:10E10400124B00221A72124B1A68019B022B01D186
:10E11400002300E00D2319461046FFF77BFEFFF7AE
:10E12400F5FE01E000BF00E000BF084B5B7C83F01C
:10E134000103DBB2002B02D0FFF70CFF03E001F078
:10E14400D3FF00E000BF05B05DF804FBE837002012
:10E15400FC37002082B0034600918DF80730064B4F
:10E1640001225A74044B1B7A002B0CBF0123002399
:10E17400DBB2184602B07047E837002000B583B020
:10E18400034600918DF807309DF80730012B03D02A
:10E194009DF80730032B0DD1084B00225A749DF8CB
:10E1A4000730012B0CBF01230023DAB2034B1A748E
:10E1B400FFF7D0FE00BF03B05DF804FBE837002092
:10E1C40010B487B001900091019B009A53E8004F6E
:10E1D40004EB020043E8000191F0000FF6D105942E
:10E1E40004900391049B184607B05DF8044B7047F4
:10E1F40010B487B001900091019B009A53E8004F3E
:10E20400A4EB020043E8000191F0000FF6D105945D
:10E2140004900391049B184607B05DF8044B7047C3
:10E2240000B583B001900198FFF70EF90346184634
:10E2340003B05DF804FB00B58BB001900091019B25
:10E244001B8A043B0793009A079B1344DA1C079B21
:10E25400B2FBF3F38DF81B300198FFF74DF90590ED
:10E26400059B002B01D1002338E0059B00221A7185
:10E27400059B01225A71079B9AB2059BDA80059B84
:10E2840009939DF81B30013B0493099B019A1A6082
:10E29400002308931DE00198FFF72EF90390039BD8
:10E2A400002B0ED0059B5B790133DAB2059B5A71C2
:10E2B400099B039A1A60039B019A1A60039B0993B2
:10E2C40004E0059800F00EF8002307E0089B0133F2
:10E2D4000893089A049B9A42DDD3059B18460BB019
:10E2E4005DF804FB00B58BB00190019B0793079B7D
:10E2F4005B798DF81B30019B08939DF81B30013B23
:10E3040005930023099305E0089B1B680893099B68
:10E3140001330993099A059B9A42F5D3089B1B681C
:10E324000493019B0893002309930BE0089B1B684B
:10E33400039308990498FFF727F9039B0893099B13
:10E34400013309939DF81B30099A9A42EED300BF1A
:10E3540000BF0BB05DF804FB00B585B00190019BD4
:10E364000393039B043301211846FFF729FF00BFE1
:10E3740005B05DF804FB00B587B00190019B0593DF
:10E38400059B043301211846FFF732FF034603932C
:10E3940003AB0493049B1B78002B02D10198FFF775
:10E3A400A1FF00BF07B05DF804FB000000B58DB00D
:10E3B4000390029101920093039B0693069BDB88D2
:10E3C4000593039B0B93009B1A1D059BB2FBF3F370
:10E3D4000A93009B0433059AB3FBF2F2059901FBFF
:10E3E40002F29B1A0993009A019B1A44059B134459
:10E3F400DA1C059BB2FBF3F38DF81330069B5B79B3
:10E404009DF813209A420AD92849BA20F4F7E4FF68
:10E4140005E00B9B1B680B930A9B013B0A930A9B29
:10E42400002BF6D100230893059A099BD31A07936E
:10E43400079A019B934228BF134607932DE09DF84A
:10E444003830002B0BD0029A089BD0180B9A099BEA
:10E4540013440433079A194604F02CF80AE00B9A83
:10E46400099B1344181D029A089B1344079A1946E2
:10E4740004F020F8002309930B9B1B680B93019A6B
:10E48400079BD31A0193089A079B13440893059A90
:10E49400019B934228BF13460793019B002BCED1C7
:10E4A40000BF00BF0DB05DF804FB00BFD032030015
:10E4B40000B587B005900491039202930023009362
:10E4C400029B039A04990598FFF770FF00BF07B0F9
:10E4D4005DF804FB00B587B00590049103920293A4
:10E4E40001230093029B039A04990598FFF75EFFAA
:10E4F40000BF07B05DF804FB00B583B00190009144
:10E50400019B002B03D110495020F4F765FF009BB9
:10E51400002B03D10C495120F4F75EFF019B009AB4
:10E524001A60019B1B681A68019B5A60019B5A6818
:10E53400019B1B685B689A4202D1019B00225A60CE
:10E5440000BF03B05DF804FB2434030000B583B0BE
:10E554000190019B002B03D114496320F4F73CFF85
:10E56400019B1B68002B03D110496420F4F734FF8E
:10E57400019B5B68002B14D0019B5B681A46019BCE
:10E584001B689B6813441A46019B5A60019B5A6896
:10E59400019B1B685B689A4204D1019B00225A606C
:10E5A40000E000BF03B05DF804FB00BF24340300A7
:10E5B40000B585B00190019800F00EF80390039B1C
:10E5C400002B01D0039B00E0024B184605B05DF818
:10E5D40004FB00BF9434030086B00190164B0593EE
:10E5E400164B04931FE0049A059BD31ADB10DA0F31
:10E5F40013445B10DB00059A13440393039B1B68CD
:10E604000293029A019B9A4202D9039B04930AE063
:10E61400029A019B9A4203D2039B0833059302E0BA
:10E62400039B5B6804E0059A049B9A42DBD30023B6
:10E63400184606B0704700BFB0370300A038030087
:10E6440082B001900B46ADF80230019B1A68BDF808
:10E654000230012101FA03F31A43019B1A6000BF3F
:10E6640002B0704782B001900B46ADF80230019BB6
:10E674001A68BDF80230012101FA03F3DB431A40A2
:10E68400019B1A6000BF02B0704782B001900B4634
:10E69400ADF80230BDF80230012202FA03F31A4643
:10E6A400019B1340002B14BF01230023DBB2184647
:10E6B40002B0704700B585B001900023ADF80E306C
:10E6C40010E0BDF80E3019460198FFF7DEFF03464F
:10E6D400002B02D0BDF80E300AE0BDF80E30013335
:10E6E400ADF80E30BDF80E301F2BEAD94FF6FF738C
:10E6F400184605B05DF804FB00B587B00590049199
:10E7040011461A460B46ADF80E3013468DF80D30FF
:10E71400BDF80E209DF80D30009313460122049994
:10E72400059800F004F800BF07B05DF804FB00B5DD
:10E7340087B0039002910192ADF80230039B002B45
:10E744003BD0029B002B38D0019B002B35D00023FB
:10E7540005932FE0059B5B00039A13441B88BDF8C7
:10E7640002209A4223D1002304931BE09DF8203019
:10E77400002B0AD0049B9B00029A1344059A92B280
:10E7840011461846FFF75CFF09E0049B9B00029AC0
:10E794001344059A92B211461846FFF763FF049B8F
:10E7A40001330493049A019B9A42DFD305E0059B4D
:10E7B40001330593059B1F2BCCD907B05DF804FBEF
:10E7C40000B597B003900291019200230493029B39
:10E7D400002B1ED00023159318E0159B9BB21946FD
:10E7E4000198FFF752FF0346002B0CD0159B5B00EA
:10E7F400029A1A44049B591C049112885B005833F2
:10E804006B4423F8442C159B01331593159B1F2B44
:10E81400E3D9039B184604AB4422194603F04AFE8D
:10E82400039817B05DF804FB08B501F0B5F900BF13
:10E8340008BD00B589B0039002910192019B002BA1
:10E8440022D0002307930A230693029A079B1344BA
:10E85400019A1946002001F029F90590079A059BB1
:10E8640013440793019A059BD31A0193059B002B2C
:10E8740005D1069B013B0693069B002B03D0019B0D
:10E88400002BE2D100E000BF00BF09B05DF804FB3B
:10E8940000B585B003900291054B00934023054ACF
:10E8A4000299039800F012F800BF05B05DF804FB6C
:10E8B40037E802000438002082B0019000BF02B0A3
:10E8C400704782B0019000BF02B0704700B5A1B09C
:10E8D40005900491039202930498FFF73DFD039B76
:10E8E4001593029B16930023179300238DF8603031
:10E8F40000231993229B1A9300231F930FA91F9B94
:10E9040008220498FFF7E6FD08231F93119B129336
:10E91400109B9BB2ADF84C3000238DF850309DF81D
:10E924003C3003F00303DBB2012B32D10F9BC3F362
:10E9340095231C939DF83C30C3F3C203DBB28DF8DE
:10E944004E309DF83C30C3F38003DBB2002B14BF80
:10E9540001230023DBB28DF84F30BDF83C30C3F304
:10E964008313DBB21B931B9B9A0009A91F9B04987A
:10E97400FFF7B0FD1B9B9B001F9A13441F9312AA21
:10E9840009A915AB009313461B9A1C9800F074FE5A
:10E994003BE09DF83C3003F00303DBB2022B34D19F
:10E9A400BDF83E30C3F389139BB21E939DF83C30EF
:10E9B400C3F3C203DBB28DF84E309DF83C30C3F391
:10E9C4008003DBB2002B14BF01230023DBB28DF8DC
:10E9D4004F301E9B082B28BF08231D9307A91F9B9C
:10E9E4001D9A0498FFF776FD1F9A1D9B13441F93ED
:10E9F4001E9A1D9BD31A1E9315AB12AA07A81D9924
:10EA040000F0DCFE1E9B002BE3D10498FFF7B3FC5F
:10EA140000BF21B05DF804FB82B00190019B01228C
:10EA24005A7200BF02B0704700B583B04FF0FF3395
:10EA34000193FFF7F9FE0421084800F057FD019007
:10EA4400019B002B03DA06494120F4F7C5FC034877
:10EA5400FFF7E2FF00BF03B05DF804FB402B00208A
:10EA6400AC38030000B583B001900091019B1B6892
:10EA74001B6800990198984700BF03B05DF804FB38
:10EA840000B583B00190019B1B685B6801989847AF
:10EA940000BF03B05DF804FB82B001900B468DF813
:10EAA4000330019B9DF803201A7200BF02B0704727
:10EAB40082B00190019B1B7A184602B0704782B065
:10EAC4000190019B01225A7200BF02B0704782B0CC
:10EAD4000190019B5B7A184602B0704710B487B06E
:10EAE40001900091019B009A53E8004F44EA020010
:10EAF40043E8000191F0000FF6D1059404900391CE
:10EB0400049B184607B05DF8044B704710B487B0F7
:10EB140001900091019B009A53E8004F04EA02001F
:10EB240043E8000191F0000FF6D10594049003919D
:10EB3400059B184607B05DF8044B704700B583B0D9
:10EB4400019001210198FFF7C9FF0346184603B05D
:10EB54005DF804FB00B583B0019000210198FFF734
:10EB6400D5FF0346184603B05DF804FB00B587B033
:10EB740001901F4BFF229A601D4B00221A601C4B10
:10EB840000225A601A4B0022C3F81824184B0022A2
:10EB9400C3F81424164B002283F81C241548FFF7ED
:10EBA4003FFB0490049B002B01D0049B1CE0124A01
:10EBB400124BD31ADB080393002305930FE0059A45
:10EBC40013465B0013449B001A460D4B13440293F7
:10EBD400059B9AB2029B1A80059B01330593059A03
:10EBE400039B9A42EBD30023184607B05DF804FB5D
:10EBF400143900201C39030014270300BC26030029
:10EC0400682A0020024A034BD31ADB0818467047CF
:10EC140014270300BC26030000B587B001900B46FF
:10EC24008DF803309DF80330002B23D0FFF7EAFF63
:10EC340004900023059317E0059A13465B001344E0
:10EC44009B001A460E4B13440393039B5B881A469E
:10EC5400019B1B689A4204D1019B059A1A60002308
:10EC640009E0059B01330593059A049B9A42E3D37B
:10EC7400052300E00023184607B05DF804FB00BF3D
:10EC8400682A002000B585B001900B468DF803304A
:10EC94009DF8032001AB11461846FFF7BDFF03465C
:10ECA400002B07D1019BDB00054A13440393039B0C
:10ECB4001B6800E00023184605B05DF804FB00BFA4
:10ECC400BC26030084B001900B468DF80330019BF1
:10ECD400DB00174A134402939DF80330013B032BD6
:10ECE4001CD801A252F823F0FDEC020005ED02004D
:10ECF4000DED020017ED020002238DF80F3011E034
:10ED040004238DF80F300DE0029B1B798DF80F3032
:10ED140008E0029B5B798DF80F3003E000238DF847
:10ED24000F3000BF9DF80F30184604B0704700BF85
:10ED3400BC26030000B589B04148FFF7FFFE4148F7
:10ED4400FFF7FCFE404B5B6807933F4B9B680493C3
:10ED5400079A049B134002339B003B4A1344043339
:10ED640006931BE0079B01330793069B5B88C3F361
:10ED740089139BB21A46069B1B88C3F389139BB263
:10ED840013441A46079B13440793079A049B1340A2
:10ED940002339B002C4A134404330693069B1B78CE
:10EDA40003F00303DBB2002BDCD00023059311E056
:10EDB400079B5A1C0792049A1340059A92006946CD
:10EDC4000A44214902339B000B445B681360059B92
:10EDD40001330593059B012BEAD99DF80030C3F359
:10EDE4000103DBB2012B0CD0022B14D1BDF802308D
:10EDF400C3F389139BB203339B08079A1344079305
:10EE04000FE0BDF80030C3F38313DBB21A46079B4F
:10EE14001344079305E00D4940F24D10F4F7DCFA72
:10EE240000BF0848FFF796FE0390039B002B02D017
:10EE3400054A079B536000BF09B05DF804FB00BF9F
:10EE44002C3D0020283D00201439002040390300C7
:10EE540010B586B00390029101920093039B1B0CA2
:10EE6400ADF81630BDF81640FFF7CCFE03469C42C1
:10EE740004D323494FF4B270F4F7AEFA009B5A1C42
:10EE8400089B1340BDF816201E4902339B000B4417
:10EE94005A60009A089B134002339B00194A13449A
:10EEA40004330493039B1B0903F00103D9B2049AAE
:10EEB400137861F382031370039B03F00703D9B241
:10EEC400049A137861F3C5031370019B03F00F03D5
:10EED400D9B2049A138861F389131380029BC3F394
:10EEE4001501049A136861F39F231360049A13783D
:10EEF400012161F30103137000BF06B010BD00BF10
:10EF0400403903001439002000B58BB00190009102
:10EF1400019B023308930223079301238DF81B30CE
:10EF240000238DF80F300DF10F031846FEF7A2F9F8
:10EF3400214B1A68009B1A601F4B9A681E4B596834
:10EF44001D4B1B68CB1A134401330993089A079B82
:10EF5400134405930BE0FFF7EDFE174B9A68164B2D
:10EF64005968154B1B68CB1A134401330993059A4E
:10EF7400099B9A42EFD8104B1A680F4B9B681340B9
:10EF840002339B000C4A134404330493049A137809
:10EF940043F003031370084B1A68089B1344064A92
:10EFA40013609DF80F301846FEF77AF99DF81B3070
:10EFB40018460BB05DF804FB1439002000B58BB083
:10EFC40005900491039202931E4B9B68079306AB32
:10EFD40019460298FFF798FF0346002B24D0069B9E
:10EFE400023309930023089311E0089B9B00039AC2
:10EFF4001A44099B591C099107990B40126811493D
:10F0040002339B000B445A60089B01330893089A0F
:10F01400029B9A42E9D3069A079B00931346029AED
:10F0240004990598FFF714FF064B93F81C34002B42
:10F0340004D000F063F80346002BFAD100BF0BB0F4
:10F044005DF804FB1439002000B583B001900091F1
:10F054000023002200990198FFF7B0FF00BF03B01E
:10F064005DF804FB00B587B0039002910192019B07
:10F07400059305AA012302990398FFF79FFF00BF98
:10F0840007B05DF804FB00B587B0039002910192CC
:10F094000093019B0493009B059304AA0223029905
:10F0A4000398FFF78BFF00BF07B05DF804FB00B5C2
:10F0B40089B00390029101920093019B0493009BF9
:10F0C40005930A9B06930B9B079304AA04230299B6
:10F0D4000398FFF773FF00BF09B05DF804FB00005D
:10F0E400054B5A68044B1B689A420CBF012300234A
:10F0F400DBB21846704700BF1439002000B599B040
:10F10400FFF7EEFF0346002B01D00023B3E19C4B35
:10F114000022C3F81824BFF34F8F00BF984B5B68DD
:10F124001793974B9B681093179A109B13400233C5
:10F134009B00934A1344043316930023159300232E
:10F14400149300230F931BE0179B01331793169B13
:10F154005B88C3F389139BB21A46169B1B88C3F3BF
:10F1640089139BB213441A46179B13441793179A97
:10F17400109B134002339B00814A134404331693BB
:10F18400169B1B7803F00303DBB2002BDCD00023B7
:10F19400139311E0179B5A1C1792109A1340139A59
:10F1A400920002A90A44764902339B000B445B682F
:10F1B4001360139B01331393139B012BEAD99DF81E
:10F1C400083003F00303DBB2022B40F09C80BDF84F
:10F1D4000A30C3F389139BB20D93BDF80A30C3F30D
:10F1E40089139BB2502B28BF50239BB20C930C9BCA
:10F1F400C3F309039AB2BDF80A3062F38F13ADF872
:10F204000A300C9B08330B939DF80830C3F3C203F8
:10F21400DBB20F930B995B48FFF70DF81590159B24
:10F22400002B00F0E0801598FFF796F802A9149BD4
:10F2340008221598FFF73CF9149B08331493179B85
:10F24400DA43109B134001339B000A930C9A0A9BE8
:10F254009A4242D90A9B002B08D0179A109B13405C
:10F2640002339B00464A1344043300E0464B0893A0
:10F274000A9B002B02D00A9BDBB201E00C9BDBB2A1
:10F284008DF81F300A9B002B01D03F4B00E0002378
:10F2940006930A9B002B06D00C9BDAB20A9BDBB2C6
:10F2A400D31ADBB200E000238DF817309DF81F203D
:10F2B400149B08991598FFF7FBF89DF81F30149AD2
:10F2C40013441493069B002B16D09DF81720149B0F
:10F2D40006991598FFF7ECF80EE0179A109B134067
:10F2E40002339B00264A134404330993149B0C9A5B
:10F2F40009991598FFF7DCF80D9B03339B08179ABF
:10F30400134417936FE09DF8083003F00303DBB256
:10F31400012B5AD1BDF80830C3F38313DBB2062B9B
:10F3240028BF0623DAB2BDF8083062F38913ADF8BA
:10F334000830BDF80830C3F38313DBB202330E93F5
:10F344009DF80830C3F3C203DBB20F930E9B9B00FE
:10F3540019460C48FEF76FFF1590159B002B42D001
:10F364001598FEF7F9FF02A9149B08221598FFF7D8
:10F374009FF8149B08331493002313931BE000BFDE
:10F38400143900201C39030020390020179B5A1C13
:10F394001792109A134002339B00394A1344191DE3
:10F3A400149B04221598FFF783F8149B04331493D9
:10F3B400139B01331393BDF80830C3F38313DBB2FB
:10F3C4001A46139B9342E1D30DE09DF8083003F0F5
:10F3D4000303DBB2032B06D1294BD3F81834002BDB
:10F3E40001D1002347E0159B002B3ED0244BD3F8DA
:10F3F40010341293224BD3F81834002B1AD01598DA
:10F40400FEF7B9FF31E000238DF847301298FFF77B
:10F414005EFB0346002B02D001238DF847309DF894
:10F424004730002B03D015991298FFF71BFB129B52
:10F434005B681293129B002BE5D11598FEF79BFF96
:10F4440000238DF807300DF107031846FDF712FF6E
:10F454000B4BD3F81834002B02D1094A179B536085
:10F464009DF807301846FDF71BFFFFF739FE0346EA
:10F4740083F00103DBB2184619B05DF804FB00BF4A
:10F484001439002000B585B00023039322E0164B05
:10F49400D3F81034029301238DF807300EE002985C
:10F4A400FFF706FB03461A46039B934203D100234E
:10F4B4008DF8073005E0029B5B680293029B002BEA
:10F4C400EDD19DF80730002B01D0039B07E0039B8F
:10F4D40001330393039B092BD9DD4FF0FF33184607
:10F4E40005B05DF804FB00BF1439002000B585B0F9
:10F4F40001900B468DF80330FFF7C4FF0390039B84
:10F50400B3F1FF3F01D1039B1EE0039BDBB219461D
:10F514000198FFF7C1FA0E4BD3F81034002B07D132
:10F524000B4A019BC2F81034019B00225A600AE086
:10F53400074BD3F810345A68019B5A60044BD3F834
:10F544001034019A5A60039B184605B05DF804FB19
:10F554001439002000B583B00C4BD3F81034019358
:10F564000A4B012283F81C2408E00198FFF7A7FA4C
:10F574000198FFF785FA019B5B680193019B002BBF
:10F58400F3D100BF00BF03B05DF804FB14390020C1
:10F5940010B582B001900091019BDB7983F00103E7
:10F5A400DBB2002B28D0019B1B7A002B12D0019BCD
:10F5B4009B881A46019B9B7919461046FFF782FBEC
:10F5C40003461A460E4B53F822301A460D4900984A
:10F5D400FEF730F8019B9B791A460B4B53F82240F7
:10F5E400019B9B8800211846FFF74CFB03462246EB
:10F5F40006490098FEF71EF800BF02B010BD00BF18
:10F60400602B0020103A03004C2B0020143A030016
:10F6140000B585B00390029113468DF80730039B23
:10F62400DB7983F00103DBB2002B0FD0039B1B7A41
:10F63400002B06D00D4B1B681A460D490298FDF7A6
:10F64400F9FF0C490298FDF7F5FF07E09DF8073034
:10F65400002B03D007490298FDF7ECFF0298FDF751
:10F66400C7FF00BF05B05DF804FB00BF602B00209E
:10F67400103A0300203A030030B58BB0079006918E
:10F68400059204930E9B1B7B8DF827300E9B002262
:10F694001A730E990498FFF77BFF059B062B7FD8FE
:10F6A40001A252F823F000BFC9F60200D3F602000B
:10F6B400E3F60200F7F6020015F702003DF7020038
:10F6C4006DF7020007990E98FDF7B4FF69E0069BF9
:10F6D4001B681A4607990E98FDF7ACFF61E0069B7C
:10F6E4001A68069B04331B6807990E98FDF7A2FF5E
:10F6F40057E0069B1A68069B04331968069B083377
:10F704001B6800930B4607990E98FDF793FF48E09A
:10F71400069B1968069B04331868069B08331B680C
:10F72400069A0C3212680192009303460A4607991E
:10F734000E98FDF77FFF34E0069B1868069B0433A0
:10F744001C68069B08331B68069A0C3212680699DB
:10F7540010310968029101920093234602460799E9
:10F764000E98FDF767FF1CE0069B1C68069B04339C
:10F774001D68069B08331B68069A0C3212680699AA
:10F7840010310968069814300068039002910192C0
:10F7940000932B46224607990E98FDF74BFF00E095
:10F7A40000BF00220E990498FFF732FF0E9B9DF8CC
:10F7B40027201A7300BF0BB030BD00BF00B587B05F
:10F7C4000390029101920093029B082B5CD8009B4A
:10F7D4001B7B8DF81330009B00221A73009901984B
:10F7E400FFF7D6FE0023059314E0059A029B9A4284
:10F7F40009D2039A059B13441B781A46244900989E
:10F80400FDF718FF03E023490098FDF713FF059B5C
:10F8140001330593059B072BE7D91F490098FDF792
:10F8240009FF0023059322E0059A029B9A4217D20E
:10F83400039A059B13441B788DF812309DF81230FF
:10F84400184602F0C6FE0346002B02D09DF8123083
:10F8540000E02E231A4611490098FDF7EBFE03E061
:10F864000F490098FDF7E6FE059B01330593059BC0
:10F87400072BD9D9012200990198FFF7C9FE009BF3
:10F884009DF813201A7300E000BF07B05DF804FB75
:10F89400243A03002C3A0300303A0300343A0300BC
:10F8A400383A030082B0204B0193019B02221A6173
:10F8B400019B02225A61019B1C4A9A61019B1C4ACA
:10F8C400DA61019B4FF400721A62019B00229A6272
:10F8D400019B00225A62019B0022DA62019B134AB7
:10F8E4009A64019B134ADA64019B10221A65019BF6
:10F8F40000229A65019B00225A65019B0022DA6569
:10F90400019B07330C4A10681860019B0B4A10686E
:10F9140018609188927999809A71019B20229A713A
:10F9240000BF02B0704700BF343D00203C3A0300E2
:10F93400AC3D0020AC3F0020483A03004C3A0300A1
:10F9440000B589B003900291019200230693039BB2
:10F95400DB680593039B1B690493049A059B9A42F5
:10F9640005D9049A059BD31A013B079307E0039B2F
:10F974009A680499059BCB1A1344013B0793039B94
:10F984009A68059BD31A079A934228BF1346079394
:10F99400079A019B934228BF13460793039B5A6817
:10F9A400059B1344079A0299184602F083FD069AB0
:10F9B400079B13440693029A079B13440293019AEC
:10F9C400079BD31A0193059A079B13440593039B42
:10F9D4009B68059A9A4201D100230593039B059ADB
:10F9E400DA60019B002BB5D1069B184609B05DF87F
:10F9F40004FB00B589B0039002910192039BDB687C
:10FA04000793039B9A68079BD31A0693069A019B54
:10FA14009A420ED9039B5A68079B1344019A029990
:10FA2400184602F047FD079A019B1A44039BDA60CB
:10FA34001AE0069B0593039B5A68079B1344059A97
:10FA44000299184602F036FD019A069BD31A0593D3
:10FA5400039B5868029A069B1344059A194602F0C0
:10FA640029FD039B059ADA6000BF09B05DF804FB29
:10FA740086B00190019B1B690493019BDB6803938F
:10FA8400049A039B9A4208D8019B9A68039BD21A52
:10FA9400049B1344013B059304E0049A039BD31A8B
:10FAA400013B0593059B184606B0704700B589B025
:10FAB400039002910192029B0693039B5A1C1346E6
:10FAC4005B001344DB00204A13440593059B5B69E8
:10FAD400022B29D0022B2ED8002B02D0012B13D0BD
:10FAE40029E00598FFF7C4FF0490049A019B9A4209
:10FAF40002D20023079321E0019B0793019A069900
:10FB04000598FFF776FF19E00598FFF7B1FF049019
:10FB1400019A049B934228BF13460793079A0699B8
:10FB24000598FFF766FF09E0019A06990598FFF723
:10FB340007FF079002E00023079300BF079B1846C6
:10FB440009B05DF804FB00BF343D002000B587B068
:10FB54000390029101920F4B1B78002B01D1FFF708
:10FB6400A1FE00238DF813300DF113031846FDF7A1
:10FB740081FB019A02990398FFF798FF05909DF87D
:10FB840013301846FDF78CFB059B184607B05DF84B
:10FB940004FB00BF343D002008B5FFF783FE00BF1F
:10FBA40008BD000082B003468DF807309DF8073089
:10FBB40003F01F0205499DF907305B09012000FA93
:10FBC40002F241F8232000BF02B0704700E100E0D8
:10FBD40082B003468DF807309DF8073003F01F020A
:10FBE40006499DF907305B09012000FA02F220332F
:10FBF40041F8232000BF02B0704700BF00E100E0DD
:10FC040082B0034600918DF807309DF90730002B30
:10FC14000CDA009BDAB20C499DF8073003F00F03AD
:10FC2400043B5201D2B20B441A7609E0009BDAB2CB
:10FC340006499DF907305201D2B20B4483F80023E0
:10FC440000BF02B0704700BF00ED00E000E100E03B
:10FC540082B003468DF807309DF90730002B0BDA8C
:10FC64000B4A9DF8073003F00F03043B13441B7E3B
:10FC7400DBB25B09DBB208E0064A9DF907301344A6
:10FC840093F80033DBB25B09DBB2184602B070476D
:10FC940000ED00E000E100E000B583B00190019BBD
:10FCA400002B03D10449C420F3F796FB019B5B6846
:10FCB400184603B05DF804FB543A030010DF7047A4
:10FCC40000BF184611DF704700BF184682B00346D4
:10FCD4008DF807309DF907301F2B0CDC9DF9073098
:10FCE4000F4A22FA03F303F00103002B14BF01238C
:10FCF4000023DBB210E09DF907303F2B0BDC9DF9AC
:10FD04000730203B012202FA03F3002B14BF012326
:10FD14000023DBB200E00123184602B0704700BFA5
:10FD2400FC06FFBD82B00190019B072B01D9002383
:10FD34000BE0019B002B05D0019B012B02D0019B02
:10FD4400042B01D1002300E00123184602B07047C0
:10FD540000B583B003468DF807309DF90730184687
:10FD6400FFF7B4FF0346002B02D142F201032EE059
:10FD74009DF907301846FFF76BFF03461846FFF757
:10FD8400D1FF0346002B02D142F202031FE0124BC3
:10FD94009B68002B15D09DF907305B090E4A52F879
:10FDA40023209DF8073003F01F03012101FA03F318
:10FDB40019469DF907305B090A43074941F8232096
:10FDC40004E09DF907301846FFF7ECFE00231846BF
:10FDD40003B05DF804FB00BFCC37002000B583B04E
:10FDE40003468DF807309DF907301846FFF76EFF7C
:10FDF4000346002B02D142F201031FE0114B9B6822
:10FE0400002B15D09DF907305B090E4A52F82310D8
:10FE14009DF8073003F01F03012202FA03F3DA43CB
:10FE24009DF907305B090A40064941F8232004E0A4
:10FE34009DF907301846FFF7CBFE0023184603B0A0
:10FE44005DF804FBCC37002000B583B00346009175
:10FE54008DF807309DF907301846FFF737FF034642
:10FE6400002B02D142F201030FE00098FFF75AFF82
:10FE74000346002B02D142F2020306E09DF907304B
:10FE840000991846FFF7BCFE0023184603B05DF83E
:10FE940004FB000000B587B003468DF8073002ABC1
:10FEA40014491846FEF728FB17E002AB1846FFF783
:10FEB400F3FE0590059B1B680493059B59689DF808
:10FEC4000720049B104698470346002B01D11123B9
:10FED4000BE002AB1846FEF739FB02AB1846FFF7FE
:10FEE400DBFE0346002BE0D10023184607B05DF883
:10FEF40004FB00BF083B030000B587B003468DF840
:10FF0400073002AB11491846FEF7F6FA12E002ABCD
:10FF14001846FFF7C1FE0590059B1B680493059BDB
:10FF240059689DF80720049B1046984702AB184671
:10FF3400FEF70CFB02AB1846FFF7AEFE0346002BA0
:10FF4400E5D100BF00BF07B05DF804FB143B03001C
:10FF540000B583B01620FFF7FBFE0190019B0093D0
:10FF6400009B002B04D0044A99210098FBF7CCFF96
:10FF740000BF03B05DF804FBB03A030000B583B0E2
:10FF84001620FFF72BFF0190019B0093009B002B91
:10FF940004D0044AA5210098FBF7B6FF00BF03B0C4
:10FFA4005DF804FBB03A030000B585B007211620C4
:10FFB400FFF74AFF0390039B0293029B002B04D09C
:10FFC4000B4AB8210298FBF79FFF07211520FFF782
:10FFD4003BFF0390039B0193019B002B04D0044A35
:10FFE400BA210198FBF790FF00BF05B05DF804FB50
:0CFFF400B03A030000B583B01B4B1B7833
:020000023000CC
:10000000002B01D008232CE0194B01221A7000208C
:10001000FFF742FF0346112B01D1002321E000200E
:10002000FFF76CFF134B1B6800936B461249184691
:10003000FFF746FE0190019B002B01D0019B10E0D1
:100040000A4B01221A700A4B00221A700B4B002235
:100050001A70FFF7ABFFFFF77DFF0120FFF74EFFA0
:100060000023184603B05DF804FB00BFBC3F00202E
:10007000BE3F0020043B0300D9BF0200BD3F00206B
:1000800000B583B0174B1B7883F00103DBB2002B64
:1000900001D0082321E0144B01221A700120FFF740
:1000A000FBFE0346112B01D1002316E00220FFF7CF
:1000B00025FFFFF709FE0190019B002B01D0019B5A
:1000C0000BE0084B00221A70074B00221A70FFF752
:1000D00057FF0320FFF712FF0023184603B05DF817
:1000E00004FB00BFBC3F0020BE3F002008B50B4B07
:1000F0001B7883F00103DBB2002B01D008230AE058
:10010000074B1B78002B03D0FFF7BAFF034602E032
:10011000FFF772FF0346184608BD00BFBE3F002030
:10012000BC3F0020014B1B7818467047BC3F0020A5
:1001300000B585B06B4611491846FEF7DFF910E0AF
:100140006B461846FFF7AAFD0390039B1B680293BA
:10015000039B5A68029B104698476B461846FEF769
:10016000F7F96B461846FFF799FD0346002BE7D1D8
:1001700000BF00BF05B05DF804FB00BF203B0300DB
:1001800008B5FFF7D5FF00BF08BD60DF704700BFAF
:10019000184669DF704700BF184661DF704700BF2F
:1001A0001846000000B583B00190019B002B03D1DD
:1001B0000449C420F3F712F9019B5B68184603B0A9
:1001C0005DF804FB2C3B030082B00190019B002BE7
:1001D00001D10E2304E0044B1A46019B1A60002350
:1001E000184602B0704700BF682A002010B586B0DC
:1001F000034600918DF807300098FFF7E5FF059062
:10020000059B002B01D0059BE0E002AB0C220021F6
:10021000184602F083F99DF807308DF80830012365
:100220008DF80A300323ADF80C30009B1A6802AB3E
:1002300019462020FFF7ADFF0590059B002B0DD040
:10024000644B1B881B0443F001040598FEF7B2F9C8
:1002500003461A4660492046FEF706FF02AB0C2211
:100260000021184602F05AF901238DF808300023C6
:100270008DF8093000238DF80A30009B1A6802AB14
:1002800019464020FFF785FF0590059B002B0DD0F8
:10029000504B1B881B0443F001040598FEF78AF9B4
:1002A00003461A464D492046FEF7DEFE02AB0C22FD
:1002B0000021184602F032F99DF807308DF8083019
:1002C000F723ADF80A30009B1A6802AB19462320C9
:1002D000FFF75FFF0590059B002B0DD03D4B1B8862
:1002E0001B0443F001040598FEF764F903461A461F
:1002F0003B492046FEF7B8FE02AB0C22002118460F
:1003000002F00CF901238DF80830009B1A6802AB4B
:1003100019460120FFF73DFF0590059B002B0DD0EE
:100320002C4B1B881B0443F001040598FEF742F98F
:1003300003461A462B492046FEF796FE02AB0C22D6
:100340000021184602F0EAF84FF4B0630293009BD4
:100350001A6802AB1946A120FFF71BFF0590059B09
:10036000002B0DD01B4B1B881B0443F00104059888
:10037000FEF720F903461A461B492046FEF774FE95
:1003800002AB0C220021184602F0C8F89DF8083094
:1003900023F001038DF80830009B1A6802AB194660
:1003A000A020FFF7F6FE0590059B002B0DD0094B12
:1003B0001B881B0443F001040598FEF7FBF8034675
:1003C0001A460A492046FEF74FFE0023184606B09B
:1003D00010BD00BFB02A00208C3B0300D43B0300BB
:1003E000203C0300683C0300B43C0300083D0300CC
:1003F00082B04FF08053D3F80C319B020193019BE4
:1004000003F10053184602B07047000010B584B0E5
:100410000190019B1B6803930198FFF7B6FE0290C1
:10042000019B1B68039A9A421AD0184B1B881B0425
:1004300043F00200019B1B68039A1549FEF725FE55
:10044000124B1B881B0443F00204FFF7D1FF024646
:10045000019B1B68D31A1A460E492046FEF704FE7C
:10046000029B002B0DD0094B1B881B0443F0010499
:100470000298FEF79FF803461A4607492046FEF702
:10048000F3FD029B184604B010BD00BFB02A002047
:100490005C3D03008C3D0300B03D030000B5F1B0AE
:1004A00070ABA3F5DE7318604FF4CE73ADF8AE31C8
:1004B0000DF5D77202AB11461846FFF76EFE6F902E
:1004C0006F9B002B03D06F9B052B22D127E002AB43
:1004D0006E9369AB14491846FEF710F811E069AB4A
:1004E0001846FFF75FFE6D906D9B1B686C936D9BCC
:1004F0005A686C9B11466E98984769AB1846FEF790
:1005000027F869AB1846FFF74DFE0346002BE6D1EE
:10051000CAE7064A40F221116F98FBF7F7FC00BFCB
:1005200071B05DF804FB00BF283E0300D03D03001E
:1005300000B583B00190019B002B03D10449C42076
:10054000F2F74CFF019B5B68184603B05DF804FBB3
:10055000343E030048DF704700BF184600B589B03D
:10056000019004AB1846FFF7F5FF0790079B002B9F
:1005700003D0079B052B20D124E002AB134918467A
:10058000FDF7BCFF11E002AB1846FFF7D1FF069064
:10059000069B1B680593049A069B5968059B1046A9
:1005A000984702AB1846FDF7D3FF02AB1846FFF79A
:1005B000BFFF0346002BE6D1D3E7054A6B2107981E
:1005C000FBF7A4FC00BF09B05DF804FBEC3E0300A0
:1005D000943E030042F68831C2F20001096800F03F
:1005E00000B880B50B468DF803000DF10300012122
:1005F000012200F020F800289DF8030008BF4FF00A
:10060000FF3008BD38B5044642F68830C2F200001B
:100610000568204601F014FF02462846214601F0F5
:10062000DBFE01301EBF0A20BDE83840FFF7D2BF15
:100630004FF0FF3038BDF8B51D4617460C4606464C
:10064000184601F0ADFE002803D407FB04F2A242D5
:1006500001D20020F8BD2846314601F0BDFEB0FBB6
:10066000F4F0F8BD002052EC101BB0EB41004FEA53
:10067000420040EAD17040F20001CFF6E07171EB28
:10068000000080414042704751EC100B21F00041C6
:1006900081F0E04181F07F610843B0FA80F04009C9
:1006A000704751EC100B4A0042EAD07010F5001F61
:1006B000804140420022C7F6F072114018BF01216C
:1006C0000840704751EC100BC80F704751EC102BCD
:1006D000C1F30A53002B1CBF40F2FF7C634500D1DD
:1006E00070471844604506DB0020C7F6F07060F3E1
:1006F0001E01002208E00028C7BF6FF31E5141EA27
:10070000005101F00041002241EC102B704752ECE7
:1007100010CBC2F30A5340F2FF718B4211BF002B82
:10072000002101607047A3F2FE31016040F2FE300B
:1007300060F31E5242EC10CB704700000000000036
:1007400070B551EC11EB6FF400154FF0FF34661CDF
:1007500045F100020020C7F6F070014200F0A080D1
:1007600050EC103BB4EB43044FEA400444EAD3742A
:10077000A541C0F09580B6EB4E064FEA410646EA29
:10078000DE76B2419FED580B72D300F0004C20F0A2
:10079000004421F00042BEEB030172EB040180F043
:1007A0008280C0F30A5119B1012464F31F501AE08A
:1007B000B4FA84F1B3FA83F0002C08BF00F12001F1
:1007C000A1F10B0504FA05F0C1F12B0423FA04F49E
:1007D0002043B1F12B0458BF03FA04F04CBFAB40E7
:1007E0000023C1F10B01140D03D0012565F31F5245
:1007F0001BE0B2FA82F4BEFA8EF5002A08BF05F1BA
:100800002004A4F10B05AA40C4F12B062EFA06F62B
:100810003243B4F12B0658BF0EFA06F20EFA05FE6B
:1008200058BF4FF0000EC4F10B04A14214DDB3EB2E
:100830000E0570EB020605D483EA0E035040184300
:1008400002D113E01D4606467000013940EAD5701A
:100850006B00A142EBDC2146B3EB0E0470EB02050A
:1008600007D483EA0E035040184304D14CEC100B1C
:1008700070BD1C460546E80208D4680040EAD47002
:10088000640001392A030546F7D500E0284600290F
:1008900015DD0139604400EB015040EC104B70BD98
:1008A0009FED110B70BD84EA020183EA0E02114331
:1008B00006BF00216046194640EC101B70BDC1F117
:1008C000010224FA02F3C2F1200600FA06F643EA16
:1008D00006046FF01E03591A58BF20FA01F44CBFEA
:1008E000D04000200021D5E7000000000000F87F84
:1008F00050EC10CBC0F30A52531E40F2FE718B42F3
:100900004FD240F2FE318A4206D800282AA0A8BF62
:10091000083090ED000B704740F232418A4288BFA8
:100920007047F0B5A2F2FF33B3F120014FF4801706
:10093000C3F1200407FA04F540F20006CFF6F07682
:1009400006FA04F25CBF27FA01F546FA01F202EA60
:100950000C0E27FA03F24EBF1E4100224FF0FF3665
:10096000064015EB0E0572412CFA04F400FA03F769
:100970003C43002958BF0CFA01F46FF31F540CFAE2
:1009800003F148BF0C43B4FA84F149090028A8BF19
:1009900041F0010100291CBF3246754642EC105B54
:1009A000F0BD002A04BF00F00040944640EC10CB9C
:1009B000704700BF00BF00BF000000000000F0BF94
:1009C0000000000000000000F0B583B052EC106B96
:1009D0008DED000B4FF0FF3000EB125040F2FD7137
:1009E000884200F2D98000F00101D40243F6F86E8B
:1009F000C0F2030EC2F347321EF802C00EEB54627F
:100A000044EA5654F60292F800E181F001021E31E8
:100A1000D640650005FA01F146EA010344F00046BC
:100A200026FA02F70CFB0CF6A7EB06461D0A45EA70
:100A30000665360AA5FB0E5406FB0E4606EB0C6651
:100A4000A6FB0541CC0F4900E6FB0614591A67EBDB
:100A50000404090A41EA0461A1FB0E12240A04FB02
:100A60000E2249197241A2FB0165EE0F6D00E2FBF7
:100A700002565D1B67EB06062D0A45EA0665A5FBD7
:100A80000E54360A06FB0E4649197241A2FB016557
:100A9000EE0F6D00E2FB02565D1B67EB06062D0AAA
:100AA00045EA0665A5FB0E54360A06FB0E464919B3
:100AB0007241A2FB0165EE0F6D00E2FB02565D1B69
:100AC00067EB06062D0A45EA0665A5FB0E54360AB5
:100AD00006FB0E4649197241A2FB0165EE0F6D003F
:100AE000E2FB02565D1B67EB06062D0A45EA06652A
:100AF000A5FB0E54360A06FB0E4649197241A2FBAD
:100B00000165EE0F6D00E2FB02565D1B67EB06060A
:100B10002D0A45EA0665A5FB0E54360A06FB0E466D
:100B200049197241A2FB0165EE0F6D00E2FB02560E
:100B30005D1B67EB06062D0A45EA0665A5FB0E540C
:100B4000360A06FB0E4E491942EB0E024FF4806E38
:100B5000CE0A6EF30A01A2FB011E4FEADE714FEAD4
:100B60004E0EE2FB02E1BEEB030EB9418941494260
:100B70004FEAD22E46EA425220F0010000F2FE3047
:100B8000571C4EEBC046002904BF0EEBC04617466B
:100B900046EC107B03B0F0BD110D40F2FF708142B6
:100BA0001ED35CEC101B2CF000440C43F2D000244C
:100BB0004FF0604040F0FF53500040EAD670B4EB75
:100BC000460E73EB000080414042604614BF0C4665
:100BD0000A48002AA4BF0C46604640EC104BD9E7F7
:100BE00056EA0200D6D0684600F00AF810F001017B
:100BF000DDE9006218BF22F48012F6E60000F87FFB
:100C000010B5D0E900C2B2FA82FEBCFA8CF3002A19
:100C100008BF03F1200EAEF10B039A40CEF12B0476
:100C20002CFA04F41443BEF12B0E58BF0CFA0EF448
:100C30000CFA03FC58BF4FF0000CC0E900C4C81AFE
:100C400010BD000030B591EA030F00F18280841AD4
:100C500071EB030C05D2121953EB0C03001B71EB63
:100C60000C0140F2000CCFF6E07C1CEA430F52D09E
:100C7000BCEB410F5FD90C0DA4EB135E5FF0010CD0
:100C80006CF31F516CF31F53DEF1200C2AD303FACF
:100C90000CF5401941F1000122FA0EF5401923FA32
:100CA0000EF5694112FA0CF2CD0208D349085FEA49
:100CB00030005FEA320228BF42F001020134013CF9
:100CC0005FEA500C72F1004250F1000051EB045108
:100CD0004FF4001313EB410F38BF30BD6FF3130116
:100CE000002030BDBEF1200EBEF1200F1ED223FA2F
:100CF0000EF5401941F10001CEF1200C124218BF4F
:100D0000012203FA0CF52A43CEE711EA5C0F04BF77
:100D10000020002130BD1CEA410F04BF01F000415A
:100D2000002030BD01F00041002030BD21F48011D1
:100D300001EB045130BD004218BF41F00101BCEB92
:100D4000410F08BF30BD4FF0FE4141F47801002053
:100D500030BD83F00043841A71EB030E07D28EF08E
:100D6000004E001B71EB0E01121953EB0E0340F203
:100D7000000CCFF6E07C1CEA430FC6D0BCEB410F61
:100D800072D90C0DA4EB135EC90241EA5051C002A6
:100D900041F00041DB0243EA5253D20243F00043E8
:100DA000DEF1200C41D312FA0CF522FA0EF203FA0E
:100DB0000CF542EA050218BF42F0010223FA0EF3D5
:100DC000801A9941E30AC4F30A0411F0404F03D496
:100DD00018D0013C40004941013C23D44205C00ADF
:100DE00040EA4150C90A51EAC3715FEA500C72F1FE
:100DF000004250F1000051EB045130BD01002FD0F2
:100E00000020203C0029F9D0B1FA81FCDCF1200E51
:100E100011FA0CF130FA0EF510FA0CF02943A4EB9C
:100E20000C04D9E70020D90730BDAEF1200EBEF189
:100E3000200F0DD2CEF1200C03FA0CF533FA0EF38D
:100E40002A4318BF43F00103C01A61F10001B9E75A
:100E500021F00041C00A40EA4150C90A01EB0451A7
:100E600030BD0020002130BD004218BF41F001011B
:100E7000BCEB410F7FF467AFBCEB430F3FF463AFB4
:100E800030BD00BF83F00043FFF7DCBEF0B540F299
:100E9000FF7681EA030C16EA115E1EBFB64516EA1C
:100EA0001355B54252D021EA465141F48011A1FBBD
:100EB000024723EA465343F48013AE44A0FB036584
:100EC0000CF0004C36197D41A1FB034747F10003AC
:100ED000A0FB0217F619654153F10003094218BF40
:100EE00046F0010640F2FE74B3F5007F13D2AEF572
:100EF000806EA64523D24CEA0331280341EA1551FE
:100F000040EA16503203450872F1004250F10000E9
:100F100051EB0E51F0BDAEF2FF3EA6450FD24CEAAA
:100F2000C321E80241EA555140EA5650F202450811
:100F300072F1004250F1000051EB0E51F0BD1EEA7B
:100F40000E0F2DD50CF000410020F0BD16EA115F08
:100F500004BF01F000410020004218BF41F0010130
:100F600016EA135F04BF03F000430022124218BFC9
:100F700043F0010306EA1354B44218BFB64503D048
:100F80000CF000410020F0BD21F0004123F00043AF
:100F9000B1EB065F0CD8B3EB065F09D841B13BB1AA
:100FA0000CF0004141F0FE4141F470010020F0BD21
:100FB00040F20001C7F6F8710020F0BD2DE9F043C2
:100FC00091EA030E0EF0004E40F20007CFF6E077F4
:100FD00017EA41051EBFBD4217EA4305BD4200F0B6
:100FE0009F807F0D17EA135623EA475343F480137B
:100FF00017EA115521EA475141F48011AD1B05F262
:10100000FD354FEAD31C1CF1010C4FF00047B7FB34
:10101000FCF77F01A2FB079C0024E3FB07C4D9F186
:1010200000096CEB4C0CA0FB07620020E1FB0720E1
:1010300000275FEAC628E0FB0987760D46EAC2264C
:10104000520DF61900277A41E0FB0C625FEAC823D3
:10105000E2FB09375FEA585848EAC628760D18EBD4
:10106000070800214E41E2FB0C8602EBC020DA02A9
:10107000E6FB09215B0D43EAC8235FEA58585B1879
:10108000002758EB0708E6FB0C38D102E8FB0917EC
:10109000520D42EAC3225B0DD21900277B41E8FBC7
:1010A0000C2308EBC6265FEAC128E3FB0987490D3C
:1010B00041EAC221520DC91942F10002E3FB0C12B0
:1010C000470019EB08095CEB010C72EB040453EBCD
:1010D000C62047EB56530026B3F5000F7641AD19F5
:1010E0000236D6F1200910FA09F4F04013FA09F299
:1010F0001043F340E40F001943F10003B3F5001F60
:1011000024BF5B08013540F2FE77BD4204D24EEAAF
:1011100005511944BDE8F0832D4224D5714626E0DF
:10112000004218BF41F00101124218BF43F0010311
:10113000B7EB410F2CBFB7EB430F1BE0B7EB410FF1
:1011400004BFB7EB430F15E017EA410F04BF17EADE
:10115000430F0FE017EA410FE0D017EA430F02D028
:10116000B7EB430FDAD04EF0FE4141F4700100209E
:10117000BDE8F08340F20001C7F6F871F7E700BF61
:101180004FF4001C1CEB410F98BF1CEB430F11D810
:1011900051EA030C50EA4C0C5CEA020C0CD004D26D
:1011A00082428B4180410130704790429941804199
:1011B0000130704700207047012070474FF4001C39
:1011C0001CEB410F98BF1CEB430F0BD850EA410CAE
:1011D00008BF52EA430C07D0904206BF9942012053
:1011E0000020704700207047012070474FF4001C1A
:1011F0001CEB410F98BF1CEB430F11D851EA030CB5
:1012000050EA4C0C5CEA020C0CD004D2904299419A
:1012100080410130704782428B41804101307047EC
:1012200000207047012070474FF4001C1CEB410F59
:1012300098BF1CEB430F11D851EA030C50EA4C0C39
:101240005CEA020C0AD004D282428B4180414042C7
:10125000704790429941804140427047002070475A
:101260004FF4001C1CEB410F98BF1CEB430F11D82F
:1012700051EA030C50EA4C0C5CEA020C0AD004D28E
:101280009042994180414042704782428B41804167
:101290004042704700207047C1F30A5240F21E439B
:1012A0009A1A15DA203225DDCB17C90241EA5051CE
:1012B000C00241F00041D141D04048409140D1406E
:1012C0004840013318BF7047404263EB010170474B
:1012D000CB17C90241EA5051C00241F00041202A17
:1012E00028BF202231FA02F0190008BF704740429F
:1012F000894170474B00004218BF43F0010313F5CA
:10130000001F88BF21F00041002011F000415CBFA8
:101310006FF00041C04370470A15C90241EA5051BD
:10132000C00241F0004140F21E439A1A08DA20320E
:101330000DD4D141D04048409140D1404840704701
:10134000202A28BF202231FA02F0002170476FF0D6
:1013500000010846704700BFF9B140F23D42B1FAC2
:1013600081F3D21AC3F1200C30FA0CFC984099405A
:1013700051EA0C0183054FEAD02040EA41504FEA80
:10138000D12101EB025138BF7047013041F100011A
:101390001B4208BF20F00100704748B140F21D42D7
:1013A000B0FA80F3D21A9840C10A400501EB02510D
:1013B000704700BF002B35D129B9B0FBF2FC0CFB04
:1013C000120260467047914215D22DE9F041B2FAFF
:1013D00082F39A409940D3F1200C30FA0CFC51EA88
:1013E0000C01984000F04EF8280036FA03F2002174
:1013F0000023BDE8F081F0B5B1FBF2FC0CFB12114B
:10140000B2FA82F39A409940D3F1200630FA06F6F8
:101410003143984000F036F8614628003200DA4047
:101420000023F0BDF3B5B3FA83FC49085FEA30004E
:1014300013FA0CF3DCF1200432FA04F423430CB465
:101440001A0000F01FF80CBC33FA0CF3DCF11F0C8F
:1014500035FA0CF518BF013D03BCA5FB026705FB7F
:101460000377801BB941904271EB030C05D3821ABC
:1014700071EB0303681C0021F0BD02000B00280083
:101480000021F0BD940D4FF6C2752D02B5FBF4F4AA
:10149000D60A013604FB04F5A5FB0656F64306EB17
:1014A0000416550832BF00277708013505FB16776B
:1014B000A6FB07477F0807EBC63714001500E7FBBC
:1014C00002457F1B4D1C0400E7FB014505FB12068E
:1014D000A64284BF013DB618964224BF0135B61A14
:1014E000704700BF10B582B0044600698DF8071040
:1014F00078B1D4E900239A4231D26269531C636106
:101500008154D4E90501884229D1204600F02CF805
:1015100025E0E06850B1D4E9002C62451FD2531C8D
:10152000B3EB0C0318BF0B46835418E0A06858B106
:10153000D4E9002C624512D2531CB3EB0C0318BF44
:10154000CBB240F822300AE0236A43B1D4E900016B
:10155000884204D20DF107012046012298472068F5
:101560000130206002B010BD4269002A08BF7047F8
:1015700010B50446036A002B1CBF21699847002060
:10158000606110BD012AB8BF704770B514460D46A2
:10159000064630462946FFF7A5FF013CF9D870BD45
:1015A000CB0648BF704789054CBF30212021FFF78B
:1015B000E9BF38B5044600F0E1FF054620460021AA
:1015C000242200F0ABFFE56138BD82B030B58BB0AE
:1015D0000C460546CDE90E230EA8009001A8FFF7A2
:1015E000E8FF6FF000400290009A049501A82146A0
:1015F00000F006F80BB0BDE8304002B070470000C4
:101600002DE9F84F2DED048B90B008928946834662
:101610000020CBF800000DF1250006909FEDC28B55
:1016200019F8011B252906D0002900F05A865846D2
:10163000FFF758FFF4E70026494619F8012BA2F1FD
:101640002003102B0DD88020DFE803F0091B1B19A5
:101650001B1B1B151B1B30181B101B1B12004020D3
:101660000DE05E2A0DD14FF4805008E0102006E016
:101670004FF4007003E04FF4004000E020200643E8
:10168000DAE701F10109A2F1300009284FF000006A
:101690001BD819F8011B00EB800002EB400030382A
:1016A000A1F130020A2A0A46F3D30EE0089850F856
:1016B000042B0890002A104648BF5042102303EA2A
:1016C000D26216434A7801F102092E2A0DD1494609
:1016D00011F8012B2A2A0AD1089999F8012051F80A
:1016E000047B089109F1020914E000271AE0A2F135
:1016F00030030027092B12D811F8013B07EB8709AB
:1017000002EB4902A2F13007A3F130020A2A1A467D
:10171000F2D38946002F58BF46F4807602E046F4A3
:10172000807689466B2A0ADC4C2A03D0682A18D0B6
:101730006A2A28D119F8012B46F0020623E06C2A08
:1017400005D07A2A14BF742A19F8012B1BE04946E8
:1017500011F8012B6C2A10D199F8012009F1020926
:10176000EAE7494611F8012B682A09D199F80120C6
:1017700009F1020946F0080605E046F0010601E01D
:1017800046F00406894620EAE078462A1FDDA2F1E9
:10179000630015282FD8DFE810F05F001700450020
:1017A0002300A301160017001600160016001600ED
:1017B0006F0083004E00160016007E0016004800E1
:1017C0001600160036002BE746F4804631E0442A26
:1017D00009DD452A24D0462A7FF422AF46F400567C
:1017E00046F4006A7EE1252A40F0B0825846252161
:1017F000FFF778FE14E7472A00F07081582A7FF43B
:101800000FAF46F40056F0054FEA066048BF26F4D5
:10181000007643F25801782A08BF43F2780146E087
:1018200046F4005646F4806A5CE1F00548BF26F4B1
:10183000007600253DE0CDF81C803006232101EA2A
:10184000E07546F48076089A002152F8040B08925D
:1018500008270DF1260CDEE00898A8F1010810F821
:10186000044B0890584631464246FFF799FE5846C9
:101870002146FFF737FEB1E1089951F8040B0891B2
:101880003107DBF8001000F16582B20752BF01603A
:10189000002206C0C4E6089850F8044B08907CE18A
:1018A000F0054FEA066048BF26F40076302101EAD1
:1018B000E07570044FEA867006D42C46002808981C
:1018C0000AD4031D00210DE0002816D4089951F810
:1018D000040B0891C11718E0073020F0070000F151
:1018E000080341680DF1260C0068750717D416F03F
:1018F00008051CBFC0B2002113E00898073020F093
:101900000703596853F8080B08930DF1260C730769
:101910000ED4330744BF40F3C01140B20BE080B295
:1019200000210893254615E0000000000000244037
:1019300040F3C03100B2002905DBB30609D47306B9
:1019400048BF202506E00023404263EB01012D251E
:1019500000E02B25F30548BF26F40076F30558BFB9
:10196000012700246E2ACDF81C8023DD6F3A092A56
:1019700000F27580DFE802F0054F73737373247310
:10198000734F50EA01026AD0AE46C20842EA417281
:101990000625134665F3DF000CF80400013452EA13
:1019A000D1004FEAD1014FEAD20040EA4172184615
:1019B000EFD153E0582A2ED0642A18BF692A4ED19D
:1019C00050EA01024BD005958846054630040AD5F9
:1019D00004F00300032806D10DF1260A2C200AF892
:1019E0000400013401E00DF1260A28460A220023F2
:1019F000FFF7E0FC00EB8002A5EB420242F0300270
:101A00000AF804200134D5F10902002272EB080221
:101A1000DAD3059D23E0002450EA01021FD0B2046E
:101A200044F27802C0F20302AE465CBF44F2880280
:101A3000C0F20302030943EA017500F00F002B46D0
:101A4000105C0CF80400013455EA11104FEA111132
:101A50004FEA151040EA01751846EED175464FF071
:101A6000FF30FF2D88BF0138391B21EAE17804EBF4
:101A70000801079A571A002D18BF0744B00505D46E
:101A8000584631463A46FFF78BFD0027FF2D04D913
:101A9000290A5846FFF726FD00E01DB158462946A1
:101AA000FFF720FD584631463A46FFF779FD584684
:101AB00030214246FFF766FD012C069D05DB295DBE
:101AC0005846FFF70FFD013CF9D8F0067FF5A8ADA9
:101AD000584620213A46FFF755FDA1E546F4005649
:101AE00046F4406A5FEACA5058BF06270AF44060CD
:101AF00008990731A0F5406021F00701B0FA80F0A5
:101B0000002F08BF4709D1E9006444EC196B01F1CB
:101B100008000890B0EE490AF0EE690AFEF7B4FD3D
:101B200090B13046214600220023FFF799FBF8B11F
:101B30005FEA8A4044F23F14C0F203045CBF44F2FF
:101B40004414C0F2030426E0B0EE490AF0EE690A3C
:101B5000FEF788FD00284AD05FEA8A4044F2531419
:101B6000C0F203045CBF44F25714C0F2030412E055
:101B70001AF4005044F24912C0F2030244F24E112A
:101B8000C0F20301104612BF541C08464C1C5FEA09
:101B90008A6148BF04462AF48076002C04BF44F2D0
:101BA0003814C0F20304F005204602D400F048FCCB
:101BB00002E0394600F05AFC054626F40076A8EB10
:101BC0000008584631464246FFF7EAFC35B114F8A2
:101BD000011B5846FFF786FC013DF8D1F0067FF562
:101BE0001FAD584620214246FFF7CCFC18E5CDF842
:101BF0001C80B0EE490AF0EE690AFEF752FD00289B
:101C000004BF0446064644EC106B84F00048FEF71F
:101C100059FD050008BFA04648EC106B0FA8FEF761
:101C200076FD0F9800EB400046F26761C6F26661F0
:101C300050FB01F0811001EBD0740F943046414607
:101C400000220023FFF7BAFA002D18BF4AF0600AFD
:101C5000E0B9601C00F06CFB51EC100B32464346BF
:101C6000FFF7FEFA00280F9806D0411C0F910230B2
:101C7000F0E70F9801380F9000F05AFB51EC100B71
:101C800032464346FFF7D0FA0028F2D10F990AF402
:101C90004060B0F5806F07D0B0F5406F11D18F4232
:101CA000C8BF11F1050F0CDCB1F59A7F059054D136
:101CB000DFF86026DFF8603630464146FFF77EF9F0
:101CC00054E05FEA4A5003D50E2940F3BA8000275A
:101CD00044F29804C0F20304784210398142C8BF2C
:101CE000084600F025FB4FF0FF30FEF7EFFC51EC0B
:101CF000100B32464346FEF7A5FF06460D460F98E9
:101D0000013000F015FB51EC100B32462B46FFF76B
:101D100037FA00280F9818BF0130002851D4112835
:101D200055D3A0F110010F91C0F1100000F000FB9D
:101D300051EC100B32462B46FFF7A8F8FFF7ECFAF0
:101D4000064688460020CDE9030057E0002A7FF4CC
:101D500067ACD9E20170FFF763BC484200F0E8FAD3
:101D600051EC100B32464346FFF790F841EC190B4B
:101D700058EC195B2846414600220023FFF71EFA63
:101D8000002840F0C380B0EE490AF0EE690AFEF781
:101D90007BFC00282846414600F087800022002373
:101DA000FFF75EFA002800F044815FEA8A4044F2BF
:101DB0003F14C0F203045CBF44F24414C0F20304B5
:101DC0004AE1CDE9036500260F96B04616E030469D
:101DD0002946FFF7A1FA344606468846FFF7BCFAC3
:101DE00002460B46204644F29804C0F203042946FA
:101DF000FFF748F8CDE9030100200F902AF4806333
:101E000004F10800002500F10801013505C8301A69
:101E100078EB02000846F6D207980597C01B0AF037
:101E200080014FF0FF3239431CBF1146013A1AF0CE
:101E3000600F08BF0A460F99511A0844411B1F46FC
:101E40003DE1C843384410271028B8BF07465FEA71
:101E50000A623FF53DAF002844F29804C0F2030443
:101E60003FF43AAF384600F063FA51EC100B3246BB
:101E70004346FFF70BF8DFF8AC340022FEF7E2FE32
:101E800041EC100BFEF734FDB0EE481AF0EE681A84
:101E9000FEF756FC51EC100B00220023FFF78EF9E1
:101EA00008B1013FDED10F9916E756EC184B2246D8
:101EB0003346FFF79BF90F9D78B151EC190B224681
:101EC0003346FFF77BF841EC190B22463346FFF708
:101ED0008DF901350028F0D10F9551EC190BDFF881
:101EE0003C340022FFF7BCF980B151EC190B2246BB
:101EF0003346FEF7CBFF41EC190BDFF8203400220C
:101F0000FFF7AEF9013D0028EFD10F950598B0F528
:101F1000406F384608BF0138002F059018BF0746AC
:101F2000784200F005FA4FF0FF30FEF7CFFB53EC9C
:101F3000192B51EC100BFEF785FE04460E4658ECAB
:101F4000185B2A464346FFF751F950B12046314607
:101F50002A464346FFF732F804460E460F980130F2
:101F60000F90CDE90364CDE901858FB30AF40860D1
:101F7000B0F5006F2DD1102FA8BF1027384600F004
:101F8000D7F951EC100B22463346FEF77FFFFFF7DF
:101F9000C3F98046084300F08C810E464CF6CD42D2
:101FA000CCF6CC42A8FB0201531E08FB031106FB32
:101FB0000211C20742EA5102C90741EA5000D0F1BA
:101FC000993049F69910C1F69910904180F07381CB
:101FD0000597DDE90316059A0AF08000104307987B
:101FE000A0EB02000F9C0CBF421F821F079201252D
:101FF0005FEACA4043D545F25650C5F2555054FBEE
:1020000000F000EBD07000EB4000201A0230029A82
:10201000DFE800F00325310325003046019BFEF781
:1020200035FF0646013C0F940798013807900225BA
:1020300021E01AF4005044F24912C0F2030244F2C3
:102040004E11C0F20301104612BF541C08464C1C2E
:102050005FEA8A6148BF0446DDF81C809BE5B04B0F
:1020600030460022FEF712FF0646023C0F94079806
:10207000023807900325059820EAE0700590029445
:102080002AF40067049630460C46FFF745F90646E9
:102090008846FFF761F902460B4604982146FEF791
:1020A000F1FECDE903011AF0600F079C029818BFFA
:1020B000013C00F039F921466328C8BF013921EA03
:1020C000E17417F4047FBA460CD101290ADB44F20B
:1020D0009807C0F2030758462021FFF703FA013C96
:1020E000F9D103E044F29807C0F203075FEA8A607F
:1020F0004FEA4A6003D4002808D5202103E02D21AF
:10210000002858BF2B215846FFF7ECF95FEACA6058
:1021100006D42CB158463021FFF7E4F9013CF9D13F
:10212000013D07EBC50006C8701A78EB02003020AD
:1021300007D3761A68EB02080130731A78EB0203B2
:10214000F7D2C1B25846FFF7CDF9002DE8D15FEACA
:102150000A550BD50F98012808DB01380F90584617
:102160003021FFF7BFF90F980028F6DC0AF0800055
:10217000059E304343D058462E21FFF7B3F9102077
:10218000102EB8BF3046002D0F9920EAE078404667
:1021900048BF401A00F0CCF8012E24DB51EC100BA4
:1021A000DDE90323FEF772FEFFF7B6F805460E469B
:1021B0004746013F44F29800C0F2030000EBC7001D
:1021C00006C8681A76EB0200302006D36D1A9641D5
:1021D00001306B1A76EB0203F8D2C1B25846FFF712
:1021E00081F9002FE5D10599B1EB080007D0A8EBE4
:1021F000010558463021FFF775F90135F9D35FEA3B
:102200004A504BD545215FEA8A4058BF6521584660
:10221000FFF768F90F980028584604DB2B21FFF7D9
:1022200061F90F9805E02D21FFF75CF90F98404206
:102230000F90642815DB48F21F55C5F2EB15A0FB83
:102240000501302000EB51115846FFF74BF90F986C
:1022500050FB05F14A1102EBD171642201FB12001F
:102260000F9046F26765C6F2666550FB05F0811077
:1022700001EBD07000F130015846FFF733F90F98A9
:1022800050FB05F18A1002EBD17101EB8101A0EB4B
:10229000410000F130015846FFF724F9002C3FF4CB
:1022A000BFA958462021FFF71DF9013CF9D1FFF7DE
:1022B000B7B905908DE60597404631460A220023BE
:1022C000FFF778F880460E460A220023FFF772F8DF
:1022D0000598013805903FF47CAE52EA0300EBD03C
:1022E00077E6DBF80C0028B1DBE9001291423CBF35
:1022F000002242545846FFF737F9DBF8000010B0CF
:10230000BDEC048BBDE8F88F5846FFF72DF94FF070
:10231000FF30F4E7A0C8EB85F3CCE17F0000F03F8D
:10232000000059400000E03F002848BF404270478D
:1023300070B52DED028B04009FED178BB0EE480AAF
:10234000F0EE680A15D0254648BF65429FED120B96
:1023500044F26016C0F20306E80707D0D6E900236E
:1023600051EC100BFEF792FD41EC100B08366D0896
:10237000F2D156EC105B51EC180B2A463346FEF7AF
:102380001DFE002C5CBF3146284641EC100BBDEC15
:10239000028B70BD00BF00BF000000000000F03FD6
:1023A00042F68831C2F2000142F684320968091A05
:1023B000C2F2000218BF01211268121A18BF0122CE
:1023C000114042F68C32C2F200021268101A18BF95
:1023D00001200840404270470068FDF7B9BB08295A
:1023E00038BF7047416043F6CC71C2F2000108600B
:1023F00000210160704700B5042A8E4609D350F8C9
:10240000043B5EF804CB634505D1043A032A7146C8
:10241000F5D89AB10368086880EA030191FAA1F13E
:10242000B1FA81F1B2EBD10F08D901F0380123FAEA
:1024300001F2C840C0B2D1B2081A00BD002000BDF0
:102440000178002904BF0020704700214FF00132BD
:102450004358C2FA53F30431002BF9D093FAA3F096
:10246000B0FA80F001EBD0000438704700291CBF9F
:102470000278002A01D10020704700B5D0F800E0B2
:102480000429034609D34FF0013CCCFA5EF222B98D
:10249000043953F804EF0329F7D8181A4FF0013222
:1024A000C2FA5EF292FAA2F2B2FA82F2B1EBD20F63
:1024B00088BFD108084400BD5AB3844690EA01039E
:1024C0009B071FD1830707D011F8013B00F8013BA0
:1024D000013AF7D11CE08446203A09D32DE9F007F0
:1024E000B1E8F807A0E8F807203AF9D2BDE8F0070C
:1024F0001C3205D451F8043B40F8043B043AF9D2AD
:10250000043205D011F8013B00F8013B013AF9D142
:102510006046704700220B0011001A0084465AB32F
:10252000830704D000F8011B013AF9D124E0C9B2B5
:1025300041EA012141EA0141202A11D3203A2DE943
:10254000F0030B460C460D460E460F46884689465C
:10255000A0E8FA03203AFBD2BDE8F00320320BD00A
:10256000042A05D340F8041B043A05D0042AF9D202
:1025700000F8011B013AFBD16046704743F6D0706A
:10258000C2F200000068002804BF42F69030C2F298
:102590000000704784460020002918BF002A00D19F
:1025A0007047097848B2002844BF6FF001007047B7
:1025B000BCF1000F18BFCCF800100021C3E90011D6
:1025C000002818BF012070477F298EBF6FF00100DF
:1025D00001700120704743F6D071C2F20001096812
:1025E000002904BF42F69031C2F2000149688968AF
:1025F0000A68092110477F2884BF0020704744F2F1
:10260000BC32C0F20302515C44F23C32C0F203021D
:10261000105C08407047A0F161011A2938BF2038CA
:102620007047A0F141011A2938BF40F020007047DF
:102630007F2884BF0020704744F2BC32C0F20302FE
:10264000515C44F23C32C0F20302105C0840704717
:10265000A0F161011A2938BF20387047A0F141016B
:0A2660001A2938BF40F0200070472F
:10266C00B995020000000000B1E00200000000007B
:08267C00735D0200D42B002065
:10268400BD64020000000000616A0200C02B00204B
:10269400295D0200D42B00204563020000000000E5
:1026A400357302000000000005910200A42B0020F5
:0826B4001937020000000000CC
:1026BC003C39030000000300C4310300000000009B
:1026CC00042B030000000300D82D030000000000C1
:1026DC00CC2E030000000000A83A03000000030009
:1026EC00803B030000000300883E03000000030051
:1026FC00C033030000000000682F0300000000003E
:08270C00003003000000000092
:0827140059E102000000000081
:10271C00D59502000000000081E1020000000000DD
:10272C009D040300000000005D0503000000000094
:10273C00000000000000000000000000000000008D
:10274C00000000000000000000000000000000007D
:10275C00000000000000000000000000000000006D
:10276C00000000000000000000000000000000005D
:10277C00000000000000000000000000000000004D
:10278C00000000000000000000000000000000003D
:10279C00000000000000000000000000000000002D
:1027AC00000000000000000000000000000000001D
:0427BC000000000019
:1027C0004D795441470000002F686F6D652F736A83
:1027D0006F2F64776D313030312D6578616D706C9D
:1027E00065732F6E5246355F53444B5F31342E3242
:1027F0002E302F6578616D706C65732F626C655F2C
:102800007065726970686572616C2F626C655F617A
:1028100070705F756172742F706361313030343065
:102820002F733133322F7365732F626C655F696E5E
:1028300069745F6D61696E2E630000004661696CAA
:10284000656420726563656976696E67204E5553CD
:10285000206D6573736167652E204572726F7220FB
:10286000307825782E200000436F6E6E65637465A6
:1028700064000000446973636F6E6E656374656421
:102880000000000044617461206C656E2069732053
:1028900073657420746F20307825582825642900CA
:1028A0000B0000000500000006000000070000000B
:1028B000000000000000D6010D0A5541525420537B
:1028C00074617274210D000055415254205374619B
:1028D000727421002E2E2F2E2E2F2E2E2F2E2E2FC5
:1028E0002E2E2F2E2E2F636F6D706F6E656E74738C
:1028F0002F647269766572735F6E72662F68616CA1
:102900002F6E72665F6770696F2E68004169642080
:1029100025642C20547320256C6C750D0A00000072
:1029200064656C74615B25645D3D2025640D0A005F
:102930006477745F736574727874696D656F7574AC
:102940002831303030290D006477745F73657472FC
:102950007874696D656F75742830290D000000006A
:1029600072785F6572725F63620D0A006E72665FF5
:102970006472765F6770696F74655F696E697420F1
:10298000616C726561647920696E7374616C6C65E9
:10299000640000002F686F6D652F736A6F2F647776
:1029A0006D313030312D6578616D706C65732F6ECF
:1029B0005246355F53444B5F31342E322E302F65F3
:1029C00078616D706C65732F626C655F706572699C
:1029D00070686572616C2F626C655F6170705F75A5
:1029E0006172742F70636131303034302F73313342
:1029F000322F7365732F73735F696E69745F6D61D6
:102A0000696E2E6300000000010000014F6E65201A
:102A10005761792052616E67696E67205461670D56
:102A20000A000000C5AABBCC2E2E2F2E2E2F2E2E34
:102A30002F2E2E2F2E2E2F2E2E2F636F6D706F6E3A
:102A4000656E74732F647269766572735F6E7266F9
:102A50002F68616C2F6E72665F6770696F2E6800F9
:102A60002F686F6D652F736A6F2F64776D3130300B
:102A7000312D6578616D706C65732F6E5246355FD0
:102A800053444B5F31342E322E302F636F6D706F95
:102A90006E656E74732F626F617264732F626F6103
:102AA0007264732E630000001E1F160E0D0E0F10B1
:102AB0002F686F6D652F736A6F2F64776D313030BB
:102AC000312D6578616D706C65732F6E5246355F80
:102AD00053444B5F31342E322E302F636F6D706F45
:102AE0006E656E74732F626C652F636F6D6D6F6EA4
:102AF0002F626C655F636F6E6E5F73746174652EB9
:102B000063000000626C655F676174740000000020
:102B100073645F626C655F6761705F646174615F5D
:102B20006C656E6774685F757064617465282920D0
:102B3000287265717565737429206F6E20636F6EDE
:102B40006E656374696F6E203078257820726574C5
:102B500075726E656420756E657870656374656402
:102B60002076616C756520307825782E0000000095
:102B700073645F626C655F67617474635F657863DB
:102B800068616E67655F6D74755F72657175657399
:102B90007428292072657475726E656420756E657F
:102BA000787065637465642076616C756520307833
:102BB00025782E0073645F626C655F67617474735F
:102BC0005F65786368616E67655F6D74755F726578
:102BD000706C7928292072657475726E6564207531
:102BE0006E65787065637465642076616C756520C8
:102BF000307825782E00000073645F626C655F6733
:102C000061705F646174615F6C656E6774685F7545
:102C10007064617465282920287265706C79292098
:102C200072657475726E656420756E657870656323
:102C30007465642076616C756520307825782E0087
:102C40002E2E2F2E2E2F2E2E2F2E2E2F2E2E2F2E9F
:102C50002E2F636F6D706F6E656E74732F64726963
:102C6000766572735F6E72662F68616C2F6E726626
:102C70005F6770696F2E68000000010203040005A1
:102C8000405C0000A05C0400C06C0800805C040094
:102C9000E03F1E00E07D1E00070400090805400813
:102CA00009104008080540081D0400081D0400081C
:102CB0001E265626BEBE0000D8BC000007A902256D
:102CC00070889B88401008000A001600010006006A
:102CD0000100020087008D002D001A3152001A33C6
:102CE0009A001A351D011A376B003B31BE003B3389
:102CF0005E013B3596023B37000098599859EA51DE
:102D00008E421E45142E0080EA51F4283233E03AF8
:102D1000703DE03AC235842BC2353233C235C235FC
:102D2000AE47E03A5038A230503800002E2E2F2EF9
:102D30002E2F2E2E2F2E2E2F2E2E2F2E2E2F636F38
:102D40006D706F6E656E74732F64726976657273E1
:102D50005F6E72662F68616C2F6E72665F67706956
:102D60006F2E68002F686F6D652F736A6F2F647701
:102D70006D313030312D6578616D706C65732F6405
:102D80006563615F6472697665722F706F72742F0C
:102D9000706F72745F706C6174666F726D2E630019
:102DA000101412FF06FF00000000002000000000C9
:102DB000101412FF06FF0000000000800000000059
:102DC00000400040040000009ECADC240EE5A9E09B
:102DD00093F3A3B50000406E636C6F636B0000005B
:102DE0002F686F6D652F736A6F2F64776D31303088
:102DF000312D6578616D706C65732F6E5246355F4D
:102E000053444B5F31342E322E302F636F6D706F11
:102E10006E656E74732F647269766572735F6E721D
:102E2000662F636C6F636B2F6E72665F6472765F82
:102E3000636C6F636B2E63002F686F6D652F736A11
:102E40006F2F64776D313030312D6578616D706C26
:102E500065732F6E5246355F53444B5F31342E32CB
:102E60002E302F636F6D706F6E656E74732F64728A
:102E700069766572735F6E72662F636F6D6D6F6ECC
:102E80002F6E72665F6472765F636F6D6D6F6E2E0C
:102E9000630000002E2E2F2E2E2F2E2E2F2E2E2FA3
:102EA0002E2E2F2E2E2F636F6D706F6E656E7473C6
:102EB0002F647269766572735F6E72662F68616CDB
:102EC0002F6E72665F6770696F2E68006770696F3A
:102ED000746500002F686F6D652F736A6F2F6477BC
:102EE0006D313030312D6578616D706C65732F6E8A
:102EF0005246355F53444B5F31342E322E302F63B0
:102F00006F6D706F6E656E74732F64726976657223
:102F1000735F6E72662F6770696F74652F6E72666D
:102F20005F6472765F6770696F74652E630000007E
:102F30002E2E2F2E2E2F2E2E2F2E2E2F2E2E2F2EAC
:102F40002E2F636F6D706F6E656E74732F64726970
:102F5000766572735F6E72662F68616C2F6E726633
:102F60005F6770696F2E6800737069002F686F6DFE
:102F7000652F736A6F2F64776D313030312D65782E
:102F8000616D706C65732F6E5246355F53444B5FB5
:102F900031342E322E302F636F6D706F6E656E740C
:102FA000732F647269766572735F6E72662F7370C9
:102FB000695F6D61737465722F6E72665F6472769D
:102FC0005F7370692E6300002E2E2F2E2E2F2E2E53
:102FD0002F2E2E2F2E2E2F2E2E2F636F6D706F6E95
:102FE000656E74732F647269766572735F6E726654
:102FF0002F68616C2F6E72665F6770696F2E680054
:1030000075617274000000002F686F6D652F736A20
:103010006F2F64776D313030312D6578616D706C54
:1030200065732F6E5246355F53444B5F31342E32F9
:103030002E302F636F6D706F6E656E74732F6472B8
:1030400069766572735F6E72662F756172742F6E2A
:1030500072665F6472765F756172742E6300000041
:10306000534F46544445564943453A2041535345EE
:103070005254494F4E204641494C454400000000FF
:10308000534F46544445564943453A20494E5641CC
:103090004C4944204D454D4F5259204143434553DF
:1030A00053000000415353455254494F4E2046416E
:1030B000494C45442061742025733A257500000071
:1030C0004552524F52202575205B25735D20617457
:1030D0002025733A25750000554E4B4E4F574E2014
:1030E0004641554C542061742030782530385800C2
:1030F000FFFFFFFFFFFFFFFFFFFFFFFFFFFFFFFFE0
:1031000000000000000000000000D60107010000E0
:103110002F686F6D652F736A6F2F64776D31303054
:10312000312D6578616D706C65732F6E5246355F19
:1031300053444B5F31342E322E302F636F6D706FDE
:103140006E656E74732F6C69627261726965732F3C
:10315000756172742F6170705F756172745F6669FA
:10316000666F2E63000000002F686F6D652F736A15
:103170006F2F64776D313030312D6578616D706CF3
:1031800065732F6E5246355F53444B5F31342E3298
:103190002E302F636F6D706F6E656E74732F6C6958
:1031A000627261726965732F7574696C2F617070DA
:1031B0005F7574696C5F706C6174666F726D2E639D
:1031C0000000000062616C6C6F6300002F686F6D1F
:1031D000652F736A6F2F64776D313030312D6578CC
:1031E000616D706C65732F6E5246355F53444B5F53
:1031F00031342E322E302F636F6D706F6E656E74AA
:10320000732F6C69627261726965732F62616C6C95
:103210006F632F6E72665F62616C6C6F632E63000A
:103220002F686F6D652F736A6F2F64776D31303043
:10323000312D6578616D706C65732F6E5246355F08
:1032400053444B5F31342E322E302F6578746572C3
:103250006E616C2F667072696E74662F6E72665F37
:10326000667072696E74662E630000002F686F6D61
:10327000652F736A6F2F64776D313030312D65782B
:10328000616D706C65732F6E5246355F53444B5FB2
:1032900031342E322E302F65787465726E616C2F4A
:1032A000667072696E74662F6E72665F66707269A0
:1032B0006E74665F666F726D61742E63000000004D
:1032C000303132333435363738394142434445465C
:1032D0002F686F6D652F736A6F2F64776D31303093
:1032E000312D6578616D706C65732F6E5246355F58
:1032F00053444B5F31342E322E302F636F6D706F1D
:103300006E656E74732F6C69627261726965732F7A
:103310006578706572696D656E74616C5F6D656D01
:103320006F626A2F6E72665F6D656D6F626A2E6383
:10333000000000002E2E2F2E2E2F2E2E2F2E2E2F61
:103340002E2E2F2E2E2F636F6D706F6E656E747321
:103350002F6C69627261726965732F65787065722E
:10336000696D656E74616C5F73656374696F6E5FC0
:10337000766172732F6E72665F73656374696F6EC8
:103380005F697465722E68002E2E2F2E2E2F2E2E22
:103390002F2E2E2F2E2E2F2E2E2F636F6D706F6ED1
:1033A000656E74732F6C69627261726965732F6DDB
:1033B000757465782F6E72665F6D74782E68000084
:1033C0007077725F6D676D74000000002F686F6D1D
:1033D000652F736A6F2F64776D313030312D6578CA
:1033E000616D706C65732F6E5246355F53444B5F51
:1033F00031342E322E302F636F6D706F6E656E74A8
:10340000732F6C69627261726965732F7077725F76
:103410006D676D742F6E72665F7077725F6D676D2A
:10342000742E63002F686F6D652F736A6F2F64773A
:103430006D313030312D6578616D706C65732F6E34
:103440005246355F53444B5F31342E322E302F635A
:103450006F6D706F6E656E74732F6C6962726172DE
:103460006965732F6578706572696D656E74616CDE
:103470005F73656374696F6E5F766172732F6E72CE
:10348000665F73656374696F6E5F697465722E63DE
:1034900000000000556E6B6E6F776E206572726F64
:1034A0007220636F646500004E52465F535543437C
:1034B000455353004E52465F4552524F525F53564A
:1034C000435F48414E444C45525F4D495353494E2A
:1034D000470000004E52465F4552524F525F534FD5
:1034E00046544445564943455F4E4F545F454E410F
:1034F000424C4544000000004E52465F4552524F38
:10350000525F494E5445524E414C00004E52465F68
:103510004552524F525F4E4F5F4D454D00000000E7
:103520004E52465F4552524F525F4E4F545F464F88
:10353000554E44004E52465F4552524F525F4E4FD9
:10354000545F535550504F52544544004E52465FBD
:103550004552524F525F494E56414C49445F50418B
:1035600052414D004E52465F4552524F525F494EB6
:1035700056414C49445F5354415445004E52465FB6
:103580004552524F525F494E56414C49445F4C455B
:103590004E475448000000004E52465F4552524F7D
:1035A000525F494E56414C49445F464C4147530097
:1035B0004E52465F4552524F525F494E56414C491A
:1035C000445F4441544100004E52465F4552524FC1
:1035D000525F444154415F53495A45004E52465F41
:1035E0004552524F525F54494D454F5554000000CB
:1035F0004E52465F4552524F525F4E554C4C000062
:103600004E52465F4552524F525F464F52424944D6
:1036100044454E004E52465F4552524F525F494E0E
:1036200056414C49445F4144445200004E52465F6B
:103630004552524F525F4255535900004E52465F19
:103640004552524F525F4D4F44554C455F4E4F547B
:103650005F494E495449414C5A4544004E52465FD9
:103660004552524F525F4D555445585F494E49544B
:103670005F4641494C4544004E52465F4552524FC9
:10368000525F4D555445585F4C4F434B5F4641493F
:103690004C4544004E52465F4552524F525F4D5585
:1036A0005445585F554E4C4F434B5F4641494C453E
:1036B000440000004E52465F4552524F525F4D55F6
:1036C0005445585F434F4E445F494E49545F46410D
:1036D000494C4544000000004E52465F4552524F4F
:1036E000525F4D4F44554C455F414C524541445902
:1036F0005F494E495449414C495A45440000000035
:103700004E52465F4552524F525F53544F524147BB
:10371000455F46554C4C00004E52465F4552524F55
:10372000525F4150495F4E4F545F494D504C454D9B
:10373000454E5445440000004E52465F4552524F9C
:10374000525F464541545552455F4E4F545F454E7A
:1037500041424C45440000004E52465F4552524F94
:10376000525F4452565F5457495F4552525F4F561D
:10377000455252554E0000004E52465F4552524F40
:10378000525F4452565F5457495F4552525F414E13
:1037900041434B004E52465F4552524F525F445296
:1037A000565F5457495F4552525F444E41434B0068
:1037B00000000000A834030001000000B43403003E
:1037C00002000000D434030003000000F8340300BA
:1037D000040000000C350300050000002035030044
:1037E0000600000034350300070000004C350300DC
:1037F0000800000064350300090000007C35030068
:103800000A000000983503000B000000B0350300EB
:103810000C000000C83503000D000000DC3503007B
:103820000E000000F03503000F000000003603001A
:103830001000000014360300110000002C360300B5
:10384000800000003C360300810000005C3603006D
:1038500082000000783603008300000094360300E5
:1038600084000000B436030085000000D836030051
:1038700086000000003703009000000018370300A6
:103880009100000038370300008200005837030021
:1038900001820000783703000282000094370300A1
:1038A00095E80200C7E80200BDE802002F686F6DCE
:1038B000652F736A6F2F64776D313030312D6578E5
:1038C000616D706C65732F6E5246355F53444B5F6C
:1038D00031342E322E302F636F6D706F6E656E74C3
:1038E000732F6C69627261726965732F6578706598
:1038F00072696D656E74616C5F6C6F672F73726354
:103900002F6E72665F6C6F675F64656661756C745D
:103910005F6261636B656E64732E63000C39002017
:10392000443800204C3800204C380020180000009B
:103930004F766572666C6F770000000061707000F2
:103940002F686F6D652F736A6F2F64776D3130301C
:10395000312D6578616D706C65732F6E5246355FE1
:1039600053444B5F31342E322E302F636F6D706FA6
:103970006E656E74732F6C69627261726965732F04
:103980006578706572696D656E74616C5F6C6F6788
:103990002F7372632F6E72665F6C6F675F66726FF4
:1039A0006E74656E642E63006572726F7200000043
:1039B0007761726E696E6700696E666F0000000065
:1039C00064656275670000001B5B306D00000000DD
:1039D0001B5B313B33306D001B5B313B33316D0082
:1039E0001B5B313B33326D001B5B313B33336D006E
:1039F0001B5B313B33346D001B5B313B33356D005A
:103A00001B5B313B33366D001B5B313B33376D0045
:103A1000257300003C25733E2025733A20000000EA
:103A20000D0A000020253032780000002020200000
:103A30007C00000025630000200000005465726DCA
:103A4000696E616C000000005254540053454747B2
:103A5000455200002E2E2F2E2E2F2E2E2F2E2E2FA3
:103A60002E2E2F2E2E2F636F6D706F6E656E7473FA
:103A70002F6C69627261726965732F657870657207
:103A8000696D656E74616C5F73656374696F6E5F99
:103A9000766172732F6E72665F73656374696F6EA1
:103AA0005F697465722E68006E72665F7364680089
:103AB0002F686F6D652F736A6F2F64776D313030AB
:103AC000312D6578616D706C65732F6E5246355F70
:103AD00053444B5F31342E322E302F636F6D706F35
:103AE0006E656E74732F736F667464657669636553
:103AF0002F636F6D6D6F6E2F6E72665F7364682ECD
:103B00006300000001000007142703001C270300C6
:103B1000080000001C2703002C27030008000000F9
:103B20002C2703003C270300080000002E2E2F2E18
:103B30002E2F2E2E2F2E2E2F2E2E2F2E2E2F636F2A
:103B40006D706F6E656E74732F6C696272617269ED
:103B500065732F6578706572696D656E74616C5FF1
:103B600073656374696F6E5F766172732F6E7266D0
:103B70005F73656374696F6E5F697465722E680048
:103B80006E72665F7364685F626C650073645F6227
:103B90006C655F6366675F7365742829207265745E
:103BA00075726E6564202573207768656E20617478
:103BB00074656D7074696E6720746F20736574200E
:103BC000424C455F434F4E4E5F4346475F4741502F
:103BD0002E00000073645F626C655F6366675F73ED
:103BE000657428292072657475726E65642025736A
:103BF000207768656E20617474656D7074696E6796
:103C000020746F2073657420424C455F4741505FBC
:103C10004346475F524F4C455F434F554E542E002D
:103C200073645F626C655F6366675F7365742829A0
:103C30002072657475726E656420257320776865DF
:103C40006E20617474656D7074696E6720746F2086
:103C500073657420424C455F434F4E4E5F43464769
:103C60005F474154542E000073645F626C655F636C
:103C700066675F73657428292072657475726E6556
:103C800064202573207768656E20617474656D709B
:103C900074696E6720746F2073657420424C455FB1
:103CA000434F4D4D4F4E5F4346475F56535F55550B
:103CB00049442E0073645F626C655F6366675F737F
:103CC000657428292072657475726E656420257389
:103CD000207768656E20617474656D7074696E67B5
:103CE00020746F2073657420424C455F47415454E3
:103CF000535F4346475F415454525F5441425F53C0
:103D0000495A452E0000000073645F626C655F6372
:103D100066675F73657428292072657475726E65B5
:103D200064202573207768656E20617474656D70FA
:103D300074696E6720746F2073657420424C455F10
:103D400047415454535F4346475F53455256494396
:103D5000455F4348414E4745442E000052414D20A7
:103D600073746172747320617420307825782C200C
:103D700063616E2062652061646A75737465642096
:103D8000746F20307825782E0000000052414D20BD
:103D900073697A652063616E2062652061646A756B
:103DA0007374656420746F20307825782E000000CD
:103DB00073645F626C655F656E61626C6528292063
:103DC00072657475726E65642025732E00000000A4
:103DD0002F686F6D652F736A6F2F64776D31303088
:103DE000312D6578616D706C65732F6E5246355F4D
:103DF00053444B5F31342E322E302F636F6D706F12
:103E00006E656E74732F736F66746465766963652F
:103E10002F636F6D6D6F6E2F6E72665F7364685F78
:103E2000626C652E6300000084260300BC2603003C
:103E3000080000002E2E2F2E2E2F2E2E2F2E2E2F4E
:103E40002E2E2F2E2E2F636F6D706F6E656E747316
:103E50002F6C69627261726965732F657870657223
:103E6000696D656E74616C5F73656374696F6E5FB5
:103E7000766172732F6E72665F73656374696F6EBD
:103E80005F697465722E68006E72665F7364685F46
:103E9000736F63002F686F6D652F736A6F2F647780
:103EA0006D313030312D6578616D706C65732F6EBA
:103EB0005246355F53444B5F31342E322E302F63E0
:103EC0006F6D706F6E656E74732F736F667464655B
:103ED000766963652F636F6D6D6F6E2F6E72665FAF
:103EE0007364685F736F632E630000006C260300C9
:103EF0008426030008000000B5B5B6B7B7B8B9B955
:103F0000BABBBBBCBDBDBEBFC0C0C1C1C2C3C3C4C0
:103F1000C5C5C6C7C7C8C9C9CACBCBCCCCCDCECE08
:103F2000CFD0D0D1D1D2D3D3D4D4D5D6D6D7D7D859
:103F3000D9D9DADADBDBDCDDDDDEDEDFE0E0E1E1B2
:103F4000E2E2E3E3E4E5E5E6E6E7E7E8E8E9EAEA12
:103F5000EBEBECECEDEDEEEEEFF0F0F1F1F2F2F375
:103F6000F3F4F4F5F5F6F6F7F7F8F8F9F9FAFAFBE1
:103F7000FBFCFCFDFDFEFEFF808080818182828350
:103F8000838484858586868787888889898A8A8BC1
:103F90008B8B8C8C8D8D8E8E8F8F9090909191923B
:103FA00092939393949495959696969797989899BB
:103FB00099999A9A9B9B9B9C9C9D9D9D9E9E9F9F41
:103FC000A0A0A0A1A1A1A2A2A3A3A3A4A4A5A5A5CA
:103FD000A6A6A7A7A7A8A8A8A9A9AAAAAAABABAB57
:103FE000ACACADADADAEAEAEAFAFB0B0B0B1B1B1E7
:103FF000B2B2B2B3B3B3B4B4B3B2B0AFAEADABAAB6
:10400000A9A8A7A6A5A3A2A1A09F9E9E9D9C9B9A9E
:10401000999897969695949393929190908F8E8E6F
:104020008D8C8B8B8A8A898888878786858584840E
:104030008383828281818080FEFCFAF8F6F4F3F1BA
:10404000EFEEECEAE9E7E6E4E3E2E0DFDEDCDBDA30
:10405000D9D7D6D5D4D3D2D1CFCECDCCCBCAC9C85F
:10406000C7C6C5C5C4C3C2C1C0BFBEBEBDBCBBBA46
:10407000BAB9B8B7B7B6B5B53031323334353637EB
:10408000383941424344454630313233343536378E
:104090003839616263646566010000000000000059
:1040A0000A000000000000006400000000000000A2
:1040B000E8030000000000001027000000000000DE
:1040C000A08601000000000040420F000000000038
:1040D000809698000000000000E1F5050000000057
:1040E00000CA9A3B0000000000E40B5402000000EC
:1040F00000E87648170000000010A5D4E800000092
:1041000000A0724E1809000000407A10F35A000017
:104110000080C6A47E8D03000000C16FF2862300DC
:1041200000008A5D78456301000064A7B3B6E00D26
:104130000000E8890423C78A286E756C6C29002D5D
:10414000494E46002D696E66002B494E46002B698C
:104150006E66004E414E006E616E00000000000071
:104160000000000000002440000000000000594052
:10417000000000000088C3400000000084D7974181
:104180000080E03779C34143176E05B5B5B8934653
:10419000F5F93FE9034F384D321D30F94877825A1F
:1041A0003CBF737FDD4F15756D420300E442030091
:1041B0007042030053756E646179004D6F6E6461E7
:1041C000790054756573646179005765646E657331
:1041D000646179005468757273646179004672692C
:1041E00064617900536174757264617900004A6199
:1041F0006E75617279004665627275617279004D03
:104200006172636800417072696C004D6179004AA7
:10421000756E65004A756C79004175677573740039
:1042200053657074656D626572004F63746F62658B
:1042300072004E6F76656D62657200446563656DF0
:104240006265720000414D00504D0000256D2F2524
:10425000642F25790025483A254D3A2553002561DC
:104260002025622025652025542025590043000083
:10427000F725030017260300232603003126030039
:10428000512603005D260300C92503009525030080
:1042900053756E004D6F6E00547565005765640070
:1042A000546875004672690053617400004A616E7B
:1042B00000466562004D617200417072004D617987
:1042C000004A756E004A756C004175670053657051
:1042D000004F6374004E6F760044656300002E004B
:1042E00000000000DE420300E0420300E042030061
:1042F000E0420300E0420300E0420300E04203002A
:10430000E0420300E0420300E0420300FFFFFFFF42
:10431000FFFFFFFFFFFFFFFFFFFF0000B4410300AF
:1043200090420300EE410300AD420300454203000A
:104330004C420300554203005E420300202020202F
:104340002020202020682828282820202020202005
:104350002020202020202020202020204810101065
:10436000101010101010101010101010848484847D
:104370008484848484841010101010101081818132
:10438000818181010101010101010101010101019D
:104390000101010101010110101010101082828230
:1043A000828282020202020202020202020202026D
:1043B0000202020202020210101010200007032065
:0943C000041702010857104080A7
:1043CC00FFFF140001000200050214000A0A00029B
:1043DC000000810000000000000000000000000050
:1043EC000000000000000000000059400000000028
:1043FC0000000000000000000000000000000000B1
:10440C0000005940743500200090D003002000407B
:10441C0000000000A03803000000000000000000B5
:10442C0000000000A8390300B0390300B8390300BC
:10443C00C0390300C8390300D0390300D839030050
:10444C00E0390300E8390300F0390300F8390300C0
:10445C00003A0300083A0300C03F0020C43F00208C
:10446C00C83F0020A8410300A8410300A841030055
:08447C00A8410300A841030060
:040000032000313D6B
:00000001FF
