:020000022000DC
:10300000000001203D310200DD300200DF3002000F
:10301000E1300200E3300200E53002000000000071
:10302000000000000000000000000000E730020087
:10303000E930020000000000EB300200ED30020039
:1030400005A30200F3300200CDCF0200F7300200EA
:1030500025B90200FB3002008DAD0200FF300200F6
:103060000131020003310200053102000731020084
:10307000093102000B3102000D3102000F31020054
:103080001131020055DD0200153102001731020036
:1030900095DD02001B310200897D03001F31020013
:1030A00021310200233102002531020027310200C4
:1030B000293102002B310200EF300200EF30020014
:1030C0002D3102002F310200313102003331020074
:0C30D000353102003731020039310200B6
:1030DC00FEE7FEE7FEE7FEE7FEE7FEE7FEE7FEE7BC
:1030EC00FEE7FEE7FEE7FEE7FEE7FEE7FEE7FEE7AC
:1030FC00FEE7FEE7FEE7FEE7FEE7FEE7FEE7FEE79C
:10310C00FEE7FEE7FEE7FEE7FEE7FEE7FEE7FEE78B
:10311C00FEE7FEE7FEE7FEE7FEE7FEE7FEE7FEE77B
:10312C00FEE7FEE7FEE7FEE7FEE7FEE7FEE700BF91
:10313C000F484FF00701884385460E4880470E48DC
:10314C00016841F470010160BFF34F8FBFF36F8FC3
:10315C0000F01AB809480A490A4A884207D0521A9C
:10316C0005D0037801300B700131013AF9D1704769
:10317C0000000120B574020088ED00E064A9030092
:10318C00682A0020442B00203A493B480A1A02D0F6
:10319C00072291438D46394939480A1A06D007222D
:1031AC00914381F30988022282F314883548364909
:1031BC00364A00F041F836483649374A00F03CF8B8
:1031CC0036483749374A00F037F837483749384AD4
:1031DC0000F032F837483849384A00F02DF83848B2
:1031EC003849394A00F028F838483949394A00F04A
:1031FC0023F839483949002200F036F83848394963
:10320C00002200F031F838483849091A17F0C5F88F
:10321C00374A904725482649884205D00268043031
:10322C0003B4904703BCF7E700208646EC46002029
:10323C000021304A9047FEE7884214D0521A12D02F
:10324C0003460B4313430324234206D10368043083
:10325C000B600431043AF9D17047037801300B70DC
:10326C000131013AF9D17047884202D00270013025
:10327C00FAE770470000012000F800200000012050
:10328C000000012038DB0300442B0020202D0020FF
:10329C0004330200043302001AA8030038DB0300D5
:1032AC00442B0020442B002040AA030040AA03001A
:1032BC0040AA030040AA030040AA030040AA03004E
:1032CC0040AA030040AA030035DB030014DD030011
:1032DC00202D0020202D0020202D002040460020F5
:1032EC00404600204446002044460020444800202C
:0832FC00613102007F4C020069
:1033040076DF704700BF18467ADF704700BF184663
:103314007CDF704700BF18467FDF704700BF184648
:103324008FDF704700BF184690DF704700BF184614
:10333400A8DF704700BF1846A9DF704700BF1846D2
:1033440066DF704700BF184632DF704700BF18467B
:103354003EDF704700BF184600B585B001900023DA
:10336400ADF80A3005E0BDF80A3001339BB2ADF880
:103374000A30BDF80A301A46019B13441B78002B0F
:10338400F1D10DF10A031A460199054806F026FE0B
:1033940003460393039B184605B05DF804FB00BF86
:1033A400202D002000B583B003460091ADF806300F
:1033B400BDF80630009A1946034809F019FE00BF0B
:1033C40003B05DF804FB00BFEFBEADDE00B587B00F
:1033D4009DF80030012262F303038DF800309DF85C
:1033E4000030012262F307138DF800306B4605228A
:1033F4001A491846FFF78CFF0590059B0493049B1C
:10340400002B04D0164AA821049809F0F1FD01AB61
:1034140008220021184617F017F91023ADF80430DC
:103424003C23ADF806300023ADF808304FF4C873E0
:10343400ADF80A3001AB1846FFF766FF0590059B0F
:103444000393039B002B04D0054AB221039809F08F
:10345400CFFD00BF07B05DF804FB00BF40AA030026
:1034640048AA030000B587B00190019B1B78002B8C
:1034740041D10023059328E0019B9A68059B1344DE
:103484001B7818460AF042FD0490049B002B16D0CA
:10349400049B112B13D01A4B1B881B0443F001030C
:1034A400049A1849184613F0E1FB049B0393039B09
:1034B400002B04D0144AD221039809F099FD049BEF
:1034C400112BD9D0059B01330593019B9B891A4687
:1034D400059B9342D0D3019B9A68019B9B89013B36
:1034E40013441B780D2B06D100BF0A200AF00EFDF1
:1034F4000346112BF9D000BF07B05DF804FB00BFF1
:10350400682A00209CAA030048AA030000B585B0DD
:1035140001AB04220021184617F096F80A4B0193D8
:1035240001AB1946094806F001FD0390039B029381
:10353400029B002B04D0064AEC21029809F058FDA6
:1035440000BF05B05DF804FB69340200202D0020A3
:1035540048AA030000B585B00190019B1B78002B9D
:1035640011D10B4B1B883B211846FFF7C9FE039072
:10357400039B0293029B002B05D0064A4FF48171F2
:10358400029809F035FD00BF05B05DF804FB00BFEB
:10359400442B002048AA030000B583B00190054ADB
:1035A40040F20D11019809F023FD00BF03B05DF84E
:1035B40004FB00BF48AA030000B58BB001AB1C227A
:1035C4000021184617F040F8002301934FF42033EC
:1035D40002934FF47023039303238DF810300023D8
:1035E400ADF8123000238DF814300C4B06930C4BBD
:1035F400079301AB184605F013FD0990099B089346
:10360400089B002B05D0074A4FF49271089809F0E3
:10361400EFFC00BF0BB05DF804FB00BF593502009E
:103624009D35020048AA030000B585B0002002F0D1
:10363400B7FB0390039B0293029B002B05D0134A14
:1036440040F22F11029809F0D3FC02F087FC03909A
:10365400039B0193019B002B05D00C4A40F23311CC
:10366400019809F0C5FCFFF76FFE0390039B0093DC
:10367400009B002B05D0054A40F23711009809F051
:10368400B7FC00BF05B05DF804FB00BF48AA030007
:1036940000B585B003468DF807309DF80730002B40
:1036A40011D0032B12D1022002F07AFB0390039B6A
:1036B4000293029B002B0BD0084A40F24911029856
:1036C40009F096FC04E0FFF7AFFF02E000BF00E062
:1036D40000BF00BF05B05DF804FB00BF48AA0300AB
:1036E40010B598B001900091019B1B88232B00F327
:1036F4009180002B40DC93E13B3B1B2B00F290813B
:1037040001A252F823F000BF3D390200253A02001D
:10371400253A0200253A0200253A0200253A020021
:10372400253A0200253A0200253A0200253A020011
:10373400253A0200253A0200253A0200253A020001
:10374400253A0200253A0200253A0200253A0200F1
:10375400253A0200253A0200253A0200253A0200E1
:10376400AF39020013390200253A0200253A02005B
:10377400253A020063390200013B222B00F25081FA
:1037840001A252F823F000BF89390200253A020051
:10379400253A0200253A0200253A0200253A0200A1
:1037A400253A0200253A0200253A0200253A020091
:1037B400253A0200253A0200253A0200253A020081
:1037C400253A02002738020061380200253A020037
:1037D400B3380200253A0200253A0200253A0200D5
:1037E400253A0200253A0200253A0200253A020051
:1037F400253A0200253A0200253A0200253A020041
:10380400253A0200253A02007D380200253A0200DA
:10381400DD380200562B00F303813B2BBFF66CAF5F
:10382400FEE0894B1B881B0443F0030387491846B9
:1038340013F00EFA072002F0B3FA1790179B0F93B8
:103844000F9B002B05D0824A4FF4B1710F9809F0F9
:10385400CFFB019B9A887F4B1A80F2E07A4B1B883E
:103864001B0443F003037C49184613F0F1F9794B28
:103874004FF6FF721A80E4E000238DF83430002301
:103884008DF83530019B9B880DAA11461846FFF729
:1038940047FD1790179B1193119B002B00F0C280DA
:1038A4006B4A4FF4BB71119809F0A2FBBAE0694B63
:1038B4001888002300228521FFF72EFD1790179BFF
:1038C4001093109B002B00F0AF80614A40F27D11F1
:1038D400109809F08DFBA7E00BAB082200211846D5
:1038E40016F0B2FE019B9B880BA900221846FFF735
:1038F4001BFD1790179B1293129B002B00F09680D0
:10390400534A40F28711129809F072FB8EE0514B32
:103914001888002300220021FFF70EFD1790179B43
:103924001593159B002B00F08380494A40F28D11BA
:10393400159809F05DFB7BE0019B9B8813211846D9
:10394400FFF7DEFC1790179B1393139B002B71D08A
:103954003F4A4FF4CA71139809F04AFB6AE0019B8D
:103964009B8813211846FFF7CBFC1790179B1693DF
:10397400169B002B60D0364A40F29B11169809F032
:1039840037FB59E0019B9B8800211846FFF7D8FCC0
:103994001790179B0E930E9B002B4FD02C4A4FF47D
:1039A400D0710E9809F024FB48E0019B07AC063364
:1039B400186859689A68DB680FC49DF81C30002B9E
:1039C4003ED09DF82430042B07D09DF82430062BDC
:1039D40003D09DF82430052B32D19DF81C30022BE6
:1039E40003D102238DF80C3002E001238DF80C3052
:1039F4004FF4C173ADF81030019B9B8803AA1146A4
:103A04001846FFF795FC1790179B1493149B002BF3
:103A140016D00F4A40F2BB11149809F0E9FA0FE0EE
:103A240000BF0EE000BF0CE000BF0AE000BF08E0EA
:103A340000BF06E000BF04E000BF02E000BF00E0FA
:103A440000BF00BF18B010BD682A0020C8AA030038
:103A540048AA0300442B0020D4AA030000B587B071
:103A640014F0CCF80590059B0493049B002B05D01F
:103A7400164A4FF4E871049809F0BAFA0023019346
:103A840001AB1946012014F0B3F90590059B03938B
:103A9400039B002B05D00D4A4FF4EB71039809F0FA
:103AA400A7FA01AB184614F0B3FA0590059B0293EC
:103AB400029B002B05D0054A4FF4ED71029809F0E2
:103AC40097FA00BF07B05DF804FB00BF48AA0300E3
:103AD40000B583B001900091009B5A88104B1B885D
:103AE4009A4218D1009B1B8840F67722934212D148
:103AF400009B9B88033B9AB20A4B1A800A4B1B8893
:103B04001B0443F00300074B1B881A46054B1B8814
:103B1400064913F0BCF800BF03B05DF804FB00BF16
:103B2400442B0020462B0020682A0020E4AA03002E
:103B340000B585B01149124805F02EFF0390039B90
:103B44000293029B002B05D00E4A40F2F511029815
:103B540009F04EFA40210A4805F049FF0390039BFF
:103B64000193019B002B05D0064A4FF4FC71019888
:103B740009F03EFA00BF05B05DF804FBD53A020037
:103B84003C2D002048AA030000B5ABB06B46A02230
:103B94000021184616F058FD02238DF8003000234A
:103BA4008DF8023005238DF803300123ADF84C3035
:103BB400114B149301238DF87C3040232293B423BA
:103BC40023930E4B26936B4619460D4804F09BFE37
:103BD4002990299B2893289B002B05D0094A40F261
:103BE4008A21289809F004FA0121054804F07EFE90
:103BF40000BF2BB05DF804FB482B00209536020073
:103C0400502D002048AA030000B583B0002012F014
:103C1400B1FD0190019B0093009B002B05D0064A47
:103C240040F2A721009809F0E3F912F001FD00BF6A
:103C340003B05DF804FB00BF48AA030000B583B0DD
:103C4400FFF786FB0190019B0093009B002B05D09E
:103C5400044A40F2B221009809F0CAF900BF03B047
:103C64005DF804FB48AA030000B585B00AF096F895
:103C74000390039B0293029B002B05D0134A4FF43D
:103C84002F71029809F0B4F9FFF7BEFFFFF7E6FEC3
:103C9400FFF79CFBFFF74CFFFFF738FCFFF774FFBF
:103CA400FFF78AFC03210A4804F03CFF0390039BBE
:103CB4000193019B002B05D0044A40F2CD210198C9
:103CC40009F096F900BF05B05DF804FB48AA0300AB
:103CD400502D002008B513F015F8FFF7AFFF00BF13
:103CE40008BD82B00190019B9B6893F83D31C3F3FA
:103CF4004003DBB2002B14BF01230023DBB21846C0
:103D040002B0704730B58DB0124B02AC1D460FCDDA
:103D14000FC495E80F0084E80F00052302930B23DA
:103D2400039300238DF81C3002A90323009301237D
:103D3400012209480FF028F80B900B9B0A930A9B69
:103D4400002B04D0054A69210A9809F051F900BFF3
:103D54000DB030BDB0AB030058B2030064AB030038
:103D640000B583B008480FF04DF80190019B009313
:103D7400009B002B04D0054A7021009809F038F903
:103D840000BF03B05DF804FB58B2030064AB03004A
:103D940008B502480FF082F800BF08BD58B203000E
:103DA40000B587B0059004910392039B0193049B93
:103DB4000093039B044A022105980FF0D7F800BF33
:103DC40007B05DF804FB00BFD0AB030000B585B0BD
:103DD40003900291029B0093029B044A02210398E0
:103DE4000FF0C4F800BF05B05DF804FB04AC030099
:103DF40000B58DB00790069105920493069B9BB283
:103E0400ADF82030059B9BB2ADF82230049B09939A
:103E14000E9B03339B080A930E9B0293049B01930E
:103E2400059B0093069B0D4A002107980FF09EF80E
:103E340008AB194600200BF057FF0B900B9B002B8F
:103E440008D0074A0B9B52F82330064A02210798F0
:103E54000FF08CF800BF0DB05DF804FB38AC030024
:103E6400F82B002084AC030000B58DB001900091C4
:103E740008AB00221A605A609A6006AB00221A60EE
:103E84005A6006AB08AA47F210014FF210000BF07B
:103E9400C2FF0346002B1FD14FF21003ADF80C30C4
:103EA40047F21003ADF80E30009B049306230593EC
:103EB40003AA08AB114618460BF025FF0B900B9B89
:103EC400002B0ED0094A0B9B52F82330084A0221DA
:103ED40001980FF04BF804E0064A022101980FF014
:103EE40045F800BF0DB05DF804FB00BFF82B0020BF
:103EF400B0AC0300DCAC030000B58DB005900491B8
:103F0400039209AB00221A605A6006AB00221A60C1
:103F14005A609A60039B0093049B184A00210598F9
:103F24000FF024F8049B98B2039B99B209AB06AA3C
:103F34000BF071FF0346002B18D106AB18460BF0AB
:103F4400F7FE0B900B9B002B09D00D4A0B9B52F8EC
:103F540023300C4A022105980FF008F80BE0069B69
:103F6400094A002105980FF001F804E0074A0221EC
:103F740005980EF0FBFF0DB05DF804FB04AD0300E3
:103F8400F82B002030AD03005CAD030070AD0300DE
:103F940000B587B003AB00221A605A606B4600225A
:103FA4001A605A609A6003AA6B46114618460BF0D1
:103FB40023FF0346002B0BD16B4618460BF0B8FECB
:103FC4000590059B002B01D0002302E0012300E0B3
:103FD4000023184607B05DF804FB000000B585B067
:103FE4000390029101920398FFF77BFE0346002B96
:103FF40005D00022002103980FF0E8F80FE0029B9F
:10400400022B04D008490398FFF7E0FE07E0019B68
:1040140004331B68044A19460398FFF7C1FE00BF26
:1040240005B05DF804FB00BF8CAD030000B593B090
:104034000790069105920CAB00221A605A609A60B0
:104044000AAB00221A605A605BE008AB00221A60D7
:104054005A6008AA0CAB114618460BF0C1FD11902A
:10406400119B0D2B09D0119B0D2B12D8119B002BEA
:1040740019D0119B0A2B06D00BE02A4A022107987B
:104084000EF074FF3DE0284A022107980EF06EFFFF
:1040940037E0264A119B52F82330254A022107981B
:1040A4000EF064FF2DE000BF099B1093109B1B7D55
:1040B400002B01D01F4800E01F48109B5B7D002BA4
:1040C40001D01C4B00E01C4B109A1268109904316B
:1040D4000291019200930346184A002107980EF0BA
:1040E40045FF0CAB18460BF0B7FD1190119B0F93D5
:1040F4000F9B002B05D0124A4FF4A2710F9808F0C1
:1041040077FF0AAB0CAA47F210014FF210000BF034
:1041140082FE0346002B98D000BF00BF13B05DF8A9
:1041240004FB00BF94AD030070AD0300F82B002026
:10413400B0AD0300D0AD0300D4AD0300D8AD03008F
:1041440064AB030000B593B00790069105920DABE4
:1041540000221A605A600AAB00221A605A609A6000
:10416400344A002107980EF001FF54E008AB002206
:104174001A605A6008AA0AAB114618460BF030FDC3
:104184001190119B0D2B09D0119B0D2B12D8119B53
:10419400002B19D0119B0A2B06D00BE0264A0221D2
:1041A40007980EF0E3FE36E0244A022107980EF049
:1041B400DDFE30E0224A119B52F82330214A0221CD
:1041C40007980EF0D3FE26E000BF089B5B889B0097
:1041D4001093089B9A68089B9B881946089B1B8828
:1041E4001846109B0293019000911346164A002131
:1041F40007980EF0BBFE0AAB18460BF02DFD11908C
:10420400119B0F930F9B002B05D0104A4FF4BF71E5
:104214000F9808F0EDFE0DAA0AAB114618460BF0F4
:10422400EBFD03460A2BA1D100BF00BF13B05DF81C
:1042340004FB00BF14AE030094AD030070AD030093
:10424400F82B0020B0AD030038AE030064AB0300CC
:1042540000B589B00590049103920598FFF741FDDC
:104264000346002B05D00022002105980EF0AEFF76
:1042740049E0049B042B04D025490598FFF7A6FDCB
:1042840041E0039B04331B6810220021184613F0FD
:10429400A7FF0346ADF81E30039B08331B681022AA
:1042A4000021184613F09CFF0346ADF81C30039B15
:1042B4000C331B68184616F0D5F80346FF2B07D8B5
:1042C400039B0C331B68184616F0CCF8034601E038
:1042D4004FF4807306934FF4807200210D4816F05A
:1042E400B3F9039B0C331B68069A1946094816F068
:1042F40079F9BDF81E10BDF81C20069B0093054BF0
:104304000598FFF775FD00BF09B05DF804FB00BF19
:1043140060AE0300E431002000B58BB00790069135
:1043240005920798FFF7DDFC0346002B05D0002219
:10433400002107980EF04AFF6DE0069B052B04D080
:1043440037490798FFF742FD65E0059B04331B6876
:104354003449184616F0FAF80346002B0CBF012323
:104364000023DAB2304B1A75059B08331B682D49BC
:10437400184616F0EBF80346002B0CBF012300236C
:10438400DAB2294B5A75059B0C331B680A220021AB
:10439400184613F025FF03461A46234B1A60059B63
:1043A40010331B68184616F05DF803460F2B08D827
:1043B400059B10331B68184616F054F803469BB24D
:1043C40000E01023ADF82630059B10331B68BDF8C0
:1043D40026201946154816F005F9134B1B7D002BB2
:1043E40001D0104900E012490F4B5B7D002B01D036
:1043F4000C4B00E00E4B0C4A12680C4802900192E0
:1044040000930B460B4A002107980EF0AFFD0649B6
:104414000798FFF729FD00BF0BB05DF804FB00BF50
:1044240068AE0300D0AD0300E4320020E83200207F
:10443400D4AD030070AE030000B587B003900291C1
:1044440001920398FFF74DFC0346002B05D0002290
:10445400002103980EF0BAFE20E0029B022B04D840
:1044640010490398FFF7B2FC18E0019B04331B6862
:1044740010220021184613F0B3FE03460593019B56
:1044840008331B6810220021184613F0A9FE0346C6
:104494000493049A05990398FFF72EFD00BF07B013
:1044A4005DF804FBB4AE030000B585B0039002913F
:1044B40001920398FFF715FC0346002B05D0002258
:1044C400002103980EF082FE09E0029B012B04D028
:1044D40005490398FFF77AFC01E000F0B3F900BF47
:1044E40005B05DF804FB00BFBCAE030070B592B02C
:1044F4000990089107920998FFF7F3FB0346002BF4
:1045040005D00022002109980EF060FE3AE00BABC2
:1045140000221A605A609A60DA601A820BAB18465D
:104524000BF090FC1190119B1093109B002B05D065
:10453400164A40F2F711109808F05AFDBDF82C30D5
:104544001E46BDF830301A46BDF832301344BDF86B
:1045540030201146BDF832201046BDF838201446EC
:10456400BDF83A201546BDF83A209200059204950C
:1045740003940290019100933346054A002109985F
:104584000EF0F4FC00BF12B070BD00BF64AB0300BA
:10459400C8AE030000B587B00390029101920BF0FE
:1045A400FBFB0590059B002B09D0074A059B52F89D
:1045B4002330064A022103980EF0D8FC00E000BF25
:1045C40000BF07B05DF804FBF82B002048AF0300E0
:1045D40000B591B00590049103920AAB00221A60D1
:1045E4005A609A6008AB00221A605A60049B98B221
:1045F400039B99B208AB0AAA0BF00DFC0346002BEF
:1046040037D106AA0AAB114618460BF0E9FA0F9007
:104614000F9B002B23D1079B0E93069B5B889B006B
:104624000D934FF480720021184816F00DF80D9B7D
:10463400FF2B28BFFF231A460E99144815F0D2FF0A
:10464400124B0193039B0093049B114A002105988C
:104654000EF08CFC0AAB18460BF0FEFA11E00D4A82
:104664000F9B52F823300C4A022105980EF07EFC71
:1046740007E0039B0093049B084A022105980EF06F
:1046840075FC00BF11B05DF804FB00BFFC320020D4
:1046940070AF0300F82B00209CAF0300C4AF0300ED
:1046A40000B587B00390029101920398FFF719FBBC
:1046B4000346002B05D00022002103980EF086FD4E
:1046C40020E0029B032B04D010490398FFF77EFBE4
:1046D40018E0019B04331B6810220021184613F0D4
:1046E4007FFD03460593019B08331B6810220021BC
:1046F400184613F075FD03460493049A059903982C
:10470400FFF766FF07B05DF804FB00BFF4AF0300DA
:104714003EDF704700BF184600B583B00190404BA0
:104724001B881B0443F00300019B1B781A463D4B76
:1047340053F822301946019B5B683B4A52F82330F8
:104744000A463A4912F0A3FA019B1B78032B34D092
:10475400032B5BDC002B02D0012B08D056E0019B1D
:104764005B68002B54D1324B01221A7050E0019B3C
:104774005B68002B4ED12A4B1B881B0443F00300BB
:10478400019B9B681A462B4912F070FA244B1B8834
:104794001B0443F00300019B9B891A46264912F02F
:1047A40065FA1F4B1B881B0443F00300019BDB8944
:1047B4001A46224912F05AFA2CE0019B5B68002B3E
:1047C40020D1174B1B881B0443F00300019B9B68FB
:1047D4001A46184912F04AFA114B1B881B0443F07D
:1047E4000300019B9B891A46134912F03FFA0C4BB4
:1047F4001B881B0443F00300019BDB891A460F4905
:1048040012F034FA0E4B00225A7004E000BF02E0AA
:1048140000BF00E000BF00BF03B05DF804FB00BFB1
:10482400682A0020382C0020F82B002028B503002B
:104834007A34002048B503005CB503006CB503006E
:1048440078340020024B01221A7000BF704700BF69
:104854007834002008B5164B1B781A46144B5B7845
:1048640083F00103DBB21340002B1ED0114B1B88D5
:104874001B0443F003031049184612F0E9F9FFF74B
:1048840087FB03461A460A4B1A70094B1B7883F0C0
:104894000103DBB2002B08D0064B1B881B0443F03A
:1048A40003030649184612F0D3F900BF08BD00BF40
:1048B40078340020682A002080B5030098B50300EE
:1048C40000B583B009F06AFA0190019B0093009B44
:1048D400002B04D0044AEA21009808F089FB00BFA9
:1048E40003B05DF804FB00BFBCB5030008B5FFF7D7
:1048F4000FFF00BF08BD000008B501E0FFF7F6FF99
:10490400054B1B78DBB283F00103DBB2002BF5D13E
:1049140000BF00BF08BD00BF7A34002000B59BB0C3
:10492400FFF7CEFFFFF7EEF9A74B1B881B0443F0FC
:104934000303A649184612F08BF9A5480BF052F868
:10494400A14B1B881B0443F00303A249184612F031
:104954007FF90BF0B5F81990199B1893189B002B4D
:1049640005D09D4A40F22111189808F041FBFFF749
:10497400C3FF954B1B881B0443F003039749184658
:1049840012F066F9904B1B881B0443F0030394490F
:10499400184612F05DF98C4B1B881B0443F003038B
:1049A4009049184612F054F9874B1B881B0443F0B6
:1049B40003038D49184612F04BF9834B1B881B04E3
:1049C40043F003038949184612F042F97E4B1B88D1
:1049D4001B0443F003038649184612F039F97A4B55
:1049E4001B881B0443F003038249184612F030F974
:1049F400754B1B881B0443F003037F49184612F0D0
:104A040027F9714B1B881B0443F003037B491846A9
:104A140012F01EF96C4B1B881B0443F00303784906
:104A2400184612F015F90DAB00221A605A609A600C
:104A3400DA601A820DAB18460BF004FA1990199B30
:104A44001793179B002B05D0634A40F23511179832
:104A540008F0CEFA5C4B1B881B0443F00303BDF83B
:104A640038206849184612F001F9574B1B881B047B
:104A740043F00303BDF83A206349184612F0F6F8F0
:104A84000AAB00221A605A609A6008AB00221A60CE
:104A94005A6008AB0AAA47F210014FF210000BF05B
:104AA400BAF91990199B002B4DD106AB00221A605C
:104AB4005A6006AA0AAB114618460BF091F81990F1
:104AC400199B1593159B002B05D0434A4FF4A371F2
:104AD400159808F08DFA079B182219464B4815F0D3
:104AE40081FD394B1B881B0443F00303474A1268BA
:104AF4004749184612F0BAF8444B1B680133434A3D
:104B040013600AAB18460BF0A7F81990199B14937D
:104B1400149B002B05D0304A4FF4A971149808F067
:104B240067FA0AAB3B4918460BF0EDF81990199B4C
:104B34001393139B002B20D0274A4FF4AB71139887
:104B440008F056FA19E0204B1B881B0443F00303BA
:104B54003149184612F07CF80AAB2E4918460BF07E
:104B6400C3F81990199B1693169B002B05D01A4A6B
:104B74004FF4AF71169808F03BFA08AB0AAA01216A
:104B840001200BF048F91990199B002B48D0012300
:104B9400ADF80C300123ADF80E30204B04931E23E6
:104BA400059303AA0AAB114618460BF09DF8199019
:104BB400199B1293129B002B45D0074A4FF4B571F1
:104BC400129808F015FA3EE0682A002010B6030097
:104BD4001D47020028B60300BCB503003CB6030021
:104BE40050B603006CB6030090B60300B0B60300E1
:104BF400C8B60300E4B6030000B7030020B70300FF
:104C040040B7030064B703007CB70300502C0020B6
:104C1400B4B70300FCB70300E4B703007C2B002007
:104C240001AB00221A605A6001AA0AAB1146184669
:104C34000AF0D6FF1990029B064A104619467B23B8
:104C44001A4615F0CFFCFFF78BF800BF1BB05DF8D8
:104C540004FB00BFFC33002008B512F053F80346F0
:104C640083F00103DBB2002B01D0FFF73FFEFFF717
:104C74008FF8FFF7EFFD00BF08BD08B5FEF7F4FF9E
:104C8400FFF74CFE00F08EFAFFF724F8FFF7E4FF7D
:104C940000F058F8F8E7000000B583B00190019BDC
:104CA4001B681F2B04D905494FF4E870FEF77AFB03
:104CB4004FF0A043184603B05DF804FB08B80300A6
:104CC40000B585B00190084611461A4603468DF892
:104CD40003300B468DF8023013468DF8013001ABDA
:104CE4001846FFF7D9FF03909DF803209DF8023082
:104CF4005B001A439DF801309B001A439DF818305D
:104D04001B0242EA03019DF81C301B04019A19435B
:104D1400039B02F5E07243F8221000BF05B05DF872
:104D240004FB00B585B00390002301930023009396
:104D34000023012201210398FFF7C2FF00BF05B041
:104D44005DF804FB2DE9F04FADF5377D824B1B7800
:104D5400002B00F0F9800023B59320E07F49B59A39
:104D640013465B0013441B010B44043319687B484E
:104D7400B59A13465B0013441B0103442833D3E95B
:104D8400002362A8CDE900230A46754914F037FCD4
:104D940062AB1846FEF7E0FAB59B0133B593714B4D
:104DA4001B68B59A9A42D9DB0023B49348E0B49BBC
:104DB4005A1C6A4913465B0013441B010B442833F5
:104DC400D3E9002310466549B49A13465B001344A3
:104DD4001B010B442833D3E900231346C11AB49BA7
:104DE4005A1C5E4813465B0013441B0103441833EA
:104DF40018685A4B4F93B49A13465B0013441B0133
:104E04004F9A134418331B68C31A1B02CB1A194652
:104E1400B6ABA3F5BC73B49A43F82210B6ABA3F5B2
:104E2400BC73B49A53F8223062A8B49A4E4914F071
:104E3400E6FB62AB1846FEF78FFAB49B0133B493DA
:104E4400484B1B68013BB49A9A42B0DB0023B393EE
:104E54005BE04249B39A13465B0013441B010B44C5
:104E64000C331B68DA171C461546B6ABA3F5A871BC
:104E7400B39A13465B001344DB000B44C3E90045BB
:104E84003649B39A13465B0013441B010B44103399
:104E94001B68DA171E461746B6ABA3F5A871B39A7A
:104EA40013465B001344DB000B440833C3E900677B
:104EB4002A49B39A13465B0013441B010B44143371
:104EC4001B68DA1798469146B6ABA3F5A871B39A56
:104ED40013465B001344DB000B441033C3E9008921
:104EE400B6ABA3F5BC73B39A53F82230DA179A46DB
:104EF4009346B6ABA3F5A872B39B1E33DB001344F1
:104F0400C3E900ABB39B0133B393164B1B68B39A4D
:104F14009A429EDB134B1B681E46B6ABA3F5CC75B9
:104F2400B6ABA3F5A874684604F108034FF49C7269
:104F3400194615F057FB94E80C003146284600F05A
:104F440077FA054B00221A70012002F07FFA00BFA5
:104F54000DF5377DBDE8F08F0C35002018350020A5
:104F640050B803001035002064B80300F0B587B0D2
:104F74004FF000024FF00003CDE9042301AB1846C3
:104F840001F0D2FA042303931EE0DDE904014FF09B
:104F940000024FF000030B0243EA10630202CDE962
:104FA400042301AA039B13441B78DBB200221C4692
:104FB4001546DDE9042342EA040643EA0507CDE980
:104FC4000467039B013B0393039B002BDDDADDE9BC
:104FD40004231046194607B0F0BD000010B59CB07C
:104FE4000190284B01221A600021102001F062FB7D
:104FF400034603F07F031B931B9B7E2B06D81B9B4E
:105004009BB200221946204801F079FA4FF47A70D5
:1050140001F0CAFE002001F07FFE1C4813F0A6F93F
:1050240004221B49184815F0F8F90346002B25D132
:10503400184B1A6813465B0013441B01164A1344A9
:1050440024221149184615F0CDFA124B1C68FFF7BB
:105054008DFF114A23465B0023441B01134428336C
:10506400C3E900010B4B1B6801330A4A1360094B67
:105074001B68132B02DD074B00221A6000BF1CB013
:1050840010BD00BF003500207C34002074B803003C
:1050940024B90300D83800201835002000B583B0A7
:1050A40001900D4B01221A60002001F07DFE0020CA
:1050B40001F032FE094813F059F9094B1B68094AFB
:1050C4001360074B00221A60074B01221A7000BFBD
:1050D40003B05DF804FB00BF043500208CB8030066
:1050E400D8380020103500200C35002000B583B0DE
:1050F4000190054B01221A60002001F00DFE00BF53
:1051040003B05DF804FB00BF0835002082B00190B5
:10511400024B01221A6000BF02B07047FC34002029
:1051240000B583B001900B468DF8033001F000FC0C
:1051340000BF03B05DF804FB00B585B005F02CFD9D
:105144000346002B03D0134813F010F901E005F0D7
:10515400DBFC114B1B68019300238DF8053001AB78
:105164000E4A1946132005F023FD0390039B029376
:10517400029B002B05D00A4A40F2B511029807F0B1
:1051840037FF0121132005F077FD00BF05B05DF85E
:1051940004FB00BFA4B8030020B90300255102009A
:1051A400CCB8030000B583B0002301930EE00122C4
:1051B400019B02FA03F31A46244B1340002B02D03E
:1051C4000198FFF7AEFD019B01330193019B1F2B57
:1051D400EDD94FF0A0431D4AC3F80C254FF0A0436E
:1051E4000022C3F80825FFF7A7FF02F0C9F802F070
:1051F400DBF8012000F016FF0346B3F1FF3F00D1B6
:10520400FEE702F0F9F8124800F0D6FF114B124AFB
:105214001249134801F072FB0121124801F00CFEFF
:1052240044F2480001F04AF944F2480001F057F909
:10523400642001F047FB002001F0B6FD002001F0DE
:105244006BFD00BF03B05DF804FB00BF000040C06D
:10525400682C0020F1500200A1500200E14F02002E
:105264001151020080D02304F0B589B08DED060BF6
:105274008DED041B8DED022B8DED003BDDE902234A
:10528400DDE9060113F018FE02460B4614461D46DE
:10529400DDE90223DDE9060113F00EFE02460B46AA
:1052A4002046294613F00CFE02460B4614461D46C2
:1052B400DDE90023DDE9040113F0FEFD02460B469F
:1052C40016461F46DDE90023DDE9040113F0F4FD71
:1052D40002460B463046394613F0F2FD02460B46B1
:1052E4002046294613F0C8FC02460B4643EC172B14
:1052F400B0EE470AF0EE670A13F018FAB0EE407AFF
:10530400F0EE607AB0EE470AF0EE670A09B0F0BD3D
:105314000000000000B593B08DED040B8DED021B71
:105324000190424B93ED007B404B93ED026BB0EE4A
:10533400463AF0EE663AB0EE472AF0EE672A9DED63
:10534400021B9DED040BFFF78FFF8DED0C0B4FF04F
:1053540000024FF00003CDE9102301230F9353E023
:10536400324A0F9B1B01134493ED007B2F4A0F9B82
:105374001B011344083393ED006BB0EE463AF0EE94
:10538400663AB0EE472AF0EE672A9DED021B9DEDCA
:10539400040BFFF769FF8DED0A0BDDE90C23DDE952
:1053A4000A0113F089FD02460B46104619461DA357
:1053B400D3E9002313F01CFE02460B46CDE9082373
:1053C4000F9B03F10053013BDB00019A1344D3E923
:1053D4000023DDE9080113F06FFD02460B46CDE919
:1053E4000623DDE90623DDE9060113F069FD024623
:1053F4000B46DDE9100113F03FFC02460B46CDE9F4
:1054040010230F9B01330F930F9B022BA8DDDDE9C3
:10541400102343EC172BB0EE470AF0EE670A13B0E3
:105424005DF804FB0000000000707540782C00203B
:1054340082B030B597B0019000911AA981E80C00B0
:105444004FF000024FF00003CDE914234FF00002A7
:105454004FF00003CDE912234FF0FF323F4BCDE96B
:1054640010234FF000024FF00003CDE90E2345E076
:105474004FF000024FF00003CDE90C2329E056ABB6
:1054840018469DED0C1B9DED0E0BFFF743FF8DEDB4
:105494000A0BDDE91023DDE90A0113F0FBFE0346E4
:1054A400002B0BD0DDE90A23CDE91023DDE90E231F
:1054B400CDE91423DDE90C23CDE912234FF00002DA
:1054C400274BDDE90C0113F0D7FB02460B46CDE96F
:1054D4000C234FF00002234BDDE90C0113F06AFEAC
:1054E4000346002BCBD14FF000021D4BDDE90E012A
:1054F40013F0C2FB02460B46CDE90E234FF0000227
:10550400184BDDE90E0113F055FE0346002BAFD115
:10551400DDE9140113F0DAFE02460B46CDE902235D
:10552400DDE9120113F0D2FE02460B46CDE9042355
:105534004FF000024FF00003CDE90623019B1D4606
:1055440002AC0FCC0FC594E80F0085E80F0001985A
:1055540017B0BDE8304002B0704700BFFFFFEF7FD7
:105564000000F03F0000594000B583B00190019B5A
:105574001B681F2B04D905494FF4E870FDF712FF8F
:105584004FF0A043184603B05DF804FB28B90300AC
:1055940000B585B0019001AB1846FFF7E5FF039015
:1055A400019B012202FA03F31946039800F069F8FB
:1055B40000BF05B05DF804FB00B585B0019001ABF8
:1055C4001846FFF7D1FF0390019B012202FA03F36F
:1055D4001946039800F05FF800BF05B05DF804FBBE
:1055E40000B585B0019001AB1846FFF7BDFF0390ED
:1055F400039BD3F804350293029BDA43019B0121F8
:1056040001FA03F31A40039BC3F80825019B012206
:105614009A40029B1A40039BC3F80C2500BF05B0B7
:105624005DF804FB00B583B001900091009B002B52
:1056340003D10198FFF7C0FF02E00198FFF7A8FF2C
:1056440000BF03B05DF804FB00B585B0019001AB69
:105654001846FFF789FF0390039800F00AF8024602
:10566400019B22FA03F303F00103184605B05DF829
:1056740004FB82B00190019BD3F80435184602B0B4
:10568400704782B001900091019B009AC3F80825ED
:1056940000BF02B0704782B001900091019B009A54
:1056A400C3F80C2500BF02B07047000000B585B0F8
:1056B4000190019B032B03D911493720FDF772FE9A
:1056C400104A019B13441B781846FFF7BDFF03469D
:1056D400002B14BF012300238DF80F309DF80F30E9
:1056E400002B14BF01230023DBB283F00103DBB2E0
:1056F40003F00103DBB2184605B05DF804FB00BFFC
:1057040070B90300B8B9030000B583B00190019BE0
:10571400032B03D907493E20FDF744FE064A019BAB
:1057240013441B7800211846FFF77CFF00BF03B029
:105734005DF804FB70B90300B8B9030000B583B089
:105744000190019B032B03D907494420FDF72AFE4E
:10575400064A019B13441B7801211846FFF762FF98
:1057640000BF03B05DF804FB70B90300B8B90300CF
:1057740000B583B00023019305E00198FFF7DEFF35
:10578400019B01330193019B032BF6D900BF00BF9A
:1057940003B05DF804FB00B583B00023019305E07A
:1057A4000198FFF7B1FF019B01330193019B032B88
:1057B400F6D900BF00BF03B05DF804FB00B583B0A9
:1057C4000190019B032B03D907495C20FDF7EAFDF7
:1057D400064A019B13441B781846FFF701FF00BFDC
:1057E40003B05DF804FB00BF70B90300B8B903004F
:1057F40000B583B00190019B032B03D90549A22076
:10580400FDF7D0FD044A019B13441B78184603B0EE
:105814005DF804FB70B90300BCB9030000B583B0A4
:105824000190019B1B681F2B04D905494FF4E870B4
:10583400FDF7B8FD4FF0A043184603B05DF804FB34
:10584400C0B9030000B585B001900B468DF8033054
:1058540001AB1846FFF7E2FF0390019A039B02F5A0
:10586400E07253F82230019A23F44031039B02F58D
:10587400E07243F82210019A039B02F5E07253F898
:1058840022109DF803301B04019A1943039B02F56F
:10589400E07243F8221000BF05B05DF804FB00007D
:1058A40000B583B00C4B1B78002B0FD00023019361
:1058B40008E0019B022B02D00198FFF73FFF019BF8
:1058C40001330193019B032BF3D901E0FFF750FF50
:1058D40000BF03B05DF804FBE43800202DE9D04F8D
:1058E40092B003468DF83F300023119300231093A8
:1058F400C94B1B78002B04D0C74A00231370FFF751
:10590400CFFF9DF83F30172B00F2398201A252F8E5
:1059140023F000BF79590200875902008759020019
:10592400235A0200BF5A02003B5B0200CF5B020015
:10593400EF5B0200FF5B0200295C0200475C02008F
:10594400655C0200835C0200915C0200915C0200D1
:10595400915C0200915C0200915C0200255D0200F2
:10596400335D0200475D02005B5D0200755D02006D
:10597400755D0200FFF794FFA84A9DF83F3013704D
:10598400FEE10020FFF792FE0346002B0DD000201D
:10599400FFF7D4FE9DF83F30022B02D14FF4E163B0
:1059A40001E04FF47A6310930BE00020FFF7ACFEA4
:1059B4009DF83F30022B01D1C82301E04FF4C87396
:1059C4001093964A9DF83F301370954C109B00221B
:1059D400009301924FF000024FF00003DDE90067ED
:1059E4003946CB03314643EA51433146CA0312F5E3
:1059F400FA71029143F1000303934FF47A724FF06A
:105A04000003DDE9020113F0EFFC02460B461346E6
:105A140000221946204608F025FA1190B0E1002032
:105A2400FFF744FE0346002B0DD00020FFF786FE4F
:105A34009DF83F30032B02D14FF4487301E04FF43B
:105A44007A6310930BE00020FFF75EFE9DF83F3071
:105A5400032B01D1C82301E04FF4C87310936F4A9C
:105A64009DF83F3013706E4C109B002204930592F6
:105A74004FF000024FF00003DDE904673946CB0321
:105A8400314643EA51433146CA0312F5FA7106918D
:105A940043F1000307934FF47A724FF00003DDE9FA
:105AA400060113F0A1FC02460B46134600221946D8
:105AB400204608F0D7F9119062E10020FFF7F6FDC7
:105AC4000346002B06D00020FFF738FE4FF47A631C
:105AD400109305E00020FFF717FE4FF4C8731093EE
:105AE4004E4A9DF83F3013704D4C109B00229A464D
:105AF40093464FF000024FF000034FEACB3343EAE2
:105B04005A434FEACA3212F5FA71089143F100037D
:105B140009934FF47A724FF00003DDE9080113F0A2
:105B240063FC02460B46134600221946204608F041
:105B340099F9119024E10020FFF7B8FD0346002BEA
:105B44000CD00020FFF7FAFD9DF83F30052B01D162
:105B5400C82301E04FF47A6310930BE00020FFF7B1
:105B6400D3FD9DF83F30052B01D1C82301E04FF44C
:105B7400C8731093294A9DF83F301370284C109B2A
:105B84000022984691464FF000024FF000034FEA7E
:105B9400C93343EA58434FEAC83212F5FA710A91FD
:105BA40043F100030B934FF47A724FF00003DDE9E5
:105BB4000A0113F019FC02460B461346002219464B
:105BC400204608F04FF91190DAE00020FFF7F6FDC7
:105BD400124A9DF83F301370114B002240F6CD411C
:105BE400184608F03FF91190CAE00020FFF78CFD39
:105BF4000A4A9DF83F301370C2E0074B01221A7025
:105C04000120FFF7DBFD064B002240F6CD4118468C
:105C140008F028F91190B3E0DD380020DC380020CA
:105C2400E8380020594B01221A700120FFF7C6FD05
:105C3400574B00224FF48041184608F013F9119095
:105C44009EE0524B01221A700120FFF7B7FD504B22
:105C5400002240F6CD41184608F004F911908FE077
:105C64004A4B01221A700120FFF7A8FD484B00227D
:105C74004FF48041184608F0F5F8119080E0FFF7E2
:105C84008AFD444A9DF83F30137079E0424B184630
:105C940008F01AF911909DF83F30C3F111031093E5
:105CA400109B002B35D0119B002B32D1109B012B64
:105CB40028D9394C109B9BB21A46C82302FB03F324
:105CC400DA171E4617464FF000024FF00003FB039D
:105CD40043EA5643F20312F5FA710C9143F10003BF
:105CE4000D934FF47A724FF00003DDE90C0113F0C9
:105CF4007BFB02460B46134600221946204608F059
:105D0400B1F811900220FFF7FFFC244B01221A7016
:105D140036E00220FFF712FD204B00221A702FE01C
:105D2400FFF7BEFD1B4A9DF83F30137028E0FFF7D4
:105D3400B7FD0020FFF7E8FC164A9DF83F301370CA
:105D44001EE0FFF7ADFD0120FFF7DEFC114A9DF8D0
:105D54003F30137014E0FFF7A3FD0020FFF7D4FCDD
:105D64000120FFF7D1FC0B4A9DF83F30137007E088
:105D7400FFF711FD074A9DF83F30137000E000BFA4
:105D8400119B184612B0BDE8D08F00BFDD3800204B
:105D9400E8380020DC38002008390020E4380020EE
:105DA40000B585B003468DF8073000230393084BF4
:105DB4001B6803F00103002B05D09DF8073018463B
:105DC400FFF78CFD0390039B184605B05DF804FBB8
:105DD400E038002084B001900B468DF80330134660
:105DE4008DF8023000230393019B032B3CD89DF8CC
:105DF4000230012B0BD19DF80330012B04D1019B00
:105E0400DBB20E33DBB200E000238DF802309DF8E4
:105E14000330022B0FD0022B23DC002B16D0012BD6
:105E24001FD11449019A13465B0013440B449DF897
:105E340002201A701AE00F49019A13465B001344BA
:105E44000B4401339DF802201A700FE00949019AAE
:105E540013465B0013440B4402339DF802201A706E
:105E640004E00723039301E007230393039B1846ED
:105E740004B070472839002000B583B00190019820
:105E8400FFF7B6FC034603211846FFF7DBFC0023AB
:105E9400184603B05DF804FB00B583B0012200216D
:105EA4000020FFF797FF0190019B002B04D0019B7A
:105EB400072B01D0019B1CE0072202210120FFF7E0
:105EC40089FF0190019B002B04D0019B072B01D07B
:105ED400019B0EE0042202210020FFF77BFF0190CA
:105EE400019B002B04D0019B072B01D0019B00E0F8
:105EF4000023184603B05DF804FB00B583B001220B
:105F040002210020FFF766FF0190019B002B04D0C3
:105F1400019B072B01D0019B1CE0072202210120D9
:105F2400FFF758FF0190019B002B04D0019B072B26
:105F340001D0019B0EE00A2200210020FFF74AFF56
:105F44000190019B002B04D0019B072B01D0019BE6
:105F540000E00023184603B05DF804FB00B583B0ED
:105F64000020FFF789FF0190019B002B04D0019BC7
:105F7400062B01D0019B0CE00120FFF77DFF01906F
:105F8400019B002B04D0019B062B01D0019B00E058
:105F94000023184603B05DF804FB000000B585B08B
:105FA40001900091019B1B88102B02D0112B18D05B
:105FB4002FE01A4B1B68002B0DD1FFF76DFF0390E8
:105FC400039B002B07D0164B1B68002B03D0144BEC
:105FD4001B6803989847114B1B6801330F4A1360E1
:105FE40017E00E4B1B68013B0C4A13600B4B1B68FC
:105FF400002B0DD1FFF781FF0390039B002B07D0EB
:10600400074B1B68002B03D0054B1B68039898476C
:1060140000BF00BF05B05DF804FB00BF38390020A5
:106024003439002010B586B00346ADF8063000239D
:10603400ADF8163000230493594B1B6800225A74A0
:10604400574B1B6800229A76554B1B6800221A8313
:10605400534B1B6800229A62514B1B680022DA6280
:106064004F4B1B6800221A634D4B1B6800225A6376
:1060740000F09AF803464B4A934202D04FF0FF33A4
:106084008AE000F00FFF002000F042FD042200210E
:10609400242000F064FB1E2000F0B8FB0346ADF89A
:1060A4001630BDF816301B0A9AB23D4B1B68D2B2AB
:1060B4005A72042000F0AAFB0490049BDBB2002B6C
:1060C4000DD0022212212D2000F049FB344B1B6815
:1060D4001A8B334B1B6842F4805292B21A83304BB2
:1060E4001C68062000F092FB034623602C4B1C68BE
:1060F400072000F08BFB03466360BDF81630DAB26C
:10610400274B1B6802F01F02D2B21A74244B1B687F
:106114001B7C002B03D1224B1B6810221A74204BCA
:106124001B681B7C184600F0E1FEBDF8063003F046
:106134000103002B0BD000F0B3FB194B1B681A8B27
:10614400174B1B6842F4006292B21A8313E00521D4
:10615400362000F0D3FA0346ADF80E30BDF80E3009
:1061640023F40073ADF80E30BDF80E301A46052145
:10617400362000F008FB012000F0CAFC00220A21AE
:106184002C2000F0ECFA064B1C680021042000F0DF
:1061940091FA034663610023184606B010BD00BFA0
:1061A400A82C00203001CADE08B50021002000F030
:1061B40081FA0346184608BD00B587B00190002354
:1061C4008DF8173000238DF81630019B1B788DF85D
:1061D4001330019B5B791A46AC4B33F81230ADF89F
:1061E4001430019B5B78013B8DF812309DF813301D
:1061F400042B03D09DF81330072B01D1012300E0B9
:1062040000238DF81130019BDB79002B0DD1A04BBD
:106214001B685A699E4B1B6842F480025A61BDF8A0
:106224001430DB08ADF8143007E0994B1B685A6949
:10623400974B1B6822F480025A61954B1B68019AA4
:10624400127A1A72924B1B685A69914B1B6822F49A
:1062540040325A618E4B1B685969019B1B7A1B049F
:1062640003F440328A4B1B680A435A61884B1B680B
:106274005B691A460021042000F0A4FABDF814302A
:106284001A4642F604012E2000F07DFA9DF81230E1
:10629400184600F0E6FA9DF813307E4AD35C1A469D
:1062A4007D4B53F822301A4607212B2000F08AFA3E
:1062B4009DF81330774AD35C1A46784B9B5C1A4698
:1062C4000B212B2000F04BFA9DF81130744AD35C5B
:1062D4001A460B21282000F042FA9DF813306D4A2B
:1062E400D35C1A466F4B53F822301A460C212820EF
:1062F40000F068FA019BDB791846019B9B791946EB
:10630400694A43000B4432F813301A46022127200D
:1063140000F039FA9DF81230644A32F813301A4604
:106324000421272000F02FFA019BDB79002B05D1F3
:1063340064220621272000F026FA18E0019B9B78AE
:10634400042B0AD110220621272000F01CFA102267
:106354002621272000F003FA09E020220621272025
:1063640000F011FA28222621272000F0F8F99DF8E0
:106374001230019AD27811464D4A9B000B4452F8D0
:1063840023301A460821272000F01CFA019B5B8960
:10639400002B03D1019B41F241025A81019B5B898D
:1063A4001A462021272000F0EEF9424B1B681A46BA
:1063B4000C21232000F006FA9DF812303D4A5B00C0
:1063C40013449B881A460421232000F0DCF9019B26
:1063D4009B79002B0FD0019BDB791A46364B9B5CD3
:1063E4001A460021212000F0BAF903238DF8173052
:1063F40001238DF816309DF8133003F00F029DF839
:1064040013301B01DBB21A43019B5B789B0403F43A
:1064140040231A439DF817301B0503F440131A4315
:106424009DF816305B0403F400331A43019B1B7977
:106434009B0503F0F8631A43019B5B79DB06134366
:106444000393039A00211F2000F0BCF9019B9A7862
:10645400019B5B781343DBB21A04019BDB795B037A
:106464001A430B4B1B68DA60094B1B68DB681A463E
:106474000021082000F0A6F9422200210D2000F09E
:106484006EF900BF07B05DF804FB00BF88BA0300D3
:10649400A82C002008BA030028BA030040BA03005D
:1064A40048BA030010BA030058BA030064BA0300E0
:1064B40068BA03004CBA030054BA030000B583B0B1
:1064C4000346ADF80630BDF806301A4641F604011D
:1064D4002E2000F058F900BF03B05DF804FB00B5AE
:1064E40083B00346ADF80630BDF806301A460021E5
:1064F400182000F048F900BF03B05DF804FB00B5B4
:1065040083B001900B46ADF802301346ADF800306D
:10651400BDF80220BDF80010019B112000F06FF8B7
:1065240000BF03B05DF804FB00B583B00190019B8C
:1065340005220021152000F062F800BF03B05DF8C9
:1065440004FB00B587B0029201930346ADF80E3008
:106554000B46ADF80C3000230593BDF80C30002B2E
:106564000DD1BDF80E30DAB2059B591C059162F0CD
:106574007F02D2B218336B4403F8082C34E0BDF820
:106584000E30DAB2059B591C059162F03F02D2B27B
:1065940018336B4403F8082CBDF80C307F2B0AD851
:1065A400059B5A1C0592BDF80C20D2B218336B44DB
:1065B40003F8082C18E0BDF80C30DAB2059B591C1E
:1065C400059162F07F02D2B218336B4403F8082CB1
:1065D400BDF80C30DB0999B2059B5A1C0592CAB26E
:1065E40018336B4403F8082C059B98B204A9019B4B
:1065F400029A00F02DFE00BF07B05DF804FB00B561
:1066040087B0029201930346ADF80E300B46ADF805
:106614000C3000230593BDF80C30002B0AD1059BE8
:106624005A1C0592BDF80E20D2B218336B4403F8FD
:10663400082C34E0BDF80E30DAB2059B591C0591E4
:1066440042F04002D2B218336B4403F8082CBDF870
:106654000C307F2B0AD8059B5A1C0592BDF80C20E0
:10666400D2B218336B4403F8082C18E0BDF80C3090
:10667400DAB2059B591C059162F07F02D2B218333D
:106684006B4403F8082CBDF80C30DB0999B2059B68
:106694005A1C0592CAB218336B4403F8082C059BA4
:1066A40098B204A9019B029A00F030FD00BF07B024
:1066B4005DF804FB00B587B00190009100230593B9
:1066C400019B98B2009B99B203AB0422FFF797FF9A
:1066D400032304930AE0059B1B0203A9049A0A44BA
:1066E400127813440593049B013B0493049B002BF1
:1066F400F1DA059B184607B05DF804FB00B585B0D8
:10670400019000910023ADF80E30019B98B2009BDC
:1067140099B203AB0222FFF772FF9DF80D301B0202
:106724009BB29DF80C201344ADF80E30BDF80E302A
:10673400184605B05DF804FB00B585B001900091E2
:10674400019B98B2009B99B20DF10F030122FFF750
:1067540056FF9DF80F30184605B05DF804FB00B5F0
:1067640085B00390029113468DF80730039B98B2CD
:10677400029B99B20DF107030122FFF7E2FE00BF6D
:1067840005B05DF804FB00B587B003900291134691
:10679400ADF80630BDF80630DBB28DF81430BDF824
:1067A40006301B0A9BB2DBB28DF81530039B98B2FE
:1067B400029B99B205AB0222FFF7C3FE00BF07B0EC
:1067C4005DF804FB00B587B00390029101920023A9
:1067D40005930CE0019BD9B204AA059B13440A4615
:1067E4001A70019B1B0A0193059B01330593059BBA
:1067F400032BEFDD039B98B2029B99B204AB0422F6
:10680400FFF79FFE00BF07B05DF804FB00B585B03D
:106814000190019B9BB21A4604212D20FFF7B3FF80
:10682400032206212D20FFF79AFF002206212D20A6
:10683400FFF795FF0A212D20FFF73CFF0390039BF0
:10684400184605B05DF804FB08B5002202212C208F
:10685400FFF785FF022202212C20FFF780FF00BFF3
:1068640008BD00B583B001906D2240F606012E20CC
:10687400FFF775FF019B002B07D040F2076241F63A
:1068840006012E20FFF77FFF06E041F2076241F682
:1068940006012E20FFF777FF00BF03B05DF804FB6D
:1068A40008B50E2000F034F94FF4004206212D20E3
:1068B400FFF769FF012000F0C9FD012000F028F96D
:1068C40000BF08BD00B585B0019000211A20FFF774
:1068D400F1FE0390039B1B0D1B050393019BC3F364
:1068E4001303039A13430393039A00211A20FFF717
:1068F40069FF00BF05B05DF804FB000084B003909D
:10690400029101920093094B1B68039A9A62074B08
:106914001B68029ADA62054B1B68019A1A63034BDF
:106924001B68009A5A6300BF04B07047A82C00206B
:1069340010B584B0744B1C6800210F20FFF7BAFE19
:106944000346E361E3690293029B03F48043002B53
:1069540073D04FF4DE4200210F20FFF733FF6A4B60
:106964001B68002283F8242000211020FFF7C6FEB4
:106974000346ADF80630BDF80630C3F30903ADF89D
:106984000E30614B1B681B7A002B05D1BDF80E300D
:1069940003F07F03ADF80E305B4B1B68BDF80E208F
:1069A4001A84BDF90630002B0ADA574B1B6893F89A
:1069B4002420554B1B6842F00102D2B283F82420F4
:1069C400514B1B682233022200211120FFF717FECE
:1069D400029B03F00803002B18D04B4B1B6893F861
:1069E400223003F02003002B10D1082200210F20B5
:1069F400FFF7E8FE444B1B68DA69434B1B6822F03F
:106A04000802DA61404B1B6800229A763E4B1B68F1
:106A1400DB6A002B07D03C4B1B68DB6A3A4A1268DE
:106A24001C3210469847384B1B685B7C002B04D003
:106A3400012203210D20FFF792FE029B03F0800345
:106A4400002B1FD0F82200210F20FFF7BBFE029B72
:106A540003F00803002B08D02B4B1B689B7E002BF4
:106A640003D000F00DF900F00FFA274B1B689B6A66
:106A7400002B07D0244B1B689B6A234A12681C32E4
:106A840010469847029B03F40813002B1AD04FF4C6
:106A9400003200210F20FFF795FE1B4B1B680022DC
:106AA4009A7600F0EDF800F0EFF9174B1B681B6BBA
:106AB400002B07D0144B1B681B6B134A12681C3243
:106AC40010469847029A114B1340002B19D00F4AD5
:106AD40000210F20FFF776FE0B4B1B6800229A76ED
:106AE40000F0CEF800F0D0F9074B1B685B6B002B6D
:106AF40007D0054B1B685B6B034A12681C321046B7
:106B0400984700BF04B010BDA82C002000900524B5
:106B140000B585B0019003AB022200213620FFF7B7
:106B24006EFD019B0E2B00F28D8001A252F823F022
:106B3400876B0200716B0200A16B0200496C0200BA
:106B4400496C0200496C0200496C0200BB6B0200F4
:106B5400E36B0200496C0200496C0200016C020004
:106B6400116C0200216C02003B6C020000238DF8C2
:106B74000C309DF80D3023F00103DBB28DF80D309D
:106B840061E09DF80C305BB223F003035BB243F089
:106B940001035BB2DBB28DF80C3054E09DF80C308D
:106BA4005BB223F003035BB243F002035BB2DBB2DC
:106BB4008DF80C3047E09DF80C305BB223F04C03A9
:106BC4005BB243F048035BB2DBB28DF80C309DF846
:106BD4000D3063F07F03DBB28DF80D3033E09DF8A8
:106BE4000C3023F04C03DBB28DF80C309DF80D30E3
:106BF40003F07F03DBB28DF80D3024E09DF80D30F7
:106C040043F00203DBB28DF80D301CE09DF80D302B
:106C140023F00203DBB28DF80D3014E09DF80C3044
:106C24005BB223F030035BB243F020035BB2DBB210
:106C34008DF80C3007E001238DF80C3003238DF818
:106C44000D3000E000BF03AB012200213620FFF726
:106C540078FC03AB0133012201213620FFF771FCDC
:106C640000BF05B05DF804FB08B50020FFF750FF36
:106C7400002204213620FFF786FD00BF08BD000076
:106C840000B583B000210E20FFF714FD019000F041
:106C9400E7FB0090002200210E20FFF793FD402225
:106CA40000210D20FFF75BFD0B4A00210F20FFF7A9
:106CB40089FD00F015F8019A00210E20FFF782FDEE
:106CC400009800F0D0FB054B1B6800229A7600BFA9
:106CD40003B05DF804FB00BFF8FF2724A82C0020B4
:106CE40000B583B003210F20FFF726FD03468DF87E
:106CF40007309DF807209DF807305B00534003F0F0
:106D04008003002B04D0012203210D20FFF727FD6F
:106D140000BF03B05DF804FB00B585B00190019B92
:106D240003F00403002B01D1FFF7DAFF4FF4807363
:106D3400ADF80E30019B03F00103002B05D0BDF824
:106D44000E3043F40073ADF80E30BDF80E301A4621
:106D540000210D20FFF717FD019B03F00103002B19
:106D64001CD003210F20FFF7E7FC03468DF80D30FC
:106D74009DF80D3003F00803002B0FD0FFF780FFC0
:106D8400019B03F00203002B05D14FF48072002114
:106D94000D20FFF7F8FC4FF0FF3300E00023184606
:106DA40005B05DF804FB000000B585B00346ADF8FE
:106DB400063003210420FFF7BFFC03468DF80F3093
:106DC400BDF80630002B1CD0BDF806301A46002151
:106DD4000C20FFF7D8FC9DF80F3043F010038DF81A
:106DE4000F30144B1B685A69124B1B6842F08052D7
:106DF4005A619DF80F301A4603210420FFF7AFFCB7
:106E040014E09DF80F3023F010038DF80F30094B78
:106E14001B685A69074B1B6822F080525A619DF81F
:106E24000F301A4603210420FFF799FC00BF05B078
:106E34005DF804FBA82C002000B585B001900B463A
:106E44008DF8033000F00CFB029000210E20FFF7B8
:106E540031FC03909DF80330002B04D0039A019B6E
:106E64001343039304E0019BDB43039A134003930E
:106E7400039A00210E20FFF7A5FC029800F0F3FA14
:106E840000BF05B05DF804FB08B5E02203213620FD
:106E9400FFF765FCF02203213620FFF760FC00BFFA
:106EA40008BD000008B5FFF7DFFE002200212C20FA
:106EB400FFF769FC002206212C20FFF750FCFFF7A6
:106EC400C3FC002203213620FFF749FC012000F017
:106ED400BDFAF02203213620FFF741FC024B1B6868
:106EE40000229A7600BF08BDA82C002000B585B00A
:106EF40003468DF807309DF9073003F01F035BB29A
:106F040043F060035BB28DF80F309DF80F301A46E2
:106F14000E212B20FFF723FC00BF05B05DF804FB16
:106F240000B583B00190019B1B681F2B04D9054950
:106F34004FF4E870FCF736FA4FF0A043184603B05C
:106F44005DF804FBBCBA030000B585B001900846A7
:106F540011461A4603468DF803300B468DF802306D
:106F640013468DF8013001AB1846FFF7D9FF0390A3
:106F74009DF803209DF802305B001A439DF8013010
:106F84009B001A439DF818301B0242EA03019DF846
:106F94001C301B04019A1943039B02F5E07243F869
:106FA400221000BF05B05DF804FB00B585B0039066
:106FB400002301930023009300230122012103985D
:106FC400FFF7C2FF00BF05B05DF804FB00B585B054
:106FD40003900B468DF80B309DF80B300022019284
:106FE40000220092002200210398FFF7ADFF00BFAA
:106FF40005B05DF804FB00B585B0019001AB1846FF
:10700400FFF78EFF0390019B012202FA03F3194656
:10701400039800F004F800BF05B05DF804FB82B0EB
:1070240001900091019B009AC3F80C2500BF02B0A7
:107034007047000084B00190244B0393019B002B04
:1070440040D0234B1A680399019B00BF00BF00BFC7
:1070540000BF00BF00BF00BF00BF8A422FD000BFE7
:1070640000BF00BF00BF00BF00BF00BF00BF00BF24
:1070740000BF00BF00BF00BF00BF00BF00BF00BF14
:1070840000BF00BF00BF00BF00BF00BF00BF00BF04
:1070940000BF00BF00BF00BF00BF00BF00BF00BFF4
:1070A40000BF00BF00BF00BF00BF00BF00BF00BFE4
:1070B40000BF00BF00BF00BF00BF00BF00BF013B57
:1070C400C3D1019300BF04B0704700BF0024F40093
:1070D400AC2C002000B583B00190019B4FF47A7270
:1070E40002FB03F31846FFF7A5FF00BF03B05DF8EA
:1070F40004FB000082B001900091034B01221A703E
:1071040000BF02B0704700BF743900202DE9F04F72
:107114008FB002AF3961FA60BB600346FB826B46F5
:107124001E460023FB62FB8AFA681344FB62F96A79
:107134000B46013BBB62002339607B604FF00002C9
:107144004FF000037868C300386843EA5073386826
:10715400C20000238A469B464FF000024FF0000312
:107164004FEACB0343EA5A734FEACA02CB1DDB084A
:10717400DB00ADEB030D02AB00337B62F96A0B4617
:10718400013B3B620023884699464FF000024FF0D2
:1071940000034FEAC90343EA58734FEAC8020023C5
:1071A4000C461D464FF000024FF00003EB0043EA8B
:1071B4005473E200CB1DDB08DB00ADEB030D02AB27
:1071C4000033FB61FA6A0021786A13F03DFAFA6A27
:1071D4000021F86913F038FA7B6ABB61FB8A1A460E
:1071E4003969B86913F0FEF9FB8ABA691344BB61C3
:1071F400FA680021B86913F027FA134B00221A70B9
:10720400FB6ADAB2FB6ADBB20093FB69796A0F4866
:1072140004F0B2F900BF0C4B1B78DBB283F001031E
:10722400DBB2002BF7D1FB8AFA691344BB61FA681D
:10723400B969B86813F0D6F90023B546184634374F
:10724400BD46BDE8F08F00BF7439002060BB030069
:107254002DE9F04F8FB002AF3961FA60BB6003468D
:10726400FB826B461E460023FB62FB8AFA681344CA
:10727400FB62F96A0B46013BBB62002339607B6009
:107284004FF000024FF000037868C300386843EA07
:1072940050733868C20000238A469B464FF00002B0
:1072A4004FF000034FEACB0343EA5A734FEACA0292
:1072B400CB1DDB08DB00ADEB030D02AB00337B62BF
:1072C400F96A0B46013B3B620023884699464FF01E
:1072D40000024FF000034FEAC90343EA58734FEA30
:1072E400C80200230C461D464FF000024FF0000375
:1072F400EB0043EA5473E200CB1DDB08DB00ADEB8B
:10730400030D02AB0033FB61FA6A0021786A13F0C3
:107314009BF9FA6A0021F86913F096F97B6ABB615C
:10732400FB8A1A463969B86913F05CF9FB8ABA69B1
:107334001344BB61FA68B968B86913F053F90E4B8A
:1073440000221A70FB6ADAB2FB6ADBB20093FB69B3
:10735400796A0A4804F010F900BF074B1B78DBB2C6
:1073640083F00103DBB2002BF7D10023B5461846A6
:107374003437BD46BDE8F08F7439002060BB03008C
:1073840008B51820FFF711FE1820FFF734FE02207D
:10739400FFF7A0FE00211820FFF718FE0220FFF7D8
:1073A40099FE00BF08BD000010B586B00E4B01ACBD
:1073B4000FCB84E80F0011238DF8073001A90023B7
:1073C4000A4A0B4803F0D2FF0590059B002B04D01A
:1073D400084AD421059805F00BFE0220FFF77AFE37
:1073E40000BF06B010BD00BF40BB0300F97002002F
:1073F40060BB030004BB030010B586B00F4804F063
:1074040081F80F4B01AC0FCB84E80F0011238DF8EA
:10741400073001A900230B4A084803F0A7FF059091
:10742400059B002B04D0084AE021059805F0E0FDF7
:107434000220FFF74FFE00BF06B010BD60BB030083
:1074440050BB0300F970020004BB030000B583B015
:1074540001900198FFF73EFE00BF03B05DF804FB06
:1074640000231846704782B0019000BF02B07047F5
:10747400BFF34F8F00BF074BDB6803F4E06205499D
:10748400054B1343CB60BFF34F8F00BF00BF00BF5A
:10749400FCE700BF00ED00E00400FA05024B034ADC
:1074A4001A6000BF704700BFAC2C00200090D003CE
:1074B40008B500F05DF90346002B06D09B4B1B6812
:1074C4001B0A9B4A03F01F03136000F07DF9034677
:1074D400002B02D0974B984A1A6000F091F90346AA
:1074E400002B06D0954B1B685B0B954A03F00703F2
:1074F400136000F0B1F90346002B05D0914BDB6813
:10750400904A23F08073D36000F0C2F90346002B45
:107514000ED04FF080430022C3F80C214FF080437B
:107524000022C3F810214FF080430022C3F838250D
:1075340000F0DAF90346002B02D0834B03221A60D1
:1075440000F0EEF90346002B0BD0804B05221A60A5
:107554007F4B01221A607F4B00221A607E4B3F2230
:107564001A6000F0F9F90346002B76D04FF08053EF
:107574007A4AD3F80434C2F820354FF08053774A5E
:10758400D3F80834C2F824354FF08053734AD3F843
:107594000C34C2F828354FF08053704AD3F81034B5
:1075A400C2F82C354FF080536C4AD3F81434C2F827
:1075B40030354FF08053694AD3F81834C2F8343563
:1075C4004FF08053654AD3F81C34C2F840354FF06D
:1075D4008053624AD3F82034C2F844354FF08053C4
:1075E4005E4AD3F82434C2F848354FF080535B4ADE
:1075F400D3F82834C2F84C354FF08053574AD3F8A7
:107604002C34C2F850354FF08053544AD3F83034F8
:10761400C2F854354FF08053504AD3F83434C2F88A
:1076240060354FF080534D4AD3F83834C2F864358E
:107634004FF08053494AD3F83C34C2F868354FF0D0
:107644008053464AD3F84034C2F86C354FF0805327
:10765400424AD3F84434C2F8703500F099F903462D
:10766400002B05D03E4B1B683E4A03F04F031360CA
:1076740000F0BAF90346002B0DD04FF08043D3F845
:10768400003403F00103002B05D04FF080436FF06A
:107694000102C3F80024344BD3F88830324A43F44F
:1076A4007003C2F88830BFF34F8F00BFBFF36F8FF2
:1076B40000BF4FF01023D3F80032002B05DB4FF04E
:1076C4001023D3F80432002B2BDA284B0122C3F801
:1076D400042500BF254BD3F80034002BFAD04FF01B
:1076E40010231522C3F8002200BF204BD3F8003426
:1076F400002BFAD04FF010231522C3F8042200BF48
:107704001A4BD3F80034002BFAD0184B0022C3F8DC
:10771400042500BF154BD3F80034002BFAD0FFF733
:10772400A7FEFFF7BBFE00BF08BD00BF2403001087
:107734004035014074C007400DF0ADBA440200105A
:107744003C050040F0ED00E0A0050040105600406C
:1077540088560040185600401456004000C00040AF
:1077640058020010E40E004000ED00E000E001408B
:10777400124B1B68DBB2062B1DD1114B1B6803F0A7
:107784000F03002B17D10F4B1B6803F0F003302BB2
:1077940001D1012310E00B4B1B6803F0F003402BD5
:1077A40001D1012308E0074B1B6803F0F003502BC1
:1077B40001D1012300E0002318467047E00F00F0D8
:1077C400E40F00F0E80F00F00A4B1B68DBB2062B55
:1077D4000DD1094B1B6803F00F03002B07D1074B96
:1077E4001B6803F0F003302B01D1012300E00023D8
:1077F40018467047E00F00F0E40F00F0E80F00F0C7
:10780400124B1B68DBB2062B1DD1114B1B6803F016
:107814000F03002B17D10F4B1B6803F0F003302B21
:1078240001D1012310E00B4B1B6803F0F003402B44
:1078340001D1012308E0074B1B6803F0F003502B30
:1078440001D1012300E0002318467047E00F00F047
:10785400E40F00F0E80F00F00A4B1B68DBB2062BC4
:107864000DD1094B1B6803F00F03002B07D1074B05
:107874001B6803F0F003302B01D1012300E0002347
:1078840018467047E00F00F0E40F00F0E80F00F036
:10789400124B1B68DBB2062B1DD1114B1B6803F086
:1078A4000F03002B17D10F4B1B6803F0F003302B91
:1078B40001D1012310E00B4B1B6803F0F003402BB4
:1078C40001D1012308E0074B1B6803F0F003502BA0
:1078D40001D1012300E0002318467047E00F00F0B7
:1078E400E40F00F0E80F00F00A4B1B68DBB2062B34
:1078F4000DD1094B1B6803F00F03002B07D1074B75
:107904001B6803F0F003302B01D1012300E00023B6
:1079140018467047E00F00F0E40F00F0E80F00F0A5
:107924000A4B1B68DBB2062B0DD1094B1B6803F015
:107934000F03002B07D1074B1B6803F0F003302B18
:1079440001D1012300E0002318467047E00F00F046
:10795400E40F00F0E80F00F00A4B1B68DBB2062BC3
:107964000DD1094B1B6803F00F03002B07D1074B04
:107974001B6803F0F003502B01D1012300E0002326
:1079840018467047E00F00F0E40F00F0E80F00F035
:10799400124B1B68DBB2062B1DD1114B1B6803F085
:1079A4000F03002B17D10F4B1B6803F0F003302B90
:1079B40001D1012310E00B4B1B6803F0F003402BB3
:1079C40001D1012308E0074B1B6803F0F003502B9F
:1079D40001D1012300E0002318467047E00F00F0B6
:1079E400E40F00F0E80F00F0124B1B68DBB2062B2B
:1079F4001DD1114B1B6803F00F03002B17D10F4B44
:107A04001B6803F0F003302B01D1012310E00B4B72
:107A14001B6803F0F003402B01D1012308E0074B5E
:107A24001B6803F0F003502B01D1012300E0002375
:107A340018467047E00F00F0E40F00F0E80F00F084
:107A44006DDF704700BF184672DF704700BF1846ED
:107A540079DF704700BF18467DDF704700BF1846C6
:107A640064DF704700BF184682B003460091ADF84A
:107A74000630BDF80630DAB2009B1A70BDF8063045
:107A84001B0A9AB2009B0133D2B21A700223184621
:107A940002B0704700B589B0039002911346ADF867
:107AA4000630029B1B8803F10902BDF806309A4296
:107AB40001D90C2351E005AB1846FFF7C1FF07902D
:107AC400079B002B01D0079B47E0029B1B881A46AB
:107AD400039B134408221A70029B1B8801339AB239
:107AE400029B1A80029B1B881A46039B13441B2289
:107AF4001A70029B1B8801339AB2029B1A80029B64
:107B04001B881A46039B981805AB013306221946B5
:107B140012F068FD029B1B8806339AB2029B1A80FE
:107B24009DF8143023F00103DBB2002B07D1029B34
:107B34001B881A46039B134400221A7006E0029B1A
:107B44001B881A46039B134401221A70029B1B884C
:107B540001339AB2029B1A800023184609B05DF8DB
:107B640004FB00B589B0039002910192ADF8023094
:107B7400039B1B78012B05D1039B5B78002B01D160
:107B8400072388E0019B1B889A1CBDF802309A42A7
:107B94000ED8039B1B78012B0CD1019B1B881A4622
:107BA400039B5B7813449A1CBDF802309A4201D9B6
:107BB4000C2370E0019B1B88BDF80220D31A9BB2F2
:107BC400023BADF81C30BDF81C30ADF81630019BFB
:107BD4001B880233029A13440DF11602114618460B
:107BE400FFF73AFF0690069B002B01D0069B52E05C
:107BF400039B1B78022B09D1BDF81630BDF81C205D
:107C04009A4203D309238DF81F3016E008238DF818
:107C14001F30039B1B78012B0BD1039B5B781A4607
:107C2400BDF81C30934204D3039B5B78ADF8163047
:107C340003E0BDF81C30ADF81630BDF81630FE2B4D
:107C440001D90C2327E0BDF81630DAB2019B1B885A
:107C54001946029B0B440132D2B21A70019B1B8855
:107C640001339AB2019B1A80019B1B881A46029B1E
:107C740013449DF81F201A70019B1B8801339AB28C
:107C8400019B1A80019B1A88BDF8163013449AB2DE
:107C9400019B1A800023184609B05DF804FB00B567
:107CA40087B0039002911346ADF80630029B1B88FF
:107CB4001A1DBDF806309A4201D90C2338E00DF1A3
:107CC40012031846FFF7C4FE0590059B002B01D054
:107CD400059B2DE0029B1B881A46039B1344032239
:107CE4001A70029B1B8801339AB2029B1A80029B72
:107CF4001B881A46039B134419221A70029B1B8883
:107D040001339AB2029B1A80BDF81220029B1B8891
:107D14001946039B0B4419461046FFF7A5FE03467C
:107D24001A46029B1B8813449AB2029B1A800023B2
:107D3400184607B05DF804FB84B0029101921A461C
:107D440003468DF80F301346ADF80C30019B1B88A9
:107D5400DA1CBDF80C309A4201D90C2328E0019BAF
:107D64001B881A46029B134402221A70019B1B882B
:107D740001339AB2019B1A80019B1B881A46029B0D
:107D8400134401221A70019B1B8801339AB2019B90
:107D94001A80019B1B881A46029B13449DF80F20EE
:107DA4001A70019B1B8801339AB2019B1A8000232D
:107DB400184604B0704784B0029101921A460346F3
:107DC4008DF80F301346ADF80C30019B1B88DA1C7C
:107DD400BDF80C309A4201D90C2328E0019B1B8882
:107DE4001A46029B134402221A70019B1B8801331A
:107DF4009AB2019B1A80019B1B881A46029B13446A
:107E04000A221A70019B1B8801339AB2019B1A80C3
:107E1400019B1B881A46029B13449DF80F201A707D
:107E2400019B1B8801339AB2019B1A8000231846D8
:107E340004B0704700B58BB0039001930B468DF8E6
:107E44000B3013468DF80A3000238DF823300C9B39
:107E54001B88ADF82030002309936CE0039B5A681B
:107E6400099B9B001A4404AB106818600DF11601BD
:107E740004AB00221846FFF7F3FD0690069B002B87
:107E840001D0069B79E09DF816309DF80A209A42AD
:107E94004ED19DF82330002B01D0002300E00223B3
:107EA4008DF817300C9B1B881A469DF816301A441F
:107EB4009DF817301A44BDF834309A4201DD0C2382
:107EC4005BE09DF8233083F00103DBB2002B16D076
:107ED4000C9B1B8801339AB20C9B1A800C9B1B8849
:107EE4001A46019B13449DF80B201A700C9B1B88A7
:107EF40001339AB20C9B1A8001238DF823300C9B1A
:107F04001B881A46019B1A440DF1160104AB18464E
:107F1400FFF7A6FD0690069B002B01D0069B2CE0E4
:107F24000C9B1B889DF8162013449AB20C9B1A8054
:107F3400099B01330993039B1B881A46099B9342AF
:107F44008CDB9DF82330002B16D00C9B1A88BDF8CF
:107F54002030D31A9BB2013BADF81E30BDF81E3061
:107F6400FF2B01D90C2308E0BDF82030019A1344FB
:107F7400BDF81E20D2B21A70002318460BB05DF86B
:107F840004FB00B589B0059003930B468DF81330BC
:107F940013468DF812309DF81310BDF82C30019360
:107FA4000A9B0093039B02220598FFF743FF079067
:107FB400079B002B01D0079B12E09DF81210BDF81F
:107FC4002C3001930A9B0093039B10220598FFF722
:107FD40031FF0790079B002B01D0079B00E0002393
:107FE400184609B05DF804FB82B00190019B1B8820
:107FF400052B0AD9019B1B88B3F5486F07D9019B50
:108004001B884FF6FF72934201D0072325E0019BA2
:108014005B88052B0AD9019B5B88B3F5486F07D9A8
:10802400019B5B884FF6FF72934201D0072314E053
:10803400019B1B884FF6FF7293420DD0019B5B8816
:108044004FF6FF72934207D0019B1A88019B5B880D
:108054009A4201D9072300E00023184602B0704772
:1080640000B587B0039002910192ADF80230019BF4
:108074001B889A1DBDF802309A4201D90C2349E0AD
:108084000398FFF7B1FF0590059B002B01D0059BDA
:1080940040E0019B1B881A46029B134405221A7078
:1080A400019B1B8801339AB2019B1A80019B1B8898
:1080B4001A46029B134412221A70019B1B88013337
:1080C4009AB2019B1A80039B1A88019B1B8819464C
:1080D400029B0B4419461046FFF7C6FC03461A469A
:1080E400019B1B8813449AB2019B1A80039B5A88F4
:1080F400019B1B881946029B0B4419461046FFF747
:10810400B3FC03461A46019B1B8813449AB2019B95
:108114001A800023184607B05DF804FB00B587B049
:10812400039002910192ADF80230039B9B880233C5
:108134000593019B1B881A46059B13449A1CBDF8A2
:1081440002309A4201D90C2353E0059BFE2B01D93E
:108154000C234EE0059BDAB2019B1B881946029B57
:108164000B440132D2B21A70019B1B8801339AB2BC
:10817400019B1A80019B1B881A46029B1344FF2211
:108184001A70019B1B8801339AB2019B1A80039BCE
:108194001A88019B1B881946029B0B4419461046FA
:1081A400FFF762FC03461A46019B1B8813449AB2EC
:1081B400019B1A80039B9B88002B19D0039B9B680F
:1081C400002B01D1072314E0019B1B881A46029B54
:1081D4009818039B9968039B9B881A4612F002FA2D
:1081E400019B1A88039B9B8813449AB2019B1A80B3
:1081F4000023184607B05DF804FB00B589B003906E
:1082040002910192ADF80230039B9B6A002B01D1CD
:10821400072371E000238DF81F3065E0039B996A02
:108224009DF81F2013465B0013449B000B440693E8
:10823400069B9B8802330593059BFE2B01D90C23D7
:108244005AE0059BDAB2019B1B881946029B0B443A
:108254000132D2B21A70019B1B8801339AB2019B7E
:108264001A80019B1B881A46029B134416221A701B
:10827400019B1B8801339AB2019B1A80069B1A88C2
:10828400019B1B881946029B0B4419461046FFF7B5
:10829400EBFB03461A46019B1B8813449AB2019BCD
:1082A4001A80069B9B88002B19D0069B9B68002B89
:1082B40001D1072320E0019B1B881A46029B9818D2
:1082C400069B9968069B9B881A4612F08BF9019BC2
:1082D4001A88069B9B8813449AB2019B1A809DF8C6
:1082E4001F3001338DF81F30039B93F82C309DF819
:1082F4001F209A4292D30023184609B05DF804FB6C
:1083040000B589B005900491039200230793039B61
:108314001B88ADF81A30039B00221A80059B93F842
:108324002D30002B0CD0BDF81A301A46039904984E
:10833400FFF7B0FB0790079B002B01D0079BC4E01D
:10834400059B9B78002B0CD0BDF81A301A46039974
:108354000498FFF7A4FC0790079B002B01D0079B10
:10836400B3E0059BDB78002B0ED0059BDB7858B27D
:10837400BDF81A30039A0499FFF7DEFC0790079BB7
:10838400002B01D0079BA0E0059B5B68002B0FD05E
:10839400059B5B6893F90000BDF81A30039A0499B1
:1083A400FFF709FD0790079B002B01D0079B8CE08A
:1083B400059B1B89002B12D0059B03F10800BDF817
:1083C4001A300193039B0093049B06220221FFF7BA
:1083D400D8FD0790079B002B01D0079B75E0059BF8
:1083E4001B8A002B12D0059B03F11000BDF81A3034
:1083F4000193039B0093049B07220321FFF7C1FD14
:108404000790079B002B01D0079B5EE0059B1B8B0D
:10841400002B12D0059B03F11800BDF81A3001930C
:10842400039B0093049B15221421FFF7AAFD0790D8
:10843400079B002B01D0079B47E0059B1B6A002B81
:108444000DD0059B186ABDF81A30039A0499FFF7FA
:1084540007FE0790079B002B01D0079B35E0059B87
:108464005B6A002B0DD0059B586ABDF81A30039A3D
:108474000499FFF753FE0790079B002B01D0079B3D
:1084840023E0059B93F82C30002B0CD0BDF81A3058
:10849400039A04990598FFF7B0FE0790079B002BF9
:1084A40001D0079B11E0059B1B78002B0CD0BDF875
:1084B4001A30039A04990598FFF753FB0790079B1A
:1084C400002B01D0079B00E0079B184609B05DF81C
:1084D40004FB82B00190019BDB7803F00403002BC2
:1084E40001D1072300E00023184602B0704782B090
:1084F4000190019BDB78002B01D0072300E00023CF
:10850400184602B0704700B597B0019000911F2340
:10851400ADF84A301F23ADF84830019B002B18D02A
:108524000198FFF7D6FF1390139B002B01D0139BE8
:108534003FE00DF14A020AAB19460198FFF7E0FE4D
:108544001390139B002B01D0139B32E00AAB1593BD
:1085540004E0002315930023ADF84A30009B002B60
:1085640017D00098FFF7C3FF1390139B002B01D083
:10857400139B1EE012AA02AB19460098FFF7C0FE37
:108584001390139B002B01D0139B12E002AB1493A6
:1085940004E0002314930023ADF84830BDF84A30BA
:1085A400D9B2BDF84830DBB2149A1598FFF74CFAEB
:1085B4000346184617B05DF804FB73DF704700BF2D
:1085C400184682B00190019B93F8D630184602B049
:1085D400704784B00190002303930AE0019A039B3F
:1085E40013441B78002B01D0012306E0039B0133C5
:1085F4000393039B052BF1D90023184604B070475D
:1086040082B003468DF807309DF807305A1C074B9B
:1086140083FB02135910D317C91A0B469B000B4452
:10862400D11ACBB2184602B0704700BF67666666BF
:1086340082B001900091009BDB7B012B04D1009B55
:108644009A88019BA3F8C82000BF02B0704700B508
:1086540085B001900091019B002283F8D420009BF7
:108664009A88019BB3F8C8309A4218D1019B1B79B0
:1086740083F00103DBB2002B11D00121019800F03B
:1086840051FA0390039B002B09D0019BD3F8D030FF
:10869400002B04D0019BD3F8D0300398984700BF37
:1086A40005B05DF804FB00B585B001900091009B16
:1086B4001B7A002B18D1019BDB781846FFF7A0FF2B
:1086C40003461946019800F02DFA0390039B002BF2
:1086D4000BD0019BD3F8D030002B06D0019BD3F8EC
:1086E400D0300398984700E000BF05B05DF804FB64
:1086F40008B500200CF012FB0346184608BD000024
:1087040000B585B001900B468DF80330019B2633EC
:108714001846FFF75EFF03468DF80F309DF80330CF
:10872400013B032B2AD801A252F823F0418702000F
:10873400558702006987020075870200019B9B79B7
:10874400002B05D09DF80F30002B01D0012316E03B
:10875400019BDB79002B05D09DF80F30002B01D055
:1087640002230CE0019B1B7A002B01D0032306E0BB
:10877400019B5B7A002B01D0042300E00023184600
:1087840005B05DF804FB00BF82B001900091019B2D
:1087940001229A70019B03F12502009B5A60009B01
:1087A40001221A70009B00229A81009B00225A81A8
:1087B4000023184602B0704782B001900091019BDB
:1087C40002229A70019B03F12502009B5A60009BD0
:1087D40001221A70019B1B699AB2009B9A81019B2A
:1087E400DB689AB2009B5A810023184602B0704796
:1087F40000B585B001900091019B5B699AB2009B22
:108804005A81019B9B699AB2009B9A81019B5B7977
:10881400002B24D0019B93F8D43083F00103DBB206
:10882400002B1CD00198FFF7CCFE0346002B16D07A
:10883400009B02221A72019B042283F83320019BBD
:10884400303300211846FFF75EFE0390039B002B94
:1088540001D0039B07E0019B05229A7002E0019B73
:1088640003229A700023184605B05DF804FB00B596
:1088740085B001900091019BDB699AB2009B5A81FB
:10888400019B1B6A9AB2009B9A81019B5B79002B26
:1088940024D0019B93F8D43083F00103DBB2002B86
:1088A4001CD00198FFF78DFE0346002B16D0009BC9
:1088B40002221A72019B042283F83320019B303375
:1088C40000211846FFF71FFE0390039B002B01D0E5
:1088D400039B07E0019B06229A7002E0019B04229D
:1088E4009A700023184605B05DF804FB82B001902D
:1088F4000B468DF80330019B9DF8032083F8242058
:1089040000BF02B0704730B587B001900091009B62
:10891400002B02D0019B002B01D10E23FFE0019B11
:1089240001221A70019B0022DA70019A009B141D27
:1089340003F178050FCD0FC495E80F0084E80F000C
:10894400019B002283F82420009BD3F89820019BEC
:10895400C3F8CC20009BD3F89C20019BC3F8D02003
:10896400019B4FF6FF72A3F8C820019B2533072211
:108974000021184611F068FE019B30333C2200218F
:10898400184611F061FE009B1A78019B83F8302091
:10899400009B9A78019B83F83220009BDA78019B34
:1089A40083F83320009B5A78019B83F83120019B84
:1089B400009A4033103292E8030083E80300019BDD
:1089C400009A3833083292E8030083E80300019BDD
:1089D400009A4833183292E8030083E80300009BAE
:1089E40093F82D20019B83F85D20009B5B6A002B8C
:1089F4002ED0019B03F16C02019B5A65019B03F18C
:108A04007802019B5A67009B5A6A019B5B6D12882E
:108A14001A80009B5A6A019B5B6D92889A8000239E
:108A240005930EE0009B5B6A9A68059B13441978D2
:108A3400019A059B134478330A461A70059B013347
:108A44000593019B5B6D9B881A46059B9342E9D372
:108A5400009B9B6A002B3AD0019B03F1A402019B6B
:108A6400C3F8A020019B03F19802019B9A65019B26
:108A74009B6D019AA4329A60009B9A6A019B9B6D3C
:108A840092889A80009B9A6A019B9B6D12881A8037
:108A9400002304930EE0009B9B6A9A68049B134492
:108AA4001978019A049B1344A4330A461A70049B50
:108AB40001330493019B9B6D9B881A46049B93424C
:108AC400E9D3009B93F82C20019B83F85C20009B46
:108AD4001B6A002B10D0019B03F1C402019B1A6591
:108AE400009B1A6A019B1B6D52885A80009B1A6A6C
:108AF400019B1B6D12881A80009B5B68002B03D0BE
:108B0400009B5A68019B5A63019B03F13002009B4E
:108B14003C3319461046FFF7F6FC0390039B1846B6
:108B240007B030BD00B589B001900B468DF8033015
:108B3400019B1B7883F00103DBB2002B01D00823D7
:108B4400D2E0019B9DF80320DA70FFF7D1FD0346C4
:108B5400002B04D0019B01225A700023C4E0019B26
:108B6400253307220021184611F06EFD019B9B79E5
:108B7400002B03D0019BDB78012B0FD0019BDB7909
:108B8400002B03D0019BDB78012B07D0019BDB7901
:108B9400002B16D0019BDB78022B12D1019BD3F85A
:108BA400CC30002B09D0019B012283F82C20019B9F
:108BB400D3F8CC300820984703E0019B002283F8C7
:108BC4002C209DF8033019460198FFF799FD0346C0
:108BD4001A46019BDA70019BD3F8CC30002B21D0CC
:108BE400019BDB78032B03D0019BDB78042B19D189
:108BF400019B5B79002B15D0019B93F8D43083F053
:108C04000103DBB2002B0DD0019B002283F8D62098
:108C1400019B012283F8D520019BD3F8CC30072097
:108C2400984703E0019B002283F8D52003AB102270
:108C34000021184611F008FD00238DF80C300023A4
:108C44008DF81430019BDB78042B2DD801A252F847
:108C540023F000BFA58C02006D8C02007B8C020007
:108C6400898C0200978C020003AB19460198FFF728
:108C74008BFD079019E003AB19460198FFF79CFDA3
:108C8400079012E003AB19460198FFF7B1FD079076
:108C94000BE003AB19460198FFF7E9FD079004E0E8
:108CA400019B00229A7000E000BF019BDB78002B3F
:108CB4000DD0019B93F8242003AB11461846FFF70F
:108CC4007CFC0790079B002B01D0079B0CE0019BC9
:108CD400D3F8CC30002B06D0019BD3F8CC30019ACA
:108CE4009278104698470023184609B05DF804FBB3
:108CF40000B585B001900091009B0393019B1B88F4
:108D04001B2B10D01B2B13DC102B02D0112B05D0E6
:108D14000EE001990398FFF78BFC0AE00199039890
:108D2400FFF795FC05E001990398FFF7BCFC00E010
:108D340000BF00BF05B05DF804FB00B585B001902D
:108D44000091009B0393019B023B012B1BD8039BC7
:108D54005B78002B19D0039B00225A70039BDB78AD
:108D640019460398FFF7DEFE0290029B002B0CD0FD
:108D7400039BD3F8D030002B07D0039BD3F8D0301B
:108D84000298984701E000BF00E000BF00BF05B0B3
:108D94005DF804FB75DF704700BF184676DF704747
:108DA40000BF18467ADF704700BF18467BDF704764
:108DB40000BF184684B00346ADF806300023039381
:108DC40016E00F49039A13469B0013449B000B447F
:108DD4001B88BDF806209A4207D1039A13469B00CC
:108DE40013449B00064A134406E0039B0133039398
:108DF400039B002BE5D00023184604B0704700BF46
:108E04009839002082B001900B46ADF80230019BE6
:108E1400BDF802201A80019B00221A72019B0549A9
:108E240003F10A020B4603CB1060516000BF02B08D
:108E3400704700BFC839002082B00190019B4FF6F3
:108E4400FF721A8000BF02B0704788B0039002918D
:108E540011461A460B46ADF806301346ADF80430F9
:108E6400039B9B881A46BDF8063013440793039B63
:108E74009B881946039B9B88BDF80620934228BF14
:108E840013469BB2CB1A0693039BDB881A46BDF8A4
:108E9400043013440593039BDB881946039BDB884A
:108EA400BDF80420934228BF13469BB2CB1A049307
:108EB400029B5A88039B1B889A4205D3029B5A88BB
:108EC400039B5B889A4201D900231CE0029B9B8888
:108ED4001A46069B934205D8029B9B881A46079B19
:108EE400934201D200230EE0029BDB881A46049BC6
:108EF400934205D8029BDB881A46059B934201D214
:108F0400002300E00123184608B0704700B583B081
:108F14000190064B9B69002B03D0044B9B6901987D
:108F2400984700BF03B05DF804FB00BFAC390020D4
:108F340000B585B003460091ADF80630BDF80630A3
:108F440000991846FFF726FF0390039B002B05D0DA
:108F5400039B112B02D00398FFF7D8FF039B002B30
:108F64000CBF01230023DBB2184605B05DF804FBF7
:108F740000B589B00190019B0793079B9BB21846EB
:108F8400FFF718FF0690069B002B42D0069B1A7A27
:108F9400224B1B7B9A4215D2079B9AB2069B0A333B
:108FA40019461046FFF7C4FF03468DF813309DF8A9
:108FB4001330002B2DD0069B1B7A0133DAB2069BAB
:108FC4001A7226E0069B00221A72144B1B7C002B9B
:108FD4000FD0079B9BB23B211846FFF7DFFE05909D
:108FE400059B002B05D0059B082B02D00598FFF7A5
:108FF4008DFF0A4B5B69002B0BD000238DF80C30DE
:10900400079B9BB2ADF80E30044B5B6903AA104674
:10901400984700BF09B05DF804FB00BFAC390020DD
:1090240030B587B00190019B002B01D10E2353E092
:109034002B4A019B14461D460FCD0FC495E807002B
:1090440084E80700264B274A1A60019B1B68002B03
:1090540011D0019B1B681846FFF7A4FE0490049BE3
:10906400002B01D0049B37E0019B1A681D4B10684C
:10907400516803C308E01B48FFF798FE0490049B63
:10908400002B01D0049B27E00023059320E0059AE0
:1090940013469B0013449B00134A13440393039801
:1090A400FFF7CAFE059B5B01104A1A44039B5A60F2
:1090B400039B04330E4A0021184604F0A3FE0490D7
:1090C400049B002B01D0032306E0059B0133059389
:1090D400059B002BDBD00023184607B030BD00BF32
:1090E400AC390020C8390020983900207839002094
:1090F400758F020000B587B003460091ADF80630C5
:10910400009B5B7A002B1AD1009B1B7A002B03D1A6
:10911400164B5B68059302E0144B9B680593009B18
:109124005B68BDF806200599184604F09BFE049080
:10913400049B002B16D00498FFF7E8FE12E0009B76
:1091440000221A72094B5B69002B0BD001238DF8A6
:109154000C30BDF80630ADF80E30044B5B6903AA41
:109164001046984700BF07B05DF804FBAC390020F7
:1091740000B585B00190019BDB7B8DF80F30019B1E
:109184009B88ADF80C309DF80F30012B2CD14FF695
:10919400FF70FFF70FFE0290029B002B03D1042007
:1091A400FFF7B4FE21E0BDF80C3019460298FFF732
:1091B40029FE029B03F10A00019B03F110014FF603
:1091C400FF7340F2F312FFF740FE03461A46029B78
:1091D4005A72074BDB89002B07D1BDF80C3002997A
:1091E4001846FFF787FF00E000BF05B05DF804FBF9
:1091F400AC39002000B587B00190019B9B88ADF885
:109204001630BDF816301846FFF7D4FD0490049BC1
:10921400002B0ED0049B5B68184604F055FE0390A7
:10922400039B002B02D00398FFF770FE0498FFF70E
:1092340003FE00BF07B05DF804FB000000B587B073
:109244000190019B06330593059B1A88194BDB8912
:109254009A422BD1059B5B89022B27D1019B9B88CA
:10926400ADF81230BDF812301846FFF7A3FD039095
:10927400039B002B1AD0059B0C33184600F07BF996
:109284000346002B06D0BDF8123003991846FFF7A9
:1092940031FF0BE0039B5B68184604F015FE029057
:1092A400029B002B02D00298FFF730FE00BF07B0EC
:1092B4005DF804FBAC39002000B585B00190019B3A
:1092C4009B88ADF80E30BDF80E301846FFF772FDDE
:1092D4000290029B002B15D0029B03F10A00019B14
:1092E40003F108014FF6FF7340F2F312FFF7ADFDEF
:1092F40003461A46029B5A72BDF80E30029918466C
:10930400FFF7F8FE00BF05B05DF804FB00B583B0BD
:1093140001900091019B1B88502B12D0502B18DC1C
:10932400122B12D0122B14DC102B02D0112B04D0D0
:109334000FE00198FFF71CFF0CE00198FFF75AFFBC
:1093440008E00198FFF77AFF04E00198FFF7B4FF03
:1093540000E000BF00BF03B05DF804FB00B585B0BA
:109364000346ADF80630164B5B6CDB4318460CF035
:10937400C3FC0346ADF80E30BDF80E304FF6FF7255
:10938400934217D0BDF80E300D4A5B001344BDF86C
:1093940006209A80BDF8062001230A490A480CF0E9
:1093A400CDFCBDF806200123084907480CF0C6FC93
:1093B400012300E00023184605B05DF804FB00BF5C
:1093C400D0390020183A0020D4390020143A002063
:1093D40000B585B00346ADF80E30BDF80E3000225E
:1093E40000921D22034904480CF0C3FC00BF05B0E1
:1093F4005DF804FB143A0020D439002000B583B092
:109404000346ADF80630BDF806200023034904489E
:109414000CF094FC00BF03B05DF804FB183A002084
:10942400D439002000B5A5B0144B9B6CDA43134B20
:109434005B6C1A406B46124918460CF0E3FC12AB05
:1094440069464422184611F0CDF8002323930BE01B
:10945400239B5B0090336B4433F8443C1846FFF77E
:10946400B7FF239B01332393129B239A9A42EFD392
:1094740000BF00BF25B05DF804FB00BFD039002059
:10948400D439002000B585B001900091019B1B8860
:109494001A2B30D01A2B4FDC102B02D0112B24D0D6
:1094A4004AE0FFF7BFFF019B9B881846FFF756FF72
:1094B400034683F00103DBB2002B05D0204AE521EB
:1094C400042003F095FD37E0019BDB7B022B0CBFEE
:1094D400012300238DF80F30019B9A889DF80F30EB
:1094E400184919480CF02AFC26E0019B9B88184671
:1094F400FFF784FF20E0019B9A88019B1B7AC3F34A
:109504000313DBB2012B8CBF01230023DBB20F4911
:109514000D480CF013FC019B9A88019B1B7AC3F342
:109524000313DBB2022B8CBF01230023DBB20849F7
:1095340005480CF003FC00BF00BF05B05DF804FB58
:1095440068BB03001C3A0020D4390020203A0020D4
:10955400243A002082B00190019B1B781AB2019B2F
:1095640001331B781BB21B021BB213431BB29BB209
:10957400184602B0704700B585B001900198FFF716
:10958400E9FF0346ADF80E30BDF80E3003F00103D9
:10959400002B14BF01230023DBB2184605B05DF88D
:1095A40004FB90DF704700BF18469EDF704700BF82
:1095B4001846ADDF704700BF184682B00190019B8A
:1095C400F7221A80019B17225A80019B00221A71EC
:1095D400019B00225A71019BFB229A71019B1B2261
:1095E400DA7100BF02B0704700B587B0034600913E
:1095F400ADF80630BDF80630009ADB0013441B7B3F
:10960400ADF80C30BDF80630009ADB0013441B7B28
:10961400ADF80E300023ADF810300023ADF8123051
:1096240003A9BDF8063000221846FFF7BAFF0590DB
:10963400059B002B0AD0074B1B881B0443F0010039
:10964400BDF80620059B04490DF021FB00BF07B0BF
:109654005DF804FB802A0020C8BB030000B587B076
:1096640001900091009B9B88ADF81630BDF8163030
:10967400DB00019A134406330493019B1A79049B7B
:109684009A71009BDB7B012B02D0022B05D009E0F1
:10969400019B1A88049B1A8004E0019B5A88049B4E
:1096A4001A8000BF049B1A88049B5B889A4220D9C5
:1096B400049B1A88BDF8163011461846FFF775FF4B
:1096C4000390039B002B03D1049B01225A7110E0E9
:1096D400039B112B03D1049B01221A7109E00D4B4A
:1096E4001B881B0443F00103039A0B4918460DF031
:1096F400BDFA049B9A79049BDB799A4205D9BDF89B
:10970400163001991846FFF76FFF00BF07B05DF8E8
:1097140004FB00BF802A002028BC030000B583B0EE
:1097240001900091009B9B88DB00019A134406334F
:109734001846FFF742FF00BF03B05DF804FB00B515
:1097440087B001900091009B9B88ADF81630009B78
:109754005B89ADF81430BDF81630DB00019A134470
:1097640006330493049B1B88BDF81420934228BF3E
:1097740013469AB2049B5A80049B5B88172B38BF0C
:1097840017239AB2049B5A80019B1B69002B15D0A6
:10979400049B5B79002B11D040F67723ADF8083099
:1097A400BDF81630ADF80A30049B5B88ADF80C3078
:1097B400019B1B6902AA114601989847049B002249
:1097C4005A71049B00221A7100BF07B05DF804FBB4
:1097D40000B589B001900091009B9B88ADF81A30C8
:1097E400009BDB88ADF81830BDF81A30DB00019A15
:1097F400134406330593BDF81830172B38BF1723CD
:10980400ADF81830059B1B88BDF81820934228BF7B
:1098140013469AB2059B5A80059B00221A71059B38
:109824001A88BDF81A3011461846FFF7C2FE079091
:10983400079B002B09D0144B1B881B0443F0010326
:10984400079A124918460DF011FA059B5B79002B13
:1098540016D1019B1B69002B13D040F67723ADF87A
:109864000C30BDF81A30ADF80E30059B5B88ADF8AE
:109874001030019B1B6903AA11460198984700E028
:1098840000BF09B05DF804FB802A00206CBC030013
:1098940030B593B001900091009B04AC1D1D0FCD19
:1098A4000FC40FCD0FC40FCD0FC42B682360BDF8B8
:1098B4001030ADF84630BDF81420BDF84630D1B2B2
:1098C400019ADB0013440A465A73019B1B69002B5F
:1098D40019D002AB00221A609A804DF67A23ADF8B3
:1098E4000830BDF84630ADF80A30BDF84630019A6C
:1098F400DB0013445B7B8DF80C30019B1B6902AACF
:1099040011460198984700BF13B030BD00B58BB025
:1099140001900091009B04330793079B1B88DB0095
:10992400019A134406330693079B9B888DF81730DE
:10993400069B9B799DF81720934228BF13468DF808
:10994400273003AB00221A605A609DF827309BB27F
:10995400ADF80C309DF827309BB2ADF80E30079B64
:109964001B8803A900221846FFF71BFE0890089BDA
:10997400002B09D0064B1B881B0443F00103089AF3
:10998400044918460DF072F900BF0BB05DF804FBF2
:10999400802A0020B0BC030000B585B0019000917E
:1099A400019B002B01D10E231DE0019B009A1A613B
:1099B400019BF7221A80019BF7225A80019BFB220C
:1099C4001A71002303930AE0039BDB00019A1344FA
:1099D40006331846FFF7F1FD039B01330393039B02
:1099E400002BF1D00023184605B05DF804FB82B0CB
:1099F40001900B46ADF80230019B002B01D10E23E0
:109A04000EE0BDF80230162B03D9BDF80230F72B57
:109A140001D9072304E0019BBDF802201A8000232A
:109A2400184602B07047000000B587B0019000915D
:109A3400009B0593019B9B88ADF81230BDF8123052
:109A4400002B40F09280019B1B88552B48D0552B4E
:109A540055DC242B32DC102B51DB103B142B4ED85D
:109A640001A252F823F000BFC79A0200D19A020063
:109A7400039B0200039B0200039B0200039B020062
:109A8400039B0200039B0200039B0200039B020052
:109A9400039B0200039B0200039B0200039B020042
:109AA400039B0200039B0200039B0200039B020032
:109AB400039B0200F99A0200EF9A02003A2B0AD0A3
:109AC4001DE001990598FFF7C9FD19E00199059872
:109AD400FFF724FE14E001990598FFF730FE0FE02C
:109AE40001990598FFF774FE0AE001990598FFF7BC
:109AF400CFFE05E001990598FFF708FF00E000BFDD
:109B0400BDF81230059ADB0013449B7A002B2DD04C
:109B1400BDF81230059ADB001344DA88BDF8123020
:109B240011461846FFF741FD0390039B002B0ED10D
:109B3400BDF81230059ADB00134400229A72BDF876
:109B44001230059ADB0013440122DA720EE0039B03
:109B5400112B0BD0074B1B881B0443F00103039A02
:109B6400054918460DF082F800E000BF07B05DF823
:109B740004FB00BF802A002028BC0300A0DF70473C
:109B840000BF1846A2DF704700BF1846A6DF704723
:109B940000BF184662DF704700BF184682B00190CC
:109BA4000091009B9A88019B9A8200BF02B0704783
:109BB40082B001900091019B4FF6FF729A8200BF20
:109BC40002B0704700B589B001900091009B063344
:109BD4000793019B0493079B1A88019B1B899A4254
:109BE4001ED1079B5B89022B1AD1079B0C331846A5
:109BF400FFF7C1FC0346002B06D0019B01229A7596
:109C040002238DF80C3005E0019B00229A75032392
:109C14008DF80C30019B9B6903AA1046984718E005
:109C2400079B1A88019B9B899A4212D1019B9B69CD
:109C3400002B0ED0079B0C330593079B5B89ADF873
:109C4400183000238DF80C30019B9B6903AA104641
:109C5400984700BF09B05DF804FB00B593B00190CC
:109C640000910AAB03220021184610F0EDFC9DF888
:109C74002830012262F303038DF828309DF8283040
:109C8400012262F307138DF828309DF82930012250
:109C940062F303038DF829309DF82930012262F321
:109CA40007138DF829309DF82A30012262F342030C
:109CB4008DF82A300BAB1C220021184610F0C4FC8E
:109CC4009DF82C3043F010038DF82C3000230C93B6
:109CD40000230E9300230F930AAB109300231193D8
:109CE400019B1B788DF812300323ADF8103003ABC1
:109CF40003220021184610F0A7FC9DF80C30012225
:109D040062F303038DF80C309DF80C30012262F3EA
:109D140007138DF80C309DF80D30012262F3030314
:109D24008DF80D309DF80D30012262F307138DF884
:109D34000D309DF80E30012262F342038DF80E308F
:109D44009DF80E3023F008038DF80E309DF80E3088
:109D540023F010038DF80E309DF80E3043F001030C
:109D64008DF80E3005AB14220021184610F06CFC5F
:109D740004AB059303AB06930123ADF81C30002319
:109D8400ADF81E30F423ADF82030019B5888019BB8
:109D9400043305AA0BA9FFF7F5FE0346184613B0D2
:109DA4005DF804FB00B591B00190009109AB1C2251
:109DB4000021184610F048FC9DF8243043F00803B5
:109DC4008DF824309DF8243043F004038DF82430BA
:109DD40000230A9300230C9300230D9300230E9376
:109DE40000230F93019B1B788DF80E300223ADF8EE
:109DF4000C3002AB03220021184610F025FC9DF81C
:109E04000830012262F303038DF808309DF808300E
:109E1400012262F307138DF808309DF809300122FE
:109E240062F303038DF809309DF80930012262F3CF
:109E340007138DF809309DF80A30012262F34203BA
:109E44008DF80A309DF80A3023F008038DF80A30A3
:109E54009DF80A3023F010038DF80A309DF80A307B
:109E640043F001038DF80A3004AB14220021184694
:109E740010F0EAFB03AB049302AB05930123ADF8A6
:109E840018300023ADF81A30F423ADF81C30019BD0
:109E94005888019B0C3304AA09A9FFF773FE0346F3
:109EA400184611B05DF804FB00B589B0019000912B
:109EB400009B002B33D0019B002B30D0009B0793D9
:109EC400019B1B88572B19D0572B2ADC502B10D001
:109ED400502B26DC102B02D0112B05D021E0019948
:109EE4000798FFF75BFE1DE001990798FFF760FEF6
:109EF40018E001990798FFF765FE13E003AB002211
:109F04001A605A609A60DA6001238DF80C30079B5E
:109F14000493079B9B6903AA1046984702E000BF7D
:109F240000E000BF09B05DF804FB000010B588B084
:109F340001900091284B02AC0FCB84E80F00019BE9
:109F4400002B01D10E2344E0009B002B01D10E23F2
:109F54003FE0019B4FF6FF729A82009B1A68019BB7
:109F64009A61019B00229A75019A02AB1146184628
:109F7400FFF710FE0790079B002B01D0079B28E0FA
:109F8400019B1B788DF81A300123ADF81830019B22
:109F94009A1C06AB19460120FFF7F0FD0790079BBA
:109FA400002B01D0079B14E000990198FFF7FAFEFB
:109FB4000790079B002B01D0079B0AE000990198AA
:109FC400FFF74BFE0790079B002B01D0079B00E097
:109FD4000023184608B010BDF8BC030000B589B0D2
:109FE400039002910192039B002B01D10E232DE0DB
:109FF400039B9B8A4FF6FF72934206D0039B9B7D83
:10A0040083F00103DBB2002B01D008231EE0019B87
:10A014001B88F42B01D9072318E004AB102200217C
:10A02400184610F011FB039B9B88ADF81030029B7F
:10A034000793019B069301238DF81230039B9B8A9F
:10A0440004AA11461846FFF7A1FD0346184609B0B5
:10A054005DF804FB82B003468DF807309DF80730A5
:10A0640003F01F0206499DF907305B09012000FA3D
:10A0740002F2203341F8232000BF02B0704700BF32
:10A0840000E100E082B001904FF08042019BC2F8F1
:10A09400083300BF02B0704782B003468DF8073022
:10A0A4009DF8073003F1804301221A6000BF02B01B
:10A0B400704784B00346ADF80630BDF8063003F1AE
:10A0C400804300221A60BDF8063003F180431B6808
:10A0D4000393039B00BF04B0704782B00346ADF8FE
:10A0E4000630BDF8063003F180431B68002B14BF13
:10A0F40001230023DBB2184602B0704782B0034646
:10A104008DF807309DF807304FF0804203F00303C9
:10A11400C2F8183500BF02B070474FF08043D3F83F
:10A1240018341B0C03F00103002B14BF012300237C
:10A13400DBB218467047000082B003468DF8073042
:10A144000A4A9DF907305B0952F823209DF807302D
:10A1540003F01F0322FA03F303F00103002B14BFDF
:10A1640001230023DBB2184602B0704700E100E08F
:10A1740008B50020FFF7E0FF034683F00103DBB2DC
:10A18400002B03D00721002000F09AF900BF08BD7E
:10A1940008B50DF0C9FD034683F00103DBB2002BC3
:10A1A40003D109498420F9F7FDF80C20FFF774FF67
:10A1B40000BFFFF7B2FF0346002BFAD1034B002286
:10A1C4009A7000BF08BD00BF10BD0300883A00208C
:10A1D40000B583B000230193134B1B78002B02D0EE
:10A1E400852301931BE0104B00229A600E4B002242
:10A1F4005A600D4B00221A610B4B0022DA60FFF704
:10A20400B7FF0DF091FD034683F00103DBB2002B91
:10A2140002D00120FFF772FF034B01221A70019B49
:10A22400184603B05DF804FB883A002084B001901E
:10A23400019B1B680393039B002B03D0039B1A68A9
:10A24400019B1A60039B184604B0704700B583B0A5
:10A25400164B1B78002B04D115494FF48E70F9F777
:10A26400A1F8124BDB68002B04D1114940F21D10F8
:10A27400F9F798F800238DF807300DF10703184615
:10A2840003F0E8FE094BDB68013B084AD360074B47
:10A29400DB68002B01D1FFF77BFF9DF807301846E0
:10A2A40003F0EEFE00BF03B05DF804FB883A002023
:10A2B40010BD030000B585B003468DF807309DF846
:10A2C4000730002B02D10C4B039301E00B4B03939B
:10A2D4000398FFF7ABFF0290029B002B06D0029B72
:10A2E4005B689DF8072010469847F1E700BF00BF60
:10A2F40005B05DF804FB00BF903A0020983A0020B6
:10A3040008B54FF48070FFF7E8FE0346002B0CD02D
:10A314004FF48070FFF7CDFE0120FFF7B3FE0E4B24
:10A3240001225A700020FFF7C5FF4FF48270FFF737
:10A33400D4FE0346002B0CD04FF48270FFF7B9FE15
:10A344000220FFF79FFE044B01229A700120FFF7C1
:10A35400B1FF00BF08BD00BF883A002000B583B03C
:10A3640001900091019B002B02D10020FFF7A2FF76
:10A3740000BF03B05DF804FB00B585B0034600914F
:10A384008DF807309DF80730032B29D0032B37DCD9
:10A39400002B02D0012B04D032E00020FFF75AFE3C
:10A3A4002FE000238DF80F300DF10F03184603F052
:10A3B40051FE164B1B7883F00103DBB2002B01D056
:10A3C400FFF706FF114BDB680133104AD3600F4BD4
:10A3D40001229A709DF80F30184603F051FE10E0E8
:10A3E4000A4B1B78002B04D1094940F25B20F8F793
:10A3F400D9FF0721002000F063F8FFF727FF00E0F2
:10A4040000BF00BF05B05DF804FB00BF883A002020
:10A4140010BD030082B003468DF807309DF8073065
:10A4240003F01F0205499DF907305B09012000FA7A
:10A4340002F241F8232000BF02B0704700E100E0BF
:10A4440082B003468DF807309DF8073003F01F02F1
:10A4540006499DF907305B09012000FA02F26033D6
:10A4640041F8232000BF02B0704700BF00E100E0C4
:10A4740082B0034600918DF807309DF90730002B18
:10A484000CDA009BDAB20C499DF8073003F00F0395
:10A49400043B5201D2B20B441A7609E0009BDAB2B3
:10A4A40006499DF907305201D2B20B4483F80023C8
:10A4B40000BF02B0704700BF00ED00E000E100E023
:10A4C40000B583B003460A468DF8073013468DF86D
:10A4D40006309DF80630012B03D99DF80630032B76
:10A4E4000CD99DF80630042B03D99DF80630072BB0
:10A4F40004D90D494FF49270F8F754FF9DF80620E3
:10A504009DF9073011461846FFF7B2FF9DF9073051
:10A514001846FFF795FF9DF907301846FFF77AFFB5
:10A5240000BF03B05DF804FB68BD030000B583B051
:10A534000346ADF80630BDF80630184600F026F89C
:10A5440003461B68012B0CBF01230023DBB2184612
:10A5540003B05DF804FB00B585B00346ADF80630E2
:10A56400BDF80630184600F011F803461A460023D9
:10A574001360BDF80630184600F008F803461B685F
:10A584000393039B00BF05B05DF804FB82B0034650
:10A59400ADF80630BDF8063003F1804303F5C0433F
:10A5A400184602B07047000082B00190034A019B34
:10A5B400C2F8043300BF02B0704700BF006000401F
:10A5C40082B00190034BD3F80423019B1340184637
:10A5D40002B070470060004082B00190084A019BBD
:10A5E40003F5A27352F82330054943F00102019B9D
:10A5F40003F5A27341F8232000BF02B0704700BFE7
:10A604000060004084B00390029113468DF8073037
:10A61400144A039B03F5A27352F82330114923F41F
:10A62400473323F44073039A02F5A27241F82230AF
:10A634000C4A039B03F5A27352F82320029B1B02CE
:10A6440003F4F8519DF807301B0403F440330B4323
:10A6540004491A43039B03F5A27341F8232000BF66
:10A6640004B070470060004082B00190054A019B2D
:10A6740003F5A27352F823301B0A03F01F03184694
:10A6840002B070470060004082B00190064A019B0E
:10A6940003F5A27352F823301B0C03F00303DBB25F
:10A6A400184602B0704700BF0060004000B583B098
:10A6B4000190019B1B681F2B04D905494FF4E870D6
:10A6C400F8F770FE4FF0A043184603B05DF804FBA2
:10A6D400C4BD030000B585B00190084611461A4672
:10A6E40003468DF803300B468DF8023013468DF87F
:10A6F400013001AB1846FFF7D9FF03909DF8032002
:10A704009DF802305B001A439DF801309B001A4308
:10A714009DF818301B0242EA03019DF81C301B040B
:10A72400019A1943039B02F5E07243F8221000BF1B
:10A7340005B05DF804FB00B585B003900B468DF8B9
:10A744000B309DF80B30002201920022009200226F
:10A7540000210398FFF7BEFF00BF05B05DF804FBBE
:10A7640000B585B0019001AB1846FFF79FFF039039
:10A77400019A039B02F5E07253F8223023F002039E
:10A784000293019A039B02F5E072029943F82210A6
:10A7940000BF05B05DF804FB00B585B001900B4621
:10A7A4008DF8033001AB1846FFF780FF0390019A40
:10A7B400039B02F5E07253F82230019A23F44031EE
:10A7C400039B02F5E07243F82210019A039B02F501
:10A7D400E07253F822109DF803301B04019A1943C8
:10A7E400039B02F5E07243F8221000BF05B05DF848
:10A7F40004FB00B585B0019001AB1846FFF756FF86
:10A804000390039800F020F80246019B22FA03F318
:10A8140003F00103184605B05DF804FB00B585B0EC
:10A82400019001AB1846FFF741FF0390019A039B87
:10A8340002F5E07253F822301B0C03F00303DBB281
:10A84400184605B05DF804FB82B00190019BD3F873
:10A854001035184602B0704700B587B003900291D6
:10A8640001924FF0A0430493039A029B1344012BDB
:10A8740004D912494FF43A70F8F794FD039B0593F9
:10A8840011E0059B9B0018336B4453F8083C1846B1
:10A89400FFF7DAFF0246019B1A60019B0433019320
:10A8A400059B01330593039A029B1344059A9A422C
:10A8B400E7D300BF00BF07B05DF804FBC4BD0300CD
:10A8C40084B001900091009B0393019BDB080293E9
:10A8D400019B03F0070301930122019B02FA03F396
:10A8E4000399029A0A4412781340184604B0704738
:10A8F40084B001900091009B0393019BDB080293B9
:10A90400019B03F007030193039A029B13441B78F2
:10A914005AB20121019B01FA03F35BB2134359B20A
:10A92400039A029B1344CAB21A7000BF04B0704762
:10A9340082B001900C4A019B1344303393F90030E8
:10A94400002B09DB084A019B1344303393F9003090
:10A95400072B01DC012300E0002303F00103DBB239
:10A96400184602B0704700BF9C3A002082B00190A4
:10A97400064A019B1344303393F90030072BCCBFB4
:10A9840001230023DBB2184602B070479C3A002032
:10A9940082B00190064A019B1344303393F900308E
:10A9A400DB43DBB2DB09DBB2184602B0704700BF01
:10A9B4009C3A002084B00390029101928DF80330F8
:10A9C400029B59B20E4A039B134430330A461A7051
:10A9D4000B49029B019A41F823209DF8033083F030
:10A9E4000103DBB2002B08D0029B083B039A51B24F
:10A9F400034A13440A4683F8502000BF04B070474A
:10AA04009C3A002082B00190044A019B13443033E5
:10AA1400FF221A7000BF02B0704700BF9C3A0020AA
:10AA240082B00190044A019B1344303393F90030FF
:10AA3400184602B0704700BF9C3A002082B00190D3
:10AA4400034A019B52F82330184602B0704700BFF6
:10AA54009C3A002000B589B00390029113468DF80A
:10AA64000730FF238DF81F309DF80730002B01D0ED
:10AA7400002300E0082305939DF80730002B01D044
:10AA8400082300E00C230493059B069314E00F4A6B
:10AA9400069B52F82330B3F1FF3F0AD19DF80730EB
:10AAA400029A06990398FFF785FF069B8DF81F30DD
:10AAB40006E0069B01330693069A049B9A42E6D36A
:10AAC4009DF91F30184609B05DF804FB9C3A00203C
:10AAD40082B003468DF807309DF80730094A4FF0DD
:10AAE400FF3142F823109DF80730072B07D99DF852
:10AAF4000730083B034A1344FF2283F8502000BF69
:10AB040002B070479C3A002000B583B0214B93F803
:10AB14005430002B03D008230093009B36E000231D
:10AB24008DF8073009E09DF807301846FFF76AFFF3
:10AB34009DF8073001338DF807309DF807301F2B3F
:10AB4400F1D900238DF8073009E09DF80730184645
:10AB5400FFF7BEFF9DF8073001338DF807309DF8ED
:10AB640007300B2BF1D907210620FFF7A9FC4FF47E
:10AB7400BE70FFF7F0FC4FF00040FFF715FD054BEA
:10AB8400012283F8542000230093009B184603B04D
:10AB94005DF804FB9C3A0020044B93F85430002BDE
:10ABA40014BF01230023DBB2184670479C3A0020EF
:10ABB40000B587B0039002910192039B1F2B04D927
:10ABC4002B4940F2F710F8F7EDFB002305930398A7
:10ABD400FFF7DEFE0346002B02D00823059342E074
:10ABE400029BDB781A4601990398FFF733FF03466B
:10ABF4008DF813309DF91330B3F1FF3F31D0029B30
:10AC04009B78002B03D00398FFF7AAFD05E0029B75
:10AC14005B7819460398FFF78EFD029BDB78002BC7
:10AC240008D09DF91300029B1B781A460399FFF77D
:10AC3400E9FC18E09DF91330083B0E4A134493F9DC
:10AC44005010029B1B785BB29B015AB29DF91330E2
:10AC5400083B0A4351B2074A13440A4683F850207A
:10AC640001E004230593059B184607B05DF804FB37
:10AC740014BE03009C3A002000B589B001900B4635
:10AC84008DF80330019B1F2B04D93D4940F2252048
:10AC9400F8F788FB0198FFF77BFE0346002B04D1ED
:10ACA400374940F22620F8F77DFB0198FFF75EFE56
:10ACB4000346002B2FD00198FFF7B2FE0346083B52
:10ACC400304A134493F950308DF80F309DF80F300B
:10ACD4009B098DF80E309DF80E30032B0BD1019893
:10ACE400FFF787FD0346002B01D0032300E0022376
:10ACF4008DF81F3008E09DF80E30012B01D102239E
:10AD040000E003238DF81F309DF81F301946019889
:10AD1400FFF742FD30E00198FFF70AFE0346002BDF
:10AD24002AD00198FFF77CFE03460693069B9BB24C
:10AD340040339BB29B00ADF81630069B1846FFF7D4
:10AD44004BFCBDF816301846FFF705FC9DF80330A0
:10AD5400002B11D00198FFF763FE03461846FFF756
:10AD64006DFE0490049B002B06D00122069B02FA80
:10AD740003F31846FFF718FC00BF09B05DF804FBA5
:10AD840014BE03009C3A002000B597B00023109332
:10AD9400002304934FF48073ADF84A3001231193D8
:10ADA4000023139321E0BDF84A301846FFF7BEFB99
:10ADB4000346002B0ED01198FFF702FC0346002B2C
:10ADC40008D0BDF84A301846FFF7C5FB109A119B0E
:10ADD40013431093119B5B001193BDF84A30043365
:10ADE400ADF84A30139B01331393139B072BDAD925
:10ADF4004FF4BE70FFF79AFB0346002B0DD04FF4BF
:10AE0400BE70FFF7A8FB109B43F00043109304AB04
:10AE14001A4601210020FFF71FFD109BDBB2002B17
:10AE240029D0012311930023139321E0119A109B3D
:10AE34001340002B16D01398FFF716FC0E901398AE
:10AE4400FFF722FC03468DF837301398FFF7F6FD21
:10AE54000C900C9B002B05D09DF837200C9B1146C1
:10AE64000E989847119B5B001193139B0133139326
:10AE7400139B072BDAD9109B002B80F2EE80002362
:10AE84008DF8533000230393002315930AE0159B98
:10AE94009B0058336B444FF0FF3243F8502C159B02
:10AEA40001331593159B002BF1D000238DF85330FB
:10AEB4000023139378E06B4A139B1344503393F9A4
:10AEC40000308DF82F309DF82F3023F0C0030A9303
:10AED400644A139B1344503393F90030B3F1FF3F9A
:10AEE4005FD002AB19460A98FFF7EAFC0346002B31
:10AEF40057D09DF82F309B098DF827300A98FFF71B
:10AF04008FFD03461846FFF799FD0890089B002B18
:10AF140003D19DF82730032B43D19DF82730032B11
:10AF240004D103AB19460A98FFF7E2FC0A98FFF72D
:10AF340075FC03468DF81F3004AB19460A98FFF7D9
:10AF4400BFFC0690069B002B03D09DF81F30022BFC
:10AF540006D0069B002B24D19DF81F30032B20D153
:10AF64009DF82730032B13D19DF81F30022B01D1FC
:10AF7400032300E002238DF817309DF8173019469B
:10AF84000A98FFF709FC9DF8533001338DF85330CC
:10AF9400089B002B05D09DF82720089B11460A9892
:10AFA4009847139B01331393139B032B83D99DF869
:10AFB4005330002B4CD001238DF83F3001AB1A469F
:10AFC40001210020FFF748FC0023159314E0159B92
:10AFD4009B0058336B4453F8542C159B9B005833F7
:10AFE4006B4453F8483C9A4203D000238DF83F3019
:10AFF40005E0159B01331593159B002BE7D09DF8B5
:10B004003F30002B03D000238DF8533020E0002381
:10B0140015931AE0159B9B0058336B4453F8542C3A
:10B02400159B9B0058336B4443F8482C159B9B009D
:10B0340058336B4453F84C2C159B9B0058336B448A
:10B0440043F8502C159B01331593159B002BE1D02D
:10B054009DF85330002B7FF428AF00BF17B05DF884
:10B0640004FB00BF9C3A002082B003468DF80730F1
:10B074009DF8073003F01F0206499DF907305B096C
:10B08400012000FA02F2203341F8232000BF02B06D
:10B09400704700BF00E100E084B001900B46ADF8BA
:10B0A4000230BDF80230019A134400221A60BDF840
:10B0B4000230019A13441B680393039B00BF04B03E
:10B0C400704782B001900B46ADF80230BDF80230F3
:10B0D400019A13441B68002B14BF01230023DBB225
:10B0E400184602B0704782B001900091019B009A0B
:10B0F400C3F8042300BF02B0704782B001900091EE
:10B10400019B009AC3F8082300BF02B0704782B0C5
:10B114000190019B0122C3F8002500BF02B07047D3
:10B1240082B00190019B0022C3F8002500BF02B049
:10B13400704784B00390029101920093039B029A9A
:10B14400C3F80825039B019AC3F80C25039B009AB6
:10B15400C3F8102500BF04B0704782B001900B46BD
:10B164008DF803309DF80320019BC3F81C2500BF14
:10B1740002B0704782B00190019BD3F81835DBB25E
:10B18400184602B0704782B001900091009A019B6A
:10B19400C3F8242500BF02B0704784B001900B4669
:10B1A4008DF8033013468DF802309DF80230002BE1
:10B1B40014BF01230023DBB203939DF80330032B58
:10B1C40010D0032B13DC012B02D0022B05D00EE090
:10B1D400039B43F0020303930AE0039B43F004033D
:10B1E400039305E0039B43F00603039300E000BFD1
:10B1F400019B039AC3F8542500BF04B0704700B5FF
:10B2040083B003468DF807309DF907301846FFF7E1
:10B214002BFF00BF03B05DF804FB000000B583B052
:10B224000190019B1B681F2B04D905494FF4E8705A
:10B23400F8F7B8F84FF0A043184603B05DF804FBE4
:10B2440070BE030000B585B00190084611461A4649
:10B2540003468DF803300B468DF8023013468DF803
:10B26400013001AB1846FFF7D9FF03909DF8032086
:10B274009DF802305B001A439DF801309B001A438D
:10B284009DF818301B0242EA03019DF81C301B0490
:10B29400019A1943039B02F5E07243F8221000BFA0
:10B2A40005B05DF804FB00B585B00390002301935D
:10B2B400002300930023012201210398FFF7C2FF1A
:10B2C40000BF05B05DF804FB00B585B003900B46E4
:10B2D4008DF80B309DF80B30002201920022009271
:10B2E400002200210398FFF7ADFF00BF05B05DF811
:10B2F40004FB00B585B0019001AB1846FFF78EFF43
:10B304000390019B012202FA03F31946039800F00B
:10B3140018F800BF05B05DF804FB00B585B00190D6
:10B3240001AB1846FFF77AFF0390019B012202FA52
:10B3340003F31946039800F00EF800BF05B05DF85A
:10B3440004FB82B001900091019B009AC3F8082588
:10B3540000BF02B0704782B001900091019B009A37
:10B36400C3F80C2500BF02B07047000000B58DB0D3
:10B374000590049103920293049B002B03D15F492F
:10B38400A820F8F70FF8059B5B791A461346DB00F3
:10B3940013449B005A4A13440B930B9B1B7F002BB3
:10B3A40003D008230793079BA4E00B9B039A1A601E
:10B3B4000B9B029A5A60049B1B7B012B05D8049BB0
:10B3C4001B781846FFF7A9FF04E0049B1B78184676
:10B3D400FFF78FFF049B1B7818460023019300237B
:10B3E4000093002300220121FFF72CFF049B5B78CC
:10B3F400FF2B09D0049B5B780A930A98FFF78DFF13
:10B404000A98FFF750FF02E04FF0FF330A93049BC2
:10B414009B78FF2B07D0049B9B7809930121099803
:10B42400FFF752FF02E04FF0FF330993049BDB78F0
:10B43400FF2B09D0049BDB781846FFF75AFF049BC7
:10B44400DB781846FFF72FFF059B5B791946049BB1
:10B45400D8782B4A0B46DB000B449B0013441E3365
:10B4640002461A70059B1B680893049B1B781946B7
:10B47400099B0A9A0898FFF75CFE049B9B6819468F
:10B484000898FFF780FE049B197B049B5B7B1A469C
:10B494000898FFF782FE059B5B791946049B58794F
:10B4A400174A0B46DB000B449B0013441F33024630
:10B4B4001A700B9B1B68002B03D004210898FFF71C
:10B4C40012FE0898FFF723FE0B9B1B68002B08D085
:10B4D400059B93F90420049B1B7919461046FEF73B
:10B4E400EFFF0B9B00225A770B9B01221A77002354
:10B4F4000793079B18460DB05DF804FBBCBE030020
:10B50400F43A002000B585B00190019B5B791A469E
:10B514001346DB0013449B00154A13440393039B17
:10B524001B7F002B04D1134940F23110F7F73AFF87
:10B53400039B1B68002B05D0019B93F9043018462C
:10B54400FFF75DFE019B1B680293039B1B68002BA6
:10B5540004D04FF0FF310298FFF7CFFD0298FFF7B8
:10B56400DFFD039B00221A7700BF05B05DF804FBE2
:10B57400F43A0020BCBE030000B589B003900291E8
:10B58400009313468DF80730029B0493009B0693A7
:10B594009DF807308DF814309DF828308DF81C3054
:10B5A40004AB00221946039800F00CF90346184630
:10B5B40009B05DF804FB00B583B00190019B9B7F4B
:10B5C400FF2B04D0019B9B7F1846FFF792FE019B43
:10B5D40000225A77019B00221A72019B1B68019A70
:10B5E40002F10800019A52681146984700BF03B05F
:10B5F4005DF804FB00B585B0019000910198FFF758
:10B60400B9FD03468DF80D30009B93F82020009B74
:10B614001B7E9A4209D2009B5B69009A92F8202013
:10B6240013449DF80D20D2B21A70009B93F8203079
:10B634000133DAB2009B83F82020009B93F820307A
:10B644000133ADF80E30009B93F8213003F004036E
:10B65400DBB2002B17D0009B1B7C1A46BDF80E30C2
:10B66400934204D2BDF80E30DAB2009B1A74009BE8
:10B674001B7E1A46BDF80E30934204D2BDF80E303C
:10B68400DAB2009B1A76009B1B7C1A46BDF80E307A
:10B6940093420BD2009BDA68BDF80E3013441B783A
:10B6A40019460198FFF759FD012322E0009B1B7EF8
:10B6B4001A46BDF80E30934207D2009BDB7F194631
:10B6C4000198FFF74AFD012313E0009B93F8202023
:10B6D400009B1B7C9A4206D3009B93F82020009B7E
:10B6E4001B7E9A4201D2012300E0002303F00103F0
:10B6F400DBB2184605B05DF804FB00B585B00390D5
:10B7040002910192029B002283F8202004210398D5
:10B71400FFF7F3FC4FF484710398FFF7BDFC019B22
:10B724001B79002B03D0019B1B681B7801E0029B53
:10B73400DB7F19460398FFF710FD019B1B79012B52
:10B7440008D9019B1B6801331B7819460398FFF73E
:10B7540004FD09E0019B1B7B012B05D9029BDB7FC8
:10B7640019460398FFF7F9FC029B1B68002B04D0D1
:10B7740004210398FFF7B7FC20E000BF4FF4847165
:10B784000398FFF79EFC034683F00103DBB2002B12
:10B79400F4D14FF484710398FFF77EFC0299039867
:10B7A400FFF728FF0346002BE7D1029B9B7FFF2B6B
:10B7B40004D0029B9B7F1846FFF79BFD00BF05B09A
:10B7C4005DF804FB10B586B0039002910192039BCF
:10B7D4005B791A461346DB0013449B003B4A13442F
:10B7E4000593059B1B7F002B04D1394940F2572058
:10B7F400F7F7D8FD029B1B68002B08D1029B1B792D
:10B80400002B04D032494FF41670F7F7CBFD029B9E
:10B814009B68002B08D1029B1B7B002B04D02C4976
:10B8240040F25920F7F7BEFD00230493059B5B7F8C
:10B83400DBB2002B03D011230493049B42E0059B4D
:10B844001B68002B07D0019B03F01403002B02D1CB
:10B85400059B01225A77059B029A03F10C041346B7
:10B864000FCB84E80F00059A92F8213023F00103EE
:10B8740082F82130059A92F8213023F0020382F8ED
:10B884002130059A92F8213023F0040382F8213004
:10B89400059B9B7FFF2B04D0059B9B7F1846FFF7DE
:10B8A4003CFD019B002B05D0059B00225A77062303
:10B8B400049306E0039B1B68029A05991846FFF758
:10B8C4001CFF049B184606B010BD00BFF43A0020CC
:10B8D400BCBE030000B583B001900091009B1B68BF
:10B8E400002B04D10D494FF43570F7F75BFD4FF48D
:10B8F40084710198FFF7D0FB00990198FFF77AFE55
:10B90400034683F00103DBB2002B02D00098FFF75B
:10B9140052FE00BF03B05DF804FB00BFBCBE0300D1
:10B9240000B583B0054B019301994FF04020FFF718
:10B93400D1FF00BF03B05DF804FB00BFF43A002060
:10B9440082B003468DF807309DF8073003F01F02DC
:10B9540006499DF907305B09012000FA02F2203301
:10B9640041F8232000BF02B0704700BF00E100E0AF
:10B9740084B001900B46ADF80230BDF80230019A54
:10B98400134400221A60BDF80230019A13441B6864
:10B994000393039B00BF04B0704782B001900B4631
:10B9A400ADF80230BDF80230019A13441B68002B35
:10B9B40014BF01230023DBB2184602B0704782B0E3
:10B9C40001900091019B009AC3F8042300BF02B0C8
:10B9D400704782B001900091019BD3F80423009B2F
:10B9E4001340002B14BF01230023DBB2184602B01E
:10B9F400704782B001900091019B009AC3F808231C
:10BA040000BF02B0704784B00190019BD3F880342A
:10BA14000393019B039AC3F88024039B184604B044
:10BA2400704782B00190019B0422C3F8002500BF37
:10BA340002B0704782B00190019B0022C3F8002538
:10BA440000BF02B0704784B0039002910192039B3F
:10BA5400019AC3F81425039B029AC3F80C2500BF6E
:10BA640004B0704700B583B001904FF0FF324FF03F
:10BA7400FF310198FFF7E7FF00BF03B05DF804FB57
:10BA840082B00190019BD3F80C35184602B0704780
:10BA940082B00190019BD3F81435184602B0704768
:10BAA40082B00190019BD3F80835184602B0704764
:10BAB40082B00190019BD3F81035184602B070474C
:10BAC40084B0039002910192039B029AC3F8082563
:10BAD400039B019AC3F8102500BF04B0704700B55A
:10BAE40083B001904FF0FF324FF0FF310198FFF720
:10BAF400E7FF00BF03B05DF804FB82B00190019B37
:10BB0400D3F81835DBB2184602B0704782B0019002
:10BB14000B468DF803309DF80320019BC3F81C25C8
:10BB240000BF02B0704782B001900B468DF803301D
:10BB34009DF80330019A134401221A6000BF02B039
:10BB4400704782B001900B468DF8033013468DF890
:10BB540002309DF803209DF802301343DBB21A46ED
:10BB6400019BC3F86C2500BF02B0704782B00190FE
:10BB74000091019B009AC3F8242500BF02B07047CE
:10BB840084B001900B46ADF80230BDF80230019A42
:10BB9400134400221A60BDF80230019A13441B6852
:10BBA4000393039B00BF04B0704782B001900B461F
:10BBB400ADF80230BDF80230019A13441B68002B23
:10BBC40014BF01230023DBB2184602B0704782B0D1
:10BBD40001900091019BD3F80022009B1A43019B22
:10BBE400C3F8002200BF02B0704782B001900091F8
:10BBF400019BD3F80022009BDB431A40019BC3F84E
:10BC0400002200BF02B0704782B001900091019BF6
:10BC1400009AC3F8042300BF02B0704782B00190B9
:10BC24000091019B009AC3F8082300BF02B070473B
:10BC340084B00190019BD3F880340393019B039A51
:10BC4400C3F88024039B184604B0704782B0019067
:10BC5400019B0822C3F8002500BF02B0704782B0E0
:10BC64000190019B0022C3F8002500BF02B0704779
:10BC740084B0039002910192039B029AC3F80C25AD
:10BC8400039B019AC3F8142500BF04B0704700B5A4
:10BC940083B001904FF0FF324FF0FF310198FFF76E
:10BCA400E7FF00BF03B05DF804FB82B00190019B85
:10BCB400D3F80C35184602B0704782B00190019B4E
:10BCC400D3F81435184602B0704782B00190019B36
:10BCD400D3F80835184602B0704782B00190019B32
:10BCE400D3F81035184602B0704784B0039002911F
:10BCF4000192039B029AC3F80825039B019AC3F897
:10BD0400102500BF04B0704700B583B001904FF018
:10BD1400FF324FF0FF310198FFF7E7FF00BF03B098
:10BD24005DF804FB82B001900B468DF803309DF85A
:10BD34000330019A134401221A6000BF02B0704715
:10BD440082B001900B468DF8033013468DF8023013
:10BD54009DF803209DF802301343DBB21A46019B81
:10BD6400C3F86C2500BF02B0704782B00190009107
:10BD7400019B009AC3F8242500BF02B0704784B029
:10BD84000390029113468DF80730029A039BC3F87F
:10BD940044259DF80720039BC3F8482500BF04B041
:10BDA400704782B00190019BD3F84C35184602B01D
:10BDB400704784B00390029113468DF80730029ABD
:10BDC400039BC3F834259DF80720039BC3F838254B
:10BDD40000BF04B0704782B00190019BD3F83C359A
:10BDE400184602B0704700B583B003468DF807309B
:10BDF4009DF907301846FFF7A3FD00BF03B05DF8B7
:10BE040004FB84B00190019B1B0B8DF80F309DF94E
:10BE14000F30184604B0704782B00190019B03F0C4
:10BE24006043B3F1005F0CBF01230023DBB218466B
:10BE340002B0704700B583B00190019B1B681F2BB3
:10BE440004D905494FF4E870F7F7ACFA4FF0A04372
:10BE5400184603B05DF804FB18BF030000B585B0B5
:10BE64000190084611461A4603468DF803300B46E6
:10BE74008DF8023013468DF8013001AB1846FFF7F8
:10BE8400D9FF03909DF803209DF802305B001A430C
:10BE94009DF801309B001A439DF818301B0242EABA
:10BEA40003019DF81C301B04019A1943039B02F5FE
:10BEB400E07243F8221000BF05B05DF804FB00B542
:10BEC40085B00390002301930023009300230122F3
:10BED40001210398FFF7C2FF00BF05B05DF804FB22
:10BEE40000B585B003900B468DF80B309DF80B30F0
:10BEF4000022019200220092002200210398FFF701
:10BF0400ADFF00BF05B05DF804FB00B585B003903C
:10BF140000230193002300930023012200210398AE
:10BF2400FFF79CFF00BF05B05DF804FB00B585B0CA
:10BF3400019001AB1846FFF77DFF0390019B01229E
:10BF440002FA03F31946039800F004F800BF05B0A1
:10BF54005DF804FB82B001900091019B009AC3F844
:10BF6400082500BF02B0704700B583B0019000916E
:10BF7400009B1B68B3F1FF3F09D0009B1B68184668
:10BF8400FFF7D4FF009B1B681846FFF798FF009B40
:10BF94005B68B3F1FF3F05D0009B5B680021184646
:10BFA400FFF79EFF019B1B79464A5B0113441C3338
:10BFB4001B78002B41D0019B1A68009B9B69194692
:10BFC4001046FFF7D2FE019B1868009B597D009B29
:10BFD4001B7D1A46FFF7B4FE019B1868009B196885
:10BFE400009B5B681A46FFF743FE009B1B7D012BF9
:10BFF40064D1009B9B68B3F1FF3F05D0009B9B6815
:10C0040000211846FFF76CFF009BDB68B3F1FF3F8C
:10C0140009D0009BDB681846FFF788FF009BDB68AC
:10C024001846FFF74CFF019B1868009BD968009BDA
:10C034009B681A46FFF759FE40E0019B1A68009B73
:10C044009B6919461046FFF791FD019B1868009BF8
:10C05400597D009B1B7D1A46FFF773FD019B1868F1
:10C06400009B1968009B5B681A46FFF7ECFC009B79
:10C074001B7D012B22D1009B9B68B3F1FF3F05D0B0
:10C08400009B9B6800211846FFF72AFF009BDB6892
:10C09400B3F1FF3F09D0009BDB681846FFF746FF6A
:10C0A400009BDB681846FFF70AFF019B1868009B9A
:10C0B400D968009B9B681A46FFF702FD00BF03B0D6
:10C0C4005DF804FB183B002000B583B001900B46DB
:10C0D4008DF80330019B1B792D4A5B0113441C33FB
:10C0E4001B78002B2FD0019B1B684FF488711846D6
:10C0F400FFF746FD019B1B684FF490711846FFF74C
:10C104003FFD019B1B684FF492711846FFF738FD01
:10C11400019B1B684FF4A2711846FFF731FD019B88
:10C124001B681C491846FFF76FFD019B1B681846E6
:10C13400FFF767FE03461A469DF80330194610467A
:10C14400FEF7BEF920E0019B1B684FF48E71184680
:10C15400FFF70EFC019B1B684FF4A2711846FFF712
:10C1640007FC019B1B680C491846FFF728FC019B40
:10C174001B681846FFF745FE03461A469DF8033030
:10C1840019461046FEF79CF900BF03B05DF804FBA6
:10C19400183B0020100302008000020000B583B0A9
:10C1A4000190019B1B79154A5B0113441C331B78D6
:10C1B400002B0FD0019B1B6811491846FFF72EFD79
:10C1C400019B1B681846FFF71CFE03461846FFF741
:10C1D4000AFE0EE0019B1B680A491846FFF709FC9A
:10C1E400019B1B681846FFF70CFE03461846FFF731
:10C1F400FAFD00BF03B05DF804FB00BF183B00204C
:10C20400100302008402020000B587B00190019B74
:10C214001B79364A5B0113441C331B78002B22D054
:10C22400019B1B681846FFF740FD0590019B1B68A6
:10C234001846FFF742FD0490019B1B681846FFF760
:10C2440044FD0390019B1B681846FFF746FD0290CE
:10C25400019B1B681846FFF71AFD019B1B681846D3
:10C26400FFF752FD21E0019B1B681846FFF708FC0D
:10C274000590019B1B681846FFF70AFC0490019B7C
:10C284001B681846FFF70CFC0390019B1B681846BB
:10C29400FFF70EFC0290019B1B681846FFF7E2FBB8
:10C2A400019B1B681846FFF71AFC059BB3F1FF3F7F
:10C2B40002D00598FFF729FE049BB3F1FF3F02D09B
:10C2C4000498FFF722FE029BB3F1FF3F02D00298CD
:10C2D400FFF71BFE039BB3F1FF3F02D00398FFF768
:10C2E40014FE00BF07B05DF804FB00BF183B00203C
:10C2F40000B583B00190019B1B790B4A5B01134489
:10C304001C331B78002B05D0019B1B681846FFF7D4
:10C314009DFC04E0019B1B681846FFF782FB00BFED
:10C3240003B05DF804FB00BF183B002000B583B0E8
:10C334000190019B1B790B4A5B0113441C331B784E
:10C34400002B05D0019B1B681846FFF788FC04E00E
:10C35400019B1B681846FFF76DFB00BF03B05DF837
:10C3640004FB00BF183B002000B587B00390029186
:10C374000192029B002B04D122494FF48870F7F7F5
:10C3840011F8039B1B795B011F4A13440593002397
:10C394000493059BDB7E002B03D008230493049BAA
:10C3A4002BE0029B5A7F059B1A7702990398FFF7AB
:10C3B400DBFD059B019A5A60029B1A69059B1A6072
:10C3C400059B5B68002B05D0029B1B7F19460398D5
:10C3D400FFF77AFE0398FFF78BFF059B0022DA75BF
:10C3E400059B00221A76059B00229A75059B012263
:10C3F400DA76059B00229A76049B184607B05DF80E
:10C4040004FB00BF68BF0300183B002000B585B0E3
:10C414000190019B1B795B010C4A1344039301981F
:10C42400FFF784FF039B5B68002B02D00198FFF7A2
:10C43400B5FE0198FFF7E8FE039B0022DA76039B22
:10C4440000225A6000BF05B05DF804FB183B0020D1
:10C4540000B585B0019000914FF48E710198FFF7FB
:10C4640087FA009B9B68009A928A92B213441B78C5
:10C474008DF80F30009B9B8A9BB201339AB2009BCC
:10C484009A829DF80F3019460198FFF73FFB00BFD1
:10C4940005B05DF804FB000000B585B00190019B78
:10C4A4001B795B01344A1344029300230393019BD9
:10C4B4001B684FF48E711846FFF75AFA019B1B68EC
:10C4C40008211846FFF72FFB019B1B6802991846A9
:10C4D400FFF7BEFF029B5B68002B47D11FE000BF44
:10C4E400019B1B684FF48E711846FFF756FA0346FA
:10C4F40083F00103DBB2002B05D0029B9B8A9BB225
:10C50400B3F5807FECD1029B9B8A9BB2B3F5807F0D
:10C5140005D0019B1B6802991846FFF799FF029BFF
:10C524009B8A9BB2029A927D9342D8D3029B9B8AA8
:10C534009BB2B3F5807F02D10F23039313E000BFB6
:10C54400019B1B684FF48E711846FFF726FA0346C9
:10C5540083F00103DBB2002BF2D1019B1B680C2199
:10C564001846FFF7E0FA029B00229A75039B1846CF
:10C5740005B05DF804FB00BF183B002000B587B090
:10C584000190019B1B795B012A4A13440493002305
:10C594000593019B1B684FF490711846FFF7F0FA5E
:10C5A400019B1B684FF4AC711846FFF7E9FA019B35
:10C5B4001868049B9968049B9B7D1A46FFF7DFFB70
:10C5C400019B1B6808211846FFF7ACFB049B5B68C2
:10C5D400002B2AD1019B1B684FF490711846FFF77A
:10C5E400E4FA03468DF80F30019B1B684FF4AC71DD
:10C5F4001846FFF7DAFA03468DF80E309DF80F302F
:10C6040083F00103DBB2002B06D09DF80E3083F0DB
:10C614000103DBB2002BDDD19DF80E30002B01D0DD
:10C624000F230593049B00229A75059B184607B0B7
:10C634005DF804FB183B002000B587B0039002911D
:10C6440013468DF80730039B1B795B012E4A134474
:10C654000493049BDB7E012B04D02C494FF4CC7053
:10C66400F6F7A0FE9DF80730002B04D1274940F2CD
:10C674009910F6F797FE029B002B04D123494FF43F
:10C68400CD70F6F78FFE039B1B791F4A5B011344A1
:10C694001C331B78002B0CD00298FFF7BDFB03461C
:10C6A40083F00103DBB2002B03D010230593059B19
:10C6B40025E0039800F02CF80346002B03D0112347
:10C6C4000593059B1BE0049B9DF807209A75049B2A
:10C6D400029A9A60049B00229A82039B1B790A4A5D
:10C6E4005B0113441C331B78002B04D00398FFF721
:10C6F40045FF034603E00398FFF7CEFE03461846C2
:10C7040007B05DF804FB00BF183B002068BF0300BE
:10C7140082B00190019B1B79064A5B0113441633D6
:10C724001B78002B14BF01230023DBB2184602B090
:10C73400704700BF183B002000B583B00190019BF7
:10C744001B684FF492711846FFF712F9019B1B689E
:10C754004FF484711846FFF70BF9019B1B68002105
:10C764001846FFF7E0F900BF03B05DF804FB10B50D
:10C7740082B001900091009BDB7D002B08D14FF427
:10C7840084710198FFF7F4F80198FFF7B6F916E001
:10C794004FF484710198FFF7EBF8009BDB68009A73
:10C7A400527ED2B29C180198FFF7A7F90346237072
:10C7B400009B5B7EDBB20133DAB2009B5A7602B097
:10C7C40010BD000000B589B00390029111461A46CD
:10C7D4000B468DF8073013468DF80630039B1B7902
:10C7E4005B014D4A13440793079B9B7E83F001032F
:10C7F400DBB2002B09D09DF8063083F00103DBB2D5
:10C80400002B02D00398FFF797FF079B5B68002B70
:10C8140073D1039B1B684FF4A2711846FFF7A8F865
:10C82400039B1B684FF492711846FFF7B6F8034652
:10C834008DF81B30039B1B684FF484711846FFF777
:10C84400ACF803468DF81A30039B1B684FF4A271B1
:10C854001846FFF7A2F803468DF819309DF81A30F0
:10C8640083F00103DBB2002B0DD09DF8193083F067
:10C874000103DBB2002B06D09DF81B3083F00103CB
:10C88400DBB2002BCCD19DF81B30002B10D19DF8CE
:10C894001930002B0CD1039B1B6807991846FFF72E
:10C8A40066FF079BDA7D079B5B7EDBB29A42B7D8B3
:10C8B400079B0022DA759DF81B30002B03D003235D
:10C8C4000593059B23E09DF81930002B03D00F231B
:10C8D4000593059B1BE0079B9B7E002B06D0039BC7
:10C8E4001B6800211846FFF71EF90DE0039B1B6827
:10C8F40004211846FFF717F906E0039B1B684FF461
:10C9040001711846FFF75BF800230593059B184651
:10C9140009B05DF804FB00BF183B002000B587B0E8
:10C924000390029111461A460B468DF807301346C0
:10C934008DF8063000230593039B1B684FF4887120
:10C944001846FFF71DF9039B1B684FF4A2711846A4
:10C95400FFF716F9039B1B689DF8072002991846F8
:10C96400FFF727FA9DF8063083F00103DBB2002BB2
:10C9740006D0039B1B6800211846FFF7D3F905E096
:10C98400039B1B6820211846FFF721F9039B1B79A1
:10C994002D4A5B01134404331B68002B47D1039BCE
:10C9A4001B684FF488711846FFF7FFF803468DF8AB
:10C9B4001330039B1B684FF4A2711846FFF7F5F878
:10C9C40003468DF81230039B1B684FF4927118468E
:10C9D400FFF7EBF803468DF811309DF8133083F020
:10C9E4000103DBB2002B0DD09DF8123083F001035C
:10C9F400DBB2002B06D09DF8113083F00103DBB2CB
:10CA0400002BCCD1039B1B790F4A5B0113441733D2
:10CA140000221A709DF81130002B01D003230593D6
:10CA24009DF81230002B09D00F23059306E0039BD9
:10CA34001B684FF404711846FFF7E6F8059B184687
:10CA440007B05DF804FB00BF183B002000B589B0B7
:10CA54000390029113468DF80730039B1B795B0109
:10CA64005A4A13440593039B1B79584A5B011344A8
:10CA74001B331B78012B04D055494FF41670F6F77D
:10CA840091FC9DF80730002B04D1514940F2592004
:10CA9400F6F788FC039B1B794C4A5B0113441C3357
:10CAA4001B78002B0CD00298FFF7B6F9034683F0ED
:10CAB4000103DBB2002B03D010230793079B81E013
:10CAC40000238DF81B30059B5B68002B17D0039B5C
:10CAD4001B793E4A5B0113441C331B78002B07D09F
:10CAE400039B1B684FF404711846FFF797F806E0A0
:10CAF400039B1B684FF401711846FEF77AFF059BF0
:10CB0400DB7D002B26D0059B1B7E002B1FD0059BB5
:10CB14005B68002B17D0039B1B792C4A5B011344E1
:10CB24001C331B78002B07D0039B1B684FF4047144
:10CB34001846FFF769F806E0039B1B684FF4017180
:10CB44001846FEF73CFF11230793079B3AE00123A5
:10CB54008DF81B309DF81B3083F00103DBB2002BF2
:10CB64000DD0059B9DF80720DA75059B029ADA60C3
:10CB7400059B00225A76059B00221A7606E0059B47
:10CB8400029A1A61059B9DF807201A76039B1B796C
:10CB94000E4A5B0113441C331B78002B09D09DF80B
:10CBA4001B309DF8072002990398FFF7B7FE034650
:10CBB40008E09DF81B309DF8072002990398FFF7C1
:10CBC40001FE0346184609B05DF804FB183B00203B
:10CBD40068BF030000B589B003900B4601928DF83D
:10CBE4000B3001238DF810309DF80B308DF8183080
:10CBF400019B0593039B5B68039A116804AA104682
:10CC0400984700BF09B05DF804FB00B587B00190F8
:10CC14000B468DF8033000238DF808309DF803305F
:10CC24008DF81030019B9B680393019B00229A7539
:10CC3400019B5B68019A116802AA1046984700BFDD
:10CC440007B05DF804FB000000B583B00190019BC0
:10CC54001B790F4A5B0113441C331B78002B06D04D
:10CC6400019B1B6804211846FFF75CF80CE0019B4C
:10CC74001B684FF401711846FEF7BBFE019B1B684D
:10CC840004211846FEF74FFF00BF03B05DF804FB14
:10CC9400183B002000B589B0019000914FF4007159
:10CCA4000198FEF796FE0346002B39D04FF492719B
:10CCB4000198FEF772FE0346002B31D04FF49271B7
:10CCC4000198FEF755FE4FF401710198FEF791FEAD
:10CCD400009B9B7E83F00103DBB2002B03D0042175
:10CCE4000198FEF720FF02238DF808300198FEF723
:10CCF4008AFE03460593009BDB7D8DF81030009B74
:10CD0400DB680393009B0022DA75009B00221A76ED
:10CD1400009B5B68009A116802AA1046984756E087
:10CD240004210198FEF755FE0346002B4FD04FF423
:10CD340084710198FEF731FE0346002B47D0009919
:10CD44000198FFF714FD009BDA7D009B5B7EDBB24C
:10CD54009A423CD1009B1B7E002B1CD0009BDB68BD
:10CD64000793009B5B7E8DF81B30009B1A7E009B13
:10CD7400DA75009B1A69009BDA60009B00221A7620
:10CD8400009B00225A769DF81B30079A194600989A
:10CD9400FFF720FF1BE0009B9B7E83F00103DBB2C7
:10CDA400002B03D004210198FEF7BDFE4FF401715E
:10CDB4000198FEF71EFE009B0022DA75009B5B7E45
:10CDC400D9B2009BDB681A460098FFF703FF4FF4C3
:10CDD4008E710198FEF7E1FD0346002B1AD0009BEB
:10CDE4009B8A9BB2009A927D934204D20099019847
:10CDF400FFF72EFB0EE04FF48E710198FEF7B8FD9D
:10CE0400009B9B7D002B05D0009B9B7D19460098C1
:10CE1400FFF7FBFE4FF4A2710198FEF7BEFD034637
:10CE2400002B1CD04FF4A2710198FEF7A1FD009BCA
:10CE34009B7E002B03D000210198FEF774FE009B1B
:10CE4400DB7D002B0BD0009B0022DA75009B5B7E00
:10CE5400D9B2009BDB681A460098FFF7BBFE00BFFF
:10CE640009B05DF804FB00B589B0019000914FF45E
:10CE740092710198FEF799FE0346002B24D04FF4DB
:10CE840092710198FEF77CFE02238DF80830019818
:10CE9400FEF7CEFE034605930198FEF79CFF03467A
:10CEA400DBB28DF81030009BDB680393009B0022FB
:10CEB400DA75009B00221A76009B5B68009A116861
:10CEC40002AA1046984741E04FF488710198FEF792
:10CED4006CFE0346002B39D04FF488710198FEF79D
:10CEE4004FFE0198FEF777FF03468DF81F30009B35
:10CEF400DB7D9DF81F209A4228D1009B1B7E002BCE
:10CF040019D0009BDB68069320210198FEF76DFE83
:10CF1400009B1A7E009BDA75009B1A69009BDA60FD
:10CF2400009B00221A769DF81F30069A1946009835
:10CF3400FFF750FE0AE0009B0022DA75009BDA68D6
:10CF44009DF81F3019460098FFF744FE4FF4A27174
:10CF54000198FEF72AFE0346002B16D04FF4A27167
:10CF64000198FEF70DFE009BDB7D002B0DD0009B8E
:10CF74000022DA750198FEF72EFF0346D9B2009B12
:10CF8400DB681A460098FFF725FE4FF4907101986C
:10CF9400FEF70BFE0346002B11D04FF4907101985D
:10CFA400FEF7EEFD009B9B7D002B08D00198FEF759
:10CFB400F8FE0346DBB219460098FFF726FE00BFD1
:10CFC40009B05DF804FB000008B5074B1B7F002B7C
:10CFD40004D005490548FFF746FF03E0024903482A
:10CFE400FFF758FE00BF08BD183B0020002000409A
:10CFF40000B589B0039002910192029B9BB2ADF8F7
:10D004001430019B0693039B079305AB1A4600213A
:10D0140044F2010000F052F800BF09B05DF804FBCF
:10D0240086B003900291019201238DF817309DF888
:10D034001730214A039B13601F4A029B53601E4A08
:10D04400019B9360039B44F20102934213D0039B20
:10D0540044F20202934222D1019B174AD360164B39
:10D06400DB681B881A46144B9A61134BDB685B68B8
:10D07400114AD36113E0019B0F4A13610E4B1B69E4
:10D084009B680D4A53610C4B1B691B881A460A4B5B
:10D094009A61094B1B695B68074AD36100BF72B68A
:10D0A40000BF00BF9DF81730DBB2002BFAD162B687
:10D0B40000BF00BF06B07047383B002030B589B0D0
:10D0C4000590049103920AF049F809F01BFE034607
:10D0D400002BFAD1059B44F2020293422BD0059B0C
:10D0E40044F20202934254D8059B44F20102934253
:10D0F40031D0059B44F2010293424AD8059B012B8F
:10D1040005D0059B41F2010293420AD041E02E4B27
:10D114001B881B0443F001032C49184609F098FDB1
:10D1240042E0294B1B881B0443F00103284918469D
:10D1340009F08EFD38E0039B0793234B1B881B04E7
:10D1440043F00100079B5B681A46079B1B88214933
:10D1540009F09DFD28E0039B06931B4B1B881B04D1
:10D1640043F00104069B9D68069B9B68184608F0E3
:10D1740041FD03461946069B5B681A46069B1B88BD
:10D18400019300920B462A461349204609F093FD69
:10D194000AE00D4B1B881B0443F00103049A0F495A
:10D1A400184609F063FD00BF0D4B1B6803F0010333
:10D1B400002B00D0FFDE039A04990598FFF730FF97
:10D1C40000BF09B030BD00BF682A0020C0BF030003
:10D1D400E0BF030004C0030020C0030038C0030004
:10D1E400F0ED00E084B00190019B9B680393019BE8
:10D1F400DA68039BD31A184604B0704782B00190D2
:10D204000B468DF80330019B1A68019BDB6801997A
:10D2140089880B4013449DF803201A70019BDB6836
:10D224005A1C019BDA6000BF02B0704784B00390BF
:10D234000B460192ADF80A30039B1A68039B996868
:10D24400BDF80A300B44039989880B4013441A78BB
:10D25400019B1A7000BF04B0704700B583B0019001
:10D264000091009A00210198FFF7E0FF019B9B6861
:10D274005A1C019B9A6000BF03B05DF804FB00B523
:10D2840083B001900B468DF803300198FFF7AAFF95
:10D294000246019B9B889A4207D89DF803301946A1
:10D2A4000198FFF7ABFF002300E00423184603B006
:10D2B4005DF804FB00B583B0019000910198FFF77D
:10D2C40091FF0346002B05D000990198FFF7C5FF95
:10D2D400002300E00523184603B05DF804FB0000BA
:10D2E40082B003468DF807309DF8073003F01F0223
:10D2F40005499DF907305B09012000FA02F241F863
:10D30400232000BF02B0704700E100E082B0034672
:10D314008DF807309DF8073003F01F0206499DF988
:10D3240007305B09012000FA02F2203341F8232080
:10D3340000BF02B0704700BF00E100E082B00346C6
:10D344008DF807309DF8073003F01F0206499DF958
:10D3540007305B09012000FA02F2403341F8232030
:10D3640000BF02B0704700BF00E100E082B0034696
:10D374008DF807309DF8073003F01F0206499DF928
:10D3840007305B09012000FA02F2603341F82320E0
:10D3940000BF02B0704700BF00E100E082B0034666
:10D3A40000918DF807309DF90730002B0CDA009BB3
:10D3B400DAB20C499DF8073003F00F03043B520125
:10D3C400D2B20B441A7609E0009BDAB206499DF901
:10D3D40007305201D2B20B4483F8002300BF02B0DD
:10D3E400704700BF00ED00E000E100E084B0019070
:10D3F400244B0393019B002B40D0234B1A680399C1
:10D40400019B00BF00BF00BF00BF00BF00BF00BF43
:10D4140000BF8A422FD000BF00BF00BF00BF00BFC3
:10D4240000BF00BF00BF00BF00BF00BF00BF00BF00
:10D4340000BF00BF00BF00BF00BF00BF00BF00BFF0
:10D4440000BF00BF00BF00BF00BF00BF00BF00BFE0
:10D4540000BF00BF00BF00BF00BF00BF00BF00BFD0
:10D4640000BF00BF00BF00BF00BF00BF00BF00BFC0
:10D4740000BF00BF00BF013BC3D1019300BF04B094
:10D48400704700BF0024F400AC2C002000B583B02A
:10D494000190064A019BC2F8083507211120FFF7C5
:10D4A4007DFF00BF03B05DF804FB00BF0010014026
:10D4B40008B50D4B4FF48032C3F844230A4B4FF4A4
:10D4C4008032C3F804231120FFF750FF1120FFF727
:10D4D40007FF054B01221A602F20FFF787FF034B3C
:10D4E40001221A7000BF08BD00100140763C0020E4
:10D4F40008B51120FFF70AFF0E4B4FF48032C3F832
:10D5040048230C4B4FF48032C3F80823094B012203
:10D514005A602F20FFF76AFF064B01229A60064BE0
:10D5240000221A602F20FFF761FF044B00221A70BB
:10D5340000BF08BD00100140683C0020763C00207C
:10D54400024BD3F804351846704700BF0010014061
:10D5540082B001900091019A009BD31A23F07F437B
:10D56400184602B07047000082B00190034A019B44
:10D57400C2F8403500BF02B0704700BF0010014040
:10D5840086B00190284B1B68002B03D1264A019BCF
:10D59400136045E0019B1A68234B1B681B689A4281
:10D5A40010D8214B1B681968019B1A681E4B1B6815
:10D5B4008A1A1A601C4B1A68019BDA611A4A019B89
:10D5C40013602DE0019B1B680393174B1B680593A5
:10D5D400154B1B68049309E0049B1B68039AD31A38
:10D5E4000393049B0593049BDB690493049B002B26
:10D5F40004D0049B1B68039A9A42EDD8049B002B29
:10D6040005D0049B1A68039BD21A049B1A60019BE1
:10D61400039A1A60019B049ADA61059B019ADA6104
:10D6240000BF06B0704700BF643C002000B587B05F
:10D6340001902A4B1B680393284B1B680593059B99
:10D64400049308E0049A019B9A4208D0049B059332
:10D65400049BDB690493049B002BF3D100E000BF1F
:10D66400049B002B01D1002333E0059A049B9A42CA
:10D6740014D11A4B1B68DB69184A1360174B1B68DB
:10D68400002B0BD1164B01229A60164B00221A6014
:10D69400154B01221A702F20FFF7A8FE049B1B686C
:10D6A4000293049BDA69059BDA61059BDB690493A9
:10D6B400049B002B05D0049B1A68029B1A44049B0C
:10D6C4001A60064B1B68039A9A4214BF0123002375
:10D6D400DBB2184607B05DF804FB00BF643C0020D1
:10D6E40000100140683C0020773C002008B5112060
:10D6F400FFF724FE00BF08BD08B51420FFF71EFE87
:10D7040000BF08BD00B583B00190019B5B69019A1D
:10D7140092691046984700BF03B05DF804FB00000F
:10D7240000B585B02B4B1B68002B4ED00023019312
:10D73400FFF706FF0246284B1B6819461046FFF701
:10D7440007FF0290234B1B6803931DE0039B1B6898
:10D75400029A9A421CD3039B1B68029AD31A02931F
:10D76400039B1B68019A13440193039B0093039B3F
:10D77400DB690393009B1B7C002B05D0009B0022DC
:10D784001A740098FFF7BEFF039B002BDED100E064
:10D7940000BF124B1A78124B1B789A420CD1104BD3
:10D7A4001B780133DAB20E4B1A700D4B1B78022B27
:10D7B40002D10B4B00221A70094B1B781946094AF7
:10D7C400019B42F82130FFF797FF00BF05B05DF8D9
:10D7D40004FB00BF643C0020683C0020743C002033
:10D7E400753C00206C3C002082B00190184B1A78E4
:10D7F400184B1B789A4223D0154B1B780133DAB2AD
:10D80400134B1A70124B1B78022B02D1104B0022BF
:10D814001A700F4B1B781A460F4B53F82220019BAA
:10D824001A60019B1A680D4B1B6813440B4A136062
:10D834000A4B1B6823F07F43084A1360012303E06B
:10D84400019B00221A600023184602B0704700BFF3
:10D85400743C0020753C00206C3C0020683C002097
:10D8640088B00390029101920023079338E0204B83
:10D874001B680693069B1B68039A9A4206D2069B72
:10D884001A68039BD21A069B1A602EE0069B1B683B
:10D89400039AD31A0393069B1B68079A13440793AE
:10D8A400069B00221A60124B1B680593069BDB69DA
:10D8B4000F4A1360069BDB68002B11D0029A079B6A
:10D8C400134423F07F42069B5A60069BDA68069B4A
:10D8D4009A60019B1A68069BDA61019B059A1A609B
:10D8E400034B1B68002BC2D100BF00BF08B07047B8
:10D8F400643C002000B589B0019000238DF81F30EE
:10D90400664B1B680593AAE0019B002B05D0019B85
:10D914000693069BDB69019361E0614B1B781A4611
:10D9240013465B001344DB005D4A13440433049341
:10D934005B4B1B780133DAB2594B1A70584B1A7887
:10D94400574B9B789A4202D1554B00221A70049B84
:10D954005B680693049B1B78032B1ED0032B7EDC91
:10D96400012B1FD0022B7AD1049B5B681846FFF76A
:10D974005DFE0346002B02D001238DF81F30069B69
:10D9840000221A746BE0454B1B680393039B00222F
:10D994001A74039BDB69414A1360404B1B68002BDC
:10D9A400F1D15CE000BF069B1B7C002B00D056E04D
:10D9B400049B9A68069B5A60049BDA68069B9A60EB
:10D9C400049B1A69069BDA60049B5A69069B9A6158
:10D9D400344B1B78002B02D0069B00225A60069B16
:10D9E4005A68314B1B68D31A23F07F432F4A934262
:10D9F4000ED8069B5B682C4A126811461846FFF73E
:10DA0400A7FD0246069B9B681A44069B1A6017E012
:10DA1400254B1A68069B5B6819461046FFF798FD6C
:10DA24000290069B9B68029A9A4206D2069B9A68C9
:10DA3400029BD21A069B1A6002E0069B00221A601F
:10DA4400069B00225A60069B00229A60069B0122D4
:10DA54001A74069B0022DA610698FFF791FD019B78
:10DA6400002B7FF451AF0E4B1A780D4B5B789A4222
:10DA74007FF44AAF9DF81F30002B04D1074B1B687D
:10DA8400059A9A4201D0012300E0002303F0010328
:10DA9400DBB2184609B05DF804FB00BF643C00200B
:10DAA400583B0020773C0020683C0020FEFF7F00AC
:10DAB40010B588B00190274B1B68002B44D0254B30
:10DAC4001B681B680793FFF73BFD0690224B1B68FE
:10DAD400059305990698FFF73BFD0346033304932A
:10DAE4001E4B1B7883F00103DBB2002B01D0FFF740
:10DAF400DFFC049A079B934238BF1346059A1344EC
:10DB04000593059B23F07F4305930598FFF72CFDB0
:10DB1400FFF716FD039006990398FFF719FD0346D6
:10DB2400DC1C06990598FFF713FD03469C420DD9AA
:10DB3400FFF706FD03461846FFF716FD2F20FFF7F3
:10DB440055FCFFF7D3FD01E0FFF7D2FC00BF08B09E
:10DB540010BD00BF643C0020683C0020763C0020DF
:10DB640000B587B00023019300238DF81730194BBB
:10DB74001B680493184B1B6803936B461846FFF706
:10DB840033FE03468DF80B309DF80B30002B08D084
:10DB9400009B01AA04991846FFF762FE01238DF841
:10DBA4001730019B1846FFF7A5FE0346002B02D051
:10DBB40001238DF817309DF81730002B02D00398FD
:10DBC400FFF776FF054B00221A7000BF07B05DF81F
:10DBD40004FB00BF683C0020643C0020773C00202C
:10DBE40082B003468DF80730034A9DF8073053701E
:10DBF40000BF02B0704700BF583B002084B00190C2
:10DC0400144B5B7801338DF80F30124B9B789DF8E1
:10DC14000F209A4202D100238DF80F300D4B1B7850
:10DC24009DF80F209A4201D100230FE0019B9DF83B
:10DC34000F201A70074B5B781A4613465B00134497
:10DC4400DB00044A134404330293029B184604B0D5
:10DC5400704700BF583B002000B589B00390029183
:10DC6400019200930023079300238DF816300DF1E1
:10DC74001603184600F0EEF90DF117031846FFF7E6
:10DC8400BDFF0690069B002B02D10423079318E0E6
:10DC9400069B01221A70069B039A5A60FFF750FCF8
:10DCA4000246069B9A60069B029ADA60069B019ADA
:10DCB4001A61069B009A5A619DF817301846FFF7BF
:10DCC4008FFF9DF81630184600F0DAF9079B002BF9
:10DCD40001D1FFF711FD079B184609B05DF804FB5D
:10DCE40000B587B001900B468DF8033000230593EF
:10DCF40000238DF80E300DF10E03184600F0AAF93A
:10DD04000DF10F031846FFF779FF0490049B002BD5
:10DD140002D1042305930BE0049B9DF803201A70A1
:10DD2400049B019A5A609DF80F301846FFF758FF7C
:10DD34009DF80E30184600F0A3F9059B002B01D185
:10DD4400FFF7DAFC059B184607B05DF804FB0000FA
:10DD540008B50E4B0022C3F840210C4B0022C3F837
:10DD640044210A4B0022C3F84821084B0022C3F87F
:10DD74004C21064B0022C3F80021044B0022C3F8B7
:10DD84000421FFF7CDFC00BF08BD00BF0010014017
:10DD940008B5FFF7E5FE00BF08BD000008B5FFF7B2
:10DDA400A7FB134B00221A70114B00225A70104B20
:10DDB4000B229A700F4B00221A600F4B00221A702C
:10DDC4000E4B00221A701420FFF7D0FA07211420FA
:10DDD400FFF7E4FA1420FFF783FA0020FFF756FB5D
:10DDE400FFF7AEFB0346064A13600023184608BD3E
:10DDF400583B0020643C0020743C0020753C00200B
:10DE0400683C002086B003900B4601928DF80B30DD
:10DE1400134B9B78002B01D108231EE0019B002BA0
:10DE240001D1072319E0039B002B01D1072314E040
:10DE3400039B1B681B7C002B01D008230DE0039B74
:10DE44001B680593059B00221A74059B9DF80B2003
:10DE54005A74059B019A5A610023184606B070470C
:10DE6400583B002000B587B0039002910192039BB8
:10DE74000593144B9B78002B01D108231EE0039BD0
:10DE8400002B01D1082319E0029B042B01D807239E
:10DE940014E0059B5B69002B01D108230EE0059B70
:10DEA4005B7C012B01D1029B00E000230493019BC6
:10DEB400049A02990598FFF7CFFE0346184607B067
:10DEC4005DF804FB583B002000B585B00190019B30
:10DED40003930D4B9B78002B01D1082310E0019B89
:10DEE400002B03D0039B5B69002B01D1082307E0BF
:10DEF400039B00221A7402210398FFF7F1FE0346E4
:10DF0400184605B05DF804FB583B002000B585B009
:10DF140003468DF807309DF8073019461048FFF77F
:10DF2400AEF90390039B002B15D10E48FEF7F0FBCE
:10DF3400034683F00103DBB2002B0CD00A490848E6
:10DF4400FFF7B8F90346002B05D10122064905481D
:10DF5400FEF772FB0390039B184605B05DF804FBC3
:10DF64007C3C0020B02C0020783C002082B0EFF3F1
:10DF740010830093009B019372B600BF019B184667
:10DF840002B0704762B600BF00BF704700B585B0ED
:10DF94000190FFF7EBFF0390164B9B68002B1BD1FE
:10DFA400144B01229A60144BD3F88020134B134076
:10DFB400104A1360104B114AC3F880200E4BD3F85B
:10DFC40084300C4A53600C4B4FF0FF32C3F884206A
:10DFD400019B00221A7002E0019B01221A70039B2C
:10DFE400002B01D1FFF7CEFF0023184605B05DF8E2
:10DFF40004FB00BF8C3C002000E100E0FC06FFBDF8
:10E0040000B585B003468DF80730104B9B68002B94
:10E0140016D09DF80730002B12D1FFF7A7FF03900D
:10E024000B4A0A4B1B681360094A084B5B68536030
:10E03400064B00229A60039B002B01D1FFF7A2FF3D
:10E044000023184605B05DF804FB00BF8C3C00209B
:10E0540000E100E000B583B0019000F02BF8034626
:10E06400012B03D005494320F5F79CF90198FFF7EC
:10E074008DFF00BF03B05DF804FB00BF50C0030078
:10E0840000B583B003468DF8073000F013F803465B
:10E09400012B03D006495120F5F784F99DF8073088
:10E0A4001846FFF7ADFF00BF03B05DF804FB00BFE7
:10E0B40050C0030084B0EFF305830193019BC3F3C5
:10E0C40008030393039B002B0DD1EFF314830093F8
:10E0D400009B0293029B03F00103002B0CBF01235E
:10E0E4000023DBB200E00123184604B0704782B07D
:10E0F4000190019B03F00303002B0CBF01230023B9
:10E10400DBB2184602B0704710B487B0019000919A
:10E11400019B009A53E8004F44EA020043E80001DF
:10E1240091F0000FF6D1059404900391059B1846D5
:10E1340007B05DF8044B704710B487B001900091AC
:10E14400019B009A53E8004F04EB020043E80001EE
:10E1540091F0000FF6D1059404900391059B1846A5
:10E1640007B05DF8044B704710B487B0019000917C
:10E17400019B009A53E8004F04EB020043E80001BE
:10E1840091F0000FF6D1059404900391049B184676
:10E1940007B05DF8044B704710B487B0019000914C
:10E1A400019B009A53E8004FA4EB020043E80001EE
:10E1B40091F0000FF6D1059404900391049B184646
:10E1C40007B05DF8044B704700B583B0019001219E
:10E1D4000198FFF799FF0346184603B05DF804FB66
:10E1E40000B585B00190002303930EE00B4A039B16
:10E1F40052F82330002B05D0084A039B52F82330F1
:10E2040001989847039B01330393039B032BEDD998
:10E2140000BF00BF05B05DF804FB00BFA83C0020B0
:10E2240082B001900091019B1B78013B052B61D8C2
:10E2340001A252F823F000BF55E202005DE20200A1
:10E2440083E20200B5E20200D5E20200F1E202003C
:10E25400009B00221A704EE0009B01221A70019B61
:10E264001A89009B9A81019B9A88009BDA81019B01
:10E27400DA68009B9A60009B00221A743BE0009BC2
:10E2840002221A70019B1A89009B9A81019B9A8829
:10E29400009BDA81019BDA68009B9A60019B9B7D5D
:10E2A400062B0CBF01230023DAB2009B1A7422E070
:10E2B400009B03221A70019BDA88009B9A81019BC0
:10E2C4001A89009BDA81019BDA68009B9A6012E04C
:10E2D400009B04221A70019BDA88009B9A81009BA0
:10E2E4000022DA81009B00229A6004E0009B052250
:10E2F4001A7000E000BF00BF02B0704784B0019004
:10E304000091019B0393039A009B9A4206D2039BBC
:10E314001B68B3F1FF3F01D0012300E0002303F0A9
:10E324000103DBB2184604B0704782B00190019B30
:10E334005B8803339B00019A1344184602B070476C
:10E3440000B583B0019000910198FFF7EEFF0246FB
:10E35400009B934201D202230CE0019B9B884FF661
:10E36400FF72934203D0019B1B88002B01D1012330
:10E3740000E00023184603B05DF804FB00B583B049
:10E384000190019B002B13D00D4BDB681A46019BB7
:10E3940093420DD30A4B1B691A46019B934207D83B
:10E3A4000198FFF7A4FE0346002B01D0012300E0EF
:10E3B400002303F00103DBB2184603B05DF804FB4D
:10E3C400F82A002082B00190019B002B04D0019B0D
:10E3D4001B680B4A934201D003230DE0019B0433D5
:10E3E4001B68084A934204D0074A934203D101238D
:10E3F40002E0002300E00323184602B0704700BF88
:10E40400DEC0ADDEFE011EF1FF011EF184B00190FD
:10E41400002303930CE0039B9B00019A13441B68A5
:10E42400B3F1FF3F01D0002307E0039B01330393C3
:10E43400039BB3F5806FEED30123184604B07047F5
:10E4440082B003460A46ADF806301346ADF80430F0
:10E45400BDF80620134913469B0013449B000B444C
:10E4640008331A88BDF804301344ADF80430BDF8FD
:10E4740006200C4913469B0013449B000B440A33AB
:10E484001A88BDF804301344ADF80430BDF80430E4
:10E4940040F2FF32934294BF01230023DBB21846BB
:10E4A40002B07047583D002084B0019000910A23C7
:10E4B40003930023ADF80A3027E0BDF80A2017497A
:10E4C40013469B0013449B000B4404331B68009ABF
:10E4D4009A4215D9BDF80A20104913469B001344EB
:10E4E4009B000B4404331B6803F58053009A9A4243
:10E4F40006D200230393019BBDF80A201A8008E08A
:10E50400BDF80A300133ADF80A30BDF80A30012BEA
:10E51400D3D9039B184604B0704700BF583D002070
:10E5240000B589B0039002910192039B03F58053D7
:10E534000693039B08330393029B02221A80039BD6
:10E54400079332E006990798FFF7FAFE03468DF821
:10E5540017309DF81730002B0AD1079B9A68184B87
:10E564001B689A4213D9079B9B68154A13600EE0F7
:10E57400019B002B02D0019B01221A709DF81730D9
:10E58400022B04D1029B4FF480621A8014E0029B98
:10E594001A88079B5B8813449BB203339AB2029B8D
:10E5A4001A800798FFF7C1FE079006990798FFF7AE
:10E5B400A5FE0346002BC5D109B05DF804FB00BFDE
:10E5C400B83C002082B001900B46ADF80230019BAC
:10E5D4001A89BDF8023013449BB203339AB2019BEB
:10E5E4001A81019B5A89BDF80230D31A9BB2033BAE
:10E5F4009AB2019B5A8100BF02B0704700B583B044
:10E60400074B1B681946002300930823054A064854
:10E6140006F0F5FA0346184603B05DF804FB00BFA4
:10E62400803D0020F8C00300F82A002000B585B022
:10E6340003900399002300930823044A044806F036
:10E64400DEFA0346184605B05DF804FB00C103007A
:10E65400F82A002000B585B003460091ADF80630D5
:10E6640000238DF80F30BDF806300333ADF80A30BF
:10E67400BDF80A3040F2FD32934201D909234AE041
:10E684000023ADF80C303BE0BDF80C2024491346C0
:10E694009B0013449B000B441B78002B2BD1BDF82B
:10E6A4000A20BDF80C3011461846FFF7C9FE034690
:10E6B400002B20D001238DF80F30009BBDF80C20D7
:10E6C4001A80BDF80C20164913469B0013449B0086
:10E6D4000B440A331988BDF80C20BDF80A300B44EA
:10E6E40098B20F4913469B0013449B000B440A3312
:10E6F40002461A8008E0BDF80C300133ADF80C3046
:10E70400BDF80C30012BBFD99DF80F30002B01D080
:10E71400002300E00723184605B05DF804FB00BFA2
:10E72400583D002082B003460A46ADF80630134631
:10E73400ADF80430BDF804200D4913469B00134482
:10E744009B000B440A331A88BDF80630D31A9BB2D7
:10E75400BDF80420033B98B2054913469B001344BB
:10E764009B000B440A3302461A8000BF02B0704774
:10E77400583D002008B501210248FFF7F5FC034687
:10E78400184608BDB83C002000B585B0034600918A
:10E79400ADF80630BDF80620244913469B00134407
:10E7A4009B000B4404331B6803F580530293009BC6
:10E7B4001B680393039B002B04D00398FFF7B5FD5C
:10E7C400039026E0BDF80620184913469B00134425
:10E7D4009B000B4404331B680833039319E002992C
:10E7E4000398FFF7ADFD0346022B10D0022B10DC7B
:10E7F400002B02D0012B05D00BE0009B039A1A607A
:10E8040001230EE00398FFF790FD039001E000233D
:10E8140007E002990398FFF771FD0346002BDED150
:10E824000023184605B05DF804FB00BF583D0020E6
:10E8340000B585B001900091019B5B681846FFF715
:10E844009DFD0346002B19D0019B1A89244B1B897B
:10E854009A4213D1019B1A68019B5B689B689A4298
:10E864000CD1019B5B6819460098FFF71DFE034617
:10E87400002B0CBF01230023DBB22CE0009B002201
:10E884001A8023E00023029310E0029B0393039B6E
:10E894009A68019B1B689A4208D1029A019B5A60AC
:10E8A4000F4B1A89019B1A81012314E0009B1B88DA
:10E8B40002AA11461846FFF767FF0346002BE4D16E
:10E8C400009B1B8801339AB2009B1A80009B1B8813
:10E8D400012BD7D90023184605B05DF804FB00BF0F
:10E8E400883D002000B587B0039002910192009307
:10E8F400304B1B78DBB283F00103DBB2002B01D079
:10E90400022353E0019B002B02D0009B002B48D133
:10E9140005234BE0009B9B881946274A0B469B0026
:10E924000B449B0013441B78002B33D124E0009B41
:10E934001B680593039B002B06D0059B9A88039BB9
:10E944001B889A4200D017E0029B002B06D0059B3F
:10E954001A88029B1B889A4200D00DE0059B9A6896
:10E96400019B1A60009B1A68019B5A60134B1A8919
:10E97400019B1A81002319E0009B9B88009A114691
:10E984001846FFF701FF0346002BD0D1009B00225D
:10E994001A6000E000BF009B9B8801339AB2009B81
:10E9A4009A80009B9B88012BB4D90A23184607B090
:10E9B4005DF804FB983C0020583D0020883D002071
:10E9C40000B587B00291019200930346ADF80E3072
:10E9D400BDF80E20324913469B0013449B000B44A0
:10E9E40004331B6808330593BDF80E202C491346E5
:10E9F4009B0013449B000B4404331B6803F58053B2
:10EA0400049342E004990598FFF79AFC0346022B0D
:10EA140025D0022B38DC002B16D0012B34D1019BDE
:10EA24001B8801339AB2019B1A80009B1A88059BAC
:10EA34005B8813449BB203339AB2009B1A800598F7
:10EA4400FFF773FC059020E0029B1B8801339AB208
:10EA5400029B1A800598FFF768FC059015E0019B5E
:10EA64001B8801339AB2019B1A80009B1A8804996F
:10EA7400059BCB1A9B109BB213449AB2009B1A803D
:10EA8400089B01221A7007E000BF04990598FFF75C
:10EA940035FC0346002BB5D107B05DF804FB00BF7D
:10EAA400583D002000B585B00190084B01991846E7
:10EAB40001F054FB03901C22002103980BF0C4FDC9
:10EAC400039B184605B05DF804FB00BF483D0020D9
:10EAD40000B583B00190044B0199184601F055FB31
:10EAE40000BF03B05DF804FB483D002000B583B0CF
:10EAF4000190054B0199184601F05BFB034618464B
:10EB040003B05DF804FB00BF483D002000B583B0AE
:10EB14000190044B0199184601F062FB00BF03B059
:10EB24005DF804FB483D002008B50A4B1B68002B28
:10EB340004D1094940F27120F4F734FC012105485D
:10EB4400FFF72AFB0346002B14BF01230023DBB28B
:10EB5400184608BDA03C0020ACC0030000B587B037
:10EB6400002305930023ADF812300323ADF81030D1
:10EB740000238DF80F300023ADF80C30F3E0BDF81E
:10EB84000C301A03804BDB68134402930298FFF79E
:10EB940019FC03468DF807309DF80730032B08D085
:10EBA400032B00F3DA80002B65D0012B00F0988052
:10EBB400D3E00298FFF72AFC0346002B3BD0734BAB
:10EBC4001B68002B29D0BDF81220714913469B0005
:10EBD40013449B000B4402221A70BDF812206C49A6
:10EBE40013469B0013449B000B440433029A1A609F
:10EBF400BDF81220664913469B0013449B000B4446
:10EC0400083302221A80634ABDF812305380BDF8DB
:10EC140012300133ADF8123008E05C4A029B1360F5
:10EC24005A4B02229A8001238DF80F30059B43F042
:10EC34000103059392E0BDF81030013BADF81030AC
:10EC4400BDF81220524913469B0013449B000B4409
:10EC54000433029A1A60BDF812204D4913469B00F2
:10EC640013449B000B4403221A70BDF81230013385
:10EC7400ADF8123072E0BDF81220454913469B00EE
:10EC840013449B000B4400221A70BDF81220404923
:10EC940013469B0013449B000B440433029A1A60EE
:10ECA400BDF8122013469B0013449B000833384AD6
:10ECB4009918BDF8122013469B0013449B0010338F
:10ECC400334A13441A460298FFF72AFC059B43F083
:10ECD40002030593BDF812300133ADF812303DE064
:10ECE4009DF80F30002B25D0BDF81220284913467B
:10ECF4009B0013449B000B4402221A70BDF812209F
:10ED0400224B1968224813469B0013449B0003447A
:10ED140004331960BDF812201D4913469B001344A7
:10ED24009B000B44083302221A80BDF812300133D1
:10ED3400ADF81230154A029B13600022164902985E
:10ED4400FFF7EEFB114B9B88022B01D1042300E05B
:10ED54000823059A1343059300E000BFBDF80C3067
:10ED64000133ADF80C30BDF80C30022B7FF607AF41
:10ED7400BDF81030012B01D800230593059BDBB2AD
:10ED8400184607B05DF804FBF82A0020803D0020F7
:10ED9400583D0020883D0020843D002000B587B008
:10EDA40003900291039B02229A750299039B1A1DF8
:10EDB400002300930423074805F021FF0590059BD9
:10EDC400002B01D1002300E00E23184607B05DF8A4
:10EDD40004FB00BFF82A002000B587B0039002911D
:10EDE400039B1B69002B01D0032200E00122039B3B
:10EDF4009A75029B08331946039B03F10C02002306
:10EE040000930423064805F0FAFE0590059B002BA9
:10EE140001D1002300E00E23184607B05DF804FB7F
:10EE2400F82A002000B587B003900291039B1B7859
:10EE3400032B01D1052200E00622039B9A75029B55
:10EE440004331946039B03F10802002300930423AF
:10EE5400064805F0D4FE0590059B002B01D1002344
:10EE640000E00E23184607B05DF804FBF82A0020E2
:10EE740000B587B003900B46ADF80A300399002320
:10EE8400009304230C4A0D4805F0B9FE0590059B38
:10EE9400002B01D00E230BE0BDF80A2008491346CD
:10EEA4009B0013449B000B44103301221A7000236F
:10EEB400184607B05DF804FB08C10300F82A0020D7
:10EEC400583D002000B589B0019002AB00221A60C1
:10EED4005A609A60019BDB6802930DF1160202AB43
:10EEE40011461846FFF7A4FC0346002B12D0039BDF
:10EEF4000693069B9A88019BDA80069B1A88019BDD
:10EF04001A81039BBDF8162011461846FFF7B0FF7F
:10EF1400079001E00A230793079B184609B05DF8A0
:10EF240004FB000000B587B00190019B981D02AA64
:10EF34000D4B0021FFF7D6FC0590059B002B08D153
:10EF4400039B094A928811461846FFF791FF0590E2
:10EF540004E00822002104480BF076FB059B1846C8
:10EF640007B05DF804FB00BF983D002000B587B0F2
:10EF740003900291039B01229A75029B0C3318465D
:10EF8400039B1A69039BDB889B00002100910146C7
:10EF9400064805F034FE0590059B002B01D10023A3
:10EFA40000E00E23184607B05DF804FBF82A0020A1
:10EFB40082B0184B1B8901339AB2164B1A81154B38
:10EFC40000225A80134B00221A730023ADF8063036
:10EFD40018E0BDF80620104913469B0013449B001B
:10EFE4000B441A78BDF80630002A0CBF0122002217
:10EFF400D1B2084A13440A469A72BDF80630013366
:10F00400ADF80630BDF80630012BE2D900BF00BFD1
:10F0140002B07047883D0020583D002084B0019024
:10F0240000238DF80F300023ADF80C3031E0BDF82B
:10F034000C301C4A13449B7A002B25D0BDF80C30AD
:10F04400184A134400229A72BDF80C20164913463C
:10F054009B0013449B000B440C331B68002B13D1FF
:10F06400BDF80C20104913469B0013449B000B442D
:10F0740010331B78002B07D0019BBDF80C201A809D
:10F0840001238DF80F3008E0BDF80C300133ADF8E2
:10F094000C30BDF80C30012BC9D99DF80F3018463F
:10F0A40004B07047883D0020583D002008B5084B47
:10F0B40005221A70074B02229A80064B1B681946D8
:10F0C40000230122044805F0ECFD0346184608BD60
:10F0D400883D0020803D0020F82A002000B583B040
:10F0E400164B5B88ADF80230BDF802201449134674
:10F0F4009B0013449B000B440C331B68002B14D15E
:10F104000E4B04221A70BDF802200D4913469B00D1
:10F1140013449B000B4404331B681946002301224B
:10F12400084805F0BEFD019002E0FFF7BFFF019023
:10F13400019B184603B05DF804FB00BF883D002026
:10F14400583D0020F82A002000B587B0104B5B68BA
:10F154000593104B1A680F4B9B889B001344049330
:10F16400059B5B880333ADF80E30094B03221A70FC
:10F174000499074B5A68BDF80E309B00002000909C
:10F18400054805F03CFD0346184607B05DF804FB4E
:10F19400883D0020803D0020F82A002000B583B07F
:10F1A4000A4B5B880A491846FFF7EEFA0346002B20
:10F1B40003D0FFF7C9FF019002E0FFF78FFF019032
:10F1C400019B184603B05DF804FB00BF883D002096
:10F1D4008C3D002008B50A4B06221A70084B5B8848
:10F1E4001946084A0B469B000B449B001344043306
:10F1F4001B681846FFF71AFA0346184608BD00BFF5
:10F20400883D0020583D002008B5054B07221A70A0
:10F21400034B00225A60FFF7F1F90346184608BD74
:10F22400883D002008B50D48FFF7F8FE034683F03B
:10F234000103DBB2002B0BD0094B00221A70084BE0
:10F2440000225A80064B00225A6041F61D5302E008
:10F25400FFF7A4FF0346184608BD00BF8A3D0020FF
:10F26400883D002082B0094B5B680193019B5B8859
:10F274000333ADF80230064B9A88BDF802301344CC
:10F284009AB2034B9A8000BF02B07047883D0020B9
:10F29400803D002082B0184B1B680193174B5B889C
:10F2A4001946174A0B469B000B449B001344043336
:10F2B4001B68114A1360114B5B881946104A0B46B0
:10F2C4009B000B449B0013440433019A1A600B4BBC
:10F2D4005B881946084B9888094A0B469B000B44E7
:10F2E4009B001344083302461A80034B02229A807F
:10F2F40000BF02B0704700BF803D0020883D002061
:10F30400583D002008B51A4B1B78072B2CD801A2B6
:10F3140052F823F039F302006DF302006DF302009A
:10F3240045F3020051F302005DF302005DF30200B5
:10F3340065F30200FFF73CFE0D4B01221A7014E046
:10F34400FFF790FF0A4B02221A700EE0FFF7A2FFAC
:10F35400074B06221A7008E0054B07221A7004E0D6
:10F36400034B01221A7000E000BF00BF08BD00BFBC
:10F37400883D002000B587B0019000910F230593CC
:10F38400019B002B04D0624B00225A600123BBE096
:10F39400009B1B79032B00F2AB8001A252F823F0EF
:10F3A400B5F30200C3F3020051F4020071F4020049
:10F3B400009B01221A71FFF721F905909BE00023BD
:10F3C4008DF813300023ADF810302BE0BDF8102079
:10F3D400504913469B0013449B000B441B78022B9B
:10F3E4001BD1BDF810204B4913469B0013449B00CE
:10F3F4000B4400221A7001238DF81330BDF810203D
:10F40400444913469B0013449B000B4404331B687C
:10F414001846FFF70BF9059008E0BDF810300133EA
:10F42400ADF81030BDF81030012BCFD99DF8133052
:10F4340083F00103DBB2002B5CD0354B01221A7040
:10F44400334B00225A6041F61D535DE0009B0022BD
:10F454001A71314B02229A802F4B1B6819460023E4
:10F4640001222E4805F01DFC059044E0009B00227B
:10F474001A71294B1B681846FFF7D8F80590284BDA
:10F484005B88ADF80E30244B1B680293BDF80E2048
:10F49400204913469B0013449B000B4404331B6810
:10F4A4001D4A1360BDF80E201A4913469B001344ED
:10F4B4009B000B440433029A1A60BDF80E20164BCD
:10F4C4009888144913469B0013449B000B4408334B
:10F4D40002461A80104B02229A80BDF80E200D4974
:10F4E40013469B0013449B000B4400221A7002E055
:10F4F40000BF00E000BF059B002B04D0044B00229A
:10F504005A600E2300E00023184607B05DF804FBA0
:10F51400983C0020583D0020803D0020F82A00201F
:10F52400883D002000B587B001900091009B9B8A24
:10F534001A4613469B0013449B003C4A134404930D
:10F54400019B002B07D0009BDB8819460498FFF72A
:10F5540039F8012365E0049B5A68049B1B899B00CE
:10F5640013440393009B9B7D062B4DD801A252F8B4
:10F5740023F000BFBBF50200DFF50200C7F502006F
:10F58400D3F5020095F50200EBF5020005F6020042
:10F59400274B00225A60009B9B69254A136025492A
:10F5A4002348FFF745F9034683F00103DBB2002B40
:10F5B40001D00A2335E003990098FFF7EFFB05908B
:10F5C40025E003990098FFF707FC05901FE00399D5
:10F5D4000098FFF7CBFC059019E003990098FFF71A
:10F5E40021FC059013E0009B06229A75104B5B6882
:10F5F400104A128811461846FFF73AFC059006E0B7
:10F6040041F61D53059302E00F23059300BF059BAC
:10F61400002B05D0009BDB8819460498FEF7D2FF27
:10F62400059B184607B05DF804FB00BF583D002059
:10F63400A03D0020AC3D002000B585B001900091B4
:10F64400019B002B01D0012326E0009B1B79022B98
:10F6540019D0022B1BDC002B02D0012B08D016E0A2
:10F66400009B02221A710098FFF72CFC039012E011
:10F674000098FFF757FC0390039B0A2B0AD141F62D
:10F684001D53039306E041F61D53039303E00F2338
:10F69400039300E000BF039B184605B05DF804FB2C
:10F6A40000B585B00190019B002B01D001233BE004
:10F6B4001F4B1B7B002B03D01D4B00221A7301E050
:10F6C400FFF720FE1A4B1B78013B062B28D801A21A
:10F6D40052F823F0F5F60200FDF6020005F70200E9
:10F6E4000DF7020025F7020015F702001DF70200CE
:10F6F400FFF798FD039016E0FFF750FD039012E02A
:10F70400FFF722FD03900EE0FFF7E8FC03900AE008
:10F71400FFF760FD039006E0FFF776FD039002E03B
:10F724000F23039300BF039B184605B05DF804FB49
:10F73400883D002000B589B001903F4B1B68002B29
:10F7440005D13E48FFF7D2F903463B4A13603A4BD2
:10F754001B68002B04D13A4940F27950F3F722FE9A
:10F76400354B1B681B78013B052B2CD801A252F8A2
:10F7740023F000BF91F70200A1F70200A1F70200F5
:10F78400B1F70200B1F70200C1F702002A4B1B686F
:10F7940019460198FFF7EEFD019017E0264B1B6810
:10F7A40019460198FFF7BEFE01900FE0224B1B683B
:10F7B40019460198FFF740FF019007E00198FFF711
:10F7C4006FFF019002E00F23019300BF019B002B08
:10F7D4002BD003AB1422002118460AF035FF019BFD
:10F7E40041F61D52934204D1002304930023019354
:10F7F40001E0019B0493104B1B6803AA11461846B1
:10F80400FEF70EFD03AB1846FEF7EAFC0A4B002296
:10F814001A600A48FFF77AF9FFF786F9034683F07E
:10F824000103DBB2002B02D187E700BF00E000BF79
:10F8340000BF09B05DF804FBB03D0020B43D0020DA
:10F84400ACC0030008B501210548FEF775FC03466A
:10F85400002B02D10020FFF76DFF00BF08BD00BFE1
:10F86400A03C002000B583B00190019B5B68184662
:10F87400FFF760FF00BF03B05DF804FB00B58BB079
:10F884000390029101928DF803300023ADF82430E7
:10F894000023ADF82630514B1B78DBB283F0010313
:10F8A400DBB2002B01D0022393E0029B002B01D199
:10F8B40005238EE0029B1B884FF6FF72934203D010
:10F8C400029B5B88002B01D1042382E0029B5B68CE
:10F8D4001846FEF70CFC034683F00103DBB2002B51
:10F8E40001D0032375E0019B002B11D1029B9B687F
:10F8F400ADF826300DF11A02BDF82630114618462F
:10F90400FEF7A8FE0890089B002B09D0089B60E036
:10F91400019B1B88ADF81A30019B5B88ADF826303B
:10F9240005AB1846FFF7BEF80790079B002B09D1DB
:10F93400BDF81A20BDF8263011461846FEF7F2FE2F
:10F94400082346E0079B9DF803201A70079B0022BA
:10F954009A75BDF81A20079B9A82029B5A68079BE6
:10F964001A61FEF707FF0246079BDA60029B1A88BA
:10F97400079B1A81029B5A88079B9A80079BBDF8B4
:10F984002620DA809DF80330032B06D1079B04223E
:10F994009A75039B1A68079B9A61079BBDF82420FC
:10F9A4005A8105AB1846FFF793F8039B002B0DD043
:10F9B400039B00225A60079BDA68039B1A60039B2F
:10F9C40000229A72064B1A89039B1A81FFF73AFFA9
:10F9D400002318460BB05DF804FB00BF983C0020E0
:10F9E400883D002000B585B001900C4B1B68042BAA
:10F9F40002D10C2303930BE0084B1B680849019ABE
:10FA040041F8232001210548FEF7AEFB00230393B0
:10FA1400039B184605B05DF804FB00BFA43C00201E
:10FA2400A83C002084B04FF010235B6903934FF08F
:10FA340080531B6902934FF080535B690193039BCE
:10FA4400B3F1FF3F04D1019B029A02FB03F300E0F0
:10FA5400039B184604B0704700B583B04FF440537D
:10FA64000193FFF7DFFF0346054A1361044B1A694C
:10FA7400019BD31A024AD36000BF03B05DF804FBB4
:10FA8400F82A002008B5FFF7E7FF002203490448DD
:10FA940005F09AF80346184608BD00BF18C90300CC
:10FAA400F82A002008B504481C238C22034900F0DE
:10FAB4000EFB00BF08BD00BF483D0020BC3C002039
:10FAC40000B58BB002AB00221A605A609A60DA600B
:10FAD4001A61414B1B78DBB2002B05D002AB1846F0
:10FAE400FEF77EFB002373E03C48FEF76DFB034604
:10FAF400002B01D000236BE0FFF7C4FF0990099BA2
:10FB0400002B01D0099B63E0FFF7CCFFFFF726F839
:10FB140003468DF823309DF82330062B07D0062B9F
:10FB240011DC002B01D0022B0DD10B2350E02A4B0A
:10FB340001221A70284B00225A6002AB1846FEF7C5
:10FB44004FFB002344E000BF01AB1846FEF7AAFFB9
:10FB54000790079B002B01D1082339E0079B012262
:10FB64001A709DF82330013B0A2B29D801A252F8C0
:10FB740023F000BFA5FB0200C5FB0200A5FB0200A9
:10FB8400C5FB0200BDFB0200C5FB0200BDFB020079
:10FB9400C5FB0200ADFB0200B5FB0200ADFB020099
:10FBA400079B00221A710CE0079B03221A7108E0DC
:10FBB400079B02221A7104E0079B01221A7100E0DC
:10FBC40000BF01AB1846FEF783FFFFF73BFE00239F
:10FBD40018460BB05DF804FB983C00209C3C0020C8
:10FBE40000B585B001900091019B002B02D0009BD1
:10FBF400002B01D1052329E00DF10A0319460198D0
:10FC0400FEF716FE0346002B1FD0019B5B6803938F
:10FC1400BDF80A301A4613469B0013449B00083370
:10FC24000C4A1344043301211846FEF79DFA009B45
:10FC3400039A1A60019B5B6803F10C02009B5A60F3
:10FC4400019B01229A72002300E00A23184605B0A2
:10FC54005DF804FB583D002000B585B00190019B80
:10FC6400002B01D1052339E00DF10A03194601984F
:10FC7400FEF7DEFD0346002B2DD0BDF80A301946F1
:10FC8400184A0B469B000B449B0013440C331B681F
:10FC9400002B1DD0019B9B7A002B19D0BDF80A3094
:10FCA4001A46104913469B0013449B000B440C3323
:10FCB4001B68591E0B4813469B0013449B000344C6
:10FCC4000C331960019B00229A720023039304E011
:10FCD4000623039301E00A230393039B184605B00C
:10FCE4005DF804FB583D002000B583B001900091FD
:10FCF4000223002200990198FFF7C0FD034618462D
:10FD040003B05DF804FB00B583B001900091019B42
:10FD1400002B01D1052306E003230022009901985A
:10FD2400FFF7ACFD0346184603B05DF804FB000082
:10FD340000B585B00190174B1B78DBB283F001034B
:10FD4400DBB2002B01D002231FE0019B002B01D169
:10FD540005231AE002AB1846FEF7A4FE0390039BAA
:10FD6400002B01D1082310E0039B04221A70039B8B
:10FD740000221A71019B1A68039BDA6002AB1846D1
:10FD8400FEF7A6FEFFF75EFD0023184605B05DF8FA
:10FD940004FB00BF983C002000B583B0144B1B78D3
:10FDA400DBB283F00103DBB2002B01D002231AE0A3
:10FDB4006B461846FEF776FE0190019B002B01D19D
:10FDC400082310E0019B06221A706B461846FEF7C2
:10FDD4007FFE084B1B78002B02D0064B01221A73BE
:10FDE400FFF730FD0023184603B05DF804FB00BFA5
:10FDF400983C0020883D002000B583B0019000911C
:10FE0400009B019A00210020FEF76CFD0346184672
:10FE140003B05DF804FB00B585B00292019303467C
:10FE2400ADF80E300B46ADF80C3003A90DF10E0001
:10FE3400019B029AFEF756FD0346184605B05DF88D
:10FE440004FB000010B586B003904FF48063ADF856
:10FE540014300023ADF812304E4B1B78DBB283F024
:10FE64000103DBB2002B01D0022390E0039B002BA3
:10FE740001D105238BE01222002103980AF0E4FB50
:10FE8400039B03221A800023ADF816307AE0BDF8F4
:10FE94001620414913469B0013449B000B4408332E
:10FEA4001988BDF816203C4813469B0013449B0058
:10FEB40003440A331B880B44ADF81030BDF81620F8
:10FEC400354913469B0013449B000B4404331B68C1
:10FED4001846FEF777FA0346032B05D1039B1B88CC
:10FEE400013B9AB2039B1A80BDF816202A49134697
:10FEF4009B0013449B000B440C331968039B5A88E2
:10FF04008BB213449AB2039B5A80039B1989BDF8A0
:10FF14001620214813469B0013449B0003440A33D4
:10FF24001B880B449AB2039B1A81039B5A89BDF820
:10FF3400103013449AB2039B5A81BDF81420BDF8C3
:10FF44001030D31AADF81230039B9B89BDF81220F0
:10FF54009A4203D9039BBDF812209A81039B191D71
:10FF6400039B9A1D039B03F10E04039B1033BDF8FE
:10FF7400160000932346FEF723FDBDF81630013327
:10FF8400ADF81630BDF81630012B80D90023184681
:10FF940006B010BD983C0020583D002086B001906A
:10FFA4000091019B53E8011F8AB2D88902449889C1
:10FFB400824228BF121A1889824202BFBFF32F8FD0
:10FFC400002307E0C2EA010243E801200028E9D146
:10FFD4004FF001038DF80F30059002910492029ABC
:10FFE400009B1A609DF80F30DBB2184606B07047CC
:0CFFF40084B00190019951E8013FC3EA7C
:020000023000CC
:10000000034341E80132002AF7D10392029300BF73
:1000100004B0704786B001900091019B53E8021F25
:100020001FFAA1F2D888824202BFBFF32F8F0023AC
:100030000DE0D88902449889824228BF121AC1EA89
:10004000024243E802200028E8D14FF001038DF876
:100050000F30059002910492029A009B1A609DF85D
:100060000F30DBB2184606B0704784B0019001999A
:1000700051E8023FC3EA234341E80232002AF7D1A4
:100080000392029300BF04B0704786B00190019BB9
:1000900053E8021FDA88B1EB314F4FF0000017BF71
:1000A00089B242EA024241EA024204E05968B1EBF5
:1000B000314F08BF012043E802210029E8D18DF823
:1000C0000F00059104929DF80F30DBB2184606B080
:1000D000704784B00390029111461A460B46ADF862
:1000E00006301346ADF80430029B002B01D10E23DD
:1000F0001FE0BDF80630BDF80420B3FBF2F101FBB0
:1001000002F29B1A9BB2002B01D0092311E0039B42
:10011000029A1A60039B00225A60039B00229A6095
:10012000039BBDF806209A81039BBDF80420DA8169
:100130000023184604B0704700B585B001900198BF
:10014000FFF7A3FF03468DF80F309DF80F30002B0B
:1001500001D0002300E01123184605B05DF804FB30
:1001600000B583B001900091009B19460198FFF7FC
:1001700017FF0346002B05D0019B1B68009A1288CD
:10018000134400E00023184603B05DF804FB00B5FB
:1001900083B001900091009B1A88009B5B889A4273
:1001A00004D10198FFF726FF012300E00023184641
:1001B00003B05DF804FB00B583B001900091009B93
:1001C00019460198FFF726FF0346002B05D0019B37
:1001D0001B68009A5288134400E00023184603B0BD
:1001E0005DF804FB00B583B001900091009B1A8874
:1001F000009B5B889A4204D10198FFF736FF0123E8
:1002000000E00023184603B05DF804FB00B583B09E
:1002100001900B468DF80330019B002B03D1084958
:10022000AF20F3F7C1F8019BDA689DF8033001991C
:10023000098A01FB03F31344184603B05DF804FB7D
:1002400014C1030000B583B001900091019B002B05
:1002500003D10849BC20F3F7A7F8009B019AD268A4
:100260009B1A019A128AB3FBF2F3DBB2184603B071
:100270005DF804FB14C1030000B585B00190019B3B
:10028000002B01D10E2348E0019B1B68002B03D1FA
:100290002449C620F3F788F8019B5B68002B03D143
:1002A0002049C720F3F780F8019B9B68002B03D1FE
:1002B0001C49C820F3F778F8019BDB68002B03D1B9
:1002C0001849C920F3F770F8019B1B8A002B03D152
:1002D0001449CA20F3F768F8019B9A68019B5B6890
:1002E000D31A8DF80F30019B1B68019A52681A606F
:1002F00007E0019B1A681368591C11609DF80F20D4
:100300001A709DF80F305A1E8DF80F20002BF0D177
:10031000019B1B6800221A710023184605B05DF886
:1003200004FB00BF14C1030000B585B00190019B20
:10033000002B03D11F49EC20F3F736F80023039379
:1003400000238DF80A300DF10A031846FDF784FEEC
:10035000019B1B681A68019B5B689A421FD9019B2D
:100360001B681A68013A1A601B681B7819460198C5
:10037000FFF74CFF0390019B9A68019B1B681B6869
:10038000D31A8DF80B30019B1B681B799DF80B204D
:100390009A4204D9019B1B689DF80B201A719DF8A5
:1003A0000A301846FDF76EFE039B184605B05DF84F
:1003B00004FB00BF14C1030010B584B0019000918C
:1003C000019B002B04D115494FF48870F2F7ECFF24
:1003D000009B002B04D1114940F21110F2F7E4FF09
:1003E000009B039300238DF80B300DF10B0318468F
:1003F000FDF732FE019B1B681C68621C1A600399A2
:100400000198FFF71FFF034623709DF80B30184635
:10041000FDF738FE00BF04B010BD00BF14C10300DB
:1004200082B00190019B01225A7200BF02B0704756
:1004300082B00190019B9B6893F83D31C3F3400368
:10044000DBB2002B14BF01230023DBB2184602B03D
:100450007047000084B00190244B0393019B002B54
:1004600040D0234B1A680399019B00BF00BF00BF17
:1004700000BF00BF00BF00BF00BF8A422FD000BF37
:1004800000BF00BF00BF00BF00BF00BF00BF00BF74
:1004900000BF00BF00BF00BF00BF00BF00BF00BF64
:1004A00000BF00BF00BF00BF00BF00BF00BF00BF54
:1004B00000BF00BF00BF00BF00BF00BF00BF00BF44
:1004C00000BF00BF00BF00BF00BF00BF00BF00BF34
:1004D00000BF00BF00BF00BF00BF00BF00BF013BA7
:1004E000C3D1019300BF04B0704700BF0024F400E3
:1004F000AC2C002000B583B00190019B002B04D0F0
:10050000019809F0B1FF034600E00023184603B04C
:100510005DF804FB10B582B00190019B9B68DB7C09
:100520001C46019B1B681846FFF7E4FF0346234463
:10053000019A9268527BB3FBF2F101FB02F29B1A23
:10054000002B0CBF01230023DBB2184602B010BD04
:1005500010B582B00190019B9B689B7C1C46019B5F
:100560001B681846FFF7C6FF03462344019A9268AA
:10057000527BB3FBF2F101FB02F29B1A002B0CBF82
:1005800001230023DBB2184602B010BD10B588B0BD
:100590000390029101920093039B002B02D0029BD7
:1005A000002B03D12B499120F2F7FEFE039B5B68E1
:1005B0001B68002B03D127499220F2F7F5FE002398
:1005C00007933BE0039B5B681B68DC68039B5868F0
:1005D000029A079BD11805AB019AA0470690069B8B
:1005E000002B03D01B499C20F2F7DEFE059B019AED
:1005F0009A4203D217499D20F2F7D6FE059B079A2F
:1006000013440793059B019AD31A0193059B002B72
:1006100014D1039B9B681B78032B0FD000BF039B57
:100620009B6893F83C31DBB283F00103DBB2002B13
:10063000F5D1039B9B68002283F83C21019B002B92
:10064000C0D1009B002B02D0059A009B1A6000BF0E
:1006500008B010BD94C1030000B583B001900B46F3
:100660008DF80330019B1B699DF803200349184650
:1006700003F008FF00BF03B05DF804FBE4C1030012
:1006800010B586B00390029101920093039B002B5A
:1006900002D0029B002B03D10C49C020F2F784FE4C
:1006A000039B5B68002B03D10849C120F2F77CFE55
:1006B000039B5B681B681C69039B5868009B019A3D
:1006C0000299A047059000BF06B010BD94C1030079
:1006D00000B589B00390029101920093009B002B1A
:1006E00003D13A49D520F2F75FFE0A9B002B03D1D4
:1006F0003649D620F2F758FE029B002B34D1344AFB
:10070000344BD31ADB08019A9A4229D2002306936C
:10071000314B0593002307931BE0079BDB002D4A19
:1007200013440693019B9B00059A13441A68069B89
:100730005B681B681946104609F00AFF0346002B48
:1007400004D1069B5A68009B1A603CE0079B01336A
:1007500007931F4A1F4BD31ADB08079A9A42DCD330
:10076000009B00221A602EE0039B002B03D1009B0C
:1007700000221A6027E0039B1B78002B10D0039BFC
:100780005B680A99019898470A9B1B68002B03D164
:10079000009B00221A6016E0009B0A9A1A6012E081
:1007A000039B5A68019B1B0113441B68002B07D055
:1007B000039B5A68019B1B011A44009B1A6002E0CC
:1007C000009B00221A6009B05DF804FB94C103008D
:1007D00064A90300F4A803000C2B002000B585B029
:1007E0000190019B9B680393019B9B6808330293D4
:1007F000019B1B681846FFF77DFE0346DAB2029B99
:100800009A71039BDB7C1A46029B9B791344029AE4
:10081000527993FBF2F101FB02F29B1ADBB2013336
:10082000DAB2029B1A70039BDB7C1A46029B9B790F
:100830001344029A527993FBF2F3DBB20133DAB23A
:10084000029B9A70039B9B7C1A46029B9B791344E4
:10085000029A527993FBF2F3DBB20133DAB2029BD4
:10086000DA70039B9B7C1A46029B9B791344029A85
:10087000527993FBF2F101FB02F29B1ADBB20133D6
:10088000DAB2029B5A70029B184605B05DF804FB71
:1008900000B583B00190019B002B04D10C494FF4AB
:1008A0009D70F2F781FD019B1B69002B04D1084963
:1008B0004FF49D70F2F778FD019B1B69054A0649CC
:1008C000184603F0DFFD00BF03B05DF804FB00BF76
:1008D00094C10300B0C70300E8C1030000B583B0B2
:1008E0000190019B002B04D10C494FF4A070F2F74A
:1008F0005BFD019B1B69002B04D108494FF4A070DC
:10090000F2F752FD019B1B69054A0649184603F0A0
:10091000B9FD00BF03B05DF804FB00BF94C1030044
:10092000A4C70300E8C1030000B583B00190019B98
:10093000002B04D10C494FF4A370F2F735FD019B55
:100940001B69002B04D108494FF4A370F2F72CFD6A
:10095000019B1B69054A0649184603F093FD00BF39
:1009600003B05DF804FB00BF94C10300A8C70300F7
:10097000E8C1030000B583B00190019B002B04D1B6
:100980000C494FF4A670F2F70FFD019B1B69002B79
:1009900004D108494FF4A670F2F706FD019B1B69CC
:1009A000054A0649184603F06DFD00BF03B05DF827
:1009B00004FB00BF94C1030094C70300E8C1030017
:1009C00000B583B001900B468DF803309DF80330DD
:1009D000002B07D0019B1B699DF803200349184693
:1009E00003F050FD00BF03B05DF804FBECC1030051
:1009F00000B583B001900B468DF803309DF80330AD
:100A0000002B07D0019B1B699DF803200349184662
:100A100003F038FD00BF03B05DF804FBF4C1030030
:100A200000B583B001900B468DF803309DF803307C
:100A3000002B07D0019B1B699DF803200349184632
:100A400003F020FD00BF03B05DF804FBFCC1030010
:100A500000B583B001900B468DF803309DF803304C
:100A6000002B07D0019B1B699DF803200349184602
:100A700003F008FD00BF03B05DF804FB04C20300EF
:100A800000B585B00190019B9B68DA7C019B9B6857
:100A90009B7C9A4220D20198FFF7A0FE0390039B13
:100AA0009B788DF80B30019B9B68DA7C0132D2B2C7
:100AB000DA740198FFF792FE0390039B9B789DF8F0
:100AC0000B209A4204D101210198FFF791FF04E025
:100AD0000198FFF74FFF00E000BF05B05DF804FB91
:100AE00000B585B001900198FFF778FE0390039B55
:100AF0009A78039BDB789A420CBF012300238DF880
:100B00000B300198FFF706FD0346002B05D1019835
:100B1000FFF71EFD0346002B02D00198FFF72AFFC6
:100B20009DF80B30002B0AD0039B5A78039B1B784F
:100B3000D31ADBB219460198FFF742FF24E0039B6A
:100B4000DA78039B9B78D31ADBB219460198FFF73A
:100B500067FF039B1A78039B5B789A420AD9039B31
:100B60001A78039B5B78D31ADBB219460198FFF71A
:100B70003FFF09E0039B5A78039B1B78D31ADBB233
:100B800019460198FFF71CFF00BF05B05DF804FB94
:100B900000B585B001900198FFF720FE0390039BFC
:100BA0001B781A46039B9B7901339A4203D1039B1E
:100BB0009B78012B2FD0039B9B78012B07D9039B9C
:100BC0009B78013BDBB219460198FFF729FF039B95
:100BD0001A78039B9B799A420CD9039B1A78039B42
:100BE0009B79D31ADBB2013BDBB219460198FFF7C0
:100BF000E7FE0BE0039B9A79039B1B78D31ADBB2C9
:100C00000133DBB219460198FFF7F2FE019B9B68A6
:100C10000022DA7400E000BF05B05DF804FB00B507
:100C200085B001900198FFF7D9FD0390039B1A78D6
:100C3000039B5B789A4205D1039B9A78039BDB78F0
:100C40009A4231D0039BDA78039B9B789A4209D968
:100C5000039BDA78039B9B78D31ADBB21946019881
:100C6000FFF7F6FE039B1A78039B5B789A420AD93A
:100C7000039B1A78039B5B78D31ADBB21946019861
:100C8000FFF79EFE09E0039B5A78039B1B78D31A5B
:100C9000DBB219460198FFF7ABFE019B9A68019BF6
:100CA0009B68927CDA7400E000BF05B05DF804FB3D
:100CB00000B587B001900023ADF816300023ADF8E1
:100CC000143000238DF8133000238DF80B30019B76
:100CD0009B68943380220021184609F0B7FC019BE1
:100CE0001B697749184603F0CDFB019B1B69184629
:100CF00003F0A6FB0023ADF81030D5E003AB0DF1F7
:100D00000B0101220198FFF7BBFC039B002B04D1D0
:100D100040F2E730FFF79EFBBDE09DF80B301B2B48
:100D200006D0019B9B6893F894301B2B40F0B28057
:100D30009DF80B30522B40F09380019B9A689DF8F0
:100D400013301344002283F89420019B9B6893F88E
:100D500095305B2B06D0019B9B68002283F8942082
:100D60000B23A8E002238DF813301BE0BDF81430EC
:100D70001A46920013445B009AB2019B99689DF851
:100D80001330581C8DF813000B4493F8943013441F
:100D90009BB2303BADF814309DF91330002B01DAD3
:100DA0000C2388E0019B9A689DF81330134493F854
:100DB00094303B2BDAD19DF8133001338DF813308A
:100DC0009DF91330002B1DDA0C2374E0BDF81630AA
:100DD0001A46920013445B009AB2019B99689DF8F1
:100DE0001330581C8DF813000B4493F894301344BF
:100DF0009BB2303BADF816309DF91330002B01DA71
:100E00000C2358E0019B9A689DF81330134493F823
:100E10009430002BDAD1BDF81630FA2B04D9019B9F
:100E20009B68FA221A7205E0019B9B68BDF81620A8
:100E3000D2B21A72BDF81430FA2B04D9019B9B6808
:100E4000FA229A7205E0019B9B68BDF81420D2B289
:100E50009A72019B9B68002283F8942000232AE069
:100E6000019B9A689DF813309DF80B1013440A46B5
:100E700083F894209DF8133001338DF813309DF8DA
:100E80001330092B07D9019B9B68002283F894201B
:100E9000042310E000BF039B002B7FF42FAFBDF8AD
:100EA00010300133ADF81030BDF81030B3F57A7F53
:100EB000FFF424AF0D23184607B05DF804FB00BF14
:100EC00098C7030000B587B0039002910192029B7E
:100ED000002B04D12A4940F24F20F2F765FA019B1A
:100EE000002B04D126494FF41470F2F75DFA0398F1
:100EF000FFF7DEFE0346002B18D1039B9B681B7A8D
:100F0000ADF81630039B9B689B7AADF81430FA213C
:100F10000398FFF76DFDFA210398FFF799FD0398F9
:100F2000FFF7C6FE0346002B24D101E0062322E092
:100F3000039B9B681A7A029B1A70039B9B689A7AA0
:100F4000019B1A70029B1A78BDF81630DBB2D31AD7
:100F5000DBB219460398FFF733FD019B1A78BDF801
:100F60001430DBB2D31ADBB219460398FFF758FDF1
:100F7000002300E00623184607B05DF804FB00BF1D
:100F800094C1030000B585B001900B468DF8033085
:100F90009DF80330002B2ED0019B9B68DB7B9DF8D6
:100FA00003209A4234D01B238DF808305B238DF840
:100FB000093031238DF80A303B238DF80B30332371
:100FC0008DF80C309DF803302F33DBB28DF80D30E7
:100FD0006D238DF80E3000238DF80F30019B9B6838
:100FE0009DF80320DA73019B1B6902AA0A4918467F
:100FF00003F048FA0DE0019B9B689DF80320DA732B
:10100000019B1B69054A0449184603F03BFA00E0BE
:1010100000BF05B05DF804FBE8C10300A0C70300F2
:1010200000B585B001900B468DF803309DF8033074
:10103000002B29D0019B9B681B7C9DF803209A42C2
:1010400021D01B238DF808305B238DF80930342321
:101050008DF80A309DF803302F33DBB28DF80B305A
:101060006D238DF80C3000238DF80D30019B9B68AB
:101070009DF803201A74019B1B6902AA04491846B3
:1010800003F000FA00E000BF05B05DF804FB00BF0C
:10109000E8C1030082B001900091019B9B680F336F
:1010A0001B889AB2009B1A8000BF02B0704700B53F
:1010B00083B001900091009B1B7819460198FFF7BF
:1010C00061FF009B5B7819460198FFF7A9FF00BFFD
:1010D00003B05DF804FB00B585B001900198FFF7FF
:1010E0007DFB0390039B1B781A46039B9B7901337E
:1010F0009A4203D1039B9B78012B1FD0039B1B7843
:10110000012B10D101210198FFF78AFC039B5B7929
:1011100019460198FFF76CFC019B9B68DA7C013A49
:10112000D2B2DA740BE001210198FFF749FC019B70
:101130009B68DA7C013AD2B2DA7400E000BF05B0F5
:101140005DF804FB00B585B001900198FFF746FB00
:101150000390039B1A78039B5B789A4205D1039B0B
:101160009A78039BDB789A4221D0039B1A78039BE1
:101170005B799A4210D101210198FFF769FC039B2A
:101180005B7919460198FFF71BFC019B9B68DA7C91
:101190000132D2B2DA740BE001210198FFF728FC8A
:1011A000019B9B68DA7C0132D2B2DA7400E000BFA6
:1011B00005B05DF804FB82B001900B468DF803305A
:1011C000019B9B689B7C7E2B1BD8019B9968019B94
:1011D0009B68DA7C501CC0B2D87413460B449DF84F
:1011E00003201A75019B9B68019A9268D27C134474
:1011F00000221A75019B9B689A7C0132D2B29A74C4
:1012000000E000BF02B0704700B587B001900B4608
:101210008DF80330019B9B6893F83D31C3F30003C5
:10122000DBB2002B14BF012300238DF81730019B84
:101230009B689A7C019B9B68DB7CD31A8DF81630E7
:101240009DF8173083F00103DBB2002B20D0019B07
:101250009B689B7C7E2B00F2D9809DF81630002B7A
:1012600020D0019B9A68019B9B68DB7C0133103383
:101270001344181D019B9A68019B9B68DB7C10330B
:10128000134404339DF81620194609F098F809E034
:10129000019B9B689B7C7E2B04D99DF81630002B0C
:1012A00000F0B680019B9B68019A9268D27C13443F
:1012B0009DF803201A759DF8173083F00103DBB207
:1012C000002B0BD0019B9A68019B9B68997C013194
:1012D000C9B299749B7C134400221A759DF816308C
:1012E000002B41D00198FFF779FA0490049B9A787B
:1012F000049BDB789A420CBF012300238DF80F304A
:101300009DF80F30002B17D0019B9A68019B9B68BA
:10131000DB7C1033134404333F4A0821019801F069
:1013200027FE9DF817309DF81620D31ADBB2194618
:101330000198FFF745FB2DE00198FFF7CFFA019BDD
:101340009A68019B9B68DB7C103313440433324A58
:101350000821019801F00CFE0198FFF7E5FA012140
:101360000198FFF745FB15E09DF81730002B0BD0D7
:10137000019B9A68019B9B68997C0131C9B2997461
:101380009B7C134400221A759DF80330194601987E
:10139000FFF762F9019B9B68DA7C0132D2B2DA7402
:1013A0000198FFF7B7F80346002B03D00198FFF729
:1013B000E1FA2EE00198FFF7CBF80346002B28D086
:1013C0000198FFF70BFA0290029BDA78029B9B7858
:1013D000D31ADBB2013BDBB219460198FFF738FBA9
:1013E0000198FFF7C7FA029BDA78029B9B78D31A21
:1013F000DBB219460198FFF713FB029B1B78013BF8
:10140000DBB219460198FFF7F3FA02E000BF00E0F3
:1014100000BF07B05DF804FBE8C1030000B587B06A
:101420000190019B9B689B7C002B00F08180019BBD
:101430009B68DB7C002B7BD0019B9B689A7C019B8B
:101440009B68DB7CD31A8DF81730019B9A68019B4F
:101450009B68DB7C013B10331344181D019B9A6889
:10146000019B9B68DB7C10331344191D9DF81730DA
:1014700001331A4608F0A3FF019B9B68DA7C013A0E
:10148000D2B2DA74019B9B689A7C013AD2B29A7408
:101490009DF81730002B43D008210198FFF7DCF8A6
:1014A0000198FFF79BF90490049B9A78049BDB78E2
:1014B0009A420CBF012300238DF80F309DF80F30A6
:1014C000002B16D0019B9A68019B9B68DB7C103334
:1014D00013440433184A0821019801F049FD01988A
:1014E000FFF7D6F99DF8173019460198FFF768FA0B
:1014F0001FE00198FFF7F2F90198FFF7C9F9019B86
:101500009A68019B9B68DB7C1033134404330A4ABE
:101510000821019801F02CFD0198FFF705FA08E079
:10152000019B1B69054A0449184602F0ABFF00E025
:1015300000BF07B05DF804FBE8C10300ACC70300BF
:1015400000B587B00190019B9B689A7C019B9B68CA
:10155000DB7CD31A8DF817309DF81730002B75D02F
:10156000019B9A68019B9B68DB7C10331344181D18
:10157000019B9A68019B9B68DB7C01331033134409
:1015800004339DF81720194608F019FF019B9B684A
:101590009A7C013AD2B29A740198FFF71FF904902D
:1015A000049B9A78049BDB789A420CBF01230023AA
:1015B0008DF80F309DF80F30002B30D0019B9A68CA
:1015C000019B9B68DB7C103313440433214A0821C0
:1015D000019801F0CDFC019B002B04D11E4940F283
:1015E0009530F1F7E1FE019B1B69002B04D11A49EC
:1015F00040F29530F1F7D8FE019B1B69174A154957
:10160000184602F03FFF9DF81730013B8DF8173068
:101610009DF8173019460198FFF7D2F917E00198A5
:10162000FFF75CF90198FFF733F9019B9A68019B7A
:101630009B68DB7C103313440433064A082101986D
:1016400001F096FC0198FFF76FF900E000BF07B0CA
:101650005DF804FBE8C1030094C10300B4C70300B4
:1016600010B586B00390029101928DF803300023EB
:101670008DF81730039B00221A60019B1B788DF8B0
:1016800011309DF81130002B00F06C819DF8113065
:10169000184609F068F80346002B05D0019B5A1C38
:1016A000019200221A7055E1039B1B68591C039A92
:1016B00011609B00029A1344019A1A6000238DF86E
:1016C0001730019B1B788DF811309DF81130002BDD
:1016D00000F03D819DF81730002B2AD19DF8113084
:1016E0005C2B06D05C2B23DC222B11D0272B0FD0B8
:1016F0001EE0019B5C1C0198FEF7FCFE03461A46A7
:101700002146019808F05BFE019B013301931DE126
:10171000019B5C1C0198FEF7EDFE03461A4621462C
:10172000019808F04CFE9DF811308DF817300DE14E
:1017300000BF9DF817209DF811309A420ED1019BF1
:101740005C1C0198FEF7D6FE03461A462146019816
:1017500008F035FE00238DF81730F7E09DF81730BC
:10176000002B00F0E4809DF811305C2B40F0DF800E
:10177000019B5B788DF816309DF816209DF8173088
:101780009A420ED1019B5C1C0198FEF7B3FE034602
:101790001A462146019808F012FE019B013301937D
:1017A000D4E09DF81630302B48D100238DF814304A
:1017B00002238DF8153020E09DF81530019A13446E
:1017C0001B788DF816309DF816302F2B19D99DF8FF
:1017D0001630372B15D89DF91430DB005AB29DF81E
:1017E0001630303BDBB25BB213435BB28DF8143082
:1017F0009DF8153001338DF815309DF81530042B08
:10180000DAD99DF81530022B18D99DF81530013B17
:10181000019AD4180198FEF76DFE02469DF8153026
:10182000D31A02331A462146019808F0C8FD019BDD
:101830005A1C01929DF814201A7087E09DF816300A
:10184000782B74D100238DF8123002238DF81330D9
:101850004CE09DF81330019A13441B788DF8163034
:101860009DF816302F2B11D99DF81630392B0DD835
:101870009DF912301B015AB29DF81630303BDBB295
:101880005BB213435BB28DF812302AE09DF816303C
:10189000602B11D99DF81630662B0DD89DF91230AA
:1018A0001B015AB29DF81630573BDBB25BB21343B3
:1018B0005BB28DF8123014E09DF81630402B19D928
:1018C0009DF81630462B15D89DF912301B015AB2DF
:1018D0009DF81630373BDBB25BB213435BB28DF839
:1018E00012309DF8133001338DF813309DF813300A
:1018F000032BAED99DF81330022B18D99DF8133065
:10190000013B019AD4180198FEF7F4FD02469DF8B8
:101910001330D31A02331A462146019808F04FFDBE
:10192000019B5A1C01929DF812201A700EE09DF83E
:101930001730002B07D19DF81130184608F013FF1F
:101940000346002B05D1019B01330193B9E600BF8B
:1019500000E000BF039B1A689DF803309A42FFF431
:101960008CAE00E000BF039B1B680C2B04D9084918
:101970004FF48660F1F718FD039B1B689B00029AE9
:10198000134400221A609DF81730184606B010BDA7
:1019900094C1030000B583B001900B468DF803306D
:1019A000019B9B689DF803201A709DF80330022B61
:1019B00012D1019B9B6800221A75019B9B68002233
:1019C000DA74019B9B6800229A74019B1B68044A8D
:1019D0000321019801F0CCFA00BF03B05DF804FBCD
:1019E000E8C1030082B00190019B9B680022C3F80C
:1019F000382100BF02B0704700B587B001900B4698
:101A00008DF80330002303930023049300238DF803
:101A1000143000238DF816309DF8033083F0010355
:101A2000DBB2002B49D0019B9B68D3F83831002BE7
:101A300000F0E1800198FFF7ABF8019B9B68D3F8B9
:101A4000380103A90023092203F070FE019B9B6863
:101A5000049AC3F83821019B9B689B7C8DF8173052
:101A6000019B9B68D3F83831002B7AD1019B9B688E
:101A700094331846FEF73EFD0346002B0BD0019B26
:101A80009B6803F11402019B9B689433194610462E
:101A900008F092FD03E0019B9B6800221A75019BF0
:101AA0009B6814331846FEF725FD0346DBB28DF81C
:101AB000143001238DF8163053E0019B9B68D3F856
:101AC0003821019B9B68D3F834319A4200F095800D
:101AD000019B9B68D3F83031002B00F08E80019879
:101AE000FFF756F8019B9B68D3F83831002B26D1BD
:101AF000019B9B6814331846FEF7FCFC03468DF8E7
:101B00001730019B9A68019B9B68D2F83021C3F87B
:101B100038219DF81730002B0BD0019B9B6803F1F7
:101B20009402019B9B6814331946104608F044FD4B
:101B300017E0019B9B68002283F8942011E0019B31
:101B40009B68D3F8380103A90023092203F0EEFDB6
:101B50009DF814308DF81730019B9B68039AC3F8E9
:101B600038219DF8163083F00103DBB2002B17D02B
:101B7000019B9B68D3F8380103A90023092203F0D5
:101B8000D5FD019B9B68D3F83801019B9B6803F14D
:101B900014019DF8143001331A46092303F0C6FDE1
:101BA000019B9B689DF81420DA74019B9B689DF84B
:101BB00014209A749DF814309DF817209A4202D987
:101BC0000198FEF765FE019B9B6814330D4A0821BE
:101BD000019801F0CDF90198FEF79CFC0346002B1B
:101BE00005D10198FEF7B4FC0346002B06D00198FE
:101BF000FEF7C0FE02E000BF00E000BF07B05DF8E6
:101C000004FB00BFE8C1030000B587B0019000915C
:101C1000009B002B04D12D4940F2B240F1F7C4FBE8
:101C2000019B9B68D3F83031002B13D1019B9B683B
:101C3000009AC3F83021019B9B68009AC3F83421B5
:101C40000023039300230493019B9B689B7C8DF8E6
:101C5000143024E0019B9B68D3F8300103A90023D2
:101C6000092203F063FD009B0493019B9B68D3F85A
:101C7000300103A90023092203F046FD0023049349
:101C8000019B9B68D3F830310393019B9B689B7C3D
:101C90008DF81430019B9B68009AC3F8302103A98A
:101CA00000230922009803F02FFD019B9B6803F19C
:101CB0001401019B9B689B7C01331A460923009801
:101CC00003F022FD00BF07B05DF804FB94C10300E0
:101CD00000B587B00190019B9B68D3F83431002B8D
:101CE0003FD0019B9B68D3F83431059302A90023B0
:101CF0000922059803F01AFD019B9B68039AC3F81B
:101D0000342102AB09220021184608F09FFC02A9E9
:101D100000230922059803F0F7FC059803F00EFC58
:101D2000019B9B68D3F83431002B05D1019B9B6844
:101D30000022C3F8302115E0019B9B68D3F83401E1
:101D400002A90023092203F0F1FC00230293019B66
:101D50009B68D3F8340102A90023092203F0D4FCC4
:101D600000E000BF07B05DF804FB00B589B001904A
:101D7000019B9B6814331846FEF7BCFB03468DF8A5
:101D80001B300198FFF72EFE9DF81B30002B5BD017
:101D9000019B9B68D3F83031002B36D0019B9B68A8
:101DA000D3F8300102A90023092203F0BFFC9DF8FB
:101DB00010309DF81B209A4227D1019B9B68D3F8D5
:101DC0003001019B9B6803F194019DF810300133B1
:101DD0001A46092303F0AAFC019B9B6803F1140235
:101DE000019B9B6894331946104608F0B1FB0346EB
:101DF000002B05D1019B9B68002283F8942024E0EE
:101E0000019B9B68002283F894200023079317E02E
:101E1000019B5A699DF81B300A331946104603F09E
:101E200036FB0590059B002B04D005990198FFF720
:101E3000EBFE0AE00198FFF74BFF079B0133079386
:101E4000079B072BE4D900E000BF09B05DF804FB55
:101E500084B00190009100238DF80F301FE09DF8B1
:101E60000F30019A13441A789DF80F3000990B44F3
:101E70001B789A4202D09DF80F3019E09DF80F3080
:101E800001338DF80F309DF80F30002B07D19DF8EE
:101E90000F30013B8DF80F309DF80F3008E09DF8B2
:101EA0000F30019A13441B78002BD8D19DF80F30C6
:101EB000184604B07047000000B587B00390029147
:101EC00013468DF80730029B002B04D13F4940F2A6
:101ED0005B50F1F769FA039B9B689A7C039B9B68B4
:101EE000DB7CD31A8DF81730039B9B689B7C1A46CA
:101EF0009DF8073013447F2B64DC9DF80730002BDE
:101F000060D0039B9A68039B9B68DB7C19469DF815
:101F100007300B4410331344181D039B9A68039B2E
:101F20009B68DB7C10331344191D9DF81730013377
:101F30001A4608F044FA039B9A68039B9B68DB7C73
:101F40001033134404339DF807200299184608F013
:101F500036FA039B9B6814331846FEF7CBFA024609
:101F6000039B9B68D2B29A74039B9A68039B9B68FD
:101F7000DB7C103313440433154A0821039800F026
:101F8000F7FF039B9B68D97C039B9B689DF8072008
:101F90000A44D2B2DA740398FEF7BCFA0346002B67
:101FA00005D10398FEF7D4FA0346002B02D003981C
:101FB000FEF7E0FC9DF81730002B04D00398FEF7E5
:101FC0008FFD00E000BF07B05DF804FB94C1030083
:101FD000E8C1030010B588B00590049113468DF850
:101FE0000F30049B002B04D1059B9B6800225A7480
:101FF0004DE0284B1B681846FEF77CFA0346DAB220
:102000009DF80F3013448DF80F30059B9B685B7B68
:102010001C46204B1B681846FEF76CFA0346E21A72
:102020009DF80F30B2FBF3F38DF81F300498FEF7E4
:1020300061FA0346DBB29DF80F20D31A8DF81E30EB
:10204000059B9A68537C591CC9B251749DF81F2096
:10205000B3FBF2F101FB02F29B1ADBB2002B0AD1B7
:102060000C4B1A68049B009313460B4A07210598F2
:1020700000F07EFF05E0049B084A0721059800F068
:1020800077FF9DF81E3019460598FEF7B1FC08B0A1
:1020900010BD00BFB82C00200CC20300E8C1030033
:1020A00000B5A3B003900023209300231F930023C7
:1020B0008DF87B3000238DF87A30039B9B689B7CE6
:1020C000C3F17F038DF879309DF87930002B00F053
:1020D000DE81039B9B6803F19400039B9B6803F1E3
:1020E0001401039B9B68DB7C1A4608F07DFA039B76
:1020F0009B68039A9268D27C1344002283F8942050
:10210000039B9A68039B9B68DB7C013B13441B7D0C
:10211000184608F028FB0346002B14BF01230023B8
:102120008DF873300398FFF75DFC039B9B6803F108
:1021300094020EA91BA80C23FFF792FA9DF87B309E
:102140009B0088336B4453F8503C1846FEF7D2F995
:1021500003468DF8783000231D9300230993002354
:1021600008931B9B002B09D09DF87B209DF87310D2
:102170001B9B0B44013B9A42C0F0A7809DF8733033
:10218000002B03D000238DF878300CE09DF87B30D5
:102190009B0088336B4453F8503C1846FEF7AAF96D
:1021A00003468DF87830002321939DF87B10219A07
:1021B000531C219309A80AAB009303461D98FEF710
:1021C00087FA099B002B7ED09DF87B309B008833DB
:1021D0006B4453F8500C099B1B689DF878201946F6
:1021E00008F058F90346002B03D0089B002B68D059
:1021F0006AE0089B002B1BD1219B013B1F93099B8D
:102200001B681846FEF776F903468DF87A309DF87C
:1022100079209DF87A109DF87830CB1A9A4241DDEA
:102220009DF87A209DF87830D31A8DF8793039E00E
:10223000099B1B681846FEF75DF903468DF872305E
:102240009DF872209DF87A309A4203D99DF8723039
:102250008DF87A309DF87930002B23D09DF87B10D3
:1022600008AA04AB00931346209A1D98FEF730FA93
:10227000099B1A689DF87830D018089B1A689DF859
:10228000783013441946FFF7E3FD03468DF87230AA
:102290009DF879209DF872309A4203D99DF87230EA
:1022A0008DF87930219B013B2093099B0893219B5A
:1022B000002B7FF47AAF7A4A0421039800F058FE8D
:1022C00002E000BF71E700BF2DE0002321939DF8DD
:1022D0007B10219A531C219309A80AAB0093034653
:1022E0001D98FEF7F5F9219B002B05D16C4A0421BE
:1022F000039800F03DFECFE0099B002B00F0C98061
:102300009DF87B309B0088336B4453F8502C099B1D
:102310001B681946104608F01BF90346002BD6D15E
:10232000099B9B681D931D9B002B10D0099B002BC4
:102330000DD09DF87B3001338DF87B309DF87B20EC
:102340009DF873101B9B0B449A42FFF40AAF089B45
:10235000002B00F0A0801F9A209B9A4256D11D9B13
:102360001B78002B09D09DF87B1008AA0AAB0093BC
:102370001346209A1D98FEF7ABF9089B1B68184678
:10238000FEF7B8F802469DF878309A420AD0089BCA
:102390001A689DF8783013449DF8792019460398FF
:1023A000FFF78AFD039B9B68039A9268D27C1344D3
:1023B0001B7D184608F0D7F90346002B22D1039B5A
:1023C0009B6893F83D3103F00103DBB2002B14D07E
:1023D000039B9A6892F83D3123F0010382F83D3166
:1023E00020210398FEF710FF039B9A6892F83D3175
:1023F00043F0010382F83D314EE020210398FEF7BF
:1024000003FF49E00398FEF73BFB45E09DF87A3077
:102410001A4600210398FFF7DDFD1F9B219314E06E
:102420009DF87B1009AA0AAB00931346219A1D98C8
:10243000FEF74EF9099B1B689DF87A201946039810
:10244000FFF7C8FD219B01332193219A209B9A42DB
:10245000E6D9039B1B68134A0321039800F088FD0B
:10246000039B9B681433104A0821039800F080FDF9
:102470000398FEF735FB089B1A689DF878301344E3
:102480009DF8792019460398FFF716FD04E000BF78
:1024900002E000BF00E000BF23B05DF804FB00BF16
:1024A00014C2030044C20300E8C1030082B0034623
:1024B0008DF807309DF90730002B01DA0B2300E07F
:1024C0000023184602B0704700B585B00190002384
:1024D000039303AB0DF10B0101220198FEF7D0F835
:1024E000039B002B00F040819DF80B301846FFF74E
:1024F000DDFF0346002B40F0358103F029F9019BF5
:102500009B685B78022B00F0C980022B00F32581C9
:10251000002B03D0012B00F0B3801EE1019B1A7E3B
:102520009DF80B309A4210D1019B9B689B7C002B3D
:1025300003D10198FEF71EFA02E0019800F0B8F905
:1025400002210198FFF726FA11E19DF80B301B2BB1
:102550003EDC002B6BDB1B2B69D801A252F823F069
:102560006D2603002F2603002F2603002F260300CD
:102570002F2603002F2603002F2603002F260300FB
:10258000FB250300E12503002F2603002F2603006F
:102590002F2603002F2603002F2603002F260300DB
:1025A0002F2603002F2603002F2603002F260300CB
:1025B0002F2603002F2603002F2603002F260300BB
:1025C0002F2603002F2603002F260300D725030004
:1025D0007F2B1FD02BE0019B9B6801225A704EE09D
:1025E000019B9B6893F83D3103F00803DBB2002B9D
:1025F0003ED00198FFF754FD3AE0019B9B6893F8A9
:102600003D3103F00803DBB2002B33D00198FEF715
:1026100005FF2FE0019B9B6893F83D3103F0080311
:10262000DBB2002B28D00198FEF78AFF24E09DF84A
:102630000B30184608F0A7F80346002B1ED0019B6C
:102640009B6893F83D3103F00803DBB2002B06D002
:102650009DF80B3019460198FEF7D6FD0EE09DF867
:102660000B3019460198FEF7A6FD07E000BF7AE09F
:1026700000BF78E000BF76E000BF74E000BF72E00A
:102680009DF80B305B2B04D1019B9B6802225A7092
:1026900069E0019B9B6800225A7064E0019B9B6883
:1026A00000225A70019B9B6893F83D3103F00803A8
:1026B000DBB2002B5AD09DF80B30413B0B2B4AD894
:1026C00001A252F823F000BFF926030003270300FC
:1026D0000D27030015270300572703001D270300BC
:1026E0005727030025270300572703005727030018
:1026F000572703002D27030001210198FFF77CF9DC
:102700002AE000210198FFF777F925E00198FEF70C
:1027100019FD21E00198FEF7DEFC1DE00198FEF7AF
:102720007EFA19E00198FEF733FA15E0019B9B68E9
:1027300093F83D3103F00103DBB2019A9268002B5C
:102740000CBF01230023D9B292F83D3161F300039D
:1027500082F83D3100E000BF05E0019B9B6800224C
:102760005A7000E000BFB4E600BF00E000BF05B053
:102770005DF804FB00B585B0019000238DF80F30A3
:10278000019B9B681B7D002B00F08E8008E09DF86C
:102790000F30002B04D1019B9B6800221A7584E046
:1027A000019B9A689DF80F30591C8DF80F10134447
:1027B0001B7D184607F0D7FF0346002BE7D19DF895
:1027C0000F30013B8DF80F309DF80F30002B24D0D7
:1027D000019B9B6803F11400019B9B6803F11402A9
:1027E0009DF80F30D118019B9B689B7C5A1C9DF86B
:1027F0000F30D31A1A4607F0E2FD019B9B68997CC3
:10280000019B9B689DF80F208A1AD2B29A74019B93
:102810009A68019B9B68927CDA74019B9A68019B81
:102820009B689B7C013B10331344043302930023C9
:102830008DF80F3007E09DF80F3001338DF80F3021
:10284000029B013B0293029B1B78184607F08BFF0B
:102850000346002BEFD1019B9A68019B9B689B7CF0
:10286000013B103313440433029A9A421DD0019B5A
:102870009A68019B9B689B7C19469DF80F30CB1A88
:10288000134400221A75019B9B68997C019B9B68ED
:102890009DF80F208A1AD2B29A74019B9A68019B04
:1028A0009B68927CDA7400E000BF05B05DF804FB21
:1028B00000B5A1B0039000231E9300231D930023B5
:1028C0001C9300231B930398FFF754FF0398FFF713
:1028D0004CFA039B9B6803F114020AA917A80C2366
:1028E000FEF7BEFE03468DF86730179B002B03D121
:1028F0000398FEF73FF814E19DF86730002B07D0EE
:102900009DF86730884A0221039800F031FB08E106
:1029100000231F9337E0854A854BD31ADB081F9AA3
:102920009A4217D30398FDF7F5FD0346002B08D014
:102930000A9B804A0092804A0221039800F018FB0B
:10294000EFE00A9B7B4A00927C4A0221039800F048
:102950000FFBE6E01F9BDB00754A13441B931E9B95
:102960009B0080336B4453F8582C1B9B5B681B689F
:102970001946104607F0ECFD0346002B0BD000BFB4
:102980001F9B01331F93694A694BD31ADB081F9AB7
:102990009A42C0D900E000BF1B9B1B7883F0010363
:1029A000DBB2002B04D1664940F28770F0F7FCFCE3
:1029B00000231A93002305931B9B5B68DB68189325
:1029C000189B002B04D0039B9B681B9A52685A608B
:1029D0001B9B5B689B681B931E9B01331E9300230C
:1029E0001F93179B1E9A9A4256D21E9B9B008033C0
:1029F0006B4453F8583C5349184607F0A9FD034669
:102A0000002B0CD01E9B9B0080336B4453F8583C2A
:102A10004D49184607F09CFD0346002B08D1039B47
:102A20009A6892F83D3143F0020382F83D3134E078
:102A30001F9A531C1F9305A906AB00930B461E99C2
:102A40001B98FDF745FE1F9B002B26D0059B002BF6
:102A500023D01E9B9B0080336B4453F8582C059B5E
:102A60001B681946104607F073FD0346002BB8D1CA
:102A7000059BDB68002B06D01E9B1D931F9B013B13
:102A80001C931B9B1A931E9B01331E9300231F93C1
:102A9000059B9B681B93A4E700BF0398FEF7BFF854
:102AA0000398FDF737FD034683F00103DBB2002BEB
:102AB00002D00398FDF75EFF1A9B002B1BD005AADE
:102AC00006AB009313461C9A1D991A98FDF700FE59
:102AD000039B9B68059A5A60039B9B685B68DB6855
:102AE00017991D9A881A0AA91D9A92000A4401464C
:102AF000039898470DE0189B002B05D017990AAA58
:102B0000189B0398984704E0104A0221039800F0AC
:102B10002FFA039B9A6892F83D3123F0020382F862
:102B20003D3121B05DF804FB4CC2030064A90300F1
:102B3000F4A8030080C1030064C203006CC2030058
:102B400094C1030078C203007CC2030084C2030066
:102B500000B585B001900091019B002B04D10F4975
:102B600040F2E670F0F720FC009B002B04D10B49EB
:102B700040F2E770F0F718FC019B0393009B02936F
:102B8000039B1A68029B1B681946104607F0E0FC7D
:102B90000346184605B05DF804FB00BF94C103006E
:102BA00000B585B0034600918DF80730009B039374
:102BB000039B002B04D1094940F2F270F0F7F4FBBB
:102BC0009DF80730002B04D0039B9B68012283F8FB
:102BD0003C2100BF05B05DF804FB00BF94C10300B9
:102BE00010B588B00390029113468DF80730039B0F
:102BF000002B04D15F4940F60800F0F7D5FB039B9A
:102C00009B68002B07D0039B5B68002B03D0039BC2
:102C10001B68002B04D1574940F60900F0F7C4FBAC
:102C2000039B1B7E0A2B08D0039B1B7E0D2B04D01D
:102C3000504940F60A00F0F7B7FB039BDB68039AA4
:102C40005A61039B5B681B681C68039B5868039B65
:102C5000494A0299A0470690069B002B01D0069B8B
:102C600085E0039B5B69002B04D1424940F61900C3
:102C7000F0F79AFB039B5B69184602F0FDFB069098
:102C8000069B002B01D0069B71E0039B9B680022F2
:102C9000C3F83021039B9B680022C3F83421039BB7
:102CA0009B684FF4A0720021184607F0CFFC039BED
:102CB0009B68012283F83C21039B9A6892F83D317E
:102CC0009DF8071061F3820382F83D31039B9A68F7
:102CD00092F83D3143F0080382F83D31039B9B6835
:102CE00001221A70039B9B6850225A73039B9B68B6
:102CF00018221A73214B05930023079321E0079BA9
:102D0000DB001F4A13440493049B002B04D1194990
:102D100040F63500F0F748FB049B5B681B68002B0E
:102D200004D1144940F63600F0F73EFB049B5A6884
:102D3000079B9B0005990B4412681A60079B01339F
:102D40000793104A0E4BD31ADB08079A9A42D6D340
:102D50000C4A0B4BD31A072B08D90A4A084BD31A33
:102D6000D908094B0422059805F01FFE00231846D8
:102D700008B010BD94C10300A12B03000C2B002050
:102D8000F4A8030064A90300512B030000B587B029
:102D90000390029111461A460B468DF807301346F0
:102DA0008DF80630039B002B04D1164940F66600CF
:102DB000F0F7FAFA9DF807301A4602990398FFF7E0
:102DC0000FFF0590059B002B17D19DF80630002BB7
:102DD00013D0039BDB681A469DF820301946104635
:102DE00004F08AF90490049B002B01DA042305E027
:102DF000039BDB681846FDF713FB059B184607B0DD
:102E00005DF804FB94C1030000B585B00190019BFF
:102E1000002B04D1204940F6B300F0F7C5FA019B1E
:102E20009B68002B07D0019B5B68002B03D0019BA4
:102E30001B68002B04D1184940F6B400F0F7B4FA2F
:102E4000019B9B681B78012B01D008231FE0019B8D
:102E50005B681B689B68019A52680021104698477E
:102E60000390039B002B11D108210198FEF78AF8EB
:102E700001210198FEF7D4F8019B1B690749184608
:102E800001F000FB02210198FEF784FD039B184628
:102E900005B05DF804FB00BF94C10300A4C20300A9
:102EA00000B585B00190019B002B04D1264940F666
:102EB000E400F0F779FA019B9B68002B07D0019B97
:102EC0005B68002B03D0019B1B68002B04D11E49BB
:102ED00040F6E500F0F768FA019B9B681B78012B30
:102EE00002DC002B24DA26E0022B00D023E001983C
:102EF000FFF7EAFA0021019800F0C8FB03468DF8BD
:102F00000F309DF80F30002B14D0019B1B680F4A27
:102F10000321019800F02CF8019B9B6814330B4AA5
:102F20000821019800F024F80198FDF7D9FD01E08F
:102F300000BF00E000BF019B1B69184601F080FA4A
:102F400000BF05B05DF804FB94C10300E8C10300B5
:102F500000B585B00390029101920023019A029975
:102F60000398FDF713FB00BF05B05DF804FB0000FC
:102F70000CB400B585B001900B468DF80330069B6C
:102F8000002B04D12B4940F60D10F0F70DFA019BF0
:102F9000002B04D1274940F60E10F0F705FA019BEB
:102FA0009B68002B07D0019B5B68002B03D0019B23
:102FB0001B68002B04D11F4940F60F10F0F7F4F9FD
:102FC0000023039307AB0393019B9B6893F83D3168
:102FD00003F00403DBB2002B1ED0019B9B68DB7B5C
:102FE0009DF803209A4217D002AB19460198FEF7CC
:102FF00051F89DF8033019460198FDF7C3FF019B76
:103000001B6903AA0699184601F01CFC02AB19467D
:103010000198FEF74CF807E0019B1B6903AA06998B
:10302000184601F00FFC00BF00BF05B05DF804EBCF
:1030300002B0704794C1030000B589B003900291BB
:1030400001928DF80330029B002B00F0BC809DF8AC
:103050000330002B05D0019BDBB219460398FDF726
:10306000C7FC0023069302E0069B01330693029AF5
:10307000069B13441B78184607F075FB0346002B8C
:10308000F2D1002305930298FDF734FA0246069B1D
:10309000D31A0793039B9B685B7B1A46019BD31A49
:1030A000079A9A423AD80023059326E0069A059B90
:1030B0001344029A13441B780A2B1BD1039B1B69F0
:1030C000184601F0BDF9029A069BD1180023059A13
:1030D0000398FDF75BFA059A069B134401330693A8
:1030E0000398FDF747FC019BDBB219460398FDF7F7
:1030F0007FFC06E0059B01330593059A079B9A42E6
:10310000D4D3039B1869029A069B1344194601F015
:10311000B9F900BF0398FDF72DFC55E0039B9B68B0
:103120005B7B1A46019BD31A0793069A059B1344AF
:10313000029A13441B78184607F015FB0346002B30
:1031400009D0059B0793069A059B1344029A1344E2
:103150001B780A2B0BD0059A019B1344039A9268A3
:10316000527B934205D2059B01330593DDE700BFF7
:1031700000E000BF039B1B69184601F061F9029A49
:10318000069BD1180023079A0398FDF7FFF9069ACA
:10319000079B1344069302E0069B01330693029AB1
:1031A000069B13441B78184607F0DDFA0346002BF4
:1031B000F2D10398FDF7DEFB019BDBB219460398C1
:1031C000FDF716FC5DE700BF09B05DF804FB0000E9
:1031D00030B591B0059004910392059B002B04D16A
:1031E000B44940F68D10F0F7DFF8059B9B68002B83
:1031F00007D0059B5B68002B03D0059B1B68002B49
:1032000004D1AC4940F68E10F0F7CEF80023ADF8AB
:103210003E30A948FDF76EF903469CB2A748FDF77A
:1032200069F903469BB2E31AADF83C30059B9B68F5
:103230005B681B68A24A0092A24A08210598FFF722
:1032400097FE059B9B685B681B681846FDF752F963
:1032500003469CB29A48FDF74DF903469BB22344BE
:10326000ADF83E30059B9B685B685968BDF83E2011
:1032700000230598FFF7E0FE934A08210598FFF721
:1032800077FE039B002B4AD0049B002B47D00023E2
:103290000E9340E00E9A13465B0013449B001A46BF
:1032A000049B13445B681846FDF724F904460E9A04
:1032B00013465B0013449B001A46049B13441B688F
:1032C0001846FDF717F90346E218BDF83C309A425C
:1032D0001ED90E9A13465B0013449B001A46049BAA
:1032E00013445B681846FDF705F903469CB20E9A35
:1032F00013465B0013449B001A46049B13441B684F
:103300001846FDF7F7F803469BB22344ADF83C306E
:103310000E9B01330E930E9A039B9A42BAD36748D1
:10332000FDF7E8F80346694A127813449AB2BDF8EB
:103330003C301344ADF83C30BDF83C305E4A00925E
:10334000634A08210598FFF713FE604B1B781A4665
:10335000BDF83C3013449BB20133ADF83E30BDF8AC
:103360003E2000235B490598FFF766FE049B002B77
:1033700000F0018100230D93F8E00D9A13465B00E5
:1033800013449B001A46049B13445B68002B69D0CE
:103390000D9A13465B0013449B001A46049B13448A
:1033A0001B68002B5ED00D9A13465B0013449B00F4
:1033B0001A46049B134459680D9A13465B00134444
:1033C0009B001A46049B13441B6801933B4B0093DC
:1033D0000B46414A08210598FFF7CAFD3B4B1B7875
:1033E0001A46BDF83C301344ADF83E30BDF83E30CF
:1033F000DCB20D9A13465B0013449B001A46049BF3
:1034000013445B681846FDF775F80346DDB20D9A64
:1034100013465B0013449B001A46049B13441B682D
:103420001846FDF767F80346DBB22B44DAB2274BA8
:103430001B781344DDB22148FDF75CF80346DBB28C
:103440002B44DBB2E31ADBB219460598FDF7D0FA3C
:103450003A210598FDF700F9BDF83E300133ADF88B
:103460003E3062E00D9A13465B0013449B001A46FF
:10347000049B13445B68002B30D0BDF83C100D9AC0
:1034800013465B0013449B001A46049B13445B687D
:1034900000930B460E4A08210598FFF769FD0B4B78
:1034A0001B781A46BDF83C3013449BB20133ADF88B
:1034B0003E303AE094C10300B8C70300C4C703001C
:1034C000C8C70300A8C20300B0C20300CCC70300F2
:1034D000BCC20300C4C20300D8C203000D9A134645
:1034E0005B0013449B001A46049B13441B68002B8B
:1034F0001BD0BDF83C100D9A13465B0013449B0093
:103500001A46049B13441B6800930B465C4A08212F
:103510000598FFF72DFD5B4B1B781A46BDF83C3034
:1035200013449BB20133ADF83E300D9A13465B0055
:1035300013449B001A46049B13449B68002B0FD036
:103540000D9A13465B0013449B001A46049B1344D8
:103550009968BDF83E2000230598FFF76DFD02E055
:103560000598FDF707FA0D9B01330D930D9A039B08
:103570009A42FFF402AF059B9B685B689B68002B37
:1035800076D0059B9B685B689B680B930023069332
:103590000023ADF83E300023ADF83C3000230C93FF
:1035A0000C9A531C0C9306A907AB00930B46012100
:1035B0000B98FDF78DF8069B002B12D0069B1B681D
:1035C0001846FCF797FF0246BDF83C309A42E7D90F
:1035D000069B1B681846FCF78DFF0346ADF83C3090
:1035E000DEE700BF0C9B012B44D0274A0821059839
:1035F000FFF7BEFC00230C930C9A531C0C9306A9F6
:1036000007AB00930B4601210B98FDF761F8069B71
:10361000002B31D01B4B1B781A46BDF83C301344AD
:10362000ADF83E30BDF83E20069B1B680093134664
:10363000134A08210598FFF79BFC124B1B781A468A
:10364000BDF83E3013449BB20133ADF83E30069BCB
:103650005B68002B08D0069B5968BDF83E2000230C
:103660000598FFF7E9FCC7E70598FDF783F9C3E77D
:1036700000BF02E000BF00E000BF11B030BD00BFDE
:10368000BCC20300CCC70300E4C2030000B59BB07A
:1036900003900B468DF80B3000238DF86730039BA9
:1036A000DB68DB6812A90022184602F065F90346C0
:1036B000002B01D00023DDE09DF80B30002B18D04B
:1036C000129B184601F083FF039B9B68D3F82C21C3
:1036D0000132C3F82C21039B9B68D3F82C3103F0F3
:1036E0000703012B03D101238DF8673001E001238B
:1036F000C0E00398FDF772F81690169B9B78012B9B
:1037000007D9169B9B78013BDBB219460398FDF75E
:1037100087F9169B1B78012B07D9169B1B78013B59
:10372000DBB219460398FDF74BF90398FDF7B0F8A3
:103730009DF86730002B06D0504A02210398FFF70E
:1037400017FC012396E00023189312980FA9189BE9
:10375000082201F0EBFF08231893119B0C93109B98
:103760009BB2ADF8343000238DF838309DF83C30F2
:1037700003F00303DBB2012B2ED10F9BC3F3952380
:1037800014939DF83C30C3F3C203DBB28DF836309E
:103790009DF83C30C3F38003DBB2002B14BF012340
:1037A0000023DBB28DF83730BDF83C30C3F3831310
:1037B000DBB213931298139B9A0006A9189B01F091
:1037C000B5FF039B1B690CAA06A900931346139A25
:1037D000149803F057FD3CE09DF83C3003F00303E0
:1037E000DBB2022B35D1BDF83E30C3F389139BB257
:1037F00017939DF83C30C3F3C203DBB28DF836302B
:103800009DF83C30C3F38003DBB2002B14BF0123CF
:103810000023DBB28DF83730179B082B28BF082315
:103820001593129804A9189B159A01F07FFF189A16
:10383000159B13441893179A159BD31A1793039B40
:103840001B690CAA04A8159903F0BEFD179B002B59
:10385000E2D1129B184601F0BAFE039BDB68DB68DD
:1038600012A90022184602F087F80346002B3FF405
:103870006AAF012318461BB05DF804FBF4C20300D5
:1038800000B587B001900091019B0493049B5B6994
:103890000393039B9B681B78042B31D0039B9B688D
:1038A0001B78032B0CBF012300238DF80B30049BE6
:1038B000DB686A461146184601F0A6FF059010E045
:1038C0009DF80B3083F00103DBB219460398FFF734
:1038D000DDFE049BDB686A461146184601F094FF42
:1038E0000590059B002BEBD1009B184601F060FE74
:1038F0009DF80B30002B03D000210398FFF7C6FE84
:1039000000BF07B05DF804FB82B0019000BF02B0B9
:10391000704700B585B00190019B0393039B5B69E1
:103920000293029B5B681B689B68029A52680121A4
:10393000104698470346002B04D1029B9B68032244
:103940001A7003E0029B9B6804221A7000BF05B046
:103950005DF804FB00B585B00390019200930B461F
:103960008DF80B300398FCF763FD0346002B06D05F
:10397000009A01990398FFF72BFC01230FE09DF8B3
:103980000B30002B0AD0039B9B685B681B68064AC0
:1039900002210398FFF7ECFA012300E00023184608
:1039A00005B05DF804FB00BF24C3030000B585B07B
:1039B000039002910192039B002B04D12B4940F606
:1039C0000730EFF7F1FC039B9B68002B07D0039BAC
:1039D0005B68002B03D0039B1B68002B04D1234999
:1039E00040F60830EFF7E0FC029B022B0BD1039866
:1039F000FCF71EFD0346002B05D000220021039892
:103A0000FFF7E6FB2FE0039B002B04D117494FF48F
:103A10003160EFF7C9FC039B1B69002B04D11349EC
:103A20004FF43160EFF7C0FC039B1B69104A11494A
:103A3000184600F027FD039B002B04D10B4940F6EC
:103A40001130EFF7B1FC039B1B69002B04D1074930
:103A500040F61130EFF7A8FC039B1B69064A0549A5
:103A6000184600F00FFD05B05DF804FB94C103009B
:103A7000D0C70300E8C10300D4C7030000B585B078
:103A8000039002910192029B012B14BF012300239A
:103A9000D9B2002300220398FFF75CFF0346002BF6
:103AA00008D1039B9A6892F83D3123F0040382F811
:103AB0003D3100E000BF05B05DF804FB00B585B006
:103AC000039002910192029B012B14BF012300235A
:103AD000D9B2002300220398FFF73CFF0346002BD6
:103AE00008D1039B9A6892F83D3143F0040382F8B1
:103AF0003D3100E000BF05B05DF804FB00B587B0C4
:103B0000059004910392059B002B04D11F4940F6B8
:103B10002930EFF749FC059B9B68002B07D0059BDC
:103B20005B68002B03D0059B1B68002B04D1174951
:103B300040F62A30EFF738FC049B012B05D1002218
:103B400000210598FFF744FB1DE0049B022B14BFE6
:103B500001230023D9B2002300220598FFF7FAFEC3
:103B60000346002B0ED1039B1A68039B04331B688A
:103B70000193074B00931346064A02210598FFF76D
:103B8000F7F900E000BF07B05DF804FB94C1030043
:103B900068C1030040C3030000B587B005900491DD
:103BA0000392049B022B8CBF01230023D9B2002374
:103BB00000220598FFF7CEFE0346002B23D1049B7D
:103BC000022B0ED1039B1A68039B04331B680193DD
:103BD0000F4B009313460F4A02210598FFF7C8F9CF
:103BE00012E0059B9B6893F83D3103F00803DBB2BC
:103BF000002B01D0084B00E0084B094A082105982A
:103C0000FFF7B6F900E000BF07B05DF804FB00BFA6
:103C100068C1030040C303004CC3030050C303004A
:103C200054C3030000B585B0039002910192029B3A
:103C3000012B14BF01230023D9B2002300220398D3
:103C4000FFF788FE0346002B08D1039B9A6892F881
:103C50003D3123F0080382F83D3100E000BF05B09C
:103C60005DF804FB00B585B0039002910192029BC0
:103C7000012B14BF01230023D9B200230022039893
:103C8000FFF768FE0346002B08D1039B9A6892F861
:103C90003D3143F0080382F83D3100E000BF05B03C
:103CA0005DF804FB00B58DB0059004910392059B6F
:103CB000002B04D12D4940F66F30EFF775FB059BC3
:103CC0009B68002B07D0059B5B68002B03D0059BEE
:103CD0001B68002B04D125494FF43760EFF764FBD4
:103CE000049B012B14BF01230023D9B2002300221F
:103CF0000598FFF72FFE0346002B33D100230B93CB
:103D0000059B9B68D3F834310A930A9B002B23D080
:103D10000B9B072B20D807A9002309220A9801F042
:103D200005FD059B9B6803F194019DF82430013348
:103D30001A4609230A9801F0F9FC089B0A930B9B89
:103D40005A1C0B92059A926894320092084A0821F4
:103D50000598FFF70DF9D8E7059B9B68002283F8CB
:103D6000942000E000BF0DB05DF804FB94C1030097
:103D700068C3030000B587B0059004910392049BCB
:103D8000012B05D1002200210598FFF721FA1CE044
:103D9000049B022B0ED1039B1A68039B04331B6800
:103DA00001930B4B009313460A4A02210598FFF733
:103DB000DFF80AE0049B022B8CBF01230023D9B259
:103DC000002300220598FFF7C5FD07B05DF804FB4E
:103DD00068C1030040C3030000B58BB00790069193
:103DE0000592069B012B14BF01230023D9B20023A7
:103DF00000220798FFF7AEFD0346002B2BD1079B4F
:103E0000DB68DB68184601F071FE03468DF8273049
:103E10009DF82730642203FB02F2079BDB68DB6816
:103E20009B68B2FBF3F38DF82630079B9B68D3F8B1
:103E30002C019DF826309DF827200799C968C9688C
:103E400089680291019200930346054A0821079868
:103E5000FFF78EF800E000BF0BB05DF804FB00BF79
:103E600074C3030000B585B0039002910192029BD8
:103E7000012B14BF01230023D9B200230022039891
:103E8000FFF768FD0346002B0BD1039B9B680022C4
:103E9000C3F82C21039BDB68DB68184601F03AFE6F
:103EA00000E000BF05B05DF804FB000000B585B080
:103EB000039002910192029B012B14BF0123002366
:103EC000D9B2002300220398FFF744FD0346002BDC
:103ED00020D1039B002B04D1104940F6CE30EFF7E0
:103EE00063FA039B1B69002B04D10C4940F6CE30CA
:103EF000EFF75AFA039B1B69094A0A49184600F072
:103F0000C1FA039B9B6850225A73039B9B6818223B
:103F10001A7300E000BF05B05DF804FB94C1030014
:103F2000DCC70300E8C1030000B587B00590049129
:103F30000392059B002B04D12B4940F6D530EFF7B7
:103F400033FA059B9B68002B07D0059B5B68002B11
:103F500003D0059B1B68002B04D1234940F6D630C3
:103F6000EFF722FA049B012B1BD1059B9B6803F101
:103F70000D01059B9B680C331A460598FCF7A2FFC0
:103F80000346002B2AD0059B9B6850225A73059B41
:103F90009B6818221A73154A04210598FEF7E8FF5A
:103FA0001CE0049B022B8CBF01230023D9B2002309
:103FB00000220598FFF7CEFC0346002B10D1039B8F
:103FC0001A68039B04331B680193094B0093134643
:103FD000084A02210598FEF7CBFF02E000BF00E08F
:103FE00000BF07B05DF804FB94C10300B0C3030039
:103FF00068C1030040C3030000B587B00190FF23F0
:104000000493019BD86804AA03A9012301F0BAFF15
:104010000590059B002B03D012494020EFF7C4F90F
:10402000059B002B18D1049B002B15D0019B5B69CD
:104030000399049AD2B21846F8F70AFD0590059B39
:10404000002B09D1019B9B681B68019A40F6CD416A
:104050001846F9F709FF0590059B184607B05DF86B
:1040600004FB00BFF0C7030000B587B001900091CA
:10407000009B049300230593FF230293019B1B786D
:10408000022B07D0022B00F38880002B47D0012B96
:104090001CD082E0049BDA68019B1B7A194610460B
:1040A00001F0ECFF0590059B002B03D041495F20F8
:1040B000EFF77AF90498FFF79FFF0590059B002B17
:1040C00070D03C496120EFF76FF96BE0049BDA6830
:1040D000019B1B7A1946104601F0D0FF0590059B05
:1040E000002B03D033496720EFF75EF9019B1B7A61
:1040F000002B08D0049B5B681B68049A52685268C6
:104100001146002098470498FFF776FF0590059B1D
:10411000002B49D027497320EFF746F944E0049B70
:104120001A69019B1B7A1946104602F057F905904F
:10413000059B002B03D01F497920EFF735F9FF23AA
:104140000293049B186902AA03A9012302F040F814
:104150000590059B002B03D016497C20EFF724F92E
:10416000029B002B0FD0049B5B690399029AD2B289
:104170001846F8F763FA0590059B002B03D00D490C
:104180008120EFF711F9049B5B681B68049A526861
:10419000526811460120984707E006498B20EFF747
:1041A00003F902E000BF00E000BF00BF07B05DF808
:1041B00004FB00BFF0C7030000B585B00190019B70
:1041C0000393039B5B691846F8F740FD00BF05B0F9
:1041D0005DF804FB00B589B0039002910192009351
:1041E000039B0793079B5B68019A1A60079B5B68B8
:1041F000009A5A60079B5B68002283F82820079B7F
:104200005B68002283F82920029B0693079B5B686A
:10421000083320220699184606F0E6F9069B079A0D
:104220001A61079B5B690C4A06991846F8F79EF8D5
:104230000590059B002B09D1079BDB68184601F010
:1042400083FE079B1B69184601F07EFE059B1846FE
:1042500009B05DF804FB00BF6940030000B585B0FC
:104260000190019B0393039B5B691846F8F7D0F814
:10427000039B9B681B681846F9F728FE03461846FF
:1042800005B05DF804FB000000B585B001900B4659
:104290008DF80330019B029300230393029B5B681C
:1042A00093F82830002B10D0029B9B681B6818469F
:1042B000F9F70CFE0390039B002B04D0039B082B03
:1042C00001D0039B3EE0002303939DF80330002BB5
:1042D0001AD0029B5B691846F8F79AF8029B586956
:1042E000029B5B68083300221946F8F73FF80390F9
:1042F000039B002B06D1029B5B68012283F82920D7
:1043000000231FE006231DE0029B5B6893F8283022
:1043100083F00103DBB2002B0CD0029B9B680B4A9D
:1043200000211846F9F770FD0390029B5B6801229B
:1043300083F82820039B002B03D10298FFF75CFE33
:104340000390039B184605B05DF804FBB9410300D8
:1043500000B587B00390029101920093009B002B5F
:1043600003D10B49F820EFF71FF8039B0593009B3F
:10437000019A1A60059BDB68009A0299184601F0C1
:10438000A9FF0490049B184607B05DF804FB00BF2A
:10439000F0C7030000B589B0039002910192009329
:1043A000009B002B04D125494FF48670EEF7FCFFEB
:1043B000039B0793009B019A1A60079B1B69009A55
:1043C0000299184601F08EFE0690069B002B2FD115
:1043D000079B5B691846F8F79DF9034683F00103D4
:1043E000DBB2002B24D0FF230493079B186904AA97
:1043F00005A9012301F0ECFE0346002B18D1079B11
:104400005B690599049AD2B21846F8F717F9069035
:10441000079B5B6893F82930002B09D0069B002B83
:1044200006D1079B1B69049A1146184601F0D6FF76
:10443000069B184609B05DF804FB00BFF0C70300F7
:1044400000B583B00190019B002B03D10C493120B2
:10445000EEF7AAFF019B9B68002B0CD0019B5B69C8
:10446000019A1069019A1168019A92689847019B14
:1044700000229A6000E000BF03B05DF804FB00BFBB
:104480005CC803000EB400B584B00190019B002B02
:1044900003D118494220EEF787FF019B5B69002B8F
:1044A00003D114494320EEF77FFF019B1B68002BCB
:1044B00003D110494420EEF777FF019B5B68002B86
:1044C00003D10C494520EEF76FFF059B002B0AD066
:1044D0000023039306AB039303AB1A460599019897
:1044E00000F0B0F900E000BF04B05DF804EB03B0E9
:1044F000704700BF5CC8030000B583B001900B4655
:104500008DF80330019B1A68019B9B68581C019928
:10451000886013449DF803201A70019B9A68019BE0
:104520005B689A4202D30198FFF78AFF00BF03B08D
:104530005DF804FB00B587B00390029101920093EF
:1045400000230593009B03F00103002B24D00BE014
:10455000029B01330293059B013305939DF81330B1
:1045600019460398FFF7C8FF029B1B788DF813309C
:104570009DF81330002BEBD106E0019B013B01932A
:1045800020210398FFF7B8FF019A059B9A422ED984
:10459000019B002BF1D12AE0029B002B0BD002984B
:1045A00005F062FF059006E0019B013B019320218D
:1045B0000398FFF7A1FF019A059B9A420FD9019B2F
:1045C000002BF1D10BE0029B01330293059B0133D9
:1045D00005939DF8133019460398FFF78DFF029B52
:1045E0001B788DF813309DF81330002BEBD100BFF2
:1045F00007B05DF804FB000000B589B0039002919C
:1046000001920093029B07930123069307E0079A08
:10461000019BB2FBF3F30793069B01330693079AC2
:10462000019B9A42F3D2009A069B9A4201D9009BC1
:1046300006930B9B03F00103002B22D10A9B002B56
:104640001FD00B9B03F00203002B06D0009B002B16
:1046500003D130238DF8173002E020238DF8173076
:1046600008E00A9B013B0A939DF81730194603980E
:10467000FFF742FF0A9B002B03D0069A0A9B9A423F
:10468000EFD301230793009B012B03D9009B013B30
:10469000009309E0029A079BB2FBF3F30493049A98
:1046A000019B9A4200D205E0079B019A02FB03F3AB
:1046B0000793E8E7029A079BB2FBF3F30493049B8A
:1046C000079A02FB03F3029AD31A0293154A049B3A
:1046D00013441B7819460398FFF70EFF079A019BB6
:1046E000B2FBF3F30793079B002BE3D10B9B03F083
:1046F0000103002B11D00A9B002B0ED006E00A9B71
:10470000013B0A9320210398FFF7F6FE0A9B002B3A
:1047100003D0069A0A9B9A42F1D300BF09B05DF814
:1047200004FB00BFFCC8030000B589B005900491EC
:1047300003920293049B002BB8BF5B4206930123B4
:10474000079307E0039B069A92FBF3F30693079BFC
:1047500001330793039B069A9A42F3DA029A079B66
:104760009A4201D9029B07930A9B002B0AD0049B13
:10477000002B04DB0B9B03F00403002B02D00A9BED
:10478000013B0A930B9B03F00203002B02D0029B18
:10479000002B16D00B9B03F00103002B11D10A9BB9
:1047A000002B0ED006E00A9B013B0A9320210598BE
:1047B000FFF7A2FE0A9B002B03D0079A0A9B9A429E
:1047C000F1D3049B002B07DA049B5B4204932D2159
:1047D0000598FFF791FE08E00B9B03F00403002B04
:1047E00003D02B210598FFF787FE0B9B03F00203F4
:1047F000002B19D00B9B03F00103002B14D1029B5B
:10480000002B11D10A9B002B0ED006E00A9B013B26
:104810000A9330210598FFF76FFE0A9B002B03D007
:10482000079A0A9B9A42F1D304990B9B01930A9B26
:104830000093029B039A0598FFF7DEFE00BF09B0C4
:104840005DF804FB00B58FB0059004910392059BC1
:10485000002B04D1AD494FF49F70EEF7A5FD059BE9
:104860005B69002B04D1A9494FF4A070EEF79CFDC1
:10487000059B1B68002B04D1A44940F24110EEF7C0
:1048800093FD059B5B68002B04D1A0494FF4A170F8
:10489000EEF78AFD049B002B00F09381049B1B78AC
:1048A0008DF83730049B013304939DF83730002B8B
:1048B00000F07E819DF83730252B40F06D8100237C
:1048C0000A9301230C93049B1B788DF837309DF8D5
:1048D0003730302B0DD0302B1BDC2B2B11D02D2B58
:1048E00017D10A9B43F001030A93049B01330493FD
:1048F00012E00A9B43F002030A93049B01330493E2
:104900000AE00A9B43F004030A93049B01330493D7
:1049100002E000230C9300BF0C9B002BD3D100239B
:1049200009939DF837302A2B0CD1039B1B68191D66
:10493000039A11601B68099A13440993049B01337D
:1049400004931AE0049B1B788DF837309DF83730BC
:104950002F2B12D99DF83730392B0ED8049B0133F9
:104960000493099A13469B0013445B001A469DF872
:1049700037301344303B0993D3E700230B93049B58
:104980001B788DF837309DF837302E2B1DD1049BC6
:1049900001330493049B1B788DF837309DF8373032
:1049A0002F2B12D99DF83730392B0ED8049B0133A9
:1049B00004930B9A13469B0013445B001A469DF820
:1049C00037301344303B0B93E4E7049B1B788DF89E
:1049D00037309DF837306C2B03D09DF83730682B7B
:1049E00007D1049B01330493049B1B788DF8373067
:1049F000EFE79DF83730252B00F0C480252BC0F25F
:104A0000C680782B00F3C380582BC0F2C080583B7F
:104A1000202B00F2BC8001A252F823F0114B0300BE
:104A20008F4B03008F4B03008F4B03008F4B030012
:104A30008F4B03008F4B03008F4B03008F4B030002
:104A40008F4B03008F4B0300A14A0300C34A0300AE
:104A50008F4B03008F4B03008F4B03008F4B0300E2
:104A6000C34A03008F4B03008F4B03008F4B03009F
:104A70008F4B03008F4B03008F4B0300514B030000
:104A80008F4B03008F4B0300354B03008F4B03000C
:104A9000E74A03008F4B03008F4B0300114B0300C9
:104AA000039B1B68191D039A11601B680C930C9BD8
:104AB0008DF81F309DF81F3019460598FFF71CFD33
:104AC00066E0039B1B68191D039A11601B680C9319
:104AD0000A9B0193099B00930B9B0A220C99059852
:104AE000FFF722FE54E0039B1B68191D039A116017
:104AF0001B680C930C990A9B0193099B00930B9BD9
:104B00000A220598FFF778FD42E000BFA8C803001D
:104B1000039B1B68191D039A11601B680C930C9969
:104B20000A9B0193099B00930B9B10220598FFF7AA
:104B300063FD2DE0039B1B68191D039A11601B6820
:104B400008930A9B099A08990598FFF7F3FC1FE060
:104B5000039B1B68191D039A11601B680C9330217D
:104B60000598FFF7C9FC78210598FFF7C5FC0C995B
:104B70000023019308230093082310220598FFF7D0
:104B80003BFD05E025210598FFF7B6FC00E000BFDE
:104B9000049B0133049305E09DF8373019460598CE
:104BA000FFF7AAFC049B1B78002B7FF477AE00E094
:104BB00000BF059B1B7B002B04D00598FFF740FC32
:104BC00000E000BF0FB05DF804FB00BF00B585B08A
:104BD000039002910192039B002B02D0029B002BB9
:104BE00001D10E2309E0039B029A1A60039B1B6804
:104BF0001B680199039898470346184605B05DF86D
:104C000004FB10B586B00590049103920293059BB6
:104C1000002B02D0039B002B01D10E2340E0059B0B
:104C20001B68002B01D108233AE0029B002B0AD01D
:104C3000059B5B685A68029BB3FBF2F101FB02F231
:104C40009B1A002B01D009232AE0049800F0C6F833
:104C5000034683F00103DBB2002B14D1039B1846FB
:104C600000F0BCF8034683F00103DBB2002B0AD14D
:104C7000029A0499059800F097F8034683F001031F
:104C8000DBB2002B01D010230AE0059B1B68DC6817
:104C9000089B0093029B039A04990598A04703463A
:104CA000184606B010BD10B584B003900291019271
:104CB0000093039B002B01D10E232EE0039B1B6866
:104CC000002B01D1082328E0019B002B01D10923EF
:104CD00023E0039B5B681B685A1E029B1340002B5A
:104CE00010D1039B5B681B68019A02FB03F31A4611
:104CF0000299039800F058F8034683F00103DBB2F1
:104D0000002B01D0102308E0039B1B681C69009B4B
:104D1000019A02990398A0470346184604B010BDB3
:104D200000B585B00190019B002B03D0019B1B684F
:104D3000002B28D10023039319E0039A13469B000C
:104D400013449B001A46154B13440193019B1B68A7
:104D5000002B09D0019B1B68DB690198984703462B
:104D6000002B01D0012314E0039B013303930C4A71
:104D70000A4BD31A0B4AA2FB03231B09039A9A423C
:104D8000DBD3002305E0019B1B68DB690198984792
:104D90000346184605B05DF804FB00BFF82A002062
:104DA0000C2B0020CDCCCCCC84B00390029101928E
:104DB000039BDB68029A9A4209D3029A019B13442F
:104DC0005A1E039B1B699A4201D8012300E000236D
:104DD00003F00103DBB2184604B0704782B00190C3
:104DE000019B03F00303002B0CBF01230023DBB264
:104DF000184602B0704729DF704700BF184628DF09
:104E0000704700BF184610B487B001900091019B15
:104E1000009A53E8004F104643E8000191F0000F5C
:104E2000F7D1059404900391059B184607B05DF8EF
:104E3000044B704710B487B001900091019B009A19
:104E400053E8004F44EA020043E8000191F0000FEC
:104E5000F6D1059404900391059B184607B05DF8C0
:104E6000044B704700B583B0019001210198FFF712
:104E7000E1FF0346184603B05DF804FB00B589B0B6
:104E800001900091019B1B689B68002B31D003AB04
:104E900000221A605A609A60DA601A61009B0493DB
:104EA000019B9B680793019B1B79002B02D0012B70
:104EB0000AD017E001238DF80C30019B1B69059384
:104EC000019B5B6906930DE002238DF80C30019B7A
:104ED000DB684FF4805202FB03F30593019B5B698F
:104EE000069300BF019B1B689B6803AA1046984766
:104EF00000E000BF09B05DF804FB00B587B0019089
:104F0000019B5A69019B9B69D31AB3F5805F28BF47
:104F10004FF4805305930422059BB3FBF2F3012B5E
:104F200038BF01230593019B1A69019B9B691344B8
:104F30000493019BDB681A46019B9B69134403930E
:104F4000059A03990498FFF756FF0346184607B0E1
:104F50005DF804FB00B583B00190019BDA68019B0A
:104F60001B6913441846FFF74AFF0346184603B06F
:104F70005DF804FB08B5034B03491846FBF732F90B
:104F800000BF08BD443E00206C3E002008B5084B21
:104F900008491846FBF70FF90346074A1360064B0A
:104FA0001B68002B14BF01230023DBB2184608BD89
:104FB000443E00206C3E0020683E002000B583B0D7
:104FC000294B1B7A002B0BD1FFF7E0FF034683F040
:104FD0000103DBB2002B03D0234B00225A6040E0D8
:104FE000214B02221A72214B1B681B79002B02D025
:104FF000012B07D00DE01D4B1B681846FFF77DFF06
:10500000019009E0194B1B681846FFF7A3FF0190B8
:1050100002E00323019300BF019B002B03D0019BFF
:10502000112B0CD00FE0104B1B7C83F00103DBB283
:10503000002B15D00021022000F064F910E00A4B8B
:1050400001221A720DE0094B1B6803211846FFF775
:1050500015FF054B00221A72034B00225A6000E034
:1050600000BF03B05DF804FB543E0020683E002002
:1050700000B583B001210A48FFF7C5FE034601933E
:10508000019B002B08D1074B5B7C83F00103DBB253
:10509000002B01D0FFF792FF00BF03B05DF804FBC7
:1050A000583E0020543E002084B001901B4B00224B
:1050B000DA60019B1B79002B02D0012B19D028E06C
:1050C000019B5A69019B9B69D31AB3F5805F28BF86
:1050D0004FF480530393019B9A69039B1A44019BED
:1050E0009A61019B9A69019B5B699A420ED10123E7
:1050F00010E0019B1B695A1C019B1A61019B1A69F4
:10510000019B5B699A4203D1012303E000BF00E0E9
:1051100000BF0023184604B0704700BF543E002073
:1051200082B00190084BDB680133074AD360064B1D
:10513000DB68082B04D9044B0022DA60012300E06D
:105140000023184602B07047543E002000B583B0DB
:10515000019000910C48FFF785FE0346002B0ED10D
:10516000019B0A4A5A6002F0E1FD03461A46064BCB
:105170001A7407481C238C220649FAF7AAFF002359
:10518000184603B05DF804FB543E00200CC9030030
:10519000443E0020B83D002000B583B0019000914E
:1051A00014220021054805F051FA054B1846FAF77C
:1051B000C3FF0023184603B05DF804FB543E0020F3
:1051C000443E002000B587B0039002910192009305
:1051D000174A04AB19461046FAF7C2FF0590059B23
:1051E000002B01D104231FE01C220021059805F0AB
:1051F0002DFA059B00221A71059B039A1A60059BE4
:10520000089A9A60059B029A1A61059B019ADA60D6
:10521000059B009A5A61064A04AB19461046FAF7F4
:10522000B6FFFFF725FF0023184607B05DF804FB23
:10523000443E002000B585B0039002910192009396
:10524000029B009A1946019805F0CEF900231846F2
:1052500005B05DF804FB000000B587B00390029133
:1052600001920093184A04AB19461046FAF778FFEA
:105270000590059B002B01D1042320E01C22002176
:10528000059805F0E3F9059B01221A71059B039A25
:105290001A60059B009A9A604FF48052029BB3FB00
:1052A000F2F2059BDA60059B019A5A61064A04AB4B
:1052B00019461046FAF76BFFFFF7DAFE002318468F
:1052C00007B05DF804FB00BF443E002082B00190AF
:1052D0000091009B184602B0704782B00190009187
:1052E0000023184602B0704782B00190044B1B7A2D
:1052F000002B14BF01230023DBB2184602B0704715
:10530000543E002000B585B001900091254B1B7ADA
:10531000012B33D0022B41D100238DF80F30019B9C
:10532000022B03D0019B032B09D011E01E4B1B68FD
:105330001846FFF7B9FE03468DF80F3008E01A4B08
:105340001B681846FFF7ECFE03468DF80F3000BFD0
:105350009DF80F30002B13D0124B00221A72124B03
:105360001A68019B022B01D1002300E00D2319468E
:105370001046FFF783FDFFF7FDFD01E000BF00E0F1
:1053800000BF084B5B7C83F00103DBB2002B02D033
:10539000FFF714FE03E002F0ADFC00E000BF05B033
:1053A0005DF804FB543E0020683E002082B00346B6
:1053B00000918DF80730064B01225A74044B1B7A7A
:1053C000002B0CBF01230023DBB2184602B070474C
:1053D000543E002000B583B0034600918DF807309D
:1053E0009DF80730012B03D09DF80730032B0DD11A
:1053F000084B00225A749DF80730012B0CBF012383
:105400000023DAB2034B1A74FFF7D8FD00BF03B0D4
:105410005DF804FB543E002010B487B00190009169
:10542000019B009A53E8004F04EB020043E800019F
:1054300091F0000FF6D1059404900391049B184657
:1054400007B05DF8044B704710B487B0019000912D
:10545000019B009A53E8004FA4EB020043E80001CF
:1054600091F0000FF6D1059404900391049B184627
:1054700007B05DF8044B704700B583B00190019808
:10548000FAF7FAFE0346184603B05DF804FB00B5D0
:105490008BB001900091019B1B8A043B0793009AFB
:1054A000079B1344DA1C079BB2FBF3F38DF81B3008
:1054B0000198FAF739FF0590059B002B01D10023D5
:1054C00038E0059B00221A71059B01225A71079B47
:1054D0009AB2059BDA80059B09939DF81B30013B2E
:1054E0000493099B019A1A60002308931DE0019818
:1054F000FAF71AFF0390039B002B0ED0059B5B79F4
:105500000133DAB2059B5A71099B039A1A60039B17
:10551000019A1A60039B099304E0059800F00EF8C5
:10552000002307E0089B01330893089A049B9A42E2
:10553000DDD3059B18460BB05DF804FB00B58BB0BE
:105540000190019B0793079B5B798DF81B30019BB2
:1055500008939DF81B30013B05930023099305E058
:10556000089B1B680893099B01330993099A059BC3
:105570009A42F5D3089B1B680493019B0893002370
:1055800009930BE0089B1B68039308990498FAF7AA
:1055900013FF039B0893099B013309939DF81B306C
:1055A000099A9A42EED300BF00BF0BB05DF804FB2E
:1055B00000B585B00190019B0393039B0433012147
:1055C0001846FFF729FF00BF05B05DF804FB00B5E2
:1055D00087B00190019B0593059B04330121184678
:1055E000FFF732FF0346039303AB0493049B1B783E
:1055F000002B02D10198FFF7A1FF00BF07B05DF8B3
:1056000004FB000000B58DB003900291019200935D
:10561000039B0693069BDB880593039B0B93009BE0
:105620001A1D059BB2FBF3F30A93009B0433059A02
:10563000B3FBF2F2059901FB02F29B1A0993009A5F
:10564000019B1A44059B1344DA1C059BB2FBF3F340
:105650008DF81330069B5B799DF813209A420AD986
:105660002849BA20EDF7A0FE05E00B9B1B680B93C1
:105670000A9B013B0A930A9B002BF6D10023089357
:10568000059A099BD31A0793079A019B934228BF57
:10569000134607932DE09DF83830002B0BD0029A6B
:1056A000089BD0180B9A099B13440433079A194698
:1056B00004F09AFF0AE00B9A099B1344181D029A02
:1056C000089B1344079A194604F08EFF00230993A0
:1056D0000B9B1B680B93019A079BD31A0193089AA3
:1056E000079B13440893059A019B934228BF1346D6
:1056F0000793019B002BCED100BF00BF0DB05DF81A
:1057000004FB00BF38C9030000B587B005900491C1
:105710000392029300230093029B039A0499059835
:10572000FFF770FF00BF07B05DF804FB00B587B05E
:10573000059004910392029301230093029B039A24
:1057400004990598FFF75EFF00BF07B05DF804FB02
:1057500000BF704700B583B001900091019B002B02
:1057600003D108493620EDF71FFE019B9B68009A84
:105770009A4202D2009B013300E00023184603B096
:105780005DF804FBA8CA030084B00190019B1B686C
:105790001B680393019B1B685B680293029A039B3F
:1057A0009A4203D3029A039BD31A06E0019B9A689C
:1057B000039BD21A029B13440133184604B070476E
:1057C00000B585B00190019B002B03D10D49492004
:1057D000EDF7EAFD019B1B681B680393019B1B68A7
:1057E0005B68029302990198FFF7B4FF0246039B9E
:1057F00093420CBF01230023DBB2184605B05DF8CD
:1058000004FB00BFA8CA030010B588B00190009146
:1058100000230793019B002B03D156495420EDF739
:10582000C3FD009B002B03D152495520EDF7BCFD71
:1058300000238DF80F300DF10F031846F8F70CFC1C
:105840000198FFF7BDFF03468DF81B309DF81B3014
:1058500083F00103DBB2002B03D1019B1B7C002BE7
:105860007BD1019B1B685B680593019B1B685A6891
:10587000019B1C6811460198FFF76CFF03466360AB
:105880009DF81B30002B0AD0019B1B681A68019BF6
:105890001C6811460198FFF75DFF03462360019BDA
:1058A000DB68013B072B38D801A252F823F000BF78
:1058B000D1580300E15803001B590300F3580300BB
:1058C0001B5903001B5903001B5903000559030012
:1058D000019B5A68059B1344009A12781A702DE0B8
:1058E000019B5A68059B5B001344009A12881A803A
:1058F00024E0019B5A68059B9B001344009A1268A0
:105900001A601BE0019B5A68059BDB00D118009BC5
:10591000D3E90023C1E9002310E0019B5B6819462D
:10592000019BDB68059A02FB03F30B441846019BBD
:10593000DB681A46009904F057FE00BF0198FFF794
:1059400023FF0490019B1B689B68049A9A4207D925
:10595000019B1B68049A9A6002E00423079300E00D
:1059600000BF9DF80F301846F8F78CFB079B1846D0
:1059700008B010BDA8CA030010B588B0039002910A
:1059800013468DF8073000230793039B002B03D1A8
:1059900045499620EDF708FD029B002B03D14249B3
:1059A0009720EDF701FD00238DF817300DF1170357
:1059B0001846F8F751FB039800F078F8034683F097
:1059C0000103DBB2002B63D0039B1B681B680693AB
:1059D0009DF8073083F00103DBB2002B0AD0039B54
:1059E0001B681A68039B1C6811460398FFF7B2FEF8
:1059F00003462360039BDB68013B072B37D801A2DA
:105A000052F823F0255A0300355A03006F5A030059
:105A1000475A03006F5A03006F5A03006F5A03007E
:105A2000595A0300039B5A68069B13441A78029B39
:105A30001A702FE0039B5A68069B5B0013441A8878
:105A4000029B1A8026E0039B5A68069B9B00134426
:105A50001A68029B1A601DE0039B5A68069BDB00D4
:105A60001344D3E900230299C1E9002312E0039B08
:105A70005B681946039BDB68069A02FB03F30B4441
:105A80001946039BDB681A46029804F0ADFD01E05D
:105A9000052307939DF817301846F8F7F3FA079B8C
:105AA000184608B010BD00BFA8CA030000B585B0F5
:105AB0000190019B002B04D10B4940F2B710EDF788
:105AC00073FC019B1B681B680393019B1B685B684D
:105AD0000293039A029B9A420CBF01230023DBB27C
:105AE000184605B05DF804FBA8CA030000B583B0F2
:105AF0000190019B002B04D1054940F2C510EDF740
:105B000053FC019B1B689B68184603B05DF804FBBF
:105B1000A8CA030000B583B00190019B002B04D1FB
:105B2000064940F2CB10EDF73FFC019B1B680022B9
:105B30009A6000BF03B05DF804FB00BFA8CA030071
:105B400000B583B001900091019B002B03D1104957
:105B50005020EDF729FC009B002B03D10C4951206C
:105B6000EDF722FC019B009A1A60019B1B681A68E2
:105B7000019B5A60019B5A68019B1B685B689A42B3
:105B800002D1019B00225A6000BF03B05DF804FB04
:105B9000FCCA030000B583B00190019B002B03D128
:105BA00014496320EDF700FC019B1B68002B03D117
:105BB00010496420EDF7F8FB019B5B68002B14D0C3
:105BC000019B5B681A46019B1B689B6813441A463D
:105BD000019B5A60019B5A68019B1B685B689A4253
:105BE00004D1019B00225A6000E000BF03B05DF8C1
:105BF00004FB00BFFCCA030000B585B0019001980A
:105C000000F00EF80390039B002B01D0039B00E0F3
:105C1000024B184605B05DF804FB00BF6CCB0300D7
:105C200086B00190164B0593164B04931FE0049A1F
:105C3000059BD31ADB10DA0F13445B10DB00059AC7
:105C400013440393039B1B680293029A019B9A429D
:105C500002D9039B04930AE0029A019B9A4203D261
:105C6000039B0833059302E0039B5B6804E0059AFD
:105C7000049B9A42DBD30023184606B0704700BF4E
:105C800088CE030078CF030082B001900B46ADF8B8
:105C90000230019B1A68BDF80230012101FA03F3BA
:105CA0001A43019B1A6000BF02B0704782B0019096
:105CB0000B46ADF80230019B1A68BDF80230012195
:105CC00001FA03F3DB431A40019B1A6000BF02B0E4
:105CD000704782B001900B46ADF80230BDF802303B
:105CE000012202FA03F31A46019B1340002B14BF52
:105CF00001230023DBB2184602B0704700B585B01F
:105D000001900023ADF80E3010E0BDF80E301946BA
:105D10000198FFF7DEFF0346002B02D0BDF80E30DE
:105D20000AE0BDF80E300133ADF80E30BDF80E308C
:105D30001F2BEAD94FF6FF73184605B05DF804FB38
:105D400000B587B00590049111461A460B46ADF890
:105D50000E3013468DF80D30BDF80E209DF80D3035
:105D60000093134601220499059800F004F800BF3F
:105D700007B05DF804FB00B587B003900291019273
:105D8000ADF80230039B002B3BD0029B002B38D098
:105D9000019B002B35D0002305932FE0059B5B0072
:105DA000039A13441B88BDF802209A4223D1002392
:105DB00004931BE09DF82030002B0AD0049B9B002D
:105DC000029A1344059A92B211461846FFF75CFFF7
:105DD00009E0049B9B00029A1344059A92B2114673
:105DE0001846FFF763FF049B01330493049A019B59
:105DF0009A42DFD305E0059B01330593059B1F2BDA
:105E0000CCD907B05DF804FB00B597B003900291C0
:105E1000019200230493029B002B1ED000231593B4
:105E200018E0159B9BB219460198FFF752FF0346F5
:105E3000002B0CD0159B5B00029A1A44049B591C42
:105E4000049112885B0058336B4423F8442C159B53
:105E500001331593159B1F2BE3D9039B184604AB05
:105E60004422194604F0C0FB039817B05DF804FB08
:105E700010B487B001900091019B009A53E8004F45
:105E800044EA020043E8000191F0000FF6D10594C6
:105E900004900391059B184607B05DF8044B7047CA
:105EA00010B487B001900091019B009A53E8004F15
:105EB00004EA020043E8000191F0000FF6D10594D6
:105EC00004900391059B184607B05DF8044B70479A
:105ED00010B487B001900091019B009A53E8004FE5
:105EE00004EA020043E8000191F0000FF6D10594A6
:105EF00004900391049B184607B05DF8044B70476B
:105F000000B583B0019001210198FFF7B1FF03466E
:105F1000184603B05DF804FB00B583B00190002182
:105F20000198FFF7BDFF0346184603B05DF804FB78
:105F300000B583B0019000210198FFF7C9FF034627
:105F4000184603B05DF804FB82B00190019B9B688A
:105F500000229A60019B9B6800221A61019B9B684A
:105F600000225A61019B9B680022DA60019B9B68BA
:105F700000225A60019B9B6800221A6000BF02B099
:105F80007047000000B589B00390029101928DF82E
:105F90000330029B002B03D137493B20EDF704FA75
:105FA000019B002B03D134493C20EDF7FDF99DF80E
:105FB0000330002B09D0039B9B681846FFF7A0FF16
:105FC0000346002B01D0112351E0039B9B68DA6844
:105FD000039B9B681B69D21A039B5B6801339A423F
:105FE0000DD1019B00221A609DF80330002B04D0D4
:105FF000039B9B681846FFF79BFF002337E0039B3A
:106000009B68DA68039B5B6813400793039B9B685C
:106010001A69039B5B6813400693079A069B9A4292
:1060200005D3039B5A68079BD31A013306E0039BF1
:106030009B681A69039B9B68DB68D31A0593019BD5
:106040001A68059B9A4228BF1A46019B1A60039B57
:106050001A68079B1A44029B1A60039B9B68D968C5
:10606000019B1A68039B9B680A44DA600023184668
:1060700009B05DF804FB00BF78CF030000B585B020
:1060800001900091019B5A68019B9B681969019BD3
:106090009B689B68CB1A134401330393009A039BBC
:1060A0009A4201D9042318E0019B9B689968019BDF
:1060B0009B68009A0A449A60019B9A68019B9B68BE
:1060C0009268DA60019B9B681846FFF725FF03463C
:1060D000002B01D1082300E00023184605B05DF82D
:1060E00004FB000000B589B0039002910192029B6D
:1060F000002B03D135497320EDF756F9019B002B96
:1061000003D132497420EDF74FF9039B9B68184681
:10611000FFF7F6FE0346002B01D0112352E0039B4C
:106120005A68039B9B681969039B9B689B68CB1A01
:10613000134401330593019B1A68059B9A4228BFBB
:106140001A46019B1A60019B1B680793039B9B687F
:106150009A68039B5B6813400693039B5A68069BEF
:10616000D31A01330493079A049B9A4212D9039BD2
:106170001A68069B1344049A0299184604F034FAEC
:10618000079A049BD31A079300230693029A049B51
:1061900013440293039B1A68069B1344079A0299BF
:1061A000184604F021FA039B9B689968019B1A68C2
:1061B000039B9B680A449A60039B9B681846FFF701
:1061C000B7FE0023184609B05DF804FB78CF030042
:1061D00000B589B00390029101928DF80330029BC3
:1061E000002B03D13A499320EDF7DEF8019B002BF9
:1061F00003D137499420EDF7D7F89DF80330002BF1
:106200000AD0039B9B6804331846FFF779FE0346C8
:10621000002B01D0112356E0039B9B689A68039BD7
:106220009B685B69D31A0793079B002B0ED1019BD8
:1062300000221A609DF80330002B05D0039B9B6859
:1062400004331846FFF774FE00233CE0039B9B6871
:106250005A69039B5B6813400693039B9B689A688B
:10626000039B5B6813400593059A069B9A4208D9E5
:10627000019B1B68079A9A4203D2019B079A1A60F6
:1062800011E0059A069B9A420DD8039B5A68069B1B
:10629000D31A01330493019B1B68049A9A4202D2D9
:1062A000019B049A1A60039B1A68069B1A44029B7E
:1062B0001A60039B9B685969019B1A68039B9B6842
:1062C0000A445A610023184609B05DF804FB00BF78
:1062D00078CF030000B58BB0039002910192029B2E
:1062E000002B03D13C49C220EDF75EF8019B002B47
:1062F00003D13949C320EDF757F8039B9B6804335A
:106300001846FFF7FDFD0346002B01D011235EE088
:10631000039B9B689A68039B9B681B69D31A07932E
:10632000019B1A68079B9A4228BF1A46019B1A6074
:10633000019B1B680993039B9B681A69039B5B681D
:1063400013400893039B9B689A68039B5B68134008
:106350000693069A089B9A4203D9069A089BD31A79
:1063600004E0039B5A68089BD31A01330593099AEA
:10637000059B9A4212D9039B1A68089B1344059AFD
:106380000299184604F030F9099A059BD31A09932B
:1063900000230893029A059B13440293039B1A68F7
:1063A000089B1344099A1946029804F01DF9039BAF
:1063B0009B681969019B1A68039B9B680A441A61D0
:1063C000039B9B6804331846FFF7B2FD0023184671
:1063D0000BB05DF804FB00BF78CF030000B585B0BB
:1063E00001900091019B9B689A68019B9B681B69C7
:1063F000D31A0393009A039B9A4201D9042314E011
:10640000019B9B681969019B9B68009A0A441A6169
:10641000019B9A68019B9B6812695A61019B9B686A
:1064200004331846FFF784FD0023184605B05DF8D5
:1064300004FB08B501F0B6F900BF08BD00B589B08E
:10644000039002910192019B002B22D0002307931D
:106450000A230693029A079B1344019A19460020C7
:1064600001F02AF90590079A059B13440793019AB6
:10647000059BD31A0193059B002B05D1069B013B7D
:106480000693069B002B03D0019B002BE2D100E07A
:1064900000BF00BF09B05DF804FB000000B585B087
:1064A00003900291054B00934023054A02990398FB
:1064B00000F012F800BF05B05DF804FB3D64030076
:1064C000703E002082B0019000BF02B0704782B0E1
:1064D000019000BF02B0704700B5A1B005900491D3
:1064E000039202930498FFF763F8039B1593029BB2
:1064F00016930023179300238DF86030002319931F
:10650000229B1A9300231F930FA91F9B0822049814
:10651000FFF70CF908231F93119B1293109B9BB25A
:10652000ADF84C3000238DF850309DF83C3003F02E
:106530000303DBB2012B32D10F9BC3F395231C93D2
:106540009DF83C30C3F3C203DBB28DF84E309DF8AA
:106550003C30C3F38003DBB2002B14BF01230023C4
:10656000DBB28DF84F30BDF83C30C3F38313DBB2A0
:106570001B931B9B9A0009A91F9B0498FFF7D6F851
:106580001B9B9B001F9A13441F9312AA09A915ABCA
:10659000009313461B9A1C9800F074FE3BE09DF894
:1065A0003C3003F00303DBB2022B34D1BDF83E30A4
:1065B000C3F389139BB21E939DF83C30C3F3C2030F
:1065C000DBB28DF84E309DF83C30C3F38003DBB274
:1065D000002B14BF01230023DBB28DF84F301E9B2C
:1065E000082B28BF08231D9307A91F9B1D9A0498F9
:1065F000FFF79CF81F9A1D9B13441F931E9A1D9B27
:10660000D31A1E9315AB12AA07A81D9900F0DCFE41
:106610001E9B002BE3D10498FEF7D9FF00BF21B0E9
:106620005DF804FB82B00190019B01225A7200BF09
:1066300002B0704700B583B04FF0FF330193FFF70E
:10664000F8FE0421084800F057FD0190019B002B43
:1066500003DA06494120ECF7A7FE0348FFF7E2FF03
:1066600000BF03B05DF804FBBC2C0020E8CF0300A2
:1066700000B583B001900091019B1B681B680099D5
:106680000198984700BF03B05DF804FB00B583B0E4
:106690000190019B1B685B680198984700BF03B09D
:1066A0005DF804FB82B001900B468DF80330019B2E
:1066B0009DF803201A7200BF02B0704782B00190AB
:1066C000019B1B7A184602B0704782B00190019B73
:1066D00001225A7200BF02B0704782B00190019B44
:1066E0005B7A184602B0704710B487B001900091F1
:1066F000019B009A53E8004F44EA020043E800017E
:1067000091F0000FF6D1059404900391049B184674
:1067100007B05DF8044B704710B487B0019000914A
:10672000019B009A53E8004F04EA020043E800018D
:1067300091F0000FF6D1059404900391059B184643
:1067400007B05DF8044B704700B583B0019001219C
:106750000198FFF7C9FF0346184603B05DF804FB34
:1067600000B583B0019000210198FFF7D5FF0346E3
:10677000184603B05DF804FB00B587B001901F4BCD
:10678000FF229A601D4B00221A601C4B00225A60A7
:106790001A4B0022C3F81824184B0022C3F8142403
:1067A000164B002283F81C241548FEF765FE049062
:1067B000049B002B01D0049B1CE0124A124BD31AFD
:1067C000DB080393002305930FE0059A13465B0053
:1067D00013449B001A460D4B13440293059B9AB237
:1067E000029B1A80059B01330593059A039B9A42ED
:1067F000EBD30023184607B05DF804FB803F002070
:1068000058D00300CCA803006CA80300682A00201D
:10681000024A034BD31ADB0818467047CCA8030082
:106820006CA8030000B587B001900B468DF80330CB
:106830009DF80330002B23D0FFF7EAFF04900023DC
:10684000059317E0059A13465B0013449B001A4614
:106850000E4B13440393039B5B881A46019B1B68F2
:106860009A4204D1019B059A1A60002309E0059B16
:1068700001330593059A049B9A42E3D3052300E074
:106880000023184607B05DF804FB00BF682A00200B
:1068900000B585B001900B468DF803309DF80320BC
:1068A00001AB11461846FFF7BDFF0346002B07D189
:1068B000019BDB00054A13440393039B1B6800E024
:1068C0000023184605B05DF804FB00BF6CA8030068
:1068D00084B001900B468DF80330019BDB00174A12
:1068E000134402939DF80330013B032B1CD801A2F3
:1068F00052F823F0056903000D69030015690300D0
:106900001F69030002238DF80F3011E004238DF876
:106910000F300DE0029B1B798DF80F3008E0029BD1
:106920005B798DF80F3003E000238DF80F3000BF46
:106930009DF80F30184604B0704700BF6CA80300E4
:1069400000B589B04148FFF7FFFE4148FFF7FCFE64
:10695000404B5B6807933F4B9B680493079A049BEB
:10696000134002339B003B4A1344043306931BE05D
:10697000079B01330793069B5B88C3F389139BB284
:106980001A46069B1B88C3F389139BB213441A460D
:10699000079B13440793079A049B134002339B0001
:1069A0002C4A134404330693069B1B7803F003031D
:1069B000DBB2002BDCD00023059311E0079B5A1CAF
:1069C0000792049A1340059A920069460A442149A5
:1069D00002339B000B445B681360059B01330593F6
:1069E000059B012BEAD99DF80030C3F30103DBB20C
:1069F000012B0CD0022B14D1BDF80230C3F3891344
:106A00009BB203339B08079A134407930FE0BDF82A
:106A10000030C3F38313DBB21A46079B134407937A
:106A200005E00D4940F24D10ECF7BEFC00BF0848F0
:106A3000FFF796FE0390039B002B02D0054A079BAD
:106A4000536000BF09B05DF804FB00BF984300200D
:106A500094430020803F00207CD0030010B586B016
:106A60000390029101920093039B1B0CADF816302A
:106A7000BDF81640FFF7CCFE03469C4204D32349E1
:106A80004FF4B270ECF790FC009B5A1C089B13402B
:106A9000BDF816201E4902339B000B445A60009A31
:106AA000089B134002339B00194A13440433049398
:106AB000039B1B0903F00103D9B2049A137861F315
:106AC00082031370039B03F00703D9B2049A13786F
:106AD00061F3C5031370019B03F00F03D9B2049A4D
:106AE000138861F389131380029BC3F31501049A81
:106AF000136861F39F231360049A1378012161F3F3
:106B00000103137000BF06B010BD00BF7CD00300AE
:106B1000803F002000B58BB001900091019B0233B3
:106B200008930223079301238DF81B3000238DF86F
:106B30000F300DF10F031846F7F78EFA214B1A6844
:106B4000009B1A601F4B9A681E4B59681D4B1B68AF
:106B5000CB1A134401330993089A079B13440593F6
:106B60000BE0FFF7EDFE174B9A68164B5968154B73
:106B70001B68CB1A134401330993059A099B9A4267
:106B8000EFD8104B1A680F4B9B68134002339B00E1
:106B90000C4A134404330493049A137843F0030318
:106BA0001370084B1A68089B1344064A13609DF83B
:106BB0000F301846F7F766FA9DF81B3018460BB0F1
:106BC0005DF804FB803F002000B58BB00590049178
:106BD000039202931E4B9B68079306AB19460298DB
:106BE000FFF798FF0346002B24D0069B023309933E
:106BF0000023089311E0089B9B00039A1A44099B09
:106C0000591C099107990B401268114902339B00E6
:106C10000B445A60089B01330893089A029B9A42DE
:106C2000E9D3069A079B00931346029A04990598A4
:106C3000FFF714FF064B93F81C34002B04D000F030
:106C400063F80346002BFAD100BF0BB05DF804FBDC
:106C5000803F002000B583B0019000910023002206
:106C600000990198FFF7B0FF00BF03B05DF804FB87
:106C700000B587B0039002910192019B059305AA8C
:106C8000012302990398FFF79FFF00BF07B05DF84B
:106C900004FB00B587B00390029101920093019B21
:106CA0000493009B059304AA022302990398FFF71B
:106CB0008BFF00BF07B05DF804FB00B589B00390FF
:106CC000029101920093019B0493009B05930A9B00
:106CD00006930B9B079304AA042302990398FFF7DA
:106CE00073FF00BF09B05DF804FB0000054B5A6854
:106CF000044B1B689A420CBF01230023DBB21846E9
:106D0000704700BF803F002000B599B0FFF7EEFF4D
:106D10000346002B01D00023B3E19C4B0022C3F8B3
:106D20001824BFF34F8F00BF984B5B681793974BA6
:106D30009B681093179A109B134002339B00934A51
:106D40001344043316930023159300231493002354
:106D50000F931BE0179B01331793169B5B88C3F3BC
:106D600089139BB21A46169B1B88C3F389139BB2E7
:106D700013441A46179B13441793179A109B1340FA
:106D800002339B00814A134404331693169B1B78ED
:106D900003F00303DBB2002BDCD00023139311E0DC
:106DA000179B5A1C1792109A1340139A920002A92B
:106DB0000A44764902339B000B445B681360139BC3
:106DC00001331393139B012BEAD99DF8083003F08C
:106DD0000303DBB2022B40F09C80BDF80A30C3F302
:106DE00089139BB20D93BDF80A30C3F389139BB28C
:106DF000502B28BF50239BB20C930C9BC3F3090369
:106E00009AB2BDF80A3062F38F13ADF80A300C9BCA
:106E100008330B939DF80830C3F3C203DBB20F9322
:106E20000B995B48FEF733FB1590159B002B00F088
:106E3000E0801598FEF7BCFB02A9149B0822159868
:106E4000FEF762FC149B08331493179BDA43109BE4
:106E5000134001339B000A930C9A0A9B9A4242D931
:106E60000A9B002B08D0179A109B134002339B00FB
:106E7000464A1344043300E0464B08930A9B002B18
:106E800002D00A9BDBB201E00C9BDBB28DF81F3015
:106E90000A9B002B01D03F4B00E0002306930A9B86
:106EA000002B06D00C9BDAB20A9BDBB2D31ADBB202
:106EB00000E000238DF817309DF81F20149B0899DF
:106EC0001598FEF721FC9DF81F30149A1344149373
:106ED000069B002B16D09DF81720149B0699159839
:106EE000FEF712FC0EE0179A109B134002339B0032
:106EF000264A134404330993149B0C9A0999159854
:106F0000FEF702FC0D9B03339B08179A134417935B
:106F10006FE09DF8083003F00303DBB2012B5AD178
:106F2000BDF80830C3F38313DBB2062B28BF06235A
:106F3000DAB2BDF8083062F38913ADF80830BDF855
:106F40000830C3F38313DBB202330E939DF808308D
:106F5000C3F3C203DBB20F930E9B9B0019460C4890
:106F6000FEF795FA1590159B002B42D01598FEF769
:106F70001FFB02A9149B08221598FEF7C5FB149B62
:106F800008331493002313931BE000BF803F0020BD
:106F900058D003008C3F0020179B5A1C1792109A60
:106FA000134002339B00394A1344191D149B0422D9
:106FB0001598FEF7A9FB149B04331493139B01331C
:106FC0001393BDF80830C3F38313DBB21A46139B47
:106FD0009342E1D30DE09DF8083003F00303DBB2E8
:106FE000032B06D1294BD3F81834002B01D10023F1
:106FF00047E0159B002B3ED0244BD3F8103412935E
:10700000224BD3F81834002B1AD01598FEF7DFFA6C
:1070100031E000238DF847301298FFF75EFB0346FE
:10702000002B02D001238DF847309DF84730002B0C
:1070300003D015991298FFF71BFB129B5B68129304
:10704000129B002BE5D11598FEF7C1FA00238DF8AD
:1070500007300DF107031846F6F7FEFF0B4BD3F888
:107060001834002B02D1094A179B53609DF8073052
:107070001846F7F707F8FFF739FE034683F00103D8
:10708000DBB2184619B05DF804FB00BF803F00205A
:1070900000B585B00023039322E0164BD3F81034DB
:1070A000029301238DF807300EE00298FFF706FBEC
:1070B00003461A46039B934203D100238DF8073001
:1070C00005E0029B5B680293029B002BEDD19DF8CB
:1070D0000730002B01D0039B07E0039B0133039390
:1070E000039B092BD9DD4FF0FF33184605B05DF83F
:1070F00004FB00BF803F002000B585B001900B4627
:107100008DF80330FFF7C4FF0390039BB3F1FF3FFB
:1071100001D1039B1EE0039BDBB219460198FFF7E8
:10712000C1FA0E4BD3F81034002B07D10B4A019B48
:10713000C2F81034019B00225A600AE0074BD3F8D2
:1071400010345A68019B5A60044BD3F81034019AEA
:107150005A60039B184605B05DF804FB803F002091
:1071600000B583B00C4BD3F8103401930A4B0122C5
:1071700083F81C2408E00198FFF7A7FA0198FFF7AD
:1071800085FA019B5B680193019B002BF3D100BF43
:1071900000BF03B05DF804FB803F002010B582B053
:1071A00001900091019BDB7983F00103DBB2002B9E
:1071B00028D0019B1B7A002B12D0019B9B881A467A
:1071C000019B9B7919461046FFF782FB03461A463E
:1071D0000E4B53F822301A460D490098FDF752F92C
:1071E000019B9B791A460B4B53F82240019B9B88CD
:1071F00000211846FFF74CFB03462246064900983B
:10720000FDF740F900BF02B010BD00BFDC2C00202C
:107210004CD10300C82C002050D1030000B585B02C
:107220000390029113468DF80730039BDB7983F0BE
:107230000103DBB2002B0FD0039B1B7A002B06D07F
:107240000D4B1B681A460D490298FDF71BF90C49B6
:107250000298FDF717F907E09DF80730002B03D0DF
:1072600007490298FDF70EF90298FDF7E9F800BF0B
:1072700005B05DF804FB00BFDC2C00204CD10300FE
:107280005CD1030030B58BB0079006910592049352
:107290000E9B1B7B8DF827300E9B00221A730E99D4
:1072A0000498FFF77BFF059B062B7FD801A252F8BD
:1072B00023F000BFD1720300DB720300EB72030006
:1072C000FF7203001D730300457303007573030011
:1072D00007990E98FDF7D6F869E0069B1B681A46D9
:1072E00007990E98FDF7CEF861E0069B1A68069B99
:1072F00004331B6807990E98FDF7C4F857E0069B06
:107300001A68069B04331968069B08331B680093B0
:107310000B4607990E98FDF7B5F848E0069B1968EB
:10732000069B04331868069B08331B68069A0C32C8
:1073300012680192009303460A4607990E98FDF7DA
:10734000A1F834E0069B1868069B04331C68069B72
:1073500008331B68069A0C321268069910310968C6
:107360000291019200932346024607990E98FDF779
:1073700089F81CE0069B1C68069B04331D68069B6D
:1073800008331B68069A0C32126806991031096896
:1073900006981430006803900291019200932B46E6
:1073A000224607990E98FDF76DF800E000BF002215
:1073B0000E990498FFF732FF0E9B9DF827201A7351
:1073C00000BF0BB030BD00BF00B587B00390029185
:1073D00001920093029B082B5CD8009B1B7B8DF8CD
:1073E0001330009B00221A7300990198FFF7D6FE14
:1073F0000023059314E0059A029B9A4209D2039A4E
:10740000059B13441B781A4624490098FDF73AF867
:1074100003E023490098FDF735F8059B01330593F8
:10742000059B072BE7D91F490098FDF72BF8002390
:10743000059322E0059A029B9A4217D2039A059B74
:1074400013441B788DF812309DF81230184603F063
:107450009AF90346002B02D09DF8123000E02E234B
:107460001A4611490098FDF70DF803E00F490098FE
:10747000FDF708F8059B01330593059B072BD9D928
:10748000012200990198FFF7C9FE009B9DF8132087
:107490001A7300E000BF07B05DF804FB60D1030081
:1074A00068D103006CD1030070D1030074D10300D4
:1074B00082B0204B0193019B02221A61019B0222A0
:1074C0005A61019B1C4A9A61019B1C4ADA61019B2B
:1074D0004FF400721A62019B00229A62019B002203
:1074E0005A62019B0022DA62019B134A9A64019B53
:1074F000134ADA64019B10221A65019B00229A65E7
:10750000019B00225A65019B0022DA65019B07332B
:107510000C4A10681860019B0B4A1068186091882B
:10752000927999809A71019B20229A7100BF02B0D2
:10753000704700BFA043002078D10300184400200A
:107540001846002084D1030088D1030000B589B01B
:1075500003900291019200230693039BDB6805933D
:10756000039B1B690493049A059B9A4205D9049ACC
:10757000059BD31A013B079307E0039B9A68049984
:10758000059BCB1A1344013B0793039B9A68059B09
:10759000D31A079A934228BF13460793079A019B71
:1075A000934228BF13460793039B5A68059B1344D5
:1075B000079A0299184603F017F8069A079B134496
:1075C0000693029A079B13440293019A079BD31ACE
:1075D0000193059A079B13440593039B9B68059AA7
:1075E0009A4201D100230593039B059ADA60019B1F
:1075F000002BB5D1069B184609B05DF804FB00B519
:1076000089B0039002910192039BDB680793039B6F
:107610009A68079BD31A0693069A019B9A420ED941
:10762000039B5A68079B1344019A0299184602F07B
:10763000DBFF079A019B1A44039BDA601AE0069B62
:107640000593039B5A68079B1344059A02991846B1
:1076500002F0CAFF019A069BD31A0593039B586850
:10766000029A069B1344059A194602F0BDFF039B3C
:10767000059ADA6000BF09B05DF804FB86B001909E
:10768000019B1B690493019BDB680393049A039B92
:107690009A4208D8019B9A68039BD21A049B134410
:1076A000013B059304E0049A039BD31A013B059325
:1076B000059B184606B0704700B589B0039002914B
:1076C0000192029B0693039B5A1C13465B001344D2
:1076D000DB00204A13440593059B5B69022B29D0EC
:1076E000022B2ED8002B02D0012B13D029E00598B5
:1076F000FFF7C4FF0490049A019B9A4202D2002330
:10770000079321E0019B0793019A06990598FFF7DB
:1077100076FF19E00598FFF7B1FF0490019A049BEA
:10772000934228BF13460793079A06990598FFF7D7
:1077300066FF09E0019A06990598FFF707FF079091
:1077400002E00023079300BF079B184609B05DF8CD
:1077500004FB00BFA043002000B587B00390029156
:1077600001920F4B1B78002B01D1FFF7A1FE0023E4
:107770008DF813300DF113031846F6F76DFC019ADE
:1077800002990398FFF798FF05909DF8133018466B
:10779000F6F778FC059B184607B05DF804FB00BFC0
:1077A000A043002008B5FFF783FE00BF08BD00001E
:1077B00082B003468DF807309DF8073003F01F02B2
:1077C00005499DF907305B09012000FA02F241F8F2
:1077D000232000BF02B0704700E100E082B0034602
:1077E0008DF807309DF8073003F01F0206499DF918
:1077F00007305B09012000FA02F2203341F8232010
:1078000000BF02B0704700BF00E100E082B0034655
:1078100000918DF807309DF90730002B0CDA009BA2
:10782000DAB20C499DF8073003F00F03043B520114
:10783000D2B20B441A7609E0009BDAB206499DF9F0
:1078400007305201D2B20B4483F8002300BF02B0CC
:10785000704700BF00ED00E000E100E082B00346A9
:107860008DF807309DF90730002B0BDA0B4A9DF895
:10787000073003F00F03043B13441B7EDBB25B09AC
:10788000DBB208E0064A9DF90730134493F8003351
:10789000DBB25B09DBB2184602B0704700ED00E0D6
:1078A00000E100E000B583B00190019B002B03D103
:1078B0000449C420EBF778FD019B5B68184603B0D0
:1078C0005DF804FB90D1030010DF704700BF18463D
:1078D00011DF704700BF184682B003468DF80730AD
:1078E0009DF907301F2B0CDC9DF907300F4A22FA57
:1078F00003F303F00103002B14BF01230023DBB2C9
:1079000010E09DF907303F2B0BDC9DF90730203B41
:10791000012202FA03F3002B14BF01230023DBB280
:1079200000E00123184602B0704700BFFC06FFBD0F
:1079300082B00190019B072B01D900230BE0019B32
:10794000002B05D0019B012B02D0019B042B01D100
:10795000002300E00123184602B0704700B583B051
:1079600003468DF807309DF907301846FFF7B4FF3E
:107970000346002B02D142F201032EE09DF90730AD
:107980001846FFF76BFF03461846FFF7D1FF034683
:10799000002B02D142F202031FE0124B9B68002B26
:1079A00015D09DF907305B090E4A52F823209DF847
:1079B000073003F01F03012101FA03F319469DF973
:1079C00007305B090A43074941F8232004E09DF989
:1079D00007301846FFF7ECFE0023184603B05DF8A9
:1079E00004FB00BF8C3C002000B583B003468DF83B
:1079F00007309DF907301846FFF76EFF0346002B4E
:107A000002D142F201031FE0114B9B68002B15D0FD
:107A10009DF907305B090E4A52F823109DF8073094
:107A200003F01F03012202FA03F3DA439DF9073042
:107A30005B090A40064941F8232004E09DF907301C
:107A40001846FFF7CBFE0023184603B05DF804FB91
:107A50008C3C002000B583B0034600918DF80730C0
:107A60009DF907301846FFF737FF0346002B02D178
:107A700042F201030FE00098FFF75AFF0346002B84
:107A800002D142F2020306E09DF907300099184640
:107A9000FFF7BCFE0023184603B05DF804FB0000AE
:107AA00000B587B003468DF8073002AB144918467D
:107AB000FEF746F817E002AB1846FFF7F3FE059015
:107AC000059B1B680493059B59689DF80720049B40
:107AD000104698470346002B01D111230BE002AB5F
:107AE0001846FEF757F802AB1846FFF7DBFE0346D1
:107AF000002BE0D10023184607B05DF804FB00BF5F
:107B000054D2030000B587B003468DF8073002ABAE
:107B100011491846FEF714F812E002AB1846FFF7B9
:107B2000C1FE0590059B1B680493059B59689DF851
:107B30000720049B1046984702AB1846FEF72AF828
:107B400002AB1846FFF7AEFE0346002BE5D100BF9F
:107B500000BF07B05DF804FB60D2030000B583B03E
:107B60001620FFF7FBFE0190019B0093009B002B6A
:107B700004D0044A99210098F5F73CFA00BF03B0FD
:107B80005DF804FBFCD1030000B583B01620FFF7BD
:107B90002BFF0190019B0093009B002B04D0044A13
:107BA000A5210098F5F726FA00BF03B05DF804FBA5
:107BB000FCD1030000B585B007211620FFF74AFF6E
:107BC0000390039B0293029B002B04D00B4AB82125
:107BD0000298F5F70FFA07211520FFF73BFF0390F6
:107BE000039B0193019B002B04D0044ABA21019806
:107BF000F5F700FA00BF05B05DF804FBFCD1030007
:107C000000B583B01B4B1B78002B01D008232CE060
:107C1000194B01221A700020FFF742FF0346112B77
:107C200001D1002321E00020FFF76CFF134B1B68FC
:107C300000936B4612491846FFF746FE0190019BE0
:107C4000002B01D0019B10E00A4B01221A700A4B55
:107C500000221A700B4B00221A70FFF7ABFFFFF7E0
:107C60007DFF0120FFF74EFF0023184603B05DF8AB
:107C700004FB00BF284600202A46002050D2030003
:107C8000C1D002002946002000B583B0174B1B78F5
:107C900083F00103DBB2002B01D0082321E0144B59
:107CA00001221A700120FFF7FBFE0346112B01D1C0
:107CB000002316E00220FFF725FFFFF709FE0190E1
:107CC000019B002B01D0019B0BE0084B00221A7096
:107CD000074B00221A70FFF757FF0320FFF712FF30
:107CE0000023184603B05DF804FB00BF28460020BF
:107CF0002A46002008B50B4B1B7883F00103DBB24A
:107D0000002B01D008230AE0074B1B78002B03D07F
:107D1000FFF7BAFF034602E0FFF772FF034618467B
:107D200008BD00BF2A46002028460020014B1B78D2
:107D3000184670472846002000B585B06B461149AB
:107D40001846FDF7FDFE10E06B461846FFF7AAFD4A
:107D50000390039B1B680293039B5A68029B104687
:107D600098476B461846FDF715FF6B461846FFF718
:107D700099FD0346002BE7D100BF00BF05B05DF8B9
:107D800004FB00BF6CD2030008B5FFF7D5FF00BFAE
:107D900008BD60DF704700BF184669DF704700BF4D
:107DA000184661DF704700BF1846000000B583B079
:107DB0000190019B002B03D10449C420EBF7F4FA96
:107DC000019B5B68184603B05DF804FB78D20300A2
:107DD00082B00190019B002B01D10E2304E0044BE3
:107DE0001A46019B1A600023184602B0704700BF74
:107DF000682A002010B586B0034600918DF8073040
:107E00000098FFF7E5FF0590059B002B01D0059B2F
:107E1000E0E002AB0C220021184602F017FC9DF8AE
:107E200007308DF8083001238DF80A300323ADF8B0
:107E30000C30009B1A6802AB19462020FFF7ADFFFB
:107E40000590059B002B0DD0644B1B881B0443F051
:107E500001040598FDF7D0FE03461A466049204606
:107E6000FEF706FF02AB0C220021184602F0EEFBE3
:107E700001238DF8083000238DF8093000238DF898
:107E80000A30009B1A6802AB19464020FFF785FFB5
:107E90000590059B002B0DD0504B1B881B0443F015
:107EA00001040598FDF7A8FE03461A464D492046F1
:107EB000FEF7DEFE02AB0C220021184602F0C6FBE4
:107EC0009DF807308DF80830F723ADF80A30009B95
:107ED0001A6802AB19462320FFF75FFF0590059B48
:107EE000002B0DD03D4B1B881B0443F0010405986B
:107EF000FDF782FE03461A463B492046FEF7B8FED0
:107F000002AB0C220021184602F0A0FB01238DF8E1
:107F10000830009B1A6802AB19460120FFF73DFFAD
:107F20000590059B002B0DD02C4B1B881B0443F0A8
:107F300001040598FDF760FE03461A462B492046CA
:107F4000FEF796FE02AB0C220021184602F07EFBE3
:107F50004FF4B0630293009B1A6802AB1946A1204C
:107F6000FFF71BFF0590059B002B0DD01B4B1B88BB
:107F70001B0443F001040598FDF73EFE03461A4634
:107F80001B492046FEF774FE02AB0C220021184666
:107F900002F05CFB9DF8083023F001038DF80830F7
:107FA000009B1A6802AB1946A020FFF7F6FE059069
:107FB000059B002B0DD0094B1B881B0443F00104CB
:107FC0000598FDF719FE03461A460A492046FEF7B2
:107FD0004FFE0023184606B010BD00BFBC2A00208B
:107FE000E8D2030030D303007CD30300C4D30300E2
:107FF00010D4030064D4030082B04FF08053D3F850
:108000000C319B020193019B03F10053184602B00F
:108010007047000010B584B00190019B1B6803936A
:108020000198FFF7B6FE0290019B1B68039A9A42E3
:108030001AD0184B1B881B0443F00200019B1B68DD
:10804000039A1549FEF725FE124B1B881B0443F0CB
:108050000204FFF7D1FF0246019B1B68D31A1A46A0
:108060000E492046FEF704FE029B002B0DD0094B63
:108070001B881B0443F001040298FDF7BDFD034675
:108080001A4607492046FEF7F3FD029B184604B046
:1080900010BD00BFBC2A0020B8D40300E8D4030000
:1080A0000CD5030000B5F1B070ABA3F5DE7318601A
:1080B0004FF4CE73ADF8AE310DF5D77202AB114669
:1080C0001846FFF76EFE6F906F9B002B03D06F9BDF
:1080D000052B22D127E002AB6E9369AB14491846F9
:1080E000FDF72EFD11E069AB1846FFF75FFE6D90BE
:1080F0006D9B1B686C936D9B5A686C9B11466E98C8
:10810000984769AB1846FDF745FD69AB1846FFF780
:108110004DFE0346002BE6D1CAE7064A40F2211184
:108120006F98F4F767FF00BF71B05DF804FB00BF04
:1081300084D503002CD5030000B583B00190019BCA
:10814000002B03D10449C420EBF72EF9019B5B6897
:10815000184603B05DF804FB90D5030048DF704774
:1081600000BF184600B589B0019004AB1846FFF770
:10817000F5FF0790079B002B03D0079B052B20D111
:1081800024E002AB13491846FDF7DAFC11E002AB1C
:108190001846FFF7D1FF0690069B1B680593049ACB
:1081A000069B5968059B1046984702AB1846FDF799
:1081B000F1FC02AB1846FFF7BFFF0346002BE6D1E8
:1081C000D3E7054A6B210798F4F714FF00BF09B005
:1081D0005DF804FB58D6030000D603000048704742
:1081E000384600202DE9F84390460F460546814663
:1081F0004C46267866B104F10109304602F0B3FA24
:108200000028F5D12D2E05D02B2E01D1012602E01C
:10821000012601E000264C4669462046424600F011
:1082200023F827B10099A14218BF0D463D605EB109
:108230000028A8BFBDE8F88300F07AF803210160A8
:108240006FF00040BDE8F883B0F1004FFAD000288D
:108250005CBF4042BDE8F88300F06AF8032101608A
:108260004FF00040BDE8F8832DE9F04714468846FA
:1082700081460130824610F8017CBFB1384602F0D9
:1082800072FA00280AF10100F4D1302F0ED110F853
:10829000017C07F0DF0158290DD16FF010010C426D
:1082A0000CD1102410F8017B012508E0002C08BF38
:1082B0000A24012504E0002C08BF0824002582467A
:1082C0003846214600F0BCFC0027002818D40026C0
:1082D000002507FB040106FB04F000EB1146300CFF
:1082E0001AF8010B18BF01258FB2214600F0A8FC37
:1082F0000028EEDA3004B5FA85F14909002501E0DD
:1083000000200121B8F1000F05D0002D08BFAAF10F
:108310000109C8F8009000291CBF3843BDE8F08768
:1083200000F006F803210160081FBDE8F087000097
:1083300000B50249FFF752FF084400BD08000000E5
:1083400042F60451C2F20001096800F000B880B59D
:108350000B468DF803000DF103000121012200F00E
:1083600020F800289DF8030008BF4FF0FF3008BD3B
:1083700038B5044642F60450C2F2000005682046B3
:1083800002F072F802462846214602F009F8013050
:108390001EBF0A20BDE83840FFF7D2BF4FF0FF30C4
:1083A00038BDF8B51D4617460C460646184601F07E
:1083B000DBFF002803D407FB04F2A24201D2002015
:1083C000F8BD2846314601F0EBFFB0FBF4F0F8BDF4
:1083D000002052EC101BB0EB41004FEA420040EA93
:1083E000D17040F20001CFF6E07171EB00008041E6
:1083F0004042704751EC100B21F0004181F0E04108
:1084000081F07F610843B0FA80F04009704751EC79
:10841000100B4A0042EAD07010F5001F8041404224
:108420000022C7F6F072114018BF012108407047C2
:1084300051EC100BC80F704751EC102BC1F30A53CD
:10844000002B1CBF40F2FF7C634500D170471844ED
:10845000604506DB0020C7F6F07060F31E010022C5
:1084600008E00028C7BF6FF31E5141EA005101F038
:108470000041002241EC102B704752EC10CBC2F3AC
:108480000A5340F2FF718B4211BF002B00210160A3
:108490007047A3F2FE31016040F2FE3060F31E52DD
:1084A00042EC10CB7047000070B551EC11EB6FF44B
:1084B00000154FF0FF34661C45F100020020C7F69E
:1084C000F070014200F0A08050EC103BB4EB43048C
:1084D0004FEA400444EAD374A541C0F09580B6EB5E
:1084E0004E064FEA410646EADE76B2419FED580B52
:1084F00072D300F0004C20F0004421F00042BEEBAB
:10850000030172EB040180F08280C0F30A5119B1BB
:10851000012464F31F501AE0B4FA84F1B3FA83F033
:10852000002C08BF00F12001A1F10B0504FA05F0B1
:10853000C1F12B0423FA04F42043B1F12B0458BFFA
:1085400003FA04F04CBFAB400023C1F10B01140D42
:1085500003D0012565F31F521BE0B2FA82F4BEFA84
:108560008EF5002A08BF05F12004A4F10B05AA40EE
:10857000C4F12B062EFA06F63243B4F12B0658BF8F
:108580000EFA06F20EFA05FE58BF4FF0000EC4F1C7
:108590000B04A14214DDB3EB0E0570EB020605D40B
:1085A00083EA0E035040184302D113E01D460646ED
:1085B0007000013940EAD5706B00A142EBDC214626
:1085C000B3EB0E0470EB020507D483EA0E035040B0
:1085D000184304D14CEC100B70BD1C460546E80254
:1085E00008D4680040EAD470640001392A030546C3
:1085F000F7D500E02846002915DD0139604400EB7D
:10860000015040EC104B70BD9FED110B70BD84EA22
:10861000020183EA0E02114306BF0021604619469B
:1086200040EC101B70BDC1F1010224FA02F3C2F14B
:10863000200600FA06F643EA06046FF01E03591AF4
:1086400058BF20FA01F44CBFD04000200021D5E7EC
:10865000000000000000F87F50EC10CBC0F30A527D
:10866000531E40F2FE718B424FD240F2FE318A42DD
:1086700006D800282AA0A8BF083090ED000B70474C
:1086800040F232418A4288BF7047F0B5A2F2FF3310
:10869000B3F120014FF48017C3F1200407FA04F569
:1086A00040F20006CFF6F07606FA04F25CBF27FA35
:1086B00001F546FA01F202EA0C0E27FA03F24EBF68
:1086C0001E4100224FF0FF36064015EB0E057241A9
:1086D0002CFA04F400FA03F73C43002958BF0CFAC3
:1086E00001F46FF31F540CFA03F148BF0C43B4FAC2
:1086F00084F149090028A8BF41F0010100291CBFED
:108700003246754642EC105BF0BD002A04BF00F013
:108710000040944640EC10CB704700BF00BF00BF44
:10872000000000000000F0BF00000000000000009A
:10873000F0B583B052EC106B8DED000B4FF0FF30B5
:1087400000EB125040F2FD71884200F2D98000F037
:108750000101D4024DF2646EC0F2030EC2F347323F
:108760001EF802C00EEB546244EA5654F60292F828
:1087700000E181F001021E31D640650005FA01F1E9
:1087800046EA010344F0004626FA02F70CFB0CF619
:10879000A7EB06461D0A45EA0665360AA5FB0E54F8
:1087A00006FB0E4606EB0C66A6FB0541CC0F490006
:1087B000E6FB0614591A67EB0404090A41EA04614E
:1087C000A1FB0E12240A04FB0E2249197241A2FBDE
:1087D0000165EE0F6D00E2FB02565D1B67EB0606BE
:1087E0002D0A45EA0665A5FB0E54360A06FB0E4621
:1087F00049197241A2FB0165EE0F6D00E2FB0256C2
:108800005D1B67EB06062D0A45EA0665A5FB0E54BF
:10881000360A06FB0E4649197241A2FB0165EE0FAE
:108820006D00E2FB02565D1B67EB06062D0A45EA6A
:108830000665A5FB0E54360A06FB0E464919724121
:10884000A2FB0165EE0F6D00E2FB02565D1B67EBBC
:1088500006062D0A45EA0665A5FB0E54360A06FBF8
:108860000E4649197241A2FB0165EE0F6D00E2FB55
:1088700002565D1B67EB06062D0A45EA0665A5FB59
:108880000E54360A06FB0E4649197241A2FB0165D9
:10889000EE0F6D00E2FB02565D1B67EB06062D0A2C
:1088A00045EA0665A5FB0E54360A06FB0E4E49192D
:1088B00042EB0E024FF4806ECE0A6EF30A01A2FB69
:1088C000011E4FEADE714FEA4E0EE2FB02E1BEEB03
:1088D000030EB941894149424FEAD22E46EA42523B
:1088E00020F0010000F2FE30571C4EEBC04600297C
:1088F00004BF0EEBC046174646EC107B03B0F0BD3C
:10890000110D40F2FF7081421ED35CEC101B2CF065
:1089100000440C43F2D000244FF0604040F0FF537D
:10892000500040EAD670B4EB460E73EB0000804175
:108930004042604614BF0C460A48002AA4BF0C46B9
:10894000604640EC104BD9E756EA0200D6D06846A4
:1089500000F00AF810F00101DDE9006218BF22F40E
:108960008012F6E60000F87F10B5D0E900C2B2FA36
:1089700082FEBCFA8CF3002A08BF03F1200EAEF190
:108980000B039A40CEF12B042CFA04F41443BEF1ED
:108990002B0E58BF0CFA0EF40CFA03FC58BF4FF024
:1089A000000CC0E900C4C81A10BD2DE9F04FC9B0D1
:1089B0005FEA0209039000F007819B460B29C9F189
:1089C0000008C0F0C18029900191099150000490E5
:1089D0000120013809A9029051F8207029A951F805
:1089E0002060704205900796791001FB09F530462A
:1089F0000C4601FB09660697F9074F4618BF00278A
:108A00003146D847012808DB484607994A5D0B786C
:108A10000A704B5501310138F8D10897E81B06EB75
:108A2000000A30465146D847012827461BDB0798E5
:108A30005146D84701280CDB04987843DDE907212B
:108A4000401A4946135C14781370145401320139EA
:108A5000F8D1504649463278037806F8013B00F8D1
:108A6000012B0139F7D14FF0FF3000EB470009FB34
:108A700000F00AEB0807DDE90761A0EB010A5046A8
:108A80004946325C735D725533540135013001390A
:108A9000F7D134463E4608944C44002560193946C7
:108AA000D84700284D44F9D4089844194644304624
:108AB0003946D8470028F9DCA64208D90020315CA5
:108AC000225C2154325401308145F8D1E3E7484615
:108AD0002146DDE9067616F80A200B7801F8012B0D
:108AE00006F80A300AF1010A0138F4D1059808990C
:108AF00008442844B0FBF9F1781A4F1E874205DD7F
:108B00000A280BDC0A2F3FF76FAF18E00A2F13DC9F
:108B10000A28264607463FF764AF10E031463A463A
:108B200026460746029809AB43F8202029AA42F8B6
:108B300020100130029054E721460246F2E70298E5
:108B400000287FF446AF0199481E00FB09F1012976
:108B50003ADB039E00FB09600890B9F1010FCA4699
:108B600098BF4FF0010A06EB090C644606EB0905B5
:108B700003988642374608D338462946D847012805
:108B800003DB474403988742F6D207EB0900002134
:108B9000A44622466F1807EB080383426B5C08D398
:108BA0000027F45DD455A7EB0907F4198442F8D2E5
:108BB00017443B700136013201315145EAD1CC44B2
:108BC000089885422E46D0D349B0BDE8F08F00000A
:108BD00070B52DED028B04009FED178BB0EE480AA7
:108BE000F0EE680A15D0254648BF65429FED120B8E
:108BF0004DF2E876C0F20306E80707D0D6E9002375
:108C000051EC100B00F05EF941EC100B08366D08CA
:108C1000F2D156EC105B51EC180B2A46334600F0AB
:108C2000E9F9002C5CBF3146284641EC100BBDEC45
:108C3000028B70BD00BF00BF000000000000F03FCD
:108C400038B50C46054601F07EFD10B1A5F13000A7
:108C50000FE0284601F067FD10B1A5F1570008E0CC
:108C6000284601F050FD010014BFA5F137004FF078
:108C7000FF30A042A8BF4FF0FF3038BD30B591EAB9
:108C8000030F00F18280841A71EB030C05D21219D4
:108C900053EB0C03001B71EB0C0140F2000CCFF600
:108CA000E07C1CEA430F52D0BCEB410F5FD90C0DA6
:108CB000A4EB135E5FF0010C6CF31F516CF31F53B8
:108CC000DEF1200C2AD303FA0CF5401941F1000122
:108CD00022FA0EF5401923FA0EF5694112FA0CF248
:108CE000CD0208D349085FEA30005FEA320228BFAC
:108CF00042F001020134013C5FEA500C72F1004283
:108D000050F1000051EB04514FF4001313EB410FED
:108D100038BF30BD6FF31301002030BDBEF1200E0F
:108D2000BEF1200F1ED223FA0EF5401941F10001C9
:108D3000CEF1200C124218BF012203FA0CF52A438F
:108D4000CEE711EA5C0F04BF0020002130BD1CEA11
:108D5000410F04BF01F00041002030BD01F000418F
:108D6000002030BD21F4801101EB045130BD0042E0
:108D700018BF41F00101BCEB410F08BF30BD4FF0FF
:108D8000FE4141F47801002030BD83F00043841A95
:108D900071EB030E07D28EF0004E001B71EB0E013B
:108DA000121953EB0E0340F2000CCFF6E07C1CEAE4
:108DB000430FC6D0BCEB410F72D90C0DA4EB135E70
:108DC000C90241EA5051C00241F00041DB0243EACE
:108DD0005253D20243F00043DEF1200C41D312FA89
:108DE0000CF522FA0EF203FA0CF542EA050218BF5E
:108DF00042F0010223FA0EF3801A9941E30AC4F308
:108E00000A0411F0404F03D418D0013C40004941FE
:108E1000013C23D44205C00A40EA4150C90A51EA44
:108E2000C3715FEA500C72F1004250F1000051EB47
:108E3000045130BD01002FD00020203C0029F9D082
:108E4000B1FA81FCDCF1200E11FA0CF130FA0EF5CA
:108E500010FA0CF02943A4EB0C04D9E70020D90741
:108E600030BDAEF1200EBEF1200F0DD2CEF1200CA0
:108E700003FA0CF533FA0EF32A4318BF43F001034B
:108E8000C01A61F10001B9E721F00041C00A40EACF
:108E90004150C90A01EB045130BD0020002130BD12
:108EA000004218BF41F00101BCEB410F7FF467AFF6
:108EB000BCEB430F3FF463AF30BD00BF83F0004312
:108EC000FFF7DCBEF0B540F2FF7681EA030C16EA4C
:108ED000115E1EBFB64516EA1355B54252D021EABF
:108EE000465141F48011A1FB024723EA465343F463
:108EF0008013AE44A0FB03650CF0004C36197D4195
:108F0000A1FB034747F10003A0FB0217F6196541D7
:108F100053F10003094218BF46F0010640F2FE7407
:108F2000B3F5007F13D2AEF5806EA64523D24CEA8E
:108F30000331280341EA155140EA1650320345082F
:108F400072F1004250F1000051EB0E51F0BDAEF253
:108F5000FF3EA6450FD24CEAC321E80241EA555133
:108F600040EA5650F202450872F1004250F100000A
:108F700051EB0E51F0BD1EEA0E0F2DD50CF0004145
:108F80000020F0BD16EA115F04BF01F0004100208F
:108F9000004218BF41F0010116EA135F04BF03F05D
:108FA00000430022124218BF43F0010306EA1354A3
:108FB000B44218BFB64503D00CF000410020F0BD0C
:108FC00021F0004123F00043B1EB065F0CD8B3EB76
:108FD000065F09D841B13BB10CF0004141F0FE41C0
:108FE00041F470010020F0BD40F20001C7F6F871B5
:108FF0000020F0BD2DE9F04391EA030E0EF0004E83
:1090000040F20007CFF6E07717EA41051EBFBD42E8
:1090100017EA4305BD4200F09F807F0D17EA135603
:1090200023EA475343F4801317EA115521EA4751C5
:1090300041F48011AD1B05F2FD354FEAD31C1CF144
:10904000010C4FF00047B7FBFCF77F01A2FB079C28
:109050000024E3FB07C4D9F100096CEB4C0CA0FB26
:1090600007620020E1FB072000275FEAC628E0FB3B
:109070000987760D46EAC226520DF61900277A4175
:10908000E0FB0C625FEAC823E2FB09375FEA58584D
:1090900048EAC628760D18EB070800214E41E2FB8E
:1090A0000C8602EBC020DA02E6FB09215B0D43EAE5
:1090B000C8235FEA58585B18002758EB0708E6FBFF
:1090C0000C38D102E8FB0917520D42EAC3225B0DAE
:1090D000D21900277B41E8FB0C2308EBC6265FEA88
:1090E000C128E3FB0987490D41EAC221520DC91984
:1090F00042F10002E3FB0C12470019EB08095CEB9C
:10910000010C72EB040453EBC62047EB56530026C8
:10911000B3F5000F7641AD190236D6F1200910FAE9
:1091200009F4F04013FA09F21043F340E40F001978
:1091300043F10003B3F5001F24BF5B08013540F283
:10914000FE77BD4204D24EEA05511944BDE8F083D2
:109150002D4224D5714626E0004218BF41F001019E
:10916000124218BF43F00103B7EB410F2CBFB7EB1E
:10917000430F1BE0B7EB410F04BFB7EB430F15E004
:1091800017EA410F04BF17EA430F0FE017EA410F38
:10919000E0D017EA430F02D0B7EB430FDAD04EF01E
:1091A000FE4141F470010020BDE8F08340F200016F
:1091B000C7F6F871F7E700BF4FF4001C1CEB410F36
:1091C00098BF1CEB430F11D851EA030C50EA4C0C2A
:1091D0005CEA020C0CD004D282428B418041013007
:1091E000704790429941804101307047002070479C
:1091F000012070474FF4001C1CEB410F98BF1CEB83
:10920000430F0BD850EA410C08BF52EA430C07D079
:10921000904206BF9942012000207047002070470D
:10922000012070474FF4001C1CEB410F98BF1CEB52
:10923000430F11D851EA030C50EA4C0C5CEA020CC3
:109240000CD004D290429941804101307047824253
:109250008B418041013070470020704701207047EA
:109260004FF4001C1CEB410F98BF1CEB430F11D8AF
:1092700051EA030C50EA4C0C5CEA020C0AD004D20E
:1092800082428B41804140427047904299418041E7
:1092900040427047002070474FF4001C1CEB410F08
:1092A00098BF1CEB430F11D851EA030C50EA4C0C49
:1092B0005CEA020C0AD004D29042994180414042BB
:1092C000704782428B418041404270470020704786
:1092D000C1F30A5240F21E439A1A15DA203225DDF4
:1092E000CB17C90241EA5051C00241F00041D141BF
:1092F000D04048409140D1404840013318BF7047AA
:10930000404263EB01017047CB17C90241EA50515B
:10931000C00241F00041202A28BF202231FA02F089
:10932000190008BF70474042894170474B00004216
:1093300018BF43F0010313F5001F88BF21F000415F
:10934000002011F000415CBF6FF00041C043704746
:109350000A15C90241EA5051C00241F0004140F2F1
:109360001E439A1A08DA20320DD4D141D040484029
:109370009140D14048407047202A28BF202231FA2E
:1093800002F0002170476FF000010846704700BFEF
:10939000F9B140F23D42B1FA81F3D21AC3F1200C87
:1093A00030FA0CFC9840994051EA0C0183054FEAD1
:1093B000D02040EA41504FEAD12101EB025138BFA1
:1093C0007047013041F100011B4208BF20F001004D
:1093D000704748B140F21D42B0FA80F3D21A98406B
:1093E000C10A400501EB0251704700BF002B35D187
:1093F00029B9B0FBF2FC0CFB1202604670479142A7
:1094000015D22DE9F041B2FA82F39A409940D3F196
:10941000200C30FA0CFC51EA0C01984000F04EF898
:10942000280036FA03F200210023BDE8F081F0B5F0
:10943000B1FBF2FC0CFB1211B2FA82F39A40994094
:10944000D3F1200630FA06F63143984000F036F8A2
:10945000614628003200DA400023F0BDF3B5B3FACC
:1094600083FC49085FEA300013FA0CF3DCF12004B6
:1094700032FA04F423430CB41A0000F01FF80CBCB9
:1094800033FA0CF3DCF11F0C35FA0CF518BF013D73
:1094900003BCA5FB026705FB0377801BB941904223
:1094A00071EB030C05D3821A71EB0303681C0021D6
:1094B000F0BD02000B0028000021F0BD940D4FF616
:1094C000C2752D02B5FBF4F4D60A013604FB04F58F
:1094D000A5FB0656F64306EB0416550832BF0027D7
:1094E0007708013505FB1677A6FB07477F0807EBD2
:1094F000C63714001500E7FB02457F1B4D1C040016
:10950000E7FB014505FB1206A64284BF013DB618E4
:10951000964224BF0135B61A704700BF10B582B01D
:10952000044600698DF8071078B1D4E900239A4207
:1095300031D26269531C63618154D4E905018842C8
:1095400029D1204600F02CF825E0E06850B1D4E99C
:10955000002C62451FD2531CB3EB0C0318BF0B4603
:10956000835418E0A06858B1D4E9002C624512D2A7
:10957000531CB3EB0C0318BFCBB240F822300AE007
:10958000236A43B1D4E90001884204D20DF10701F6
:1095900020460122984720680130206002B010BDAB
:1095A0004269002A08BF704710B50446036A002BC1
:1095B0001CBF216998470020606110BD012AB8BF17
:1095C000704770B514460D46064630462946FFF7EB
:1095D000A5FF013CF9D870BDCB0648BF704789058F
:1095E0004CBF30212021FFF7E9BF38B5044601F018
:1095F0005DF8054620460021242201F027F8E561A8
:1096000038BD82B030B58BB00C460546CDE90E238F
:109610000EA8009001A8FFF7E8FF6FF0004002904D
:10962000009A049501A8214600F006F80BB0BDE8A9
:10963000304002B0704700002DE9F84F2DED048B4B
:1096400090B00892894683460020CBF800000DF1C7
:10965000250006909FEDC28B19F8011B252906D025
:10966000002900F05A865846FFF758FFF4E7002615
:10967000494619F8012BA2F12003102B0DD88020A8
:10968000DFE803F0091B1B191B1B1B151B1B3018E4
:109690001B101B1B120040200DE05E2A0DD14FF461
:1096A000805008E0102006E04FF4007003E04FF413
:1096B000004000E020200643DAE701F10109A2F1B1
:1096C000300009284FF000001BD819F8011B00EBEF
:1096D000800002EB40003038A1F130020A2A0A462D
:1096E000F3D30EE0089850F8042B0890002A104697
:1096F00048BF5042102303EAD26216434A7801F170
:1097000002092E2A0DD1494611F8012B2A2A0AD125
:10971000089999F8012051F8047B089109F1020990
:1097200014E000271AE0A2F130030027092B12D819
:1097300011F8013B07EB870902EB4902A2F1300760
:10974000A3F130020A2A1A46F2D38946002F58BFE5
:1097500046F4807602E046F4807689466B2A0ADC7D
:109760004C2A03D0682A18D06A2A28D119F8012B6C
:1097700046F0020623E06C2A05D07A2A14BF742A28
:1097800019F8012B1BE0494611F8012B6C2A10D166
:1097900099F8012009F10209EAE7494611F8012B7D
:1097A000682A09D199F8012009F1020946F0080652
:1097B00005E046F0010601E046F00406894620EA8D
:1097C000E078462A1FDDA2F1630015282FD8DFE8D4
:1097D00010F05F00170045002300A30116001700DA
:1097E00016001600160016006F0083004E001600CB
:1097F00016007E00160048001600160036002BE703
:1098000046F4804631E0442A09DD452A24D0462A20
:109810007FF422AF46F4005646F4006A7EE1252A22
:1098200040F0B08258462521FFF778FE14E7472A1A
:1098300000F07081582A7FF40FAF46F40056F0050F
:109840004FEA066048BF26F4007643F25801782AB2
:1098500008BF43F2780146E046F4005646F4806AB9
:109860005CE1F00548BF26F4007600253DE0CDF828
:109870001C803006232101EAE07546F48076089AC0
:10988000002152F8040B089208270DF1260CDEE0A7
:109890000898A8F1010810F8044B08905846314682
:1098A0004246FFF799FE58462146FFF737FEB1E1E1
:1098B000089951F8040B08913107DBF8001000F10A
:1098C0006582B20752BF0160002206C0C4E6089854
:1098D00050F8044B08907CE1F0054FEA066048BF61
:1098E00026F40076302101EAE07570044FEA8670B4
:1098F00006D42C46002808980AD4031D00210DE048
:10990000002816D4089951F8040B0891C11718E0E3
:10991000073020F0070000F1080341680DF1260C24
:109920000068750717D416F008051CBFC0B20021E7
:1099300013E00898073020F00703596853F8080B24
:1099400008930DF1260C73070ED4330744BF40F380
:10995000C01140B20BE080B200210893254615E00B
:10996000000000000000244040F3C03100B2002994
:1099700005DBB30609D4730648BF202506E00023A3
:10998000404263EB01012D2500E02B25F30548BF84
:1099900026F40076F30558BF012700246E2ACDF87F
:1099A0001C8023DD6F3A092A00F27580DFE802F09F
:1099B000054F737373732473734F50EA01026AD0B7
:1099C000AE46C20842EA41720625134665F3DF003F
:1099D0000CF80400013452EAD1004FEAD1014FEAF9
:1099E000D20040EA41721846EFD153E0582A2ED0F7
:1099F000642A18BF692A4ED150EA01024BD005955E
:109A00008846054630040AD504F00300032806D131
:109A10000DF1260A2C200AF80400013401E00DF1B2
:109A2000260A28460A220023FFF7E0FC00EB80020A
:109A3000A5EB420242F030020AF804200134D5F1CD
:109A40000902002272EB0802DAD3059D23E000240C
:109A500050EA01021FD0B2044DF63002C0F20302F8
:109A6000AE465CBF4DF64002C0F20302030943EA72
:109A7000017500F00F002B46105C0CF80400013457
:109A800055EA11104FEA11114FEA151040EA01751D
:109A90001846EED175464FF0FF30FF2D88BF0138D4
:109AA000391B21EAE17804EB0801079A571A002DC7
:109AB00018BF0744B00505D4584631463A46FFF76B
:109AC0008BFD0027FF2D04D9290A5846FFF726FDF4
:109AD00000E01DB158462946FFF720FD58463146A3
:109AE0003A46FFF779FD584630214246FFF766FDBA
:109AF000012C069D05DB295D5846FFF70FFD013C53
:109B0000F9D8F0067FF5A8AD584620213A46FFF770
:109B100055FDA1E546F4005646F4406A5FEACA5096
:109B200058BF06270AF4406008990731A0F5406045
:109B300021F00701B0FA80F0002F08BF4709D1E9F2
:109B4000006444EC196B01F108000890B0EE490A7A
:109B5000F0EE690AFEF74EFC90B130462146002235
:109B60000023FFF799FBF8B15FEA8A404DF6F7044E
:109B7000C0F203045CBF4DF6FC04C0F2030426E00F
:109B8000B0EE490AF0EE690AFEF722FC00284AD03E
:109B90005FEA8A404DF60B14C0F203045CBF4DF639
:109BA0000F14C0F2030412E01AF400504DF6011233
:109BB000C0F203024DF60611C0F20301104612BFB7
:109BC000541C08464C1C5FEA8A6148BF04462AF4CC
:109BD0008076002C04BF4DF6F004C0F20304F005BB
:109BE000204602D400F040FC02E0394600F089FC37
:109BF000054626F40076A8EB000858463146424652
:109C0000FFF7EAFC35B114F8011B5846FFF786FC54
:109C1000013DF8D1F0067FF51FAD584620214246A0
:109C2000FFF7CCFC18E5CDF81C80B0EE490AF0EE49
:109C3000690AFEF7ECFB002804BF0446064644EC24
:109C4000106B84F00048FEF7F3FB050008BFA04648
:109C500048EC106B0FA8FEF710FC0F9800EB4000CB
:109C600046F26761C6F2666150FB01F0811001EBBC
:109C7000D0740F943046414600220023FFF7BAFA11
:109C8000002D18BF4AF0600AE0B9601CFEF7A0FF83
:109C900051EC100B32464346FFF7FEFA00280F98AE
:109CA00006D0411C0F910230F0E70F9801380F9059
:109CB000FEF78EFF51EC100B32464346FFF7D0FA09
:109CC0000028F2D10F990AF44060B0F5806F07D0F8
:109CD000B0F5406F11D18F42C8BF11F1050F0CDCF8
:109CE000B1F59A7F059054D1DFF86026DFF8603631
:109CF00030464146FFF77EF954E05FEA4A5003D50B
:109D00000E2940F3BA8000274DF65004C0F2030438
:109D1000784210398142C8BF0846FEF759FF4FF01C
:109D2000FF30FEF789FB51EC100B32464346FEF73D
:109D3000A5FF06460D460F980130FEF749FF51EC8E
:109D4000100B32462B46FFF737FA00280F9818BF42
:109D50000130002851D4112855D3A0F110010F91E2
:109D6000C0F11000FEF734FF51EC100B32462B46C9
:109D7000FFF7A8F8FFF7ECFA064688460020CDE981
:109D8000030057E0002A7FF467ACD9E20170FFF7C7
:109D900063BC4842FEF71CFF51EC100B32464346B1
:109DA000FFF790F841EC190B58EC195B2846414637
:109DB00000220023FFF71EFA002840F0C380B0EE17
:109DC000490AF0EE690AFEF715FB002828464146CD
:109DD00000F0878000220023FFF75EFA002800F0E1
:109DE00044815FEA8A404DF6F704C0F203045CBF89
:109DF0004DF6FC04C0F203044AE1CDE903650026F8
:109E00000F96B04616E030462946FFF7A1FA3446D1
:109E100006468846FFF7BCFA02460B4620464DF63A
:109E20005004C0F203042946FFF748F8CDE90301C6
:109E300000200F902AF4806304F10800002500F14F
:109E40000801013505C8301A78EB02000846F6D241
:109E500007980597C01B0AF080014FF0FF32394385
:109E60001CBF1146013A1AF0600F08BF0A460F994D
:109E7000511A0844411B1F463DE1C843384410278E
:109E80001028B8BF07465FEA0A623FF53DAF0028D9
:109E90004DF65004C0F203043FF43AAF3846FEF7E3
:109EA00097FE51EC100B32464346FFF70BF8DFF8F4
:109EB000AC340022FEF7E2FE41EC100BFEF7CCFBC7
:109EC000B0EE481AF0EE681AFEF7EEFA51EC100BFD
:109ED00000220023FFF78EF908B1013FDED10F9970
:109EE00016E756EC184B22463346FFF79BF90F9DB9
:109EF00078B151EC190B22463346FFF77BF841EC61
:109F0000190B22463346FFF78DF901350028F0D1B1
:109F10000F9551EC190BDFF83C340022FFF7BCF928
:109F200080B151EC190B22463346FEF7CBFF41ECD2
:109F3000190BDFF820340022FFF7AEF9013D0028AD
:109F4000EFD10F950598B0F5406F384608BF01383E
:109F5000002F059018BF07467842FEF739FE4FF0F4
:109F6000FF30FEF769FA53EC192B51EC100BFEF79A
:109F700085FE04460E4658EC185B2A464346FFF71A
:109F800051F950B1204631462A464346FFF732F890
:109F900004460E460F9801300F90CDE90364CDE9D9
:109FA00001858FB30AF40860B0F5006F2DD1102F32
:109FB000A8BF10273846FEF70BFE51EC100B2246C7
:109FC0003346FEF77FFFFFF7C3F98046084300F0F2
:109FD0008C810E464CF6CD42CCF6CC42A8FB020159
:109FE000531E08FB031106FB0211C20742EA51028D
:109FF000C90741EA5000D0F1993049F69910C1F6ED
:10A000009910904180F073810597DDE90316059A58
:10A010000AF0800010430798A0EB02000F9C0CBFD1
:10A02000421F821F079201255FEACA4043D545F2CD
:10A030005650C5F2555054FB00F000EBD07000EBC9
:10A040004000201A0230029ADFE800F003253103B5
:10A0500025003046019BFEF735FF0646013C0F9474
:10A06000079801380790022521E01AF400504DF6B8
:10A070000112C0F203024DF60611C0F203011046B0
:10A0800012BF541C08464C1C5FEA8A6148BF044654
:10A09000DDF81C809BE5B04B30460022FEF712FF36
:10A0A0000646023C0F94079802380790032505984E
:10A0B00020EAE070059002942AF400670496304686
:10A0C0000C46FFF745F906468846FFF761F9024658
:10A0D0000B4604982146FEF7F1FECDE903011AF084
:10A0E000600F079C029818BF013C00F039F9214627
:10A0F0006328C8BF013921EAE17417F4047FBA4626
:10A100000CD101290ADB4DF65007C0F2030758466F
:10A110002021FFF703FA013CF9D103E04DF6500787
:10A12000C0F203075FEA8A604FEA4A6003D400285E
:10A1300008D5202103E02D21002858BF2B215846A7
:10A14000FFF7ECF95FEACA6006D42CB1584630211B
:10A15000FFF7E4F9013CF9D1013D07EBC50006C862
:10A16000701A78EB0200302007D3761A68EB0208E9
:10A170000130731A78EB0203F7D2C1B25846FFF7E9
:10A18000CDF9002DE8D15FEA0A550BD50F980128CB
:10A1900008DB01380F9058463021FFF7BFF90F98C0
:10A1A0000028F6DC0AF08000059E304343D0584674
:10A1B0002E21FFF7B3F91020102EB8BF3046002D26
:10A1C0000F9920EAE078404648BF401AFEF700FDAC
:10A1D000012E24DB51EC100BDDE90323FEF772FEA8
:10A1E000FFF7B6F805460E464746013F4DF65000CC
:10A1F000C0F2030000EBC70006C8681A76EB020045
:10A20000302006D36D1A964101306B1A76EB0203AB
:10A21000F8D2C1B25846FFF781F9002FE5D1059970
:10A22000B1EB080007D0A8EB010558463021FFF735
:10A2300075F90135F9D35FEA4A504BD545215FEAFC
:10A240008A4058BF65215846FFF768F90F980028E3
:10A25000584604DB2B21FFF761F90F9805E02D210B
:10A26000FFF75CF90F9840420F90642815DB48F225
:10A270001F55C5F2EB15A0FB0501302000EB511175
:10A280005846FFF74BF90F9850FB05F14A1102EBC6
:10A29000D171642201FB12000F9046F26765C6F28D
:10A2A000666550FB05F0811001EBD07000F13001C4
:10A2B0005846FFF733F90F9850FB05F18A1002EB6F
:10A2C000D17101EB8101A0EB410000F13001584652
:10A2D000FFF724F9002C3FF4BFA958462021FFF7CF
:10A2E0001DF9013CF9D1FFF7B7B905908DE6059747
:10A2F000404631460A220023FFF778F880460E4692
:10A300000A220023FFF772F80598013805903FF400
:10A310007CAE52EA0300EBD077E6DBF80C0028B104
:10A32000DBE9001291423CBF002242545846FFF73D
:10A3300037F9DBF8000010B0BDEC048BBDE8F88FF6
:10A340005846FFF72DF94FF0FF30F4E7A0C8EB8532
:10A35000F3CCE17F0000F03F000059400000E03FF7
:10A36000002848BF4042704742F60451C2F2000143
:10A3700042F600520968091AC2F2000218BF012110
:10A380001268121A18BF0122114042F60852C2F296
:10A3900000021268101A18BF01200840404270479E
:10A3A0000068FDF7D9B9082938BF7047416044F209
:10A3B0003861C2F2000108600021016070478842E4
:10A3C00011D28446042A06D351F8043B4CF8043BCE
:10A3D000043A032AF8D80AB311F8013B0CF8013B00
:10A3E000013AF9D1704719D9042A09D38B1800EB27
:10A3F000020C53F8043C4CF8043C043A032AF5D808
:10A4000011448318002A08BF7047A3F1010C0139D9
:10A4100011F801390CF80139013AF9D1704700B54A
:10A42000042A8E4609D350F8043B5EF804CB6345FA
:10A4300005D1043A032A7146F5D89AB10368086831
:10A4400080EA030191FAA1F1B1FA81F1B2EBD10FE7
:10A4500008D901F0380123FA01F2C840C0B2D1B2E4
:10A46000081A00BD002000BD0178002904BF0020AB
:10A47000704700214FF001324358C2FA53F30431C0
:10A48000002BF9D093FAA3F0B0FA80F001EBD000E2
:10A49000043870479AB391F800C0037863451CBF35
:10A4A000A3EB0C00704753B310B5042A12D34FF03E
:10A4B000013CD0F800E00B689E450BD1CCFA5EF36E
:10A4C00043B9043A04310430032AF2D8002A04BF05
:10A4D000002010BD013A0ED001EB020C00EB020E81
:10A4E000037843B10C78A34205D101310130013A20
:10A4F000F6D17046614609780078401A10BD0020F8
:10A50000704700291CBF0278002A01D10020704743
:10A5100000B5D0F800E00429034609D34FF0013C10
:10A52000CCFA5EF222B9043953F804EF0329F7D8C4
:10A53000181A4FF00132C2FA5EF292FAA2F2B2FA9F
:10A5400082F2B1EBD20F88BFD108084400BD0000F1
:10A550004FF0013C50F8042B51F8043B9A421ED1B5
:10A56000CCFA52F2DAB950F8042B51F8043B9A4273
:10A5700015D1CCFA52F292B950F8042B51F8043BA1
:10A580009A420CD1CCFA52F24AB950F8042B51F845
:10A59000043B9A4203D1CCFA52F2002ADAD00438B2
:10A5A000043910F8012B11F8013BD21A01D1002B0C
:10A5B000F7D11046704700BF0246F0B44FF00137A4
:10A5C000FB0151F8044BE51BA5431D4002D142F8A5
:10A5D000044BF6E70439F0BC11F8013B02F8013BEB
:10A5E000002BF9D1704700BF5AB3844690EA0103AB
:10A5F0009B071FD1830707D011F8013B00F8013BEF
:10A60000013AF7D11CE08446203A09D32DE9F0073E
:10A61000B1E8F807A0E8F807203AF9D2BDE8F0075A
:10A620001C3205D451F8043B40F8043B043AF9D2FB
:10A63000043205D011F8013B00F8013B013AF9D191
:10A640006046704700220B0011001A0084465AB37E
:10A65000830704D000F8011B013AF9D124E0C9B204
:10A6600041EA012141EA0141202A11D3203A2DE992
:10A67000F0030B460C460D460E460F4688468946AB
:10A68000A0E8FA03203AFBD2BDE8F00320320BD059
:10A69000042A05D340F8041B043A05D0042AF9D251
:10A6A00000F8011B013AFBD16046704744F23C6060
:10A6B000C2F200000068002804BF42F60C50C2F24B
:10A6C0000000704784460020002918BF002A00D1EE
:10A6D0007047097848B2002844BF6FF00100704706
:10A6E000BCF1000F18BFCCF800100021C3E9001125
:10A6F000002818BF012070477F298EBF6FF001002E
:10A7000001700120704744F23C61C2F20001096807
:10A71000002904BF42F60C51C2F200014968896861
:10A720000A680721104744F23C61C2F2000109683F
:10A73000002904BF42F60C51C2F200014968896841
:10A740000A680621104744F23C61C2F20001096820
:10A75000002904BF42F60C51C2F200014968896821
:10A760000A680421104744F23C61C2F20001096802
:10A77000002904BF42F60C51C2F200014968896801
:10A780000A680821104744F23C61C2F200010968DE
:10A79000002904BF42F60C51C2F2000149688968E1
:10A7A0000A68092110477F2884BF002070474DF6B2
:10A7B0002832C0F20302515C4DF6A822C0F2030217
:10A7C000105C08407047A0F161011A2938BF203899
:10A7D0007047A0F141011A2938BF40F020007047AE
:10A7E0007F2884BF002070474DF62832C0F2030254
:10A7F000515C4DF6A822C0F20302105C084070477D
:10A80000A0F161011A2938BF20387047A0F1410139
:0AA810001A2938BF40F020007047FD
:10A81C0061A30200000000000553030000000000CB
:08A82C003F8D0200502D0020B9
:10A8340089940200000000002D9A02003C2D0020A3
:10A84400F58C0200502D0020A15F020000000000E2
:10A854001193020000000000AD9E0200202D002094
:08A86400E536020000000000CF
:10A86C0078D00300000003000CC1030000000000BE
:10A87C00BCBB030000000300E4C7030000000000A1
:10A88C0008BD0300000000000CBE03000000000027
:10A89C00F4D1030000000300DCD20300000003002D
:10A8AC00F4D503000000030044CA030000000000BC
:10A8BC00B8BE03000000000060BF030000000000F1
:08A8CC00AD5303000000000081
:10A8D4007DA3020000000000D55303000000000027
:10A8E400A580030000000000658103000000000053
:10A8F40000000000D4B2030000000000E4B2030032
:10A9040000000000F4B203000000000004B30300E0
:10A914000000000014B303000000000024B303008F
:10A924000000000034B303000000000044B303003F
:10A934000000000064C6030000000000ACC6030071
:10A9440000000000F4C603000000000004C7030078
:10A95400000000003CC703000000000084C703009F
:10A9640000000000000000000000000000000000E3
:10A9740000000000000000000000000000000000D3
:10A9840000000000000000000000000000000000C3
:10A9940000000000000000000000000000000000B3
:10A9A40000000000000000000000000000000000A3
:10A9B4000000000000000000000000000000000093
:10A9C4000000000000000000000000000000000083
:10A9D4000000000000000000000000000000000073
:10A9E4000000000000000000000000000000000063
:10A9F400000000000000000069F8020000000000F0
:04AA0400000000004E
:10AA0800000000000000000000000000000000003E
:10AA1800000000000000000000000000000000002E
:10AA2800000000000000000000000000000000001E
:08AA3800000000000000000016
:10AA40004D795441470000002F686F6D652F736A80
:10AA50006F2F64776D313030312D6578616D706C9A
:10AA600065732F6578616D706C65732F626C655FBF
:10AA70006170705F756172742F7063613130303452
:10AA8000302F733133322F7365732F626C655F69BA
:10AA90006E69745F6D61696E2E6300004661696C5A
:10AAA000656420726563656976696E67204E5553EB
:10AAB000206D6573736167652E204572726F722019
:10AAC000307825782E200000436F6E6E65637465C4
:10AAD00064000000446973636F6E6E65637465643F
:10AAE0000000000044617461206C656E2069732071
:10AAF00073657420746F20307825582825642900E8
:10AB00000B00000005000000060000000700000028
:10AB1000000000000000D601282E0020482E002052
:10AB20003F000000882E0020A02E00200F00000013
:10AB3000B02E0020002000400000000048C80300A4
:10AB4000C82E002018AB030028AB03001CAB030089
:10AB500034AB0300666473206578616D706C653A90
:10AB60007E2420002F686F6D652F736A6F2F6477C6
:10AB70006D313030312D6578616D706C65732F6586
:10AB800078616D706C65732F626C655F6170705F6A
:10AB9000756172742F70636131303034302F7331CE
:10ABA00033322F7365732F636C692E6300000000CE
:10ABB000FFFFFFFFFFFFFFFFFFFFFFFFFFFFFFFFA5
:10ABC00000000000000000000000D60107010000A6
:10ABD00025733A20756E6B6E6F776E2070617261AF
:10ABE0006D6574657220272573270D0A54727920CC
:10ABF000272573202D682720666F722068656C708A
:10AC00002E0D0A0025733A2077726F6E67207061EF
:10AC100072616D6574657220636F756E742E0D0AB6
:10AC200054727920272573202D682720666F7220A3
:10AC300068656C702E0D0A0077726974696E672002
:10AC40007265636F726420746F20666C6173682E26
:10AC50002E2E0D0A66696C653A20307825782C20F6
:10AC60006B65793A20307825782C20222573222CA8
:10AC7000206C656E3A2025752062797465730D0A23
:10AC8000000000006572726F723A206664735F7232
:10AC900065636F72645F77726974652829207265D5
:10ACA0007475726E65642025732E0D0A0000000015
:10ACB0006572726F723A206664735F7265636F7259
:10ACC000645F75706461746528292072657475729B
:10ACD0006E65642025732E0D0A0000006572726F88
:10ACE000723A20636F756C64206E6F742066696EB3
:10ACF0006420636F6E6669672066696C652E0D0A55
:10AD00000000000064656C6574696E67207265639D
:10AD10006F72642E2E2E0D0A66696C653A203078AB
:10AD200025782C206B65793A20307825780D0A003B
:10AD30006572726F723A206664735F7265636F72D8
:10AD4000645F64656C65746528292072657475722A
:10AD50006E65642025732E0D0A0000007265636F16
:10AD600072642069643A20307825780D0A0000006A
:10AD70006572726F723A207265636F7264206E6FD3
:10AD80007420666F756E64210D0A00007072696E22
:10AD9000740000006572726F723A20435243206360
:10ADA0006865636B206661696C6564210D0A00004B
:10ADB0006572726F723A20756E657870656374653E
:10ADC000206572726F722025732E0D0A000000003C
:10ADD0006F6E00006F666600636F6E666967313A7A
:10ADE0000925730D0A636F6E666967323A09257328
:10ADF0000D0A626F6F7420636F756E743A09257562
:10AE00000D0A646576696365206E616D653A092592
:10AE1000730D0A007265632E206964090966696C06
:10AE20006520696409097265632E206B6579096C78
:10AE3000656E6774680D0A00203078253034780913
:10AE400009203078253034780909203078253034CD
:10AE5000780909202534752062797465730D0A001C
:10AE60007772697465000000757064617465000034
:10AE70007570646174696E6720636F6E666967756B
:10AE8000726174696F6E3A2025732C2025732C2013
:10AE9000626F6F745F636F756E743D25752C2064EF
:10AEA00065766963655F6E616D653D222573220D70
:10AEB0000A00000064656C657465000064656C657B
:10AEC00074655F616C6C0000746F74616C207061FC
:10AED0006765733A0925750D0A746F74616C207289
:10AEE00065636F7264733A0925750D0A76616C6942
:10AEF00064207265636F7264733A0925750D0A6484
:10AF000069727479207265636F7264733A0925758A
:10AF10000D0A6C61726765737420636F6E74696784
:10AF20003A0925750D0A6672656561626C65207760
:10AF30006F7264733A09257520282575206279742B
:10AF40006573290D0A0000006572726F723A2067FE
:10AF500061726261676520636F6C6C656374696FB1
:10AF60006E2072657475726E65642025730D0A001B
:10AF70007265636F726420737472696E67202866ED
:10AF8000696C653D307825782C206B65793D30788B
:10AF90002578293A20222573220D0A006572726FE6
:10AFA000723A206664735F7265636F72645F6F707C
:10AFB000656E2829206661696C65643A2025730DE9
:10AFC0000A0000006572726F723A207265636F72D8
:10AFD00064206E6F7420666F756E64202866696CDD
:10AFE000653D307825782C206B65793D3078257863
:10AFF000290D0A007265616400000000616C6C003C
:10B000007072696E7420616C6C207265636F72641B
:10B01000730D0A75736167653A207072696E7420EA
:10B02000616C6C00636F6E66696700007072696EB8
:10B030007420636F6E66696775726174696F6E0DF7
:10B040000A75736167653A207072696E7420636F68
:10B050006E666967000000007072696E7420726528
:10B06000636F7264730D0A75736167653A2070725D
:10B07000696E7420616C6C7C636F6E66696700003A
:10B0800077726974652061207265636F72640D0A5E
:10B0900075736167653A2077726974652066696CBB
:10B0A000655F6964206B6579202264617461220D9B
:10B0B0000A2D2066696C655F69643A0966696C658A
:10B0C0002049442C20696E204845580D0A2D206BDC
:10B0D00065793A097265636F7264206B65792C201B
:10B0E000696E204845580D0A2D20646174613A0943
:10B0F0007265636F726420636F6E74656E74730043
:10B1000075706461746520636F6E666967757261DE
:10B1100074696F6E0D0A75736167653A20757064A6
:10B12000617465206F6E7C6F6666206F6E7C6F66E3
:10B130006620626F6F745F636F756E7420646576EE
:10B140006963655F6E616D650000000064656C6534
:10B1500074652061207265636F72640D0A75736196
:10B1600067653A2064656C6574652066696C655F27
:10B170006964206B65790D0A2D2066696C655F69CD
:10B18000643A0966696C652049442C20696E204840
:10B1900045580D0A2D206B65793A097265636F7207
:10B1A00064206B65792C20696E204845580D0A0093
:10B1B00064656C65746520616C6C207265636F7288
:10B1C00064730D0A75736167653A2064656C657414
:10B1D000655F616C6C0000006763000072756E2033
:10B1E0006761726261676520636F6C6C6563746927
:10B1F0006F6E0D0A75736167653A20676300000022
:10B2000073746174000000007072696E742073744E
:10B2100061746973746963730D0A75736167653A64
:10B2200020737461740000005265616420612073B2
:10B230007472696E67207265636F72640D0A75734C
:10B240006167653A20726561642066696C655F6953
:10B2500064206B657900000054AB03003CAB030035
:10B26000F42E0020642B00204C2B002088B2030019
:10B270000D000000483000203430002004000000A1
:10B280000400000001000000DC31002054300020E8
:10B290005C3000205C30002030000000FCAF030078
:10B2A00000B00300000000004941020024B0030088
:10B2B0002CB003000000000031400200000000003C
:10B2C000000000000000000000000000000000007E
:10B2D0009CB203008CAD030058B00300CCB2030055
:10B2E000E13F020060AE030080B0030000000000F8
:10B2F0005542020068AE030000B1030000000000E8
:10B300001D430200B4AE03004CB103000000000076
:10B310003D440200BCAE0300B0B1030000000000D9
:10B32000AD440200D8B10300DCB10300000000000E
:10B330009945020000B2030008B2030000000000BB
:10B34000F1440200F4AF030028B203000000000043
:10B35000A54602004644535F5355434345535300AB
:10B360004644535F4552525F4F5045524154494FF6
:10B370004E5F54494D454F55540000004644535FBD
:10B380004552525F4E4F545F494E495449414C49D2
:10B390005A4544004644535F4552525F554E414C16
:10B3A00049474E45445F4144445200004644535F80
:10B3B0004552525F494E56414C49445F4152470005
:10B3C0004644535F4552525F4E554C4C5F41524785
:10B3D000000000004644535F4552525F4E4F5F4F9E
:10B3E00050454E5F5245434F524453004644535FCD
:10B3F0004552525F4E4F5F53504143455F494E5F48
:10B40000464C4153480000004644535F4552525F4A
:10B410004E4F5F53504143455F494E5F515545552F
:10B42000455300004644535F4552525F5245434FD7
:10B4300052445F544F4F5F4C41524745000000005B
:10B440004644535F4552525F4E4F545F464F554EF0
:10B45000440000004644535F4552525F4E4F5F50D8
:10B4600041474553000000004644535F4552525F38
:10B47000555345525F4C494D49545F5245414348ED
:10B48000454400004644535F4552525F4352435F78
:10B49000434845434B5F4641494C4544000000004A
:10B4A0004644535F4552525F4255535900000000D5
:10B4B0004644535F4552525F494E5445524E414CAB
:10B4C000000000004644535F4556545F494E4954BE
:10B4D000000000004644535F4556545F575249549C
:10B4E000450000004644535F4556545F5550444163
:10B4F000544500004644535F4556545F44454C5FF5
:10B500005245434F524400004644535F4556545FF2
:10B5100044454C5F46494C45000000004644535F9B
:10B520004556545F474300001B5B313B33326D454A
:10B5300076656E743A202573207265636569766559
:10B5400064202825732900005265636F72642049C6
:10B55000443A0930782530347800000046696C653B
:10B560002049443A09307825303478005265636FB9
:10B570007264206B65793A093078253034780000A0
:10B5800044656C6574696E67206E657874207265B9
:10B59000636F72642E0000001B5B313B33366D4ECF
:10B5A0006F207265636F726473206C6566742074BB
:10B5B0006F2064656C6574652E0000002F686F6DE8
:10B5C000652F736A6F2F64776D313030312D657858
:10B5D000616D706C65732F6578616D706C65732F2C
:10B5E000626C655F6170705F756172742F7063610A
:10B5F00031303034302F733133322F7365732F660F
:10B60000645F696E69745F6D61696E2E630000002E
:10B61000666473206578616D706C65207374617207
:10B620007465642100000000496E697469616C6989
:10B630007A696E67206664732E2E2E0041766169EA
:10B640006C61626C6520636F6D6D616E64733A004E
:10B650002D207072696E7420616C6C0909707269BA
:10B660006E74207265636F72647300002D207072B7
:10B67000696E7420636F6E666967097072696E74B3
:10B6800020636F6E66696775726174696F6E000022
:10B690002D20757064617465090975706461746545
:10B6A00020636F6E66696775726174696F6E000002
:10B6B0002D2073746174090973686F772073746146
:10B6C00074697374696373002D20777269746509F6
:10B6D0000977726974652061206E657720726563F1
:10B6E0006F7264002D2064656C657465090964657A
:10B6F0006C6574652061207265636F726400000080
:10B700002D2064656C6574655F616C6C0964656CA3
:10B7100065746520616C6C207265636F7264730080
:10B720002D206763090972756E2067617262616717
:10B730006520636F6C6C656374696F6E0000000058
:10B7400052656164696E6720666C61736820757309
:10B7500061676520737461746973746963732E2EF5
:10B760002E000000466F756E642025642076616CA3
:10B770006964207265636F7264732E00466F756E24
:10B7800064202564206469727479207265636F7225
:10B7900064732028726561647920746F206265206B
:10B7A0006761726261676520636F6C6C6563746565
:10B7B00064292E00436F6E6669672066696C652098
:10B7C000666F756E642C207570646174696E672095
:10B7D000626F6F7420636F756E7420746F202564C0
:10B7E0002E00000057726974696E6720636F6E6681
:10B7F00069672066696C652E2E2E000010F01070AF
:10B80000502C0020060000002E2E2F2E2E2F2E2E24
:10B810002F2E2E2F2E2E2F6E5246355F53444B5F08
:10B8200031342E322E302F636F6D706F6E656E74F3
:10B83000732F647269766572735F6E72662F6861CA
:10B840006C2F6E72665F6770696F2E680000000073
:10B850004169642025642C20547320256C6C750D7F
:10B860000A00000064656C74615B25645D3D202501
:10B87000640D0A006477745F736574727874696D1F
:10B88000656F75742831303030290D006477745F2E
:10B89000736574727874696D656F75742830290DDD
:10B8A000000000006E72665F6472765F6770696F99
:10B8B00074655F696E697420616C7265616479207A
:10B8C000696E7374616C6C65640000002F686F6D45
:10B8D000652F736A6F2F64776D313030312D657845
:10B8E000616D706C65732F6578616D706C65732F19
:10B8F000626C655F6170705F756172742F706361F7
:10B9000031303034302F733133322F7365732F73EE
:10B91000735F696E69745F6D61696E2E630000000C
:10B9200001000001C5AABBCC2E2E2F2E2E2F2E2EAD
:10B930002F2E2E2F2E2E2F6E5246355F53444B5FE7
:10B9400031342E322E302F636F6D706F6E656E74D2
:10B95000732F647269766572735F6E72662F6861A9
:10B960006C2F6E72665F6770696F2E680000000052
:10B970002F686F6D652F736A6F2F64776D3130306C
:10B98000312D6578616D706C65732F6E5246355F31
:10B9900053444B5F31342E322E302F636F6D706FF6
:10B9A0006E656E74732F626F617264732F626F6164
:10B9B0007264732E630000001E1F160E0D0E0F1012
:10B9C0002E2E2F2E2E2F2E2E2F2E2E2F2E2E2F6E52
:10B9D0005246355F53444B5F31342E322E302F6345
:10B9E0006F6D706F6E656E74732F647269766572B9
:10B9F000735F6E72662F68616C2F6E72665F677020
:10BA0000696F2E68000000000000010203040005B9
:10BA1000405C0000A05C0400C06C0800805C040076
:10BA2000E03F1E00E07D1E000704000908054008F5
:10BA300009104008080540081D0400081D040008FE
:10BA40001E265626BEBE0000D8BC000007A902254F
:10BA500070889B88401008000A001600010006004C
:10BA60000100020087008D002D001A3152001A33A8
:10BA70009A001A351D011A376B003B31BE003B336B
:10BA80005E013B3596023B37000098599859EA51C0
:10BA90008E421E45142E0080EA51F4283233E03ADB
:10BAA000703DE03AC235842BC2353233C235C235DF
:10BAB000AE47E03A5038A230503800002E2E2F2EDC
:10BAC0002E2F2E2E2F2E2E2F2E2E2F6E5246355FDE
:10BAD00053444B5F31342E322E302F636F6D706FB5
:10BAE0006E656E74732F647269766572735F6E72C1
:10BAF000662F68616C2F6E72665F6770696F2E6863
:10BB0000000000002F686F6D652F736A6F2F6477D8
:10BB10006D313030312D6578616D706C65732F64D7
:10BB20006563615F6472697665722F706F72742FDE
:10BB3000706F72745F706C6174666F726D2E6300EB
:10BB4000101412FF06FF000000000020000000009B
:10BB5000101412FF06FF000000000080000000002B
:10BB600000400040040000002F686F6D652F736A6D
:10BB70006F2F64776D313030312D6578616D706C69
:10BB800065732F6E5246355F53444B5F31342E320E
:10BB90002E302F636F6D706F6E656E74732F626CD5
:10BBA000652F636F6D6D6F6E2F626C655F636F6E77
:10BBB0006E5F73746174652E63000000626C655F74
:10BBC000676174740000000073645F626C655F6796
:10BBD00061705F646174615F6C656E6774685F75E6
:10BBE00070646174652829202872657175657374A5
:10BBF00029206F6E20636F6E6E656374696F6E20AF
:10BC0000307825782072657475726E656420756E63
:10BC100065787065637465642076616C7565203045
:10BC20007825782E0000000073645F626C655F67A2
:10BC3000617474635F65786368616E67655F6D7476
:10BC4000755F7265717565737428292072657475E6
:10BC5000726E656420756E657870656374656420C6
:10BC600076616C756520307825782E0073645F628C
:10BC70006C655F67617474735F65786368616E6734
:10BC8000655F6D74755F7265706C792829207265C7
:10BC90007475726E656420756E6578706563746521
:10BCA000642076616C756520307825782E00000060
:10BCB00073645F626C655F6761705F646174615F2C
:10BCC0006C656E6774685F7570646174652829209F
:10BCD000287265706C79292072657475726E65645E
:10BCE00020756E65787065637465642076616C7527
:10BCF0006520307825782E009ECADC240EE5A9E068
:10BD000093F3A3B50000406E636C6F636B0000009B
:10BD10002F686F6D652F736A6F2F64776D313030C8
:10BD2000312D6578616D706C65732F6E5246355F8D
:10BD300053444B5F31342E322E302F636F6D706F52
:10BD40006E656E74732F647269766572735F6E725E
:10BD5000662F636C6F636B2F6E72665F6472765FC3
:10BD6000636C6F636B2E63002F686F6D652F736A52
:10BD70006F2F64776D313030312D6578616D706C67
:10BD800065732F6E5246355F53444B5F31342E320C
:10BD90002E302F636F6D706F6E656E74732F6472CB
:10BDA00069766572735F6E72662F636F6D6D6F6E0D
:10BDB0002F6E72665F6472765F636F6D6D6F6E2E4D
:10BDC000630000002E2E2F2E2E2F2E2E2F2E2E2FE4
:10BDD0002E2E2F6E5246355F53444B5F31342E3238
:10BDE0002E302F636F6D706F6E656E74732F64727B
:10BDF00069766572735F6E72662F68616C2F6E7202
:10BE0000665F6770696F2E68000000006770696F79
:10BE1000746500002F686F6D652F736A6F2F6477EC
:10BE20006D313030312D6578616D706C65732F6EBA
:10BE30005246355F53444B5F31342E322E302F63E0
:10BE40006F6D706F6E656E74732F64726976657254
:10BE5000735F6E72662F6770696F74652F6E72669E
:10BE60005F6472765F6770696F74652E63000000AF
:10BE70002E2E2F2E2E2F2E2E2F2E2E2F2E2E2F6E9D
:10BE80005246355F53444B5F31342E322E302F6390
:10BE90006F6D706F6E656E74732F64726976657204
:10BEA000735F6E72662F68616C2F6E72665F67706B
:10BEB000696F2E6800000000737069002F686F6D55
:10BEC000652F736A6F2F64776D313030312D65784F
:10BED000616D706C65732F6E5246355F53444B5FD6
:10BEE00031342E322E302F636F6D706F6E656E742D
:10BEF000732F647269766572735F6E72662F7370EA
:10BF0000695F6D61737465722F6E72665F647276BD
:10BF10005F7370692E6300002E2E2F2E2E2F2E2E73
:10BF20002F2E2E2F2E2E2F6E5246355F53444B5FF1
:10BF300031342E322E302F636F6D706F6E656E74DC
:10BF4000732F647269766572735F6E72662F6861B3
:10BF50006C2F6E72665F6770696F2E68000000005C
:10BF600075617274000000002F686F6D652F736A31
:10BF70006F2F64776D313030312D6578616D706C65
:10BF800065732F6E5246355F53444B5F31342E320A
:10BF90002E302F636F6D706F6E656E74732F6472C9
:10BFA00069766572735F6E72662F756172742F6E3B
:10BFB00072665F6472765F756172742E6300000052
:10BFC000534F46544445564943453A2041535345FF
:10BFD0005254494F4E204641494C45440000000010
:10BFE000534F46544445564943453A20494E5641DD
:10BFF0004C4944204D454D4F5259204143434553F0
:10C0000053000000415353455254494F4E2046417E
:10C01000494C45442061742025733A257500000081
:10C020004552524F52202575205B25735D20617467
:10C030002025733A25750000554E4B4E4F574E2024
:10C040004641554C542061742030782530385800D2
:10C050002F686F6D652F736A6F2F64776D31303085
:10C06000312D6578616D706C65732F6E5246355F4A
:10C0700053444B5F31342E322E302F636F6D706F0F
:10C080006E656E74732F6C69627261726965732F6D
:10C090007574696C2F6170705F7574696C5F706C1A
:10C0A0006174666F726D2E63000000002F686F6D03
:10C0B000652F736A6F2F64776D313030312D65785D
:10C0C000616D706C65732F6E5246355F53444B5FE4
:10C0D00031342E322E302F636F6D706F6E656E743B
:10C0E000732F6C69627261726965732F6664732F56
:10C0F0006664732E63000000DEC0ADDEFF011EF13A
:10C10000DEC0ADDEFE011EF10000FFFF62616C6C5F
:10C110006F6300002F686F6D652F736A6F2F6477F0
:10C120006D313030312D6578616D706C65732F6EB7
:10C130005246355F53444B5F31342E322E302F63DD
:10C140006F6D706F6E656E74732F6C696272617261
:10C150006965732F62616C6C6F632F6E72665F62CC
:10C16000616C6C6F632E630020756E6B6E6F776E03
:10C1700020706172616D657465723A200000000084
:10C180003A20636F6D6D616E64206E6F7420666F10
:10C19000756E64002F686F6D652F736A6F2F6477FB
:10C1A0006D313030312D6578616D706C65732F6E37
:10C1B0005246355F53444B5F31342E322E302F635D
:10C1C0006F6D706F6E656E74732F6C6962726172E1
:10C1D0006965732F636C692F6E72665F636C692E7D
:10C1E0006300000025630000257300001B5B2564CD
:10C1F000440000001B5B2564430000001B5B2564BA
:10C20000410000001B5B2564420000000D0A2573FD
:10C21000257300005461622066756E6374696F6EE9
:10C220003A20636F6D6D616E647320636F756E7419
:10C230006572206F766572666C6F7765642E0D0A85
:10C24000000000000D0A2573000000000D0A6E6F4B
:10C2500074207465726D696E617465643A2025633B
:10C260000D0A0000257325730D0A00000D0A2573C1
:10C2700025730D0A000000002D6800002D2D686553
:10C280006C700000506C6561736520737065636944
:10C29000667920737562636F6D6D616E642E0D0A31
:10C2A000000000000D0A0A0025732573000000003D
:10C2B0004F7074696F6E733A0D0A00002020252DAF
:10C2C0002A733A0053686F7720636F6D6D616E64F7
:10C2D0002068656C702E000020202573257325735F
:10C2E00000000000537562636F6D6D616E64733A98
:10C2F0000D0A00004C6F7374204C4F4773202D20A3
:10C30000696E637265617365204C4F47206261639B
:10C310006B656E642071756575652073697A652E2D
:10C320000D0A000025733A20626164207061726119
:10C330006D6574657220636F756E740D0A00000080
:10C3400025733A257325730D0A0000006F6E0000F7
:10C350006F6666004563686F207374617475733A25
:10C360002025730D0A0000005B2533645D202573D2
:10C370000D0A00004C6F7374204C4F47733A202510
:10C38000750D0A4D6178204C4F47207175657565B4
:10C39000207574696C697A6174696F6E3A202575CD
:10C3A0002525205B25752F25755D0D0A00000000F1
:10C3B0006E6F20726573706F6E73652066726F6D3D
:10C3C000207465726D696E616C2C20617373756D7C
:10C3D000656420383078323420636861727320736A
:10C3E000637265656E2073697A650D0A000000004E
:10C3F000636C656172000000436C65617220736359
:10C400007265656E2E00000044697361626C652080
:10C41000636F6C6F7265642073796E7461782E003F
:10C42000456E61626C6520636F6C6F72656420732A
:10C43000796E7461782E0000636F6C6F7273000008
:10C44000546F67676C6520636F6C6F7265642073EF
:10C45000796E7461782E000044697361626C6520A6
:10C46000434C49206563686F2E2045736361706596
:10C4700020636F64657320617265206E6F7420683D
:10C48000616E646C65642E00456E61626C6520436C
:10C490004C49206563686F2E204573636170652089
:10C4A000636F646573206172652068616E646C659A
:10C4B000642E00006563686F00000000546F6767BA
:10C4C0006C6520434C49206563686F2E00000000B6
:10C4D000686973746F727900436F6D6D616E64206B
:10C4E000686973746F72792E00000000646566617C
:10C4F000756C7400417373756D6520383020636806
:10C500006172732073637265656E20776964746805
:10C5100020616E642073656E642074686973207393
:10C52000657474696E677320746F20746865207415
:10C5300065726D696E616C2E000000007265736932
:10C540007A650000436F6E736F6C65206765747366
:10C55000207465726D696E616C2073637265656EBF
:10C560002073697A65206F7220617373756D6573CE
:10C5700020383020696E20636173652072656164C4
:10C580006F7574206661696C732E204974206D7517
:10C5900073742062652065786563757465642061D5
:10C5A000667465722065616368207465726D696E7A
:10C5B000616C207769647468206368616E676520C8
:10C5C000746F20656E7375726520636F7272656338
:10C5D00074207465787420646973706C61792E00BE
:10C5E0006765740047657420434C49207374617417
:10C5F00069737469637320666F72204C4F47206DB6
:10C600006F64756C652E00007265736574000000C0
:10C61000526573657420434C492073746174697367
:10C620007469637320666F72204C4F47206D6F648E
:10C63000756C652E00000000636C695F7374617433
:10C6400073000000434C492073746174697374690A
:10C6500063732E002020000081380300133903008B
:10C6600009390300F0C30300F8C303000000000011
:10C67000AD39030050C3030008C4030000000000EC
:10C680007D3A03004CC3030020C4030000000000F7
:10C69000BD3A0300000000000000000000000000A0
:10C6A000000000000000000074C6030038C403004E
:10C6B00040C40300A4C60300FD3A030050C30300B6
:10C6C00058C4030000000000253C03004CC30300D5
:10C6D00088C4030000000000653C03000000000067
:10C6E000000000000000000000000000000000004A
:10C6F000BCC60300B4C40300BCC40300ECC6030002
:10C70000993B0300D0C40300D8C40300000000001C
:10C71000A53C0300ECC40300F4C4030000000000C7
:10C72000AD3E03000000000000000000000000001B
:10C73000000000000000000014C703003CC5030017
:10C7400044C5030034C70300293F0300E0C50300CC
:10C75000E4C5030000000000D93D030008C6030043
:10C7600010C6030000000000653E0300000000004A
:10C7700000000000000000000000000000000000B9
:10C780004CC7030038C6030044C603007CC703003F
:10C79000753D03001B4500001B5B366E000000006A
:10C7A0001B5B6D001B3700001B38000008200800D1
:10C7B0001B5B4A001B5B4B002D682C202D2D6865F0
:10C7C0006C7000002C200000202D200002000000D2
:10C7D0001B5B48001B5B324A000000001B5B3F33C1
:10C7E0006C000000636C695F75617274000000008A
:10C7F0002F686F6D652F736A6F2F64776D313030DE
:10C80000312D6578616D706C65732F6E5246355FA2
:10C8100053444B5F31342E322E302F636F6D706F67
:10C820006E656E74732F6C69627261726965732FC5
:10C83000636C692F756172742F6E72665F636C69C9
:10C840005F756172742E6300D54103005D42030081
:10C850008942030095430300514303002F686F6D25
:10C86000652F736A6F2F64776D313030312D6578A5
:10C87000616D706C65732F6E5246355F53444B5F2C
:10C8800031342E322E302F65787465726E616C2FC4
:10C89000667072696E74662F6E72665F667072691A
:10C8A0006E74662E630000002F686F6D652F736ACB
:10C8B0006F2F64776D313030312D6578616D706C1C
:10C8C00065732F6E5246355F53444B5F31342E32C1
:10C8D0002E302F65787465726E616C2F6670726988
:10C8E0006E74662F6E72665F667072696E74665FD4
:10C8F000666F726D61742E63000000003031323358
:10C90000343536373839414243444546001000003B
:10C9100004000000010000004D5103009951030084
:10C9200035520300C551030059520300CD52030094
:10C93000DB520300E95203002F686F6D652F736AA5
:10C940006F2F64776D313030312D6578616D706C8B
:10C9500065732F6E5246355F53444B5F31342E3230
:10C960002E302F636F6D706F6E656E74732F6C69F0
:10C97000627261726965732F6578706572696D6541
:10C980006E74616C5F6D656D6F626A2F6E72665F4B
:10C990006D656D6F626A2E63000000002E2E2F2ED3
:10C9A0002E2F2E2E2F2E2E2F2E2E2F6E5246355FEF
:10C9B00053444B5F31342E322E302F636F6D706FC6
:10C9C0006E656E74732F6C69627261726965732F24
:10C9D0006578706572696D656E74616C5F736563AF
:10C9E00074696F6E5F766172732F6E72665F7365C6
:10C9F0006374696F6E5F697465722E680000000071
:10CA00002E2E2F2E2E2F2E2E2F2E2E2F2E2E2F6E01
:10CA10005246355F53444B5F31342E322E302F63F4
:10CA20006F6D706F6E656E74732F6C696272617278
:10CA30006965732F6D757465782F6E72665F6D749E
:10CA4000782E68007077725F6D676D74000000006B
:10CA50002F686F6D652F736A6F2F64776D3130307B
:10CA6000312D6578616D706C65732F6E5246355F40
:10CA700053444B5F31342E322E302F636F6D706F05
:10CA80006E656E74732F6C69627261726965732F63
:10CA90007077725F6D676D742F6E72665F707772FC
:10CAA0005F6D676D742E63002F686F6D652F736AFD
:10CAB0006F2F64776D313030312D6578616D706C1A
:10CAC00065732F6E5246355F53444B5F31342E32BF
:10CAD0002E302F636F6D706F6E656E74732F6C697F
:10CAE000627261726965732F71756575652F6E72FB
:10CAF000665F71756575652E630000002F686F6D48
:10CB0000652F736A6F2F64776D313030312D657802
:10CB1000616D706C65732F6E5246355F53444B5F89
:10CB200031342E322E302F636F6D706F6E656E74E0
:10CB3000732F6C69627261726965732F65787065B5
:10CB400072696D656E74616C5F73656374696F6E35
:10CB50005F766172732F6E72665F73656374696F5F
:10CB60006E5F697465722E6300000000556E6B6E17
:10CB70006F776E206572726F7220636F646500005C
:10CB80004E52465F53554343455353004E52465F02
:10CB90004552524F525F5356435F48414E444C45B5
:10CBA000525F4D495353494E470000004E52465F75
:10CBB0004552524F525F534F4654444556494345A0
:10CBC0005F4E4F545F454E41424C454400000000CB
:10CBD0004E52465F4552524F525F494E5445524E57
:10CBE000414C00004E52465F4552524F525F4E4FED
:10CBF0005F4D454D000000004E52465F4552524F7A
:10CC0000525F4E4F545F464F554E44004E52465F62
:10CC10004552524F525F4E4F545F535550504F52F2
:10CC2000544544004E52465F4552524F525F494E62
:10CC300056414C49445F504152414D004E52465F6F
:10CC40004552524F525F494E56414C49445F5354EE
:10CC5000415445004E52465F4552524F525F494E35
:10CC600056414C49445F4C454E4754480000000033
:10CC70004E52465F4552524F525F494E56414C49C3
:10CC8000445F464C414753004E52465F4552524F17
:10CC9000525F494E56414C49445F44415441000063
:10CCA0004E52465F4552524F525F444154415F538A
:10CCB000495A45004E52465F4552524F525F5449C1
:10CCC0004D454F55540000004E52465F4552524F5D
:10CCD000525F4E554C4C00004E52465F4552524FEB
:10CCE000525F464F5242494444454E004E52465FC1
:10CCF0004552524F525F494E56414C49445F414460
:10CD0000445200004E52465F4552524F525F4255C8
:10CD1000535900004E52465F4552524F525F4D4F9D
:10CD200044554C455F4E4F545F494E495449414C20
:10CD30005A4544004E52465F4552524F525F4D5540
:10CD40005445585F494E49545F4641494C4544005B
:10CD50004E52465F4552524F525F4D555445585FB3
:10CD60004C4F434B5F4641494C4544004E52465F51
:10CD70004552524F525F4D555445585F554E4C4F9A
:10CD8000434B5F4641494C45440000004E52465FCC
:10CD90004552524F525F4D555445585F434F4E4494
:10CDA0005F494E49545F4641494C454400000000EC
:10CDB0004E52465F4552524F525F4D4F44554C457F
:10CDC0005F414C52454144595F494E495449414C99
:10CDD000495A4544000000004E52465F4552524FAA
:10CDE000525F53544F524147455F46554C4C0000EB
:10CDF0004E52465F4552524F525F4150495F4E4F2F
:10CE0000545F494D504C454D454E5445440000003B
:10CE10004E52465F4552524F525F4645415455521D
:10CE2000455F4E4F545F454E41424C454400000023
:10CE30004E52465F4552524F525F4452565F5457CE
:10CE4000495F4552525F4F56455252554E000000C1
:10CE50004E52465F4552524F525F4452565F5457AE
:10CE6000495F4552525F414E41434B004E52465F2F
:10CE70004552524F525F4452565F5457495F455294
:10CE8000525F444E41434B000000000080CB030042
:10CE9000010000008CCB030002000000ACCB0300BB
:10CEA00003000000D0CB030004000000E4CB03002B
:10CEB00005000000F8CB0300060000000CCC0300C6
:10CEC0000700000024CC0300080000003CCC030055
:10CED0000900000054CC03000A00000070CC0300DD
:10CEE0000B00000088CC03000C000000A0CC030065
:10CEF0000D000000B4CC03000E000000C8CC0300FD
:10CF00000F000000D8CC030010000000ECCC0300A0
:10CF10001100000004CD03008000000014CD0300C8
:10CF20008100000034CD03008200000050CD0300DA
:10CF3000830000006CCD0300840000008CCD030052
:10CF400085000000B0CD030086000000D8CD0300AE
:10CF500090000000F0CD03009100000010CE03000F
:10CF60000082000030CE03000182000050CE03009A
:10CF7000028200006CCE03002F686F6D652F736A0C
:10CF80006F2F64776D313030312D6578616D706C45
:10CF900065732F6E5246355F53444B5F31342E32EA
:10CFA0002E302F636F6D706F6E656E74732F6C69AA
:10CFB000627261726965732F6578706572696D65FB
:10CFC0006E74616C5F72696E676275662F6E7266F1
:10CFD0005F72696E676275662E6300009D64030070
:10CFE000CF640300C56403002F686F6D652F736AFB
:10CFF0006F2F64776D313030312D6578616D706CD5
:10D0000065732F6E5246355F53444B5F31342E3279
:10D010002E302F636F6D706F6E656E74732F6C6939
:10D02000627261726965732F6578706572696D658A
:10D030006E74616C5F6C6F672F7372632F6E7266B4
:10D040005F6C6F675F64656661756C745F62616376
:10D050006B656E64732E6300783F0020B03E002045
:10D06000B83E0020B83E0020180000004F766572E0
:10D07000666C6F7700000000617070002F686F6D44
:10D08000652F736A6F2F64776D313030312D65787D
:10D09000616D706C65732F6E5246355F53444B5F04
:10D0A00031342E322E302F636F6D706F6E656E745B
:10D0B000732F6C69627261726965732F6578706530
:10D0C00072696D656E74616C5F6C6F672F737263EC
:10D0D0002F6E72665F6C6F675F66726F6E74656EDF
:10D0E000642E63006572726F720000007761726E69
:10D0F000696E6700696E666F0000000064656275A6
:10D10000670000001B5B306D000000001B5B313BC3
:10D1100033306D001B5B313B33316D001B5B313BAA
:10D1200033326D001B5B313B33336D001B5B313B96
:10D1300033346D001B5B313B33356D001B5B313B82
:10D1400033366D001B5B313B33376D0025730000B8
:10D150003C25733E2025733A200000000D0A000094
:10D160002025303278000000202020007C000000C4
:10D1700025630000200000005465726D696E616CCB
:10D1800000000000525454005345474745520000E8
:10D190002E2E2F2E2E2F2E2E2F2E2E2F2E2E2F6E6A
:10D1A0005246355F53444B5F31342E322E302F635D
:10D1B0006F6D706F6E656E74732F6C6962726172E1
:10D1C0006965732F6578706572696D656E74616CE1
:10D1D0005F73656374696F6E5F766172732F6E72D1
:10D1E000665F73656374696F6E5F697465722E68DC
:10D1F000000000006E72665F736468002F686F6DD8
:10D20000652F736A6F2F64776D313030312D6578FB
:10D21000616D706C65732F6E5246355F53444B5F82
:10D2200031342E322E302F636F6D706F6E656E74D9
:10D23000732F736F66746465766963652F636F6DB2
:10D240006D6F6E2F6E72665F7364682E63000000F0
:10D2500001000007CCA80300D4A8030008000000C8
:10D26000D4A80300E4A8030008000000E4A8030019
:10D27000F4A80300080000002E2E2F2E2E2F2E2E95
:10D280002F2E2E2F2E2E2F6E5246355F53444B5F7E
:10D2900031342E322E302F636F6D706F6E656E7469
:10D2A000732F6C69627261726965732F657870653E
:10D2B00072696D656E74616C5F73656374696F6EBE
:10D2C0005F766172732F6E72665F73656374696FE8
:10D2D0006E5F697465722E68000000006E72665F92
:10D2E0007364685F626C650073645F626C655F6342
:10D2F00066675F73657428292072657475726E6540
:10D3000064202573207768656E20617474656D7084
:10D3100074696E6720746F2073657420424C455F9A
:10D32000434F4E4E5F4346475F4741502E0000003B
:10D3300073645F626C655F6366675F7365742829F9
:10D340002072657475726E65642025732077686538
:10D350006E20617474656D7074696E6720746F20DF
:10D3600073657420424C455F4741505F4346475FB9
:10D37000524F4C455F434F554E542E0073645F62CD
:10D380006C655F6366675F736574282920726574D6
:10D3900075726E6564202573207768656E206174F0
:10D3A00074656D7074696E6720746F207365742086
:10D3B000424C455F434F4E4E5F4346475F474154A3
:10D3C000542E000073645F626C655F6366675F7311
:10D3D000657428292072657475726E6564202573E2
:10D3E000207768656E20617474656D7074696E670E
:10D3F00020746F2073657420424C455F434F4D4D40
:10D400004F4E5F4346475F56535F555549442E0084
:10D4100073645F626C655F6366675F736574282918
:10D420002072657475726E65642025732077686557
:10D430006E20617474656D7074696E6720746F20FE
:10D4400073657420424C455F47415454535F4346D3
:10D45000475F415454525F5441425F53495A452EED
:10D460000000000073645F626C655F6366675F73F2
:10D47000657428292072657475726E656420257341
:10D48000207768656E20617474656D7074696E676D
:10D4900020746F2073657420424C455F474154549B
:10D4A000535F4346475F534552564943455F4348A0
:10D4B000414E4745442E000052414D207374617225
:10D4C000747320617420307825782C2063616E207D
:10D4D00062652061646A757374656420746F2030BE
:10D4E0007825782E0000000052414D2073697A653E
:10D4F0002063616E2062652061646A75737465647F
:10D5000020746F20307825782E00000073645F62ED
:10D510006C655F656E61626C652829207265747543
:10D52000726E65642025732E000000002F686F6DF9
:10D53000652F736A6F2F64776D313030312D6578C8
:10D54000616D706C65732F6E5246355F53444B5F4F
:10D5500031342E322E302F636F6D706F6E656E74A6
:10D56000732F736F66746465766963652F636F6D7F
:10D570006D6F6E2F6E72665F7364685F626C652E8E
:10D580006300000034A803006CA80300080000003A
:10D590002E2E2F2E2E2F2E2E2F2E2E2F2E2E2F6E66
:10D5A0005246355F53444B5F31342E322E302F6359
:10D5B0006F6D706F6E656E74732F6C6962726172DD
:10D5C0006965732F6578706572696D656E74616CDD
:10D5D0005F73656374696F6E5F766172732F6E72CD
:10D5E000665F73656374696F6E5F697465722E68D8
:10D5F000000000006E72665F7364685F736F6300A3
:10D600002F686F6D652F736A6F2F64776D313030BF
:10D61000312D6578616D706C65732F6E5246355F84
:10D6200053444B5F31342E322E302F636F6D706F49
:10D630006E656E74732F736F667464657669636567
:10D640002F636F6D6D6F6E2F6E72665F7364685FB0
:10D65000736F632E630000001CA8030034A803004E
:10D6600008000000B5B5B6B7B7B8B9B9BABBBBBC0E
:10D67000BDBDBEBFC0C0C1C1C2C3C3C4C5C5C6C78E
:10D68000C7C8C9C9CACBCBCCCCCDCECECFD0D0D1D8
:10D69000D1D2D3D3D4D4D5D6D6D7D7D8D9D9DADA2C
:10D6A000DBDBDCDDDDDEDEDFE0E0E1E1E2E2E3E387
:10D6B000E4E5E5E6E6E7E7E8E8E9EAEAEBEBECECE7
:10D6C000EDEDEEEEEFF0F0F1F1F2F2F3F3F4F4F54C
:10D6D000F5F6F6F7F7F8F8F9F9FAFAFBFBFCFCFDBA
:10D6E000FDFEFEFF80808081818282838384848529
:10D6F0008586868787888889898A8A8B8B8B8C8C9C
:10D700008D8D8E8E8F8F9090909191929293939316
:10D7100094949595969696979798989999999A9A98
:10D720009B9B9B9C9C9D9D9D9E9E9F9FA0A0A0A11E
:10D73000A1A1A2A2A3A3A3A4A4A5A5A5A6A6A7A7A9
:10D74000A7A8A8A8A9A9AAAAAAABABABACACADAD37
:10D75000ADAEAEAEAFAFB0B0B0B1B1B1B2B2B2B3C8
:10D76000B3B3B4B4B3B2B0AFAEADABAAA9A8A7A6D9
:10D77000A5A3A2A1A09F9E9E9D9C9B9A99989796D7
:10D780009695949393929190908F8E8E8D8C8B8B97
:10D790008A8A89888887878685858484838382822C
:10D7A00081818080FEFCFAF8F6F4F3F1EFEEECEA0A
:10D7B000E9E7E6E4E3E2E0DFDEDCDBDAD9D7D6D581
:10D7C000D4D3D2D1CFCECDCCCBCAC9C8C7C6C5C59C
:10D7D000C4C3C2C1C0BFBEBEBDBCBBBABAB9B8B774
:10D7E000B7B6B5B5000000000000000000002440FE
:10D7F0000000000000005940000000000088C34005
:10D800000000000084D797410080E03779C341438E
:10D81000176E05B5B5B89346F5F93FE9034F384D96
:10D82000321D30F94877825A3CBF737FDD4F157542
:10D830003031323334353637383941424344454646
:10D840003031323334353637383961626364656676
:10D8500001000000000000000A00000000000000BD
:10D860006400000000000000E80300000000000069
:10D870001027000000000000A0860100000000004A
:10D8800040420F0000000000809698000000000059
:10D8900000E1F5050000000000CA9A3B000000000E
:10D8A00000E40B540200000000E876481700000076
:10D8B0000010A5D4E800000000A0724E1809000076
:10D8C00000407A10F35A00000080C6A47E8D030049
:10D8D0000000C16FF286230000008A5D7845630175
:10D8E000000064A7B3B6E00D0000E8890423C78AEE
:10D8F000286E756C6C29002D494E46002D696E66A8
:10D90000002B494E46002B696E66004E414E006E5C
:10D91000616E0000D9D9030050DA0300DCD903009E
:10D9200053756E646179004D6F6E64617900547552
:10D930006573646179005765646E6573646179002D
:10D940005468757273646179004672696461790024
:10D95000536174757264617900004A616E75617219
:10D9600079004665627275617279004D6172636813
:10D9700000417072696C004D6179004A756E6500F6
:10D980004A756C79004175677573740053657074DE
:10D99000656D626572004F63746F626572004E6FF1
:10D9A00076656D62657200446563656D62657200DF
:10D9B00000414D00504D0000256D2F25642F257925
:10D9C0000025483A254D3A2553002561202562203F
:10D9D000256520255420255900430000A7A70300F2
:10D9E000C7A70300D3A70300E1A7030001A8030012
:10D9F0000DA80300F9A60300C5A6030053756E0029
:10DA00004D6F6E005475650057656400546875006D
:10DA10004672690053617400004A616E0046656297
:10DA2000004D617200417072004D6179004A756E5F
:10DA3000004A756C0041756700536570004F637450
:10DA4000004E6F760044656300002E000000000069
:10DA50004ADA03004CDA03004CDA03004CDA030024
:10DA60004CDA03004CDA03004CDA03004CDA030012
:10DA70004CDA03004CDA0300FFFFFFFFFFFFFFFF5C
:10DA8000FFFFFFFFFFFF000020D90300FCD90300C8
:10DA90005AD9030019DA0300B1D90300B8D9030039
:10DAA000C1D90300CAD90300202020202020202033
:10DAB00020682828282820202020202020202020FE
:10DAC000202020202020202048101010101010109E
:10DAD00010101010101010108484848484848484A6
:10DAE00084841010101010101081818181818101B7
:10DAF0000101010101010101010101010101010116
:10DB000001010110101010101082828282828202A4
:10DB100002020202020202020202020202020202E5
:10DB20000202021010101020000703200417020147
:05DB30000857104080C1
:10DB3800FFFF140001000200083000201700000059
:10DB4800000000000000000058B20300512F03003D
:10DB580058C60300000000000000000074B2030073
:10DB68000000000000000000050214000A0A00027C
:10DB78000000411064000000881300000A00000043
:10DB88000100000000000000000000445731303060
:10DB98003020446576696365204472697665722031
:10DBA80056657273696F6E2030342E30302E3036E1
:10DBB800000000000000000000000000000000005D
:10DBC800000000000000000000000001000000024A
:10DBD800000000030000000400000000E803000645
:10DBE8000000000054B3030060B303007CB30300DB
:10DBF80094B30300ACB30300C0B30300D4B3030071
:10DC0800ECB3030008B4030024B4030040B40300D9
:10DC180054B4030068B4030084B40300A0B4030040
:10DC2800B0B40300C4B40300D4B40300E4B40300E4
:10DC3800F4B4030008B503001CB50300000000009D
:10DC480064756D6D790000000000000000000000A0
:10DC580000010000050214000A0A00020000810009
:10DC680000000000000000000000000000000000AC
:10DC78000000000000000000000059400000000003
:10DC8800000000000000000000000000000000008C
:10DC9800000059403C3900200090D003002000408B
:10DCA8000000000054C60300DCCF030000000000A1
:10DCB8000000000000000000E4D00300ECD00300E6
:10DCC800F4D00300FCD0030004D103000CD10300FE
:10DCD80014D103001CD1030024D103002CD103006C
:10DCE80034D103003CD1030044D103002C4600206A
:10DCF800304600203446002014D9030014D903000C
:0CDD080014D9030014D9030014D903003F
:040000032000313D6B
:00000001FF
