:020000022000DC
:10300000000001204D320200A5320200A73202006A
:10301000A9320200AB320200AD3202000000000013
:10302000000000000000000000000000AF320200BD
:10303000B132020000000000B3320200B5320200DB
:1030400095970200BB320200E1B60200BF320200D7
:10305000C1320200C332020051A20200C732020094
:10306000C9320200CB320200CD320200CF32020060
:10307000D1320200D3320200D5320200D732020030
:10308000D93202009D530200DD320200DF3202001D
:10309000DD530200E3320200899B0300E7320200A5
:1030A000E9320200EB320200ED320200EF320200A0
:1030B000F1320200F3320200B7320200B7320200EE
:1030C000F5320200F7320200F9320200FB32020050
:0C30D000FD320200FF320200013302005A
:1030DC003A493B480A1A02D0072291438D46394996
:1030EC0039480A1A06D00722914381F30988022233
:1030FC0082F3148835483649364A00F041F8364890
:10310C003649374A00F03CF836483749374A00F020
:10311C0037F837483749384A00F032F837483849D9
:10312C00384A00F02DF838483849394A00F028F868
:10313C0038483949394A00F023F8394839490022CE
:10314C0000F036F838483949002200F031F8384898
:10315C003849091A16F0A8FF374A904725482649DE
:10316C00884205D00268043003B4904703BCF7E7EB
:10317C0000208646EC4600200021304A9047FEE7AE
:10318C00884214D0521A12D003460B431343032423
:10319C00234206D1036804300B600431043AF9D1A0
:1031AC007047037801300B700131013AF9D1704747
:1031BC00884202D002700130FAE77047000001200B
:1031CC0000F80020000001200000012028C30300AB
:1031DC00782100200822002004330200043302006E
:1031EC005AA7030028C3030078210020782100206F
:1031FC00DCA80300DCA80300DCA80300DCA80300A7
:10320C00DCA80300DCA80300DCA80300DCA8030096
:10321C0026C30300B8C303000822002008220020A4
:10322C00082200205C3B00205C3B00205C3B002023
:10323C005C3B00205C3D002071320200F1DA0200A0
:10324C000F484FF00701884385460E4880470E48CB
:10325C00016841F470010160BFF34F8FBFF36F8FB2
:10326C00FFF736BF09480A490A4A884207D0521A62
:10327C0005D0037801300B700131013AF9D1704758
:10328C00000001205986030088ED00E044A80300EB
:10329C00E020002078210020FEE7FEE7FEE7FEE7B5
:1032AC00FEE7FEE7FEE7FEE7FEE7FEE7FEE7FEE7EA
:1032BC00FEE7FEE7FEE7FEE7FEE7FEE7FEE7FEE7DA
:1032CC00FEE7FEE7FEE7FEE7FEE7FEE7FEE7FEE7CA
:1032DC00FEE7FEE7FEE7FEE7FEE7FEE7FEE7FEE7BA
:1032EC00FEE7FEE7FEE7FEE7FEE7FEE7FEE7FEE7AA
:0832FC00FEE7FEE7FEE700BF5C
:1033040000B5A1B00590049103920293049805F0CE
:10331400CBFB039B1593029B169300231793002367
:103324008DF8603000231993229B1A9300231F9376
:103334000FA91F9B0822049805F074FC08231F930F
:10334400119B1293109B9BB2ADF84C3000238DF867
:1033540050309DF83C3003F00303DBB2012B32D133
:103364000F9BC3F395231C939DF83C30C3F3C20316
:10337400DBB28DF84E309DF83C30C3F38003DBB2F2
:10338400002B14BF01230023DBB28DF84F30BDF8AE
:103394003C30C3F38313DBB21B931B9B9A0009A934
:1033A4001F9B049805F03EFC1B9B9B001F9A134433
:1033B4001F9312AA09A915AB009313461B9A1C98D4
:1033C40000F048FF3BE09DF83C3003F00303DBB220
:1033D400022B34D1BDF83E30C3F389139BB21E9344
:1033E4009DF83C30C3F3C203DBB28DF84E309DF838
:1033F4003C30C3F38003DBB2002B14BF0123002352
:10340400DBB28DF84F301E9B082B28BF08231D9379
:1034140007A91F9B1D9A049805F004FC1F9A1D9B85
:1034240013441F931E9A1D9BD31A1E9315AB12AA05
:1034340007A81D9900F0B0FF1E9B002BE3D1049850
:1034440005F041FB00BF21B05DF804FB82B00190A0
:103454000091034B01221A7000BF02B0704700BFF5
:103464004822002030B58DB003468DF807301A4B42
:1034740002AC1D460FCD0FC495E80F0084E80F0081
:10348400062302934FF0FF3303934FF0FF3304936B
:103494004FF0FF3305934FF0EB7308939DF807301B
:1034A400002B01D00D4A00E0002202AB19460C4863
:1034B40007F030FD0B900B9B0A930A9B002B04D062
:1034C400084A43210A9801F035F9074A9DF8073064
:1034D400137000BF0DB030BD48A903005134020081
:1034E40078210020DCA803004922002000B583B025
:1034F40001238DF807309DF807301846FFF7B2FF17
:1035040000BF03B05DF804FB00B589B003900291DD
:103514000192019B8DF81F30124B00221A709DF806
:103524001F301A460299104807F05CFE0690069B6D
:103534000593059B002B04D00C4A5321059801F0F8
:10354400F9F800BF0A4B1B78002B07D0054B1B78FA
:10355400DBB283F00103DBB2002BF3D100BF09B06F
:103564005DF804FB4822002078210020DCA8030039
:103574004922002000B585B003900291054B0093C9
:103584004023054A02990398FFF7BAFE00BF05B02D
:103594005DF804FB0D3502000822002082B0019082
:1035A40000BF02B07047000000B583B00190054829
:1035B40007F002FD0020FFF755FF00BF03B05DF8E0
:1035C40004FB00BF7821002082B00190019B0122FE
:1035D4005A7200BF02B0704700B583B04FF0FF339A
:1035E4000193FFF783FF0421084800F06DFD01906B
:1035F400019B002B03DA0649482008F01BFE034810
:10360400FFF7E2FF00BF03B05DF804FB8021002058
:1036140074A9030000B583B001900091019B1B685D
:103624001B6800990198984700BF03B05DF804FB3C
:1036340000B583B00190019B1B685B6801989847B3
:1036440000BF03B05DF804FB82B001900B468DF817
:103654000330019B9DF803201A7200BF02B070472B
:1036640082B00190019B1B7A184602B0704782B069
:103674000190019B01225A7200BF02B0704782B0D0
:103684000190019B5B7A184602B0704710B487B072
:1036940001900091019B009A53E8004F44EA020014
:1036A40043E8000191F0000FF6D1059404900391D2
:1036B400049B184607B05DF8044B704710B487B0FC
:1036C40001900091019B009A53E8004F04EA020024
:1036D40043E8000191F0000FF6D1059404900391A2
:1036E400059B184607B05DF8044B704700B583B0DE
:1036F400019001210198FFF7C9FF0346184603B062
:103704005DF804FB00B583B0019000210198FFF738
:10371400D5FF0346184603B05DF804FB00B587B037
:1037240001901F4BFF229A601D4B00221A601C4B14
:1037340000225A601A4B0022C3F81824184B0022A6
:10374400C3F81424164B002283F81C24154805F0F2
:103754000FF90490049B002B01D0049B1CE0124A37
:10376400124BD31ADB080393002305930FE0059A49
:1037740013465B0013449B001A460D4B13440293FB
:10378400059B9AB2029B1A80059B01330593059A07
:10379400039B9A42EBD30023184607B05DF804FB61
:1037A4001C230020E4A903001CA80300C4A70300F1
:1037B400E0200020024A034BD31ADB081846704766
:1037C4001CA80300C4A7030000B587B001900B46F2
:1037D4008DF803309DF80330002B23D0FFF7EAFF68
:1037E40004900023059317E0059A13465B001344E5
:1037F4009B001A460E4B13440393039B5B881A46A3
:10380400019B1B689A4204D1019B059A1A6000230C
:1038140009E0059B01330593059A049B9A42E3D37F
:10382400052300E00023184607B05DF804FB00BF41
:10383400E020002000B585B001900B468DF80330E0
:103844009DF8032001AB11461846FFF7BDFF034660
:10385400002B07D1019BDB00054A13440393039B10
:103864001B6800E00023184605B05DF804FB00BFA8
:10387400C4A7030084B001900B468DF80330019B6C
:10388400DB00174A134402939DF80330013B032BDA
:103894001CD801A252F823F0AD380200B53802005A
:1038A400BD380200C738020002238DF80F3011E042
:1038B40004238DF80F300DE0029B1B798DF80F3037
:1038C40008E0029B5B798DF80F3003E000238DF84C
:1038D4000F3000BF9DF80F30184604B0704700BF8A
:1038E400C4A7030000B589B04148FFF7FFFE414873
:1038F400FFF7FCFE404B5B6807933F4B9B680493C8
:10390400079A049B134002339B003B4A134404333D
:1039140006931BE0079B01330793069B5B88C3F365
:1039240089139BB21A46069B1B88C3F389139BB267
:1039340013441A46079B13440793079A049B1340A6
:1039440002339B002C4A134404330693069B1B78D2
:1039540003F00303DBB2002BDCD00023059311E05A
:10396400079B5A1C0792049A1340059A92006946D1
:103974000A44214902339B000B445B681360059B96
:1039840001330593059B012BEAD99DF80030C3F35D
:103994000103DBB2012B0CD0022B14D1BDF8023091
:1039A400C3F389139BB203339B08079A1344079309
:1039B4000FE0BDF80030C3F38313DBB21A46079B54
:1039C4001344079305E00D4940F24D1008F032FC12
:1039D40000BF0848FFF796FE0390039B002B02D01C
:1039E400054A079B536000BF09B05DF804FB00BFA4
:1039F40034270020302700201C23002008AA0300BD
:103A040010B586B00390029101920093039B1B0CA6
:103A1400ADF81630BDF81640FFF7CCFE03469C42C5
:103A240004D323494FF4B27008F004FC009B5A1CE1
:103A3400089B1340BDF816201E4902339B000B441B
:103A44005A60009A089B134002339B00194A13449E
:103A540004330493039B1B0903F00103D9B2049AB2
:103A6400137861F382031370039B03F00703D9B245
:103A7400049A137861F3C5031370019B03F00F03D9
:103A8400D9B2049A138861F389131380029BC3F398
:103A94001501049A136861F39F231360049A137841
:103AA400012161F30103137000BF06B010BD00BF14
:103AB40008AA03001C23002000B58BB001900091DC
:103AC400019B023308930223079301238DF81B30D3
:103AD40000238DF80F300DF10F03184601F0AEFDF1
:103AE400214B1A68009B1A601F4B9A681E4B596839
:103AF4001D4B1B68CB1A134401330993089A079B87
:103B0400134405930BE0FFF7EDFE174B9A68164B31
:103B14005968154B1B68CB1A134401330993059A52
:103B2400099B9A42EFD8104B1A680F4B9B681340BD
:103B340002339B000C4A134404330493049A13780D
:103B440043F003031370084B1A68089B1344064A96
:103B540013609DF80F30184601F086FD9DF81B3068
:103B640018460BB05DF804FB1C23002000B58BB095
:103B740005900491039202931E4B9B68079306AB36
:103B840019460298FFF798FF0346002B24D0069BA2
:103B9400023309930023089311E0089B9B00039AC6
:103BA4001A44099B591C099107990B401268114941
:103BB40002339B000B445A60089B01330893089A14
:103BC400029B9A42E9D3069A079B00931346029AF2
:103BD40004990598FFF714FF064B93F81C34002B47
:103BE40004D000F079F80346002BFAD100BF0BB0E3
:103BF4005DF804FB1C23002000B583B00190009104
:103C04000023002200990198FFF7B0FF00BF03B022
:103C14005DF804FB00B587B0039002910192019B0B
:103C2400059305AA012302990398FFF79FFF00BF9C
:103C340007B05DF804FB00B587B0039002910192D0
:103C44000093019B0493009B059304AA0223029909
:103C54000398FFF78BFF00BF07B05DF804FB00B5C6
:103C640089B00390029101920093019B0593009BFC
:103C740006930A9B079305AA032302990398FFF767
:103C840075FF00BF09B05DF804FB00B589B003906F
:103C9400029101920093019B0493009B05930A9B5C
:103CA40006930B9B079304AA042302990398FFF736
:103CB4005DFF00BF09B05DF804FB0000054B5A68C6
:103CC400044B1B689A420CBF01230023DBB2184645
:103CD400704700BF1C23002000B599B0FFF7EEFF2A
:103CE4000346002B01D00023B3E19C4B0022C3F810
:103CF4001824BFF34F8F00BF984B5B681793974B03
:103D04009B681093179A109B134002339B00934AAD
:103D140013440433169300231593002314930023B0
:103D24000F931BE0179B01331793169B5B88C3F318
:103D340089139BB21A46169B1B88C3F389139BB243
:103D440013441A46179B13441793179A109B134056
:103D540002339B00814A134404331693169B1B7849
:103D640003F00303DBB2002BDCD00023139311E038
:103D7400179B5A1C1792109A1340139A920002A987
:103D84000A44764902339B000B445B681360139B1F
:103D940001331393139B012BEAD99DF8083003F0E8
:103DA4000303DBB2022B40F09C80BDF80A30C3F35E
:103DB40089139BB20D93BDF80A30C3F389139BB2E8
:103DC400502B28BF50239BB20C930C9BC3F30903C5
:103DD4009AB2BDF80A3062F38F13ADF80A300C9B27
:103DE40008330B939DF80830C3F3C203DBB20F937F
:103DF4000B995B4804F0C7FD1590159B002B00F050
:103E0400E080159804F050FE02A9149B082215982E
:103E140004F0F6FE149B08331493179BDA43109BAB
:103E2400134001339B000A930C9A0A9B9A4242D98D
:103E34000A9B002B08D0179A109B134002339B0057
:103E4400464A1344043300E0464B08930A9B002B74
:103E540002D00A9BDBB201E00C9BDBB28DF81F3071
:103E64000A9B002B01D03F4B00E0002306930A9BE2
:103E7400002B06D00C9BDAB20A9BDBB2D31ADBB25E
:103E840000E000238DF817309DF81F20149B08993B
:103E9400159804F0B5FE9DF81F30149A134414933A
:103EA400069B002B16D09DF81720149B0699159895
:103EB40004F0A6FE0EE0179A109B134002339B00F9
:103EC400264A134404330993149B0C9A09991598B0
:103ED40004F096FE0D9B03339B08179A1344179323
:103EE4006FE09DF8083003F00303DBB2012B5AD1D5
:103EF400BDF80830C3F38313DBB2062B28BF0623B7
:103F0400DAB2BDF8083062F38913ADF80830BDF8B1
:103F14000830C3F38313DBB202330E939DF80830E9
:103F2400C3F3C203DBB20F930E9B9B0019460C48EC
:103F340004F029FD1590159B002B42D0159804F030
:103F4400B3FD02A9149B0822159804F059FE149B92
:103F540008331493002313931BE000BF1C23002099
:103F6400E4A9030028230020179B5A1C1792109AD7
:103F7400134002339B00394A1344191D149B042235
:103F8400159804F03DFE149B04331493139B0133E2
:103F94001393BDF80830C3F38313DBB21A46139BA3
:103FA4009342E1D30DE09DF8083003F00303DBB244
:103FB400032B06D1294BD3F81834002B01D100234D
:103FC40047E0159B002B3ED0244BD3F810341293BA
:103FD400224BD3F81834002B1AD0159804F073FD33
:103FE40031E000238DF847301298FFF748FB034671
:103FF400002B02D001238DF847309DF84730002B69
:1040040003D015991298FFF705FB129B5B68129376
:10401400129B002BE5D1159804F055FD00238DF873
:1040240007300DF10703184601F008FB0B4BD3F8DA
:104034001834002B02D1094A179B53609DF80730AE
:10404400184601F011FBFFF739FE034683F0010324
:10405400DBB2184619B05DF804FB00BF1C23002036
:1040640000B585B00023039322E0164BD3F8103437
:10407400029301238DF807300EE00298FFF7F0FA5F
:1040840003461A46039B934203D100238DF807305D
:1040940005E0029B5B680293029B002BEDD19DF827
:1040A4000730002B01D0039B07E0039B01330393EC
:1040B400039B092BD9DD4FF0FF33184605B05DF89B
:1040C40004FB00BF1C23002000B585B001900B4603
:1040D4008DF80330FFF7C4FF0390039BB3F1FF3F58
:1040E40001D1039B1EE0039BDBB219460198FFF745
:1040F400ABFA0E4BD3F81034002B07D10B4A019BBB
:10410400C2F81034019B00225A600AE0074BD3F82E
:1041140010345A68019B5A60044BD3F81034019A46
:104124005A60039B184605B05DF804FB1C2300206D
:1041340000B583B00C4BD3F8103401930A4B012221
:1041440083F81C2408E00198FFF791FA0198FFF71F
:104154006FFA019B5B680193019B002BF3D100BFB5
:1041640000BF03B05DF804FB1C23002010B582B02F
:1041740001900091019BDB7983F00103DBB2002BFA
:1041840028D0019B1B7A002B12D0019B9B881A46D6
:10419400019B9B7919461046FFF76CFB03461A46B0
:1041A4000E4B53F822301A460D49009803F0E6FBF3
:1041B400019B9B791A460B4B53F82240019B9B8829
:1041C40000211846FFF736FB0346224606490098AD
:1041D40003F0D4FB00BF02B010BD00BFA02100203B
:1041E400D8AA03008C210020DCAA030000B585B006
:1041F4000390029113468DF80730039BDB7983F01B
:104204000103DBB2002B0FD0039B1B7A002B06D0DB
:104214000D4B1B681A460D49029803F0AFFB0C497D
:10422400029803F0ABFB07E09DF80730002B03D0A6
:104234000749029803F0A2FB029803F07DFB00BF3C
:1042440005B05DF804FB00BFA0210020D8AA03003C
:10425400E8AA030030B58BB0079006910592049349
:104264000E9B1B7B8DF827300E9B00221A730E9930
:104274000498FFF77BFF059B062B7FD801A252F819
:1042840023F000BFA5420200AF420200BF42020079
:10429400D3420200F14202001943020049430200E2
:1042A40007990E9803F06AFB69E0069B1B681A469F
:1042B40007990E9803F062FB61E0069B1A68069B5F
:1042C40004331B6807990E9803F058FB57E0069BCC
:1042D4001A68069B04331968069B08331B6800930D
:1042E4000B4607990E9803F049FB48E0069B1968B2
:1042F400069B04331868069B08331B68069A0C3225
:1043040012680192009303460A4607990E9803F037
:1043140035FB34E0069B1868069B04331C68069B37
:1043240008331B68069A0C32126806991031096822
:104334000291019200932346024607990E9803F0D6
:104344001DFB1CE0069B1C68069B04331D68069B32
:1043540008331B68069A0C321268069910310968F2
:1043640006981430006803900291019200932B4642
:10437400224607990E9803F001FB00E000BF0022DB
:104384000E990498FFF732FF0E9B9DF827201A73AD
:1043940000BF0BB030BD00BF00B587B003900291E1
:1043A40001920093029B082B5CD8009B1B7B8DF829
:1043B4001330009B00221A7300990198FFF7D6FE70
:1043C4000023059314E0059A029B9A4209D2039AAA
:1043D400059B13441B781A462449009803F0CEFA2F
:1043E40003E02349009803F0C9FA059B01330593C0
:1043F400059B072BE7D91F49009803F0BFFA002358
:10440400059322E0059A029B9A4217D2039A059BD0
:1044140013441B788DF812309DF81230184615F0AD
:1044240012FF0346002B02D09DF8123000E02E2329
:104434001A461149009803F0A1FA03E00F490098C5
:1044440003F09CFA059B01330593059B072BD9D9EF
:10445400012200990198FFF7C9FE009B9DF81320E3
:104464001A7300E000BF07B05DF804FBECAA030078
:10447400F4AA0300F8AA0300FCAA030000AB03009B
:1044840000B589B0019000238DF81F3051E02E4B08
:104494001A689DF81F30DB0013440693069B1B78B3
:1044A4001A46012393400593284B1A68059B134031
:1044B400002B39D0059BDA43244B1B681340234A55
:1044C4001360069B1B78184605F0A6FE03468DF87C
:1044D4001330069B1B781A46012393401A461C4B43
:1044E4001B6813409DF81320069909788A4093426B
:1044F4001AD19DF81330069A5278012A0CBF012272
:104504000022D2B293420CBF01230023DBB20393F7
:10451400069B5B68002B07D0069B5B68069A1278A3
:104524000399C9B2104698479DF81F3001338DF89E
:104534001F30084B1B789DF81F209A42A7D300BF59
:1045440000BF09B05DF804FB3C2700206C27002065
:10455400682700204027002000B585B001900B4655
:104564008DF803300122019B02FA03F303931E4BDF
:10457400184600F0CDFF0290029B002B30D11B4B5C
:104584001A68039B1340002B22D1019805F044FEC6
:104594000346002B06D0164B1A68039B1343144A98
:1045A400136006E0039BDA43114B1B681340104A67
:1045B40013600E4B1A68039B13430C4A13600A489A
:1045C4000C4B1B680022194600F070FF029008E0B3
:1045D400039BDA43054B1B681340044A136000E055
:1045E40000BF05B05DF804FB482700206C270020BD
:1045F400682700204427002000B589B003900B46AB
:1046040001928DF80B30019B042B01D8072351E054
:1046140005F00AFD034683F00103DBB2002B07D04B
:1046240005F0BAFC0790079B002B01D0079B41E0E3
:10463400224A039B1360224A9DF80B301370214ACF
:10464400019B1360204B00221A60204B00221A6049
:1046540023E09DF80B30DB00039A134406930323F5
:104664008DF8143000238DF8153000238DF81630A2
:1046740000238DF81730069B9B788DF81530069B28
:104684001B78184605AB124A194605F0D9FC079069
:10469400079B002B01D0079B0CE09DF80B305A1EA2
:1046A4008DF80B20002BD4D10A4A00210A4800F0CF
:1046B400CDFE0346184609B05DF804FB3C270020F4
:1046C4004027002044270020682700206C27002072
:1046D4005D4502008544020004AB030000B583B0CD
:1046E400114B1B68002B03D11049B62007F0A2FD23
:1046F400002301930CE00C4B1A68019BDB0013446C
:104704001B780121184605F0FFFC019B013301933E
:10471400074B1B781A46019B9342ECD3002318469F
:1047240003B05DF804FB00BF3C27002008AB030086
:104734004027002000B589B0039002910192029BAA
:104744009BB2ADF81430019B0693039B079305AB12
:104754001A46002144F2010000F052F800BF09B0EB
:104764005DF804FB86B003900291019201238DF859
:1047740017309DF81730214A039B13601F4A029B90
:1047840053601E4A019B9360039B44F201029342CF
:1047940013D0039B44F20202934222D1019B174A95
:1047A400D360164BDB681B881A46144B9A61134B73
:1047B400DB685B68114AD36113E0019B0F4A136104
:1047C4000E4B1B699B680D4A53610C4B1B691B887C
:1047D4001A460A4B9A61094B1B695B68074AD36105
:1047E40000BF72B600BF00BF9DF81730DBB2002BCC
:1047F400FAD162B600BF00BF06B070477027002030
:1048040030B589B0059004910392FFF791FCFFF74E
:1048140063FA0346002BFAD1059B44F20202934249
:104824002BD0059B44F20202934254D8059B44F2D8
:104834000102934231D0059B44F2010293424AD8CB
:10484400059B012B05D0059B41F2010293420AD03E
:1048540041E02E4B1B881B0443F001032C491846EE
:10486400FFF7CAF942E0294B1B881B0443F00103FC
:1048740028491846FFF7C0F938E0039B0793234BF8
:104884001B881B0443F00100079B5B681A46079BC7
:104894001B882149FFF7CFF928E0039B06931B4BA4
:1048A4001B881B0443F00104069B9D68069B9B68C0
:1048B400184604F025FA03461946069B5B681A4617
:1048C400069B1B88019300920B462A4613492046F7
:1048D400FFF7DBF90AE00D4B1B881B0443F00103CF
:1048E400049A0F491846FFF795F900BF0D4B1B6852
:1048F40003F00103002B00D0FFDE039A049905980E
:10490400FFF730FF00BF09B030BD00BFE02000203A
:104914005CAB03007CAB0300A0AB0300BCAB0300A7
:10492400D4AB0300F0ED00E082B003468DF807300D
:104934009DF8073003F01F0205499DF907305B0914
:10494400012000FA02F241F8232000BF02B07047B0
:1049540000E100E082B003468DF807309DF807308F
:1049640003F01F0206499DF907305B09012000FA94
:1049740002F2203341F8232000BF02B0704700BF89
:1049840000E100E082B003468DF807309DF807305F
:1049940003F01F0206499DF907305B09012000FA64
:1049A40002F2403341F8232000BF02B0704700BF39
:1049B40000E100E082B003468DF807309DF807302F
:1049C40003F01F0206499DF907305B09012000FA34
:1049D40002F2603341F8232000BF02B0704700BFE9
:1049E40000E100E082B0034600918DF807309DF9A4
:1049F4000730002B0CDA009BDAB20C499DF8073023
:104A040003F00F03043B5201D2B20B441A7609E0BF
:104A1400009BDAB206499DF907305201D2B20B4429
:104A240083F8002300BF02B0704700BF00ED00E030
:104A340000E100E084B00190244B0393019B002B20
:104A440040D0234B1A680399019B00BF00BF00BFED
:104A540000BF00BF00BF00BF00BF8A422FD000BF0D
:104A640000BF00BF00BF00BF00BF00BF00BF00BF4A
:104A740000BF00BF00BF00BF00BF00BF00BF00BF3A
:104A840000BF00BF00BF00BF00BF00BF00BF00BF2A
:104A940000BF00BF00BF00BF00BF00BF00BF00BF1A
:104AA40000BF00BF00BF00BF00BF00BF00BF00BF0A
:104AB40000BF00BF00BF00BF00BF00BF00BF013B7D
:104AC400C3D1019300BF04B0704700BF0024F400B9
:104AD400F021002000B583B00190064A019BC2F882
:104AE400083507211120FFF77DFF00BF03B05DF8F3
:104AF40004FB00BF0010014008B50D4B4FF4803299
:104B0400C3F844230A4B4FF48032C3F80423112022
:104B1400FFF750FF1120FFF707FF054B01221A6032
:104B24002F20FFF787FF034B01221A7000BF08BD37
:104B340000100140AE28002008B51120FFF70AFF3D
:104B44000E4B4FF48032C3F848230C4B4FF48032A1
:104B5400C3F80823094B01225A602F20FFF76AFF8C
:104B6400064B01229A60064B00221A602F20FFF7A1
:104B740061FF044B00221A7000BF08BD0010014001
:104B8400A0280020AE280020024BD3F80435184694
:104B9400704700BF0010014082B001900091019A5B
:104BA400009BD31A23F07F43184602B070470000DD
:104BB40082B00190034A019BC2F8403500BF02B0A5
:104BC400704700BF0010014086B00190284B1B685D
:104BD400002B03D1264A019B136045E0019B1A6810
:104BE400234B1B681B689A4210D8214B1B68196819
:104BF400019B1A681E4B1B688A1A1A601C4B1A68A0
:104C0400019BDA611A4A019B13602DE0019B1B682A
:104C14000393174B1B680593154B1B68049309E01A
:104C2400049B1B68039AD31A0393049B0593049B68
:104C3400DB690493049B002B04D0049B1B68039A38
:104C44009A42EDD8049B002B05D0049B1A68039B61
:104C5400D21A049B1A60019B039A1A60019B049A5E
:104C6400DA61059B019ADA6100BF06B0704700BFA4
:104C74009C28002000B587B001902A4B1B68039341
:104C8400284B1B680593059B049308E0049A019B39
:104C94009A4208D0049B0593049BDB690493049B0C
:104CA400002BF3D100E000BF049B002B01D10023B3
:104CB40033E0059A049B9A4214D11A4B1B68DB69B2
:104CC400184A1360174B1B68002B0BD1164B01229B
:104CD4009A60164B00221A60154B01221A702F207D
:104CE400FFF7A8FE049B1B680293049BDA69059BEB
:104CF400DA61059BDB690493049B002B05D0049BBC
:104D04001A68029B1A44049B1A60064B1B68039A98
:104D14009A4214BF01230023DBB2184607B05DF8A2
:104D240004FB00BF9C28002000100140A0280020A4
:104D3400AF28002008B51120FFF724FE00BF08BDEE
:104D440008B51420FFF71EFE00BF08BD00B583B0F0
:104D54000190019B5B69019A92691046984700BFD4
:104D640003B05DF804FB000000B585B02B4B1B6855
:104D7400002B4ED000230193FFF706FF0246284B79
:104D84001B6819461046FFF707FF0290234B1B6868
:104D940003931DE0039B1B68029A9A421CD3039B56
:104DA4001B68029AD31A0293039B1B68019A13444B
:104DB4000193039B0093039BDB690393009B1B7C80
:104DC400002B05D0009B00221A740098FFF7BEFF49
:104DD400039B002BDED100E000BF124B1A78124B6C
:104DE4001B789A420CD1104B1B780133DAB20E4B6C
:104DF4001A700D4B1B78022B02D10B4B00221A7038
:104E0400094B1B781946094A019B42F82130FFF7E8
:104E140097FF00BF05B05DF804FB00BF9C2800208D
:104E2400A0280020AC280020AD280020A4280020C1
:104E340082B00190184B1A78184B1B789A4223D0F1
:104E4400154B1B780133DAB2134B1A70124B1B78D3
:104E5400022B02D1104B00221A700F4B1B781A46FA
:104E64000F4B53F82220019B1A60019B1A680D4BCB
:104E74001B6813440B4A13600A4B1B6823F07F43DF
:104E8400084A1360012303E0019B00221A600023F7
:104E9400184602B0704700BFAC280020AD2800209F
:104EA400A4280020A028002088B003900291019239
:104EB4000023079338E0204B1B680693069B1B686E
:104EC400039A9A4206D2069B1A68039BD21A069B3F
:104ED4001A602EE0069B1B68039AD31A0393069B61
:104EE4001B68079A13440793069B00221A60124B0F
:104EF4001B680593069BDB690F4A1360069BDB68FE
:104F0400002B11D0029A079B134423F07F42069B87
:104F14005A60069BDA68069B9A60019B1A68069B96
:104F2400DA61019B059A1A60034B1B68002BC2D1FE
:104F340000BF00BF08B070479C28002000B589B0AE
:104F4400019000238DF81F30664B1B680593AAE07F
:104F5400019B002B05D0019B0693069BDB69019303
:104F640061E0614B1B781A4613465B001344DB0077
:104F74005D4A1344043304935B4B1B780133DAB268
:104F8400594B1A70584B1A78574B9B789A4202D156
:104F9400554B00221A70049B5B680693049B1B7894
:104FA400032B1ED0032B7EDC012B1FD0022B7AD1C6
:104FB400049B5B681846FFF75DFE0346002B02D096
:104FC40001238DF81F30069B00221A746BE0454BB9
:104FD4001B680393039B00221A74039BDB69414AF9
:104FE4001360404B1B68002BF1D15CE000BF069BB3
:104FF4001B7C002B00D056E0049B9A68069B5A60E9
:10500400049BDA68069B9A60049B1A69069BDA6023
:10501400049B5A69069B9A61344B1B78002B02D07F
:10502400069B00225A60069B5A68314B1B68D31AB0
:1050340023F07F432F4A93420ED8069B5B682C4A89
:10504400126811461846FFF7A7FD0246069B9B68A7
:105054001A44069B1A6017E0254B1A68069B5B6886
:1050640019461046FFF798FD0290069B9B68029A2A
:105074009A4206D2069B9A68029BD21A069B1A6031
:1050840002E0069B00221A60069B00225A60069BDF
:1050940000229A60069B01221A74069B0022DA61A0
:1050A4000698FFF791FD019B002B7FF451AF0E4B47
:1050B4001A780D4B5B789A427FF44AAF9DF81F3003
:1050C400002B04D1074B1B68059A9A4201D0012397
:1050D40000E0002303F00103DBB2184609B05DF8D9
:1050E40004FB00BF9C28002090270020AF2800204C
:1050F400A0280020FEFF7F0010B588B00190274B48
:105104001B68002B44D0254B1B681B680793FFF7D3
:105114003BFD0690224B1B68059305990698FFF703
:105124003BFD0346033304931E4B1B7883F00103BA
:10513400DBB2002B01D0FFF7DFFC049A079B9342FC
:1051440038BF1346059A13440593059B23F07F4308
:1051540005930598FFF72CFDFFF716FD03900699BC
:105164000398FFF719FD0346DC1C06990598FFF721
:1051740013FD03469C420DD9FFF706FD034618466E
:10518400FFF716FD2F20FFF755FCFFF7D3FD01E0D5
:10519400FFF7D2FC00BF08B010BD00BF9C28002060
:1051A400A0280020AE28002000B587B0002301937A
:1051B40000238DF81730194B1B680493184B1B6898
:1051C40003936B461846FFF733FE03468DF80B3006
:1051D4009DF80B30002B08D0009B01AA04991846B7
:1051E400FFF762FE01238DF81730019B1846FFF785
:1051F400A5FE0346002B02D001238DF817309DF83D
:105204001730002B02D00398FFF776FF054B0022DE
:105214001A7000BF07B05DF804FB00BFA02800208F
:105224009C280020AF28002082B003468DF8073068
:10523400034A9DF80730537000BF02B0704700BFA7
:105244009027002084B00190144B5B7801338DF8D3
:105254000F30124B9B789DF80F209A4202D1002305
:105264008DF80F300D4B1B789DF80F209A4201D119
:1052740000230FE0019B9DF80F201A70074B5B7809
:105284001A4613465B001344DB00044A13440433F8
:105294000293029B184604B0704700BF9027002079
:1052A40000B589B003900291019200930023079303
:1052B40000238DF816300DF11603184600F0BEF9E0
:1052C4000DF117031846FFF7BDFF0690069B002B50
:1052D40002D10423079318E0069B01221A70069B4F
:1052E400039A5A60FFF750FC0246069B9A60069B9D
:1052F400029ADA60069B019A1A61069B009A5A6127
:105304009DF817301846FFF78FFF9DF816301846A2
:1053140000F0AAF9079B002B01D1FFF711FD079BB1
:10532400184609B05DF804FB00B587B001900B4640
:105334008DF803300023059300238DF80E300DF112
:105344000E03184600F07AF90DF10F031846FFF723
:1053540079FF0490049B002B02D1042305930BE0F6
:10536400049B9DF803201A70049B019A5A609DF8CF
:105374000F301846FFF758FF9DF80E30184600F01E
:1053840073F9059B002B01D1FFF7DAFC059B184646
:1053940007B05DF804FB000008B50E4B0022C3F80B
:1053A40040210C4B0022C3F844210A4B0022C3F8CD
:1053B4004821084B0022C3F84C21064B0022C3F8B5
:1053C4000021044B0022C3F80421FFF7CDFC00BFE9
:1053D40008BD00BF0010014008B5FFF7E5FE00BF9F
:1053E40008BD000008B5FFF7A7FB134B00221A7095
:1053F400114B00225A70104B0B229A700F4B002253
:105404001A600F4B00221A700E4B00221A701420DF
:10541400FFF7D0FA07211420FFF7E4FA1420FFF76E
:1054240083FA0020FFF756FBFFF7AEFB0346064A5C
:1054340013600023184608BD902700209C280020F4
:10544400AC280020AD280020A028002086B00390BE
:105454000B4601928DF80B30134B9B78002B01D136
:1054640008231EE0019B002B01D1072319E0039BB5
:10547400002B01D1072314E0039B1B681B7C002B2A
:1054840001D008230DE0039B1B680593059B0022B4
:105494001A74059B9DF80B205A74059B019A5A6156
:1054A4000023184606B070479027002000B587B047
:1054B400039002910192039B0593144B9B78002B5C
:1054C40001D108231EE0039B002B01D1082319E01E
:1054D400029B042B01D8072314E0059B5B69002B76
:1054E40001D108230EE0059B5B7C012B01D1029BBB
:1054F40000E000230493019B049A02990598FFF7A6
:10550400CFFE0346184607B05DF804FB9027002041
:1055140000B585B00190019B03930D4B9B78002B44
:1055240001D1082310E0019B002B03D0039B5B698E
:10553400002B01D1082307E0039B00221A740221E7
:105544000398FFF7F1FE0346184605B05DF804FB27
:105554009027002082B0EFF310830093009B019307
:1055640072B600BF019B184602B0704762B600BF16
:1055740000BF704700B585B00190FFF7EBFF0390C3
:10558400164B9B68002B1BD1144B01229A60144BC1
:10559400D3F88020134B1340104A1360104B114A68
:1055A400C3F880200E4BD3F884300C4A53600C4B64
:1055B4004FF0FF32C3F88420019B00221A7002E0EE
:1055C400019B01221A70039B002B01D1FFF7CEFF30
:1055D4000023184605B05DF804FB00BFB028002086
:1055E40000E100E0FC06FFBD00B585B003468DF880
:1055F4000730104B9B68002B16D09DF80730002B0A
:1056040012D1FFF7A7FF03900B4A0A4B1B681360E4
:10561400094A084B5B685360064B00229A60039B5F
:10562400002B01D1FFF7A2FF0023184605B05DF857
:1056340004FB00BFB028002000E100E000B583B007
:10564400019000F02BF80346012B03D005494320B9
:1056540006F0F0FD0198FFF78DFF00BF03B05DF881
:1056640004FB00BFECAB030000B583B003468DF828
:10567400073000F013F80346012B03D006495120EC
:1056840006F0D8FD9DF807301846FFF7ADFF00BFC0
:1056940003B05DF804FB00BFECAB030084B0EFF390
:1056A40005830193019BC3F308030393039B002B1E
:1056B4000DD1EFF314830093009B0293029B03F03C
:1056C4000103002B0CBF01230023DBB200E0012304
:1056D400184604B0704782B00190019B03F00303A5
:1056E400002B0CBF01230023DBB2184602B0704725
:1056F40010B487B001900091019B009A53E8004FC9
:1057040044EA020043E8000191F0000FF6D1059449
:1057140004900391059B184607B05DF8044B70474D
:1057240010B487B001900091019B009A53E8004F98
:1057340004EB020043E8000191F0000FF6D1059458
:1057440004900391059B184607B05DF8044B70471D
:1057540010B487B001900091019B009A53E8004F68
:1057640004EB020043E8000191F0000FF6D1059428
:1057740004900391049B184607B05DF8044B7047EE
:1057840010B487B001900091019B009A53E8004F38
:10579400A4EB020043E8000191F0000FF6D1059458
:1057A40004900391049B184607B05DF8044B7047BE
:1057B40000B583B0019001210198FFF799FF0346DA
:1057C400184603B05DF804FB00B585B001900023D2
:1057D40003930EE00B4A039B52F82330002B05D0B1
:1057E400084A039B52F8233001989847039B0133DE
:1057F4000393039B032BEDD900BF00BF05B05DF8F5
:1058040004FB00BFCC28002082B001900091019BD2
:105814001B78013B052B61D801A252F823F000BF8D
:105824003D580200455802006B5802009D58020082
:10583400BD580200D9580200009B00221A704EE0A5
:10584400009B01221A70019B1A89009B9A81019B7B
:105854009A88009BDA81019BDA68009B9A60009B1E
:1058640000221A743BE0009B02221A70019B1A89E1
:10587400009B9A81019B9A88009BDA81019BDA68DC
:10588400009B9A60019B9B7D062B0CBF0123002388
:10589400DAB2009B1A7422E0009B03221A70019B67
:1058A400DA88009B9A81019B1A89009BDA81019B0B
:1058B400DA68009B9A6012E0009B04221A70019B34
:1058C400DA88009B9A81009B0022DA81009B0022E7
:1058D4009A6004E0009B05221A7000E000BF00BF3C
:1058E40002B0704784B001900091019B0393039A26
:1058F400009B9A4206D2039B1B68B3F1FF3F01D081
:10590400012300E0002303F00103DBB2184604B0D6
:10591400704782B00190019B5B8803339B00019A1E
:105924001344184602B0704700B583B0019000914B
:105934000198FFF7EEFF0246009B934201D2022337
:105944000CE0019B9B884FF6FF72934203D0019BAE
:105954001B88002B01D1012300E00023184603B06B
:105964005DF804FB00B583B00190019B002B13D0BC
:105974000D4BDB681A46019B93420DD30A4B1B69FE
:105984001A46019B934207D80198FFF7A4FE0346E9
:10599400002B01D0012300E0002303F00103DBB25C
:1059A400184603B05DF804FB6421002082B0019026
:1059B400019B002B04D0019B1B680B4A934201D02E
:1059C40003230DE0019B04331B68084A934204D06F
:1059D400074A934203D1012302E0002300E003239A
:1059E400184602B0704700BFDEC0ADDEFE011EF1F6
:1059F400FF011EF184B00190002303930CE0039B8C
:105A04009B00019A13441B68B3F1FF3F01D00023AC
:105A140007E0039B01330393039BB3F5806FEED33D
:105A24000123184604B0704782B003460A46ADF815
:105A340006301346ADF80430BDF80620134913466A
:105A44009B0013449B000B4408331A88BDF80430B0
:105A54001344ADF80430BDF806200C4913469B00EE
:105A640013449B000B440A331A88BDF804301344D2
:105A7400ADF80430BDF8043040F2FF32934294BFD5
:105A840001230023DBB2184602B070477C290020B2
:105A940084B0019000910A2303930023ADF80A30E7
:105AA40027E0BDF80A20174913469B0013449B00C6
:105AB4000B4404331B68009A9A4215D9BDF80A2096
:105AC400104913469B0013449B000B4404331B688A
:105AD40003F58053009A9A4206D200230393019B54
:105AE400BDF80A201A8008E0BDF80A300133ADF889
:105AF4000A30BDF80A30012BD3D9039B184604B0F1
:105B0400704700BF7C29002000B589B00390029142
:105B14000192039B03F580530693039B083303937D
:105B2400029B02221A80039B079332E0069907988E
:105B3400FFF7FAFE03468DF817309DF81730002B57
:105B44000AD1079B9A68184B1B689A4213D9079B82
:105B54009B68154A13600EE0019B002B02D0019B49
:105B640001221A709DF81730022B04D1029B4FF4C6
:105B740080621A8014E0029B1A88079B5B88134496
:105B84009BB203339AB2029B1A800798FFF7C1FEB7
:105B9400079006990798FFF7A5FE0346002BC5D189
:105BA40009B05DF804FB00BFDC28002082B001903E
:105BB4000B46ADF80230019B1A89BDF8023013443C
:105BC4009BB203339AB2019B1A81019B5A89BDF897
:105BD4000230D31A9BB2033B9AB2019B5A8100BF95
:105BE40002B0704700B583B0074B1B681946002309
:105BF40000930823054A064802F07FFA0346184634
:105C040003B05DF804FB00BFA429002094AC03009A
:105C14006421002000B585B003900399002300930C
:105C24000823044A044802F068FA0346184605B0FB
:105C34005DF804FB9CAC03006421002000B585B032
:105C440003460091ADF8063000238DF80F30BDF8FF
:105C540006300333ADF80A30BDF80A3040F2FD32A5
:105C6400934201D909234AE00023ADF80C303BE00C
:105C7400BDF80C20244913469B0013449B000B449D
:105C84001B78002B2BD1BDF80A20BDF80C3011462F
:105C94001846FFF7C9FE0346002B20D001238DF8D8
:105CA4000F30009BBDF80C201A80BDF80C2016495B
:105CB40013469B0013449B000B440A331988BDF818
:105CC4000C20BDF80A300B4498B20F4913469B00D0
:105CD40013449B000B440A3302461A8008E0BDF8C3
:105CE4000C300133ADF80C30BDF80C30012BBFD9AA
:105CF4009DF80F30002B01D0002300E00723184645
:105D040005B05DF804FB00BF7C29002082B0034687
:105D14000A46ADF806301346ADF80430BDF8042049
:105D24000D4913469B0013449B000B440A331A8805
:105D3400BDF80630D31A9BB2BDF80420033B98B2D9
:105D4400054913469B0013449B000B440A33024647
:105D54001A8000BF02B070477C29002008B50121D9
:105D64000248FFF7F5FC0346184608BDDC2800206E
:105D740000B585B003460091ADF80630BDF80620A5
:105D8400244913469B0013449B000B4404331B68B3
:105D940003F580530293009B1B680393039B002B22
:105DA40004D00398FFF7B5FD039026E0BDF8062064
:105DB400184913469B0013449B000B4404331B688F
:105DC4000833039319E002990398FFF7ADFD0346E6
:105DD400022B10D0022B10DC002B02D0012B05D09B
:105DE4000BE0009B039A1A6001230EE00398FFF76F
:105DF40090FD039001E0002307E002990398FFF768
:105E040071FD0346002BDED10023184605B05DF872
:105E140004FB00BF7C29002000B585B001900091EF
:105E2400019B5B681846FFF79DFD0346002B19D0C4
:105E3400019B1A89244B1B899A4213D1019B1A682E
:105E4400019B5B689B689A420CD1019B5B68194675
:105E54000098FFF71DFE0346002B0CBF012300230F
:105E6400DBB22CE0009B00221A8023E00023029383
:105E740010E0029B0393039B9A68019B1B689A4260
:105E840008D1029A019B5A600F4B1A89019B1A810F
:105E9400012314E0009B1B8802AA11461846FFF751
:105EA40067FF0346002BE4D1009B1B8801339AB2A1
:105EB400009B1A80009B1B88012BD7D9002318460E
:105EC40005B05DF804FB00BFAC29002000B587B025
:105ED4000390029101920093304B1B78DBB283F064
:105EE4000103DBB2002B01D0022353E0019B002B02
:105EF40002D0009B002B48D105234BE0009B9B88DC
:105F04001946274A0B469B000B449B0013441B78FD
:105F1400002B33D124E0009B1B680593039B002BCB
:105F240006D0059B9A88039B1B889A4200D017E0F1
:105F3400029B002B06D0059B1A88029B1B889A4261
:105F440000D00DE0059B9A68019B1A60009B1A68BB
:105F5400019B5A60134B1A89019B1A81002319E093
:105F6400009B9B88009A11461846FFF701FF0346E1
:105F7400002BD0D1009B00221A6000E000BF009BE0
:105F84009B8801339AB2009B9A80009B9B88012BCB
:105F9400B4D90A23184607B05DF804FBBC280020D6
:105FA4007C290020AC29002000B585B00190084B65
:105FB4000199184601F05FFB03901C22002103980D
:105FC40014F0F0F8039B184605B05DF804FB00BF1D
:105FD4006C29002000B583B00190044B0199184648
:105FE40001F060FB00BF03B05DF804FB6C290020E6
:105FF40000B583B00190054B0199184601F066FB8A
:106004000346184603B05DF804FB00BF6C2900206A
:1060140000B583B00190044B0199184601F06DFB63
:1060240000BF03B05DF804FB6C29002008B50A4BDF
:106034001B68002B04D1094940F2712006F0FAF8DC
:1060440001210548FFF79CFB0346002B14BF0123E5
:106054000023DBB2184608BDC428002048AC030066
:1060640000B587B0002305930023ADF81230032355
:10607400ADF8103000238DF80F300023ADF80C304C
:10608400F3E0BDF80C301A03804BDB681344029331
:106094000298FFF78BFC03468DF807309DF8073014
:1060A400032B08D0032B00F3DA80002B65D0012BDF
:1060B40000F09880D3E00298FFF79CFC0346002B85
:1060C4003BD0734B1B68002B29D0BDF812207149BB
:1060D40013469B0013449B000B4402221A70BDF824
:1060E40012206C4913469B0013449B000B44043359
:1060F400029A1A60BDF81220664913469B001344A5
:106104009B000B44083302221A80634ABDF8123004
:106114005380BDF812300133ADF8123008E05C4A08
:10612400029B13605A4B02229A8001238DF80F3090
:10613400059B43F00103059392E0BDF81030013B49
:10614400ADF81030BDF81220524913469B00134499
:106154009B000B440433029A1A60BDF812204D4987
:1061640013469B0013449B000B4403221A70BDF892
:1061740012300133ADF8123072E0BDF812204549F7
:1061840013469B0013449B000B4400221A70BDF875
:106194001220404913469B0013449B000B440433D4
:1061A400029A1A60BDF8122013469B0013449B0008
:1061B4000833384A9918BDF8122013469B0013443B
:1061C4009B001033334A13441A460298FFF79CFC91
:1061D400059B43F002030593BDF812300133ADF87B
:1061E40012303DE09DF80F30002B25D0BDF8122071
:1061F400284913469B0013449B000B4402221A7047
:10620400BDF81220224B1968224813469B00134400
:106214009B00034404331960BDF812201D49134642
:106224009B0013449B000B44083302221A80BDF8E0
:1062340012300133ADF81230154A029B136000226C
:1062440016490298FFF760FC114B9B88022B01D181
:10625400042300E00823059A1343059300E000BFDC
:10626400BDF80C300133ADF80C30BDF80C30022B06
:106274007FF607AFBDF81030012B01D8002305933A
:10628400059BDBB2184607B05DF804FB64210020CF
:10629400A42900207C290020AC290020A829002062
:1062A40000B587B003900291039B02229A7502996C
:1062B400039B1A1D002300930423074801F01DFFCC
:1062C4000590059B002B01D1002300E00E23184606
:1062D40007B05DF804FB00BF6421002000B587B05F
:1062E40003900291039B1B69002B01D0032200E061
:1062F4000122039B9A75029B08331946039B03F101
:106304000C02002300930423064801F0F6FE0590D6
:10631400059B002B01D1002300E00E23184607B093
:106324005DF804FB6421002000B587B0039002915E
:10633400039B1B78032B01D1052200E00622039B5B
:106344009A75029B04331946039B03F10802002348
:1063540000930423064801F0D0FE0590059B002B12
:1063640001D1002300E00E23184607B05DF804FBBA
:106374006421002000B587B003900B46ADF80A30C5
:1063840003990023009304230C4A0D4801F0B5FE41
:106394000590059B002B01D00E230BE0BDF80A20CD
:1063A400084913469B0013449B000B4410330122FD
:1063B4001A700023184607B05DF804FBA4AC030070
:1063C400642100207C29002000B589B0019002AB33
:1063D40000221A605A609A60019BDB6802930DF1F7
:1063E400160202AB11461846FFF716FD0346002BB2
:1063F40012D0039B0693069B9A88019BDA80069B26
:106404001A88019B1A81039BBDF816201146184671
:10641400FFF7B0FF079001E00A230793079B184694
:1064240009B05DF804FB000000B587B00190019B42
:10643400981D02AA0D4B0021FFF748FD0590059B0E
:10644400002B08D1039B094A928811461846FFF78E
:1064540091FF059004E008220021044813F0A2FEF5
:10646400059B184607B05DF804FB00BFBC2900205B
:1064740000B587B003900291039B01229A75029B99
:106484000C331846039B1A69039BDB889B0000218D
:1064940000910146064801F030FE0590059B002B53
:1064A40001D1002300E00E23184607B05DF804FB79
:1064B4006421002082B0184B1B8901339AB2164B19
:1064C4001A81154B00225A80134B00221A730023A1
:1064D400ADF8063018E0BDF80620104913469B00BD
:1064E40013449B000B441A78BDF80630002A0CBFF5
:1064F40001220022D1B2084A13440A469A72BDF816
:1065040006300133ADF80630BDF80630012BE2D970
:1065140000BF00BF02B07047AC2900207C290020D6
:1065240084B0019000238DF80F300023ADF80C30B7
:1065340031E0BDF80C301C4A13449B7A002B25D063
:10654400BDF80C30184A134400229A72BDF80C208E
:10655400164913469B0013449B000B440C331B68E1
:10656400002B13D1BDF80C20104913469B00134493
:106574009B000B4410331B78002B07D0019BBDF804
:106584000C201A8001238DF80F3008E0BDF80C3080
:106594000133ADF80C30BDF80C30012BC9D99DF88E
:1065A4000F30184604B07047AC2900207C29002025
:1065B40008B5084B05221A70074B02229A80064B35
:1065C4001B68194600230122044801F0E8FD034634
:1065D400184608BDAC290020A4290020642100200D
:1065E40000B583B0164B5B88ADF80230BDF80220CD
:1065F400144913469B0013449B000B440C331B6843
:10660400002B14D10E4B04221A70BDF802200D4940
:1066140013469B0013449B000B4404331B68194628
:1066240000230122084801F0BAFD019002E0FFF7BF
:10663400BFFF0190019B184603B05DF804FB00BF47
:10664400AC2900207C2900206421002000B587B0FB
:10665400104B5B680593104B1A680F4B9B889B008B
:1066640013440493059B5B880333ADF80E30094B48
:1066740003221A700499074B5A68BDF80E309B0028
:1066840000200090054801F038FD0346184607B085
:106694005DF804FBAC290020A4290020642100201B
:1066A40000B583B00A4B5B880A491846FFF760FBC4
:1066B4000346002B03D0FFF7C9FF019002E0FFF768
:1066C4008FFF0190019B184603B05DF804FB00BFE7
:1066D400AC290020B029002008B50A4B06221A7004
:1066E400084B5B881946084A0B469B000B449B00E9
:1066F400134404331B681846FFF78CFA0346184604
:1067040008BD00BFAC2900207C29002008B5054B3A
:1067140007221A70034B00225A60FFF763FA0346FC
:10672400184608BDAC29002008B50D48FFF7F8FE4F
:10673400034683F00103DBB2002B0BD0094B00228C
:106744001A70084B00225A80064B00225A6041F608
:106754001D5302E0FFF7A4FF0346184608BD00BF1F
:10676400AE290020AC29002082B0094B5B6801935C
:10677400019B5B880333ADF80230064B9A88BDF861
:10678400023013449AB2034B9A8000BF02B07047A0
:10679400AC290020A429002082B0184B1B68019367
:1067A400174B5B881946174A0B469B000B449B000A
:1067B400134404331B68114A1360114B5B88194658
:1067C400104A0B469B000B449B0013440433019A6C
:1067D4001A600B4B5B881946084B9888094A0B468C
:1067E4009B000B449B001344083302461A80034B5E
:1067F40002229A8000BF02B0704700BFA429002083
:10680400AC2900207C29002008B51A4B1B78072BE3
:106814002CD801A252F823F03D68020071680200EE
:10682400716802004968020055680200616802004C
:106834006168020069680200FFF73CFE0D4B01220B
:106844001A7014E0FFF790FF0A4B02221A700EE050
:10685400FFF7A2FF074B06221A7008E0054B072238
:106864001A7004E0034B01221A7000E000BF00BF5D
:1068740008BD00BFAC29002000B587B0019000918D
:106884000F230593019B002B04D0624B00225A6016
:106894000123BBE0009B1B79032B00F2AB8001A218
:1068A40052F823F0B9680200C76802005569020073
:1068B40075690200009B01221A71FFF793F9059094
:1068C4009BE000238DF813300023ADF810302BE04B
:1068D400BDF81020504913469B0013449B000B4401
:1068E4001B78022B1BD1BDF810204B4913469B008B
:1068F40013449B000B4400221A7001238DF81330BB
:10690400BDF81020444913469B0013449B000B44DC
:1069140004331B681846FFF77DF9059008E0BDF8BD
:1069240010300133ADF81030BDF81030012BCFD941
:106934009DF8133083F00103DBB2002B5CD0354BA0
:1069440001221A70334B00225A6041F61D535DE058
:10695400009B00221A71314B02229A802F4B1B6834
:106964001946002301222E4801F019FC059044E049
:10697400009B00221A71294B1B681846FFF74AF93D
:106984000590284B5B88ADF80E30244B1B680293AE
:10699400BDF80E20204913469B0013449B000B4472
:1069A40004331B681D4A1360BDF80E201A491346B0
:1069B4009B0013449B000B440433029A1A60BDF8F5
:1069C4000E20164B9888144913469B0013449B00D1
:1069D4000B44083302461A80104B02229A80BDF8F9
:1069E4000E200D4913469B0013449B000B440022C8
:1069F4001A7002E000BF00E000BF059B002B04D02A
:106A0400044B00225A600E2300E00023184607B00E
:106A14005DF804FBBC2800207C290020A429002068
:106A240064210020AC29002000B587B001900091BA
:106A3400009B9B8A1A4613469B0013449B003C4AC6
:106A440013440493019B002B07D0009BDB88194659
:106A54000498FFF7ABF8012365E0049B5A68049B94
:106A64001B899B0013440393009B9B7D062B4DD8ED
:106A740001A252F823F000BFBF6A0200E36A0200D9
:106A8400CB6A0200D76A0200996A0200EF6A020028
:106A9400096B0200274B00225A60009B9B69254A20
:106AA400136025492348FFF7B7F9034683F0010330
:106AB400DBB2002B01D00A2335E003990098FFF7DD
:106AC400EFFB059025E003990098FFF707FC05907C
:106AD4001FE003990098FFF7CBFC059019E0039998
:106AE4000098FFF721FC059013E0009B06229A759D
:106AF400104B5B68104A128811461846FFF73AFC9F
:106B0400059006E041F61D53059302E00F2305931B
:106B140000BF059B002B05D0009BDB881946049819
:106B2400FFF744F8059B184607B05DF804FB00BF67
:106B34007C290020C4290020D029002000B585B07C
:106B440001900091019B002B01D0012326E0009BC2
:106B54001B79022B19D0022B1BDC002B02D0012B3A
:106B640008D016E0009B02221A710098FFF72CFC53
:106B7400039012E00098FFF757FC0390039B0A2B45
:106B84000AD141F61D53039306E041F61D530393C6
:106B940003E00F23039300E000BF039B184605B0F6
:106BA4005DF804FB00B585B00190019B002B01D07A
:106BB40001233BE01F4B1B7B002B03D01D4B00220A
:106BC4001A7301E0FFF720FE1A4B1B78013B062BDA
:106BD40028D801A252F823F0F96B0200016C0200DC
:106BE400096C0200116C0200296C0200196C02008D
:106BF400216C0200FFF798FD039016E0FFF750FDAB
:106C0400039012E0FFF722FD03900EE0FFF7E8FC8B
:106C140003900AE0FFF760FD039006E0FFF776FDBE
:106C2400039002E00F23039300BF039B184605B0B3
:106C34005DF804FBAC29002000B589B001903F4BFE
:106C44001B68002B05D13E48FFF7D2F903463B4AA7
:106C540013603A4B1B68002B04D13A4940F2795037
:106C640005F0E8FA354B1B681B78013B052B2CD843
:106C740001A252F823F000BF956C0200A56C02003B
:106C8400A56C0200B56C0200B56C0200C56C020074
:106C94002A4B1B6819460198FFF7EEFD019017E097
:106CA400264B1B6819460198FFF7BEFE01900FE0C2
:106CB400224B1B6819460198FFF740FF019007E03B
:106CC4000198FFF76FFF019002E00F23019300BFCB
:106CD400019B002B2BD003AB14220021184613F088
:106CE40061FA019B41F61D52934204D1002304939F
:106CF4000023019301E0019B0493104B1B6803AA3A
:106D040011461846FEF780FD03AB1846FEF75CFDFE
:106D14000A4B00221A600A48FFF77AF9FFF786F94E
:106D2400034683F00103DBB2002B02D187E700BFE7
:106D340000E000BF00BF09B05DF804FBD4290020C7
:106D4400D829002048AC030008B501210548FEF706
:106D5400E7FC0346002B02D10020FFF76DFF00BFC4
:106D640008BD00BFC428002000B583B00190019B7A
:106D74005B681846FFF760FF00BF03B05DF804FBD3
:106D840000B58BB00390029101928DF8033000237B
:106D9400ADF824300023ADF82630514B1B78DBB21C
:106DA40083F00103DBB2002B01D0022393E0029BAA
:106DB400002B01D105238EE0029B1B884FF6FF7246
:106DC400934203D0029B5B88002B01D1042382E011
:106DD400029B5B681846FEF77EFC034683F00103C2
:106DE400DBB2002B01D0032375E0019B002B11D1F2
:106DF400029B9B68ADF826300DF11A02BDF82630CF
:106E040011461846FEF71AFF0890089B002B09D07C
:106E1400089B60E0019B1B88ADF81A30019B5B88DE
:106E2400ADF8263005AB1846FFF7BEF80790079B70
:106E3400002B09D1BDF81A20BDF82630114618469A
:106E4400FEF764FF082346E0079B9DF803201A70B1
:106E5400079B00229A75BDF81A20079B9A82029B11
:106E64005A68079B1A61FEF779FF0246079BDA60AE
:106E7400029B1A88079B1A81029B5A88079B9A8057
:106E8400079BBDF82620DA809DF80330032B06D13A
:106E9400079B04229A75039B1A68079B9A61079BB8
:106EA400BDF824205A8105AB1846FFF793F8039BDD
:106EB400002B0DD0039B00225A60079BDA68039BCA
:106EC4001A60039B00229A72064B1A89039B1A814B
:106ED400FFF73AFF002318460BB05DF804FB00BF30
:106EE400BC280020AC29002000B585B001900C4BD3
:106EF4001B68042B02D10C2303930BE0084B1B6883
:106F04000849019A41F8232001210548FEF720FC95
:106F140000230393039B184605B05DF804FB00BFF0
:106F2400C8280020CC28002084B04FF010235B69CF
:106F340003934FF080531B6902934FF080535B69B6
:106F44000193039BB3F1FF3F04D1019B029A02FB1F
:106F540003F300E0039B184604B0704700B583B008
:106F64004FF440530193FFF7DFFF0346054A1361D3
:106F7400044B1A69019BD31A024AD36000BF03B0C1
:106F84005DF804FB6421002008B5FFF7E7FF002249
:106F94000349044801F096F80346184608BD00BFAB
:106FA400C0AD03006421002008B504481C238C22D2
:106FB400034900F019FB00BF08BD00BF6C29002085
:106FC400E028002000B58BB002AB00221A605A60A2
:106FD4009A60DA601A61414B1B78DBB2002B05D052
:106FE40002AB1846FEF7F0FB002373E03C48FEF7C3
:106FF400DFFB0346002B01D000236BE0FFF7C4FF47
:107004000990099B002B01D0099B63E0FFF7CCFF9B
:10701400FFF726F803468DF823309DF82330062B1E
:1070240007D0062B11DC002B01D0022B0DD10B2332
:1070340050E02A4B01221A70284B00225A6002ABFE
:107044001846FEF7C1FB002344E000BF01AB18461D
:10705400FEF7AAFF0790079B002B01D1082339E014
:10706400079B01221A709DF82330013B0A2B29D873
:1070740001A252F823F000BFA9700200C9700200F7
:10708400A9700200C9700200C1700200C970020038
:10709400C1700200C9700200B1700200B970020030
:1070A400B1700200079B00221A710CE0079B0322B7
:1070B4001A7108E0079B02221A7104E0079B01225F
:1070C4001A7100E000BF01AB1846FEF783FFFFF71B
:1070D4003BFE002318460BB05DF804FBBC280020DF
:1070E400C028002000B585B001900091019B002BC1
:1070F40002D0009B002B01D1052329E00DF10A03E6
:1071040019460198FEF788FE0346002B1FD0019B09
:107114005B680393BDF80A301A4613469B00134478
:107124009B0008330C4A1344043301211846FEF72C
:107134000FFB009B039A1A60019B5B6803F10C022E
:10714400009B5A60019B01229A72002300E00A23EB
:10715400184605B05DF804FB7C29002000B585B015
:107164000190019B002B01D1052339E00DF10A03A5
:1071740019460198FEF750FE0346002B2DD0BDF8AA
:107184000A301946184A0B469B000B449B001344D3
:107194000C331B68002B1DD0019B9B7A002B19D04C
:1071A400BDF80A301A46104913469B0013449B004D
:1071B4000B440C331B68591E0B4813469B001344A5
:1071C4009B0003440C331960019B00229A72002334
:1071D400039304E00623039301E00A230393039B30
:1071E400184605B05DF804FB7C29002000B585B085
:1071F40001900B46ADF80230134B1B78DBB283F0E1
:107204000103DBB2002B01D0022319E0019B002B08
:1072140001D1052314E00DF10A02BDF80230114634
:107224001846FEF70BFD0390039B002B07D1BDF816
:107234000A20019B1A80019BBDF802205A80039BFF
:10724400184605B05DF804FBBC28002000B585B0E5
:1072540001901F4B1B78DBB283F00103DBB2002BE0
:1072640001D002232FE0019B002B01D105232AE04A
:10727400019B1B88022B01D9042324E0019B1B885A
:107284001A4613469B0013449B00124A134402936C
:10729400019B5B880233029A5289934210DA019B64
:1072A4005A88019B1B8819461046FEF72FFD019B47
:1072B40000221A80019B00225A800023039301E0DC
:1072C40004230393039B184605B05DF804FB00BF39
:1072D400BC2800207C29002000B583B001900091D7
:1072E4000223002200990198FFF74AFD034618463D
:1072F40003B05DF804FB00B585B0039002910192E0
:10730400019B002B01D1052306E00223019A029977
:107314000398FFF735FD0346184605B05DF804FBF6
:1073240000B583B001900091019B002B01D105238E
:1073340006E00323002200990198FFF721FD03468C
:10734400184603B05DF804FB00B585B00346ADF8FC
:107354000630184B1B78DBB283F00103DBB2002B41
:1073640001D0022322E0BDF806304FF6FF729342AB
:1073740001D104231AE002AB1846FEF715FE039070
:10738400039B002B01D1082310E0039B05221A70F4
:10739400039B01221A71039BBDF80620DA8002AB1D
:1073A4001846FEF717FEFFF7CFFC0023184605B07A
:1073B4005DF804FBBC28002000B583B0144B1B7897
:1073C400DBB283F00103DBB2002B01D002231AE00D
:1073D4006B461846FEF7E8FD0190019B002B01D196
:1073E400082310E0019B06221A706B461846FEF72C
:1073F400F1FD084B1B78002B02D0064B01221A73B7
:10740400FFF7A2FC0023184603B05DF804FB00BF9D
:10741400BC280020AC29002000B585B0029201935D
:107424000346ADF80E300B46ADF80C3003A90DF150
:107434000E00019B029AFEF749FD0346184605B06B
:107444005DF804FB00B585B0034602910192ADF8E6
:107454000E300DF10E01019B029A0020FEF736FD5D
:107464000346184605B05DF804FB00B585B0034635
:1074740002910192ADF80E300DF10E00019B029ABB
:107484000021FEF723FD0346184605B05DF804FB12
:1074940082B001900091019B002B02D0009B002B35
:1074A40001D1052304E0019B1A68009B1A600023A4
:1074B400184602B0704786B001900091019B53E8D2
:1074C400011F8AB2D88902449889824228BF121ABD
:1074D4001889824202BFBFF32F8F002307E0C2EA5C
:1074E400010243E801200028E9D14FF001038DF89F
:1074F4000F30059002910492029A009B1A609DF845
:107504000F30DBB2184606B0704784B00190019981
:1075140051E8013FC3EA034341E80132002AF7D1AD
:107524000392029300BF04B0704786B001900091AB
:10753400019B53E8021F1FFAA1F2D888824202BFBE
:10754400BFF32F8F00230DE0D8890244988982422B
:1075540028BF121AC1EA024243E802200028E8D1F7
:107564004FF001038DF80F30059002910492029AB6
:10757400009B1A609DF80F30DBB2184606B07047C6
:1075840084B00190019951E8023FC3EA234341E8E2
:107594000232002AF7D10392029300BF04B070476D
:1075A40086B00190019B53E8021FDA88B1EB314F9A
:1075B4004FF0000017BF89B242EA024241EA024298
:1075C40004E05968B1EB314F08BF012043E80221C0
:1075D4000029E8D18DF80F00059104929DF80F3031
:1075E400DBB2184606B0704784B00390029111468E
:1075F4001A460B46ADF806301346ADF80430029B2C
:10760400002B01D10E231FE0BDF80630BDF8042085
:10761400B3FBF2F101FB02F29B1A9BB2002B01D0E7
:10762400092311E0039B029A1A60039B00225A600B
:10763400039B00229A60039BBDF806209A81039B5A
:10764400BDF80420DA810023184604B0704700B561
:1076540085B001900198FFF7A3FF03468DF80F3022
:107664009DF80F30002B01D0002300E011231846B1
:1076740005B05DF804FB00B583B001900091009B58
:1076840019460198FFF717FF0346002B05D0019B0D
:107694001B68009A1288134400E00023184603B0C4
:1076A4005DF804FB00B583B001900091009B1A883B
:1076B400009B5B889A4204D10198FFF726FF0123BF
:1076C40000E00023184603B05DF804FB00B583B066
:1076D40001900091009B19460198FFF726FF03468D
:1076E400002B05D0019B1B68009A5288134400E0CC
:1076F4000023184603B05DF804FB00B583B0019085
:107704000091009B1A88009B5B889A4204D10198DF
:10771400FFF736FF012300E00023184603B05DF8AD
:1077240004FB000000B583B001900B468DF80330D4
:10773400019B002B03D10849AF2004F07BFD019B82
:10774400DA689DF803300199098A01FB03F31344B5
:10775400184603B05DF804FBB0AC030000B583B079
:1077640001900091019B002B03D10849BC2004F037
:1077740061FD009B019AD2689B1A019A128AB3FB9D
:10778400F2F3DBB2184603B05DF804FBB0AC0300BF
:1077940000B585B00190019B002B01D10E2348E078
:1077A400019B1B68002B03D12449C62004F042FD31
:1077B400019B5B68002B03D12049C72004F03AFDEC
:1077C400019B9B68002B03D11C49C82004F032FDA7
:1077D400019BDB68002B03D11849C92004F02AFD62
:1077E400019B1B8A002B03D11449CA2004F022FDFB
:1077F400019B9A68019B5B68D31A8DF80F30019B3B
:107804001B68019A52681A6007E0019B1A681368A2
:10781400591C11609DF80F201A709DF80F305A1EE4
:107824008DF80F20002BF0D1019B1B6800221A71E8
:107834000023184605B05DF804FB00BFB0AC03009C
:1078440000B585B00190019B002B03D11F49EC20AA
:1078540004F0F0FC0023039300238DF80A300DF1AB
:107864000A031846FDF7EAFE019B1B681A68019B90
:107874005B689A421FD9019B1B681A68013A1A6017
:107884001B681B7819460198FFF74CFF0390019B76
:107894009A68019B1B681B68D31A8DF80B30019BF7
:1078A4001B681B799DF80B209A4204D9019B1B6825
:1078B4009DF80B201A719DF80A301846FDF7D4FE86
:1078C400039B184605B05DF804FB00BFB0AC030091
:1078D40010B584B001900091019B002B04D115498F
:1078E4004FF4887004F0A6FC009B002B04D11149CE
:1078F40040F2111004F09EFC009B039300238DF8CA
:107904000B300DF10B031846FDF798FE019B1B6825
:107914001C68621C1A6003990198FFF71FFF034655
:1079240023709DF80B301846FDF79EFE00BF04B08F
:1079340010BD00BFB0AC030000B583B00190019B43
:10794400002B03D10C49312004F074FC019B9B688B
:10795400002B0CD0019B5B69019A1069019A116894
:10796400019A92689847019B00229A6000E000BF48
:1079740003B05DF804FB00BF04AD03000EB400B512
:1079840084B00190019B002B03D11849422004F0DC
:1079940051FC019B5B69002B03D11449432004F083
:1079A40049FC019B1B68002B03D11049442004F0BF
:1079B40041FC019B5B68002B03D10C49452004F07A
:1079C40039FC059B002B0AD00023039306AB0393D9
:1079D40003AB1A460599019800F0B0F900E000BF26
:1079E40004B05DF804EB03B0704700BF04AD0300BE
:1079F40000B583B001900B468DF80330019B1A68E3
:107A0400019B9B68581C0199886013449DF80320CE
:107A14001A70019B9A68019B5B689A4202D3019891
:107A2400FFF78AFF00BF03B05DF804FB00B587B021
:107A3400039002910192009300230593009B03F0AD
:107A44000103002B24D00BE0029B01330293059B1E
:107A5400013305939DF8133019460398FFF7C8FFC7
:107A6400029B1B788DF813309DF81330002BEBD15B
:107A740006E0019B013B019320210398FFF7B8FF27
:107A8400019A059B9A422ED9019B002BF1D12AE041
:107A9400029B002B0BD0029812F03BFB059006E0F2
:107AA400019B013B019320210398FFF7A1FF019A59
:107AB400059B9A420FD9019B002BF1D10BE0029B4D
:107AC40001330293059B013305939DF81330194646
:107AD4000398FFF78DFF029B1B788DF813309DF8F8
:107AE4001330002BEBD100BF07B05DF804FB00009E
:107AF40000B589B00390029101920093029B079311
:107B04000123069307E0079A019BB2FBF3F3079363
:107B1400069B01330693079A019B9A42F3D2009A7B
:107B2400069B9A4201D9009B06930B9B03F0010329
:107B3400002B22D10A9B002B1FD00B9B03F00203C6
:107B4400002B06D0009B002B03D130238DF8173077
:107B540002E020238DF8173008E00A9B013B0A93CA
:107B64009DF8173019460398FFF742FF0A9B002B34
:107B740003D0069A0A9B9A42EFD301230793009BF2
:107B8400012B03D9009B013B009309E0029A079B58
:107B9400B2FBF3F30493049A019B9A4200D205E0EA
:107BA400079B019A02FB03F30793E8E7029A079BFA
:107BB400B2FBF3F30493049B079A02FB03F3029AC8
:107BC400D31A0293154A049B13441B78194603984D
:107BD400FFF70EFF079A019BB2FBF3F30793079B92
:107BE400002BE3D10B9B03F00103002B11D00A9B64
:107BF400002B0ED006E00A9B013B0A932021039838
:107C0400FFF7F6FE0A9B002B03D0069A0A9B9A42C2
:107C1400F1D300BF09B05DF804FB00BFA4AD0300BD
:107C240000B589B00590049103920293049B002B44
:107C3400B8BF5B4206930123079307E0039B069AB0
:107C440092FBF3F30693079B01330793039B069A76
:107C54009A42F3DA029A079B9A4201D9029B07934C
:107C64000A9B002B0AD0049B002B04DB0B9B03F024
:107C74000403002B02D00A9B013B0A930B9B03F0E5
:107C84000203002B02D0029B002B16D00B9B03F0A7
:107C94000103002B11D10A9B002B0ED006E00A9B96
:107CA400013B0A9320210598FFF7A2FE0A9B002BB3
:107CB40003D0079A0A9B9A42F1D3049B002B07DA5C
:107CC400049B5B4204932D210598FFF791FE08E085
:107CD4000B9B03F00403002B03D02B210598FFF723
:107CE40087FE0B9B03F00203002B19D00B9B03F0C0
:107CF4000103002B14D1029B002B11D10A9B002BF2
:107D04000ED006E00A9B013B0A9330210598FFF749
:107D14006FFE0A9B002B03D0079A0A9B9A42F1D369
:107D240004990B9B01930A9B0093029B039A059869
:107D3400FFF7DEFE00BF09B05DF804FB00B58FB0AD
:107D4400059004910392059B002B04D1AD494FF497
:107D54009F7004F06FFA059B5B69002B04D1A9495D
:107D64004FF4A07004F066FA059B1B68002B04D145
:107D7400A44940F2411004F05DFA059B5B68002BB6
:107D840004D1A0494FF4A17004F054FA049B002BD1
:107D940000F09381049B1B788DF83730049B0133EA
:107DA40004939DF83730002B00F07E819DF8373026
:107DB400252B40F06D8100230A9301230C93049B2F
:107DC4001B788DF837309DF83730302B0DD0302BA1
:107DD4001BDC2B2B11D02D2B17D10A9B43F0010355
:107DE4000A93049B0133049312E00A9B43F00203B9
:107DF4000A93049B013304930AE00A9B43F00403AF
:107E04000A93049B0133049302E000230C9300BF04
:107E14000C9B002BD3D1002309939DF837302A2BD8
:107E24000CD1039B1B68191D039A11601B68099AE6
:107E340013440993049B013304931AE0049B1B78B5
:107E44008DF837309DF837302F2B12D99DF8373005
:107E5400392B0ED8049B01330493099A13469B00D3
:107E640013445B001A469DF837301344303B0993A2
:107E7400D3E700230B93049B1B788DF837309DF8D0
:107E840037302E2B1DD1049B01330493049B1B78A4
:107E94008DF837309DF837302F2B12D99DF83730B5
:107EA400392B0ED8049B013304930B9A13469B0081
:107EB40013445B001A469DF837301344303B0B9350
:107EC400E4E7049B1B788DF837309DF837306C2B32
:107ED40003D09DF83730682B07D1049B01330493FA
:107EE400049B1B788DF83730EFE79DF83730252B4E
:107EF40000F0C480252BC0F2C680782B00F3C38029
:107F0400582BC0F2C080583B202B00F2BC8001A249
:107F140052F823F00D8002008B8002008B80020057
:107F24008B8002008B8002008B8002008B80020019
:107F34008B8002008B8002008B8002008B80020009
:107F44009D7F0200BF7F02008B8002008B800200B5
:107F54008B8002008B800200BF7F02008B800200B6
:107F64008B8002008B8002008B8002008B800200D9
:107F74008B8002004D8002008B8002008B80020007
:107F8400318002008B800200E37F02008B800200BC
:107F94008B8002000D800200039B1B68191D039A4D
:107FA40011601B680C930C9B8DF81F309DF81F30DB
:107FB40019460598FFF71CFD66E0039B1B68191D15
:107FC400039A11601B680C930A9B0193099B00930D
:107FD4000B9B0A220C990598FFF722FE54E0039BA1
:107FE4001B68191D039A11601B680C930C990A9B5A
:107FF4000193099B00930B9B0A220598FFF778FDD8
:1080040042E000BF50AD0300039B1B68191D039A97
:1080140011601B680C930C990A9B0193099B0093B4
:108024000B9B10220598FFF763FD2DE0039B1B6853
:10803400191D039A11601B6808930A9B099A0899F1
:108044000598FFF7F3FC1FE0039B1B68191D039AB7
:1080540011601B680C9330210598FFF7C9FC782147
:108064000598FFF7C5FC0C9900230193082300939E
:10807400082310220598FFF73BFD05E0252105980C
:10808400FFF7B6FC00E000BF049B0133049305E056
:108094009DF8373019460598FFF7AAFC049B1B7816
:1080A400002B7FF477AE00E000BF059B1B7B002B09
:1080B40004D00598FFF740FC00E000BF0FB05DF866
:1080C40004FB00BF00B585B0039002910192039BAD
:1080D400002B02D0029B002B01D10E2309E0039B4D
:1080E400029A1A60039B1B681B68019903989847BE
:1080F4000346184605B05DF804FB10B586B005903C
:10810400049103920293059B002B02D0039B002B46
:1081140001D10E2340E0059B1B68002B01D10823ED
:108124003AE0029B002B0AD0059B5B685A68029BCD
:10813400B3FBF2F101FB02F29B1A002B01D00923DD
:108144002AE0049800F0C6F8034683F00103DBB28A
:10815400002B14D1039B184600F0BCF8034683F0AF
:108164000103DBB2002B0AD1029A0499059800F0AE
:1081740097F8034683F00103DBB2002B01D01023F0
:108184000AE0059B1B68DC68089B0093029B039A2A
:1081940004990598A0470346184606B010BD10B5CB
:1081A40084B00390029101920093039B002B01D1B0
:1081B4000E232EE0039B1B68002B01D1082328E02B
:1081C400019B002B01D1092323E0039B5B681B68FF
:1081D4005A1E029B1340002B10D1039B5B681B6843
:1081E400019A02FB03F31A460299039800F058F827
:1081F400034683F00103DBB2002B01D0102308E017
:10820400039B1B681C69009B019A02990398A04771
:108214000346184604B010BD00B585B00190019B1B
:10822400002B03D0019B1B68002B28D10023039350
:1082340019E0039A13469B0013449B001A46154BFE
:1082440013440193019B1B68002B09D0019B1B68FD
:10825400DB69019898470346002B01D0012314E001
:10826400039B013303930C4A0A4BD31A0B4AA2FB18
:1082740003231B09039A9A42DBD3002305E0019BE5
:108284001B68DB69019898470346184605B05DF8FA
:1082940004FB00BF6421002078210020CDCCCCCC8D
:1082A40084B0039002910192039BDB68029A9A4284
:1082B40009D3029A019B13445A1E039B1B699A42D9
:1082C40001D8012300E0002303F00103DBB21846C8
:1082D40004B0704782B00190019B03F00303002BAC
:1082E4000CBF01230023DBB2184602B0704729DF1C
:1082F400704700BF184628DF704700BF184610B407
:1083040087B001900091019B009A53E8004F1046FA
:1083140043E8000191F0000FF7D105940490039114
:10832400059B184607B05DF8044B704710B487B03E
:1083340001900091019B009A53E8004F44EA020027
:1083440043E8000191F0000FF6D1059404900391E5
:10835400059B184607B05DF8044B704700B583B021
:10836400019001210198FFF7E1FF0346184603B08D
:108374005DF804FB00B589B001900091019B1B6876
:108384009B68002B31D003AB00221A605A609A60BC
:10839400DA601A61009B0493019B9B680793019B1D
:1083A4001B79002B02D0012B0AD017E001238DF892
:1083B4000C30019B1B690593019B5B6906930DE0DF
:1083C40002238DF80C30019BDB684FF4805202FBD2
:1083D40003F30593019B5B69069300BF019B1B6834
:1083E4009B6803AA1046984700E000BF09B05DF8F7
:1083F40004FB00B587B00190019B5A69019B9B69FE
:10840400D31AB3F5805F28BF4FF480530593042239
:10841400059BB3FBF2F3012B38BF01230593019BAA
:108424001A69019B9B6913440493019BDB681A46F8
:10843400019B9B6913440393059A03990498FFF7DE
:1084440056FF0346184607B05DF804FB00B583B039
:108454000190019BDA68019B1B6913441846FFF7DE
:108464004AFF0346184603B05DF804FB08B5034B06
:1084740003491846FFF741F900BF08BD682A0020E8
:10848400902A002008B5084B08491846FFF71EF942
:108494000346074A1360064B1B68002B14BF0123D5
:1084A4000023DBB2184608BD682A0020902A002069
:1084B4008C2A002000B583B0294B1B7A002B0BD1EA
:1084C400FFF7E0FF034683F00103DBB2002B03D088
:1084D400234B00225A6040E0214B02221A72214BA6
:1084E4001B681B79002B02D0012B07D00DE01D4B1C
:1084F4001B681846FFF77DFF019009E0194B1B68C4
:108504001846FFF7A3FF019002E00323019300BF85
:10851400019B002B03D0019B112B0CD00FE0104BBF
:108524001B7C83F00103DBB2002B15D00021022059
:1085340000F064F910E00A4B01221A720DE0094BB5
:108544001B6803211846FFF715FF054B00221A721A
:10855400034B00225A6000E000BF03B05DF804FB47
:10856400782A00208C2A002000B583B001210A4813
:10857400FFF7C5FE03460193019B002B08D1074B6F
:108584005B7C83F00103DBB2002B01D0FFF792FF89
:1085940000BF03B05DF804FB7C2A0020782A002089
:1085A40084B001901B4B0022DA60019B1B79002BE5
:1085B40002D0012B19D028E0019B5A69019B9B69C9
:1085C400D31AB3F5805F28BF4FF480530393019B04
:1085D4009A69039B1A44019B9A61019B9A69019BC6
:1085E4005B699A420ED1012310E0019B1B695A1C5E
:1085F400019B1A61019B1A69019B5B699A4203D131
:10860400012303E000BF00E000BF0023184604B0CC
:10861400704700BF782A002082B00190084BDB68C5
:108624000133074AD360064BDB68082B04D9044B9B
:108634000022DA60012300E00023184602B07047EC
:10864400782A002000B583B0019000910C48FFF710
:1086540085FE0346002B0ED1019B0A4A5A6011F095
:1086640063FA03461A46064B1A7407481C238C22E5
:108674000649FEF7B9FF0023184603B05DF804FB72
:10868400782A0020B4AD0300682A0020DC290020E9
:1086940000B583B00190009114220021054811F027
:1086A40081FD054B1846FEF7D2FF0023184603B0A0
:1086B4005DF804FB782A0020682A002000B587B002
:1086C4000390029101920093174A04AB1946104695
:1086D400FEF7D1FF0590059B002B01D104231FE079
:1086E4001C220021059811F05DFD059B00221A71E2
:1086F400059B039A1A60059B089A9A60059B029A47
:108704001A61059B019ADA60059B009A5A61064A30
:1087140004AB19461046FEF7C5FFFFF725FF0023FB
:10872400184607B05DF804FB682A002000B585B040
:108734000390029101920093029B009A19460198BA
:1087440011F0FEFC0023184605B05DF804FB0000A0
:1087540000B587B00390029101920093184A04ABCC
:1087640019461046FEF787FF0590059B002B01D1A3
:10877400042320E01C220021059811F013FD059B21
:1087840001221A71059B039A1A60059B009A9A604C
:108794004FF48052029BB3FBF2F2059BDA60059B17
:1087A400019A5A61064A04AB19461046FEF77AFF4D
:1087B400FFF7DAFE0023184607B05DF804FB00BF9C
:1087C400682A002082B001900091009B184602B0F4
:1087D400704782B0019000910023184602B07047A0
:1087E40082B00190044B1B7A002B14BF0123002399
:1087F400DBB2184602B07047782A002000B585B075
:1088040001900091254B1B7A012B33D0022B41D1CF
:1088140000238DF80F30019B022B03D0019B032B07
:1088240009D011E01E4B1B681846FFF7B9FE03463A
:108834008DF80F3008E01A4B1B681846FFF7ECFE62
:1088440003468DF80F3000BF9DF80F30002B13D076
:10885400124B00221A72124B1A68019B022B01D18F
:10886400002300E00D2319461046FFF783FDFFF7B0
:10887400FDFD01E000BF00E000BF084B5B7C83F01E
:108884000103DBB2002B02D0FFF714FE03E011F06A
:108894002FF900E000BF05B05DF804FB782A002042
:1088A4008C2A002082B0034600918DF80730064BD5
:1088B40001225A74044B1B7A002B0CBF01230023A2
:1088C400DBB2184602B07047782A002000B583B0A6
:1088D400034600918DF807309DF80730012B03D033
:1088E4009DF80730032B0DD1084B00225A749DF8D4
:1088F4000730012B0CBF01230023DAB2034B1A7497
:10890400FFF7D8FD00BF03B05DF804FB782A002010
:1089140010B487B001900091019B009A53E8004F76
:1089240004EB020043E8000191F0000FF6D1059436
:1089340004900391049B184607B05DF8044B7047FC
:1089440010B487B001900091019B009A53E8004F46
:10895400A4EB020043E8000191F0000FF6D1059466
:1089640004900391049B184607B05DF8044B7047CC
:1089740000B583B001900198FEF70AFF034618463C
:1089840003B05DF804FB00B58BB001900091019B2E
:108994001B8A043B0793009A079B1344DA1C079B2A
:1089A400B2FBF3F38DF81B300198FEF749FF0590F5
:1089B400059B002B01D1002338E0059B00221A718E
:1089C400059B01225A71079B9AB2059BDA80059B8D
:1089D40009939DF81B30013B0493099B019A1A608B
:1089E400002308931DE00198FEF72AFF0390039BE0
:1089F400002B0ED0059B5B790133DAB2059B5A71CB
:108A0400099B039A1A60039B019A1A60039B0993BA
:108A140004E0059800F00EF8002307E0089B0133FA
:108A24000893089A049B9A42DDD3059B18460BB021
:108A34005DF804FB00B58BB00190019B0793079B85
:108A44005B798DF81B30019B08939DF81B30013B2B
:108A540005930023099305E0089B1B680893099B71
:108A640001330993099A059B9A42F5D3089B1B6825
:108A74000493019B0893002309930BE0089B1B6854
:108A8400039308990498FEF723FF039B0893099B1B
:108A9400013309939DF81B30099A9A42EED300BF23
:108AA40000BF0BB05DF804FB00B585B00190019BDD
:108AB4000393039B043301211846FFF729FF00BFEA
:108AC40005B05DF804FB00B587B00190019B0593E8
:108AD400059B043301211846FFF732FF0346039335
:108AE40003AB0493049B1B78002B02D10198FFF77E
:108AF400A1FF00BF07B05DF804FB000000B58DB016
:108B04000390029101920093039B0693069BDB88DA
:108B14000593039B0B93009B1A1D059BB2FBF3F378
:108B24000A93009B0433059AB3FBF2F2059901FB07
:108B340002F29B1A0993009A019B1A44059B134461
:108B4400DA1C059BB2FBF3F38DF81330069B5B79BB
:108B54009DF813209A420AD92849BA2003F06AFBE7
:108B640005E00B9B1B680B930A9B013B0A930A9B32
:108B7400002BF6D100230893059A099BD31A079377
:108B8400079A019B934228BF134607932DE09DF853
:108B94003830002B0BD0029A089BD0180B9A099BF3
:108BA40013440433079A194611F0CAFA0AE00B9ADF
:108BB400099B1344181D029A089B1344079A1946EB
:108BC40011F0BEFA002309930B9B1B680B93019AC7
:108BD400079BD31A0193089A079B13440893059A99
:108BE400019B934228BF13460793019B002BCED1D0
:108BF40000BF00BF0DB05DF804FB00BFE0AD030093
:108C040000B587B00590049103920293002300936A
:108C1400029B039A04990598FFF770FF00BF07B001
:108C24005DF804FB00B587B00590049103920293AC
:108C340001230093029B039A04990598FFF75EFFB2
:108C440000BF07B05DF804FB00B583B0019000914C
:108C5400019B002B03D11049502003F0EBFA009B39
:108C6400002B03D10C49512003F0E4FA019B009A34
:108C74001A60019B1B681A68019B5A60019B5A6821
:108C8400019B1B685B689A4202D1019B00225A60D7
:108C940000BF03B05DF804FB3CAF030000B583B034
:108CA4000190019B002B03D11449632003F0C2FA05
:108CB400019B1B68002B03D11049642003F0BAFA0E
:108CC400019B5B68002B14D0019B5B681A46019BD7
:108CD4001B689B6813441A46019B5A60019B5A689F
:108CE400019B1B685B689A4204D1019B00225A6075
:108CF40000E000BF03B05DF804FB00BF3CAF03001D
:108D040000B585B00190019800F00EF80390039B24
:108D1400002B01D0039B00E0024B184605B05DF820
:108D240004FB00BFACAF030086B00190164B059363
:108D3400164B04931FE0049A059BD31ADB10DA0F39
:108D440013445B10DB00059A13440393039B1B68D5
:108D54000293029A019B9A4202D9039B04930AE06C
:108D6400029A019B9A4203D2039B0833059302E0C3
:108D7400039B5B6804E0059A049B9A42DBD30023BF
:108D8400184606B0704700BFC8B20300B8B303006A
:108D940082B001900B46ADF80230019B1A68BDF811
:108DA4000230012101FA03F31A43019B1A6000BF48
:108DB40002B0704782B001900B46ADF80230019BBF
:108DC4001A68BDF80230012101FA03F3DB431A40AB
:108DD400019B1A6000BF02B0704782B001900B463D
:108DE400ADF80230BDF80230012202FA03F31A464C
:108DF400019B1340002B14BF01230023DBB2184650
:108E040002B0704700B585B001900023ADF80E3074
:108E140010E0BDF80E3019460198FFF7DEFF034657
:108E2400002B02D0BDF80E300AE0BDF80E3001333D
:108E3400ADF80E30BDF80E301F2BEAD94FF6FF7394
:108E4400184605B05DF804FB00B587B005900491A1
:108E540011461A460B46ADF80E3013468DF80D3008
:108E6400BDF80E209DF80D3000931346012204999D
:108E7400059800F004F800BF07B05DF804FB00B5E6
:108E840087B0039002910192ADF80230039B002B4E
:108E94003BD0029B002B38D0019B002B35D0002304
:108EA40005932FE0059B5B00039A13441B88BDF8D0
:108EB40002209A4223D1002304931BE09DF8203022
:108EC400002B0AD0049B9B00029A1344059A92B289
:108ED40011461846FFF75CFF09E0049B9B00029AC9
:108EE4001344059A92B211461846FFF763FF049B98
:108EF40001330493049A019B9A42DFD305E0059B56
:108F040001330593059B1F2BCCD907B05DF804FBF7
:108F140000B587B0039002911346ADF80630039B69
:108F2400002B19D00023059313E0059B5B00039AE3
:108F340013441B88BDF806209A4207D1059B9BB2B7
:108F440019460298FFF749FF034606E0059B0133E3
:108F54000593059B1F2BE8D90023184607B05DF83D
:108F640004FB00B597B0039002910192002304938F
:108F7400029B002B1ED00023159318E0159B9BB277
:108F840019460198FFF729FF0346002B0CD0159BC7
:108F94005B00029A1A44049B591C049112885B00DA
:108FA40058336B4423F8442C159B01331593159BBC
:108FB4001F2BE3D9039B184604AB4422194611F036
:108FC400BFF8039817B05DF804FB82B001900091DC
:108FD400009B1B7B002B07D0009B5A68019B1A60E7
:108FE400019B00221A7106E0009B1A68019B1A601B
:108FF400019B01221A7100BF02B0704700B583B013
:1090040001900091019B1B79002B04D000990198D9
:1090140000F00BF803E00099019800F024F8019B9C
:109024001B68184603B05DF804FB82B00190009100
:10903400009B5A68019B1B68D21A009B9B689A424A
:1090440007D9019B1A68009B9B681A44019B1A600C
:1090540006E0009B5A68019B1A60019B00221A716A
:1090640000BF02B0704782B001900091019B1A6862
:10907400009B1B68D21A009B9B689A4207D9019BEC
:109084001A68009B9B68D21A019B1A6006E0009B39
:109094001A68019B1A60019B01221A7100BF02B079
:1090A4007047000000B583B00190019B1B681F2B23
:1090B40004D905494FF4E87003F0BCF84FF0A0431D
:1090C400184603B05DF804FBB8B3030000B585B0DF
:1090D4000190084611461A4603468DF803300B46A4
:1090E4008DF8023013468DF8013001AB1846FFF7B6
:1090F400D9FF03909DF803209DF802305B001A43CA
:109104009DF801309B001A439DF818301B0242EA77
:1091140003019DF81C301B04019A1943039B02F5BB
:10912400E07243F8221000BF05B05DF804FB00B5FF
:1091340085B00390002301930023009300230122B0
:1091440001210398FFF7C2FF00BF05B05DF804FBDF
:1091540000B585B0019001AB1846FFF7A3FF03905B
:10916400019B012202FA03F31946039800F086F8E2
:1091740000BF05B05DF804FB00B585B0019001ABFC
:109184001846FFF78FFF0390019B012202FA03F3B5
:109194001946039800F07CF800BF05B05DF804FBA5
:1091A40000B585B0019001AB1846FFF77BFF039033
:1091B400039BD3F804350293029BDA43019B0121FC
:1091C40001FA03F31A40039BC3F80825019B01220B
:1091D4009A40029B1A40039BC3F80C2500BF05B0BC
:1091E4005DF804FB00B583B001900091009B002B57
:1091F40003D10198FFF7C0FF02E00198FFF7A8FF31
:1092040000BF03B05DF804FB00B585B0019001AB6D
:109214001846FFF747FF0390039800F01FF8024633
:10922400019B22FA03F303F00103184605B05DF82D
:1092340004FB00B585B0019001AB1846FFF732FF7F
:109244000390039800F012F80246019B22FA03F3FC
:1092540003F00103184605B05DF804FB82B00190E9
:10926400019BD3F81035184602B0704782B00190C4
:10927400019BD3F80435184602B0704782B00190C0
:109284000091019B009AC3F8082500BF02B0704703
:1092940082B001900091019B009AC3F80C2500BF95
:1092A40002B0704700B585B00190019B032B03D930
:1092B4001149372002F0BEFF104A019B13441B786A
:1092C4001846FFF7B6FF0346002B14BF0123002303
:1092D4008DF80F309DF80F30002B14BF01230023AD
:1092E400DBB283F00103DBB203F00103DBB2184607
:1092F40005B05DF804FB00BFF4B303003CB4030005
:1093040000B583B00190019B032B03D907493E208C
:1093140002F090FF064A019B13441B780021184673
:10932400FFF760FF00BF03B05DF804FBF4B3030074
:109334003CB4030000B583B00190019B032B03D917
:109344000749442002F076FF064A019B13441B7828
:1093540001211846FFF746FF00BF03B05DF804FB88
:10936400F4B303003CB4030000B583B000230193BD
:1093740005E00198FFF7DEFF019B01330193019B98
:10938400032BF6D900BF00BF03B05DF804FB00B5A2
:1093940083B00023019305E00198FFF7B1FF019B1F
:1093A40001330193019B032BF6D900BF00BF03B027
:1093B4005DF804FB00B583B00190019B032B03D936
:1093C40007495C2002F036FF064A019B13441B78D0
:1093D4001846FFF7E5FE00BF03B05DF804FB00BFCD
:1093E400F4B303003CB4030000B583B0002301933D
:1093F40009E0094A019B13441B781846FFF797FEBE
:10940400019B01330193019B032BF2D9FFF7ACFFBE
:1094140000BF03B05DF804FB3CB4030000B585B0A5
:109424000190019B032B03D91149832002F002FF11
:10943400104A019B13441B781846FFF7E5FE0346C8
:10944400002B14BF012300238DF80F309DF80F303B
:10945400002B14BF01230023DBB283F00103DBB232
:1094640003F00103DBB2184605B05DF804FB00BF4E
:10947400F4B3030040B4030084B001904FF0FF3311
:109484000293002303930DE00A4A039B13441B78C1
:109494001A46019B934202D1039B029305E0039B6E
:1094A40001330393039B032BEED9029B184604B0AC
:1094B400704700BF40B4030000B583B00190019B26
:1094C400032B03D90549A22002F0B4FE044A019BF0
:1094D40013441B78184603B05DF804FBF4B303008F
:1094E40040B4030082B003468DF807309DF807307E
:1094F40003F01F0206499DF907305B09012000FAB9
:1095040002F2203341F8232000BF02B0704700BFAD
:1095140000E100E082B001904FF08042019BC2F86C
:10952400083300BF02B0704782B003468DF807309D
:109534009DF8073003F1804301221A6000BF02B096
:10954400704784B00346ADF80630BDF8063003F129
:10955400804300221A60BDF8063003F180431B6883
:109564000393039B00BF04B0704782B00346ADF879
:109574000630BDF8063003F180431B68002B14BF8E
:1095840001230023DBB2184602B0704782B00346C1
:109594008DF807309DF807304FF0804203F0030345
:1095A400C2F8183500BF02B070474FF08043D3F8BB
:1095B40018341B0C03F00103002B14BF01230023F8
:1095C400DBB218467047000082B003468DF80730BE
:1095D4000A4A9DF907305B0952F823209DF80730A9
:1095E40003F01F0322FA03F303F00103002B14BF5B
:1095F40001230023DBB2184602B0704700E100E00B
:1096040008B50020FFF7E0FF034683F00103DBB257
:10961400002B03D00721002000F09AF900BF08BDF9
:1096240008B510F081FA034683F00103DBB2002B86
:1096340003D10949842002F0FDFD0C20FFF774FFDB
:1096440000BFFFF7B2FF0346002BFAD1034B002201
:109654009A7000BF08BD00BF4CB40300942A0020D8
:1096640000B583B000230193134B1B78002B02D069
:10967400852301931BE0104B00229A600E4B0022BD
:109684005A600D4B00221A610B4B0022DA60FFF77F
:10969400B7FF10F049FA034683F00103DBB2002B55
:1096A40002D00120FFF772FF034B01221A70019BC5
:1096B400184603B05DF804FB942A002084B001909E
:1096C400019B1B680393039B002B03D0039B1A6825
:1096D400019B1A60039B184604B0704700B583B021
:1096E400164B1B78002B04D115494FF48E7002F0F1
:1096F400A1FD124BDB68002B04D1114940F21D106F
:1097040002F098FD00238DF807300DF10703184689
:10971400FBF794FF094BDB68013B084AD360074B16
:10972400DB68002B01D1FFF77BFF9DF8073018465B
:10973400FBF79AFF00BF03B05DF804FB942A0020F6
:109744004CB4030000B585B003468DF807309DF88E
:109754000730002B02D10C4B039301E00B4B039316
:109764000398FFF7ABFF0290029B002B06D0029BED
:109774005B689DF8072010469847F1E700BF00BFDB
:1097840005B05DF804FB00BF9C2A0020A42A002039
:1097940008B54FF48070FFF7E8FE0346002B0CD0A9
:1097A4004FF48070FFF7CDFE0120FFF7B3FE0E4BA0
:1097B40001225A700020FFF7C5FF4FF48270FFF7B3
:1097C400D4FE0346002B0CD04FF48270FFF7B9FE91
:1097D4000220FFF79FFE044B01229A700120FFF73D
:1097E400B1FF00BF08BD00BF942A002000B583B0BC
:1097F40001900091019B002B02D10020FFF7A2FFF2
:1098040000BF03B05DF804FB00B585B003460091CA
:109814008DF807309DF80730032B29D0032B37DC54
:10982400002B02D0012B04D032E00020FFF75AFEB7
:109834002FE000238DF80F300DF10F031846FBF7CE
:10984400FDFE164B1B7883F00103DBB2002B01D025
:10985400FFF706FF114BDB680133104AD3600F4B4F
:1098640001229A709DF80F301846FBF7FDFE10E0B8
:109874000A4B1B78002B04D1094940F25B2002F00B
:10988400D9FC0721002000F063F8FFF727FF00E070
:1098940000BF00BF05B05DF804FB00BF942A0020A0
:1098A4004CB4030082B003468DF807309DF80730AE
:1098B40003F01F0205499DF907305B09012000FAF6
:1098C40002F241F8232000BF02B0704700E100E03B
:1098D40082B003468DF807309DF8073003F01F026D
:1098E40006499DF907305B09012000FA02F2603352
:1098F40041F8232000BF02B0704700BF00E100E040
:1099040082B0034600918DF807309DF90730002B93
:109914000CDA009BDAB20C499DF8073003F00F0310
:10992400043B5201D2B20B441A7609E0009BDAB22E
:1099340006499DF907305201D2B20B4483F8002343
:1099440000BF02B0704700BF00ED00E000E100E09E
:1099540000B583B003460A468DF8073013468DF8E8
:1099640006309DF80630012B03D99DF80630032BF1
:109974000CD99DF80630042B03D99DF80630072B2B
:1099840004D90D494FF4927002F054FC9DF806205E
:109994009DF9073011461846FFF7B2FF9DF90730CD
:1099A4001846FFF795FF9DF907301846FFF77AFF31
:1099B40000BF03B05DF804FBA4B4030000B583B09A
:1099C4000346ADF80630BDF80630184600F026F818
:1099D40003461B68012B0CBF01230023DBB218468E
:1099E40003B05DF804FB00B585B00346ADF806305E
:1099F400BDF80630184600F011F803461A46002355
:109A04001360BDF80630184600F008F803461B68DA
:109A14000393039B00BF05B05DF804FB82B00346CB
:109A2400ADF80630BDF8063003F1804303F5C043BA
:109A3400184602B07047000082B00190034A019BAF
:109A4400C2F8043300BF02B0704700BF006000409A
:109A540082B00190034BD3F80423019B13401846B2
:109A640002B070470060004082B00190084A019B38
:109A740003F5A27352F82330054943F00102019B18
:109A840003F5A27341F8232000BF02B0704700BF62
:109A94000060004084B00390029113468DF80730B3
:109AA400144A039B03F5A27352F82330114923F49B
:109AB400473323F44073039A02F5A27241F822302B
:109AC4000C4A039B03F5A27352F82320029B1B024A
:109AD40003F4F8519DF807301B0403F440330B439F
:109AE40004491A43039B03F5A27341F8232000BFE2
:109AF40004B070470060004082B00190054A019BA9
:109B040003F5A27352F823301B0A03F01F0318460F
:109B140002B070470060004082B00190064A019B89
:109B240003F5A27352F823301B0C03F00303DBB2DA
:109B3400184602B0704700BF0060004000B583B013
:109B44000190019B1B681F2B04D905494FF4E87051
:109B540002F070FB4FF0A043184603B05DF804FB1D
:109B640000B5030000B585B00190084611461A46B9
:109B740003468DF803300B468DF8023013468DF8FA
:109B8400013001AB1846FFF7D9FF03909DF803207D
:109B94009DF802305B001A439DF801309B001A4384
:109BA4009DF818301B0242EA03019DF81C301B0487
:109BB400019A1943039B02F5E07243F8221000BF97
:109BC40005B05DF804FB00B585B003900B468DF835
:109BD4000B309DF80B3000220192002200920022EB
:109BE40000210398FFF7BEFF00BF05B05DF804FB3A
:109BF40000B585B0019001AB1846FFF79FFF0390B5
:109C0400019A039B02F5E07253F8223023F0020319
:109C14000293019A039B02F5E072029943F8221021
:109C240000BF05B05DF804FB00B585B001900B469C
:109C34008DF8033001AB1846FFF780FF0390019ABB
:109C4400039B02F5E07253F82230019A23F4403169
:109C5400039B02F5E07243F82210019A039B02F57C
:109C6400E07253F822109DF803301B04019A194343
:109C7400039B02F5E07243F8221000BF05B05DF8C3
:109C840004FB00B585B0019001AB1846FFF756FF01
:109C94000390039800F020F80246019B22FA03F394
:109CA40003F00103184605B05DF804FB00B585B068
:109CB400019001AB1846FFF741FF0390019A039B03
:109CC40002F5E07253F822301B0C03F00303DBB2FD
:109CD400184605B05DF804FB82B00190019BD3F8EF
:109CE4001035184602B0704700B587B00390029152
:109CF40001924FF0A0430493039A029B1344012B57
:109D040004D912494FF43A7002F094FA039B059374
:109D140011E0059B9B0018336B4453F8083C18462C
:109D2400FFF7DAFF0246019B1A60019B043301939B
:109D3400059B01330593039A029B1344059A9A42A7
:109D4400E7D300BF00BF07B05DF804FB00B5030014
:109D540084B001900091009B0393019BDB08029364
:109D6400019B03F0070301930122019B02FA03F311
:109D74000399029A0A4412781340184604B07047B3
:109D840084B001900091009B0393019BDB08029334
:109D9400019B03F007030193039A029B13441B786E
:109DA4005AB20121019B01FA03F35BB2134359B286
:109DB400039A029B1344CAB21A7000BF04B07047DE
:109DC40082B001900C4A019B1344303393F9003064
:109DD400002B09DB084A019B1344303393F900300C
:109DE400072B01DC012300E0002303F00103DBB2B5
:109DF400184602B0704700BFA82A002082B0019024
:109E0400064A019B1344303393F90030072BCCBF2F
:109E140001230023DBB2184602B07047A82A0020B1
:109E240082B00190064A019B1344303393F9003009
:109E3400DB43DBB2DB09DBB2184602B0704700BF7C
:109E4400A82A002084B00390029101928DF8033077
:109E5400029B59B20E4A039B134430330A461A70CC
:109E64000B49029B019A41F823209DF8033083F0AB
:109E74000103DBB2002B08D0029B083B039A51B2CA
:109E8400034A13440A4683F8502000BF04B07047C5
:109E9400A82A002082B00190044A019B1344303365
:109EA400FF221A7000BF02B0704700BFA82A00202A
:109EB40082B00190044A019B1344303393F900307B
:109EC400184602B0704700BFA82A002082B0019053
:109ED400034A019B52F82330184602B0704700BF72
:109EE400A82A002000B589B00390029113468DF88A
:109EF4000730FF238DF81F309DF80730002B01D069
:109F0400002300E0082305939DF80730002B01D0BF
:109F1400082300E00C230493059B069314E00F4AE6
:109F2400069B52F82330B3F1FF3F0AD19DF8073066
:109F3400029A06990398FFF785FF069B8DF81F3058
:109F440006E0069B01330693069A049B9A42E6D3E5
:109F54009DF91F30184609B05DF804FBA82A0020BB
:109F640082B003468DF807309DF80730094A4FF058
:109F7400FF3142F823109DF80730072B07D99DF8CD
:109F84000730083B034A1344FF2283F8502000BFE4
:109F940002B07047A82A002000B583B0214B93F883
:109FA4005430002B03D008230093009B36E0002399
:109FB4008DF8073009E09DF807301846FFF76AFF6F
:109FC4009DF8073001338DF807309DF807301F2BBB
:109FD400F1D900238DF8073009E09DF807301846C1
:109FE400FFF7BEFF9DF8073001338DF807309DF869
:109FF40007300B2BF1D907210620FFF7A9FC4FF4FA
:10A00400BE70FFF7F0FC4FF00040FFF715FD054B65
:10A01400012283F8542000230093009B184603B0C8
:10A024005DF804FBA82A0020044B93F85430002B5D
:10A0340014BF01230023DBB218467047A82A00206E
:10A0440000B587B0039002910192039B1F2B04D9A2
:10A054002B4940F2F71002F0EDF800230593039822
:10A06400FFF7DEFE0346002B02D00823059342E0EF
:10A07400029BDB781A4601990398FFF733FF0346E6
:10A084008DF813309DF91330B3F1FF3F31D0029BAB
:10A094009B78002B03D00398FFF7AAFD05E0029BF1
:10A0A4005B7819460398FFF78EFD029BDB78002B43
:10A0B40008D09DF91300029B1B781A460399FFF7F9
:10A0C400E9FC18E09DF91330083B0E4A134493F958
:10A0D4005010029B1B785BB29B015AB29DF913305E
:10A0E400083B0A4351B2074A13440A4683F85020F6
:10A0F40001E004230593059B184607B05DF804FBB3
:10A1040044B50300A82A002000B589B001900B468D
:10A114008DF80330019B1F2B04D93D4940F22520C3
:10A1240002F088F80198FFF77BFE0346002B04D168
:10A13400374940F2262002F07DF80198FFF75EFED1
:10A144000346002B2FD00198FFF7B2FE0346083BCD
:10A15400304A134493F950308DF80F309DF80F3086
:10A164009B098DF80E309DF80E30032B0BD101980E
:10A17400FFF787FD0346002B01D0032300E00223F1
:10A184008DF81F3008E09DF80E30012B01D1022319
:10A1940000E003238DF81F309DF81F301946019805
:10A1A400FFF742FD30E00198FFF70AFE0346002B5B
:10A1B4002AD00198FFF77CFE03460693069B9BB2C8
:10A1C40040339BB29B00ADF81630069B1846FFF750
:10A1D4004BFCBDF816301846FFF705FC9DF803301C
:10A1E400002B11D00198FFF763FE03461846FFF7D2
:10A1F4006DFE0490049B002B06D00122069B02FAFC
:10A2040003F31846FFF718FC00BF09B05DF804FB20
:10A2140044B50300A82A002000B583B00190019B37
:10A224001F2B04D9084940F2722002F003F8019868
:10A23400FFF727FD0346002B14BF01230023DBB2E5
:10A24400184603B05DF804FB44B5030000B597B0AD
:10A2540000231093002304934FF48073ADF84A3025
:10A26400012311930023139321E0BDF84A301846CB
:10A27400FFF7A4FB0346002B0ED01198FFF7E8FB71
:10A284000346002B08D0BDF84A301846FFF7ABFB55
:10A29400109A119B13431093119B5B001193BDF80B
:10A2A4004A300433ADF84A30139B01331393139BA4
:10A2B400072BDAD94FF4BE70FFF780FB0346002B5F
:10A2C4000DD04FF4BE70FFF78EFB109B43F000439C
:10A2D400109304AB1A4601210020FFF705FD109BE3
:10A2E400DBB2002B29D0012311930023139321E027
:10A2F400119A109B1340002B16D01398FFF7FCFB08
:10A304000E901398FFF708FC03468DF83730139826
:10A31400FFF7DCFD0C900C9B002B05D09DF837203B
:10A324000C9B11460E989847119B5B001193139B4D
:10A3340001331393139B072BDAD9109B002B80F264
:10A34400EE8000238DF853300023039300231593EC
:10A354000AE0159B9B0058336B444FF0FF3243F8DF
:10A36400502C159B01331593159B002BF1D0002322
:10A374008DF853300023139378E06B4A139B1344F6
:10A38400503393F900308DF82F309DF82F3023F09F
:10A39400C0030A93644A139B1344503393F9003067
:10A3A400B3F1FF3F5FD002AB19460A98FFF7D0FC28
:10A3B4000346002B57D09DF82F309B098DF827308A
:10A3C4000A98FFF775FD03461846FFF77FFD0890CE
:10A3D400089B002B03D19DF82730032B43D19DF814
:10A3E4002730032B04D103AB19460A98FFF7C8FCA6
:10A3F4000A98FFF75BFC03468DF81F3004AB19463F
:10A404000A98FFF7A5FC0690069B002B03D09DF845
:10A414001F30022B06D0069B002B24D19DF81F3041
:10A42400032B20D19DF82730032B13D19DF81F3027
:10A43400022B01D1032300E002238DF817309DF88D
:10A44400173019460A98FFF7EFFB9DF85330013394
:10A454008DF85330089B002B05D09DF82720089BCE
:10A4640011460A989847139B01331393139B032BAC
:10A4740083D99DF85330002B4CD001238DF83F3005
:10A4840001AB1A4601210020FFF72EFC002315938F
:10A4940014E0159B9B0058336B4453F8542C159BC4
:10A4A4009B0058336B4453F8483C9A4203D0002332
:10A4B4008DF83F3005E0159B01331593159B002B58
:10A4C400E7D09DF83F30002B03D000238DF85330A4
:10A4D40020E0002315931AE0159B9B0058336B442E
:10A4E40053F8542C159B9B0058336B4443F8482C69
:10A4F400159B9B0058336B4453F84C2C159B9B00C5
:10A5040058336B4443F8502C159B01331593159B1A
:10A51400002BE1D09DF85330002B7FF428AF00BF0F
:10A5240017B05DF804FB00BFA82A002082B00346E0
:10A534008DF807309DF8073003F01F0206499DF996
:10A5440007305B09012000FA02F2203341F823208E
:10A5540000BF02B0704700BF00E100E084B001908A
:10A564000B46ADF80230BDF80230019A13440022C4
:10A574001A60BDF80230019A13441B680393039BCD
:10A5840000BF04B0704782B001900B46ADF80230B2
:10A59400BDF80230019A13441B68002B14BF012339
:10A5A4000023DBB2184602B0704782B001900091DC
:10A5B400019B009AC3F8042300BF02B0704782B025
:10A5C40001900091019BD3F80423009B1340002BBE
:10A5D40014BF01230023DBB2184602B0704782B0D7
:10A5E40001900091019B009AC3F8082300BF02B0B8
:10A5F400704784B00190019BD3F880340393019B8E
:10A60400039AC3F88024039B184604B0704782B0B1
:10A614000190019B0422C3F8002500BF02B07047DB
:10A6240082B00190019B0022C3F8002500BF02B054
:10A63400704784B0039002910192039B019AC3F87E
:10A644001425039B029AC3F80C2500BF04B070477D
:10A6540000B583B001904FF0FF324FF0FF31019805
:10A66400FFF7E7FF00BF03B05DF804FB82B0019081
:10A67400019BD3F80C35184602B0704782B00190A4
:10A68400019BD3F81435184602B0704782B001908C
:10A69400019BD3F80835184602B0704782B0019088
:10A6A400019BD3F81035184602B0704784B003906C
:10A6B40002910192039B029AC3F80825039B019A15
:10A6C400C3F8102500BF04B0704700B583B00190F3
:10A6D4004FF0FF324FF0FF310198FFF7E7FF00BF63
:10A6E40003B05DF804FB82B00190019BD3F81835E8
:10A6F400DBB2184602B0704782B001900B468DF869
:10A7040003309DF80320019BC3F81C2500BF02B051
:10A71400704782B001900B468DF803309DF80330EA
:10A72400019A134401221A6000BF02B0704782B03C
:10A7340001900B468DF8033013468DF802309DF8D6
:10A7440003209DF802301343DBB21A46019BC3F881
:10A754006C2500BF02B0704782B001900091019B4C
:10A76400009AC3F8242500BF02B0704784B001905A
:10A774000B46ADF80230BDF80230019A13440022B2
:10A784001A60BDF80230019A13441B680393039BBB
:10A7940000BF04B0704782B001900B46ADF80230A0
:10A7A400BDF80230019A13441B68002B14BF012327
:10A7B4000023DBB2184602B0704782B001900091CA
:10A7C400019BD3F80022009BDB431A40019BC3F892
:10A7D400002200BF02B0704782B001900091019B3B
:10A7E400009AC3F8042300BF02B0704782B00190FE
:10A7F4000091019B009AC3F8082300BF02B0704780
:10A8040084B00190019BD3F880340393019B039A95
:10A81400C3F88024039B184604B0704782B00190AB
:10A82400019B0822C3F8002500BF02B0704782B024
:10A834000190019B0022C3F8002500BF02B07047BD
:10A8440084B0039002910192039B029AC3F80C25F1
:10A85400039B019AC3F8142500BF04B0704700B5E8
:10A8640083B001904FF0FF324FF0FF310198FFF7B2
:10A87400E7FF00BF03B05DF804FB82B00190019BC9
:10A88400D3F80C35184602B0704782B00190019B92
:10A89400D3F81435184602B0704782B00190019B7A
:10A8A400D3F80835184602B0704782B00190019B76
:10A8B400D3F81035184602B0704784B00390029163
:10A8C4000192039B029AC3F80825039B019AC3F8DB
:10A8D400102500BF04B0704700B583B001904FF05D
:10A8E400FF324FF0FF310198FFF7E7FF00BF03B0DD
:10A8F4005DF804FB82B001900B468DF803309DF89F
:10A904000330019A134401221A6000BF02B0704759
:10A9140082B001900B468DF8033013468DF8023057
:10A924009DF803209DF802301343DBB21A46019BC5
:10A93400C3F86C2500BF02B0704782B0019000914B
:10A94400019B009AC3F8242500BF02B0704784B06D
:10A954000390029113468DF80730029A039BC3F8C3
:10A9640044259DF80720039BC3F8482500BF04B085
:10A97400704782B00190019BD3F84C35184602B061
:10A98400704782B00190019BD3F83C35184602B061
:10A99400704700B583B003468DF807309DF9073042
:10A9A4001846FFF7C3FD00BF03B05DF804FB84B095
:10A9B4000190019B1B0B8DF80F309DF90F30184649
:10A9C40004B0704782B00190019B03F06043B3F17F
:10A9D400005F0CBF01230023DBB2184602B07047AE
:10A9E40000B583B00190019B1B681F2B04D9054956
:10A9F4004FF4E87001F01EFC4FF0A043184603B07A
:10AA04005DF804FBA0B5030000B585B001900846CD
:10AA140011461A4603468DF803300B468DF8023072
:10AA240013468DF8013001AB1846FFF7D9FF0390A8
:10AA34009DF803209DF802305B001A439DF8013015
:10AA44009B001A439DF818301B0242EA03019DF84B
:10AA54001C301B04019A1943039B02F5E07243F86E
:10AA6400221000BF05B05DF804FB00B585B003906B
:10AA74000023019300230093002301220121039862
:10AA8400FFF7C2FF00BF05B05DF804FB00B585B059
:10AA940003900B468DF80B309DF80B300022019289
:10AAA40000220092002200210398FFF7ADFF00BFAF
:10AAB40005B05DF804FB00B585B003900023019355
:10AAC400002300930023012200210398FFF79CFF39
:10AAD40000BF05B05DF804FB00B585B0019001AB83
:10AAE4001846FFF77DFF0390019B012202FA03F34E
:10AAF4001946039800F004F800BF05B05DF804FBA4
:10AB040082B001900091019B009AC3F8082500BF10
:10AB140002B0704700B583B001900091009B1B68A0
:10AB2400B3F1FF3F09D0009B1B681846FFF7D4FF21
:10AB3400009B1B681846FFF798FF009B5B68B3F106
:10AB4400FF3F05D0009B5B6800211846FFF79EFF7E
:10AB5400019B1B79464A5B0113441C331B78002B71
:10AB640041D0019B1A68009B9B6919461046FFF768
:10AB7400E4FE019B1868009B597D009B1B7D1A46CF
:10AB8400FFF7C6FE019B1868009B1968009B5B6871
:10AB94001A46FFF755FE009B1B7D012B64D1009BD9
:10ABA4009B68B3F1FF3F05D0009B9B6800211846CA
:10ABB400FFF76CFF009BDB68B3F1FF3F09D0009BFC
:10ABC400DB681846FFF788FF009BDB681846FFF731
:10ABD4004CFF019B1868009BD968009B9B681A4630
:10ABE400FFF76BFE40E0019B1A68009B9B691946C6
:10ABF4001046FFF7B1FD019B1868009B597D009B2F
:10AC04001B7D1A46FFF793FD019B1868009B19688A
:10AC1400009B5B681A46FFF70CFD009B1B7D012B14
:10AC240022D1009B9B68B3F1FF3F05D0009B9B683A
:10AC340000211846FFF72AFF009BDB68B3F1FF3FB2
:10AC440009D0009BDB681846FFF746FF009BDB68D2
:10AC54001846FFF70AFF019B1868009BD968009B00
:10AC64009B681A46FFF722FD00BF03B05DF804FBA2
:10AC7400002B002000B583B001900B468DF8033003
:10AC8400019B1B792D4A5B0113441C331B78002B59
:10AC94002FD0019B1B684FF488711846FFF766FD9F
:10ACA400019B1B684FF490711846FFF75FFD019BF1
:10ACB4001B684FF492711846FFF758FD019B1B68FF
:10ACC4004FF4A2711846FFF751FD019B1B681C4904
:10ACD4001846FFF781FD019B1B681846FFF767FEC6
:10ACE40003461A469DF8033019461046FEF730FE17
:10ACF40020E0019B1B684FF48E711846FFF72EFC71
:10AD0400019B1B684FF4A2711846FFF727FC019BB7
:10AD14001B680C491846FFF748FC019B1B68184642
:10AD2400FFF745FE03461A469DF8033019461046C0
:10AD3400FEF70EFE00BF03B05DF804FB002B0020FD
:10AD4400100302008000020000B583B00190019B53
:10AD54001B79154A5B0113441C331B78002B0FD05D
:10AD6400019B1B6811491846FFF740FD019B1B68B6
:10AD74001846FFF71CFE03461846FFF70AFE0EE0CE
:10AD8400019B1B680A491846FFF729FC019B1B68B5
:10AD94001846FFF70CFE03461846FFF7FAFD00BFFE
:10ADA40003B05DF804FB00BF002B00201003020079
:10ADB4008402020000B587B00190019B1B79364ADA
:10ADC4005B0113441C331B78002B22D0019B1B68AE
:10ADD4001846FFF752FD0590019B1B681846FFF7C4
:10ADE40054FD0490019B1B681846FFF756FD039021
:10ADF400019B1B681846FFF758FD0290019B1B68D6
:10AE04001846FFF72CFD019B1B681846FFF764FDED
:10AE140021E0019B1B681846FFF728FC0590019B65
:10AE24001B681846FFF72AFC0490019B1B68184610
:10AE3400FFF72CFC0390019B1B681846FFF72EFCC0
:10AE44000290019B1B681846FFF702FC019B1B68DC
:10AE54001846FFF73AFC059BB3F1FF3F02D0059873
:10AE6400FFF729FE049BB3F1FF3F02D00498FFF7DC
:10AE740022FE029BB3F1FF3F02D00298FFF71BFEB4
:10AE8400039BB3F1FF3F02D00398FFF714FE00BF0A
:10AE940007B05DF804FB00BF002B002000B583B0B1
:10AEA4000190019B1B790B4A5B0113441C331B78F3
:10AEB400002B05D0019B1B681846FFF7AFFC04E08C
:10AEC400019B1B681846FFF7A2FB00BF03B05DF8A7
:10AED40004FB00BF002B002000B583B00190019B50
:10AEE4001B790B4A5B0113441C331B78002B05D0E0
:10AEF400019B1B681846FFF79AFC04E0019B1B6842
:10AF04001846FFF78DFB00BF03B05DF804FB00BFDC
:10AF1400002B002000B587B0039002910192029BA0
:10AF2400002B04D122494FF4887001F083F9039B6C
:10AF34001B795B011F4A1344059300230493059B6B
:10AF4400DB7E002B03D008230493049B2BE0029B9D
:10AF54005A7F059B1A7702990398FFF7DBFD059B3F
:10AF6400019A5A60029B1A69059B1A60059B5B68EB
:10AF7400002B05D0029B1B7F19460398FFF77AFE2E
:10AF84000398FFF78BFF059B0022DA75059B0022CF
:10AF94001A76059B00229A75059B0122DA76059B99
:10AFA40000229A76049B184607B05DF804FB00BFA4
:10AFB400E4B50300002B002000B585B00190019B8F
:10AFC4001B795B010C4A134403930198FFF784FF38
:10AFD400039B5B68002B02D00198FFF7B5FE019834
:10AFE400FFF7E8FE039B0022DA76039B00225A60F7
:10AFF40000BF05B05DF804FB002B002000B585B050
:10B00400019000914FF48E710198FFF7A7FA009B0D
:10B014009B68009A928A92B213441B788DF80F3081
:10B02400009B9B8A9BB201339AB2009B9A829DF843
:10B034000F3019460198FFF75FFB00BF05B05DF8BC
:10B0440004FB000000B585B00190019B1B795B01F6
:10B05400344A1344029300230393019B1B684FF467
:10B064008E711846FFF77AFA019B1B68082118466F
:10B07400FFF74FFB019B1B6802991846FFF7BEFFC1
:10B08400029B5B68002B47D11FE000BF019B1B683C
:10B094004FF48E711846FFF776FA034683F00103E6
:10B0A400DBB2002B05D0029B9B8A9BB2B3F5807F59
:10B0B400ECD1029B9B8A9BB2B3F5807F05D0019BA8
:10B0C4001B6802991846FFF799FF029B9B8A9BB263
:10B0D400029A927D9342D8D3029B9B8A9BB2B3F58A
:10B0E400807F02D10F23039313E000BF019B1B68F1
:10B0F4004FF48E711846FFF746FA034683F00103B6
:10B10400DBB2002BF2D1019B1B680C211846FFF720
:10B1140000FB029B00229A75039B184605B05DF85C
:10B1240004FB00BF002B002000B587B00190019BF9
:10B134001B795B012A4A1344049300230593019B62
:10B144001B684FF490711846FFF710FB019B1B68B6
:10B154004FF4AC711846FFF709FB019B1868049B78
:10B164009968049B9B7D1A46FFF7F1FB019B1B68C2
:10B1740008211846FFF7BEFB049B5B68002B2AD10D
:10B18400019B1B684FF490711846FFF704FB0346BC
:10B194008DF80F30019B1B684FF4AC711846FFF714
:10B1A400FAFA03468DF80E309DF80F3083F0010350
:10B1B400DBB2002B06D09DF80E3083F00103DBB226
:10B1C400002BDDD19DF80E30002B01D00F23059309
:10B1D400049B00229A75059B184607B05DF804FB92
:10B1E400002B002000B587B00390029113468DF820
:10B1F4000730039B1B795B012E4A13440493049B81
:10B20400DB7E012B04D02C494FF4CC7001F012F8F2
:10B214009DF80730002B04D1274940F2991001F022
:10B2240009F8029B002B04D123494FF4CD7001F09F
:10B2340001F8039B1B791F4A5B0113441C331B78E1
:10B24400002B0CD00298FFF7BDFB034683F00103EB
:10B25400DBB2002B03D010230593059B25E0039854
:10B2640000F02CF80346002B03D011230593059B13
:10B274001BE0049B9DF807209A75049B029A9A6030
:10B28400049B00229A82039B1B790A4A5B011344A4
:10B294001C331B78002B04D00398FFF745FF0346AB
:10B2A40003E00398FFF7CEFE0346184607B05DF8A7
:10B2B40004FB00BF002B0020E4B5030082B0019022
:10B2C400019B1B79064A5B01134416331B78002B40
:10B2D40014BF01230023DBB2184602B0704700BF3D
:10B2E400002B002010B582B001900091009BDB7D03
:10B2F400002B08D14FF484710198FFF72FF90198BE
:10B30400FFF7F1F916E04FF484710198FFF726F97D
:10B31400009BDB68009A527ED2B29C180198FFF71A
:10B32400E2F903462370009B5B7EDBB20133DAB2A1
:10B33400009B5A7602B010BD00B589B003900B464D
:10B3440001928DF80B3001238DF810309DF80B30ED
:10B354008DF81830019B0593039B5B68039A116871
:10B3640004AA1046984700BF09B05DF804FB00B575
:10B3740087B001900B468DF8033000238DF8083018
:10B384009DF803308DF81030019B9B680393019B5B
:10B3940000229A75019B5B68019A116802AA104603
:10B3A400984700BF07B05DF804FB00B589B0019071
:10B3B40000914FF400710198FFF701F90346002B47
:10B3C40039D04FF492710198FFF7DDF80346002B52
:10B3D40031D04FF492710198FFF7C0F84FF4017126
:10B3E4000198FFF7FCF8009B9B7E83F00103DBB21E
:10B3F400002B03D004210198FFF78BF902238DF869
:10B4040008300198FFF7F5F803460593009BDB7DB0
:10B414008DF81030009BDB680393009B0022DA75E3
:10B42400009B00221A76009B5B68009A116802AAAE
:10B434001046984756E004210198FFF7C0F80346E8
:10B44400002B4FD04FF484710198FFF79CF803460A
:10B45400002B47D000990198FFF744FF009BDA7D49
:10B46400009B5B7EDBB29A423CD1009B1B7E002B8F
:10B474001CD0009BDB680793009B5B7E8DF81B3020
:10B48400009B1A7E009BDA75009B1A69009BDA60A8
:10B49400009B00221A76009B00225A769DF81B30EE
:10B4A400079A19460098FFF747FF1BE0009B9B7E15
:10B4B40083F00103DBB2002B03D004210198FFF7D2
:10B4C40028F94FF401710198FFF789F8009B0022D5
:10B4D400DA75009B5B7ED9B2009BDB681A46009844
:10B4E400FFF72AFF4FF48E710198FFF74CF80346DB
:10B4F400002B1AD0009B9B8A9BB2009A927D9342A8
:10B5040004D200990198FFF779FD0EE04FF48E7193
:10B514000198FFF723F8009B9B7D002B05D0009B2F
:10B524009B7D19460098FFF722FF4FF4A271019802
:10B53400FFF729F80346002B1CD04FF4A2710198A1
:10B54400FFF70CF8009B9B7E002B03D00021019891
:10B55400FFF7DFF8009BDB7D002B0BD0009B002264
:10B56400DA75009B5B7ED9B2009BDB681A460098B3
:10B57400FFF7E2FE00BF09B05DF804FB00B589B037
:10B58400019000914FF492710198FFF704F903467A
:10B59400002B24D04FF492710198FFF7E7F80223AF
:10B5A4008DF808300198FFF72BF9034605930198AD
:10B5B400FFF7E7F90346DBB28DF81030009BDB6838
:10B5C4000393009B0022DA75009B00221A76009BED
:10B5D4005B68009A116802AA1046984741E04FF44C
:10B5E40088710198FFF7D7F80346002B39D04FF440
:10B5F40088710198FFF7BAF80198FFF7C2F903467A
:10B604008DF81F30009BDB7D9DF81F209A4228D1C6
:10B61400009B1B7E002B19D0009BDB680693202126
:10B624000198FFF7CAF8009B1A7E009BDA75009B0D
:10B634001A69009BDA60009B00221A769DF81F307D
:10B64400069A19460098FFF777FE0AE0009B00224D
:10B65400DA75009BDA689DF81F3019460098FFF7E9
:10B664006BFE4FF4A2710198FFF795F80346002B87
:10B6740016D04FF4A2710198FFF778F8009BDB7D98
:10B68400002B0DD0009B0022DA750198FFF779F9A1
:10B694000346D9B2009BDB681A460098FFF74CFEBC
:10B6A4004FF490710198FFF776F80346002B11D000
:10B6B4004FF490710198FFF759F8009B9B7D002B84
:10B6C40008D00198FFF755F90346DBB219460098F4
:10B6D400FFF74DFE00BF09B05DF804FB08B5074B4A
:10B6E4001B7F002B04D005490548FFF747FF03E003
:10B6F40002490348FFF759FE00BF08BD002B002094
:10B704000020004000B583B00190019B1B681F2BF3
:10B7140004D905494FF4E87000F08CFD4FF0A043C4
:10B72400184603B05DF804FB3CB6030000B585B0D1
:10B7340001900B468DF8033001AB1846FFF7E2FF8A
:10B744000390019A039B02F5E07253F82230019AA8
:10B7540023F44031039B02F5E07243F82210019A6E
:10B76400039B02F5E07253F822109DF803301B048A
:10B77400019A1943039B02F5E07243F8221000BFBB
:10B7840005B05DF804FB00B583B001900198FDF7A6
:10B7940045FE0346184603B05DF804FB00B587B0C8
:10B7A40003460A468DF8073013468DF80630002309
:10B7B4008DF81730002304939DF807301846FDF7E1
:10B7C4005BFE0490049B032B62D89DF80630022B89
:10B7D40052D0022B5CDC002B31D0012B58D13549DF
:10B7E400049A13465B0013440B441B788DF81730FE
:10B7F4003049049A13465B0013440B4401331B780D
:10B80400002B0ED02C4B2D4A4FF400411846F9F76B
:10B814004DFE0390039B002B03D1284A9DF807306B
:10B8240013702449049A13465B0013440B440233F7
:10B834001978234A049B13440A461A7028E01E4BC5
:10B844001846F9F765FE1E4A049B134419781948F3
:10B85400049A13465B001344034402331B78994251
:10B8640015D11449049A13465B0013440B44023364
:10B874001B788DF817300AE00E49049A13465B00D2
:10B8840013440B4401331B788DF8173000E000BFDC
:10B894009DF81730002B09D00A4B1B68002B05D0EC
:10B8A400084B1B689DF817201046984700BF07B047
:10B8B4005DF804FB702B00207C2B00209C2B0020C7
:10B8C400A02B00206C2B002000B583B00190019BBD
:10B8D4001B7802211846FFF761FF00BF03B05DF833
:10B8E40004FB000000B583B00C4B1B78002B0FD079
:10B8F4000023019308E0019B022B02D00198FDF77D
:10B9040019FD019B01330193019B032BF3D901E042
:10B91400FDF72AFD00BF03B05DF804FB282B0020CF
:10B924002DE9D04F92B003468DF83F300023119398
:10B9340000231093C94B1B78002B04D0C74A002363
:10B944001370FFF7CFFF9DF83F30172B00F23982B9
:10B9540001A252F823F000BFBDB90200CBB9020026
:10B96400CBB9020067BA020003BB02007FBB02002E
:10B9740013BC020033BC020043BC02006DBC0200D5
:10B984008BBC0200A9BC0200C7BC0200D5BC0200EB
:10B99400D5BC0200D5BC0200D5BC0200D5BC020057
:10B9A40069BD020077BD02008BBD02009FBD02008D
:10B9B400B9BD0200B9BD0200FFF794FFA84A9DF883
:10B9C4003F301370FEE10020FDF76CFC0346002BB2
:10B9D4000DD00020FDF7AEFC9DF83F30022B02D1C4
:10B9E4004FF4E16301E04FF47A6310930BE000201D
:10B9F400FDF786FC9DF83F30022B01D1C82301E0FE
:10BA04004FF4C8731093964A9DF83F301370954CC9
:10BA1400109B0022009301924FF000024FF00003AC
:10BA2400DDE900673946CB03314643EA51433146E9
:10BA3400CA0312F5FA71029143F1000303934FF420
:10BA44007A724FF00003DDE902010EF099FA024622
:10BA54000B461346002219462046F9F727FD11909C
:10BA6400B0E10020FDF71EFC0346002B0DD00020A2
:10BA7400FDF760FC9DF83F30032B02D14FF448736F
:10BA840001E04FF47A6310930BE00020FDF738FCDB
:10BA94009DF83F30032B01D1C82301E04FF4C87354
:10BAA40010936F4A9DF83F3013706E4C109B002228
:10BAB400049305924FF000024FF00003DDE90467A0
:10BAC4003946CB03314643EA51433146CA0312F5A2
:10BAD400FA71069143F1000307934FF47A724FF021
:10BAE4000003DDE906010EF04BFA02460B4613464D
:10BAF400002219462046F9F7D9FC119062E1002092
:10BB0400FDF7D0FB0346002B06D00020FDF712FC06
:10BB14004FF47A63109305E00020FDF7F1FB4FF436
:10BB2400C87310934E4A9DF83F3013704D4C109BD0
:10BB340000229A4693464FF000024FF000034FEA6A
:10BB4400CB3343EA5A434FEACA3212F5FA710891E9
:10BB540043F1000309934FF47A724FF00003DDE9D7
:10BB640008010EF00DFA02460B4613460022194650
:10BB74002046F9F79BFC119024E10020FDF792FB8D
:10BB84000346002B0CD00020FDF7D4FB9DF83F307A
:10BB9400052B01D1C82301E04FF47A6310930BE025
:10BBA4000020FDF7ADFB9DF83F30052B01D1C823E4
:10BBB40001E04FF4C8731093294A9DF83F30137085
:10BBC400284C109B0022984691464FF000024FF0FB
:10BBD40000034FEAC93343EA58434FEAC83212F527
:10BBE400FA710A9143F100030B934FF47A724FF008
:10BBF4000003DDE90A010EF0C3F902460B461346C1
:10BC0400002219462046F9F751FC1190DAE0002091
:10BC1400FDF7D0FB124A9DF83F301370114B002200
:10BC240040F6CD411846F9F741FC1190CAE00020D6
:10BC3400FDF766FB0A4A9DF83F301370C2E0074BDC
:10BC440001221A700120FDF7B5FB064B002240F6D5
:10BC5400CD411846F9F72AFC1190B3E0212B0020BE
:10BC6400202B00202C2B0020594B01221A7001207C
:10BC7400FDF7A0FB574B00224FF480411846F9F71B
:10BC840015FC11909EE0524B01221A700120FDF721
:10BC940091FB504B002240F6CD411846F9F706FCC3
:10BCA40011908FE04A4B01221A700120FDF782FBAC
:10BCB400484B00224FF480411846F9F7F7FB1190E6
:10BCC40080E0FDF764FB444A9DF83F30137079E04F
:10BCD400424B1846F9F71CFC11909DF83F30C3F114
:10BCE40011031093109B002B35D0119B002B32D1E4
:10BCF400109B012B28D9394C109B9BB21A46C823A0
:10BD040002FB03F3DA171E4617464FF000024FF00A
:10BD14000003FB0343EA5643F20312F5FA710C9154
:10BD240043F100030D934FF47A724FF00003DDE901
:10BD34000C010EF025F902460B4613460022194663
:10BD44002046F9F7B3FB11900220FDF7D9FA244BF2
:10BD540001221A7036E00220FDF7ECFA204B002293
:10BD64001A702FE0FFF7BEFD1B4A9DF83F30137099
:10BD740028E0FFF7B7FD0020FDF7C2FA164A9DF848
:10BD84003F3013701EE0FFF7ADFD0120FDF7B8FA58
:10BD9400114A9DF83F30137014E0FFF7A3FD002013
:10BDA400FDF7AEFA0120FDF7ABFA0B4A9DF83F30E0
:10BDB400137007E0FDF7EBFA074A9DF83F30137064
:10BDC40000E000BF119B184612B0BDE8D08F00BF41
:10BDD400212B00202C2B0020202B00204C2B00207A
:10BDE400282B002000B583B00190074B1B6803F09B
:10BDF4000103002B04D0054B1B781846FFF790FD78
:10BE040000BF03B05DF804FB242B0020202B00208E
:10BE140000B583B001900220FDF7CCFA00BF03B057
:10BE24005DF804FB00B585B003468DF807300023A8
:10BE34000393084B1B6803F00103002B05D09DF806
:10BE440007301846FFF76CFD0390039B184605B0B6
:10BE54005DF804FB242B002000B585B0019000910F
:10BE640000230393294A019B1360294A009B136012
:10BE7400019B03F00203002B2AD00023029308E065
:10BE840001220121029800F053F80390029B013330
:10BE94000293029B032B02D8039B002BF0D0039B3D
:10BEA400002B06D140F2666204211A48F8F7A4FB7D
:10BEB4000390039B002B02D1F8F710FC0390039B23
:10BEC400002B05D1144A00211448F9F7BFFA039056
:10BED400019B03F00103002B01D0FDF785FA039BBE
:10BEE400002B05D10E4A00210E48F9F7AFFA039052
:10BEF400039B002B05D10C4A01210C48F9F7A6FA43
:10BF04000390039B184605B05DF804FB242B002026
:10BF14006C2B002084B60300CDB8020080B6030069
:10BF2400E9BD020078B6030015BE02007CB603002A
:10BF340084B001900B468DF8033013468DF802301F
:10BF440000230393019B032B3CD89DF80230012B63
:10BF54000BD19DF80330012B04D1019BDBB20E33CE
:10BF6400DBB200E000238DF802309DF80330022B91
:10BF74000FD0022B23DC002B16D0012B1FD1144928
:10BF8400019A13465B0013440B449DF802201A7077
:10BF94001AE00F49019A13465B0013440B44013322
:10BFA4009DF802201A700FE00949019A13465B00BC
:10BFB40013440B4402339DF802201A7004E0072353
:10BFC400039301E007230393039B184604B07047CF
:10BFD400702B002000B583B001900198FDF76CFA36
:10BFE400034603211846FFF7A1FB0023184603B0BC
:10BFF4005DF804FB00B583B0012200210020FFF7A7
:10C0040097FF0190019B002B04D0019B072B01D0CB
:10C01400019B1CE0072202210120FFF789FF019008
:10C02400019B002B04D0019B072B01D0019B0EE048
:10C03400042202210020FFF77BFF0190019B002BCB
:10C0440004D0019B072B01D0019B00E0002318467C
:10C0540003B05DF804FB00B583B001220221002087
:10C06400FFF766FF0190019B002B04D0019B072B77
:10C0740001D0019B1CE0072202210120FFF758FF99
:10C084000190019B002B04D0019B072B01D0019B45
:10C094000EE00A2200210020FFF74AFF0190019BD5
:10C0A400002B04D0019B072B01D0019B00E000234F
:10C0B400184603B05DF804FB00B583B0019001207D
:10C0C400FFF761FB0346002B03D0019B02221A7089
:10C0D4000CE00020FFF757FB0346002B03D0019B25
:10C0E4000B221A7002E0019B00221A7000BF03B0F9
:10C0F4005DF804FB00B583B00020FFF76BFF0190EF
:10C10400019B002B04D0019B062B01D0019B0CE06A
:10C114000120FFF75FFF0190019B002B04D0019BDE
:10C12400062B01D0019B00E00023184603B05DF804
:10C1340004FB000000B585B001900091019B1B88B1
:10C14400102B02D0112B18D02FE01A4B1B68002B98
:10C154000DD1FFF74FFF0390039B002B07D0164B25
:10C164001B68002B03D0144B1B6803989847114B92
:10C174001B6801330F4A136017E00E4B1B68013B29
:10C184000C4A13600B4B1B68002B0DD1FFF763FFA8
:10C194000390039B002B07D0074B1B68002B03D095
:10C1A400054B1B680398984700BF00BF05B05DF8B6
:10C1B40004FB00BFA82B0020A42B002000B585B0F1
:10C1C40001900091002303930A4A019B1360009B92
:10C1D400002B02D00098FFF76FFF074B1B68002B62
:10C1E40002D1FFF738FF0390039B184605B05DF8B2
:10C1F40004FB00BFA42B0020A82B002076DF70478F
:10C2040000BF184678DF704700BF18467ADF7047D2
:10C2140000BF18467CDF704700BF18468FDF7047A9
:10C2240000BF184632DF704700BF18463EDF704734
:10C2340000BF184600B583B003460091ADF8063040
:10C24400BDF80630009A19460348F8F773FA00BFA0
:10C2540003B05DF804FB00BFEFBEADDE00B583B0F4
:10C264000190044AC1210198F8F764FA00BF03B0B1
:10C274005DF804FBB0B6030000B583B00190044A36
:10C28400CB210198F8F756FA00BF03B05DF804FB20
:10C29400B0B6030000B583B012491348FCF7AEFEF4
:10C2A40003468DF807309DF8073019460F480CF007
:10C2B40071FE0090009B002B0FD0009B082B0CD02C
:10C2C400009B132B09D0009B43F20142934204D0FC
:10C2D400074ADF210098F8F72DFA00BF03B05DF894
:10C2E40004FB00BF182E0020282E00200C2C002058
:10C2F400B0B6030000B595B001AB184603F0F6FAEA
:10C30400002313931CE0139B5B0050336B4433F8FE
:10C31400483CADF84A300F4B1A78BDF84A30114604
:10C32400184603F01DFB03468DF849309DF849304B
:10C33400002B02D09DF8493007E0139B013313937F
:10C34400019B139A9A42DED30023184615B05DF878
:10C3540004FB00BF142E002000B585B001900091AD
:10C36400009B1B68082B28BF082302934FF6FF701D
:10C374000AF046FA0346ADF80E30009B00221A601C
:10C3840012E0009B1B68591C009A11605B00019A23
:10C394001344BDF80E201A80BDF80E3018460AF07A
:10C3A4002FFA0346ADF80E30BDF80E304FF6FF728B
:10C3B400934204D0029B5A1E0292002BE1D100BF8B
:10C3C40005B05DF804FB000000B583B00D4B1B887D
:10C3D4001B0443F003030C491846F7F70DFC0AF05D
:10C3E400B5FA0190019B0093009B002B05D0074AEE
:10C3F40040F21B110098F8F79DF900BF03B05DF8F7
:10C4040004FB00BFE020002014B70300B0B6030013
:10C4140000B587B003468DF807309DF80730002B30
:10C4240002D0FFF7D1FF43E010224FF6FF712248FC
:10C434000DF0B8FE214B08221A6020491E48FFF770
:10C444008BFF1E4B1B6819461B480AF0D1F8059058
:10C45400059B0493049B002B05D0194A4FF4997152
:10C464000498F8F767F9154B1B68194612480AF047
:10C4740007F90590059B062B0AD0059B0393039BA4
:10C48400002B05D00E4A40F239110398F8F752F9FF
:10C4940001210C4802F0DAFB0590059B0293029BF4
:10C4A400002B05D0064A40F23D110298F8F742F9F4
:10C4B40000BF07B05DF804FB002E0020102E002002
:10C4C400B0B60300242D002000B583B00190FFF71F
:10C4D400E1FE00BF03B05DF804FB000000B589B0C5
:10C4E4000190254B1B884FF6FF7293423FD0224B9D
:10C4F4001B880DF10E02114618460AF039F907900F
:10C50400079B0693069B002B05D01C4A4FF4B07181
:10C514000698F8F70FF9BDF80E3003AA114618462D
:10C524000AF0C6F80790079B0593059B002B05D0DE
:10C53400124A40F263110598F8F7FCF89DF80C30A4
:10C5440003F00203DBB2002B11D1BDF80E30002141
:10C5540018460AF009F80790079B0493049B002BE4
:10C5640005D0064A40F269110498F8F7E3F800BFD1
:10C5740009B05DF804FB00BFFC2D0020B0B6030039
:10C5840000B587B001AB0E22002118460DF00AFE5B
:10C594000E4B1B88ADF8063000238DF80A300023BB
:10C5A4008DF80B3000238DF80C3000238DF8043007
:10C5B400074B1B88ADF8083001AB1946054807F056
:10C5C400EBFD059000BF07B05DF804FBC621002019
:10C5D400302E0020242C002000B583B00C4B1A8888
:10C5E4000C4BA3F89A200C490A4807F000FE01906E
:10C5F400019B0093009B002B05D0084A4FF4C671A1
:10C604000098F8F797F800BF03B05DF804FB00BF8B
:10C61400302E0020242C0020BE2C0020B0B60300B5
:10C6240000B583B001900F4B93F84C30002B0AD027
:10C634000C4B93F84C301A460B4B1B8813449AB29C
:10C64400094B1A8005E0084B1B8801339AB2064B4C
:10C654001A80FFF795FFFFF7BFFF00BF03B05DF837
:10C6640004FB00BF242C0020302E002000B587B02E
:10C67400F8F7B8FE0590059B0493049B002B05D0A6
:10C684001E4A4FF4D9710498F8F754F81C4A012152
:10C694001C48F8F7DBFE0590059B0393039B002BD6
:10C6A40005D0164A4FF4DC710398F8F743F8164A9C
:10C6B40001211648F8F7CAFE0590059B0293029BD8
:10C6C400002B05D00D4A40F2BD110298F8F732F85C
:10C6D4000F4A00210F48F8F7B9FE0590059B019316
:10C6E400019B002B05D0054A40F2C3110198F8F7CD
:10C6F40021F800BF07B05DF804FB00BFB0B603002B
:10C70400CDC40200A4B6030025C60200A8B60300E7
:10C71400E1C40200ACB6030000B589B09DF8043052
:10C72400012262F303038DF804309DF804300122E2
:10C7340062F307138DF8043001AB0B22234918462A
:10C74400FFF768FD0790079B0693069B002B05D017
:10C754001F4A40F2D7110698F7F7ECFF4FF48060B8
:10C76400FFF750FD0790079B0593059B002B05D011
:10C77400174A4FF4ED710598F7F7DCFF02AB082276
:10C78400002118460DF00EFD0723ADF808304FF4D4
:10C79400C873ADF80A300023ADF80C304FF4C873F9
:10C7A400ADF80E3002AB1846FFF730FD0790079B3B
:10C7B4000493049B002B05D0054A4FF4F2710498AE
:10C7C400F7F7B8FF00BF09B05DF804FB24B7030016
:10C7D400B0B6030000B583B00021094807F042FF5A
:10C7E4000190019B0093009B002B05D0054A40F269
:10C7F400ED110098F7F79EFF00BF03B05DF804FB4E
:10C80400102D0020B0B603002DE9F04F89B001903F
:10C814000091009B1B78042B00F2C28001A252F805
:10C8240023F000BFA5C90200A5C902003DC802004B
:10C83400B9C80200EDC802005F4B1B881B0443F01B
:10C8440003035E491846F7F7D7F95D4C019B93F84B
:10C854004C301A464EF6602302FB03F3DA171E46E9
:10C8640017464FF000024FF00003FB0343EA564320
:10C87400F20312F5FA7A43F1000B4FF47A724FF097
:10C884000003504659460DF07BFB02460B46134607
:10C89400002219462046F8F709FE0790079B0393E8
:10C8A400039B002B7ED0474A4FF400710398F7F79F
:10C8B40041FF77E0404B1B881B0443F003034249CC
:10C8C4001846F7F799F93E4B1846F8F721FE0790FA
:10C8D400079B0493049B002B66D03A4A40F206213E
:10C8E4000498F7F727FF5FE0334B1B881B0443F0E2
:10C8F400030336491846F7F77FF9019B93F84C3048
:10C90400FF2B03D1019B012283F84C202C4B1846AA
:10C91400F8F7FEFD0790079B0693069B002B05D0B6
:10C92400284A4FF404710698F7F704FF019B93F823
:10C934004C30002B3AD0224E019B93F84C301A46CF
:10C944004EF6602302FB03F3DA171C4615464FF03C
:10C9540000024FF00003EB0343EA5443E20312F5F1
:10C96400FA7843F100094FF47A724FF0000340461D
:10C9740049460DF005FB02460B46134600221946B4
:10C984003046F8F793FD0790079B0593059B002B12
:10C994000CD00C4A40F217210598F7F7CBFE05E0BE
:10C9A40000BF04E000BF02E000BF00E000BF00BF22
:10C9B40009B0BDE8F08F00BFE020002030B70300CD
:10C9C400CC2B0020B0B6030044B7030058B70300D3
:10C9D40000B587B001900091009B1B78002B2BD1F0
:10C9E40001238DF81730009BB3F882301A46164B9A
:10C9F4001B689A420AD1009B0233134A12681946F3
:10CA040012480DF061FB0346002B02D000238DF881
:10CA140017309DF8173019460D4807F073F8049045
:10CA2400049B0393039B002B08D00A4A40F2332152
:10CA34000398F7F77FFE01E000BF00E000BF00BFEE
:10CA440007B05DF804FB00BFD0210020CC210020FA
:10CA5400E02C0020B0B6030000B583B00190009133
:10CA6400009A0449044806F073FF0346184603B0CD
:10CA74005DF804FB342E0020E02C002000B597B0B4
:10CA840001AB184602F032FF002315933EE0159BDC
:10CA94005B0058336B4433F8503CADF85230204BB4
:10CAA4001A78BDF852301146184602F059FF034671
:10CAB4008DF851309DF85130002B1CD00DF102023D
:10CAC400BDF852301146184609F076FE1390139BB8
:10CAD400002B10D1BDF80230184609F01DFF139049
:10CAE400139B1293129B002B05D00E4A4FF4157121
:10CAF4001298F7F71FFE0A4B1978BDF8523000223E
:10CB0400184602F057FF159B01331593019B159AA4
:10CB14009A42BCD300BF00BF17B05DF804FB00BF4E
:10CB2400142E0020B0B6030000B583B00190019B21
:10CB34005B88054A11780122184602F03BFF00BFCA
:10CB440003B05DF804FB00BF142E002000B589B0CB
:10CB540001902C4B1B881B0443F003032A491846FD
:10CB6400F7F74AF84FF6FF7009F04AFE0346ADF8AE
:10CB74001E303BE00DF10E02BDF81E301146184682
:10CB840009F0F6FD0690069B0593059B002B05D046
:10CB94001E4A40F272210598F7F7CCFDBDF80E301D
:10CBA4004FF6FF72934208D0BDF80E30184A117840
:10CBB4000122184602F0FEFE10E0BDF81E301846B1
:10CBC40009F0AAFE0690069B0493049B002B05D053
:10CBD4000E4A40F27D210498F7F7ACFDBDF81E30F3
:10CBE400184609F00DFE0346ADF81E30BDF81E30A0
:10CBF4004FF6FF729342BDD100BF00BF09B05DF88C
:10CC040004FB00BFE02000207CB70300B0B60300A3
:10CC1400142E002000B5ADB06B461022002118463A
:10CC24000DF0C0FA4FF40073ADF80830894B01934E
:10CC3400894B03936B461946884807F0FAFD2B90FD
:10CC44002B9B2A932A9B002B05D0854A40F29921DD
:10CC54002A98F7F76FFD1FAB1C22002118460DF030
:10CC6400A1FA02F055FE03461A467E4B1A707E4B1B
:10CC74001F937E4B20939DF8843043F008038DF876
:10CC840084309DF8843043F002038DF884309DF89D
:10CC9400843023F020038DF8843002238DF885300E
:10CCA40002238DF886306D4B2293714B2393714B85
:10CCB40024931FAB1946704806F0B8FE2B902B9BAB
:10CCC4002993299B002B05D0654A40F2B521299868
:10CCD400F7F730FD694B012283F84C2019AB182279
:10CCE400002118460DF05EFA654B19935F4B1A93B9
:10CCF4001423ADF87A300023ADF874309DF8783001
:10CD040043F00103DBB28DF8783019AB19465B4868
:10CD140007F0A2F82B902B9B2893289B002B05D07F
:10CD24004F4A40F2C6212898F7F704FD534B0122DD
:10CD340083F84C2004AB1422002118460DF032FA7B
:10CD44009DF81D30012262F303038DF81D309DF818
:10CD54001D30012262F307138DF81D309DF81E303B
:10CD6400012262F303038DF81E309DF81E30012268
:10CD740062F307138DF81E309DF81F3023F00F0364
:10CD84008DF81F309DF81F3023F0F0038DF81F300D
:10CD94009DF82030012262F303038DF820309DF8C2
:10CDA4002030012262F307138DF82030002304930E
:10CDB40001238DF814300023069364238DF81C306E
:10CDC40004AB19462F480CF0ADF82B902B9B2793FE
:10CDD400279B002B05D0224A4FF437712798F7F789
:10CDE400A9FC09AB4022002118460DF0DBF909AB80
:10CDF4002549184602F0F8FE9DF86030012262F3DE
:10CE040003038DF860309DF86030012262F307134C
:10CE14008DF860309DF8613023F00F038DF8613098
:10CE24009DF8613023F0F0038DF8613009AB1846AA
:10CE34000CF0B8FA2B902B9B2693269B002B05D045
:10CE4400074A40F2E7212698F7F774FC00BF2DB09B
:10CE54005DF804FB782E00205DCA0200342E002009
:10CE6400B0B60300142E0020D5C9020061C202002E
:10CE74002DCB020051CB0200E02C0020242C0020FA
:10CE84000DC802000C2C0020A8B7030008B5094BFC
:10CE940051221A60074B64225A60064B01229A60A1
:10CEA400044B01221A7303490348FCF78EF800BFB0
:10CEB40008BD00BF182E0020282E002000B583B026
:10CEC4000B4B00224FF4A0211846F8F7EFFA01901B
:10CED400019B0093009B002B05D0064A4FF4407140
:10CEE4000098F7F727FC00BF03B05DF804FB00BF10
:10CEF400AC2B0020B0B6030000B585B00190019BB7
:10CF04001B78002B11D10B4B1B883B211846FFF7D4
:10CF140075F90390039B0293029B002B05D0064AEC
:10CF240040F215310298F7F705FC00BF05B05DF833
:10CF340004FB00BFC4210020B0B6030000B583B0D9
:10CF44000190054A4FF448710198F7F7F3FB00BFCD
:10CF540003B05DF804FB00BFB0B6030000B58BB0AE
:10CF640001AB1C22002118460DF01CF9002301938B
:10CF74004FF4F02302934FF42033039303238DF8EB
:10CF840010300023ADF8123000238DF814300C4B10
:10CF940006930C4B079301AB184602F04FF9099026
:10CFA400099B0893089B002B05D0074A40F23731B0
:10CFB4000898F7F7BFFB00BF0BB05DF804FB00BF98
:10CFC400FDCE020041CF0200B0B6030000B585B02B
:10CFD4000020FEF727FF0390039B0293029B002B84
:10CFE40005D0134A4FF451710298F7F7A3FBFFF7EA
:10CFF40081F80390039B0193019B002B05D00C4AFD
:10D004004FF452710198F7F795FBFFF70BF9039072
:10D01400039B0093009B002B05D0054A4FF45371EA
:10D024000098F7F787FB00BF05B05DF804FB00BF6D
:10D03400B0B6030000B5C1B003468DF80F309DF8BB
:10D044000F30082B00F2108101A252F823F000BF28
:10D054007DD1020079D002006DD20200ADD0020071
:10D06400E1D0020015D1020049D1020083D10200AF
:10D074000DD20200864B1B881B0443F00303854931
:10D084001846F6F7B9FD0520FEF7CCFE3F903F9B0E
:10D094003493349B002B00F0E9807F4A40F25F31E7
:10D0A4003498F7F747FBE1E0794B1B881B0443F006
:10D0B40003037A491846F6F79FFD0220FEF7B2FEF5
:10D0C4003F903F9B3593359B002B00F0D180724AF3
:10D0D40040F265313598F7F72DFBC9E06C4B1B889E
:10D0E4001B0443F003036E491846F6F785FD04203C
:10D0F400FEF798FE3F903F9B3693369B002B00F043
:10D10400B980654A40F26B313698F7F713FBB1E00A
:10D114005F4B1B881B0443F0030362491846F6F770
:10D124006BFD0320FEF77EFE3F903F9B3793379BBA
:10D13400002B00F0A180584A40F271313798F7F77C
:10D14400F9FA99E0524B1B881B0443F00303564938
:10D154001846F6F751FD0320FEF764FE3F903F9B0F
:10D164003893389B002B00F089804B4A40F277318A
:10D174003898F7F7DFFA81E0FFF728FF83E0082308
:10D18400339308233293494B08221A60474948488D
:10D19400FFF7E2F8454B1B681946454809F028FAA1
:10D1A4003F903F9B3B933B9B002B05D03A4A40F278
:10D1B4008B313B98F7F7BEFA32AB12AA33A904A815
:10D1C40009F02EFA3F903F9B3A933A9B002B05D0EF
:10D1D400314A40F28E313A98F7F7ACFA339A329BDF
:10D1E40012A804A900930346324801F085FE3F903B
:10D1F4003F9B3993399B002B42D0274A40F29A3106
:10D204003998F7F797FA3BE02B4B1B884FF6FF72E0
:10D21400934237D0284B1B8812AA1146184609F0AE
:10D2240065FB3F903F9B052B2CD03F9B3E933E9B41
:10D23400002B05D0184A40F2A7313E98F7F77AFA46
:10D2440012AB11333D933D991A4801F037FE3F90DC
:10D254003F9B3C933C9B002B14D00F4A40F2AB31D4
:10D264003C98F7F767FA0DE000BF0CE000BF0AE056
:10D2740000BF08E000BF06E000BF04E000BF02E01A
:10D2840000BF00E000BF00BF41B05DF804FB00BF79
:10D29400E0200020BCB70300B0B60300D4B70300FD
:10D2A400E8B70300FCB7030020B80300102E0020E9
:10D2B400002E0020242D0020FC2D002000B58DB070
:10D2C4000190009100230B93019B1B88562B00F0C7
:10D2D400AC80562B00F3BC803B2B00F093803B2B9F
:10D2E40000F3B680212B73D0212B00F3B180102BD7
:10D2F40002D0112B53D0ABE05C4B1B881B0443F0D2
:10D3040003035B491846F6F777FC0720FEF78AFD0E
:10D314000B900B9B0793079B002B05D0554A4FF4AA
:10D3240071710798F7F706FA019B9A88524B1A8095
:10D33400514B1B881946514806F065FB0B900B9B1B
:10D344000693069B002B05D04A4A40F2C731069843
:10D35400F7F7F0F9484B1B881946494807F075FB65
:10D364000B900B9B0593059B002B05D0414A40F283
:10D37400C9310598F7F7DEF93F4B1B881946414838
:10D3840006F061FF0B900B9B0493049B002B61D070
:10D39400384A40F2CB310498F7F7CCF95AE0334BD2
:10D3A4001B881B0443F0030337491846F6F724FC93
:10D3B400314B4FF6FF721A80FEF79CFF0346002B99
:10D3C40002D0FFF75BFB4CE00020FFF721F848E0B8
:10D3D40000238DF80C3000238DF80D30019B9B88C1
:10D3E40003AA11461846FEF719FF0B900B9B0893EE
:10D3F400089B002B30D01F4A40F2E6310898F7F71B
:10D4040099F929E0019B9B8813211846FEF7F6FE43
:10D414000B900B9B0993099B002B1FD0154A40F2DC
:10D42400EF310998F7F786F918E0019B9B881321DF
:10D434001846FEF7E3FE0B900B9B0A930A9B002B06
:10D444000ED00C4A40F2F7310A98F7F773F907E067
:10D4540000BF06E000BF04E000BF02E000BF00E040
:10D4640000BF00BF0DB05DF804FB00BFE02000204A
:10D4740044B80300B0B60300C4210020E02C00200F
:10D48400342E0020242C002050B8030000B587B0AF
:10D494000CF0B4FA0590059B0493049B002B05D073
:10D4A400164A40F20A410498F7F744F9002301931D
:10D4B40001AB194601200CF09BFB0590059B0393DF
:10D4C400039B002B05D00D4A4FF482610398F7F7B4
:10D4D40031F901AB18460CF073FC0590059B0293DF
:10D4E400029B002B05D0054A40F214410298F7F73D
:10D4F40021F900BF07B05DF804FB00BFB0B603001C
:10D5040000B587B003468DF807309DF80730043B1B
:10D514000D2B00F2818001A252F823F05FD50200A6
:10D524001DD602001DD602008BD502001DD60200B6
:10D534001DD6020059D502001DD602001DD60200D8
:10D544001DD602001DD602001DD60200BDD5020064
:10D55400EDD50200FFF73AFD67E0364B1B88132137
:10D564001846FEF74BFE0590059B082B56D0059BED
:10D574000393039B002B51D02F4A40F22C41039874
:10D58400F7F7D8F84AE02B4B1B884FF6FF7293420B
:10D5940046D12A4801F0D6FC0590059B082B3FD0C4
:10D5A400059B0493049B002B3AD0234A40F2364156
:10D5B4000498F7F7BFF833E0214B1B881B0443F0B2
:10D5C400030320491846F6F717FB1F4B1B880A3341
:10D5D4009AB21D4B1A801C4B1B88B3F5487F21D986
:10D5E400194B05221A801DE0154B1B881B0443F0C0
:10D5F400030316491846F6F7FFFA134B1B88053B3D
:10D604009AB2114B1A80104B1B88042B0CD80E4B6A
:10D614004FF448721A8007E000BF06E000BF04E040
:10D6240000BF02E000BF00E000BF00BF07B05DF82C
:10D6340004FB00BFC4210020B0B60300242D002049
:10D64400E020002060B80300C62100207CB803005D
:10D6540010B58EB00390039B1B780F2B00F2DD8076
:10D6640001A252F823F000BFADD602001FD8020079
:10D67400E9D6020019D7020051D702001FD80200D0
:10D6840067D7020005D802001FD80200B7D70200EE
:10D6940091D70200D1D70200A9D70200EBD702002C
:10D6A4001FD80200B1D70200664B1B881B0443F04D
:10D6B400030365491846F6F79FFA644B00224FF4BA
:10D6C40000311846F7F7F2FE0990099B0693069B72
:10D6D400002B00F0A4805E4A40F261410698F7F7FF
:10D6E40029F89CE0574B1B881B0443F00304039B5D
:10D6F4005B88184602F066F803461A46039B5B886B
:10D704001946039B1B7A00930B4652492046F6F7B1
:10D71400A6FA93E04B4B1B881B0443F003034E49CA
:10D724001846F6F769FA4D4B1B8813211846FEF785
:10D7340065FD0990099B0793079B002B71D0444A10
:10D744004FF48E610798F6F7F5FF6AE000238DF831
:10D754001430039B5B8805AA1146184608F026FF7F
:10D764006CE0F9F729FE0990099B0E2B5BD0099B0D
:10D77400082B58D0099B0893089B002B53D0344A9C
:10D7840040F284410898F6F7D5FF4CE0FEF7B2FD6D
:10D79400034683F00103DBB2002B46D00020FEF7E2
:10D7A40037FE42E00020FEF733FE47E008F012FFA8
:10D7B40044E0039B1B690B930B9B002B37D0244A3B
:10D7C40040F29E410B98F6F7B5FF30E0039B9B684F
:10D7D4000C930C9B002B2CD01D4A40F2A4410C98B6
:10D7E400F6F7A8FF25E0039B9B680D930D9B002B88
:10D7F40021D0174A40F2AA410D98F6F79BFF1AE090
:10D80400039B9B680A930A9B002B16D0104A4FF483
:10D8140096610A98F6F78EFF0FE000BF0EE000BF96
:10D824000CE000BF0AE000BF08E000BF06E000BF54
:10D8340004E000BF02E000BF00E000BF00BF0EB084
:10D8440010BD00BFE020002098B80300EC2B00209E
:10D85400B0B60300C4B8030004B90300C421002017
:10D8640000B587B008F0E6FD0590059B0493049B82
:10D87400002B05D0384A40F2C6410498F6F75AFF07
:10D884006B460522002118460CF08CFC9DF80030F4
:10D8940043F001038DF800309DF8003023F00203BB
:10D8A4008DF800309DF8003023F004038DF800302B
:10D8B4009DF8003023F008038DF800309DF8003007
:10D8C400032262F306138DF800309DF8003023F034
:10D8D40080038DF8003007238DF8013010238DF874
:10D8E40002309DF8033043F001038DF803309DF8B6
:10D8F400033043F002038DF803309DF8043043F005
:10D9040001038DF804309DF8043043F002038DF8D0
:10D9140004306B46184608F00FFE0590059B0393F0
:10D92400039B002B05D00C4A40F2D9410398F6F72B
:10D9340001FF0A4808F0D8FD0590059B0293029B5D
:10D94400002B05D0044A40F2DC410298F6F7F2FEBF
:10D9540000BF07B05DF804FBB0B6030055D6020063
:10D9640000B5ADB001ABA022002118460CF01AFCA2
:10D9740006238DF8AF3002238DF8043001238DF88F
:10D9840006309DF8AF308DF807300123ADF8143020
:10D994001E4B069301238DF87C3001238DF87D30D6
:10D9A40001238DF87E3000238DF87F3000232193EE
:10D9B4000023229301238DF88030282323931E23F0
:10D9C400249301238DF881304FF448632593B423C5
:10D9D40026930F4B27930F4B289301AB19460E4800
:10D9E40001F025F82A902A9B2993299B002B05D026
:10D9F4000A4A40F202512998F6F79CFE0121064892
:10DA040001F008F800BF2DB05DF804FBC821002028
:10DA140039D002007DC20200242D0020B0B60300DC
:10DA240000B587B0019017490320FEF715FA059059
:10DA3400059B0493049B002B05D0134A40F212511A
:10DA44000498F6F777FE0DF10B0319460020FEF754
:10DA5400B5FB0590059B0393039B002B05D00A4A55
:10DA640040F215510398F6F765FE9DF80B30022B32
:10DA74000CBF01230023DAB2019B1A7000BF07B068
:10DA84005DF804FB05D50200B0B6030000B583B011
:10DA94000020F5F743FE0190019B0093009B002BAF
:10DAA40005D0064A4FF4A4610098F6F743FEF5F753
:10DAB40093FD00BF03B05DF804FB00BFB0B60300E4
:10DAC40000B583B0FEF7B2FB0190019B0093009B6D
:10DAD400002B05D0044A40F22B510098F6F72AFE99
:10DAE40000BF03B05DF804FBB0B6030000B583B01B
:10DAF400FFF7CCFFFEF7BAFD0DF107031846FFF759
:10DB04008FFFFFF7C3FCFEF707FEFEF763FEFFF788
:10DB140027FFFFF77FF8FFF7B9F9FFF71FFAFFF7C1
:10DB24009FFE0D4B1B881B0443F003030B4918464F
:10DB3400F6F762F8FFF7C2F99DF807301846FEF7CA
:10DB440067FCF6F7C9F8034683F00103DBB2002B48
:10DB5400F7D0FFF7B5FFF4E7E020002030B9030069
:10DB64006DDF704700BF184672DF704700BF18466C
:10DB740079DF704700BF18467DDF704700BF184645
:10DB840064DF704700BF184682B003460091ADF8C9
:10DB94000630BDF80630DAB2009B1A70BDF80630C4
:10DBA4001B0A9AB2009B0133D2B21A7002231846A0
:10DBB40002B0704700B589B0039002911346ADF8E6
:10DBC4000630029B1B8803F10902BDF806309A4215
:10DBD40001D90C2351E005AB1846FFF7C1FF0790AC
:10DBE400079B002B01D0079B47E0029B1B881A462A
:10DBF400039B134408221A70029B1B8801339AB2B8
:10DC0400029B1A80029B1B881A46039B13441B2207
:10DC14001A70029B1B8801339AB2029B1A80029BE2
:10DC24001B881A46039B981805AB01330622194634
:10DC34000CF086FA029B1B8806339AB2029B1A8068
:10DC44009DF8143023F00103DBB2002B07D1029BB3
:10DC54001B881A46039B134400221A7006E0029B99
:10DC64001B881A46039B134401221A70029B1B88CB
:10DC740001339AB2029B1A800023184609B05DF85A
:10DC840004FB00B589B0039002910192ADF8023013
:10DC9400039B1B78012B05D1039B5B78002B01D1DF
:10DCA400072388E0019B1B889A1CBDF802309A4226
:10DCB4000ED8039B1B78012B0CD1019B1B881A46A1
:10DCC400039B5B7813449A1CBDF802309A4201D935
:10DCD4000C2370E0019B1B88BDF80220D31A9BB271
:10DCE400023BADF81C30BDF81C30ADF81630019B7A
:10DCF4001B880233029A13440DF11602114618468A
:10DD0400FFF73AFF0690069B002B01D0069B52E0DA
:10DD1400039B1B78022B09D1BDF81630BDF81C20DB
:10DD24009A4203D309238DF81F3016E008238DF897
:10DD34001F30039B1B78012B0BD1039B5B781A4686
:10DD4400BDF81C30934204D3039B5B78ADF81630C6
:10DD540003E0BDF81C30ADF81630BDF81630FE2BCC
:10DD640001D90C2327E0BDF81630DAB2019B1B88D9
:10DD74001946029B0B440132D2B21A70019B1B88D4
:10DD840001339AB2019B1A80019B1B881A46029B9D
:10DD940013449DF81F201A70019B1B8801339AB20B
:10DDA400019B1A80019B1A88BDF8163013449AB25D
:10DDB400019B1A800023184609B05DF804FB00B5E6
:10DDC40087B0039002911346ADF80630029B1B887E
:10DDD4001A1DBDF806309A4201D90C2338E00DF122
:10DDE40012031846FFF7C4FE0590059B002B01D0D3
:10DDF400059B2DE0029B1B881A46039B13440322B8
:10DE04001A70029B1B8801339AB2029B1A80029BF0
:10DE14001B881A46039B134419221A70029B1B8801
:10DE240001339AB2029B1A80BDF81220029B1B8810
:10DE34001946039B0B4419461046FFF7A5FE0346FB
:10DE44001A46029B1B8813449AB2029B1A80002331
:10DE5400184607B05DF804FB84B0029101921A469B
:10DE640003468DF80F301346ADF80C30019B1B8828
:10DE7400DA1CBDF80C309A4201D90C2328E0019B2E
:10DE84001B881A46029B134402221A70019B1B88AA
:10DE940001339AB2019B1A80019B1B881A46029B8C
:10DEA400134401221A70019B1B8801339AB2019B0F
:10DEB4001A80019B1B881A46029B13449DF80F206D
:10DEC4001A70019B1B8801339AB2019B1A800023AC
:10DED400184604B0704784B0029101921A46034672
:10DEE4008DF80F301346ADF80C30019B1B88DA1CFB
:10DEF400BDF80C309A4201D90C2328E0019B1B8801
:10DF04001A46029B134402221A70019B1B88013398
:10DF14009AB2019B1A80019B1B881A46029B1344E8
:10DF24000A221A70019B1B8801339AB2019B1A8042
:10DF3400019B1B881A46029B13449DF80F201A70FC
:10DF4400019B1B8801339AB2019B1A800023184657
:10DF540004B0704700B58BB0039001930B468DF865
:10DF64000B3013468DF80A3000238DF823300C9BB8
:10DF74001B88ADF82030002309936CE0039B5A689A
:10DF8400099B9B001A4404AB106818600DF116013C
:10DF940004AB00221846FFF7F3FD0690069B002B06
:10DFA40001D0069B79E09DF816309DF80A209A422C
:10DFB4004ED19DF82330002B01D0002300E0022332
:10DFC4008DF817300C9B1B881A469DF816301A449E
:10DFD4009DF817301A44BDF834309A4201DD0C2301
:10DFE4005BE09DF8233083F00103DBB2002B16D0F5
:10DFF4000C9B1B8801339AB20C9B1A800C9B1B88C8
:10E004001A46019B13449DF80B201A700C9B1B8825
:10E0140001339AB20C9B1A8001238DF823300C9B98
:10E024001B881A46019B1A440DF1160104AB1846CD
:10E03400FFF7A6FD0690069B002B01D0069B2CE063
:10E044000C9B1B889DF8162013449AB20C9B1A80D3
:10E05400099B01330993039B1B881A46099B93422E
:10E064008CDB9DF82330002B16D00C9B1A88BDF84E
:10E074002030D31A9BB2013BADF81E30BDF81E30E0
:10E08400FF2B01D90C2308E0BDF82030019A13447A
:10E09400BDF81E20D2B21A70002318460BB05DF8EA
:10E0A40004FB00B589B0059003930B468DF813303B
:10E0B40013468DF812309DF81310BDF82C300193DF
:10E0C4000A9B0093039B02220598FFF743FF0790E6
:10E0D400079B002B01D0079B12E09DF81210BDF89E
:10E0E4002C3001930A9B0093039B10220598FFF7A1
:10E0F40031FF0790079B002B01D0079B00E0002312
:10E10400184609B05DF804FB82B00190019B1B889E
:10E11400052B0AD9019B1B88B3F5486F07D9019BCE
:10E124001B884FF6FF72934201D0072325E0019B21
:10E134005B88052B0AD9019B5B88B3F5486F07D927
:10E14400019B5B884FF6FF72934201D0072314E0D2
:10E15400019B1B884FF6FF7293420DD0019B5B8895
:10E164004FF6FF72934207D0019B1A88019B5B888C
:10E174009A4201D9072300E00023184602B07047F1
:10E1840000B587B0039002910192ADF80230019B73
:10E194001B889A1DBDF802309A4201D90C2349E02C
:10E1A4000398FFF7B1FF0590059B002B01D0059B59
:10E1B40040E0019B1B881A46029B134405221A70F7
:10E1C400019B1B8801339AB2019B1A80019B1B8817
:10E1D4001A46029B134412221A70019B1B880133B6
:10E1E4009AB2019B1A80039B1A88019B1B881946CB
:10E1F400029B0B4419461046FFF7C6FC03461A4619
:10E20400019B1B8813449AB2019B1A80039B5A8872
:10E21400019B1B881946029B0B4419461046FFF7C5
:10E22400B3FC03461A46019B1B8813449AB2019B14
:10E234001A800023184607B05DF804FB00B587B0C8
:10E24400039002910192ADF80230039B9B88023344
:10E254000593019B1B881A46059B13449A1CBDF821
:10E2640002309A4201D90C2353E0059BFE2B01D9BD
:10E274000C234EE0059BDAB2019B1B881946029BD6
:10E284000B440132D2B21A70019B1B8801339AB23B
:10E29400019B1A80019B1B881A46029B1344FF2290
:10E2A4001A70019B1B8801339AB2019B1A80039B4D
:10E2B4001A88019B1B881946029B0B441946104679
:10E2C400FFF762FC03461A46019B1B8813449AB26B
:10E2D400019B1A80039B9B88002B19D0039B9B688E
:10E2E400002B01D1072314E0019B1B881A46029BD3
:10E2F4009818039B9968039B9B881A460BF020FF90
:10E30400019B1A88039B9B8813449AB2019B1A8031
:10E314000023184607B05DF804FB00B589B00390EC
:10E3240002910192ADF80230039B9B6A002B01D14C
:10E33400072371E000238DF81F3065E0039B996A81
:10E344009DF81F2013465B0013449B000B44069367
:10E35400069B9B8802330593059BFE2B01D90C2356
:10E364005AE0059BDAB2019B1B881946029B0B44B9
:10E374000132D2B21A70019B1B8801339AB2019BFD
:10E384001A80019B1B881A46029B134416221A709A
:10E39400019B1B8801339AB2019B1A80069B1A8841
:10E3A400019B1B881946029B0B4419461046FFF734
:10E3B400EBFB03461A46019B1B8813449AB2019B4C
:10E3C4001A80069B9B88002B19D0069B9B68002B08
:10E3D40001D1072320E0019B1B881A46029B981851
:10E3E400069B9968069B9B881A460BF0A9FE019B25
:10E3F4001A88069B9B8813449AB2019B1A809DF845
:10E404001F3001338DF81F30039B93F82C309DF897
:10E414001F209A4292D30023184609B05DF804FBEA
:10E4240000B589B005900491039200230793039BE0
:10E434001B88ADF81A30039B00221A80059B93F8C1
:10E444002D30002B0CD0BDF81A301A4603990498CD
:10E45400FFF7B0FB0790079B002B01D0079BC4E09C
:10E46400059B9B78002B0CD0BDF81A301A460399F3
:10E474000498FFF7A4FC0790079B002B01D0079B8F
:10E48400B3E0059BDB78002B0ED0059BDB7858B2FC
:10E49400BDF81A30039A0499FFF7DEFC0790079B36
:10E4A400002B01D0079BA0E0059B5B68002B0FD0DD
:10E4B400059B5B6893F90000BDF81A30039A049930
:10E4C400FFF709FD0790079B002B01D0079B8CE009
:10E4D400059B1B89002B12D0059B03F10800BDF896
:10E4E4001A300193039B0093049B06220221FFF739
:10E4F400D8FD0790079B002B01D0079B75E0059B77
:10E504001B8A002B12D0059B03F11000BDF81A30B2
:10E514000193039B0093049B07220321FFF7C1FD92
:10E524000790079B002B01D0079B5EE0059B1B8B8C
:10E53400002B12D0059B03F11800BDF81A3001938B
:10E54400039B0093049B15221421FFF7AAFD079057
:10E55400079B002B01D0079B47E0059B1B6A002B00
:10E564000DD0059B186ABDF81A30039A0499FFF779
:10E5740007FE0790079B002B01D0079B35E0059B06
:10E584005B6A002B0DD0059B586ABDF81A30039ABC
:10E594000499FFF753FE0790079B002B01D0079BBC
:10E5A40023E0059B93F82C30002B0CD0BDF81A30D7
:10E5B400039A04990598FFF7B0FE0790079B002B78
:10E5C40001D0079B11E0059B1B78002B0CD0BDF8F4
:10E5D4001A30039A04990598FFF753FB0790079B99
:10E5E400002B01D0079B00E0079B184609B05DF89B
:10E5F40004FB82B00190019BDB7803F00403002B41
:10E6040001D1072300E00023184602B0704782B00E
:10E614000190019BDB78002B01D0072300E000234D
:10E62400184602B0704700B597B0019000911F23BF
:10E63400ADF84A301F23ADF84830019B002B18D0A9
:10E644000198FFF7D6FF1390139B002B01D0139B67
:10E654003FE00DF14A020AAB19460198FFF7E0FECC
:10E664001390139B002B01D0139B32E00AAB15933C
:10E6740004E0002315930023ADF84A30009B002BDF
:10E6840017D00098FFF7C3FF1390139B002B01D002
:10E69400139B1EE012AA02AB19460098FFF7C0FEB6
:10E6A4001390139B002B01D0139B12E002AB149325
:10E6B40004E0002314930023ADF84830BDF84A3039
:10E6C400D9B2BDF84830DBB2149A1598FFF74CFA6A
:10E6D4000346184617B05DF804FB73DF704700BFAC
:10E6E400184674DF704700BF184682B00190019B42
:10E6F40093F8D630184602B0704784B001900023D6
:10E7040003930AE0019A039B13441B78002B01D066
:10E71400012306E0039B01330393039B052BF1D9EB
:10E724000023184604B0704782B003468DF80730C2
:10E734009DF807305A1C074B83FB02135910D3175B
:10E74400C91A0B469B000B44D11ACBB2184602B02F
:10E75400704700BF6766666682B001900091009BB7
:10E76400DB7B012B04D1009B9A88019BA3F8C82072
:10E7740000BF02B0704700B585B001900091019BC5
:10E78400002283F8D420009B9A88019BB3F8C830F8
:10E794009A4218D1019B1B7983F00103DBB2002B51
:10E7A40011D00121019800F051FA0390039B002B32
:10E7B40009D0019BD3F8D030002B04D0019BD3F8AF
:10E7C400D0300398984700BF05B05DF804FB00B54E
:10E7D40085B001900091009B1B7A002B18D1019BFE
:10E7E400DB781846FFF7A0FF03461946019800F0AE
:10E7F4002DFA0390039B002B0BD0019BD3F8D03050
:10E80400002B06D0019BD3F8D0300398984700E042
:10E8140000BF05B05DF804FB08B50020F9F7FCFC67
:10E824000346184608BD000000B585B001900B46AC
:10E834008DF80330019B26331846FFF75EFF03462D
:10E844008DF80F309DF80330013B032B2AD801A229
:10E8540052F823F069E802007DE8020091E8020022
:10E864009DE80200019B9B79002B05D09DF80F3099
:10E87400002B01D0012316E0019BDB79002B05D08E
:10E884009DF80F30002B01D002230CE0019B1B7A72
:10E89400002B01D0032306E0019B5B7A002B01D0FF
:10E8A400042300E00023184605B05DF804FB00BF14
:10E8B40082B001900091019B01229A70019B03F1A7
:10E8C4002502009B5A60009B01221A70009B0022C3
:10E8D4009A81009B00225A810023184602B0704797
:10E8E40082B001900091019B02229A70019B03F176
:10E8F4002502009B5A60009B01221A70019B1B6930
:10E904009AB2009B9A81019BDB689AB2009B5A8160
:10E914000023184602B0704700B585B001900091FD
:10E92400019B5B699AB2009B5A81019B9B699AB2D5
:10E93400009B9A81019B5B79002B24D0019B93F867
:10E94400D43083F00103DBB2002B1CD00198FFF715
:10E95400CCFE0346002B16D0009B02221A72019BA8
:10E96400042283F83320019B303300211846FFF73B
:10E974005AFE0390039B002B01D0039B07E0019BED
:10E9840005229A7002E0019B03229A700023184624
:10E9940005B05DF804FB00B585B001900091019BC2
:10E9A400DB699AB2009B5A81019B1B6A9AB2009B55
:10E9B4009A81019B5B79002B24D0019B93F8D4307E
:10E9C40083F00103DBB2002B1CD00198FFF78DFE0E
:10E9D4000346002B16D0009B02221A72019B0422CC
:10E9E40083F83320019B303300211846FFF71BFEC8
:10E9F4000390039B002B01D0039B07E0019B06229D
:10EA04009A7002E0019B04229A700023184605B014
:10EA14005DF804FB82B001900B468DF80330019B36
:10EA24009DF8032083F8242000BF02B0704730B55E
:10EA340087B001900091009B002B02D0019B002B1A
:10EA440001D10E23FFE0019B01221A70019B0022D9
:10EA5400DA70019A009B141D03F178050FCD0FC4E1
:10EA640095E80F0084E80F00019B002283F824201E
:10EA7400009BD3F89820019BC3F8CC20009BD3F8CB
:10EA84009C20019BC3F8D020019B4FF6FF72A3F892
:10EA9400C820019B25330722002118460BF082FB76
:10EAA400019B30333C22002118460BF07BFB009B7A
:10EAB4001A78019B83F83020009B9A78019B83F895
:10EAC4003220009BDA78019B83F83320009B5A782C
:10EAD400019B83F83120019B009A4033103292E865
:10EAE400030083E80300019B009A3833083292E85C
:10EAF400030083E80300019B009A4833183292E82C
:10EB0400030083E80300009B93F82D20019B83F806
:10EB14005D20009B5B6A002B2ED0019B03F16C02ED
:10EB2400019B5A65019B03F17802019B5A67009B84
:10EB34005A6A019B5B6D12881A80009B5A6A019B7A
:10EB44005B6D92889A80002305930EE0009B5B6ABC
:10EB54009A68059B13441978019A059B13447833EA
:10EB64000A461A70059B01330593019B5B6D9B88D4
:10EB74001A46059B9342E9D3009B9B6A002B3AD02B
:10EB8400019B03F1A402019BC3F8A020019B03F1A4
:10EB94009802019B9A65019B9B6D019AA4329A602D
:10EBA400009B9A6A019B9B6D92889A80009B9A6A4B
:10EBB400019B9B6D12881A80002304930EE0009B36
:10EBC4009B6A9A68049B13441978019A049B134422
:10EBD400A4330A461A70049B01330493019B9B6D72
:10EBE4009B881A46049B9342E9D3009B93F82C20FC
:10EBF400019B83F85C20009B1B6A002B10D0019BB7
:10EC040003F1C402019B1A65009B1A6A019B1B6DE8
:10EC140052885A80009B1A6A019B1B6D12881A80C5
:10EC2400009B5B68002B03D0009B5A68019B5A63CE
:10EC3400019B03F13002009B3C3319461046FFF759
:10EC4400F2FC0390039B184607B030BD00B589B0B1
:10EC540001900B468DF80330019B1B7883F0010370
:10EC6400DBB2002B01D00823D2E0019B9DF80320E6
:10EC7400DA70FFF7D1FD0346002B04D0019B01227B
:10EC84005A700023C4E0019B253307220021184653
:10EC94000BF088FA019B9B79002B03D0019BDB7856
:10ECA400012B0FD0019BDB79002B03D0019BDB7878
:10ECB400012B07D0019BDB79002B16D0019BDB785D
:10ECC400022B12D1019BD3F8CC30002B09D0019B2D
:10ECD400012283F82C20019BD3F8CC3008209847DC
:10ECE40003E0019B002283F82C209DF80330194691
:10ECF4000198FFF799FD03461A46019BDA70019BC0
:10ED0400D3F8CC30002B21D0019BDB78032B03D02C
:10ED1400019BDB78042B19D1019B5B79002B15D067
:10ED2400019B93F8D43083F00103DBB2002B0DD0A8
:10ED3400019B002283F8D620019B012283F8D52071
:10ED4400019BD3F8CC300720984703E0019B0022B5
:10ED540083F8D52003AB1022002118460BF022FAC9
:10ED640000238DF80C3000238DF81430019BDB78E0
:10ED7400042B2DD801A252F823F000BFCDED0200E0
:10ED840095ED0200A3ED0200B1ED0200BFED02001B
:10ED940003AB19460198FFF78BFD079019E003AB0D
:10EDA40019460198FFF79CFD079012E003AB194642
:10EDB4000198FFF7B1FD07900BE003AB19460198EA
:10EDC400FFF7E9FD079004E0019B00229A7000E040
:10EDD40000BF019BDB78002B0DD0019B93F824200E
:10EDE40003AB11461846FFF778FC0790079B002BEE
:10EDF40001D0079B0CE0019BD3F8CC30002B06D04C
:10EE0400019BD3F8CC30019A92781046984700239E
:10EE1400184609B05DF804FB00B585B00190009177
:10EE2400009B0393019B1B881B2B10D01B2B13DC13
:10EE3400102B02D0112B05D00EE001990398FFF797
:10EE44008BFC0AE001990398FFF795FC05E0019912
:10EE54000398FFF7BCFC00E000BF00BF05B05DF8FD
:10EE640004FB00B585B001900091009B0393019BC6
:10EE7400023B012B1BD8039B5B78002B19D0039B0F
:10EE840000225A70039BDB7819460398FFF7DEFED5
:10EE94000290029B002B0CD0039BD3F8D030002BA4
:10EEA40007D0039BD3F8D0300298984701E000BF05
:10EEB40000E000BF00BF05B05DF804FB00B583B0FF
:10EEC40001900091019B93F82C3083F00103DBB295
:10EED400002B01D008230BE0019B002283F82C2097
:10EEE400019B25330722009918460BF029F90023CA
:10EEF400184603B05DF804FB84B0039002910192BC
:10EF04000093039B93F8D53083F00103DBB2002B0D
:10EF140001D0082313E0039B002283F8D520019B32
:10EF2400002B02D1049B002B01D0012300E000231D
:10EF340003F00103DAB2039B83F8D62000231846BA
:10EF440004B0704700B585B00190FFF7CAFB019B80
:10EF5400012283F8D420019B002283F8D620019B50
:10EF6400062283F83320019B303300211846FFF733
:10EF74005AFB0390039B002B01D0039B14E0019BDD
:10EF8400DB7819460198FFF761FE0390039B002B81
:10EF940009D0019BD3F8D030002B04D0019BD3F8C7
:10EFA400D030039898470023184605B05DF804FB59
:10EFB40075DF704700BF184676DF704700BF1846FC
:10EFC4007ADF704700BF18467BDF704700BF1846E2
:10EFD40084B00346ADF806300023039316E00F49CE
:10EFE400039A13469B0013449B000B441B88BDF8F3
:10EFF40006209A4207D1039A13469B0013449B00B0
:10F00400064A134406E0039B01330393039B002B3E
:10F01400E5D00023184604B0704700BF98300020A4
:10F0240082B001900B46ADF80230019BBDF802207E
:10F034001A80019B00221A72019B054903F10A02FE
:10F044000B4603CB1060516000BF02B0704700BF95
:10F05400C830002082B00190019B4FF6FF721A80E5
:10F0640000BF02B0704788B00390029111461A465F
:10F074000B46ADF806301346ADF80430039B9B886D
:10F084001A46BDF8063013440793039B9B88194620
:10F09400039B9B88BDF80620934228BF13469BB26E
:10F0A400CB1A0693039BDB881A46BDF8043013443D
:10F0B4000593039BDB881946039BDB88BDF804207A
:10F0C400934228BF13469BB2CB1A0493029B5A88DF
:10F0D400039B1B889A4205D3029B5A88039B5B8837
:10F0E4009A4201D900231CE0029B9B881A46069B86
:10F0F400934205D8029B9B881A46079B934201D2F0
:10F1040000230EE0029BDB881A46049B934205D839
:10F11400029BDB881A46059B934201D2002300E040
:10F124000123184608B0704700B583B00190064B20
:10F134009B69002B03D0044B9B690198984700BF3F
:10F1440003B05DF804FB00BFAC30002000B585B00F
:10F1540003460091ADF80630BDF806300099184614
:10F16400FFF726FF0390039B002B05D0039B112B75
:10F1740002D00398FFF7D8FF039B002B0CBF012399
:10F184000023DBB2184605B05DF804FB00B589B076
:10F194000190019B0793079B9BB21846FFF718FF4A
:10F1A4000690069B002B42D0069B1A7A224B1B7BAF
:10F1B4009A4215D2079B9AB2069B0A331946104607
:10F1C400FFF7C4FF03468DF813309DF81330002B6E
:10F1D4002DD0069B1B7A0133DAB2069B1A7226E005
:10F1E400069B00221A72144B1B7C002B0FD0079B2A
:10F1F4009BB23B211846FFF7DFFE0590059B002BD1
:10F2040005D0059B082B02D00598FFF78DFF0A4B0C
:10F214005B69002B0BD000238DF80C30079B9BB24D
:10F22400ADF80E30044B5B6903AA1046984700BF43
:10F2340009B05DF804FB00BFAC30002030B587B0E6
:10F244000190019B002B01D10E2353E02B4A019B1B
:10F2540014461D460FCD0FC495E8070084E8070047
:10F26400264B274A1A60019B1B68002B11D0019B77
:10F274001B681846FFF7A4FE0490049B002B01D0E2
:10F28400049B37E0019B1A681D4B1068516803C347
:10F2940008E01B48FFF798FE0490049B002B01D064
:10F2A400049B27E00023059320E0059A13469B0066
:10F2B40013449B00134A134403930398FFF7CAFEB5
:10F2C400059B5B01104A1A44039B5A60039B043359
:10F2D4000E4A00211846F6F7B9F80490049B002B57
:10F2E40001D0032306E0059B01330593059B002B06
:10F2F400DBD00023184607B030BD00BFAC3000207F
:10F30400C8300020983000207830002091F10200AD
:10F3140000B587B003460091ADF80630009B5B7AD8
:10F32400002B1AD1009B1B7A002B03D1164B5B6870
:10F33400059302E0144B9B680593009B5B68BDF842
:10F34400062005991846F6F7B1F80490049B002BA3
:10F3540016D00498FFF7E8FE12E0009B00221A7210
:10F36400094B5B69002B0BD001238DF80C30BDF8E1
:10F374000630ADF80E30044B5B6903AA104698477B
:10F3840000BF07B05DF804FBAC30002000B585B0C9
:10F394000190019BDB7B8DF80F30019B9B88ADF8BE
:10F3A4000C309DF80F30012B2CD14FF6FF70FFF776
:10F3B4000FFE0290029B002B03D10420FFF7B4FE42
:10F3C40021E0BDF80C3019460298FFF729FE029B94
:10F3D40003F10A00019B03F110014FF6FF7340F2A1
:10F3E400F312FFF740FE03461A46029B5A72074B7C
:10F3F400DB89002B07D1BDF80C3002991846FFF7C2
:10F4040087FF00E000BF05B05DF804FBAC300020CE
:10F4140000B587B00190019B9B88ADF81630BDF80C
:10F4240016301846FFF7D4FD0490049B002B0ED031
:10F43400049B5B681846F6F76BF80390039B002B5C
:10F4440002D00398FFF770FE0498FFF703FE00BF95
:10F4540007B05DF804FB000000B587B00190019B84
:10F4640006330593059B1A88194BDB899A422BD1E5
:10F47400059B5B89022B27D1019B9B88ADF8123039
:10F48400BDF812301846FFF7A3FD0390039B002B31
:10F494001AD0059B0C33184600F059FB0346002B89
:10F4A40006D0BDF8123003991846FFF731FF0BE080
:10F4B400039B5B681846F6F72BF80290029B002B1F
:10F4C40002D00298FFF730FE00BF07B05DF804FBDE
:10F4D400AC30002000B585B00190019B9B88ADF84D
:10F4E4000E30BDF80E301846FFF772FD0290029BF5
:10F4F400002B15D0029B03F10A00019B03F10801C4
:10F504004FF6FF7340F2F312FFF7ADFD03461A46C0
:10F51400029B5A72BDF80E3002991846FFF7F8FEA6
:10F5240000BF05B05DF804FB00B583B00190009105
:10F53400019B1B88502B12D0502B18DC122B12D09D
:10F54400122B14DC102B02D0112B04D00FE00198E5
:10F55400FFF71CFF0CE00198FFF75AFF08E0019841
:10F56400FFF77AFF04E00198FFF7B4FF00E000BF63
:10F5740000BF03B05DF804FB00B585B00346ADF8E9
:10F584000630164B5B6CDB431846F9F73BFC03462D
:10F59400ADF80E30BDF80E304FF6FF72934217D01F
:10F5A400BDF80E300D4A5B001344BDF806209A8066
:10F5B400BDF8062001230A490A48F9F745FCBDF8BD
:10F5C4000620012308490748F9F73EFC012300E01F
:10F5D4000023184605B05DF804FB00BFD0300020BE
:10F5E40018310020D43000201431002000B585B03B
:10F5F4000346ADF80E30BDF80E30002200921D22F5
:10F6040003490448F9F73BFC00BF05B05DF804FB6F
:10F6140014310020D430002000B583B00346ADF887
:10F624000630BDF80620002303490448F9F70CFC12
:10F6340000BF03B05DF804FB18310020D430002073
:10F6440000B5A5B0144B9B6CDA43134B5B6C1A40AA
:10F654006B4612491846F9F784FC12AB69464422FA
:10F6640018460AF06DFD002323930BE0239B5B00F7
:10F6740090336B4433F8443C1846FFF7B7FF239BA1
:10F6840001332393129B239A9A42EFD300BF00BF06
:10F6940025B05DF804FB00BFD0300020D43000203A
:10F6A40082B003468DF80730074B1B689DF807208E
:10F6B400012101FA02F21340002B14BF012300239D
:10F6C400DBB2184602B07047D030002082B0034647
:10F6D4008DF80730064B1B689DF80720012101FABD
:10F6E40002F21343024A136000BF02B0704700BF26
:10F6F400D030002000B585B001900091019B1B889B
:10F704001A2B30D01A2B4FDC102B02D0112B24D003
:10F714004AE0FFF795FF019B9B881846FFF72CFFF3
:10F72400034683F00103DBB2002B05D0204AE52118
:10F734000420F4F7FFFF37E0019BDB7B022B0CBFB7
:10F74400012300238DF80F30019B9A889DF80F3018
:10F7540018491948F9F778FB26E0019B9B8818465D
:10F76400FFF75AFF20E0019B9A88019B1B7AC3F3A1
:10F774000313DBB2012B8CBF01230023DBB20F493F
:10F784000D48F9F761FB019B9A88019B1B7AC3F32F
:10F794000313DBB2022B8CBF01230023DBB2084925
:10F7A4000548F9F751FB00BF00BF05B05DF804FB45
:10F7B40060B903001C310020D43000202031002027
:10F7C4002431002000B585B00346ADF8063000238F
:10F7D4008DF80F30124B5B6CBDF8062019461148AA
:10F7E400F9F796FB0346002B13D00D4BDB6CBDF8E9
:10F7F400062019460B48F9F78BFB03468DF80E30AB
:10F804009DF80E30002B01D0022300E001238DF877
:10F814000F309DF80F30184605B05DF804FB00BFAB
:10F82400D0300020D430002000B585B00346ADF8B8
:10F83400063000238DF80F30144B5B6CBDF80620A6
:10F8440019461348F9F764FB03468DF80E309DF80A
:10F854000E30002B13D00D4B9B6CBDF806201946BF
:10F864000B48F9F755FB03468DF80D309DF80D3024
:10F87400002B01D0022300E001238DF80F309DF806
:10F884000F30184605B05DF804FB00BFD0300020EF
:10F89400D430002000B583B00346ADF80630064BE3
:10F8A4001B6DBDF8062019460448F9F731FB0346E1
:10F8B400184603B05DF804FBD0300020D43000209B
:10F8C40000B583B00346ADF80630064B5B6DBDF85A
:10F8D400062019460448F9F71BFB0346184603B0F3
:10F8E4005DF804FBD0300020D430002000B583B094
:10F8F4000190054B5A6C019B04491846F9F731FBFA
:10F90400019803B05DF804FBD0300020D43000200F
:10F9140000B583B000238DF8073017E09DF8073059
:10F924001846FFF7BDFE034683F00103DBB2002B4C
:10F9340007D09DF807301846FFF7C8FE9DF807303A
:10F9440009E09DF8073001338DF807309DF8073042
:10F95400172BE3D91823184603B05DF804FB000005
:10F9640000B583B003460A46ADF8063013468DF859
:10F9740005309DF805301846FFF792FE0346002B2C
:10F984000ED09DF80530094A14339B0013449B683C
:10F99400BDF8062019460648F9F7BAFA034600E00E
:10F9A4000023184603B05DF804FB00BFD0300020EC
:10F9B400D430002000B583B00346ADF806300B46C2
:10F9C4008DF8053013468DF804309DF8053018463F
:10F9D400FFF766FE0346002B0ED09DF80530143366
:10F9E4009B00074A134403F108019DF80430BDF855
:10F9F40006200448F9F728FA00BF03B05DF804FBB9
:10FA0400D0300020D430002000B583B003468DF8F8
:10FA140007309DF807301846FFF742FE0346002BD7
:10FA240007D09DF80730054A14339B0013449B68A4
:10FA340000E00023184603B05DF804FBD03000203A
:10FA440084B00346029101928DF80F30019BFF228E
:10FA54001A70019BFF225A70019B00229A70019B2D
:10FA640000225A609DF80F30002B03D0029B1A78B5
:10FA7400019B1A709DF80F30012B04D9029B0133AE
:10FA84001A78019B5A709DF80F30022B09D99DF802
:10FA94000F30023BDAB2019B9A70029B9A1C019BC5
:10FAA4005A6000BF04B0704784B0019000910023F5
:10FAB4008DF80F30009B002B2FD09DF80F305A1C6F
:10FAC4008DF80F201A46009B1344019A12781A707D
:10FAD4009DF80F305A1C8DF80F201A46009B1344D2
:10FAE400019A52781A700023029310E0019B5A681D
:10FAF400029B1A449DF80F30591C8DF80F101946BB
:10FB0400009B0B4412781A70029B01330293019BF1
:10FB14009B781A46029B9342E8DB9DF80F30184607
:10FB240004B0704782B00190019B1B781AB2019B0C
:10FB340001331B781BB21B021BB213431BB29BB2D3
:10FB4400184602B07047A2DF704700BF184600B5E0
:10FB540085B001900198FFF7E5FF0346ADF80E303C
:10FB6400BDF80E3003F00103002B14BF0123002362
:10FB7400DBB2184605B05DF804FB000000B585B0A3
:10FB84000190009100238DF80F309DF80F305A1C1E
:10FB94008DF80F201A46019B1344009A12781A70AC
:10FBA4009DF80F305A1C8DF80F201A46019B134400
:10FBB400009A52781A709DF80F30022B0CBF012363
:10FBC4000023DBB20293029B002B04D1054A472198
:10FBD4000020F4F7AFFD9DF80F30184605B05DF82E
:10FBE40004FB00BFB4B9030000B583B001900091D9
:10FBF40000980AF08EFA03469AB2019B1A80019B80
:10FC0400009A5A6000BF03B05DF804FB82B003465B
:10FC140000918DF80730009A137823F00F031370C6
:10FC2400009A137823F0F00313709DF80730052B26
:10FC34005BD801A252F823F055FC02006BFC0200D1
:10FC440085FC02009FFC0200B9FC0200D3FC020008
:10FC5400009A137823F00F031370009A137823F09B
:10FC6400F003137040E0009A1378012161F3030359
:10FC74001370009A1378012161F30713137033E0B2
:10FC8400009A1378012161F303031370009A137827
:10FC9400022161F30713137026E0009A13780121FF
:10FCA40061F303031370009A1378032161F30713BC
:10FCB400137019E0009A1378022161F3030313709F
:10FCC400009A1378012161F3071313700CE0009A72
:10FCD4001378022161F303031370009A137802214D
:10FCE40061F30713137000BF00BF00BF02B0704779
:10FCF40000B595B0034602910192ADF80E30029B17
:10FD04009B78002B03D101238DF81E3003E0029B66
:10FD14009B788DF81E30029B1B88ADF81C3006AB17
:10FD24000322002118460AF03DFA029B5B7C06AAD6
:10FD340011461846FFF76AFF029B9A7C06AB013313
:10FD440019461046FFF762FF029BDA7B9DF81A30D2
:10FD540062F3C3038DF81A30029B1A7C9DF81A30A3
:10FD640062F304138DF81A30029B1A7B9DF81A3043
:10FD740062F300038DF81A30029B1B7D002B01D027
:10FD8400022200E001229DF81A3062F342038DF84A
:10FD94001A300DAB1C22002118460AF003FA029B0C
:10FDA4005B7B03F01003DBB2002B06D1029B5B7B71
:10FDB40003F02003DBB2002B24D004AB0322002188
:10FDC40018460AF0EFF9029BDA7C04AB01331946BA
:10FDD4001046FFF71BFF9DF81030012262F3030366
:10FDE4008DF810309DF81030012262F307138DF85E
:10FDF40010309DF81230012262F342038DF8123064
:10FE040004AB1293029B5B7B8DF83430029B9B7B8B
:10FE14008DF8353008AB1422002118460AF0C2F9D7
:10FE240007AB089306AB0993029B9B88ADF82C3073
:10FE3400029B9B68002B06D0029BDB88ADF8283020
:10FE4400029B9B680C93029B9B69002B4FD005ABD4
:10FE54000322002118460AF0A5F9029B9B691B881E
:10FE6400ADF83C30029B9B695B88ADF83E30029B49
:10FE74009B695B680E9305AB1193029B9B691B7B8B
:10FE840005AA11461846FFF7C1FE029B9B695A7BDF
:10FE940005AB013319461046FFF7B8FE029B9B6978
:10FEA4009A7A9DF8163062F3C3038DF81630029BDC
:10FEB4009B69DA7A9DF8163062F304138DF81630D4
:10FEC400029B9B691A7A9DF8163062F300038DF841
:10FED4001630029B9B699B7B002B01D0022200E021
:10FEE40001229DF8163062F342038DF81630029B0E
:10FEF400DB69002B02D0029BDB69109308AA0DA9D1
:10FF0400BDF80E00019BFFF71EFE0346184615B010
:10FF14005DF804FB82B0002301930DE00B4A019BC2
:10FF24001B01134400221A70094A019B1344FF2247
:10FF34001A70019B01330193019B632BEEDD054B8A
:10FF440000221A800023184602B07047883100202E
:10FF5400C83700202C380020014B1B8818467047F6
:10FF64002C38002010B483B0034600918DF807307C
:10FF74009DF807309AB20F4B1B889A4201D3052390
:10FF840012E09DF807300C4AD35C00990B4A1B0120
:10FF940013440A4602331C68586899681460506018
:10FFA40091609B8993810023184603B05DF8044B4C
:10FFB400704700BF2C380020C8370020883100204B
:10FFC40010B485B00190214B1B88642B01D104230C
:10FFD40036E0002303932FE01D4A039B1B011344C7
:10FFE4001B7883F00103DBB2002B22D0184A039B59
:0CFFF4001B01134401221A70154A039BE4
:020000023000CC
:100000001B011344019A02331468506891681C6004
:100010005860996092899A810D4B1B881A46039B00
:10002000D9B20D4B99540A4B1B8801339AB2084B35
:100030001A80002306E0039B01330393039B632B89
:10004000CCDD0423184605B05DF8044B704700BFB3
:100050002C38002088310020C8370020A6DF7047E8
:1000600000BF184682B003460091ADF80630BDF8D7
:100070000630DAB2009B1A70BDF806301B0A9AB23D
:10008000009B0133D2B21A700223184602B07047A7
:1000900000B587B003900291019202238DF81730CA
:1000A000029B1B788DF81630029B58889DF81730FC
:1000B000019A13441946FFF7D5FF03461A469DF8E7
:1000C000173013448DF81730029B98889DF817302D
:1000D000019A13441946FFF7C5FF03461A469DF8D7
:1000E000173013448DF81730029B9B79002B10D0EA
:1000F0009DF817305A1C8DF817201A46019B13449F
:10010000029A92791A709DF8163043F020038DF808
:100110001630029BDB79002B10D09DF817305A1C4B
:100120008DF817201A46019B1344029AD2791A704F
:100130009DF8163043F040038DF81630029B1B7A71
:10014000002B10D09DF817305A1C8DF817201A4636
:10015000019B1344029A127A1A709DF8163063F0CC
:100160007F038DF81630039B5B6C03F40043002B78
:1001700015D09DF8163003F00103002B0FD0029B21
:1001800058899DF81730019A13441946FFF76AFF02
:1001900003461A469DF8173013448DF81730039B19
:1001A0005B6C03F48033002B15D09DF8163003F000
:1001B0000203002B0FD0029B98899DF81730019AFB
:1001C00013441946FFF74EFF03461A469DF81730B1
:1001D00013448DF81730019B01339DF816201A70D7
:1001E000019B9DF817201A709DF81730184607B02C
:1001F0005DF804FB00B597B0019007AB2022002109
:10020000184609F0D1FF03AB0E220021184609F071
:10021000CBFFFFF7A3FE03468DF857309DF857300C
:10022000002B0ED09DF85730013BDBB203AA1146DC
:100230001846FFF799FE1490149B002B01D0149BD5
:1002400027E042F6A723ADF81C301423ADF8203088
:100250000FAA03AB19460198FFF71AFF0346ADF842
:1002600022300FAB099301238DF828309DF82930F7
:1002700043F010038DF8293002238DF82F30019BB5
:100280001889019B03F10A0207AB1946FFF732FDFB
:100290000346184617B05DF804FB00B597B003900D
:1002A000029101920023ADF852301423ADF82630AC
:1002B0000023139325E0139A1346DB009B1A5B007F
:1002C0001A46029B13441946BDF852300AAA134439
:1002D0001A460398FFF7DCFE03468DF84B30BDF855
:1002E00052209DF84B301344132B11DC9DF84B30FA
:1002F0009AB2BDF852301344ADF85230139B01331B
:100300001393019B1B781A46139B9342D3DB00E0A7
:1003100000BF139BDAB2019B1A70BDF85230ADF8E2
:10032000263005AB10220021184609F03DFF039B43
:100330005B89ADF8143001238DF816300023ADF839
:1003400018300DF1260307930AAB0893039BB3F80B
:10035000423005AA11461846FFF780FE1590159BFE
:10036000002B18D1BDF82630BDF852209A4202D099
:100370000C2315930FE0039B93F8A6300133DAB2F8
:10038000039B83F8A620039B93F8A7300133DAB2CE
:10039000039B83F8A720159B184617B05DF804FB54
:1003A00000B585B001900091009B5B89022B18D1AC
:1003B000019B1B68002B14D0009B0C331846FFF7E1
:1003C000C8FB0346002B03D000238DF80C3002E05D
:1003D00001238DF80C30019B1B6803AA114601987C
:1003E000984700BF05B05DF804FB00B583B00190ED
:1003F0000091009B1A88019BDB899A4203D10099E6
:100400000198FFF7CDFF00BF03B05DF804FBA6DF46
:10041000704700BF1846A8DF704700BF184682B07B
:100420000190019B1B781AB2019B01331B781BB210
:100430001B021BB213431BB29BB2184602B070479B
:1004400000B58BB0019002AB20220021184609F0C4
:10045000ABFE42F65223ADF808301723ADF80C304E
:100460000023ADF80E300023049301238DF81430DF
:1004700002238DF81A309DF8153043F008038DF8EB
:1004800015309DF8153043F020038DF81530022308
:100490008DF81B3001238DF81830019B1889019BC2
:1004A00003F1220202AB1946FFF724FC034618466B
:1004B0000BB05DF804FB00B591B001900091019B79
:1004C00093F8A030022B09D0019B93F8A730002BA2
:1004D00004D0019B022283F8A0205FE008AB1946FC
:1004E0000098FFF7E3FA03468DF83B309DF83B3068
:1004F0009BB2ADF81E3003AB10220021184609F064
:1005000053FE019B5B8CADF80C3002238DF80E304E
:100510000023ADF810300DF11E03059308AB0693D0
:10052000019BB3F8423003AA11461846FFF76FFF4C
:100530000F900F9B002B08D19DF83B309AB2BDF86D
:100540001E309A4201D00C230F930F9B132B0ED019
:100550000F9B132B15D80F9B002B03D00F9B082B41
:100560000AD00EE0019B032283F8A02016E0019B35
:10057000022283F8A02011E0019B002283F8A02032
:100580000CE0019B5B68002B03D0019B5B680F981C
:100590009847019B002283F8A02000BF11B05DF8AE
:1005A00004FB00B583B001900B468DF80330134671
:1005B0008DF80230019B062283F8B020019B0022B7
:1005C00083F8B120019B022283F8B220019B03F142
:1005D000B802019BC3F8B420019B9DF8032083F867
:1005E000B820019B9DF8022083F8B920019BB0330D
:1005F00019460198FFF75FFF00BF03B05DF804FBE9
:1006000000B591B00190FFF7A9FC0346ADF83A3070
:10061000019B93F8A5301A46BDF83A30934204D8AE
:10062000019B002283F8A02053E0019B93F8A530A2
:100630001A46BDF83A309B1AADF83E30BDF83E3050
:10064000032B02D90323ADF83E30BDF83E30DBB2B8
:100650008DF8333000238DF83D301CE0019B93F87A
:10066000A5209DF83D301344D8B29DF83D2002A945
:100670001346DB009B1A5B000B441946FFF774FC22
:100680000D900D9B002B01D00D9B23E09DF83D307C
:1006900001338DF83D309DF83D309BB2BDF83E20D2
:1006A0009A42DBD80DF1330202AB19460198FFF7ED
:1006B000F4FD0D900D9B002B01D00D9B0AE0019BDA
:1006C00093F8A5209DF833301344DAB2019B83F8E8
:1006D000A5200023184611B05DF804FB00B58BB0CF
:1006E000019001238DF80F30FFF738FC0346ADF879
:1006F0002630019B93F8A630002B03D1BDF826309D
:10070000002B04D1019B002283F8A02039E0019B3B
:1007100093F8A430052B0AD104AB19460020FFF74B
:1007200023FC0890089B002B16D0089B2AE0019B15
:1007300093F8A430062B0FD1BDF82630DBB2013B75
:10074000DBB204AA11461846FFF70EFC0890089B7E
:10075000002B01D0089B15E00DF10F0204AB1946E8
:100760000198FFF79AFD0890089B002B01D0089B89
:1007700008E0019B93F8A5300133DAB2019B83F8BE
:10078000A520002318460BB05DF804FB00B593B01C
:100790000190019B93F8AA30022B07D0019B5B6864
:1007A000002B03D0019B5B6809209847FFF7D6FB1D
:1007B0000346ADF84430019BD3F8AC301846FFF740
:1007C0002EFE0346ADF84230BDF84220BDF844305D
:1007D0009A4205D3019B002283F8A02000236BE0FE
:1007E000BDF84230ADF84030019B93F8A5301A4671
:1007F000BDF84030934204D8019B002283F8A0202A
:1008000059E0019B93F8A6301A46BDF840309B1A78
:10081000ADF83E30BDF83E30032B03D903238DF8ED
:10082000373004E0BDF83E30DBB28DF83730019B45
:10083000002283F8A5200023ADF846301DE0019B7F
:1008400093F8A520BDF84630DBB21344D8B2BDF80A
:10085000462003A91346DB009B1A5B000B44194694
:10086000FFF782FB0E900E9B002B01D00E9B23E026
:10087000BDF846300133ADF846309DF837301A46A2
:10088000BDF846309342DAD30DF1370203AB194677
:100890000198FFF702FD0E900E9B002B01D00E9BDE
:1008A0000AE0019B93F8A5209DF837301344DAB293
:1008B000019B83F8A5200023184613B05DF804FBC4
:1008C00000B593B00190019B93F8AA30022B07D09A
:1008D000019B5B68002B03D0019B5B680920984754
:1008E000FFF73CFB0346ADF84430019BD3F8AC3036
:1008F0001846FFF794FD0346ADF84230BDF842209C
:10090000BDF844309A4205D3019B002283F8A02011
:10091000002370E0BDF84420BDF84230D31AADF892
:100920004030019B93F8A5301A46BDF84030934201
:1009300004D8019B002283F8A0205BE0019B93F880
:10094000A6301A46BDF840309B1AADF83E30BDF8CF
:100950003E30032B03D903238DF8373004E0BDF874
:100960003E30DBB28DF83730BDF84230DAB2019B51
:1009700083F8A5200023ADF846301DE0019B93F8D5
:10098000A520BDF84630DBB21344D8B2BDF84620EE
:1009900003A91346DB009B1A5B000B441946FFF7C3
:1009A000E3FA0E900E9B002B01D00E9B23E0BDF8C6
:1009B00046300133ADF846309DF837301A46BDF861
:1009C00046309342DAD30DF1370203AB1946019852
:1009D000FFF763FC0E900E9B002B01D00E9B0AE0EC
:1009E000019B93F8A5209DF837301344DAB2019BA0
:1009F00083F8A5200023184613B05DF804FB00B56A
:100A000085B00190019B93F8A630002B03D0012301
:100A10008DF80F3002E006238DF80F309DF80F306F
:100A20001A4601210198FFF7BCFD00BF05B05DF833
:100A300004FB000000B585B001905EE0019B93F8D7
:100A4000A430013B052B23D801A252F823F000BFAC
:100A5000690A0300870A03007D0A0300910A030064
:100A6000730A0300730A03000198FFF7C9FD03909E
:100A70001BE00198FFF732FE039016E00198FFF7A4
:100A80001FFF039011E00198FFF780FE03900CE038
:100A9000019B5B68002B03D0019B5B680320984798
:100AA000019B002283F8A0202EE0039B132B2AD069
:100AB000039B132B14D8039B002B03D0039B082B01
:100AC00009D00DE0019B93F8A030012B15D00198BF
:100AD000FFF795FF11E0019B002283F8A02013E0AF
:100AE000019B5B68002B03D0019B5B6803989847D0
:100AF000019B002283F8A02006E0019B93F8A03020
:100B0000012B9BD000E000BF05B05DF804FB00BFE7
:100B100084B0039002910192019B00221A70029B03
:100B20001B78032B1CD1039B93F8A030012B13D10E
:100B3000029B5B78002B03D0019B03221A7052E0CA
:100B4000029B9B78002B03D0019B05221A704AE080
:100B5000019B01221A7046E0019B07221A7042E0B5
:100B6000039B93F8A030002B01D0002342E0029BAE
:100B70001B78012B03D0029B1B78042B28D1029BEE
:100B80005B78013B052B1BD801A252F823F000BF74
:100B9000A90B0300C90B0300C90B0300B90B030029
:100BA000A90B0300A90B0300029B9B78002B0DD01F
:100BB000019B05221A7009E0019B04221A7006E0CD
:100BC000019B03221A7002E000BF0CE000BF0AE0A4
:100BD000029B1B78022B03D1019B02221A7002E0B8
:100BE000019B02221A70019B1B78002B0CBF012372
:100BF0000023DBB2184604B0704700BF00B583B0D5
:100C000001900091019B012283F8A020019B00220A
:100C100083F8A520009B5A78019B83F8A420019BB0
:100C2000002283F8A6200198FFF704FF00BF03B05D
:100C30005DF804FB00B585B001900091FFF78EF9D7
:100C40000346ADF80C300023ADF80E30009B5B7806
:100C5000012B04D1BDF80C30ADF80E300EE0009B36
:100C60005B78052B03D0009B5B78062B06D1BDF883
:100C70000C30002B02D00123ADF80E30019B052271
:100C800083F8B020019B002283F8B120019B02224F
:100C900083F8B220019B03F1B802019BC3F8B42092
:100CA000BDF80E30DAB2019B83F8B820BDF80E30E3
:100CB0001B0A9BB2DAB2019B83F8B920019BB033C7
:100CC00019460198FFF7F7FB00BF05B05DF804FB7C
:100CD00000B589B00190009102238DF808300023FF
:100CE000ADF810300023ADF8123000230593009BBF
:100CF0005B89D8B2009B03F10C01019BA8331A4613
:100D0000FEF7A0FE019BA8330DF11B0219460198C6
:100D1000FFF7FEFE0346002B35D00023ADF80C3064
:100D20009DF80E3043F001038DF80E30019BB3F8AF
:100D3000423002AA11461846FFF76DFB0790079B49
:100D4000002B08D0019B5B68002B6AD0019B5B687D
:100D50000798984765E0019B93F8A830012B06D1CE
:100D6000019BA83319460198FFF748FF5EE0019BFD
:100D700093F8A830042B59D1019BA8331946019848
:100D8000FFF758FF52E09DF81B30002B2BD00023BB
:100D9000ADF80C309DF80E3043F001038DF80E30A5
:100DA000019BB3F8423002AA11461846FFF733FB05
:100DB0000790079B002B08D0019B5B68002B32D06B
:100DC000019B5B68079898472DE0019B002283F800
:100DD000A020019B93F8A8309DF81B20194601988C
:100DE000FFF7DFFB22E00023ADF80C309DF80E305A
:100DF00043F001038DF80E30019BB3F8423002AA94
:100E000011461846FFF707FB0790079B002B0DD0F4
:100E1000019B5B68002B08D0019B5B680798984793
:100E200003E000BF02E000BF00E000BF09B05DF8D2
:100E300004FB00B583B001900091009B1B78022B4E
:100E40000BD1009B5A88019B5B8C9A4205D1009B79
:100E5000023319460198FFF73BFF00BF03B05DF86E
:100E600004FB00B583B00190019B002283F8A7200A
:100E7000019B93F8A030022B06D1019BB033194699
:100E80000198FFF718FB07E0019B93F8A030012BB6
:100E900002D10198FFF7CEFD00BF03B05DF804FB5F
:100EA000A6DF704700BF1846A8DF704700BF18468E
:100EB00084B00346029101928DF80F30019BFF220E
:100EC0001A70019B00225A70019B00225A609DF803
:100ED0000F30002B03D0029B1A78019B1A709DF8EB
:100EE0000F30012B09D99DF80F30013BDAB2019B7D
:100EF0005A70029B5A1C019B5A6000BF04B0704795
:100F000084B00190009100238DF80F30009B002BDE
:100F10005AD09DF80F305A1C8DF80F201A46009BAE
:100F20001344019A12781A70019B1B78032B31D05D
:100F3000019B1B78092B2DD0019B1B780C2B29D0F2
:100F4000019B1B780F2B25D0019B1B78122B21D0E6
:100F5000019B1B78152B1DD0019B1B78182B19D0DA
:100F6000019B1B78062B15D09DF80F305A1C8DF86D
:100F70000F201A46009B1344019A52781A709DF86C
:100F80000F305A1C8DF80F201A46009B1344019A0B
:100F900092781A700023029310E09DF80F305A1CCB
:100FA0008DF80F201A46009B13440199029A0A44B7
:100FB000033212781A70029B01330293019B5B7D0E
:100FC0001A46029B9342E8DB9DF80F30184604B0A6
:100FD000704700B58BB0019002AB2022002118466B
:100FE00009F0E2F842F6AC23ADF808301723ADF86B
:100FF0000C300023ADF80E300023049301238DF84C
:1010000014309DF8153043F020038DF815309DF80D
:10101000153043F008038DF8153002238DF81A308F
:1010200002238DF81B3001238DF81830019B18899D
:10103000019B03F1320202AB1946FEF75BFE034649
:1010400018460BB05DF804FB00B591B00190019B10
:101050004D3308AA11461846FFF752FF03468DF894
:101060003B309DF83B309BB2ADF81E3003AB1022F5
:101070000021184609F098F8019B5B8EADF80C3002
:1010800002238DF80E300023ADF810300DF11E0351
:10109000059308AB0693019BB3F8423003AA1146AF
:1010A0001846FFF7FDFE0F900F9B002B08D19DF80F
:1010B0003B309AB2BDF81E309A4201D00C230F93F8
:1010C0000F9B132B0ED00F9B132B15D80F9B002BB0
:1010D00003D00F9B082B0AD00EE0019B052283F85A
:1010E000A02016E0019B042283F8A02011E0019BC0
:1010F000002283F8A0200CE0019B5B68002B03D04A
:10110000019B5B680F989847019B002283F8A02001
:1011100000BF00BF11B05DF804FB82B001900091E8
:10112000019B5A6C009B1340002B14BF012300232A
:10113000DBB2184602B0704700B591B00190009143
:1011400008AB10220021184609F02EF802238DF872
:1011500020300023ADF824309DF8263043F0010301
:101160008DF82630019BB3F8423008AA1146184684
:10117000FFF79AFE0F900F9B002B09D0019B5B6835
:10118000002B00F04481019B5B680F9898473FE17A
:10119000009B5B89D8B2009B0C330DAA1946FFF760
:1011A00087FE019B1C2283F84D209DF83420019B73
:1011B00083F84E20019B022283F84F20019B0022DE
:1011C00083F862209DF83430013B1A2B00F2138122
:1011D00001A252F823F000BF451203006B12030076
:1011E000F7130300F7130300F7130300F7130300CB
:1011F000F7130300F7130300F7130300F7130300BB
:10120000F7130300F7130300F7130300F7130300AA
:10121000F7130300F7130300F7130300F71303009A
:10122000F7130300F7130300F7130300F71303008A
:10123000F7130300F7130300F713030091120300E1
:1012400077130300019B012283F84F200E9B1A782D
:10125000019B83F84C2004238DF83030019B1B68E0
:101260000CAA114601989847CDE0019B032283F810
:101270004D20019B93F84C20019B83F85020019B4B
:1012800093F862300133DAB2019B83F86220BAE04E
:10129000019B93F89530002B04D0019B042283F826
:1012A0004F20ADE0019B93F89630002B0FD04FF408
:1012B00080410198FFF731FF034683F00103DBB261
:1012C000002B04D0019B042283F84F2098E0019B5F
:1012D000012283F84F20019B012283F89520019B76
:1012E00093F896300133DAB2019B83F89620019B84
:1012F0001B68002B08D002238DF83030019B1B683F
:101300000CAA11460198984705AB0A2200211846FD
:1013100008F04AFF05AB1946019800F0DEFA0F907D
:101320000F9B002B07D0019B5B68002B03D0019B18
:101330005B680F989847019B0022A3F89A20019BB5
:1013400093F89E3023F00103DAB2019B83F89E20CC
:10135000019B9A331946019802F04BFF0F900F9BA7
:10136000002B4DD0019B5B68002B49D0019B5B6833
:101370000F98984744E003AB06220021184608F076
:1013800013FF019B1B680CAA114601989847019B0B
:10139000012283F84F20019B002283F89520019BB6
:1013A000B3F89A30ADF80C30019B93F89E3043F0BF
:1013B0000103DBB28DF81030019B1B68002B08D0B5
:1013C00003238DF83030019B1B680CAA114601984D
:1013D000984703AB1946019802F00BFF0F900F9B43
:1013E000002B0FD0019B5B68002B0BD0019B5B682F
:1013F0000F98984706E0019B022283F84F2002E0F5
:1014000000BF00E000BF0198FFF71EFE00E000BF34
:1014100011B05DF804FB00BF00B583B001900091EE
:10142000009B1B78022B0BD1009B5A88019B5B8E83
:101430009A4205D1009B023319460198FFF77CFEC2
:1014400000BF03B05DF804FB00B583B00190019BC1
:1014500093F8A030042B02D10198FFF7F5FD00BFEF
:1014600003B05DF804FBA4DF704700BF1846A8DF97
:10147000704700BF184682B003460091ADF80630B1
:10148000BDF80630DAB2009B1A70BDF806301B0AB0
:101490009AB2009B0133D2B21A700223184602B0EE
:1014A000704782B00190019B1B781AB2019B0133F7
:1014B0001B781BB21B021BB213431BB29BB2184614
:1014C00002B0704700B585B001900091019B1B8868
:1014D00000991846FFF7CFFF03468DF80F309DF8AF
:1014E0000F305A1C8DF80F201A46009B1344019AA6
:1014F00092781A709DF80F305A1C8DF80F201A46FA
:10150000009B1344019AD2781A709DF80F305A1C30
:101510008DF80F201A46009B1344019A12791A7015
:101520009DF80F305A1C8DF80F201A46009B13446B
:10153000019A52791A709DF80F305A1C8DF80F20BD
:101540001A46009B1344019A92791A709DF80F3045
:10155000184605B05DF804FB00B585B00190009118
:1015600002238DF80F300098FFF79BFF03461A46C1
:10157000019B1A809DF80F305A1C8DF80F201A46D7
:10158000009B13441A78019B9A709DF80F305A1CE7
:101590008DF80F201A46009B13441A78019BDA70CD
:1015A0009DF80F305A1C8DF80F201A46009B1344EB
:1015B0001A78019B1A719DF80F305A1C8DF80F2074
:1015C0001A46009B13441A78019B5A719DF80F30FC
:1015D0005A1C8DF80F201A46009B13441A78019B61
:1015E0009A719DF80F30184605B05DF804FB00B500
:1015F00087B0039002911346ADF80630BDF806306F
:10160000092B17D1039B02991846FFF7A5FF034644
:101610000593059B5A1C0592029A13441A78039B62
:101620001A72059B5A1C0592029A13441A78039B5E
:101630005A7200E000BF07B05DF804FB82B0019071
:101640000091019B9B791A46009B1A60019B5B7974
:101650001A46009B5A60019B1B791A46009B9A60B0
:10166000019BDB781A46009BDA60019B9B781A4647
:10167000009B1A61019B1B88A3F26C72009B5A614C
:10168000009B00221A6200BF02B0704730B585B0DF
:1016900003460091ADF80630009808F020FE03469E
:1016A0000393BDF80620134612019B1A9B001A46AD
:1016B000039B1344039303AB184609F024F8024636
:1016C000009B1C4615460FCD0FC40FCD0FC42B68D1
:1016D0002360009B1B6A012B07D1009B9B685A1E4D
:1016E000009B9A60009B00221A6200BF05B030BDCB
:1016F00082B001900091009B1B68DAB2019B9A7145
:10170000009B5B68DAB2019B5A71009B9B68DAB25E
:10171000019B1A71009BDB68DAB2019BDA70009BB7
:101720001B69DAB2019B9A70009B5B699BB203F262
:101730006C739AB2019B1A8000BF02B0704700B56B
:1017400085B001900091019B00991846FFF7BAFE01
:1017500003468DF80F309DF80F305A1C8DF80F207E
:101760001A46009B1344019A127A1A709DF80F30A2
:101770005A1C8DF80F201A46009B1344019A527A86
:101780001A709DF80F30184605B05DF804FB00B5DF
:101790008FB0019000910BAB0A220021184608F08F
:1017A00003FD009B03F10C01009B5A890BAB18460B
:1017B000FFF71DFF02AA0BAB11461846FFF73EFFCD
:1017C000019BB3F89A3002AA11461846FFF75EFF54
:1017D00002AA0BAB11461846FFF78AFF0BAB19465E
:1017E000019800F07AF8034618460FB05DF804FB44
:1017F00000B589B00190009103AB1022002118467A
:1018000008F0D2FC02238DF80C309DF8123043F022
:1018100001038DF812300023ADF81030019BB3F8AE
:10182000423003AA11461846FFF721FE0790079B96
:10183000002B07D0019B5B68002B03D0019B5B68EA
:101840000798984700990198FFF7A1FF0790079B19
:10185000002B07D0019B5B68002B03D0019B5B68CA
:101860000798984700BF09B05DF804FB00B58FB03A
:10187000019003AB00221A605A601A7206AB202254
:101880000021184608F090FC42F6AA23ADF8183063
:101890000923ADF81C300923ADF81E3003AB0893C3
:1018A00002238DF8293002238DF82A3001238DF888
:1018B00028309DF8253043F008038DF82530019B32
:1018C0001889019B03F11A0206AB1946FEF712FABA
:1018D000034618460FB05DF804FB00B58BB00190CD
:1018E000009100238DF8273003AB19460098FFF7CD
:1018F00026FF03468DF82730019BB3F84230ADF840
:101900002430019B5B8BADF8223006AB082200210E
:10191000184608F049FC9DF827309BB2ADF8183006
:1019200003AB07930023ADF81A3006AABDF82210C6
:10193000BDF824301846FFF796FD034618460BB055
:101940005DF804FB00B583B001900091009B1B780B
:10195000022B0BD1009B5A88019B5B8B9A4205D1CD
:10196000009B023319460198FFF742FF00BF03B006
:101970005DF804FB82B00190019B002B14BF012392
:101980000023DBB2184602B070470000024B002271
:101990001A7000BF704700BF2E38002000B585B018
:1019A0000190019B5B88184601F044F803461A46F3
:1019B000019B9A800023039308E0084A039B52F896
:1019C000233001989847039B01330393039B002B1B
:1019D000F3D000BF00BF05B05DF804FBD4210020A8
:1019E00082B00190019B9B79012B0BD1019B1B794C
:1019F000012B07D1019B5B8842F60212934201D171
:101A0000012300E0002303F00103DBB2184602B01B
:101A1000704700B589B003460091ADF8063003ABBE
:101A200000221A605A609A60DA601A6107238DF802
:101A30000C30BDF80630ADF80E30009B059303ABBB
:101A40001846FFF7ABFF00BF09B05DF804FB0000CC
:101A500000B58BB00346ADF8063000238DF8273073
:101A600003AB00221A605A609A60DA601A61BDF80E
:101A70000630ADF80E30BDF806304FF6FF729342D7
:101A800042D0BDF80630184600F043FC0890089B91
:101A900043F2020293422CD0089B43F2020293428B
:101AA00020D8089B112B11D0089B112B1AD8089B0A
:101AB000002B03D0089B0B2B0CD013E00E238DF8CA
:101AC0000C3003AB1846FFF769FF13E001238DF8D4
:101AD00027300FE00F238DF80C3003AB1846FFF7CB
:101AE0005DFF07E0BDF8063008991846FFF791FF43
:101AF00000E000BF064B19789DF82720BDF806309E
:101B00001846FDF759FF00E000BF0BB05DF804FB7D
:101B10003138002000B583B003460A46ADF80630E0
:101B200013468DF80530064B19789DF80520BDF851
:101B300006301846FDF740FF00BF03B05DF804FB18
:101B40003038002000B58BB00346ADF806300023D6
:101B50008DF8273000238DF82630BDF80630184662
:101B600000F064FB0890089B43F20202934233D0DA
:101B7000089B43F20202934227D8089B862B11D080
:101B8000089B862B21D8089B002B03D0089B112B88
:101B900004D01AE001238DF826301EE001238DF8D1
:101BA00027301AE003AB00221A605A609A60DA60AC
:101BB0001A6106238DF80C30BDF80630ADF80E30F2
:101BC00003AB1846FFF7EAFE07E0BDF806300899B8
:101BD0001846FFF71EFF00E000BF9DF82720BDF864
:101BE000063011461846FFF795FF9DF82630184637
:101BF0000BB05DF804FB000000B58BB00346ADF8F8
:101C0000063001238DF8273000238DF82630BDF8EB
:101C10000630184600F02AFC0890089B43F2014267
:101C200093425AD0089B43F2014293425BD8089BEF
:101C3000112B29D8089B112B55D801A252F823F05B
:101C4000951C0300E71C0300E71C0300E71C0300CE
:101C5000E71C0300E71C0300C11C0300E71C030092
:101C6000C11C0300E71C0300E71C0300E71C030082
:101C7000E71C0300E71C0300E71C0300E71C03004C
:101C8000E71C0300F51C0300089B43F20202934289
:101C900032D028E003AB00221A605A609A60DA6002
:101CA0001A6110238DF80C30BDF80630ADF80E30F7
:101CB00001238DF8263003AB1846FFF76FFE1CE0BA
:101CC00000238DF82730BDF80630184600F0B2FE2C
:101CD0000346184600F0FEFB0FE0BDF8063018463C
:101CE000FFF7B6FE09E0BDF8063008991846FFF781
:101CF00090FE02E000BF00E000BF0B4B19789DF89A
:101D00002720BDF806301846FDF756FE074B197818
:101D10009DF82620BDF806301846FDF74DFE00BFA1
:101D20000BB05DF804FB00BF3238002033380020D0
:101D300000B597B003468DF807309DF80730184678
:101D4000FDF764FE03461846FFF714FE0346002B1A
:101D500061D003AB1846FDF7CBFD0023159354E08B
:101D6000159B5B0058336B4433F8483CADF8523058
:101D70009DF80720BDF8523011461846FDF7F2FDD8
:101D80000346002B3ED0254B1B789DF807209A4236
:101D900005D1BDF852301846FFF75AFE32E0204B0D
:101DA0001B789DF807209A4213D100211D4805F0A9
:101DB0000AF80346002B25D0BDF852301846FFF72D
:101DC000C1FE0346002B25D10021164805F01EF860
:101DD00018E0154B1B789DF807209A4212D1134B3F
:101DE0001A78BDF8523011461846FDF7BBFD034680
:101DF00083F00103DBB2002B04D0BDF8523018464B
:101E0000FFF7FAFE159B01331593039B159A9A422F
:101E1000A6D300E000BF17B05DF804FB3138002006
:101E2000303800202F38002032380020333800208E
:101E300008B5034B1B781846FFF77AFF00BF08BDB3
:101E40003138002008B5034B1B781846FFF770FFA8
:101E500000BF08BD3038002008B5034B1B7818467A
:101E6000FFF766FF00BF08BD3238002000B583B021
:101E70000190019B1B78002B15D1019B5B881846B4
:101E8000FFF7E6FD019B5B88184600F0CBFA03469E
:101E9000002B0AD0019B5B88064A11780122184664
:101EA000FDF78AFD01E000BF00E000BF00BF03B006
:101EB0005DF804FB3238002000B589B00190019B29
:101EC0001B78082B54D1019B5B7A002B50D1019BCE
:101ED0001B7A082B42D0082B45DC012B16D0072B90
:101EE00041D1019B9B88184600F048FE0346ADF89F
:101EF0001E30BDF81E304FF6FF72934235D0BDF84C
:101F00001E3001211846FFF705FE2EE0019B9B883D
:101F100003AA0121184603F063FD0690069B002BDF
:101F200025D1049B1B78002B21D0019B9B88184650
:101F300000F024FE0346ADF81630BDF816304FF61B
:101F4000FF72934213D00D4B1978BDF81630012261
:101F50001846FDF731FDFFF77FFF08E00021084834
:101F600004F054FF04E000BF02E000BF00E000BF47
:101F7000FFF768FF00BF09B05DF804FB32380020AE
:101F80002F38002008B5FFF701FDFDF7C3FC03461D
:101F90001A46184B1A70FDF7BDFC03461A46164B3D
:101FA0001A70FDF7B7FC03461A46144B1A70FDF77A
:101FB000B1FC03461A46124B1A700E4B1B78182BB5
:101FC0000BD00D4B1B78182B07D00C4B1B78182B04
:101FD00003D00B4B1B78182B01D1032307E0012101
:101FE000084804F0DAFE084B01221A700023184654
:101FF00008BD00BF303800203138002032380020C2
:10200000333800202F3800202E38002000B589B04A
:102010000190019B9B88ADF81E30019B1B88542BBF
:102020000BD0542B4ADC502B37D0522B46D1BDF865
:102030001E301846FFF70CFD40E002AB00221A608C
:102040005A609A60DA601A6111238DF80830BDF881
:102050001E30ADF80A30BDF81E30184600F0EAFC1C
:102060000346ADF80C30BDF80C30184600F032FADB
:10207000164B1978BDF81E3000221846FDF79CFC5F
:10208000134B1978BDF81E3000221846FDF794FC5A
:1020900002AB1846FFF782FC10E0019B063318469E
:1020A000FFF79EFC0346002B07D0BDF81E30012130
:1020B0001846FFF72FFDFFF7C5FE00BFFFF7B8FE7C
:1020C000FFF7CAFE00BF09B05DF804FB33380020FB
:1020D0003238002000B593B000F094F96B461846F2
:1020E000FDF706FC0023ADF8463021E0BDF8463090
:1020F0005B0048336B4433F8443C184600F09AFCCC
:1021000003461A464FF6FF739A420CD1BDF846308B
:102110005B0048336B4433F8443C0B4A117801228E
:102120001846FDF749FCBDF846300133ADF846309E
:10213000BDF84620009B9A42D8D3FFF78DFE00BF22
:1021400013B05DF804FB00BF32380020A7DF7047F2
:1021500000BF1846A9DF704700BF1846AADF7047C6
:1021600000BF1846ABDF704700BF1846044B002283
:102170001A70044B4FF6FF721A8000BF704700BF01
:10218000343800203638002000B585B0164A01AB3F
:1021900092E8030083E80300144B1B8801A9002286
:1021A000184603F00CFE039010E0104B1B881846F5
:1021B00003F0CDFD03461A460C4B1A800B4B1B88CF
:1021C00001A90022184603F0FAFD0390074B1B8873
:1021D0004FF6FF72934202D0039B112BE5D100BF53
:1021E00005B05DF804FB00BF08BA030036380020D4
:1021F00000B583B00190064B1B884FF6FF729342E7
:1022000001D0FFF7C1FF00BF03B05DF804FB00BFC2
:102210003638002008B5FFF7A9FF034B01221A70DA
:102220000023184608BD00BF3438002000B58BB02D
:102230000346ADF80630BDF80630184600F0FAFB4C
:102240000346ADF81E30BDF81E304FF6FF729342C4
:1022500002D143F2020358E00123ADF822300023FB
:102260008DF8213000238DF82130BDF822305A1C22
:10227000ADF822201A4603ABBDF81E00082103F07A
:10228000C5FB0990099B002B35D1049B0693069B47
:1022900003221A60069B991D069B1A1D069B1B684C
:1022A000BDF80600FFF75AFF0990099B002B09D1E2
:1022B000BDF81E20BDF81E300821184603F014FD9D
:1022C00009901DE0099B0C2B03D101238DF82130CF
:1022D00004E0099B052B01D100230993BDF81E30B2
:1022E0000821184603F074FC0590059B002B07D0CD
:1022F0000323099304E0099B072B01D10C230993C5
:102300009DF82130002BADD1099B18460BB05DF82C
:1023100004FB00B58BB00346ADF80630BDF80630BF
:10232000184600F087FB0346ADF8143000230893ED
:102330000023ADF81E300323069301238DF81730D8
:10234000BDF814304FF6FF72934216D002AABDF8C2
:1023500014300821184603F043FB0990099B002B19
:102360000BD1039B0493049B06330893049B9B8827
:10237000ADF81E30049B1B680693BDF81E20BDF807
:102380000600069B0899FFF7E5FE0990099B042BC0
:1023900002D11123099324E0099B082B02D10023C9
:1023A00009931EE0099B0B2B1BD100238DF81730DE
:1023B000069B03F00203002B02D00123069310E0DA
:1023C000089B002B03D1BDF81E30002B07D0002343
:1023D00008930023ADF81E300323069301E0032386
:1023E0000993099B0B2BC8D09DF8173083F001038C
:1023F000DBB2002B01D00B230993099B18460BB0CD
:102400005DF804FB08B54FF6FF7003F0A0FC03462F
:102410001A46034B1A80FFF7B7FE00BF08BD00BF86
:102420003638002000B589B00346ADF806300DF10E
:1024300017030493BDF80630184600F0FBFA034674
:10244000ADF81E3003AABDF81E300121184603F076
:10245000C7FA0690069B002B01D0002301E0049BE5
:102460001B78184609B05DF804FB000000B585B084
:102470000346ADF806304FF6FF73ADF80E30144842
:10248000FFF770FE0290029B002B01D003231AE09D
:102490000F4B1988BDF80E20BDF806301846FFF71F
:1024A00055FE0290029B43F20302934205D1084B72
:1024B0001B8801339AB2064B1A80029B43F2030237
:1024C0009342E5D0029B184605B05DF804FB00BFBF
:1024D0003838002000B585B00346ADF80630084A0C
:1024E00002AB92E8030083E8030002A9BDF80630BE
:1024F0000022184603F063FC00BF05B05DF804FB42
:1025000010BA03006EDF704700BF18466FDF7047D8
:1025100000BF184643DF704700BF184682B00D4B1E
:1025200018221A70002301930DE00B49019A1346FB
:102530005B0013449B000B4402334FF6FF721A807A
:10254000019B01330193019B132BEED900BF00BF08
:1025500002B070472C3900203C38002000B585B00F
:1025600001900023039308E0084A039B52F82330AC
:1025700001989847039B01330393039B012BF3D9E5
:1025800000BF00BF05B05DF804FB00BF20BA030028
:1025900000B583B0002301931AE01149019A134654
:1025A0005B0013449B000B4402331B880D4A1278D6
:1025B00011461846FDF7D6F9034683F00103DBB256
:1025C000002B02D0019BDBB206E0019B013301939B
:1025D000019B132BE1D9FF23184603B05DF804FBE0
:1025E0003C3800202C39002000B585B00346ADF8FA
:1025F0000630144B1A78BDF8063011461846FDF720
:10260000B1F90346002B18D00023039312E00E49C2
:10261000039A13465B0013449B000B4402331B8850
:10262000BDF806209A4202D1039BDBB206E0039B71
:1026300001330393039B132BE9D9FF23184605B0FD
:102640005DF804FB2C3900203C38002000B585B033
:1026500003460091ADF80630FF238DF80F30009B44
:10266000002B49D0BDF806304FF6FF72934243D09D
:10267000244B1978BDF8063001221846FDF79CF965
:10268000BDF806301846FFF7AFFF03468DF80F3050
:102690009DF80F30FF2B04D1FFF77AFF03468DF82A
:1026A0000F309DF80F30FF2B26D09DF80F201649D4
:1026B00013465B0013449B000B440233BDF8062015
:1026C0001A809DF80F20104913465B0013449B00AD
:1026D0000B444FF6FF721A809DF80F200A491346EB
:1026E0005B0013449B000B44009A0433106818608D
:1026F0009188927999809A719DF80F30184605B0AB
:102700005DF804FB2C3900203C38002084B0019097
:10271000002303930AE0019A039B13441B78002BC8
:1027200001D0012306E0039B01330393039B0F2B8E
:10273000F1D90023184604B0704700B583B001906A
:102740000091019B002B02D0009B002B01D10023A4
:102750001BE0019B1B78C3F34603DAB2009B1B7896
:10276000C3F34603DBB29A4201D000230DE0019B84
:10277000581C009B01330622194607F0A7FC0346AC
:10278000002B0CBF01230023DBB2184603B05DF819
:1027900004FB30B599B00190019B1B88102B40F0D1
:1027A0008780019B0AAC1D1D0FCD0FC40FCD0FC438
:1027B0000FCD0FC42B6823604FF6FF73ADF85E306A
:1027C0009DF82C3023F00103DBB2062B47D002F03A
:1027D00019FC9DF82C30C3F34603DBB2012B02DC5D
:1027E000002B15DA3BE0022B2ED038E0089B03F1DA
:1027F00011020AAB043311461846FFF79EFF034649
:10280000002B05D0BDF82630ADF85E3000BF26E0C5
:1028100007AA0DF126031946072002F0FDFB034627
:10282000002BE3D11BE0089B5A1C0AAB0433114672
:10283000184600F07AFC0346002B05D0BDF8263080
:10284000ADF85E3000BF09E007AA0DF12603194676
:10285000072002F0E1FB0346002BE4D100BFBDF8E6
:1028600028200AAB043319461046FFF7EFFE034653
:102870008DF85D30BDF85E304FF6FF72934218D090
:10288000BDF82830BDF85E201146184600F0E4F986
:10289000BDF82830ADF80A30BDF85E30ADF80C3028
:1028A00000238DF8083002AB1846FFF757FE00E012
:1028B00000BF19B030BD00B587B001900091019BF9
:1028C00011330593009B11330493019B581C009B0B
:1028D00001331022194607F0F9FB0346002B11D1F2
:1028E000019B01331846FFF711FF0346002B09D067
:1028F000009B01331846FFF709FF0346002B01D068
:10290000012300E000238DF80F309DF80F3003F015
:1029100001038DF80F3004990598FFF70EFF034669
:102920008DF80E30059B1B7823F00103DBB2042BDE
:1029300016D0059B1B7823F00103DBB2062B0FD0CA
:10294000049B1B7823F00103DBB2042B08D0049B0B
:102950001B7823F00103DBB2062B01D0012300E03A
:1029600000238DF80D309DF80D3003F001038DF834
:102970000D309DF80E30002B03D09DF80D30002B4C
:102980000AD19DF80F30002B08D09DF80D3083F050
:102990000103DBB2002B01D0012300E0002303F090
:1029A0000103DBB2184607B05DF804FB00B587B041
:1029B00001900B46ADF8023002F024FB10E0BDF8A8
:1029C0001630BDF802209A420AD0049B194601989D
:1029D000FFF771FF0346002B02D0BDF816300BE065
:1029E00003AA0DF116031946072002F015FB034652
:1029F000002BE4D14FF6FF73184607B05DF804FBD7
:102A000008B5FFF78BFDFCF785FF03461A46074B19
:102A10001A70064B1B78182B01D1032303E0044BDB
:102A200001221A700023184608BD00BF2C3900206F
:102A30003A38002000B585B00346ADF80630BDF841
:102A400006301846FFF7D0FD03468DF80F309DF88D
:102A50000F30FF2B09D09DF80F20074913465B006C
:102A600013449B000B441B8801E04FF6FF7318468C
:102A700005B05DF804FB00BF3C38002000B585B010
:102A800003460091ADF80630BDF806301846FFF752
:102A9000ABFD03468DF80F309DF80F30FF2B12D0A1
:102AA0009DF80F2000980A4913465B0013449B00D1
:102AB0000B44024604331868106099889B79918012
:102AC0009371002300E00523184605B05DF804FB70
:102AD0003C38002000B583B001900091019800F0CF
:102AE00077F8034683F00103DBB2002B01D000230B
:102AF00015E0019B1A88009B1B889A4201D0002395
:102B00000DE0019B981C009B02330822194607F038
:102B1000DDFA0346002B0CBF01230023DBB218466D
:102B200003B05DF804FB00B587B0019002F06AFACB
:102B300014E0049B463319460198FFF7CBFF034688
:102B4000002B08D1049B2A3319460198FFF7C2FFD6
:102B50000346002B02D0BDF816300BE003AA0DF19E
:102B600016031946072002F057FA0346002BE0D15E
:102B70004FF6FF73184607B05DF804FB84B00346B8
:102B8000ADF806300023039318E01049039A13466A
:102B90005B0013449B000B441B88BDF806209A423F
:102BA00009D10A49039A13465B0013449B000B4466
:102BB00002331B8807E0039B01330393039B132B12
:102BC000E3D94FF6FF73184604B070473C38002035
:102BD00084B00190019B1B88002B01D0012312E0DF
:102BE000002303930BE0019A039B134402331B78E9
:102BF000002B01D0012306E0039B01330393039BC9
:102C0000072BF0D90023184604B0704700B585B0F3
:102C100003460A46ADF806301346ADF80430BDF859
:102C200006301846FFF7E0FC03468DF80F309DF89C
:102C30000F30FF2B0AD09DF80F20064913465B008A
:102C400013449B000B44BDF804201A8000BF05B05C
:102C50005DF804FB3C38002000B583B003460A460B
:102C6000ADF806301346ADF80430BDF80420BDF8C9
:102C7000063011461846FFF7C9FF00BF03B05DF8E4
:102C800004FB00B585B00346ADF80630BDF806304C
:102C90001846FFF773FF0346ADF80E30BDF8063057
:102CA000184602F051FE0290BDF80E304FF6FF724A
:102CB000934209D0029B002B06D1BDF80E304FF68F
:102CC000FF711846FFF7A2FF029B184605B05DF89A
:102CD00004FB10B5A0B00390029101920093502321
:102CE000059300238DF87F3000238DF87E30019B03
:102CF000002B01D1229B002B019B002B08D0009BB5
:102D0000002B05D001238DF87F30009B00221A6034
:102D1000229B002B08D0239B002B05D001238DF88C
:102D20007E30239B00221A6006AB08220021184641
:102D300007F03AFA08AB079300231E935DE008AB57
:102D400050220021184607F02FFA1E9B5B00039AC1
:102D50001344188805AB06AA072102F0F1F81D906C
:102D60001D9B052B02D01D9B072B01D1052349E09C
:102D70009DF83130C3F34603DBB28DF873309DF814
:102D80007330002B06D09DF87330012B02D043F234
:102D9000022337E09DF87F30002B13D01E9A134694
:102DA000DB009B1A019A13441A460DF1310319688E
:102DB000116099889B7991809371009B1B685A1CC4
:102DC000009B1A609DF87E30002B13D01E9B1B01C8
:102DD000229A13441A460DF121031C685868996819
:102DE000DB68146050609160D360239B1B685A1CA1
:102DF000239B1A601E9B01331E931E9A029B9A42CC
:102E00009DD30023184620B010BD30B5D5B054ABCB
:102E1000A3F5A673186054ABA3F5A873196054AB5F
:102E2000A3F5A6731B68002B05D054ABA3F5A873BC
:102E30001B68002B06D1002200210020FFF766FB53
:102E4000034682E03AAB4F9354ABA3F5A2735022F2
:102E50001A600CABB8220021184607F0A5F9002330
:102E6000539310E00CA9539A13465B001344DB0004
:102E70009B1A194454ABA3F5A073539A43F822103C
:102E8000539B01335393539B072BEBD9002352934E
:102E900049E03AAB50220021184607F085F9529BD1
:102EA0005B0054AAA2F5A67212681344188803ABFB
:102EB0004EAA072102F044F85190519B052B02D0F5
:102EC000519B072B01D105233FE09DF8F930C3F357
:102ED0004603DBB28DF843319DF84331002B06D019
:102EE0009DF84331012B02D043F202232DE00CA9BF
:102EF000529A13465B001344DB009B1A0B441A469C
:102F00000DF1E90319685D689C68D8681160556027
:102F10009460D06019691161998A9B7D9182937543
:102F2000529B0133529354ABA3F5A873529A1B687A
:102F30009A42AED354ABA3F5A8731B68DAB204ABC4
:102F400000211846FFF7E2FA0346184655B030BD97
:102F500000B587B00590049103920293059B002B66
:102F600001D1039B002B049B002B01D1029B002B62
:102F7000049B002B06D0124B1B781A46049B1B683F
:102F80009A4209D8029B002B08D00D4B1B781A4699
:102F9000029B1B689A4201D904230CE0084B1B7862
:102FA0001946029B0193039B0093049B059A0548D5
:102FB000FFF78FFE0346184607B05DF804FB00BF1D
:102FC0002D3900203039002000B59FB003900291C8
:102FD000102200212A4807F0E7F8039B002B02D0BB
:102FE000029B002B08D1274B00221A7000210020E1
:102FF000FFF788FA03463FE0029BDAB2214B1A70D2
:10300000029B5B001A4603991D4807F09BF80023BA
:103010001B9305AB38220021184607F0C5F81BABFF
:1030200005AA002101910021009102990398FFF760
:1030300050FE1C901C9B002B01D01C9B1CE000230D
:103040001D930EE005A91D9A1346DB009B1ACA18B2
:103050001D9B9B0078336B4443F82C2C1D9B013344
:103060001D931D9B072BEDD9029BDAB213AB1146C2
:103070001846FFF747FA034618461FB05DF804FBF1
:10308000303900202D39002000B595B00390029111
:103090000192002313930DE0139BC3F10F03039AD6
:1030A0001344197805AA139B13440A461A70139BFC
:1030B00001331393139B0F2BEED905AB10330D2265
:1030C0000021184607F070F8002312930DE0029AD1
:1030D000129B1A44129BC3F10F03127850336B44B6
:1030E00003F82C2C129B01331293129B022BEED966
:1030F00005AB1846FFF70EFA002311930DE0119B64
:10310000C3F10F020199119B0B4450326A4412F82B
:103110001C2C1A70119B01331193119B022BEED9B9
:1031200000BF00BF15B05DF804FB00B587B001908B
:103130000091019B1B7823F00103DBB2042B01D02B
:1031400000231FE0019B5A1C05AB1188927819805F
:103150009A70019B1A1D03AB1188927819809A709E
:10316000009B04AA03A91846FFF78EFF04A905AB2C
:103170000322184606F0AAFF0346002B0CBF0123CA
:103180000023DBB2184607B05DF804FBA0DF7047F0
:1031900000BF1846A5DF704700BF1846A8DF70477C
:1031A00000BF184682B001900091019BDAB2009BEB
:1031B0001A70019B1A0A009B0133D2B21A70019B4C
:1031C0001A0C009B0233D2B21A700323184602B0C5
:1031D000704700B583B001900091019B002B02D095
:1031E000009B0198984700BF03B05DF804FB00B551
:1031F0008BB00190009102AB20220021184606F00E
:10320000D3FF42F6A423ADF808309DF8153043F003
:1032100008038DF8153001238DF8183001238DF83F
:1032200014308023ADF80C3000238DF81930009B4A
:103230009B7A8DF81A30009BDB68002B05D09DF837
:10324000163043F001038DF81630019B1888019B5E
:1032500003F1160202AB1946FCF74CFD0346184673
:103260000BB05DF804FB00B5A5B001900091019B87
:103270000C332393019B002283F82C20009B1B78A6
:10328000032B06D1239B1B7803F00803DBB2002B32
:1032900015D1009B1B78062B06D1239B1B7803F0CE
:1032A0000203DBB2002B0AD1009B1B78092B32D121
:1032B000239B1B7803F02003DBB2002B2BD0019B58
:1032C0005B68002B23D002AB84220021184606F055
:1032D0006BFF00238DF80830009BB3F88230ADF807
:1032E0008A30009B991C009BB3F882301A4602ABCF
:1032F0000233184606F026FF019B022283F82C2099
:10330000019B5B6802AA11460198984703E0019B64
:10331000012283F82C2000BF25B05DF804FB00B526
:1033200087B003900B460192ADF80A300023ADF848
:103330001630BDF80A30002B01D1092326E0BDF874
:103340000A30802B01D9092320E0BDF816305A1C21
:10335000ADF816201A46039B13441A78019B1A7085
:10336000BDF80A20BDF81630D31A9AB2019BA3F813
:103370008220019B981CBDF81630039AD118019B3E
:10338000B3F882301A4606F0DDFE0023184607B077
:103390005DF804FB00B583B001900B468DF8033057
:1033A0009DF80330092B10D0092B13DC032B02D01E
:1033B000062B05D00EE0019B1B6A019898470AE096
:1033C000019B5B6A0198984705E0019B9B6A019805
:1033D000984700E000BF00BF03B05DF804FB82B077
:1033E00001900091019B1B78092B26D0092B34DC1E
:1033F000032B02D0062B10D02FE0009B1B7803F08C
:103400000403DBB2002B06D1009B1B7803F00803FA
:10341000DBB2002B23D0012327E0009B1B7803F0B5
:103420000103DBB2002B06D1009B1B7803F00203E3
:10343000DBB2002B15D0012317E0009B1B7803F0B3
:103440001003DBB2002B06D1009B1B7803F0200396
:10345000DBB2002B07D0012307E000BF04E000BF70
:1034600002E000BF00E000BF0023184602B0704732
:1034700000B587B00390029100931346ADF8063073
:10348000BDF80630009A19460298FFF748FF0590EC
:10349000059B002B0BD01F4B1B881B0443F0010323
:1034A0001D491846F0F7AAFB40F281132DE0039B5B
:1034B0000C3319460098FFF792FF034683F001038F
:1034C000DBB2002B0BD0134B1B881B0443F0010312
:1034D00012491846F0F792FB4FF4C07315E00099BB
:1034E0000398FFF7C0FE039B93F82C30002B0BD002
:1034F000084B1B881B0443F0010309491846F0F7E9
:103500007DFB4FF4847300E00023184607B05DF89C
:1035100004FB00BFF820002030BA030058BA0300B3
:1035200080BA030000B585B0019000910023039399
:10353000019B1B7803F00203DBB2002B03D0039B3B
:1035400043F400630393019B1B7803F02003DBB279
:10355000002B03D0039B43F400330393019B1B78A0
:1035600003F01003DBB2002B03D0039B43F4803342
:103570000393019B1B7803F00103DBB2002B03D004
:10358000039B43F480630393019B1B7803F00803C0
:10359000DBB2002B03D0039B43F020030393019B7A
:1035A0001B7803F00403DBB2002B03D0039B43F032
:1035B0001003039300990398FFF7F4FD03461846A0
:1035C00005B05DF804FB00B58DB001900091019B42
:1035D0000C330B930B9B1B7803F00203DBB2002B25
:1035E0000DD10B9B1B7803F02003DBB2002B06D11F
:1035F0000B9B1B7803F00803DBB2002B05D0009B6C
:103600001B68002B01D10E2372E00B9B1B7803F08B
:103610000803DBB2002B06D10B9B1B7803F00403DD
:10362000DBB2002B05D0009B1B69002B01D10E23C0
:103630005EE00B9B1B7803F00103DBB2002B06D18D
:103640000B9B1B7803F00203DBB2002B05D0009B21
:103650005B69002B01D10E234AE00B9B1B7803F022
:103660001003DBB2002B06D10B9B1B7803F0200369
:10367000DBB2002B05D0009B9B69002B01D10E23F0
:1036800036E0019B0C330AAA11461846FFF74AFFA1
:1036900003468DF82B3002AB20220021184606F09D
:1036A00083FD42F6A523ADF808309DF8153043F0B0
:1036B00002038DF815309DF82B309BB2ADF80C301D
:1036C0000AAB04939DF82B309BB2ADF80E30009BF3
:1036D0005B7A8DF8193000238DF81A30019B188819
:1036E000019B03F10E0202AB1946FCF703FB0346F4
:1036F00018460DB05DF804FB00B5A7B00390029129
:103700000192029B03F10C01029B5A8904AB0398BE
:10371000FFF7AEFE03462593259B002B09D0259B82
:103720009AB2019B1A80019A937823F00103937057
:1037300016E0019B00221A80019A937843F001035E
:103740009370094B1B881B0443F003030749184679
:10375000F0F754FA9DF8103019460398FFF71AFE57
:1037600027B05DF804FB00BFF8200020A8BA0300D2
:1037700000B589B001900091009B0233079302AB22
:1037800010220021184606F00FFD079B1B78022B24
:1037900022D1079B1B7A012B1ED1079B5A88019BC4
:1037A000DB8A9A4218D102238DF80830079B991CB6
:1037B00002AB04331A460198FFF79EFF019B5B881A
:1037C00002AA11461846FFF7E9FC0690019B9B6888
:1037D00019460698FFF7FDFC00BF09B05DF804FB31
:1037E00000B5C9B048ABA3F58A73186048ABA3F520
:1037F0008C73196048ABA3F58E731A608023ADF803
:103800001A3148ABA3F58E731B6859880DF58D737B
:1038100026AA48A8A0F58C70006801F07CF84790B3
:10382000479B002B0BD00D4B1B881B0443F001035F
:103830000B491846F0F7E2F940F281130AE0BDF8AF
:103840001A2105AB26A948A8A0F58A700068FFF7E1
:103850000FFE0346184649B05DF804FBF82000202F
:1038600030BA030000B5CBB04AABA3F58E73186035
:103870004AABA3F5907319604AABA3F592731A6033
:103880008023ADF826314AABA3F58A7380221A80D3
:103890004AABA3F58A7300225A804AABA3F58A7318
:1038A00028AA5A604AABA3F58E731B68DB8AADF871
:1038B00024314AABA3F58E731B685B8805AABDF85B
:1038C00024111846FFF766FC4890489B002B0BD04C
:1038D0001E4B1B881B0443F001031D491846F0F7DB
:1038E0008DF940F281132CE04AABA3F58A735B6833
:1038F00007AABDF826111846FFF711FD4890489B0E
:10390000002B0BD0114B1B881B0443F00103104903
:103910001846F0F773F940F2811312E04AABA3F5B1
:1039200086731A784AABA3F58E7311461868FFF7B1
:1039300031FD4AABA3F58E731B68012283F82C205E
:10394000002318464BB05DF804FB00BFF8200020B0
:1039500030BA030000B585B0039002910192039B39
:10396000002B02D14FF4C07330E0029B002B02D138
:103970004FF4C0732AE0019B002B02D14FF4C073B7
:1039800024E0019B5A88039BDB8A9A4202D04FF4C1
:10399000C0731BE0019B1B78012B06D1019A029991
:1039A0000398FFF71DFF034610E0019B1B78002BD7
:1039B0000BD1039B93F82C30002B06D1019A02996E
:1039C0000398FFF74FFF034600E00023184605B0B9
:1039D0005DF804FB00B585B001900091009B002BC1
:1039E00010D0019B002B0DD0009B0393019B1B88E3
:1039F000512B06D1019B043319460398FFF7B8FEFB
:103A000000E000BF05B05DF804FB82B001900B46FA
:103A1000ADF80230019B002B01D10E2304E0019B85
:103A2000BDF802205A800023184602B070470000FB
:103A300000B585B001900091009B002B01D10E23B1
:103A40005AE0019B002B01D10E2355E001238DF894
:103A50000A3041F61E03ADF80830009B1A68019B3E
:103A60005A60009B5A68019B9A60019B009A127AE7
:103A70001A73019B009A2033103207CA83E80700AB
:103A8000019B4FF6FF725A80019A02AB1946012042
:103A9000FFF77CFB0390039B002B01D0039B2BE0E3
:103AA00000990198FFF78FFD0390039B002B01D035
:103AB000039B21E000990198FFF799FB0390039B7A
:103AC000002B01D0039B17E0009BDB68002B09D083
:103AD000009BDA68019BDB8A1946104600F0EDFE78
:103AE000034609E0064B1B881B0443F0030305490A
:103AF0001846F0F783F80023184605B05DF804FB7C
:103B0000F8200020C8BA030082B001900B468DF85F
:103B10000330019B002B01D10E2314E0019B93F88D
:103B20002C30022B01D008230DE09DF80330002B30
:103B300004D0019B002283F82C2003E0019B01228A
:103B400083F82C200023184602B07047A0DF70478E
:103B500000BF1846A4DF704700BF184682B0034676
:103B60000091ADF80630BDF80630DAB2009B1A704D
:103B7000BDF806301B0A9AB2009B0133D2B21A700C
:103B80000223184602B0704782B001900091019B59
:103B9000DAB2009B1A70019B1A0A009B0133D2B261
:103BA0001A70019B1A0C009B0233D2B21A700323C5
:103BB000184602B0704700B587B0FCF7CFF903464E
:103BC000ADF81630BDF81630002B0FD0BDF816300A
:103BD000DBB2013BDBB26A4611461846FCF7C4F97A
:103BE0000490049B002B01D0049B00E000231846A6
:103BF00007B05DF804FB00B585B00190009100238B
:103C00008DF80F30009B18689DF80F30019A13440F
:103C10001946FFF7B9FF03461A469DF80F301344C3
:103C20008DF80F30009B5B795BB21B015AB2009B91
:103C30001B795BB203F00F035BB213435AB29DF8DA
:103C40000F30591C8DF80F101946019B0B44D2B24E
:103C50001A709DF80F30019A134419464FF6FF7001
:103C6000FFF77CFF03461A469DF80F3013448DF88A
:103C70000F309DF80F30184605B05DF804FB00B515
:103C80008DB0019002AB20220021184606F08CFA7C
:103C9000019B03F144020AAB11461846FFF7ABFF44
:103CA00003468DF82F3042F6A823ADF808309DF872
:103CB0002F309BB2ADF80C309DF82F309BB2ADF891
:103CC0000E300AAB049302238DF8193000238DF8CF
:103CD0001A30019B1889019B03F1120202AB1946AD
:103CE000FCF708F8034618460DB05DF804FB00B574
:103CF00085B00190009100238DF80F30009BB3F840
:103D00009A009DF80F30019A13441946FFF726FFD9
:103D100003461A469DF80F3013448DF80F309DF876
:103D20000F305A1C8DF80F201A46019B1344009A3D
:103D300092F89E201A709DF80F305A1C8DF80F20B3
:103D40001A46019B1344009A92F89D201A709DF820
:103D50000F305A1C8DF80F201A46019B1344009A0D
:103D600092F89C201A709DF80F30184605B05DF847
:103D700004FB00B58DB0019002AB20220021184653
:103D800006F012FA0AAB01991846FFF7B0FF034696
:103D90008DF82F3042F6A923ADF808309DF82F306A
:103DA0009BB2ADF80C309DF82F309BB2ADF80E30C1
:103DB0000AAB049302238DF8193000238DF81A30D2
:103DC000019B1889019B03F13A0202AB1946FBF7EC
:103DD00091FF034618460DB05DF804FB00B58DB0A9
:103DE000019000238DF82F3003AB202200211846CC
:103DF00006F0DAF9019BB3F898009DF82F300BAA72
:103E000013441946FFF7AAFE03461A469DF82F30C1
:103E100013448DF82F3042F6AB23ADF80C3002235B
:103E2000ADF810309DF82F309BB2ADF812300BABCF
:103E3000059302238DF81D3000238DF81E30019B61
:103E40001889019B03F12A0203AB1946FBF752FFC5
:103E5000034618460DB05DF804FB000000B585B0C0
:103E600001900091019B002B01D10E23C8E0009B23
:103E7000002B01D10E23C3E0009B1B68002B01D156
:103E80000E23BDE0FCF748F80390039B002B01D004
:103E9000039BB5E0FFF78FFE0390039B002B01D03F
:103EA000039BADE0009B1A68019B1A60009B5A6857
:103EB000019B5A60019B009A4433083292E8030048
:103EC00083E80300019B009A9A331032106818604F
:103ED00092889A80009BDA8A019BA3F89820019B24
:103EE000002283F89520019B002283F89620019BF5
:103EF0004FF6FF72A3F84220019B00225A64019BF7
:103F00005B6C43F40052019B5A64019B5B6C43F46D
:103F10008042019B5A64019B032283F84820019B45
:103F2000022283F84920019B5B6C43F40052019B01
:103F30005A64019B633334491A460B4603CB106025
:103F400051601B881381019B002283F8A020019BF4
:103F5000002283F8A72001238DF80A3041F61F03C1
:103F6000ADF80830019B03F1080202AB19460120AD
:103F7000FFF7ECFD0390039B002B01D0039B3FE078
:103F80000198FCF737F90390039B002B01D0039BAA
:103F900036E00198FFF773FE0390039B002B01D0DE
:103FA000039B2DE00198FFF7E4FE0390039B002B99
:103FB00001D0039B24E00198FCF742FA0390039B95
:103FC000002B01D0039B1BE00198FDF74FFC0390F1
:103FD000039B002B01D0039B12E00198FFF7FEFE2C
:103FE0000390039B002B01D0039B09E00198FCF791
:103FF000F0FF0390039B002B01D0039B00E0002304
:10400000184605B05DF804FBD821002000B585B046
:1040100001900091009B0633039303990198FCF7EC
:10402000E4F900BF05B05DF804FB00B583B0019072
:104030000091019B002283F8A7200198FCF711FF53
:104040000198FDF701FA00BF03B05DF804FB00B56D
:1040500085B001900091009B06330393039B1A885F
:10406000019B5B8C9A4211D1019B93F8A030032BEA
:1040700004D1019B002283F8A02007E0019B5B682C
:10408000002B03D0019B5B6808209847039B1A888C
:10409000019B5B8E9A4211D1019B93F8A030052BB6
:1040A00004D1019B002283F8A02007E0019B5B68FC
:1040B000002B03D0019B5B680820984700BF05B028
:1040C0005DF804FB00B585B001900091009B0233C0
:1040D000039303990198FCF7ACFE03990198FDF74F
:1040E0009BF903990198FDF72DFC00BF05B05DF821
:1040F00004FB000000B585B001900091009B039384
:10410000019B1B88572B43DC502B04DA102B19D052
:10411000112B21D03CE0503B072B39D801A252F89B
:1041200023F000BF65410300794103009141030082
:104130008741030091410300914103009141030035
:104140006F410300019B9A88039BA3F84220039BC5
:10415000002283F8A0201CE0039B4FF6FF72A3F817
:10416000422016E001990398FFF750FF11E00199F2
:104170000398FFF75AFF0CE0019B0433194603989C
:10418000FFF7A0FF05E001990398FFF760FF00E04B
:1041900000BF00BF05B05DF804FB00BF00B585B0EF
:1041A000019000910023039301238DF80B300098B8
:1041B000FBF708FF0390039B002B01D0039B14E047
:1041C000019BB3F842304FF6FF7293420CD0019B33
:1041D00093F84C30002B07D00DF10B031A460099D1
:1041E0000198FCF75AF80390039B184605B05DF858
:1041F00004FB00B587B00190009102AB08220021BA
:10420000184605F0D1FF019B009A9A331168196096
:1042100092889A8004AB01991846FFF768FD03461F
:10422000ADF8083004AB03930023ADF80A30019BCE
:10423000B3F84200019B5B8F02AA1946FFF78AFC84
:104240000346184607B05DF804FB82B001900B46A8
:10425000ADF80230019B002B01D10E2305E0019B3C
:10426000BDF80220A3F842200023184602B0704790
:1042700090DF704700BF18469EDF704700BF1846AA
:10428000ADDF704700BF184682B00190019B172236
:104290001A80019B17225A80019B00221A71019BF0
:1042A00000225A71019B1B229A71019B1B22DA7119
:1042B00000BF02B07047000000B587B00346009110
:1042C000ADF80630BDF80630009ADB0013441B7BC6
:1042D000ADF80C30BDF80630009ADB0013441B7BB0
:1042E000ADF80E300023ADF810300023ADF81230D9
:1042F00003A9BDF8063000221846FFF7B9FF059064
:10430000059B002B0AD0074B1B881B0443F00100C0
:10431000BDF80620059B0449EFF78FFC00BF07B0EE
:104320005DF804FB04210020E4BA030000B587B067
:1043300001900091009B9B88ADF81630BDF81630B7
:10434000DB00019A134406330493019B1A79049B02
:104350009A71009BDB7B012B02D0022B05D009E078
:10436000019B1A88049B1A8004E0019B5A88049BD5
:104370001A8000BF049B1A88049B5B889A4220D94C
:10438000049B1A88BDF8163011461846FFF774FFD3
:104390000390039B002B03D1049B01225A7110E070
:1043A000039B112B03D1049B01221A7109E00D4BD1
:1043B0001B881B0443F00103039A0B491846EFF7CF
:1043C0002BFC049B9A79049BDB799A4205D9BDF8B2
:1043D000163001991846FFF76FFF00BF07B05DF870
:1043E00004FB00BF0421002044BB030000B583B0E0
:1043F00001900091009B9B88DB00019A13440633D7
:104400001846FFF741FF00BF03B05DF804FB00B59D
:1044100087B001900091009B9B88ADF81630009BFF
:104420005B89ADF81430BDF81630DB00019A1344F7
:1044300006330493049B1B88BDF81420934228BFC5
:1044400013469AB2049B5A80049B5B88172B38BF93
:1044500017239AB2049B5A80019B1B69002B15D02D
:10446000049B5B79002B11D040F67723ADF8083020
:10447000BDF81630ADF80A30049B5B88ADF80C30FF
:10448000019B1B6902AA114601989847049B0022D0
:104490005A71049B00221A7100BF07B05DF804FB3B
:1044A00000B589B001900091009B9B88ADF81A304F
:1044B000009BDB88ADF81830BDF81A30DB00019A9C
:1044C000134406330593BDF81830172B38BF172354
:1044D000ADF81830059B1B88BDF81820934228BF03
:1044E00013469AB2059B5A80059B00221A71059BC0
:1044F0001A88BDF81A3011461846FFF7C1FE07901A
:10450000079B002B09D0144B1B881B0443F00103AD
:10451000079A12491846EFF77FFB059B5B79002B42
:1045200016D1019B1B69002B13D040F67723ADF801
:104530000C30BDF81A30ADF80E30059B5B88ADF835
:104540001030019B1B6903AA11460198984700E0AF
:1045500000BF09B05DF804FB0421002088BB030004
:1045600030B593B001900091009B04AC1D1D0FCDA0
:104570000FC40FCD0FC40FCD0FC42B682360BDF83F
:104580001030ADF84630BDF81420BDF84630D1B239
:10459000019ADB0013440A465A73019B1B69002BE6
:1045A00019D002AB00221A609A804DF67A23ADF83A
:1045B0000830BDF84630ADF80A30BDF84630019AF3
:1045C000DB0013445B7B8DF80C30019B1B6902AA56
:1045D00011460198984700BF13B030BD00B58BB0AD
:1045E00001900091009B04330793079B1B88DB001D
:1045F000019A134406330693079B9B888DF8173066
:10460000069B9B799DF81720934228BF13468DF88F
:10461000273003AB00221A605A609DF827309BB206
:10462000ADF80C309DF827309BB2ADF80E30079BEB
:104630001B8803A900221846FFF71AFE0890089B62
:10464000002B09D0064B1B881B0443F00103089A7A
:1046500004491846EFF7E0FA00BF0BB05DF804FB21
:1046600004210020CCBB030000B585B0019000916F
:10467000019B002B01D10E231DE0019B009A1A61C2
:10468000019B17221A80019B17225A80019B1B2233
:104690001A71002303930AE0039BDB00019A134481
:1046A00006331846FFF7F0FD039B01330393039B8A
:1046B000002BF1D00023184605B05DF804FB000084
:1046C00000B587B001900091009B0593019B9B88EA
:1046D000ADF81230BDF81230002B40F09280019BF3
:1046E0001B88552B48D0552B55DC242B32DC102B46
:1046F00051DB103B142B4ED801A252F823F000BF1F
:104700005B47030065470300974703009747030093
:104710009747030097470300974703009747030015
:104720009747030097470300974703009747030005
:1047300097470300974703009747030097470300F5
:104740009747030097470300974703008D470300EF
:10475000834703003A2B0AD01DE001990598FFF723
:10476000E5FD19E001990598FFF740FE14E0019975
:104770000598FFF74CFE0FE001990598FFF790FEB2
:104780000AE001990598FFF7EBFE05E0019905980D
:10479000FFF724FF00E000BFBDF81230059ADB00F0
:1047A00013449B7A002B2DD0BDF81230059ADB0004
:1047B0001344DA88BDF8123011461846FFF75CFD45
:1047C0000390039B002B0ED1BDF81230059ADB003D
:1047D000134400229A72BDF81230059ADB0013448C
:1047E0000122DA720EE0039B112B0BD0074B1B88C2
:1047F0001B0443F00103039A05491846EFF70CFA2E
:1048000000E000BF07B05DF804FB00BF04210020FA
:1048100044BB030082B00190019B1B781AB2019B3C
:1048200001331B781BB21B021BB213431BB29BB29A
:10483000184602B0704700B583B001900091019B0B
:10484000002B01D10E2334E0009B002B01D10E235D
:104850002FE0019B1B78DE2B01D1082329E0019B6F
:10486000023314220021184605F09EFC019B002211
:104870009A75009B1A68019B9A63019B002283F83A
:104880003C20019B4FF6FF72DA87019BDE221A70F3
:10489000019B009A3033043292E8030083E803005E
:1048A000009BDA68019B1A64019B002283F82C208C
:1048B0000023184603B05DF804FB82B001900B465C
:1048C000ADF80230019B002B01D10E2320E0019BAB
:1048D0001B78DE2B01D008231AE0019B9B7D0A2B5D
:1048E00001D1042314E0BDF80230002B01D10723CD
:1048F0000EE0019B9B7D019A5B001344BDF80220F2
:104900005A80019B9B7D0133DAB2019B9A7500238B
:10491000184602B0704700B589B003900192009329
:104920000B46ADF80A30039B002B01D10E238AE021
:10493000019B002B01D10E2385E0009B002B01D1B0
:104940000E2380E0039B1B78DE2B01D008237AE046
:104950000023ADF81E300023ADF81A300023ADF867
:1049600018300023ADF816300023ADF81C30039B3F
:104970001A6BBDF81E3013441846FFF74BFF034671
:10498000ADF81A30BDF81A30002B56D0BDF81E30E5
:104990000233ADF81E30039B1A6BBDF81E30134472
:1049A0001846FFF737FF0346ADF81630BDF81E3046
:1049B0000233ADF81E30039B1A6BBDF81E30134452
:1049C0001846FFF727FF0346ADF81830BDF81E3034
:1049D0000233ADF81E30BDF81A20BDF80A309A42F5
:1049E0001DD1BDF81620BDF818301344ADF81C30A9
:1049F000009B1B88BDF81C209A420ED8BDF81630CB
:104A0000019AD018039B1A6BBDF81E301344BDF8F1
:104A10001820194605F096FB01E0042313E0BDF8C9
:104A20001E20BDF818301344ADF81E30039B9B8E3A
:104A3000BDF81E209A429AD300E000BF009BBDF84B
:104A40001C201A800023184609B05DF804FB82B0D0
:104A500001900B46ADF80230019B002B01D10E23D3
:104A60000AE0019B1B78DE2B01D0082304E0019BA8
:104A7000BDF80220DA870023184602B07047000014
:104A800000B585B00190019B4FF6FF725A8000235C
:104A9000039305E0064B01989847039B013303936A
:104AA000039B002BF6D000BF00BF05B05DF804FBF0
:104AB0004158030082B00346ADF80630BDF8063019
:104AC000A3F580439BB2184602B0704782B00346FC
:104AD000ADF80630BDF8063003F580439BB21846AA
:104AE00002B0704782B003468DF807309DF807305A
:104AF0009BB2A3F580439BB2184602B0704782B0C8
:104B00000346ADF80630BDF80630DBB2184602B0F9
:104B1000704782B00346ADF80630BDF80630B3F5F5
:104B2000404F07D3BDF806304FF6FF72934201D0D5
:104B3000012300E0002303F00103DBB2184602B0BA
:104B4000704782B00346ADF80630BDF80630B3F5C5
:104B5000404F07D3BDF806304FF6FF72934201D0A5
:104B6000012300E0002303F00103DBB2184602B08A
:104B7000704782B003468DF807309DF80730072B49
:104B800013D09DF80730012B0FD09DF80730082B6C
:104B90000BD09DF80730052B07D09DF80730062B6A
:104BA00003D09DF80730042B01D1012300E000233E
:104BB00003F00103DBB2184602B0704700B589B0BC
:104BC00003460091ADF8063003AB00221A605A602C
:104BD0009A60DA601A6107238DF80C30BDF8063050
:104BE000ADF81030009B059303AB1846FFF748FF64
:104BF00000BF09B05DF804FB00B589B001AB082225
:104C00000021184605F0D0FA4FF6FF7001F044FA83
:104C10000346ADF81E300CE0BDF81E30184601F01A
:104C20008DF9BDF81E30184601F036FA0346ADF88E
:104C30001E30BDF81E304FF6FF7293420ED0BDF805
:104C40001E301846FFF736FF0346184601AA03AB8D
:104C50001946F2F70CFC03460A2BDDD01A4B1B78E1
:104C600083F00103DBB2002B29D0BDF81E304FF6D4
:104C7000FF72934223D0144B01221A70BDF81E30EC
:104C80001846FFF717FF0346ADF81C30BDF81C307F
:104C90001846F2F75BFB0690069B082B03D10B4BE3
:104CA00001221A700BE0069B002B08D0064B002255
:104CB0001A70BDF81E3006991846FFF77FFF00BF37
:104CC00009B05DF804FB00BF4239002041390020E3
:104CD00000B587B003460092ADF806300B468DF85C
:104CE00005309DF805301846FFF743FF02AB082258
:104CF0000021184605F058FABDF806301846FFF7AF
:104D0000D9FE0346ADF816309DF805301846FFF77A
:104D1000E9FE0346ADF8143002ABBDF81410BDF83F
:104D20001600009AF2F77AFB0490049B002B01D046
:104D3000052300E00023184607B05DF804FB00B52A
:104D400089B06B4608220021184605F02DFA07208D
:104D5000FFF7C8FE0346ADF81E3016E002AA04AB0A
:104D600011461846F2F7C0F9029B9B881846FFF7D8
:104D7000ADFE0346ADF81C3004AB1846F2F7F0F96F
:104D8000BDF81C30184601F0A1F86A4604A9BDF828
:104D90001E301846F2F758FB0346002BDED000BF4A
:104DA00000BF09B05DF804FB00B589B0019003AB0A
:104DB00000221A605A609A60DA601A61019B9B892E
:104DC0001846FFF783FE0346ADF81030019B1B78B1
:104DD000052B6FD0052B79DC032B02DC002B03DCC9
:104DE00074E0042B3DD071E0019B9B891846FFF7CE
:104DF00090FE0346002B07D1019BDB891846FFF785
:104E0000A0FE0346002B63D0019BDB891846FFF709
:104E100076FE03468DF81430019B1B78032B0CBFE4
:104E200001230023DBB28DF81530019B9B680693AC
:104E3000019B5B68002B09D108238DF80C309DF88D
:104E40001C3043F001038DF81C3005E009238DF878
:104E50000C30019B5B68079303AB1846FFF710FE0D
:104E600036E0019B9B891846FFF753FE0346002B53
:104E700030D0019BDB89002B2CD1019B5B68002B80
:104E800008D10A238DF80C30BDF81030184601F017
:104E900055F802E00B238DF80C30154B00221A70E8
:104EA000144B00221A70FFF7A7FE03AB1846FFF75A
:104EB000E7FD0FE013238DF80C304FF6FF73ADF8CC
:104EC000103003AB1846FFF7DBFD04E000BF02E043
:104ED00000BF00E000BF064B1B78002B04D0044B42
:104EE00000221A70FFF788FE00BF09B05DF804FBCE
:104EF000413900204239002000B583B00E48F1F757
:104F0000F5FF0190019B002B01D003230FE0F2F786
:104F10005BF80190019B002B01D0862307E000F095
:104F20006DFFFFF70CFF054B01221A700023184696
:104F300003B05DF804FB00BFA94D03004039002019
:104F400000B58DB0029201930346ADF80E300B46CA
:104F50008DF80D30BDF80E30FF2B01D907234DE041
:104F60009DF80D301846FFF704FE034683F0010359
:104F7000DBB2002B01D0072340E007AA9DF80D10FB
:104F8000BDF80E301846FFF7A3FE0B900B9B002BCD
:104F900001D0052332E005AA07AB11461846F2F707
:104FA000A3F80B900B9B002B01D0052326E0029B5E
:104FB0009DF80D209A70059B5A88029B1A80019BD0
:104FC000002B03D1069A029B5A6012E0029B1B88B9
:104FD0009B000A93019B1B680A9A9A4207D8029B7E
:104FE0005B6806990A9A184605F0ACF801E00423BC
:104FF00004E007AB1846F2F7B3F8002318460DB0EB
:105000005DF804FB08B508220021024805F0CCF841
:1050100000BF08BD4439002000B58DB003460291A1
:1050200001928DF80F309DF80F301846FFF7A1FD63
:10503000034683F00103DBB2002B01D0012338E0EB
:105040009DF80F301846FFF74DFD0346ADF82E30A2
:1050500007A9BDF82E30194A1846F2F7F5F90346AC
:10506000002B01D0002324E005AA07AB1146184607
:10507000F2F73AF80A900A9B002B01D0002318E0BF
:10508000019B9DF80F209A70059B5A88019B1A80FE
:10509000069A019B5A60059B9B881846FFF716FDF0
:1050A00003461A46029B1A8007AB1846F2F758F8D7
:1050B000012318460DB05DF804FB00BF4439002001
:1050C00000B585B001900091019B9B781846FFF7D1
:1050D00050FD034683F00103DBB2002B01D0072310
:1050E0001AE0019B1B8819460098F2F781F803909B
:1050F000039B092B0BD0039B092B0CD8039B002B84
:1051000003D0039B072B04D005E0002304E0092310
:1051100002E0862300E00323184605B05DF804FB97
:1051200000B585B0019001AB1846F2F791F80390F5
:10513000039B002B01D0032300E00023184605B099
:105140005DF804FB00B58DB0029101920093034617
:10515000ADF80E30BDF80E30FF2B01D9072382E0E9
:10516000029B9B781846FFF704FD034683F001037A
:10517000DBB2002B01D0072375E0BDF80E301846D6
:10518000FFF798FC0346ADF82030029B9B78184649
:10519000FFF7A8FC0346ADF82230029B5B68099339
:1051A000029B1B880A93029B997805AABDF80E30D2
:1051B0001846FFF78DFD0B900B9B052B12D1019B21
:1051C000002B07D108AA05AB11461846F2F786F85E
:1051D0000B9015E001AA08A905AB1846F2F78DF867
:1051E0000B900DE0019B002B03D001AB1846F2F7AA
:1051F0002FF808AA05AB11461846F2F793F80B9062
:105200000B9B0E2B2ED801A252F823F0495203001B
:1052100065520300655203006552030065520300A6
:105220006552030065520300615203005D520300A2
:105230006552030065520300655203006552030086
:10524000655203005D520300009B002B04D005ABA8
:1052500000991846F2F71EF9002304E0112302E03A
:10526000862300E0032318460DB05DF804FB00BF61
:1052700008B54FF6FF7000F029FE0346184608BD3A
:1052800000B583B00346ADF80630BDF80630FF2BFD
:1052900001D9072307E0BDF80630184600F028FEC4
:1052A000FFF7AAFC0023184603B05DF804FB00B525
:1052B00083B00346ADF80630BDF80630184600F05E
:1052C00057FE0346184603B05DF804FB00B583B0F3
:1052D0000346ADF80630BDF80630184600F0A8FECB
:1052E0000346184603B05DF804FB00B583B00346DF
:1052F000ADF80630BDF80630184600F0CDFE034686
:10530000184603B05DF804FB82B00190019B4FF694
:10531000FF721A80019BFF229A70019BFF225A7331
:10532000019A937B23F002039373019A937B23F0FA
:1053300001039373019B00221A73019B00225A60A0
:10534000019B00229A6000BF02B0704784B0034600
:105350000091ADF80630009B1B68039313E00D4AE3
:10536000039B1B0113441B88BDF806209A4207D1FA
:10537000009B039A1A60039B1B01064A134406E034
:10538000039B01330393039B012BE8D900231846A9
:1053900004B070476039002000B585B003460A4666
:1053A000ADF8063013468DF805300023029302AAAB
:1053B000BDF8063011461846FFF7C8FF03900AE013
:1053C000029B0133029302AABDF80630114618462B
:1053D000FFF7BCFF0390039B002B17D0039B9B7828
:1053E0009DF805209A42EBD1039B9B7B03F00203BF
:1053F000DBB2002BE4D1039B9B7B03F00103DBB208
:10540000002BDDD1039B9B68002BD9D1039B184651
:1054100005B05DF804FB000084B001900023039305
:1054200010E00C4A039B1B01134408331B68019ACC
:105430009A4204D1039B1B01064A134406E0039BD6
:1054400001330393039B012BEBDD0023184604B0CB
:10545000704700BF6039002008B5FF214FF6FF708C
:10546000FFF79AFF0346184608BD000000B585B057
:105470000190002303930CE0019B5A7B039BDBB25A
:105480001344DBB21946094801F022FC039B0133A7
:105490000393019B1B7B1A46039B9342ECD3019819
:1054A000FFF732FF00BF05B05DF804FB5039002064
:1054B00000B583B001900B46ADF8023013468DF86D
:1054C0000130019B002B13D0FFF7C6FF0246019B62
:1054D0001A60019B1B68002B0CD0019B1B68BDF858
:1054E00002201A80019B1B689DF801209A7002E03F
:1054F00000BF00E000BF03B05DF804FB00B585B05D
:1055000001900023039308E0084A039B52F82330DC
:1055100001989847039B01330393039B032BF3D913
:1055200000BF00BF05B05DF804FB00BF14BC030062
:1055300000B583B00023019309E0019B1B01084AD9
:1055400013441846FFF7E0FE019B01330193019BD2
:10555000012BF2D900BF00BF03B05DF804FB00BF10
:105560006039002086B0039001921A460B468DF8F0
:105570000B301346ADF80830BDF808301A469200DB
:1055800013441B01ADF81630039B9DF80B209A7055
:10559000039B019A5A60BDF8163003339B109AB2F0
:1055A000039B1A8000BF06B0704700B585B003901A
:1055B000019200930B468DF80B30009B9BB29DF837
:1055C0000B10019A0398FFF7CDFF00BF05B05DF8FF
:1055D00004FB000082B00190019B9B78013B072BEC
:1055E00027D801A252F823F01156030033560300C6
:1055F0003356030033560300335603001956030095
:105600000956030021560300019B14221A8011E061
:10561000019B01221A800DE0019B01221A8009E002
:10562000019B5B689B8809339B089AB2019B1A8097
:1056300000E000BF00BF02B0704700BF00B587B0F8
:1056400001900023059302AB00221A605A60019B6F
:105650009B788DF80A30019B5B7B19463D4801F031
:1056600005FB0490049B002B01D103236DE0019BFB
:105670009978019B1B7B02A8049AFFF796FF02AB67
:105680001846FFF7A7FF019B1888019B5A68019BEA
:10569000083302A9FFF756FD0590019B9B7B03F0A1
:1056A0000203DBB2002B0BD0019B9B7B03F00103B9
:1056B000DBB2002B04D0284B1B68013B264A136049
:1056C000059B862B2CD0059B862B39D8059B112B4F
:1056D00014D0059B112B33D8059B002B03D0059BC1
:1056E000072B30D02CE0019A937B23F002039373B5
:1056F000019A937B23F00103937325E0164B1B68FB
:105700000133154A1360019A937B43F002039373AC
:10571000019A937B23F0010393730023059313E015
:105720000D4B1B6801330C4A1360019A937B23F0E5
:1057300002039373019A937B43F00103937303E095
:105740000323059300E000BF059B184607B05DF8F2
:1057500004FB00BF503900208039002000B589B01B
:1057600001900198FFF76AFF0790079B002B19D063
:105770004FF6FF73ADF80A30019B1B88ADF80C3073
:10578000079B862B03D106238DF8083004E00723FE
:105790008DF80830079B049302AB1846FFF7AEFE66
:1057A000002300E00123184609B05DF804FB000067
:1057B00000B585B003468DF807301F4B1B68002BE2
:1057C00034D0002303932DE01C4A039B1B01134498
:1057D00008339B79C3F34003DBB2002B0ED1174A89
:1057E000039B1B01134408339B79C3F30003DBB213
:1057F000002B14D09DF80730002B10D0039B1B0109
:105800000E4A13441846FFF7A9FF03468DF80B30E4
:105810009DF80B3083F00103DBB2002B08D1039B12
:1058200001330393039B012BCED902E000BF00E0BC
:1058300000BF05B05DF804FB80390020603900200E
:1058400000B585B0019001238DF80F3000238DF84D
:105850000E30019BDB681846FFF7DEFD0290019BCE
:105860001B78132B29D0132B2BDC082B02D0092BF0
:105870000BD026E0019B5B7A002B24D1029B002BEE
:1058800021D00298FFF7F2FD1DE0019B5B7A002B0F
:105890001BD1029B002B18D0144B1B680133134AF9
:1058A0001360029B00229A60029A937B43F00203EA
:1058B000937300238DF80F3007E001238DF80E302D
:1058C00004E000BF02E000BF00E000BF9DF80F3021
:1058D000002B02D00198FFF711FE9DF80E301846FC
:1058E000FFF766FF00BF05B05DF804FB80390020BC
:1058F00000B587B0FFF71CFE5023029302230193EB
:1059000001230093094BA02209490A4801F00CF930
:105910000590059B002B01D0032303E0064B0122D9
:105920001A700023184607B05DF804FB243A0020E3
:1059300084390020503900204C39002008B5FFF789
:1059400097FC0346184608BD00B587B00346ADF87E
:10595000063000230393002305930023029302AA39
:10596000BDF8063011461846FFF7F0FC04901BE026
:10597000049B9A78BDF806301146184600F028F9C5
:105980000390039B002B04D0039B052B01D0032322
:105990000593029B0133029302AABDF8063011461B
:1059A0001846FFF7D3FC0490049B002BE0D1059B25
:1059B000002B10D1BDF806301846FFF761FC0390AC
:1059C000039B002B07D0039B072B02D107230593D2
:1059D00001E003230593059B184607B05DF804FB1F
:1059E00000B583B003460092ADF806300B468DF843
:1059F00005309DF80510BDF806000023009AFFF75A
:105A00009FFA0346184603B05DF804FB10B588B052
:105A1000029201930346ADF80E300B468DF80D301F
:105A2000019B002B01D10E23CCE09DF80D30072BFC
:105A300005D09DF80D30082B01D00723C2E0029B52
:105A4000002B0DD0029B022B0AD8BDF80E30184651
:105A5000FFF72DFC034683F00103DBB2002B01D0DE
:105A60000723AFE000238DF81F3000238DF81E3090
:105A70009DF80D20BDF80E3011461846FFF78CFC3E
:105A800003460593059B002B03D101238DF81E309F
:105A900045E0059B1B7B1A46029B934220D90023BD
:105AA0008DF81D300EE0059B5A7B9DF81D30134488
:105AB000DBB21946454801F00BF99DF81D30013362
:105AC0008DF81D30059B1B7B9DF81D209A42EAD363
:105AD000059B1846FFF718FC01238DF81E301EE0C9
:105AE000059B1B7B1A46029B934218D2029B8DF8A2
:105AF0001C300EE0059B5A7B9DF81C301344DBB232
:105B00001946324801F0E4F89DF81C3001338DF855
:105B10001C30059B1B7B9DF81C209A42EAD39DF804
:105B20001E30002B0CD09DF80D20BDF80E1005ABDB
:105B30001846FFF7BDFC059B002B01D1112341E066
:105B4000059B5B7BFF2B13D1059C02991F4801F03D
:105B500028F803466373059B5B7BFF2B05D1059BF0
:105B60001846FFF7D1FB11232CE001238DF81F30DD
:105B7000059B029AD2B21A73059B5B7B19461348A8
:105B800001F074F80690069B002B01D1032319E065
:105B9000029B9BB29DF80D10069A0198FFF7E2FC5C
:105BA0009DF81F30002B0CD09DF80D30082B08D12C
:105BB000019B1B889B009AB2019B5B68063A92B2DC
:105BC0009A800023184608B010BD00BF503900204D
:105BD00000B585B003460A46ADF8063013468DF889
:105BE0000530002303939DF80520BDF806301146CB
:105BF0001846FFF7D1FB0290029B002B01D1052331
:105C000012E0029B5B68002B0AD0029B5B6818467F
:105C1000FFF786FA0390039B002B01D00323039325
:105C20000298FFF723FC039B184605B05DF804FBC0
:105C300000B589B003460A46ADF8063013468DF824
:105C400005309DF80530072B05D09DF80530082B51
:105C500001D0072341E0002307939DF80520BDF8FC
:105C6000063011461846FFF797FB0690069B002B5F
:105C700001D1052331E0069B5B68002B2CD1069BEC
:105C80005B7B1946174800F0F1FF059003AB00223B
:105C90001A605A609DF805308DF80E30059B002B78
:105CA00001D1032319E0069B1B7B9DF8051003A877
:105CB000059AFFF77AFC03AB1846FFF78BFC069BAF
:105CC0001A1D03AB11461846FFF7FAF90790079B18
:105CD000092B01D1032300E0079B184609B05DF8AA
:105CE00004FB00BF5039002000B585B00346ADF875
:105CF00006300B468DF805301346ADF802309DF89E
:105D00000530072B05D09DF80530082B01D007235F
:105D100019E09DF80520BDF8063011461846FFF73A
:105D20003BFB0390039B002B01D105230BE0039B5E
:105D3000BDF802201A80039B9DF805209A700398F5
:105D4000FFF77CFC0346184605B05DF804FB00B580
:105D500083B00346ADF80630BDF806301846FFF7AD
:105D6000B5FA0346184603B05DF804FB00B583B0EE
:105D70000346ADF80630BDF806301846FFF7B5FA11
:105D80000346184603B05DF804FB00B585B0034632
:105D90000092ADF806300B468DF80530009B1B884D
:105DA0009B00039303AB9DF80510BDF80600009A15
:105DB000FFF7C6F80346184605B05DF804FB00B5CA
:105DC00085B0034602910192ADF80E30BDF80E0089
:105DD000019B00220299FFF7B5F90346184605B06A
:105DE0005DF804FB00B583B00190402200210198CA
:105DF00004F0DAF900BF03B05DF804FB08B507480A
:105E0000FFF7F0FF4FF48071044800F0C6FF4FF435
:105E10008071034800F0C1FF00BF08BD283A002090
:105E2000483A002000B585B003460091ADF8063031
:105E30004FF6FF73ADF80E30BDF806304FF6FF7227
:105E4000934211D14FF48071009801F025F8034678
:105E5000ADF80E30BDF80E30B3F5807F1CD14FF693
:105E6000FF73ADF80E3017E0BDF80630FF2B13D8E6
:105E7000BDF806301946009800F0A5FF03468DF8DE
:105E80000D309DF80D30002B02D0BDF8063001E03A
:105E90004FF6FF73ADF80E30BDF80E30184605B062
:105EA0005DF804FB00B583B003460091ADF8063001
:105EB000BDF80630FF2B05D8BDF80630194600980E
:105EC00000F0A4FF00BF03B05DF804FB00B583B091
:105ED0000346ADF80630BDF8063004491846FFF712
:105EE000A1FF0346184603B05DF804FB283A0020E2
:105EF00000B585B00346ADF80630BDF806304FF664
:105F0000FF72934201D1002311E0BDF806300A4927
:105F10001846FFF787FF0346ADF80E30BDF80E2098
:105F2000BDF806309A420CBF01230023DBB21846AD
:105F300005B05DF804FB00BF483A002000B583B00F
:105F40000346ADF80630BDF8063007491846FFF79E
:105F5000A9FFBDF8063005491846FFF7A3FF00BFAB
:105F600003B05DF804FB00BF283A0020483A002047
:105F700000B583B00346ADF80630BDF80630FF2B00
:105F800007D8BDF806301946044800F0BCFF0346A8
:105F900000E00023184603B05DF804FB283A002017
:105FA00000B583B00346ADF80630BDF80630FF2BD0
:105FB00007D8BDF806301946044800F0A4FF034690
:105FC00000E00023184603B05DF804FB483A0020C7
:105FD00000B585B003460091ADF80630BDF8063037
:105FE0004FF6FF72934204D0BDF8063001339BB2E6
:105FF00000E00023ADF80E3010E0BDF80E30194679
:10600000009800F080FF0346002B02D0BDF80E3050
:106010000AE0BDF80E300133ADF80E30BDF80E3099
:10602000FF2BEAD94FF6FF73184605B05DF804FB65
:1060300000B583B00346ADF80630BDF8063015490B
:106040001846FFF7C5FF0346ADF8063016E0BDF869
:1060500006301846FFF7A4FF034683F00103DBB2C6
:10606000002B02D0BDF8063010E0BDF8063009491B
:106070001846FFF7ADFF0346ADF80630BDF8063011
:106080004FF6FF729342E2D1BDF80630184603B0D6
:106090005DF804FB283A002000B583B00346ADF854
:1060A0000630BDF8063004491846FFF791FF034655
:1060B000184603B05DF804FB483A002000B585B0EF
:1060C00001900023039308E0094A039B52F8233010
:1060D00001989847039B01330393064B1B781A469C
:1060E000039B9342F0DB00BF00BF05B05DF804FBEB
:1060F000783A0020843A002000B583B000230022C3
:106100000B490C4800F07AFC0190019B002B02D057
:10611000019B052B01D1012300E0002303F00103C3
:10612000DAB2054B1A7000BF03B05DF804FB00BF84
:10613000703A0020743A0020693A002000B58FB010
:10614000019001238DF83730019B9B881846FCF79E
:1061500015FD03461A46019B5A80019B1B78083B9C
:10616000032B00F2D58001A252F823F07D610300D9
:10617000096203003F620300C5620300019B5B7A72
:10618000002B28D16C4B1B68002B10D0019BDA68C8
:10619000694B1B689A420AD1674B00221A60019B27
:1061A0009A88664B1A80019B0022DA60B2E0644B49
:1061B0001B78002B00F0AE80019B9A885F4B1B88F8
:1061C0009A4240F0A780019B1B7A062B40F0A280E8
:1061D000FFF792FF9EE0019B5B7A012B40F09A80D3
:1061E000574B1B78002B00F09580019B9A88534BEE
:1061F0001B889A4240F08E80019B1B7A062B40F050
:106200008980FFF779FF85E0019B5B7A002B40F0E6
:106210008380494B1B68002B7ED0019BDA68464B7C
:106220001B689A4278D1444B00221A60454B1B6888
:10623000013B444A1360019B0022DA606CE0424B50
:106240001B78002B31D04FF6FF70FFF780FD03461F
:106250001A464FF6FF739A4227D14FF6FF70FFF7A9
:1062600085FD03461A464FF6FF739A421DD1364B01
:1062700000221A7008AB14220021184603F094FF84
:106280000C238DF820304FF6FF73ADF824304FF615
:10629000FF73ADF8223000238DF837300198FFF7F7
:1062A0000DFF08AB1846FFF709FF254B1B78002BA5
:1062B00034D0019B9A88214B1B889A422ED1FFF73C
:1062C0001BFF2BE0204B1B78002B29D01E4B0022FC
:1062D0001A7003AB14220021184603F065FF0D234A
:1062E0008DF80C304FF6FF73ADF810304FF6FF739A
:1062F000ADF80E30019B9B68059300238DF8373075
:106300000198FFF7DBFE03AB1846FFF7D7FE07E067
:1063100000BF06E000BF04E000BF02E000BF00E0F5
:1063200000BF9DF83730002B02D00198FFF7C6FE62
:1063300000BF0FB05DF804FB6C3A0020743A0020F7
:10634000693A0020703A00206A3A002000B585B012
:106350000190019B002B19D0019B1B78022B11D1BE
:10636000019B1B7A012B0CBF012300238DF80F30FA
:10637000019B5B88074A11789DF80F201846F9F7B2
:106380001BFB00E000BF0198FFF798FE05B05DF829
:1063900004FB00BF853A002000B583B0019001984E
:1063A000FFF78CFE00BF03B05DF804FB00B583B0BF
:1063B0000190019B1B78002B08D1019B5B88074A49
:1063C000117801221846F9F7F7FA00E000BF0198AA
:1063D000FFF774FE00BF03B05DF804FB853A0020B0
:1063E00000B583B001900091094B1B7883F0010345
:1063F000DBB2002B08D10198FCF7CBF9019801F032
:10640000E9FF0198FBF702FE03B05DF804FB00BF53
:10641000683A0020054B4FF6FF721A80044B0022A9
:106420001A60044B18221A7000BF7047743A00209B
:106430006C3A0020853A002000B583B0FEF75CFD81
:106440000190019B002B01D0032344E0FFF750FA99
:106450000190019B002B01D003233CE001F08CFF55
:106460000190019B002B01D0032334E001F024FABA
:106470000190019B002B01D003232CE0FBF782FD50
:106480000190019B002B01D0032324E0FBF7C2FE07
:106490000190019B002B01D003231CE0FCF7B0FA14
:1064A0000190019B002B01D0032314E0FFF7B2FF02
:1064B000F9F730FA03461A46094B1A70084B1B7855
:1064C000182B01D1032306E0064B00221A70064B5D
:1064D00001221A700023184603B05DF804FB00BFC8
:1064E000853A0020693A0020683A002082B0019085
:1064F0000F4B1B7883F00103DBB2002B01D0082384
:1065000013E00C4B1B78022B01D904230DE0094B3F
:106510001B781946084A019B42F82130054B1B782D
:106520000133DAB2034B1A700023184602B07047E9
:10653000683A0020843A0020783A002000B585B0FF
:106540000190094B1B7883F00103DBB2002B01D0D3
:10655000082304E0019802F009F80390039B184611
:1065600005B05DF804FB00BF683A002000B585B0B7
:1065700003460A46ADF8063013468DF805300B4B3E
:106580001B7883F00103DBB2002B01D0082309E064
:106590009DF80520BDF806301146184602F024F893
:1065A0000390039B184605B05DF804FB683A002091
:1065B00000B583B003460091ADF80630009B002B78
:1065C00005D0BDF806300099184601F0FDFF00BF68
:1065D00003B05DF804FB000008B5054B1B7883F0A1
:1065E0000103DBB2002B01D1FBF774FD08BD00BF36
:1065F000683A002000B583B001900091084B1B78E9
:1066000083F00103DBB2002B01D0082304E00099E2
:106610000198FCF7D9FC0346184603B05DF804FB6B
:10662000683A002000B585B0039002910192009372
:10663000134B1B7883F00103DBB2002B01D008233E
:106640001AE0039B002B02D1019B002B0BD0039B74
:10665000002B02D0029B002B05D0019B002B04D005
:10666000009B002B01D10E2306E0009B019A0299AA
:106670000398FCF76DFC0346184605B05DF804FB73
:10668000683A002000B583B001900091084B1B7858
:1066900083F00103DBB2002B01D0082304E0009952
:1066A0000198FCF7B2FB0346184603B05DF804FB03
:1066B000683A002000B585B003460091ADF8063079
:1066C0002A4B1B7883F00103DBB2002B01D0082397
:1066D00047E0009B002B01D10E2342E0BDF80630BD
:1066E0001846F9F7A3F803468DF80F309DF80F30E0
:1066F000002B02D143F2020333E09DF80F30022B4E
:106700000CBF01230023D9B2009A137861F3000370
:106710001370174B1A78BDF8063011461846F9F772
:1067200021F903461946009A137861F3C3031370E5
:10673000BDF806301846F9F7AFF803461946009A37
:10674000137861F341031370BDF806301846F9F76A
:10675000B9F803461946009A137861F3820313705F
:106760000023184605B05DF804FB00BF683A00201E
:10677000853A002000B583B003460091ADF806309D
:106780000D4B1B7883F00103DBB2002B01D00823F3
:106790000EE0009B002B01D10E2309E0BDF806306E
:1067A0001846FCF7EBF903461A46009B1A800023B3
:1067B000184603B05DF804FB683A002000B583B0CA
:1067C00003460091ADF806300D4B1B7883F00103B2
:1067D000DBB2002B01D008230EE0009B002B01D17F
:1067E0000E2309E0BDF806301846FCF723F90346EE
:1067F0001A46009B1A800023184603B05DF804FB7C
:10680000683A002000B583B00346ADF806300A4B65
:106810001B7883F00103DBB2002B02D04FF6FF732D
:1068200005E0BDF806301846FFF791FA0346184612
:1068300003B05DF804FB00BF683A002000B589B0E2
:10684000029201930346ADF80E300B468DF80D30E1
:10685000264B1B7883F00103DBB2002B01D0082309
:1068600040E0029B002B01D10E233BE0019B002B5B
:1068700001D10E2336E0019B1B88DA1C019B1B888B
:10688000013B594203F0030301F0030158BF4B429F
:10689000D31A019A1288934201D0072322E005AB54
:1068A00008220021184603F07FFC019B1B8803335C
:1068B0009B109BB2ADF814309DF80D308DF816305A
:1068C000029B069305AA9DF80D10BDF80E301846E0
:1068D000FFF75BFA0790BDF814309B009AB2019B5A
:1068E0001A80079B184609B05DF804FB683A00203F
:1068F00000B585B003460091ADF806305023ADF8E1
:106900000E300DF10E03BDF80600009A0721FFF7C7
:1069100095FF0346184605B05DF804FB00B583B04B
:106920000346ADF80630094B1B7883F00103DBB258
:10693000002B01D0082305E0BDF806301846FCF70F
:10694000A0F90346184603B05DF804FB683A00203E
:1069500000B589B0274B1B7883F00103DBB2002B15
:1069600001D0082342E0244B01221A704FF6FF7039
:10697000FFF7EDF90346ADF81E30BDF81E304FF6B7
:10698000FF7293422BD11C4B00221A7001AB1422D0
:106990000021184603F008FC0C238DF804304FF654
:1069A000FF73ADF808304FF6FF73ADF8063001AB5A
:1069B0001846FFF783FB12E0BDF81E301846FFF7BC
:1069C000ADFF0690069B002B01D003230EE0BDF81F
:1069D0001E301846FFF7BBF90346ADF81E30BDF870
:1069E0001E304FF6FF729342E6D10023184609B0DD
:1069F0005DF804FB683A00206A3A002000B58DB0CB
:106A00000390029101920093464B1B7883F001039F
:106A1000DBB2002B01D0082380E04FF6FF70FFF7B8
:106A200096F90346ADF82E300023069304AB0022FE
:106A30001A605A600123ADF8103006AB059304AA22
:106A4000BDF82E3006211846FFF79FF90A90002363
:106A500009934FF0FF3308934FF6FF73ADF81E30E4
:106A60004FF6FF73ADF81C300A9B072B2AD1052384
:106A700054E00A9B052B01D100230693069B099A3B
:106A80009A4205D8069B0993BDF82E30ADF81E300A
:106A9000069B089A9A4205D9069B0893BDF82E30AA
:106AA000ADF81C30BDF82E301846FFF750F90346FC
:106AB000ADF82E3004AABDF82E3006211846FFF797
:106AC00064F90A900A9B002BD3D00A9B052BD0D0E7
:106AD000BDF82E304FF6FF7293421CD100230A936B
:106AE000039B002B03D0039BBDF81E201A80029B42
:106AF000002B02D0029B099A1A60019B002B03D045
:106B0000019BBDF81C201A80009B002B05D0009B28
:106B1000089A1A6001E003230A930A9B18460DB0F5
:106B20005DF804FB683A002000B585B0039002913F
:106B300001920093039B002B2ED0029B002B2BD0A5
:106B4000009B002B28D0079B089A02FB03F3019AB5
:106B50009A4221D3079B0733DB08069A9A421BD33C
:106B6000079B002B18D0089B002B15D0039B029A83
:106B70001A60039B009A5A60039B079A9A60039BD2
:106B8000089ADA60039B5B68079A92B2114618462E
:106B900000F003F9002300E00723184605B05DF874
:106BA00004FB00B585B001900091019B002B07D03C
:106BB000019B1B68002B03D0019B5B68002B01D15C
:106BC000FF234FE0FF238DF80F3000238DF80E30A8
:106BD00041E0019B5B689DF80E2092B21146184679
:106BE00000F0F1F80346002B13D09DF80F30FF2B77
:106BF00003D19DF80E308DF80F309DF80E209DF8D2
:106C00000F30D31A5A1C009B9A421FD19DF80F30A7
:106C100028E09DF80F30FF2B18D09DF80F308DF82D
:106C20000D300AE09DF80D301946019800F050F83B
:106C30009DF80D3001338DF80D309DF80D209DF835
:106C40000E309A42EED3FF238DF80F309DF80E30B0
:106C500001338DF80E309DF80E20019B9B689A42FF
:106C6000B7D3FF23184605B05DF804FB00B583B029
:106C700001900B468DF80330019B002B07D0019B40
:106C80001B68002B03D0019B5B68002B01D1002304
:106C90001AE09DF80330FF2B15D0019B5B689DF82F
:106CA000032092B21146184600F02DF90346002B3E
:106CB00009D0019B1A689DF803300199C96801FB4E
:106CC00003F3134400E00023184603B05DF804FB0F
:106CD00000B583B001900B468DF80330019B002B6B
:106CE00020D0019B1B68002B1CD0019B5B68002BF4
:106CF00018D09DF80330FF2B14D0019B5B689DF8E2
:106D0000032092B21146184600F0FDF80346002B0E
:106D100008D0019B5B689DF8032092B2114618468B
:106D200000F074F800BF03B05DF804FB00B585B057
:106D300001900B468DF8033000238DF80F30019B36
:106D40001A789DF803301340DBB2002B1FD10023CB
:106D50008DF80E300DF10E031846EEF771FC019B15
:106D60001A789DF803301340DBB2002B0AD1019B47
:106D70001A789DF803301343DAB2019B1A7001238D
:106D80008DF80F309DF80E301846EEF76FFC9DF829
:106D90000F30184605B05DF804FB00B583B00190D4
:106DA0000B46ADF80230019B002B08D0BDF8023035
:106DB0000733DB101A460021019803F0F5F900BFF4
:106DC00003B05DF804FB00B583B001900B46ADF84D
:106DD0000230019B002B14D0BDF80230DB089BB2BF
:106DE0001A46019B1A44BDF8023003F00703012143
:106DF00001FA03F3DBB219461046FFF797FF03468B
:106E000000E00023184603B05DF804FB00B585B030
:106E100001900B46ADF80230BDF80230DB089BB2A2
:106E20008DF80F30BDF8023003F00703012202FA9B
:106E300003F38DF80E30019B002B29D09DF80F3005
:106E4000019A13441A789DF80E301340DBB2002BE0
:106E50001ED000238DF80D300DF10D031846EEF70E
:106E6000EFFB9DF80F30019A13441B785AB29DF93D
:106E70000E30DB435BB2134059B29DF80F30019ADC
:106E80001344CAB21A709DF80D301846EEF7EEFBA7
:106E900000BF05B05DF804FB00B585B001900B465E
:106EA000ADF80230019B002B27D00023ADF80E3047
:106EB0001DE0BDF80E30DB089BB21A46019B1A4458
:106EC000BDF80E3003F00703012101FA03F3DBB232
:106ED00019461046FFF72AFF0346002B02D0BDF8E3
:106EE0000E300CE0BDF80E300133ADF80E30BDF8B9
:106EF0000E20BDF802309A42DBD3BDF802301846AE
:106F000005B05DF804FB82B001900B46ADF802308D
:106F1000019B002B16D0BDF80230DB089BB21A464D
:106F2000019B13441B781946BDF8023003F0070398
:106F3000012202FA03F30B40002B14BF01230023AC
:106F4000DBB200E00123184602B070477EDF7047D5
:106F500000BF18467FDF704700BF184686DF7047C6
:106F600000BF184600B583B00346ADF80630064BA7
:106F70001A78BDF8063011461846F8F7F3FC0346B8
:106F8000184603B05DF804FBE221002000B583B091
:106F90000346ADF80630064B1A78BDF806301146A8
:106FA0001846F8F7DFFC0346184603B05DF804FB0B
:106FB000E321002000B583B00346ADF80630064B50
:106FC0001A78BDF8063011461846F8F7CBFC034690
:106FD000184603B05DF804FBE421002000B583B03F
:106FE0000346ADF80630064B1A78BDF80630114658
:106FF0001846F8F7B7FC0346184603B05DF804FBE3
:10700000E521002000B583B00346ADF80630064BFD
:107010001A78BDF8063011461846F8F7A3FC034667
:10702000184603B05DF804FBE621002000B585B0EA
:107030000190019B5B881846FBF7FCFC03461A464F
:10704000019B9A800023039305E0074B0198984722
:10705000039B01330393039B002BF6D000BF00BFBB
:1070600005B05DF804FB00BF7981030000B589B06D
:1070700003460A46ADF8063013468DF8053003ABDB
:1070800000221A605A609A60DA601A6101238DF852
:107090000C30BDF80630ADF80E309DF805308DF897
:1070A000143003AB1846FFF7C1FF00BF09B05DF80D
:1070B00004FB00B589B003460091ADF8063003AB80
:1070C00000221A605A609A60DA601A6107238DF80C
:1070D0000C30BDF80630ADF80E30009B059303ABC5
:1070E0001846FFF7A3FF00BF09B05DF804FB0000DE
:1070F00010B588B00446084611461A462346ADF836
:10710000063003468DF805300B46ADF802301346C5
:107110008DF8043003AB00221A605A609A60DA607E
:107120001A6103238DF80C30BDF80630ADF80E302F
:107130009DF805308DF81430BDF80230ADF81630EA
:107140009DF804308DF81830074B1978BDF80630DB
:1071500000221846F8F730FC03AB1846FFF766FF2D
:1071600000BF08B010BD00BFE221002000B585B00F
:107170000346ADF806300B46ADF8043013468DF8E3
:10718000033000230393BDF806301846FBF752FC8A
:107190000346ADF80A30BDF806301846FFF70AFF7F
:1071A0000346002B01D0012300E002238DF80930B3
:1071B000BDF806301846FFF711FF0346002B06D036
:1071C000BDF80A301846FBF75CFD039018E0BDF8E7
:1071D0000A304FF6FF72934212D0BDF80A300721F1
:1071E0001846FEF7F5FC0390039B002B08D0039B89
:1071F000052B05D0BDF8063003991846FFF759FF57
:107200009DF80330BDF804209DF80910BDF8060074
:10721000FFF76EFF00BF05B05DF804FB00B583B05B
:107220000346ADF806300B46ADF8043013468DF832
:1072300003309DF80330BDF80420BDF8060000219E
:10724000FFF756FF00BF03B05DF804FB00B583B045
:107250000346ADF806300B46ADF8043013468DF802
:107260000330BDF806301846FFF77CFE0346002BBE
:107270001AD0BDF806301846FFF788FE0346002BEB
:1072800009D09DF80320BDF80410BDF8063018465B
:10729000FFF76CFF08E09DF80320BDF80410BDF86F
:1072A00006301846FFF7BAFF00BF03B05DF804FBD5
:1072B00000B583B00346ADF806300B468DF80530B7
:1072C00013468DF804301E4B19789DF80520BDF843
:1072D00006301846F8F770FB9DF80530002B2BD0D0
:1072E000184B19789DF80430002B14BF012300239C
:1072F000DAB2BDF806301846F8F75EFB124B197883
:107300009DF80430012B0CBF01230023DAB2BDF835
:1073100006301846F8F750FB0C4B1978BDF80630CC
:1073200000221846F8F748FB9DF80420BDF8063007
:1073300011461846FFF79AFE00BF03B05DF804FB44
:10734000E2210020E3210020E4210020E5210020AB
:1073500010B584B00446084611461A462346ADF8D7
:1073600006300346ADF804300B468DF80330134663
:107370008DF802309DF80330002B14D09DF80230B8
:10738000002B1AD00E4B1978BDF806300122184692
:10739000F8F712FBBDF80420BDF806301146184678
:1073A000FBF75AFC09E09DF80230002B05D0BDF830
:1073B00004301846FBF765FC039000BF04B010BD15
:1073C000E521002000B589B0019000230793019BBF
:1073D0000C331846FBF7A7FB0346ADF81A30BDF88F
:1073E0001A304FF6FF72934208D1019B1B88184652
:1073F000FBF720FB0346ADF81A3007E0019B1B8822
:10740000BDF81A2011461846FBF726FC019B1B8885
:10741000002201211846FFF74BFFBDF81A304FF646
:10742000FF72934222D002AABDF81A3007211846F3
:10743000FEF7D6FA0590059B002B17D1039B34333A
:107440000493049B1B7C03F00103DBB2002B0BD1E4
:10745000049B03F11202019B0C3319461046FBF703
:1074600039FB0346002B01D0049B0793019B18882E
:10747000002300220799FFF771FD0590059B002B63
:107480000ED0019B1888BDF81A1000230022FFF7C8
:107490005FFF019B1B8805991846FFF70AFE13E062
:1074A000079B002B10D1019B1888BDF81A100023F0
:1074B0000022FFF74DFF019B1B88002241F20601CD
:1074C0001846FFF7ABFE00BF00BF09B05DF804FB34
:1074D00000B589B00346ADF8063003AB1422002195
:1074E000184602F061FE04238DF80C30BDF806301A
:1074F000ADF80E3003AB1846FFF798FD00BF09B09A
:107500005DF804FB00B583B003460091ADF806308A
:10751000064B1978009B1A78BDF806301846F8F724
:107520004BFA00BF03B05DF804FB00BFE62100206A
:1075300000B585B00190019B1B793D2B02D141F232
:107540003D0301E04FF48853ADF80E30019B1B88DA
:10755000BDF80E1000221846FFF778FE00BF05B0F8
:107560005DF804FB00B589B003460091ADF8063024
:1075700003AB00221A605A609A60DA601A61052330
:107580008DF80C30BDF80630ADF80E30009B059339
:1075900003AB1846FFF74AFD00BF09B05DF804FBD6
:1075A00000B583B00190019B1B881846F8F70CF9D1
:1075B0000346012B0FD1019B1888019B1B7903F017
:1075C0000103DBB2002B01D0012300E002231A46A5
:1075D0000121FFF76DFE019B1A88019B04331946B8
:1075E0001046FFF7BFFF00BF03B05DF804FB0000CB
:1075F00000B591B0019000230D93019B1B88ADF85D
:107600003230BDF832301846F8F7DEF803468DF810
:107610003130BDF832301846FBF70CFA0346ADF8AE
:107620002E30BDF82E30ADF83E3000238DF83D30C1
:10763000624B1978BDF8323000221846F8F7BCF9D1
:107640009DF83130002B00F0B580019B5B7903F091
:107650000403DBB2002B00F083804FF6FF73ADF81C
:107660003A3001238DF83D3007ABBDF82E000122E2
:107670000721FEF7CBF90D900D9B002B09D0BDF82B
:1076800032300D991846FFF714FD00238DF83D3078
:1076900008E0089B4FF6FF711846FBF787F9034691
:1076A000ADF83A30BDF83A304FF6FF72934229D028
:1076B000BDF83A30ADF83E30BDF83E20BDF832306E
:1076C00011461846FBF7C8FABDF832301846FFF7E6
:1076D00099FC034683F00103DBB2002B12D0BDF806
:1076E00032301846FFF7F4FEBDF832301846FFF787
:1076F00089FC034683F00103DBB2002B02D0002398
:107700008DF83D309DF83D30002B14D0BDF83E2063
:10771000BDF82E3007211846FEF7E6FA0D900D9BB6
:10772000002B08D0BDF832300D991846FFF7C1FC88
:1077300000238DF83D30BDF83A304FF6FF7293428A
:107740001CD0BDF832301846FFF748FC0346002B2A
:1077500014D0BDF82E301846FBF793FA09900DE0CF
:10776000BDF832301846FFF739FC0346002B05D030
:10777000BDF82E301846FBF784FA0A9002238DF8E4
:107780000830BDF83230ADF80A30019B5B7903F068
:107790000403DBB2002B01D0012300E002238DF8AB
:1077A00010309DF83D308DF8113002AB1846FFF7D0
:1077B0003DFC00E000BF11B05DF804FBE2210020B9
:1077C00000B583B00190019B1888019B1B79194675
:1077D000019B5B79C3F30103DBB21A46FFF736FD69
:1077E00000BF03B05DF804FB00B583B00190019BBE
:1077F0001B79002B03D10198FFF7FAFE03E00198F3
:10780000FFF7DEFF00BF00BF03B05DF804FB000020
:1078100000B589B00190019B1B881846FFF7B6FBA5
:10782000034683F00103DBB2002B2CD0019B1B88A5
:107830001846F8F731F8034683F00103DBB2002B5A
:1078400008D0019B1B88012241F206011846FFF770
:10785000E5FC18E0019B1B880D4A117800221846B0
:10786000F8F7AAF802238DF80C30019B1B88ADF8BD
:107870000E3000238DF8143000238DF8153003AB43
:107880001846FFF7D3FB00BF09B05DF804FB00BF4B
:10789000E221002000B583B00190019B1B78182BDA
:1078A00005D1F8F737F803461A46019B1A7000BF56
:1078B00003B05DF804FB000008B51548FFF7EAFFC8
:1078C0001448FFF7E7FF1448FFF7E4FF1348FFF7FA
:1078D000E1FF1348FFF7DEFF0D4B1B78182B0FD08D
:1078E0000C4B1B78182B0BD00B4B1B78182B07D08D
:1078F0000A4B1B78182B03D0094B1B78182B01D18E
:10790000032303E0074B01221A700023184608BD29
:10791000E2210020E3210020E4210020E5210020D5
:10792000E6210020863A002000B589B00193034685
:10793000ADF80E300B46ADF80C3013468DF80B3019
:107940000A9B002B01D103234AE005ABBDF80C00D4
:1079500001220721FEF75AF80790079B112B3ED012
:10796000079B002B02D00323079338E0069B50228D
:107970000021184602F018FC069B9DF80B201A7097
:10798000069B03F134020A9B1A600A9B019ADA6093
:10799000069B03F118020A9B1A61069B5A1C0A9B5C
:1079A0005A610A9B104ADA61069B03F11102BDF885
:1079B0000E3011461846FBF761F80790079B002B25
:1079C00001D003230CE0BDF80C3007211846FEF768
:1079D0002FF90790079B052B01D1032300E0079B9C
:1079E000184609B05DF804FB883A002000B593B052
:1079F000034604910392ADF81630BDF816301846D0
:107A0000F7F7E2FE03468DF83D304FF6FF73ADF811
:107A100046300023109300238DF83F30BDF8163018
:107A20001846FFF7DBFA03468DF83E3007AB2022FD
:107A30000021184602F0B8FB9DF83D30012B07D11C
:107A4000554B1978BDF8163000221846F7F7B4FFE9
:107A50009DF83D30002B02D143F2020397E0049BD6
:107A6000002B03D185238DF83F3060E0049B1B7809
:107A700003F00103DBB2002B04D1039B0A93474BB5
:107A80000E9354E0BDF816301846FAF7D3FF0346BC
:107A9000ADF84630BDF846304FF6FF72934211D133
:107AA000FDF74CFF0346ADF84630BDF846304FF6C3
:107AB000FF72934203D001238DF83E3024E003236C
:107AC000109321E09DF83D30012B1DD1BDF81630FB
:107AD0001846FFF797FA034683F00103DBB2002B49
:107AE00012D0BDF816301846FFF7F2FCBDF816307C
:107AF0001846FFF787FA034683F00103DBB2002B39
:107B000002D085238DF83F309DF83F30852B0ED075
:107B1000109B002B0BD19DF83D20BDF84610BDF801
:107B2000160007AB0093039BFFF7FEFE1090109B1F
:107B3000002B16D19DF83D30012B09D107AB9DF8E4
:107B40003F10BDF81600049AFFF704FA109008E001
:107B500007AB9DF83F10BDF816000022FFF7FAF9B9
:107B60001090109B002B05D19DF83F30002B01D1C8
:107B7000012300E0002303F00103DAB29DF83E3058
:107B8000BDF84610BDF81600FFF7E2FB109B184643
:107B900013B05DF804FB00BFE6210020883A002006
:107BA00000B585B003460091ADF80630002303937D
:107BB000009B002B06D0BDF8063000991846FFF751
:107BC000C5F90390039B184605B05DF804FB00B5AA
:107BD00085B003460091ADF8063013468DF80530A8
:107BE000BDF806301846F7F7EFFD03468DF80F3065
:107BF0009DF80F30012B07D1BDF8063000991846CB
:107C0000FFF7CEFF034601E043F20203184605B03A
:107C10005DF804FB00B583B00190019B1B88113B0C
:107C2000092B35D801A252F823F000BF557C030080
:107C3000917C0300617C03006D7C0300917C030058
:107C4000917C0300917C0300917C0300797C03000C
:107C5000857C0300019B04331846FFF769FC17E09D
:107C6000019B04331846FFF79BFC11E0019B043392
:107C70001846FFF7A7FB0BE0019B04331846FFF7FC
:107C8000B3FD05E0019B04331846FFF7C1FD00BFBB
:107C900000BF03B05DF804FB82B00190019B002B94
:107CA00014BF01230023DBB2184602B07047000066
:107CB00000B585B001900023039305E0064B0198C1
:107CC0009847039B01330393039B002BF6D000BF1F
:107CD00000BF05B05DF804FB4D63030000B585B03F
:107CE00003460091ADF8063013468DF805300023A9
:107CF0008DF80F3000238DF80E30009B862B06D1B7
:107D000000238DF80E3001238DF80F300FE0009B1B
:107D1000112B06D101238DF80E3000238DF80F3082
:107D200005E000238DF80E3000238DF80F309DF80C
:107D30000530002B22D01C4B19789DF80F20BDF880
:107D400006301846F7F738FE184B19789DF80E20C4
:107D5000BDF806301846F7F72FFE154B1978BDF819
:107D6000063000221846F7F727FE124B1978BDF8A7
:107D7000063000221846F7F71FFE11E00C4B197869
:107D80009DF80F20BDF806301846F7F715FE094B91
:107D900019789DF80E20BDF806301846F7F70CFE4E
:107DA00000BF05B05DF804FBEC210020EB210020B2
:107DB000E8210020E721002000B58BB003460291A6
:107DC0000192ADF80E30029B002B45D0029B112B87
:107DD00042D0029B082B3FD005AB00221A605A60AC
:107DE0009A60DA601A61BDF80E30ADF81630BDF851
:107DF0000E301846FAF71EFE0346ADF81830029B07
:107E00000D2B19D103238DF81430019B002B08D0C2
:107E1000019B1B7803F00103DBB2002B01D001238F
:107E200000E002238DF81C3000238DF8203041F251
:107E30000113ADF81E300BE0029B862B03D1062305
:107E40008DF8143004E007238DF81430029B07935B
:107E500005AB1846FFF72CFF00BF0BB05DF804FB25
:107E600000B58BB0034602910192ADF80E300523A8
:107E70008DF81430BDF80E30ADF81630BDF80E3068
:107E80001846FAF7D7FD0346ADF81830029B079362
:107E9000019B089305AB1846FFF70AFF00BF0BB024
:107EA0005DF804FB10B487B0019003AB00221A60A8
:107EB0005A609A60074B1B680393019B1C4603ABF7
:107EC00093E8070084E80700019807B05DF8044BC9
:107ED000704700BFD43A002010B588B00446084669
:107EE00011461A462346ADF8063003468DF8053094
:107EF0000B468DF8043013468DF803309DF805309D
:107F0000002B02D0002306931CE002AB1846FFF7BB
:107F1000C9FF02AABDF8063000211846FFF7A0FFEE
:107F2000029B06934B4B1B7883F00103DBB2002BC3
:107F300008D09DF8113083F00103DBB2002B01D093
:107F4000052384E09DF80420BDF806300699184604
:107F5000FFF73DFE0590BDF8063000220599184652
:107F6000FFF7BCFE059B43F2020293425DD0059BE6
:107F700043F2020293425BD8059B112B2AD8059B42
:107F8000112B55D801A252F823F000BF2B8003001B
:107F90003180030031800300318003003180030011
:107FA0003180030031800300318003002B80030007
:107FB00031800300318003003180030031800300F1
:107FC0002B800300318003003180030031800300E7
:107FD000DD7F0300059B862B15D029E01E4B197809
:107FE0009DF80520BDF806301846F7F7E5FC1B4B59
:107FF00019789DF80420BDF806301846F7F7DCFC28
:108000000023079317E0144B19789DF80520BDF85D
:1080100006301846F7F7D0FC104B19789DF804206D
:10802000BDF806301846F7F7C7FC059B079302E03A
:108030000323079300BF9DF80330002B06D0BDF843
:108040000630069A05991846FFF7B6FE079B1846B4
:1080500008B010BDD83A0020EA210020E921002014
:1080600000B587B003460091ADF8063002AB184664
:10807000FFF718FF02AABDF8063000991846FFF76F
:10808000EFFE02990C4B1A68BDF806301846FFF750
:10809000ADFC0590BDF80630012205991846FFF7A2
:1080A0001DFE029ABDF8063005991846FFF784FEBA
:1080B00000BF07B05DF804FBDC3A002000B583B0D8
:1080C0000190019B5A88019B9B6819461046FFF757
:1080D000C7FF00BF03B05DF804FB000000B585B02A
:1080E000019000238DF80F301C4B1B68002B03D12F
:1080F00001238DF80F3024E0194B1B7803F00103A6
:10810000DBB2002B14BF01230023DBB21A46019B14
:108110001B7A9A4203DA01238DF80F3011E0104BDD
:108120001B7803F00203DBB2002B14BF01230023F2
:10813000DBB21A46019B5B7A9A4202DA01238DF880
:108140000F30019B58889DF80F1001230022FFF784
:10815000C3FE029000BF05B05DF804FBD43A0020D6
:10816000CC3A002000B583B001900198FFF7A0FD44
:1081700000BF03B05DF804FB00B583B00190019B24
:108180001B78052B02D0122B04D006E00198FFF7D4
:1081900095FF06E00198FFF7A1FF0198FFF7E2FFC6
:1081A00000BF00BF03B05DF804FB000000B599B04C
:1081B00003468DF807309DF807301846F7F726FC80
:1081C00016901698FFF768FD0346002B4CD003ABC2
:1081D0001846F7F78DFB0023179341E0179B5B00D0
:1081E00060336B4433F8503C9DF807201146184625
:1081F000F7F7B8FB03468DF857309DF85730002B42
:108200002BD0179B5B0060336B4433F8503C184A0B
:10821000127811461846F7F7A5FB03468DF856303D
:10822000179B5B0060336B4433F8503C114A127863
:1082300011461846F7F796FB03468DF85530179B05
:108240005B0060336B4433F8500C9DF856209DF86A
:1082500055100123FFF740FE1490179B013317932D
:10826000039B179A9A42B9D300BF19B05DF804FB7B
:10827000E9210020EA21002000B597B003468DF8DF
:1082800007309DF807301846F7F7C0FB1490149894
:10829000FFF702FD0346002B2AD002AB1846F7F782
:1082A00027FB002315931FE0159B5B0058336B449D
:1082B00033F84C3C9DF8072011461846F7F752FB5F
:1082C00003468DF84F309DF84F30002B09D0159B99
:1082D0005B0058336B4433F84C3C00211846FFF7E1
:1082E000BFFE159B01331593029B159A9A42DBD36F
:1082F00000BF17B05DF804FB00B583B00190019B8F
:108300001B780B2B02DC082B0CDA16E0132B14D194
:108310000C4B1B781846FFF7AFFF0B4B1B7818462A
:10832000FFF744FF094B1B781846FFF7A5FF084BE2
:108330001B781846FFF73AFF00E000BF00BF03B00C
:108340005DF804FBEC210020E8210020EB21002057
:10835000E721002000B583B00190019B1B78182B0A
:1083600005D1F7F7D7FA03461A46019B1A7000BFEA
:1083700003B05DF804FB000008B50F48FFF7EAFF03
:108380000E48FFF7E7FF0E48FFF7E4FF0D48FFF741
:10839000E1FF0D48FFF7DEFF0C48FFF7DBFF0B4B5B
:1083A0001B78182B01D1032303E0094B01221A701B
:1083B0000023184608BD00BFE7210020E821002067
:1083C000E9210020EA210020EB210020EC210020FF
:1083D000C83A002000B583B001900198FFF71AFC5D
:1083E000044B1B781846FFF7E1FE00BF03B05DF8B1
:1083F00004FB00BFE721002082B00190019B002B0D
:1084000001D10023AEE0019B1B7803F00203DBB235
:10841000002B08D1019B1B7823F07F03DBB2002BDC
:1084200001D000239EE0019B1B78C3F30213DBB253
:10843000042B01D9002395E0019B1B7803F0020374
:10844000DBB2002B0FD0019B1B7803F07003DBB273
:10845000302B08D1019B1B7823F07F03DBB2002B6C
:1084600001D100237EE0019B5A78019B9B789A42C0
:1084700001D9002376E0019B5B78062B01D800230D
:1084800070E0019B9B78102B01D900236AE0019BCF
:10849000DB7803F00403DBB2002B06D1019B1B79D0
:1084A00003F00403DBB2002B01D000235AE0019B50
:1084B000DB7803F00803DBB2002B06D1019B1B79AC
:1084C00003F00803DBB2002B01D000234AE0019B3C
:1084D0001B7803F00103DBB2002B1DD1019BDB787D
:1084E00003F00103DBB2002B14D1019BDB7803F016
:1084F0000203DBB2002B0DD1019B1B7903F00103BA
:10850000DBB2002B06D1019B1B7903F00203DBB227
:10851000002B01D0002325E0019B1B7803F0010311
:10852000DBB2002B1DD0019BDB7803F00103DBB233
:10853000002B16D1019BDB7803F00203DBB2002B8A
:108540000FD1019B1B7903F00103DBB2002B08D193
:10855000019B1B7903F00203DBB2002B01D1002346
:1085600000E00123184602B07047000000B583B058
:108570000190019B002B07D1104B00221A60104B79
:1085800001221A70002314E00198FFF735FF03461B
:10859000002B0DD00B4B019A1068186012791A71DC
:1085A000064B084A1A60064B01221A70002300E0AD
:1085B0000723184603B05DF804FB00BFD43A00203F
:1085C000D83A0020CC3A002000B583B00346009191
:1085D000ADF80630BDF8063000991846FEF792FF58
:1085E00000BF03B05DF804FB00B585B003460A4642
:1085F000ADF8063013468DF805309DF80520BDF81E
:10860000060000230021FFF767FC0390039B184638
:1086100005B05DF804FB0000BFF34F8F00BF074BB0
:10862000DB6803F4E0620549054B1343CB60BFF3FD
:108630004F8F00BF00BF00BFFCE700BF00ED00E0B0
:108640000400FA05024B034A1A6000BF704700BFDE
:10865000F02100200090D00308B500F05DF903463A
:10866000002B06D09B4B1B681B0A9B4A03F01F0381
:10867000136000F07DF90346002B02D0974B984A17
:108680001A6000F091F90346002B06D0954B1B6849
:108690005B0B954A03F00703136000F0B1F9034642
:1086A000002B05D0914BDB68904A23F08073D36098
:1086B00000F0C2F90346002B0ED04FF08043002299
:1086C000C3F80C214FF080430022C3F810214FF073
:1086D00080430022C3F8382500F0DAF90346002B66
:1086E00002D0834B03221A6000F0EEF90346002B00
:1086F0000BD0804B05221A607F4B01221A607F4B02
:1087000000221A607E4B3F221A6000F0F9F90346FE
:10871000002B76D04FF080537A4AD3F80434C2F855
:1087200020354FF08053774AD3F80834C2F8243507
:108730004FF08053734AD3F80C34C2F828354FF009
:108740008053704AD3F81034C2F82C354FF0805360
:108750006C4AD3F81434C2F830354FF08053694A6C
:10876000D3F81834C2F834354FF08053654AD3F843
:108770001C34C2F840354FF08053624AD3F820349D
:10878000C2F844354FF080535E4AD3F82434C2F81F
:1087900048354FF080535B4AD3F82834C2F84C3543
:1087A0004FF08053574AD3F82C34C2F850354FF06D
:1087B0008053544AD3F83034C2F854354FF08053C4
:1087C000504AD3F83434C2F860354FF080534D4AE4
:1087D000D3F83834C2F864354FF08053494AD3F89F
:1087E0003C34C2F868354FF08053464AD3F84034E1
:1087F000C2F86C354FF08053424AD3F84434C2F883
:10880000703500F099F90346002B05D03E4B1B68EC
:108810003E4A03F04F03136000F0BAF90346002B01
:108820000DD04FF08043D3F8003403F00103002B48
:1088300005D04FF080436FF00102C3F80024344BA1
:10884000D3F88830324A43F47003C2F88830BFF35B
:108850004F8F00BFBFF36F8F00BF4FF01023D3F8CF
:108860000032002B05DB4FF01023D3F80432002B2D
:108870002BDA284B0122C3F8042500BF254BD3F87F
:108880000034002BFAD04FF010231522C3F8002239
:1088900000BF204BD3F80034002BFAD04FF0102348
:1088A0001522C3F8042200BF1A4BD3F80034002B62
:1088B000FAD0184B0022C3F8042500BF154BD3F89B
:1088C0000034002BFAD0FFF7A7FEFFF7BBFE00BF76
:1088D00008BD00BF240300104035014074C00740AC
:1088E0000DF0ADBA440200103C050040F0ED00E090
:1088F000A005004010560040885600401856004021
:108900001456004000C0004058020010E40E004021
:1089100000ED00E000E00140124B1B68DBB2062BCB
:108920001DD1114B1B6803F00F03002B17D10F4B08
:108930001B6803F0F003302B01D1012310E00B4B37
:108940001B6803F0F003402B01D1012308E0074B23
:108950001B6803F0F003502B01D1012300E000233A
:1089600018467047E00F00F0E40F00F0E80F00F049
:108970000A4B1B68DBB2062B0DD1094B1B6803F0B9
:108980000F03002B07D1074B1B6803F0F003302BBC
:1089900001D1012300E0002318467047E00F00F0EA
:1089A000E40F00F0E80F00F0124B1B68DBB2062B5F
:1089B0001DD1114B1B6803F00F03002B17D10F4B78
:1089C0001B6803F0F003302B01D1012310E00B4BA7
:1089D0001B6803F0F003402B01D1012308E0074B93
:1089E0001B6803F0F003502B01D1012300E00023AA
:1089F00018467047E00F00F0E40F00F0E80F00F0B9
:108A00000A4B1B68DBB2062B0DD1094B1B6803F028
:108A10000F03002B07D1074B1B6803F0F003302B2B
:108A200001D1012300E0002318467047E00F00F059
:108A3000E40F00F0E80F00F0124B1B68DBB2062BCE
:108A40001DD1114B1B6803F00F03002B17D10F4BE7
:108A50001B6803F0F003302B01D1012310E00B4B16
:108A60001B6803F0F003402B01D1012308E0074B02
:108A70001B6803F0F003502B01D1012300E0002319
:108A800018467047E00F00F0E40F00F0E80F00F028
:108A90000A4B1B68DBB2062B0DD1094B1B6803F098
:108AA0000F03002B07D1074B1B6803F0F003302B9B
:108AB00001D1012300E0002318467047E00F00F0C9
:108AC000E40F00F0E80F00F00A4B1B68DBB2062B46
:108AD0000DD1094B1B6803F00F03002B07D1074B87
:108AE0001B6803F0F003302B01D1012300E00023C9
:108AF00018467047E00F00F0E40F00F0E80F00F0B8
:108B00000A4B1B68DBB2062B0DD1094B1B6803F027
:108B10000F03002B07D1074B1B6803F0F003502B0A
:108B200001D1012300E0002318467047E00F00F058
:108B3000E40F00F0E80F00F0124B1B68DBB2062BCD
:108B40001DD1114B1B6803F00F03002B17D10F4BE6
:108B50001B6803F0F003302B01D1012310E00B4B15
:108B60001B6803F0F003402B01D1012308E0074B01
:108B70001B6803F0F003502B01D1012300E0002318
:108B800018467047E00F00F0E40F00F0E80F00F027
:108B9000124B1B68DBB2062B1DD1114B1B6803F077
:108BA0000F03002B17D10F4B1B6803F0F003302B82
:108BB00001D1012310E00B4B1B6803F0F003402BA5
:108BC00001D1012308E0074B1B6803F0F003502B91
:108BD00001D1012300E0002318467047E00F00F0A8
:108BE000E40F00F0E80F00F0A0DF704700BF184668
:108BF000A2DF704700BF1846A3DF704700BF1846CA
:108C0000A4DF704700BF1846A6DF704700BF1846B4
:108C100082B001900091009B9A88019B5A8200BF0C
:108C200002B0704782B001900091019B4FF6FF7235
:108C30005A8200BF02B0704700B585B00190009124
:108C4000019B1B7D83F00103DBB2002B26D1009B2F
:108C500006330393039B1A88019B5B899A4220D1B8
:108C6000039B5B89022B1CD1019B1B68002B17D037
:108C7000039B0C331846F6F76CFF0346002B03D01A
:108C800000238DF8083002E001238DF80830019BA5
:108C90001B6802AA11460198984702E000BF00E055
:108CA00000BF05B05DF804FB00B585B001900091F0
:108CB000009B002B1ED0019B002B1BD0009B03931D
:108CC000019B1B88502B10D0502B15DC102B02D091
:108CD000112B05D010E001990398FFF799FF0CE0E4
:108CE00001990398FFF79EFF07E001990398FFF7AA
:108CF000A3FF02E000BF00E000BF05B05DF804FB89
:108D000000B595B001900091019B1B7D002B1ED0FA
:108D10000AAB03220021184601F046FA9DF82830DC
:108D2000012262F303038DF828309DF828300122D8
:108D300062F307138DF82830009B5B7B8DF8293098
:108D40009DF82A30012262F342038DF82A300BABE2
:108D50001C220021184601F027FA9DF82C3043F020
:108D600002038DF82C30019B1A7D9DF82C3062F3A4
:108D700004138DF82C3000230C9300230E93002352
:108D80000F93019B1B7D002B01D00AAB00E0002359
:108D900010930023119301238DF8123042F619230A
:108DA000ADF8103003AB03220021184601F0FCF9A6
:108DB000009B9B7B8DF80C30009BDB7B8DF80D308E
:108DC0009DF80E30012262F342038DF80E309DF8BB
:108DD0000E3023F008038DF80E309DF80E3023F08E
:108DE00010038DF80E309DF80E3023F001038DF83E
:108DF0000E30009B1B7B8DF80B3005AB142200213D
:108E0000184601F0D1F904AB059303AB0693012397
:108E1000ADF81C300023ADF81E300123ADF8203032
:108E20000DF10B030993019B9888019B063305AA5A
:108E30000BA9FFF7DDFE1390139B002B01D0139BB2
:108E40006EE0009B9B68002B66D001238DF81230EA
:108E500042F60813ADF8103003AB03220021184688
:108E600001F0A2F9009B1B7C8DF80C309DF80D30B1
:108E700023F00F038DF80D309DF80D3023F0F00333
:108E80008DF80D309DF80E30012262F342038DF80B
:108E90000E309DF80E3023F008038DF80E309DF84B
:108EA0000E3023F010038DF80E309DF80E3023F0B5
:108EB00001038DF80E30009B9A6802AB11461846EC
:108EC000F6F75EFE03468DF84B3005AB1422002109
:108ED000184601F069F904AB059303AB06939DF8BE
:108EE0004B309BB2ADF81C300023ADF81E30BDF8FE
:108EF0001C30ADF8203002AB0993019BD888019B50
:108F000003F10E0205AB1946FFF776FE1390139B93
:108F1000002B04D0139B03E0019B0022DA81002385
:108F2000184615B05DF804FB00B585B001900091BE
:108F3000019B002B02D0009B002B01D10E2327E0C8
:108F4000009B1A68019B1A60019B4FF6FF725A82C0
:108F5000009B1A79019B1A75019BFF221A74012349
:108F60008DF80A3041F60F03ADF80830019B1A1D49
:108F700002AB19460120FFF737FE0390039B002B3D
:108F800001D0039B04E000990198FFF7B9FE034666
:108F9000184605B05DF804FB00B58BB001900B4698
:108FA0008DF80330019B002B01D10E2354E00023E8
:108FB0000993019B1A7C9DF803309A424BD007AB72
:108FC00008220021184601F0EFF80123ADF81C300B
:108FD0000023ADF81E300DF103030893019B588A5E
:108FE000019BDB8807AA1946FFF70AFE0990099B37
:108FF000002B0AD19DF80320019B1A74019B5B8A08
:109000004FF6FF72934224D001E0099B24E0019BBC
:109010001B7D002B1DD003AB10220021184601F050
:10902000C3F8019BDB88ADF80C3001238DF80E30BE
:10903000BDF81E30ADF8103007AB0593089B0693C2
:10904000019B5B8A03AA11461846FFF7DDFD0990D4
:1090500001E008230993099B18460BB05DF804FB57
:1090600082B003460091ADF80630BDF80630DAB2A2
:10907000009B1A70BDF806301B0A9AB2009B0133A0
:10908000D2B21A700223184602B07047A0DF7047B0
:1090900000BF1846A2DF704700BF184600B585B074
:1090A00001900091009B002B14BF01230023DBB231
:1090B0000393039B002B04D1354A4D210020EBF78D
:1090C0003BFB019B002B14BF01230023DBB2029367
:1090D000029B002B04D12E4A4E210020EBF72CFBE3
:1090E000009BD3E90023D2B2019B1A70009BD3E905
:1090F00000014FF000024FF00003020A42EA016251
:109100000B0A01990131D3B20B70009BD3E9000126
:109110004FF000024FF00003020C42EA01420B0C38
:1091200001990231D3B20B70009BD3E900014FF0DB
:1091300000024FF00003020E42EA01220B0E0199D9
:109140000331D3B20B70009BD3E900014FF0000252
:109150004FF000030A00002301990431D3B20B70D1
:10916000009B9A68019B0533D2B21A70009B9B68E2
:109170001A0A019B0633D2B21A70009B9B681A0C24
:10918000019B0733D2B21A7000BF05B05DF804FB33
:1091900024BC030000B587B00190009100238DF836
:1091A0001730009B002B14BF01230023DBB2049374
:1091B000049B002B04D1314A65210020EBF7BCFA57
:1091C000019B002B14BF01230023DBB20393039BFD
:1091D000002B04D1294A66210020EBF7ADFA9DF857
:1091E00017305A1C8DF817201A46019B1344009A19
:1091F00012781A70009B58889DF81730019A134412
:109200001946FFF72DFF03461A469DF81730134401
:109210008DF81730009B98889DF81730019A1344F9
:109220001946FFF71DFF03461A469DF817301344F1
:109230008DF81730009BD8889DF81730019A134499
:109240001946FFF70DFF03461A469DF817301344E1
:109250008DF817309DF81730072B0CBF0123002322
:10926000DBB20293029B002B04D1044A6E21002042
:10927000EBF762FA00BF07B05DF804FB24BC030003
:1092800000B595B0029101930346ADF80E30134638
:10929000ADF80C30029B002B14BF01230023DBB27E
:1092A0001393139B002B04D13D4A87210020EBF739
:1092B00043FABDF80C30002B14BF01230023DBB2AE
:1092C0001293129B002B04D1354A88210020EBF722
:1092D00033FA0AAB1C220021184600F065FF9DF806
:1092E000283043F002038DF8283000230B9300232D
:1092F0000D9300230E9300230F930023109301235B
:109300008DF84630BDF80E30ADF8443004AB032282
:109310000021184600F048FF019B1B788DF81030A3
:10932000019B5B788DF811309DF81230012262F3B9
:1093300042038DF812309DF8123023F008038DF8A7
:1093400012309DF8123023F010038DF812309DF882
:10935000123023F001038DF8123005AB14220021E6
:10936000184600F021FF11AB059304AB0693BDF83E
:109370000C30ADF81C300023ADF81E30BDF80C30B9
:10938000ADF82030029B0993064B188805AA0AA95C
:10939000169BFFF77FFE0346184615B05DF804FBE9
:1093A00024BC0300E03A002000B58BB003900123F9
:1093B0008DF8223041F60A03ADF8203008AB724A2E
:1093C00019460120FFF762FE0990099B002B01D08E
:1093D000099BD4E0039B1B88002B11D0039B596889
:1093E000039B1A88039B3C336848009042F629206F
:1093F000FFF746FF0990099B002B01D0099BBEE0B7
:10940000039B1B89002B11D0039BD968039B1A89EE
:10941000039B3C335E48009042F62420FFF730FF68
:109420000990099B002B01D0099BA8E0039B1B8A94
:10943000002B11D0039B5969039B1A8A039B3C3371
:109440005448009042F62520FFF71AFF0990099B27
:10945000002B01D0099B92E0039B1B8B002B11D0AA
:10946000039BD969039B1A8B039B3C334A480090AA
:1094700042F62720FFF704FF0990099B002B01D03B
:10948000099B7CE0039B1B8C002B11D0039B596A2A
:10949000039B1A8C039B3C334048009042F62620E5
:1094A000FFF7EEFE0990099B002B01D0099B66E0B7
:1094B000039B1B8D002B11D0039BD96A039B1A8D34
:1094C000039B3C333648009042F62820FFF7D8FE35
:1094D0000990099B002B01D0099B50E0039B1B6B5B
:1094E000002B16D0039B1A6B06AB11461846FFF7EC
:1094F000D5FD039B3C3306A92A4A0092082242F676
:109500002320FFF7BDFE0990099B002B01D0099B8A
:1095100035E0039B5B6B002B15D0039B5B6B1968DD
:10952000039B5B6B1B791846039B3C331E4A0092DE
:10953000024642F62A20FFF7A3FE0990099B002B62
:1095400001D0099B1BE0039B9B6B002B16D0039B58
:109550009A6B04AB11461846FFF71CFE039B3C3385
:1095600004A9124A0092072242F65020FFF788FE13
:109570000990099B002B01D0099B00E000231846AD
:109580000BB05DF804FB00BFE03A0020E43A002095
:10959000EC3A0020F43A0020FC3A0020043B002082
:1095A0000C3B0020143B00201C3B0020243B0020EF
:1095B00082B003468DF807309DF8073003F01F0294
:1095C00005499DF907305B09012000FA02F241F8D4
:1095D000232000BF02B0704700E100E082B00346E4
:1095E0008DF807309DF8073003F01F0206499DF9FA
:1095F00007305B09012000FA02F2203341F82320F2
:1096000000BF02B0704700BF00E100E082B0034637
:1096100000918DF807309DF90730002B0CDA009B84
:10962000DAB20C499DF8073003F00F03043B5201F6
:10963000D2B20B441A7609E0009BDAB206499DF9D2
:1096400007305201D2B20B4483F8002300BF02B0AE
:10965000704700BF00ED00E000E100E082B003468B
:109660008DF807309DF90730002B0BDA0B4A9DF877
:10967000073003F00F03043B13441B7EDBB25B098E
:10968000DBB208E0064A9DF90730134493F8003333
:10969000DBB25B09DBB2184602B0704700ED00E0B8
:1096A00000E100E000B583B00190019B002B03D1E5
:1096B0000449C420F2F7C0FD019B5B68184603B063
:1096C0005DF804FB80BC030010DF704700BF184644
:1096D00011DF704700BF184682B003468DF807308F
:1096E0009DF907301F2B0CDC9DF907300F4A22FA39
:1096F00003F303F00103002B14BF01230023DBB2AB
:1097000010E09DF907303F2B0BDC9DF90730203B23
:10971000012202FA03F3002B14BF01230023DBB262
:1097200000E00123184602B0704700BFFC06FFBDF1
:1097300082B00190019B072B01D900230BE0019B14
:10974000002B05D0019B012B02D0019B042B01D1E2
:10975000002300E00123184602B0704700B583B033
:1097600003468DF807309DF907301846FFF7B4FF20
:109770000346002B02D142F201032EE09DF907308F
:109780001846FFF76BFF03461846FFF7D1FF034665
:10979000002B02D142F202031FE0124B9B68002B08
:1097A00015D09DF907305B090E4A52F823209DF829
:1097B000073003F01F03012101FA03F319469DF955
:1097C00007305B090A43074941F8232004E09DF96B
:1097D00007301846FFF7ECFE0023184603B05DF88B
:1097E00004FB00BFB028002000B583B003468DF80D
:1097F00007309DF907301846FFF76EFF0346002B30
:1098000002D142F201031FE0114B9B68002B15D0DF
:109810009DF907305B090E4A52F823109DF8073076
:1098200003F01F03012202FA03F3DA439DF9073024
:109830005B090A40064941F8232004E09DF90730FE
:109840001846FFF7CBFE0023184603B05DF804FB73
:10985000B028002000B583B0034600918DF8073092
:109860009DF907301846FFF737FF0346002B02D15A
:1098700042F201030FE00098FFF75AFF0346002B66
:1098800002D142F2020306E09DF907300099184622
:10989000FFF7BCFE0023184603B05DF804FB000090
:1098A00000B587B003468DF8073002AB144918465F
:1098B000EFF7CCF917E002AB1846FFF7F3FE05907F
:1098C000059B1B680493059B59689DF80720049B22
:1098D000104698470346002B01D111230BE002AB41
:1098E0001846EFF7DDF902AB1846FFF7DBFE03463B
:1098F000002BE0D10023184607B05DF804FB00BF41
:1099000038BD030000B587B003468DF8073002ABC1
:1099100011491846EFF79AF912E002AB1846FFF723
:10992000C1FE0590059B1B680493059B59689DF833
:109930000720049B1046984702AB1846EFF7B0F992
:1099400002AB1846FFF7AEFE0346002BE5D100BF81
:1099500000BF07B05DF804FB44BD030000B583B051
:109960001620FFF7FBFE0190019B0093009B002B4C
:1099700004D0044A99210098EAF7DEFE00BF03B044
:109980005DF804FBE0BC030000B583B01620FFF7D0
:109990002BFF0190019B0093009B002B04D0044AF5
:1099A000A5210098EAF7C8FE00BF03B05DF804FBEC
:1099B000E0BC030000B585B007211620FFF74AFF81
:1099C0000390039B0293029B002B04D00B4AB82107
:1099D0000298EAF7B1FE07211520FFF73BFF03903D
:1099E000039B0193019B002B04D0044ABA210198E8
:1099F000EAF7A2FE00BF05B05DF804FBE0BC03007F
:109A000000B583B01B4B1B78002B01D008232CE042
:109A1000194B01221A700020FFF742FF0346112B59
:109A200001D1002321E00020FFF76CFF134B1B68DE
:109A300000936B4612491846FFF746FE0190019BC2
:109A4000002B01D0019B10E00A4B01221A700A4B37
:109A500000221A700B4B00221A70FFF7ABFFFFF7C2
:109A60007DFF0120FFF74EFF0023184603B05DF88D
:109A700004FB00BF2C3B00202E3B002034BD030024
:109A8000054802002D3B002000B583B0174B1B7822
:109A900083F00103DBB2002B01D0082321E0144B3B
:109AA00001221A700120FFF7FBFE0346112B01D1A2
:109AB000002316E00220FFF725FFFFF709FE0190C3
:109AC000019B002B01D0019B0BE0084B00221A7078
:109AD000074B00221A70FFF757FF0320FFF712FF12
:109AE0000023184603B05DF804FB00BF2C3B0020A8
:109AF0002E3B002008B50B4B1B7883F00103DBB233
:109B0000002B01D008230AE0074B1B78002B03D061
:109B1000FFF7BAFF034602E0FFF772FF034618465D
:109B200008BD00BF2E3B00202C3B0020014B1B78C2
:109B3000184670472C3B002000B585B06B46114994
:109B40001846EFF783F810E06B461846FFF7AAFDBA
:109B50000390039B1B680293039B5A68029B104669
:109B600098476B461846EFF79BF86B461846FFF789
:109B700099FD0346002BE7D100BF00BF05B05DF89B
:109B800004FB00BF50BD030008B5FFF7D5FF00BFC1
:109B900008BD60DF704700BF184669DF704700BF2F
:109BA000184661DF704700BF1846000000B583B05B
:109BB0000190019B002B03D10449C420F2F73CFB28
:109BC000019B5B68184603B05DF804FB5CBD0300B5
:109BD00082B00190019B002B01D10E2304E0044BC5
:109BE0001A46019B1A600023184602B0704700BF56
:109BF000E020002010B586B0034600918DF80730B4
:109C00000098FFF7E5FF0590059B002B01D0059B11
:109C1000BAE002AB0C220021184600F0C5FA9DF80C
:109C200007308DF8083001238DF80A300323ADF892
:109C30000C30009B1A6802AB19462020FFF7ADFFDD
:109C40000590059B002B0DD0514B1B881B0443F046
:109C500001040598EFF756F803461A464D49204689
:109C6000E9F7DAFF02AB0C220021184600F09CFA5B
:109C700001238DF8083000238DF8093000238DF87A
:109C80000A30009B1A6802AB19464020FFF785FF97
:109C90000590059B002B0DD03D4B1B881B0443F00A
:109CA00001040598EFF72EF803461A463A49204674
:109CB000E9F7B2FF02AB0C220021184600F074FA5B
:109CC00000238DF80830009B1A6802AB194601206A
:109CD000FFF763FF0590059B002B0DD02C4B1B88D5
:109CE0001B0443F001040598EFF70CF803461A46ED
:109CF0002A492046E9F790FF02AB0C2200211846C2
:109D000000F052FA4FF4B0630293009B1A6802AB62
:109D10001946A120FFF741FF0590059B002B0DD0B0
:109D20001B4B1B881B0443F001040598EEF7EAFF68
:109D300003461A461A492046E9F76EFF02AB0C2289
:109D40000021184600F030FA9DF8083023F0010396
:109D50008DF80830009B1A6802AB1946A020FFF767
:109D60001CFF0590059B002B0DD0094B1B881B0485
:109D700043F001040598EEF7C5FF03461A4609496A
:109D80002046E9F749FF0023184606B010BD00BF82
:109D900034210020C0BD030008BE030054BE0300F0
:109DA000A0BE0300F4BE030082B04FF08053D3F88E
:109DB0000C319B020193019B03F10053184602B042
:109DC0007047000010B584B00190019B1B6803939D
:109DD0000198FFF7DEFE0290019B1B68039A9A42EE
:109DE0001AD0184B1B881B0443F00200019B1B6810
:109DF000039A1549E9F721FF124B1B881B0443F016
:109E00000204FFF7D1FF0246019B1B68D31A1A46D2
:109E10000E492046E9F700FF029B002B0DD0094BAD
:109E20001B881B0443F001040298EEF76BFF034606
:109E30001A4607492046E9F7EFFE029B184604B090
:109E400010BD00BF3421002048BF030078BF0300CD
:109E50009CBF030000B599B001903823ADF84E3097
:109E60000DF14E0203AB11461846FFF79AFE17900C
:109E7000179B002B03D0179B052B22D127E003ABA8
:109E8000169311AB14491846EEF7E0FE11E011AB42
:109E90001846FFF78BFE1590159B1B681493159BB6
:109EA0005A68149B11461698984711AB1846EEF75E
:109EB000F7FE11AB1846FFF779FE0346002BE6D1FB
:109EC000CBE7064A40F221111798EAF735FC00BFAC
:109ED00019B05DF804FB00BF14C00300BCBF030051
:109EE00000B583B00190019B002B03D10449C4202D
:109EF000F2F7A2F9019B5B68184603B05DF804FB1A
:109F000020C0030048DF704700BF184600B589B085
:109F1000019004AB1846FFF7F5FF0790079B002B55
:109F200003D0079B052B20D124E002AB1349184630
:109F3000EEF78CFE11E002AB1846FFF7D1FF06905A
:109F4000069B1B680593049A069B5968059B10465F
:109F5000984702AB1846EEF7A3FE02AB1846FFF790
:109F6000BFFF0346002BE6D1D3E7054A6B210798D4
:109F7000EAF7E2FB00BF09B05DF804FBDCC00300B8
:109F800084C00300002B35D129B9B0FBF2FC0CFBD7
:109F9000120260467047914215D22DE9F041B2FAA3
:109FA00082F39A409940D3F1200C30FA0CFC51EA2C
:109FB0000C01984000F04EF8280036FA03F2002118
:109FC0000023BDE8F081F0B5B1FBF2FC0CFB1211EF
:109FD000B2FA82F39A409940D3F1200630FA06F69D
:109FE0003143984000F036F8614628003200DA40EC
:109FF0000023F0BDF3B5B3FA83FC49085FEA3000F3
:10A0000013FA0CF3DCF1200432FA04F423430CB409
:10A010001A0000F01FF80CBC33FA0CF3DCF11F0C33
:10A0200035FA0CF518BF013D03BCA5FB026705FB23
:10A030000377801BB941904271EB030C05D3821A60
:10A0400071EB0303681C0021F0BD02000B00280027
:10A050000021F0BD940D4FF6C2752D02B5FBF4F44E
:10A06000D60A013604FB04F5A5FB0656F64306EBBB
:10A070000416550832BF00277708013505FB16770F
:10A08000A6FB07477F0807EBC63714001500E7FB60
:10A0900002457F1B4D1C0400E7FB014505FB120632
:10A0A000A64284BF013DB618964224BF0135B61AB8
:10A0B000704700BF082938BF7047416043F6303110
:10A0C000C2F20001086000210160704700B5042A57
:10A0D0008E4609D350F8043B5EF804CB634505D1A6
:10A0E000043A032A7146F5D89AB10368086880EAF1
:10A0F000030191FAA1F1B1FA81F1B2EBD10F08D9C4
:10A1000001F0380123FA01F2C840C0B2D1B2081AF6
:10A1100000BD002000BD0178002904BF0020704769
:10A1200000214FF001324358C2FA53F30431002B9F
:10A13000F9D093FAA3F0B0FA80F001EBD000043824
:10A14000704700005AB3844690EA01039B071FD171
:10A15000830707D011F8013B00F8013B013AF7D122
:10A160001CE08446203A09D32DE9F007B1E8F8074E
:10A17000A0E8F807203AF9D2BDE8F0071C3205D470
:10A1800051F8043B40F8043B043AF9D2043205D0BC
:10A1900011F8013B00F8013B013AF9D160467047E4
:10A1A00000220B0011001A0084465AB3830704D022
:10A1B00000F8011B013AF9D124E0C9B241EA0121BA
:10A1C00041EA0141202A11D3203A2DE9F0030B4640
:10A1D0000C460D460E460F4688468946A0E8FA030F
:10A1E000203AFBD2BDE8F00320320BD0042A05D37D
:10A1F00040F8041B043A05D0042AF9D200F8011BE8
:10A20000013AFBD16046704784460020002918BF00
:10A21000002A00D17047097848B2002844BF6FF087
:10A2200001007047BCF1000F18BFCCF800100021EE
:10A23000C3E90011002818BF012070477F298EBF95
:10A240006FF0010001700120704743F63431C2F213
:10A2500000010968002904BF42F2F411C2F20001B2
:10A26000496889680A68092110477F2884BF00204F
:10A2700070474CF2FC22C0F20302515C4CF27C228B
:10A28000C0F20302105C08407047A0F161011A2976
:10A2900038BF20387047A0F141011A2938BF40F07B
:10A2A000200070477F2884BF002070474CF2FC22BA
:10A2B000C0F20302515C4CF27C22C0F20302105C3B
:10A2C00008407047A0F161011A2938BF2038704753
:10A2D000A0F141011A2938BF40F0200070472DE954
:10A2E000F04F83B0044601683B2910D901A83C22F5
:10A2F00000F013FADDE9011062681144C4E90001BD
:10A300000028BEBF01393C30C4E9000100E06168AB
:10A310003B2910D901A83C2200F0FFF9DDE901102A
:10A32000A2681144C4E901010028BEBF01393C30D4
:10A33000C4E9010100E0A16818290FD301A818227F
:10A3400000F0EBF9DDE90110E2681144C4E9020113
:10A350000028BEBF01391830C4E9020121690B2968
:10A3600010D901A80C2200F0D8F9DDE901016269D9
:10A370001318C4E904130029BEBF013B0C31C4E922
:10A38000041300E0636903F26C764BF6500CC0F2E4
:10A390001E5C45F6294ECCF28F2E06FB0EC04DF208
:10A3A0000B78C0F2A3084FEA30124245924145F6BD
:10A3B0002845C0F28F25B5EBB00F2CBF002001203F
:10A3C00003F00305B5FA85F500EA55105242104333
:10A3D0004CF2093AC0F2030A40EA4000E7680AEB8F
:10A3E0008002002F48F21F5BC5F2EB1B2ADD555C93
:10A3F000AF424CD94FF064097F1BE7600B290ED1A7
:10A40000013601336361B0070BD156FB0BF04111EC
:10A4100001EBD07000FB196018B1012108E0013197
:10A420000BE006FB0EC04FEA301040458041414230
:10A4300001EB41000AEB80020021555C2161AF4233
:10A44000DADC24E04FF0640901391AD2013E013B05
:10A450006361B00709D156FB0BF0411101EBD070DD
:10A4600000FB196008B1012106E006FB0EC04FEAAF
:10A47000301040458041414201EB41000AEB80022F
:10A480000B21505C0744C4E90371012FDCDB03F2AC
:10A490006C727E1E012929DB52FB0BF0451105EB86
:10A4A000D075C71107EBD0704FF4C87700FB1720A9
:10A4B000B0FA80F040090130642705FB1725002D14
:10A4C00018BF012503F00307B7FA87F705EA571508
:10A4D00001352840013000F0010040EA40000AEB5D
:10A4E000800515F8010B06440139FAD1E661462BC7
:10A4F00025DD40F2B3718A42C8BF114640F2B27204
:10A5000064234FF4C87C4CF22235C0F20305A2FB51
:10A510000B70970705D147095F43974201D001208F
:10A5200006E0C00900FB0CF0801AB0FA80F0400988
:10A5300035F91000064401329142E8D120E01FD0E5
:10A5400040F2B27164234CF22235C0F203050139A6
:10A55000880709D151FB0BF0471107EBD07000FBC6
:10A56000131008B1012006E001FB0EC04FEA3010C5
:10A5700040458041404235F91000361A9142E6DCF0
:10A5800040F2A320704394E80E00371D42F2934638
:10A59000C9F2492656FB077601EBC010C2EB021147
:10A5A00000EB81004FF4616103FB0100B11001EB8E
:10A5B000D671C1EBC101791A48BF0731A16103B05F
:10A5C000BDE8F08F2DE9F04182B00E46016845F2FA
:10A5D0008015C0F2010568462A4600F0AEF8DDE9B4
:10A5E0000047002F394648BF294468464FF461624E
:10A5F00000F0A3F8DDE90001B06068463C2200F0FD
:10A600009CF804EBE770011D42F29342C9F2492223
:10A6100052FB0112931003EBD272C2EBC202891AF1
:10A62000DDE90023C6E9003248BF0731B1610028E7
:10A6300040F2B27148F21F52C5F2EB124CF22233D3
:10A64000C0F203031ADB64244FF4C87CA1FB025759
:10A650008D0705D17D0965438D4201D0012506E0B6
:10A66000FF0907FB0CF77F1AB7FA87F77D0933F963
:10A670001570B84228DBC01B0131E7E74FF0640CCE
:10A680004BF6500EC0F21E5E45F62948CCF28F28DC
:10A690004DF20B77C0F2A30701398D0709D151FBA9
:10A6A00002F56C1104EBD57404FB1C140CB10125EC
:10A6B00006E001FB08E44FEA3414BC42A4416542C1
:10A6C00033F915400019E7D405EB45034CF209377F
:10A6D000C0F20307F06117F82320A1F26C71002586
:10A6E000C6E90451904208DB07EB83010123801A7D
:10A6F000CA5C336101339042F9DA0130F0603046D0
:10A7000002B0BDE8F08110B543F63834C2F200045F
:10A710002146FFF757FF204610BD91FBF2F30029B9
:10A7200003FB1211C0E90031A8BF70470129A2BF85
:10A73000891A5A1CC0E90021704791FBF2F30029E5
:10A7400003FB1211C0E90031A8BF70470129A2BF65
:0AA75000891A5A1CC0E90021704765
:10A75C000188020000000000F197020000000000D8
:08A76C0067EE0200242D00201D
:10A77400F9F602000000000039C1020000000000E8
:10A78400C1460300102D00201DEE0200242D0020E0
:10A794002DF5020000000000E1630300000000004A
:10A7A400A98C03000C2C0020F5400300242C00206D
:10A7B400D5390300E02C0020C1D2020000000000C3
:10A7C40004AA030000000300A8AC0300000000007A
:10A7D40028BA030000000300D8BA030000000300F5
:10A7E40044B40300000000003CB503000000000076
:10A7F400D8BC030000000300B4BD03000000030044
:10A8040078C0030000000300D8AE0300000000007D
:08A81400DCB5030000000000A8
:08A81C00A98802000000000001
:10A82400D1880200000000000D9802000000000022
:10A83400559E0300000000000D9F0300000000006F
:10A844000000000000000000000000000000000004
:10A8540000000000000000000000000000000000F4
:10A8640000000000000000000000000000000000E4
:10A8740000000000000000000000000000000000D4
:10A8840000000000000000000000000000000000C4
:10A8940000000000000000000000000000000000B4
:10A8A40000000000000000000000000000000000A4
:10A8B4000000000000000000000000000000000094
:04A8C4000000000090
:10A8C80000000000000000006D6D020000000000A4
:04A8D800000000007C
:10A8DC002F686F6D652F736A6F2F64776D31303011
:10A8EC00312D6578616D706C65732F6E5246355FD6
:10A8FC0053444B5F31342E322E302F636F6D706F9B
:10A90C006E656E74732F6C69627261726965732FF8
:10A91C006578706572696D656E74616C5F6C6F677C
:10A92C002F7372632F6E72665F6C6F675F62616309
:10A93C006B656E645F756172742E6300FFFFFFFFC1
:10A94C00FFFFFFFFFFFFFFFFFFFFFFFF0000000007
:10A95C00000000000000D60107010000793502005C
:10A96C00AD350200A13502002F686F6D652F736A3B
:10A97C006F2F64776D313030312D6578616D706C6F
:10A98C0065732F6E5246355F53444B5F31342E3214
:10A99C002E302F636F6D706F6E656E74732F6C69D4
:10A9AC00627261726965732F6578706572696D6525
:10A9BC006E74616C5F6C6F672F7372632F6E72664F
:10A9CC005F6C6F675F64656661756C745F62616311
:10A9DC006B656E64732E6300142300204C220020E0
:10A9EC005422002054220020180000004F7665727B
:10A9FC00666C6F7700000000617070002F686F6DDF
:10AA0C00652F736A6F2F64776D313030312D657817
:10AA1C00616D706C65732F6E5246355F53444B5F9E
:10AA2C0031342E322E302F636F6D706F6E656E74F5
:10AA3C00732F6C69627261726965732F65787065CA
:10AA4C0072696D656E74616C5F6C6F672F73726386
:10AA5C002F6E72665F6C6F675F66726F6E74656E79
:10AA6C00642E63006572726F720000007761726E03
:10AA7C00696E6700696E666F000000006465627540
:10AA8C00670000001B5B306D000000001B5B313B5E
:10AA9C0033306D001B5B313B33316D001B5B313B45
:10AAAC0033326D001B5B313B33336D001B5B313B31
:10AABC0033346D001B5B313B33356D001B5B313B1D
:10AACC0033366D001B5B313B33376D002573000053
:10AADC003C25733E2025733A200000000D0A00002F
:10AAEC002025303278000000202020007C0000005F
:10AAFC002563000020000000482700202F686F6DA0
:10AB0C00652F736A6F2F64776D313030312D657816
:10AB1C00616D706C65732F6E5246355F53444B5F9D
:10AB2C0031342E322E302F636F6D706F6E656E74F4
:10AB3C00732F6C69627261726965732F62757474BC
:10AB4C006F6E2F6170705F627574746F6E2E630020
:10AB5C00534F46544445564943453A204153534577
:10AB6C005254494F4E204641494C45440000000088
:10AB7C00534F46544445564943453A20494E564155
:10AB8C004C4944204D454D4F525920414343455368
:10AB9C0053000000415353455254494F4E204641F7
:10ABAC00494C45442061742025733A2575000000FA
:10ABBC004552524F52202575205B25735D206174E0
:10ABCC002025733A25750000554E4B4E4F574E209D
:10ABDC004641554C5420617420307825303858004B
:10ABEC002F686F6D652F736A6F2F64776D313030FE
:10ABFC00312D6578616D706C65732F6E5246355FC3
:10AC0C0053444B5F31342E322E302F636F6D706F87
:10AC1C006E656E74732F6C69627261726965732FE5
:10AC2C007574696C2F6170705F7574696C5F706C92
:10AC3C006174666F726D2E63000000002F686F6D7B
:10AC4C00652F736A6F2F64776D313030312D6578D5
:10AC5C00616D706C65732F6E5246355F53444B5F5C
:10AC6C0031342E322E302F636F6D706F6E656E74B3
:10AC7C00732F6C69627261726965732F6664732FCE
:10AC8C006664732E63000000DEC0ADDEFF011EF1B2
:10AC9C00DEC0ADDEFE011EF10000FFFF62616C6CD8
:10ACAC006F6300002F686F6D652F736A6F2F647769
:10ACBC006D313030312D6578616D706C65732F6E30
:10ACCC005246355F53444B5F31342E322E302F6356
:10ACDC006F6D706F6E656E74732F6C6962726172DA
:10ACEC006965732F62616C6C6F632F6E72665F6245
:10ACFC00616C6C6F632E63002F686F6D652F736AC8
:10AD0C006F2F64776D313030312D6578616D706CDB
:10AD1C0065732F6E5246355F53444B5F31342E3280
:10AD2C002E302F65787465726E616C2F6670726947
:10AD3C006E74662F6E72665F667072696E74662EC4
:10AD4C00630000002F686F6D652F736A6F2F647737
:10AD5C006D313030312D6578616D706C65732F6E8F
:10AD6C005246355F53444B5F31342E322E302F65B3
:10AD7C00787465726E616C2F667072696E74662F72
:10AD8C006E72665F667072696E74665F666F726D06
:10AD9C0061742E63000000003031323334353637A5
:10ADAC00383941424344454600100000040000007D
:10ADBC0001000000498602009586020031870200DE
:10ADCC00C186020055870200C9870200D78702009E
:10ADDC00E58702002F686F6D652F736A6F2F64779C
:10ADEC006D313030312D6578616D706C65732F6EFF
:10ADFC005246355F53444B5F31342E322E302F6325
:10AE0C006F6D706F6E656E74732F6C6962726172A8
:10AE1C006965732F6578706572696D656E74616CA8
:10AE2C005F6D656D6F626A2F6E72665F6D656D6FBB
:10AE3C00626A2E63000000002E2E2F2E2E2F2E2E37
:10AE4C002F2E2E2F2E2E2F2E2E2F2E2E2F636F6D5C
:10AE5C00706F6E656E74732F6C6962726172696566
:10AE6C00732F6578706572696D656E74616C5F7354
:10AE7C00656374696F6E5F766172732F6E72665F55
:10AE8C0073656374696F6E5F697465722E68000018
:10AE9C002E2E2F2E2E2F2E2E2F2E2E2F2E2E2F2EC1
:10AEAC002E2F2E2E2F636F6D706F6E656E74732F39
:10AEBC006C69627261726965732F6D757465782F38
:10AECC006E72665F6D74782E680000007077725F2A
:10AEDC006D676D74000000002F686F6D652F736ACD
:10AEEC006F2F64776D313030312D6578616D706CFA
:10AEFC0065732F6E5246355F53444B5F31342E329F
:10AF0C002E302F636F6D706F6E656E74732F6C695E
:10AF1C00627261726965732F7077725F6D676D74A1
:10AF2C002F6E72665F7077725F6D676D742E630043
:10AF3C002F686F6D652F736A6F2F64776D313030AA
:10AF4C00312D6578616D706C65732F6E5246355F6F
:10AF5C0053444B5F31342E322E302F636F6D706F34
:10AF6C006E656E74732F6C69627261726965732F92
:10AF7C006578706572696D656E74616C5F7365631D
:10AF8C0074696F6E5F766172732F6E72665F736534
:10AF9C006374696F6E5F697465722E6300000000E4
:10AFAC00556E6B6E6F776E206572726F7220636F69
:10AFBC00646500004E52465F53554343455353005E
:10AFCC004E52465F4552524F525F5356435F484173
:10AFDC004E444C45525F4D495353494E4700000077
:10AFEC004E52465F4552524F525F534F4654444562
:10AFFC00564943455F4E4F545F454E41424C454484
:10B00C00000000004E52465F4552524F525F494E6F
:10B01C005445524E414C00004E52465F4552524FE1
:10B02C00525F4E4F5F4D454D000000004E52465F43
:10B03C004552524F525F4E4F545F464F554E44004F
:10B04C004E52465F4552524F525F4E4F545F5355CE
:10B05C0050504F52544544004E52465F4552524F49
:10B06C00525F494E56414C49445F504152414D004C
:10B07C004E52465F4552524F525F494E56414C49D3
:10B08C00445F5354415445004E52465F4552524F13
:10B09C00525F494E56414C49445F4C454E475448CB
:10B0AC00000000004E52465F4552524F525F494ECF
:10B0BC0056414C49445F464C414753004E52465F03
:10B0CC004552524F525F494E56414C49445F4441A0
:10B0DC00544100004E52465F4552524F525F44411C
:10B0EC0054415F53495A45004E52465F4552524FA8
:10B0FC00525F54494D454F55540000004E52465F27
:10B10C004552524F525F4E554C4C00004E52465FCA
:10B11C004552524F525F464F5242494444454E00AD
:10B12C004E52465F4552524F525F494E56414C4922
:10B13C00445F4144445200004E52465F4552524FC8
:10B14C00525F4255535900004E52465F4552524F82
:10B15C00525F4D4F44554C455F4E4F545F494E49DD
:10B16C005449414C5A4544004E52465F4552524F49
:10B17C00525F4D555445585F494E49545F464149BD
:10B18C004C4544004E52465F4552524F525F4D550E
:10B19C005445585F4C4F434B5F4641494C45440026
:10B1AC004E52465F4552524F525F4D555445585F73
:10B1BC00554E4C4F434B5F4641494C4544000000B3
:10B1CC004E52465F4552524F525F4D555445585F53
:10B1DC00434F4E445F494E49545F4641494C4544A8
:10B1EC00000000004E52465F4552524F525F4D4F89
:10B1FC0044554C455F414C52454144595F494E4979
:10B20C005449414C495A4544000000004E52465F97
:10B21C004552524F525F53544F524147455F46552A
:10B22C004C4C00004E52465F4552524F525F4150BB
:10B23C00495F4E4F545F494D504C454D454E54451A
:10B24C00440000004E52465F4552524F525F4645F5
:10B25C0041545552455F4E4F545F454E41424C450B
:10B26C00440000004E52465F4552524F525F4452CA
:10B27C00565F5457495F4552525F4F56455252558F
:10B28C004E0000004E52465F4552524F525F4452A0
:10B29C00565F5457495F4552525F414E41434B00F4
:10B2AC004E52465F4552524F525F4452565F54576E
:10B2BC00495F4552525F444E41434B000000000031
:10B2CC00C0AF030001000000CCAF0300020000007F
:10B2DC00ECAF03000300000010B0030004000000FA
:10B2EC0024B003000500000038B003000600000085
:10B2FC004CB003000700000064B00300080000001D
:10B30C007CB003000900000094B003000A000000A8
:10B31C00B0B003000B000000C8B003000C0000002C
:10B32C00E0B003000D000000F4B003000E000000BC
:10B33C0008B103000F00000018B10300100000005A
:10B34C002CB103001100000044B103008000000088
:10B35C0054B103008100000074B1030082000000AE
:10B36C0090B1030083000000ACB103008400000026
:10B37C00CCB1030085000000F0B103008600000092
:10B38C0018B203009000000030B2030091000000DE
:10B39C0050B203000082000070B203000182000072
:10B3AC0090B2030002820000ACB203002E2E2F2EAE
:10B3BC002E2F2E2E2F2E2E2F2E2E2F2E2E2F2E2E9C
:10B3CC002F636F6D706F6E656E74732F6472697618
:10B3DC006572735F6E72662F68616C2F6E72665F3A
:10B3EC006770696F2E6800002F686F6D652F736A28
:10B3FC006F2F64776D313030312D6578616D706CE5
:10B40C0065732F6E5246355F53444B5F31342E3289
:10B41C002E302F636F6D706F6E656E74732F626F4D
:10B42C00617264732F626F617264732E630000002B
:10B43C001E1F160E0D0E0F10636C6F636B00000059
:10B44C002F686F6D652F736A6F2F64776D31303095
:10B45C00312D6578616D706C65732F6E5246355F5A
:10B46C0053444B5F31342E322E302F636F6D706F1F
:10B47C006E656E74732F647269766572735F6E722B
:10B48C00662F636C6F636B2F6E72665F6472765F90
:10B49C00636C6F636B2E63002F686F6D652F736A1F
:10B4AC006F2F64776D313030312D6578616D706C34
:10B4BC0065732F6E5246355F53444B5F31342E32D9
:10B4CC002E302F636F6D706F6E656E74732F647298
:10B4DC0069766572735F6E72662F636F6D6D6F6EDA
:10B4EC002F6E72665F6472765F636F6D6D6F6E2E1A
:10B4FC00630000002E2E2F2E2E2F2E2E2F2E2E2FB1
:10B50C002E2E2F2E2E2F2E2E2F636F6D706F6E659D
:10B51C006E74732F647269766572735F6E72662FC8
:10B52C0068616C2F6E72665F6770696F2E680000C1
:10B53C006770696F746500002F686F6D652F736A93
:10B54C006F2F64776D313030312D6578616D706C93
:10B55C0065732F6E5246355F53444B5F31342E3238
:10B56C002E302F636F6D706F6E656E74732F6472F7
:10B57C0069766572735F6E72662F6770696F74653A
:10B58C002F6E72665F6472765F6770696F74652E7A
:10B59C00630000002E2E2F2E2E2F2E2E2F2E2E2F10
:10B5AC002E2E2F2E2E2F2E2E2F636F6D706F6E65FD
:10B5BC006E74732F647269766572735F6E72662F28
:10B5CC0068616C2F6E72665F6770696F2E68000021
:10B5DC0075617274000000002F686F6D652F736ABF
:10B5EC006F2F64776D313030312D6578616D706CF3
:10B5FC0065732F6E5246355F53444B5F31342E3298
:10B60C002E302F636F6D706F6E656E74732F647256
:10B61C0069766572735F6E72662F756172742F6EC8
:10B62C0072665F6472765F756172742E63000000DF
:10B63C002E2E2F2E2E2F2E2E2F2E2E2F2E2E2F2E19
:10B64C002E2F2E2E2F636F6D706F6E656E74732F91
:10B65C00647269766572735F6E72662F68616C2FA7
:10B66C006E72665F6770696F2E6800002C2B00206D
:10B67C004C2B00207C2B00200D000300A1B70200F6
:10B68C000E000300A1B702000F000300A1B70200D7
:10B69C0010000300A1B70200AC2B0020CC2B002023
:10B6AC00EC2B00202F686F6D652F736A6F2F6477FA
:10B6BC006D313030312D6578616D706C65732F6E26
:10B6CC005246355F53444B5F31342E322E302F654A
:10B6DC0078616D706C65732F626C655F70657269F3
:10B6EC0070686572616C2F6578706572696D656ED6
:10B6FC0074616C2F626C655F6170705F63676D73F2
:10B70C002F6D61696E2E6300457261736520626FE7
:10B71C006E647321000000004E6F726469635F43B6
:10B72C00474D530043474D20537461727420536549
:10B73C007373696F6E00000043474D2053746F7034
:10B74C002053657373696F6E0000000043474D20F2
:10B75C006368616E676520636F6D6D756E6963619B
:10B76C0074696F6E20696E74657276616C0000008E
:10B77C00436C69656E74207265717565737465646C
:10B78C00207468617420616C6C20626F6E6473202D
:10B79C0062652064656C6574656400004E6F72644C
:10B7AC00696353656D69636F6E647563746F720062
:10B7BC00446972656374656420616476657274694A
:10B7CC0073696E672E0000004661737420616476A5
:10B7DC006572746973696E672E000000536C6F7725
:10B7EC00206164766572746973696E672E0000005F
:10B7FC0046617374206164766572746973696E67EF
:10B80C0020776974682077686974656C6973742E25
:10B81C0000000000536C6F77206164766572746968
:10B82C0073696E6720776974682077686974656CD2
:10B83C006973742E00000000436F6E6E656374654F
:10B84C0064000000446973636F6E6E6563746564B5
:10B85C0000000000496E63726561736520474C20DF
:10B86C00436F6E63656E74726174696F6E00000075
:10B87C00446563726561736520474C20436F6E634A
:10B88C00656E74726174696F6E000000436F6E6E4A
:10B89C00656374656420746F2061207072657669CD
:10B8AC006F75736C7920626F6E6465642064657665
:10B8BC006963652E00000000436F6E6E65637469EA
:10B8CC006F6E20736563757265643A20726F6C6578
:10B8DC003A2025642C20636F6E6E5F68616E646C19
:10B8EC00653A20307825782C2070726F636564750A
:10B8FC0072653A2025642E004661696C656420747B
:10B90C006F2073656375726520636F6E6E6563740B
:10B91C00696F6E2E20446973636F6E6E6563746914
:10B92C006E672E00436F6E74696E756F757320476A
:10B93C006C75636F7365204D6F6E69746F72696E91
:10B94C0067206578616D706C6520737461727465C5
:10B95C00642E00002F686F6D652F736A6F2F6477EC
:10B96C006D313030312D6578616D706C65732F6E73
:10B97C005246355F53444B5F31342E322E302F6399
:10B98C006F6D706F6E656E74732F626C652F636F65
:10B99C006D6D6F6E2F626C655F636F6E6E5F73742F
:10B9AC006174652E630000002F686F6D652F736ADC
:10B9BC006F2F64776D313030312D6578616D706C1F
:10B9CC0065732F6E5246355F53444B5F31342E32C4
:10B9DC002E302F636F6D706F6E656E74732F626C8B
:10B9EC00652F636F6D6D6F6E2F626C655F73727612
:10B9FC005F636F6D6D6F6E2E6300000001000100C0
:10BA0C0018BA0300010001001CBA03000100000079
:10BA1C0000000000AD6303006D1E0300626C655FE7
:10BA2C00626D7300436F6E74726F6C20706F696E11
:10BA3C00742077726974653A204F7065726174690D
:10BA4C006F6E206661696C65642E0000436F6E74C6
:10BA5C00726F6C20706F696E742077726974653ABE
:10BA6C0020496E76616C6964206F7020636F646529
:10BA7C002E000000436F6E74726F6C20706F696ED5
:10BA8C0074206C6F6E672077726974653A20496E0A
:10BA9C0076616C696420617574682E00436F6E74F6
:10BAAC00726F6C20706F696E742077726974653A6E
:10BABC00205375636365737300000000496E6974ED
:10BACC0020636F6D706C6574652E0000626C655F31
:10BADC00676174740000000073645F626C655F677B
:10BAEC0061705F646174615F6C656E6774685F75CB
:10BAFC00706461746528292028726571756573748A
:10BB0C0029206F6E20636F6E6E656374696F6E2093
:10BB1C00307825782072657475726E656420756E48
:10BB2C0065787065637465642076616C756520302A
:10BB3C007825782E0000000073645F626C655F6787
:10BB4C00617474635F65786368616E67655F6D745B
:10BB5C00755F7265717565737428292072657475CB
:10BB6C00726E656420756E657870656374656420AB
:10BB7C0076616C756520307825782E0073645F6271
:10BB8C006C655F67617474735F65786368616E6719
:10BB9C00655F6D74755F7265706C792829207265AC
:10BBAC007475726E656420756E6578706563746506
:10BBBC00642076616C756520307825782E00000045
:10BBCC0073645F626C655F6761705F646174615F11
:10BBDC006C656E6774685F75706461746528292084
:10BBEC00287265706C79292072657475726E656443
:10BBFC0020756E65787065637465642076616C750C
:10BC0C006520307825782E003D610300F982030011
:10BC1C00F1210300B91E03002F686F6D652F736A45
:10BC2C006F2F64776D313030312D6578616D706CAC
:10BC3C0065732F6E5246355F53444B5F31342E3251
:10BC4C002E302F636F6D706F6E656E74732F626C18
:10BC5C00652F626C655F73657276696365732F62BD
:10BC6C006C655F6469732F626C655F6469732E63C6
:10BC7C00000000002E2E2F2E2E2F2E2E2F2E2E2F8C
:10BC8C002E2E2F2E2E2F2E2E2F636F6D706F6E6516
:10BC9C006E74732F6C69627261726965732F65784B
:10BCAC00706572696D656E74616C5F7365637469E0
:10BCBC006F6E5F766172732F6E72665F73656374FD
:10BCCC00696F6E5F697465722E6800006E72665FD4
:10BCDC00736468002F686F6D652F736A6F2F6477BC
:10BCEC006D313030312D6578616D706C65732F6EF0
:10BCFC005246355F53444B5F31342E322E302F6316
:10BD0C006F6D706F6E656E74732F736F6674646590
:10BD1C00766963652F636F6D6D6F6E2F6E72665FE4
:10BD2C007364682E63000000010000071CA8030068
:10BD3C0024A803000800000024A8030034A8030072
:10BD4C000800000034A8030044A803000800000009
:10BD5C002E2E2F2E2E2F2E2E2F2E2E2F2E2E2F2EF2
:10BD6C002E2F2E2E2F636F6D706F6E656E74732F6A
:10BD7C006C69627261726965732F6578706572693E
:10BD8C006D656E74616C5F73656374696F6E5F76FD
:10BD9C006172732F6E72665F73656374696F6E5F29
:10BDAC00697465722E6800006E72665F7364685FFA
:10BDBC00626C650073645F626C655F6366675F737A
:10BDCC00657428292072657475726E6564202573FC
:10BDDC00207768656E20617474656D7074696E6728
:10BDEC0020746F2073657420424C455F434F4E4E58
:10BDFC005F4346475F4741502E00000073645F620B
:10BE0C006C655F6366675F7365742829207265745F
:10BE1C0075726E6564202573207768656E20617479
:10BE2C0074656D7074696E6720746F20736574200F
:10BE3C00424C455F4741505F4346475F524F4C452C
:10BE4C005F434F554E542E0073645F626C655F63A5
:10BE5C0066675F73657428292072657475726E65E8
:10BE6C0064202573207768656E20617474656D702D
:10BE7C0074696E6720746F2073657420424C455F43
:10BE8C00434F4D4D4F4E5F4346475F56535F55559D
:10BE9C0049442E0073645F626C655F6366675F7311
:10BEAC00657428292072657475726E65642025731B
:10BEBC00207768656E20617474656D7074696E6747
:10BECC0020746F2073657420424C455F4741545475
:10BEDC00535F4346475F415454525F5441425F5352
:10BEEC00495A452E0000000073645F626C655F6305
:10BEFC0066675F73657428292072657475726E6548
:10BF0C0064202573207768656E20617474656D708C
:10BF1C0074696E6720746F2073657420424C455FA2
:10BF2C0047415454535F4346475F53455256494328
:10BF3C00455F4348414E4745442E000052414D2039
:10BF4C0073746172747320617420307825782C209E
:10BF5C0063616E2062652061646A75737465642028
:10BF6C00746F20307825782E0000000052414D204F
:10BF7C0073697A652063616E2062652061646A75FD
:10BF8C007374656420746F20307825782E0000005F
:10BF9C0073645F626C655F656E61626C65282920F5
:10BFAC0072657475726E65642025732E0000000036
:10BFBC002F686F6D652F736A6F2F64776D3130301A
:10BFCC00312D6578616D706C65732F6E5246355FDF
:10BFDC0053444B5F31342E322E302F636F6D706FA4
:10BFEC006E656E74732F736F6674646576696365C2
:10BFFC002F636F6D6D6F6E2F6E72665F7364685F0B
:10C00C00626C652E6300000074A70300C4A70300D4
:10C01C00080000002E2E2F2E2E2F2E2E2F2E2E2FE0
:10C02C002E2E2F2E2E2F2E2E2F636F6D706F6E6572
:10C03C006E74732F6C69627261726965732F6578A7
:10C04C00706572696D656E74616C5F73656374693C
:10C05C006F6E5F766172732F6E72665F7365637459
:10C06C00696F6E5F697465722E6800006E72665F30
:10C07C007364685F736F63002F686F6D652F736AED
:10C08C006F2F64776D313030312D6578616D706C48
:10C09C0065732F6E5246355F53444B5F31342E32ED
:10C0AC002E302F636F6D706F6E656E74732F736FA0
:10C0BC0066746465766963652F636F6D6D6F6E2F43
:10C0CC006E72665F7364685F736F632E630000004B
:10C0DC005CA7030074A7030008000000ADC10300B7
:10C0EC0024C20300B0C1030053756E646179004D26
:10C0FC006F6E64617900547565736461790057657E
:10C10C00646E6573646179005468757273646179E7
:10C11C000046726964617900536174757264617967
:10C12C0000004A616E7561727900466562727561D4
:10C13C007279004D6172636800417072696C004DD8
:10C14C006179004A756E65004A756C7900417567B6
:10C15C007573740053657074656D626572004F631E
:10C16C00746F626572004E6F76656D626572004425
:10C17C006563656D6265720000414D00504D0000B5
:10C18C00256D2F25642F25790025483A254D3A2514
:10C19C005300256120256220256520255420255932
:10C1AC00004300006BA203008BA2030097A20300C4
:10C1BC00A5A20300C5A20300D1A203003DA2030067
:10C1CC0009A2030053756E004D6F6E005475650027
:10C1DC0057656400546875004672690053617400B9
:10C1EC00004A616E00466562004D617200417072DA
:10C1FC00004D6179004A756E004A756C0041756797
:10C20C0000536570004F6374004E6F760044656395
:10C21C0000002E00000000001EC2030020C203001C
:10C22C0020C2030020C2030020C2030020C203006E
:10C23C0020C2030020C2030020C2030020C203005E
:10C24C00FFFFFFFFFFFFFFFFFFFFFFFFFFFF0000F0
:10C25C00F4C00300D0C103002EC10300EDC10300E4
:10C26C0085C103008CC1030095C103009EC103006E
:10C27C00202020202020202020682828282820204A
:10C28C0020202020202020202020202020202020A2
:10C29C00481010101010101010101010101010105A
:10C2AC0084848484848484848484101010101010FA
:10C2BC001081818181818101010101010101010153
:10C2CC000101010101010101010101101010101007
:10C2DC001082828282828202020202020202020224
:10C2EC0002020202020202020202021010101020CC
:10C2FC00000703200417020108571040801F1C1F61
:10C30C001E1F1E1F1F1E1F1E1F1F1D1F1E1F1E1F39
:0AC31C001F1E1F1E1F006D016E01A1
:10C32800002000400000000068A903000000000091
:10C33800000000000000000070AA030078AA0300B3
:10C3480080AA030088AA030090AA030098AA030001
:10C35800A0AA0300A8AA0300B0AA0300B8AA030071
:10C36800C0AA0300C8AA0300D0AA0300FFFF050063
:10C378001F18010041424344040000009963030070
:10C388003E000700060700000000181818181818C3
:10C3980018181818180000000090D003E8C003000F
:10C3A800E8C00300E8C00300E8C00300E8C00300D9
:040000032000324D5A
:00000001FF
