:020000022000DC
:10300000000001204D320200A5320200A73202006A
:10301000A9320200AB320200AD3202000000000013
:10302000000000000000000000000000AF320200BD
:10303000B132020000000000B3320200B5320200DB
:10304000899B0200BB320200D5BA0200BF320200E7
:10305000C1320200C332020045A60200C73202009C
:10306000C9320200CB320200CD320200CF32020060
:10307000D1320200D3320200D5320200D732020030
:10308000D932020069580200DD320200DF3202004C
:10309000A9580200E3320200BD810300E7320200BA
:1030A000E9320200EB320200ED320200EF320200A0
:1030B000F1320200F3320200B7320200B7320200EE
:1030C000F5320200F7320200F9320200FB32020050
:0C30D000FD320200FF320200013302005A
:1030DC003A493B480A1A02D0072291438D46394996
:1030EC0039480A1A06D00722914381F30988022233
:1030FC0082F3148835483649364A00F041F8364890
:10310C003649374A00F03CF836483749374A00F020
:10311C0037F837483749384A00F032F837483849D9
:10312C00384A00F02DF838483849394A00F028F868
:10313C0038483949394A00F023F8394839490022CE
:10314C0000F036F838483949002200F031F8384898
:10315C003849091A15F0D8FA374A904725482649B4
:10316C00884205D00268043003B4904703BCF7E7EB
:10317C0000208646EC4600200021304A9047FEE7AE
:10318C00884214D0521A12D003460B431343032423
:10319C00234206D1036804300B600431043AF9D1A0
:1031AC007047037801300B700131013AF9D1704747
:1031BC00884202D002700130FAE77047000001200B
:1031CC0000F80020000001200000012054A703009B
:1031DC0024220020C82500200433020004330200FE
:1031EC003E89030054A7030024220020242200203F
:1031FC00CC8A0300CC8A0300CC8A0300CC8A03005F
:10320C00CC8A0300CC8A0300CC8A0300CC8A03004E
:10321C0051A70300F8AA0300C8250020C8250020E8
:10322C00C8250020103C0020103C0020103C002041
:10323C00103C0020103E00207132020011DC020014
:10324C000F484FF00701884385460E4880470E48CB
:10325C00016841F470010160BFF34F8FBFF36F8FB2
:10326C00FFF736BF09480A490A4A884207D0521A62
:10327C0005D0037801300B700131013AF9D1704758
:10328C00000001204D60030088ED00E0288A030057
:10329C008021002024220020FEE7FEE7FEE7FEE767
:1032AC00FEE7FEE7FEE7FEE7FEE7FEE7FEE7FEE7EA
:1032BC00FEE7FEE7FEE7FEE7FEE7FEE7FEE7FEE7DA
:1032CC00FEE7FEE7FEE7FEE7FEE7FEE7FEE7FEE7CA
:1032DC00FEE7FEE7FEE7FEE7FEE7FEE7FEE7FEE7BA
:1032EC00FEE7FEE7FEE7FEE7FEE7FEE7FEE7FEE7AA
:0832FC00FEE7FEE7FEE700BF5C
:1033040000B5A1B00590049103920293049805F0CE
:1033140031FE039B1593029B1693002317930023FE
:103324008DF8603000231993229B1A9300231F9376
:103334000FA91F9B0822049805F0DAFE08231F93A7
:10334400119B1293109B9BB2ADF84C3000238DF867
:1033540050309DF83C3003F00303DBB2012B32D133
:103364000F9BC3F395231C939DF83C30C3F3C20316
:10337400DBB28DF84E309DF83C30C3F38003DBB2F2
:10338400002B14BF01230023DBB28DF84F30BDF8AE
:103394003C30C3F38313DBB21B931B9B9A0009A934
:1033A4001F9B049805F0A4FE1B9B9B001F9A1344CB
:1033B4001F9312AA09A915AB009313461B9A1C98D4
:1033C40001F008F83BE09DF83C3003F00303DBB266
:1033D400022B34D1BDF83E30C3F389139BB21E9344
:1033E4009DF83C30C3F3C203DBB28DF84E309DF838
:1033F4003C30C3F38003DBB2002B14BF0123002352
:10340400DBB28DF84F301E9B082B28BF08231D9379
:1034140007A91F9B1D9A049805F06AFE1F9A1D9B1D
:1034240013441F931E9A1D9BD31A1E9315AB12AA05
:1034340007A81D9901F070F81E9B002BE3D1049896
:1034440005F0A7FD00BF21B05DF804FB82B0019038
:103454000091034B01221A7000BF02B0704700BFF5
:103464000826002030B58DB003468DF807301A4B7E
:1034740002AC1D460FCD0FC495E80F0084E80F0081
:10348400062302934FF0FF3303934FF0FF3304936B
:103494004FF0FF3305934FF0EB7308939DF807301B
:1034A400002B01D00D4A00E0002202AB19460C4863
:1034B40007F02AFF0B900B9B0A930A9B002B04D066
:1034C400084A43210A9801F0F5F9074A9DF80730A4
:1034D400137000BF0DB030BD388B030051340200AF
:1034E40024220020CC8A03000926002000B583B0E2
:1034F40001238DF807309DF807301846FFF7B2FF17
:1035040000BF03B05DF804FB00B589B003900291DD
:103514000192019B8DF81F30124B00221A709DF806
:103524001F301A460299104808F056F80690069B78
:103534000593059B002B04D00C4A5321059801F0F8
:10354400B9F900BF0A4B1B78002B07D0054B1B7839
:10355400DBB283F00103DBB2002BF3D100BF09B06F
:103564005DF804FB0826002024220020CC8A0300F6
:103574000926002000B585B003900291054B009305
:103584004023054A02990398FFF7BAFE00BF05B02D
:103594005DF804FB0D350200C825002082B00190BF
:1035A40000BF02B07047000000B583B00190054829
:1035B40007F0FCFE0020FFF755FF00BF03B05DF8E5
:1035C40004FB00BF2422002082B00190019B012251
:1035D4005A7200BF02B0704700B583B04FF0FF339A
:1035E4000193FFF783FF0421084800F02DFE0190AA
:1035F400019B002B03DA0649482009F071F80348BF
:10360400FFF7E2FF00BF03B05DF804FB2C220020AB
:10361400648B030000B583B001900091019B1B688B
:103624001B6800990198984700BF03B05DF804FB3C
:1036340000B583B00190019B1B685B6801989847B3
:1036440000BF03B05DF804FB82B001900B468DF817
:103654000330019B9DF803201A7200BF02B070472B
:1036640082B00190019B1B7A184602B0704782B069
:103674000190019B01225A7200BF02B0704782B0D0
:103684000190019B5B7A184602B0704710B487B072
:1036940001900091019B009A53E8004F44EA020014
:1036A40043E8000191F0000FF6D1059404900391D2
:1036B400049B184607B05DF8044B704710B487B0FC
:1036C40001900091019B009A53E8004F04EA020024
:1036D40043E8000191F0000FF6D1059404900391A2
:1036E400059B184607B05DF8044B704700B583B0DE
:1036F400019001210198FFF7C9FF0346184603B062
:103704005DF804FB00B583B0019000210198FFF738
:10371400D5FF0346184603B05DF804FB00B587B037
:1037240001901F4BFF229A601D4B00221A601C4B14
:1037340000225A601A4B0022C3F81824184B0022A6
:10374400C3F81424164B002283F81C24154805F0F2
:1037540075FB0490049B002B01D0049B1CE0124ACF
:10376400124BD31ADB080393002305930FE0059A49
:1037740013465B0013449B001A460D4B13440293FB
:10378400059B9AB2029B1A80059B01330593059A07
:10379400039B9A42EBD30023184607B05DF804FB61
:1037A400DC260020D48B0300008A0300A0890300D8
:1037B40080210020024A034BD31ADB0818467047C5
:1037C400008A0300A089030000B587B001900B466E
:1037D4008DF803309DF80330002B23D0FFF7EAFF68
:1037E40004900023059317E0059A13465B001344E5
:1037F4009B001A460E4B13440393039B5B881A46A3
:10380400019B1B689A4204D1019B059A1A6000230C
:1038140009E0059B01330593059A049B9A42E3D37F
:10382400052300E00023184607B05DF804FB00BF41
:103834008021002000B585B001900B468DF803303F
:103844009DF8032001AB11461846FFF7BDFF034660
:10385400002B07D1019BDB00054A13440393039B10
:103864001B6800E00023184605B05DF804FB00BFA8
:10387400A089030084B001900B468DF80330019BAE
:10388400DB00174A134402939DF80330013B032BDA
:103894001CD801A252F823F0AD380200B53802005A
:1038A400BD380200C738020002238DF80F3011E042
:1038B40004238DF80F300DE0029B1B798DF80F3037
:1038C40008E0029B5B798DF80F3003E000238DF84C
:1038D4000F3000BF9DF80F30184604B0704700BF8A
:1038E400A089030000B589B04148FFF7FFFE4148B5
:1038F400FFF7FCFE404B5B6807933F4B9B680493C8
:10390400079A049B134002339B003B4A134404333D
:1039140006931BE0079B01330793069B5B88C3F365
:1039240089139BB21A46069B1B88C3F389139BB267
:1039340013441A46079B13440793079A049B1340A6
:1039440002339B002C4A134404330693069B1B78D2
:1039540003F00303DBB2002BDCD00023059311E05A
:10396400079B5A1C0792049A1340059A92006946D1
:103974000A44214902339B000B445B681360059B96
:1039840001330593059B012BEAD99DF80030C3F35D
:103994000103DBB2012B0CD0022B14D1BDF8023091
:1039A400C3F389139BB203339B08079A1344079309
:1039B4000FE0BDF80030C3F38313DBB21A46079B54
:1039C4001344079305E00D4940F24D1008F088FEBA
:1039D40000BF0848FFF796FE0390039B002B02D01C
:1039E400054A079B536000BF09B05DF804FB00BFA4
:1039F400F42A0020F02A0020DC260020F88B0300A3
:103A040010B586B00390029101920093039B1B0CA6
:103A1400ADF81630BDF81640FFF7CCFE03469C42C5
:103A240004D323494FF4B27008F05AFE009B5A1C89
:103A3400089B1340BDF816201E4902339B000B441B
:103A44005A60009A089B134002339B00194A13449E
:103A540004330493039B1B0903F00103D9B2049AB2
:103A6400137861F382031370039B03F00703D9B245
:103A7400049A137861F3C5031370019B03F00F03D9
:103A8400D9B2049A138861F389131380029BC3F398
:103A94001501049A136861F39F231360049A137841
:103AA400012161F30103137000BF06B010BD00BF14
:103AB400F88B0300DC26002000B58BB00190009148
:103AC400019B023308930223079301238DF81B30D3
:103AD40000238DF80F300DF10F03184602F014F88F
:103AE400214B1A68009B1A601F4B9A681E4B596839
:103AF4001D4B1B68CB1A134401330993089A079B87
:103B0400134405930BE0FFF7EDFE174B9A68164B31
:103B14005968154B1B68CB1A134401330993059A52
:103B2400099B9A42EFD8104B1A680F4B9B681340BD
:103B340002339B000C4A134404330493049A13780D
:103B440043F003031370084B1A68089B1344064A96
:103B540013609DF80F30184601F0ECFF9DF81B3000
:103B640018460BB05DF804FBDC26002000B589B0D4
:103B740003900291019200230793039B0133039363
:103B840000238DF817300DF11703184601F0BCFF20
:103B94002B4B1A68019B1A60294B9A68284B596869
:103BA400274B1B68CB1A134401330693039A069BD5
:103BB4009A4215D8224B1B685A1C214B9B68134010
:103BC40002339B001E4A1344043307931C4B1A68A8
:103BD400039B13441A4A1360029B00221A6016E0E6
:103BE400174B5A68164B9B681340039A9A420ED29D
:103BF400134B1A680399069B0B441344013B104A68
:103C04001360069B5A1E029B1A600E4B07930C4BC3
:103C14009A680B4B59680A4B1B68CB1A134401333F
:103C24000693069B012B01D8002307939DF81730B8
:103C3400184601F07FFF079B184609B05DF804FBA6
:103C4400DC260020E826002000B58BB00190264B2E
:103C540093F81C34002B02D1019B002B01D1019B52
:103C64003EE0214B9B680993019814F082FD0346C2
:103C740001330893089B03339B08079300230493A1
:103C840003AA04AB19460798FFF770FF0690069B3A
:103C9400002B24D0039A099B134002339B00124A41
:103CA400134404330593059A137823F00303137024
:103CB400049BC3F3090399B2059A138861F38F1324
:103CC4001380079BC3F3090399B2059A538861F3E0
:103CD4008F135380089A0199069814F061FD069B8E
:103CE40018460BB05DF804FBDC26002000B58BB051
:103CF40005900491039202931E4B9B68079306ABB5
:103D040019460298FFF7D8FE0346002B24D0069BE1
:103D1400023309930023089311E0089B9B00039A44
:103D24001A44099B591C099107990B4012681149BF
:103D340002339B000B445A60089B01330893089A92
:103D4400029B9A42E9D3069A079B00931346029A70
:103D540004990598FFF754FE064B93F81C34002B86
:103D640004D000F079F80346002BFAD100BF0BB061
:103D74005DF804FBDC26002000B583B001900091BF
:103D84000023002200990198FFF7B0FF00BF03B0A1
:103D94005DF804FB00B587B0039002910192019B8A
:103DA400059305AA012302990398FFF79FFF00BF1B
:103DB40007B05DF804FB00B587B00390029101924F
:103DC4000093019B0493009B059304AA0223029988
:103DD4000398FFF78BFF00BF07B05DF804FB00B545
:103DE40089B00390029101920093019B0593009B7B
:103DF40006930A9B079305AA032302990398FFF7E6
:103E040075FF00BF09B05DF804FB00B589B00390ED
:103E1400029101920093019B0493009B05930A9BDA
:103E240006930B9B079304AA042302990398FFF7B4
:103E34005DFF00BF09B05DF804FB0000054B5A6844
:103E4400044B1B689A420CBF01230023DBB21846C3
:103E5400704700BFDC26002000B599B0FFF7EEFFE5
:103E64000346002B01D00023B3E19C4B0022C3F88E
:103E74001824BFF34F8F00BF984B5B681793974B81
:103E84009B681093179A109B134002339B00934A2C
:103E9400134404331693002315930023149300232F
:103EA4000F931BE0179B01331793169B5B88C3F397
:103EB40089139BB21A46169B1B88C3F389139BB2C2
:103EC40013441A46179B13441793179A109B1340D5
:103ED40002339B00814A134404331693169B1B78C8
:103EE40003F00303DBB2002BDCD00023139311E0B7
:103EF400179B5A1C1792109A1340139A920002A906
:103F04000A44764902339B000B445B681360139B9D
:103F140001331393139B012BEAD99DF8083003F066
:103F24000303DBB2022B40F09C80BDF80A30C3F3DC
:103F340089139BB20D93BDF80A30C3F389139BB266
:103F4400502B28BF50239BB20C930C9BC3F3090343
:103F54009AB2BDF80A3062F38F13ADF80A300C9BA5
:103F640008330B939DF80830C3F3C203DBB20F93FD
:103F74000B995B4804F06DFF1590159B002B00F026
:103F8400E080159804F0F6FF02A9149B0822159806
:103F940005F09CF8149B08331493179BDA43109B89
:103FA400134001339B000A930C9A0A9B9A4242D90C
:103FB4000A9B002B08D0179A109B134002339B00D6
:103FC400464A1344043300E0464B08930A9B002BF3
:103FD40002D00A9BDBB201E00C9BDBB28DF81F30F0
:103FE4000A9B002B01D03F4B00E0002306930A9B61
:103FF400002B06D00C9BDAB20A9BDBB2D31ADBB2DD
:1040040000E000238DF817309DF81F20149B0899B9
:10401400159805F05BF89DF81F30149A1344149317
:10402400069B002B16D09DF81720149B0699159813
:1040340005F04CF80EE0179A109B134002339B00D6
:10404400264A134404330993149B0C9A099915982E
:1040540005F03CF80D9B03339B08179A1344179300
:104064006FE09DF8083003F00303DBB2012B5AD153
:10407400BDF80830C3F38313DBB2062B28BF062335
:10408400DAB2BDF8083062F38913ADF80830BDF830
:104094000830C3F38313DBB202330E939DF8083068
:1040A400C3F3C203DBB20F930E9B9B0019460C486B
:1040B40004F0CFFE1590159B002B42D0159804F008
:1040C40059FF02A9149B0822159804F0FFFF149BC2
:1040D40008331493002313931BE000BFDC26002055
:1040E400D48B0300E8260020179B5A1C1792109AC1
:1040F400134002339B00394A1344191D149B0422B4
:10410400159804F0E3FF149B04331493139B0133B9
:104114001393BDF80830C3F38313DBB21A46139B21
:104124009342E1D30DE09DF8083003F00303DBB2C2
:10413400032B06D1294BD3F81834002B01D10023CB
:1041440047E0159B002B3ED0244BD3F81034129338
:10415400224BD3F81834002B1AD0159804F019FF09
:1041640031E000238DF847301298FFF788FA0346B0
:10417400002B02D001238DF847309DF84730002BE7
:1041840003D015991298FFF745FA129B5B681293B6
:10419400129B002BE5D1159804F0FBFE00238DF84B
:1041A40007300DF10703184601F0AEFC0B4BD3F8B2
:1041B4001834002B02D1094A179B53609DF807302D
:1041C400184601F0B7FCFFF739FE034683F00103FC
:1041D400DBB2184619B05DF804FB00BFDC260020F2
:1041E40000B585B00023039322E0164BD3F81034B6
:1041F400029301238DF807300EE00298FFF730FA9E
:1042040003461A46039B934203D100238DF80730DB
:1042140005E0029B5B680293029B002BEDD19DF8A5
:104224000730002B01D0039B07E0039B013303936A
:10423400039B092BD9DD4FF0FF33184605B05DF819
:1042440004FB00BFDC26002000B585B001900B46BE
:104254008DF80330FFF7C4FF0390039BB3F1FF3FD6
:1042640001D1039B1EE0039BDBB219460198FFF7C3
:10427400EBF90E4BD3F81034002B07D10B4A019BFA
:10428400C2F81034019B00225A600AE0074BD3F8AD
:1042940010345A68019B5A60044BD3F81034019AC5
:1042A4005A60039B184605B05DF804FBDC26002029
:1042B40000B583B00C4BD3F8103401930A4B0122A0
:1042C40083F81C2408E00198FFF7D1F90198FFF75F
:1042D400AFF9019B5B680193019B002BF3D100BFF5
:1042E40000BF03B05DF804FBDC26002010B582B0EB
:1042F40001900091019BDB7983F00103DBB2002B79
:1043040028D0019B1B7A002B12D0019B9B881A4654
:10431400019B9B7919461046FFF7ACFA03461A46EF
:104324000E4B53F822301A460D49009803F08CFDC9
:10433400019B9B791A460B4B53F82240019B9B88A7
:1043440000211846FFF776FA0346224606490098EC
:1043540003F07AFD00BF02B010BD00BF4C22002064
:10436400C88C030038220020CC8C030000B585B033
:104374000390029113468DF80730039BDB7983F099
:104384000103DBB2002B0FD0039B1B7A002B06D05A
:104394000D4B1B681A460D49029803F055FD0C4954
:1043A400029803F051FD07E09DF80730002B03D07D
:1043B4000749029803F048FD029803F023FD00BF6B
:1043C40005B05DF804FB00BF4C220020C88C03003C
:1043D400D88C030030B58BB00790069105920493F6
:1043E4000E9B1B7B8DF827300E9B00221A730E99AF
:1043F4000498FFF77BFF059B062B7FD801A252F898
:1044040023F000BF254402002F4402003F44020071
:10441400534402007144020099440200C94402005A
:1044240007990E9803F010FD69E0069B1B681A4675
:1044340007990E9803F008FD61E0069B1A68069B35
:1044440004331B6807990E9803F0FEFC57E0069BA3
:104454001A68069B04331968069B08331B6800938B
:104464000B4607990E9803F0EFFC48E0069B196889
:10447400069B04331868069B08331B68069A0C32A3
:1044840012680192009303460A4607990E9803F0B6
:10449400DBFC34E0069B1868069B04331C68069B0F
:1044A40008331B68069A0C321268069910310968A1
:1044B4000291019200932346024607990E9803F055
:1044C400C3FC1CE0069B1C68069B04331D68069B0A
:1044D40008331B68069A0C32126806991031096871
:1044E40006981430006803900291019200932B46C1
:1044F400224607990E9803F0A7FC00E000BF0022B3
:104504000E990498FFF732FF0E9B9DF827201A732B
:1045140000BF0BB030BD00BF00B587B0039002915F
:1045240001920093029B082B5CD8009B1B7B8DF8A7
:104534001330009B00221A7300990198FFF7D6FEEE
:104544000023059314E0059A029B9A4209D2039A28
:10455400059B13441B781A462449009803F074FC05
:1045640003E02349009803F06FFC059B0133059396
:10457400059B072BE7D91F49009803F065FC00232E
:10458400059322E0059A029B9A4217D2039A059B4F
:1045940013441B788DF812309DF81230184614F02D
:1045A40082F90346002B02D09DF8123000E02E233E
:1045B4001A461149009803F047FC03E00F4900989C
:1045C40003F042FC059B01330593059B072BD9D9C6
:1045D400012200990198FFF7C9FE009B9DF8132062
:1045E4001A7300E000BF07B05DF804FBDC8C030025
:1045F400E48C0300E88C0300EC8C0300F08C0300D3
:1046040000B589B0019000238DF81F3051E02E4B86
:104614001A689DF81F30DB0013440693069B1B7831
:104624001A46012393400593284B1A68059B1340AF
:10463400002B39D0059BDA43244B1B681340234AD3
:104644001360069B1B78184605F0E0FF03468DF8BF
:104654001330069B1B781A46012393401A461C4BC1
:104664001B6813409DF81320069909788A409342E9
:104674001AD19DF81330069A5278012A0CBF0122F0
:104684000022D2B293420CBF01230023DBB2039376
:10469400069B5B68002B07D0069B5B68069A127822
:1046A4000399C9B2104698479DF81F3001338DF81D
:1046B4001F30084B1B789DF81F209A42A7D300BFD8
:1046C40000BF09B05DF804FBFC2A00202C2B00205D
:1046D400282B0020002B002000B585B001900B464C
:1046E4008DF803300122019B02FA03F303931E4B5E
:1046F400184601F073F90290029B002B30D11B4B3A
:104704001A68039B1340002B22D1019805F07EFF09
:104714000346002B06D0164B1A68039B1343144A16
:10472400136006E0039BDA43114B1B681340104AE5
:1047340013600E4B1A68039B13430C4A13600A4818
:104744000C4B1B680022194601F016F9029008E090
:10475400039BDA43054B1B681340044A136000E0D3
:1047640000BF05B05DF804FB082B00202C2B0020B3
:10477400282B0020042B002000B589B003900B46A1
:1047840001928DF80B30019B042B01D8072351E0D3
:1047940005F044FE034683F00103DBB2002B07D08F
:1047A40005F0F4FD0790079B002B01D0079B41E027
:1047B400224A039B1360224A9DF80B301370214A4E
:1047C400019B1360204B00221A60204B00221A60C8
:1047D40023E09DF80B30DB00039A13440693032374
:1047E4008DF8143000238DF8153000238DF8163021
:1047F40000238DF81730069B9B788DF81530069BA7
:104804001B78184605AB124A194605F013FE0790AB
:10481400079B002B01D0079B0CE09DF80B305A1E20
:104824008DF80B20002BD4D10A4A00210A4801F04C
:1048340073F80346184609B05DF804FBFC2A00200F
:10484400002B0020042B0020282B00202C2B0020E0
:10485400DD46020005460200F48C030000B583B077
:10486400114B1B68002B03D11049B62007F038FF09
:10487400002301930CE00C4B1A68019BDB001344EA
:104884001B780121184605F039FE019B0133019381
:10489400074B1B781A46019B9342ECD3002318461E
:1048A40003B05DF804FB00BFFC2A0020F88C030071
:1048B400002B002000B589B0039002910192029B65
:1048C4009BB2ADF81430019B0693039B079305AB91
:1048D4001A46002144F2010000F052F800BF09B06A
:1048E4005DF804FB86B003900291019201238DF8D8
:1048F40017309DF81730214A039B13601F4A029B0F
:1049040053601E4A019B9360039B44F2010293424D
:1049140013D0039B44F20202934222D1019B174A13
:10492400D360164BDB681B881A46144B9A61134BF1
:10493400DB685B68114AD36113E0019B0F4A136182
:104944000E4B1B699B680D4A53610C4B1B691B88FA
:104954001A460A4B9A61094B1B695B68074AD36183
:1049640000BF72B600BF00BF9DF81730DBB2002B4A
:10497400FAD162B600BF00BF06B07047302B0020EA
:1049840030B589B0059004910392FFF791FCFFF7CD
:1049940063FA0346002BFAD1059B44F202029342C8
:1049A4002BD0059B44F20202934254D8059B44F257
:1049B4000102934231D0059B44F2010293424AD84A
:1049C400059B012B05D0059B41F2010293420AD0BD
:1049D40041E02E4B1B881B0443F001032C4918466D
:1049E400FFF7CAF942E0294B1B881B0443F001037B
:1049F40028491846FFF7C0F938E0039B0793234B77
:104A04001B881B0443F00100079B5B681A46079B45
:104A14001B882149FFF7CFF928E0039B06931B4B22
:104A24001B881B0443F00104069B9D68069B9B683E
:104A3400184604F0CBFB03461946069B5B681A46EE
:104A4400069B1B88019300920B462A461349204675
:104A5400FFF7DBF90AE00D4B1B881B0443F001034D
:104A6400049A0F491846FFF795F900BF0D4B1B68D0
:104A740003F00103002B00D0FFDE039A049905988C
:104A8400FFF730FF00BF09B030BD00BF8021002018
:104A94004C8D03006C8D0300908D0300AC8D0300DE
:104AA400C48D0300F0ED00E082B00190019B03F09F
:104AB4000303002B0CBF01230023DBB2184602B012
:104AC4007047000082B003468DF807309DF8073028
:104AD4009AB2064B1B889A4204D29DF807300133E0
:104AE400DBB200E00023184602B070475C2B0020C4
:104AF40000B583B00B4B1B788DF807300A4B1B783D
:104B0400DBB21846FFF7DEFF03461A469DF807306E
:104B140093420CBF01230023DBB2184603B05DF8B7
:104B240004FB00BF582B0020592B002082B0084BF7
:104B34001B788DF80730074B1B78DBB29DF80720F4
:104B44009A420CBF01230023DBB2184602B070471F
:104B5400582B0020592B002000B585B00346009245
:104B6400ADF806300B46ADF80430BDF8043001331F
:104B74009BB2DB00ADF80E300098FFF795FF0346BB
:104B840083F00103DBB2002B01D0072317E00E4AA8
:104B9400009B1360BDF80E30009A13440B4A136057
:104BA4000B4B00221A700B4B00221A700A4ABDF8F4
:104BB40006301380094ABDF80430138000231846D8
:104BC40005B05DF804FB00BF502B0020542B0020DF
:104BD400592B0020582B00205A2B00205C2B00203E
:104BE40000B587B003900B460192ADF80A30374BFD
:104BF4001B88BDF80A209A4260D84FF6FF73ADF8BF
:104C0400123000238DF811300DF11103184600F015
:104C14007BFFFFF76DFF0346002B0ED12C4B1B7857
:104C2400DBB2ADF812302A4B1B78DBB21846FFF723
:104C340049FF03461A46264B1A709DF81130184650
:104C440000F078FFBDF812304FF6FF72934232D075
:104C5400204B1A68BDF81230DB001344019A1A6025
:104C6400039B002B1CD0BDF80A30002B18D01A4B24
:104C74001B68BDF812201549098801FB02F2134490
:104C8400BDF80A200399184613F08AFD114B1A68DF
:104C9400BDF81230DB001344BDF80A209A8007E007
:104CA4000C4B1A68BDF81230DB00134400229A80C2
:104CB4000023059304E00423059301E009230593ED
:104CC400059B184607B05DF804FB00BF5A2B002073
:104CD400592B0020502B0020542B00200023184671
:104CE4007047000000B585B02FE0204B1B78DBB285
:104CF400ADF80E301E4B1B68BDF80E201D49098807
:104D040001FB02F2134402931B4B1A68BDF80E30E8
:104D1400DB0013449B88ADF80630174B1A68BDF8C6
:104D24000E30DB0013441B680093BDF80620009B83
:104D34001146029898470D4B1B78DBB21846FFF7D3
:104D4400C1FE03461A46094B1A70FFF7C7FF034614
:104D540083F00103DBB2002B04D0FFF7E7FE034628
:104D6400002BC2D000BF05B05DF804FB582B002017
:104D7400542B00205A2B0020502B002082B00346D5
:104D84008DF807309DF8073003F01F0205499DF99F
:104D940007305B09012000FA02F241F8232000BF2A
:104DA40002B0704700E100E082B003468DF807309E
:104DB4009DF8073003F01F0206499DF907305B098F
:104DC400012000FA02F2203341F8232000BF02B090
:104DD400704700BF00E100E082B003468DF8073061
:104DE4009DF8073003F01F0206499DF907305B095F
:104DF400012000FA02F2403341F8232000BF02B040
:104E0400704700BF00E100E082B003468DF8073030
:104E14009DF8073003F01F0206499DF907305B092E
:104E2400012000FA02F2603341F8232000BF02B0EF
:104E3400704700BF00E100E082B0034600918DF8A6
:104E440007309DF90730002B0CDA009BDAB20C49CD
:104E54009DF8073003F00F03043B5201D2B20B4418
:104E64001A7609E0009BDAB206499DF9073052012F
:104E7400D2B20B4483F8002300BF02B0704700BFD6
:104E840000ED00E000E100E084B00190244B0393C6
:104E9400019B002B40D0234B1A680399019B00BF50
:104EA40000BF00BF00BF00BF00BF00BF00BF8A42F9
:104EB4002FD000BF00BF00BF00BF00BF00BF00BFB6
:104EC40000BF00BF00BF00BF00BF00BF00BF00BFE6
:104ED40000BF00BF00BF00BF00BF00BF00BF00BFD6
:104EE40000BF00BF00BF00BF00BF00BF00BF00BFC6
:104EF40000BF00BF00BF00BF00BF00BF00BF00BFB6
:104F040000BF00BF00BF00BF00BF00BF00BF00BFA5
:104F140000BF013BC3D1019300BF04B0704700BF81
:104F24000024F400B025002000B583B00190064AA7
:104F3400019BC2F8083507211120FFF77DFF00BF50
:104F440003B05DF804FB00BF0010014008B50D4B31
:104F54004FF48032C3F844230A4B4FF48032C3F831
:104F640004231120FFF750FF1120FFF707FF054B23
:104F740001221A602F20FFF787FF034B01221A70CA
:104F840000BF08BD001001407E2C002008B5112090
:104F9400FFF70AFF0E4B4FF48032C3F848230C4B43
:104FA4004FF48032C3F80823094B01225A602F20A2
:104FB400FFF76AFF064B01229A60064B00221A6033
:104FC4002F20FFF761FF044B00221A7000BF08BDB9
:104FD40000100140702C00207E2C0020024BD3F8DE
:104FE40004351846704700BF0010014082B001909C
:104FF4000091019A009BD31A23F07F43184602B014
:105004007047000082B00190034A019BC2F840350A
:1050140000BF02B0704700BF0010014086B001908D
:10502400284B1B68002B03D1264A019B136045E0E3
:10503400019B1A68234B1B681B689A4210D8214BAA
:105044001B681968019B1A681E4B1B688A1A1A6030
:105054001C4B1A68019BDA611A4A019B13602DE00C
:10506400019B1B680393174B1B680593154B1B6827
:10507400049309E0049B1B68039AD31A0393049BCB
:105084000593049BDB690493049B002B04D0049BCD
:105094001B68039A9A42EDD8049B002B05D0049B0D
:1050A4001A68039BD21A049B1A60019B039A1A6024
:1050B400019B049ADA61059B019ADA6100BF06B08C
:1050C400704700BF6C2C002000B587B001902A4BBC
:1050D4001B680393284B1B680593059B049308E006
:1050E400049A019B9A4208D0049B0593049BDB69B4
:1050F4000493049B002BF3D100E000BF049B002B1E
:1051040001D1002333E0059A049B9A4214D11A4B2F
:105114001B68DB69184A1360174B1B68002B0BD103
:10512400164B01229A60164B00221A60154B01227D
:105134001A702F20FFF7A8FE049B1B680293049BA0
:10514400DA69059BDA61059BDB690493049B002BF8
:1051540005D0049B1A68029B1A44049B1A60064BF0
:105164001B68039A9A4214BF01230023DBB218463A
:1051740007B05DF804FB00BF6C2C00200010014058
:10518400702C00207F2C002008B51120FFF724FE8E
:1051940000BF08BD08B51420FFF71EFE00BF08BD00
:1051A40000B585B001900B46ADF80230BDF8023071
:1051B400082B0CBF01230023DBB20393039B002BBA
:1051C40005D1094A4FF4B7710020FFF773FB019B27
:1051D4000293029B1B68029A52681046984700BFCC
:1051E40005B05DF804FB00BFDC8D030000B587B09B
:1051F4000190019B5B690293019B9B69039302AB42
:105204000A4A08211846FFF7EBFC0590059B049316
:10521400049B002B05D0064A4FF4C1710498FFF794
:1052240049FB00BF07B05DF804FB00BFA5510200B5
:10523400DC8D030000B585B02B4B1B68002B4ED0D2
:1052440000230193FFF7CAFE0246284B1B68194648
:105254001046FFF7CBFE0290234B1B6803931DE01F
:10526400039B1B68029A9A421CD3039B1B68029AF5
:10527400D31A0293039B1B68019A13440193039B63
:105284000093039BDB690393009B1B7C002B05D0DD
:10529400009B00221A740098FFF7A8FF039B002BC1
:1052A400DED100E000BF124B1A78124B1B789A42F1
:1052B4000CD1104B1B780133DAB20E4B1A700D4B24
:1052C4001B78022B02D10B4B00221A70094B1B785E
:1052D4001946094A019B42F82130FFF75BFF00BFE2
:1052E40005B05DF804FB00BF6C2C0020702C00207E
:1052F4007C2C00207D2C0020742C002082B0019096
:10530400184B1A78184B1B789A4223D0154B1B78EC
:105314000133DAB2134B1A70124B1B78022B02D1F1
:10532400104B00221A700F4B1B781A460F4B53F880
:105334002220019B1A60019B1A680D4B1B681344C1
:105344000B4A13600A4B1B6823F07F43084A13601F
:10535400012303E0019B00221A600023184602B0D7
:10536400704700BF7C2C00207D2C0020742C002072
:10537400702C002088B003900291019200230793BF
:1053840038E0204B1B680693069B1B68039A9A42DD
:1053940006D2069B1A68039BD21A069B1A602EE05B
:1053A400069B1B68039AD31A0393069B1B68079AF0
:1053B40013440793069B00221A60124B1B68059343
:1053C400069BDB690F4A1360069BDB68002B11D038
:1053D400029A079B134423F07F42069B5A60069B64
:1053E400DA68069B9A60019B1A68069BDA61019B46
:1053F400059A1A60034B1B68002BC2D100BF00BF83
:1054040008B070476C2C002000B589B001900023CF
:105414008DF81F30664B1B680593AAE0019B002B97
:1054240005D0019B0693069BDB69019361E0614B08
:105434001B781A4613465B001344DB005D4A134491
:10544400043304935B4B1B780133DAB2594B1A7063
:10545400584B1A78574B9B789A4202D1554B0022ED
:105464001A70049B5B680693049B1B78032B1ED065
:10547400032B7EDC012B1FD0022B7AD1049B5B68AB
:105484001846FFF721FE0346002B02D001238DF8B6
:105494001F30069B00221A746BE0454B1B68039374
:1054A400039B00221A74039BDB69414A1360404B3F
:1054B4001B68002BF1D15CE000BF069B1B7C002B1A
:1054C40000D056E0049B9A68069B5A60049BDA68F5
:1054D400069B9A60049B1A69069BDA60049B5A69CE
:1054E400069B9A61344B1B78002B02D0069B00224A
:1054F4005A60069B5A68314B1B68D31A23F07F43CA
:105504002F4A93420ED8069B5B682C4A12681146B8
:105514001846FFF76BFD0246069B9B681A44069BE0
:105524001A6017E0254B1A68069B5B6819461046FB
:10553400FFF75CFD0290069B9B68029A9A4206D292
:10554400069B9A68029BD21A069B1A6002E0069B8D
:1055540000221A60069B00225A60069B00229A6071
:10556400069B01221A74069B0022DA610698FFF753
:1055740055FD019B002B7FF451AF0E4B1A780D4B58
:105584005B789A427FF44AAF9DF81F30002B04D118
:10559400074B1B68059A9A4201D0012300E00023BF
:1055A40003F00103DBB2184609B05DF804FB00BF49
:1055B4006C2C0020602B00207F2C0020702C0020FD
:1055C400FEFF7F0010B588B00190274B1B68002BAD
:1055D40044D0254B1B681B680793FFF7FFFC06901C
:1055E400224B1B68059305990698FFF7FFFC0346B9
:1055F400033304931E4B1B7883F00103DBB2002BAF
:1056040001D0FFF7A3FC049A079B934238BF1346CB
:10561400059A13440593059B23F07F43059305984E
:10562400FFF7F0FCFFF7DAFC039006990398FFF705
:10563400DDFC0346DC1C06990598FFF7D7FC0346FE
:105644009C420DD9FFF7CAFC03461846FFF7DAFC63
:105654002F20FFF719FCFFF797FD01E0FFF796FCF9
:1056640000BF08B010BD00BF6C2C0020702C0020BF
:105674007E2C002000B587B00023019300238DF811
:105684001730194B1B680493184B1B6803936B4624
:105694001846FFF733FE03468DF80B309DF80B30A8
:1056A400002B08D0009B01AA04991846FFF762FE5C
:1056B40001238DF81730019B1846FFF7A5FE03461A
:1056C400002B02D001238DF817309DF81730002BE2
:1056D40002D00398FFF776FF054B00221A7000BF33
:1056E40007B05DF804FB00BF702C00206C2C002078
:1056F4007F2C002082B003468DF80730034A9DF8C2
:105704000730537000BF02B0704700BF602B002009
:1057140084B00190144B5B7801338DF80F30124B39
:105724009B789DF80F209A4202D100238DF80F3008
:105734000D4B1B789DF80F209A4201D100230FE0F6
:10574400019B9DF80F201A70074B5B781A4613468D
:105754005B001344DB00044A134404330293029BAA
:10576400184604B0704700BF602B002000B589B014
:1057740003900291019200930023079300238DF874
:1057840016300DF11603184600F0BEF90DF117039B
:105794001846FFF7BDFF0690069B002B02D1042399
:1057A400079318E0069B01221A70069B039A5A601D
:1057B400FFF714FC0246069B9A60069B029ADA6085
:1057C400069B019A1A61069B009A5A619DF817304C
:1057D4001846FFF78FFF9DF81630184600F0AAF917
:1057E400079B002B01D1FFF7D5FC079B184609B096
:1057F4005DF804FB00B587B001900B468DF80330CB
:105804000023059300238DF80E300DF10E03184686
:1058140000F07AF90DF10F031846FFF779FF0490B1
:10582400049B002B02D1042305930BE0049B9DF8F9
:1058340003201A70049B019A5A609DF80F30184691
:10584400FFF758FF9DF80E30184600F073F9059BDA
:10585400002B01D1FFF79EFC059B184607B05DF8AD
:1058640004FB000008B50E4B0022C3F840210C4B8A
:105874000022C3F844210A4B0022C3F84821084BF4
:105884000022C3F84C21064B0022C3F80021044B2C
:105894000022C3F80421FFF7CDFC00BF08BD00BF00
:1058A4000010014008B5FFF7E5FE00BF08BD000089
:1058B40008B5FFF76BFB134B00221A70114B002243
:1058C4005A70104B0B229A700F4B00221A600F4B28
:1058D40000221A700E4B00221A701420FFF794FA5B
:1058E40007211420FFF7A8FA1420FFF747FA002035
:1058F400FFF71AFBFFF772FB0346064A1360002307
:10590400184608BD602B00206C2C00207C2C002045
:105914007D2C0020702C002086B003900B46019251
:105924008DF80B30134B9B78002B01D108231EE01C
:10593400019B002B01D1072319E0039B002B01D10C
:10594400072314E0039B1B681B7C002B01D0082356
:105954000DE0039B1B680593059B00221A74059BAD
:105964009DF80B205A74059B019A5A61002318462E
:1059740006B07047602B002000B587B003900291F9
:105984000192039B0593144B9B78002B01D10823B0
:105994001EE0039B002B01D1082319E0029B042B7A
:1059A40001D8072314E0059B5B69002B01D1082370
:1059B4000EE0059B5B7C012B01D1029B00E00023E0
:1059C4000493019B049A02990598FFF7CFFE0346BE
:1059D400184607B05DF804FB602B002000B585B0C5
:1059E4000190019B03930D4B9B78002B01D108235D
:1059F40010E0019B002B03D0039B5B69002B01D1BA
:105A0400082307E0039B00221A7402210398FFF77E
:105A1400F1FE0346184605B05DF804FB602B002038
:105A240082B0EFF310830093009B019372B600BF22
:105A3400019B184602B0704762B600BF00BF7047B2
:105A440000B585B00190FFF7EBFF0390164B9B6800
:105A5400002B1BD1144B01229A60144BD3F88020E5
:105A6400134B1340104A1360104B114AC3F88020A3
:105A74000E4BD3F884300C4A53600C4B4FF0FF327A
:105A8400C3F88420019B00221A7002E0019B0122CA
:105A94001A70039B002B01D1FFF7CEFF0023184699
:105AA40005B05DF804FB00BF802C002000E100E09D
:105AB400FC06FFBD00B585B003468DF80730104BDA
:105AC4009B68002B16D09DF80730002B12D1FFF7EE
:105AD400A7FF03900B4A0A4B1B681360094A084B43
:105AE4005B685360064B00229A60039B002B01D134
:105AF400FFF7A2FF0023184605B05DF804FB00BFC2
:105B0400802C002000E100E000B583B0019000F09B
:105B14002BF80346012B03D00549432006F0E0FD92
:105B24000198FFF78DFF00BF03B05DF804FB00BFD1
:105B3400308E030000B583B003468DF8073000F0C3
:105B440013F80346012B03D00649512006F0C8FD83
:105B54009DF807301846FFF7ADFF00BF03B05DF8AE
:105B640004FB00BF308E030084B0EFF30583019380
:105B7400019BC3F308030393039B002B0DD1EFF3A5
:105B840014830093009B0293029B03F00103002BF8
:105B94000CBF01230023DBB200E00123184604B04C
:105BA400704782B00190019B03F00303002B0CBFEC
:105BB40001230023DBB2184602B0704710B487B04B
:105BC40001900091019B009A53E8004F44EA0200BF
:105BD40043E8000191F0000FF6D10594049003917D
:105BE400059B184607B05DF8044B704710B487B0A6
:105BF40001900091019B009A53E8004F04EB0200CE
:105C040043E8000191F0000FF6D10594049003914C
:105C1400059B184607B05DF8044B704710B487B075
:105C240001900091019B009A53E8004F04EB02009D
:105C340043E8000191F0000FF6D10594049003911C
:105C4400049B184607B05DF8044B704710B487B046
:105C540001900091019B009A53E8004FA4EB0200CD
:105C640043E8000191F0000FF6D1059404900391EC
:105C7400049B184607B05DF8044B704700B583B029
:105C8400019001210198FFF799FF0346184603B0DC
:105C94005DF804FB00B585B00190002303930EE08A
:105CA4000B4A039B52F82330002B05D0084A039B70
:105CB40052F8233001989847039B01330393039BC5
:105CC400032BEDD900BF00BF05B05DF804FB00BF96
:105CD4009C2C002082B001900091019B1B78013B19
:105CE400052B61D801A252F823F000BF095D020020
:105CF400115D0200375D0200695D0200895D0200EA
:105D0400A55D0200009B00221A704EE0009B012258
:105D14001A70019B1A89009B9A81019B9A88009BA7
:105D2400DA81019BDA68009B9A60009B00221A7456
:105D34003BE0009B02221A70019B1A89009B9A8106
:105D4400019B9A88009BDA81019BDA68009B9A6028
:105D5400019B9B7D062B0CBF01230023DAB2009B21
:105D64001A7422E0009B03221A70019BDA88009BBC
:105D74009A81019B1A89009BDA81019BDA68009B56
:105D84009A6012E0009B04221A70019BDA88009B3F
:105D94009A81009B0022DA81009B00229A6004E031
:105DA400009B05221A7000E000BF00BF02B07047DC
:105DB40084B001900091019B0393039A009B9A4243
:105DC40006D2039B1B68B3F1FF3F01D0012300E01F
:105DD400002303F00103DBB2184604B0704782B01D
:105DE4000190019B5B8803339B00019A134418467E
:105DF40002B0704700B583B0019000910198FFF79D
:105E0400EEFF0246009B934201D202230CE0019B69
:105E14009B884FF6FF72934203D0019B1B88002B93
:105E240001D1012300E00023184603B05DF804FB10
:105E340000B583B00190019B002B13D00D4BDB68A0
:105E44001A46019B93420DD30A4B1B691A46019BC8
:105E5400934207D80198FFF7A4FE0346002B01D014
:105E6400012300E0002303F00103DBB2184603B072
:105E74005DF804FB1022002082B00190019B002BEE
:105E840004D0019B1B680B4A934201D003230DE00D
:105E9400019B04331B68084A934204D0074A934287
:105EA40003D1012302E0002300E00323184602B0DB
:105EB400704700BFDEC0ADDEFE011EF1FF011EF122
:105EC40084B00190002303930CE0039B9B00019A90
:105ED40013441B68B3F1FF3F01D0002307E0039B89
:105EE40001330393039BB3F5806FEED3012318466C
:105EF40004B0704782B003460A46ADF80630134634
:105F0400ADF80430BDF80620134913469B00134432
:105F14009B000B4408331A88BDF804301344ADF8D1
:105F24000430BDF806200C4913469B0013449B0023
:105F34000B440A331A88BDF804301344ADF8043016
:105F4400BDF8043040F2FF32934294BF0123002392
:105F5400DBB2184602B070474C2D002084B001908B
:105F640000910A2303930023ADF80A3027E0BDF81B
:105F74000A20174913469B0013449B000B44043327
:105F84001B68009A9A4215D9BDF80A201049134695
:105F94009B0013449B000B4404331B6803F580539C
:105FA400009A9A4206D200230393019BBDF80A206B
:105FB4001A8008E0BDF80A300133ADF80A30BDF8A4
:105FC4000A30012BD3D9039B184604B0704700BF95
:105FD4004C2D002000B589B0039002910192039BDF
:105FE40003F580530693039B08330393029B022219
:105FF4001A80039B079332E006990798FFF7FAFE8D
:1060040003468DF817309DF81730002B0AD1079BF3
:106014009A68184B1B689A4213D9079B9B68154AC8
:1060240013600EE0019B002B02D0019B01221A7029
:106034009DF81730022B04D1029B4FF480621A8022
:1060440014E0029B1A88079B5B8813449BB20333BA
:106054009AB2029B1A800798FFF7C1FE079006992F
:106064000798FFF7A5FE0346002BC5D109B05DF8DC
:1060740004FB00BFAC2C002082B001900B46ADF8AD
:106084000230019B1A89BDF8023013449BB20333DA
:106094009AB2019B1A81019B5A89BDF80230D31A26
:1060A4009BB2033B9AB2019B5A8100BF02B0704776
:1060B40000B583B0074B1B681946002300930823DF
:1060C400054A064802F07FFA0346184603B05DF815
:1060D40004FB00BF742D0020D88E03001022002082
:1060E40000B585B003900399002300930823044A64
:1060F400044802F068FA0346184605B05DF804FB4C
:10610400E08E03001022002000B585B00346009104
:10611400ADF8063000238DF80F30BDF80630033398
:10612400ADF80A30BDF80A3040F2FD32934201D98D
:1061340009234AE00023ADF80C303BE0BDF80C2005
:10614400244913469B0013449B000B441B78002BEB
:106154002BD1BDF80A20BDF80C3011461846FFF7C4
:10616400C9FE0346002B20D001238DF80F30009B7D
:10617400BDF80C201A80BDF80C20164913469B006C
:1061840013449B000B440A331988BDF80C20BDF856
:106194000A300B4498B20F4913469B0013449B00EA
:1061A4000B440A3302461A8008E0BDF80C30013370
:1061B400ADF80C30BDF80C30012BBFD99DF80F3071
:1061C400002B01D0002300E00723184605B05DF83A
:1061D40004FB00BF4C2D002082B003460A46ADF8F4
:1061E40006301346ADF80430BDF804200D491346BB
:1061F4009B0013449B000B440A331A88BDF80630F5
:10620400D31A9BB2BDF80420033B98B20549134648
:106214009B0013449B000B440A3302461A8000BFC0
:1062240002B070474C2D002008B501210248FFF749
:10623400F5FC0346184608BDAC2C002000B585B01B
:1062440003460091ADF80630BDF8062024491346F4
:106254009B0013449B000B4404331B6803F58053D9
:106264000293009B1B680393039B002B04D00398A9
:10627400FFF7B5FD039026E0BDF806201849134644
:106284009B0013449B000B4404331B6808330393A3
:1062940019E002990398FFF7ADFD0346022B10D0D5
:1062A400022B10DC002B02D0012B05D00BE0009B4D
:1062B400039A1A6001230EE00398FFF790FD039000
:1062C40001E0002307E002990398FFF771FD0346FC
:1062D400002BDED10023184605B05DF804FB00BF97
:1062E4004C2D002000B585B001900091019B5B68A6
:1062F4001846FFF79DFD0346002B19D0019B1A8910
:10630400244B1B899A4213D1019B1A68019B5B6839
:106314009B689A420CD1019B5B6819460098FFF771
:106324001DFE0346002B0CBF01230023DBB22CE02F
:10633400009B00221A8023E00023029310E0029BBA
:106344000393039B9A68019B1B689A4208D1029AA3
:10635400019B5A600F4B1A89019B1A81012314E097
:10636400009B1B8802AA11461846FFF767FF0346E5
:10637400002BE4D1009B1B8801339AB2009B1A8046
:10638400009B1B88012BD7D90023184605B05DF864
:1063940004FB00BF7C2D002000B587B00390029160
:1063A40001920093304B1B78DBB283F00103DBB224
:1063B400002B01D0022353E0019B002B02D0009B51
:1063C400002B48D105234BE0009B9B881946274AA4
:1063D4000B469B000B449B0013441B78002B33D1CA
:1063E40024E0009B1B680593039B002B06D0059BB0
:1063F4009A88039B1B889A4200D017E0029B002BCB
:1064040006D0059B1A88029B1B889A4200D00DE097
:10641400059B9A68019B1A60009B1A68019B5A604D
:10642400134B1A89019B1A81002319E0009B9B8856
:10643400009A11461846FFF701FF0346002BD0D1FE
:10644400009B00221A6000E000BF009B9B88013380
:106454009AB2009B9A80009B9B88012BB4D90A2393
:10646400184607B05DF804FB8C2C00204C2D00204E
:106474007C2D002000B585B00190084B0199184689
:1064840001F05FFB03901C220021039812F0BAF97B
:10649400039B184605B05DF804FB00BF3C2D0020AB
:1064A40000B583B00190044B0199184601F060FBDC
:1064B40000BF03B05DF804FB3C2D002000B583B0A1
:1064C4000190054B0199184601F066FB03461846F6
:1064D40003B05DF804FB00BF3C2D002000B583B081
:1064E4000190044B0199184601F06DFB00BF03B005
:1064F4005DF804FB3C2D002008B50A4B1B68002BFB
:1065040004D1094940F2712006F0EAF80121054856
:10651400FFF79CFB0346002B14BF01230023DBB2CF
:10652400184608BD942C00208C8E030000B587B05B
:10653400002305930023ADF812300323ADF8103087
:1065440000238DF80F300023ADF80C30F3E0BDF8D4
:106554000C301A03804BDB68134402930298FFF754
:106564008BFC03468DF807309DF80730032B08D0C9
:10657400032B00F3DA80002B65D0012B00F0988008
:10658400D3E00298FFF79CFC0346002B3BD0734BEF
:106594001B68002B29D0BDF81220714913469B00BB
:1065A40013449B000B4402221A70BDF812206C495C
:1065B40013469B0013449B000B440433029A1A6055
:1065C400BDF81220664913469B0013449B000B44FC
:1065D400083302221A80634ABDF812305380BDF892
:1065E40012300133ADF8123008E05C4A029B1360AC
:1065F4005A4B02229A8001238DF80F30059B43F0F9
:106604000103059392E0BDF81030013BADF8103062
:10661400BDF81220524913469B0013449B000B44BF
:106624000433029A1A60BDF812204D4913469B00A8
:1066340013449B000B4403221A70BDF8123001333B
:10664400ADF8123072E0BDF81220454913469B00A4
:1066540013449B000B4400221A70BDF812204049D9
:1066640013469B0013449B000B440433029A1A60A4
:10667400BDF8122013469B0013449B000833384A8C
:106684009918BDF8122013469B0013449B00103345
:10669400334A13441A460298FFF79CFC059B43F0C7
:1066A40002030593BDF812300133ADF812303DE01A
:1066B4009DF80F30002B25D0BDF812202849134631
:1066C4009B0013449B000B4402221A70BDF8122055
:1066D400224B1968224813469B0013449B00034431
:1066E40004331960BDF812201D4913469B0013445E
:1066F4009B000B44083302221A80BDF81230013388
:10670400ADF81230154A029B136000221649029814
:10671400FFF760FC114B9B88022B01D1042300E09E
:106724000823059A1343059300E000BFBDF80C301D
:106734000133ADF80C30BDF80C30022B7FF607AFF7
:10674400BDF81030012B01D800230593059BDBB263
:10675400184607B05DF804FB10220020742D0020B9
:106764004C2D00207C2D0020782D002000B587B012
:1067740003900291039B02229A750299039B1A1DAE
:10678400002300930423074801F01DFF0590059B97
:10679400002B01D1002300E00E23184607B05DF85A
:1067A40004FB00BF1022002000B587B003900291C3
:1067B400039B1B69002B01D0032200E00122039BF1
:1067C4009A75029B08331946039B03F10C020023BC
:1067D40000930423064801F0F6FE0590059B002B68
:1067E40001D1002300E00E23184607B05DF804FB36
:1067F4001022002000B587B003900291039B1B7800
:10680400032B01D1052200E00622039B9A75029B0B
:1068140004331946039B03F1080200230093042365
:10682400064801F0D0FE0590059B002B01D1002302
:1068340000E00E23184607B05DF804FB1022002088
:1068440000B587B003900B46ADF80A3003990023D6
:10685400009304230C4A0D4801F0B5FE0590059BF6
:10686400002B01D00E230BE0BDF80A200849134683
:106874009B0013449B000B44103301221A70002325
:10688400184607B05DF804FBE88E030010220020D0
:106894004C2D002000B589B0019002AB00221A6093
:1068A4005A609A60019BDB6802930DF1160202ABF9
:1068B40011461846FFF716FD0346002B12D0039B22
:1068C4000693069B9A88019BDA80069B1A88019B93
:1068D4001A81039BBDF8162011461846FFF7B0FF36
:1068E400079001E00A230793079B184609B05DF857
:1068F40004FB000000B587B00190019B981D02AA1B
:106904000D4B0021FFF748FD0590059B002B08D196
:10691400039B094A928811461846FFF791FF059098
:1069240004E008220021044811F06CFF059B18467E
:1069340007B05DF804FB00BF8C2D002000B587B0C4
:1069440003900291039B01229A75029B0C33184613
:10695400039B1A69039BDB889B000021009101467D
:10696400064801F030FE0590059B002B01D1002361
:1069740000E00E23184607B05DF804FB1022002047
:1069840082B0184B1B8901339AB2164B1A81154BEE
:1069940000225A80134B00221A730023ADF80630EC
:1069A40018E0BDF80620104913469B0013449B00D1
:1069B4000B441A78BDF80630002A0CBF01220022CD
:1069C400D1B2084A13440A469A72BDF8063001331C
:1069D400ADF80630BDF80630012BE2D900BF00BF88
:1069E40002B070477C2D00204C2D002084B0019013
:1069F40000238DF80F300023ADF80C3031E0BDF8E2
:106A04000C301C4A13449B7A002B25D0BDF80C3063
:106A1400184A134400229A72BDF80C2016491346F2
:106A24009B0013449B000B440C331B68002B13D1B5
:106A3400BDF80C20104913469B0013449B000B44E3
:106A440010331B78002B07D0019BBDF80C201A8053
:106A540001238DF80F3008E0BDF80C300133ADF898
:106A64000C30BDF80C30012BC9D99DF80F301846F5
:106A740004B070477C2D00204C2D002008B5084B35
:106A840005221A70074B02229A80064B1B6819468E
:106A940000230122044801F0E8FD0346184608BD1E
:106AA4007C2D0020742D00201022002000B583B01E
:106AB400164B5B88ADF80230BDF80220144913462A
:106AC4009B0013449B000B440C331B68002B14D114
:106AD4000E4B04221A70BDF802200D4913469B0088
:106AE40013449B000B4404331B6819460023012202
:106AF400084801F0BAFD019002E0FFF7BFFF0190E2
:106B0400019B184603B05DF804FB00BF7C2D0020F8
:106B14004C2D00201022002000B587B0104B5B687C
:106B24000593104B1A680F4B9B889B0013440493E6
:106B3400059B5B880333ADF80E30094B03221A70B2
:106B44000499074B5A68BDF80E309B000020009052
:106B5400054801F038FD0346184607B05DF804FB0C
:106B64007C2D0020742D00201022002000B583B05D
:106B74000A4B5B880A491846FFF760FB0346002B63
:106B840003D0FFF7C9FF019002E0FFF78FFF0190E8
:106B9400019B184603B05DF804FB00BF7C2D002068
:106BA400802D002008B50A4B06221A70084B5B881A
:106BB4001946084A0B469B000B449B0013440433BC
:106BC4001B681846FFF78CFA0346184608BD00BF39
:106BD4007C2D00204C2D002008B5054B07221A708F
:106BE400034B00225A60FFF763FA0346184608BDB8
:106BF4007C2D002008B50D48FFF7F8FE034683F00E
:106C04000103DBB2002B0BD0094B00221A70084B96
:106C140000225A80064B00225A6041F61D5302E0BE
:106C2400FFF7A4FF0346184608BD00BF7E2D0020D1
:106C34007C2D002082B0094B5B680193019B5B882B
:106C44000333ADF80230064B9A88BDF80230134482
:106C54009AB2034B9A8000BF02B070477C2D00208B
:106C6400742D002082B0184B1B680193174B5B886E
:106C74001946174A0B469B000B449B0013440433EC
:106C84001B68114A1360114B5B881946104A0B4666
:106C94009B000B449B0013440433019A1A600B4B72
:106CA4005B881946084B9888094A0B469B000B449D
:106CB4009B001344083302461A80034B02229A8035
:106CC40000BF02B0704700BF742D00207C2D00204F
:106CD4004C2D002008B51A4B1B78072B2CD801A289
:106CE40052F823F0096D02003D6D02003D6D020073
:106CF400156D0200216D02002D6D02002D6D020044
:106D0400356D0200FFF73CFE0D4B01221A7014E0B2
:106D1400FFF790FF0A4B02221A700EE0FFF7A2FF62
:106D2400074B06221A7008E0054B07221A7004E08C
:106D3400034B01221A7000E000BF00BF08BD00BF72
:106D44007C2D002000B587B0019000910F2305939E
:106D5400019B002B04D0624B00225A600123BBE04C
:106D6400009B1B79032B00F2AB8001A252F823F0A5
:106D7400856D0200936D0200216E0200416E0200D7
:106D8400009B01221A71FFF793F905909BE0002301
:106D94008DF813300023ADF810302BE0BDF810202F
:106DA400504913469B0013449B000B441B78022B51
:106DB4001BD1BDF810204B4913469B0013449B0084
:106DC4000B4400221A7001238DF81330BDF81020F3
:106DD400444913469B0013449B000B4404331B6833
:106DE4001846FFF77DF9059008E0BDF8103001332F
:106DF400ADF81030BDF81030012BCFD99DF8133009
:106E040083F00103DBB2002B5CD0354B01221A70F6
:106E1400334B00225A6041F61D535DE0009B002273
:106E24001A71314B02229A802F4B1B68194600239A
:106E340001222E4801F019FC059044E0009B002239
:106E44001A71294B1B681846FFF74AF90590284B1D
:106E54005B88ADF80E30244B1B680293BDF80E20FE
:106E6400204913469B0013449B000B4404331B68C6
:106E74001D4A1360BDF80E201A4913469B001344A3
:106E84009B000B440433029A1A60BDF80E20164B83
:106E94009888144913469B0013449B000B44083301
:106EA40002461A80104B02229A80BDF80E200D492A
:106EB40013469B0013449B000B4400221A7002E00B
:106EC40000BF00E000BF059B002B04D0044B002250
:106ED4005A600E2300E00023184607B05DF804FB57
:106EE4008C2C00204C2D0020742D0020102200201A
:106EF4007C2D002000B587B001900091009B9B8AF7
:106F04001A4613469B0013449B003C4A13440493C3
:106F1400019B002B07D0009BDB8819460498FFF7E0
:106F2400ABF8012365E0049B5A68049B1B899B0012
:106F340013440393009B9B7D062B4DD801A252F86A
:106F440023F000BF8B6F0200AF6F0200976F020047
:106F5400A36F0200656F0200BB6F0200D56F0200D1
:106F6400274B00225A60009B9B69254A13602549E0
:106F74002348FFF7B7F9034683F00103DBB2002B84
:106F840001D00A2335E003990098FFF7EFFB059041
:106F940025E003990098FFF707FC05901FE003998B
:106FA4000098FFF7CBFC059019E003990098FFF7D0
:106FB40021FC059013E0009B06229A75104B5B6838
:106FC400104A128811461846FFF73AFC059006E06D
:106FD40041F61D53059302E00F23059300BF059B63
:106FE400002B05D0009BDB8819460498FFF744F872
:106FF400059B184607B05DF804FB00BF4C2D00202C
:10700400942D0020A02D002000B585B001900091A2
:10701400019B002B01D0012326E0009B1B79022B4E
:1070240019D0022B1BDC002B02D0012B08D016E058
:10703400009B02221A710098FFF72CFC039012E0C7
:107044000098FFF757FC0390039B0A2B0AD141F6E3
:107054001D53039306E041F61D53039303E00F23EE
:10706400039300E000BF039B184605B05DF804FBE2
:1070740000B585B00190019B002B01D001233BE0BA
:107084001F4B1B7B002B03D01D4B00221A7301E006
:10709400FFF720FE1A4B1B78013B062B28D801A2D0
:1070A40052F823F0C5700200CD700200D5700200C2
:1070B400DD700200F5700200E5700200ED70020060
:1070C400FFF798FD039016E0FFF750FD039012E0E0
:1070D400FFF722FD03900EE0FFF7E8FC03900AE0BF
:1070E400FFF760FD039006E0FFF776FD039002E0F2
:1070F4000F23039300BF039B184605B05DF804FB00
:107104007C2D002000B589B001903F4B1B68002BFB
:1071140005D13E48FFF7D2F903463B4A13603A4B88
:107124001B68002B04D13A4940F2795005F0D8FA93
:10713400354B1B681B78013B052B2CD801A252F858
:1071440023F000BF617102007171020071710200CD
:107154008171020081710200917102002A4B1B6847
:1071640019460198FFF7EEFD019017E0264B1B68C6
:1071740019460198FFF7BEFE01900FE0224B1B68F1
:1071840019460198FFF740FF019007E00198FFF7C7
:107194006FFF019002E00F23019300BF019B002BBE
:1071A4002BD003AB14220021184611F02BFB019BBA
:1071B40041F61D52934204D100230493002301930A
:1071C40001E0019B0493104B1B6803AA1146184667
:1071D400FEF780FD03AB1846FEF75CFD0A4B002268
:1071E4001A600A48FFF77AF9FFF786F9034683F035
:1071F4000103DBB2002B02D187E700BF00E000BF30
:1072040000BF09B05DF804FBA42D0020A82D0020C8
:107214008C8E030008B501210548FEF7E7FC034600
:10722400002B02D10020FFF76DFF00BF08BD00BF97
:10723400942C002000B583B00190019B5B68184634
:10724400FFF760FF00BF03B05DF804FB00B58BB02F
:107254000390029101928DF803300023ADF824309D
:107264000023ADF82630514B1B78DBB283F00103C9
:10727400DBB2002B01D0022393E0029B002B01D14F
:1072840005238EE0029B1B884FF6FF72934203D0C6
:10729400029B5B88002B01D1042382E0029B5B6884
:1072A4001846FEF77EFC034683F00103DBB2002B95
:1072B40001D0032375E0019B002B11D1029B9B6835
:1072C400ADF826300DF11A02BDF8263011461846E5
:1072D400FEF71AFF0890089B002B09D0089B60E07A
:1072E400019B1B88ADF81A30019B5B88ADF82630F2
:1072F40005AB1846FFF7BEF80790079B002B09D192
:10730400BDF81A20BDF8263011461846FEF764FF72
:10731400082346E0079B9DF803201A70079B002270
:107324009A75BDF81A20079B9A82029B5A68079B9C
:107334001A61FEF779FF0246079BDA60029B1A88FE
:10734400079B1A81029B5A88079B9A80079BBDF86A
:107354002620DA809DF80330032B06D1079B0422F4
:107364009A75039B1A68079B9A61079BBDF82420B2
:107374005A8105AB1846FFF793F8039B002B0DD0F9
:10738400039B00225A60079BDA68039B1A60039BE5
:1073940000229A72064B1A89039B1A81FFF73AFF5F
:1073A400002318460BB05DF804FB00BF8C2C0020B2
:1073B4007C2D002000B585B001900C4B1B68042B7C
:1073C40002D10C2303930BE0084B1B680849019A74
:1073D40041F8232001210548FEF720FC00230393F4
:1073E400039B184605B05DF804FB00BF982C0020F1
:1073F4009C2C002084B04FF010235B6903934FF062
:1074040080531B6902934FF080535B690193039B84
:10741400B3F1FF3F04D1019B029A02FB03F300E0A6
:10742400039B184604B0704700B583B04FF4405333
:107434000193FFF7DFFF0346054A1361044B1A6902
:10744400019BD31A024AD36000BF03B05DF804FB6A
:107454001022002008B5FFF7E7FF00220349044883
:1074640001F096F80346184608BD00BF04900300D7
:107474001022002008B504481C238C22034900F084
:1074840019FB00BF08BD00BF3C2D0020B02C00201C
:1074940000B58BB002AB00221A605A609A60DA60C1
:1074A4001A61414B1B78DBB2002B05D002AB1846A6
:1074B400FEF7F0FB002373E03C48FEF7DFFB0346D6
:1074C400002B01D000236BE0FFF7C4FF0990099B58
:1074D400002B01D0099B63E0FFF7CCFFFFF726F8F0
:1074E40003468DF823309DF82330062B07D0062B56
:1074F40011DC002B01D0022B0DD10B2350E02A4BC1
:1075040001221A70284B00225A6002AB1846FEF77B
:10751400C1FB002344E000BF01AB1846FEF7AAFFFD
:107524000790079B002B01D1082339E0079B012218
:107534001A709DF82330013B0A2B29D801A252F876
:1075440023F000BF75750200957502007575020081
:10755400957502008D750200957502008D75020007
:10756400957502007D750200857502007D75020027
:10757400079B00221A710CE0079B03221A7108E092
:10758400079B02221A7104E0079B01221A7100E092
:1075940000BF01AB1846FEF783FFFFF73BFE002355
:1075A40018460BB05DF804FB8C2C0020902C0020B6
:1075B40000B585B001900091019B002B02D0009B87
:1075C400002B01D1052329E00DF10A031946019886
:1075D400FEF788FE0346002B1FD0019B5B680393D4
:1075E400BDF80A301A4613469B0013449B00083327
:1075F4000C4A1344043301211846FEF70FFB009B89
:10760400039A1A60019B5B6803F10C02009B5A60A9
:10761400019B01229A72002300E00A23184605B058
:107624005DF804FB4C2D002000B585B00190019B52
:10763400002B01D1052339E00DF10A031946019805
:10764400FEF750FE0346002B2DD0BDF80A30194634
:10765400184A0B469B000B449B0013440C331B68D5
:10766400002B1DD0019B9B7A002B19D0BDF80A304A
:107674001A46104913469B0013449B000B440C33D9
:107684001B68591E0B4813469B0013449B0003447C
:107694000C331960019B00229A720023039304E0C7
:1076A4000623039301E00A230393039B184605B0C2
:1076B4005DF804FB4C2D002000B585B001900B460D
:1076C400ADF80230134B1B78DBB283F00103DBB25D
:1076D400002B01D0022319E0019B002B01D10523CB
:1076E40014E00DF10A02BDF8023011461846FEF707
:1076F4000BFD0390039B002B07D1BDF80A20019BCF
:107704001A80019BBDF802205A80039B184605B0DD
:107714005DF804FB8C2C002000B585B001901F4B54
:107724001B78DBB283F00103DBB2002B01D0022310
:107734002FE0019B002B01D105232AE0019B1B882C
:10774400022B01D9042324E0019B1B881A4613460B
:107754009B0013449B00124A13440293019B5B88D1
:107764000233029A5289934210DA019B5A88019B90
:107774001B8819461046FEF72FFD019B00221A8034
:10778400019B00225A800023039301E00423039306
:10779400039B184605B05DF804FB00BF8C2C002049
:1077A4004C2D002000B583B00190009102230022EB
:1077B40000990198FFF74AFD0346184603B05DF8A7
:1077C40004FB00B585B0039002910192019B002B4C
:1077D40001D1052306E00223019A02990398FFF7D9
:1077E40035FD0346184605B05DF804FB00B583B0CB
:1077F40001900091019B002B01D1052306E0032396
:10780400002200990198FFF721FD0346184603B0B2
:107814005DF804FB00B585B00346ADF80630184B9F
:107824001B78DBB283F00103DBB2002B01D002230F
:1078340022E0BDF806304FF6FF72934201D10423D3
:107844001AE002AB1846FEF715FE0390039B002BCB
:1078540001D1082310E0039B05221A70039B012227
:107864001A71039BBDF80620DA8002AB1846FEF7B6
:1078740017FEFFF7CFFC0023184605B05DF804FBA4
:107884008C2C002000B583B0144B1B78DBB283F042
:107894000103DBB2002B01D002231AE06B46184629
:1078A400FEF7E8FD0190019B002B01D1082310E0B5
:1078B400019B06221A706B461846FEF7F1FD084B31
:1078C4001B78002B02D0064B01221A73FFF7A2FC8F
:1078D4000023184603B05DF804FB00BF8C2C002085
:1078E4007C2D002000B585B0029201930346ADF8CB
:1078F4000E300B46ADF80C3003A90DF10E00019BC0
:10790400029AFEF749FD0346184605B05DF804FBEC
:1079140000B585B0034602910192ADF80E300DF129
:107924000E01019B029A0020FEF736FD034618461D
:1079340005B05DF804FB00B585B0034602910192E1
:10794400ADF80E300DF10E00019B029A0021FEF7F6
:1079540023FD0346184605B05DF804FB82B0019090
:107964000091019B002B02D0009B002B01D1052329
:1079740004E0019B1A68009B1A600023184602B0B9
:10798400704786B001900091019B53E8011F8AB2B1
:10799400D88902449889824228BF121A18898242DF
:1079A40002BFBFF32F8F002307E0C2EA010243E8BE
:1079B40001200028E9D14FF001038DF80F30059024
:1079C40002910492029A009B1A609DF80F30DBB278
:1079D400184606B0704784B00190019951E8013F00
:1079E400C3EA034341E80132002AF7D10392029328
:1079F40000BF04B0704786B001900091019B53E82A
:107A0400021F1FFAA1F2D888824202BFBFF32F8F50
:107A140000230DE0D88902449889824228BF121AB3
:107A2400C1EA024243E802200028E8D14FF00103F2
:107A34008DF80F30059002910492029A009B1A600F
:107A44009DF80F30DBB2184606B0704784B0019041
:107A5400019951E8023FC3EA234341E80232002A74
:107A6400F7D10392029300BF04B0704786B001902F
:107A7400019B53E8021FDA88B1EB314F4FF000004D
:107A840017BF89B242EA024241EA024204E059685D
:107A9400B1EB314F08BF012043E802210029E8D1AE
:107AA4008DF80F00059104929DF80F30DBB2184653
:107AB40006B0704784B00390029111461A460B46F3
:107AC400ADF806301346ADF80430029B002B01D10B
:107AD4000E231FE0BDF80630BDF80420B3FBF2F11D
:107AE40001FB02F29B1A9BB2002B01D0092311E087
:107AF400039B029A1A60039B00225A60039B002294
:107B04009A60039BBDF806209A81039BBDF804206C
:107B1400DA810023184604B0704700B585B001909F
:107B24000198FFF7A3FF03468DF80F309DF80F303F
:107B3400002B01D0002300E01123184605B05DF8A6
:107B440004FB00B583B001900091009B1946019895
:107B5400FFF717FF0346002B05D0019B1B68009A13
:107B64001288134400E00023184603B05DF804FBB8
:107B740000B583B001900091009B1A88009B5B883C
:107B84009A4204D10198FFF726FF012300E0002365
:107B9400184603B05DF804FB00B583B00190009172
:107BA400009B19460198FFF726FF0346002B05D0DA
:107BB400019B1B68009A5288134400E00023184676
:107BC40003B05DF804FB00B583B001900091009B05
:107BD4001A88009B5B889A4204D10198FFF736FF0C
:107BE400012300E00023184603B05DF804FB000005
:107BF40000B583B001900B468DF80330019B002B38
:107C040003D10849AF2004F06BFD019BDA689DF8AD
:107C140003300199098A01FB03F31344184603B0A6
:107C24005DF804FBF48E030000B583B0019000916D
:107C3400019B002B03D10849BC2004F051FD009B9B
:107C4400019AD2689B1A019A128AB3FBF2F3DBB24F
:107C5400184603B05DF804FBF48E030000B585B04C
:107C64000190019B002B01D10E2348E0019B1B686E
:107C7400002B03D12449C62004F032FD019B5B682C
:107C8400002B03D12049C72004F02AFD019B9B68E7
:107C9400002B03D11C49C82004F022FD019BDB68A2
:107CA400002B03D11849C92004F01AFD019B1B8A3B
:107CB400002B03D11449CA2004F012FD019B9A68D9
:107CC400019B5B68D31A8DF80F30019B1B68019AE6
:107CD40052681A6007E0019B1A681368591C116006
:107CE4009DF80F201A709DF80F305A1E8DF80F2042
:107CF400002BF0D1019B1B6800221A710023184647
:107D040005B05DF804FB00BFF48E030000B585B038
:107D14000190019B002B03D11F49EC2004F0E0FCEF
:107D24000023039300238DF80A300DF10A0318464B
:107D3400FDF7EAFE019B1B681A68019B5B689A4287
:107D44001FD9019B1B681A68013A1A601B681B78CB
:107D540019460198FFF74CFF0390019B9A68019B19
:107D64001B681B68D31A8DF80B30019B1B681B79A9
:107D74009DF80B209A4204D9019B1B689DF80B20A7
:107D84001A719DF80A301846FDF7D4FE039B184675
:107D940005B05DF804FB00BFF48E030010B584B099
:107DA40001900091019B002B04D115494FF4887078
:107DB40004F096FC009B002B04D1114940F21110F1
:107DC40004F08EFC009B039300238DF80B300DF11F
:107DD4000B031846FDF798FE019B1B681C68621C88
:107DE4001A6003990198FFF71FFF034623709DF85B
:107DF4000B301846FDF79EFE00BF04B010BD00BF57
:107E0400F48E030000B583B00190019B002B03D1D5
:107E14000C49312004F064FC019B9B68002B0CD0BE
:107E2400019B5B69019A1069019A1168019A926831
:107E34009847019B00229A6000E000BF03B05DF800
:107E440004FB00BF488F03000EB400B584B001905A
:107E5400019B002B03D11849422004F041FC019BF3
:107E64005B69002B03D11449432004F039FC019BC6
:107E74001B68002B03D11049442004F031FC019B02
:107E84005B68002B03D10C49452004F029FC059BB9
:107E9400002B0AD00023039306AB039303AB1A46CB
:107EA4000599019800F0B0F900E000BF04B05DF856
:107EB40004EB03B0704700BF488F030000B583B0E4
:107EC40001900B468DF80330019B1A68019B9B6857
:107ED400581C0199886013449DF803201A70019B73
:107EE4009A68019B5B689A4202D30198FFF78AFF64
:107EF40000BF03B05DF804FB00B587B003900291A6
:107F04000192009300230593009B03F00103002BCF
:107F140024D00BE0029B01330293059B01330593AC
:107F24009DF8133019460398FFF7C8FF029B1B788E
:107F34008DF813309DF81330002BEBD106E0019B34
:107F4400013B019320210398FFF7B8FF019A059B99
:107F54009A422ED9019B002BF1D12AE0029B002BDF
:107F64000BD0029810F005FC059006E0019B013B44
:107F7400019320210398FFF7A1FF019A059B9A42E0
:107F84000FD9019B002BF1D10BE0029B013302932B
:107F9400059B013305939DF8133019460398FFF7A9
:107FA4008DFF029B1B788DF813309DF81330002B46
:107FB400EBD100BF07B05DF804FB000000B589B049
:107FC4000390029101920093029B0793012306936D
:107FD40007E0079A019BB2FBF3F30793069B013377
:107FE4000693079A019B9A42F3D2009A069B9A42FF
:107FF40001D9009B06930B9B03F00103002B22D1B4
:108004000A9B002B1FD00B9B03F00203002B06D00E
:10801400009B002B03D130238DF8173002E020237E
:108024008DF8173008E00A9B013B0A939DF817303E
:1080340019460398FFF742FF0A9B002B03D0069AC8
:108044000A9B9A42EFD301230793009B012B03D988
:10805400009B013B009309E0029A079BB2FBF3F3F8
:108064000493049A019B9A4200D205E0079B019A6B
:1080740002FB03F30793E8E7029A079BB2FBF3F3CF
:108084000493049B079A02FB03F3029AD31A029304
:10809400154A049B13441B7819460398FFF70EFFF7
:1080A400079A019BB2FBF3F30793079B002BE3D1E1
:1080B4000B9B03F00103002B11D00A9B002B0ED065
:1080C40006E00A9B013B0A9320210398FFF7F6FE82
:1080D4000A9B002B03D0069A0A9B9A42F1D300BF55
:1080E40009B05DF804FB00BFE88F030000B589B058
:1080F4000590049103920293049B002BB8BF5B424A
:1081040006930123079307E0039B069A92FBF3F37C
:108114000693079B01330793039B069A9A42F3DA6B
:10812400029A079B9A4201D9029B07930A9B002B50
:108134000AD0049B002B04DB0B9B03F00403002BED
:1081440002D00A9B013B0A930B9B03F00203002B12
:1081540002D0029B002B16D00B9B03F00103002BD3
:1081640011D10A9B002B0ED006E00A9B013B0A9317
:1081740020210598FFF7A2FE0A9B002B03D0079A43
:108184000A9B9A42F1D3049B002B07DA049B5B42BF
:1081940004932D210598FFF791FE08E00B9B03F053
:1081A4000403002B03D02B210598FFF787FE0B9BBC
:1081B40003F00203002B19D00B9B03F00103002BE7
:1081C40014D1029B002B11D10A9B002B0ED006E088
:1081D4000A9B013B0A9330210598FFF76FFE0A9B27
:1081E400002B03D0079A0A9B9A42F1D304990B9B64
:1081F40001930A9B0093029B039A0598FFF7DEFE06
:1082040000BF09B05DF804FB00B58FB00590049180
:108214000392059B002B04D1AD494FF49F7004F0E9
:108224005FFA059B5B69002B04D1A9494FF4A07048
:1082340004F056FA059B1B68002B04D1A44940F2B4
:10824400411004F04DFA059B5B68002B04D1A04952
:108254004FF4A17004F044FA049B002B00F09381C6
:10826400049B1B788DF83730049B013304939DF8ED
:108274003730002B00F07E819DF83730252B40F0FD
:108284006D8100230A9301230C93049B1B788DF8C2
:1082940037309DF83730302B0DD0302B1BDC2B2B97
:1082A40011D02D2B17D10A9B43F001030A93049B91
:1082B4000133049312E00A9B43F002030A93049BE4
:1082C400013304930AE00A9B43F004030A93049BDA
:1082D4000133049302E000230C9300BF0C9B002B9A
:1082E400D3D1002309939DF837302A2B0CD1039B5B
:1082F4001B68191D039A11601B68099A134409939A
:10830400049B013304931AE0049B1B788DF83730E7
:108314009DF837302F2B12D99DF83730392B0ED8D2
:10832400049B01330493099A13469B0013445B0096
:108334001A469DF837301344303B0993D3E70023A2
:108344000B93049B1B788DF837309DF837302E2B18
:108354001DD1049B01330493049B1B788DF83730A3
:108364009DF837302F2B12D99DF83730392B0ED882
:10837400049B013304930B9A13469B0013445B0044
:108384001A469DF837301344303B0B93E4E7049BC3
:108394001B788DF837309DF837306C2B03D09DF85F
:1083A4003730682B07D1049B01330493049B1B785B
:1083B4008DF83730EFE79DF83730252B00F0C48077
:1083C400252BC0F2C680782B00F3C380582BC0F253
:1083D400C080583B202B00F2BC8001A252F823F04D
:1083E400D984020057850200578502005785020090
:1083F4005785020057850200578502005785020001
:1084040057850200578502005785020069840200DF
:108414008B840200578502005785020057850200AD
:10842400578502008B84020057850200578502009D
:1084340057850200578502005785020057850200C0
:10844400198502005785020057850200FD84020049
:1084540057850200AF840200578502005785020049
:10846400D9840200039B1B68191D039A11601B68C1
:108474000C930C9B8DF81F309DF81F3019460598FE
:10848400FFF71CFD66E0039B1B68191D039A11602E
:108494001B680C930A9B0193099B00930B9B0A2274
:1084A4000C990598FFF722FE54E0039B1B68191DE5
:1084B400039A11601B680C930C990A9B0193099B06
:1084C40000930B9B0A220598FFF778FD42E000BF5A
:1084D400948F0300039B1B68191D039A11601B688A
:1084E4000C930C990A9B0193099B00930B9B1022FC
:1084F4000598FFF763FD2DE0039B1B68191D039A84
:1085040011601B6808930A9B099A08990598FFF75C
:10851400F3FC1FE0039B1B68191D039A11601B6881
:108524000C9330210598FFF7C9FC78210598FFF7D3
:10853400C5FC0C99002301930823009308231022FF
:108544000598FFF73BFD05E025210598FFF7B6FCEC
:1085540000E000BF049B0133049305E09DF837302D
:1085640019460598FFF7AAFC049B1B78002B7FF49F
:1085740077AE00E000BF059B1B7B002B04D0059861
:10858400FFF740FC00E000BF0FB05DF804FB00BF44
:1085940000B585B0039002910192039B002B02D099
:1085A400029B002B01D10E2309E0039B029A1A605F
:1085B400039B1B681B680199039898470346184658
:1085C40005B05DF804FB10B586B0059004910392E4
:1085D4000293059B002B02D0039B002B01D10E2399
:1085E40040E0059B1B68002B01D108233AE0029B65
:1085F400002B0AD0059B5B685A68029BB3FBF2F11F
:1086040001FB02F29B1A002B01D009232AE00498F3
:1086140000F0C6F8034683F00103DBB2002B14D14B
:10862400039B184600F0BCF8034683F00103DBB259
:10863400002B0AD1029A0499059800F097F8034692
:1086440083F00103DBB2002B01D010230AE0059B69
:108654001B68DC68089B0093029B039A04990598A5
:10866400A0470346184606B010BD10B584B0039069
:10867400029101920093039B002B01D10E232EE063
:10868400039B1B68002B01D1082328E0019B002BCE
:1086940001D1092323E0039B5B681B685A1E029BDC
:1086A4001340002B10D1039B5B681B68019A02FBEB
:1086B40003F31A460299039800F058F8034683F02E
:1086C4000103DBB2002B01D0102308E0039B1B68DD
:1086D4001C69009B019A02990398A0470346184617
:1086E40004B010BD00B585B00190019B002B03D0F0
:1086F400019B1B68002B28D10023039319E0039AE4
:1087040013469B0013449B001A46154B13440193D4
:10871400019B1B68002B09D0019B1B68DB69019836
:1087240098470346002B01D0012314E0039B013337
:1087340003930C4A0A4BD31A0B4AA2FB03231B09CB
:10874400039A9A42DBD3002305E0019B1B68DB6993
:10875400019898470346184605B05DF804FB00BF2E
:108764001022002024220020CDCCCCCC84B0039055
:1087740002910192039BDB68029A9A4209D3029AFE
:10878400019B13445A1E039B1B699A4201D801237F
:1087940000E0002303F00103DBB2184604B0704785
:1087A40082B00190019B03F00303002B0CBF012353
:1087B4000023DBB2184602B0704729DF704700BFC0
:1087C400184628DF704700BF184610B487B00190E0
:1087D4000091019B009A53E8004F104643E80001C2
:1087E40091F0000FF7D1059404900391059B18466E
:1087F40007B05DF8044B704710B487B00190009146
:10880400019B009A53E8004F44EA020043E8000148
:1088140091F0000FF6D1059404900391059B18463E
:1088240007B05DF8044B704700B583B00190012197
:108834000198FFF7E1FF0346184603B05DF804FB17
:1088440000B589B001900091019B1B689B68002BC7
:1088540031D003AB00221A605A609A60DA601A6160
:10886400009B0493019B9B680793019B1B79002B3E
:1088740002D0012B0AD017E001238DF80C30019BA4
:108884001B690593019B5B6906930DE002238DF838
:108894000C30019BDB684FF4805202FB03F3059319
:1088A400019B5B69069300BF019B1B689B6803AA3D
:1088B4001046984700E000BF09B05DF804FB00B51E
:1088C40087B00190019B5A69019B9B69D31AB3F548
:1088D400805F28BF4FF4805305930422059BB3FBAC
:1088E400F2F3012B38BF01230593019B1A69019B05
:1088F4009B6913440493019BDB681A46019B9B69A3
:1089040013440393059A03990498FFF756FF03460B
:10891400184607B05DF804FB00B583B00190019BD5
:10892400DA68019B1B6913441846FFF74AFF0346A4
:10893400184603B05DF804FB08B5034B0349184619
:10894400FFF741F900BF08BD382E0020602E00203B
:1089540008B5084B08491846FFF71EF90346074AAD
:108964001360064B1B68002B14BF01230023DBB2EA
:10897400184608BD382E0020602E00205C2E0020F2
:1089840000B583B0294B1B7A002B0BD1FFF7E0FF16
:10899400034683F00103DBB2002B03D0234B0022F8
:1089A4005A6040E0214B02221A72214B1B681B794A
:1089B400002B02D0012B07D00DE01D4B1B6818467D
:1089C400FFF77DFF019009E0194B1B681846FFF77C
:1089D400A3FF019002E00323019300BF019B002B3E
:1089E40003D0019B112B0CD00FE0104B1B7C83F0A8
:1089F4000103DBB2002B15D00021022000F064F942
:108A040010E00A4B01221A720DE0094B1B68032186
:108A14001846FFF715FF054B00221A72034B00227C
:108A24005A6000E000BF03B05DF804FB482E00204C
:108A34005C2E002000B583B001210A48FFF7C5FE73
:108A440003460193019B002B08D1074B5B7C83F009
:108A54000103DBB2002B01D0FFF792FF00BF03B08C
:108A64005DF804FB4C2E0020482E002084B00190B9
:108A74001B4B0022DA60019B1B79002B02D0012BD7
:108A840019D028E0019B5A69019B9B69D31AB3F55D
:108A9400805F28BF4FF480530393019B9A69039B23
:108AA4001A44019B9A61019B9A69019B5B699A42F2
:108AB4000ED1012310E0019B1B695A1C019B1A6112
:108AC400019B1A69019B5B699A4203D1012303E06C
:108AD40000BF00E000BF0023184604B0704700BF89
:108AE400482E002082B00190084BDB680133074A0E
:108AF400D360064BDB68082B04D9044B0022DA60F0
:108B0400012300E00023184602B07047482E0020DD
:108B140000B583B0019000910C48FFF785FE034631
:108B2400002B0ED1019B0A4A5A600FF00BFB03463F
:108B34001A46064B1A7407481C238C220649FEF772
:108B4400B9FF0023184603B05DF804FB482E00204B
:108B5400F88F0300382E0020AC2D002000B583B020
:108B6400019000911422002105480FF04BFE054BA3
:108B74001846FEF7D2FF0023184603B05DF804FB45
:108B8400482E0020382E002000B587B003900291B3
:108B940001920093174A04AB19461046FEF7D1FF21
:108BA4000590059B002B01D104231FE01C2200210A
:108BB40005980FF027FE059B00221A71059B039A66
:108BC4001A60059B089A9A60059B029A1A61059B94
:108BD400019ADA60059B009A5A61064A04AB194669
:108BE4001046FEF7C5FFFFF725FF0023184607B020
:108BF4005DF804FB382E002000B585B00390029187
:108C040001920093029B009A194601980FF0C8FD47
:108C14000023184605B05DF804FB000000B587B0DA
:108C24000390029101920093184A04AB194610462E
:108C3400FEF787FF0590059B002B01D1042320E05C
:108C44001C22002105980FF0DDFD059B01221A71FD
:108C5400059B039A1A60059B009A9A604FF4805210
:108C6400029BB3FBF2F2059BDA60059B019A5A6101
:108C7400064A04AB19461046FEF77AFFFFF7DAFE00
:108C84000023184607B05DF804FB00BF382E00200F
:108C940082B001900091009B184602B0704782B0E8
:108CA400019000910023184602B0704782B00190F1
:108CB400044B1B7A002B14BF01230023DBB218469C
:108CC40002B07047482E002000B585B00190009195
:108CD400254B1B7A012B33D0022B41D100238DF875
:108CE4000F30019B022B03D0019B032B09D011E011
:108CF4001E4B1B681846FFF7B9FE03468DF80F306C
:108D040008E01A4B1B681846FFF7ECFE03468DF883
:108D14000F3000BF9DF80F30002B13D0124B0022F0
:108D24001A72124B1A68019B022B01D1002300E036
:108D34000D2319461046FFF783FDFFF7FDFD01E003
:108D440000BF00E000BF084B5B7C83F00103DBB293
:108D5400002B02D0FFF714FE03E00FF0D7F900E078
:108D640000BF05B05DF804FB482E00205C2E0020F7
:108D740082B0034600918DF80730064B01225A74E5
:108D8400044B1B7A002B0CBF01230023DBB21846D3
:108D940002B07047482E002000B583B0034600910E
:108DA4008DF807309DF80730012B03D09DF807306C
:108DB400032B0DD1084B00225A749DF80730012B68
:108DC4000CBF01230023DAB2034B1A74FFF7D8FD5A
:108DD40000BF03B05DF804FB482E002010B487B038
:108DE40001900091019B009A53E8004F04EB0200AC
:108DF40043E8000191F0000FF6D10594049003912B
:108E0400049B184607B05DF8044B704710B487B054
:108E140001900091019B009A53E8004FA4EB0200DB
:108E240043E8000191F0000FF6D1059404900391FA
:108E3400049B184607B05DF8044B704700B583B037
:108E440001900198FEF70AFF0346184603B05DF847
:108E540004FB00B58BB001900091019B1B8A043B7D
:108E64000793009A079B1344DA1C079BB2FBF3F3A6
:108E74008DF81B300198FEF749FF0590059B002BE8
:108E840001D1002338E0059B00221A71059B0122C1
:108E94005A71079B9AB2059BDA80059B09939DF84A
:108EA4001B30013B0493099B019A1A600023089329
:108EB4001DE00198FEF72AFF0390039B002B0ED0C0
:108EC400059B5B790133DAB2059B5A71099B039ABE
:108ED4001A60039B019A1A60039B099304E00598A6
:108EE40000F00EF8002307E0089B01330893089A6A
:108EF400049B9A42DDD3059B18460BB05DF804FB36
:108F040000B58BB00190019B0793079B5B798DF8AB
:108F14001B30019B08939DF81B30013B05930023F4
:108F2400099305E0089B1B680893099B0133099387
:108F3400099A059B9A42F5D3089B1B680493019BED
:108F44000893002309930BE0089B1B68039308997B
:108F54000498FEF723FF039B0893099B01330993AD
:108F64009DF81B30099A9A42EED300BF00BF0BB0A4
:108F74005DF804FB00B585B00190019B0393039B4E
:108F8400043301211846FFF729FF00BF05B05DF83F
:108F940004FB00B587B00190019B0593059B043346
:108FA40001211846FFF732FF0346039303AB0493F2
:108FB400049B1B78002B02D10198FFF7A1FF00BF8F
:108FC40007B05DF804FB000000B58DB0039002917A
:108FD40001920093039B0693069BDB880593039BF6
:108FE4000B93009B1A1D059BB2FBF3F30A93009BA2
:108FF4000433059AB3FBF2F2059901FB02F29B1AC2
:109004000993009A019B1A44059B1344DA1C059B9F
:10901400B2FBF3F38DF81330069B5B799DF81320B4
:109024009A420AD92849BA2003F05AFB05E00B9B5F
:109034001B680B930A9B013B0A930A9B002BF6D1F6
:1090440000230893059A099BD31A0793079A019B57
:10905400934228BF134607932DE09DF83830002B28
:109064000BD0029A089BD0180B9A099B1344043323
:10907400079A19460FF094FB0AE00B9A099B1344D4
:10908400181D029A089B1344079A19460FF088FB8F
:10909400002309930B9B1B680B93019A079BD31A1C
:1090A4000193089A079B13440893059A019B9342E2
:1090B40028BF13460793019B002BCED100BF00BFEE
:1090C4000DB05DF804FB00BF2490030000B587B029
:1090D400059004910392029300230093029B039A48
:1090E40004990598FFF770FF00BF07B05DF804FB13
:1090F40000B587B005900491039202930123009375
:10910400029B039A04990598FFF75EFF00BF07B01E
:109114005DF804FB00B583B001900091019B002B26
:1091240003D11049502003F0DBFA009B002B03D13C
:109134000C49512003F0D4FA019B009A1A60019B58
:109144001B681A68019B5A60019B5A68019B1B6843
:109154005B689A4202D1019B00225A6000BF03B0AF
:109164005DF804FB7891030000B583B00190019B86
:10917400002B03D11449632003F0B2FA019B1B684E
:10918400002B03D11049642003F0AAFA019B5B6809
:10919400002B14D0019B5B681A46019B1B689B68DB
:1091A40013441A46019B5A60019B5A68019B1B6831
:1091B4005B689A4204D1019B00225A6000E000BF20
:1091C40003B05DF804FB00BF7891030000B585B0DF
:1091D4000190019800F00EF80390039B002B01D03E
:1091E400039B00E0024B184605B05DF804FB00BF8A
:1091F400E891030086B00190164B0593164B049337
:109204001FE0049A059BD31ADB10DA0F13445B109A
:10921400DB00059A13440393039B1B680293029A91
:10922400019B9A4202D9039B04930AE0029A019B90
:109234009A4203D2039B0833059302E0039B5B68C5
:1092440004E0059A049B9A42DBD30023184606B037
:10925400704700BF04950300F495030082B00190A9
:109264000B46ADF80230019B1A68BDF802300121AB
:1092740001FA03F31A43019B1A6000BF02B070475E
:1092840082B001900B46ADF80230019B1A68BDF81C
:109294000230012101FA03F3DB431A40019B1A60F7
:1092A40000BF02B0704782B001900B46ADF80230A7
:1092B400BDF80230012202FA03F31A46019B13405F
:1092C400002B14BF01230023DBB2184602B0704701
:1092D40000B585B001900023ADF80E3010E0BDF864
:1092E4000E3019460198FFF7DEFF0346002B02D02B
:1092F400BDF80E300AE0BDF80E300133ADF80E3083
:10930400BDF80E301F2BEAD94FF6FF73184605B08F
:109314005DF804FB00B587B00590049111461A4628
:109324000B46ADF80E3013468DF80D30BDF80E2007
:109334009DF80D300093134601220499059800F01E
:1093440004F800BF07B05DF804FB00B587B00390D4
:1093540002910192ADF80230039B002B3BD0029B9B
:10936400002B38D0019B002B35D0002305932FE030
:10937400059B5B00039A13441B88BDF802209A42A4
:1093840023D1002304931BE09DF82030002B0AD046
:10939400049B9B00029A1344059A92B21146184604
:1093A400FFF75CFF09E0049B9B00029A1344059AB3
:1093B40092B211461846FFF763FF049B01330493EE
:1093C400049A019B9A42DFD305E0059B0133059380
:1093D400059B1F2BCCD907B05DF804FB00B587B003
:1093E400039002911346ADF80630039B002B19D06D
:1093F4000023059313E0059B5B00039A13441B8829
:10940400BDF806209A4207D1059B9BB219460298E3
:10941400FFF749FF034606E0059B01330593059BCF
:109424001F2BE8D90023184607B05DF804FB00B5EC
:1094340097B003900291019200230493029B002BA6
:109444001ED00023159318E0159B9BB21946019872
:10945400FFF729FF0346002B0CD0159B5B00029AF3
:109464001A44049B591C049112885B0058336B44C2
:1094740023F8442C159B01331593159B1F2BE3D91B
:10948400039B184604AB442219460FF089F903984C
:1094940017B05DF804FB000000B583B00190019B98
:1094A4001B681F2B04D905494FF4E87003F018F921
:1094B4004FF0A043184603B05DF804FBF495030095
:1094C40000B585B00190084611461A4603468DF84A
:1094D40003300B468DF8023013468DF8013001AB92
:1094E4001846FFF7D9FF03909DF803209DF802303A
:1094F4005B001A439DF801309B001A439DF8183015
:109504001B0242EA03019DF81C301B04019A194313
:10951400039B02F5E07243F8221000BF05B05DF82A
:1095240004FB00B585B0039000230193002300934E
:109534000023012201210398FFF7C2FF00BF05B0F9
:109544005DF804FB00B585B0019001AB1846FFF748
:10955400A3FF0390019B012202FA03F31946039827
:1095640000F086F800BF05B05DF804FB00B585B0D7
:10957400019001AB1846FFF78FFF0390019B012276
:1095840002FA03F31946039800F07CF800BF05B013
:109594005DF804FB00B585B0019001AB1846FFF7F8
:1095A4007BFF0390039BD3F804350293029BDA43B9
:1095B400019B012101FA03F31A40039BC3F8082518
:1095C400019B01229A40029B1A40039BC3F80C257D
:1095D40000BF05B05DF804FB00B583B001900091B5
:1095E400009B002B03D10198FFF7C0FF02E0019814
:1095F400FFF7A8FF00BF03B05DF804FB00B585B01A
:10960400019001AB1846FFF747FF0390039800F061
:109614001FF80246019B22FA03F303F001031846E4
:1096240005B05DF804FB00B585B0019001AB1846A8
:10963400FFF732FF0390039800F012F80246019BF3
:1096440022FA03F303F00103184605B05DF804FBA6
:1096540082B00190019BD3F81035184602B07047D0
:1096640082B00190019BD3F80435184602B07047CC
:1096740082B001900091019B009AC3F8082500BFB5
:1096840002B0704782B001900091019B009AC3F828
:109694000C2500BF02B0704700B585B00190019B56
:1096A400032B03D91149372003F01AF8104A019B00
:1096B40013441B781846FFF7B6FF0346002B14BF6C
:1096C400012300238DF80F309DF80F30002B14BFB9
:1096D40001230023DBB283F00103DBB203F00103B7
:1096E400DBB2184605B05DF804FB00BF2C960300FE
:1096F4007496030000B583B00190019B032B03D93A
:1097040007493E2002F0ECFF064A019B13441B78F4
:1097140000211846FFF760FF00BF03B05DF804FBAB
:109724002C9603007496030000B583B00190019B4E
:10973400032B03D90749442002F0D2FF064A019BB8
:1097440013441B7801211846FFF746FF00BF03B0FE
:109754005DF804FB2C9603007496030000B583B0F7
:109764000023019305E00198FFF7DEFF019B01331D
:109774000193019B032BF6D900BF00BF03B05DF832
:1097840004FB00B583B00023019305E00198FFF7C3
:10979400B1FF019B01330193019B032BF6D900BF59
:1097A40000BF03B05DF804FB00B583B00190019BDA
:1097B400032B03D907495C2002F092FF064A019B60
:1097C40013441B781846FFF7E5FE00BF03B05DF8AD
:1097D40004FB00BF2C9603007496030000B583B00D
:1097E4000023019309E0094A019B13441B7818469E
:1097F400FFF797FE019B01330193019B032BF2D9E1
:10980400FFF7ACFF00BF03B05DF804FB74960300E0
:1098140000B585B00190019B032B03D91149832026
:1098240002F05EFF104A019B13441B781846FFF7B1
:10983400E5FE0346002B14BF012300238DF80F30EF
:109844009DF80F30002B14BF01230023DBB283F0FB
:109854000103DBB203F00103DBB2184605B05DF887
:1098640004FB00BF2C9603007896030084B001909B
:109874004FF0FF330293002303930DE00A4A039B46
:1098840013441B781A46019B934202D1039B029313
:1098940005E0039B01330393039B032BEED9029B47
:1098A400184604B0704700BF7896030000B583B033
:1098B4000190019B032B03D90549A22002F010FF5C
:1098C400044A019B13441B78184603B05DF804FB5B
:1098D4002C9603007896030082B003468DF8073077
:1098E4009DF8073003F01F0206499DF907305B0914
:1098F400012000FA02F2203341F8232000BF02B015
:10990400704700BF00E100E082B001904FF0804258
:10991400019BC2F8083300BF02B0704782B003460F
:109924008DF807309DF8073003F1804301221A6057
:1099340000BF02B0704784B00346ADF80630BDF8EE
:10994400063003F1804300221A60BDF8063003F1AB
:1099540080431B680393039B00BF04B0704782B02D
:109964000346ADF80630BDF8063003F180431B68AA
:10997400002B14BF01230023DBB2184602B070474A
:1099840082B003468DF807309DF807304FF08042CF
:1099940003F00303C2F8183500BF02B070474FF05C
:1099A4008043D3F818341B0C03F00103002B14BFBD
:1099B40001230023DBB218467047000082B003463F
:1099C4008DF807300A4A9DF907305B0952F82320C5
:1099D4009DF8073003F01F0322FA03F303F0010399
:1099E400002B14BF01230023DBB2184602B07047DA
:1099F40000E100E008B50020FFF7E0FF034683F034
:109A04000103DBB2002B03D00721002000F09AF9F8
:109A140000BF08BD08B50EF095FB034683F00103B3
:109A2400DBB2002B03D10949842002F059FE0C203B
:109A3400FFF774FF00BFFFF7B2FF0346002BFAD114
:109A4400034B00229A7000BF08BD00BF8496030038
:109A5400642E002000B583B000230193134B1B78C0
:109A6400002B02D0852301931BE0104B00229A6047
:109A74000E4B00225A600D4B00221A610B4B002240
:109A8400DA60FFF7B7FF0EF05DFB034683F00103D6
:109A9400DBB2002B02D00120FFF772FF034B01223F
:109AA4001A70019B184603B05DF804FB642E002075
:109AB40084B00190019B1B680393039B002B03D08C
:109AC400039B1A68019B1A60039B184604B07047F5
:109AD40000B583B0164B1B78002B04D115494FF405
:109AE4008E7002F0FDFD124BDB68002B04D111498E
:109AF40040F21D1002F0F4FD00238DF807300DF143
:109B040007031846FCF700F8094BDB68013B084AD9
:109B1400D360074BDB68002B01D1FFF77BFF9DF877
:109B240007301846FCF706F800BF03B05DF804FBE5
:109B3400642E00208496030000B585B003468DF89A
:109B440007309DF80730002B02D10C4B039301E042
:109B54000B4B03930398FFF7ABFF0290029B002B80
:109B640006D0029B5B689DF8072010469847F1E7F2
:109B740000BF00BF05B05DF804FB00BF6C2E0020E1
:109B8400742E002008B54FF48070FFF7E8FE0346FA
:109B9400002B0CD04FF48070FFF7CDFE0120FFF7AF
:109BA400B3FE0E4B01225A700020FFF7C5FF4FF49D
:109BB4008270FFF7D4FE0346002B0CD04FF4827062
:109BC400FFF7B9FE0220FFF79FFE044B01229A70B3
:109BD4000120FFF7B1FF00BF08BD00BF642E0020C5
:109BE40000B583B001900091019B002B02D10020AD
:109BF400FFF7A2FF00BF03B05DF804FB00B585B01A
:109C0400034600918DF807309DF80730032B29D0C7
:109C1400032B37DC002B02D0012B04D032E00020D0
:109C2400FFF75AFE2FE000238DF80F300DF10F03DC
:109C34001846FBF769FF164B1B7883F00103DBB270
:109C4400002B01D0FFF706FF114BDB680133104AEC
:109C5400D3600F4B01229A709DF80F301846FBF722
:109C640069FF10E00A4B1B78002B04D1094940F22C
:109C74005B2002F035FD0721002000F063F8FFF7B8
:109C840027FF00E000BF00BF05B05DF804FB00BF84
:109C9400642E00208496030082B003468DF80730BA
:109CA4009DF8073003F01F0205499DF907305B0951
:109CB400012000FA02F241F8232000BF02B07047ED
:109CC40000E100E082B003468DF807309DF80730CC
:109CD40003F01F0206499DF907305B09012000FAD1
:109CE40002F2603341F8232000BF02B0704700BF86
:109CF40000E100E082B0034600918DF807309DF941
:109D04000730002B0CDA009BDAB20C499DF80730BF
:109D140003F00F03043B5201D2B20B441A7609E05C
:109D2400009BDAB206499DF907305201D2B20B44C6
:109D340083F8002300BF02B0704700BF00ED00E0CD
:109D440000E100E000B583B003460A468DF8073011
:109D540013468DF806309DF80630012B03D99DF883
:109D64000630032B0CD99DF80630042B03D99DF83B
:109D74000630072B04D90D494FF4927002F0B0FC61
:109D84009DF806209DF9073011461846FFF7B2FFEB
:109D94009DF907301846FFF795FF9DF907301846DF
:109DA400FFF77AFF00BF03B05DF804FBDC96030005
:109DB40000B583B00346ADF80630BDF8063018464A
:109DC40000F026F803461B68012B0CBF0123002377
:109DD400DBB2184603B05DF804FB00B585B003465A
:109DE400ADF80630BDF80630184600F011F8034609
:109DF4001A4600231360BDF80630184600F008F830
:109E040003461B680393039B00BF05B05DF804FB86
:109E140082B00346ADF80630BDF8063003F1804346
:109E240003F5C043184602B07047000082B00190A9
:109E3400034A019BC2F8043300BF02B0704700BF5D
:109E44000060004082B00190034BD3F80423019BCF
:109E54001340184602B070470060004082B0019081
:109E6400084A019B03F5A27352F82330054943F0D5
:109E74000102019B03F5A27341F8232000BF02B045
:109E8400704700BF0060004084B003900291134605
:109E94008DF80730144A039B03F5A27352F823305C
:109EA400114923F4473323F44073039A02F5A27251
:109EB40041F822300C4A039B03F5A27352F8232085
:109EC400029B1B0203F4F8519DF807301B0403F4B2
:109ED40040330B4304491A43039B03F5A27341F82F
:109EE400232000BF04B070470060004082B001909E
:109EF400054A019B03F5A27352F823301B0A03F0B1
:109F04001F03184602B070470060004082B0019001
:109F1400064A019B03F5A27352F823301B0C03F08D
:109F24000303DBB2184602B0704700BF0060004074
:109F340000B583B00190019B1B681F2B04D9054910
:109F44004FF4E87002F0CCFB4FF0A043184603B086
:109F54005DF804FB3897030000B585B0019008460E
:109F640011461A4603468DF803300B468DF802302D
:109F740013468DF8013001AB1846FFF7D9FF039063
:109F84009DF803209DF802305B001A439DF80130D0
:109F94009B001A439DF818301B0242EA03019DF806
:109FA4001C301B04019A1943039B02F5E07243F829
:109FB400221000BF05B05DF804FB00B585B0039026
:109FC4000B468DF80B309DF80B30002201920022D5
:109FD4000092002200210398FFF7BEFF00BF05B0E6
:109FE4005DF804FB00B585B0019001AB1846FFF79E
:109FF4009FFF0390019A039B02F5E07253F822300D
:10A0040023F002030293019A039B02F5E072029982
:10A0140043F8221000BF05B05DF804FB00B585B01D
:10A0240001900B468DF8033001AB1846FFF780FF13
:10A034000390019A039B02F5E07253F82230019ACF
:10A0440023F44031039B02F5E07243F82210019A95
:10A05400039B02F5E07253F822109DF803301B04B1
:10A06400019A1943039B02F5E07243F8221000BFE2
:10A0740005B05DF804FB00B585B0019001AB18464E
:10A08400FFF756FF0390039800F020F80246019B67
:10A0940022FA03F303F00103184605B05DF804FB4C
:10A0A40000B585B0019001AB1846FFF741FF03905E
:10A0B400019A039B02F5E07253F822301B0C03F063
:10A0C4000303DBB2184605B05DF804FB82B00190CF
:10A0D400019BD3F81035184602B0704700B587B01D
:10A0E4000390029101924FF0A0430493039A029BC0
:10A0F4001344012B04D912494FF43A7002F0F0FAD8
:10A10400039B059311E0059B9B0018336B4453F8A4
:10A11400083C1846FFF7DAFF0246019B1A60019BD0
:10A1240004330193059B01330593039A029B134463
:10A13400059A9A42E7D300BF00BF07B05DF804FB5D
:10A144003897030084B001900091009B0393019B16
:10A15400DB080293019B03F0070301930122019B97
:10A1640002FA03F30399029A0A4412781340184638
:10A1740004B0704784B001900091009B0393019B4D
:10A18400DB080293019B03F007030193039A029BEC
:10A1940013441B785AB20121019B01FA03F35BB209
:10A1A400134359B2039A029B1344CAB21A7000BFF4
:10A1B40004B0704782B001900C4A019B13443033C1
:10A1C40093F90030002B09DB084A019B1344303318
:10A1D40093F90030072B01DC012300E0002303F096
:10A1E4000103DBB2184602B0704700BF782E00208E
:10A1F40082B00190064A019B1344303393F9003036
:10A20400072BCCBF01230023DBB2184602B07047F2
:10A21400782E002082B00190064A019B134430330B
:10A2240093F90030DB43DBB2DB09DBB2184602B042
:10A23400704700BF782E002084B0039002910192F1
:10A244008DF80330029B59B20E4A039B13443033FA
:10A254000A461A700B49029B019A41F823209DF883
:10A26400033083F00103DBB2002B08D0029B083BD0
:10A27400039A51B2034A13440A4683F8502000BF9C
:10A2840004B07047782E002082B00190044A019BEC
:10A2940013443033FF221A7000BF02B0704700BF6E
:10A2A400782E002082B00190044A019B134430337D
:10A2B40093F90030184602B0704700BF782E002092
:10A2C40082B00190034A019B52F82330184602B031
:10A2D400704700BF782E002000B589B0039002912A
:10A2E40013468DF80730FF238DF81F309DF8073093
:10A2F400002B01D0002300E0082305939DF80730CC
:10A30400002B01D0082300E00C230493059B069343
:10A3140014E00F4A069B52F82330B3F1FF3F0AD1F1
:10A324009DF80730029A06990398FFF785FF069B6C
:10A334008DF81F3006E0069B01330693069A049BB2
:10A344009A42E6D39DF91F30184609B05DF804FB24
:10A35400782E002082B003468DF807309DF8073030
:10A36400094A4FF0FF3142F823109DF80730072BBC
:10A3740007D99DF80730083B034A1344FF2283F8AA
:10A38400502000BF02B07047782E002000B583B083
:10A39400214B93F85430002B03D008230093009BE7
:10A3A40036E000238DF8073009E09DF807301846A1
:10A3B400FFF76AFF9DF8073001338DF807309DF8E9
:10A3C40007301F2BF1D900238DF8073009E09DF8E1
:10A3D40007301846FFF7BEFF9DF8073001338DF8AC
:10A3E40007309DF807300B2BF1D907210620FFF722
:10A3F400A9FC4FF4BE70FFF7F0FC4FF00040FFF7EC
:10A4040015FD054B012283F8542000230093009B83
:10A41400184603B05DF804FB782E0020044B93F833
:10A424005430002B14BF01230023DBB218467047BD
:10A43400782E002000B587B0039002910192039B0F
:10A444001F2B04D92B4940F2F71002F049F90023DD
:10A4540005930398FFF7DEFE0346002B02D0082382
:10A46400059342E0029BDB781A4601990398FFF7B3
:10A4740033FF03468DF813309DF91330B3F1FF3FDA
:10A4840031D0029B9B78002B03D00398FFF7AAFDE1
:10A4940005E0029B5B7819460398FFF78EFD029B4B
:10A4A400DB78002B08D09DF91300029B1B781A4619
:10A4B4000399FFF7E9FC18E09DF91330083B0E4AB5
:10A4C400134493F95010029B1B785BB29B015AB260
:10A4D4009DF91330083B0A4351B2074A13440A4614
:10A4E40083F8502001E004230593059B184607B028
:10A4F4005DF804FB78970300782E002000B589B03E
:10A5040001900B468DF80330019B1F2B04D93D4964
:10A5140040F2252002F0E4F80198FFF77BFE0346A1
:10A52400002B04D1374940F2262002F0D9F80198D3
:10A53400FFF75EFE0346002B2FD00198FFF7B2FE13
:10A544000346083B304A134493F950308DF80F30DA
:10A554009DF80F309B098DF80E309DF80E30032BBB
:10A564000BD10198FFF787FD0346002B01D003238D
:10A5740000E002238DF81F3008E09DF80E30012B17
:10A5840001D1022300E003238DF81F309DF81F3012
:10A5940019460198FFF742FD30E00198FFF70AFEE3
:10A5A4000346002B2AD00198FFF77CFE034606934E
:10A5B400069B9BB240339BB29B00ADF81630069BC2
:10A5C4001846FFF74BFCBDF816301846FFF705FC9C
:10A5D4009DF80330002B11D00198FFF763FE03466A
:10A5E4001846FFF76DFE0490049B002B06D0012251
:10A5F400069B02FA03F31846FFF718FC00BF09B0E4
:10A604005DF804FB78970300782E002000B583B032
:10A614000190019B1F2B04D9084940F2722002F0DB
:10A624005FF80198FFF727FD0346002B14BF0123B1
:10A634000023DBB2184603B05DF804FB78970300EF
:10A6440000B597B000231093002304934FF4807354
:10A65400ADF84A30012311930023139321E0BDF890
:10A664004A301846FFF7A4FB0346002B0ED011987E
:10A67400FFF7E8FB0346002B08D0BDF84A30184624
:10A68400FFF7ABFB109A119B13431093119B5B00D4
:10A694001193BDF84A300433ADF84A30139B0133AB
:10A6A4001393139B072BDAD94FF4BE70FFF780FB8B
:10A6B4000346002B0DD04FF4BE70FFF78EFB109BAA
:10A6C40043F00043109304AB1A4601210020FFF726
:10A6D40005FD109BDBB2002B29D00123119300232D
:10A6E400139321E0119A109B1340002B16D013985A
:10A6F400FFF7FCFB0E901398FFF708FC03468DF858
:10A7040037301398FFF7DCFD0C900C9B002B05D021
:10A714009DF837200C9B11460E989847119B5B00BF
:10A724001193139B01331393139B072BDAD9109BBB
:10A73400002B80F2EE8000238DF853300023039326
:10A74400002315930AE0159B9B0058336B444FF08C
:10A75400FF3243F8502C159B01331593159B002BA6
:10A76400F1D000238DF853300023139378E06B4A23
:10A77400139B1344503393F900308DF82F309DF818
:10A784002F3023F0C0030A93644A139B13445033BD
:10A7940093F90030B3F1FF3F5FD002AB19460A983A
:10A7A400FFF7D0FC0346002B57D09DF82F309B09B0
:10A7B4008DF827300A98FFF775FD03461846FFF712
:10A7C4007FFD0890089B002B03D19DF82730032BB5
:10A7D40043D19DF82730032B04D103AB19460A98C3
:10A7E400FFF7C8FC0A98FFF75BFC03468DF81F309F
:10A7F40004AB19460A98FFF7A5FC0690069B002BAC
:10A8040003D09DF81F30022B06D0069B002B24D1C9
:10A814009DF81F30032B20D19DF82730032B13D133
:10A824009DF81F30022B01D1032300E002238DF891
:10A8340017309DF8173019460A98FFF7EFFB9DF87B
:10A84400533001338DF85330089B002B05D09DF80D
:10A854002720089B11460A989847139B01331393AA
:10A86400139B032B83D99DF85330002B4CD0012329
:10A874008DF83F3001AB1A4601210020FFF72EFC72
:10A884000023159314E0159B9B0058336B4453F835
:10A89400542C159B9B0058336B4453F8483C9A4204
:10A8A40003D000238DF83F3005E0159B0133159349
:10A8B400159B002BE7D09DF83F30002B03D00023DD
:10A8C4008DF8533020E0002315931AE0159B9B006C
:10A8D40058336B4453F8542C159B9B0058336B44EA
:10A8E40043F8482C159B9B0058336B4453F84C2C6D
:10A8F400159B9B0058336B4443F8502C159B013334
:10A904001593159B002BE1D09DF85330002B7FF459
:10A9140028AF00BF17B05DF804FB00BF782E0020FD
:10A9240082B003468DF807309DF8073003F01F020C
:10A9340006499DF907305B09012000FA02F2203331
:10A9440041F8232000BF02B0704700BF00E100E0DF
:10A9540084B001900B46ADF80230BDF80230019A84
:10A96400134400221A60BDF80230019A13441B6894
:10A974000393039B00BF04B0704782B001900B4661
:10A98400ADF80230BDF80230019A13441B68002B65
:10A9940014BF01230023DBB2184602B0704782B013
:10A9A40001900091019B009AC3F8042300BF02B0F8
:10A9B400704782B001900091019BD3F80423009B5F
:10A9C4001340002B14BF01230023DBB2184602B04E
:10A9D400704782B001900091019B009AC3F808234C
:10A9E40000BF02B0704784B00190019BD3F880345B
:10A9F4000393019B039AC3F88024039B184604B075
:10AA0400704782B00190019B0422C3F8002500BF67
:10AA140002B0704782B00190019B0022C3F8002568
:10AA240000BF02B0704784B0039002910192039B6F
:10AA3400019AC3F81425039B029AC3F80C2500BF9E
:10AA440004B0704700B583B001904FF0FF324FF06F
:10AA5400FF310198FFF7E7FF00BF03B05DF804FB87
:10AA640082B00190019BD3F80C35184602B07047B0
:10AA740082B00190019BD3F81435184602B0704798
:10AA840082B00190019BD3F80835184602B0704794
:10AA940082B00190019BD3F81035184602B070477C
:10AAA40084B0039002910192039B029AC3F8082593
:10AAB400039B019AC3F8102500BF04B0704700B58A
:10AAC40083B001904FF0FF324FF0FF310198FFF750
:10AAD400E7FF00BF03B05DF804FB82B00190019B67
:10AAE400D3F81835DBB2184602B0704782B0019033
:10AAF4000B468DF803309DF80320019BC3F81C25F9
:10AB040000BF02B0704782B001900B468DF803304D
:10AB14009DF80330019A134401221A6000BF02B069
:10AB2400704782B001900B468DF8033013468DF8C0
:10AB340002309DF803209DF802301343DBB21A461D
:10AB4400019BC3F86C2500BF02B0704782B001902E
:10AB54000091019B009AC3F8242500BF02B07047FE
:10AB640084B001900B46ADF80230BDF80230019A72
:10AB7400134400221A60BDF80230019A13441B6882
:10AB84000393039B00BF04B0704782B001900B464F
:10AB9400ADF80230BDF80230019A13441B68002B53
:10ABA40014BF01230023DBB2184602B0704782B001
:10ABB40001900091019BD3F80022009BDB431A40D3
:10ABC400019BC3F8002200BF02B0704782B001901D
:10ABD4000091019B009AC3F8042300BF02B07047A0
:10ABE40082B001900091019B009AC3F8082300BF32
:10ABF40002B0704784B00190019BD3F88034039372
:10AC0400019B039AC3F88024039B184604B0704741
:10AC140082B00190019B0822C3F8002500BF02B056
:10AC2400704782B00190019B0022C3F8002500BF49
:10AC340002B0704784B0039002910192039B029A80
:10AC4400C3F80C25039B019AC3F8142500BF04B074
:10AC5400704700B583B001904FF0FF324FF0FF31E1
:10AC64000198FFF7E7FF00BF03B05DF804FB82B073
:10AC74000190019BD3F80C35184602B0704782B09E
:10AC84000190019BD3F81435184602B0704782B086
:10AC94000190019BD3F80835184602B0704782B082
:10ACA4000190019BD3F81035184602B0704784B068
:10ACB400039002910192039B029AC3F80825039B17
:10ACC400019AC3F8102500BF04B0704700B583B0E3
:10ACD40001904FF0FF324FF0FF310198FFF7E7FF8B
:10ACE40000BF03B05DF804FB82B001900B468DF801
:10ACF40003309DF80330019A134401221A6000BF07
:10AD040002B0704782B001900B468DF803301346B1
:10AD14008DF802309DF803209DF802301343DBB216
:10AD24001A46019BC3F86C2500BF02B0704782B07D
:10AD340001900091019B009AC3F8242500BF02B042
:10AD4400704784B00390029113468DF80730029A3D
:10AD5400039BC3F844259DF80720039BC3F84825AB
:10AD640000BF04B0704782B00190019BD3F84C350A
:10AD7400184602B0704782B00190019BD3F83C356D
:10AD8400184602B0704700B583B003468DF807300B
:10AD94009DF907301846FFF7C3FD00BF03B05DF807
:10ADA40004FB84B00190019B1B0B8DF80F309DF9BF
:10ADB4000F30184604B0704782B00190019B03F035
:10ADC4006043B3F1005F0CBF01230023DBB21846DC
:10ADD40002B0704700B583B00190019B1B681F2B24
:10ADE40004D905494FF4E87001F07AFC4FF0A04310
:10ADF400184603B05DF804FBD497030000B585B092
:10AE04000190084611461A4603468DF803300B4656
:10AE14008DF8023013468DF8013001AB1846FFF768
:10AE2400D9FF03909DF803209DF802305B001A437C
:10AE34009DF801309B001A439DF818301B0242EA2A
:10AE440003019DF81C301B04019A1943039B02F56E
:10AE5400E07243F8221000BF05B05DF804FB00B5B2
:10AE640085B0039000230193002300930023012263
:10AE740001210398FFF7C2FF00BF05B05DF804FB92
:10AE840000B585B003900B468DF80B309DF80B3060
:10AE94000022019200220092002200210398FFF771
:10AEA400ADFF00BF05B05DF804FB00B585B00390AD
:10AEB400002301930023009300230122002103981F
:10AEC400FFF79CFF00BF05B05DF804FB00B585B03B
:10AED400019001AB1846FFF77DFF0390019B01220F
:10AEE40002FA03F31946039800F004F800BF05B012
:10AEF4005DF804FB82B001900091019B009AC3F8B5
:10AF0400082500BF02B0704700B583B001900091DE
:10AF1400009B1B68B3F1FF3F09D0009B1B681846D8
:10AF2400FFF7D4FF009B1B681846FFF798FF009BB0
:10AF34005B68B3F1FF3F05D0009B5B6800211846B6
:10AF4400FFF79EFF019B1B79464A5B0113441C33A8
:10AF54001B78002B41D0019B1A68009B9B69194602
:10AF64001046FFF7E4FE019B1868009B597D009B87
:10AF74001B7D1A46FFF7C6FE019B1868009B1968E3
:10AF8400009B5B681A46FFF755FE009B1B7D012B57
:10AF940064D1009B9B68B3F1FF3F05D0009B9B6885
:10AFA40000211846FFF76CFF009BDB68B3F1FF3FFD
:10AFB40009D0009BDB681846FFF788FF009BDB681D
:10AFC4001846FFF74CFF019B1868009BD968009B4B
:10AFD4009B681A46FFF76BFE40E0019B1A68009BD2
:10AFE4009B6919461046FFF7B1FD019B1868009B49
:10AFF400597D009B1B7D1A46FFF793FD019B186842
:10B00400009B1968009B5B681A46FFF70CFD009BC8
:10B014001B7D012B22D1009B9B68B3F1FF3F05D020
:10B02400009B9B6800211846FFF72AFF009BDB6802
:10B03400B3F1FF3F09D0009BDB681846FFF746FFDA
:10B04400009BDB681846FFF70AFF019B1868009B0A
:10B05400D968009B9B681A46FFF722FD00BF03B026
:10B064005DF804FBD02E002000B583B001900B46A0
:10B074008DF80330019B1B792D4A5B0113441C336B
:10B084001B78002B2FD0019B1B684FF48871184646
:10B09400FFF766FD019B1B684FF490711846FFF79C
:10B0A4005FFD019B1B684FF492711846FFF758FD32
:10B0B400019B1B684FF4A2711846FFF751FD019BD9
:10B0C4001B681C491846FFF781FD019B1B68184645
:10B0D400FFF767FE03461A469DF8033019461046EB
:10B0E400FEF730FE20E0019B1B684FF48E7118467A
:10B0F400FFF72EFC019B1B684FF4A2711846FFF763
:10B1040027FC019B1B680C491846FFF748FC019B70
:10B114001B681846FFF745FE03461A469DF80330A0
:10B1240019461046FEF70EFE00BF03B05DF804FB9F
:10B13400D02E0020100302008000020000B583B06E
:10B144000190019B1B79154A5B0113441C331B7846
:10B15400002B0FD0019B1B6811491846FFF740FDD7
:10B16400019B1B681846FFF71CFE03461846FFF7B1
:10B174000AFE0EE0019B1B680A491846FFF729FCEA
:10B18400019B1B681846FFF70CFE03461846FFF7A1
:10B19400FAFD00BF03B05DF804FB00BFD02E002011
:10B1A400100302008402020000B587B00190019BE5
:10B1B4001B79364A5B0113441C331B78002B22D0C5
:10B1C400019B1B681846FFF752FD0590019B1B6805
:10B1D4001846FFF754FD0490019B1B681846FFF7BF
:10B1E40056FD0390019B1B681846FFF758FD02901B
:10B1F400019B1B681846FFF72CFD019B1B68184632
:10B20400FFF764FD21E0019B1B681846FFF728FC4B
:10B214000590019B1B681846FFF72AFC0490019BCC
:10B224001B681846FFF72CFC0390019B1B6818460B
:10B23400FFF72EFC0290019B1B681846FFF702FCE7
:10B24400019B1B681846FFF73AFC059BB3F1FF3FCF
:10B2540002D00598FFF729FE049BB3F1FF3F02D00B
:10B264000498FFF722FE029BB3F1FF3F02D002983D
:10B27400FFF71BFE039BB3F1FF3F02D00398FFF7D8
:10B2840014FE00BF07B05DF804FB00BFD02E002001
:10B2940000B583B00190019B1B790B4A5B011344F9
:10B2A4001C331B78002B05D0019B1B681846FFF745
:10B2B400AFFC04E0019B1B681846FFF7A2FB00BF2C
:10B2C40003B05DF804FB00BFD02E002000B583B0AE
:10B2D4000190019B1B790B4A5B0113441C331B78BF
:10B2E400002B05D0019B1B681846FFF79AFC04E06D
:10B2F400019B1B681846FFF78DFB00BF03B05DF888
:10B3040004FB00BFD02E002000B587B0039002914B
:10B314000192029B002B04D122494FF4887001F062
:10B32400DFF9039B1B795B011F4A13440593002338
:10B334000493059BDB7E002B03D008230493049B1A
:10B344002BE0029B5A7F059B1A7702990398FFF71B
:10B35400DBFD059B019A5A60029B1A69059B1A60E2
:10B36400059B5B68002B05D0029B1B7F1946039845
:10B37400FFF77AFE0398FFF78BFF059B0022DA752F
:10B38400059B00221A76059B00229A75059B0122D3
:10B39400DA76059B00229A76049B184607B05DF87E
:10B3A40004FB00BF14980300D02E002000B585B024
:10B3B4000190019B1B795B010C4A13440393019890
:10B3C400FFF784FF039B5B68002B02D00198FFF713
:10B3D400B5FE0198FFF7E8FE039B0022DA76039B93
:10B3E40000225A6000BF05B05DF804FBD02E002097
:10B3F40000B585B0019000914FF48E710198FFF76C
:10B40400A7FA009B9B68009A928A92B213441B7815
:10B414008DF80F30009B9B8A9BB201339AB2009B3C
:10B424009A829DF80F3019460198FFF75FFB00BF21
:10B4340005B05DF804FB000000B585B00190019BE8
:10B444001B795B01344A1344029300230393019B49
:10B454001B684FF48E711846FFF77AFA019B1B683C
:10B4640008211846FFF74FFB019B1B6802991846F9
:10B47400FFF7BEFF029B5B68002B47D11FE000BFB4
:10B48400019B1B684FF48E711846FFF776FA03464A
:10B4940083F00103DBB2002B05D0029B9B8A9BB295
:10B4A400B3F5807FECD1029B9B8A9BB2B3F5807F7E
:10B4B40005D0019B1B6802991846FFF799FF029B70
:10B4C4009B8A9BB2029A927D9342D8D3029B9B8A19
:10B4D4009BB2B3F5807F02D10F23039313E000BF27
:10B4E400019B1B684FF48E711846FFF746FA03461A
:10B4F40083F00103DBB2002BF2D1019B1B680C210A
:10B504001846FFF700FB029B00229A75039B18461E
:10B5140005B05DF804FB00BFD02E002000B587B055
:10B524000190019B1B795B012A4A13440493002375
:10B534000593019B1B684FF490711846FFF710FBAD
:10B54400019B1B684FF4AC711846FFF709FB019B84
:10B554001868049B9968049B9B7D1A46FFF7F1FBCE
:10B56400019B1B6808211846FFF7BEFB049B5B6820
:10B57400002B2AD1019B1B684FF490711846FFF7EA
:10B5840004FB03468DF80F30019B1B684FF4AC712C
:10B594001846FFF7FAFA03468DF80E309DF80F307F
:10B5A40083F00103DBB2002B06D09DF80E3083F04C
:10B5B4000103DBB2002BDDD19DF80E30002B01D04E
:10B5C4000F230593049B00229A75059B184607B028
:10B5D4005DF804FBD02E002000B587B003900291E3
:10B5E40013468DF80730039B1B795B012E4A1344E5
:10B5F4000493049BDB7E012B04D02C494FF4CC70C4
:10B6040001F06EF89DF80730002B04D1274940F271
:10B61400991001F065F8029B002B04D123494FF4E3
:10B62400CD7001F05DF8039B1B791F4A5B01134445
:10B634001C331B78002B0CD00298FFF7BDFB03468C
:10B6440083F00103DBB2002B03D010230593059B89
:10B6540025E0039800F02CF80346002B03D01123B7
:10B664000593059B1BE0049B9DF807209A75049B9A
:10B67400029A9A60049B00229A82039B1B790A4ACD
:10B684005B0113441C331B78002B04D00398FFF791
:10B6940045FF034603E00398FFF7CEFE0346184632
:10B6A40007B05DF804FB00BFD02E002014980300FF
:10B6B40082B00190019B1B79064A5B011344163347
:10B6C4001B78002B14BF01230023DBB2184602B001
:10B6D400704700BFD02E002010B582B001900091B9
:10B6E400009BDB7D002B08D14FF484710198FFF798
:10B6F4002FF90198FFF7F1F916E04FF484710198DE
:10B70400FFF726F9009BDB68009A527ED2B29C18A0
:10B714000198FFF7E2F903462370009B5B7EDBB2DE
:10B724000133DAB2009B5A7602B010BD00B589B07D
:10B7340003900B4601928DF80B3001238DF81030E5
:10B744009DF80B308DF81830019B0593039B5B68C3
:10B75400039A116804AA1046984700BF09B05DF81F
:10B7640004FB00B587B001900B468DF8033000232D
:10B774008DF808309DF803308DF81030019B9B68DC
:10B784000393019B00229A75019B5B68019A1168DF
:10B7940002AA1046984700BF07B05DF804FB00B545
:10B7A40089B0019000914FF400710198FFF701F9FD
:10B7B4000346002B39D04FF492710198FFF7DDF85E
:10B7C4000346002B31D04FF492710198FFF7C0F873
:10B7D4004FF401710198FFF7FCF8009B9B7E83F006
:10B7E4000103DBB2002B03D004210198FFF78BF98E
:10B7F40002238DF808300198FFF7F5F80346059306
:10B80400009BDB7D8DF81030009BDB680393009B6D
:10B814000022DA75009B00221A76009B5B68009A6E
:10B82400116802AA1046984756E004210198FFF7D0
:10B83400C0F80346002B4FD04FF484710198FFF7F2
:10B844009CF80346002B47D000990198FFF744FF6A
:10B85400009BDA7D009B5B7EDBB29A423CD1009B6D
:10B864001B7E002B1CD0009BDB680793009B5B7E38
:10B874008DF81B30009B1A7E009BDA75009B1A69B9
:10B88400009BDA60009B00221A76009B00225A7605
:10B894009DF81B30079A19460098FFF747FF1BE0F5
:10B8A400009B9B7E83F00103DBB2002B03D00421B9
:10B8B4000198FFF728F94FF401710198FFF789F80F
:10B8C400009B0022DA75009B5B7ED9B2009BDB688B
:10B8D4001A460098FFF72AFF4FF48E710198FFF77C
:10B8E4004CF80346002B1AD0009B9B8A9BB2009A0B
:10B8F400927D934204D200990198FFF779FD0EE0FE
:10B904004FF48E710198FFF723F8009B9B7D002B69
:10B9140005D0009B9B7D19460098FFF722FF4FF44A
:10B92400A2710198FFF729F80346002B1CD04FF4AD
:10B93400A2710198FFF70CF8009B9B7E002B03D0AB
:10B9440000210198FFF7DFF8009BDB7D002B0BD073
:10B95400009B0022DA75009B5B7ED9B2009BDB68FA
:10B964001A460098FFF7E2FE00BF09B05DF804FB39
:10B9740000B589B0019000914FF492710198FFF7DE
:10B9840004F90346002B24D04FF492710198FFF779
:10B99400E7F802238DF808300198FFF72BF90346E6
:10B9A40005930198FFF7E7F90346DBB28DF81030F1
:10B9B400009BDB680393009B0022DA75009B002246
:10B9C4001A76009B5B68009A116802AA1046984791
:10B9D40041E04FF488710198FFF7D7F80346002B34
:10B9E40039D04FF488710198FFF7BAF80198FFF73E
:10B9F400C2F903468DF81F30009BDB7D9DF81F20A4
:10BA04009A4228D1009B1B7E002B19D0009BDB6837
:10BA1400069320210198FFF7CAF8009B1A7E009B29
:10BA2400DA75009B1A69009BDA60009B00221A7683
:10BA34009DF81F30069A19460098FFF777FE0AE032
:10BA4400009B0022DA75009BDA689DF81F301946C6
:10BA54000098FFF76BFE4FF4A2710198FFF795F879
:10BA64000346002B16D04FF4A2710198FFF778F823
:10BA7400009BDB7D002B0DD0009B0022DA75019822
:10BA8400FFF779F90346D9B2009BDB681A460098A0
:10BA9400FFF74CFE4FF490710198FFF776F80346D8
:10BAA400002B11D04FF490710198FFF759F8009BC7
:10BAB4009B7D002B08D00198FFF755F90346DBB2B4
:10BAC40019460098FFF74DFE00BF09B05DF804FB6E
:10BAD40008B5074B1B7F002B04D005490548FFF729
:10BAE40047FF03E002490348FFF759FE00BF08BDC2
:10BAF400D02E00200020004000B583B00190019BAF
:10BB04001B681F2B04D905494FF4E87000F0E8FDC9
:10BB14004FF0A043184603B05DF804FB6C98030093
:10BB240000B585B001900B468DF8033001AB184683
:10BB3400FFF7E2FF0390019A039B02F5E07253F8CA
:10BB44002230019A23F44031039B02F5E07243F85A
:10BB54002210019A039B02F5E07253F822109DF81B
:10BB640003301B04019A1943039B02F5E07243F866
:10BB7400221000BF05B05DF804FB00B583B001904E
:10BB84000198FDF745FE0346184603B05DF804FB33
:10BB940000B587B003460A468DF8073013468DF882
:10BBA400063000238DF81730002304939DF80730E6
:10BBB4001846FDF75BFE0490049B032B62D89DF8A6
:10BBC4000630022B52D0022B5CDC002B31D0012B2F
:10BBD40058D13549049A13465B0013440B441B782F
:10BBE4008DF817303049049A13465B0013440B4414
:10BBF40001331B78002B0ED02C4B2D4A4FF40041FF
:10BC04001846F9F7B9FE0390039B002B03D1284A89
:10BC14009DF8073013702449049A13465B001344BB
:10BC24000B4402331978234A049B13440A461A70BE
:10BC340028E01E4B1846F9F7D1FE1E4A049B134414
:10BC440019781948049A13465B00134403440233D9
:10BC54001B78994215D11449049A13465B00134486
:10BC64000B4402331B788DF817300AE00E49049A0E
:10BC740013465B0013440B4401331B788DF81730D3
:10BC840000E000BF9DF81730002B09D00A4B1B6859
:10BC9400002B05D0084B1B689DF8172010469847C9
:10BCA40000BF07B05DF804FB402F00204C2F00209C
:10BCB4006C2F0020702F00203C2F002000B583B093
:10BCC4000190019B1B7802211846FFF761FF00BF1A
:10BCD40003B05DF804FB000000B583B00C4B1B7887
:10BCE400002B0FD00023019308E0019B022B02D00C
:10BCF4000198FDF719FD019B01330193019B032B6F
:10BD0400F3D901E0FDF72AFD00BF03B05DF804FBA1
:10BD1400F82E00202DE9D04F92B003468DF83F3025
:10BD24000023119300231093C94B1B78002B04D0DC
:10BD3400C74A00231370FFF7CFFF9DF83F30172B3E
:10BD440000F2398201A252F823F000BFB1BD020013
:10BD5400BFBD0200BFBD02005BBE0200F7BE020011
:10BD640073BF020007C0020027C0020037C00200F0
:10BD740061C002007FC002009DC00200BBC002007F
:10BD8400C9C00200C9C00200C9C00200C9C0020083
:10BD9400C9C002005DC102006BC102007FC1020084
:10BDA40093C10200ADC10200ADC10200FFF794FFD0
:10BDB400A84A9DF83F301370FEE10020FDF76CFCAB
:10BDC4000346002B0DD00020FDF7AEFC9DF83F305C
:10BDD400022B02D14FF4E16301E04FF47A63109334
:10BDE4000BE00020FDF786FC9DF83F30022B01D1CB
:10BDF400C82301E04FF4C8731093964A9DF83F306E
:10BE04001370954C109B0022009301924FF0000296
:10BE14004FF00003DDE900673946CB03314643EABE
:10BE240051433146CA0312F5FA71029143F10003FA
:10BE340003934FF47A724FF00003DDE902010CF032
:10BE4400CFFB02460B461346002219462046F9F75B
:10BE540093FD1190B0E10020FDF71EFC0346002B7A
:10BE64000DD00020FDF760FC9DF83F30032B02D17C
:10BE74004FF4487301E04FF47A6310930BE0002011
:10BE8400FDF738FC9DF83F30032B01D1C82301E0B6
:10BE94004FF4C87310936F4A9DF83F3013706E4C83
:10BEA400109B0022049305924FF000024FF0000310
:10BEB400DDE904673946CB03314643EA5143314651
:10BEC400CA0312F5FA71069143F1000307934FF484
:10BED4007A724FF00003DDE906010CF081FB0246A3
:10BEE4000B461346002219462046F9F745FD1190EA
:10BEF40062E10020FDF7D0FB0346002B06D00020B2
:10BF0400FDF712FC4FF47A63109305E00020FDF76F
:10BF1400F1FB4FF4C87310934E4A9DF83F301370F1
:10BF24004D4C109B00229A4693464FF000024FF06E
:10BF340000034FEACB3343EA5A434FEACA3212F5BD
:10BF4400FA71089143F1000309934FF47A724FF0A8
:10BF54000003DDE908010CF043FB02460B461346DF
:10BF6400002219462046F9F707FD119024E100202C
:10BF7400FDF792FB0346002B0CD00020FDF7D4FB09
:10BF84009DF83F30052B01D1C82301E04FF47A63BB
:10BF940010930BE00020FDF7ADFB9DF83F30052B1F
:10BFA40001D1C82301E04FF4C8731093294A9DF8C6
:10BFB4003F301370284C109B0022984691464FF056
:10BFC40000024FF000034FEAC93343EA58434FEAF3
:10BFD400C83212F5FA710A9143F100030B934FF43E
:10BFE4007A724FF00003DDE90A010CF0F9FA024617
:10BFF4000B461346002219462046F9F7BDFC119062
:10C00400DAE00020FDF7D0FB124A9DF83F301370B0
:10C01400114B002240F6CD411846F9F7ADFC1190C2
:10C02400CAE00020FDF766FB0A4A9DF83F30137012
:10C03400C2E0074B01221A700120FDF7B5FB064B45
:10C04400002240F6CD411846F9F796FC1190B3E072
:10C05400F12E0020F02E0020FC2E0020594B01224E
:10C064001A700120FDF7A0FB574B00224FF48041CA
:10C074001846F9F781FC11909EE0524B01221A7088
:10C084000120FDF791FB504B002240F6CD411846AC
:10C09400F9F772FC11908FE04A4B01221A700120CB
:10C0A400FDF782FB484B00224FF480411846F9F714
:10C0B40063FC119080E0FDF764FB444A9DF83F3037
:10C0C400137079E0424B1846F9F788FC11909DF8FB
:10C0D4003F30C3F111031093109B002B35D0119BFB
:10C0E400002B32D1109B012B28D9394C109B9BB2C9
:10C0F4001A46C82302FB03F3DA171E4617464FF00D
:10C1040000024FF00003FB0343EA5643F20312F527
:10C11400FA710C9143F100030D934FF47A724FF0CE
:10C124000003DDE90C010CF05BFA02460B461346F2
:10C13400002219462046F9F71FFC11900220FDF752
:10C14400D9FA244B01221A7036E00220FDF7ECFAEA
:10C15400204B00221A702FE0FFF7BEFD1B4A9DF80A
:10C164003F30137028E0FFF7B7FD0020FDF7C2FA57
:10C17400164A9DF83F3013701EE0FFF7ADFD012015
:10C18400FDF7B8FA114A9DF83F30137014E0FFF739
:10C19400A3FD0020FDF7AEFA0120FDF7ABFA0B4A30
:10C1A4009DF83F30137007E0FDF7EBFA074A9DF85E
:10C1B4003F30137000E000BF119B184612B0BDE879
:10C1C400D08F00BFF12E0020FC2E0020F02E002086
:10C1D4001C2F0020F82E002000B583B00190074BDF
:10C1E4001B6803F00103002B04D0054B1B78184691
:10C1F400FFF790FD00BF03B05DF804FBF42E0020B0
:10C20400F02E002000B583B001900220FDF7CCFA97
:10C2140000BF03B05DF804FB00B585B003468DF89C
:10C22400073000230393084B1B6803F00103002B22
:10C2340005D09DF807301846FFF76CFD0390039B6B
:10C24400184605B05DF804FBF42E002000B585B057
:10C254000190009100230393294A019B1360294A0A
:10C26400009B1360019B03F00203002B2AD00023E0
:10C27400029308E001220121029800F053F8039090
:10C28400029B01330293029B032B02D8039B002BD6
:10C29400F0D0039B002B06D140F2666204211A48B9
:10C2A400F8F76AFA0390039B002B02D1F8F7D6FA49
:10C2B4000390039B002B05D1144A00211448F9F77D
:10C2C4002BFB0390019B03F00103002B01D0FDF72E
:10C2D40085FA039B002B05D10E4A00210E48F9F77D
:10C2E4001BFB0390039B002B05D10C4A01210C4836
:10C2F400F9F712FB0390039B184605B05DF804FBA5
:10C30400F42E00203C2F0020B0980300C1BC020092
:10C31400AC980300DDC10200A498030009C2020026
:10C32400A898030084B001900B468DF8033013469F
:10C334008DF8023000230393019B032B3CD89DF816
:10C344000230012B0BD19DF80330012B04D1019B4A
:10C35400DBB20E33DBB200E000238DF802309DF82F
:10C364000330022B0FD0022B23DC002B16D0012B21
:10C374001FD11449019A13465B0013440B449DF8E2
:10C3840002201A701AE00F49019A13465B00134405
:10C394000B4401339DF802201A700FE00949019AF9
:10C3A40013465B0013440B4402339DF802201A70B9
:10C3B40004E00723039301E007230393039B184638
:10C3C40004B07047402F002000B583B0019001985D
:10C3D400FDF76CFA034603211846FFF7A1FB00237F
:10C3E400184603B05DF804FB00B583B001220021B8
:10C3F4000020FFF797FF0190019B002B04D0019BC5
:10C40400072B01D0019B1CE0072202210120FFF72A
:10C4140089FF0190019B002B04D0019B072B01D0C5
:10C42400019B0EE0042202210020FFF77BFF019014
:10C43400019B002B04D0019B072B01D0019B00E042
:10C444000023184603B05DF804FB00B583B0012255
:10C4540002210020FFF766FF0190019B002B04D00E
:10C46400019B072B01D0019B1CE007220221012024
:10C47400FFF758FF0190019B002B04D0019B072B71
:10C4840001D0019B0EE00A2200210020FFF74AFFA1
:10C494000190019B002B04D0019B072B01D0019B31
:10C4A40000E00023184603B05DF804FB00B583B038
:10C4B40001900120FFF761FB0346002B03D0019B91
:10C4C40002221A700CE00020FFF757FB0346002BF2
:10C4D40003D0019B0B221A7002E0019B00221A7008
:10C4E40000BF03B05DF804FB00B583B00020FFF784
:10C4F4006BFF0190019B002B04D0019B062B01D004
:10C50400019B0CE00120FFF75FFF0190019B002BD2
:10C5140004D0019B062B01D0019B00E000231846A8
:10C5240003B05DF804FB000000B585B001900091F4
:10C53400019B1B88102B02D0112B18D02FE01A4B13
:10C544001B68002B0DD1FFF74FFF0390039B002BBB
:10C5540007D0164B1B68002B03D0144B1B680398A1
:10C564009847114B1B6801330F4A136017E00E4BB9
:10C574001B68013B0C4A13600B4B1B68002B0DD14D
:10C58400FFF763FF0390039B002B07D0074B1B6847
:10C59400002B03D0054B1B680398984700BF00BFCE
:10C5A40005B05DF804FB00BF782F0020742F002035
:10C5B40000B585B001900091002303930A4A019BC2
:10C5C4001360009B002B02D00098FFF76FFF074B0E
:10C5D4001B68002B02D1FFF738FF0390039B18461A
:10C5E40005B05DF804FB00BF742F0020782F0020F5
:10C5F40076DF704700BF18467ADF704700BF1846E1
:10C604007CDF704700BF18468FDF704700BF1846B5
:10C6140032DF704700BF18463EDF704700BF184640
:10C6240084B00190244B0393019B002B40D0234BF7
:10C634001A680399019B00BF00BF00BF00BF00BF81
:10C6440000BF00BF00BF8A422FD000BF00BF00BFA1
:10C6540000BF00BF00BF00BF00BF00BF00BF00BFDE
:10C6640000BF00BF00BF00BF00BF00BF00BF00BFCE
:10C6740000BF00BF00BF00BF00BF00BF00BF00BFBE
:10C6840000BF00BF00BF00BF00BF00BF00BF00BFAE
:10C6940000BF00BF00BF00BF00BF00BF00BF00BF9E
:10C6A40000BF00BF00BF00BF00BF013BC3D1019367
:10C6B40000BF04B0704700BF0024F400B025002080
:10C6C40000B583B00190019B4FF47A7202FB03F32F
:10C6D4001846FFF7A5FF00BF03B05DF804FB000098
:10C6E40000B583B003460091ADF80630BDF80630BE
:10C6F400009A19460348F8F7DDF800BF03B05DF867
:10C7040004FB00BFEFBEADDE00B585B00190009123
:10C71400009B1B68082B28BF082302934FF6FF7069
:10C7240007F0D8FD0346ADF80E30009B00221A60D6
:10C7340012E0009B1B68591C009A11605B00019A6F
:10C744001344BDF80E201A80BDF80E30184607F0C9
:10C75400C1FD0346ADF80E30BDF80E304FF6FF7242
:10C76400934204D0029B5A1E0292002BE1D100BFD7
:10C7740005B05DF804FB000000B587B003468DF8F2
:10C7840007309DF80730002B02D000F041FD43E054
:10C7940010224FF6FF7122480CF034F8214B082286
:10C7A4001A6020491E48FFF7AFFF1E4B1B6819464D
:10C7B4001B4807F0CFFC0590059B0493049B002BBA
:10C7C40005D0194A40F20B110498F8F773F8154B89
:10C7D4001B681946124807F005FD0590059B062BBA
:10C7E4000AD0059B0393039B002B05D00E4A4FF4FC
:10C7F40089710398F8F75EF803210C4802F0B8FA3F
:10C804000590059B0293029B002B05D0064A4FF42A
:10C814008B710298F8F74EF800BF07B05DF804FB7F
:10C82400E8310020F8310020109A03001031002074
:10C8340010B58EB00390039B1B780F2B00F2F7808A
:10C8440001A252F823F000BF8DC8020033CA0200CF
:10C8540097C8020033CA0200F5C8020033CA0200B6
:10C864000BC9020019CA020049C90200CBC902005F
:10C8740033CA0200E5C902003BC90200FFC9020035
:10C8840033CA020043C90200039B9A88714B1A8081
:10C89400DCE0714B1B881B0443F00304039B5B889F
:10C8A400184603F003F803461A46039B5B881946AF
:10C8B400039B1B7A00930B4668492046F7F78FFACF
:10C8C400039B9A88634B1A80039B5B8819466448D0
:10C8D40003F0DAFE0A900A9B0593059B002B00F0F7
:10C8E400A880604A4FF49B710598F7F7E3FFA0E036
:10C8F40000238DF81030039B5B8804AA1146184668
:10C9040007F006FCA2E0FAF7BDFF0A900A9B0E2B83
:10C9140000F091800A9B082B00F08D800A9B0693FF
:10C92400069B002B00F087804E4A4FF4AA710698AC
:10C93400F7F7C0FF7FE00020FFF71EFF86E007F057
:10C94400FBFB83E0039B1B7C03F00103DBB2002BA6
:10C9540073D0039B1B7A072B6FD1434B1B68072BA8
:10C964006BD8414B1B685A1C3F490A60394A1188ED
:10C974003E4A22F813103C4B1B6819463B4807F00B
:10C9840031FC0A900A9B062B0AD00A9B0993099B47
:10C99400002B05D0334A40F277110998F7F78AFF44
:10C9A400314B1B681946314807F0D4FB0A900A9BA7
:10C9B4000893089B002B40D02A4A40F27B11089828
:10C9C400F7F778FF39E0039B1B690B930B9B002B54
:10C9D40035D0244A40F283110B98F7F76BFF2EE011
:10C9E400039B9B680C930C9B002B2AD01D4A40F29E
:10C9F40089110C98F7F75EFF23E0039B9B680D9366
:10CA04000D9B002B1FD0174A40F28F110D98F7F79A
:10CA140051FF18E0039B9B680793079B002B14D0DE
:10CA2400104A40F295110798F7F744FF0DE000BF54
:10CA34000CE000BF0AE000BF08E000BF06E000BF52
:10CA440004E000BF02E000BF00E000BF00BF0EB082
:10CA540010BD00BFFC310020802100206C9A03002F
:10CA640070220020109A0300F8310020E8310020E1
:10CA740000B587B001901C4B1B884FF6FF729342A0
:10CA84002ED0194B1B8802AA1146184607F0C2FB88
:10CA94000590059B0493049B002B05D0134A4FF487
:10CAA400D9710498F7F706FF9DF8083003F00203E4
:10CAB400DBB2002B14D10C4B1B880021184607F065
:10CAC40005FB0590059B082B0AD0059B0393039B4C
:10CAD400002B05D0054A4FF4DD710398F7F7EAFE01
:10CAE40000BF07B05DF804FB3C250020109A03004A
:10CAF40000B585B06420FFF7E3FD11480AF062FE3B
:10CB04000390039B0293029B002B05D00D4A4FF424
:10CB1400E6710298F7F7CEFE09480AF073FE039017
:10CB2400039B0193019B002B05D0064A40F2CF11D1
:10CB34000198F7F7BFFE00BF05B05DF804FB00BF26
:10CB44009C2F0020109A030000B583B001904D4B38
:10CB54001B881B0443F003034B491846F7F70CF9F1
:10CB6400484B1B881B0443F00300019B1B791A46A6
:10CB7400464B53F822301A464549F7F70BF9414B17
:10CB84001B881B0443F00300019B9B791A46414B0D
:10CB940053F822301A464049F7F7FCF8394B1B8802
:10CBA4001B0443F00300019BDB791A463B49F7F76A
:10CBB400F1F8344B1B881B0443F00300019B1B68F2
:10CBC4001A463749F7F7E6F82E4B1B881B0443F047
:10CBD400030334491846F7F7CFF8019B5B7903F058
:10CBE4000103DBB2002B08D0264B1B881B0443F047
:10CBF40003032D491846F7F7BFF8019B5B7903F04F
:10CC04000203DBB2002B08D01E4B1B881B0443F02D
:10CC1400030326491846F7F7AFF8019B5B7903F045
:10CC24000403DBB2002B08D0164B1B881B0443F013
:10CC340003031F491846F7F79FF8019B5B7903F03C
:10CC44000803DBB2002B08D00E4B1B881B0443F0F7
:10CC5400030318491846F7F78FF8019B5B7903F033
:10CC64001003DBB2002B08D0064B1B881B0443F0D7
:10CC7400030311491846F7F77FF800BF03B05DF8C6
:10CC840004FB00BF80210020AC9A03007025002023
:10CC9400BC9A030040250020CC9A0300DC9A0300D0
:10CCA400EC9A0300FC9A0300049B03000C9B030012
:10CCB400189B0300289B03003C9B030030B583B002
:10CCC4000190019B1B88002B16D0164B1B881B045C
:10CCD40043F00304019B5B68134A52F823301D465A
:10CCE400019B9B681846F6F7AFFF03462A460F4997
:10CCF4002046F7F760F811E0019B1B88002B0DD14B
:10CD0400084B1B881B0443F00300019B5B68064A25
:10CD140052F823301A460649F7F73CF800BF03B02F
:10CD240030BD00BF802100207C250020509B0300E3
:10CD3400589B030000B583B00190019B1B88002B16
:10CD440010D0134B1B881B0443F00300019B5B684A
:10CD5400104A52F823301A46019B9B680E49F7F794
:10CD64002AF811E0019B1B88002B0DD1084B1B886E
:10CD74001B0443F00300019B5B68064A52F823300E
:10CD84001A460649F7F706F800BF03B05DF804FB3E
:10CD9400802100209C250020509B0300589B030009
:10CDA40000B583B00346ADF80630BDF80630A3F5F0
:10CDB400D073032B32D801A252F823F0D1CD020054
:10CDC400E5CD0200F9CD02000DCE0200164B1B8802
:10CDD4001B0443F0030315491846F6F7CDFF1EE084
:10CDE400114B1B881B0443F0030311491846F6F743
:10CDF400C3FF14E00C4B1B881B0443F003030D49D1
:10CE04001846F6F7B9FF0AE0074B1B881B0443F0EA
:10CE1400030309491846F6F7AFFF00E000BF00BF5F
:10CE240003B05DF804FB00BF80210020649B030075
:10CE3400A89B0300EC9B0300449C030000B585B051
:10CE4400F8F736FD0390039B0293029B002B05D059
:10CE54000D4A40F23E210298F7F72CFD0B4A0021BF
:10CE64000B48F8F759FD0390039B0193019B002B9A
:10CE740005D0054A4FF411710198F7F71BFD00BF67
:10CE840005B05DF804FB00BF109A030075CA0200E8
:10CE9400D098030010B584B0019000230393019B44
:10CEA4001B78062B56D801A252F823F0CDCE0200EF
:10CEB40059CF0200FBCE020059CF020011CF02006D
:10CEC40041CF02004DCF0200019B5988019B4033A2
:10CED4001A4623480AF04DFE0390039B0293029BDB
:10CEE400002B05D01F4A4FF416710298F7F7E2FCA5
:10CEF400FFF7FEFD31E01C4A019B043393E8030075
:10CF040082E803001848FFF71FFE26E0174A019B3A
:10CF14001446103393E8070084E807001348FFF72A
:10CF2400CDFE019B5B69002B16D1114A019B14466F
:10CF3400103393E8070084E807000DE0019B1033E9
:10CF44001846FFF7F7FE08E0019B9B891846FFF798
:10CF540027FF02E000BF00E000BF00BF04B010BD27
:10CF64009C2F0020109A0300003200200832002079
:10CF74001432002000B587B09DF80030012262F31E
:10CF840003038DF800309DF80030012262F307138B
:10CF94008DF800306B4604221C491846FFF730FB1D
:10CFA4000590059B0493049B002B05D0184A4FF46D
:10CFB40022710498F7F77EFC01AB08220021184681
:10CFC4000BF020FC4FF4C873ADF804304FF44873F1
:10CFD400ADF806300023ADF808304FF4C873ADF84F
:10CFE4000A3001AB1846FFF707FB0590059B039336
:10CFF400039B002B05D0064A40F292210398F7F7D1
:10D0040059FC00BF07B05DF804FB00BF909C03000F
:10D01400109A030000B583B00021094805F00AFA0C
:10D024000190019B0093009B002B05D0054A40F220
:10D034009B210098F7F73EFC00BF03B05DF804FBAA
:10D04400FC300020109A030000B583B00190054A1B
:10D0540040F2A5210198F7F72DFC00BF03B05DF85D
:10D0640004FB00BF109A030000B583B00190054A89
:10D0740040F2AF210198F7F71DFC00BF03B05DF843
:10D0840004FB00BF109A030000B58BB001AB1C2257
:10D09400002118460BF0B6FB002301934FF4203314
:10D0A40002934FF47023039303238DF8103000236D
:10D0B400ADF8123001238DF81430002306930B4B86
:10D0C400079301AB184602F02DF90990099B0893C8
:10D0D400089B002B05D0064A40F2C6210898F7F7B2
:10D0E400E9FB00BF0BB05DF804FB00BF6DD002008C
:10D0F400109A030000B583B00190019903480AF027
:10D1040091F800BF03B05DF804FB00BF9C2F002022
:10D1140000B587B006F040FF0590059B0493049B7F
:10D12400002B05D0384A4FF438710498F7F7C2FB46
:10D134006B460522002118460BF064FB9DF8003075
:10D1440043F001038DF800309DF8003023F0020312
:10D154008DF800309DF8003023F004038DF8003082
:10D164009DF8003023F008038DF800309DF800305E
:10D17400032262F306138DF800309DF8003023F08B
:10D1840080038DF8003007238DF8013010238DF8CB
:10D1940002309DF8033043F001038DF803309DF80D
:10D1A400033043F002038DF803309DF8043043F05C
:10D1B40001038DF804309DF8043043F002038DF828
:10D1C40004306B46184606F069FF0590059B0393EF
:10D1D400039B002B05D00C4A40F2F3210398F7F788
:10D1E40069FB0A4806F032FF0590059B0293029BF7
:10D1F400002B05D0044A40F2F6210298F7F75AFBB7
:10D2040000BF07B05DF804FB109A030035C80200A4
:10D2140000B583B00D4B1B881B0443F003030C497A
:10D224001846F6F7A9FD07F08BF80190019B0093CF
:10D23400009B002B05D0074A4FF441710098F7F783
:10D2440039FB00BF03B05DF804FB00BF8021002060
:10D25400989C0300109A030000B585B00020FEF7E7
:10D26400DBFF0390039B0293029B002B05D0134A20
:10D2740040F20F310298F7F71DFBFFF735F90390E1
:10D28400039B0193019B002B05D00C4A40F2133100
:10D294000198F7F70FFBFFF7BBF90390039B00938B
:10D2A400009B002B05D0054A40F217310098F7F790
:10D2B40001FB00BF05B05DF804FB00BF109A03003A
:10D2C40000B5BBB003468DF80F309DF80F30072B27
:10D2D40000F28E8001A252F823F000BF97D302001F
:10D2E400F5D30200F5D3020001D3020033D30200C8
:10D2F40065D30200F5D302009DD30200434B1B8883
:10D304001B0443F0030342491846F6F735FD022097
:10D31400FEF782FF3990399B3493349B002B69D0FC
:10D324003C4A40F22A313498F7F7C4FA62E0374BAA
:10D334001B881B0443F0030337491846F6F71CFD0A
:10D344000420FEF769FF3990399B3593359B002BF8
:10D3540052D0304A4FF44C713598F7F7ABFA4BE0A2
:10D364002A4B1B881B0443F003032C491846F6F789
:10D3740003FD0320FEF750FF3990399B3693369B0B
:10D38400002B3BD0234A40F236313698F7F792FA15
:10D3940034E0FFF761FF34E008233393082332932A
:10D3A40032AB12AA33A904A806F0ECFE3990399BDB
:10D3B4003893389B002B05D0164A40F245313898F3
:10D3C400F7F778FA339A329B12A804A9009303461C
:10D3D400134801F005FE3990399B3793379B002B96
:10D3E4000ED00C4A4FF454713798F7F763FA07E0FC
:10D3F40000BF06E000BF04E000BF02E000BF00E0A1
:10D4040000BF00BF3BB05DF804FB00BF80210020DB
:10D41400A89C0300109A0300BC9C0300D09C03004A
:10D424001031002000B58DB00190009100230B93C2
:10D43400019B1B88562B00F09780562B00F3A78086
:10D444003B2B7ED03B2B00F3A280212B5FD0212BE2
:10D4540000F39D80102B02D0112B30D097E0594B54
:10D464001B881B0443F0030357491846F6F784FC52
:10D474000720FEF7D1FE0B900B9B0693069B002B17
:10D4840005D0524A4FF45A710698F7F713FA019BE4
:10D494009A884F4B1A804F4B00224FF44041184654
:10D4A400F8F76AFA0B900B9B0593059B002B70D041
:10D4B400464A4FF45B710598F7F7FCF969E0414B74
:10D4C4001B881B0443F0030343491846F6F754FC36
:10D4D4003F4B4FF6FF721A803E4B1846F8F77EFA20
:10D4E4000B900B9B0793079B002B05D0374A40F208
:10D4F40073310798F7F7DEF9019B9A88374B1B893C
:10D504009A4248D1354B4FF6FF721A8143E000230B
:10D514008DF80C3000238DF80D30019B9B8803AAF5
:10D5240011461846FFF770F80B900B9B0893089B65
:10D53400002B32D0254A40F285310898F7F7BAF922
:10D544002BE0019B9B8813211846FFF751F80B90A1
:10D554000B9B0993099B002B21D01C4A40F28E316E
:10D564000998F7F7A7F91AE0019B9B88132118463D
:10D57400FFF73EF80B900B9B0A930A9B002B10D0ED
:10D58400124A40F296310A98F7F794F909E000BF7D
:10D5940008E000BF06E000BF04E000BF02E000BFF7
:10D5A40000E000BF0B9B0493049B002B05D0074AAB
:10D5B40040F29D310498F7F77DF900BF0DB05DF896
:10D5C40004FB00BF80210020F09C0300109A03009C
:10D5D4003C2500207C2F0020FC9C03009C2F002075
:10D5E40000B58BB003468DF807309DF80730043B37
:10D5F4000D2B00F2D78001A252F823F03FD602008F
:10D60400A9D70200A9D702006FD60200A9D7020049
:10D61400A9D7020039D60200A9D70200A9D702006F
:10D62400A9D70200A7D60200C9D6020019D7020062
:10D6340061D70200FFF710FEC1E0634B1B88132182
:10D644001846FEF7D5FF0990099B082B00F0AC8023
:10D65400099B0393039B002B00F0A6805B4A4FF4C5
:10D664006D710398F7F726F99EE0594B1B894FF625
:10D67400FF72934240F09A80564801F0D7FC09901B
:10D68400099B082B00F09280099B0493049B002BB8
:10D6940000F08C804D4A40F2BE310498F7F70AF945
:10D6A40084E04D494A480AF0CDF90990099B059355
:10D6B400059B002B7CD0454A40F2C5310598F7F70D
:10D6C400F9F875E0454B5B68002B73D1434B1B881D
:10D6D400002B6FD0424B1B881B0443F003033F4ACB
:10D6E400926840491846F6F755FB3C4B9B683B4A09
:10D6F40012881946364809F0FCFE0990099B0693E6
:10D70400069B002B56D0314A4FF474710698F7F7F4
:10D71400D1F84FE0304B5B7903F00803DBB2002B08
:10D724004AD02F4B1B881B0443F003032E49184691
:10D73400F6F722FB284B1B680022194624480AF0FE
:10D74400D8F90990099B0793079B002B34D01F4AF3
:10D7540040F2DB310798F7F7ADF82DE01E4B5B790B
:10D7640003F01003DBB2002B28D01D4B1B881B04D5
:10D7740043F003031D491846F6F7FEFA164B1B68DF
:10D784000122194612480AF0B4F90990099B08933A
:10D79400089B002B12D00D4A40F2E6310898F7F7A7
:10D7A40089F80BE000BF0AE000BF08E000BF06E014
:10D7B40000BF04E000BF02E000BF00E000BF00BF04
:10D7C4000BB05DF804FB00BF3C250020109A030059
:10D7D4009C2F002010310020003200201432002041
:10D7E400802100200C9D0300209D03003C9D03002C
:10D7F40000B587B00AF010FC0590059B0493049BC8
:10D80400002B05D0164A40F2F9310498F7F752F884
:10D814000023019301AB194601200AF019FD05907C
:10D82400059B0393039B002B05D00D4A40F2FF3167
:10D834000398F7F73FF801AB18460AF0F1FD05909D
:10D84400059B0293029B002B05D0054A40F203413D
:10D854000298F7F72FF800BF07B05DF804FB00BF8C
:10D86400109A030000B58FB001AB082200211846BE
:10D874000AF0C8FF20235D4A00215D480AF06DF8D4
:10D884000D900D9B0C930C9B002B05D0594A40F234
:10D8940017410C98F7F70EF82023574A00215448F3
:10D8A4000AF093F80D900D9B0B930B9B002B05D066
:10D8B400504A40F21D410B98F6F7FCFF20234F4AD3
:10D8C40001214B480AF049F80D900D9B0A930A9BDD
:10D8D400002B05D0474A40F223410A98F6F7EAFFA5
:10D8E4002023474A032142480AF037F80D900D9B44
:10D8F4000993099B002B05D03E4A40F2294109981F
:10D90400F6F7D8FF20233F4A022139480AF025F8C8
:10D914000D900D9B0893089B002B05D0354A40F2CF
:10D924002F410898F6F7C6FF2023374A04213048D0
:10D934000AF013F80D900D9B0793079B002B05D05D
:10D944002C4A40F235410798F6F7B4FF20232F4ABA
:10D95400052127480AF001F80D900D9B0693069BBC
:10D96400002B05D0234A40F23B410698F6F7A2FF6C
:10D974002023274A06211E4809F0EFFF0D900D9B36
:10D984000593059B002B05D01A4A40F241410598A6
:10D99400F6F790FF20231F4A0721154809F0DDFF01
:10D9A4000D900D9B0493049B002B05D0114A40F26B
:10D9B40047410498F6F77EFF174B0193174B0293E8
:10D9C40001AB19460A4809F02DFE0D900D9B0393F7
:10D9D400039B002B05D0074A40F24D410398F6F70C
:10D9E40069FF00BF0FB05DF804FB00BF20320020C8
:10D9F4009C2F0020109A0300203300204032002086
:10DA04008032002060320020A0320020C03200208A
:10DA1400E03200200033002099CE02004DD00200F5
:10DA240000B5ABB06B46A022002118460AF0EAFE0E
:10DA3400234B4FF231421A80224B1A7B204B9A70AF
:10DA440002238DF8003001238DF8023005238DF870
:10DA540003300023ADF81030002305930123ADF803
:10DA64001830174B079301238DF8793001238DF873
:10DA74007C30282322931E23239301238DF87D30A9
:10DA84004FF448632493B42325930F4B26936B469A
:10DA940019460E4801F05DF82990299B2893289B8C
:10DAA400002B05D00A4A40F272412898F6F702FF8B
:10DAB4000121064801F040F800BF2BB05DF804FBDB
:10DAC400403300209C2F0020C5D2020010310020DA
:10DAD400109A030000B587B0019017490320FEF7A0
:10DAE400B5FB0590059B0493049B002B05D0134ABA
:10DAF40040F282410498F6F7DDFE0DF10B0319465E
:10DB04000020FEF755FD0590059B0393039B002B16
:10DB140005D00A4A40F285410398F6F7CBFE9DF8FA
:10DB24000B30022B0CBF01230023DAB2019B1A70C5
:10DB340000BF07B05DF804FBE5D50200109A0300AE
:10DB440000B583B00A4A0A210820F7F705F80190C6
:10DB5400019B0093009B002B05D0064A40F28F41A5
:10DB64000098F6F7A7FE00BF03B05DF804FB00BF02
:10DB740044330020109A030000B583B0094802F032
:10DB8400E3FC0190019B0093009B002B05D0064A07
:10DB94004FF493610098F6F78DFE00BF03B05DF873
:10DBA40004FB00BFF9D00200109A030000B583B053
:10DBB4000020F5F7B3FD0190019B0093009B002B1F
:10DBC40005D0064A40F2A1410098F6F773FEF5F736
:10DBD40003FD00BF03B05DF804FB00BF109A03000F
:10DBE40000B583B0FEF718FD0190019B0093009BE4
:10DBF400002B05D0044A40F2AC410098F6F75AFED7
:10DC040000BF03B05DF804FB109A030000B583B0B5
:10DC1400FFF7CCFFFFF712F90DF107031846FFF7E2
:10DC240059FFFFF78DFFFFF7E3FDFFF7A3F9FFF7B8
:10DC3400F1F9FFF7A1FFFFF715FEFFF7F1FEFFF77C
:10DC440023FAFFF765FA0D4B1B881B0443F003030B
:10DC54000B491846F6F790F89DF807301846FEF77A
:10DC64008BFDF7F73FF8F6F7F7F8034683F0010367
:10DC7400DBB2002BF5D0FFF7B3FFF2E780210020E1
:10DC8400589D03006DDF704700BF184672DF704770
:10DC940000BF184679DF704700BF18467DDF704724
:10DCA40000BF184664DF704700BF184682B00346C1
:10DCB4000091ADF80630BDF80630DAB2009B1A7058
:10DCC400BDF806301B0A9AB2009B0133D2B21A7017
:10DCD4000223184602B0704700B589B00390029140
:10DCE4001346ADF80630029B1B8803F10902BDF808
:10DCF40006309A4201D90C2351E005AB1846FFF7D0
:10DD0400C1FF0790079B002B01D0079B47E0029BB4
:10DD14001B881A46039B134408221A70029B1B8813
:10DD240001339AB2029B1A80029B1B881A46039BFA
:10DD340013441B221A70029B1B8801339AB2029B64
:10DD44001A80029B1B881A46039B981805AB013363
:10DD5400062219460AF024FD029B1B8806339AB258
:10DD6400029B1A809DF8143023F00103DBB2002BD0
:10DD740007D1029B1B881A46039B134400221A7086
:10DD840006E0029B1B881A46039B134401221A7067
:10DD9400029B1B8801339AB2029B1A800023184607
:10DDA40009B05DF804FB00B589B0039002910192BB
:10DDB400ADF80230039B1B78012B05D1039B5B78E4
:10DDC400002B01D1072388E0019B1B889A1CBDF816
:10DDD40002309A420ED8039B1B78012B0CD1019B75
:10DDE4001B881A46039B5B7813449A1CBDF80230C7
:10DDF4009A4201D90C2370E0019B1B88BDF80220D4
:10DE0400D31A9BB2023BADF81C30BDF81C30ADF800
:10DE14001630019B1B880233029A13440DF116023B
:10DE240011461846FFF73AFF0690069B002B01D0D7
:10DE3400069B52E0039B1B78022B09D1BDF81630D8
:10DE4400BDF81C209A4203D309238DF81F3016E035
:10DE540008238DF81F30039B1B78012B0BD1039BE8
:10DE64005B781A46BDF81C30934204D3039B5B785D
:10DE7400ADF8163003E0BDF81C30ADF81630BDF82F
:10DE84001630FE2B01D90C2327E0BDF81630DAB288
:10DE9400019B1B881946029B0B440132D2B21A70B3
:10DEA400019B1B8801339AB2019B1A80019B1B883A
:10DEB4001A46029B13449DF81F201A70019B1B886D
:10DEC40001339AB2019B1A80019B1A88BDF816305F
:10DED40013449AB2019B1A800023184609B05DF8D6
:10DEE40004FB00B587B0039002911346ADF80630E9
:10DEF400029B1B881A1DBDF806309A4201D90C23D7
:10DF040038E00DF112031846FFF7C4FE0590059B97
:10DF1400002B01D0059B2DE0029B1B881A46039B16
:10DF2400134403221A70029B1B8801339AB2029B8A
:10DF34001A80029B1B881A46039B134419221A70E9
:10DF4400029B1B8801339AB2029B1A80BDF81220EF
:10DF5400029B1B881946039B0B4419461046FFF786
:10DF6400A5FE03461A46029B1B8813449AB2029BE1
:10DF74001A800023184607B05DF804FB84B00291B0
:10DF840001921A4603468DF80F301346ADF80C3053
:10DF9400019B1B88DA1CBDF80C309A4201D90C2372
:10DFA40028E0019B1B881A46029B134402221A7024
:10DFB400019B1B8801339AB2019B1A80019B1B8829
:10DFC4001A46029B134401221A70019B1B880133D9
:10DFD4009AB2019B1A80019B1B881A46029B134428
:10DFE4009DF80F201A70019B1B8801339AB2019B84
:10DFF4001A800023184604B0704784B0029101923D
:10E004001A4603468DF80F301346ADF80C30019BC9
:10E014001B88DA1CBDF80C309A4201D90C2328E085
:10E02400019B1B881A46029B134402221A70019B0F
:10E034001B8801339AB2019B1A80019B1B881A46E4
:10E04400029B13440A221A70019B1B8801339AB263
:10E05400019B1A80019B1B881A46029B13449DF85E
:10E064000F201A70019B1B8801339AB2019B1A80FE
:10E074000023184604B0704700B58BB00390019399
:10E084000B468DF80B3013468DF80A3000238DF8BB
:10E0940023300C9B1B88ADF82030002309936CE0DF
:10E0A400039B5A68099B9B001A4404AB10681860D0
:10E0B4000DF1160104AB00221846FFF7F3FD06909C
:10E0C400069B002B01D0069B79E09DF816309DF845
:10E0D4000A209A424ED19DF82330002B01D0002310
:10E0E40000E002238DF817300C9B1B881A469DF81C
:10E0F40016301A449DF817301A44BDF834309A4249
:10E1040001DD0C235BE09DF8233083F00103DBB2D7
:10E11400002B16D00C9B1B8801339AB20C9B1A80DF
:10E124000C9B1B881A46019B13449DF80B201A7004
:10E134000C9B1B8801339AB20C9B1A8001238DF827
:10E1440023300C9B1B881A46019B1A440DF11601BF
:10E1540004AB1846FFF7A6FD0690069B002B01D0E2
:10E16400069B2CE00C9B1B889DF8162013449AB246
:10E174000C9B1A80099B01330993039B1B881A4645
:10E18400099B93428CDB9DF82330002B16D00C9B0B
:10E194001A88BDF82030D31A9BB2013BADF81E306B
:10E1A400BDF81E30FF2B01D90C2308E0BDF8203048
:10E1B400019A1344BDF81E20D2B21A7000231846E7
:10E1C4000BB05DF804FB00B589B0059003930B46D2
:10E1D4008DF8133013468DF812309DF81310BDF8E6
:10E1E4002C3001930A9B0093039B02220598FFF7AE
:10E1F40043FF0790079B002B01D0079B12E09DF87B
:10E204001210BDF82C3001930A9B0093039B10223B
:10E214000598FFF731FF0790079B002B01D0079B60
:10E2240000E00023184609B05DF804FB82B00190B9
:10E23400019B1B88052B0AD9019B1B88B3F5486FEA
:10E2440007D9019B1B884FF6FF72934201D0072325
:10E2540025E0019B5B88052B0AD9019B5B88B3F5FC
:10E26400486F07D9019B5B884FF6FF72934201D038
:10E27400072314E0019B1B884FF6FF7293420DD0D5
:10E28400019B5B884FF6FF72934207D0019B1A886B
:10E29400019B5B889A4201D9072300E000231846BA
:10E2A40002B0704700B587B0039002910192ADF8B7
:10E2B4000230019B1B889A1DBDF802309A4201D995
:10E2C4000C2349E00398FFF7B1FF0590059B002B51
:10E2D40001D0059B40E0019B1B881A46029B134416
:10E2E40005221A70019B1B8801339AB2019B1A8084
:10E2F400019B1B881A46029B134412221A70019B2D
:10E304001B8801339AB2019B1A80039B1A88019BD4
:10E314001B881946029B0B4419461046FFF7C6FC9E
:10E3240003461A46019B1B8813449AB2019B1A8028
:10E33400039B5A88019B1B881946029B0B44194670
:10E344001046FFF7B3FC03461A46019B1B8813448F
:10E354009AB2019B1A800023184607B05DF804FBAB
:10E3640000B587B0039002910192ADF80230039B8F
:10E374009B8802330593019B1B881A46059B134413
:10E384009A1CBDF802309A4201D90C2353E0059B34
:10E39400FE2B01D90C234EE0059BDAB2019B1B88AE
:10E3A4001946029B0B440132D2B21A70019B1B889E
:10E3B40001339AB2019B1A80019B1B881A46029B67
:10E3C4001344FF221A70019B1B8801339AB2019BEC
:10E3D4001A80039B1A88019B1B881946029B0B44D5
:10E3E40019461046FFF762FC03461A46019B1B8838
:10E3F40013449AB2019B1A80039B9B88002B19D06B
:10E40400039B9B68002B01D1072314E0019B1B880D
:10E414001A46029B9818039B9968039B9B881A468B
:10E424000AF0BEF9019B1A88039B9B8813449AB295
:10E43400019B1A800023184607B05DF804FB00B561
:10E4440089B0039002910192ADF80230039B9B6A5C
:10E45400002B01D1072371E000238DF81F3065E004
:10E46400039B996A9DF81F2013465B0013449B008D
:10E474000B440693069B9B8802330593059BFE2B56
:10E4840001D90C235AE0059BDAB2019B1B8819467B
:10E49400029B0B440132D2B21A70019B1B880133D8
:10E4A4009AB2019B1A80019B1B881A46029B134453
:10E4B40016221A70019B1B8801339AB2019B1A80A1
:10E4C400069B1A88019B1B881946029B0B4419461C
:10E4D4001046FFF7EBFB03461A46019B1B881344C7
:10E4E4009AB2019B1A80069B9B88002B19D0069B2D
:10E4F4009B68002B01D1072320E0019B1B881A464F
:10E50400029B9818069B9968069B9B881A460AF0FA
:10E5140047F9019B1A88069B9B8813449AB2019B76
:10E524001A809DF81F3001338DF81F30039B93F838
:10E534002C309DF81F209A4292D30023184609B02C
:10E544005DF804FB00B589B00590049103920023A3
:10E554000793039B1B88ADF81A30039B00221A8093
:10E56400059B93F82D30002B0CD0BDF81A301A46B9
:10E5740003990498FFF7B0FB0790079B002B01D089
:10E58400079BC4E0059B9B78002B0CD0BDF81A3088
:10E594001A4603990498FFF7A4FC0790079B002BE5
:10E5A40001D0079BB3E0059BDB78002B0ED0059BC5
:10E5B400DB7858B2BDF81A30039A0499FFF7DEFCF1
:10E5C4000790079B002B01D0079BA0E0059B5B688D
:10E5D400002B0FD0059B5B6893F90000BDF81A303F
:10E5E400039A0499FFF709FD0790079B002B01D0BC
:10E5F400079B8CE0059B1B89002B12D0059B03F124
:10E604000800BDF81A300193039B0093049B062273
:10E614000221FFF7D8FD0790079B002B01D0079B31
:10E6240075E0059B1B8A002B12D0059B03F110009B
:10E63400BDF81A300193039B0093049B0722032126
:10E64400FFF7C1FD0790079B002B01D0079B5EE0FD
:10E65400059B1B8B002B12D0059B03F11800BDF802
:10E664001A300193039B0093049B15221421FFF796
:10E67400AAFD0790079B002B01D0079B47E0059B51
:10E684001B6A002B0DD0059B186ABDF81A30039A3B
:10E694000499FFF707FE0790079B002B01D0079B07
:10E6A40035E0059B5B6A002B0DD0059B586ABDF8CD
:10E6B4001A30039A0499FFF753FE0790079B002B27
:10E6C40001D0079B23E0059B93F82C30002B0CD042
:10E6D400BDF81A30039A04990598FFF7B0FE079025
:10E6E400079B002B01D0079B11E0059B1B78002B97
:10E6F4000CD0BDF81A30039A04990598FFF753FB20
:10E704000790079B002B01D0079B00E0079B18464E
:10E7140009B05DF804FB82B00190019BDB7803F043
:10E724000403002B01D1072300E00023184602B0A4
:10E73400704782B00190019BDB78002B01D0072346
:10E7440000E00023184602B0704700B597B001906E
:10E7540000911F23ADF84A301F23ADF84830019BC8
:10E76400002B18D00198FFF7D6FF1390139B002BB2
:10E7740001D0139B3FE00DF14A020AAB1946019800
:10E78400FFF7E0FE1390139B002B01D0139B32E0A4
:10E794000AAB159304E0002315930023ADF84A3027
:10E7A400009B002B17D00098FFF7C3FF1390139B17
:10E7B400002B01D0139B1EE012AA02AB194600984D
:10E7C400FFF7C0FE1390139B002B01D0139B12E0A4
:10E7D40002AB149304E0002314930023ADF84830F3
:10E7E400BDF84A30D9B2BDF84830DBB2149A159856
:10E7F400FFF74CFA0346184617B05DF804FB73DFC5
:10E80400704700BF184674DF704700BF184682B0D7
:10E814000190019B93F8D630184602B0704784B03B
:10E824000190002303930AE0019A039B13441B788D
:10E83400002B01D0012306E0039B01330393039BC8
:10E84400052BF1D90023184604B0704782B0034663
:10E854008DF807309DF807305A1C074B83FB0213D1
:10E864005910D317C91A0B469B000B44D11ACBB2CB
:10E87400184602B0704700BF6766666682B00190B2
:10E884000091009BDB7B012B04D1009B9A88019BA8
:10E89400A3F8C82000BF02B0704700B585B001904E
:10E8A4000091019B002283F8D420009B9A88019B4D
:10E8B400B3F8C8309A4218D1019B1B7983F0010345
:10E8C400DBB2002B11D00121019800F051FA039022
:10E8D400039B002B09D0019BD3F8D030002B04D02C
:10E8E400019BD3F8D0300398984700BF05B05DF87A
:10E8F40004FB00B585B001900091009B1B7A002BAE
:10E9040018D1019BDB781846FFF7A0FF0346194690
:10E91400019800F02DFA0390039B002B0BD0019B70
:10E92400D3F8D030002B06D0019BD3F8D030039815
:10E93400984700E000BF05B05DF804FB08B500206F
:10E94400F9F7D0FE0346184608BD000000B585B0AF
:10E9540001900B468DF80330019B26331846FFF7D0
:10E964005EFF03468DF80F309DF80330013B032B07
:10E974002AD801A252F823F08DE90200A1E902008D
:10E98400B5E90200C1E90200019B9B79002B05D087
:10E994009DF80F30002B01D0012316E0019BDB7999
:10E9A400002B05D09DF80F30002B01D002230CE082
:10E9B400019B1B7A002B01D0032306E0019B5B7AA9
:10E9C400002B01D0042300E00023184605B05DF8B5
:10E9D40004FB00BF82B001900091019B01229A7058
:10E9E400019B03F12502009B5A60009B01221A70CF
:10E9F400009B00229A81009B00225A810023184622
:10EA040002B0704782B001900091019B02229A707B
:10EA1400019B03F12502009B5A60009B01221A709E
:10EA2400019B1B699AB2009B9A81019BDB689AB295
:10EA3400009B5A810023184602B0704700B585B088
:10EA440001900091019B5B699AB2009B5A81019BE2
:10EA54009B699AB2009B9A81019B5B79002B24D01D
:10EA6400019B93F8D43083F00103DBB2002B1CD05C
:10EA74000198FFF7CCFE0346002B16D0009B022220
:10EA84001A72019B042283F83320019B3033002146
:10EA94001846FFF75AFE0390039B002B01D0039BFB
:10EAA40007E0019B05229A7002E0019B03229A7001
:10EAB4000023184605B05DF804FB00B585B001904D
:10EAC4000091019BDB699AB2009B5A81019B1B6AEE
:10EAD4009AB2009B9A81019B5B79002B24D0019B05
:10EAE40093F8D43083F00103DBB2002B1CD00198DF
:10EAF400FFF78DFE0346002B16D0009B02221A72EC
:10EB0400019B042283F83320019B303300211846F3
:10EB1400FFF71BFE0390039B002B01D0039B07E030
:10EB2400019B06229A7002E0019B04229A70002342
:10EB3400184605B05DF804FB82B001900B468DF8D1
:10EB44000330019B9DF8032083F8242000BF02B00A
:10EB5400704730B587B001900091009B002B02D024
:10EB6400019B002B01D10E23FFE0019B01221A70AF
:10EB7400019B0022DA70019A009B141D03F17805B1
:10EB84000FCD0FC495E80F0084E80F00019B00220D
:10EB940083F82420009BD3F89820019BC3F8CC2051
:10EBA400009BD3F89C20019BC3F8D020019B4FF617
:10EBB400FF72A3F8C820019B2533072200211846C1
:10EBC40009F020FE019B30333C220021184609F055
:10EBD40019FE009B1A78019B83F83020009B9A78D9
:10EBE400019B83F83220009BDA78019B83F8332061
:10EBF400009B5A78019B83F83120019B009A403393
:10EC0400103292E8030083E80300019B009A383332
:10EC1400083292E8030083E80300019B009A48331A
:10EC2400183292E8030083E80300009B93F82D2038
:10EC3400019B83F85D20009B5B6A002B2ED0019B17
:10EC440003F16C02019B5A65019B03F17802019B5D
:10EC54005A67009B5A6A019B5B6D12881A80009B5D
:10EC64005A6A019B5B6D92889A80002305930EE09B
:10EC7400009B5B6A9A68059B13441978019A059B6B
:10EC8400134478330A461A70059B01330593019B9C
:10EC94005B6D9B881A46059B9342E9D3009B9B6A54
:10ECA400002B3AD0019B03F1A402019BC3F8A020DE
:10ECB400019B03F19802019B9A65019B9B6D019A4C
:10ECC400A4329A60009B9A6A019B9B6D92889A80F9
:10ECD400009B9A6A019B9B6D12881A8000230493FF
:10ECE4000EE0009B9B6A9A68049B13441978019A6E
:10ECF400049B1344A4330A461A70049B01330493FF
:10ED0400019B9B6D9B881A46049B9342E9D3009B0D
:10ED140093F82C20019B83F85C20009B1B6A002B3A
:10ED240010D0019B03F1C402019B1A65009B1A6A6F
:10ED3400019B1B6D52885A80009B1A6A019B1B6DB4
:10ED440012881A80009B5B68002B03D0009B5A68D2
:10ED5400019B5A63019B03F13002009B3C3319462B
:10ED64001046FFF7F2FC0390039B184607B030BD32
:10ED740000B589B001900B468DF80330019B1B78D8
:10ED840083F00103DBB2002B01D00823D2E0019B06
:10ED94009DF80320DA70FFF7D1FD0346002B04D061
:10EDA400019B01225A700023C4E0019B25330722F2
:10EDB4000021184609F026FD019B9B79002B03D006
:10EDC400019BDB78012B0FD0019BDB79002B03D057
:10EDD400019BDB78012B07D0019BDB79002B16D03C
:10EDE400019BDB78022B12D1019BD3F8CC30002B92
:10EDF40009D0019B012283F82C20019BD3F8CC304D
:10EE04000820984703E0019B002283F82C209DF8FA
:10EE1400033019460198FFF799FD03461A46019BF2
:10EE2400DA70019BD3F8CC30002B21D0019BDB7826
:10EE3400032B03D0019BDB78042B19D1019B5B7955
:10EE4400002B15D0019B93F8D43083F00103DBB27F
:10EE5400002B0DD0019B002283F8D620019B0122B8
:10EE640083F8D520019BD3F8CC300720984703E0E2
:10EE7400019B002283F8D52003AB10220021184601
:10EE840009F0C0FC00238DF80C3000238DF81430F9
:10EE9400019BDB78042B2DD801A252F823F000BF8C
:10EEA400F1EE0200B9EE0200C7EE0200D5EE020058
:10EEB400E3EE020003AB19460198FFF78BFD0790C0
:10EEC40019E003AB19460198FFF79CFD079012E087
:10EED40003AB19460198FFF7B1FD07900BE003ABB4
:10EEE40019460198FFF7E9FD079004E0019B002211
:10EEF4009A7000E000BF019BDB78002B0DD0019BD2
:10EF040093F8242003AB11461846FFF778FC0790CA
:10EF1400079B002B01D0079B0CE0019BD3F8CC305E
:10EF2400002B06D0019BD3F8CC30019A927810467E
:10EF340098470023184609B05DF804FB00B585B076
:10EF440001900091009B0393019B1B881B2B10D005
:10EF54001B2B13DC102B02D0112B05D00EE00199D2
:10EF64000398FFF78BFC0AE001990398FFF795FCDF
:10EF740005E001990398FFF7BCFC00E000BF00BF67
:10EF840005B05DF804FB00B585B001900091009BCD
:10EF94000393019B023B012B1BD8039B5B78002B43
:10EFA40019D0039B00225A70039BDB7819460398FF
:10EFB400FFF7DEFE0290029B002B0CD0039BD3F8DC
:10EFC400D030002B07D0039BD3F8D0300298984759
:10EFD40001E000BF00E000BF00BF05B05DF804FB26
:10EFE40084B00390029101920093039B93F8D5306F
:10EFF40083F00103DBB2002B01D0082313E0039B51
:10F00400002283F8D520019B002B02D1049B002B06
:10F0140001D0012300E0002303F00103DAB2039BD3
:10F0240083F8D6200023184604B0704700B585B095
:10F034000190FFF7E8FB019B012283F8D420019B98
:10F04400002283F8D620019B062283F83320019BFB
:10F05400303300211846FFF778FB0390039B002B05
:10F0640001D0039B14E0019BDB7819460198FFF75C
:10F074007FFE0390039B002B09D0019BD3F8D03073
:10F08400002B04D0019BD3F8D03003989847002379
:10F09400184605B05DF804FB75DF704700BF1846DD
:10F0A40076DF704700BF18467ADF704700BF184606
:10F0B4007BDF704700BF184684B00346ADF80630C6
:10F0C4000023039316E00F49039A13469B0013444D
:10F0D4009B000B441B88BDF806209A4207D1039A73
:10F0E40013469B0013449B00064A134406E0039B0B
:10F0F40001330393039B002BE5D00023184604B08F
:10F10400704700BF1434002082B001900B46ADF864
:10F114000230019BBDF802201A80019B00221A7262
:10F12400019B054903F10A020B4603CB10605160B1
:10F1340000BF02B0704700BF4434002082B0019089
:10F14400019B4FF6FF721A8000BF02B0704788B06F
:10F154000390029111461A460B46ADF80630134649
:10F16400ADF80430039B9B881A46BDF8063013445F
:10F174000793039B9B881946039B9B88BDF8062035
:10F18400934228BF13469BB2CB1A0693039BDB889A
:10F194001A46BDF8043013440593039BDB881946D3
:10F1A400039BDB88BDF80420934228BF13469BB21F
:10F1B400CB1A0493029B5A88039B1B889A4205D35B
:10F1C400029B5A88039B5B889A4201D900231CE066
:10F1D400029B9B881A46069B934205D8029B9B88F8
:10F1E4001A46079B934201D200230EE0029BDB8860
:10F1F4001A46049B934205D8029BDB881A46059B5A
:10F20400934201D2002300E00123184608B070475E
:10F2140000B583B00190064B9B69002B03D0044BCF
:10F224009B690198984700BF03B05DF804FB00BFD9
:10F234002834002000B585B003460091ADF80630AF
:10F24400BDF8063000991846FFF726FF0390039B8C
:10F25400002B05D0039B112B02D00398FFF7D8FF96
:10F26400039B002B0CBF01230023DBB2184605B01F
:10F274005DF804FB00B589B00190019B0793079BDF
:10F284009BB21846FFF718FF0690069B002B42D04E
:10F29400069B1A7A224B1B7B9A4215D2079B9AB281
:10F2A400069B0A3319461046FFF7C4FF03468DF840
:10F2B40013309DF81330002B2DD0069B1B7A01339D
:10F2C400DAB2069B1A7226E0069B00221A72144BCD
:10F2D4001B7C002B0FD0079B9BB23B211846FFF7EA
:10F2E400DFFE0590059B002B05D0059B082B02D063
:10F2F4000598FFF78DFF0A4B5B69002B0BD00023A9
:10F304008DF80C30079B9BB2ADF80E30044B5B6953
:10F3140003AA1046984700BF09B05DF804FB00BF7C
:10F324002834002030B587B00190019B002B01D117
:10F334000E2353E02B4A019B14461D460FCD0FC4E8
:10F3440095E8070084E80700264B274A1A60019BCA
:10F354001B68002B11D0019B1B681846FFF7A4FE05
:10F364000490049B002B01D0049B37E0019B1A6896
:10F374001D4B1068516803C308E01B48FFF798FE53
:10F384000490049B002B01D0049B27E000230593E9
:10F3940020E0059A13469B0013449B00134A134430
:10F3A40003930398FFF7CAFE059B5B01104A1A44B6
:10F3B400039B5A60039B04330E4A00211846F6F758
:10F3C400ABFA0490049B002B01D0032306E0059BB9
:10F3D40001330593059B002BDBD00023184607B0AF
:10F3E40030BD00BF283400204434002014340020F1
:10F3F400F433002079F2020000B587B0034600918F
:10F40400ADF80630009B5B7A002B1AD1009B1B7A67
:10F41400002B03D1164B5B68059302E0144B9B68E9
:10F424000593009B5B68BDF8062005991846F6F71E
:10F43400A3FA0490049B002B16D00498FFF7E8FE6F
:10F4440012E0009B00221A72094B5B69002B0BD05F
:10F4540001238DF80C30BDF80630ADF80E30044BA6
:10F464005B6903AA1046984700BF07B05DF804FB28
:10F474002834002000B585B00190019BDB7B8DF81A
:10F484000F30019B9B88ADF80C309DF80F30012B99
:10F494002CD14FF6FF70FFF70FFE0290029B002B5A
:10F4A40003D10420FFF7B4FE21E0BDF80C30194667
:10F4B4000298FFF729FE029B03F10A00019B03F166
:10F4C40010014FF6FF7340F2F312FFF740FE0346BC
:10F4D4001A46029B5A72074BDB89002B07D1BDF8F1
:10F4E4000C3002991846FFF787FF00E000BF05B013
:10F4F4005DF804FB2834002000B587B00190019B1F
:10F504009B88ADF81630BDF816301846FFF7D4FDC9
:10F514000490049B002B0ED0049B5B681846F6F7FE
:10F524005DFA0390039B002B02D00398FFF770FE53
:10F534000498FFF703FE00BF07B05DF804FB00006A
:10F5440000B587B00190019B06330593059B1A888B
:10F55400194BDB899A422BD1059B5B89022B27D15E
:10F56400019B9B88ADF81230BDF812301846FFF7A6
:10F57400A3FD0390039B002B1AD0059B0C33184664
:10F5840001F03BF90346002B06D0BDF81230039975
:10F594001846FFF731FF0BE0039B5B681846F6F74C
:10F5A4001DFA0290029B002B02D00298FFF730FE56
:10F5B40000BF07B05DF804FB2834002000B585B017
:10F5C4000190019B9B88ADF80E30BDF80E301846B3
:10F5D400FFF772FD0290029B002B15D0029B03F1F2
:10F5E4000A00019B03F108014FF6FF7340F2F31286
:10F5F400FFF7ADFD03461A46029B5A72BDF80E3062
:10F6040002991846FFF7F8FE00BF05B05DF804FB49
:10F6140000B583B001900091019B1B88502B12D040
:10F62400502B18DC122B12D0122B14DC102B02D00E
:10F63400112B04D00FE00198FFF71CFF0CE0019898
:10F64400FFF75AFF08E00198FFF77AFF04E00198FA
:10F65400FFF7B4FF00E000BF00BF03B05DF804FB98
:10F6640000B585B00346ADF80630164B5B6CDB4342
:10F674001846F9F72DFE0346ADF80E30BDF80E30EE
:10F684004FF6FF72934217D0BDF80E300D4A5B005F
:10F694001344BDF806209A80BDF8062001230A49C8
:10F6A4000A48F9F737FEBDF8062001230849074840
:10F6B400F9F730FE012300E00023184605B05DF899
:10F6C40004FB00BF4C34002094340020503400204C
:10F6D4009034002000B585B00346ADF80E30BDF877
:10F6E4000E30002200921D2203490448F9F72DFE32
:10F6F40000BF05B05DF804FB9034002050340020B6
:10F7040000B583B00346ADF80630BDF806200023EB
:10F7140003490448F9F7FEFD00BF03B05DF804FB9C
:10F72400943400205034002000B5A5B0144B9B6CD9
:10F73400DA43134B5B6C1A406B4612491846F9F7CF
:10F7440076FE12AB69464422184609F029F80023D4
:10F7540023930BE0239B5B0090336B4433F8443CCE
:10F764001846FFF7B7FF239B01332393129B239A79
:10F774009A42EFD300BF00BF25B05DF804FB00BF81
:10F784004C3400205034002082B003468DF80730FA
:10F79400074B1B689DF80720012101FA02F2134070
:10F7A400002B14BF01230023DBB2184602B07047BC
:10F7B4004C34002082B003468DF80730064B1B689A
:10F7C4009DF80720012101FA02F21343024A136053
:10F7D40000BF02B0704700BF4C34002000B585B0B4
:10F7E40001900091019B1B881A2B30D01A2B4FDCFF
:10F7F400102B02D0112B24D04AE0FFF795FF019B78
:10F804009B881846FFF72CFF034683F00103DBB205
:10F81400002B05D0204AE5210420F5F74BF837E00A
:10F82400019BDB7B022B0CBF012300238DF80F30DF
:10F83400019B9A889DF80F3018491948F9F76AFD19
:10F8440026E0019B9B881846FFF75AFF20E0019BA6
:10F854009A88019B1B7AC3F30313DBB2012B8CBF81
:10F8640001230023DBB20F490D48F9F753FD019B37
:10F874009A88019B1B7AC3F30313DBB2022B8CBF60
:10F8840001230023DBB208490548F9F743FD00BF13
:10F8940000BF05B05DF804FB949D0300983400207C
:10F8A400503400209C340020A034002000B585B0E2
:10F8B4000346ADF8063000238DF80F30124B5B6C15
:10F8C400BDF8062019461148F9F788FD0346002BB8
:10F8D40013D00D4BDB6CBDF8062019460B48F9F725
:10F8E4007DFD03468DF80E309DF80E30002B01D0BF
:10F8F400022300E001238DF80F309DF80F301846E5
:10F9040005B05DF804FB00BF4C34002050340020E7
:10F9140000B585B00346ADF8063000238DF80F30EE
:10F92400144B5B6CBDF8062019461348F9F756FDD5
:10F9340003468DF80E309DF80E30002B13D00D4B7E
:10F944009B6CBDF8062019460B48F9F747FD0346A2
:10F954008DF80D309DF80D30002B01D0022300E00E
:10F9640001238DF80F309DF80F30184605B05DF86F
:10F9740004FB00BF4C3400205034002000B583B099
:10F984000346ADF80630064B1B6DBDF8062019463C
:10F994000448F9F723FD0346184603B05DF804FB59
:10F9A4004C3400205034002000B583B00346ADF839
:10F9B4000630064B5B6DBDF8062019460448F9F77E
:10F9C4000DFD0346184603B05DF804FB4C340020DB
:10F9D4005034002000B583B00190054B5A6C019B54
:10F9E40004491846F9F723FD019803B05DF804FBB8
:10F9F4004C3400205034002000B583B000238DF82F
:10FA0400073017E09DF807301846FFF7BDFE0346A0
:10FA140083F00103DBB2002B07D09DF807301846B2
:10FA2400FFF7C8FE9DF8073009E09DF80730013361
:10FA34008DF807309DF80730172BE3D918231846A3
:10FA440003B05DF804FB000000B583B003460A462A
:10FA5400ADF8063013468DF805309DF8053018468C
:10FA6400FFF792FE0346002B0ED09DF80530094A9D
:10FA740014339B0013449B68BDF8062019460648BE
:10FA8400F9F7ACFC034600E00023184603B05DF828
:10FA940004FB00BF4C3400205034002000B583B078
:10FAA4000346ADF806300B468DF8053013468DF845
:10FAB40004309DF805301846FFF766FE0346002B18
:10FAC4000ED09DF8053014339B00074A134403F10C
:10FAD40008019DF80430BDF806200448F9F71AFC23
:10FAE40000BF03B05DF804FB4C3400205034002008
:10FAF40000B583B003468DF807309DF807301846EB
:10FB0400FFF742FE0346002B07D09DF80730054A55
:10FB140014339B0013449B6800E00023184603B091
:10FB24005DF804FB4C34002094DF704700BF184696
:10FB340096DF704700BF184697DF704700BF18462E
:10FB440084B001900023039316E0104A039B9B00AA
:10FB540013449A78019B9B789A420AD10B4A039BDF
:10FB640032F82320019B1B889A4202D1084B1B6860
:10FB740008E0039B01330393064B1B68039A9A42E4
:10FB8400E3D30023184604B0704700BF04350020B7
:10FB94001C3800202438002000B583B00190009167
:10FBA4000198FFF7CDFF0346002B01D0002314E09A
:10FBB4000C4B1B68052B0FD80A4B1B680A4A01998A
:10FBC4009B0013440A4610681860064B1B680133F7
:10FBD400044A1360002300E00423184603B05DF8D0
:10FBE40004FB00BF243800200435002000B583B096
:10FBF400002301930EE00D4A019BDB0113447C3387
:10FC04001B68019AD20109490A4410469847019B8E
:10FC140001330193064B1B68019A9A42EBD3054BBF
:10FC240000221A6000BF03B05DF804FB1C350020FD
:10FC3400243800202038002000B5A7B0039002919A
:10FC44001346ADF80630039B93F8C6321A46762362
:10FC540002FB03F3039A13442593259B1846FFF7ED
:10FC64006FFF2490249B002B12D005AB7C22002133
:10FC7400184608F0C7FD01238DF81430BDF806308E
:10FC8400ADF81630029B069305AA249B10469847AC
:10FC940000BF27B05DF804FB00B585B001900B46AA
:10FCA4008DF803301346ADF80030019B93F8C6324B
:10FCB4001A46762302FB03F3019A13440393039B2E
:10FCC4001846FFF73DFF0290029B002B40D0224BC9
:10FCD4001B68052B3CD8204B1B68204ADB011344CE
:10FCE4000233BDF800201A801B4B1B681B4ADB0142
:10FCF4001344039A043311467622184608F050FD43
:10FD04009DF80330002B07D0134B1B68134ADB010B
:10FD1400134400221A7006E00F4B1B680F4ADB01E4
:10FD2400134402221A700C4B1B680C4ADB01134467
:10FD34007C33029A1A60084B1B680133064A13602D
:10FD4400054B1A68064B1B689A4201D1FFF74EFF18
:10FD540000BF05B05DF804FB203800201C350020EE
:10FD64002438002000B585B001900B46ADF8023070
:10FD7400019B93F8C9320133DAB2019B83F8C9229B
:10FD8400019B93F8C9321A46284B1B689A423FD20A
:10FD9400019B002283F8C522019B93F8C6320133EC
:10FDA400DAB2019B83F8C622019B93F8C6321A4645
:10FDB400762302FB03F3019A13440393019B93F804
:10FDC400C63203991A4A9B00134418680860039BBF
:10FDD40000221A71039ABDF8023001211846FFF778
:10FDE400A3FE0290029B002B1DD0019B002283F8EE
:10FDF400C722BDF802301A4602990198FFF71CFF8A
:10FE04000C4B03221A700B4ABDF8023053800AE0EF
:10FE1400019B002283F8C722064B03221A70054A6D
:10FE2400BDF80230538005B05DF804FB243800208F
:10FE3400043500201C35002082B001900091009B05
:10FE44001A89019B93F8C63218460199762300FB60
:10FE540003F30B4408331B889A4201D2012300E0C8
:10FE64000023184602B0704784B0039002910192B7
:10FE74000093019B002B25D1029B1A89039B93F8C5
:10FE8400C63218460399762300FB03F30B44083368
:10FE94001B889A4201D100232AE0029B1B8901336B
:10FEA4009AB2009B1A80039B93F8C6321946039AB0
:10FEB400762301FB03F3134408331A88009B5A800A
:10FEC400012315E0029B1B890133019AD2889342D6
:10FED40001D100230CE0029B1B8901339AB2009BE1
:10FEE4001A80019BDB88013B9AB2009B5A80012354
:10FEF400184604B0704700B587B001900B46ADF8C2
:10FF04000230019B93F8C6321A46762302FB03F3B0
:10FF1400019A13440593019B93F8C532002B21D019
:10FF2400019B93F8C532013B8DF81330019B93F884
:10FF3400C6321A46762302FB03F3019A134405934F
:10FF44009DF813201346DB0013445B000833059A25
:10FF5400134402330393039B1B8901339BB2ADF813
:10FF6400083003E0059BDB88ADF80830059B1B894E
:10FF7400ADF80A3002AABDF8023011461846FFF760
:10FF8400D7FD0346184607B05DF804FB00B58BB0F7
:10FF9400039002911346ADF8063000238DF8233008
:10FFA400039B93F8C6321A46762302FB03F3039AA3
:10FFB40013440693039B93F8C5321A461346DB0099
:10FFC40013445B000833069A134402330993039BDA
:10FFD40093F8C5320133069A1279934209D105ABDD
:10FFE400002209990398FFF73FFF03468DF8233059
:0CFFF4003DE0039B93F8C5328DF82230ED
:020000023000CC
:1000000031E09DF82220069B1B79013B9A4202D1E8
:10001000002307930BE09DF822305A1C1346DB00A7
:1000200013445B000833069A13440233079305AB6D
:10003000079A09990398FFF719FF0346002B03D08D
:1000400001238DF8233014E0079B0993039B93F859
:10005000C5320133DAB2039B83F8C5229DF8223002
:1000600001338DF82230069B1B799DF822209A429D
:10007000C7D39DF8233083F00103DBB2002B04D0FB
:10008000029B01221A7000230AE0029B00221A70D0
:1000900005AABDF8063011461846FFF74FFD034686
:1000A00018460BB05DF804FB00B587B001900091D5
:1000B000019B93F8C6321A46762302FB03F3019A9A
:1000C00013440393009B1A88019BB3F8CA329A42E7
:1000D0003CD1009B5B88002B2AD1009B0633059303
:1000E000039A059B02331B681360039B059A063332
:1000F000063212681A60009B1B8819460198FFF7A8
:10010000FCFE0490049B002B21D0019B002283F86D
:10011000C722009B1B881A4604990198FFF78EFDA1
:100120000C4B03221A70009B1A880A4B5A800EE06F
:10013000009B1B881A4600210198FFF7AFFD009B2A
:100140001B8819460198FFF70FFE00E000BF07B0BB
:100150005DF804FB1C35002000B58DB001900091C6
:1001600000238DF82F30009B1A88019BB3F8CA3208
:100170009A4240F0FA80019B93F8C6321A467623E1
:1001800002FB03F3019A13440893009B5B88002B46
:1001900040F0AF80009B06330793089B1B798DF8D6
:1001A0001B30079B1B888DF81A309DF81B209DF88B
:1001B0001A301344062B08DC089B1A799DF81A3074
:1001C0001344DAB2089B1A7102E0089B06221A71E6
:1001D0009DF81B300A930023099345E008990A9A79
:1001E0001346DB0013445B000B4403F1080107983E
:1001F000099A13469B0013445B00C2188B1C023201
:10020000106851681860596012891A8108990A9A11
:100210001346DB0013445B000B44143300221A80A6
:1002200008990A9A1346DB0013445B000B4416330B
:1002300000221A8008990A9A1346DB0013445B00D7
:100240000B44183300221A8008990A9A1346DB00DF
:1002500013445B000B441A3300221A800A9B0133BB
:100260000A93099B01330993089B1B791A460A9B41
:100270009342B3D30A9B5A1E1346DB0013445B0020
:100280000833089A13440233059305990198FFF740
:10029000D5FD034683F00103DBB2002B03D1089B9D
:1002A0001B79062B03D101238DF82F3024E0089B06
:1002B0001A79019B83F8C522009B1B881946019877
:1002C000FFF71BFE0490049B002B15D0019B00221E
:1002D00083F8C722009B1B881A4604990198FFF7F0
:1002E000ADFC244B03221A70009B1A88214B5A80C4
:1002F0003CE001238DF82F309DF82F30002B35D0B6
:10030000019B002283F8C522009B1A880DF10F0380
:1003100019460198FFF73CFE0490049B002B12D075
:10032000019B002283F8C722009B1B881A46049970
:100330000198FFF783FC0F4B03221A70009B1A8869
:100340000C4B5A8012E09DF80F30002B0ED0009B12
:100350001B881A4601210198FFF7A0FC009B1B880F
:1003600019460198FFF700FD00E000BF0DB05DF8F1
:1003700004FB00BF1C35002000B589B0019000913E
:10038000009B1A88019BB3F8CA329A4240F0D7808A
:10039000019B93F8C6321A46762302FB03F3019AB7
:1003A00013440693009B06330593019B93F8C532D3
:1003B0001A461346DB0013445B000833069A1344C5
:1003C00002330493009B5B88002B70D100230793BA
:1003D00065E00599079A13465B0013445B000B44E4
:1003E00004331B88A3F52453082B45D801A252F8E7
:1003F00023F000BF31040300490403001904030083
:1004000079040300790403007904030079040300EC
:1004100079040300610403000599079A13465B0001
:1004200013445B000B4402331A88049B5A8123E077
:100430000599079A13465B0013445B000B44023393
:100440001A88049B9A8117E00599079A13465B0066
:1004500013445B000B4402331A88049BDA810BE0DF
:100460000599079A13465B0013445B000B44023363
:100470001A88049B1A8200BF049B5B89002B0BD057
:10048000049B9B89002B07D0049BDB89002B03D0A6
:10049000049B1B8A002B09D1079B01330793059B03
:1004A0001B881A46079B934293D300E000BF0023AA
:1004B0008DF80B30019B93F8C5320133069A1279FF
:1004C000934203D101238DF80B3026E0019B93F872
:1004D000C5320133DAB2019B83F8C522009B1A882A
:1004E0000DF10B0319460198FFF752FD0390039B92
:1004F000002B12D0019B002283F8C722009B1B888F
:100500001A4603990198FFF799FB0F4B03221A70C3
:10051000009B1A880C4B5A8012E09DF80B30002B80
:100520000ED0009B1B881A4601210198FFF7B6FBED
:10053000009B1B8819460198FFF716FC00E000BFDE
:1005400009B05DF804FB00BF1C35002084B00190A9
:1005500000230393019B002B01D10E230CE0084BD9
:1005600000221A60074B01221A70074B00221A6002
:10057000064A019B1360039B184604B0704700BFF6
:100580002438002028380020203800201C38002083
:1005900000B583B00190019B002B01D10E230FE029
:1005A000094B1B7883F00103DBB2002B01D0082339
:1005B00006E0064B1B6819460198FFF7EFFA034661
:1005C000184603B05DF804FB283800201C380020D2
:1005D00000B585B001900B46ADF802304FF4337290
:1005E0000021019808F010F9019BBDF80220A3F842
:1005F000CA22244B00221A60019B002283F8C922E0
:10060000019B002283F8C622019B002283F8C522A9
:10061000019B93F8C6321A46762302FB03F3019A34
:1006200013440393019B93F8C6320399164A9B0027
:10063000134418680860039ABDF802300121184677
:10064000FFF774FA0290029B112B0DD0029B002B36
:1006500001D0029B11E0019B012283F8C722019B7C
:10066000002283F8C82207E0019B012283F8C722F9
:10067000019B012283F8C8220023184605B05DF8CB
:1006800004FB00BF203800200435002000B583B0F3
:1006900001900B46ADF80230019B002B01D10E23D7
:1006A0001CE0104B1B7883F00103DBB2002B01D060
:1006B000082313E00C4B1B68002B01D108230DE02D
:1006C000019B93F8C732002B01D0112306E0BDF83F
:1006D000023019460198FFF77BFF0346184603B026
:1006E0005DF804FB283800202438002082B00190F7
:1006F0000091009B1A88019BB3F8CA329A420CD130
:10070000019B002283F8C722019B002283F8C822A4
:10071000019B4FF6FF72A3F8CA2200BF02B07047D8
:1007200000B585B001900091019B002B51D0009B3A
:10073000002B4ED0284B1B7883F00103DBB2002B3B
:1007400047D1009B0393019B1B88332B17D0332B7E
:1007500023DC322B0CD0322B1FDC112B16D0302B8C
:100760001BD1019B043319460398FFF79DFC15E04C
:10077000019B043319460398FFF7EEFC0EE0019B42
:10078000043319460398FFF7F7FD07E0019B043394
:1007900019460398FFF7AAFF00E000BF039B93F8F8
:1007A000C832002B15D0019B1B882F2B11D9019B20
:1007B0001B884F2B0DD8019B9A88039BB3F8CA3234
:1007C0009A4206D1039BB3F8CA3219460398FFF741
:1007D000FFFE05B05DF804FB2838002082B00190D0
:1007E000019B1B781AB2019B01331B781BB21B02C1
:1007F0001BB213431BB29BB2184602B0704700B540
:1008000085B001900198FFF7E9FF0346ADF80E307F
:10081000BDF80E3003F00103002B14BF01230023A9
:10082000DBB2184605B05DF804FB82B00190019B75
:10083000002B14BF01230023DBB2184602B070471F
:10084000024B00221A7000BF704700BF29380020F9
:1008500000B585B00190019B5B88184601F044F813
:1008600003461A46019B9A800023039308E0084A36
:10087000039B52F8233001989847039B013303935D
:10088000039B002BF3D000BF00BF05B05DF804FB55
:10089000A025002082B00190019B9B79012B0BD1F8
:1008A000019B1B79012B07D1019B5B8842F6021249
:1008B000934201D1012300E0002303F00103DBB2E6
:1008C000184602B0704700B589B003460091ADF8F4
:1008D000063003AB00221A605A609A60DA601A612F
:1008E00007238DF80C30BDF80630ADF80E30009BB4
:1008F000059303AB1846FFF7ABFF00BF09B05DF8E7
:1009000004FB000000B58BB00346ADF806300023B1
:100910008DF8273003AB00221A605A609A60DA60C3
:100920001A61BDF80630ADF80E30BDF806304FF64E
:10093000FF72934242D0BDF80630184600F043FCE7
:100940000890089B43F2020293422CD0089B43F28A
:100950000202934220D8089B112B11D0089B112B27
:100960001AD8089B002B03D0089B0B2B0CD013E04C
:100970000E238DF80C3003AB1846FFF769FF13E028
:1009800001238DF827300FE00F238DF80C3003ABD7
:100990001846FFF75DFF07E0BDF8063008991846D6
:1009A000FFF791FF00E000BF064B19789DF8272064
:1009B000BDF806301846FFF773F800E000BF0BB033
:1009C0005DF804FB2C38002000B583B003460A46CE
:1009D000ADF8063013468DF80530064B19789DF8B2
:1009E0000520BDF806301846FFF75AF800BF03B0DF
:1009F0005DF804FB2B38002000B58BB00346ADF842
:100A0000063000238DF8273000238DF82630BDF8FE
:100A10000630184600F064FB0890089B43F202027F
:100A2000934233D0089B43F20202934227D8089B9B
:100A3000862B11D0089B862B21D8089B002B03D036
:100A4000089B112B04D01AE001238DF826301EE0FC
:100A500001238DF827301AE003AB00221A605A6098
:100A60009A60DA601A6106238DF80C30BDF8063002
:100A7000ADF80E3003AB1846FFF7EAFE07E0BDF80D
:100A8000063008991846FFF71EFF00E000BF9DF8EA
:100A90002720BDF8063011461846FFF795FF9DF850
:100AA000263018460BB05DF804FB000000B58BB093
:100AB0000346ADF8063001238DF8273000238DF86A
:100AC0002630BDF80630184600F02AFC0890089B36
:100AD00043F2014293425AD0089B43F201429342AF
:100AE0005BD8089B112B29D8089B112B55D801A244
:100AF00052F823F0490B03009B0B03009B0B0300F0
:100B00009B0B03009B0B03009B0B0300750B030067
:100B10009B0B0300750B03009B0B03009B0B030057
:100B20009B0B03009B0B03009B0B03009B0B030021
:100B30009B0B03009B0B0300A90B0300089B43F2D4
:100B40000202934232D028E003AB00221A605A60BE
:100B50009A60DA601A6110238DF80C30BDF8063007
:100B6000ADF80E3001238DF8263003AB1846FFF7A1
:100B70006FFE1CE000238DF82730BDF806301846C4
:100B800000F0B2FE0346184600F0FEFB0FE0BDF891
:100B900006301846FFF7B6FE09E0BDF806300899A2
:100BA0001846FFF790FE02E000BF00E000BF0B4BCD
:100BB00019789DF82720BDF806301846FEF770FF1B
:100BC000074B19789DF82620BDF806301846FEF729
:100BD00067FF00BF0BB05DF804FB00BF2D3800209D
:100BE0002E38002000B597B003468DF807309DF8E9
:100BF00007301846FEF77EFF03461846FFF715FE3E
:100C00000346002B61D003AB1846FEF7E5FE002338
:100C1000159354E0159B5B0058336B4433F8483C04
:100C2000ADF852309DF80720BDF8523011461846F5
:100C3000FEF70CFF0346002B3ED0254B1B789DF89A
:100C400007209A4205D1BDF852301846FFF75AFEE8
:100C500032E0204B1B789DF807209A4213D10021E7
:100C60001D4803F0AAFD0346002B25D0BDF85230E5
:100C70001846FFF7C1FE0346002B25D10021164878
:100C800003F0BEFD18E0154B1B789DF807209A4233
:100C900012D1134B1A78BDF8523011461846FEF7A0
:100CA000D5FE034683F00103DBB2002B04D0BDF870
:100CB00052301846FFF7FAFE159B01331593039B3C
:100CC000159A9A42A6D300E000BF17B05DF804FB66
:100CD0002C3800202B3800202A3800202D38002006
:100CE0002E38002008B5034B1B781846FFF77AFF13
:100CF00000BF08BD2C38002008B5034B1B781846F0
:100D0000FFF770FF00BF08BD2B38002008B5034B6C
:100D10001B781846FFF766FF00BF08BD2D3800207E
:100D200000B583B00190019B1B78002B15D1019B6E
:100D30005B881846FFF7E6FD019B5B88184600F0CC
:100D4000CBFA0346002B0AD0019B5B88064A117838
:100D500001221846FEF7A4FE01E000BF00E000BF3C
:100D600000BF03B05DF804FB2D38002000B589B04A
:100D70000190019B1B78082B54D1019B5B7A002BBF
:100D800050D1019B1B7A082B42D0082B45DC012B4C
:100D900016D0072B41D1019B9B88184600F048FED6
:100DA0000346ADF81E30BDF81E304FF6FF72934279
:100DB00035D0BDF81E3001211846FFF705FE2EE0A4
:100DC000019B9B8803AA0121184602F0BBFB0690F9
:100DD000069B002B25D1049B1B78002B21D0019B67
:100DE0009B88184600F024FE0346ADF81630BDF887
:100DF00016304FF6FF72934213D00D4B1978BDF8A1
:100E0000163001221846FEF74BFEFFF77FFF08E081
:100E10000021084803F0F4FC04E000BF02E000BF3A
:100E200000E000BFFFF768FF00BF09B05DF804FBFA
:100E30002D3800202A38002008B5FFF701FDFEF705
:100E4000DDFD03461A46184B1A70FEF7D7FD034620
:100E50001A46164B1A70FEF7D1FD03461A46144B7C
:100E60001A70FEF7CBFD03461A46124B1A700E4B52
:100E70001B78182B0BD00D4B1B78182B07D00C4B65
:100E80001B78182B03D00B4B1B78182B01D1032395
:100E900007E00121084803F07AFC084B01221A7090
:100EA0000023184608BD00BF2B3800202C38002036
:100EB0002D3800202E3800202A3800202938002024
:100EC00000B589B00190019B9B88ADF81E30019B55
:100ED0001B88542B0BD0542B4ADC502B37D0522B71
:100EE00046D1BDF81E301846FFF70CFD40E002ABBE
:100EF00000221A605A609A60DA601A6111238DF834
:100F00000830BDF81E30ADF80A30BDF81E30184666
:100F100000F0EAFC0346ADF80C30BDF80C30184682
:100F200000F032FA164B1978BDF81E300022184630
:100F3000FEF7B6FD134B1978BDF81E300022184697
:100F4000FEF7AEFD02AB1846FFF782FC10E0019BF6
:100F500006331846FFF79EFC0346002B07D0BDF86A
:100F60001E3001211846FFF72FFDFFF7C5FE00BF19
:100F7000FFF7B8FEFFF7CAFE00BF09B05DF804FB3B
:100F80002E3800202D38002000B593B000F094F9E1
:100F90006B461846FEF720FD0023ADF8463021E0F1
:100FA000BDF846305B0048336B4433F8443C184688
:100FB00000F09AFC03461A464FF6FF739A420CD192
:100FC000BDF846305B0048336B4433F8443C0B4A71
:100FD000117801221846FEF763FDBDF84630013353
:100FE000ADF84630BDF84620009B9A42D8D3FFF7B3
:100FF0008DFE00BF13B05DF804FB00BF2D3800204C
:10100000A7DF704700BF1846A9DF704700BF18462A
:10101000AADF704700BF1846ABDF704700BF184615
:10102000044B00221A70044B4FF6FF721A8000BF67
:10103000704700BF2F3800203038002000B585B041
:10104000164A01AB92E8030083E80300144B1B88A7
:1010500001A90022184602F064FC039010E0104B36
:101060001B88184602F025FC03461A460C4B1A80D2
:101070000B4B1B8801A90022184602F052FC03907A
:10108000074B1B884FF6FF72934202D0039B112B34
:10109000E5D100BF05B05DF804FB00BFF49D03007F
:1010A0003038002000B583B00190064B1B884FF606
:1010B000FF72934201D0FFF7C1FF00BF03B05DF89C
:1010C00004FB00BF3038002008B5FFF7A9FF034B31
:1010D00001221A700023184608BD00BF2F380020D7
:1010E00000B58BB00346ADF80630BDF806301846A3
:1010F00000F0FAFB0346ADF81E30BDF81E304FF687
:10110000FF72934202D143F2020358E00123ADF88B
:10111000223000238DF8213000238DF82130BDF8D6
:1011200022305A1CADF822201A4603ABBDF81E002F
:10113000082102F01DFA0990099B002B35D1049B70
:101140000693069B03221A60069B991D069B1A1D97
:10115000069B1B68BDF80600FFF75AFF0990099B24
:10116000002B09D1BDF81E20BDF81E3008211846FD
:1011700002F06CFB09901DE0099B0C2B03D10123AD
:101180008DF8213004E0099B052B01D10023099340
:10119000BDF81E300821184602F0CCFA0590059BD8
:1011A000002B07D00323099304E0099B072B01D1EF
:1011B0000C2309939DF82130002BADD1099B1846D3
:1011C0000BB05DF804FB00B58BB00346ADF80630FC
:1011D000BDF80630184600F087FB0346ADF8143022
:1011E000002308930023ADF81E3003230693012348
:1011F0008DF81730BDF814304FF6FF72934216D0B9
:1012000002AABDF814300821184602F09BF9099093
:10121000099B002B0BD1039B0493049B063308937B
:10122000049B9B88ADF81E30049B1B680693BDF899
:101230001E20BDF80600069B0899FFF7E5FE099001
:10124000099B042B02D11123099324E0099B082B4D
:1012500002D1002309931EE0099B0B2B1BD1002315
:101260008DF81730069B03F00203002B02D00123F8
:10127000069310E0089B002B03D1BDF81E30002B15
:1012800007D0002308930023ADF81E3003230693F4
:1012900001E003230993099B0B2BC8D09DF817305D
:1012A00083F00103DBB2002B01D00B230993099BD0
:1012B00018460BB05DF804FB08B54FF6FF7002F05E
:1012C000F8FA03461A46034B1A80FFF7B7FE00BF31
:1012D00008BD00BF3038002000B589B00346ADF826
:1012E00006300DF117030493BDF80630184600F0E0
:1012F000FBFA0346ADF81E3003AABDF81E300121EB
:10130000184602F01FF90690069B002B01D000231F
:1013100001E0049B1B78184609B05DF804FB00004F
:1013200000B585B00346ADF806304FF6FF73ADF853
:101330000E301448FFF770FE0290029B002B01D084
:1013400003231AE00F4B1988BDF80E20BDF80630B4
:101350001846FFF755FE0290029B43F203029342A8
:1013600005D1084B1B8801339AB2064B1A80029BA9
:1013700043F203029342E5D0029B184605B05DF8A4
:1013800004FB00BF3238002000B585B00346ADF83D
:101390000630084A02AB92E8030083E8030002A982
:1013A000BDF806300022184602F0BBFA00BF05B0B7
:1013B0005DF804FBFC9D03006EDF704700BF18461C
:1013C0006FDF704700BF184643DF704700BF184605
:1013D00082B00D4B18221A70002301930DE00B49C7
:1013E000019A13465B0013449B000B4402334FF6F3
:1013F000FF721A80019B01330193019B132BEED9DD
:1014000000BF00BF02B070472839002038380020E4
:1014100000B585B001900023039308E0084A039BC0
:1014200052F8233001989847039B01330393039BA1
:10143000012BF3D900BF00BF05B05DF804FB00BF6E
:101440000C9E030000B583B0002301931AE01149FC
:10145000019A13465B0013449B000B4402331B8824
:101460000D4A127811461846FEF7F0FA034683F04B
:101470000103DBB2002B02D0019BDBB206E0019B33
:1014800001330193019B132BE1D9FF23184603B0CD
:101490005DF804FB383800202839002000B585B0FD
:1014A0000346ADF80630144B1A78BDF806301146E5
:1014B0001846FEF7CBFA0346002B18D000230393FF
:1014C00012E00E49039A13465B0013449B000B4441
:1014D00002331B88BDF806209A4202D1039BDBB27F
:1014E00006E0039B01330393039B132BE9D9FF23EE
:1014F000184605B05DF804FB283900203838002074
:1015000000B585B003460091ADF80630FF238DF895
:101510000F30009B002B49D0BDF806304FF6FF720C
:10152000934243D0244B1978BDF806300122184667
:10153000FEF7B6FABDF806301846FFF7AFFF0346D0
:101540008DF80F309DF80F30FF2B04D1FFF77AFF95
:1015500003468DF80F309DF80F30FF2B26D09DF8F5
:101560000F20164913465B0013449B000B440233C3
:10157000BDF806201A809DF80F20104913465B0025
:1015800013449B000B444FF6FF721A809DF80F2006
:101590000A4913465B0013449B000B44009A043332
:1015A000106818609188927999809A719DF80F302F
:1015B000184605B05DF804FB2839002038380020B3
:1015C00084B00190002303930AE0019A039B134423
:1015D0001B78002B01D0012306E0039B013303930A
:1015E000039B0F2BF1D90023184604B0704700B5B8
:1015F00083B001900091019B002B02D0009B002B37
:1016000001D100231BE0019B1B78C3F34603DAB230
:10161000009B1B78C3F34603DBB29A4201D0002340
:101620000DE0019B581C009B01330622194607F070
:101630007DF80346002B0CBF01230023DBB21846C4
:1016400003B05DF804FB30B599B00190019B1B8895
:10165000102B40F08780019B0AAC1D1D0FCD0FC4DD
:101660000FCD0FC40FCD0FC42B6823604FF6FF734F
:10167000ADF85E309DF82C3023F00103DBB2062B71
:1016800047D001F071FA9DF82C30C3F34603DBB26A
:10169000012B02DC002B15DA3BE0022B2ED038E0C8
:1016A000089B03F111020AAB043311461846FFF7F9
:1016B0009EFF0346002B05D0BDF82630ADF85E3006
:1016C00000BF26E007AA0DF126031946072001F006
:1016D00055FA0346002BE3D11BE0089B5A1C0AABCA
:1016E00004331146184600F07AFC0346002B05D05F
:1016F000BDF82630ADF85E3000BF09E007AA0DF155
:1017000026031946072001F039FA0346002BE4D1DD
:1017100000BFBDF828200AAB043319461046FFF776
:10172000EFFE03468DF85D30BDF85E304FF6FF7278
:10173000934218D0BDF82830BDF85E2011461846F7
:1017400000F0E4F9BDF82830ADF80A30BDF85E309D
:10175000ADF80C3000238DF8083002AB1846FFF7C7
:1017600057FE00E000BF19B030BD00B587B0019052
:101770000091019B11330593009B11330493019B4E
:10178000581C009B01331022194606F0CFFF034678
:10179000002B11D1019B01331846FFF711FF0346BF
:1017A000002B09D0009B01331846FFF709FF0346C1
:1017B000002B01D0012300E000238DF80F309DF8AD
:1017C0000F3003F001038DF80F3004990598FFF7EF
:1017D0000EFF03468DF80E30059B1B7823F00103A6
:1017E000DBB2042B16D0059B1B7823F00103DBB280
:1017F000062B0FD0049B1B7823F00103DBB2042BD4
:1018000008D0049B1B7823F00103DBB2062B01D028
:10181000012300E000238DF80D309DF80D3003F01A
:1018200001038DF80D309DF80E30002B03D09DF88C
:101830000D30002B0AD19DF80F30002B08D09DF8F9
:101840000D3083F00103DBB2002B01D0012300E057
:10185000002303F00103DBB2184607B05DF804FB78
:1018600000B587B001900B46ADF8023001F07CF96D
:1018700010E0BDF81630BDF802209A420AD0049B51
:1018800019460198FFF771FF0346002B02D0BDF8FF
:1018900016300BE003AA0DF116031946072001F0DC
:1018A0006DF90346002BE4D14FF6FF73184607B0DD
:1018B0005DF804FB08B5FFF78BFDFEF79FF80346C4
:1018C0001A46074B1A70064B1B78182B01D10323BD
:1018D00003E0044B01221A700023184608BD00BF24
:1018E000283900203438002000B585B00346ADF813
:1018F0000630BDF806301846FFF7D0FD03468DF8D8
:101900000F309DF80F30FF2B09D09DF80F200749AD
:1019100013465B0013449B000B441B8801E04FF609
:10192000FF73184605B05DF804FB00BF383800208F
:1019300000B585B003460091ADF80630BDF806301D
:101940001846FFF7ABFD03468DF80F309DF80F30BA
:10195000FF2B12D09DF80F2000980A4913465B0018
:1019600013449B000B4402460433186810609988A6
:101970009B7991809371002300E00523184605B000
:101980005DF804FB3838002000B583B00190009169
:10199000019800F077F8034683F00103DBB2002BD7
:1019A00001D0002315E0019B1A88009B1B889A42F6
:1019B00001D000230DE0019B981C009B02330822FC
:1019C000194606F0B3FE0346002B0CBF012300238B
:1019D000DBB2184603B05DF804FB00B587B0019098
:1019E00001F0C2F814E0049B463319460198FFF752
:1019F000CBFF0346002B08D1049B2A3319460198DC
:101A0000FFF7C2FF0346002B02D0BDF816300BE0F3
:101A100003AA0DF116031946072001F0AFF803469B
:101A2000002BE0D14FF6FF73184607B05DF804FBBA
:101A300084B00346ADF806300023039318E0104944
:101A4000039A13465B0013449B000B441B88BDF8AC
:101A500006209A4209D10A49039A13465B001344AF
:101A60009B000B4402331B8807E0039B0133039365
:101A7000039B132BE3D94FF6FF73184604B070474E
:101A80003838002084B00190019B1B88002B01D0C6
:101A9000012312E0002303930BE0019A039B1344FC
:101AA00002331B78002B01D0012306E0039B013396
:101AB0000393039B072BF0D90023184604B070470B
:101AC00000B585B003460A46ADF806301346ADF8BA
:101AD0000430BDF806301846FFF7E0FC03468DF8E9
:101AE0000F309DF80F30FF2B0AD09DF80F200649CC
:101AF00013465B0013449B000B44BDF804201A807E
:101B000000BF05B05DF804FB3838002000B583B095
:101B100003460A46ADF806301346ADF80430BDF86A
:101B20000420BDF8063011461846FFF7C9FF00BF74
:101B300003B05DF804FB00B585B00346ADF8063090
:101B4000BDF806301846FFF773FF0346ADF80E30B8
:101B5000BDF80630184601F0A9FC0290BDF80E3021
:101B60004FF6FF72934209D0029B002B06D1BDF8BD
:101B70000E304FF6FF711846FFF7A2FF029B184682
:101B800005B05DF804FB10B5A0B00390029101927E
:101B900000935023059300238DF87F3000238DF8A8
:101BA0007E30019B002B01D1229B002B019B002B3F
:101BB00008D0009B002B05D001238DF87F30009BBF
:101BC00000221A60229B002B08D0239B002B05D0FB
:101BD00001238DF87E30239B00221A6006AB082279
:101BE0000021184606F010FE08AB079300231E9351
:101BF0005DE008AB50220021184606F005FE1E9B52
:101C00005B00039A1344188805AB06AA072100F06D
:101C100049FF1D901D9B052B02D01D9B072B01D159
:101C2000052349E09DF83130C3F34603DBB28DF85C
:101C300073309DF87330002B06D09DF87330012B64
:101C400002D043F2022337E09DF87F30002B13D0FF
:101C50001E9A1346DB009B1A019A13441A460DF193
:101C600031031968116099889B7991809371009B69
:101C70001B685A1C009B1A609DF87E30002B13D005
:101C80001E9B1B01229A13441A460DF121031C6866
:101C900058689968DB68146050609160D360239B3A
:101CA0001B685A1C239B1A601E9B01331E931E9AAD
:101CB000029B9A429DD30023184620B010BD30B538
:101CC000D5B054ABA3F5A673186054ABA3F5A873B5
:101CD000196054ABA3F5A6731B68002B05D054AB59
:101CE000A3F5A8731B68002B06D100220021002059
:101CF000FFF766FB034682E03AAB4F9354ABA3F584
:101D0000A27350221A600CABB8220021184606F0CC
:101D10007BFD0023539310E00CA9539A13465B00FC
:101D20001344DB009B1A194454ABA3F5A073539AD8
:101D300043F82210539B01335393539B072BEBD94A
:101D40000023529349E03AAB50220021184606F096
:101D50005BFD529B5B0054AAA2F5A6721268134465
:101D6000188803AB4EAA072100F09CFE5190519BAE
:101D7000052B02D0519B072B01D105233FE09DF895
:101D8000F930C3F34603DBB28DF843319DF843319C
:101D9000002B06D09DF84331012B02D043F20223E1
:101DA0002DE00CA9529A13465B001344DB009B1AEA
:101DB0000B441A460DF1E90319685D689C68D86800
:101DC000116055609460D06019691161998A9B7D9A
:101DD00091829375529B0133529354ABA3F5A87330
:101DE000529A1B689A42AED354ABA3F5A8731B68F2
:101DF000DAB204AB00211846FFF7E2FA03461846B0
:101E000055B030BD00B587B00590049103920293A0
:101E1000059B002B01D1039B002B049B002B01D1C0
:101E2000029B002B049B002B06D0124B1B781A46FA
:101E3000049B1B689A4209D8029B002B08D00D4BCB
:101E40001B781A46029B1B689A4201D904230CE0B6
:101E5000084B1B781946029B0193039B0093049B3C
:101E6000059A0548FFF78FFE0346184607B05DF850
:101E700004FB00BF293900202C39002000B59FB099
:101E800003900291102200212A4806F0BDFC039B1A
:101E9000002B02D0029B002B08D1274B00221A7086
:101EA00000210020FFF788FA03463FE0029BDAB2E8
:101EB000214B1A70029B5B001A4603991D4806F0DD
:101EC00071FC00231B9305AB38220021184606F055
:101ED0009BFC1BAB05AA00210191002100910299F6
:101EE0000398FFF750FE1C901C9B002B01D01C9BFD
:101EF0001CE000231D930EE005A91D9A1346DB008C
:101F00009B1ACA181D9B9B0078336B4443F82C2CFA
:101F10001D9B01331D931D9B072BEDD9029BDAB24C
:101F200013AB11461846FFF747FA034618461FB091
:101F30005DF804FB2C3900202939002000B595B04C
:101F4000039002910192002313930DE0139BC3F1C0
:101F50000F03039A1344197805AA139B13440A46E6
:101F60001A70139B01331393139B0F2BEED905AB00
:101F700010330D220021184606F046FC0023129370
:101F80000DE0029A129B1A44129BC3F10F031278C0
:101F900050336B4403F82C2C129B01331293129B89
:101FA000022BEED905AB1846FFF70EFA002311936A
:101FB0000DE0119BC3F10F020199119B0B445032AC
:101FC0006A4412F81C2C1A70119B01331193119B57
:101FD000022BEED900BF00BF15B05DF804FB00B5C1
:101FE00087B001900091019B1B7823F00103DBB2C5
:101FF000042B01D000231FE0019B5A1C05AB118864
:10200000927819809A70019B1A1D03AB11889278FF
:1020100019809A70009B04AA03A91846FFF78EFF47
:1020200004A905AB0322184606F080FB0346002BEB
:102030000CBF01230023DBB2184607B05DF804FB98
:1020400090DF704700BF18469EDF704700BF1846FC
:10205000ADDF704700BF184682B00190019B172288
:102060001A80019B17225A80019B00221A71019B42
:1020700000225A71019B1B229A71019B1B22DA716B
:1020800000BF02B07047000000B587B00346009162
:10209000ADF80630BDF80630009ADB0013441B7B18
:1020A000ADF80C30BDF80630009ADB0013441B7B02
:1020B000ADF80E300023ADF810300023ADF812302B
:1020C00003A9BDF8063000221846FFF7B9FF0590B6
:1020D000059B002B0AD0074B1B881B0443F0010013
:1020E000BDF80620059B0449F1F767FE00BF07B065
:1020F0005DF804FBB0210020209E030000B587B0EE
:1021000001900091009B9B88ADF81630BDF8163009
:10211000DB00019A134406330493019B1A79049B54
:102120009A71009BDB7B012B02D0022B05D009E0CA
:10213000019B1A88049B1A8004E0019B5A88049B27
:102140001A8000BF049B1A88049B5B889A4220D99E
:10215000049B1A88BDF8163011461846FFF774FF25
:102160000390039B002B03D1049B01225A7110E0C2
:10217000039B112B03D1049B01221A7109E00D4B23
:102180001B881B0443F00103039A0B491846F1F71F
:1021900003FE049B9A79049BDB799A4205D9BDF82A
:1021A000163001991846FFF76FFF00BF07B05DF8C2
:1021B00004FB00BFB0210020809E030000B583B067
:1021C00001900091009B9B88DB00019A1344063329
:1021D0001846FFF741FF00BF03B05DF804FB00B5F0
:1021E00087B001900091009B9B88ADF81630009B52
:1021F0005B89ADF81430BDF81630DB00019A13444A
:1022000006330493049B1B88BDF81420934228BF17
:1022100013469AB2049B5A80049B5B88172B38BFE5
:1022200017239AB2049B5A80019B1B69002B15D07F
:10223000049B5B79002B11D040F67723ADF8083072
:10224000BDF81630ADF80A30049B5B88ADF80C3051
:10225000019B1B6902AA114601989847049B002222
:102260005A71049B00221A7100BF07B05DF804FB8D
:1022700000B589B001900091009B9B88ADF81A30A1
:10228000009BDB88ADF81830BDF81A30DB00019AEE
:10229000134406330593BDF81830172B38BF1723A6
:1022A000ADF81830059B1B88BDF81820934228BF55
:1022B00013469AB2059B5A80059B00221A71059B12
:1022C0001A88BDF81A3011461846FFF7C1FE07906C
:1022D000079B002B09D0144B1B881B0443F0010300
:1022E000079A12491846F1F757FD059B5B79002BB9
:1022F00016D1019B1B69002B13D040F67723ADF854
:102300000C30BDF81A30ADF80E30059B5B88ADF887
:102310001030019B1B6903AA11460198984700E001
:1023200000BF09B05DF804FBB0210020C49E03008B
:1023300030B593B001900091009B04AC1D1D0FCDF2
:102340000FC40FCD0FC40FCD0FC42B682360BDF891
:102350001030ADF84630BDF81420BDF84630D1B28B
:10236000019ADB0013440A465A73019B1B69002B38
:1023700019D002AB00221A609A804DF67A23ADF88C
:102380000830BDF84630ADF80A30BDF84630019A45
:10239000DB0013445B7B8DF80C30019B1B6902AAA8
:1023A00011460198984700BF13B030BD00B58BB0FF
:1023B00001900091009B04330793079B1B88DB006F
:1023C000019A134406330693079B9B888DF81730B8
:1023D000069B9B799DF81720934228BF13468DF8E2
:1023E000273003AB00221A605A609DF827309BB259
:1023F000ADF80C309DF827309BB2ADF80E30079B3E
:102400001B8803A900221846FFF71AFE0890089BB4
:10241000002B09D0064B1B881B0443F00103089ACC
:1024200004491846F1F7B8FC00BF0BB05DF804FB97
:10243000B0210020089F030000B585B001900091F5
:10244000019B002B01D10E231DE0019B009A1A6114
:10245000019B17221A80019B17225A80019B1B2285
:102460001A71002303930AE0039BDB00019A1344D3
:1024700006331846FFF7F0FD039B01330393039BDC
:10248000002BF1D00023184605B05DF804FB0000D6
:1024900000B587B001900091009B0593019B9B883C
:1024A000ADF81230BDF81230002B40F09280019B45
:1024B0001B88552B48D0552B55DC242B32DC102B98
:1024C00051DB103B142B4ED801A252F823F000BF71
:1024D0002B2503003525030067250300672503002E
:1024E00067250300672503006725030067250300B0
:1024F00067250300672503006725030067250300A0
:10250000672503006725030067250300672503008F
:102510006725030067250300672503005D25030089
:10252000532503003A2B0AD01DE001990598FFF7C7
:10253000E5FD19E001990598FFF740FE14E00199C7
:102540000598FFF74CFE0FE001990598FFF790FE04
:102550000AE001990598FFF7EBFE05E0019905985F
:10256000FFF724FF00E000BFBDF81230059ADB0042
:1025700013449B7A002B2DD0BDF81230059ADB0056
:102580001344DA88BDF8123011461846FFF75CFD97
:102590000390039B002B0ED1BDF81230059ADB008F
:1025A000134400229A72BDF81230059ADB001344DE
:1025B0000122DA720EE0039B112B0BD0074B1B8814
:1025C0001B0443F00103039A05491846F1F7E4FBA5
:1025D00000E000BF07B05DF804FB00BFB0210020A1
:1025E000809E030000B585B00190019B4FF6FF72FD
:1025F0005A800023039305E0064B01989847039BFC
:1026000001330393039B002BF6D000BF00BF05B03E
:102610005DF804FBA533030082B00346ADF8063035
:10262000BDF80630A3F580439BB2184602B0704750
:1026300082B00346ADF80630BDF8063003F580439E
:102640009BB2184602B0704782B003468DF807303F
:102650009DF807309BB2A3F580439BB2184602B0A9
:10266000704782B00346ADF80630BDF80630DBB2E5
:10267000184602B0704782B00346ADF80630BDF888
:102680000630B3F5404F07D3BDF806304FF6FF7262
:10269000934201D0012300E0002303F00103DBB2E9
:1026A000184602B0704782B00346ADF80630BDF858
:1026B0000630B3F5404F07D3BDF806304FF6FF7232
:1026C000934201D0012300E0002303F00103DBB2B9
:1026D000184602B0704782B003468DF807309DF867
:1026E0000730072B13D09DF80730012B0FD09DF832
:1026F0000730082B0BD09DF80730052B07D09DF82D
:102700000730062B03D09DF80730042B01D101239D
:1027100000E0002303F00103DBB2184602B070476B
:1027200000B589B003460091ADF8063003AB002236
:102730001A605A609A60DA601A6107238DF80C30CB
:10274000BDF80630ADF81030009B059303AB18467A
:10275000FFF748FF00BF09B05DF804FB00B589B082
:1027600001AB08220021184606F04EF84FF6FF7024
:1027700001F044FA0346ADF81E300CE0BDF81E30FF
:10278000184601F08DF9BDF81E30184601F036FAF2
:102790000346ADF81E30BDF81E304FF6FF7293426F
:1027A0000ED0BDF81E301846FFF736FF0346184618
:1027B00001AA03AB1946F5F7C0F803460A2BDDD092
:1027C0001A4B1B7883F00103DBB2002B29D0BDF834
:1027D0001E304FF6FF72934223D0144B01221A7021
:1027E000BDF81E301846FFF717FF0346ADF81C3042
:1027F000BDF81C301846F5F70FF80690069B082B1D
:1028000003D10B4B01221A700BE0069B002B08D062
:10281000064B00221A70BDF81E3006991846FFF7C5
:102820007FFF00BF09B05DF804FB00BF3E39002008
:102830003D39002000B587B003460092ADF8063060
:102840000B468DF805309DF805301846FFF743FF1D
:1028500002AB08220021184605F0D6FFBDF806306D
:102860001846FFF7D9FE0346ADF816309DF805303F
:102870001846FFF7E9FE0346ADF8143002ABBDF889
:102880001410BDF81600009AF5F72EF80490049B7A
:10289000002B01D0052300E00023184607B05DF8A7
:1028A00004FB00B589B06B4608220021184605F0EC
:1028B000ABFF0720FFF7C8FE0346ADF81E3016E059
:1028C00002AA04AB11461846F4F774FE029B9B88DB
:1028D0001846FFF7ADFE0346ADF81C3004AB1846B2
:1028E000F4F7A4FEBDF81C30184601F0A1F86A46C2
:1028F00004A9BDF81E301846F5F70CF80346002B66
:10290000DED000BF00BF09B05DF804FB00B589B0A0
:10291000019003AB00221A605A609A60DA601A6173
:10292000019B9B891846FFF783FE0346ADF81030E4
:10293000019B1B78052B6FD0052B79DC032B02DC68
:10294000002B03DC74E0042B3DD071E0019B9B89DC
:102950001846FFF790FE0346002B07D1019BDB8949
:102960001846FFF7A0FE0346002B63D0019BDB89CE
:102970001846FFF776FE03468DF81430019B1B784E
:10298000032B0CBF01230023DBB28DF81530019B14
:102990009B680693019B5B68002B09D108238DF887
:1029A0000C309DF81C3043F001038DF81C3005E01D
:1029B00009238DF80C30019B5B68079303AB184625
:1029C000FFF710FE36E0019B9B891846FFF753FE88
:1029D0000346002B30D0019BDB89002B2CD1019BBF
:1029E0005B68002B08D10A238DF80C30BDF810303D
:1029F000184601F055F802E00B238DF80C30154B0A
:102A000000221A70144B00221A70FFF7A7FE03ABC6
:102A10001846FFF7E7FD0FE013238DF80C304FF653
:102A2000FF73ADF8103003AB1846FFF7DBFD04E091
:102A300000BF02E000BF00E000BF064B1B78002B88
:102A400004D0044B00221A70FFF788FE00BF09B0C3
:102A50005DF804FB3D3900203E39002000B583B00D
:102A60000E48F4F7A9FC0190019B002B01D0032331
:102A70000FE0F4F70FFD0190019B002B01D086239E
:102A800007E000F06DFFFFF70CFF054B01221A7005
:102A90000023184603B05DF804FB00BF0D290300B6
:102AA0003C39002000B58DB0029201930346ADF889
:102AB0000E300B468DF80D30BDF80E30FF2B01D9CE
:102AC00007234DE09DF80D301846FFF704FE03463E
:102AD00083F00103DBB2002B01D0072340E007AAFB
:102AE0009DF80D10BDF80E301846FFF7A3FE0B90B1
:102AF0000B9B002B01D0052332E005AA07AB114642
:102B00001846F4F757FD0B900B9B002B01D00523C3
:102B100026E0029B9DF80D209A70059B5A88029B27
:102B20001A80019B002B03D1069A029B5A6012E087
:102B3000029B1B889B000A93019B1B680A9A9A427E
:102B400007D8029B5B6806990A9A184605F02AFE88
:102B500001E0042304E007AB1846F4F767FD002307
:102B600018460DB05DF804FB08B5082200210248A4
:102B700005F04AFE00BF08BD4039002000B58DB009
:102B80000346029101928DF80F309DF80F301846E0
:102B9000FFF7A1FD034683F00103DBB2002B01D058
:102BA000012338E09DF80F301846FFF74DFD03462E
:102BB000ADF82E3007A9BDF82E30194A1846F4F7A3
:102BC000A9FE0346002B01D0002324E005AA07AB91
:102BD00011461846F4F7EEFC0A900A9B002B01D030
:102BE000002318E0019B9DF80F209A70059B5A88DE
:102BF000019B1A80069A019B5A60059B9B88184688
:102C0000FFF716FD03461A46029B1A8007AB1846CB
:102C1000F4F70CFD012318460DB05DF804FB00BF6E
:102C20004039002000B585B001900091019B9B7850
:102C30001846FFF750FD034683F00103DBB2002B7B
:102C400001D007231AE0019B1B8819460098F4F76E
:102C500035FD0390039B092B0BD0039B092B0CD84C
:102C6000039B002B03D0039B072B04D005E000231C
:102C700004E0092302E0862300E00323184605B0A0
:102C80005DF804FB00B585B0019001AB1846F4F780
:102C900045FD0390039B002B01D0032300E000239C
:102CA000184605B05DF804FB00B58DB002910192A5
:102CB00000930346ADF80E30BDF80E30FF2B01D95E
:102CC000072382E0029B9B781846FFF704FD03462A
:102CD00083F00103DBB2002B01D0072375E0BDF8C0
:102CE0000E301846FFF798FC0346ADF82030029BE3
:102CF0009B781846FFF7A8FC0346ADF82230029BEC
:102D00005B680993029B1B880A93029B997805AA2A
:102D1000BDF80E301846FFF78DFD0B900B9B052B71
:102D200012D1019B002B07D108AA05AB114618460A
:102D3000F4F73AFD0B9015E001AA08A905AB184677
:102D4000F4F741FD0B900DE0019B002B03D001AB8C
:102D50001846F4F7E3FC08AA05AB11461846F4F749
:102D600047FD0B900B9B0E2B2ED801A252F823F09F
:102D7000AD2D0300C92D0300C92D0300C92D03008B
:102D8000C92D0300C92D0300C92D0300C52D030063
:102D9000C12D0300C92D0300C92D0300C92D030057
:102DA000C92D0300C92D0300C12D0300009B002B7A
:102DB00004D005AB00991846F4F7D2FD002304E0D7
:102DC000112302E0862300E0032318460DB05DF8CE
:102DD00004FB00BF08B54FF6FF7000F029FE034664
:102DE000184608BD00B583B00346ADF80630BDF8FF
:102DF0000630FF2B01D9072307E0BDF8063018463F
:102E000000F028FEFFF7AAFC0023184603B05DF887
:102E100004FB00B583B00346ADF80630BDF80630BC
:102E2000184600F057FE0346184603B05DF804FB51
:102E300000B583B00346ADF80630BDF8063018463D
:102E400000F0A8FE0346184603B05DF804FB00B589
:102E500083B00346ADF80630BDF80630184600F0E2
:102E6000CDFE0346184603B05DF804FB82B0019026
:102E7000019B4FF6FF721A80019BFF229A70019B03
:102E8000FF225A73019A937B23F002039373019AF2
:102E9000937B23F001039373019B00221A73019B20
:102EA00000225A60019B00229A6000BF02B0704766
:102EB00084B003460091ADF80630009B1B68039375
:102EC00013E00D4A039B1B0113441B88BDF8062029
:102ED0009A4207D1009B039A1A60039B1B01064A82
:102EE000134406E0039B01330393039B012BE8D9B2
:102EF0000023184604B070475C39002000B585B047
:102F000003460A46ADF8063013468DF80530002317
:102F1000029302AABDF8063011461846FFF7C8FF13
:102F200003900AE0029B0133029302AABDF8063027
:102F300011461846FFF7BCFF0390039B002B17D0E8
:102F4000039B9B789DF805209A42EBD1039B9B7BCA
:102F500003F00203DBB2002BE4D1039B9B7B03F065
:102F60000103DBB2002BDDD1039B9B68002BD9D181
:102F7000039B184605B05DF804FB000084B0019087
:102F80000023039310E00C4A039B1B0113440833F6
:102F90001B68019A9A4204D1039B1B01064A134401
:102FA00006E0039B01330393039B012BEBDD00231E
:102FB000184604B0704700BF5C39002008B5FF21F7
:102FC0004FF6FF70FFF79AFF0346184608BD000052
:102FD00000B585B00190002303930CE0019B5A7B60
:102FE000039BDBB21344DBB21946094801F06AFBCC
:102FF000039B01330393019B1B7B1A46039B934264
:10300000ECD30198FFF732FF00BF05B05DF804FB79
:103010004C39002000B583B001900B46ADF802306A
:1030200013468DF80130019B002B13D0FFF7C6FF2C
:103030000246019B1A60019B1B68002B0CD0019B70
:103040001B68BDF802201A80019B1B689DF80120B7
:103050009A7002E000BF00E000BF03B05DF804FB1F
:1030600000B585B001900023039308E0084A039B54
:1030700052F8233001989847039B01330393039B35
:10308000032BF3D900BF00BF05B05DF804FB00BF00
:10309000509F030000B583B00023019309E0019B1A
:1030A0001B01084A13441846FFF7E0FE019B013359
:1030B0000193019B012BF2D900BF00BF03B05DF863
:1030C00004FB00BF5C39002086B0039001921A46D1
:1030D0000B468DF80B301346ADF80830BDF80830BC
:1030E0001A46920013441B01ADF81630039B9DF85D
:1030F0000B209A70039B019A5A60BDF81630033377
:103100009B109AB2039B1A8000BF06B0704700B5AF
:1031100085B00390019200930B468DF80B30009B15
:103120009BB29DF80B10019A0398FFF7CDFF00BFEB
:1031300005B05DF804FB000082B00190019B9B7814
:10314000013B072B27D801A252F823F07531030069
:103150009731030097310300973103009731030043
:103160007D3103006D31030085310300019B142282
:103170001A8011E0019B01221A800DE0019B0122BF
:103180001A8009E0019B5B689B8809339B089AB20F
:10319000019B1A8000E000BF00BF02B0704700BF73
:1031A00000B587B001900023059302AB00221A609E
:1031B0005A60019B9B788DF80A30019B5B7B194616
:1031C0003D4801F04DFA0490049B002B01D10323EC
:1031D0006DE0019B9978019B1B7B02A8049AFFF785
:1031E00096FF02AB1846FFF7A7FF019B1888019BCB
:1031F0005A68019B083302A9FFF756FD0590019B11
:103200009B7B03F00203DBB2002B0BD0019B9B7B6B
:1032100003F00103DBB2002B04D0284B1B68013BF9
:10322000264A1360059B862B2CD0059B862B39D80C
:10323000059B112B14D0059B112B33D8059B002B1C
:1032400003D0059B072B30D02CE0019A937B23F011
:1032500002039373019A937B23F00103937325E098
:10326000164B1B680133154A1360019A937B43F098
:1032700002039373019A937B23F00103937300235A
:10328000059313E00D4B1B6801330C4A1360019A40
:10329000937B23F002039373019A937B43F0010322
:1032A000937303E00323059300E000BF059B1846DA
:1032B00007B05DF804FB00BF4C3900207C390020CA
:1032C00000B589B001900198FFF76AFF0790079B4E
:1032D000002B19D04FF6FF73ADF80A30019B1B8805
:1032E000ADF80C30079B862B03D106238DF80830F0
:1032F00004E007238DF80830079B049302AB1846BF
:10330000FFF7AEFE002300E00123184609B05DF888
:1033100004FB000000B585B003468DF807301F4B55
:103320001B68002B34D0002303932DE01C4A039B21
:103330001B01134408339B79C3F34003DBB2002B1A
:103340000ED1174A039B1B01134408339B79C3F327
:103350000003DBB2002B14D09DF80730002B10D0F7
:10336000039B1B010E4A13441846FFF7A9FF0346AF
:103370008DF80B309DF80B3083F00103DBB2002B8E
:1033800008D1039B01330393039B012BCED902E0A9
:1033900000BF00E000BF05B05DF804FB7C390020F1
:1033A0005C39002000B585B0019001238DF80F3005
:1033B00000238DF80E30019BDB681846FFF7DEFD19
:1033C0000290019B1B78132B29D0132B2BDC082B8D
:1033D00002D0092B0BD026E0019B5B7A002B24D175
:1033E000029B002B21D00298FFF7F2FD1DE0019B0C
:1033F0005B7A002B1BD1029B002B18D0144B1B684F
:103400000133134A1360029B00229A60029A937B55
:1034100043F00203937300238DF80F3007E001237C
:103420008DF80E3004E000BF02E000BF00E000BFF6
:103430009DF80F30002B02D00198FFF711FE9DF888
:103440000E301846FFF766FF00BF05B05DF804FBBD
:103450007C39002000B587B0FFF71CFE5023029393
:103460000223019301230093094BA02209490A4832
:1034700001F054F80590059B002B01D0032303E0D5
:10348000064B01221A700023184607B05DF804FBB2
:10349000203A0020803900204C3900204839002093
:1034A00008B5FFF797FC0346184608BD00B587B07E
:1034B0000346ADF806300023039300230593002351
:1034C000029302AABDF8063011461846FFF7F0FC39
:1034D00004901BE0049B9A78BDF80630114618460C
:1034E00000F028F90390039B002B04D0039B052BCD
:1034F00001D003230593029B0133029302AABDF876
:10350000063011461846FFF7D3FC0490049B002BAD
:10351000E0D1059B002B10D1BDF806301846FFF70F
:1035200061FC0390039B002B07D0039B072B02D168
:103530000723059301E003230593059B184607B075
:103540005DF804FB00B583B003460092ADF8063089
:103550000B468DF805309DF80510BDF806000023D8
:10356000009AFFF79FFA0346184603B05DF804FB84
:1035700010B588B0029201930346ADF80E300B46A9
:103580008DF80D30019B002B01D10E23CCE09DF86E
:103590000D30072B05D09DF80D30082B01D00723E7
:1035A000C2E0029B002B0DD0029B022B0AD8BDF873
:1035B0000E301846FFF72DFC034683F00103DBB203
:1035C000002B01D00723AFE000238DF81F3000232C
:1035D0008DF81E309DF80D20BDF80E3011461846AE
:1035E000FFF78CFC03460593059B002B03D10123B9
:1035F0008DF81E3045E0059B1B7B1A46029B9342CB
:1036000020D900238DF81D300EE0059B5A7B9DF8D4
:103610001D301344DBB21946454801F053F89DF8BC
:103620001D3001338DF81D30059B1B7B9DF81D203F
:103630009A42EAD3059B1846FFF718FC01238DF840
:103640001E301EE0059B1B7B1A46029B934218D23C
:10365000029B8DF81C300EE0059B5A7B9DF81C30B8
:103660001344DBB21946324801F02CF89DF81C30A7
:1036700001338DF81C30059B1B7B9DF81C209A4262
:10368000EAD39DF81E30002B0CD09DF80D20BDF81C
:103690000E1005AB1846FFF7BDFC059B002B01D1B2
:1036A000112341E0059B5B7BFF2B13D1059C029905
:1036B0001F4800F070FF03466373059B5B7BFF2B85
:1036C00005D1059B1846FFF7D1FB11232CE0012300
:1036D0008DF81F30059B029AD2B21A73059B5B7B53
:1036E0001946134800F0BCFF0690069B002B01D141
:1036F000032319E0029B9BB29DF80D10069A0198D6
:10370000FFF7E2FC9DF81F30002B0CD09DF80D3028
:10371000082B08D1019B1B889B009AB2019B5B6818
:10372000063A92B29A800023184608B010BD00BF36
:103730004C39002000B585B003460A46ADF8063086
:1037400013468DF80530002303939DF80520BDF83E
:10375000063011461846FFF7D1FB0290029B002B62
:1037600001D1052312E0029B5B68002B0AD0029B6B
:103770005B681846FFF786FA0390039B002B01D085
:10378000032303930298FFF723FC039B184605B01D
:103790005DF804FB00B589B003460A46ADF8063073
:1037A00013468DF805309DF80530072B05D09DF8A0
:1037B0000530082B01D0072341E0002307939DF833
:1037C0000520BDF8063011461846FFF797FB069016
:1037D000069B002B01D1052331E0069B5B68002B83
:1037E0002CD1069B5B7B1946174800F039FF0590EA
:1037F00003AB00221A605A609DF805308DF80E3038
:10380000059B002B01D1032319E0069B1B7B9DF830
:10381000051003A8059AFFF77AFC03AB1846FFF7DB
:103820008BFC069B1A1D03AB11461846FFF7FAF9ED
:103830000790079B092B01D1032300E0079B184643
:1038400009B05DF804FB00BF4C39002000B585B01D
:103850000346ADF806300B468DF805301346ADF83B
:1038600002309DF80530072B05D09DF80530082B58
:1038700001D0072319E09DF80520BDF80630114658
:103880001846FFF73BFB0390039B002B01D1052358
:103890000BE0039BBDF802201A80039B9DF80520D6
:1038A0009A700398FFF77CFC0346184605B05DF854
:1038B00004FB00B583B00346ADF80630BDF8063012
:1038C0001846FFF7B5FA0346184603B05DF804FB47
:1038D00000B583B00346ADF80630BDF80630184693
:1038E000FFF7B5FA0346184603B05DF804FB00B5D0
:1038F00085B003460092ADF806300B468DF80530D2
:10390000009B1B889B00039303AB9DF80510BDF83B
:103910000600009AFFF7C6F80346184605B05DF8A2
:1039200004FB00B585B0034602910192ADF80E305C
:10393000BDF80E00019B00220299FFF7B5F903467E
:10394000184605B05DF804FB00B583B00190402235
:103950000021019804F058FF00BF03B05DF804FB9C
:1039600008B50748FFF7F0FF4FF48071044800F0F6
:103970000EFF4FF48071034800F009FF00BF08BD3F
:10398000243A0020443A002000B585B00346009157
:10399000ADF806304FF6FF73ADF80E30BDF80630C7
:1039A0004FF6FF72934211D14FF48071009800F0EE
:1039B0006DFF0346ADF80E30BDF80E30B3F5807FD5
:1039C0001CD14FF6FF73ADF80E3017E0BDF806308E
:1039D000FF2B13D8BDF806301946009800F0EDFE15
:1039E00003468DF80D309DF80D30002B02D0BDF848
:1039F000063001E04FF6FF73ADF80E30BDF80E3023
:103A0000184605B05DF804FB00B583B0034600918D
:103A1000ADF80630BDF80630FF2B05D8BDF80630EE
:103A20001946009800F0ECFE00BF03B05DF804FBFF
:103A300000B583B00346ADF80630BDF80630044942
:103A40001846FFF7A1FF0346184603B05DF804FBD4
:103A5000243A002000B585B00346ADF80630BDF825
:103A600006304FF6FF72934201D1002311E0BDF8FA
:103A700006300A491846FFF787FF0346ADF80E30B7
:103A8000BDF80E20BDF806309A420CBF012300237A
:103A9000DBB2184605B05DF804FB00BF443A0020D5
:103AA00000B583B00346ADF80630BDF806300749CF
:103AB0001846FFF7A9FFBDF8063005491846FFF77D
:103AC000A3FF00BF03B05DF804FB00BF243A002051
:103AD000443A002000B583B00346ADF80630BDF887
:103AE0000630FF2B07D8BDF806301946044800F011
:103AF00004FF034600E00023184603B05DF804FB12
:103B0000243A002000B583B00346ADF80630BDF876
:103B10000630FF2B07D8BDF806301946044800F0E0
:103B2000ECFE034600E00023184603B05DF804FBFA
:103B3000443A002000B585B003460091ADF8063048
:103B4000BDF806304FF6FF72934204D0BDF8063040
:103B500001339BB200E00023ADF80E3010E0BDF859
:103B60000E301946009800F0C8FE0346002B02D024
:103B7000BDF80E300AE0BDF80E300133ADF80E305E
:103B8000BDF80E30FF2BEAD94FF6FF73184605B08B
:103B90005DF804FB00B583B00346ADF80630BDF810
:103BA000063015491846FFF7C5FF0346ADF8063045
:103BB00016E0BDF806301846FFF7A4FF034683F071
:103BC0000103DBB2002B02D0BDF8063010E0BDF8D7
:103BD000063009491846FFF7ADFF0346ADF8063039
:103BE000BDF806304FF6FF729342E2D1BDF80630C1
:103BF000184603B05DF804FB243A002000B583B0FA
:103C00000346ADF80630BDF8063004491846FFF704
:103C100091FF0346184603B05DF804FB443A0020C8
:103C200000B585B001900023039308E0094A039B87
:103C300052F8233001989847039B01330393064BB6
:103C40001B781A46039B9342F0DB00BF00BF05B010
:103C50005DF804FB743A0020803A002000B583B080
:103C6000002300220B490C4800F0C2FB0190019B8D
:103C7000002B02D0019B052B01D1012300E0002382
:103C800003F00103DAB2054B1A7000BF03B05DF810
:103C900004FB00BF6C3A0020703A0020653A002017
:103CA00000B58FB0019001238DF83730019B9B88C0
:103CB0001846FDF7BDFE03461A46019B5A80019B3C
:103CC0001B78083B032B00F2D58001A252F823F0A9
:103CD000E13C03006D3D0300A33D0300293E0300CA
:103CE000019B5B7A002B28D16C4B1B68002B10D0FA
:103CF000019BDA68694B1B689A420AD1674B002224
:103D00001A60019B9A88664B1A80019B0022DA6038
:103D1000B2E0644B1B78002B00F0AE80019B9A88C8
:103D20005F4B1B889A4240F0A780019B1B7A062BB1
:103D300040F0A280FFF792FF9EE0019B5B7A012B8F
:103D400040F09A80574B1B78002B00F09580019B28
:103D50009A88534B1B889A4240F08E80019B1B7AB5
:103D6000062B40F08980FFF779FF85E0019B5B7AA5
:103D7000002B40F08380494B1B68002B7ED0019BB9
:103D8000DA68464B1B689A4278D1444B00221A608D
:103D9000454B1B68013B444A1360019B0022DA60DB
:103DA0006CE0424B1B78002B31D04FF6FF70FFF7D1
:103DB00080FD03461A464FF6FF739A4227D14FF60D
:103DC000FF70FFF785FD03461A464FF6FF739A42D0
:103DD0001DD1364B00221A7008AB14220021184660
:103DE00004F012FD0C238DF820304FF6FF73ADF870
:103DF00024304FF6FF73ADF8223000238DF83730B2
:103E00000198FFF70DFF08AB1846FFF709FF254B98
:103E10001B78002B34D0019B9A88214B1B889A4237
:103E20002ED1FFF71BFF2BE0204B1B78002B29D056
:103E30001E4B00221A7003AB14220021184604F016
:103E4000E3FC0D238DF80C304FF6FF73ADF8103006
:103E50004FF6FF73ADF80E30019B9B68059300236E
:103E60008DF837300198FFF7DBFE03AB1846FFF7FC
:103E7000D7FE07E000BF06E000BF04E000BF02E09D
:103E800000BF00E000BF9DF83730002B02D0019842
:103E9000FFF7C6FE00BF0FB05DF804FB683A0020D4
:103EA000703A0020653A00206C3A0020663A002003
:103EB00000B585B00190019B002B19D0019B1B78A8
:103EC000022B11D1019B1B7A012B0CBF0123002374
:103ED0008DF80F30019B5B88074A11789DF80F2001
:103EE0001846FBF7DDFD00E000BF0198FFF798FEE4
:103EF00005B05DF804FB00BF813A002000B583B037
:103F000001900198FFF78CFE00BF03B05DF804FB41
:103F100000B583B00190019B1B78002B08D1019B59
:103F20005B88074A117801221846FBF7B9FD00E0CB
:103F300000BF0198FFF774FE00BF03B05DF804FBFB
:103F4000813A002000B583B001900091094B1B78A5
:103F500083F00103DBB2002B08D10198FDF773FB5E
:103F6000019801F031FF0198FCF7AAFF03B05DF85A
:103F700004FB00BF643A0020054B4FF6FF721A8025
:103F8000044B00221A60044B18221A7000BF7047BD
:103F9000703A0020683A0020813A002000B583B0D2
:103FA000FEF75CFD0190019B002B01D0032344E050
:103FB000FFF750FA0190019B002B01D003233CE056
:103FC00001F0D4FE0190019B002B01D0032334E0CB
:103FD00001F06CF90190019B002B01D003232CE030
:103FE000FCF72AFF0190019B002B01D0032324E062
:103FF000FDF76AF80190019B002B01D003231CE020
:10400000FDF758FC0190019B002B01D0032314E025
:10401000FFF7B2FFFBF7F2FC03461A46094B1A7092
:10402000084B1B78182B01D1032306E0064B002216
:104030001A70064B01221A700023184603B05DF86F
:1040400004FB00BF813A0020653A0020643A00205A
:1040500082B001900F4B1B7883F00103DBB2002B81
:1040600001D0082313E00C4B1B78022B01D9042349
:104070000DE0094B1B781946084A019B42F8213094
:10408000054B1B780133DAB2034B1A700023184634
:1040900002B07047643A0020803A0020743A002051
:1040A00000B585B00190094B1B7883F00103DBB2AA
:1040B000002B01D0082304E0019801F051FF039088
:1040C000039B184605B05DF804FB00BF643A00206E
:1040D00000B585B003460A46ADF8063013468DF8A4
:1040E00005300B4B1B7883F00103DBB2002B01D0B2
:1040F000082309E09DF80520BDF806301146184652
:1041000001F06CFF0390039B184605B05DF804FBBB
:10411000643A002000B583B003460091ADF8063044
:10412000009B002B05D0BDF806300099184601F021
:1041300045FF00BF03B05DF804FB000008B5054B68
:104140001B7883F00103DBB2002B01D1FCF71CFFCD
:1041500008BD00BF643A002000B583B00190009113
:10416000084B1B7883F00103DBB2002B01D008233E
:1041700004E000990198FDF781FE0346184603B05C
:104180005DF804FB643A002000B585B0039002910D
:1041900001920093134B1B7883F00103DBB2002BD9
:1041A00001D008231AE0039B002B02D1019B002BB6
:1041B0000BD0039B002B02D0029B002B05D0019B50
:1041C000002B04D0009B002B01D10E2306E0009BA6
:1041D000019A02990398FDF715FE0346184605B0AB
:1041E0005DF804FB643A002000B583B001900091B3
:1041F000084B1B7883F00103DBB2002B01D00823AE
:1042000004E000990198FDF75AFD0346184603B0F3
:104210005DF804FB643A002000B585B003460091C8
:10422000ADF806302A4B1B7883F00103DBB2002B7C
:1042300001D0082347E0009B002B01D10E2342E070
:10424000BDF806301846FBF765FB03468DF80F30C6
:104250009DF80F30002B02D143F2020333E09DF8AA
:104260000F30022B0CBF01230023D9B2009A137820
:1042700061F300031370174B1A78BDF8063011462E
:104280001846FBF7E3FB03461946009A137861F3DF
:10429000C3031370BDF806301846FBF771FB0346E5
:1042A0001946009A137861F341031370BDF8063084
:1042B0001846FBF77BFB03461946009A137861F317
:1042C000820313700023184605B05DF804FB00BF9D
:1042D000643A0020813A002000B583B00346ADF86F
:1042E00006300A4B1B7883F00103DBB2002B02D0AF
:1042F0004FF6FF7305E0BDF806301846FFF7D9FA10
:104300000346184603B05DF804FB00BF643A002082
:1043100000B583B00346ADF80630094B1B7883F037
:104320000103DBB2002B01D0082305E0BDF8063005
:104330001846FDF700FC0346184603B05DF804FB81
:10434000643A002000B589B0274B1B7883F0010345
:10435000DBB2002B01D0082342E0244B01221A706B
:104360004FF6FF70FFF7A5FA0346ADF81E30BDF813
:104370001E304FF6FF7293422BD11C4B00221A7055
:1043800001AB14220021184604F03EFA0C238DF8EC
:1043900004304FF6FF73ADF808304FF6FF73ADF8F9
:1043A000063001AB1846FFF73BFC12E0BDF81E30AB
:1043B0001846FFF7ADFF0690069B002B01D00323A4
:1043C0000EE0BDF81E301846FFF773FA0346ADF84D
:1043D0001E30BDF81E304FF6FF729342E6D1002327
:1043E000184609B05DF804FB643A0020663A0020E4
:1043F00000B58DB00390029101920093464B1B785B
:1044000083F00103DBB2002B01D0082380E04FF6DC
:10441000FF70FFF74EFA0346ADF82E3000230693E7
:1044200004AB00221A605A600123ADF8103006ABCD
:10443000059304AABDF82E3006211846FFF757FA57
:104440000A90002309934FF0FF3308934FF6FF7350
:10445000ADF81E304FF6FF73ADF81C300A9B072BEA
:104460002AD1052354E00A9B052B01D10023069392
:10447000069B099A9A4205D8069B0993BDF82E30EF
:10448000ADF81E30069B089A9A4205D9069B089300
:10449000BDF82E30ADF81C30BDF82E301846FFF7B1
:1044A00008FA0346ADF82E3004AABDF82E300621D6
:1044B0001846FFF71CFA0A900A9B002BD3D00A9BE0
:1044C000052BD0D0BDF82E304FF6FF7293421CD191
:1044D00000230A93039B002B03D0039BBDF81E20EF
:1044E0001A80029B002B02D0029B099A1A60019B42
:1044F000002B03D0019BBDF81C201A80009B002BD1
:1045000005D0009B089A1A6001E003230A930A9BD6
:1045100018460DB05DF804FB643A002000B585B084
:104520000390029101920093039B002B2ED0029BDB
:10453000002B2BD0009B002B28D0079B089A02FB56
:1045400003F3019A9A4221D3079B0733DB08069AAB
:104550009A421BD3079B002B18D0089B002B15D029
:10456000039B029A1A60039B009A5A60039B079A66
:104570009A60039B089ADA60039B5B68079A92B281
:104580001146184600F003F9002300E007231846FF
:1045900005B05DF804FB00B585B001900091019B6A
:1045A000002B07D0019B1B68002B03D0019B5B688D
:1045B000002B01D1FF234FE0FF238DF80F300023A4
:1045C0008DF80E3041E0019B5B689DF80E2092B2A1
:1045D0001146184600F0F1F80346002B13D09DF861
:1045E0000F30FF2B03D19DF80E308DF80F309DF862
:1045F0000E209DF80F30D31A5A1C009B9A421FD1EF
:104600009DF80F3028E09DF80F30FF2B18D09DF853
:104610000F308DF80D300AE09DF80D3019460198E5
:1046200000F050F89DF80D3001338DF80D309DF8F5
:104630000D209DF80E309A42EED3FF238DF80F30F7
:104640009DF80E3001338DF80E309DF80E20019B41
:104650009B689A42B7D3FF23184605B05DF804FB68
:1046600000B583B001900B468DF80330019B002B01
:1046700007D0019B1B68002B03D0019B5B68002BBC
:1046800001D100231AE09DF80330FF2B15D0019BC8
:104690005B689DF8032092B21146184600F02DF990
:1046A0000346002B09D0019B1A689DF8033001993D
:1046B000C96801FB03F3134400E00023184603B06C
:1046C0005DF804FB00B583B001900B468DF8033014
:1046D000019B002B20D0019B1B68002B1CD0019B51
:1046E0005B68002B18D09DF80330FF2B14D0019B82
:1046F0005B689DF8032092B21146184600F0FDF861
:104700000346002B08D0019B5B689DF8032092B202
:104710001146184600F074F800BF03B05DF804FBC2
:1047200000B585B001900B468DF8033000238DF85D
:104730000F30019B1A789DF803301340DBB2002B39
:104740001FD100238DF80E300DF10E031846F1F73E
:10475000DDF9019B1A789DF803301340DBB2002B82
:104760000AD1019B1A789DF803301343DAB2019BFA
:104770001A7001238DF80F309DF80E301846F1F7AE
:10478000DBF99DF80F30184605B05DF804FB00B565
:1047900083B001900B46ADF80230019B002B08D08E
:1047A000BDF802300733DB101A460021019804F0EF
:1047B0002BF800BF03B05DF804FB00B583B0019097
:1047C0000B46ADF80230019B002B14D0BDF802302F
:1047D000DB089BB21A46019B1A44BDF8023003F075
:1047E0000703012101FA03F3DBB219461046FFF774
:1047F00097FF034600E00023184603B05DF804FB72
:1048000000B585B001900B46ADF80230BDF802301E
:10481000DB089BB28DF80F30BDF8023003F00703C0
:10482000012202FA03F38DF80E30019B002B29D0F0
:104830009DF80F30019A13441A789DF80E301340FA
:10484000DBB2002B1ED000238DF80D300DF10D03CF
:104850001846F1F75BF99DF80F30019A13441B7865
:104860005AB29DF90E30DB435BB2134059B29DF84A
:104870000F30019A1344CAB21A709DF80D301846D1
:10488000F1F75AF900BF05B05DF804FB00B585B03B
:1048900001900B46ADF80230019B002B27D000237E
:1048A000ADF80E301DE0BDF80E30DB089BB21A46A5
:1048B000019B1A44BDF80E3003F00703012101FAF1
:1048C00003F3DBB219461046FFF72AFF0346002B1D
:1048D00002D0BDF80E300CE0BDF80E300133ADF85B
:1048E0000E30BDF80E20BDF802309A42DBD3BDF881
:1048F0000230184605B05DF804FB82B001900B460B
:10490000ADF80230019B002B16D0BDF80230DB0859
:104910009BB21A46019B13441B781946BDF802301E
:1049200003F00703012202FA03F30B40002B14BF2C
:1049300001230023DBB200E00123184602B07047D8
:104940007EDF704700BF18467FDF704700BF184604
:1049500086DF704700BF184600B583B00346ADF848
:104960000630064B1A78BDF8063011461846FBF79C
:104970006DF80346184603B05DF804FBA42500203B
:1049800000B583B00346ADF80630064B1A78BDF883
:10499000063011461846FBF759F80346184603B08F
:1049A0005DF804FBA525002000B583B00346ADF8F3
:1049B0000630064B1A78BDF8063011461846FBF74C
:1049C00045F80346184603B05DF804FBA625002011
:1049D00000B583B00346ADF80630064B1A78BDF833
:1049E000063011461846FBF731F80346184603B067
:1049F0005DF804FBA725002000B583B00346ADF8A1
:104A00000630064B1A78BDF8063011461846FBF7FB
:104A10001DF80346184603B05DF804FBA8250020E6
:104A200000B585B00190019B5B881846FCF75CFFE0
:104A300003461A46019B9A800023039305E0074B27
:104A400001989847039B01330393039B002BF6D0F7
:104A500000BF00BF05B05DF804FB00BF6D5B030045
:104A600000B589B003460A46ADF8063013468DF806
:104A7000053003AB00221A605A609A60DA601A614E
:104A800001238DF80C30BDF80630ADF80E309DF8DE
:104A900005308DF8143003AB1846FFF7C1FF00BF97
:104AA00009B05DF804FB00B589B003460091ADF88C
:104AB000063003AB00221A605A609A60DA601A610D
:104AC00007238DF80C30BDF80630ADF80E30009B92
:104AD000059303AB1846FFF7A3FF00BF09B05DF8CD
:104AE00004FB000010B588B00446084611461A467B
:104AF0002346ADF8063003468DF805300B46ADF879
:104B0000023013468DF8043003AB00221A605A605D
:104B10009A60DA601A6103238DF80C30BDF8063014
:104B2000ADF80E309DF805308DF81430BDF8023028
:104B3000ADF816309DF804308DF81830074B197811
:104B4000BDF8063000221846FAF7AAFF03AB184654
:104B5000FFF766FF00BF08B010BD00BFA42500200E
:104B600000B585B00346ADF806300B46ADF804300D
:104B700013468DF8033000230393BDF80630184622
:104B8000FCF7B2FE0346ADF80A30BDF80630184611
:104B9000FFF70AFF0346002B01D0012300E00223A8
:104BA0008DF80930BDF806301846FFF711FF0346AF
:104BB000002B06D0BDF80A301846FCF7BCFF039066
:104BC00018E0BDF80A304FF6FF72934212D0BDF8DC
:104BD0000A3007211846FEF7ADFD0390039B002B1A
:104BE00008D0039B052B05D0BDF806300399184665
:104BF000FFF759FF9DF80330BDF804209DF8091018
:104C0000BDF80600FFF76EFF00BF05B05DF804FBBE
:104C100000B583B00346ADF806300B46ADF804305E
:104C200013468DF803309DF80330BDF80420BDF81D
:104C300006000021FFF756FF00BF03B05DF804FB3C
:104C400000B583B00346ADF806300B46ADF804302E
:104C500013468DF80330BDF806301846FFF77CFE8A
:104C60000346002B1AD0BDF806301846FFF788FE21
:104C70000346002B09D09DF80320BDF80410BDF8B1
:104C800006301846FFF76CFF08E09DF80320BDF8DA
:104C90000410BDF806301846FFF7BAFF00BF03B096
:104CA0005DF804FB00B583B00346ADF806300B4653
:104CB0008DF8053013468DF804301E4B19789DF899
:104CC0000520BDF806301846FAF7EAFE9DF80530D3
:104CD000002B2BD0184B19789DF80430002B14BFF3
:104CE00001230023DAB2BDF806301846FAF7D8FEE1
:104CF000124B19789DF80430012B0CBF01230023BF
:104D0000DAB2BDF806301846FAF7CAFE0C4B19782D
:104D1000BDF8063000221846FAF7C2FE9DF80420BE
:104D2000BDF8063011461846FFF79AFE00BF03B0E3
:104D30005DF804FBA4250020A5250020A625002061
:104D4000A725002010B584B00446084611461A462F
:104D50002346ADF806300346ADF804300B468DF817
:104D6000033013468DF802309DF80330002B14D029
:104D70009DF80230002B1AD00E4B1978BDF8063082
:104D800001221846FAF78CFEBDF80420BDF8063063
:104D900011461846FCF7BAFE09E09DF80230002BD8
:104DA00005D0BDF804301846FCF7C5FE039000BFDF
:104DB00004B010BDA725002000B589B001900023E4
:104DC0000793019B0C331846FCF707FE0346ADF82A
:104DD0001A30BDF81A304FF6FF72934208D1019B8A
:104DE0001B881846FCF780FD0346ADF81A3007E033
:104DF000019B1B88BDF81A2011461846FCF786FE59
:104E0000019B1B88002201211846FFF74BFFBDF8CC
:104E10001A304FF6FF72934222D002AABDF81A3020
:104E200007211846FEF78EFB0590059B002B17D136
:104E3000039B34330493049B1B7C03F00103DBB21C
:104E4000002B0BD1049B03F11202019B0C3319467A
:104E50001046FCF799FD0346002B01D0049B0793F5
:104E6000019B1888002300220799FFF771FD059028
:104E7000059B002B0ED0019B1888BDF81A1000234B
:104E80000022FFF75FFF019B1B8805991846FFF77B
:104E90000AFE13E0079B002B10D1019B1888BDF878
:104EA0001A1000230022FFF74DFF019B1B880022F0
:104EB00041F206011846FFF7ABFE00BF00BF09B084
:104EC0005DF804FB00B589B00346ADF8063003ABCE
:104ED00014220021184603F097FC04238DF80C30AF
:104EE000BDF80630ADF80E3003AB1846FFF798FD5D
:104EF00000BF09B05DF804FB00B583B00346009124
:104F0000ADF80630064B1978009B1A78BDF80630CC
:104F10001846FAF7C5FD00BF03B05DF804FB00BFFB
:104F2000A825002000B585B00190019B1B793D2B81
:104F300002D141F23D0301E04FF48853ADF80E3049
:104F4000019B1B88BDF80E1000221846FFF778FE63
:104F500000BF05B05DF804FB00B589B003460091C1
:104F6000ADF8063003AB00221A605A609A60DA602E
:104F70001A6105238DF80C30BDF80630ADF80E30FF
:104F8000009B059303AB1846FFF74AFD00BF09B02D
:104F90005DF804FB00B583B00190019B1B881846A7
:104FA000FAF786FC0346012B0FD1019B1888019B61
:104FB0001B7903F00103DBB2002B01D0012300E0D9
:104FC00002231A460121FFF76DFE019B1A88019BFF
:104FD000043319461046FFF7BFFF00BF03B05DF86A
:104FE00004FB000000B591B0019000230D93019BDC
:104FF0001B88ADF83230BDF832301846FAF758FC4D
:1050000003468DF83130BDF832301846FCF76CFCA1
:105010000346ADF82E30BDF82E30ADF83E300023FB
:105020008DF83D30624B1978BDF8323000221846B9
:10503000FAF736FD9DF83130002B00F0B580019B6A
:105040005B7903F00403DBB2002B00F083804FF6A2
:10505000FF73ADF83A3001238DF83D3007ABBDF852
:105060002E0001220721FEF783FA0D900D9B002BE5
:1050700009D0BDF832300D991846FFF714FD002312
:105080008DF83D3008E0089B4FF6FF711846FCF79D
:10509000E7FB0346ADF83A30BDF83A304FF6FF7201
:1050A000934229D0BDF83A30ADF83E30BDF83E20ED
:1050B000BDF8323011461846FCF728FDBDF83230F5
:1050C0001846FFF799FC034683F00103DBB2002B7F
:1050D00012D0BDF832301846FFF7F4FEBDF832307A
:1050E0001846FFF789FC034683F00103DBB2002B6F
:1050F00002D000238DF83D309DF83D30002B14D0B8
:10510000BDF83E20BDF82E3007211846FEF79EFB65
:105110000D900D9B002B08D0BDF832300D9918462C
:10512000FFF7C1FC00238DF83D30BDF83A304FF653
:10513000FF7293421CD0BDF832301846FFF748FC8E
:105140000346002B14D0BDF82E301846FCF7F3FCB4
:1051500009900DE0BDF832301846FFF739FC0346E0
:10516000002B05D0BDF82E301846FCF7E4FC0A9061
:1051700002238DF80830BDF83230ADF80A30019BBB
:105180005B7903F00403DBB2002B01D0012300E0C4
:1051900002238DF810309DF83D308DF8113002ABB0
:1051A0001846FFF73DFC00E000BF11B05DF804FBBE
:1051B000A425002000B583B00190019B1888019BB5
:1051C0001B791946019B5B79C3F30103DBB21A46D5
:1051D000FFF736FD00BF03B05DF804FB00B583B0F8
:1051E0000190019B1B79002B03D10198FFF7FAFE78
:1051F00003E00198FFF7DEFF00BF00BF03B05DF8DA
:1052000004FB000000B589B00190019B1B88184683
:10521000FFF7B6FB034683F00103DBB2002B2CD073
:10522000019B1B881846FAF7ABFB034683F001038A
:10523000DBB2002B08D0019B1B88012241F2060142
:105240001846FFF7E5FC18E0019B1B880D4A117812
:1052500000221846FAF724FC02238DF80C30019B3B
:105260001B88ADF80E3000238DF8143000238DF824
:10527000153003AB1846FFF7D3FB00BF09B05DF84C
:1052800004FB00BFA425002000B583B00190019B62
:105290001B78182B05D1FAF7B1FB03461A46019B80
:1052A0001A7000BF03B05DF804FB000008B5154894
:1052B000FFF7EAFF1448FFF7E7FF1448FFF7E4FFA2
:1052C0001348FFF7E1FF1348FFF7DEFF0D4B1B7894
:1052D000182B0FD00C4B1B78182B0BD00B4B1B78BB
:1052E000182B07D00A4B1B78182B03D0094B1B78BF
:1052F000182B01D1032303E0074B01221A7000236E
:10530000184608BDA4250020A5250020A6250020BC
:10531000A7250020A8250020823A002000B589B0EA
:1053200001930346ADF80E300B46ADF80C30134632
:105330008DF80B300A9B002B01D103234AE005AB0B
:10534000BDF80C0001220721FEF712F90790079B18
:10535000112B3ED0079B002B02D00323079338E08C
:10536000069B50220021184603F04EFA069B9DF83A
:105370000B201A70069B03F134020A9B1A600A9BE9
:10538000019ADA60069B03F118020A9B1A61069BD8
:105390005A1C0A9B5A610A9B104ADA61069B03F168
:1053A0001102BDF80E3011461846FCF7C1FA0790FD
:1053B000079B002B01D003230CE0BDF80C30072124
:1053C0001846FEF7E7F90790079B052B01D1032349
:1053D00000E0079B184609B05DF804FB843A002002
:1053E00000B593B0034604910392ADF81630BDF8B2
:1053F00016301846FAF75CFA03468DF83D304FF642
:10540000FF73ADF846300023109300238DF83F3032
:10541000BDF816301846FFF7DBFA03468DF83E302C
:1054200007AB20220021184603F0EEF99DF83D302D
:10543000012B07D1554B1978BDF8163000221846BC
:10544000FAF72EFB9DF83D30002B02D143F2020308
:1054500097E0049B002B03D185238DF83F3060E05B
:10546000049B1B7803F00103DBB2002B04D1039BE8
:105470000A93474B0E9354E0BDF816301846FCF7DC
:1054800033FA0346ADF84630BDF846304FF6FF72AA
:10549000934211D1FEF704F80346ADF84630BDF84B
:1054A00046304FF6FF72934203D001238DF83E3011
:1054B00024E00323109321E09DF83D30012B1DD102
:1054C000BDF816301846FFF797FA034683F001033C
:1054D000DBB2002B12D0BDF816301846FFF7F2FCF5
:1054E000BDF816301846FFF787FA034683F001032C
:1054F000DBB2002B02D085238DF83F309DF83F3082
:10550000852B0ED0109B002B0BD19DF83D20BDF8B4
:105510004610BDF8160007AB0093039BFFF7FEFE95
:105520001090109B002B16D19DF83D30012B09D116
:1055300007AB9DF83F10BDF81600049AFFF704FA78
:10554000109008E007AB9DF83F10BDF81600002250
:10555000FFF7FAF91090109B002B05D19DF83F3012
:10556000002B01D1012300E0002303F00103DAB294
:105570009DF83E30BDF84610BDF81600FFF7E2FB7F
:10558000109B184613B05DF804FB00BFA82500204F
:10559000843A002000B585B003460091ADF806308E
:1055A00000230393009B002B06D0BDF80630009922
:1055B0001846FFF7C5F90390039B184605B05DF840
:1055C00004FB00B585B003460091ADF806301346E4
:1055D0008DF80530BDF806301846FAF769F903462C
:1055E0008DF80F309DF80F30012B07D1BDF8063034
:1055F00000991846FFF7CEFF034601E043F202038D
:10560000184605B05DF804FB00B583B00190019B1E
:105610001B88113B092B35D801A252F823F000BF9B
:105620004956030085560300555603006156030092
:1056300085560300855603008556030085560300F2
:105640006D56030079560300019B04331846FFF79B
:1056500069FC17E0019B04331846FFF79BFC11E03F
:10566000019B04331846FFF7A7FB0BE0019B0433B3
:105670001846FFF7B3FD05E0019B04331846FFF71A
:10568000C1FD00BF00BF03B05DF804FB82B0019014
:10569000019B002B14BF01230023DBB2184602B08C
:1056A0007047000000B585B001900023039305E02A
:1056B000064B01989847039B01330393039B002BF0
:1056C000F6D000BF00BF05B05DF804FBB13E03009B
:1056D00000B585B003460091ADF8063013468DF84D
:1056E000053000238DF80F3000238DF80E30009B1D
:1056F000862B06D100238DF80E3001238DF80F3054
:105700000FE0009B112B06D101238DF80E300023F2
:105710008DF80F3005E000238DF80E3000238DF852
:105720000F309DF80530002B22D01C4B19789DF8C6
:105730000F20BDF806301846FAF7B2F9184B197861
:105740009DF80E20BDF806301846FAF7A9F9154B5A
:105750001978BDF8063000221846FAF7A1F9124B65
:105760001978BDF8063000221846FAF799F911E0C9
:105770000C4B19789DF80F20BDF806301846FAF743
:105780008FF9094B19789DF80E20BDF806301846A0
:10579000FAF786F900BF05B05DF804FBAE250020DE
:1057A000AD250020AA250020A925002000B58BB03A
:1057B000034602910192ADF80E30029B002B45D0BA
:1057C000029B112B42D0029B082B3FD005AB00223D
:1057D0001A605A609A60DA601A61BDF80E30ADF84E
:1057E0001630BDF80E301846FCF77EF80346ADF8CB
:1057F0001830029B0D2B19D103238DF81430019B17
:10580000002B08D0019B1B7803F00103DBB2002BB7
:1058100001D0012300E002238DF81C3000238DF815
:10582000203041F20113ADF81E300BE0029B862BB5
:1058300003D106238DF8143004E007238DF81430CB
:10584000029B079305AB1846FFF72CFF00BF0BB078
:105850005DF804FB00B58BB0034602910192ADF8F0
:105860000E3005238DF81430BDF80E30ADF816302B
:10587000BDF80E301846FCF737F80346ADF818307F
:10588000029B0793019B089305AB1846FFF70AFF9D
:1058900000BF0BB05DF804FB10B487B0019003AB00
:1058A00000221A605A609A60074B1B680393019BA1
:1058B0001C4603AB93E8070084E80700019807B093
:1058C0005DF8044B704700BFD03A002010B588B097
:1058D0000446084611461A462346ADF806300346EC
:1058E0008DF805300B468DF8043013468DF80330E3
:1058F0009DF80530002B02D0002306931CE002AB7C
:105900001846FFF7C9FF02AABDF806300021184665
:10591000FFF7A0FF029B06934B4B1B7883F001031C
:10592000DBB2002B08D09DF8113083F00103DBB20D
:10593000002B01D0052384E09DF80420BDF806303B
:1059400006991846FFF73DFE0590BDF80630002287
:1059500005991846FFF7BCFE059B43F202029342ED
:105960005DD0059B43F2020293425BD8059B112B4D
:105970002AD8059B112B55D801A252F823F000BF5D
:105980001F5A0300255A0300255A0300255A030015
:10599000255A0300255A0300255A0300255A0300FF
:1059A0001F5A0300255A0300255A0300255A0300F5
:1059B000255A03001F5A0300255A0300255A0300E5
:1059C000255A0300D1590300059B862B15D029E0E9
:1059D0001E4B19789DF80520BDF806301846FAF7D9
:1059E0005FF81B4B19789DF80420BDF80630184667
:1059F000FAF756F80023079317E0144B19789DF82F
:105A00000520BDF806301846FAF74AF8104B197809
:105A10009DF80420BDF806301846FAF741F8059BBA
:105A2000079302E00323079300BF9DF80330002B88
:105A300006D0BDF80630069A05991846FFF7B6FE5F
:105A4000079B184608B010BDD43A0020AC250020B2
:105A5000AB25002000B587B003460091ADF80630B5
:105A600002AB1846FFF718FF02AABDF806300099EE
:105A70001846FFF7EFFE02990C4B1A68BDF8063086
:105A80001846FFF7ADFC0590BDF8063001220599D8
:105A90001846FFF71DFE029ABDF806300599184614
:105AA000FFF784FE00BF07B05DF804FBD83A002082
:105AB00000B583B00190019B5A88019B9B681946F1
:105AC0001046FFF7C7FF00BF03B05DF804FB0000FE
:105AD00000B585B0019000238DF80F301C4B1B687A
:105AE000002B03D101238DF80F3024E0194B1B78D4
:105AF00003F00103DBB2002B14BF01230023DBB250
:105B00001A46019B1B7A9A4203DA01238DF80F3063
:105B100011E0104B1B7803F00203DBB2002B14BF23
:105B200001230023DBB21A46019B5B7A9A4202DA18
:105B300001238DF80F30019B58889DF80F10012329
:105B40000022FFF7C3FE029000BF05B05DF804FB22
:105B5000D03A0020C83A002000B583B001900198E7
:105B6000FFF7A0FD00BF03B05DF804FB00B583B0F4
:105B70000190019B1B78052B02D0122B04D006E06C
:105B80000198FFF795FF06E00198FFF7A1FF019844
:105B9000FFF7E2FF00BF00BF03B05DF804FB0000A9
:105BA00000B599B003468DF807309DF807301846C8
:105BB000F9F7A0FF16901698FFF768FD0346002B33
:105BC0004CD003AB1846F9F707FF0023179341E0C9
:105BD000179B5B0060336B4433F8503C9DF8072003
:105BE00011461846F9F732FF03468DF857309DF8F5
:105BF0005730002B2BD0179B5B0060336B4433F87E
:105C0000503C184A127811461846F9F71FFF034610
:105C10008DF85630179B5B0060336B4433F8503C73
:105C2000114A127811461846F9F710FF03468DF80D
:105C30005530179B5B0060336B4433F8500C9DF874
:105C400056209DF855100123FFF740FE1490179B36
:105C500001331793039B179A9A42B9D300BF19B027
:105C60005DF804FBAB250020AC25002000B597B003
:105C700003468DF807309DF807301846F9F73AFFCC
:105C800014901498FFF702FD0346002B2AD002ABB4
:105C90001846F9F7A1FE002315931FE0159B5B0042
:105CA00058336B4433F84C3C9DF807201146184696
:105CB000F9F7CCFE03468DF84F309DF84F30002B9E
:105CC00009D0159B5B0058336B4433F84C3C0021E2
:105CD0001846FFF7BFFE159B01331593029B159ADB
:105CE0009A42DBD300BF17B05DF804FB00B583B068
:105CF0000190019B1B780B2B02DC082B0CDA16E0C1
:105D0000132B14D10C4B1B781846FFF7AFFF0B4B2E
:105D10001B781846FFF744FF094B1B781846FFF71E
:105D2000A5FF084B1B781846FFF73AFF00E000BFBD
:105D300000BF03B05DF804FBAE250020AA250020BB
:105D4000AD250020A925002000B583B00190019B5E
:105D50001B78182B05D1F9F751FE03461A46019B13
:105D60001A7000BF03B05DF804FB000008B50F48CF
:105D7000FFF7EAFF0E48FFF7E7FF0E48FFF7E4FFE3
:105D80000D48FFF7E1FF0D48FFF7DEFF0C48FFF776
:105D9000DBFF0B4B1B78182B01D1032303E0094BCE
:105DA00001221A700023184608BD00BFA925002053
:105DB000AA250020AB250020AC250020AD25002021
:105DC000AE250020C43A002000B583B001900198B0
:105DD000FFF71AFC044B1B781846FFF7E1FE00BFE3
:105DE00003B05DF804FB00BFA925002082B001903C
:105DF000019B002B01D10023AEE0019B1B7803F037
:105E00000203DBB2002B08D1019B1B7823F07F0338
:105E1000DBB2002B01D000239EE0019B1B78C3F373
:105E20000213DBB2042B01D9002395E0019B1B7800
:105E300003F00203DBB2002B0FD0019B1B7803F0B1
:105E40007003DBB2302B08D1019B1B7823F07F035A
:105E5000DBB2002B01D100237EE0019B5A78019B2D
:105E60009B789A4201D9002376E0019B5B78062B50
:105E700001D8002370E0019B9B78102B01D90023EF
:105E80006AE0019BDB7803F00403DBB2002B06D150
:105E9000019B1B7903F00403DBB2002B01D000232C
:105EA0005AE0019BDB7803F00803DBB2002B06D13C
:105EB000019B1B7903F00803DBB2002B01D0002308
:105EC0004AE0019B1B7803F00103DBB2002B1DD1DC
:105ED000019BDB7803F00103DBB2002B14D1019BA3
:105EE000DB7803F00203DBB2002B0DD1019B1B79A1
:105EF00003F00103DBB2002B06D1019B1B7903F0F9
:105F00000203DBB2002B01D0002325E0019B1B78AC
:105F100003F00103DBB2002B1DD0019BDB7803F003
:105F20000103DBB2002B16D1019BDB7803F00203E7
:105F3000DBB2002B0FD1019B1B7903F00103DBB215
:105F4000002B08D1019B1B7903F00203DBB2002B6D
:105F500001D1002300E00123184602B07047000081
:105F600000B583B00190019B002B07D1104B00229C
:105F70001A60104B01221A70002314E00198FFF7F9
:105F800035FF0346002B0DD00B4B019A10681860AB
:105F900012791A71064B084A1A60064B01221A70D0
:105FA000002300E00723184603B05DF804FB00BFA0
:105FB000D03A0020D43A0020C83A002000B583B07F
:105FC00003460091ADF80630BDF80630009918463A
:105FD000FEF792FF00BF03B05DF804FB00B585B08B
:105FE00003460A46ADF8063013468DF805309DF895
:105FF0000520BDF8060000230021FFF767FC039091
:10600000039B184605B05DF804FB0000BFF34F8FFB
:1060100000BF074BDB6803F4E0620549054B1343FF
:10602000CB60BFF34F8F00BF00BF00BFFCE700BFD6
:1060300000ED00E00400FA05024B034A1A6000BFBD
:10604000704700BFB02500200090D00308B500F0D5
:106050005DF90346002B06D09B4B1B681B0A9B4A2D
:1060600003F01F03136000F07DF90346002B02D0FC
:10607000974B984A1A6000F091F90346002B06D01E
:10608000954B1B685B0B954A03F00703136000F008
:10609000B1F90346002B05D0914BDB68904A23F001
:1060A0008073D36000F0C2F90346002B0ED04FF08E
:1060B00080430022C3F80C214FF080430022C3F834
:1060C00010214FF080430022C3F8382500F0DAF9A0
:1060D0000346002B02D0834B03221A6000F0EEF936
:1060E0000346002B0BD0804B05221A607F4B012208
:1060F0001A607F4B00221A607E4B3F221A6000F02C
:10610000F9F90346002B76D04FF080537A4AD3F842
:106110000434C2F820354FF08053774AD3F808345E
:10612000C2F824354FF08053734AD3F80C34C2F8C8
:1061300028354FF08053704AD3F81034C2F82C350C
:106140004FF080536C4AD3F81434C2F830354FF016
:106150008053694AD3F81834C2F834354FF080536D
:10616000654AD3F81C34C2F840354FF08053624A78
:10617000D3F82034C2F844354FF080535E4AD3F848
:106180002434C2F848354FF080535B4AD3F82834A2
:10619000C2F84C354FF08053574AD3F82C34C2F82C
:1061A00050354FF08053544AD3F83034C2F8543548
:1061B0004FF08053504AD3F83434C2F860354FF072
:1061C00080534D4AD3F83834C2F864354FF08053C9
:1061D000494AD3F83C34C2F868354FF08053464AF8
:1061E000D3F84034C2F86C354FF08053424AD3F8AC
:1061F0004434C2F8703500F099F90346002B05D0FD
:106200003E4B1B683E4A03F04F03136000F0BAF99F
:106210000346002B0DD04FF08043D3F8003403F039
:106220000103002B05D04FF080436FF00102C3F84B
:106230000024344BD3F88830324A43F47003C2F858
:106240008830BFF34F8F00BFBFF36F8F00BF4FF099
:106250001023D3F80032002B05DB4FF01023D3F8C6
:106260000432002B2BDA284B0122C3F8042500BF8F
:10627000254BD3F80034002BFAD04FF01023152211
:10628000C3F8002200BF204BD3F80034002BFAD013
:106290004FF010231522C3F8042200BF1A4BD3F885
:1062A0000034002BFAD0184B0022C3F8042500BF9D
:1062B000154BD3F80034002BFAD0FFF7A7FEFFF7F9
:1062C000BBFE00BF08BD00BF2403001040350140E5
:1062D00074C007400DF0ADBA440200103C05004008
:1062E000F0ED00E0A0050040105600408856004048
:1062F000185600401456004000C0004058020010DC
:10630000E40E004000ED00E000E00140124B1B688D
:10631000DBB2062B1DD1114B1B6803F00F03002BC2
:1063200017D10F4B1B6803F0F003302B01D1012371
:1063300010E00B4B1B6803F0F003402B01D101234D
:1063400008E0074B1B6803F0F003502B01D1012339
:1063500000E0002318467047E00F00F0E40F00F063
:10636000E80F00F00A4B1B68DBB2062B0DD1094B7E
:106370001B6803F00F03002B07D1074B1B6803F0CA
:10638000F003302B01D1012300E0002318467047B1
:10639000E00F00F0E40F00F0E80F00F0124B1B6874
:1063A000DBB2062B1DD1114B1B6803F00F03002B32
:1063B00017D10F4B1B6803F0F003302B01D10123E1
:1063C00010E00B4B1B6803F0F003402B01D10123BD
:1063D00008E0074B1B6803F0F003502B01D10123A9
:1063E00000E0002318467047E00F00F0E40F00F0D3
:1063F000E80F00F00A4B1B68DBB2062B0DD1094BEE
:106400001B6803F00F03002B07D1074B1B6803F039
:10641000F003302B01D1012300E000231846704720
:10642000E00F00F0E40F00F0E80F00F0124B1B68E3
:10643000DBB2062B1DD1114B1B6803F00F03002BA1
:1064400017D10F4B1B6803F0F003302B01D1012350
:1064500010E00B4B1B6803F0F003402B01D101232C
:1064600008E0074B1B6803F0F003502B01D1012318
:1064700000E0002318467047E00F00F0E40F00F042
:10648000E80F00F00A4B1B68DBB2062B0DD1094B5D
:106490001B6803F00F03002B07D1074B1B6803F0A9
:1064A000F003302B01D1012300E000231846704790
:1064B000E00F00F0E40F00F0E80F00F00A4B1B685B
:1064C000DBB2062B0DD1094B1B6803F00F03002B29
:1064D00007D1074B1B6803F0F003302B01D10123D8
:1064E00000E0002318467047E00F00F0E40F00F0D2
:1064F000E80F00F00A4B1B68DBB2062B0DD1094BED
:106500001B6803F00F03002B07D1074B1B6803F038
:10651000F003502B01D1012300E0002318467047FF
:10652000E00F00F0E40F00F0E80F00F0124B1B68E2
:10653000DBB2062B1DD1114B1B6803F00F03002BA0
:1065400017D10F4B1B6803F0F003302B01D101234F
:1065500010E00B4B1B6803F0F003402B01D101232B
:1065600008E0074B1B6803F0F003502B01D1012317
:1065700000E0002318467047E00F00F0E40F00F041
:10658000E80F00F0124B1B68DBB2062B1DD1114B3C
:106590001B6803F00F03002B17D10F4B1B6803F090
:1065A000F003302B01D1012310E00B4B1B6803F0EB
:1065B000F003402B01D1012308E0074B1B6803F0D7
:1065C000F003502B01D1012300E00023184670474F
:1065D000E00F00F0E40F00F0E80F00F082B001904F
:1065E0000091019A009B1B011344BC331B78002BC4
:1065F00001D0012300E00023184602B0704700B527
:1066000085B0019000230393002302930CE00299CC
:106610000198FFF7E3FF0346002B02D0039B0133F1
:106620000393029B01330293029B002BEFD0039B49
:10663000184605B05DF804FB00B585B002920193E1
:106640000346ADF80E300B46ADF80C30069BBDF896
:106650000E201A80069B02229A70019B1B689AB238
:10666000069BDA83069BBDF80C205A83069B1A1DF5
:10667000069B1A62029B1A88069B9A83069B042239
:106680001A76069800F072FC00BF05B05DF804FBB6
:1066900084B0039002910192029B1B68591C029ADC
:1066A0001160019A134401221A710123184604B0A3
:1066B000704700B587B00590049103920293049B44
:1066C0001B68112B15D9059B1889059B598B029BBB
:1066D0000093049B039AFFF7AFFF039B1A88049B68
:1066E0001B689BB213449AB2039B1A80049B00223E
:1066F0001A600A9B1B68099A9A420DD1049B1B6879
:10670000591C049A1160029A134400221A710A9BC0
:106710001B685A1C0A9B1A600A9B1B68099A9A42BA
:1067200010D90A9B1B68591C0A9A1160089A1A44CE
:10673000049B1B68581C049908601178029A134442
:106740000A461A710A9B1B68099A9A4201D20223CF
:1067500000E00123184607B05DF804FB00B587B0E0
:106760000590049103920293049B1B68112B15D989
:10677000059B1889059B598B029B0093049B039AE8
:10678000FFF75AFF039B1A88049B1B689BB21344B4
:106790009AB2039B1A80049B00221A60089B1B6814
:1067A000002B22D1089B1B6819460598FFF716FF9E
:1067B0000346002B14D0089B1A68049B1B68D1B2B7
:1067C000029A13440A461A71059BD3F8CC305A1C1E
:1067D000059BC3F8CC20049B1B685A1C049B1A60C1
:1067E000089B1B685A1C089B1A60089B1B68012B9E
:1067F00001D1032300E00123184607B05DF804FB34
:1068000000B583B003460092ADF806300B46ADF8F4
:10681000043024220021009801F0F6FF009BBDF80F
:1068200004205A83009B1A1D009B1A62009B0022C1
:106830009A83009B05221A76009B01225A76009BC0
:106840000022DA83009BBDF806201A80009B0222FA
:106850009A70009800F08AFB00BF03B05DF804FB5B
:1068600010B598B007900691059200231693002367
:1068700015930023ADF852300023139300238DF8B5
:106880005F30079B0022C3F8CC200798FFF7B7FEC4
:106890000346129309AB24220021184601F0B4FFED
:1068A0003BE09DF85F30032B36D801A252F823F06D
:1068B000C1680300D5680300F96803001B69030081
:1068C00009AA16AB19460798FFF7E2FE03468DF8B2
:1068D0005F3022E009A80DF1520216A913AB029312
:1068E000059B0193069B009303460798FFF7E1FE83
:1068F00003468DF85F3010E009A80DF1520216A989
:1069000012AB019315AB009303460798FFF726FFE0
:1069100003468DF85F3000E000BF9DF85F30032B29
:10692000BFD1079B1889079B598B16AC0DF15202FA
:1069300009AB00932346FFF77FFE079B1889079B4F
:106940005B8B09AA1946FFF75BFF079BD3F8CC20A6
:10695000079BC3F8D82000F0ADFB0023184618B001
:1069600010BD00BF00B587B0039002910192019B5A
:10697000002B01D10C2317E0029A019B13441B78D2
:10698000002B01D007230FE0039B002283F8DC20BB
:10699000019A02990398FFF763FF0590059B002B6E
:1069A00001D0059B00E00023184607B05DF804FB0A
:1069B00082B00190019B1B781A46019B01331B7822
:1069C0001B021A43019B02331B781B041A43019BD1
:1069D00003331B781B061343184602B0704782B07E
:1069E0000190019BD3F8D830002B01D1012300E0A6
:1069F0000023184602B0704784B00390684680E8D0
:106A00000E00039BD3F8D020019B1B0113441B787D
:106A1000002B01D0012300E00023184604B070478A
:106A200086B0039002910192019B1B68591C019A48
:106A30001160029A13441A78039B83F8DD20039BAC
:106A400093F8DD30002B02D0012B12D023E0039B02
:106A5000042283F8EC20039B03F13C02039BC3F860
:106A6000D020039B0822C3F8D42001238DF81730CF
:106A700015E0039B052283F8EC20039B03F1BC0285
:106A8000039BC3F8D020039B0122C3F8D420022328
:106A90008DF8173003E008238DF8173000BF9DF8FC
:106AA0001730184606B0704700B585B003900291C4
:106AB0000192019B1B68029A13441846FFF778FF66
:106AC0000246039BC3F80821019B1B681A1D019B0A
:106AD0001A600323184605B05DF804FB84B00390E8
:106AE00002910192019B1B68591C019A1160029A44
:106AF0001A44039BD3F8E8301178039A13440A46EA
:106B000083F80C21039BD3F8E830039A134493F8DD
:106B10000C31002B08D0039BD3F8E8305A1C039BA0
:106B2000C3F8E820022300E00323184604B07047AE
:106B300000B585B0039002910192019B1B68591C1E
:106B4000019A1160029A13441B781A46039BC3F8FA
:106B50000021039BD3F80021039BD3F8D4309A4241
:106B600001D3082324E0039BD3F8D020039BD3F860
:106B700000311B011344DA68039BC3F80421039816
:106B8000FFF72DFF0346002B01D0082310E0039BE5
:106B9000FC330ECB0398FFF72FFF0346002B06D0E4
:106BA000039BD3F8D8305A1E039BC3F8D820042384
:106BB000184605B05DF804FB84B003900291019281
:106BC000019B1B68591C019A1160029A13441B789F
:106BD0001A46039BA3F8FC200523184604B070470F
:106BE00000B585B0039002910192019B1B68591C6E
:106BF000019A1160029A13441B781902039BB3F89F
:106C0000FC301AB20BB213431BB29AB2039BA3F827
:106C1000FC20039B0022A3F8E420039BB3F8FC3084
:106C2000002B19D0039BD3F8D020039BD3F800315D
:106C30001B0113441B89002B0AD0039BD3F8D020DF
:106C4000039BD3F800311B011344DB68002B01D1F7
:106C5000072319E0062317E0039BFC330ECB0398B0
:106C6000FFF7CAFE0346002B05D0039B1B68039A5F
:106C7000EC32104698470398FFF7B1FE0346002B0D
:106C800001D0082300E00323184605B05DF804FB9B
:106C900010B584B0039002910192039BB3F8E420F5
:106CA000039BD3F8D010039BD3F800311B010B4496
:106CB0001B899A421CD2039BB3F8E420039BB3F8D0
:106CC000FC309A4214D2019B1B68591C019A116036
:106CD000029A1A44039BD3F80411039BB3F8E430DF
:106CE000581C84B20398A0F8E4400B4412781A7040
:106CF000039BB3F8E420039BB3F8FC309A420FD017
:106D0000039BB3F8E4301946039BD3F8D020039BD0
:106D1000D3F800311B0113441B89013B994234D144
:106D2000039BFC330ECB0398FFF766FE0346002B54
:106D300008D0039BD3F80431039AB2F8E42013443B
:106D400000221A70039BB3F8E420039BB3F8FC30D5
:106D50009A4201D2072319E0039BFC330ECB039820
:106D6000FFF74AFE0346002B05D0039B1B68039ADE
:106D7000EC32104698470398FFF731FE0346002B8C
:106D800001D0082302E0032300E00623184604B0E4
:106D900010BD00B585B0039002910192039BB3F83A
:106DA000E420039BB3F8FC309A420CD2039BB3F867
:106DB000E43001339AB2039BA3F8E420019B1B68E3
:106DC0005A1C019B1A60039BB3F8E420039BB3F8A1
:106DD000FC309A4218D1039BFC330ECB0398FFF78B
:106DE0000BFE0346002B05D0039B1B68039AEC3275
:106DF000104698470398FFF7F2FD0346002B01D099
:106E0000082302E0032300E00723184605B05DF8DD
:106E100004FB000000B587B0039002911346ADF863
:106E200006300023059382E0039B93F8DC30082BA7
:106E300078D801A252F823F05D6E0300756E03004E
:106E40008D6E0300A56E0300BD6E0300D56E0300BA
:106E5000ED6E0300056F03001D6F030005AB1A46BE
:106E600002990398FFF7DCFD03461A46039B83F85B
:106E7000DC205CE005AB1A4602990398FFF714FE8C
:106E800003461A46039B83F8DC2050E005AB1A4604
:106E900002990398FFF722FE03461A46039B83F8E4
:106EA000DC2044E005AB1A4602990398FFF740FE48
:106EB00003461A46039B83F8DC2038E005AB1A46EC
:106EC00002990398FFF778FE03461A46039B83F85E
:106ED000DC202CE005AB1A4602990398FFF780FEF0
:106EE00003461A46039B83F8DC2020E005AB1A46D4
:106EF00002990398FFF7CCFE03461A46039B83F8DA
:106F0000DC2014E005AB1A4602990398FFF741FF15
:106F100003461A46039B83F8DC2008E0BDF80630E0
:106F2000059304E0039B082283F8DC2000BFBDF832
:106F30000620059B9A423FF677AF00BF00BF07B01F
:106F40005DF804FB9ADF704700BF18469CDF70476E
:106F500000BF184608B54FF490720021024801F0B6
:106F600053FC00BF08BD00BFDC3A002000B583B071
:106F700001904E4B1A681346DB0013449B004C4AA9
:106F8000134408220021184601F03EFC474B1A68C2
:106F9000019B188846491346DB0013449B000B44B1
:106FA00002461A80414B1A68019B98784049134663
:106FB000DB0013449B000B44023302461A703B4B28
:106FC0001A68019B588B3A491346DB0013449B0017
:106FD0000B441A3302461A80344B1A68019BD88B33
:106FE00033491346DB0013449B000B441E33024617
:106FF0001A802E4B1A68019B187E2D491346DB0020
:1070000013449B000B44183302461A70274B1A682E
:10701000019B587E26491346DB0013449B000B441A
:10702000193302461A70214B1968204B1A680B4617
:10703000DB000B449B001E490B44191D1C481346E2
:10704000DB0013449B00034420331960174B1A687C
:10705000019B988B16491346DB0013449B000B449D
:107060001C3302461A80019B9B78022B0ED10F4BDA
:107070001A681346DB0013449B000D4A1344181D85
:10708000019B04331422194601F08CFB074B1B684B
:107090000133064A1360054B1B6803F00703034ADC
:1070A000136000BF03B05DF804FB00BFFC3B002091
:1070B000DC3A002000B583B0294B1A68294B1B68C5
:1070C0009A4249D0264B1A6827491346DB001344DD
:1070D0009B000B4402331B78012B18D1204B1A68FC
:1070E00021491346DB0013449B000B4418881C4BBA
:1070F0001A681D491346DB0013449B000B440433FC
:107100001B8800221946FFF71DFF019016E0144B63
:107110001A6815491346DB0013449B000B4418887A
:107120000F4B1A681346DB0013449B0010330E4AC2
:10713000134408331946FFF709FF0190019B002B08
:107140000AD1074B1B680133054A1360044B1B68C7
:1071500003F00703024A136000BF03B05DF804FBAD
:10716000003C0020FC3B0020DC3A002082B00346BB
:107170000091ADF80630BDF80630DAB2009B1A7007
:10718000BDF806301B0A9AB2009B0133D2B21A70C6
:107190000223184602B0704782B001900091019B13
:1071A000DAB2009B1A70019B1A0A009B0133D2B21B
:1071B0001A70019B1A0C009B0233D2B21A70019B09
:1071C0001A0E009B0333D2B21A700423184602B081
:1071D000704782B00190019B1B781A46019B0133D6
:1071E0001B781B021A43019B02331B781B041A43B2
:1071F000019B03331B781B061343184602B07047EC
:1072000062DF704700BF184682B001900091019B79
:107210001A89009B9B889A4203D1019B4FF6FF720B
:107220001A8100BF02B0704700B5A3B00190009171
:10723000614B1B881B0443F00300009B1B781A461C
:107240005E49ECF7A9FD009B0E332093009B1B7851
:10725000002B40F0A480009B9B884FF23142934268
:1072600040F09D80009B9A79019B1B7B9A4240F0E5
:107270009680002321937EE0219A1346DB0013447D
:107280005B001A46209B13441B884DF6F302934281
:107290000CD04DF6F302934269DC41F20D22934289
:1072A00041D04CF2E962934219D060E0424B1B8816
:1072B0001B0443F0030342491846ECF75FFD219A93
:1072C0001346DB0013445B001A46209B1344194607
:1072D00003AB48330A22184601F064FA48E0364B03
:1072E0001B881B0443F0030336491846ECF746FDA0
:1072F000219A1346DB0013445B001A46209B13447B
:10730000194603AB62330A22184601F04BFA219A60
:107310001346DB0013445B001A46209B13445B8931
:10732000ADF8783024E0244B1B881B0443F00303A2
:1073300025491846ECF722FD219A1346DB00134439
:107340005B001A46209B1344194603AB52330A22B2
:10735000184601F027FA219A1346DB0013445B001C
:107360001A46209B13445B89ADF8683000E000BFEB
:10737000219B01332193009B1B7A1A46219B934248
:10738000FFF47AAF00238DF80C30009B5B88ADF8DA
:107390000E30019B1B6803AA1046984708E00123A2
:1073A0008DF80C30019B1B6803AA1046984700BF5C
:1073B00000BF23B05DF804FB982100206C9F030000
:1073C000A09F0300C49F0300E89F030082B00190C8
:1073D000019B1B79022B03D8019B9B790B2B01D9B5
:1073E000072300E00023184602B0704700B5A3B0A1
:1073F000039002911346ADF80630BDF80630082B15
:1074000007D003238DF81030039B1B6804AA104695
:107410009847029B1B788DF81830029B01331B782C
:1074200003F00103DAB29DF8193062F300038DF81E
:107430001930029B01331B785B08DBB203F00103B8
:10744000DAB29DF8193062F341038DF81930029BCE
:1074500001331B789B08DBB203F00103DAB29DF81D
:10746000193062F382038DF81930029B01331B78C7
:10747000DB08DBB203F00103DAB29DF8193062F3E6
:10748000C3038DF81930029B01331B781B09DBB253
:1074900003F00103DAB29DF8193062F304138DF89A
:1074A0001930029B02331B788DF81A30029B03338C
:1074B0001B788DF81B30029B04331846FFF789FEBA
:1074C0000346059304AB04331846FFF77FFF219072
:1074D000219B002B03D102238DF8103002E00323FF
:1074E0008DF81030039B1B6804AA1046984700BF14
:1074F00023B05DF804FB00B585B0039002910192C2
:10750000019A02990398FFF72DFA0346184605B031
:107510005DF804FB00B585B001900091009B0A3333
:107520000393009B9A88019B1B899A421DD1039B60
:107530001A88019B9B8C9A4208D1039B991D039B3F
:107540009B881A460198FFF751FF0FE0039B1A88AA
:10755000019B9B8E9A4209D1039B991D039B9B889B
:107560001A460198FFF756FC00E000BF05B05DF831
:1075700004FB00B5A1B00190009106238DF80C30FA
:10758000009BDB88ADF81830019B1B6803AA1046EE
:10759000984700BF21B05DF804FB00B583B00190AF
:1075A0000091019B1A89009B9B889A4210D1009BF5
:1075B0001B89002B09D0009B1A89019B5B8B9A4287
:1075C00003D100990198FFF7D4FFFFF773FD00E0A6
:1075D00000BF03B05DF804FB00B585B001900091D9
:1075E000009B0393019B1B88ADF80A30BDF80A305D
:1075F000392B0AD0392B12DC112B0BD0382B0ED1A2
:1076000001990398FFF7C9FF0AE001990398FFF772
:1076100081FF05E001990398FFF7F6FD00E000BF48
:1076200000BF05B05DF804FB00B585B00190009186
:10763000019B002B01D10E2375E0009B002B01D193
:107640000E2370E0009B1B68002B01D10E236AE023
:10765000019B002283F8DC20019B0022C3F8E0207C
:10766000019B0022A3F8E420019B0022C3F8E8203C
:10767000009B1A68019B1A60009B5A68019B5A6024
:10768000019B4FF6FF721A81019B42F602121A8784
:10769000019B42F602121A85019B0A333222002115
:1076A000184601F0B1F8FFF755FC019B0C33194661
:1076B0001F48FFF7A5FD0390039B002B01D0039B00
:1076C00031E0019B143319461A48FFF799FD0390E6
:1076D000039B002B01D0039B25E0019B1E33194621
:1076E0001548FFF78DFD0390039B002B01D0039BF2
:1076F00019E0019B2E3319461048FFF781FD0390D6
:10770000039B002B01D0039B0DE0019B4FF2314204
:107710005A81019B1A7B019B1A73019B0A331846FD
:10772000F8F736FF0346184605B05DF804FB00BFC6
:1077300094A00300A4A00300B4A00300C4A003000D
:1077400000B58DB00346ADF806300B46ADF80430F9
:1077500013468DF8033002AB24220021184601F0B5
:1077600053F89DF80330ADF82E30BDF80430ADF875
:1077700022300223ADF8263002AB04330A930023F3
:10778000ADF8243001238DF82030BDF82E30DBB267
:107790008DF80C30BDF82E301B0A9BB2DBB28DF891
:1077A0000D30BDF80630ADF8083002238DF80A30F0
:1077B00002AB1846FFF7DAFBFFF77CFC0023184604
:1077C0000DB05DF804FB000000B583B001900C4BD8
:1077D0001B881B0443F00300019BDB8C1A460949FC
:1077E000ECF7DAFA019B1889019BDB8C0122194620
:1077F000FFF7A6FF0346184603B05DF804FB00BF81
:107800009821002014A0030000B583B001900C4B18
:107810001B881B0443F00300019BDB8E1A460949B9
:10782000ECF7BAFA019B1889019BDB8E01221946FD
:10783000FFF786FF0346184603B05DF804FB00BF60
:107840009821002058A0030000B58FB0019000914E
:1078500003AB24220021184600F0D6FF00230D932D
:10786000019B0022C3F8CC20019B5B8BADF8263036
:1078700003AB04330B930023ADF8283001238DF8BC
:1078800024300D9B5A1C0D9238336B44002203F8B0
:10789000282C03AA0D9B1344043319460098FFF7C4
:1078A0007BFC03461A460D9B13440D9300230C9357
:1078B00036E0019A0C9B1B0113443C331B78002BD0
:1078C0002BD00D9B5A1C0D920C9AD2B238336B44BC
:1078D00003F8282C0C9B012B05D00C9B022B02D00B
:1078E0000C9B032B12D1019A0C9B04331B011344F4
:1078F0000433188803AA0D9B134404331946FFF779
:1079000035FC03461A460D9B13440D93019BD3F897
:10791000CC305A1C019BC3F8CC200C9B01330C9338
:107920000C9B072BC5D90D9B9BB2ADF82A30019B50
:107930001B89ADF80C3002238DF80E30019BD3F873
:10794000CC20019BC3F8D82003AB1846FFF70EFBF1
:10795000FFF7B0FB002318460FB05DF804FB84B0BE
:10796000039001921A460B468DF80B301346ADF882
:107970000830019B002B01D10E2325E0BDF8083013
:10798000002B03D0BDF80830202B01D909231BE0C0
:107990009DF80B30039A1B0113443C3301221A70EB
:1079A0009DF80B30039A04331B0113440433BDF8D4
:1079B00008201A809DF80B30039A04331B011344EE
:1079C0000833019A1A600023184604B0704784B047
:1079D000039001921A460B468DF80B301346ADF812
:1079E0000830039B002B01D10E232AE0019B002BC2
:1079F00001D10E2325E0BDF80830002B03D0BDF8DF
:107A00000830202B01D909231BE09DF80B30039A85
:107A10001B011344BC3301221A709DF80B30039AEA
:107A20000C331B0113440433BDF808201A809DF861
:107A30000B30039A0C331B0113440833019A1A606C
:107A40000023184604B0704700B585B0019000913E
:107A50000098FFF7BBFC0390039B002B01D0039B16
:107A600010E0009B1B6819460198FFF7EDFE03909C
:107A7000019B002283F8DC20039B002B01D0039B99
:107A800000E00023184605B05DF804FB00B587B0A0
:107A90000390029113468DF8073000238DF81730BC
:107AA0009DF817305A1C8DF817201A46039B134473
:107AB00002221A709DF81730039A1344194602984F
:107AC000FFF76AFB03461A469DF8173013448DF8FA
:107AD00017309DF817305A1C8DF817201A46039B53
:107AE00013449DF807201A709DF817309BB2184672
:107AF00007B05DF804FB00B58FB003900291134608
:107B00008DF80730039B002B01D10E232FE004AB2F
:107B100024220021184600F077FE9DF8072004ABD0
:107B2000043302991846FFF7B1FF0346ADF836302B
:107B3000039B5B8BADF82A3004AB04330C9300231A
:107B4000ADF82C3001238DF82830BDF83630ADF873
:107B50002E30039B1B89ADF8103002238DF81230B4
:107B600004AB1846FFF702FAFFF7A4FA0023184601
:107B70000FB05DF804FB84B003900B460192ADF8A2
:107B80000A30039B002B01D10E231BE0039BBDF8A1
:107B90000A201A81019B002B13D0019B1A8A039B98
:107BA0005A83019B9A8D039BDA86019B5A8D039B16
:107BB0009A86019B9A8B039BDA84019B5A8B039BC9
:107BC0009A840023184604B07047000082B0034630
:107BD0008DF807309DF8073003F01F0205499DF925
:107BE00007305B09012000FA02F241F8232000BFB0
:107BF00002B0704700E100E082B003468DF8073024
:107C00009DF8073003F01F0206499DF907305B0914
:107C1000012000FA02F2203341F8232000BF02B015
:107C2000704700BF00E100E082B0034600918DF88C
:107C300007309DF90730002B0CDA009BDAB20C49B3
:107C40009DF8073003F00F03043B5201D2B20B44FE
:107C50001A7609E0009BDAB206499DF90730520115
:107C6000D2B20B4483F8002300BF02B0704700BFBC
:107C700000ED00E000E100E082B003468DF807303F
:107C80009DF90730002B0BDA0B4A9DF8073003F003
:107C90000F03043B13441B7EDBB25B09DBB208E03D
:107CA000064A9DF90730134493F80033DBB25B09B1
:107CB000DBB2184602B0704700ED00E000E100E0E2
:107CC00000B583B00190019B002B03D10449C4206F
:107CD000F4F708FD019B5B68184603B05DF804FBF0
:107CE000D4A0030010DF704700BF184611DF7047B3
:107CF00000BF184682B003468DF807309DF9073063
:107D00001F2B0CDC9DF907300F4A22FA03F303F016
:107D10000103002B14BF01230023DBB210E09DF907
:107D200007303F2B0BDC9DF90730203B012202FA84
:107D300003F3002B14BF01230023DBB200E0012377
:107D4000184602B0704700BFFC06FFBD82B001902C
:107D5000019B072B01D900230BE0019B002B05D0D1
:107D6000019B012B02D0019B042B01D1002300E0D9
:107D70000123184602B0704700B583B003468DF862
:107D800007309DF907301846FFF7B4FF0346002B74
:107D900002D142F201032EE09DF907301846FFF7A9
:107DA0006BFF03461846FFF7D1FF0346002B02D1B5
:107DB00042F202031FE0124B9B68002B15D09DF985
:107DC00007305B090E4A52F823209DF8073003F074
:107DD0001F03012101FA03F319469DF907305B09DE
:107DE0000A43074941F8232004E09DF9073018466B
:107DF000FFF7ECFE0023184603B05DF804FB00BF5C
:107E0000802C002000B583B003468DF807309DF923
:107E100007301846FFF76EFF0346002B02D142F2EF
:107E200001031FE0114B9B68002B15D09DF9073013
:107E30005B090E4A52F823109DF8073003F01F0328
:107E4000012202FA03F3DA439DF907305B090A4085
:107E5000064941F8232004E09DF907301846FFF752
:107E6000CBFE0023184603B05DF804FB802C0020F5
:107E700000B583B0034600918DF807309DF90730B7
:107E80001846FFF737FF0346002B02D142F20103E9
:107E90000FE00098FFF75AFF0346002B02D142F291
:107EA000020306E09DF9073000991846FFF7BCFE73
:107EB0000023184603B05DF804FB000000B587B04E
:107EC00003468DF8073002AB14491846F1F724F940
:107ED00017E002AB1846FFF7F3FE0590059B1B6801
:107EE0000493059B59689DF80720049B104698470A
:107EF0000346002B01D111230BE002AB1846F1F72A
:107F000035F902AB1846FFF7DBFE0346002BE0D144
:107F10000023184607B05DF804FB00BF88A10300EA
:107F200000B587B003468DF8073002AB11491846FB
:107F3000F1F7F2F812E002AB1846FFF7C1FE059028
:107F4000059B1B680493059B59689DF80720049BBB
:107F50001046984702AB1846F1F708F902AB1846ED
:107F6000FFF7AEFE0346002BE5D100BF00BF07B010
:107F70005DF804FB94A1030000B583B01620FFF761
:107F8000FBFE0190019B0093009B002B04D0044A50
:107F900099210098ECF790FC00BF03B05DF804FB5A
:107FA00030A1030000B583B01620FFF72BFF01902E
:107FB000019B0093009B002B04D0044AA52100984C
:107FC000ECF77AFC00BF03B05DF804FB30A10300BE
:107FD00000B585B007211620FFF74AFF0390039BE9
:107FE0000293029B002B04D00B4AB8210298ECF7B5
:107FF00063FC07211520FFF73BFF0390039B0193D0
:10800000019B002B04D0044ABA210198ECF754FCE0
:1080100000BF05B05DF804FB30A1030000B583B0DC
:108020001B4B1B78002B01D008232CE0194B01229D
:108030001A700020FFF742FF0346112B01D10023E5
:1080400021E00020FFF76CFF134B1B6800936B4689
:1080500012491846FFF746FE0190019B002B01D004
:10806000019B10E00A4B01221A700A4B00221A7081
:108070000B4B00221A70FFF7ABFFFFF77DFF0120CB
:10808000FFF74EFF0023184603B05DF804FB00BF66
:10809000043C0020063C002084A103008549020026
:1080A000053C002000B583B0174B1B7883F001031B
:1080B000DBB2002B01D0082321E0144B01221A70FF
:1080C0000120FFF7FBFE0346112B01D1002316E030
:1080D0000220FFF725FFFFF709FE0190019B002B0F
:1080E00001D0019B0BE0084B00221A70074B0022C5
:1080F0001A70FFF757FF0320FFF712FF00231846FF
:1081000003B05DF804FB00BF043C0020063C0020E7
:1081100008B50B4B1B7883F00103DBB2002B01D0B9
:1081200008230AE0074B1B78002B03D0FFF7BAFFA8
:10813000034602E0FFF772FF0346184608BD00BF82
:10814000063C0020043C0020014B1B781846704779
:10815000043C002000B585B06B4611491846F0F785
:10816000DBFF10E06B461846FFF7AAFD0390039B68
:108170001B680293039B5A68029B104698476B4604
:108180001846F0F7F3FF6B461846FFF799FD0346D4
:10819000002BE7D100BF00BF05B05DF804FB00BFB6
:1081A000A0A1030000B583B001900B46ADF80230EA
:1081B000FFF7D0FF00BF03B05DF804FB00B583B04C
:1081C0000A4A00210020ECF70DFD0190019B00936D
:1081D000009B002B05D0064A40F29B110098ECF75B
:1081E0006BFB00BF03B05DF804FB00BFA58103007B
:1081F00030A1030060DF704700BF184669DF704799
:1082000000BF184661DF704700BF184600B583B055
:108210000190019B002B03D10449C420F4F762FABA
:10822000019B5B68184603B05DF804FBACA103003A
:1082300082B00190019B002B01D10E2304E0044B7E
:108240001A46019B1A600023184602B0704700BF0F
:108250008021002010B586B0034600918DF80730CC
:108260000098FFF7E5FF0590059B002B01D0059BCB
:10827000BAE002AB0C220021184600F0C5FA9DF8C6
:1082800007308DF8083001238DF80A300323ADF84C
:108290000C30009B1A6802AB19462020FFF7AEFF96
:1082A0000590059B002B0DD0514B1B881B0443F000
:1082B00001040598F0F78CFF03461A464D49204605
:1082C000EBF76AFD02AB0C220021184600F09CFA85
:1082D00001238DF8083000238DF8093000238DF834
:1082E0000A30009B1A6802AB19464020FFF786FF50
:1082F0000590059B002B0DD03D4B1B881B0443F0C4
:1083000001040598F0F764FF03461A463A492046EF
:10831000EBF742FD02AB0C220021184600F074FA84
:108320000A238DF80830009B1A6802AB1946012019
:10833000FFF764FF0590059B002B0DD02C4B1B888D
:108340001B0443F001040598F0F742FF03461A4668
:108350002A492046EBF720FD02AB0C2200211846EB
:1083600000F052FA4FF4B0630293009B1A6802AB1C
:108370001946A120FFF742FF0590059B002B0DD069
:108380001B4B1B881B0443F001040598F0F720FFEA
:1083900003461A461A492046EBF7FEFC02AB0C22B4
:1083A0000021184600F030FA9DF8083023F0010350
:1083B0008DF80830009B1A6802AB1946A020FFF721
:1083C0001DFF0590059B002B0DD0094B1B881B043E
:1083D00043F001040598F0F7FBFE03461A460949ED
:1083E0002046EBF7D9FC0023184606B010BD00BFAD
:1083F000E02100200CA2030054A20300A0A203006D
:10840000ECA2030040A3030082B04FF08053D3F8E6
:108410000C319B020193019B03F10053184602B0FB
:108420007047000010B584B00190019B1B68039356
:108430000198FFF7DFFE0290019B1B68039A9A42A6
:108440001AD0184B1B881B0443F00200019B1B68C9
:10845000039A1549EBF7B1FC124B1B881B0443F040
:108460000204FFF7D1FF0246019B1B68D31A1A468C
:108470000E492046EBF790FC029B002B0DD0094BD8
:108480001B881B0443F001040298F0F7A1FE034689
:108490001A4607492046EBF77FFC029B184604B0BA
:1084A00010BD00BFE021002094A30300C4A303007B
:1084B000E8A3030000B599B001903823ADF84E3021
:1084C0000DF14E0203AB11461846FFF79BFE1790C5
:1084D000179B002B03D0179B052B22D127E003AB62
:1084E000169311AB14491846F0F716FE11E011ABC4
:1084F0001846FFF78BFE1590159B1B681493159B70
:108500005A68149B11461698984711AB1846F0F715
:108510002DFE11AB1846FFF779FE0346002BE6D17E
:10852000CBE7064A40F221111798ECF7C5F900BFD6
:1085300019B05DF804FB00BF60A4030008A40300A9
:1085400000B583B00190019B002B03D10449C420E6
:10855000F4F7C8F8019B5B68184603B05DF804FBAC
:108560006CA4030048DF704700BF184600B589B00F
:10857000019004AB1846FFF7F5FF0790079B002B0F
:1085800003D0079B052B20D124E002AB13491846EA
:10859000F0F7C2FD11E002AB1846FFF7D1FF0690DD
:1085A000069B1B680593049A069B5968059B104619
:1085B000984702AB1846F0F7D9FD02AB1846FFF713
:1085C000BFFF0346002BE6D1D3E7054A6B2107988E
:1085D000ECF772F900BF09B05DF804FB24A50300B5
:1085E000CCA40300002B35D129B9B0FBF2FC0CFB65
:1085F000120260467047914215D22DE9F041B2FA5D
:1086000082F39A409940D3F1200C30FA0CFC51EAE5
:108610000C01984000F04EF8280036FA03F20021D1
:108620000023BDE8F081F0B5B1FBF2FC0CFB1211A8
:10863000B2FA82F39A409940D3F1200630FA06F656
:108640003143984000F036F8614628003200DA40A5
:108650000023F0BDF3B5B3FA83FC49085FEA3000AC
:1086600013FA0CF3DCF1200432FA04F423430CB4C3
:108670001A0000F01FF80CBC33FA0CF3DCF11F0CED
:1086800035FA0CF518BF013D03BCA5FB026705FBDD
:108690000377801BB941904271EB030C05D3821A1A
:1086A00071EB0303681C0021F0BD02000B002800E1
:1086B0000021F0BD940D4FF6C2752D02B5FBF4F408
:1086C000D60A013604FB04F5A5FB0656F64306EB75
:1086D0000416550832BF00277708013505FB1677C9
:1086E000A6FB07477F0807EBC63714001500E7FB1A
:1086F00002457F1B4D1C0400E7FB014505FB1206EC
:10870000A64284BF013DB618964224BF0135B61A71
:10871000704700BF082938BF7047416043F60841E1
:10872000C2F20001086000210160704700B5042A10
:108730008E4609D350F8043B5EF804CB634505D15F
:10874000043A032A7146F5D89AB10368086880EAAA
:10875000030191FAA1F1B1FA81F1B2EBD10F08D97D
:1087600001F0380123FA01F2C840C0B2D1B2081AB0
:1087700000BD002000BD0178002904BF0020704723
:1087800000214FF001324358C2FA53F30431002B59
:10879000F9D093FAA3F0B0FA80F001EBD0000438DE
:1087A000704700005AB3844690EA01039B071FD12B
:1087B000830707D011F8013B00F8013B013AF7D1DC
:1087C0001CE08446203A09D32DE9F007B1E8F80708
:1087D000A0E8F807203AF9D2BDE8F0071C3205D42A
:1087E00051F8043B40F8043B043AF9D2043205D076
:1087F00011F8013B00F8013B013AF9D1604670479E
:1088000000220B0011001A0084465AB3830704D0DB
:1088100000F8011B013AF9D124E0C9B241EA012173
:1088200041EA0141202A11D3203A2DE9F0030B46F9
:108830000C460D460E460F4688468946A0E8FA03C8
:10884000203AFBD2BDE8F00320320BD0042A05D336
:1088500040F8041B043A05D0042AF9D200F8011BA1
:10886000013AFBD16046704784460020002918BFBA
:10887000002A00D17047097848B2002844BF6FF041
:1088800001007047BCF1000F18BFCCF800100021A8
:10889000C3E90011002818BF012070477F298EBF4F
:1088A0006FF0010001700120704743F60C41C2F2E5
:1088B00000010968002904BF42F2B451C2F200016C
:1088C000496889680A68092110477F2884BF002009
:1088D00070474AF24472C0F20302515C4AF2C46229
:1088E000C0F20302105C08407047A0F161011A2930
:1088F00038BF20387047A0F141011A2938BF40F035
:10890000200070477F2884BF002070474AF24472DD
:10891000C0F20302515C4AF2C462C0F20302105C6E
:1089200008407047A0F161011A2938BF203870470C
:0E893000A0F141011A2938BF40F02000704725
:10894000CD8C020000000000E59B0200000000004A
:088950008BEF02001031002042
:10895800E1F70200000000002DC502000000000041
:1089680091240300FC30002041EF02001031002068
:10897800210703007022002015F602000000000005
:10898800453F030000000000D97503009C2F00201C
:0889980029D4020000000000D8
:1089A000F48B030000000300EC8E030000000000C5
:1089B000609F030000000300E89D03000000030027
:1089C000149E0300000003007C96030000000000DA
:1089D000709703000000000028A1030000000300BE
:1089E00000A2030000000300C0A403000000030075
:1089F00014910300000000000C9803000000000028
:088A0000758D0200000000006A
:108A08009D8D020000000000019C02000000000093
:108A1800B5840300000000006D850300000000001D
:108A2800000000000000000000000000000000003E
:108A3800000000000000000000000000000000002E
:108A4800000000000000000000000000000000001E
:108A5800000000000000000000000000000000000E
:108A680000000000000000000000000000000000FE
:108A780000000000000000000000000000000000EE
:108A880000000000000000000000000000000000DE
:108A980000000000000000000000000000000000CE
:108AA80000000000000000000000000000000000BE
:108AB8000000000000000000397202000000000001
:048AC80000000000AA
:108ACC002F686F6D652F736A6F2F64776D3130303F
:108ADC00312D6578616D706C65732F6E5246355F04
:108AEC0053444B5F31342E322E302F636F6D706FC9
:108AFC006E656E74732F6C69627261726965732F27
:108B0C006578706572696D656E74616C5F6C6F67AA
:108B1C002F7372632F6E72665F6C6F675F62616337
:108B2C006B656E645F756172742E6300FFFFFFFFEF
:108B3C00FFFFFFFFFFFFFFFFFFFFFFFF0000000035
:108B4C00000000000000D60107010000793502008A
:108B5C00AD350200A13502002F686F6D652F736A69
:108B6C006F2F64776D313030312D6578616D706C9D
:108B7C0065732F6E5246355F53444B5F31342E3242
:108B8C002E302F636F6D706F6E656E74732F6C6902
:108B9C00627261726965732F6578706572696D6553
:108BAC006E74616C5F6C6F672F7372632F6E72667D
:108BBC005F6C6F675F64656661756C745F6261633F
:108BCC006B656E64732E6300D42600200C26002087
:108BDC001426002014260020180000004F76657221
:108BEC00666C6F7700000000617070002F686F6D0D
:108BFC00652F736A6F2F64776D313030312D657846
:108C0C00616D706C65732F6E5246355F53444B5FCC
:108C1C0031342E322E302F636F6D706F6E656E7423
:108C2C00732F6C69627261726965732F65787065F8
:108C3C0072696D656E74616C5F6C6F672F737263B4
:108C4C002F6E72665F6C6F675F66726F6E74656EA7
:108C5C00642E63006572726F720000007761726E31
:108C6C00696E6700696E666F00000000646562756E
:108C7C00670000001B5B306D000000001B5B313B8C
:108C8C0033306D001B5B313B33316D001B5B313B73
:108C9C0033326D001B5B313B33336D001B5B313B5F
:108CAC0033346D001B5B313B33356D001B5B313B4B
:108CBC0033366D001B5B313B33376D002573000081
:108CCC003C25733E2025733A200000000D0A00005D
:108CDC002025303278000000202020007C0000008D
:108CEC002563000020000000082B00202F686F6D0A
:108CFC00652F736A6F2F64776D313030312D657845
:108D0C00616D706C65732F6E5246355F53444B5FCB
:108D1C0031342E322E302F636F6D706F6E656E7422
:108D2C00732F6C69627261726965732F62757474EA
:108D3C006F6E2F6170705F627574746F6E2E63004E
:108D4C00534F46544445564943453A2041535345A5
:108D5C005254494F4E204641494C454400000000B6
:108D6C00534F46544445564943453A20494E564183
:108D7C004C4944204D454D4F525920414343455396
:108D8C0053000000415353455254494F4E20464125
:108D9C00494C45442061742025733A257500000028
:108DAC004552524F52202575205B25735D2061740E
:108DBC002025733A25750000554E4B4E4F574E20CB
:108DCC004641554C54206174203078253038580079
:108DDC002F686F6D652F736A6F2F64776D3130302C
:108DEC00312D6578616D706C65732F6E5246355FF1
:108DFC0053444B5F31342E322E302F636F6D706FB6
:108E0C006E656E74732F6C69627261726965732F13
:108E1C0074696D65722F6170705F74696D65722E07
:108E2C00630000002F686F6D652F736A6F2F647776
:108E3C006D313030312D6578616D706C65732F6ECE
:108E4C005246355F53444B5F31342E322E302F63F4
:108E5C006F6D706F6E656E74732F6C696272617278
:108E6C006965732F7574696C2F6170705F757469A7
:108E7C006C5F706C6174666F726D2E630000000025
:108E8C002F686F6D652F736A6F2F64776D3130307B
:108E9C00312D6578616D706C65732F6E5246355F40
:108EAC0053444B5F31342E322E302F636F6D706F05
:108EBC006E656E74732F6C69627261726965732F63
:108ECC006664732F6664732E63000000DEC0ADDE33
:108EDC00FF011EF1DEC0ADDEFE011EF10000FFFF42
:108EEC0062616C6C6F6300002F686F6D652F736A25
:108EFC006F2F64776D313030312D6578616D706C0A
:108F0C0065732F6E5246355F53444B5F31342E32AE
:108F1C002E302F636F6D706F6E656E74732F6C696E
:108F2C00627261726965732F62616C6C6F632F6E14
:108F3C0072665F62616C6C6F632E63002F686F6D7D
:108F4C00652F736A6F2F64776D313030312D6578F2
:108F5C00616D706C65732F6E5246355F53444B5F79
:108F6C0031342E322E302F65787465726E616C2F11
:108F7C00667072696E74662F6E72665F6670726967
:108F8C006E74662E630000002F686F6D652F736A18
:108F9C006F2F64776D313030312D6578616D706C69
:108FAC0065732F6E5246355F53444B5F31342E320E
:108FBC002E302F65787465726E616C2F66707269D5
:108FCC006E74662F6E72665F667072696E74665F21
:108FDC00666F726D61742E630000000030313233A5
:108FEC003435363738394142434445460010000089
:108FFC000400000001000000158B0200618B0200D0
:10900C00FD8B02008D8B0200218C0200958C0200DE
:10901C00A38C0200B18C02002F686F6D652F736AF0
:10902C006F2F64776D313030312D6578616D706CD8
:10903C0065732F6E5246355F53444B5F31342E327D
:10904C002E302F636F6D706F6E656E74732F6C693D
:10905C00627261726965732F6578706572696D658E
:10906C006E74616C5F6D656D6F626A2F6E72665F98
:10907C006D656D6F626A2E63000000002E2E2F2E20
:10908C002E2F2E2E2F2E2E2F2E2E2F2E2E2F636F79
:10909C006D706F6E656E74732F6C6962726172693C
:1090AC0065732F6578706572696D656E74616C5F40
:1090BC0073656374696F6E5F766172732F6E72661F
:1090CC005F73656374696F6E5F697465722E680097
:1090DC002E2E2F2E2E2F2E2E2F2E2E2F2E2E2F2E9F
:1090EC002E2F636F6D706F6E656E74732F6C69626B
:1090FC007261726965732F6D757465782F6E726607
:10910C005F6D74782E6800007077725F6D676D7498
:10911C00000000002F686F6D652F736A6F2F6477E6
:10912C006D313030312D6578616D706C65732F6EDB
:10913C005246355F53444B5F31342E322E302F6301
:10914C006F6D706F6E656E74732F6C696272617285
:10915C006965732F7077725F6D676D742F6E7266B1
:10916C005F7077725F6D676D742E63002F686F6D23
:10917C00652F736A6F2F64776D313030312D6578C0
:10918C00616D706C65732F6E5246355F53444B5F47
:10919C0031342E322E302F636F6D706F6E656E749E
:1091AC00732F6C69627261726965732F6578706573
:1091BC0072696D656E74616C5F73656374696F6EF3
:1091CC005F766172732F6E72665F73656374696F1D
:1091DC006E5F697465722E6300000000556E6B6ED5
:1091EC006F776E206572726F7220636F646500001A
:1091FC004E52465F53554343455353004E52465FC0
:10920C004552524F525F5356435F48414E444C4572
:10921C00525F4D495353494E470000004E52465F32
:10922C004552524F525F534F46544445564943455D
:10923C005F4E4F545F454E41424C45440000000088
:10924C004E52465F4552524F525F494E5445524E14
:10925C00414C00004E52465F4552524F525F4E4FAA
:10926C005F4D454D000000004E52465F4552524F37
:10927C00525F4E4F545F464F554E44004E52465F20
:10928C004552524F525F4E4F545F535550504F52B0
:10929C00544544004E52465F4552524F525F494E20
:1092AC0056414C49445F504152414D004E52465F2D
:1092BC004552524F525F494E56414C49445F5354AC
:1092CC00415445004E52465F4552524F525F494EF3
:1092DC0056414C49445F4C454E47544800000000F1
:1092EC004E52465F4552524F525F494E56414C4981
:1092FC00445F464C414753004E52465F4552524FD5
:10930C00525F494E56414C49445F44415441000020
:10931C004E52465F4552524F525F444154415F5347
:10932C00495A45004E52465F4552524F525F54497E
:10933C004D454F55540000004E52465F4552524F1A
:10934C00525F4E554C4C00004E52465F4552524FA8
:10935C00525F464F5242494444454E004E52465F7E
:10936C004552524F525F494E56414C49445F41441D
:10937C00445200004E52465F4552524F525F425586
:10938C00535900004E52465F4552524F525F4D4F5B
:10939C0044554C455F4E4F545F494E495449414CDE
:1093AC005A4544004E52465F4552524F525F4D55FE
:1093BC005445585F494E49545F4641494C45440019
:1093CC004E52465F4552524F525F4D555445585F71
:1093DC004C4F434B5F4641494C4544004E52465F0F
:1093EC004552524F525F4D555445585F554E4C4F58
:1093FC00434B5F4641494C45440000004E52465F8A
:10940C004552524F525F4D555445585F434F4E4451
:10941C005F494E49545F4641494C454400000000A9
:10942C004E52465F4552524F525F4D4F44554C453C
:10943C005F414C52454144595F494E495449414C56
:10944C00495A4544000000004E52465F4552524F67
:10945C00525F53544F524147455F46554C4C0000A8
:10946C004E52465F4552524F525F4150495F4E4FEC
:10947C00545F494D504C454D454E544544000000F9
:10948C004E52465F4552524F525F464541545552DB
:10949C00455F4E4F545F454E41424C4544000000E1
:1094AC004E52465F4552524F525F4452565F54578C
:1094BC00495F4552525F4F56455252554E0000007F
:1094CC004E52465F4552524F525F4452565F54576C
:1094DC00495F4552525F414E41434B004E52465FED
:1094EC004552524F525F4452565F5457495F455252
:1094FC00525F444E41434B0000000000FC910300BE
:10950C0001000000089203000200000028920300F2
:10951C00030000004C920300040000006092030062
:10952C0005000000749203000600000088920300FE
:10953C0007000000A092030008000000B89203008E
:10954C0009000000D09203000A000000EC92030016
:10955C000B000000049303000C0000001C9303009C
:10956C000D000000309303000E0000004493030034
:10957C000F000000549303001000000068930300D8
:10958C001100000080930300800000009093030002
:10959C0081000000B093030082000000CC93030014
:1095AC0083000000E893030084000000089403008B
:1095BC00850000002C9403008600000054940300E6
:1095CC00900000006C940300910000008C94030048
:1095DC0000820000AC94030001820000CC940300D4
:1095EC0002820000E89403002E2E2F2E2E2F2E2EFA
:1095FC002F2E2E2F2E2E2F2E2E2F636F6D706F6E03
:10960C00656E74732F647269766572735F6E7266C1
:10961C002F68616C2F6E72665F6770696F2E6800C1
:10962C002F686F6D652F736A6F2F64776D313030D3
:10963C00312D6578616D706C65732F6E5246355F98
:10964C0053444B5F31342E322E302F636F6D706F5D
:10965C006E656E74732F626F617264732F626F61CB
:10966C007264732E63000000111213140D0E0F1090
:10967C00636C6F636B0000002F686F6D652F736AEE
:10968C006F2F64776D313030312D6578616D706C72
:10969C0065732F6E5246355F53444B5F31342E3217
:1096AC002E302F636F6D706F6E656E74732F6472D6
:1096BC0069766572735F6E72662F636C6F636B2F66
:1096CC006E72665F6472765F636C6F636B2E6300A1
:1096DC002F686F6D652F736A6F2F64776D31303023
:1096EC00312D6578616D706C65732F6E5246355FE8
:1096FC0053444B5F31342E322E302F636F6D706FAD
:10970C006E656E74732F647269766572735F6E72B8
:10971C00662F636F6D6D6F6E2F6E72665F647276FF
:10972C005F636F6D6D6F6E2E630000002E2E2F2EFB
:10973C002E2F2E2E2F2E2E2F2E2E2F2E2E2F636FC2
:10974C006D706F6E656E74732F647269766572736B
:10975C005F6E72662F68616C2F6E72665F677069E0
:10976C006F2E68006770696F746500002F686F6DED
:10977C00652F736A6F2F64776D313030312D6578BA
:10978C00616D706C65732F6E5246355F53444B5F41
:10979C0031342E322E302F636F6D706F6E656E7498
:1097AC00732F647269766572735F6E72662F677061
:1097BC00696F74652F6E72665F6472765F6770692D
:1097CC006F74652E630000002E2E2F2E2E2F2E2E42
:1097DC002F2E2E2F2E2E2F2E2E2F636F6D706F6E21
:1097EC00656E74732F647269766572735F6E7266E0
:1097FC002F68616C2F6E72665F6770696F2E6800E0
:10980C0075617274000000002F686F6D652F736AAC
:10981C006F2F64776D313030312D6578616D706CE0
:10982C0065732F6E5246355F53444B5F31342E3285
:10983C002E302F636F6D706F6E656E74732F647244
:10984C0069766572735F6E72662F756172742F6EB6
:10985C0072665F6472765F756172742E63000000CD
:10986C002E2E2F2E2E2F2E2E2F2E2E2F2E2E2F2E07
:10987C002E2F636F6D706F6E656E74732F647269CB
:10988C00766572735F6E72662F68616C2F6E72668E
:10989C005F6770696F2E6800FC2E00201C2F002063
:1098AC004C2F00200D00030095BB02000E0003009E
:1098BC0095BB02000F00030095BB020010000300D3
:1098CC0095BB02007C2F00204F746865720000006D
:1098DC00496E636F6D696E672043616C6C000000AC
:1098EC004D69737365642043616C6C00566F6963DA
:1098FC0065204D61696C0000536F6369616C0000F9
:10990C005363686564756C6500000000456D6169A2
:10991C006C0000004E657773000000004865616CB8
:10992C00746820416E64204669746E657373000020
:10993C00427573696E65737320416E642046696E5F
:10994C00616E6365000000004C6F636174696F6E3B
:10995C0000000000456E7465727461696E6D656E11
:10996C007400000041646465640000004D6F64691C
:10997C00666965640000000052656D6F7665640071
:10998C00417070204964656E746966696572000087
:10999C005469746C650000005375627469746C656D
:1099AC00000000004D657373616765004D6573734E
:1099BC006167652053697A65000000004461746535
:1099CC0000000000506F7369746976652041637400
:1099DC00696F6E204C6162656C0000004E656761BA
:1099EC007469766520416374696F6E204C616265A1
:1099FC006C000000446973706C6179204E616D6578
:109A0C00000000002F686F6D652F736A6F2F6477ED
:109A1C006D313030312D6578616D706C65732F6EE2
:109A2C005246355F53444B5F31342E322E302F6506
:109A3C0078616D706C65732F626C655F70657269AF
:109A4C0070686572616C2F626C655F6170705F61CC
:109A5C006E63735F632F6D61696E2E63000000008F
:109A6C00436F6E6E656374696F6E20736563757298
:109A7C0065643A20726F6C653A2025642C20636F04
:109A8C006E6E5F68616E646C653A20307825782C58
:109A9C002070726F6365647572653A2025642E00C0
:109AAC000D0A4E6F74696669636174696F6E0000AC
:109ABC004576656E743A20202020202020257300E6
:109ACC0043617465676F72792049443A20257300AD
:109ADC0043617465676F727920436E743A25750023
:109AEC005549443A20202020202020202025750094
:109AFC00466C6167733A00002053696C656E7400A4
:109B0C0020496D706F7274616E7400002050726524
:109B1C002D6578697374696E6700000020506F734F
:109B2C00697469766520416374696F6E000000008A
:109B3C00204E6567617469766520416374696F6E48
:109B4C000000000025733A202573000025733A208D
:109B5C00284E2F41290000004572726F723A204343
:109B6C006F6D6D616E6420494420776173206E6F58
:109B7C0074207265636F676E697A65642062792000
:109B8C00746865204E6F74696669636174696F6E81
:109B9C002050726F76696465722E20004572726F68
:109BAC00723A20436F6D6D616E64206661696C65FD
:109BBC006420746F20626520706172736564206F1D
:109BCC006E20746865204E6F746966696361746990
:109BDC006F6E2050726F76696465722E20000000E3
:109BEC004572726F723A20506172616D6574657264
:109BFC0020646F6573206E6F7420726566657220C9
:109C0C00746F20616E206578697374696E67206F5C
:109C1C00626A656374206F6E20746865204E6F7481
:109C2C00696669636174696F6E2050726F766964DE
:109C3C0065722E20000000004572726F723A20503F
:109C4C006572666F726D204E6F74696669636174BC
:109C5C00696F6E20416374696F6E204661696C6533
:109C6C0064206F6E20746865204E6F74696669633A
:109C7C006174696F6E2050726F76696465722E2004
:109C8C0000000000414E4353000000004572617318
:109C9C006520626F6E64732100000000466173746E
:109CAC00206164766572746973696E6700000000E8
:109CBC00536C6F77206164766572746973696E6733
:109CCC0000000000466173742061647665727469EB
:109CDC0073696E6720776974682057686974656C5E
:109CEC0069737400436F6E6E65637465642E000057
:109CFC00446973636F6E6E65637465642E00000057
:109D0C005265717565737420666F722025733A20E5
:109D1C0000000000506572666F726D696E672050AE
:109D2C006F73697469766520416374696F6E2E0078
:109D3C00506572666F726D696E67204E65676174EF
:109D4C0069766520416374696F6E2E004170706C8A
:109D5C0065204E6F74696669636174696F6E204328
:109D6C00656E746572205365727669636520636CE9
:109D7C0069656E74206578616D706C6520737461B3
:109D8C00727465642E0000002F686F6D652F736A06
:109D9C006F2F64776D313030312D6578616D706C5B
:109DAC0065732F6E5246355F53444B5F31342E3200
:109DBC002E302F636F6D706F6E656E74732F626CC7
:109DCC00652F636F6D6D6F6E2F626C655F636F6E69
:109DDC006E5F73746174652E63000000626C655F66
:109DEC0064625F646973630001000100049E0300F8
:109DFC0001000100089E03000100000000000000AB
:109E0C00113F0300210D0300626C655F6761747480
:109E1C000000000073645F626C655F6761705F6473
:109E2C006174615F6C656E6774685F757064617492
:109E3C0065282920287265717565737429206F6EE9
:109E4C0020636F6E6E656374696F6E203078257851
:109E5C002072657475726E656420756E65787065B8
:109E6C00637465642076616C756520307825782E76
:109E7C000000000073645F626C655F6761747463FB
:109E8C005F65786368616E67655F6D74755F726539
:109E9C00717565737428292072657475726E6564AA
:109EAC0020756E65787065637465642076616C7579
:109EBC006520307825782E0073645F626C655F676F
:109ECC00617474735F65786368616E67655F6D74E8
:109EDC00755F7265706C7928292072657475726E65
:109EEC00656420756E657870656374656420766151
:109EFC006C756520307825782E00000073645F62E5
:109F0C006C655F6761705F646174615F6C656E67DF
:109F1C0074685F7570646174652829202872657097
:109F2C006C79292072657475726E656420756E6526
:109F3C00787065637465642076616C756520307823
:109F4C0025782E00A13C0300ED5C0300A510030056
:109F5C006D0D0300626C655F616E63735F6300007F
:109F6C00446174616261736520446973636F7665E3
:109F7C0072792068616E646C65722063616C6C65CB
:109F8C00642077697468206576656E742030782556
:109F9C0078000000436F6E74726F6C20506F696EA6
:109FAC007420436861726163746572697374696368
:109FBC0020666F756E642E004461746120536F755A
:109FCC00726365204368617261637465726973744E
:109FDC00696320666F756E642E0000004E6F7469A5
:109FEC006669636174696F6E20706F696E7420436B
:109FFC006861726163746572697374696320666FFA
:10A00C00756E642E00000000456E61626C65204E1A
:10A01C006F74696669636174696F6E20536F7572D2
:10A02C006365206E6F74696669636174696F6E73C2
:10A03C002E2077726974696E6720746F2068616E68
:10A04C00646C653A2025692000000000456E616251
:10A05C006C65204461746120536F75726365206E6A
:10A06C006F74696669636174696F6E732E205772C1
:10A07C006974696E6720746F2068616E646C653AF0
:10A08C002025692000000000D0002D121E4B0FA4CB
:10A09C00994ECEB531F40579D9D9AAFDBD9B21983D
:10A0AC00A849E145F3D8D169BD1DA299E625588C84
:10A0BC00D94201630D12BF9FFB7B7CCE6AB344BEB9
:10A0CC00B54BD624E9C6EA222E2E2F2E2E2F2E2E5D
:10A0DC002F2E2E2F2E2E2F2E2E2F636F6D706F6E18
:10A0EC00656E74732F6C69627261726965732F652A
:10A0FC0078706572696D656E74616C5F736563749D
:10A10C00696F6E5F766172732F6E72665F736563D3
:10A11C0074696F6E5F697465722E68006E72665F2B
:10A12C00736468002F686F6D652F736A6F2F647787
:10A13C006D313030312D6578616D706C65732F6EBB
:10A14C005246355F53444B5F31342E322E302F63E1
:10A15C006F6D706F6E656E74732F736F667464655C
:10A16C00766963652F636F6D6D6F6E2F6E72665FB0
:10A17C007364682E6300000001000007008A03006E
:10A18C00088A030008000000088A0300188A0300EC
:10A19C0008000000188A0300288A03000800000049
:10A1AC002E2E2F2E2E2F2E2E2F2E2E2F2E2E2F2EBE
:10A1BC002E2F636F6D706F6E656E74732F6C69628A
:10A1CC007261726965732F6578706572696D656E01
:10A1DC0074616C5F73656374696F6E5F76617273C3
:10A1EC002F6E72665F73656374696F6E5F697465F9
:10A1FC00722E68006E72665F7364685F626C6500D5
:10A20C0073645F626C655F6366675F73657428294E
:10A21C002072657475726E6564202573207768658D
:10A22C006E20617474656D7074696E6720746F2034
:10A23C0073657420424C455F434F4E4E5F43464717
:10A24C005F4741502E00000073645F626C655F6372
:10A25C0066675F73657428292072657475726E6504
:10A26C0064202573207768656E20617474656D7049
:10A27C0074696E6720746F2073657420424C455F5F
:10A28C004741505F4346475F524F4C455F434F55E4
:10A29C004E542E0073645F626C655F6366675F7318
:10A2AC00657428292072657475726E656420257337
:10A2BC00207768656E20617474656D7074696E6763
:10A2CC0020746F2073657420424C455F434F4D4D95
:10A2DC004F4E5F4346475F56535F555549442E00DA
:10A2EC0073645F626C655F6366675F73657428296E
:10A2FC002072657475726E656420257320776865AD
:10A30C006E20617474656D7074696E6720746F2053
:10A31C0073657420424C455F47415454535F434628
:10A32C00475F415454525F5441425F53495A452E42
:10A33C000000000073645F626C655F6366675F7347
:10A34C00657428292072657475726E656420257396
:10A35C00207768656E20617474656D7074696E67C2
:10A36C0020746F2073657420424C455F47415454F0
:10A37C00535F4346475F534552564943455F4348F5
:10A38C00414E4745442E000052414D20737461727A
:10A39C00747320617420307825782C2063616E20D2
:10A3AC0062652061646A757374656420746F203013
:10A3BC007825782E0000000052414D2073697A6593
:10A3CC002063616E2062652061646A7573746564D4
:10A3DC0020746F20307825782E00000073645F6243
:10A3EC006C655F656E61626C652829207265747599
:10A3FC00726E65642025732E000000002F686F6D4F
:10A40C00652F736A6F2F64776D313030312D65781D
:10A41C00616D706C65732F6E5246355F53444B5FA4
:10A42C0031342E322E302F636F6D706F6E656E74FB
:10A43C00732F736F66746465766963652F636F6DD4
:10A44C006D6F6E2F6E72665F7364685F626C652EE3
:10A45C006300000058890300A08903000800000075
:10A46C002E2E2F2E2E2F2E2E2F2E2E2F2E2E2F2EFB
:10A47C002E2F636F6D706F6E656E74732F6C6962C7
:10A48C007261726965732F6578706572696D656E3E
:10A49C0074616C5F73656374696F6E5F7661727300
:10A4AC002F6E72665F73656374696F6E5F69746536
:10A4BC00722E68006E72665F7364685F736F630000
:10A4CC002F686F6D652F736A6F2F64776D31303025
:10A4DC00312D6578616D706C65732F6E5246355FEA
:10A4EC0053444B5F31342E322E302F636F6D706FAF
:10A4FC006E656E74732F736F6674646576696365CD
:10A50C002F636F6D6D6F6E2F6E72665F7364685F15
:10A51C00736F632E630000004089030058890300A9
:10A52C0008000000F5A503006CA60300F8A50300C5
:10A53C0053756E646179004D6F6E6461790054756A
:10A54C006573646179005765646E65736461790045
:10A55C00546875727364617900467269646179003C
:10A56C00536174757264617900004A616E75617231
:10A57C0079004665627275617279004D617263682B
:10A58C0000417072696C004D6179004A756E65000E
:10A59C004A756C79004175677573740053657074F6
:10A5AC00656D626572004F63746F626572004E6F09
:10A5BC0076656D62657200446563656D62657200F7
:10A5CC0000414D00504D0000256D2F25642F25793D
:10A5DC000025483A254D3A25530025612025622057
:10A5EC00256520255420255900430000CB88030005
:10A5FC00EB880300F7880300058903002589030015
:10A60C00318903009D8803006988030053756E002F
:10A61C004D6F6E0054756500576564005468750085
:10A62C004672690053617400004A616E00466562AF
:10A63C00004D617200417072004D6179004A756E77
:10A64C00004A756C0041756700536570004F637468
:10A65C00004E6F760044656300002E000000000081
:10A66C0066A6030068A6030068A6030068A603009C
:10A67C0068A6030068A6030068A6030068A603008A
:10A68C0068A6030068A60300FFFFFFFFFFFFFFFFA4
:10A69C00FFFFFFFFFFFF00003CA5030018A603000F
:10A6AC0076A5030035A60300CDA50300D4A50300B1
:10A6BC00DDA50300E6A5030020202020202020207B
:10A6CC002068282828282020202020202020202016
:10A6DC0020202020202020204810101010101010B6
:10A6EC0010101010101010108484848484848484BE
:10A6FC0084841010101010101081818181818101CF
:10A70C00010101010101010101010101010101012D
:10A71C0001010110101010101082828282828202BC
:10A72C0002020202020202020202020202020202FD
:10A73C00020202101010102000070320041702015F
:05A74C000857104080D9
:10A754000020004000000000588B030000000000AF
:10A764000000000000000000608C0300688C0300FF
:10A77400708C0300788C0300808C0300888C0300A9
:10A78400908C0300988C0300A08C0300A88C030019
:10A79400B08C0300B88C0300C08C030000000000E0
:10A7A40000000000000000000000000000000000A5
:10A7B4000000000000000000000000000000000095
:10A7C4000000000000000000000000000000000085
:10A7D4000000000000000000000000000000000075
:10A7E4000000000000000000000000000000000065
:10A7F4000000000000000000000000000000000055
:10A804000000000000000000000000000000000044
:10A814000000000000000000000000000000000034
:10A824000000000000000000000000000000000024
:10A834000000000000000000000000000000000014
:10A844000000000000000000000000000000000004
:10A8540000000000000000000000000000000000F4
:10A8640000000000000000000000000000000000E4
:10A8740000000000000000000000000000000000D4
:10A8840000000000000000000000000000000000C4
:10A8940000000000000000000000000000000000B4
:10A8A40000000000000000000000000000000000A4
:10A8B4000000000000000000000000000000000094
:10A8C4000000000000000000000000000000000084
:10A8D4000000000000000000000000000000000074
:10A8E4000000000000000000000000000000000064
:10A8F4000000000000000000000000000000000054
:10A904000000000000000000000000000000000043
:10A914000000000000000000000000000000000033
:10A924000000000000000000000000000000000023
:10A934000000000000000000000000000000000013
:10A944000000000000000000000000000000000003
:10A9540000000000000000000000000000000000F3
:10A9640000000000000000000000000000000000E3
:10A9740000000000000000000000000000000000D3
:10A9840000000000000000000000000000000000C3
:10A9940000000000000000000000000000000000B3
:10A9A40000000000000000000000000000000000A3
:10A9B4000000000000000000000000000000000093
:10A9C4000000000000000000000000000000000083
:10A9D4000000000000000000000000000000000073
:10A9E4000000000000000000000000000000000063
:10A9F4000000000000000000000000000000000053
:10AA04000000000000000000000000000000000042
:10AA14000000000000000000000000000000000032
:10AA24000000000000000000000000000000000022
:10AA34000000000000000000000000000000000012
:10AA44000000000000000000000000000000000002
:10AA540000000000000000000000000000000000F2
:10AA6400000000000000FFFFFFFF0000D498030077
:10AA7400DC980300EC980300F898030004990300A1
:10AA84000C990300189903002099030028990300E6
:10AA94003C990300549903006099030070990300E2
:10AAA40078990300849903008C9903009C9903000E
:10AAB400A4990300B0990300B8990300C89903004E
:10AAC400D0990300E8990300009A0300FD3E0300B7
:10AAD4001818181818181818181818000090D00307
:10AAE40030A5030030A5030030A5030030A5030002
:04AAF40030A5030086
:040000032000324D5A
:00000001FF
