:020000022000DC
:10300000000001204D320200A5320200A73202006A
:10301000A9320200AB320200AD3202000000000013
:10302000000000000000000000000000AF320200BD
:10303000B132020000000000B3320200B5320200DB
:1030400059630200BB320200D96B0200BF3202009A
:10305000C1320200C332020015660200C73202000C
:10306000C9320200CB320200CD320200CF32020060
:10307000D1320200D3320200D5320200D732020030
:10308000D9320200F1400200DD320200DF320200DC
:103090008D410200E3320200BDB60200E7320200B9
:1030A000E9320200EB320200ED320200EF320200A0
:1030B000F1320200F3320200B7320200B7320200EE
:1030C000F5320200F7320200F9320200FB32020050
:0C30D000FD320200FF320200013302005A
:1030DC003A493B480A1A02D0072291438D46394996
:1030EC0039480A1A06D00722914381F30988022233
:1030FC0082F3148835483649364A00F041F8364890
:10310C003649374A00F03CF836483749374A00F020
:10311C0037F837483749384A00F032F837483849D9
:10312C00384A00F02DF838483849394A00F028F868
:10313C0038483949394A00F023F8394839490022CE
:10314C0000F036F838483949002200F031F8384898
:10315C003849091A08F06AFC374A9047254826492D
:10316C00884205D00268043003B4904703BCF7E7EB
:10317C0000208646EC4600200021304A9047FEE7AE
:10318C00884214D0521A12D003460B431343032423
:10319C00234206D1036804300B600431043AF9D1A0
:1031AC007047037801300B700131013AF9D1704747
:1031BC00884202D002700130FAE77047000001200B
:1031CC0000F8002000000120000001209CCB020030
:1031DC000C22002058220020043302000433020089
:1031EC0092BC02009CCB02000C2200200C2200207E
:1031FC00FCBD0200FCBD0200FCBD0200FCBD0200D7
:10320C00FCBD0200FCBD0200FCBD0200FCBD0200C6
:10321C0099CB0200E8CB0200582200205822002053
:10322C0058220020B8330020B8330020B8330020D7
:10323C00B8330020B835002071320200F575020059
:10324C000F484FF00701884385460E4880470E48CB
:10325C00016841F470010160BFF34F8FBFF36F8FB2
:10326C00FFF736BF09480A490A4A884207D0521A62
:10327C0005D0037801300B700131013AF9D1704758
:10328C0000000120BDB2020088ED00E070BD02001C
:10329C00802100200C220020FEE7FEE7FEE7FEE77F
:1032AC00FEE7FEE7FEE7FEE7FEE7FEE7FEE7FEE7EA
:1032BC00FEE7FEE7FEE7FEE7FEE7FEE7FEE7FEE7DA
:1032CC00FEE7FEE7FEE7FEE7FEE7FEE7FEE7FEE7CA
:1032DC00FEE7FEE7FEE7FEE7FEE7FEE7FEE7FEE7BA
:1032EC00FEE7FEE7FEE7FEE7FEE7FEE7FEE7FEE7AA
:0832FC00FEE7FEE7FEE700BF5C
:103304007047000007B5044B0093044A402300F0C3
:103314001EF803B05DF804FB253302005822002098
:10332400F8B50F4614465AB10A2500262246B919A3
:10333400002004F0CDFA0644241A10B9013DF5D159
:10334400F8BD002CF2D1FBE7704704F0EDBAF0B5FC
:1033540095B01D46164608460C4602F09BFD1A9B86
:103364000D93CDE9086500252B46082205A92046C2
:103374000A958DF82C500C9502F0D5FD079B02930D
:10338400069BADF80C309DF814308DF8105003F006
:103394000302012A21D1C3F3C2028DF80E20BDF825
:1033A4001420059DC3F38003C2F383168DF80F30F8
:1033B400B20008230EA9204602F0B5FDC5F39525F9
:1033C40008AB0093324602AB0EA9284600F088FBF6
:1033D400204602F06CFD15B0F0BD022AF8D1BDF80C
:1033E4001650C3F3C202C3F38003C5F389158DF8E5
:1033F4000E208DF80F300827082D2E4628BF0826EA
:103404003B4632460EA9204602F08DFDAD1B08ABAB
:1034140002AA31460EA8374400F0C8FB002DEBD1B8
:10342400D6E70000014B01221A7070479922002050
:103434007047000070B50E4D06460FCD88B06C463F
:103444000FC495E80F00002E84E80F00094A0A48CB
:103454004FF0050308BF00226946009303F0EEF91C
:1034640008B100F05DFD054B1E7008B070BD00BFD3
:1034740014BE0200293402000C22002098220020ED
:1034840008B5044803F098FABDE808400020FFF7A7
:10349400D1BF00BF0C22002007B5044B0093044A9F
:1034A4004023FFF754FF03B05DF804FBB934020076
:1034B4009A22002010B5084C08480023D2B2237089
:1034C40003F006FB08B100F02BFD054B1B7813B18C
:1034D4002378002BFCD010BD992200200C22002060
:1034E400982200200120FFF7A5BF000038B5094C41
:1034F400FFF72BFF01250421204600F079FA6572BD
:10350400054CFFF7EFFF0421204600F071FA6572C5
:1035140038BD00BF20220020142200202DE9F04FE6
:1035240089B0002701900DF113000E468DF8137039
:1035340001F028F8494A14683460D2E90160A31CF8
:103544000393019B394600EB0609012709F10109A0
:10355400043300EB0708A9EB0409029302F2144CAC
:103564008E46A8EB0408029B994515D301B1566019
:1035740004400334019D12F824309DF8130043F0F5
:10358400030302F82430039B1D44156001F01EF868
:10359400012009B0BDE8F08F314D55E8003F43EA02
:1035A400070945E8009A9AF0000FF6D15CE8003F5D
:1035B40043EA07094CE8009A9AF0000FF6D100EAB2
:1035C400060909F1030902EB8909334699F800A0B9
:1035D4001AF0030F2AD000EA030902EB8909023327
:1035E400D9F80C90CDF8149009F00309B9F1010F42
:1035F4002ED0B9F1020F07D1BDF81690C9F389197D
:1036040009F1030903EB99035CE8009F09EA0E0A38
:103614004CE800AB9BF0000FF6D1B9F1000F0CBFE2
:103624003346012108EB03091E469CE703F1010A16
:10363400B9F80030B9F802B0C3F3891303EB9B1354
:10364400534400EA030909F1030902EB8909BDE7C0
:10365400BDF81490C9F383194B44D5E7DC2200204C
:10366400F426002038B50F4B0F48FF229A60002241
:10367400C3F81824C3E90022C3F8142483F81C24D3
:1036840002F0C4FB40B9094A094B0A4C9B1ADB08F7
:1036940002460C219A4200D138BD01FB02F5625367
:1036A4000132F7E7DC2200201CC70200F8BC02004C
:1036B40048BD02008021002030B50B4C79B10B4A83
:1036C4000B49121BD20800239A4201D1002030BDBD
:1036D4004D88854201F10C0102D00133F4E7034621
:1036E40054F83300F3E700BFF8BC020048BD020001
:1036F40080210020094B013903EBC000032909D8BC
:10370400DFE801F0020A04060220704700797047DE
:10371400407970470020704704207047F8BC0200CD
:10372400034BD3E90030C31A58425841704700BFD5
:10373400DC2200202DE9FF47FFF7F2FF18B100203B
:1037440004B0BDE8F087DFF8D481C8F81804BFF3EB
:103754004F8FD8E9013404EA0302033208EB8202F2
:10376400591C107880075ED003EA040208EB820239
:10377400214008EB8101D26801929F1CCB6802931F
:1037840002F00303022B62D1BDF806306148C3F393
:103794008916502EB14628BF4FF0500969F38F1394
:1037A40009F10801ADF8063002F048FB054600288F
:1037B40000F08C8002F06EFB00232846082201A949
:1037C40002F088FB24EA07030133B9EB830F4FEAC5
:1037D400830034D95FFA89F968B304EA0701C4B2F3
:1037E400A9EB040A0331A1464B4C08EB81015FFAB3
:1037F4008AFA08234A46284602F06CFB34B109F1E0
:10380400080352462146284602F064FB033607EBC0
:103814009606D8F81834D8F81044002B64D02846FB
:1038240002F045FB52E013885088C3F3891303EB7D
:1038340090130B448FE7384904468246D9E704EADB
:103844000701033108234A4608EB8101DBE7012B1A
:1038540035D1BDF804302F48C3F38311062928BF9E
:10386400062161F38913023101F00F018900ADF8DB
:10387400043002F0E3FA054640B302F00BFB0023E8
:10388400082201A9284602F025FB4FF00009BDF8E3
:103894000420C2F383124FEA89034A4503F1080363
:1038A40009EB0706B5D906EA04010331042208EB43
:1038B4008101284602F00EFB09F10109E7E7032B19
:1038C40004D1D8F81834002B3FF439AFFFF728FFA0
:1038D40080F00100C0B233E7637A23B1236829463C
:1038E4001B68204698476468002CF5D1284602F0EE
:1038F400DEFA0DF103008DF8034000F043FED8F822
:1039040018340BB9C8F804609DF8030000F05EFE9B
:10391400DCE700BF1CC70200E8220020DC220020F4
:103924002DE9F3471F4F04460E46184601A9D7F860
:10393400088091469A46FFF7F1FDF8B1019D0021F8
:10394400AB1C514501EB030C22D16B1C03EA0803A9
:1039540007EB8303220CDA60A30803F00403E400FA
:1039640043F0010304F0380405EA08052343033552
:1039740043EA811343EA862347F8253097F81C3439
:103984001BB1FFF7D7FE0028FBD102B0BDE8F087DA
:103994000CEA080C07EB8C0C59F82120CCF80C200D
:1039A4000131CEE7DC22002000231A46FFF7B8BF1E
:1039B40007B50123019201AAFFF7B2FF03B05DF836
:1039C40004FB07B5CDE9002302236A46FFF7A8FFED
:1039D40003B05DF804FB1FB5CDE90123069B0393F7
:1039E40001AA0323FFF79CFF05B05DF804FB000068
:1039F40030B50E4CD4F8102403460020114629B9E2
:103A0400187272B9C4F810345A6009E00D7A85420C
:103A140001D04968F3E701300A28EFD14FF0FF30B5
:103A240030BD516859605360FAE700BFDC220020C2
:103A340038B5074B0125D3F8104483F81C5404B956
:103A440038BD2368657220465B6898476468F6E76A
:103A5400DC220020C37910B50C467BB9037A23B16C
:103A6400084A0949204601F0DEFD0849204601F0D4
:103A7400DAFD2046BDE8104001F0CABD002AF8D0A6
:103A8400F3E700BF38BE02003DBE020040BE0200A4
:103A940070B5037A04460D4653B181798088FFF7E7
:103AA40029FE0B4B0B4953F82020284601F0BBFD9F
:103AB400A279094BA08853F822600021FFF7FCFD8E
:103AC4003246034605492846BDE8704001F0ABBDC7
:103AD40030C702003DBE020054C7020043BE0200CC
:103AE4002DE9F04385B01F460C9D002395F80C90FA
:103AF4002B73FB7906460C4690461BB9294638467B
:103B0400FFF7C6FFB8F1060F09D8DFE808F0041282
:103B1400181F283340003146284601F084FD002256
:103B240029463846FFF796FF85F80C9005B0BDE8A6
:103B3400F08322683146284601F075FDEFE7D4E9A9
:103B440000233146284601F06EFDE8E7A3680093A0
:103B5400D4E900233146284601F065FDDFE7E36838
:103B64000193A3680093D4E900233146284601F069
:103B74005AFDD4E723690293E3680193A368009391
:103B8400D4E900233146284601F04DFDC7E76369B7
:103B9400039323690293E3680193A3680093D4E930
:103BA40000233146284601F03EFDB8E708292DE9F7
:103BB400F84F80460F4615461C4639D893F80C90AA
:103BC40000232373D3791BB921461046FFF760FF06
:103BD400DFF87CA0DFF87CB00026B7422AD918F8B9
:103BE40006205946204601F01EFD0136082EF4D168
:103BF4001549DFF864B0204601F015FD0026B742F0
:103C04001DD918F806A0504607F0F7FF002814BF86
:103C140052462E225946204601F005FD0136082E53
:103C2400EDD1012221462846FFF714FF84F80C90B9
:103C3400BDE8F88F5146204601F0F5FCD5E703496D
:103C4400204601F0F0FCE9E757BE020055BE020031
:103C540053BE02004DBE020059BE0200054A4FF099
:103C6400A043125CD3F8043523FA02F0C04300F0F9
:103C7400010070476CC70200044B1A5C0123934097
:103C84004FF0A042C2F80C35704700BF6CC7020069
:103C9400044B1A5C012393404FF0A042C2F808354C
:103CA400704700BF6CC7020008B50020FFF7F0FFA3
:103CB4000120FFF7EDFF0220FFF7EAFFBDE808400F
:103CC4000320FFF7E5BF08B50020FFF7D5FF01206B
:103CD400FFF7D2FF0220FFF7CFFFBDE80840032023
:103CE400FFF7CABF074A4FF0A041105CD1F8043572
:103CF4000122824022EA03001340C1F80805C1F8FA
:103D04000C3570476CC702004FF0A0430322C3F880
:103D14004427C3F84827C3F84C27C3F85027FFF7B4
:103D2400C3BF0000054A4FF0A043125CD3F810351E
:103D340023FA02F0C04300F00100704768C7020094
:103D44000D2809D00E2809D00F2809D0102814BF37
:103D54004FF0FF3003207047002070470120704768
:103D640002207047014B185C704700BF68C702000F
:103D74002DE9F84F1B4FDFF878801B4E4FF00009F8
:103D84003B785FFA89F5AB4201D8BDE8F88FD8F8E3
:103D940000B033681BF83500012404FA00F2134222
:103DA4000BEBC50A1BD023EA0203336002F026FCA6
:103DB4000E4A03461BF8350012688440144003FA87
:103DC40000F294420BD1DAF804209AF8011032B1CF
:103DD4004C1E61426141CD1A69426941904709F123
:103DE4000109CDE7F8270020CC270020D0270020A8
:103DF400FC27002070B50646114800F0B3FBF0B96B
:103E0400104D01242B68B440234215D1304602F0F2
:103E1400F5FB0D4A136860B1234313602B6808480F
:103E240023432B60094BBDE870401968002200F061
:103E340051BB23EA0403F0E723EA04032B6070BDBB
:103E4400D4270020CC270020D0270020F4270020EE
:103E5400042A2DE9F34105460C46164637D902F0EB
:103E64001DFBC8B11B4BDFF888801D601A4B1C700A
:103E74001A4B1E601A4B00261E601A4B013C1E6032
:103E8400E4B20327FF2C0ED1174A1848002102B0D0
:103E9400BDE8F04100F00CBB02F0D6FA0028E1D0F6
:103EA40002B0BDE8F08105EBC40315F834009B783B
:103EB4008DF80470424601A9ADF806608DF805300E
:103EC40002F0F6FA013CE4B20028DBD0E8E7072070
:103ED400E6E700BFFC270020F8270020F427002095
:103EE400D0270020CC270020753D020070C70200B7
:103EF400F93D020070B5084D084E00242B789C4211
:103F040001D3002070BD3368012113F8340002F09E
:103F140035FB0134F2E700BFF8270020FC2700201E
:103F24001FB50021CDE9021001AA44F20100ADF849
:103F3400041000F003F805B05DF804FB38B5FFF792
:103F440077FDFFF7F7FB0028FBD1104D104C2888B4
:103F54001049000440F00100FFF726FDD4F8F030CA
:103F6400DB0700D5FFDE28880B49000440F002007F
:103F7400FFF71AFDBFF34F8FE268084B02F4E062CB
:103F84001343E360BFF34F8F00BFFDE780210020A0
:103F940000ED00E0AFBE0200BBBE02000400FA0563
:103FA400094B5A7899780132D2B2914208BF002263
:103FB400197891421FBF02705A78182101FB023010
:103FC40014BF0430002070471428002073B5054640
:103FD40000240DF107000E468DF8074000F0D2FAD8
:103FE4000DF10600FFF7DCFF90B10A4B9DF80620A7
:103FF400067045605A709DF8070000F0E7FA24B98E
:10400400054B4FF48012C3F80021204602B070BD66
:104014000424F0E71428002000E100E0204B2149AB
:104024001A682F2300BF00BF00BF00BF00BF00BF3E
:1040340000BF00BF8A422FD000BF00BF00BF00BF37
:1040440000BF00BF00BF00BF00BF00BF00BF00BF74
:1040540000BF00BF00BF00BF00BF00BF00BF00BF64
:1040640000BF00BF00BF00BF00BF00BF00BF00BF54
:1040740000BF00BF00BF00BF00BF00BF00BF00BF44
:1040840000BF00BF00BF00BF00BF00BF00BF00BF34
:1040940000BF00BF00BF00BF013BC3D1704700BFDA
:1040A400402200200024F4000C4B0D484FF4003251
:1040B40010B5C3F8802001244FF48033C0F848338E
:1040C400C0F808334460FFF7A9FF064B8460002062
:1040D4001860FFF7A3FF044B187010BD00E100E067
:1040E400001001400C28002001280020F8B51F4BC7
:1040F4001F491B680025C1F84051C1F84451C1F85B
:104104004851C1F84C51C1F80051C1F804514BB3A6
:10411400D1F8044517490968641A24F07F442F46EE
:104124001A68A24209D8A41A15441A7CDE691AB185
:10413400D3E905201F749047AEB90F4A0F4B11788D
:104144001B788B4205D10133DBB2022B08BF00235D
:10415400137012780A4B43F822500A4B4FF4801222
:10416400C3F80021F8BD3346DAE700BF1028002069
:10417400001001400C280020022800200328002001
:104184000428002000E100E02DE9F74FA549A64AE4
:104194000B781278A54C9A4200F091800133DBB27F
:1041A400022B08BF0023A24A0B70A249176851F8DA
:1041B40023003B1823F07F43136000222368154635
:1041C4001646944613B942B1236006E01968814249
:1041D40063D902B12360091A19604FF001082368FA
:1041E400954EDFF864A2009300277378002D69D1FF
:1041F40032789A4240F0828023682FB9009A9A421A
:1042040002D1B8F1000F42D0002B00F00781D3F89F
:1042140000908A4C864BD4F804651868884F351A88
:104224003B7825F07F4503359BB94FF48033C4F8C0
:104234004433C4F80433834B4FF400324FF0010885
:10424400C3F880211A60C4F80080FFF7E7FE87F8FE
:104254000080A9452CBF4844401920F07F40C4F891
:104264004005D4F804359B1B23F07F43801B0333A4
:1042740020F07F4083420AD9D4F80435C4F840358D
:10428400FFF7CCFE6F4B4FF40032C3F800216E4BA6
:1042940000221A7003B0BDE8F08F401A0E44D968AA
:1042A400D3F81CE0C3F800C031B1BA1922F07F4240
:1042B400C3E90121DD611D467346012282E7002521
:1042C400A8468CE72846ED69594BD0F804C01A6813
:1042D400DFF878E18368ACEB020121F07F4171459E
:1042E40072D80B4401210174216803600022C0E9E3
:1042F4000122C261002970D1206076E7531CB17895
:10430400D4F800B0DBB2994208BF002333701823FD
:1043140003FB026213799068022B1FD0032B50D049
:10432400012B7FF462AF037C002B7FF45EAFD2E9F4
:10433400031383605369C36093699AF8002083610F
:10434400002A18BF29464160BEE7904209D0914631
:10435400D269002AF9D10023037446E75A46D946A4
:10436400F7E7484512D1DBF81C10216071B9DFF87A
:10437400CCE001920123CEF80830DFF8B4E0CEF8A7
:10438400001031490B70FFF749FE019A1168D26998
:10439400C9F81C2012B113680B44136023685B45F1
:1043A40018BF0127D7E78BF81020DBF81CB00123D6
:1043B400BBF1000FF7D1002B3FF417AFC4F800B0E6
:1043C40013E72B462A46F3E7A2EB0C0222F07F42C6
:1043D4009A4234BF9B1A002384E70A689A421BD38B
:1043E400D21A0A60C16187E7A3EB0C03D2F81CC0A0
:1043F4001146BCF1000F0AD06246D2F800C06345F2
:10440400F2D8ACEB030CC2F800C094460A46036031
:10441400C0F81CC0D061E8E60A46EEE7FFF744FEA8
:1044240035E700BF032800200228002010280020C0
:104434000C2800200428002014280020001001402B
:104444000128002000E100E000280020FEFF7F009A
:1044540008B5FFF729FE104B00200B2218809A7034
:104464000E4B18600E4B18700E4B18700E4B4FF419
:104474008012E021C3F8802183F814131A6002F13A
:104484008042A2F56F22C2F8080583F81113074B86
:10449400D2F804251A6008BD142800201028002032
:1044A400032800200228002000E100E00C2800205E
:1044B400074B9B784BB132B128B10368187C20B903
:1044C40059745A617047072070470820704700BF2D
:1044D400142800202DE9F743DFF8848098F802308F
:1044E40005460E461746ABB3A0B3042930D9436939
:1044F40083B3437C0024012B0DF107000CBF8946D4
:10450400A1468DF8074000F03DF80DF10600FFF7D5
:1045140047FDD8B1012303700F4B4560D3F8043530
:10452400C0E90497C0E902369DF8063088F80130E6
:104534009DF8070000F04AF824B9084B4FF48012A4
:10454400C3F80021204603B0BDE8F0830424EFE75C
:104554000724F7E70824F5E70010014000E100E034
:1045640014280020064A92783AB130B1426922B147
:10457400002202740221FFF729BD0820704700BF02
:104584001428002070B5EFF3108672B60C4A9468B4
:10459400012384B993600B4B0B4DD3F88010294051
:1045A4001160C3F88050D3F8841051604FF0FF328B
:1045B400C3F884202346037006B962B670BD00BFF9
:1045C4002029002000E100E0FC06FFBD084B9A68AA
:1045D40010B55AB150B9EFF3108172B6054A1C6890
:1045E40014605C685460986001B962B610BD00BF85
:1045F4002029002000E100E070B5064E05460024A5
:1046040056F8043B0BB1284698470134042CF7D1E3
:1046140070BD00BF2C2A00204388033300EB8303C2
:10462400994209D382884FF6FF739A4206D00088D4
:10463400B0FA80F0400970470220704701207047AB
:1046440068B10268084B9A4209D14068074B984206
:1046540007D00133984214BF032001207047032080
:1046640070470020704700BFDEC0ADDEFE011EF1C2
:10467400C21C92B240F2FD339A4230B51ED8114B9F
:10468400187838B91C895D892C441444A4B2B4F553
:10469400806F0AD3187D98B9988BDC8B2044104422
:1046A40080B2B0F5806F0BD201200880142101FB89
:1046B4000033002059890A445A8130BD0920FCE79F
:1046C4000720FAE7642900200B4A0C495388142078
:1046D40000FB0311CB6833B9042049681070012230
:1046E400074801F0B5B907490523137002238B80ED
:1046F400012209680023F3E74C29002064290020E3
:10470400F82100205C29002007B500230549009307
:10471400054A09680548082301F068F903B05DF803
:1047240004FB00BF5C29002080C70200F8210020A0
:1047340007B5002301460093034A0448082301F007
:1047440055F903B05DF804FB78C70200F821002096
:1047540013B500230C4600930146084A0848042375
:1047640001F044F938B90749142202FB041101236A
:104774000B7402B010BD0E20FBE700BF74C702002B
:10478400F82100206429002037B50A480A4B426802
:104794009C88196853880325033305709BB2002055
:1047A40000909B0001EB8401044801F01FF903B061
:1047B40030BD00BF4C2900205C290020F8210020D6
:1047C40010B50146044800F059FE1C22044600219D
:1047D40007F0C2F9204610BD8C2900202DE9F041D4
:1047E4000D460223154F2B80164600F5805100F12B
:1047F40008044FF001088C420ED2236801330BD019
:104804002046FFF709FF48B10EB186F80080022860
:1048140009D14FF480632B80BDE8F081A3683A6826
:10482400934200D93B602B886288033313442B8066
:104834006388033304EB8304DDE700BF282A0020E8
:1048440038B5144B14220D4602FB00335C682B6808
:1048540004F58051A3B15C88033403EB84048C42D7
:1048640015D22368013312D02046FFF7D5FE012864
:1048740008D002280BD00028F1D12C60012038BDCB
:104884000834ECE76388033304EB8304E7E7002090
:10489400F5E700BF642900204368F7B505460E46D6
:1048A40033B900240027022C34802ED1002026E0C6
:1048B4001F4AD1688B42F4D312699342F1D813F0A2
:1048C4000304EED11B4A018912899142EAD101689D
:1048D4009A689142E6D118494A68934203D902F58D
:1048E400805293420DD38A6993420CD902F58052C7
:1048F400934208D201233380B4FA84F0400903B010
:10490400F0BD2346F7E70A24F6E7019701A92046FC
:10491400FFF796FF10B90134A4B2C4E7019B2A68DB
:1049240099689142F2D16B60024B1B892B81E6E7B7
:10493400F82100204C290020642900202DE9F047AB
:104944001C461D4B1B780746884616467BB382B32C
:104954007CB3DFF86C904FF0140AA588012D01D9BF
:104964000A2022E00AFB05F319F803302BB921468B
:104974002846FFF765FF18B920600135A580ECE7EC
:1049840023681FB199883A889142F0D1B8F1000F99
:1049940004D01988B8F800209142E8D19A68C6E991
:1049A4000023064B1B8933810020BDE8F0870220D9
:1049B400FBE70520F9E700BF442A00204C2900202A
:1049C4006429002008B5074B5888191DFFF738FFE4
:1049D40018B1BDE80840FFF7D7BEBDE80840FFF7AF
:1049E40073BE00BF4C2900202DE9F043A24EA34F13
:1049F40089B00446336823B9A148394600F078FDEC
:104A0400306035682B785A1E052A00F20281DFE8EF
:104A140012F0060079007900F600F6005001ECB1BE
:104A2400984B00225A6001241422002103A807F0A5
:104A340093F841F61D539C42336818BF04941A78C6
:104A4400A2F1020208BF0024042A00F2E781DFE891
:104A540012F0C801D401FD0105020C022B79032BCD
:104A64001CD8DFE803F014022934874A1378022B98
:104A740019D0137D022B4FF0010316D114214B439F
:104A8400D1180020D0544868FFF752FE03E00123F8
:104A94002B71FFF739FE002800F0AB80794B002220
:104AA4005A600E24C0E70023E8E7764A1370002317
:104AB400536041F61D54B7E7744975480023022238
:104AC4002B718A800968012200F0C2FFE3E76F4C72
:104AD4004FF0000885F804802068FFF729FE6D4B2D
:104AE400DFF8A4C15B882568142253430CEB03024E
:104AF4000CF8038051685560A58815810222216055
:104B0400A280C8E7B5F81490DFF87C81142202FB78
:104B14000982118954B1EB88D81C01441181C3F571
:104B24007F435189FD330B4453817CE75468AA7D4C
:104B340004EB8104062A05D8DFE802F01E442C3A6F
:104B440014505E000F24142202FB0982EB881089A2
:104B5400D91C01441181C3F57F435189FD330B44B2
:104B6400538161E74C484D4900234360AB690360BE
:104B7400FFF792FE00285AD00223AB75002300935E
:104B84000423EA182146424800F030FF002830D0C0
:104B94000E24D8E72B69002B0CBF01230323AB752C
:104BA4000023009305F10C02042304F10801EAE751
:104BB4000123AB750022EB8800922A699B0004F163
:104BC4000C01E0E7032B14BF06230523AB75002378
:104BD4000093042305F10802E118D4E70623AB751A
:104BE4002E4B19882C4B5868FFF7B2FD0446002859
:104BF400A9D109B0BDE8F08341F61D54A3E7002C08
:104C04007FF411AF2B79012B1ED0022B3FF451AF4F
:104C14000BB10F2408E702232B710DF10A01EB6895
:104C2400039303A8CDE90444FFF736FE08B90A2428
:104C3400FAE60498BDF80A108388EB8003882B8178
:104C4400FFF786FD044612E0DFF854802146434610
:104C540003AAA81DFFF772FE044618BBB8F8041097
:104C64000498FFF775FD0A2804463FF422AF002C90
:104C74007FF4DAAEBDE700BF4829002044290020B4
:104C84008C290020442A0020642900205C2900206B
:104C9400F82100204C290020382900203429002044
:104CA4002C29002000230A28C8E900337FF4BCAE75
:104CB400FFE6002C7FF4B7AE6E4B197B1A78A9B1CE
:104CC4001C731A78013A062AA3D801A151F822F0DC
:104CD4007B4D0200A14D0200BF4D0200C54D0200F4
:104CE400174C0200CB4D0200DD4D0200072AE8D824
:104CF40001A151F822F000BF1D4D0200C74C020073
:104D0400C74C0200434D0200574D0200774D02008C
:104D1400774D02003F4D02001A89574901321A812A
:104D240000225A801A730A78B2FA82F252099A72ED
:104D34000A7DB2FA82F25209DA72012207E04F497F
:104D440058688A884088033202448A8002221A7092
:104D5400B7E75C88484A4949142505FB04220868DA
:104D6400546850608888108102228A800C60062270
:104D7400EDE70722EBE79A7A32B9DA7A8AB90022A8
:104D84001A705A805A6094E63B4900229A72CA68A3
:104D9400002AF2D1097C0029EFD05A80FFF712FED5
:104DA40050E70022DA72344A116A0029E7D192F8F6
:104DB4002420002AE3D00122EFE7FFF7E5FC41E7D6
:104DC400FFF782FC3EE75A882B4B142101FB023388
:104DD4005868FFF7ADFC35E700225A60FFF794FCF2
:104DE40030E701228DF80C201A89ADF818209A8832
:104DF400DB68ADF81A20059310E002228DF80C2030
:104E04001A89ADF818209A88ADF81A20DA689B7DC3
:104E140005929A1F534253418DF81C3003A8FFF7A3
:104E2400EBFB002339461648336000F08CFB154B2E
:104E3400012253E8000FA0EB020143E8001595F0AE
:104E4400000FF6D100297FF4D5ADD2E603228DF808
:104E54000C20DA88ADF818201A89C9E704228DF8E5
:104E64000C20DB88ADF81830D8E705238DF80C301A
:104E7400D4E700BF4C290020642900205C290020CD
:104E84008C290020402A00204068FFF7ADBD0000B7
:104E940010B4094B012253E8000F00EB020143E870
:104EA400001494F0000FF6D118B95DF8044BFFF725
:104EB4009BBD5DF8044B7047402A00202DE9F34167
:104EC4001F46384B1B7806460D46002B62D000293E
:104ED40062D009884FF6FF7399425FD06B88002B2C
:104EE4005CD06B689B075BD152B9B5F808800DF1B3
:104EF40002014046FFF7BCFB38B102B0BDE8F081C7
:104F04001388B2F80280ADF8023001A8FFF758FC0C
:104F1400BDF80220044650B9234B142101FB02338F
:104F240058890338A0EB080058810820E5E707708A
:104F3400002383756B688282036101221B4B53E853
:104F4400000F00EB020143E8001C9CF0000FF6D1B7
:104F54002B882381032F6B88A38004BF0423A375AC
:104F64004FF0000508BF3368E16008BFA361104833
:104F7400A4F80680658101A900F0AAFA36B1E368B5
:104F840033600C4B75601B89B5723381FFF780FF6A
:104F94000020B2E70220B0E70520AEE70420ACE72A
:104FA4000320AAE7442A002064290020282A00209C
:104FB4008C2900204C2900200B4B1A68042A10B5B8
:104FC4000FD01968094A42F82100012253E8001F52
:104FD40001EB020043E8000494F0000FF6D1002036
:104FE40010BD0C20FCE700BF3C2A00202C2A002026
:104FF4002DE9F04FDFF8E89187B01422002101A8D1
:1050040006F0AAFD99F8003003F0FF0B1BB101A8CC
:10501400FFF7F2FA0CE009F10403012253E8001F40
:1050240041EA020043E8000494F0000FF6D121B1F4
:105034000024204607B0BDE8F08F4FF010234FF056
:1050440080525B6911695269DFF898A1581C08BF46
:1050540002FB01F3CAF810305A49A3F54053002269
:105064005046CAF80C3000F0B3FC04460028E0D1E6
:10507400554956481C238C2200F0CBF9A04603273F
:105084002546DAF80C6046443046FFF7D9FA012881
:10509400314645D0032810D078B308F58058B8F5C8
:1050A400405FEED1012F06D9E4B2062C58D05ED869
:1050B40014F0FD0F5BD10B24BBE706F580530A689F
:1050C400013274D104318B42F9D1414B1A682AB9A7
:1050D40002221E609A804FF0010B0BE014236B43F5
:1050E4003C480221C218C1543B4B56605D800135D7
:1050F4001181ADB244F00104CFE7364914236B4368
:10510400CA18C854566003F1100208330A443046E2
:105114001944FFF763FB44F002040135ADB2BCE768
:105124002B4BBBF1000F0DD0DFF8A8C014226A434B
:105134000CEB020102200CF8020001351A684A60E7
:105144000881ADB225491E6000223046FFF746FBB8
:105154001F4B9B88022B14BF082304231C439CE78A
:10516400012389F800300023C9F804304FE768466A
:10517400FFF726FBC8B10123013C03700A2C09D8B0
:10518400DFE804F006080608070807080F110F00F7
:105194000023037169460D4800F09AF9FFF778FE81
:1051A40046E70323F5E70223F3E7082441E7094A26
:1051B40014236B43D118013F4E600321D154BFB275
:1051C400ABE700BF98C702009C2900208C2900206F
:1051D4005C290020642900204C290020602900203B
:1051E400442A0020F8210020F7B50D460446E8B112
:1051F400E1B10DF10601FFF74FFBC8B1BDF8062080
:105204000C4B6168142000FB0233012253E8000FA9
:1052140000EB020643E8006797F0000FF6D129601F
:105224000C3169600020A27203B0F0BD0520FBE7D9
:105234000A20F9E77029002013B50446A8B10DF13E
:105244000601FFF729FB90B1BDF806200A4B142193
:1052540001FB0233DA6862B1A27A52B1DA68002043
:10526400013ADA60A07202B010BD0520FBE70A2003
:10527400F9E70620F7E700BF642900200B4B1B78F1
:1052840037B504460D4663B168B10DF106012846F1
:10529400FFF7EEF918B9BDF806302380658003B036
:1052A40030BD0220FBE70520F9E700BF442A0020B7
:1052B400104A127810B50346AAB1B0B1008802288A
:1052C40015D80D495A88142404FB0011941C4889EC
:1052D40084420CDAC2F57F42FD321044488100203A
:1052E4001880588010BD0220FCE70520FAE704204E
:1052F400F8E700BF442A002064290020022300228A
:10530400FFF7DCBD12B10223FFF7D8BD05207047BB
:1053140018B103230022FFF7D1BD05207047000018
:10532400104B1B7813B50446ABB14FF6FF7398428C
:1053340013D001A8FFF744FA88B1052303700123B1
:105344000371C48001A9084800F0C2F8FFF7A0FD6A
:10535400002002B010BD0220FBE70420F9E708207A
:10536400F7E700BF442A00208C2900200E4B1B784D
:1053740007B5A3B101A8FFF723FA90B10623037080
:1053840001A90A4800F0A4F8094B1A780AB10122CD
:105394001A73FFF77DFD002003B05DF804FB0220C3
:1053A400FAE70820F8E700BF442A00208C290020EF
:1053B4004C29002007B5ADF80600ADF804100DF136
:1053C400060001A9FFF7BAFA03B05DF804FB07B5BC
:1053D4001346ADF806000A4600200DF10601FFF75A
:1053E400ADFA03B05DF804FB07B51346ADF806004B
:1053F4000A460DF106000021FFF7A0FA03B05DF89C
:1054040004FB20B119B103680B600020704705202C
:10541400704710B561B1B2FBF3F403FB1424A4B2DA
:1054240044B9C0E9001484608281C381204610BD60
:105434000E20FCE70920FAE782B050E8022FC18869
:10544400B2EB324F4FF0000317BF92B241EA014171
:1054540042EA014104E04268B2EB324F08BF012343
:1054640040E80212002AE8D18DF807309DF8073091
:10547400002B0CBF1120002002B0704737B550E854
:10548400013F9DB2C48925448489A54228BF2D1BB0
:105494000489A54202BFBFF32F8F002207E0C5EAAB
:1054A400030540E80154002CE9D14FF001028DF8C6
:1054B40003200193019A0A609DF8031001F0FF0391
:1054C40021B1006810FA82F003B030BD1846FBE742
:1054D4000A884B889A4209D150E8012FC2EA024255
:1054E40040E80123002BF7D10120704700207047CA
:1054F40037B550E8023F1FFAA3F5C488A54202BF9E
:10550400BFF32F8F00220DE0C48925448489A5426E
:1055140028BF2D1BC3EA054540E80254002CE8D1FE
:105524004FF001028DF803200193019A0A609DF85F
:10553400031001F0FF0321B1006800EB124003B037
:1055440030BD1846FBE70A884B889A4209D150E8D7
:10555400022FC2EA224240E80223002BF7D10120A5
:1055640070470020704710B590B1D0E9012301685D
:105574009B1ADBB20A60013BDBB2FF2B026802D14B
:105584000020107110BD11684C1C14600B70F2E700
:105594000E20F7E737B5054600240DF107008DF816
:1055A4000740FEF7EFFF2A68696813688B420ED93B
:1055B400591E116013F8013C288AEC6800FB03446F
:1055C400AB685B1A1179DBB2994238BF13719DF84D
:1055D4000700FEF7FBFF204603B030BD37B5054694
:1055E40000230DF107000C468DF80730FEF7CAFFC3
:1055F4002A681368591C1160EA68A41A2A8AB4FB41
:10560400F2F41C709DF80700FEF7E0FF03B030BD14
:10561400826810B504462AB1436901680069984755
:105624000023A36010BD0EB403B5039921B104ABEC
:1056340001AA019300F06EF802B05DF804EB03B028
:105644007047826830B40468551C8560A154D0E961
:1056540001329A4202D330BCFFF7DABF30BC704744
:105664002DE9F84F9946DDE90A43154682468846F6
:105674000A460127AA420FD24F4538BF4F4613F0BE
:10568400010B01D164B900240126B9F1010F1CD921
:1056940009F1FF396E43F8E70137B2FBF5F2E9E7A8
:1056A4009B0710D5B9F1000F0CBF30262026BC4251
:1056B400EAD9013C31465046FFF7C3FF002CE2D043
:1056C400BC42F6D1E0E72026F1E7B8FBF6F39D42B1
:1056D400E0D9DFF83C90B8FBF6F3504619F8031014
:1056E40006FB1388FFF7ADFF3346AB42B6FBF5F676
:1056F400F1D2BBF1000F00D034B9BDE8F88F2021FE
:105704005046013CFFF79DFFBC42F8D8F5E700BFC7
:1057140088C702002DE9F74F064690460F46002938
:1057240000F0528117F8011B49B9337B002B00F0BC
:105734004B81304603B0BDE8F04FFFF769BF252920
:1057440040F0BC8000253A4612F8013B2D2B25D0B1
:10575400302B27D02B2B28D000242A2B07F1010231
:1057640026D1D8F80030191D1B68C8F800101C4455
:1057740017463B782E2B27D101374FF0000A0A2019
:10578400394611F8012BA2F1300CBCF1090F1DD8D8
:1057940000FB0A22A2F1300A0F46F1E745F00105A9
:1057A4001746D0E745F00205FAE745F00405F7E7A8
:1057B40012F8013CA3F130010929DAD80A2101FBCE
:1057C4000434303C1746C8E74FF0000A3A4612F852
:1057D400011B01F0FB0068281746F8D0782909D886
:1057E4006F290BD8632963D020D8252966D058297E
:1057F40000F094803B78002B94D196E77039082907
:10580400F8D801A252F821F0A3590200F957020076
:10581400F957020035590200F95702000B590200EA
:10582400F9570200F957020021590200642901D0F6
:105834006929DFD1D8F80020D2F800B0111D8BEA15
:10584400EB72C8F80010A2EBEB724FF001090A21C9
:10585400092A37DCD14538BFD1462CB1BBF1000F42
:1058640001DB6A0700D5013CAB0702D5BAF1000F92
:1058740003D0E80701D454BB0024BBF1000F32DA93
:10588400CBF1000B2D213046FFF7DBFE05F00302C0
:10589400022A04D1BAF1000F01D144BB0024CDE99E
:1058A400004553460A2259463046FFF7D9FEA1E780
:1058B400D8F800301A1D1978C8F800203046FFF7D0
:1058C400C0FE97E709F10109B2FBF1F2C0E7A14577
:1058D400D3D2013C20213046FFF7B3FE002CCBD0BD
:1058E400A145F6D1C9E76907D0D52B21CBE7A1455E
:1058F400D5D2013C30213046FFF7A3FE002CCDD099
:10590400A145F6D1CBE7D8F800100A1DC8F800204D
:10591400CDE9004553460A220968C5E7D8F80010C6
:105924000A1DC8F800205346CDE900451022F3E7CC
:10593400D8F800301A1DC8F8002015F00105D3F876
:10594400009024D1B9F1000F03D0484606F0A3F823
:105954000546AC421DD809F1FF3919F8011F002989
:105964003FF448AF3046FFF76CFEF6E730460135AA
:10597400FFF767FE19F805100029F7D1A542BFF417
:1059840039AF20213046013CFFF75BFEF6E70025E6
:10599400F0E720213046013CFFF753FED9E7D8F861
:1059A40000301A1DC8F80020302130461C68FFF76B
:1059B40048FE78213046FFF744FE00220823CDE953
:1059C4000032214610226FE703B0BDE8F08F00BF1C
:1059D4000B4610B4114628B123B103605DF8044BA3
:1059E4001B6818470E205DF8044B70472DE9F043FF
:1059F400DDF81C8018B312B3D0F800E0BEF1000F3C
:105A040020D00BB34768D7F80490B3FBF9F709FB30
:105A14001737CFB942EA010C1CF0030F16D1C7683F
:105A2400B94213D305694C1E1C44AC420ED8CDF8C0
:105A34001C80DEF80C40A446BDE8F04360470E200D
:105A4400BDE8F0830820FBE70920F9E71020F7E719
:105A5400F0B5D8B1D0F800C0BCF1000F18D0CAB16D
:105A64004768D7F800E00EF1FF370F4214D1C7683A
:105A7400B94211D305694C1E02FB0E44AC420BD84B
:105A8400DCF81040A446BDE8F04060470E20F0BDAD
:105A94000820FCE70920FAE71020F8E770B550B9B0
:105AA4000E4D0F4C0026641B1423B4FBF3F4B442D4
:105AB40008D1002010E00368002BF1D0BDE870404D
:105AC400DB6918472B6813B901361435EFE7DB6936
:105AD400284698470028F7D070BD00BFF821002061
:105AE4000C22002029DF704728DF704770B5036857
:105AF4009E6886B004460D466EB11022002101A8AE
:105B040006F02AF8A3680593237902952BB1012B9B
:105B14000BD001A8B04706B070BD01238DF8043046
:105B24002369039363690493F3E702238DF8043034
:105B3400E3681B03F5E70846704700207047000040
:105B4400024B187A003818BF01207047542A0020ED
:105B5400034B187A0122B0FA80F05A744009704756
:105B6400542A002008B510461A4605F0C3FF002049
:105B740008BD000008B514220021044805F0ECFF1C
:105B84000348FFF759FC002008BD00BF542A002039
:105B9400682A002038B50C4C012354E8002F42EA4F
:105BA400030144E8001595F0000FF6D152B9074BF4
:105BB400436005F067FD064920741C2305488C22C8
:105BC400FFF727FC002038BD542A0020B8C7020084
:105BD400782A0020682A002038B5254C237A012B26
:105BE40005D0022B42D1022808D0032831D0637C8F
:105BF400002B37D1BDE8384000F042B81D4B0022DD
:105C04001B68E2601A793AB1012AF0D11A690132AB
:105C14001A615B699A420AE0D3E905128D1AB5F557
:105C2400805F94BF521902F580529A619142DED18D
:105C340002284FF0000308BF194623720D4B18BF0A
:105C44000D211868FFF752FF0B490C48FFF77BFC46
:105C5400CDE7E3680133082B01D8E360C7E70023ED
:105C6400E360E5E7BDE8384005F0FCBC38BD00BFA3
:105C7400542A0020502A00204C2A0020682A0020A0
:105C840038B5214C214D237A3BB921492148FFF7EE
:105C94002FFC286008B9606038BD022323722B688A
:105CA4001A794AB1012A20D028680321FFF71EFF80
:105CB400002323726360EFE7D3E90520121AB2F5DB
:105CC400805FD3E9031328BF4FF480529208012A5E
:105CD400014438BF01221844FFF704FF014650B1C4
:105CE4001128E1D101232372D6E7D3E90303184431
:105CF400FFF7FAFEF2E7237C002BCDD1BDE8384054
:105D04000220FFF769BF00BF542A0020502A002058
:105D14004C2A0020682A002000F0FD03012B08D142
:105D2400044B00225A74421E504250411874FFF72B
:105D3400A7BF7047542A002017B40C4B012253E824
:105D4400001F104643E8000494F0000FF7D10191BE
:105D5400019A32B95B7B23B903B05DF8044BFFF7BA
:105D64008FBF03B05DF8044B704700BF582A002072
:105D74002DE9F34180460D46104801A916461F46F9
:105D8400FFF77CFB0446B0B117220021053005F073
:105D9400E3FE2D0B0123237101A90848C4F80080F8
:105DA400A760E5606661FFF793FBFFF7C5FF00207E
:105DB40002B0BDE8F0810420FAE700BF682A0020A1
:105DC4002DE9F34180460F460F4801A916461D46AA
:105DD400FFF754FB0446A8B118220021043005F053
:105DE400BBFE089BA36001A9C4E903670648C4F885
:105DF40000806561FFF76CFBFFF79EFF002002B097
:105E0400BDE8F0810420FAE7682A0020FFF7ABBB65
:105E1400F8B546790146721E0546002393422D6863
:105E240003D30024A64202D8F8BD0133F6E70F6875
:105E34002846FFF7D3FB01343946F3E72DE9F04157
:105E4400078ACD1C0646FFF7A5FB043F3D440446E4
:105E5400B5FBF7F5D0B14FF48073EDB2C780838002
:105E6400013D066080460027AF4210D23046FFF75E
:105E740091FB40B16379013363710137C8F80000C5
:105E840006608046F0E72046FFF7C2FF0024204664
:105E9400BDE8F08110B50430012350E8002F02EB77
:105EA400030140E8001494F0000FF6D110BD30B4A3
:105EB400031D012153E8004FA4EB010243E8002530
:105EC40095F0000FF6D1D2B212B930BCFFF7A0BFE3
:105ED40030BC70472DE9F843B0F80680043305461A
:105EE400B3FBF8F40F46164608FB14333CB9A8EB91
:105EF4000309B14528BFB14626B9BDE8F8832D682A
:105F0400013CF3E70433E818A6EB09064A463919BD
:105F140005F0F0FDB0454C442D68C1464FF0000338
:105F240028BFB146E8E72DE9F843B0F8068004330A
:105F34000546B3FBF8F40F46164608FB14333CB988
:105F4400A8EB0309B14528BFB14626B9BDE8F883DB
:105F54002D68013CF3E70433E918A6EB09064A4629
:105F6400381905F0C7FDB0454C442D68C1464FF0C3
:105F7400000328BFB146E8E732DF70473EDF7047D1
:105F84000D4A08B5002313700C4A1360BFF35F8FEA
:105F94000B490C4800F0ACF80B4A0C480121FEF701
:105FA40087FA024630B9BDE8084009484FF4004179
:105FB400FEF790BA08BD00BF2C2B0020302B002028
:105FC400C8C70200242B0020E1600200C4C70200FD
:105FD400042B002007B500230DF107008DF80730CE
:105FE400FEF7D0FAF1EE103A23F09F03E1EE103AF7
:105FF400BFF35F8F0A4B4022C3F884219DF807004A
:10600400FEF7E4FA05F03EFB20B103B05DF804EBC3
:10601400FFF7B4BF20BF40BF20BF03B05DF804FB4F
:1060240000E100E070B50123264C54E8001F1A4635
:1060340044E8002595F0000FF7D1BFF35F8F39B91D
:10604400042809D0204A15781DB1BFF35F8F216061
:1060540070BD1E49137008701D4D1C4E6B68BBB992
:10606400FDF7E6FCFDF766FB0028FBD1174B1B7818
:10607400023B012B14D8BFF34F8F1649164BCA6845
:1060840002F4E0621343CB60BFF34F8F00BFFDE720
:106094001B683078984788B1284600F031F8DDE76E
:1060A40005F0F0FA08B1FFF767FF4FF080430122D3
:1060B400C3F80025BFF34F8F20BFFDE7BFF35F8F09
:1060C4002060C5E7302B00202C2B0020342B00202F
:1060D400242B002000ED00E00400FA05034B1B789C
:1060E40013B10420FFF79EBF704700BF2C2B002084
:1060F400D1E90032934208BF002301604360704736
:10610400436843B10268916852680B449342436008
:1061140004BF00234360704710B50B4AA2F1F0039B
:106124009A4201D800200CE0D11A091103EBC104F2
:1061340053F83110814205D802D204F10803EFE785
:10614400606810BD2246EBE7C4C8020008B5FFF73B
:10615400E3FF024B002808BF184608BDC4C802006C
:10616400C30710B510D401231A46202B02D14FF6D1
:10617400FF7006E002FA03F4044203F1010101D0C6
:1061840098B210BD0B46F0E70020FAE770B59DF811
:10619400105098B191B18AB1002430F814609E4235
:1061A4000FD10120A040C44301EB820251F8043B0B
:1061B4002DB10343914241F8043CF7D170BD234013
:1061C400F8E70134202CE8D1F8E707B5009313462B
:1061D4000122FFF7DBFF03B05DF804FB10B558B1F3
:1061E400002330F81340944207D1012202FA03F34A
:1061F4000B4214BF1046002010BD0133202BF0D1F8
:106204000020F9E7F0B599B100231C46012505FAF1
:1062140003F616421EBF00EB440631F81370B78034
:1062240003F1010318BF0134202BF0D10460F0BD49
:106234000C46FBE738B5074C051EA4F1080308BF5C
:106244001C4623682BB11A6822605B68284698476D
:10625400F7E738BD482B002008B9FFF7EBBF7047BC
:106264004FF080420123D360D2F8183413F4803302
:10627400FAD1014A93707047382B002010B50E4CA8
:106284002378BBB96360A360E36023610B4B186898
:1062940010F0010002D1072100F08CF805F0F2F9AA
:1062A40020B94FF080430122C3F81825012323703D
:1062B400002010BD8520FCE7382B002000E100E021
:1062C40007B500230DF107008DF80730FEF75AF9E2
:1062D400074BDA68013ADA60DB680BB9FFF7C0FFF5
:1062E4009DF80700FEF772F903B05DF804FB00BFE8
:1062F400382B0020012813B508D003281CD018B966
:10630400124B0122C3F8802002B010BD104C0023B0
:106314000DF107008DF80730FEF734F923780BB937
:10632400FFF7ACFFE3689DF807000133E360012346
:10633400A370FEF74BF9E7E70721002000F03AF8D5
:1063440002B0BDE81040FFF7BBBF00BF00E100E0B2
:10635400382B00204FF0804307B5D3F800216AB1F1
:106364000020C3F80001D3F800210092009A012212
:10637400C3F808230E4B5A70FFF75CFF4FF08043BD
:10638400D3F804218AB10022C3F80421D3F80421EC
:106394000192019A0222C3F80823054B0120987048
:1063A40003B05DF804EBFFF745BF03B05DF804FBF1
:1063B400382B00200028ADBF00F160430C4B00F0E7
:1063C4000F0203F561434FEA4111C9B2B4BF9954B6
:1063D40083F80013012200F01F039A4043099B0035
:1063E40003F1604303F56143C3F880211A607047E9
:1063F40014ED00E000F1804000F5C040002382B0BD
:10640400036003680193019B02B07047800000F1B0
:10641400A040D0F8003723F44033C0F80037D0F858
:10642400003743EA0143C0F800377047054B4FF08B
:10643400FF32072843F8202084BF1B1883F8482024
:10644400704700BF4C2B002038B5124D95F85440CE
:10645400ECB92022FF2105F1300005F07DFBE0B20C
:106464000134FFF7E3FF0C2CF9D106200721FFF7D5
:10647400A1FF4FF4BE70FFF7BDFF074B4FF0004282
:10648400C3F80423012385F85430002038BD0820C4
:10649400FCE700BF4C2B002000600040034B93F846
:1064A4005400003818BF0120704700BF4C2B002057
:1064B400F0B5314E331893F93030002B5ADACF78D7
:1064C400002F0BBF082300234FF00C0C4FF0080CD7
:1064D400634501D10420F0BD56F8235001354FEA3D
:1064E400830431D106EB000C5DB246F823208CF80E
:1064F400305017B9334483F848008B7833B38300A2
:1065040003F1A043D3F8002722F00202C3F80027C6
:106514000A7827B304F1804303F5C0430002D3F89B
:10652400101521F4473121F44071C3F810151204F9
:10653400D3F8101500F4F85002F440321043084325
:10654400C3F810050020C6E70133C1E74A7800F517
:10655400E0734FF0A04C92004CF82320D8E7A5F14B
:10656400080346FA83F393F8501041EA821283F841
:106574005020E7E70820AEE74C2B002010B51D4C57
:10658400231893F93020072A16DD144494F8483070
:106594009B09032B0BD14FF0A043D3F81015C14036
:1065A40001F001010231BDE81040FFF72FBF012BBC
:1065B4000CBF02210321F6E7D3B2072B19D89300AD
:1065C40003F1804303F5C043D3F8100540F0010004
:1065D400C3F8100502F14000800080B2FFF70AFF03
:1065E40039B154F8223023B101239340024AC2F84E
:1065F400043310BD4C2B0020006000404FF0A0433A
:10660400D3F8103523FA00F000F0010070470000C1
:106614002DE9F04F85B000245C4D01944FF4807255
:10662400012102F1804303F5C0431B68012B07D10C
:10663400D5F80433194203D090B2FFF7DBFE0C43C4
:106644000432B2F5907F4FEA4101EAD14F4BD3F8BF
:106654007C31012B0AD14FF4BE70FFF7CBFE4FF013
:10666400A04344F00044D3F810350193E3B2D3B10E
:10667400474F00250126344210D0AB0003F180437C
:1066840003F5C043D3F81005D3F8101557F8253097
:1066940023B1C1F30141C0F3042098470135082D0B
:1066A4004FEA4606E7D1002C6DDA00214FF0FF33A4
:1066B400CDE90213364D374C4FF00008C146012690
:1066C4004FF0A04714F9013F5A1C49D0C3F3C2014B
:1066D40001F110006844DAB210F804CC03F03F0A68
:1066E40003F0070306FA03F31CEA030F38D005EBA3
:1066F4000A0C92099CF930C055F82CB0BBF1000F7C
:106704000AD1032A2CD10DF1080E1EF801C04CEA5F
:10671400030C0EF801C001E0032AF4D00AF5E0717D
:1067240010F80C0C57F821101842C1F3014105D0A0
:10673400022915D1032A0DD1114604E003290FD1F2
:10674400032A07D102215046FFF760FE08F1010831
:106754005FFA88F8BBF1000F02D011465046D847C3
:1067640009F10109B9F1040FACD1B8F1000F0AD055
:106774004FF0A043019AD3F810359A4203D0019305
:10678400029B039397E705B0BDE8F08F00600040DB
:106794004C2B00209B2B0020002382B043504358F5
:1067A4000193019B02B070470A4610B54FF48E71F5
:1067B400FFF7F2FF938A91689BB2C95C938A013315
:1067C4009BB29382C0F81C1510BD1FB582688DF86A
:1067D400081000238DF8003083750192D0E900136E
:1067E4006846984705B05DF804FB10B5CB7D0A46B2
:1067F4004FF4847123B9FFF7CFFFD0F8183510BDDB
:10680400FFF7CAFF537ED168D0F81805C854537EE9
:106814000133DBB25376F2E71FB501238DF8003064
:10682400054B8DF8080001916846D3E900129047A2
:1068340005B05DF804FB00BFA42B00202DE9F8434C
:106844005A4C03795F0104EB43130546D87E0028B4
:1068540040F0AA804E7F1E770B68581C0BD04FF077
:10686400A04C01209840CCF8080503F5E0704FF0E7
:10687400030E4CF820E0D1F804C0D1F81890BCF114
:10688400FF3F1FBF0CF5E0704FF0A04E4FF0000823
:106894004EF8208091F8148091F815E0286848EAB1
:1068A4000E0EC0F82495C0F86CE5002E5DD0B8F14A
:1068B400010FC0F80C35C0F814C522D1D1F808C0B6
:1068C400BCF1FF3F07D00CF5E0734FF0A04E4FF042
:1068D40000084EF82380CB68B3F1FF3F0DD04FF092
:1068E400A0484FF0010E0EFA03FEC8F808E503F5C0
:1068F400E07E4FF0030948F82E90C0F80835C0F840
:1069040010C5E3195A600B69E351E2B191F81C8098
:1069140040F30732002E3BD04FF48871FFF73CFF61
:106924004FF49071FFF738FF4FF49271FFF734FF83
:106934004FF4A271FFF730FF1D4BC0F804334146FA
:106944001046FFF737FD2B792A6804EB43131B7FAE
:1069540043B308233C44C2F8003500204FF480734D
:10696400E08220766383BDE8F883B8F1010FC0F8B4
:1069740014C5C0F80C35C4D1D1F808C0BCF1FF3F30
:106984001EBF0CF5E0734FF0A04E4EF82360A2E753
:106994004FF48E71FFF700FF4FF4A271FFF7FCFE76
:1069A400044BCAE70423D5E70820DCE7A42B002026
:1069B4001003020080000200F0B53B4A03795F0136
:1069C40002EB4313197F0368002952D00020C3F857
:1069D4000005D0194068002862D043F3073404F05E
:1069E4001F0560090124AC402030304D002943D0FC
:1069F4002F49C3F8081345F820404FF0FF36D3F869
:106A04000C55D3F81445D3F80815D3F81005C3F87A
:106A14000C65C3F81465C3F80865C3F810656E1CEB
:106A24001FBF4FF0A04305F5E075022643F825602B
:106A3400651C1FBF4FF0A04304F5E074022543F822
:106A44002450441C1FBF00F5E0704FF0A043022403
:106A540043F820404B1C1CBF4FF0A04301F5E071EC
:106A64003A441CBF022043F821000023D37653602C
:106A7400F0BDC3F80015ACE70E49C3F8081345F898
:106A840020404FF0FF36D3F80C55D3F81445D3F813
:106A94000815D3F81005C3F81465C3F80C65BAE7F4
:106AA4000029EED0A9E700BFA42B002000E100E0FC
:106AB40010030200840202000279044B03EB421328
:106AC400987D003818BF0120704700BFA42B002018
:106AD4002DE9F0473E4D0E46017905EB4113804602
:106AE40093F81CA091464F01BAF1000F04D006F0B0
:106AF4006043B3F1005F66D14046FFF7DDFF002835
:106B040063D1EC19A08284F81690D8F80000A6602E
:106B1400BAF1000F21D04FF49071FFF73DFE4FF40E
:106B2400AC71FFF739FE0123C0F84465C0F84895FD
:106B3400836063681BB100231846BDE8F087D0F872
:106B44002021D0F858311A43F9D02F44002B4FF0AC
:106B5400000218BF0F23BA75EEE705EB41164FF498
:106B64008E71FFF719FE012383603146FFF71CFE87
:106B74006368002BDFD1A27DA38A9BB293420FD31B
:106B8400A38A9BB2B3F5807F1BD0D0F81C31002BB5
:106B9400FBD00123C36000233D440022AA75CBE748
:106BA400D0F81C3123B9A38A9BB2B3F5807FF7D107
:106BB400A38A9BB2B3F5807FDED03146FFF7F4FDA4
:106BC400D9E70F23E8E71023B6E71123B4E700BFA2
:106BD400A42B00207FB57A4C7A4A237F002B67D000
:106BE400D2F82461002E42D04FF492711046FFF780
:106BF400D3FD02238DF80030D2F88034C2F88034FB
:106C04000393D2F83C358DF80830E36801930023F0
:106C1400E37523766846D4E9001398476948D0F8A9
:106C240044316BB14FF4A271FFF7B6FDE37D3BB184
:106C34000023E375D0F83C05E168C0B2FFF7ECFD32
:106C44006048D0F82031002B00F0B7804FF49071E9
:106C5400FFF7A2FDA37D002B00F0AF80D0F84C1508
:106C64005748C9B204B0BDE87040FFF7AEBDD2F8D2
:106C74001031002BD2D010464FF48871FFF78CFDF1
:106C8400D2F83C35E07DDBB29842C7D1237EE1687F
:106C940063B1D2F8005225F02005C2F80052E37522
:106CA4002369E3602676FFF7B7FDB7E7E375FAE7F4
:106CB400D2F8043399054AD5D2F82431002B46D0B2
:106CC4004FF492711046FFF767FD4FF40173C2F859
:106CD4000833A37E0BB9012353603A4A02238DF88B
:106CE4000030D2F88034C2F880340393E37D8DF809
:106CF4000830E36801930023E37523766846D4E9FA
:106D0400001398472F48D0F81C313BB1A38AA27DC9
:106D14009BB2934246D22A49FFF746FD2948D0F850
:106D24004431002B49D04FF4A271FFF735FDA37E07
:106D34000BB101230360E37D002B3ED0607EE1684C
:106D44000023E37504B0BDE87040FFF765BD1D4D39
:106D5400D5F804335B07D5D5D5F80831002BD1D04D
:106D640017492846FFF741FD637EE27D9A42C9D167
:106D7400237EE1684BB1E3752369E3600023607E01
:106D840023766376FFF748FDBCE7A37E0BB90123A6
:106D94006B600C4B4FF40172C3F808230023607E30
:106DA400E375EFE74FF48E71FFF7F6FC002AB5D0D8
:106DB40003481146FFF709FDB0E704B070BD00BFFA
:106DC400A42B0020002000400220FCF78BBF000011
:106DD4002DE9F04780460D46FCF7B2FF0328044630
:106DE40004D8012D04D0022D31D01DB3BDE8F087A5
:106DF4001A4E00EB4003F218F55C5378470053B188
:106E0400DFF8689016484A464FF40041FDF762FBEC
:106E140008B989F8008027443E44124BB2781A55C9
:106E2400002DE3D0104B1B68002BDFD02846BDE8B3
:106E3400F04718470A48FDF795FB084B04EB44025A
:106E440013449D78074B1B5DAB42CFD1E8E7034B5E
:106E540000EB400423445D78E2E700BFEC2B002004
:106E6400CC2B0020C42B0020F82B0020C82B0020A2
:106E740000780221FFF7ACBF08B5094B1B7853B16A
:106E84000020FCF705FF0120FCF702FFBDE80840E5
:106E94000320FCF7FDBEBDE80840FCF705BF00BFBA
:106EA4003C2C0020F8B5854D2B7804461BB10023FB
:106EB4002B70FFF7E1FF172C1ED8DFE814F0180041
:106EC400200020004B006B007C008D0097009D008B
:106ED400A2009D00A200AA00AF00AF00AF00AF0067
:106EE400AF00D900DE00E600EE00F900F900FFF77C
:106EF400C3FF734B00221A7000252846F8BD0020FA
:106F0400FCF7ACFEF0B10020FCF7C2FE022C14BF6B
:106F14004FF47A654FF4E165694B1C7000244FF41B
:106F240000464FF4FA7021464FF47A720023E5FBD1
:106F3400060104F0E7FC22460146BDE8F84061483A
:106F4400FDF7C8BAFCF798FE022C14BF4FF4C875BD
:106F5400C825E1E70020FCF781FEB8B10020FCF76A
:106F640097FE4FF44874564B032200254FF4004615
:106F74004FF4FA7029461A70E4FB06014FF47A7252
:106F8400002304F0BFFC2A460146D6E7FCF774FE52
:106F9400C824E8E70020FCF761FE38B10020FCF7C4
:106FA40077FE4FF47A64464B0422DEE7FCF764FE76
:106FB4004FF4C874F7E70020FCF750FE48B10020F6
:106FC400FCF766FE3E4B05221A7041F69A11002228
:106FD400B3E7FCF751FEF5E70020FCF783FE384BDE
:106FE40006221A70002240F6CD41A6E70020FCF7E5
:106FF40043FE334B07227EE701202870FCF772FE24
:10700400F0E701202870FCF76DFE00224FF4804168
:1070140093E7FCF758FE2A4B0C226CE72A482B4EC8
:10702400FDF7A0FAD4F1110405461CD0D8B9012CFF
:1070340013D0C8235C4329464FF400474FF4FA7039
:107044004FF47A720023C4FB070104F05BFC2A4668
:1070540001461D48FDF73EFA05460220FCF70CFEEA
:107064000123337049E70220FCF712FE0023F8E7FE
:10707400FFF702FF124B12223DE7FFF7FDFE00204F
:10708400FCF7FAFD0E4B132235E7FFF7F5FE01205E
:10709400FCF7F2FD0A4B14222DE7FFF7EDFE00206A
:1070A400FCF7EAFD0120FCF7E7FD054B152222E77A
:1070B400FCF709FE024B1C701EE700BF442C0020A5
:1070C400452C00201C2C0020FC2B00203C2C0020F4
:1070D400044B1B68DB0703D5034B1878FFF7E2BEAC
:1070E400704700BF402C0020452C0020FCF71ABE3E
:1070F400044B1B6813F0010301D0FFF7D3BE1846FD
:10710400704700BF402C002038B51C4B18601C4B46
:1071140010F00204054619601AD01A4B1A480E22C0
:107124001A700F22DA7010229A7111225A720421F5
:1071340040F26662FCF78CFE044648B9FCF7DAFEBE
:10714400044628B90146114A1148FDF7B1F904462D
:10715400EB0701D5FCF7D8FD6CB921460D4A0E4862
:10716400FDF7A6F9044630B9BDE838400B4A0C488F
:107174000121FDF79DB9204638BD00BF402C0020F9
:10718400F82B0020EC2B0020D8C80200756E0200FA
:10719400F8C80200D570020000C90200CD6D0200DB
:1071A400FCC80200032811D8012A0AD101290FD1F1
:1071B40000F10E02D2B20D4B00EB40001A54002035
:1071C40070470129F7D0022904D049B1072070473C
:1071D4000022F8E7054B00EB400003445A70EEE749
:1071E400024B00EB400003449A70E8E7EC2B0020CC
:1071F40008B5FCF7B7FD800000F1A040D0F80037D7
:1072040023F44033C0F80037D0F8003743F4403358
:10721400C0F80037002008BD08B501220221002073
:10722400FFF7C0FF08B1072810D10722022101206F
:10723400FFF7B8FF08B1072808D100210A22084641
:10724400FFF7B0FF10B1072808BF002008BD0000F9
:107254000388102B10B502D0112B22D010BD194C6D
:107264002168D1B901220846FFF79CFF08B107281D
:107274000FD1072202210120FFF794FF08B107284C
:1072840007D1042202210020FFF78CFF28B1072830
:1072940003D00D4B1B6803B1984723680133236067
:1072A400DCE7084A1368013B1360002BD6D1FFF7D3
:1072B400B3FF0028D2D0044B1B68002BCED0BDE80E
:1072C40010401847482C00204C2C002008B5002002
:1072D400FFF78EFF08B1062806D10120FFF788FFCB
:1072E40010B1062808BF002008BD00000D4B10B5E2
:1072F40018600C4629B10120FFF7F8FE40B10223C3
:107304002370094B1B6853B9BDE81040FFF784BFD5
:10731400FFF7ECFE08B10B23F2E72070F1E7002041
:1073240010BD00BF4C2C0020482C002076DF704795
:107334007ADF70477CDF70478FDF7047A8DF7047C4
:1073440066DF704732DF70470B4B1B881B04032832
:1073540010D8DFE800F00207090D084943F00300E4
:10736400FCF722BB0649F9E7064943F00100F7E7B9
:107374000549FAE70549F8E780210020D1C1020058
:10738400FFC1020022C202005BC2020088C20200E6
:10739400FCF7C6BD1FB503883B2B04460CD007D8A9
:1073A400102B14D0212B1CD0012B26D004B010BDDF
:1073B400512B27D0562BF9D1A0881321FFF7B6FF04
:1073C4000028F3D004B0BDE81040FCF7A9BD0720A5
:1073D400FFF78EFE08B1FCF7A3FD154BA2881A80B7
:1073E400E4E700238088ADF800306946FFF7A4FF86
:1073F4000028DBD0FCF794FDD8E700218088FFF754
:107404009FFFDDE78379827B002BCFD0043A022AE9
:10741400CCD8022B18BF01238DF8003069464FF4F5
:10742400C1738088ADF80430FFF788FFE0E700BF40
:107434003022002008B50020FFF75AFE08B1FCF7FF
:107444006FFDFFF743FF08B1FCF76AFDFFF77AFF12
:1074540018B1BDE80840FCF763BD08BD022810B5AB
:107464000ED1084C08492088000440F00300FCF7C2
:107474009BFA20880549000440F00300FCF794FAC5
:10748400012010BD80210020AFC20200DCC2020036
:1074940008B503784BB9054B3B211888FFF746FF25
:1074A40018B1BDE80840FCF73BBD08BD3022002000
:1074B400072808B514D00A2802D0042804D008BD2F
:1074C400BDE80840FFF7B6BF0A4B13211888FFF741
:1074D4002DFF30F00803F2D0BDE80840FCF720BDD2
:1074E400044B1A884FF6FF739A42E8D1024800F021
:1074F40055FEEEE730220020502C002008B548B19C
:1075040003280BD10220FFF7F3FD38B1BDE8084092
:10751400FCF706BDBDE80840FFF78CBF08BD0000BE
:1075240008B50548032100F019FD18B1BDE808406D
:10753400FCF7F6BC08BD00BF502C002030B5037822
:1075440085B004460F2B24D8DFE803F00823132367
:1075540025232D49234523493B492340214B2249D7
:107564001888000440F0030005B0BDE83040FCF783
:107574001BBA1C4B40881D8800F0EAFF2D04237AB7
:10758400009345F003050246638818492846FCF732
:1075940022FA05B030BD002340888DF80C3003A9D1
:1075A40002F0B4FCF5E7FDF7E1FE0E2804D844F23E
:1075B4000113C340DB07ECD405B0BDE83040FCF751
:1075C400AFBC05B0BDE83040FFF7AABF05B0BDE8C9
:1075D400304002F09FBC00690028DAD0ECE78068F4
:1075E400FAE700BF802100200BC3020034C302006D
:1075F40000B50020ABB0FCF735F808B1FCF790FCFF
:10760400FBF774FFFCF724FF08B1FCF789FCFEF7D5
:10761400B7FC08B1FCF784FC5F490320FFF774FD55
:1076240008B1FCF77DFC02A90020FFF75FFE08B15A
:10763400FCF776FC9DF8085003F0B8FF08B1FCF79E
:107644006FFC002302A90120029304F063F808B13F
:10765400FCF766FC02A804F0F9F808B1FCF760FC3A
:1076640002F0F4FB08B1FCF75BFC4C4B029302A85C
:1076740003238DF80C3002F03FFC08B1FCF750FCFA
:10768400474802F021FC08B1FCF74AFC11224549A5
:107694008DF8042001A8FFF74DFE08B1FCF740FC6B
:1076A4000023ADF80C30404B029302A84FF4C8738A
:1076B400ADF80E30FFF73CFE08B1FCF731FC3B4857
:1076C400002101F03CFD08B1FCF72AFCA0220021B6
:1076D40002A804F041FA02238DF8083040F2016355
:1076E400ADF80A3001234FF49671ADF818308DF8D7
:1076F4008430B423CDE924132D4A2E4B2E4807920F
:1077040002A9289300F08BFB08B1FCF709FC2A4876
:10771400012100F081FB294B029302A803F0AAFC8B
:1077240008B1FCF7FDFB1422002102A804F014FAAE
:107734004FF470234FF42032CDE9032303238DF853
:1077440014301F4B079302A81E4B089300F044FE0D
:1077540008B1FCF7E5FB1C4C1C492088000440F0F0
:107764000300FCF721F9022D12D1208818490004E6
:1077740040F00300FCF718F902F0DEFB08B1FCF757
:10778400CFFBFBF7D7FF0028FBD1FEF723FCF8E77C
:10779400FFF7C6FEF5E700BFB5740200310710031A
:1077A4004175020074C302005000A000282D00207F
:1077B4002C22002001750200502C00204D73020081
:1077C40095740200957302008021002086C3020094
:1077D4009BC302000369C26893429CBF81685B1823
:1077E400013B981A70472DE9F041D0E9028405461F
:1077F400A8EB04064068964220440F46144404D97A
:1078040004F078F9EC60BDE8F0813246A4EB08049A
:1078140004F070F968682246B919F1E72DE9F843D4
:10782400C5680646894617464FF000083369B468B0
:1078340070689D4228BF1B19641BBC4203F1FF33CF
:1078440028BF3C465B1B9C4228BF1C464946284433
:10785400224604F04FF9B3682544AB4208BF002523
:107864003F1BA044A144F560E0D14046BDE8F88345
:1078740010B5114C114AA2610223C4E90433104B20
:10788400E361A2644FF400730E4A0F492362E26479
:1078940000231022E01DA3626362E362A3656365B3
:1078A400E365226504F00EF90849204604F00AF95C
:1078B4002023A37110BD00BF4C2F0020A8C30200D9
:1078C4004C2D00203C2D0020B1C30200B5C30200A2
:1078D400F8B5144B182700FB07751D4407FB00334C
:1078E4000E46DB6A012B14460AD0022B14D023B9AE
:1078F4002846FFF76FFF844208D900242046F8BDCC
:107904002846FFF767FF844228BF044622463146D3
:107914002846FFF768FFF1E72846BDE8F840FFF77F
:107924007DBF00BF4C2F0020FFF7A2BF6DDF704763
:1079340072DF704779DF70477DDF704764DF70471F
:107944002DE9F04F85B000260E9CBDF83CB0B4F88C
:1079540000A00191074690461D46B1463A884A4523
:1079640005DC002E37D1002005B0BDE8F08F7A6821
:1079740052F82900039000220DF10B0103A8FFF730
:10798400DDFF0028F0D19DF80B20424520D122884C
:1079940086F0010002EB080101EB4001594524DCAB
:1079A4003EB9013292B2019B2280AB54228801324B
:1079B400228022880DF10B012A4403A8FFF7BEFFA1
:1079C4000028D1D121889DF80B200A442280012669
:1079D40009F10109C2E72388013BA3EB0A039BB227
:1079E400FF2B02D805F80A30BDE70C20BCE72DE9CF
:1079F400F341089FBDF824801546CDE900780222A2
:107A040004461E46FFF79CFF50B933461022294610
:107A14002046CDE9087802B0BDE8F041FFF790BFF9
:107A240002B0BDE8F0812DE9F04F0023178885B03E
:107A3400138090F82D3006460D4614465BB3082F8C
:107A440040F2AF8102A8FFF771FF002840F0E28006
:107A54002388DDF809100822EA54238801339BB2F5
:107A64001B222380EA54238801339BB2EA18238023
:107A7400E950BDF80D30938023889DF80820063323
:107A84009BB2012A88BF0122238094BFE854EA54A0
:107A9400238801332380B37803B323880433BB42A0
:107AA40000F27F8102A8FFF745FF002840F0B28072
:107AB40023880322EA54238801339BB219222380AA
:107AC400EA542388BDF8082001339BB2E9182380C7
:107AD400EA54120A4A70238802332380F278A2B14E
:107AE4002388D91CB94200F25C810221E95423881D
:107AF40001339BB201212380E95423880B449BB2B8
:107B04002380EA5423880B4423807368B3B193F928
:107B140000202388D91CB94200F243810221E95490
:107B2400238801339BB20A212380E954238801333B
:107B34009BB22380EA542388013323803389002BAA
:107B44005DD1338A53B1CDE900472B460722032187
:107B540006F11000FFF74BFF00285BD1338B53B1C4
:107B6400CDE900472B461522142106F11800FFF732
:107B74003EFF00284ED1326A002A4ED1D6F8248026
:107B8400B8F1000F31D0B8F804302188981C8A1C51
:107B94000244BA4200F20581FE2800F20281033356
:107BA4006B54238801339BB2FF222380EA54238839
:107BB40001339BB22380B8F80020EA54E918120A72
:107BC4004A702088023080B22080B8F8042062B164
:107BD400D8F80810002900F0E680284403F08AFF52
:107BE4002388B8F804201344238096F82C30002B03
:107BF40059D13378002B40F0978000200AE0CDE97A
:107C040000472B460622022106F10800FFF7EFFE8B
:107C1400002896D005B0BDE8F08FB4F800C00CF190
:107C24000603BB4200F2BD801188052940F2BB80E7
:107C34006FF4486E01EB0E039BB24FF27D3E734529
:107C440040F2B1805388052B40F2AD806FF4486058
:107C5400181880B2704540F2A6804FF6FF7081423A
:107C640002D0994200F29F80052305F80C30238846
:107C740001339BB212212380E954238801339BB240
:107C840023801188E954E818090A417023880233D3
:107C94009BB223805288EA54E918120A4A70238856
:107CA400023323806AE7B36A002B7CD04FF00009CB
:107CB4004FF00C0A4FF0160B96F82C305FFA89F24D
:107CC400934296D9B16A0AFB02F201EB0208B8F8B2
:107CD4000430981CFE2864D8208803332B5423884E
:107CE40001339BB2238005F803B0238801339BB290
:107CF40023808A5AEA54E918120A4A70208802300A
:107D040080B22080B8F804205AB1D8F808100029AD
:107D140049D0284403F0EEFE2388B8F80420134425
:107D2400238009F10109C7E73288012A3BD0228860
:107D3400901CB84235D8012B04D173780233134414
:107D44009F422ED3023FBF1ABFB202A92844ADF806
:107D54000870FFF7F1FD00287FF45CAF3378022B45
:107D640016D1BDF80830BB4219D9ADF80870082106
:107D7400BDF80830FE2B14D822880133AB54228876
:107D8400013292B22280A95422881344238034E71A
:107D9400012BEAD173789F4228BF1F46E5E70921EA
:107DA400E6E70C2036E7072034E730B593B01F230D
:107DB4000D46ADF80430ADF80630044610B3C37870
:107DC4005B0702D4072013B030BD01AA02A9FFF754
:107DD4002AFE0028F7D102ACBDB1EB78002BF1D11B
:107DE4000DF106020AA92846FFF71DFE0028EAD174
:107DF4000AAD9DF806309DF804102A462046FFF788
:107E040097FDE0E7ADF80400E6E7ADF80650F0E7CB
:107E140073DF704774DF704780F824107047F8B53B
:107E240004460D46002900F09780002800F0948055
:107E34000026C670012301F1780C0370071DBCE80D
:107E44000F000FC79CE80F0087E80F0084F8246038
:107E5400D5F89830C4F8CC30D5F89C30C4F8D0307C
:107E640004F130074FF6FF73A4F8C830C4F8256056
:107E74003146A6623C22384603F06EFE2B7884F825
:107E84003030AB7884F83230EB7884F833306B7868
:107E940084F83130D5E9040104F1400383E8030098
:107EA400D5E9020104F1380383E80300D5E90601AA
:107EB40004F1480383E8030095F82D3084F85D301D
:107EC4006B6AB3B9AA6A52BB2B6A43B104F1C40208
:107ED40022655A881B88A4F8C620A4F8C4306B68AD
:107EE40003B1636305F13C013846BDE8F840FFF790
:107EF4005CBF04F16C02626504F1780262671A885F
:107F0400A4F86C209A88A4F8702004F17701B24296
:107F1400D8D99868805D01F8010F0136F7E704F1BC
:107F2400A403C4F8A03004F198039188A3651388CE
:107F3400A4F89830A4F89C1004F1A30000239942FB
:107F440004D895F82C3084F85C30BDE79668F65C6C
:107F540000F8016F0133F2E70E20F8BDF0B50678A2
:107F640085B004460D46002E00F0CC80C170002080
:107F7400FDF794FD20B101236370002005B0F0BD2E
:107F8400E388C4F8250004F12507A06213B1E3785F
:107F9400012B04D0E37953B1E378022B07D1D4F851
:107FA400CC30A3B1012284F82C20082098473B460A
:107FB40004F12B0113F8012F12B99942FAD1164694
:107FC4006B1E032B31D8DFE803F005080B0D84F892
:107FD4002C30ECE7A37903B13EB9E37903B136BBA6
:107FE400237A33BB657AAD00EDB2D4F8CC30E570BA
:107FF4000BB3033D012D1ED86279E2B194F8D4206D
:10800400CAB984F8D620012284F8D52007209847DD
:1080140010220021684603F09FFDE378042B13D857
:10802400DFE803F0660D1C2948000025DDE7022582
:10803400DBE70325D9E7002384F8D530E8E70123FB
:10804400A37001978DF80030E378002B52D1D4F857
:10805400CC30002B91D0A07898478EE70223A370F0
:1080640001238DF800302369ADF80C30E3680197E3
:10807400ADF80A30E8E76369ADF80A30A369ADF8F2
:108084000C306379A3B194F8D41089B994F8D6303C
:1080940073B102238DF80830042384F8333004F1DB
:1080A4003000FFF782FE0028CED10523A370CBE772
:1080B4000323FBE7E369ADF80A30236AADF80C301B
:1080C40063799BB194F8D41081B994F8D6306BB12C
:1080D40002238DF80830042384F8333004F130008F
:1080E400FFF763FE0028AFD10623DFE70423DDE7B3
:1080F4000023DBE794F824106846FFF789FE002884
:10810400A5D03BE7082039E70388112B10B50C46AE
:108114000AD01B2B20D0102B05D1C27B8388012AC7
:1081240001D1A1F8C83010BD0022838881F8D42081
:10813400B1F8C8209A42F6D10B79002BF3D1012172
:108144002046FFF70BFF0028EDD0D4F8D030002BE9
:10815400E9D0BDE810401847037A002BE3D1C97871
:1081640005230131B1FBF3F303EB8303C91AC9B24D
:10817400E6E70238012810B50C460ED84B7863B1F7
:1081840000234B702046C978FFF7E8FE28B1D4F8E5
:10819400D03013B1BDE81040184710BD38B50446BF
:1081A400FFF738FE012384F8D4300021062384F835
:1081B400D61084F8333004F13000FFF7F6FD05469D
:1081C40040B9E1782046FFF7C9FE18B1D4F8D030A1
:1081D40003B19847284638BD75DF704776DF70478E
:1081E4007ADF70477BDF7047034B1A8882420CBFEB
:1081F40018460020704700BFE82F0020024B9B69FF
:1082040003B11847704700BFCC2F002073B585B267
:108214002846FFF7E9FF044668B1174E027A337B1C
:108224009A4211D200F10A012846FFF7D5FF20B97E
:10823400237A0133237202B070BD1128FBD002B03F
:10824400BDE87040FFF7DABF00230372337C43B10B
:108254003B212846FFF7C2FF30F0080301D0FFF7A7
:10826400CDFF7369002BE6D000228DF80420ADF811
:10827400065001A89847DEE7CC2F002013B50B4623
:10828400497A02460E4871B9D0E90141187A0028AA
:1082940008BF21465868FCF71DF978B102B0BDE863
:1082A4001040FFF7ABBF00211972436933B10121BC
:1082B4008DF80410ADF8062001A8984702B010BD4F
:1082C400CC2F00204B8802889A4212D842889A42C6
:1082D4000FD380888B8840F2F311884294BF021A2E
:1082E400421A9A4205D80844984234BF002001201B
:1082F40070470020704700000388122B70B50146B8
:1083040059D004D8102B1ED0112B44D070BD502B43
:10831400FCD12F4BC288DB899A42F7D1038A022B06
:10832400F4D186883046FFF75FFF05460028EDD07C
:1083340001F1120000F086F938BB6868FCF712F905
:108344000028E3D00AE0C37B8688012BDED14FF6F8
:10835400FF70FFF749FF054620B90420BDE87040CF
:10836400FFF74CBF1B4A0680002303721368C0F852
:108374000A305368C0F80E3010310A30FFF7A2FFFC
:10838400134B6872DB89002BC0D129463046BDE807
:108394007040FFF773BF8088FFF726FF044600286C
:1083A400B4D04068FCF7DEF808B1FFF727FF4FF6BA
:1083B400FF732380AAE786883046FFF715FF05463A
:1083C4000028A3D008310A30FFF77CFF6872DCE78D
:1083D400CC2F0020C42F0020F8B5064648B305462C
:1083E4000FCD154F3C460FC495E8070084E80700FD
:1083F4003068124C3C60B0B1FFF7F2FE90B93268BD
:1084040013682360536863600D480E4A4FF6FF7388
:1084140003800D4B40F8043F0021FCF749F8002885
:1084240018BF0320F8BD2046FFF7DCFE0028EBD080
:10843400F8E70E20F6E700BFCC2F0020C42F002061
:10844400E82F002011820200FC2F00202DE9F043C8
:108454000388112B95B004464DD01A2B51D0102B04
:1084640064D1344DD5E91132291D23EA020203A84F
:10847400FDF7C8FE00260DF10E07B04605F14409CC
:10848400039B9E420ED3686CA688C043FDF768FE2A
:108494004FF6FF73984210D1042015B0BDE8F043A5
:1084A400FBF73EBDCDF8008037F8023F22481D227D
:1084B4004946FDF76BFE0136E2E7204905EB40052E
:1084C4000123A1F144003246AE80FDF77EFE1C4933
:1084D4000123A1F140003246FDF777FEE37B194901
:1084E4009A1E53425341A288A1F1480015B0BDE839
:1084F400F043FDF76ABE114982880023A1F14400CC
:10850400F4E7037A104982881F2B94BF00230123C8
:10851400A1F14C00FDF759FE237A0C49A2882F2BB8
:1085240094BF00230123A1F15000DFE715B0BDE89B
:10853400F08300BF1C300020203000206430002075
:1085440060300020683000206C3000207030002043
:1085540038B5084C05460246616C201DFDF73EFE09
:1085640030B1E16C2A46201DFDF738FE0130C0B25F
:1085740038BD00BF1C30002002460248016D0430A3
:10858400FDF72CBE1C30002010B5044904464A6C8B
:108594000431FDF737FE204610BD00BF1C3000201B
:1085A4000B490B6813F0010030B50AD001241828D8
:1085B4000AD004FA00F21A4200F1010505D1C0B252
:1085C40000E0012213430B6030BD2846EFE700BFF3
:1085D4001C30002010B4094C0246012320688B4053
:1085E400184007D004EB8101201D896D5DF8044B10
:1085F400FDF7F4BD5DF8044B704700BF1C3000204C
:1086040030B4084C1346256801228A402A4207D018
:108614001631024604EB8101201D30BCFDF7D5BDA7
:1086240030BC70471C300020054A012301468340BA
:10863400106818401CBF02EB8102906D704700BFA8
:108644001C300020008800F0010070470088C0F34F
:108654004000704710B50446408800F029FCA08013
:108664002046BDE8104001F0DDBB30B587B00546BB
:108674000C461422002101A803F06EFA072301A876
:108684008DF80430ADF806500394FFF7E3FF07B00C
:1086940030BD000010B586B004461422002101A8A4
:1086A40003F05AFA4FF6FF739C42ADF8064017D018
:1086B400204600F076FA112801461CD006D888B16D
:1086C4000B2816D02046FFF7D0FF03E043F2020345
:1086D4009842F7D10022094B20461978FFF790FF02
:1086E40006B010BD0E2301A88DF80430FFF7B2FFC9
:1086F400F0E70F23F7E70122EDE700BFD6300020B3
:108704002DE9F04F97B00546FFF78EFF48B105A855
:10871400FFF73AFF0DF116094FF00008059B984545
:1087240002D317B0BDE8F08F39F8024F294620462E
:10873400FFF750FF064630B14A4B1B78AB4205D1D8
:108744002046FFF7A7FF08F10108E7E7464B1B782F
:10875400AB423AD14548002101F0D6FD0646002837
:10876400F1D0204600F0D2F9862801461AD006D866
:1087740030B3112827D02046FFF777FF03E043F2F8
:1087840002039842F7D100273E46374B3246197808
:108794002046FFF735FF002FC3D13448394601F096
:1087A400C0FDD0E714220021684603F0D5F9062362
:1087B40068468DF80030ADF80240FFF74BFFE2E762
:1087C40037460646E1E70027DFE7DFF8A4B09BF869
:1087D4000030AB42B7D1DFF89CA020469AF80010D5
:1087E400FFF7F8FE07460028ADD1204600F03AFA1C
:1087F4001128014622D008D806282CD008282AD0CF
:1088040078B12046FFF731FF18E043F202039842A3
:1088140014D043F201439842F3D12046FFF73AFFC4
:108824000CE01422684603F097F9102368468DF88B
:108834000030ADF80240FFF70DFF37469BF80010FB
:1088440032462046FFF7DCFE9AF800103A462046EE
:10885400FFF7D6FE77E7204600F02AFB00F01CFA6B
:108864000026EBE7D6300020D7300020D830002097
:10887400D5300020D430002010B50378044673B9F5
:108884004088FFF707FF608800F0DAF938B1044B3D
:1088940060881978BDE810400122FFF7B1BE10BD11
:1088A400D530002073B503781E4E082B044608D13A
:1088B400417A31B9057A072D09D0082D2ED0012D22
:1088C40011D0307802B0BDE87040FFF719BF80883E
:1088D40000F014FB4FF6FF739842F2D03178012276
:1088E400FFF78EFEEDE780886A46294601F088F896
:1088F4000028E6D1019B1B78002BE2D0A08800F071
:10890400FDFA4FF6FF739842DBD0074C2A462178D4
:10891400FFF776FE2078FFF7F3FED2E7034801F075
:1089240000FDCEE7D7300020D5300020D83000201D
:1089340070B5FFF735FE104E104D3070FFF730FE66
:108944002870FFF72DFE0E4C2070FFF729FE0D4B0B
:1089540018703378182B0DD02B78182B0AD0237865
:10896400182B07D0182805D00748012101F0C5FCB1
:10897400002070BD0320FCE7D7300020D630002053
:10898400D5300020D4300020D830002070B50388C2
:108994008488254D522B86B00DD0542B0FD0502BEC
:1089A4002DD0224B1878FFF7ABFE287806B0BDE82F
:1089B4007040FFF7A5BE2046FFF76CFEF1E71422D6
:1089C400002101A803F0C8F8112320468DF80430D3
:1089D400ADF8064000F06CFAADF8080000F05CF960
:1089E400134B204619780022FFF70AFE2046297807
:1089F4000022FFF705FE01A8FFF72CFED1E7037B59
:108A0400012BCED1827A012ACBD1018942F60213FD
:108A14009942C6D1074E20463178FFF7F1FD3078F0
:108A2400FFF76EFEBDE700BFD5300020D630002032
:108A3400D4300020D7300020F0B593B000F0F2F825
:108A440001A8FFF7A1FD104F00244FF6FF76019A0D
:108A5400A3B29A4206D80C4B187813B0BDE8F04084
:108A6400FFF74EBE12AA02EB430333F8405C2846DC
:108A740000F01EFAB04204D1397801222846FFF7EB
:108A8400BFFD0134E3E700BFD5300020A7DF704706
:108A9400A9DF7047AADF7047ABDF704773B50F4B90
:108AA4000F4D93E803006C4684E8030000222888F5
:108AB400214601F0CCF84FF6FF7603462888B042F1
:108AC40001D0112B01D102B070BD01F0B2F8002227
:108AD4002146288001F0BBF80346EFE70CC90200E9
:108AE400DC300020044B1A884FF6FF739A4201D001
:108AF400FFF7D4BF704700BFDC300020024B4FF6B5
:108B0400FF721A8000207047DC3000202DE9F34703
:108B1400814600F0CDF94FF6FF73984206463DD0EA
:108B240001274FF0030A3A466B460821304600F00D
:108B34006BFF0137BFB2044658BB01990A460323B1
:108B440042F804AB06314846FFF7A4FF054648B98E
:108B540032460821304601F059F80446204602B056
:108B6400BDE8F0870C280ED005280FD0A0460821B8
:108B7400304600F0E5FF00280CBF2C460324B8F172
:108B8400000FD0D1EAE74FF00108F0E72546A046F0
:108B9400EDE7072814BF04460C24DFE743F2020480
:108BA400DCE72DE9F341074600F082F94FF6FF7345
:108BB400984218D10024032526464FF001082B467D
:108BC400224631463846FFF763FF042816D00828AA
:108BD4001AD00B2813D115F0020317D1D6B9ECB96A
:108BE40002B0BDE8F0816A46082100F009FF0028C0
:108BF400E0D1019B9C881D689E1DDEE71120B8F121
:108C0400000F08BF0B20EBE70020F8E701254FF029
:108C14000008D4E703251C461E46F8E7032534461E
:108C2400F5E7000008B54FF6FF7001F002F8034BBA
:108C34001880BDE80840FFF731BF00BFDC300020DA
:108C44001FB50DF10703039300F032F902AA0121C5
:108C540000F0D6FE20B9039B187805B05DF804FB3C
:108C64000020FAE770B505460A48FFF715FF70B90A
:108C7400084C43F2030621884FF6FF722846FFF79B
:108C840005FFB04204D1238801332380F3E7032096
:108C940070BD00BFDA30002013B5074A044692E8DD
:108CA40003006B4683E8030000221946204600F0C7
:108CB400CEFF02B010BD00BF14C9020043DF7047ED
:108CC40070B5084D084E002431786888FFF782FC9F
:108CD40008B9E0B270BD0134142C05F10C05F3D1D0
:108CE400FF20F7E7E0300020DE30002010B50A4B0B
:108CF40019780446FFF76EFC58B1084A00235188DE
:108D0400A14201D1D8B210BD0133142B02F10C02DF
:108D1400F5D1FF20F7E700BFDE300020E03000206F
:108D240010B50C46FFF7E2FFFF281FBF0C23584382
:108D3400014B1C5210BD00BFE030002038B5054681
:108D44000C4609B9FF2038BD4FF6FF739842F9D09D
:108D54000E4B01221978FFF753FC2846FFF7C6FF94
:108D6400FF2803D1FFF7ACFFFF28EBD008490C2202
:108D740042438B185D804FF6FF758D5222685A600E
:108D8400A2881A81A2799A72DDE700BFDE30002042
:108D9400E0300020421E00F10F0312F8010F10B959
:108DA4009A42FAD170470120704708B568B169B199
:108DB40003780A785340012B08D806220131013088
:108DC40002F044FEB0FA80F0400908BD0020FCE740
:108DD4002DE9F04100F101084D1C06460F46102212
:108DE4002946404602F032FE044610BB4046FFF7D7
:108DF400D1FF18B12846FFF7CDFF0446737C03F07A
:108E0400FC03042B19D07B7C03F0FE05042D14D045
:108E140007F1110106F11100FFF7C7FF58B9AB1FA5
:108E240018BF01230CB183F0010404F00100BDE874
:108E3400F0810024E2E7062D01D10023F2E70124AA
:108E4400F3E77FB505460E4600F0BAFB02AA0DF122
:108E54000601072000F0BCFB10B94FF6FF7409E0CF
:108E6400BDF80640B442F1D003992846FFF7B0FF9D
:108E74000028EBD0204604B070BD000038B50A4D80
:108E840018232B70094B14244FF6FF72013C5A80AF
:108E940003F10C03FAD1FFF783FB2870182814BFE1
:108EA4002046032038BD00BFDE300020E030002023
:108EB40008B5FFF71BFFFF281DBF0C235843034BC6
:108EC4004FF6FF7018BF185A08BD00BFE0300020ED
:108ED40010B50C46FFF70AFFFF280BD0064B0C22F7
:108EE40002FB0030436823600389A380837AA37163
:108EF400002010BD0520FCE7E0300020084A30B512
:108F040000230C2404FB03F18D18515A814201D132
:108F1400688830BD0133142BF4D14FF6FF70F8E7A5
:108F2400E0300020038843B9421C00F1090312F821
:108F3400010F10B99A42FAD170470120704710B559
:108F44000446FFF7EFFF58B122880B889A4208D1F4
:108F540008220231A01C02F079FDB0FA80F0400929
:108F640010BD0020FCE730B585B0044600F028FBB6
:108F740002AA0DF10601072000F02AFB10B94FF6F2
:108F8400FF7008E0039D204605F14601FFF7D7FF77
:108F940018B1BDF8060005B030BD05F12A01204620
:108FA400FFF7CDFF0028E3D0F3E7FFF7B9BE38B5EC
:108FB4000446FFF7A3FF0546204600F0D6FD4FF612
:108FC400FF718D42044603D010B92846FFF7A8FE6E
:108FD400204638BD70B58CB014466A460D4600F183
:108FE4001003164613F8011D02F8011B9842F9D12B
:108FF4000D22002104A802F0AFFD2B788DF81F305C
:109004006B788DF81E303046AB788DF81D30FFF745
:1090140055FE9DF82F3023709DF82E3063709DF817
:109024002D30A3700CB070BD1FB5034608461A78E6
:1090340002F0FE02042A1BD1DA78B3F801108DF88D
:1090440006209A88ADF804109B79ADF80C2003A98A
:1090540002AA8DF80E30FFF7BDFF032202A901A872
:1090640002F0F4FCB0FA80F0400905B05DF804FBAE
:109074000020FAE730B50388102B95B04CD1041DBD
:109084000FCC07AD0FC50FCC0FC50FCC0FC5236890
:109094002B609DF8203003F0FE03062B46D000F031
:1090A4008FFA9DF82030032B4FEA530236D9022A57
:1090B4003CD102AA0DF10601072000F089FA00282C
:1090C40034D0039908A80131FFF7AEFF0028F0D08F
:1090D40005E0039908A81131FFF767FEF0B1BDF868
:1090E4000640BDF81C5008A92846FFF727FE4FF696
:1090F400FF739C4210D021462846FFF711FE00233F
:1091040002A8ADF80A50ADF80C408DF8083000F014
:109114008BFE02A8FFF7B0FB15B030BD02AA0DF11B
:109124000601072000F054FA0028D2D14FF6FF744C
:10913400D7E790DF70479EDF7047ADDF704778B1A7
:109144004FF0171303601B2303711723C38003819C
:1091540041F61B3200230161438182811846704726
:109164000E20704737B582880C46C2B9018824297D
:1091740000F0A38015D811297FD0232900F0AB80FB
:10918400102939D0A37A53B1E1880020FFF7D3FF27
:109194000246002840F0BA804FF48073638103B024
:1091A40030BD3A2971D05529ECD1C388E188A27227
:1091B400172B38BF17238B4228BF0B461046238139
:1091C400FFF7BBFF024638B1574B584918880004D3
:1091D40040F00100FAF7ECFBE37A002BD2D12369CB
:1091E400002BCFD040F6772200922289ADF80420DC
:1091F400694620469847C5E7C37B22792273012B31
:1092040028D0022B29D0E18823898B4206D2002062
:10921400FFF791FF024610BB0123E372237B627BBD
:109224009A42AFD200252A4669462846ADF8003056
:10923400ADF802300195FFF77CFF03460028A1D06A
:10924400394A3B49108800042A4640F00100FAF7E5
:10925400B8FB97E72388E380D5E76388FBE7112809
:1092640002D10123A372D9E72F4B32491888000495
:1092740040F00100FAF79CFBD0E71723E380238139
:1092840041F61B336281A3817CE74389E2889342E0
:1092940028BF1346172B226938BF172323814AB1ED
:1092A400E17A39B140F677210091ADF8043069468E
:1092B400204690470023638164E72369017A617340
:1092C400002B3FF45FAF8DF805204DF67A22009213
:1092D4008DF804108CE7037A217B01928B4228BF1E
:1092E4000B4610466946ADF80030ADF80230FFF782
:1092F40020FF024600283FF445AF0B4B0E49188867
:10930400000440F00100FAF753FB3BE711283FF457
:1093140046AF054B07491888000440F0010003B02C
:10932400BDE83040FAF744BB982100205DC4020038
:1093340000C40200BCC302009FC40200031F042B2C
:1093440003D9431E584258417047012070474FF6D5
:10935400FF73438000F0B4BA2DE9F04100238AB0D2
:109364004FF6FF70CDE9003300F018FD4FF6FF759E
:109374000446AC4218D11E4F3E7896B94FF6FF739F
:109384009C420ED0A4F580404FF0010880B287F8CB
:109394000080FBF7C5FF0828054616D1154B83F856
:1093A40000800AB0BDE8F081A4F580406A4602A9B5
:1093B40080B2FCF719F80A28DDD1204600F094FCAD
:1093C400204600F0EBFC0446D3E70028E9D0142241
:1093D40031460DEB02003E7002F0BEFB072305A8E8
:1093E4008DF81430ADF818400795FFF7B0FFD8E7B3
:1093F400D8310020D931002070B5044686B014223B
:10940400002101A802F0A8FBA08923782E4D00F5C5
:10941400804080B2042BADF808003CD00AD85A1E14
:10942400022A11D92B781BB100232B70FFF794FF6C
:1094340006B070BD052BF5D113238DF804304FF61B
:10944400FF73ADF808301DE043F6FE76B042E189C3
:1094540004D901F5804292B2B242E3D8DA1E5342F3
:1094640053418DF80D30A368049363688DF80C1094
:1094740063B908238DF804309DF8143043F00103D8
:109484008DF8143001A8FFF762FFCBE709228DF8AD
:1094940004200593F6E743F6FE739842C2D8E389A5
:1094A400002BBFD163685BB90A238DF8043000F048
:1094B4001BFC064A00232B701370FFF74DFFE1E7F6
:1094C4000B238DF80430F4E7D9310020D831002083
:1094D40007B50023A1F58041A0F58040CDE9003314
:1094E40089B26B4680B2FBF765FF002818BF0520E0
:1094F40003B05DF804FB000030B5154889B0FBF7F4
:109504005BFD08BBFBF774FD0446F8B900F0BEFB35
:10951400CDE9034403AA05A94CF20700FBF757FF62
:1095240010B1204609B030BD01A905A8FBF75CFEC7
:10953400019B9D8805F58045ADB205A8FBF77CFE2F
:10954400284600F0B9FBE5E70324EAE78624E8E7C8
:10955400FD930200F0B5FF2887B004460F46154678
:109564001E4629D80846FFF7E9FE28B303AA204679
:10957400FFF7AEFF18B10524204607B0F0BD01A9DE
:1095840003A8FBF731FE04460028F4D1019BAF7019
:109594005B882B802EB9029B6B6003A8FBF74CFE03
:1095A400EAE73168B1EB830F4FEA830206D30299ED
:1095B400686802F09FFAF0E70724DDE70424DBE79C
:1095C400024B0022C3E90022704700BFD0310020C3
:1095D40070B586B005460E461446FFF7AFFEE8B1F7
:1095E400A5F580400E4A03A980B2FBF7F0FE10B146
:1095F400002006B070BD01A903A8FBF7F5FD002803
:10960400F6D1019BA5705A889B88228003F580437C
:10961400029A626003A83380FBF70EFE0120E8E79C
:10962400D031002010B5024680780C46FFF786FE44
:1096340040B111882046FBF721FE092804D8034BCA
:10964400185C10BD0720FCE70320FAE71CC90200E0
:1096540007B5019001A8FBF72BFE002818BF0320D3
:1096640003B05DF804FB70B588B0FF2804460D46CE
:1096740001921E4643D889780846FFF75FFE00280A
:109684003DD0A4F58043ADF80830A1F58043ADF892
:109694000A306B68039305AA2B8804932046FFF7CE
:1096A40017FF0528019B13D163B902A905A8FBF78D
:1096B40025FE0728044624D013D8C8B10324204625
:1096C40008B070BD01AA02A905A8FBF71BFEF0E7CC
:1096D40013B101A8FBF7ECFD02A905A8FBF718FEDE
:1096E400E7E708280FD00E2814BF03241124E6E767
:1096F400002EE4D0314605A8FBF783FEDFE70724FC
:10970400DDE78624DBE71124D9E74FF6FF7000F08C
:10971400D3BAFF2808B505D800F0D4FAFFF71CFE29
:10972400002008BD0720FCE700F0F2BA00F01CBBE3
:1097340000F034BB30B50B68074D0246012B01D94C
:10974400002006E01C0105EB03102C5B944201D1C0
:109754000B6030BD0133F1E78032002037B50023C0
:109764000D460446019301A9FFF7E4FF38B183785D
:10977400AB4206D1837B9B0703D183680BB903B04B
:1097840030BD019B0133019301A92046ECE710B5DC
:10979400044600F07BFC204601F028FB2046FFF73E
:1097A400A1F92046BDE81040FFF77CB88378013B5F
:1097B400072B07D8DFE803F00706060606070409A7
:1097C4001423038070470123FBE743689B88093314
:1097D4009B08F6E770B50E4E04460025237BAB428A
:1097E4000ED84FF6FF732380A3700023C4E901331E
:1097F4004FF47F43A381A37B23F00303A37370BDC2
:10980400617B2944C9B2304600F013FD0135E5E718
:10981400A032002037B50023CDE90033417B8378A3
:109824008DF802300446244800F0ECFC20B3237B7E
:10983400A278019003EB83039B0068468DF8022015
:10984400ADF80030FFF7B2FF2346626833F8085BD7
:1098540001462846FFF707FFA37B03F00303032B0E
:1098640001BF164A136803F1FF331360112819D09E
:1098740005D888B1072800D0032003B030BD86285E
:10988400FAD10E4A136801331360A37B23F0030358
:1098940043F00103A373F0E7A37B23F00303A37353
:1098A4000020EAE7054A136801331360A37B23F021
:1098B400030343F00203F2E7A03200207C320020CD
:1098C400F0B5324EC368B268934287B0054617D0EC
:1098D400B269934216D1012306EB03102B782C4F67
:1098E400092B11D0132B3DD0082B04D16B7A13B95B
:1098F40008B1FFF76FFF00242846FFF748FF10E088
:109904000023E9E70020E9E76C7A002CF3D1002872
:10991400F1D03B68846001333B60837B43F00203F6
:1099240083733B68E3B1B37B98071DD51748FFF7F2
:1099340071FFE8B100231B018628F35AADF8083003
:109944004FF6FF720EBF06230723039001A8ADF85C
:1099540006200CBF8DF804308DF80430FFF717FF94
:1099640007B0F0BD0124C7E7D90701D5002CDDD12C
:10997400B37F9A0703D4DB07F2D5002CF0D0054857
:10998400FFF748FF0028EBD00123D4E78032002002
:109994007C320020903200201FB5144B0022987BAB
:1099A400C3E90122C3E905229A7F4FF6FF714FF400
:1099B4007F4420F0030022F00302198099709C81F7
:1099C4009873198299749C839A7702235022CDE963
:1099D4000132012300930649064B0748A02200F0F8
:1099E400F3FB002818BF032004B010BD8032002010
:1099F400DC310020DA310020A0320020FFF785BEE0
:109A04000023FFF7A7BD00002DE9F84F81460E465D
:109A140015461F46002B00F08D80CB1F012B02D969
:109A24000720BDE8F88F531E012BF9D8FFF77CFE01
:109A340080460028F4D031464846FFF78FFE04469E
:109A4400002840D0037BAB4249D307D9DFF8ECA010
:109A54005FFA85F9237B617B4B4545D8637BFF2BFC
:109A64004CD13648294600F0F8FBFF28607347D1F3
:109A74004FF6FF7323800023C4E901334FF47F437F
:109A8400A381A37BA07023F00303A3731120C8E771
:109A9400637B1944C9B2504600F0CBFB0BF1010BB8
:109AA400237B5FFA8BF18B42F2D84FF6FF7323804E
:109AB400A3700023C4E901334FF47F43A381A37B44
:109AC40023F00303A373FF214FF6FF70FFF746FE55
:109AD40004460028DAD0A0F800908670BEE7DFF8CC
:109AE4005CA04FF0000BDBE74944C9B2504609F1D2
:109AF400010900F09EFB5FFA89F9ABE74FF000081B
:109B0400617B0E48257300F07DFBA8B105EB85054C
:109B14002D010335C5F38D05BE7078603D80B8F125
:109B2400000F01D0082E01D000207AE7AD00063DD9
:109B34008580F9E70E2074E7032072E7A032002045
:109B440038B5FFF70BFE044668B1406828B9002514
:109B54002046FFF73FFE284638BDFFF779FD002871
:109B6400F5D00325F4E70525F5E737B500240546C8
:109B7400019401A9FFF7DEFD58B93CB92846FFF767
:109B8400C8FD044610B1072818BF0324204603B0BB
:109B940030BD81782846FFF7D3FF10B1052818BFE0
:109BA4000324019B0133019301A92846E2E7000045
:109BB400CB1F012B73B50D4620D8FFF7CFFD04460C
:109BC400F0B14668F6B9417B0F4800F01BFBCDE9C4
:109BD40000668DF8025070B1237B019003EB830380
:109BE4009B006846211DADF80030FFF7DFFDFFF74D
:109BF40019FD092800D1032002B070BD0720FBE73E
:109C04000520F9E70020F7E7A032002038B5CB1F84
:109C1400012B0C46154608D8FFF7A0FD38B1847017
:109C24000580BDE83840FFF7F5BD072038BD0520A5
:109C3400FCE7FFF77BBDFFF77BBD07B513889B00EF
:109C4400019301ABFFF786FC03B05DF804FB1346F8
:109C54000022FFF708BD10B54FF6FF7304469C427F
:109C640008460BD14FF4807100F078FBB0F5807F8B
:109C7400044601D14FF6FF74204610BDFF2CF9D8DD
:109C8400214600F041FB0028F6D1F3E710B5094C5A
:109C940040220021204601F05FFF20464FF48071EE
:109CA40000F02BFB04F120004FF48071BDE810405C
:109CB40000F023BBB03200200149FFF7CCBF00BF46
:109CC400B03200204FF6FF73984210B5044606D018
:109CD4000449FFF7C0FF231A5842584110BD002021
:109CE400FCE700BFD0320020FF2810B5044609D895
:109CF4000146054800F015FB21460448BDE8104024
:109D040000F00FBB10BD00BFB0320020D0320020E5
:109D1400FF28014602D8024800F03CBB00207047EF
:109D2400B0320020FF28014602D8024800F032BBBE
:109D340000207047D032002038B54FF6FF739842A8
:109D44000D4602D0441CA4B200E00024FF2C03D929
:109D54004FF6FF74204638BD2146284600F01AFB12
:109D64000028F7D10134EEE770B50B490A4EFFF72E
:109D7400E3FF4FF6FF750446AC4201D1204670BDA7
:109D84002046FFF7CFFF0028F8D020463146FFF7E2
:109D9400D3FF0446F0E700BFB03200200149FFF7CB
:109DA400CBBF00BFD0320020F8B5074E074F0546A1
:109DB40000243B78A34200DCF8BD56F8043B284657
:109DC40098470134F5E700BFF4320020F132002057
:109DD400074B1B7810B504464BB1FFF74BF92046EF
:109DE40001F04EF82046BDE81040FEF7CFBD10BD8F
:109DF4000E33002010B5044680B10378022B08D13D
:109E0400027A4088531E5A425A41054B1978FEF78C
:109E1400F7FB2046BDE81040FFF7C6BF10BD00BFEA
:109E2400F0320020FFF7C0BF10B5037804462BB909
:109E3400054B408819780122FEF7E2FB2046BDE875
:109E44001040FFF7B1BF00BFF032002038B5FFF774
:109E540053FB10B10324204638BDFFF79DFD0028B5
:109E6400F8D100F0E7FF0028F4D100F095FB0028BA
:109E7400F0D1FEF75DFD0028ECD1FEF73FFE00288F
:109E8400E8D1FEF7FBFF04460028E3D1094B0A4D55
:109E94004FF6FF721A80094B186018232B70FEF7D7
:109EA4007FFB18282870D5D0054B1C70054B012268
:109EB4001A70D0E700330020F0320020083300206D
:109EC4000D3300200E330020084B1B7853B1084A91
:109ED4001378022B08D8074941F823000133137083
:109EE4000020704708207047042070470E3300207C
:109EF400F1320020F4320020034B1B780BB100F048
:109F0400CBBF0820704700BF0E33002009B100F01A
:109F1400E1BF7047024B1B780BB1FEF78DBD704754
:109F24000E330020034B1B780BB1FFF740B8082019
:109F3400704700BF0E33002070B5194B1B7886B0F4
:109F44004BB3184E01234FF6FF703370FFF771FEC9
:109F54004FF6FF75A842044612D10021142201A82D
:109F6400317001F0F9FD0C2301A88DF80430ADF82F
:109F74000840ADF80640FFF717FF002006B070BD9B
:109F84002046FFF7CFFF40B92046FFF752FEA84214
:109F94000446F5D1F1E70820F0E70320EEE700BF1F
:109FA4000E3300200C3300202DE9F04F1F462B4BBD
:109FB4001B7887B0824689469046002B4CD04FF6DA
:109FC400FF70FFF736FE00250123CDE9035304AAF1
:109FD40003AB062104460593FFF72FFE072837D06D
:109FE4004FF6FF7B5B464FF0FF32E0B1052818D0F7
:109FF4004FF6FF718C422DD1BAF1000F01D0AAF8AF
:10A004000030B9F1000F01D0C9F80050B8F1000FC9
:10A0140001D0A8F800B007B13A60002007B0BDE84D
:10A02400F08F00210391039EAE4224BF23463546A0
:10A03400204696422CBF1646A3460193FFF7F9FD2E
:10A0440004AA06210446FFF7F8FD019B3246CCE73B
:10A054000520E3E70320E1E70820DFE70E330020D3
:10A0640008B50023064907481A46FFF79DFF28B1A3
:10A07400431F58425841044B187008BD0120FAE7A9
:10A0840004330020003300200D330020F0B50446D3
:10A0940087B08088FEF732FF23786080083B032B6B
:10A0A40020D8DFE803F002253569637A5BB9414AB9
:10A0B400116851B1E068814207D113603E4AA1881A
:10A0C4001180E3600EE0012B0CD13C4B1B784BB1AB
:10A0D400394BA2881B889A4204D1237A062B01D1DA
:10A0E400FFF7BEFF204607B0BDE8F040FFF75CBEB7
:10A0F400637A002BF6D12F4A11680029F2D0E06868
:10A104008142EFD12E4913600A68013A0A60D8E708
:10A114002C4F3B786BB90125284B1B7833B1264B68
:10A12400A2881B889A4201D1FFF79AFF002D3ED0E6
:10A13400D8E74FF6FF70FFF77CFD4FF6FF739842A8
:10A144000546E8D1FFF777FDA8420646E3D100258E
:10A154001422294601A83D7001F0FEFC0C23204680
:10A164008DF80430ADF80860ADF80660FFF71CFE0A
:10A1740001A8FFF719FECFE7124B1A78002AB1D0D5
:10A184000021142201A8197001F0E6FC0D238DF8BA
:10A1940004304FF6FF73ADF80830ADF806302046B2
:10A1A400A3680393FFF700FE01A8FFF7FDFD07B0C6
:10A1B400F0BD00BF08330020003300200D33002021
:10A1C400043300200C33002070B504461846DDE942
:10A1D4000535ACB1A1B198B105FB03F696420FD891
:10A1E400049ADE1DB2EBD60F0AD34BB145B1C4E9D4
:10A1F4000010C4E9023599B200F07FF8002070BD68
:10A204000720FCE738B50D46044608B9002038BDE0
:10A214000368002BFAD040680028F7D0FF29F5D056
:10A2240000F0B8F80028F1D0E368206803FB0500CB
:10A23400EDE738B50D46044670B1036863B1406874
:10A2440050B1FF2908D000F0A5F828B1606829466C
:10A25400BDE8384000F065B838BD2DE9F8438846BC
:10A26400064618B9FF242046BDE8F8830368002B8E
:10A27400F8D04368002BF5D04FF00009FF25B368F0
:10A284005FFA89F49C422746ECD27068214600F0BC
:10A294003BF850B1FF2D18BF2C463F1B01374745F3
:10A2A400E1D009F101092546E9E7FF2D07D1FF2493
:10A2B400F7E729463046FFF7BCFF0135EDB2A5426A
:10A2C400F7D3F4E773B504780C4006460D4612D173
:10A2D4000DF107008DF80740FAF754F933789DF82B
:10A2E40007001D4202BF1D4335700124FAF76EF9C1
:10A2F400204602B070BD0024FAE720B10731CA0835
:10A30400002101F029BC70470A46034640B101F020
:10A31400070001218140C9B203EBD200FFF7D2BF8D
:10A32400704773B50546B8B1C1F3C70401F007031C
:10A3340001269E40035D33420ED000230DF1070039
:10A344008DF80730FAF71EF92B5D9DF8070023EA14
:10A3540006032B55FAF73AF902B070BD2DE9F04126
:10A364000D46074618B92C462046BDE8F081002664
:10A374004FF00108AE42B4B2F5D004F0070108FA78
:10A3840001F1C9B207EBD400FFF79CFF01360028A6
:10A39400F0D0E9E750B1CB0801F00701C25C01231A
:10A3A4008B401A4214BF01200020704701207047DF
:10A3B4007EDF70477FDF704786DF704710B5044645
:10A3C4004088FEF775FDA0802046BDE8104000F0EF
:10A3D400DDBC10B586B004461422002101A801F0AA
:10A3E400BBFB04230DEB03008DF80430ADF80640ED
:10A3F400FFF7E4FF06B010BD30B587B005460C4644
:10A404001422002101A801F0A7FB072301A88DF85D
:10A414000430ADF806500394FFF7D0FF07B030BD09
:10A42400F0B587B004460F4616460021142201A851
:10A434001D4601F091FB03238DF80430094BADF860
:10A44400064019788DF80C7000222046ADF80E6095
:10A454008DF81050FEF7D4F801A8FFF7AFFF07B04E
:10A46400F0BD00BF3622002010B50378182B044637
:10A4740002D1FEF795F8207010BD000030B5174BDF
:10A4840087B00D46012219780446FEF7B9F8144B3B
:10A494002A1E1978204618BF0122FEF7B1F86B1E58
:10A4A4005A425A410F4B20461978FEF7A9F80E4B31
:10A4B400204619780022FEF7A3F81422002101A8EF
:10A4C40001F04AFB012301A88DF80430ADF80640E1
:10A4D4008DF80C50FFF772FF07B030BD3622002014
:10A4E4003522002034220020332200202DE9F041BF
:10A4F400214B0F46197804469046FEF76BF8002866
:10A5040037D01E4B20461978FEF764F8014668B32D
:10A514002046FEF7CDFC1A4B064619782046FEF776
:10A5240059F8184BC0F1020519782046EDB2FEF730
:10A5340051F850B13046FEF73AFD43463A462946B3
:10A544002046BDE8F041FFF76BBF4FF6FF739E4214
:10A55400F3D007213046FFF7F3FA01460028ECD088
:10A564000528EAD02046FFF747FFE6E743463A4688
:10A57400E6E7BDE8F08100BF362200203522002046
:10A584003422002033220020024B0A781978FEF787
:10A5940037B800BF322200202DE9F041DFF8648093
:10A5A400144F154E154D164C4046FFF75DFF3846C7
:10A5B400FFF75AFF3046FFF757FF2846FFF754FFCF
:10A5C4002046FFF751FF98F80030182B0FD03B7846
:10A5D400182B0CD03378182B09D02B78182B06D0D5
:10A5E4002378182B0CBF03200020BDE8F081032042
:10A5F400FBE700BF35220020342200203322002054
:10A6040032220020362200202DE9F04F8DB006467C
:10A6140001928946FDF79CFFDFF854B107469BF889
:10A6240000103046FDF7D6FF20228046002104A802
:10A6340001F092FA012F14D14B4B002219783046C5
:10A64400FDF7DEFFB9F1000F55D099F8001011F0B5
:10A65400010A0BD1019B0793444B0B934FF6FF75F3
:10A664007CE0002FEED143F2020440E03046FEF7D6
:10A674001FFC4FF6FF739842054604460CD1FFF7C2
:10A68400BDF9A042054639D10324B8F1000F2ED0FC
:10A694002846FEF78CFC2AE0012F31D1324C30469B
:10A6A4002178FDF797FF58BB3046FFF792FE2178DB
:10A6B4003046FDF78FFF18BB4FF0850A04AB4A46BE
:10A6C40051463046FFF776FE04460028DDD1BAF144
:10A6D400000FDAD1B8F1000F09D09BF80010304612
:10A6E4000122FDF78DFF29463046FEF75EFC204629
:10A6F4000DB0BDE8F08F4FF0850AAFE74FF00108C9
:10A7040002AB012207212846FFF77EF911280446EF
:10A71400BBD0002CB8D121460398502201F01CFA7A
:10A7240003990B46304603F8347B0493019B07934B
:10A7340001F1180308934B1C099311310B4B0B9334
:10A74400FEF7C6FB00289FD107212846FFF730FA01
:10A754000528044698D0002897D18246012FADD011
:10A7640004AB0022ACE700BF322200200F330020EC
:10A774003322002038B505460C46FDF7E9FE0128D2
:10A7840006D144B121462846BDE83840FFF710BE43
:10A7940043F2020038BD2046FCE700002DE9F041F9
:10A7A4000388113B88B00446092B5CD8DFE813F01A
:10A7B4000A005B00190039005B005B005B005B0072
:10A7C4008200F900037A80883D2B41F23D014FF06D
:10A7D400000218BF4FF4885108B0BDE8F041FFF7FC
:10A7E40085BE8088FDF7B4FE012808D1217AA088AF
:10A7F40001F00101C1F10201C9B2FFF73FFE34F8D3
:10A80400045F1422002103A801F0A6F904340523EF
:10A814008DF80C30ADF80E50059403A8FFF7CEFD6B
:10A8240021E000F110063046FEF79DFB4FF6FF7362
:10A8340098420546A08819D1FEF73AFB0546A08840
:10A844000021FFF71BFE4FF6FF739D4212D1002536
:10A8540000232946A0881A46FFF7AEFD0146F8B149
:10A86400A088FFF7C9FD08B0BDE8F0812946FEF7CE
:10A874009CFBE4E703AA07212846FFF7C1F8002858
:10A88400E5D1049D95F84430DA0701D53435DFE786
:10A89400314605F14600FEF752FB0028F6D1D6E713
:10A8A400002DE0D1A0882B4641F206022946FFF78D
:10A8B400B7FDD8E7067A8588002E6CD12846FDF7C7
:10A8C40047FE80462846FEF7F3FA4E4B07461978B2
:10A8D40032462846FDF794FEB8F1000FC3D0637AE0
:10A8E4005B074DD5072101AB01223846FFF78CF8F1
:10A8F400014620B12846FFF77FFD002630E002988C
:10A904004FF6FF71FEF79DFA4FF6FF7398428046AB
:10A9140076D03D4E01462846FEF747FB317828465F
:10A92400FDF758FE002861D12846FFF752FD317823
:10A934002846FDF74FFE0646002857D1334B2846DC
:10A944001978FDF747FE58B13846FEF730FB07E0AB
:10A954002846FFF751FD00264FF6FF739845EDD1C9
:10A9640002238DF80C30637AADF80E5013F0040F07
:10A974000CBF022301238DF814308DF815604CE7C9
:10A98400224B28461978FDF725FE0028B5D0384615
:10A99400FEF70DFBB1E7427A314602F00302284686
:10A9A4001AE71B4B80881978FDF714FE054600282A
:10A9B4007FF459AFA088FDF7DFFD0146A08839B9BF
:10A9C400012341F2060208B0BDE8F041FFF728BDBB
:10A9D4000C4B2A461978FDF713FE02238DF80C3030
:10A9E400A388ADF80E30ADF8145016E7424607219F
:10A9F4003846FFF70BF901460028A9D10126ABE739
:10AA04003A46F4E736220020322200203322002086
:10AA140035220020034660B3027802F082018029C7
:10AA240027D0C2F30211042923D802F0F2013229FB
:10AA34001FD04078997888421BD8062819D9102944
:10AA440017D8D97811F0040013D11B7913F0040F2F
:10AA540010D141EA030001070BD4D30700F003002F
:10AA640003D4B0FA80F040097047003818BF0120C1
:10AA7400704700207047FFF7BDB9000070B5112979
:10AA840086B006460C46154603D81B4BCB40DB0765
:10AA940023D41422002101A801F05EF83046ADF859
:10AAA4000660FEF705FA0D2CADF8080019D1032352
:10AAB4008DF804309DB12B7803F00103C3F1020338
:10AAC400DBB28DF80C3000238DF8103041F2011305
:10AAD400ADF80E3001A8FFF7CEFF06B070BD02231B
:10AAE400EFE7862C0BBF062307238DF804308DF87F
:10AAF400043018BF0394EDE70101020010B5037898
:10AB0400182B044602D1FDF74BFD207010BD000048
:10AB14002DE9F041264B88B00025CDE904551B688A
:10AB2400039303AE0446884696E807006F4687E819
:10AB34000700052320468DF80C30ADF80E40FEF7D3
:10AB4400B7F9ADF810003046CDE90587FFF793FF5C
:10AB5400184B00991A682046FFF756FD86280646CA
:10AB640023D0A0F111035F425F412A46124B2046D5
:10AB74001978FDF745FD114B3A4619782046FDF743
:10AB84003FFD0F4B204619780022FDF739FD0D4B90
:10AB9400204619780022FDF733FD009A31462046FD
:10ABA400FFF76CFF08B0BDE8F0812F460122DDE716
:10ABB4005833002050330020372200203822002050
:10ABC4003B2200203C220020F0B593B00546FDF75F
:10ABD4002BFD40B101A8FDF7D7FC0DF106060024BA
:10ABE400019B9C4201D313B0F0BD36F8027F294685
:10ABF4003846FDF7EFFC18B100213846FFF788FF0F
:10AC04000134EDE72DE9F047054688B092469946B0
:10AC14000F4629BB3C4BCDE904111B68039303AEDB
:10AC240096E80700E84688E80700052428468DF8DA
:10AC34000C40ADF80E50FEF73BF9ADF8100030466D
:10AC4400CDE90578FFF717FF304BDDF800801B785E
:10AC540043B99DF809302BB9204608B0BDE8F08708
:10AC64004FF00008524641462846FFF783FD8628E8
:10AC7400064622D0A0F111035C425C410022244B21
:10AC840028461978FDF7BCFC224B22461978284641
:10AC9400FDF7B6FC112E1BD012D836F0080331D0C4
:10ACA4000D2E14BF03240D24B9F1000FD4D0424655
:10ACB40031462846FFF7E2FECEE700240122DEE714
:10ACC400862E13D043F20204A64218BF0324EBE7F6
:10ACD400114B3A4619782846FDF792FC0F4B524621
:10ACE40019782846FDF78CFC0024DDE70A4B3A4628
:10ACF40019782846FDF784FC084B524619782846F3
:10AD0400FDF77EFC3446CFE758330020543300204F
:10AD14003B2200203C220020392200203A2200203D
:10AD24002DE9F04792B00646FDF77EFC60B101A81C
:10AD3400FDF72AFCDFF84C90DFF84CA00DF1060873
:10AD44000025019B9D4202D312B0BDE8F08738F87C
:10AD5400024F31462046FDF73DFC80B199F80010C2
:10AD64002046FDF737FC9AF8001007462046FDF709
:10AD740031FC012301463A462046FFF743FF0135E3
:10AD8400DFE700BF3A2200203922002010B5037803
:10AD9400052B044606D0122B0AD02046BDE81040ED
:10ADA400FFF769BE81684088BDE81040FFF7B0BE78
:10ADB4000C4B1B689BB10C4B017A1B7803F001020E
:10ADC40091420CD8417AC3F34003994294BF0021C5
:10ADD4000121608801230022FFF714FFDDE7012130
:10ADE400F7E700BF583300205C33002008B5037830
:10ADF4000B2B02D8072B0AD808BD132BFCD1094B07
:10AE04001878FFF7E1FE084B1878FFF789FF074B26
:10AE14001878FFF7D9FE064B1878BDE80840FFF70D
:10AE24007FBF00BF372200203B22002038220020B1
:10AE34003C22002010B50C480C4CFFF75FFE0C4878
:10AE4400FFF75CFE0B48FFF759FE0B48FFF756FE71
:10AE54000A48FFF753FE2046FFF750FE2378182BCD
:10AE64000CBF0320002010BD3C220020372200200C
:10AE74003B2200203A2200203922002038220020E0
:10AE840008B5FFF78BFC034B1878BDE80840FFF7C3
:10AE940047BF00BF3C22002010B5044630B90A4B1E
:10AEA40018600A4B01221A70002010BDFFF7B2FD92
:10AEB40038B1074B22681A6022791A71024A13606A
:10AEC400EFE70720F1E700BF583300205433002098
:10AED4005C330020FFF758BBA0DF7047A6DF704744
:10AEE400A8DF704762DF70473ADF70473BDF704787
:10AEF4007FB5044638B10388502B5BD005D8102B9E
:10AF040019D0112B1BD004B070BD512B1FD0532B63
:10AF1400F9D1344DC288EB889A42F4D16B7E002B70
:10AF2400F1D000F08DF90028EDD06B69022004B057
:10AF3400BDE87040184782882A4B9A80E3E7294B82
:10AF440081889A889142DED14FF6FF72F5E7254D4C
:10AF54008288AB889A42D6D18679022ED3D10289CF
:10AF6400EB889A42CFD1837B043B022BCBD91022AE
:10AF74000021684600F0F0FD2B7E8DF80060A3B13F
:10AF84009DF8063043F001038DF80630A888694621
:10AF9400FFF7A6FF1128F9D0BDF80430002BB2D179
:10AFA40004F1080000F000F9ADE740F2FD13ADF83C
:10AFB4000430EBE70B4DC2886B899A42A3D1038A14
:10AFC400022BA0D11230FDF741FB074B2876024635
:10AFD40018880649000440F0030004B0BDE870403E
:10AFE400F8F7E6BC6433002080210020F0C402009E
:10AFF4007FB50023CDF80B308DF80F300323ADF867
:10B00400023020238DF804300D4B8DF80500DA88CA
:10B01400ADF8082002228DF80A206A448DF8061043
:10B024000492988801AA02A90592FFF757FF20B954
:10B03400BDF80230032B18BF0C2007B05DF804FBE9
:10B044006433002010B54FF0FF310020FFF74EFFAE
:10B05400044658B9B121FFF747FF044630B9044B01
:10B0640001205B6998470220FAF7DCFF204610BDF7
:10B0740064330020F0B51A4B87B002AC024603F1EA
:10B084001007254618685968264603C60833BB428C
:10B094003446F7D10AB3134C4FF6FF73A3801368F9
:10B0A400636120460023238300F042F898B901200D
:10B0B4004FF65963A21C01A98DF80600ADF80430BF
:10B0C400FFF70AFF38B921462846FFF70BFF10B9EE
:10B0D400204600F037F807B0F0BD0E20FBE700BFB4
:10B0E40026C9020064330020A2DF70470E490B68B2
:10B0F40010B5C3B14B68B3B108319847112812D0C9
:10B104000A4C236858B9987601210220FFF770FF92
:10B1140048B123680320BDE810405B69184700224A
:10B124009A760421F1E710BDA03300209C3300205F
:10B1340018B1034B1860002070470E20704700BF01
:10B144009C33002030B591B00446002141F2111522
:10B1540002231C2209A8CDE9061108918DF80630B6
:10B16400ADF8045000F0F8FC28238DF8243001AB2E
:10B174000E932346608813F8062B8DF80E200322C5
:10B18400ADF80C2013228DF80A2003AA049202AA17
:10B1940005921722ADF81C2009A904AAADF808509D
:10B1A400FFF7A2FF11B030BD70B50446007B012843
:10B1B4000AD002281FD00221207BFFF719FF0028A4
:10B1C40033D01B4B1B6808E0194D2B689E7E4EB193
:10B1D4000621FFF70DFF40B32B685B69BDE87040A3
:10B1E4000320184758760146FFF702FFE8B12B68A1
:10B1F4005E760421E0E7627B531E132B16D80D48BC
:10B204000B4D04F10E0100F075FC0B48637B836168
:10B214002B689B7E002BECD1084951F8083C9847D9
:10B224000028E6D12B6801229A7670BD0521C3E778
:10B234009C3300208433002080330020A833002076
:10B2440008B5044B1B6800205B699847BDE80840BB
:10B25400FFF7F8BE9C3300204FF0704393F8E02FC3
:10B26400062A10D1D3F8E42F12070CD1D3F8E80F33
:10B2740000F0F003302B08D000F0E000A0F1400310
:10B2840058425841704700207047012070474FF0E2
:10B29400704393F8E02F062A0CD1D3F8E42F120759
:10B2A40008D1D3F8E80F00F0F000A0F130035842C1
:10B2B400584170470020704708B5FFF7CDFF40B1F3
:10B2C4004FF08053804AD3F82433C3F30423C2F8E5
:10B2D4004035FFF7DCFF10B17C4B7D4A5A67FFF71E
:10B2E400BBFF48B14FF080534FF08042D3F8443253
:10B2F400C3F34233C2F83C35FFF7C9FF30B1754A96
:10B30400D2F8FC3023F08073C2F8FC30FFF7A4FFBE
:10B3140040B14FF080430022C3F80C21C3F8102140
:10B32400C3F83825FFF7B3FF20B14FF08043032261
:10B33400C3F8A025FFF7ABFF60B1674B0522C3F844
:10B3440010260122C3F888260022C3F818263F22BB
:10B35400C3F814264FF0704393F8E02F062A50D117
:10B36400D3F8E42F11074CD1D3F8E83F03F0F003EE
:10B37400502B46D14FF08052584BD2F80414C3F8E6
:10B384002015D2F80814C3F82415D2F80C14C3F805
:10B394002815D2F81014C3F82C15D2F81414C3F8D5
:10B3A4003015D2F81814C3F83415D2F81C14C3F8A5
:10B3B4004015D2F82014C3F84415D2F82414C3F865
:10B3C4004815D2F82814C3F84C15D2F82C14C3F835
:10B3D4005015D2F83014C3F85415D2F83414C3F805
:10B3E4006015D2F83814C3F86415D2F83C14C3F8C5
:10B3F4006815D2F84014C3F86C15D2F84424C3F885
:10B404007025FFF729FF48B14FF080534FF0804279
:10B41400D3F8583203F04F03C2F8E43EFFF71CFFA1
:10B4240048B14FF08043D3F80024D20744BF6FF0F3
:10B434000102C3F80024274AD2F8883043F4700389
:10B44400C2F88830BFF34F8FBFF36F8F4FF01023D4
:10B45400D3F80022002A03DBD3F80432002B2EDABF
:10B464001F4B0122C3F80425D3F80024002AFBD083
:10B474004FF010221521C2F80012D3F80024002A3C
:10B48400FBD04FF010231522C3F80422144BD3F839
:10B494000024002AFBD00022C3F80425D3F800249A
:10B4A400002AFBD0BFF34F8F0A490E4BCA6802F43F
:10B4B400E0621343CB60BFF34F8F00BFFDE70A4B3D
:10B4C4000A4A1A6008BD00BF0030014000C00740AE
:10B4D4000DF0ADBA00ED00E00050004000C00040A7
:10B4E40000E001400400FA05402200200090D0034F
:10B4F40010DF704711DF704713B5044609496846E9
:10B50400FAF7F6FD019808B902B010BDD0E9003190
:10B514002046984718B16846FAF7F2FDF2E7112081
:10B52400F2E700BF50C9020013B504460749684654
:10B53400FAF7DEFD019B0BB902B010BD2046D3E93A
:10B54400002190476846FAF7DBFDF3E744C902009F
:10B554000B4991F8162313235209D340DB0706D471
:10B56400084B9A683AB94FF480030B60704742F273
:10B574000200F8F7D5BC1A6842F480021A607047DA
:10B5840000E100E020290020064B9A6822B11A68E5
:10B5940022F480021A607047034B4FF48002C3F810
:10B5A400802070472029002000E100E0F7B5154F06
:10B5B4003C782CBB144E012520463570FFF79CFFC8
:10B5C40011281AD02046FFF7AFFF104B1049186816
:10B5D400019001A8FFF78CFF044670B90D4B307041
:10B5E40018700D4B3D70E02283F8162383F8152361
:10B5F400FFF7AEFF2846FFF797FF204603B0F0BDE4
:10B604000824FAE7AE330020AC3300205CC9020002
:10B61400413F0200AD33002000E100E070B50F4E61
:10B624003378B3B10E4D01202870FFF765FF112860
:10B6340011D00220FFF778FFFFF75CFF044630B912
:10B64400307028700320FFF79FFFFFF76DFF20463F
:10B6540070BD0824FBE70024F9E700BFAE330020E7
:10B66400AC330020054B1B7833B1054B1B780BB171
:10B67400FFF7D4BFFFF79ABF08207047AC33002010
:10B68400AE330020014B1878704700BFAE33002062
:10B6940007B508496846FAF72BFD019B13B903B0B7
:10B6A4005DF804FBD3E9002090476846FAF728FDCB
:10B6B400F3E700BF38C90200FFF7EABF60DF704755
:10B6C40069DF704761DF704730B5114D93B038249E
:10B6D4000DF1060104A8ADF80640FFF7F3FF70B9B9
:10B6E400294602A8FAF704FD039B002BF0D004A816
:10B6F400D3E90021904702A8FAF702FDF4E70528F0
:10B7040004D013B0BDE83040F8F70ABC13B030BD24
:10B7140060C9020030B50C4685B0002900F0858070
:10B724000023CDE90133424A039301230A608DF8D3
:10B7340004008DF8063001A903232020ADF8083059
:10B74400FFF7BEFF58B13B4B1D88FAF7FFFC2D04F1
:10B7540045F00105024638492846F8F729F900233F
:10B76400CDE9013303932268012301A940208DF818
:10B774000430FFF7A5FF58B12E4B1D88FAF7E6FCFD
:10B784002D0445F0010502462C492846F8F710F926
:10B79400002301202268039301A9CDE901338DF828
:10B7A4000400FFF78DFF58B1224B1D88FAF7CEFC39
:10B7B4002D0445F00105024621492846F8F7F8F81A
:10B7C4000023CDE9023322684FF4B06301A9A1201C
:10B7D4000193FFF775FF58B1164B1D88FAF7B6FCB5
:10B7E4002D0445F00105024616492846F8F7E0F80D
:10B7F4000023CDE9013303932268012301A9A0208A
:10B804008DF80430FFF75CFF10B9002005B030BD9F
:10B81400084B1C88FAF79AFC240444F001040246FD
:10B8240009492046F8F7C4F8EFE70E20EEE700BF19
:10B8340080210020C821002015C502005BC502003C
:10B84400A7C50200F3C5020044C60200F8B50546C8
:10B854000768FFF733FF2B68BB42044618D0144E29
:10B864001449308800043A4640F00200F8F7A9F879
:10B874004FF080533088D3F80C312A680E499B026C
:10B8840003F1005300049A1A40F00200F8F790F80C
:10B8940064B1074B20461D88FAF758FC2D0445F087
:10B8A4000105024605492846F8F782F82046F8BD06
:10B8B400C821002097C60200C4C60200E6C60200E2
:10B8C40048DF70471FB50E4C01A8FFF7F9FF70B9A8
:10B8D400214602A8FAF70CFC039B002BF4D0019834
:10B8E400D3E90021904702A8FAF70AFCF4E70528F7
:10B8F40004D004B0BDE81040F8F712BB04B010BD8A
:10B904006CC90200002B35D129B9B0FBF2FC0CFB49
:10B91400120260467047914215D22DE9F041B2FA05
:10B9240082F39A409940D3F1200C30FA0CFC51EA8E
:10B934000C01984000F04EF8280036FA03F200217A
:10B944000023BDE8F081F0B5B1FBF2FC0CFB121151
:10B95400B2FA82F39A409940D3F1200630FA06F6FF
:10B964003143984000F036F8614628003200DA404E
:10B974000023F0BDF3B5B3FA83FC49085FEA300055
:10B9840013FA0CF3DCF1200432FA04F423430CB46C
:10B994001A0000F01FF80CBC33FA0CF3DCF11F0C96
:10B9A40035FA0CF518BF013D03BCA5FB026705FB86
:10B9B4000377801BB941904271EB030C05D3821AC3
:10B9C40071EB0303681C0021F0BD02000B0028008A
:10B9D4000021F0BD940D4FF6C2752D02B5FBF4F4B1
:10B9E400D60A013604FB04F5A5FB0656F64306EB1E
:10B9F4000416550832BF00277708013505FB167772
:10BA0400A6FB07477F0807EBC63714001500E7FBC2
:10BA140002457F1B4D1C0400E7FB014505FB120694
:10BA2400A64284BF013DB618964224BF0135B61A1A
:10BA3400704700BF082938BF7047416043F2B031F6
:10BA4400C2F20001086000210160704700B5042AB9
:10BA54008E4609D350F8043B5EF804CB634505D108
:10BA6400043A032A7146F5D89AB10368086880EA53
:10BA7400030191FAA1F1B1FA81F1B2EBD10F08D926
:10BA840001F0380123FA01F2C840C0B2D1B2081A59
:10BA940000BD002000BD0178002904BF00207047CC
:10BAA40000214FF001324358C2FA53F30431002B02
:10BAB400F9D093FAA3F0B0FA80F001EBD000043887
:10BAC400704700000246F0B44FF00137FB0151F813
:10BAD400044BE51BA5431D4002D142F8044BF6E795
:10BAE4000439F0BC11F8013B02F8013B002BF9D1F9
:10BAF400704700BF5AB3844690EA01039B071FD1E5
:10BB0400830707D011F8013B00F8013B013AF7D154
:10BB14001CE08446203A09D32DE9F007B1E8F80780
:10BB2400A0E8F807203AF9D2BDE8F0071C3205D4A2
:10BB340051F8043B40F8043B043AF9D2043205D0EE
:10BB440011F8013B00F8013B013AF9D16046704716
:10BB540000220B0011001A0084465AB3830704D054
:10BB640000F8011B013AF9D124E0C9B241EA0121EC
:10BB740041EA0141202A11D3203A2DE9F0030B4672
:10BB84000C460D460E460F4688468946A0E8FA0341
:10BB9400203AFBD2BDE8F00320320BD0042A05D3AF
:10BBA40040F8041B043A05D0042AF9D200F8011B1A
:10BBB400013AFBD16046704784460020002918BF33
:10BBC400002A00D17047097848B2002844BF6FF0BA
:10BBD40001007047BCF1000F18BFCCF80010002121
:10BBE400C3E90011002818BF012070477F298EBFC8
:10BBF4006FF0010001700120704743F2B431C2F2CA
:10BC040000010968002904BF42F24421C2F2000184
:10BC1400496889680A68092110477F2884BF002081
:10BC240070474CF68C32C0F20202515C4CF60C3276
:10BC3400C0F20202105C08407047A0F161011A29A9
:10BC440038BF20387047A0F141011A2938BF40F0AD
:10BC5400200070477F2884BF002070474CF68C3248
:10BC6400C0F20202515C4CF60C32C0F20202105CCB
:10BC740008407047A0F161011A2938BF2038704785
:0EBC8400A0F141011A2938BF40F0200070479E
:10BC94005184020000000000557202000000000000
:10BCA4000D810200502C002069910200282D0020F3
:10BCB400FD82020000000000D59D0200000000008B
:10BCC400F5AE020064330020997302000000000006
:10BCD400DD5B0200000000005D6202000000000065
:10BCE40077810200502C0020F1B002000000000017
:04BCF4006174020075
:10BCF80034BE020000000300C8BE020000000000BD
:10BD0800E7C4020000000300BFC1020000000000F9
:10BD1800C5C10200000000000DC5020000000300BC
:10BD280003C70200000003000FC702000000030061
:10BD3800CFBE020000000000CCC1020000000000DD
:08BD4800555B02000000000041
:10BD50001D5D020000000000F9620200000000000A
:10BD6000CDB6020000000000C9B8020000000000CB
:10BD700000000000000000000000000000000000C3
:10BD800000000000000000000000000000000000B3
:10BD900000000000000000000000000000000000A3
:10BDA0000000000000000000000000000000000093
:10BDB0000000000000000000000000000000000083
:10BDC0000000000000000000000000000000000073
:10BDD0000000000000000000000000000000000063
:08BDE00000000000000000005B
:10BDE80000000000000000008D4E0200000000006E
:04BDF8000000000047
:10BDFC00093302004D330200053302009D3402006A
:10BE0C008534020035340200FFFFFFFFFFFFFFFF08
:10BE1C00FFFFFFFFFFFFFFFF00000000000000001E
:10BE2C000000D60107010000617070001B5B306DD3
:10BE3C00002573000D0A003C25733E2025733A2023
:10BE4C0000202530327800202020007C0025630063
:10BE5C001B5B313B33306D001B5B313B33316D0071
:10BE6C001B5B313B33326D001B5B313B33336D005D
:10BE7C001B5B313B33346D001B5B313B33356D0049
:10BE8C001B5B313B33366D001B5B313B33376D0035
:10BE9C007761726E696E6700696E666F00646562C9
:10BEAC00756700466174616C206572726F72005325
:10BEBC00797374656D2072657365740062616C6C66
:10BECC006F63007077725F6D676D74004E52465FE2
:10BEDC0053554343455353004E52465F4552524FC0
:10BEEC00525F5356435F48414E444C45525F4D4957
:10BEFC005353494E47004E52465F4552524F525F84
:10BF0C00534F46544445564943455F4E4F545F4545
:10BF1C004E41424C4544004E52465F4552524F52A0
:10BF2C005F494E5445524E414C004E52465F45526D
:10BF3C00524F525F4E4F5F4D454D004E52465F453E
:10BF4C0052524F525F4E4F545F464F554E44004E27
:10BF5C0052465F4552524F525F4E4F545F535550AD
:10BF6C00504F52544544004E52465F4552524F5228
:10BF7C005F494E56414C49445F504152414D004E31
:10BF8C0052465F4552524F525F494E56414C4944BE
:10BF9C005F5354415445004E52465F4552524F52E6
:10BFAC005F494E56414C49445F4C454E47544800FE
:10BFBC004E52465F4552524F525F494E56414C4984
:10BFCC00445F464C414753004E52465F4552524FD8
:10BFDC00525F494E56414C49445F44415441004ED6
:10BFEC0052465F4552524F525F444154415F534950
:10BFFC005A45004E52465F4552524F525F54494D7E
:10C00C00454F5554004E52465F4552524F525F4E6B
:10C01C00554C4C004E52465F4552524F525F464F64
:10C02C005242494444454E004E52465F4552524F8F
:10C03C00525F494E56414C49445F41444452004E74
:10C04C0052465F4552524F525F42555359004E5221
:10C05C00465F4552524F525F4D4F44554C455F4ED3
:10C06C004F545F494E495449414C5A4544004E5235
:10C07C00465F4552524F525F4D555445585F494E9D
:10C08C0049545F4641494C4544004E52465F455227
:10C09C00524F525F4D555445585F4C4F434B5F4682
:10C0AC0041494C4544004E52465F4552524F525FF7
:10C0BC004D555445585F554E4C4F434B5F46414987
:10C0CC004C4544004E52465F4552524F525F4D55BF
:10C0DC005445585F434F4E445F494E49545F464167
:10C0EC00494C4544004E52465F4552524F525F4DAB
:10C0FC004F44554C455F414C52454144595F494E64
:10C10C00495449414C495A4544004E52465F4552A8
:10C11C00524F525F53544F524147455F46554C4C1A
:10C12C00004E52465F4552524F525F4150495F4E4E
:10C13C004F545F494D504C454D454E544544004E6F
:10C14C0052465F4552524F525F46454154555245F7
:10C15C005F4E4F545F454E41424C4544004E524653
:10C16C005F4552524F525F4452565F5457495F4598
:10C17C0052525F4F56455252554E004E52465F45F5
:10C18C0052524F525F4452565F5457495F45525278
:10C19C005F414E41434B004E52465F4552524F5207
:10C1AC005F4452565F5457495F4552525F444E416B
:10C1BC00434B00636C6F636B006770696F74650051
:10C1CC0075617274004465766963652069732070CB
:10C1DC007265706172696E6720746F20656E74652C
:10C1EC007220626F6F746C6F61646572206D6F6426
:10C1FC00652E004465766963652077696C6C2065F3
:10C20C006E74657220626F6F746C6F6164657220FE
:10C21C006D6F64652E005265717565737420746F53
:10C22C0020656E74657220626F6F746C6F616465EB
:10C23C0072206D6F6465206661696C656420617342
:10C24C00796E6368726F6E656F75736C792E0052C0
:10C25C0065717565737420746F2073656E642061ED
:10C26C0020726573706F6E736520746F20636C69D8
:10C27C00656E74206661696C65642E00556E6B6E1C
:10C28C006F776E206576656E742066726F6D2062B6
:10C29C006C655F6466755F627574746F6E6C6573E4
:10C2AC00732E00506F776572206D616E6167656DDE
:10C2BC00656E742077616E747320746F2072657371
:10C2CC00657420746F20444655206D6F64652E0094
:10C2DC00506F776572206D616E6167656D656E7408
:10C2EC0020616C6C6F77656420746F207265736568
:10C2FC007420746F20444655206D6F64652E004386
:10C30C006F6E6E656374656420746F20612070724B
:10C31C006576696F75736C7920626F6E64656420E5
:10C32C006465766963652E00436F6E6E6563746930
:10C33C006F6E20736563757265643A20726F6C65FD
:10C34C003A2025642C20636F6E6E5F68616E646C9E
:10C35C00653A20307825782C2070726F636564758F
:10C36C0072653A2025642E004E6F726469635F42D9
:10C37C007574746F6E6C657373004170706C696367
:10C38C006174696F6E20737461727465640A004520
:10C39C007261736520626F6E647321005465726DF7
:10C3AC00696E616C00525454005345474745520026
:10C3BC0073645F626C655F67617474635F657863F7
:10C3CC0068616E67655F6D74755F726571756573B5
:10C3DC007428292072657475726E656420756E659B
:10C3EC00787065637465642076616C75652030784F
:10C3FC0025782E0073645F626C655F6761705F64A3
:10C40C006174615F6C656E6774685F75706461748C
:10C41C0065282920287265717565737429206F6EE3
:10C42C0020636F6E6E656374696F6E20307825784B
:10C43C002072657475726E656420756E65787065B2
:10C44C00637465642076616C756520307825782E70
:10C45C000073645F626C655F67617474735F6578A9
:10C46C006368616E67655F6D74755F7265706C791A
:10C47C0028292072657475726E656420756E6578F6
:10C48C007065637465642076616C75652030782501
:10C49C00782E0073645F626C655F6761705F6461C6
:10C4AC0074615F6C656E6774685F757064617465E8
:10C4BC00282920287265706C792920726574757230
:10C4CC006E656420756E657870656374656420763E
:10C4DC00616C756520307825782E00626C655F671D
:10C4EC0061747400526563656976656420696E6475
:10C4FC0069636174696F6E2073746174652025645F
:10C50C00006E72665F7364680073645F626C655F73
:10C51C006366675F73657428292072657475726E23
:10C52C006564202573207768656E20617474656D71
:10C53C007074696E6720746F2073657420424C456B
:10C54C005F434F4E4E5F4346475F4741502E00734B
:10C55C00645F626C655F6366675F7365742829202E
:10C56C0072657475726E6564202573207768656ECC
:10C57C0020617474656D7074696E6720746F2073BC
:10C58C00657420424C455F4741505F4346475F52BC
:10C59C004F4C455F434F554E542E0073645F626C95
:10C5AC00655F6366675F73657428292072657475AF
:10C5BC00726E6564202573207768656E20617474D3
:10C5CC00656D7074696E6720746F2073657420429A
:10C5DC004C455F434F4D4D4F4E5F4346475F56535F
:10C5EC005F555549442E0073645F626C655F6366EA
:10C5FC00675F73657428292072657475726E656443
:10C60C00202573207768656E20617474656D707475
:10C61C00696E6720746F2073657420424C455F47C8
:10C62C00415454535F4346475F415454525F544105
:10C63C00425F53495A452E0073645F626C655F63B9
:10C64C0066675F73657428292072657475726E65F0
:10C65C0064202573207768656E20617474656D7035
:10C66C0074696E6720746F2073657420424C455F4B
:10C67C0047415454535F4346475F534552564943D1
:10C68C00455F4348414E4745442E0052414D20736F
:10C69C00746172747320617420307825782C206357
:10C6AC00616E2062652061646A75737465642074C0
:10C6BC006F20307825782E0052414D2073697A65B1
:10C6CC002063616E2062652061646A7573746564B1
:10C6DC0020746F20307825782E0073645F626C654F
:10C6EC005F656E61626C6528292072657475726E67
:10C6FC0065642025732E006E72665F7364685F62DA
:10C70C006C65006E72665F7364685F736F630000C4
:10C71C00FC260020C4270020CC2700200427002062
:10C72C001800000038BE02005CBE020064BE0200AD
:10C73C006CBE020074BE02007CBE020084BE02000D
:10C74C008CBE020094BE020000000000B5BE0200C8
:10C75C009CBE0200A4BE0200A9BE02000D0E0F106A
:10C76C0011121314D42700200000FFFFDEC0ADDE31
:10C77C00FE011EF1DEC0ADDEFF011EF130313233A1
:10C78C00343536373839414243444546995B0200CB
:10C79C00795B0200695B0200C55D0200755D0200F9
:10C7AC003B5B02003F5B0200455B02000010000097
:10C7BC000400000001000000042B0020F4BC020067
:10C7CC00F8BC02000400000000000000D8BE02000B
:10C7DC0001000000E4BE02000200000002BF0200E3
:10C7EC000300000023BF02000400000036BF02005B
:10C7FC000500000047BF0200060000005BBF0200FE
:10C80C000700000073BF0200080000008BBF02008D
:10C81C0009000000A3BF02000A000000BCBF020018
:10C82C000B000000D4BF02000C000000EBBF0200A4
:10C83C000D000000FFBF02000E00000011C002003E
:10C84C000F00000020C002001000000034C00200E5
:10C85C00110000004BC00200800000005AC0020012
:10C86C00810000007AC002008200000096C0020025
:10C87C0083000000B2C0020084000000D0C002009F
:10C88C0085000000F1C002008600000016C1020005
:10C89C00900000002DC10200910000004BC102006D
:10C8AC000082000069C102000182000087C1020001
:10C8BC0002820000A3C10200556E6B6E6F776E2072
:10C8CC006572726F7220636F646500000D00030067
:10C8DC00D56D02000E000300D56D02000F000300A1
:10C8EC00D56D020010000300D56D0200CC2B00208A
:10C8FC00FC2B00201C2C002000000000010000007C
:10C90C000100010008C902000100010004C9020075
:10C91C000003030303030386030950EADA30888318
:10C92C00B89F604F15F30000C98E000060BD020077
:10C93C0070BD02000800000050BD020060BD020086
:10C94C000800000048BD020050BD020008000000B5
:10C95C000100000794BC0200D4BC020008000000D7
:10C96C00D4BC0200F4BC0200080000003DCA020066
:10C97C00B4CA020040CA020053756E646179004D5E
:10C98C006F6E6461790054756573646179005765E5
:10C99C00646E65736461790054687572736461794F
:10C9AC0000467269646179005361747572646179CF
:10C9BC0000004A616E75617279004665627275613C
:10C9CC007279004D6172636800417072696C004D40
:10C9DC006179004A756E65004A756C79004175671E
:10C9EC007573740053657074656D626572004F6386
:10C9FC00746F626572004E6F76656D62657200448D
:10CA0C006563656D6265720000414D00504D00001C
:10CA1C00256D2F25642F25790025483A254D3A257B
:10CA2C005300256120256220256520255420255999
:10CA3C00004300001FBC02003FBC02004BBC0200C4
:10CA4C0059BC020079BC020085BC0200F1BB02009B
:10CA5C00BDBB020053756E004D6F6E0054756500C2
:10CA6C005765640054687500467269005361740020
:10CA7C00004A616E00466562004D61720041707241
:10CA8C00004D6179004A756E004A756C00417567FE
:10CA9C0000536570004F6374004E6F7600446563FD
:10CAAC0000002E0000000000AECA0200B0CA020056
:10CABC00B0CA0200B0CA0200B0CA0200B0CA02007A
:10CACC00B0CA0200B0CA0200B0CA0200B0CA02006A
:10CADC00FFFFFFFFFFFFFFFFFFFFFFFFFFFF000058
:10CAEC0084C9020060CA0200BEC902007DCA0200ED
:10CAFC0015CA02001CCA020025CA02002ECA020076
:10CB0C0020202020202020202068282828282020B1
:10CB1C002020202020202020202020202020202009
:10CB2C0048101010101010101010101010101010C1
:10CB3C008484848484848484848410101010101061
:10CB4C0010818181818181010101010101010101BA
:10CB5C00010101010101010101010110101010106E
:10CB6C00108282828282820202020202020202028B
:10CB7C000202020202020202020202101010102033
:0DCB8C000007032004170201085710408025
:10CB9C00002000400000000008BE02000000000061
:10CBAC0000000000FCBD02000000000000000000BE
:10CBBC000A180100FFFF1818181818181818181858
:10CBCC00180000000090D00378C9020078C9020058
:0CCBDC0078C9020078C9020078C9020084
:040000032000324D5A
:00000001FF
