:020000022000DC
:10300000000001204D320200A5320200A73202006A
:10301000A9320200AB320200AD3202000000000013
:10302000000000000000000000000000AF320200BD
:10303000B132020000000000B3320200B5320200DB
:103040005D9B0200BB320200A9BA0200BF3202003F
:10305000C1320200C332020019A60200C7320200C8
:10306000C9320200CB320200CD320200CF32020060
:10307000D1320200D3320200D5320200D732020030
:10308000D9320200A9580200DD320200DF3202000C
:10309000E9580200E3320200E5570300E73202007C
:1030A000E9320200EB320200ED320200EF320200A0
:1030B000F1320200F3320200B7320200B7320200EE
:1030C000F5320200F7320200F9320200FB32020050
:0C30D000FD320200FF320200013302005A
:1030DC003A493B480A1A02D0072291438D46394996
:1030EC0039480A1A06D00722914381F30988022233
:1030FC0082F3148835483649364A00F041F8364890
:10310C003649374A00F03CF836483749374A00F020
:10311C0037F837483749384A00F032F837483849D9
:10312C00384A00F02DF838483849394A00F028F868
:10313C0038483949394A00F023F8394839490022CE
:10314C0000F036F838483949002200F031F8384898
:10315C003849091A12F0D6FD374A904725482649B6
:10316C00884205D00268043003B4904703BCF7E7EB
:10317C0000208646EC4600200021304A9047FEE7AE
:10318C00884214D0521A12D003460B431343032423
:10319C00234206D1036804300B600431043AF9D1A0
:1031AC007047037801300B700131013AF9D1704747
:1031BC00884202D002700130FAE77047000001200B
:1031CC0000F8002000000120000001204C790300D1
:1031DC000C2200209422002004330200043302004D
:1031EC003A5F03004C7903000C2200200C220020D3
:1031FC00A4600300A4600300A4600300A4600300A7
:10320C00A4600300A4600300A4600300A460030096
:10321C0049790300D47903009422002094220020E1
:10322C009422002024340020243400202434002054
:10323C002434002024360020713202003DD10200DB
:10324C000F484FF00701884385460E4880470E48CB
:10325C00016841F470010160BFF34F8FBFF36F8FB2
:10326C00FFF736BF09480A490A4A884207D0521A62
:10327C0005D0037801300B700131013AF9D1704758
:10328C00000001207D4C030088ED00E01860030075
:10329C00802100200C220020FEE7FEE7FEE7FEE77F
:1032AC00FEE7FEE7FEE7FEE7FEE7FEE7FEE7FEE7EA
:1032BC00FEE7FEE7FEE7FEE7FEE7FEE7FEE7FEE7DA
:1032CC00FEE7FEE7FEE7FEE7FEE7FEE7FEE7FEE7CA
:1032DC00FEE7FEE7FEE7FEE7FEE7FEE7FEE7FEE7BA
:1032EC00FEE7FEE7FEE7FEE7FEE7FEE7FEE7FEE7AA
:0832FC00FEE7FEE7FEE700BF5C
:1033040008B50AF0A7F800BF08BD00B589B003905E
:1033140002910192019B002B22D0002307930A23E0
:103324000693029A079B1344019A194600200AF057
:1033340041F80590079A059B13440793019A059B4E
:10334400D31A0193059B002B05D1069B013B0693E1
:10335400069B002B03D0019B002BE2D100E000BFB1
:1033640000BF09B05DF804FB00B585B0039002917D
:10337400054B00934023054A0299039800F012F884
:1033840000BF05B05DF804FB0F3302009422002057
:1033940082B0019000BF02B0704782B0019000BFBC
:1033A40002B0704700B5A1B0059004910392029356
:1033B400049805F0FFFD039B1593029B16930023CD
:1033C400179300238DF8603000231993229B1A93DE
:1033D40000231F930FA91F9B0822049805F0A8FE41
:1033E40008231F93119B1293109B9BB2ADF84C3092
:1033F40000238DF850309DF83C3003F00303DBB21A
:10340400012B32D10F9BC3F395231C939DF83C30C1
:10341400C3F3C203DBB28DF84E309DF83C30C3F3E6
:103424008003DBB2002B14BF01230023DBB28DF831
:103434004F30BDF83C30C3F38313DBB21B931B9BAB
:103444009A0009A91F9B049805F072FE1B9B9B0020
:103454001F9A13441F9312AA09A915AB009313468C
:103464001B9A1C9800F05CFF3BE09DF83C3003F095
:103474000303DBB2022B34D1BDF83E30C3F389130E
:103484009BB21E939DF83C30C3F3C203DBB28DF8AC
:103494004E309DF83C30C3F38003DBB2002B14BFE5
:1034A40001230023DBB28DF84F301E9B082B28BF6D
:1034B40008231D9307A91F9B1D9A049805F038FE45
:1034C4001F9A1D9B13441F931E9A1D9BD31A1E9370
:1034D40015AB12AA07A81D9900F0C4FF1E9B002B70
:1034E400E3D1049805F075FD00BF21B05DF804FB3D
:1034F40082B001900091034B01221A7000BF02B008
:10350400704700BF1423002030B58DB003468DF8FA
:1035140007301A4B02AC1D460FCD0FC495E80F00BF
:1035240084E80F00052302934FF0FF3303934FF019
:10353400FF3304934FF0FF3305934FF0EB7308937D
:103544009DF80730002B01D00D4A00E0002202ABA9
:1035540019460C4807F0C2FE0B900B9B0A930A9B7A
:10356400002B04D0084A43210A9801F069FB074A5A
:103574009DF80730137000BF0DB030BD1C6103000F
:10358400F53402000C220020B06003001523002053
:1035940000B583B001238DF807309DF80730184635
:1035A400FFF7B2FF00BF03B05DF804FB00B589B0BC
:1035B400039002910192019B8DF81F30124B00225F
:1035C4001A709DF81F301A460299104807F0EEFF52
:1035D4000690069B0593059B002B04D00C4A5321AF
:1035E400059801F02DFB00BF0A4B1B78002B07D078
:1035F400054B1B78DBB283F00103DBB2002BF3D164
:1036040000BF09B05DF804FB142300200C22002045
:10361400B06003001523002000B585B0039002912B
:10362400054B00934023054A02990398FFF7BAFE1D
:1036340000BF05B05DF804FBB1350200D4220020C0
:1036440082B0019000BF02B07047000000B583B0A3
:103654000190054807F094FE0020FFF755FF00BFD6
:1036640003B05DF804FB00BF0C22002082B001907F
:10367400019B01225A7200BF02B0704700B583B0AB
:103684004FF0FF330193FFF73BFE0421114800F094
:1036940081FD0190019B002B03DA0F49412009F0C1
:1036A4003BF80C48FFF7E2FFFFF772FF04210B48D9
:1036B40000F070FD0190019B002B03DA06494820BD
:1036C40009F02AF80548FFF7D1FF00BF03B05DF801
:1036D40004FB00BF142200204861030020220020C4
:1036E40000B583B001900091019B1B681B68009991
:1036F4000198984700BF03B05DF804FB00B583B0A0
:103704000190019B1B685B680198984700BF03B058
:103714005DF804FB82B001900B468DF80330019BE9
:103724009DF803201A7200BF02B0704782B0019066
:10373400019B1B7A184602B0704782B00190019B2E
:1037440001225A7200BF02B0704782B00190019BFF
:103754005B7A184602B0704710B487B001900091AC
:10376400019B009A53E8004F44EA020043E8000139
:1037740091F0000FF6D1059404900391049B184630
:1037840007B05DF8044B704710B487B00190009106
:10379400019B009A53E8004F04EA020043E8000149
:1037A40091F0000FF6D1059404900391059B1846FF
:1037B40007B05DF8044B704700B583B00190012158
:1037C4000198FFF7C9FF0346184603B05DF804FBF0
:1037D40000B583B0019000210198FFF7D5FF03469F
:1037E400184603B05DF804FB00B587B001901F4B89
:1037F400FF229A601D4B00221A601C4B00225A6063
:103804001A4B0022C3F81824184B0022C3F81424BE
:10381400164B002283F81C24154805F02FFB049056
:10382400049B002B01D0049B1CE0124A124BD31AB8
:10383400DB080393002305930FE0059A13465B000E
:1038440013449B001A460D4B13440293059B9AB2F2
:10385400029B1A80059B01330593059A039B9A42A8
:10386400EBD30023184607B05DF804FBE8230020DF
:10387400B8610300F05F0300A05F03008021002013
:10388400024A034BD31ADB0818467047F05F030063
:10389400A05F030000B587B001900B468DF803309C
:1038A4009DF80330002B23D0FFF7EAFF0490002398
:1038B400059317E0059A13465B0013449B001A46D0
:1038C4000E4B13440393039B5B881A46019B1B68AE
:1038D4009A4204D1019B059A1A60002309E0059BD2
:1038E40001330593059A049B9A42E3D3052300E030
:1038F4000023184607B05DF804FB00BF80210020B8
:1039040000B585B001900B468DF803309DF8032077
:1039140001AB11461846FFF7BDFF0346002B07D144
:10392400019BDB00054A13440393039B1B6800E0DF
:103934000023184605B05DF804FB00BFA05F030038
:1039440084B001900B468DF80330019BDB00174ACD
:10395400134402939DF80330013B032B1CD801A2AE
:1039640052F823F0793902008139020089390200C2
:103974009339020002238DF80F3011E004238DF8EF
:103984000F300DE0029B1B798DF80F3008E0029B8D
:103994005B798DF80F3003E000238DF80F3000BF02
:1039A4009DF80F30184604B0704700BFA05F0300B5
:1039B40000B589B04148FFF7FFFE4148FFF7FCFE20
:1039C400404B5B6807933F4B9B680493079A049BA7
:1039D400134002339B003B4A1344043306931BE019
:1039E400079B01330793069B5B88C3F389139BB240
:1039F4001A46069B1B88C3F389139BB213441A46C9
:103A0400079B13440793079A049B134002339B00BC
:103A14002C4A134404330693069B1B7803F00303D8
:103A2400DBB2002BDCD00023059311E0079B5A1C6A
:103A34000792049A1340059A920069460A44214960
:103A440002339B000B445B681360059B01330593B1
:103A5400059B012BEAD99DF80030C3F30103DBB2C7
:103A6400012B0CD0022B14D1BDF80230C3F38913FF
:103A74009BB203339B08079A134407930FE0BDF8E6
:103A84000030C3F38313DBB21A46079B1344079336
:103A940005E00D4940F24D1008F03EFE00BF084815
:103AA400FFF796FE0390039B002B02D0054A079B69
:103AB400536000BF09B05DF804FB00BF002800207C
:103AC400FC270020E8230020DC61030010B586B049
:103AD4000390029101920093039B1B0CADF81630E6
:103AE400BDF81640FFF7CCFE03469C4204D323499D
:103AF4004FF4B27008F010FE009B5A1C089B134050
:103B0400BDF816201E4902339B000B445A60009AEC
:103B1400089B134002339B00194A13440433049353
:103B2400039B1B0903F00103D9B2049A137861F3D0
:103B340082031370039B03F00703D9B2049A13782A
:103B440061F3C5031370019B03F00F03D9B2049A08
:103B5400138861F389131380029BC3F31501049A3C
:103B6400136861F39F231360049A1378012161F3AE
:103B74000103137000BF06B010BD00BFDC61030079
:103B8400E823002000B58BB001900091019B023323
:103B940008930223079301238DF81B3000238DF82B
:103BA4000F300DF10F03184601F0CEFF214B1A68B8
:103BB400009B1A601F4B9A681E4B59681D4B1B686B
:103BC400CB1A134401330993089A079B13440593B2
:103BD4000BE0FFF7EDFE174B9A68164B5968154B2F
:103BE4001B68CB1A134401330993059A099B9A4223
:103BF400EFD8104B1A680F4B9B68134002339B009D
:103C04000C4A134404330493049A137843F00303D3
:103C14001370084B1A68089B1344064A13609DF8F6
:103C24000F30184601F0A6FF9DF81B3018460BB064
:103C34005DF804FBE823002000B58BB005900491E7
:103C4400039202931E4B9B68079306AB1946029896
:103C5400FFF798FF0346002B24D0069B02330993F9
:103C64000023089311E0089B9B00039A1A44099BC4
:103C7400591C099107990B401268114902339B00A2
:103C84000B445A60089B01330893089A029B9A429A
:103C9400E9D3069A079B00931346029A0499059860
:103CA400FFF714FF064B93F81C34002B04D000F0EC
:103CB40079F80346002BFAD100BF0BB05DF804FB82
:103CC400E823002000B583B0019000910023002276
:103CD40000990198FFF7B0FF00BF03B05DF804FB43
:103CE40000B587B0039002910192019B059305AA48
:103CF400012302990398FFF79FFF00BF07B05DF807
:103D040004FB00B587B00390029101920093019BDC
:103D14000493009B059304AA022302990398FFF7D6
:103D24008BFF00BF07B05DF804FB00B589B00390BA
:103D3400029101920093019B0593009B06930A9BB9
:103D4400079305AA032302990398FFF775FF00BFA1
:103D540009B05DF804FB00B589B0039002910192AB
:103D64000093019B0493009B05930A9B06930B9B72
:103D7400079304AA042302990398FFF75DFF00BF89
:103D840009B05DF804FB0000054B5A68044B1B683E
:103D94009A420CBF01230023DBB21846704700BFD0
:103DA400E823002000B599B0FFF7EEFF0346002B8F
:103DB40001D00023B3E19C4B0022C3F81824BFF3C5
:103DC4004F8F00BF984B5B681793974B9B6810937A
:103DD400179A109B134002339B00934A13440433F5
:103DE4001693002315930023149300230F931BE0D1
:103DF400179B01331793169B5B88C3F389139BB2FC
:103E04001A46169B1B88C3F389139BB213441A46A4
:103E1400179B13441793179A109B134002339B006C
:103E2400814A134404331693169B1B7803F003034F
:103E3400DBB2002BDCD00023139311E0179B5A1C38
:103E44001792109A1340139A920002A90A447649D1
:103E540002339B000B445B681360139B0133139381
:103E6400139B012BEAD99DF8083003F00303DBB25E
:103E7400022B40F09C80BDF80A30C3F389139BB237
:103E84000D93BDF80A30C3F389139BB2502B28BF9E
:103E940050239BB20C930C9BC3F309039AB2BDF855
:103EA4000A3062F38F13ADF80A300C9B08330B937E
:103EB4009DF80830C3F3C203DBB20F930B995B4840
:103EC40004F0E7FF1590159B002B00F0E080159897
:103ED40005F070F802A9149B0822159805F016F94C
:103EE400149B08331493179BDA43109B134001333C
:103EF4009B000A930C9A0A9B9A4242D90A9B002B74
:103F040008D0179A109B134002339B00464A13446F
:103F1400043300E0464B08930A9B002B02D00A9B13
:103F2400DBB201E00C9BDBB28DF81F300A9B002B47
:103F340001D03F4B00E0002306930A9B002B06D0E0
:103F44000C9BDAB20A9BDBB2D31ADBB200E000238B
:103F54008DF817309DF81F20149B0899159805F0CB
:103F6400D5F89DF81F30149A13441493069B002B24
:103F740016D09DF81720149B0699159805F0C6F8DD
:103F84000EE0179A109B134002339B00264A1344F9
:103F940004330993149B0C9A0999159805F0B6F803
:103FA4000D9B03339B08179A134417936FE09DF8F6
:103FB400083003F00303DBB2012B5AD1BDF80830FB
:103FC400C3F38313DBB2062B28BF0623DAB2BDF892
:103FD400083062F38913ADF80830BDF80830C3F334
:103FE4008313DBB202330E939DF80830C3F3C2038C
:103FF400DBB20F930E9B9B0019460C4804F049FF5B
:104004001590159B002B42D0159804F0D3FF02A9FC
:10401400149B0822159805F079F8149B083314931F
:10402400002313931BE000BFE8230020B8610300C2
:10403400F4230020179B5A1C1792109A1340023342
:104044009B00394A1344191D149B0422159805F04A
:104054005DF8149B04331493139B01331393BDF83D
:104064000830C3F38313DBB21A46139B9342E1D3A4
:104074000DE09DF8083003F00303DBB2032B06D1F7
:10408400294BD3F81834002B01D1002347E0159BAA
:10409400002B3ED0244BD3F810341293224BD3F888
:1040A4001834002B1AD0159804F093FF31E0002344
:1040B4008DF847301298FFF748FB0346002B02D0D7
:1040C40001238DF847309DF84730002B03D0159914
:1040D4001298FFF705FB129B5B681293129B002B4F
:1040E400E5D1159804F075FF00238DF807300DF124
:1040F4000703184601F028FD0B4BD3F81834002BA6
:1041040002D1094A179B53609DF80730184601F005
:1041140031FDFFF739FE034683F00103DBB2184695
:1041240019B05DF804FB00BFE823002000B585B09A
:104134000023039322E0164BD3F810340293012397
:104144008DF807300EE00298FFF7F0FA03461A469E
:10415400039B934203D100238DF8073005E0029BB3
:104164005B680293029B002BEDD19DF80730002B76
:1041740001D0039B07E0039B01330393039B092BAB
:10418400D9DD4FF0FF33184605B05DF804FB00BFDE
:10419400E823002000B585B001900B468DF803306C
:1041A400FFF7C4FF0390039BB3F1FF3F01D1039BCF
:1041B4001EE0039BDBB219460198FFF7ABFA0E4BE6
:1041C400D3F81034002B07D10B4A019BC2F81034EA
:1041D400019B00225A600AE0074BD3F810345A6856
:1041E400019B5A60044BD3F81034019A5A60039B24
:1041F400184605B05DF804FBE823002000B583B041
:104204000C4BD3F8103401930A4B012283F81C247D
:1042140008E00198FFF791FA0198FFF76FFA019B04
:104224005B680193019B002BF3D100BF00BF03B077
:104234005DF804FBE823002010B582B001900091E2
:10424400019BDB7983F00103DBB2002B28D0019BB7
:104254001B7A002B12D0019B9B881A46019B9B79E9
:1042640019461046FFF76CFB03461A460E4B53F8EB
:1042740022301A460D49009803F006FE019B9B79F3
:104284001A460B4B53F82240019B9B880021184689
:10429400FFF736FB034622460649009803F0F4FD77
:1042A40000BF02B010BD00BF40220020AC6203007A
:1042B4002C220020B062030000B585B00390029167
:1042C40013468DF80730039BDB7983F00103DBB2DF
:1042D400002B0FD0039B1B7A002B06D00D4B1B68C1
:1042E4001A460D49029803F0CFFD0C49029803F0D9
:1042F400CBFD07E09DF80730002B03D00749029857
:1043040003F0C2FD029803F09DFD00BF05B05DF807
:1043140004FB00BF40220020AC620300BC62030027
:1043240030B58BB007900691059204930E9B1B7BCE
:104334008DF827300E9B00221A730E990498FFF70C
:104344007BFF059B062B7FD801A252F823F000BF08
:10435400714302007B4302008B4302009F4302002F
:10436400BD430200E54302001544020007990E987C
:1043740003F08AFD69E0069B1B681A4607990E98AC
:1043840003F082FD61E0069B1A68069B04331B68F8
:1043940007990E9803F078FD57E0069B1A68069B70
:1043A40004331968069B08331B6800930B4607996E
:1043B4000E9803F069FD48E0069B1968069B0433D8
:1043C4001868069B08331B68069A0C32126801921F
:1043D400009303460A4607990E9803F055FD34E00E
:1043E400069B1868069B04331C68069B08331B68ED
:1043F400069A0C32126806991031096802910192EA
:1044040000932346024607990E9803F03DFD1CE0F5
:10441400069B1C68069B04331D68069B08331B68B7
:10442400069A0C32126806991031096806981430FD
:10443400006803900291019200932B46224607994B
:104444000E9803F021FD00E000BF00220E990498AD
:10445400FFF732FF0E9B9DF827201A7300BF0BB0A5
:1044640030BD00BF00B587B0039002910192009364
:10447400029B082B5CD8009B1B7B8DF81330009BA0
:1044840000221A7300990198FFF7D6FE00230593C2
:1044940014E0059A029B9A4209D2039A059B13449D
:1044A4001B781A462449009803F0EEFC03E02349E4
:1044B400009803F0E9FC059B01330593059B072B4A
:1044C400E7D91F49009803F0DFFC0023059322E09D
:1044D400059A029B9A4217D2039A059B13441B78B0
:1044E4008DF812309DF81230184611F0DAFC0346AC
:1044F400002B02D09DF8123000E02E231A461149F9
:10450400009803F0C1FC03E00F49009803F0BCFCE1
:10451400059B01330593059B072BD9D901220099EB
:104524000198FFF7C9FE009B9DF813201A7300E061
:1045340000BF07B05DF804FBC0620300C86203005B
:10454400CC620300D0620300D462030000B583B0E0
:104554000190019B1B681F2B04D905494FF4E87097
:1045640008F0DAF84FF0A043184603B05DF804FBF6
:10457400D862030000B585B00190084611461A467A
:1045840003468DF803300B468DF8023013468DF840
:10459400013001AB1846FFF7D9FF03909DF80320C3
:1045A4009DF802305B001A439DF801309B001A43CA
:1045B4009DF818301B0242EA03019DF81C301B04CD
:1045C400019A1943039B02F5E07243F8221000BFDD
:1045D40005B05DF804FB00B585B00390002301939A
:1045E400002300930023012201210398FFF7C2FF57
:1045F40000BF05B05DF804FB00B585B0019001ABC8
:104604001846FFF7A3FF0390019B012202FA03F36C
:104614001946039800F086F800BF05B05DF804FB66
:1046240000B585B0019001AB1846FFF78FFF0390EA
:10463400019B012202FA03F31946039800F07CF867
:1046440000BF05B05DF804FB00B585B0019001AB77
:104654001846FFF77BFF0390039BD3F804350293BE
:10466400029BDA43019B012101FA03F31A40039BE5
:10467400C3F80825019B01229A40029B1A40039B20
:10468400C3F80C2500BF05B05DF804FB00B583B08A
:1046940001900091009B002B03D10198FFF7C0FF0C
:1046A40002E00198FFF7A8FF00BF03B05DF804FB28
:1046B40000B585B0019001AB1846FFF747FF0390A2
:1046C400039800F01FF80246019B22FA03F303F05B
:1046D4000103184605B05DF804FB00B585B00190F0
:1046E40001AB1846FFF732FF0390039800F012F86D
:1046F4000246019B22FA03F303F00103184605B0B6
:104704005DF804FB82B00190019BD3F81035184684
:1047140002B0704782B00190019BD3F8043518466B
:1047240002B0704782B001900091019B009AC3F8D7
:10473400082500BF02B0704782B001900091019B30
:10474400009AC3F80C2500BF02B0704700B585B0CD
:104754000190019B032B03D91149372007F0DCFF9B
:10476400104A019B13441B781846FFF7B6FF034613
:10477400002B14BF012300238DF80F309DF80F3058
:10478400002B14BF01230023DBB283F00103DBB24F
:1047940003F00103DBB2184605B05DF804FB00BF6B
:1047A400106303005863030000B583B00190019BBC
:1047B400032B03D907493E2007F0AEFF064A019BAD
:1047C40013441B7800211846FFF760FF00BF03B0B5
:1047D4005DF804FB106303005863030000B583B065
:1047E4000190019B032B03D90749442007F094FF50
:1047F400064A019B13441B7801211846FFF746FF24
:1048040000BF03B05DF804FB1063030058630300AA
:1048140000B583B00023019305E00198FFF7DEFFA4
:10482400019B01330193019B032BF6D900BF00BF09
:1048340003B05DF804FB00B583B00023019305E0E9
:104844000198FFF7B1FF019B01330193019B032BF7
:10485400F6D900BF00BF03B05DF804FB00B583B018
:104864000190019B032B03D907495C2007F054FFF7
:10487400064A019B13441B781846FFF7E5FE00BF68
:1048840003B05DF804FB00BF10630300586303002A
:1048940000B583B00023019309E0094A019B134446
:1048A4001B781846FFF797FE019B01330193019B88
:1048B400032BF2D9FFF7ACFF00BF03B05DF804FB94
:1048C4005863030000B585B00190019B032B03D905
:1048D4001149832007F020FF104A019B13441B78E1
:1048E4001846FFF7E5FE0346002B14BF01230023FF
:1048F4008DF80F309DF80F30002B14BF01230023D7
:10490400DBB283F00103DBB203F00103DBB2184630
:1049140005B05DF804FB00BF106303005C63030093
:1049240084B001904FF0FF330293002303930DE012
:104934000A4A039B13441B781A46019B934202D1F3
:10494400039B029305E0039B01330393039B032B17
:10495400EED9029B184604B0704700BF5C630300A5
:1049640000B583B00190019B032B03D90549A22014
:1049740007F0D2FE044A019B13441B78184603B087
:104984005DF804FB106303005C63030000B589B0A9
:10499400019000238DF81F3051E02E4B1A689DF8CA
:1049A4001F30DB0013440693069B1B781A46012331
:1049B40093400593284B1A68059B1340002B39D06C
:1049C400059BDA43244B1B681340234A1360069B60
:1049D4001B78184605F004FE03468DF81330069B39
:1049E4001B781A46012393401A461C4B1B6813403C
:1049F4009DF81320069909788A4093421AD19DF8AC
:104A04001330069A5278012A0CBF01220022D2B236
:104A140093420CBF01230023DBB20393069B5B6824
:104A2400002B07D0069B5B68069A12780399C9B2DB
:104A3400104698479DF81F3001338DF81F30084BFE
:104A44001B789DF81F209A42A7D300BF00BF09B06E
:104A54005DF804FB082800203828002034280020B2
:104A64000C28002000B585B001900B468DF803306A
:104A74000122019B02FA03F303931E4B184600F034
:104A8400CDFF0290029B002B30D11B4B1A68039B75
:104A94001340002B22D1019805F0A2FD0346002B00
:104AA40006D0164B1A68039B1343144A136006E09E
:104AB400039BDA43114B1B681340104A13600E4BDF
:104AC4001A68039B13430C4A13600A480C4B1B6877
:104AD4000022194600F070FF029008E0039BDA43BD
:104AE400054B1B681340044A136000E000BF05B087
:104AF4005DF804FB14280020382800203428002006
:104B04001028002000B589B003900B4601928DF85F
:104B14000B30019B042B01D8072351E005F068FCFE
:104B2400034683F00103DBB2002B07D005F018FC29
:104B34000790079B002B01D0079B41E0224A039B6F
:104B44001360224A9DF80B301370214A019B1360B5
:104B5400204B00221A60204B00221A6023E09DF8AB
:104B64000B30DB00039A1344069303238DF81430AF
:104B740000238DF8153000238DF8163000238DF8AE
:104B84001730069B9B788DF81530069B1B781846CA
:104B940005AB124A194605F037FC0790079B002B1A
:104BA40001D0079B0CE09DF80B305A1E8DF80B20AA
:104BB400002BD4D10A4A00210A4800F0CDFE034656
:104BC400184609B05DF804FB082800200C280020D2
:104BD400102800203428002038280020694A0200C8
:104BE400914902006063030000B583B0114B1B6858
:104BF400002B03D11049B62007F08EFD002301934A
:104C04000CE00C4B1A68019BDB0013441B78012158
:104C1400184605F05DFC019B01330193074B1B789B
:104C24001A46019B9342ECD30023184603B05DF867
:104C340004FB00BF08280020646303000C28002044
:104C440000B589B0039002910192029B9BB2ADF82A
:104C54001430019B0693039B079305AB1A4600216E
:104C640044F2010000F052F800BF09B05DF804FB03
:104C740086B003900291019201238DF817309DF8BC
:104C84001730214A039B13601F4A029B53601E4A3C
:104C9400019B9360039B44F20102934213D0039B54
:104CA40044F20202934222D1019B174AD360164B6D
:104CB400DB681B881A46144B9A61134BDB685B68EC
:104CC400114AD36113E0019B0F4A13610E4B1B6918
:104CD4009B680D4A53610C4B1B691B881A460A4B8F
:104CE4009A61094B1B695B68074AD36100BF72B6BE
:104CF40000BF00BF9DF81730DBB2002BFAD162B6BB
:104D040000BF00BF06B070473C28002030B589B012
:104D1400059004910392FFF771FAFFF743F80346F5
:104D2400002BFAD1059B44F2020293422BD0059B3F
:104D340044F20202934254D8059B44F20102934286
:104D440031D0059B44F2010293424AD8059B012BC2
:104D540005D0059B41F2010293420AD041E02E4B5B
:104D64001B881B0443F001032C491846FEF7AAFFD5
:104D740042E0294B1B881B0443F0010328491846D1
:104D8400FEF7A0FF38E0039B0793234B1B881B040B
:104D940043F00100079B5B681A46079B1B88214967
:104DA400FEF7AFFF28E0039B06931B4B1B881B04F5
:104DB40043F00104069B9D68069B9B68184604F01B
:104DC4000FFC03461946069B5B681A46069B1B8824
:104DD400019300920B462A4613492046FEF7BBFF77
:104DE4000AE00D4B1B881B0443F00103049A0F498E
:104DF4001846FEF775FF00BF0D4B1B6803F0010357
:104E0400002B00D0FFDE039A04990598FFF730FFCA
:104E140000BF09B030BD00BF80210020B86303008B
:104E2400D8630300FC6303001864030030640300C8
:104E3400F0ED00E082B003468DF807309DF80730AE
:104E440003F01F0205499DF907305B09012000FAB0
:104E540002F241F8232000BF02B0704700E100E0F5
:104E640082B003468DF807309DF8073003F01F0227
:104E740006499DF907305B09012000FA02F220334C
:104E840041F8232000BF02B0704700BF00E100E0FA
:104E940082B003468DF807309DF8073003F01F02F7
:104EA40006499DF907305B09012000FA02F24033FC
:104EB40041F8232000BF02B0704700BF00E100E0CA
:104EC40082B003468DF807309DF8073003F01F02C7
:104ED40006499DF907305B09012000FA02F26033AC
:104EE40041F8232000BF02B0704700BF00E100E09A
:104EF40082B0034600918DF807309DF90730002BEE
:104F04000CDA009BDAB20C499DF8073003F00F036A
:104F1400043B5201D2B20B441A7609E0009BDAB288
:104F240006499DF907305201D2B20B4483F800239D
:104F340000BF02B0704700BF00ED00E000E100E0F8
:104F440084B00190244B0393019B002B40D0234B4E
:104F54001A680399019B00BF00BF00BF00BF00BFD8
:104F640000BF00BF00BF8A422FD000BF00BF00BFF8
:104F740000BF00BF00BF00BF00BF00BF00BF00BF35
:104F840000BF00BF00BF00BF00BF00BF00BF00BF25
:104F940000BF00BF00BF00BF00BF00BF00BF00BF15
:104FA40000BF00BF00BF00BF00BF00BF00BF00BF05
:104FB40000BF00BF00BF00BF00BF00BF00BF00BFF5
:104FC40000BF00BF00BF00BF00BF013BC3D10193BE
:104FD40000BF04B0704700BF0024F4007C2200200E
:104FE40000B583B00190064A019BC2F80835072139
:104FF4001120FFF77DFF00BF03B05DF804FB00BF85
:105004000010014008B50D4B4FF48032C3F844231F
:105014000A4B4FF48032C3F804231120FFF750FFEA
:105024001120FFF707FF054B01221A602F20FFF71D
:1050340087FF034B01221A7000BF08BD0010014016
:105044007A29002008B51120FFF70AFF0E4B4FF410
:105054008032C3F848230C4B4FF48032C3F8082342
:10506400094B01225A602F20FFF76AFF064B0122E9
:105074009A60064B00221A602F20FFF761FF044B51
:1050840000221A7000BF08BD001001406C290020E6
:105094007A290020024BD3F804351846704700BF24
:1050A4000010014082B001900091019A009BD31A34
:1050B40023F07F43184602B07047000082B001908D
:1050C400034A019BC2F8403500BF02B0704700BFDD
:1050D4000010014086B00190284B1B68002B03D1BF
:1050E400264A019B136045E0019B1A68234B1B6809
:1050F4001B689A4210D8214B1B681968019B1A68D7
:105104001E4B1B688A1A1A601C4B1A68019BDA61D1
:105114001A4A019B13602DE0019B1B680393174BF4
:105124001B680593154B1B68049309E0049B1B68DB
:10513400039AD31A0393049B0593049BDB6904939A
:10514400049B002B04D0049B1B68039A9A42EDD85D
:10515400049B002B05D0049B1A68039BD21A049B62
:105164001A60019B039A1A60019B049ADA61059BF9
:10517400019ADA6100BF06B0704700BF68290020B9
:1051840000B587B001902A4B1B680393284B1B681A
:105194000593059B049308E0049A019B9A4208D066
:1051A400049B0593049BDB690493049B002BF3D1BC
:1051B40000E000BF049B002B01D1002333E0059ADB
:1051C400049B9A4214D11A4B1B68DB69184A13607A
:1051D400174B1B68002B0BD1164B01229A60164B00
:1051E40000221A60154B01221A702F20FFF7A8FE27
:1051F400049B1B680293049BDA69059BDA61059B97
:10520400DB690493049B002B05D0049B1A68029B62
:105214001A44049B1A60064B1B68039A9A4214BFF3
:1052240001230023DBB2184607B05DF804FB00BF7E
:1052340068290020001001406C2900207B290020EF
:1052440008B51120FFF724FE00BF08BD08B51420DF
:10525400FFF71EFE00BF08BD00B583B00190019B9F
:105264005B69019A92691046984700BF03B05DF8E4
:1052740004FB000000B585B02B4B1B68002B4ED0FF
:1052840000230193FFF706FF0246284B1B681946CB
:105294001046FFF707FF0290234B1B6803931DE0A2
:1052A400039B1B68029A9A421CD3039B1B68029AB5
:1052B400D31A0293039B1B68019A13440193039B23
:1052C4000093039BDB690393009B1B7C002B05D09D
:1052D400009B00221A740098FFF7BEFF039B002B6B
:1052E400DED100E000BF124B1A78124B1B789A42B1
:1052F4000CD1104B1B780133DAB20E4B1A700D4BE4
:105304001B78022B02D10B4B00221A70094B1B781D
:105314001946094A019B42F82130FFF797FF00BF65
:1053240005B05DF804FB00BF682900206C2900204B
:1053340078290020792900207029002082B001906A
:10534400184B1A78184B1B789A4223D0154B1B78AC
:105354000133DAB2134B1A70124B1B78022B02D1B1
:10536400104B00221A700F4B1B781A460F4B53F840
:105374002220019B1A60019B1A680D4B1B68134481
:105384000B4A13600A4B1B6823F07F43084A1360DF
:10539400012303E0019B00221A600023184602B097
:1053A400704700BF78290020792900207029002047
:1053B4006C29002088B00390029101920023079386
:1053C40038E0204B1B680693069B1B68039A9A429D
:1053D40006D2069B1A68039BD21A069B1A602EE01B
:1053E400069B1B68039AD31A0393069B1B68079AB0
:1053F40013440793069B00221A60124B1B68059303
:10540400069BDB690F4A1360069BDB68002B11D0F7
:10541400029A079B134423F07F42069B5A60069B23
:10542400DA68069B9A60019B1A68069BDA61019B05
:10543400059A1A60034B1B68002BC2D100BF00BF42
:1054440008B070476829002000B589B00190002396
:105454008DF81F30664B1B680593AAE0019B002B57
:1054640005D0019B0693069BDB69019361E0614BC8
:105474001B781A4613465B001344DB005D4A134451
:10548400043304935B4B1B780133DAB2594B1A7023
:10549400584B1A78574B9B789A4202D1554B0022AD
:1054A4001A70049B5B680693049B1B78032B1ED025
:1054B400032B7EDC012B1FD0022B7AD1049B5B686B
:1054C4001846FFF75DFE0346002B02D001238DF83A
:1054D4001F30069B00221A746BE0454B1B68039334
:1054E400039B00221A74039BDB69414A1360404BFF
:1054F4001B68002BF1D15CE000BF069B1B7C002BDA
:1055040000D056E0049B9A68069B5A60049BDA68B4
:10551400069B9A60049B1A69069BDA60049B5A698D
:10552400069B9A61344B1B78002B02D0069B002209
:105534005A60069B5A68314B1B68D31A23F07F4389
:105544002F4A93420ED8069B5B682C4A1268114678
:105554001846FFF7A7FD0246069B9B681A44069B64
:105564001A6017E0254B1A68069B5B6819461046BB
:10557400FFF798FD0290069B9B68029A9A4206D216
:10558400069B9A68029BD21A069B1A6002E0069B4D
:1055940000221A60069B00225A60069B00229A6031
:1055A400069B01221A74069B0022DA610698FFF713
:1055B40091FD019B002B7FF451AF0E4B1A780D4BDC
:1055C4005B789A427FF44AAF9DF81F30002B04D1D8
:1055D400074B1B68059A9A4201D0012300E000237F
:1055E40003F00103DBB2184609B05DF804FB00BF09
:1055F400682900205C2800207B2900206C290020D9
:10560400FEFF7F0010B588B00190274B1B68002B6C
:1056140044D0254B1B681B680793FFF73BFD06909E
:10562400224B1B68059305990698FFF73BFD03463B
:10563400033304931E4B1B7883F00103DBB2002B6E
:1056440001D0FFF7DFFC049A079B934238BF13464F
:10565400059A13440593059B23F07F43059305980E
:10566400FFF72CFDFFF716FD039006990398FFF74B
:1056740019FD0346DC1C06990598FFF713FD034644
:105684009C420DD9FFF706FD03461846FFF716FDA9
:105694002F20FFF755FCFFF7D3FD01E0FFF7D2FC05
:1056A40000BF08B010BD00BF682900206C2900208D
:1056B4007A29002000B587B00023019300238DF8D8
:1056C4001730194B1B680493184B1B6803936B46E4
:1056D4001846FFF733FE03468DF80B309DF80B3068
:1056E400002B08D0009B01AA04991846FFF762FE1C
:1056F40001238DF81730019B1846FFF7A5FE0346DA
:10570400002B02D001238DF817309DF81730002BA1
:1057140002D00398FFF776FF054B00221A7000BFF2
:1057240007B05DF804FB00BF6C2900206829002045
:105734007B29002082B003468DF80730034A9DF888
:105744000730537000BF02B0704700BF5C280020D0
:1057540084B00190144B5B7801338DF80F30124BF9
:105764009B789DF80F209A4202D100238DF80F30C8
:105774000D4B1B789DF80F209A4201D100230FE0B6
:10578400019B9DF80F201A70074B5B781A4613464D
:105794005B001344DB00044A134404330293029B6A
:1057A400184604B0704700BF5C28002000B589B0DB
:1057B40003900291019200930023079300238DF834
:1057C40016300DF11603184600F0BEF90DF117035B
:1057D4001846FFF7BDFF0690069B002B02D1042359
:1057E400079318E0069B01221A70069B039A5A60DD
:1057F400FFF750FC0246069B9A60069B029ADA6009
:10580400069B019A1A61069B009A5A619DF817300B
:105814001846FFF78FFF9DF81630184600F0AAF9D6
:10582400079B002B01D1FFF711FD079B184609B018
:105834005DF804FB00B587B001900B468DF803308A
:105844000023059300238DF80E300DF10E03184646
:1058540000F07AF90DF10F031846FFF779FF049071
:10586400049B002B02D1042305930BE0049B9DF8B9
:1058740003201A70049B019A5A609DF80F30184651
:10588400FFF758FF9DF80E30184600F073F9059B9A
:10589400002B01D1FFF7DAFC059B184607B05DF831
:1058A40004FB000008B50E4B0022C3F840210C4B4A
:1058B4000022C3F844210A4B0022C3F84821084BB4
:1058C4000022C3F84C21064B0022C3F80021044BEC
:1058D4000022C3F80421FFF7CDFC00BF08BD00BFC0
:1058E4000010014008B5FFF7E5FE00BF08BD000049
:1058F40008B5FFF7A7FB134B00221A70114B0022C7
:105904005A70104B0B229A700F4B00221A600F4BE7
:1059140000221A700E4B00221A701420FFF7D0FADE
:1059240007211420FFF7E4FA1420FFF783FA00207C
:10593400FFF756FBFFF7AEFB0346064A136000234E
:10594400184608BD5C28002068290020782900201A
:10595400792900206C29002086B003900B4601921F
:105964008DF80B30134B9B78002B01D108231EE0DC
:10597400019B002B01D1072319E0039B002B01D1CC
:10598400072314E0039B1B681B7C002B01D0082316
:105994000DE0039B1B680593059B00221A74059B6D
:1059A4009DF80B205A74059B019A5A6100231846EE
:1059B40006B070475C28002000B587B003900291C0
:1059C4000192039B0593144B9B78002B01D1082370
:1059D4001EE0039B002B01D1082319E0029B042B3A
:1059E40001D8072314E0059B5B69002B01D1082330
:1059F4000EE0059B5B7C012B01D1029B00E00023A0
:105A04000493019B049A02990598FFF7CFFE03467D
:105A1400184607B05DF804FB5C28002000B585B08B
:105A24000190019B03930D4B9B78002B01D108231C
:105A340010E0019B002B03D0039B5B69002B01D179
:105A4400082307E0039B00221A7402210398FFF73E
:105A5400F1FE0346184605B05DF804FB5C280020FF
:105A640082B0EFF310830093009B019372B600BFE2
:105A7400019B184602B0704762B600BF00BF704772
:105A840000B585B00190FFF7EBFF0390164B9B68C0
:105A9400002B1BD1144B01229A60144BD3F88020A5
:105AA400134B1340104A1360104B114AC3F8802063
:105AB4000E4BD3F884300C4A53600C4B4FF0FF323A
:105AC400C3F88420019B00221A7002E0019B01228A
:105AD4001A70039B002B01D1FFF7CEFF0023184659
:105AE40005B05DF804FB00BF7C29002000E100E064
:105AF400FC06FFBD00B585B003468DF80730104B9A
:105B04009B68002B16D09DF80730002B12D1FFF7AD
:105B1400A7FF03900B4A0A4B1B681360094A084B02
:105B24005B685360064B00229A60039B002B01D1F3
:105B3400FFF7A2FF0023184605B05DF804FB00BF81
:105B44007C29002000E100E000B583B0019000F062
:105B54002BF80346012B03D00549432006F0DCFD56
:105B64000198FFF78DFF00BF03B05DF804FB00BF91
:105B74004864030000B583B003468DF8073000F095
:105B840013F80346012B03D00649512006F0C4FD47
:105B94009DF807301846FFF7ADFF00BF03B05DF86E
:105BA40004FB00BF4864030084B0EFF30583019352
:105BB400019BC3F308030393039B002B0DD1EFF365
:105BC40014830093009B0293029B03F00103002BB8
:105BD4000CBF01230023DBB200E00123184604B00C
:105BE400704782B00190019B03F00303002B0CBFAC
:105BF40001230023DBB2184602B0704710B487B00B
:105C040001900091019B009A53E8004F44EA02007E
:105C140043E8000191F0000FF6D10594049003913C
:105C2400059B184607B05DF8044B704710B487B065
:105C340001900091019B009A53E8004F04EB02008D
:105C440043E8000191F0000FF6D10594049003910C
:105C5400059B184607B05DF8044B704710B487B035
:105C640001900091019B009A53E8004F04EB02005D
:105C740043E8000191F0000FF6D1059404900391DC
:105C8400049B184607B05DF8044B704710B487B006
:105C940001900091019B009A53E8004FA4EB02008D
:105CA40043E8000191F0000FF6D1059404900391AC
:105CB400049B184607B05DF8044B704700B583B0E9
:105CC400019001210198FFF799FF0346184603B09C
:105CD4005DF804FB00B585B00190002303930EE04A
:105CE4000B4A039B52F82330002B05D0084A039B30
:105CF40052F8233001989847039B01330393039B85
:105D0400032BEDD900BF00BF05B05DF804FB00BF55
:105D14009829002082B001900091019B1B78013BDF
:105D2400052B61D801A252F823F000BF495D02009F
:105D3400515D0200775D0200A95D0200C95D0200A9
:105D4400E55D0200009B00221A704EE0009B0122D8
:105D54001A70019B1A89009B9A81019B9A88009B67
:105D6400DA81019BDA68009B9A60009B00221A7416
:105D74003BE0009B02221A70019B1A89009B9A81C6
:105D8400019B9A88009BDA81019BDA68009B9A60E8
:105D9400019B9B7D062B0CBF01230023DAB2009BE1
:105DA4001A7422E0009B03221A70019BDA88009B7C
:105DB4009A81019B1A89009BDA81019BDA68009B16
:105DC4009A6012E0009B04221A70019BDA88009BFF
:105DD4009A81009B0022DA81009B00229A6004E0F1
:105DE400009B05221A7000E000BF00BF02B070479C
:105DF40084B001900091019B0393039A009B9A4203
:105E040006D2039B1B68B3F1FF3F01D0012300E0DE
:105E1400002303F00103DBB2184604B0704782B0DC
:105E24000190019B5B8803339B00019A134418463D
:105E340002B0704700B583B0019000910198FFF75C
:105E4400EEFF0246009B934201D202230CE0019B29
:105E54009B884FF6FF72934203D0019B1B88002B53
:105E640001D1012300E00023184603B05DF804FBD0
:105E740000B583B00190019B002B13D00D4BDB6860
:105E84001A46019B93420DD30A4B1B691A46019B88
:105E9400934207D80198FFF7A4FE0346002B01D0D4
:105EA400012300E0002303F00103DBB2184603B032
:105EB4005DF804FBF821002082B00190019B002BC7
:105EC40004D0019B1B680B4A934201D003230DE0CD
:105ED400019B04331B68084A934204D0074A934247
:105EE40003D1012302E0002300E00323184602B09B
:105EF400704700BFDEC0ADDEFE011EF1FF011EF1E2
:105F040084B00190002303930CE0039B9B00019A4F
:105F140013441B68B3F1FF3F01D0002307E0039B48
:105F240001330393039BB3F5806FEED3012318462B
:105F340004B0704782B003460A46ADF806301346F3
:105F4400ADF80430BDF80620134913469B001344F2
:105F54009B000B4408331A88BDF804301344ADF891
:105F64000430BDF806200C4913469B0013449B00E3
:105F74000B440A331A88BDF804301344ADF80430D6
:105F8400BDF8043040F2FF32934294BF0123002352
:105F9400DBB2184602B07047482A002084B0019052
:105FA40000910A2303930023ADF80A3027E0BDF8DB
:105FB4000A20174913469B0013449B000B440433E7
:105FC4001B68009A9A4215D9BDF80A201049134655
:105FD4009B0013449B000B4404331B6803F580535C
:105FE400009A9A4206D200230393019BBDF80A202B
:105FF4001A8008E0BDF80A300133ADF80A30BDF864
:106004000A30012BD3D9039B184604B0704700BF54
:10601400482A002000B589B0039002910192039BA5
:1060240003F580530693039B08330393029B0222D8
:106034001A80039B079332E006990798FFF7FAFE4C
:1060440003468DF817309DF81730002B0AD1079BB3
:106054009A68184B1B689A4213D9079B9B68154A88
:1060640013600EE0019B002B02D0019B01221A70E9
:106074009DF81730022B04D1029B4FF480621A80E2
:1060840014E0029B1A88079B5B8813449BB203337A
:106094009AB2029B1A800798FFF7C1FE07900699EF
:1060A4000798FFF7A5FE0346002BC5D109B05DF89C
:1060B40004FB00BFA829002082B001900B46ADF874
:1060C4000230019B1A89BDF8023013449BB203339A
:1060D4009AB2019B1A81019B5A89BDF80230D31AE6
:1060E4009BB2033B9AB2019B5A8100BF02B0704736
:1060F40000B583B0074B1B6819460023009308239F
:10610400054A064802F07FFA0346184603B05DF8D4
:1061140004FB00BF702A0020F0640300F821002073
:1061240000B585B003900399002300930823044A23
:10613400044802F068FA0346184605B05DF804FB0B
:10614400F8640300F821002000B585B003460091EF
:10615400ADF8063000238DF80F30BDF80630033358
:10616400ADF80A30BDF80A3040F2FD32934201D94D
:1061740009234AE00023ADF80C303BE0BDF80C20C5
:10618400244913469B0013449B000B441B78002BAB
:106194002BD1BDF80A20BDF80C3011461846FFF784
:1061A400C9FE0346002B20D001238DF80F30009B3D
:1061B400BDF80C201A80BDF80C20164913469B002C
:1061C40013449B000B440A331988BDF80C20BDF816
:1061D4000A300B4498B20F4913469B0013449B00AA
:1061E4000B440A3302461A8008E0BDF80C30013330
:1061F400ADF80C30BDF80C30012BBFD99DF80F3031
:10620400002B01D0002300E00723184605B05DF8F9
:1062140004FB00BF482A002082B003460A46ADF8BA
:1062240006301346ADF80430BDF804200D4913467A
:106234009B0013449B000B440A331A88BDF80630B4
:10624400D31A9BB2BDF80420033B98B20549134608
:106254009B0013449B000B440A3302461A8000BF80
:1062640002B07047482A002008B501210248FFF710
:10627400F5FC0346184608BDA829002000B585B0E2
:1062840003460091ADF80630BDF8062024491346B4
:106294009B0013449B000B4404331B6803F5805399
:1062A4000293009B1B680393039B002B04D0039869
:1062B400FFF7B5FD039026E0BDF806201849134604
:1062C4009B0013449B000B4404331B680833039363
:1062D40019E002990398FFF7ADFD0346022B10D095
:1062E400022B10DC002B02D0012B05D00BE0009B0D
:1062F400039A1A6001230EE00398FFF790FD0390C0
:1063040001E0002307E002990398FFF771FD0346BB
:10631400002BDED10023184605B05DF804FB00BF56
:10632400482A002000B585B001900091019B5B686C
:106334001846FFF79DFD0346002B19D0019B1A89CF
:10634400244B1B899A4213D1019B1A68019B5B68F9
:106354009B689A420CD1019B5B6819460098FFF731
:106364001DFE0346002B0CBF01230023DBB22CE0EF
:10637400009B00221A8023E00023029310E0029B7A
:106384000393039B9A68019B1B689A4208D1029A63
:10639400019B5A600F4B1A89019B1A81012314E057
:1063A400009B1B8802AA11461846FFF767FF0346A5
:1063B400002BE4D1009B1B8801339AB2009B1A8006
:1063C400009B1B88012BD7D90023184605B05DF824
:1063D40004FB00BF782A002000B587B00390029127
:1063E40001920093304B1B78DBB283F00103DBB2E4
:1063F400002B01D0022353E0019B002B02D0009B11
:10640400002B48D105234BE0009B9B881946274A63
:106414000B469B000B449B0013441B78002B33D189
:1064240024E0009B1B680593039B002B06D0059B6F
:106434009A88039B1B889A4200D017E0029B002B8A
:1064440006D0059B1A88029B1B889A4200D00DE057
:10645400059B9A68019B1A60009B1A68019B5A600D
:10646400134B1A89019B1A81002319E0009B9B8816
:10647400009A11461846FFF701FF0346002BD0D1BE
:10648400009B00221A6000E000BF009B9B88013340
:106494009AB2009B9A80009B9B88012BB4D90A2353
:1064A400184607B05DF804FB88290020482A00201C
:1064B400782A002000B585B00190084B0199184650
:1064C40001F05FFB03901C22002103980FF098FC5D
:1064D400039B184605B05DF804FB00BF382A002072
:1064E40000B583B00190044B0199184601F060FB9C
:1064F40000BF03B05DF804FB382A002000B583B068
:106504000190054B0199184601F066FB03461846B5
:1065140003B05DF804FB00BF382A002000B583B047
:106524000190044B0199184601F06DFB00BF03B0C4
:106534005DF804FB382A002008B50A4B1B68002BC1
:1065440004D1094940F2712006F0E6F8012105481A
:10655400FFF79CFB0346002B14BF01230023DBB28F
:10656400184608BD90290020A464030000B587B034
:10657400002305930023ADF812300323ADF8103047
:1065840000238DF80F300023ADF80C30F3E0BDF894
:106594000C301A03804BDB68134402930298FFF714
:1065A4008BFC03468DF807309DF80730032B08D089
:1065B400032B00F3DA80002B65D0012B00F09880C8
:1065C400D3E00298FFF79CFC0346002B3BD0734BAF
:1065D4001B68002B29D0BDF81220714913469B007B
:1065E40013449B000B4402221A70BDF812206C491C
:1065F40013469B0013449B000B440433029A1A6015
:10660400BDF81220664913469B0013449B000B44BB
:10661400083302221A80634ABDF812305380BDF851
:1066240012300133ADF8123008E05C4A029B13606B
:106634005A4B02229A8001238DF80F30059B43F0B8
:106644000103059392E0BDF81030013BADF8103022
:10665400BDF81220524913469B0013449B000B447F
:106664000433029A1A60BDF812204D4913469B0068
:1066740013449B000B4403221A70BDF812300133FB
:10668400ADF8123072E0BDF81220454913469B0064
:1066940013449B000B4400221A70BDF81220404999
:1066A40013469B0013449B000B440433029A1A6064
:1066B400BDF8122013469B0013449B000833384A4C
:1066C4009918BDF8122013469B0013449B00103305
:1066D400334A13441A460298FFF79CFC059B43F087
:1066E40002030593BDF812300133ADF812303DE0DA
:1066F4009DF80F30002B25D0BDF8122028491346F1
:106704009B0013449B000B4402221A70BDF8122014
:10671400224B1968224813469B0013449B000344F0
:1067240004331960BDF812201D4913469B0013441D
:106734009B000B44083302221A80BDF81230013347
:10674400ADF81230154A029B1360002216490298D4
:10675400FFF760FC114B9B88022B01D1042300E05E
:106764000823059A1343059300E000BFBDF80C30DD
:106774000133ADF80C30BDF80C30022B7FF607AFB7
:10678400BDF81030012B01D800230593059BDBB223
:10679400184607B05DF804FBF8210020702A002099
:1067A400482A0020782A0020742A002000B587B0E7
:1067B40003900291039B02229A750299039B1A1D6E
:1067C400002300930423074801F01DFF0590059B57
:1067D400002B01D1002300E00E23184607B05DF81A
:1067E40004FB00BFF821002000B587B0039002919C
:1067F400039B1B69002B01D0032200E00122039BB1
:106804009A75029B08331946039B03F10C0200237B
:1068140000930423064801F0F6FE0590059B002B27
:1068240001D1002300E00E23184607B05DF804FBF5
:10683400F821002000B587B003900291039B1B78D8
:10684400032B01D1052200E00622039B9A75029BCB
:1068540004331946039B03F1080200230093042325
:10686400064801F0D0FE0590059B002B01D10023C2
:1068740000E00E23184607B05DF804FBF821002061
:1068840000B587B003900B46ADF80A300399002396
:10689400009304230C4A0D4801F0B5FE0590059BB6
:1068A400002B01D00E230BE0BDF80A200849134643
:1068B4009B0013449B000B44103301221A700023E5
:1068C400184607B05DF804FB00650300F8210020BA
:1068D400482A002000B589B0019002AB00221A605A
:1068E4005A609A60019BDB6802930DF1160202ABB9
:1068F40011461846FFF716FD0346002B12D0039BE2
:106904000693069B9A88019BDA80069B1A88019B52
:106914001A81039BBDF8162011461846FFF7B0FFF5
:10692400079001E00A230793079B184609B05DF816
:1069340004FB000000B587B00190019B981D02AADA
:106944000D4B0021FFF748FD0590059B002B08D156
:10695400039B094A928811461846FFF791FF059058
:1069640004E00822002104480FF04AFA059B184667
:1069740007B05DF804FB00BF882A002000B587B08B
:1069840003900291039B01229A75029B0C331846D3
:10699400039B1A69039BDB889B000021009101463D
:1069A400064801F030FE0590059B002B01D1002321
:1069B40000E00E23184607B05DF804FBF821002020
:1069C40082B0184B1B8901339AB2164B1A81154BAE
:1069D40000225A80134B00221A730023ADF80630AC
:1069E40018E0BDF80620104913469B0013449B0091
:1069F4000B441A78BDF80630002A0CBF012200228D
:106A0400D1B2084A13440A469A72BDF806300133DB
:106A1400ADF80630BDF80630012BE2D900BF00BF47
:106A240002B07047782A0020482A002084B00190E0
:106A340000238DF80F300023ADF80C3031E0BDF8A1
:106A44000C301C4A13449B7A002B25D0BDF80C3023
:106A5400184A134400229A72BDF80C2016491346B2
:106A64009B0013449B000B440C331B68002B13D175
:106A7400BDF80C20104913469B0013449B000B44A3
:106A840010331B78002B07D0019BBDF80C201A8013
:106A940001238DF80F3008E0BDF80C300133ADF858
:106AA4000C30BDF80C30012BC9D99DF80F301846B5
:106AB40004B07047782A0020482A002008B5084B03
:106AC40005221A70074B02229A80064B1B6819464E
:106AD40000230122044801F0E8FD0346184608BDDE
:106AE400782A0020702A0020F821002000B583B005
:106AF400164B5B88ADF80230BDF8022014491346EA
:106B04009B0013449B000B440C331B68002B14D1D3
:106B14000E4B04221A70BDF802200D4913469B0047
:106B240013449B000B4404331B68194600230122C1
:106B3400084801F0BAFD019002E0FFF7BFFF0190A1
:106B4400019B184603B05DF804FB00BF782A0020BF
:106B5400482A0020F821002000B587B0104B5B685C
:106B64000593104B1A680F4B9B889B0013440493A6
:106B7400059B5B880333ADF80E30094B03221A7072
:106B84000499074B5A68BDF80E309B000020009012
:106B9400054801F038FD0346184607B05DF804FBCC
:106BA400782A0020702A0020F821002000B583B044
:106BB4000A4B5B880A491846FFF760FB0346002B23
:106BC40003D0FFF7C9FF019002E0FFF78FFF0190A8
:106BD400019B184603B05DF804FB00BF782A00202F
:106BE4007C2A002008B50A4B06221A70084B5B88E1
:106BF4001946084A0B469B000B449B00134404337C
:106C04001B681846FFF78CFA0346184608BD00BFF8
:106C1400782A0020482A002008B5054B07221A705C
:106C2400034B00225A60FFF763FA0346184608BD77
:106C3400782A002008B50D48FFF7F8FE034683F0D4
:106C44000103DBB2002B0BD0094B00221A70084B56
:106C540000225A80064B00225A6041F61D5302E07E
:106C6400FFF7A4FF0346184608BD00BF7A2A002098
:106C7400782A002082B0094B5B680193019B5B88F2
:106C84000333ADF80230064B9A88BDF80230134442
:106C94009AB2034B9A8000BF02B07047782A002052
:106CA400702A002082B0184B1B680193174B5B8835
:106CB4001946174A0B469B000B449B0013440433AC
:106CC4001B68114A1360114B5B881946104A0B4626
:106CD4009B000B449B0013440433019A1A600B4B32
:106CE4005B881946084B9888094A0B469B000B445D
:106CF4009B001344083302461A80034B02229A80F5
:106D040000BF02B0704700BF702A0020782A00201C
:106D1400482A002008B51A4B1B78072B2CD801A24F
:106D240052F823F0496D02007D6D02007D6D020072
:106D3400556D0200616D02006D6D02006D6D020003
:106D4400756D0200FFF73CFE0D4B01221A7014E032
:106D5400FFF790FF0A4B02221A700EE0FFF7A2FF22
:106D6400074B06221A7008E0054B07221A7004E04C
:106D7400034B01221A7000E000BF00BF08BD00BF32
:106D8400782A002000B587B0019000910F23059365
:106D9400019B002B04D0624B00225A600123BBE00C
:106DA400009B1B79032B00F2AB8001A252F823F065
:106DB400C56D0200D36D0200616E0200816E020097
:106DC400009B01221A71FFF793F905909BE00023C1
:106DD4008DF813300023ADF810302BE0BDF81020EF
:106DE400504913469B0013449B000B441B78022B11
:106DF4001BD1BDF810204B4913469B0013449B0044
:106E04000B4400221A7001238DF81330BDF81020B2
:106E1400444913469B0013449B000B4404331B68F2
:106E24001846FFF77DF9059008E0BDF810300133EE
:106E3400ADF81030BDF81030012BCFD99DF81330C8
:106E440083F00103DBB2002B5CD0354B01221A70B6
:106E5400334B00225A6041F61D535DE0009B002233
:106E64001A71314B02229A802F4B1B68194600235A
:106E740001222E4801F019FC059044E0009B0022F9
:106E84001A71294B1B681846FFF74AF90590284BDD
:106E94005B88ADF80E30244B1B680293BDF80E20BE
:106EA400204913469B0013449B000B4404331B6886
:106EB4001D4A1360BDF80E201A4913469B00134463
:106EC4009B000B440433029A1A60BDF80E20164B43
:106ED4009888144913469B0013449B000B440833C1
:106EE40002461A80104B02229A80BDF80E200D49EA
:106EF40013469B0013449B000B4400221A7002E0CB
:106F040000BF00E000BF059B002B04D0044B00220F
:106F14005A600E2300E00023184607B05DF804FB16
:106F240088290020482A0020702A0020F821002007
:106F3400782A002000B587B001900091009B9B8ABD
:106F44001A4613469B0013449B003C4A1344049383
:106F5400019B002B07D0009BDB8819460498FFF7A0
:106F6400ABF8012365E0049B5A68049B1B899B00D2
:106F740013440393009B9B7D062B4DD801A252F82A
:106F840023F000BFCB6F0200EF6F0200D76F020047
:106F9400E36F0200A56F0200FB6F02001570020090
:106FA400274B00225A60009B9B69254A13602549A0
:106FB4002348FFF7B7F9034683F00103DBB2002B44
:106FC40001D00A2335E003990098FFF7EFFB059001
:106FD40025E003990098FFF707FC05901FE003994B
:106FE4000098FFF7CBFC059019E003990098FFF790
:106FF40021FC059013E0009B06229A75104B5B68F8
:10700400104A128811461846FFF73AFC059006E02C
:1070140041F61D53059302E00F23059300BF059B22
:10702400002B05D0009BDB8819460498FFF744F831
:10703400059B184607B05DF804FB00BF482A0020F2
:10704400902A00209C2A002000B585B00190009170
:10705400019B002B01D0012326E0009B1B79022B0E
:1070640019D0022B1BDC002B02D0012B08D016E018
:10707400009B02221A710098FFF72CFC039012E087
:107084000098FFF757FC0390039B0A2B0AD141F6A3
:107094001D53039306E041F61D53039303E00F23AE
:1070A400039300E000BF039B184605B05DF804FBA2
:1070B40000B585B00190019B002B01D001233BE07A
:1070C4001F4B1B7B002B03D01D4B00221A7301E0C6
:1070D400FFF720FE1A4B1B78013B062B28D801A290
:1070E40052F823F0057102000D71020015710200BF
:1070F4001D71020035710200257102002D7102001C
:10710400FFF798FD039016E0FFF750FD039012E09F
:10711400FFF722FD03900EE0FFF7E8FC03900AE07E
:10712400FFF760FD039006E0FFF776FD039002E0B1
:107134000F23039300BF039B184605B05DF804FBBF
:10714400782A002000B589B001903F4B1B68002BC2
:1071540005D13E48FFF7D2F903463B4A13603A4B48
:107164001B68002B04D13A4940F2795005F0D4FA57
:10717400354B1B681B78013B052B2CD801A252F818
:1071840023F000BFA1710200B1710200B1710200CD
:10719400C1710200C1710200D17102002A4B1B6847
:1071A40019460198FFF7EEFD019017E0264B1B6886
:1071B40019460198FFF7BEFE01900FE0224B1B68B1
:1071C40019460198FFF740FF019007E00198FFF787
:1071D4006FFF019002E00F23019300BF019B002B7E
:1071E4002BD003AB1422002118460EF009FE019B9C
:1071F40041F61D52934204D10023049300230193CA
:1072040001E0019B0493104B1B6803AA1146184626
:10721400FEF780FD03AB1846FEF75CFD0A4B002227
:107224001A600A48FFF77AF9FFF786F9034683F0F4
:107234000103DBB2002B02D187E700BF00E000BFEF
:1072440000BF09B05DF804FBA02A0020A42A002096
:10725400A464030008B501210548FEF7E7FC0346D2
:10726400002B02D10020FFF76DFF00BF08BD00BF57
:107274009029002000B583B00190019B5B681846FB
:10728400FFF760FF00BF03B05DF804FB00B58BB0EF
:107294000390029101928DF803300023ADF824305D
:1072A4000023ADF82630514B1B78DBB283F0010389
:1072B400DBB2002B01D0022393E0029B002B01D10F
:1072C40005238EE0029B1B884FF6FF72934203D086
:1072D400029B5B88002B01D1042382E0029B5B6844
:1072E4001846FEF77EFC034683F00103DBB2002B55
:1072F40001D0032375E0019B002B11D1029B9B68F5
:10730400ADF826300DF11A02BDF8263011461846A4
:10731400FEF71AFF0890089B002B09D0089B60E039
:10732400019B1B88ADF81A30019B5B88ADF82630B1
:1073340005AB1846FFF7BEF80790079B002B09D151
:10734400BDF81A20BDF8263011461846FEF764FF32
:10735400082346E0079B9DF803201A70079B002230
:107364009A75BDF81A20079B9A82029B5A68079B5C
:107374001A61FEF779FF0246079BDA60029B1A88BE
:10738400079B1A81029B5A88079B9A80079BBDF82A
:107394002620DA809DF80330032B06D1079B0422B4
:1073A4009A75039B1A68079B9A61079BBDF8242072
:1073B4005A8105AB1846FFF793F8039B002B0DD0B9
:1073C400039B00225A60079BDA68039B1A60039BA5
:1073D40000229A72064B1A89039B1A81FFF73AFF1F
:1073E400002318460BB05DF804FB00BF8829002079
:1073F400782A002000B585B001900C4B1B68042B43
:1074040002D10C2303930BE0084B1B680849019A33
:1074140041F8232001210548FEF720FC00230393B3
:10742400039B184605B05DF804FB00BF94290020B7
:107434009829002084B04FF010235B6903934FF028
:1074440080531B6902934FF080535B690193039B44
:10745400B3F1FF3F04D1019B029A02FB03F300E066
:10746400039B184604B0704700B583B04FF44053F3
:107474000193FFF7DFFF0346054A1361044B1A69C2
:10748400019BD31A024AD36000BF03B05DF804FB2A
:10749400F821002008B5FFF7E7FF0022034904485C
:1074A40001F096F80346184608BD00BF1C660300A9
:1074B400F821002008B504481C238C22034900F05D
:1074C40019FB00BF08BD00BF382A0020AC290020EA
:1074D40000B58BB002AB00221A605A609A60DA6081
:1074E4001A61414B1B78DBB2002B05D002AB184666
:1074F400FEF7F0FB002373E03C48FEF7DFFB034696
:10750400002B01D000236BE0FFF7C4FF0990099B17
:10751400002B01D0099B63E0FFF7CCFFFFF726F8AF
:1075240003468DF823309DF82330062B07D0062B15
:1075340011DC002B01D0022B0DD10B2350E02A4B80
:1075440001221A70284B00225A6002AB1846FEF73B
:10755400C1FB002344E000BF01AB1846FEF7AAFFBD
:107564000790079B002B01D1082339E0079B0122D8
:107574001A709DF82330013B0A2B29D801A252F836
:1075840023F000BFB5750200D5750200B575020081
:10759400D5750200CD750200D5750200CD750200C7
:1075A400D5750200BD750200C5750200BD750200E7
:1075B400079B00221A710CE0079B03221A7108E052
:1075C400079B02221A7104E0079B01221A7100E052
:1075D40000BF01AB1846FEF783FFFFF73BFE002315
:1075E40018460BB05DF804FB882900208C29002084
:1075F40000B585B001900091019B002B02D0009B47
:10760400002B01D1052329E00DF10A031946019845
:10761400FEF788FE0346002B1FD0019B5B68039393
:10762400BDF80A301A4613469B0013449B000833E6
:107634000C4A1344043301211846FEF70FFB009B48
:10764400039A1A60019B5B6803F10C02009B5A6069
:10765400019B01229A72002300E00A23184605B018
:107664005DF804FB482A002000B585B00190019B19
:10767400002B01D1052339E00DF10A0319460198C5
:10768400FEF750FE0346002B2DD0BDF80A301946F4
:10769400184A0B469B000B449B0013440C331B6895
:1076A400002B1DD0019B9B7A002B19D0BDF80A300A
:1076B4001A46104913469B0013449B000B440C3399
:1076C4001B68591E0B4813469B0013449B0003443C
:1076D4000C331960019B00229A720023039304E087
:1076E4000623039301E00A230393039B184605B082
:1076F4005DF804FB482A002000B585B001900B46D4
:10770400ADF80230134B1B78DBB283F00103DBB21C
:10771400002B01D0022319E0019B002B01D105238A
:1077240014E00DF10A02BDF8023011461846FEF7C6
:107734000BFD0390039B002B07D1BDF80A20019B8E
:107744001A80019BBDF802205A80039B184605B09D
:107754005DF804FB8829002000B585B001901F4B1B
:107764001B78DBB283F00103DBB2002B01D00223D0
:107774002FE0019B002B01D105232AE0019B1B88EC
:10778400022B01D9042324E0019B1B881A461346CB
:107794009B0013449B00124A13440293019B5B8891
:1077A4000233029A5289934210DA019B5A88019B50
:1077B4001B8819461046FEF72FFD019B00221A80F4
:1077C400019B00225A800023039301E004230393C6
:1077D400039B184605B05DF804FB00BF8829002010
:1077E400482A002000B583B00190009102230022B2
:1077F40000990198FFF74AFD0346184603B05DF867
:1078040004FB00B585B0039002910192019B002B0B
:1078140001D1052306E00223019A02990398FFF798
:1078240035FD0346184605B05DF804FB00B583B08A
:1078340001900091019B002B01D1052306E0032355
:10784400002200990198FFF721FD0346184603B072
:107854005DF804FB00B585B00346ADF80630184B5F
:107864001B78DBB283F00103DBB2002B01D00223CF
:1078740022E0BDF806304FF6FF72934201D1042393
:107884001AE002AB1846FEF715FE0390039B002B8B
:1078940001D1082310E0039B05221A70039B0122E7
:1078A4001A71039BBDF80620DA8002AB1846FEF776
:1078B40017FEFFF7CFFC0023184605B05DF804FB64
:1078C4008829002000B583B0144B1B78DBB283F009
:1078D4000103DBB2002B01D002231AE06B461846E9
:1078E400FEF7E8FD0190019B002B01D1082310E075
:1078F400019B06221A706B461846FEF7F1FD084BF1
:107904001B78002B02D0064B01221A73FFF7A2FC4E
:107914000023184603B05DF804FB00BF882900204B
:10792400782A002000B585B0029201930346ADF891
:107934000E300B46ADF80C3003A90DF10E00019B7F
:10794400029AFEF749FD0346184605B05DF804FBAC
:1079540000B585B0034602910192ADF80E300DF1E9
:107964000E01019B029A0020FEF736FD03461846DD
:1079740005B05DF804FB00B585B0034602910192A1
:10798400ADF80E300DF10E00019B029A0021FEF7B6
:1079940023FD0346184605B05DF804FB82B0019050
:1079A4000091019B002B02D0009B002B01D10523E9
:1079B40004E0019B1A68009B1A600023184602B079
:1079C400704786B001900091019B53E8011F8AB271
:1079D400D88902449889824228BF121A188982429F
:1079E40002BFBFF32F8F002307E0C2EA010243E87E
:1079F40001200028E9D14FF001038DF80F300590E4
:107A040002910492029A009B1A609DF80F30DBB237
:107A1400184606B0704784B00190019951E8013FBF
:107A2400C3EA034341E80132002AF7D103920293E7
:107A340000BF04B0704786B001900091019B53E8E9
:107A4400021F1FFAA1F2D888824202BFBFF32F8F10
:107A540000230DE0D88902449889824228BF121A73
:107A6400C1EA024243E802200028E8D14FF00103B2
:107A74008DF80F30059002910492029A009B1A60CF
:107A84009DF80F30DBB2184606B0704784B0019001
:107A9400019951E8023FC3EA234341E80232002A34
:107AA400F7D10392029300BF04B0704786B00190EF
:107AB400019B53E8021FDA88B1EB314F4FF000000D
:107AC40017BF89B242EA024241EA024204E059681D
:107AD400B1EB314F08BF012043E802210029E8D16E
:107AE4008DF80F00059104929DF80F30DBB2184613
:107AF40006B0704784B00390029111461A460B46B3
:107B0400ADF806301346ADF80430029B002B01D1CA
:107B14000E231FE0BDF80630BDF80420B3FBF2F1DC
:107B240001FB02F29B1A9BB2002B01D0092311E046
:107B3400039B029A1A60039B00225A60039B002253
:107B44009A60039BBDF806209A81039BBDF804202C
:107B5400DA810023184604B0704700B585B001905F
:107B64000198FFF7A3FF03468DF80F309DF80F30FF
:107B7400002B01D0002300E01123184605B05DF866
:107B840004FB00B583B001900091009B1946019855
:107B9400FFF717FF0346002B05D0019B1B68009AD3
:107BA4001288134400E00023184603B05DF804FB78
:107BB40000B583B001900091009B1A88009B5B88FC
:107BC4009A4204D10198FFF726FF012300E0002325
:107BD400184603B05DF804FB00B583B00190009132
:107BE400009B19460198FFF726FF0346002B05D09A
:107BF400019B1B68009A5288134400E00023184636
:107C040003B05DF804FB00B583B001900091009BC4
:107C14001A88009B5B889A4204D10198FFF736FFCB
:107C2400012300E00023184603B05DF804FB0000C4
:107C340000B583B001900B468DF80330019B002BF7
:107C440003D10849AF2004F067FD019BDA689DF871
:107C540003300199098A01FB03F31344184603B066
:107C64005DF804FB0C65030000B583B0019000913E
:107C7400019B002B03D10849BC2004F04DFD009B5F
:107C8400019AD2689B1A019A128AB3FBF2F3DBB20F
:107C9400184603B05DF804FB0C65030000B585B01D
:107CA4000190019B002B01D10E2348E0019B1B682E
:107CB400002B03D12449C62004F02EFD019B5B68F0
:107CC400002B03D12049C72004F026FD019B9B68AB
:107CD400002B03D11C49C82004F01EFD019BDB6866
:107CE400002B03D11849C92004F016FD019B1B8AFF
:107CF400002B03D11449CA2004F00EFD019B9A689D
:107D0400019B5B68D31A8DF80F30019B1B68019AA5
:107D140052681A6007E0019B1A681368591C1160C5
:107D24009DF80F201A709DF80F305A1E8DF80F2001
:107D3400002BF0D1019B1B6800221A710023184606
:107D440005B05DF804FB00BF0C65030000B585B009
:107D54000190019B002B03D11F49EC2004F0DCFCB3
:107D64000023039300238DF80A300DF10A0318460B
:107D7400FDF7EAFE019B1B681A68019B5B689A4247
:107D84001FD9019B1B681A68013A1A601B681B788B
:107D940019460198FFF74CFF0390019B9A68019BD9
:107DA4001B681B68D31A8DF80B30019B1B681B7969
:107DB4009DF80B209A4204D9019B1B689DF80B2067
:107DC4001A719DF80A301846FDF7D4FE039B184635
:107DD40005B05DF804FB00BF0C65030010B584B06A
:107DE40001900091019B002B04D115494FF4887038
:107DF40004F092FC009B002B04D1114940F21110B5
:107E040004F08AFC009B039300238DF80B300DF1E2
:107E14000B031846FDF798FE019B1B681C68621C47
:107E24001A6003990198FFF71FFF034623709DF81A
:107E34000B301846FDF79EFE00BF04B010BD00BF16
:107E44000C65030000B583B00190019B002B03D1A6
:107E54000C49312004F060FC019B9B68002B0CD082
:107E6400019B5B69019A1069019A1168019A9268F1
:107E74009847019B00229A6000E000BF03B05DF8C0
:107E840004FB00BF606503000EB400B584B001902C
:107E9400019B002B03D11849422004F03DFC019BB7
:107EA4005B69002B03D11449432004F035FC019B8A
:107EB4001B68002B03D11049442004F02DFC019BC6
:107EC4005B68002B03D10C49452004F025FC059B7D
:107ED400002B0AD00023039306AB039303AB1A468B
:107EE4000599019800F0B0F900E000BF04B05DF816
:107EF40004EB03B0704700BF6065030000B583B0B6
:107F040001900B468DF80330019B1A68019B9B6816
:107F1400581C0199886013449DF803201A70019B32
:107F24009A68019B5B689A4202D30198FFF78AFF23
:107F340000BF03B05DF804FB00B587B00390029165
:107F44000192009300230593009B03F00103002B8F
:107F540024D00BE0029B01330293059B013305936C
:107F64009DF8133019460398FFF7C8FF029B1B784E
:107F74008DF813309DF81330002BEBD106E0019BF4
:107F8400013B019320210398FFF7B8FF019A059B59
:107F94009A422ED9019B002BF1D12AE0029B002B9F
:107FA4000BD002980DF0E3FE059006E0019B013B27
:107FB400019320210398FFF7A1FF019A059B9A42A0
:107FC4000FD9019B002BF1D10BE0029B01330293EB
:107FD400059B013305939DF8133019460398FFF769
:107FE4008DFF029B1B788DF813309DF81330002B06
:107FF400EBD100BF07B05DF804FB000000B589B009
:108004000390029101920093029B0793012306932C
:1080140007E0079A019BB2FBF3F30793069B013336
:108024000693079A019B9A42F3D2009A069B9A42BE
:1080340001D9009B06930B9B03F00103002B22D173
:108044000A9B002B1FD00B9B03F00203002B06D0CE
:10805400009B002B03D130238DF8173002E020233E
:108064008DF8173008E00A9B013B0A939DF81730FE
:1080740019460398FFF742FF0A9B002B03D0069A88
:108084000A9B9A42EFD301230793009B012B03D948
:10809400009B013B009309E0029A079BB2FBF3F3B8
:1080A4000493049A019B9A4200D205E0079B019A2B
:1080B40002FB03F30793E8E7029A079BB2FBF3F38F
:1080C4000493049B079A02FB03F3029AD31A0293C4
:1080D400154A049B13441B7819460398FFF70EFFB7
:1080E400079A019BB2FBF3F30793079B002BE3D1A1
:1080F4000B9B03F00103002B11D00A9B002B0ED025
:1081040006E00A9B013B0A9320210398FFF7F6FE41
:108114000A9B002B03D0069A0A9B9A42F1D300BF14
:1081240009B05DF804FB00BF0066030000B589B028
:108134000590049103920293049B002BB8BF5B4209
:1081440006930123079307E0039B069A92FBF3F33C
:108154000693079B01330793039B069A9A42F3DA2B
:10816400029A079B9A4201D9029B07930A9B002B10
:108174000AD0049B002B04DB0B9B03F00403002BAD
:1081840002D00A9B013B0A930B9B03F00203002BD2
:1081940002D0029B002B16D00B9B03F00103002B93
:1081A40011D10A9B002B0ED006E00A9B013B0A93D7
:1081B40020210598FFF7A2FE0A9B002B03D0079A03
:1081C4000A9B9A42F1D3049B002B07DA049B5B427F
:1081D40004932D210598FFF791FE08E00B9B03F013
:1081E4000403002B03D02B210598FFF787FE0B9B7C
:1081F40003F00203002B19D00B9B03F00103002BA7
:1082040014D1029B002B11D10A9B002B0ED006E047
:108214000A9B013B0A9330210598FFF76FFE0A9BE6
:10822400002B03D0079A0A9B9A42F1D304990B9B23
:1082340001930A9B0093029B039A0598FFF7DEFEC5
:1082440000BF09B05DF804FB00B58FB00590049140
:108254000392059B002B04D1AD494FF49F7004F0A9
:108264005BFA059B5B69002B04D1A9494FF4A0700C
:1082740004F052FA059B1B68002B04D1A44940F278
:10828400411004F049FA059B5B68002B04D1A04916
:108294004FF4A17004F040FA049B002B00F093818A
:1082A400049B1B788DF83730049B013304939DF8AD
:1082B4003730002B00F07E819DF83730252B40F0BD
:1082C4006D8100230A9301230C93049B1B788DF882
:1082D40037309DF83730302B0DD0302B1BDC2B2B57
:1082E40011D02D2B17D10A9B43F001030A93049B51
:1082F4000133049312E00A9B43F002030A93049BA4
:10830400013304930AE00A9B43F004030A93049B99
:108314000133049302E000230C9300BF0C9B002B59
:10832400D3D1002309939DF837302A2B0CD1039B1A
:108334001B68191D039A11601B68099A1344099359
:10834400049B013304931AE0049B1B788DF83730A7
:108354009DF837302F2B12D99DF83730392B0ED892
:10836400049B01330493099A13469B0013445B0056
:108374001A469DF837301344303B0993D3E7002362
:108384000B93049B1B788DF837309DF837302E2BD8
:108394001DD1049B01330493049B1B788DF8373063
:1083A4009DF837302F2B12D99DF83730392B0ED842
:1083B400049B013304930B9A13469B0013445B0004
:1083C4001A469DF837301344303B0B93E4E7049B83
:1083D4001B788DF837309DF837306C2B03D09DF81F
:1083E4003730682B07D1049B01330493049B1B781B
:1083F4008DF83730EFE79DF83730252B00F0C48037
:10840400252BC0F2C680782B00F3C380582BC0F212
:10841400C080583B202B00F2BC8001A252F823F00C
:10842400198502009785020097850200978502004E
:1084340097850200978502009785020097850200C0
:10844400978502009785020097850200A98402009F
:10845400CB8402009785020097850200978502006D
:1084640097850200CB84020097850200978502005D
:108474009785020097850200978502009785020080
:108484005985020097850200978502003D85020008
:1084940097850200EF840200978502009785020009
:1084A40019850200039B1B68191D039A11601B6840
:1084B4000C930C9B8DF81F309DF81F3019460598BE
:1084C400FFF71CFD66E0039B1B68191D039A1160EE
:1084D4001B680C930A9B0193099B00930B9B0A2234
:1084E4000C990598FFF722FE54E0039B1B68191DA5
:1084F400039A11601B680C930C990A9B0193099BC6
:1085040000930B9B0A220598FFF778FD42E000BF19
:10851400AC650300039B1B68191D039A11601B685B
:108524000C930C990A9B0193099B00930B9B1022BB
:108534000598FFF763FD2DE0039B1B68191D039A43
:1085440011601B6808930A9B099A08990598FFF71C
:10855400F3FC1FE0039B1B68191D039A11601B6841
:108564000C9330210598FFF7C9FC78210598FFF793
:10857400C5FC0C99002301930823009308231022BF
:108584000598FFF73BFD05E025210598FFF7B6FCAC
:1085940000E000BF049B0133049305E09DF83730ED
:1085A40019460598FFF7AAFC049B1B78002B7FF45F
:1085B40077AE00E000BF059B1B7B002B04D0059821
:1085C400FFF740FC00E000BF0FB05DF804FB00BF04
:1085D40000B585B0039002910192039B002B02D059
:1085E400029B002B01D10E2309E0039B029A1A601F
:1085F400039B1B681B680199039898470346184618
:1086040005B05DF804FB10B586B0059004910392A3
:108614000293059B002B02D0039B002B01D10E2358
:1086240040E0059B1B68002B01D108233AE0029B24
:10863400002B0AD0059B5B685A68029BB3FBF2F1DE
:1086440001FB02F29B1A002B01D009232AE00498B3
:1086540000F0C6F8034683F00103DBB2002B14D10B
:10866400039B184600F0BCF8034683F00103DBB219
:10867400002B0AD1029A0499059800F097F8034652
:1086840083F00103DBB2002B01D010230AE0059B29
:108694001B68DC68089B0093029B039A0499059865
:1086A400A0470346184606B010BD10B584B0039029
:1086B400029101920093039B002B01D10E232EE023
:1086C400039B1B68002B01D1082328E0019B002B8E
:1086D40001D1092323E0039B5B681B685A1E029B9C
:1086E4001340002B10D1039B5B681B68019A02FBAB
:1086F40003F31A460299039800F058F8034683F0EE
:108704000103DBB2002B01D0102308E0039B1B689C
:108714001C69009B019A02990398A04703461846D6
:1087240004B010BD00B585B00190019B002B03D0AF
:10873400019B1B68002B28D10023039319E0039AA3
:1087440013469B0013449B001A46154B1344019394
:10875400019B1B68002B09D0019B1B68DB690198F6
:1087640098470346002B01D0012314E0039B0133F7
:1087740003930C4A0A4BD31A0B4AA2FB03231B098B
:10878400039A9A42DBD3002305E0019B1B68DB6953
:10879400019898470346184605B05DF804FB00BFEE
:1087A400F82100200C220020CDCCCCCC84B0039046
:1087B40002910192039BDB68029A9A4209D3029ABE
:1087C400019B13445A1E039B1B699A4201D801233F
:1087D40000E0002303F00103DBB2184604B0704745
:1087E40082B00190019B03F00303002B0CBF012313
:1087F4000023DBB2184602B0704729DF704700BF80
:10880400184628DF704700BF184610B487B001909F
:108814000091019B009A53E8004F104643E8000181
:1088240091F0000FF7D1059404900391059B18462D
:1088340007B05DF8044B704710B487B00190009105
:10884400019B009A53E8004F44EA020043E8000108
:1088540091F0000FF6D1059404900391059B1846FE
:1088640007B05DF8044B704700B583B00190012157
:108874000198FFF7E1FF0346184603B05DF804FBD7
:1088840000B589B001900091019B1B689B68002B87
:1088940031D003AB00221A605A609A60DA601A6120
:1088A400009B0493019B9B680793019B1B79002BFE
:1088B40002D0012B0AD017E001238DF80C30019B64
:1088C4001B690593019B5B6906930DE002238DF8F8
:1088D4000C30019BDB684FF4805202FB03F30593D9
:1088E400019B5B69069300BF019B1B689B6803AAFD
:1088F4001046984700E000BF09B05DF804FB00B5DE
:1089040087B00190019B5A69019B9B69D31AB3F507
:10891400805F28BF4FF4805305930422059BB3FB6B
:10892400F2F3012B38BF01230593019B1A69019BC4
:108934009B6913440493019BDB681A46019B9B6962
:1089440013440393059A03990498FFF756FF0346CB
:10895400184607B05DF804FB00B583B00190019B95
:10896400DA68019B1B6913441846FFF74AFF034664
:10897400184603B05DF804FB08B5034B03491846D9
:10898400FFF741F900BF08BD342B00205C2B002009
:1089940008B5084B08491846FFF71EF90346074A6D
:1089A4001360064B1B68002B14BF01230023DBB2AA
:1089B400184608BD342B00205C2B0020582B0020C7
:1089C40000B583B0294B1B7A002B0BD1FFF7E0FFD6
:1089D400034683F00103DBB2002B03D0234B0022B8
:1089E4005A6040E0214B02221A72214B1B681B790A
:1089F400002B02D0012B07D00DE01D4B1B6818463D
:108A0400FFF77DFF019009E0194B1B681846FFF73B
:108A1400A3FF019002E00323019300BF019B002BFD
:108A240003D0019B112B0CD00FE0104B1B7C83F067
:108A34000103DBB2002B15D00021022000F064F901
:108A440010E00A4B01221A720DE0094B1B68032146
:108A54001846FFF715FF054B00221A72034B00223C
:108A64005A6000E000BF03B05DF804FB442B002013
:108A7400582B002000B583B001210A48FFF7C5FE3A
:108A840003460193019B002B08D1074B5B7C83F0C9
:108A94000103DBB2002B01D0FFF792FF00BF03B04C
:108AA4005DF804FB482B0020442B002084B0019087
:108AB4001B4B0022DA60019B1B79002B02D0012B97
:108AC40019D028E0019B5A69019B9B69D31AB3F51D
:108AD400805F28BF4FF480530393019B9A69039BE3
:108AE4001A44019B9A61019B9A69019B5B699A42B2
:108AF4000ED1012310E0019B1B695A1C019B1A61D2
:108B0400019B1A69019B5B699A4203D1012303E02B
:108B140000BF00E000BF0023184604B0704700BF48
:108B2400442B002082B00190084BDB680133074AD4
:108B3400D360064BDB68082B04D9044B0022DA60AF
:108B4400012300E00023184602B07047442B0020A4
:108B540000B583B0019000910C48FFF785FE0346F1
:108B6400002B0ED1019B0A4A5A600CF00BFE0346FF
:108B74001A46064B1A7407481C238C220649FEF732
:108B8400B9FF0023184603B05DF804FB442B002012
:108B940010660300342B0020A82A002000B583B0FF
:108BA400019000911422002105480DF029F9054B8C
:108BB4001846FEF7D2FF0023184603B05DF804FB05
:108BC400442B0020342B002000B587B00390029181
:108BD40001920093174A04AB19461046FEF7D1FFE1
:108BE4000590059B002B01D104231FE01C220021CA
:108BF40005980DF005F9059B00221A71059B039A4F
:108C04001A60059B089A9A60059B029A1A61059B53
:108C1400019ADA60059B009A5A61064A04AB194628
:108C24001046FEF7C5FFFFF725FF0023184607B0DF
:108C34005DF804FB342B002000B585B0039002914D
:108C440001920093029B009A194601980DF0A6F830
:108C54000023184605B05DF804FB000000B587B09A
:108C64000390029101920093184A04AB19461046EE
:108C7400FEF787FF0590059B002B01D1042320E01C
:108C84001C22002105980DF0BBF8059B01221A71E6
:108C9400059B039A1A60059B009A9A604FF48052D0
:108CA400029BB3FBF2F2059BDA60059B019A5A61C1
:108CB400064A04AB19461046FEF77AFFFFF7DAFEC0
:108CC4000023184607B05DF804FB00BF342B0020D6
:108CD40082B001900091009B184602B0704782B0A8
:108CE400019000910023184602B0704782B00190B1
:108CF400044B1B7A002B14BF01230023DBB218465C
:108D040002B07047442B002000B585B0019000915B
:108D1400254B1B7A012B33D0022B41D100238DF834
:108D24000F30019B022B03D0019B032B09D011E0D0
:108D34001E4B1B681846FFF7B9FE03468DF80F302B
:108D440008E01A4B1B681846FFF7ECFE03468DF843
:108D54000F3000BF9DF80F30002B13D0124B0022B0
:108D64001A72124B1A68019B022B01D1002300E0F6
:108D74000D2319461046FFF783FDFFF7FDFD01E0C3
:108D840000BF00E000BF084B5B7C83F00103DBB253
:108D9400002B02D0FFF714FE03E00CF0D7FC00E038
:108DA40000BF05B05DF804FB442B0020582B0020C5
:108DB40082B0034600918DF80730064B01225A74A5
:108DC400044B1B7A002B0CBF01230023DBB2184693
:108DD40002B07047442B002000B583B003460091D5
:108DE4008DF807309DF80730012B03D09DF807302C
:108DF400032B0DD1084B00225A749DF80730012B28
:108E04000CBF01230023DAB2034B1A74FFF7D8FD19
:108E140000BF03B05DF804FB442B002010B487B0FE
:108E240001900091019B009A53E8004F04EB02006B
:108E340043E8000191F0000FF6D1059404900391EA
:108E4400049B184607B05DF8044B704710B487B014
:108E540001900091019B009A53E8004FA4EB02009B
:108E640043E8000191F0000FF6D1059404900391BA
:108E7400049B184607B05DF8044B704700B583B0F7
:108E840001900198FEF70AFF0346184603B05DF807
:108E940004FB00B58BB001900091019B1B8A043B3D
:108EA4000793009A079B1344DA1C079BB2FBF3F366
:108EB4008DF81B300198FEF749FF0590059B002BA8
:108EC40001D1002338E0059B00221A71059B012281
:108ED4005A71079B9AB2059BDA80059B09939DF80A
:108EE4001B30013B0493099B019A1A6000230893E9
:108EF4001DE00198FEF72AFF0390039B002B0ED080
:108F0400059B5B790133DAB2059B5A71099B039A7D
:108F14001A60039B019A1A60039B099304E0059865
:108F240000F00EF8002307E0089B01330893089A29
:108F3400049B9A42DDD3059B18460BB05DF804FBF5
:108F440000B58BB00190019B0793079B5B798DF86B
:108F54001B30019B08939DF81B30013B05930023B4
:108F6400099305E0089B1B680893099B0133099347
:108F7400099A059B9A42F5D3089B1B680493019BAD
:108F84000893002309930BE0089B1B68039308993B
:108F94000498FEF723FF039B0893099B013309936D
:108FA4009DF81B30099A9A42EED300BF00BF0BB064
:108FB4005DF804FB00B585B00190019B0393039B0E
:108FC400043301211846FFF729FF00BF05B05DF8FF
:108FD40004FB00B587B00190019B0593059B043306
:108FE40001211846FFF732FF0346039303AB0493B2
:108FF400049B1B78002B02D10198FFF7A1FF00BF4F
:1090040007B05DF804FB000000B58DB00390029139
:1090140001920093039B0693069BDB880593039BB5
:109024000B93009B1A1D059BB2FBF3F30A93009B61
:109034000433059AB3FBF2F2059901FB02F29B1A81
:109044000993009A019B1A44059B1344DA1C059B5F
:10905400B2FBF3F38DF81330069B5B799DF8132074
:109064009A420AD92849BA2003F056FB05E00B9B23
:109074001B680B930A9B013B0A930A9B002BF6D1B6
:1090840000230893059A099BD31A0793079A019B17
:10909400934228BF134607932DE09DF83830002BE8
:1090A4000BD0029A089BD0180B9A099B13440433E3
:1090B400079A19460CF072FE0AE00B9A099B1344B6
:1090C400181D029A089B1344079A19460CF066FE71
:1090D400002309930B9B1B680B93019A079BD31ADC
:1090E4000193089A079B13440893059A019B9342A2
:1090F40028BF13460793019B002BCED100BF00BFAE
:109104000DB05DF804FB00BF3C66030000B587B0FA
:10911400059004910392029300230093029B039A07
:1091240004990598FFF770FF00BF07B05DF804FBD2
:1091340000B587B005900491039202930123009334
:10914400029B039A04990598FFF75EFF00BF07B0DE
:109154005DF804FB82B003468DF807309DF80730B4
:1091640003F01F0206499DF907305B09012000FA4C
:1091740002F2603341F8232000BF02B0704700BF01
:1091840000E100E0BFF34F8F00BF074BDB6803F43F
:10919400E0620549054B1343CB60BFF34F8F00BF1B
:1091A40000BF00BFFCE700BF00ED00E00400FA05CB
:1091B40000B583B00190019B002B03D10449C42066
:1091C40003F0AAFA019B5B68184603B05DF804FB40
:1091D400A066030010B487B001900091019B009A2F
:1091E40053E8004F104643E8000191F0000FF7D117
:1091F400059404900391059B184607B05DF8044B51
:109204007047000000B583B00190019B002B03D18F
:109214000649722003F080FA019B00221A60BFF312
:109224005F8F00BF00BF03B05DF804FBF46603006A
:1092340000B585B00190019B002B03D10A4985201C
:1092440003F06AFA01210198FFF7C4FF0390BFF30A
:109254005F8F00BF039B002B0CBF01230023DBB2F5
:10926400184605B05DF804FBF466030000B583B04E
:109274000190019B002B03D10A49922003F04CFA80
:10928400019B1B68012B03D00649932003F044FA89
:10929400BFF35F8F00BF019B00221A6000BF03B0C1
:1092A4005DF804FBF46603004FF080430122C3F829
:1092B4000025BFF34F8F00BF20BF00BFFCE732DFA4
:1092C400704700BF18463EDF704700BF18460000D5
:1092D40000B585B000238DF803300DF10303184663
:1092E400FCF732FCF1EE103A0193019B0393039BCC
:1092F40023F09F030293029BE1EE103A00BFBFF3F9
:109304005F8F00BF2620FFF725FF9DF80330184626
:10931400FCF730FC039B03F00703002B03D0044944
:10932400762003F0F9F900BF05B05DF804FB00BF37
:109334003867030008B5044B1B78002B02D00420C7
:1093440000F0B6F800BF08BD682B002000B583B05C
:109354000190FFF7EFFF00BF03B05DF804FB0000CE
:1093640000B583B00B4A01210B48FCF7F5FA0190D4
:10937400019B002B01D0019B07E0084B00224FF416
:1093840000411846FCF718FB0346184603B05DF885
:1093940004FB00BF519302009C670300742B002060
:1093A40008B5074B00221A700648FFF72BFF064941
:1093B400064800F0B9F8FFF7D3FF0346184608BD86
:1093C400682B0020642B0020906703006C2B002086
:1093D40000B583B0FFF77CFF0CF0D4F90346002BF3
:1093E4000ED0FFF770FF0190019B002B0ED0019B64
:1093F400022B0BD0074940F2591003F08DF905E018
:1094040020BF00BF40BF00BF20BF00BF00BF03B0EC
:109414005DF804FB3867030000B583B00FE0214812
:10942400FFF7C6FE0090009B1B681F4A1278104687
:1094340098470346002B30D01A4800F09FF819488B
:10944400FFF7B6FE0346002BE9D1FAF7D7FEFAF789
:10945400A9FC0346002BFAD1134B1B78032B03D032
:10946400114B1B78022B02D1FFF78CFE16E00CF097
:1094740089F90346002B0DD0FFF721FF0190019BD2
:10948400002B07D0019B022B04D0084940F29B100B
:1094940003F042F9FFF708FF00E000BF03B05DF8F6
:1094A40004FB00BF6C2B0020602B002038670300F6
:1094B40000B583B003468DF807301748FFF7B8FEB0
:1094C400034683F00103DBB2002B21D19DF8073062
:1094D400042B0ED0114B1B78002B03D00E48FFF742
:1094E400C5FE16E00E4A9DF8073013700B4B01229F
:1094F4001A700A4B1B78002B04D10A494FF4E2700E
:1095040003F00AF9FFF788FF0348FFF7AFFE00E016
:1095140000BF03B05DF804FB642B0020682B00201F
:10952400602B00203867030000B583B001900091E0
:10953400019B002B03D11049502003F0EDF8009B50
:10954400002B03D10C49512003F0E6F8019B009A4B
:109554001A60019B1B681A68019B5A60019B5A6838
:10956400019B1B685B689A4202D1019B00225A60EE
:1095740000BF03B05DF804FBA067030000B583B02F
:109584000190019B002B03D11449632003F0C4F81C
:10959400019B1B68002B03D11049642003F0BCF825
:1095A400019B5B68002B14D0019B5B681A46019BEE
:1095B4001B689B6813441A46019B5A60019B5A68B6
:1095C400019B1B685B689A4204D1019B00225A608C
:1095D40000E000BF03B05DF804FB00BFA067030018
:1095E40000B585B00190019800F00EF80390039B3C
:1095F400002B01D0039B00E0024B184605B05DF838
:1096040004FB00BF1068030086B00190164B05935D
:10961400164B04931FE0049A059BD31ADB10DA0F50
:1096240013445B10DB00059A13440393039B1B68EC
:109634000293029A019B9A4202D9039B04930AE083
:10964400029A019B9A4203D2039B0833059302E0DA
:10965400039B5B6804E0059A049B9A42DBD30023D6
:10966400184606B0704700BF2C6B03001C6C030047
:1096740082B001900B46ADF80230019B1A68BDF828
:109684000230012101FA03F31A43019B1A6000BF5F
:1096940002B0704782B001900B46ADF80230019BD6
:1096A4001A68BDF80230012101FA03F3DB431A40C2
:1096B400019B1A6000BF02B0704782B001900B4654
:1096C400ADF80230BDF80230012202FA03F31A4663
:1096D400019B1340002B14BF01230023DBB2184667
:1096E40002B0704700B585B001900023ADF80E308C
:1096F40010E0BDF80E3019460198FFF7DEFF03466F
:10970400002B02D0BDF80E300AE0BDF80E30013354
:10971400ADF80E30BDF80E301F2BEAD94FF6FF73AB
:10972400184605B05DF804FB00B587B005900491B8
:1097340011461A460B46ADF80E3013468DF80D301F
:10974400BDF80E209DF80D300093134601220499B4
:10975400059800F004F800BF07B05DF804FB00B5FD
:1097640087B0039002910192ADF80230039B002B65
:109774003BD0029B002B38D0019B002B35D000231B
:1097840005932FE0059B5B00039A13441B88BDF8E7
:1097940002209A4223D1002304931BE09DF8203039
:1097A400002B0AD0049B9B00029A1344059A92B2A0
:1097B40011461846FFF75CFF09E0049B9B00029AE0
:1097C4001344059A92B211461846FFF763FF049BAF
:1097D40001330493049A019B9A42DFD305E0059B6D
:1097E40001330593059B1F2BCCD907B05DF804FB0F
:1097F40000B587B0039002911346ADF80630039B81
:10980400002B19D00023059313E0059B5B00039AFA
:1098140013441B88BDF806209A4207D1059B9BB2CE
:1098240019460298FFF749FF034606E0059B0133FA
:109834000593059B1F2BE8D90023184607B05DF854
:1098440004FB00B597B003900291019200230493A6
:10985400029B002B1ED00023159318E0159B9BB28E
:1098640019460198FFF729FF0346002B0CD0159BDE
:109874005B00029A1A44049B591C049112885B00F1
:1098840058336B4423F8442C159B01331593159BD3
:109894001F2BE3D9039B184604AB442219460CF052
:1098A4007DFA039817B05DF804FB000082B003460C
:1098B4008DF807309DF8073003F01F0206499DF923
:1098C40007305B09012000FA02F2203341F823201B
:1098D40000BF02B0704700BF00E100E082B0019019
:1098E4004FF08042019BC2F8083300BF02B07047BA
:1098F40082B003468DF807309DF8073003F18043AA
:1099040001221A6000BF02B0704784B00346ADF86C
:109914000630BDF8063003F1804300221A60BDF81A
:10992400063003F180431B680393039B00BF04B01C
:10993400704782B00346ADF80630BDF8063003F137
:1099440080431B68002B14BF01230023DBB218469D
:1099540002B0704782B003468DF807309DF8073097
:109964004FF0804203F00303C2F8183500BF02B081
:1099740070474FF08043D3F818341B0C03F00103F5
:10998400002B14BF01230023DBB2184670470000EC
:1099940082B003468DF807300A4A9DF907305B0907
:1099A40052F823209DF8073003F01F0322FA03F333
:1099B40003F00103002B14BF01230023DBB218467C
:1099C40002B0704700E100E008B50020FFF7E0FFB7
:1099D400034683F00103DBB2002B03D007210020F0
:1099E40000F09AF900BF08BD08B50BF0CBFE0346A2
:1099F40083F00103DBB2002B03D10949842002F078
:109A04008BFE0C20FFF774FF00BFFFF7B2FF034685
:109A1400002BFAD1034B00229A7000BF08BD00BF8F
:109A2400246C0300942B002000B583B00023019321
:109A3400134B1B78002B02D0852301931BE0104BA2
:109A440000229A600E4B00225A600D4B00221A61CC
:109A54000B4B0022DA60FFF7B7FF0BF093FE0346CF
:109A640083F00103DBB2002B02D00120FFF772FF69
:109A7400034B01221A70019B184603B05DF804FBE6
:109A8400942B002084B00190019B1B680393039BDB
:109A9400002B03D0039B1A68019B1A60039B184692
:109AA40004B0704700B583B0164B1B78002B04D16B
:109AB40015494FF48E7002F02FFE124BDB68002B19
:109AC40004D1114940F21D1002F026FE00238DF846
:109AD40007300DF107031846FCF736F8094BDB682D
:109AE400013B084AD360074BDB68002B01D1FFF729
:109AF4007BFF9DF807301846FCF73CF800BF03B025
:109B04005DF804FB942B0020246C030000B585B0A1
:109B140003468DF807309DF80730002B02D10C4B1B
:109B2400039301E00B4B03930398FFF7ABFF029001
:109B3400029B002B06D0029B5B689DF80720104611
:109B44009847F1E700BF00BF05B05DF804FB00BF14
:109B54009C2B0020A42B002008B54FF48070FFF745
:109B6400E8FE0346002B0CD04FF48070FFF7CDFEC7
:109B74000120FFF7B3FE0E4B01225A700020FFF7BD
:109B8400C5FF4FF48270FFF7D4FE0346002B0CD0C0
:109B94004FF48270FFF7B9FE0220FFF79FFE044BDB
:109BA40001229A700120FFF7B1FF00BF08BD00BF7A
:109BB400942B002000B583B001900091019B002BF1
:109BC40002D10020FFF7A2FF00BF03B05DF804FB41
:109BD40000B585B0034600918DF807309DF8073035
:109BE400032B29D0032B37DC002B02D0012B04D00C
:109BF40032E00020FFF75AFE2FE000238DF80F30EB
:109C04000DF10F031846FBF79FFF164B1B7883F0EB
:109C14000103DBB2002B01D0FFF706FF114BDB6819
:109C24000133104AD3600F4B01229A709DF80F3014
:109C34001846FBF79FFF10E00A4B1B78002B04D15A
:109C4400094940F25B2002F067FD0721002000F083
:109C540063F8FFF727FF00E000BF00BF05B05DF821
:109C640004FB00BF942B0020246C030082B0034645
:109C74008DF807309DF8073003F01F0205499DF960
:109C840007305B09012000FA02F241F8232000BFEB
:109C940002B0704700E100E082B003468DF807305F
:109CA4009DF8073003F01F0206499DF907305B0950
:109CB400012000FA02F2603341F8232000BF02B011
:109CC400704700BF00E100E082B0034600918DF8C8
:109CD40007309DF90730002B0CDA009BDAB20C49EF
:109CE4009DF8073003F00F03043B5201D2B20B443A
:109CF4001A7609E0009BDAB206499DF90730520151
:109D0400D2B20B4483F8002300BF02B0704700BFF7
:109D140000ED00E000E100E000B583B003460A4630
:109D24008DF8073013468DF806309DF80630012B68
:109D340003D99DF80630032B0CD99DF80630042B6B
:109D440003D99DF80630072B04D90D494FF49270BE
:109D540002F0E2FC9DF806209DF9073011461846F2
:109D6400FFF7B2FF9DF907301846FFF795FF9DF9FD
:109D740007301846FFF77AFF00BF03B05DF804FB15
:109D84007C6C030000B583B00346ADF80630BDF823
:109D94000630184600F026F803461B68012B0CBF5A
:109DA40001230023DBB2184603B05DF804FB00B5C1
:109DB40085B00346ADF80630BDF80630184600F00D
:109DC40011F803461A4600231360BDF806301846FE
:109DD40000F008F803461B680393039B00BF05B01B
:109DE4005DF804FB82B00346ADF80630BDF80630DA
:109DF40003F1804303F5C043184602B070470000E6
:109E040082B00190034A019BC2F8043300BF02B040
:109E1400704700BF0060004082B00190034BD3F84C
:109E24000423019B1340184602B0704700600040B1
:109E340082B00190084A019B03F5A27352F82330C3
:109E4400054943F00102019B03F5A27341F8232065
:109E540000BF02B0704700BF0060004084B00390B0
:109E6400029113468DF80730144A039B03F5A2733D
:109E740052F82330114923F4473323F44073039AEF
:109E840002F5A27241F822300C4A039B03F5A27337
:109E940052F82320029B1B0203F4F8519DF807306B
:109EA4001B0403F440330B4304491A43039B03F597
:109EB400A27341F8232000BF04B070470060004043
:109EC40082B00190054A019B03F5A27352F8233036
:109ED4001B0A03F01F03184602B0704700600040DD
:109EE40082B00190064A019B03F5A27352F8233015
:109EF4001B0C03F00303DBB2184602B0704700BF2B
:109F04000060004000B583B00190019B1B681F2BCB
:109F140004D905494FF4E87002F0FEFB4FF0A0436A
:109F2400184603B05DF804FBD86C030000B585B097
:109F34000190084611461A4603468DF803300B4635
:109F44008DF8023013468DF8013001AB1846FFF747
:109F5400D9FF03909DF803209DF802305B001A435B
:109F64009DF801309B001A439DF818301B0242EA09
:109F740003019DF81C301B04019A1943039B02F54D
:109F8400E07243F8221000BF05B05DF804FB00B591
:109F940085B003900B468DF80B309DF80B300022F2
:109FA400019200220092002200210398FFF7BEFFD5
:109FB40000BF05B05DF804FB00B585B0019001ABAE
:109FC4001846FFF79FFF0390019A039B02F5E07286
:109FD40053F8223023F002030293019A039B02F503
:109FE400E072029943F8221000BF05B05DF804FB4B
:109FF40000B585B001900B468DF8033001AB1846CF
:10A00400FFF780FF0390019A039B02F5E07253F877
:10A014002230019A23F44031039B02F5E07243F8A5
:10A024002210019A039B02F5E07253F822109DF866
:10A0340003301B04019A1943039B02F5E07243F8B1
:10A04400221000BF05B05DF804FB00B585B0019097
:10A0540001AB1846FFF756FF0390039800F020F871
:10A064000246019B22FA03F303F00103184605B0EC
:10A074005DF804FB00B585B0019001AB1846FFF70D
:10A0840041FF0390019A039B02F5E07253F82230DA
:10A094001B0C03F00303DBB2184605B05DF804FBA8
:10A0A40082B00190019BD3F81035184602B0704776
:10A0B40000B587B00390029101924FF0A04304933E
:10A0C400039A029B1344012B04D912494FF43A70AA
:10A0D40002F022FB039B059311E0059B9B001833C0
:10A0E4006B4453F8083C1846FFF7DAFF0246019B1D
:10A0F4001A60019B04330193059B01330593039A72
:10A10400029B1344059A9A42E7D300BF00BF07B0ED
:10A114005DF804FBD86C030084B001900091009BAF
:10A124000393019BDB080293019B03F00703019354
:10A134000122019B02FA03F30399029A0A4412785A
:10A144001340184604B0704784B001900091009BFE
:10A154000393019BDB080293019B03F00703019324
:10A16400039A029B13441B785AB20121019B01FA02
:10A1740003F35BB2134359B2039A029B1344CAB26A
:10A184001A7000BF04B0704782B001900C4A019B62
:10A194001344303393F90030002B09DB084A019B48
:10A1A4001344303393F90030072B01DC012300E022
:10A1B400002303F00103DBB2184602B0704700BF6E
:10A1C400A82B002082B00190064A019B134430332F
:10A1D40093F90030072BCCBF01230023DBB21846D0
:10A1E40002B07047A82B002082B00190064A019B60
:10A1F4001344303393F90030DB43DBB2DB09DBB2C9
:10A20400184602B0704700BFA82B002084B003900A
:10A21400029101928DF80330029B59B20E4A039BBE
:10A22400134430330A461A700B49029B019A41F8D1
:10A2340023209DF8033083F00103DBB2002B08D008
:10A24400029B083B039A51B2034A13440A4683F81B
:10A25400502000BF04B07047A82B002082B00190AA
:10A26400044A019B13443033FF221A7000BF02B02A
:10A27400704700BFA82B002082B00190044A019BC4
:10A284001344303393F90030184602B0704700BFCE
:10A29400A82B002082B00190034A019B52F823307E
:10A2A400184602B0704700BFA82B002000B589B043
:10A2B4000390029113468DF80730FF238DF81F3069
:10A2C4009DF80730002B01D0002300E008230593FC
:10A2D4009DF80730002B01D0082300E00C230493E1
:10A2E400059B069314E00F4A069B52F82330B3F102
:10A2F400FF3F0AD19DF80730029A06990398FFF7A9
:10A3040085FF069B8DF81F3006E0069B01330693FC
:10A31400069A049B9A42E6D39DF91F30184609B069
:10A324005DF804FBA82B002082B003468DF80730AB
:10A334009DF80730094A4FF0FF3142F823109DF889
:10A344000730072B07D99DF80730083B034A13440D
:10A35400FF2283F8502000BF02B07047A82B0020D2
:10A3640000B583B0214B93F85430002B03D008235D
:10A374000093009B36E000238DF8073009E09DF838
:10A3840007301846FFF76AFF9DF8073001338DF850
:10A3940007309DF807301F2BF1D900238DF80730C3
:10A3A40009E09DF807301846FFF7BEFF9DF8073017
:10A3B40001338DF807309DF807300B2BF1D90721B5
:10A3C4000620FFF7A9FC4FF4BE70FFF7F0FC4FF036
:10A3D4000040FFF715FD054B012283F854200023AC
:10A3E4000093009B184603B05DF804FBA82B0020E3
:10A3F400044B93F85430002B14BF01230023DBB229
:10A4040018467047A82B002000B587B0039002912E
:10A414000192039B1F2B04D92B4940F2F71002F041
:10A424007BF9002305930398FFF7DEFE0346002B18
:10A4340002D00823059342E0029BDB781A46019977
:10A444000398FFF733FF03468DF813309DF913305B
:10A45400B3F1FF3F31D0029B9B78002B03D00398CC
:10A46400FFF7AAFD05E0029B5B7819460398FFF706
:10A474008EFD029BDB78002B08D09DF91300029B14
:10A484001B781A460399FFF7E9FC18E09DF913308D
:10A49400083B0E4A134493F95010029B1B785BB29D
:10A4A4009B015AB29DF91330083B0A4351B2074A43
:10A4B40013440A4683F8502001E004230593059BC6
:10A4C400184607B05DF804FB186D0300A82B0020A4
:10A4D40000B589B001900B468DF80330019B1F2B0A
:10A4E40004D93D4940F2252002F016F90198FFF7FE
:10A4F4007BFE0346002B04D1374940F2262002F0AC
:10A504000BF90198FFF75EFE0346002B2FD001984C
:10A51400FFF7B2FE0346083B304A134493F9503028
:10A524008DF80F309DF80F309B098DF80E309DF893
:10A534000E30032B0BD10198FFF787FD0346002B48
:10A5440001D0032300E002238DF81F3008E09DF8BA
:10A554000E30012B01D1022300E003238DF81F30BC
:10A564009DF81F3019460198FFF742FD30E001982D
:10A57400FFF70AFE0346002B2AD00198FFF77CFE62
:10A5840003460693069B9BB240339BB29B00ADF8F7
:10A594001630069B1846FFF74BFCBDF816301846DC
:10A5A400FFF705FC9DF80330002B11D00198FFF74D
:10A5B40063FE03461846FFF76DFE0490049B002BD0
:10A5C40006D00122069B02FA03F31846FFF718FC93
:10A5D40000BF09B05DF804FB186D0300A82B002030
:10A5E40000B583B00190019B1F2B04D9084940F2A8
:10A5F400722002F091F80198FFF727FD0346002B23
:10A6040014BF01230023DBB2184603B05DF804FB3A
:10A61400186D030000B597B0002310930023049332
:10A624004FF48073ADF84A30012311930023139340
:10A6340021E0BDF84A301846FFF7A4FB0346002B7F
:10A644000ED01198FFF7E8FB0346002B08D0BDF8A5
:10A654004A301846FFF7ABFB109A119B1343109333
:10A66400119B5B001193BDF84A300433ADF84A30B6
:10A67400139B01331393139B072BDAD94FF4BE704A
:10A68400FFF780FB0346002B0DD04FF4BE70FFF79D
:10A694008EFB109B43F00043109304AB1A46012138
:10A6A4000020FFF705FD109BDBB2002B29D001230E
:10A6B40011930023139321E0119A109B1340002B54
:10A6C40016D01398FFF7FCFB0E901398FFF708FCC5
:10A6D40003468DF837301398FFF7DCFD0C900C9B84
:10A6E400002B05D09DF837200C9B11460E989847F7
:10A6F400119B5B001193139B01331393139B072B43
:10A70400DAD9109B002B80F2EE8000238DF85330B1
:10A7140000230393002315930AE0159B9B005833F1
:10A724006B444FF0FF3243F8502C159B01331593C3
:10A73400159B002BF1D000238DF853300023139385
:10A7440078E06B4A139B1344503393F900308DF82F
:10A754002F309DF82F3023F0C0030A93644A139BD3
:10A764001344503393F90030B3F1FF3F5FD002AB91
:10A7740019460A98FFF7D0FC0346002B57D09DF8E2
:10A784002F309B098DF827300A98FFF775FD034693
:10A794001846FFF77FFD0890089B002B03D19DF816
:10A7A4002730032B43D19DF82730032B04D103AB6F
:10A7B40019460A98FFF7C8FC0A98FFF75BFC0346A2
:10A7C4008DF81F3004AB19460A98FFF7A5FC0690D4
:10A7D400069B002B03D09DF81F30022B06D0069B4E
:10A7E400002B24D19DF81F30032B20D19DF8273056
:10A7F400032B13D19DF81F30022B01D1032300E05A
:10A8040002238DF817309DF8173019460A98FFF780
:10A81400EFFB9DF8533001338DF85330089B002B28
:10A8240005D09DF82720089B11460A989847139B4A
:10A8340001331393139B032B83D99DF85330002BBF
:10A844004CD001238DF83F3001AB1A460121002082
:10A85400FFF72EFC0023159314E0159B9B0058333F
:10A864006B4453F8542C159B9B0058336B4453F89A
:10A87400483C9A4203D000238DF83F3005E0159BF5
:10A8840001331593159B002BE7D09DF83F30002B27
:10A8940003D000238DF8533020E0002315931AE0F1
:10A8A400159B9B0058336B4453F8542C159B9B0009
:10A8B40058336B4443F8482C159B9B0058336B4426
:10A8C40053F84C2C159B9B0058336B4443F8502C85
:10A8D400159B01331593159B002BE1D09DF8533044
:10A8E400002B7FF428AF00BF17B05DF804FB00BF56
:10A8F400A82B002082B003468DF807309DF807305E
:10A9040003F01F0206499DF907305B09012000FA94
:10A9140002F2203341F8232000BF02B0704700BF89
:10A9240000E100E084B001900B46ADF80230BDF8C0
:10A934000230019A134400221A60BDF80230019AD1
:10A9440013441B680393039B00BF04B0704782B099
:10A9540001900B46ADF80230BDF80230019A134461
:10A964001B68002B14BF01230023DBB2184602B07E
:10A97400704782B001900091019B009AC3F80423B0
:10A9840000BF02B0704782B001900091019BD3F8E0
:10A994000423009B1340002B14BF01230023DBB2CC
:10A9A400184602B0704782B001900091019B009A52
:10A9B400C3F8082300BF02B0704784B00190019B24
:10A9C400D3F880340393019B039AC3F88024039B38
:10A9D400184604B0704782B00190019B0422C3F86A
:10A9E400002500BF02B0704782B00190019B002295
:10A9F400C3F8002500BF02B0704784B003900291F1
:10AA04000192039B019AC3F81425039B029AC3F88D
:10AA14000C2500BF04B0704700B583B001904FF01F
:10AA2400FF324FF0FF310198FFF7E7FF00BF03B09B
:10AA34005DF804FB82B00190019BD3F80C351846F5
:10AA440002B0704782B00190019BD3F814351846C8
:10AA540002B0704782B00190019BD3F808351846C4
:10AA640002B0704782B00190019BD3F810351846AC
:10AA740002B0704784B0039002910192039B029A42
:10AA8400C3F80825039B019AC3F8102500BF04B03E
:10AA9400704700B583B001904FF0FF324FF0FF31A3
:10AAA4000198FFF7E7FF00BF03B05DF804FB82B035
:10AAB4000190019BD3F81835DBB2184602B07047F9
:10AAC40082B001900B468DF803309DF80320019B62
:10AAD400C3F81C2500BF02B0704782B001900B463A
:10AAE4008DF803309DF80330019A134401221A6053
:10AAF40000BF02B0704782B001900B468DF803305E
:10AB040013468DF802309DF803209DF8023013435C
:10AB1400DBB21A46019BC3F86C2500BF02B0704734
:10AB240082B001900091019B009AC3F8242500BFD4
:10AB340002B0704784B001900B46ADF80230BDF806
:10AB44000230019A134400221A60BDF80230019ABF
:10AB540013441B680393039B00BF04B0704782B087
:10AB640001900B46ADF80230BDF80230019A13444F
:10AB74001B68002B14BF01230023DBB2184602B06C
:10AB8400704782B001900091019BD3F80022009B92
:10AB9400DB431A40019BC3F8002200BF02B0704798
:10ABA40082B001900091019B009AC3F8042300BF76
:10ABB40002B0704782B001900091019B009AC3F8E3
:10ABC400082300BF02B0704784B00190019BD3F802
:10ABD40080340393019B039AC3F88024039B184693
:10ABE40004B0704782B00190019B0822C3F800258D
:10ABF40000BF02B0704782B00190019B0022C3F8ED
:10AC0400002500BF02B0704784B003900291019206
:10AC1400039B029AC3F80C25039B019AC3F81425DD
:10AC240000BF04B0704700B583B001904FF0FF320D
:10AC34004FF0FF310198FFF7E7FF00BF03B05DF865
:10AC440004FB82B00190019BD3F80C35184602B086
:10AC5400704782B00190019BD3F81435184602B0B6
:10AC6400704782B00190019BD3F80835184602B0B2
:10AC7400704782B00190019BD3F81035184602B09A
:10AC8400704784B0039002910192039B029AC3F827
:10AC94000825039B019AC3F8102500BF04B0704730
:10ACA40000B583B001904FF0FF324FF0FF310198AF
:10ACB400FFF7E7FF00BF03B05DF804FB82B001902B
:10ACC4000B468DF803309DF80330019A134401229A
:10ACD4001A6000BF02B0704782B001900B468DF835
:10ACE400033013468DF802309DF803209DF802309E
:10ACF4001343DBB21A46019BC3F86C2500BF02B0B4
:10AD0400704782B001900091019B009AC3F82425FA
:10AD140000BF02B0704784B00390029113468DF8CF
:10AD24000730029A039BC3F844259DF80720039B30
:10AD3400C3F8482500BF04B0704782B00190019B5E
:10AD4400D3F84C35184602B0704782B00190019B8D
:10AD5400D3F83C35184602B0704700B583B00346BB
:10AD64008DF807309DF907301846FFF7C3FD00BF83
:10AD740003B05DF804FB84B00190019B1B0B8DF8BC
:10AD84000F309DF90F30184604B0704782B001901F
:10AD9400019B03F06043B3F1005F0CBF0123002368
:10ADA400DBB2184602B0704700B583B00190019B36
:10ADB4001B681F2B04D905494FF4E87001F0ACFC63
:10ADC4004FF0A043184603B05DF804FB746D030014
:10ADD40000B585B00190084611461A4603468DF821
:10ADE40003300B468DF8023013468DF8013001AB69
:10ADF4001846FFF7D9FF03909DF803209DF8023011
:10AE04005B001A439DF801309B001A439DF81830EB
:10AE14001B0242EA03019DF81C301B04019A1943EA
:10AE2400039B02F5E07243F8221000BF05B05DF801
:10AE340004FB00B585B00390002301930023009325
:10AE44000023012201210398FFF7C2FF00BF05B0D0
:10AE54005DF804FB00B585B003900B468DF80B300C
:10AE64009DF80B3000220192002200920022002162
:10AE74000398FFF7ADFF00BF05B05DF804FB00B514
:10AE840085B0039000230193002300930023012243
:10AE940000210398FFF79CFF00BF05B05DF804FB99
:10AEA40000B585B0019001AB1846FFF77DFF039014
:10AEB400019B012202FA03F31946039800F004F8F7
:10AEC40000BF05B05DF804FB82B001900091019BC6
:10AED400009AC3F8082500BF02B0704700B583B0DC
:10AEE40001900091009B1B68B3F1FF3F09D0009BC8
:10AEF4001B681846FFF7D4FF009B1B681846FFF732
:10AF040098FF009B5B68B3F1FF3F05D0009B5B6833
:10AF140000211846FFF79EFF019B1B79464A5B01FF
:10AF240013441C331B78002B41D0019B1A68009BEF
:10AF34009B6919461046FFF7E4FE019B1868009BC5
:10AF4400597D009B1B7D1A46FFF7C6FE019B1868BE
:10AF5400009B1968009B5B681A46FFF755FE009B2F
:10AF64001B7D012B64D1009B9B68B3F1FF3F05D08F
:10AF7400009B9B6800211846FFF76CFF009BDB6871
:10AF8400B3F1FF3F09D0009BDB681846FFF788FF49
:10AF9400009BDB681846FFF74CFF019B1868009B79
:10AFA400D968009B9B681A46FFF76BFE40E0019B43
:10AFB4001A68009B9B6919461046FFF7B1FD019B77
:10AFC4001868009B597D009B1B7D1A46FFF793FD73
:10AFD400019B1868009B1968009B5B681A46FFF781
:10AFE4000CFD009B1B7D012B22D1009B9B68B3F1C0
:10AFF400FF3F05D0009B9B6800211846FFF72AFFFE
:10B00400009BDB68B3F1FF3F09D0009BDB68184667
:10B01400FFF746FF009BDB681846FFF70AFF019B1A
:10B024001868009BD968009B9B681A46FFF722FDAD
:10B0340000BF03B05DF804FB002C002000B583B012
:10B0440001900B468DF80330019B1B792D4A5B015F
:10B0540013441C331B78002B2FD0019B1B684FF427
:10B0640088711846FFF766FD019B1B684FF49071C9
:10B074001846FFF75FFD019B1B684FF49271184659
:10B08400FFF758FD019B1B684FF4A2711846FFF7A8
:10B0940051FD019B1B681C491846FFF781FD019B6C
:10B0A4001B681846FFF767FE03461A469DF80330EF
:10B0B40019461046FEF730FE20E0019B1B684FF452
:10B0C4008E711846FFF72EFC019B1B684FF4A2718A
:10B0D4001846FFF727FC019B1B680C491846FFF72D
:10B0E40048FC019B1B681846FFF745FE03461A46B9
:10B0F4009DF8033019461046FEF70EFE00BF03B05C
:10B104005DF804FB002C0020100302008000020004
:10B1140000B583B00190019B1B79154A5B01134470
:10B124001C331B78002B0FD0019B1B681149184658
:10B13400FFF740FD019B1B681846FFF71CFE034602
:10B144001846FFF70AFE0EE0019B1B680A491846E1
:10B15400FFF729FC019B1B681846FFF70CFE03460A
:10B164001846FFF7FAFD00BF03B05DF804FB00BF0B
:10B17400002C0020100302008402020000B587B0F6
:10B184000190019B1B79364A5B0113441C331B78E5
:10B19400002B22D0019B1B681846FFF752FD059037
:10B1A400019B1B681846FFF754FD0490019B1B6824
:10B1B4001846FFF756FD0390019B1B681846FFF7DE
:10B1C40058FD0290019B1B681846FFF72CFD019B5C
:10B1D4001B681846FFF764FD21E0019B1B681846B5
:10B1E400FFF728FC0590019B1B681846FFF72AFC13
:10B1F4000490019B1B681846FFF72CFC0390019BED
:10B204001B681846FFF72EFC0290019B1B6818462A
:10B21400FFF702FC019B1B681846FFF73AFC059BED
:10B22400B3F1FF3F02D00598FFF729FE049BB3F169
:10B23400FF3F02D00498FFF722FE029BB3F1FF3FC9
:10B2440002D00298FFF71BFE039BB3F1FF3F02D02D
:10B254000398FFF714FE00BF07B05DF804FB00BFBE
:10B26400002C002000B583B00190019B1B790B4A90
:10B274005B0113441C331B78002B05D0019B1B6816
:10B284001846FFF7AFFC04E0019B1B681846FFF764
:10B29400A2FB00BF03B05DF804FB00BF002C00203C
:10B2A40000B583B00190019B1B790B4A5B011344E9
:10B2B4001C331B78002B05D0019B1B681846FFF735
:10B2C4009AFC04E0019B1B681846FFF78DFB00BF46
:10B2D40003B05DF804FB00BF002C002000B587B06C
:10B2E400039002910192029B002B04D122494FF456
:10B2F400887001F011FA039B1B795B011F4A134408
:10B30400059300230493059BDB7E002B03D00823C5
:10B314000493049B2BE0029B5A7F059B1A770299A6
:10B324000398FFF7DBFD059B019A5A60029B1A699B
:10B33400059B1A60059B5B68002B05D0029B1B7F55
:10B3440019460398FFF77AFE0398FFF78BFF059BD6
:10B354000022DA75059B00221A76059B00229A7555
:10B36400059B0122DA76059B00229A76049B1846F7
:10B3740007B05DF804FB00BFB46D0300002C00208F
:10B3840000B585B00190019B1B795B010C4A134405
:10B3940003930198FFF784FF039B5B68002B02D0A3
:10B3A4000198FFF7B5FE0198FFF7E8FE039B002222
:10B3B400DA76039B00225A6000BF05B05DF804FBF7
:10B3C400002C002000B585B0019000914FF48E71DF
:10B3D4000198FFF7A7FA009B9B68009A928A92B2A1
:10B3E40013441B788DF80F30009B9B8A9BB201336A
:10B3F4009AB2009B9A829DF80F3019460198FFF784
:10B404005FFB00BF05B05DF804FB000000B585B02C
:10B414000190019B1B795B01344A1344029300237E
:10B424000393019B1B684FF48E711846FFF77AFA59
:10B43400019B1B6808211846FFF74FFB019B1B6803
:10B4440002991846FFF7BEFF029B5B68002B47D1A9
:10B454001FE000BF019B1B684FF48E711846FFF775
:10B4640076FA034683F00103DBB2002B05D0029B7E
:10B474009B8A9BB2B3F5807FECD1029B9B8A9BB2E3
:10B48400B3F5807F05D0019B1B6802991846FFF72E
:10B4940099FF029B9B8A9BB2029A927D9342D8D3D6
:10B4A400029B9B8A9BB2B3F5807F02D10F23039347
:10B4B40013E000BF019B1B684FF48E711846FFF721
:10B4C40046FA034683F00103DBB2002BF2D1019B61
:10B4D4001B680C211846FFF700FB029B00229A759B
:10B4E400039B184605B05DF804FB00BF002C002048
:10B4F40000B587B00190019B1B795B012A4A134474
:10B50400049300230593019B1B684FF49071184624
:10B51400FFF710FB019B1B684FF4AC711846FFF753
:10B5240009FB019B1868049B9968049B9B7D1A4640
:10B53400FFF7F1FB019B1B6808211846FFF7BEFBD0
:10B54400049B5B68002B2AD1019B1B684FF490710C
:10B554001846FFF704FB03468DF80F30019B1B6868
:10B564004FF4AC711846FFF7FAFA03468DF80E3023
:10B574009DF80F3083F00103DBB2002B06D09DF859
:10B584000E3083F00103DBB2002BDDD19DF80E30C9
:10B59400002B01D00F230593049B00229A75059B71
:10B5A400184607B05DF804FB002C002000B587B0F6
:10B5B4000390029113468DF80730039B1B795B01BE
:10B5C4002E4A13440493049BDB7E012B04D02C49A4
:10B5D4004FF4CC7001F0A0F89DF80730002B04D193
:10B5E400274940F2991001F097F8029B002B04D1EF
:10B5F40023494FF4CD7001F08FF8039B1B791F4A48
:10B604005B0113441C331B78002B0CD00298FFF70A
:10B61400BDFB034683F00103DBB2002B03D01023F0
:10B624000593059B25E0039800F02CF80346002BB6
:10B6340003D011230593059B1BE0049B9DF8072071
:10B644009A75049B029A9A60049B00229A82039B37
:10B654001B790A4A5B0113441C331B78002B04D06A
:10B664000398FFF745FF034603E00398FFF7CEFE78
:10B674000346184607B05DF804FB00BF002C002009
:10B68400B46D030082B00190019B1B79064A5B01F3
:10B69400134416331B78002B14BF01230023DBB2A1
:10B6A400184602B0704700BF002C002010B582B0CD
:10B6B40001900091009BDB7D002B08D14FF4847135
:10B6C4000198FFF72FF90198FFF7F1F916E04FF40D
:10B6D40084710198FFF726F9009BDB68009A527E7B
:10B6E400D2B29C180198FFF7E2F903462370009B3D
:10B6F4005B7EDBB20133DAB2009B5A7602B010BD36
:10B7040000B589B003900B4601928DF80B300123EC
:10B714008DF810309DF80B308DF81830019B05938F
:10B72400039B5B68039A116804AA1046984700BFFC
:10B7340009B05DF804FB00B587B001900B468DF8A5
:10B74400033000238DF808309DF803308DF8103055
:10B75400019B9B680393019B00229A75019B5B6884
:10B76400019A116802AA1046984700BF07B05DF815
:10B7740004FB00B589B0019000914FF40071019869
:10B78400FFF701F90346002B39D04FF49271019869
:10B79400FFF7DDF80346002B31D04FF49271019886
:10B7A400FFF7C0F84FF401710198FFF7FCF8009B14
:10B7B4009B7E83F00103DBB2002B03D004210198AC
:10B7C400FFF78BF902238DF808300198FFF7F5F89D
:10B7D40003460593009BDB7D8DF81030009BDB68EE
:10B7E4000393009B0022DA75009B00221A76009BCB
:10B7F4005B68009A116802AA1046984756E0042133
:10B804000198FFF7C0F80346002B4FD04FF4847122
:10B814000198FFF79CF80346002B47D00099019844
:10B82400FFF744FF009BDA7D009B5B7EDBB29A420C
:10B834003CD1009B1B7E002B1CD0009BDB68079334
:10B84400009B5B7E8DF81B30009B1A7E009BDA7593
:10B85400009B1A69009BDA60009B00221A76009B09
:10B8640000225A769DF81B30079A19460098FFF774
:10B8740047FF1BE0009B9B7E83F00103DBB2002BA0
:10B8840003D004210198FFF728F94FF401710198BE
:10B89400FFF789F8009B0022DA75009B5B7ED9B222
:10B8A400009BDB681A460098FFF72AFF4FF48E715D
:10B8B4000198FFF74CF80346002B1AD0009B9B8A93
:10B8C4009BB2009A927D934204D200990198FFF7AB
:10B8D40079FD0EE04FF48E710198FFF723F8009B79
:10B8E4009B7D002B05D0009B9B7D19460098FFF79C
:10B8F40022FF4FF4A2710198FFF729F80346002BA9
:10B904001CD04FF4A2710198FFF70CF8009B9B7EAA
:10B91400002B03D000210198FFF7DFF8009BDB7DAB
:10B92400002B0BD0009B0022DA75009B5B7ED9B202
:10B93400009BDB681A460098FFF7E2FE00BF09B0DF
:10B944005DF804FB00B589B0019000914FF4927149
:10B954000198FFF704F90346002B24D04FF49271A9
:10B964000198FFF7E7F802238DF808300198FFF7F4
:10B974002BF9034605930198FFF7E7F90346DBB279
:10B984008DF81030009BDB680393009B0022DA756E
:10B99400009B00221A76009B5B68009A116802AA39
:10B9A4001046984741E04FF488710198FFF7D7F8A3
:10B9B4000346002B39D04FF488710198FFF7BAF889
:10B9C4000198FFF7C2F903468DF81F30009BDB7D19
:10B9D4009DF81F209A4228D1009B1B7E002B19D072
:10B9E400009BDB68069320210198FFF7CAF8009BAF
:10B9F4001A7E009BDA75009B1A69009BDA60009B33
:10BA040000221A769DF81F30069A19460098FFF70F
:10BA140077FE0AE0009B0022DA75009BDA689DF845
:10BA24001F3019460098FFF76BFE4FF4A27101987E
:10BA3400FFF795F80346002B16D04FF4A271019836
:10BA4400FFF778F8009BDB7D002B0DD0009B0022D4
:10BA5400DA750198FFF779F90346D9B2009BDB68E0
:10BA64001A460098FFF74CFE4FF490710198FFF7C7
:10BA740076F80346002B11D04FF490710198FFF72C
:10BA840059F8009B9B7D002B08D00198FFF755F9CE
:10BA94000346DBB219460098FFF74DFE00BF09B01C
:10BAA4005DF804FB08B5074B1B7F002B04D0054948
:10BAB4000548FFF747FF03E002490348FFF759FE33
:10BAC40000BF08BD002C00200020004000B583B05A
:10BAD4000190019B1B681F2B04D905494FF4E870A2
:10BAE40000F01AFE4FF0A043184603B05DF804FBC3
:10BAF4000C6E030000B585B001900B468DF8033041
:10BB040001AB1846FFF7E2FF0390019A039B02F58D
:10BB1400E07253F82230019A23F44031039B02F57A
:10BB2400E07243F82210019A039B02F5E07253F885
:10BB340022109DF803301B04019A1943039B02F55C
:10BB4400E07243F8221000BF05B05DF804FB00B5B5
:10BB540083B001900198F8F7B5FE0346184603B088
:10BB64005DF804FB00B587B003460A468DF807303C
:10BB740013468DF8063000238DF817300023049304
:10BB84009DF807301846F8F7CBFE0490049B032B6E
:10BB940062D89DF80630022B52D0022B5CDC002BBD
:10BBA40031D0012B58D13549049A13465B00134414
:10BBB4000B441B788DF817303049049A13465B0008
:10BBC40013440B4401331B78002B0ED02C4B2D4A0D
:10BBD4004FF400411846F9F7EFFE0390039B002B46
:10BBE40003D1284A9DF8073013702449049A134658
:10BBF4005B0013440B4402331978234A049B134417
:10BC04000A461A7028E01E4B1846F9F707FF1E4A29
:10BC1400049B134419781948049A13465B0013448F
:10BC2400034402331B78994215D11449049A1346EC
:10BC34005B0013440B4402331B788DF817300AE081
:10BC44000E49049A13465B0013440B4401331B78DA
:10BC54008DF8173000E000BF9DF81730002B09D095
:10BC64000A4B1B68002B05D0084B1B689DF8172056
:10BC74001046984700BF07B05DF804FB702C002005
:10BC84007C2C00209C2C0020A02C00206C2C00205C
:10BC940000B583B00190019B1B7802211846FFF781
:10BCA40061FF00BF03B05DF804FB000000B583B082
:10BCB4000C4B1B78002B0FD00023019308E0019B51
:10BCC400022B02D00198F8F789FD019B01330193FF
:10BCD400019B032BF3D901E0F8F79AFD00BF03B0F1
:10BCE4005DF804FB282C00202DE9D04F92B00346C8
:10BCF4008DF83F300023119300231093C94B1B7818
:10BD0400002B04D0C74A00231370FFF7CFFF9DF820
:10BD14003F30172B00F2398201A252F823F000BF02
:10BD240085BD020093BD020093BD02002FBE020038
:10BD3400CBBE020047BF0200DBBF0200FBBF020014
:10BD44000BC0020035C0020053C0020071C00200E3
:10BD54008FC002009DC002009DC002009DC0020071
:10BD64009DC002009DC0020031C102003FC102001B
:10BD740053C1020067C1020081C1020081C10200F7
:10BD8400FFF794FFA84A9DF83F301370FEE10020AE
:10BD9400F8F7DCFC0346002B0DD00020F8F71EFD5D
:10BDA4009DF83F30022B02D14FF4E16301E04FF4E0
:10BDB4007A6310930BE00020F8F7F6FC9DF83F300F
:10BDC400022B01D1C82301E04FF4C8731093964AA3
:10BDD4009DF83F301370954C109B00220093019204
:10BDE4004FF000024FF00003DDE900673946CB0352
:10BDF400314643EA51433146CA0312F5FA710291BE
:10BE040043F1000303934FF47A724FF00003DDE92A
:10BE1400020109F0E3FE02460B46134600221946CE
:10BE24002046F9F7C9FD1190B0E10020F8F78EFC27
:10BE34000346002B0DD00020F8F7D0FC9DF83F30CE
:10BE4400032B02D14FF4487301E04FF47A6310934B
:10BE54000BE00020F8F7A8FC9DF83F30032B01D13C
:10BE6400C82301E04FF4C87310936F4A9DF83F3024
:10BE740013706E4C109B0022049305924FF0000245
:10BE84004FF00003DDE904673946CB03314643EA4A
:10BE940051433146CA0312F5FA71069143F1000386
:10BEA40007934FF47A724FF00003DDE9060109F0BD
:10BEB40095FE02460B461346002219462046F9F722
:10BEC4007BFD119062E10020F8F740FC0346002B53
:10BED40006D00020F8F782FC4FF47A63109305E053
:10BEE4000020F8F761FC4FF4C87310934E4A9DF894
:10BEF4003F3013704D4C109B00229A4693464FF0EE
:10BF040000024FF000034FEACB3343EA5A434FEAAF
:10BF1400CA3212F5FA71089143F1000309934FF400
:10BF24007A724FF00003DDE9080109F057FE02467A
:10BF34000B461346002219462046F9F73DFD1190A1
:10BF440024E10020F8F702FC0346002B0CD000206B
:10BF5400F8F744FC9DF83F30052B01D1C82301E0DC
:10BF64004FF47A6310930BE00020F8F71DFC9DF862
:10BF74003F30052B01D1C82301E04FF4C87310935F
:10BF8400294A9DF83F301370284C109B0022984694
:10BF940091464FF000024FF000034FEAC93343EAE1
:10BFA40058434FEAC83212F5FA710A9143F100037B
:10BFB4000B934FF47A724FF00003DDE90A0109F0A4
:10BFC4000DFE02460B461346002219462046F9F799
:10BFD400F3FC1190DAE00020F8F740FC124A9DF8D7
:10BFE4003F301370114B002240F6CD411846F9F74B
:10BFF400E3FC1190CAE00020F8F7D6FB0A4A9DF84A
:10C004003F301370C2E0074B01221A700120F8F789
:10C0140025FC064B002240F6CD411846F9F7CCFC2E
:10C024001190B3E0212C0020202C00202C2C002087
:10C03400594B01221A700120F8F710FC574B0022CB
:10C044004FF480411846F9F7B7FC11909EE0524B2B
:10C0540001221A700120F8F701FC504B002240F62F
:10C06400CD411846F9F7A8FC11908FE04A4B012204
:10C074001A700120F8F7F2FB484B00224FF480417C
:10C084001846F9F799FC119080E0F8F7D4FB444A7C
:10C094009DF83F30137079E0424B1846F9F7BEFC27
:10C0A40011909DF83F30C3F111031093109B002BA6
:10C0B40035D0119B002B32D1109B012B28D9394C40
:10C0C400109B9BB21A46C82302FB03F3DA171E46E1
:10C0D40017464FF000024FF00003FB0343EA5643B8
:10C0E400F20312F5FA710C9143F100030D934FF42E
:10C0F4007A724FF00003DDE90C0109F06FFD02468E
:10C104000B461346002219462046F9F755FC1190B8
:10C114000220F8F749FB244B01221A7036E0022072
:10C12400F8F75CFB204B00221A702FE0FFF7BEFDEE
:10C134001B4A9DF83F30137028E0FFF7B7FD00203D
:10C14400F8F732FB164A9DF83F3013701EE0FFF7F4
:10C15400ADFD0120F8F728FB114A9DF83F3013701C
:10C1640014E0FFF7A3FD0020F8F71EFB0120F8F709
:10C174001BFB0B4A9DF83F30137007E0F8F75BFB9D
:10C18400074A9DF83F30137000E000BF119B18462A
:10C1940012B0BDE8D08F00BF212C00202C2C002031
:10C1A400202C00204C2C0020282C002000B583B02B
:10C1B4000190074B1B6803F00103002B04D0054BCF
:10C1C4001B781846FFF790FD00BF03B05DF804FB31
:10C1D400242C0020202C002000B583B001900220E4
:10C1E400F8F73CFB00BF03B05DF804FB00B585B075
:10C1F40003468DF8073000230393084B1B6803F0B4
:10C204000103002B05D09DF807301846FFF76CFD9D
:10C214000390039B184605B05DF804FB242C002012
:10C2240000B585B00190009100230393294A019B36
:10C234001360294A009B1360019B03F00203002B47
:10C244002AD00023029308E001220121029800F081
:10C2540053F80390029B01330293029B032B02D8F1
:10C26400039B002BF0D0039B002B06D140F26662A7
:10C2740004211A48F8F746FC0390039B002B02D1D3
:10C28400F8F7B2FC0390039B002B05D1144A00215C
:10C294001448F9F761FB0390019B03F00103002BA1
:10C2A40001D0F8F7F5FA039B002B05D10E4A0021C3
:10C2B4000E48F9F751FB0390039B002B05D10C4A60
:10C2C40001210C48F9F748FB0390039B184605B07D
:10C2D4005DF804FB242C00206C2C0020506E03001D
:10C2E40095BC02004C6E0300B1C10200446E030011
:10C2F400DDC10200486E030084B001900B468DF846
:10C30400033013468DF8023000230393019B032B63
:10C314003CD89DF80230012B0BD19DF80330012B42
:10C3240004D1019BDBB20E33DBB200E000238DF8B5
:10C3340002309DF80330022B0FD0022B23DC002B9C
:10C3440016D0012B1FD11449019A13465B001344E4
:10C354000B449DF802201A701AE00F49019A134603
:10C364005B0013440B4401339DF802201A700FE064
:10C374000949019A13465B0013440B4402339DF8A8
:10C3840002201A7004E00723039301E007230393B8
:10C39400039B184604B07047702C002000B583B08E
:10C3A40001900198F8F7DCFA034603211846FFF7D9
:10C3B400A1FB0023184603B05DF804FB00B583B06D
:10C3C400012200210020FFF797FF0190019B002B21
:10C3D40004D0019B072B01D0019B1CE00722022102
:10C3E4000120FFF789FF0190019B002B04D0019BE2
:10C3F400072B01D0019B0EE0042202210020FFF74D
:10C404007BFF0190019B002B04D0019B072B01D0E3
:10C41400019B00E00023184603B05DF804FB00B55F
:10C4240083B0012202210020FFF766FF0190019BE7
:10C43400002B04D0019B072B01D0019B1CE0072299
:10C4440002210120FFF758FF0190019B002B04D02B
:10C45400019B072B01D0019B0EE00A220021002042
:10C46400FFF74AFF0190019B002B04D0019B072B8F
:10C4740001D0019B00E00023184603B05DF804FBE3
:10C4840000B583B001900120FFF761FB0346002B48
:10C4940003D0019B02221A700CE00020FFF757FB27
:10C4A4000346002B03D0019B0B221A7002E0019B70
:10C4B40000221A7000BF03B05DF804FB00B583B01E
:10C4C4000020FFF76BFF0190019B002B04D0019B20
:10C4D400062B01D0019B0CE00120FFF75FFF0190C8
:10C4E400019B002B04D0019B062B01D0019B00E093
:10C4F4000023184603B05DF804FB000000B585B0C6
:10C5040001900091019B1B88102B02D0112B18D095
:10C514002FE01A4B1B68002B0DD1FFF74FFF039040
:10C52400039B002B07D0164B1B68002B03D0144B26
:10C534001B6803989847114B1B6801330F4A13601B
:10C5440017E00E4B1B68013B0C4A13600B4B1B6836
:10C55400002B0DD1FFF763FF0390039B002B07D043
:10C56400074B1B68002B03D0054B1B6803989847A7
:10C5740000BF00BF05B05DF804FB00BFA82C00207D
:10C58400A42C002000B585B00190009100230393F2
:10C594000A4A019B1360009B002B02D00098FFF70E
:10C5A4006FFF074B1B68002B02D1FFF738FF039086
:10C5B400039B184605B05DF804FB00BFA42C0020C3
:10C5C400A82C002076DF704700BF18467ADF70473A
:10C5D40000BF18467CDF704700BF18468FDF7047E6
:10C5E40000BF1846A8DF704700BF184666DF7047D3
:10C5F40000BF184632DF704700BF184600B583B04D
:10C6040003468DF807309DF80730022B14D10D4BEB
:10C614001B881B0443F003030B491846F7F752FB2E
:10C6240000BF084B1B881B0443F00303074918464B
:10C63400F7F748FB012300E00123184603B05DF837
:10C6440004FB00BF80210020706E0300A06E030075
:10C6540000B585B003468DF807309DF80730032BED
:10C664003CD801A252F823F07DC6020091C6020014
:10C67400A5C60200B9C60200204B1B881B0443F068
:10C6840003031F491846F7F71DFB32E01B4B1B88B9
:10C694001B0443F003031B491846F7F713FB28E078
:10C6A400164B1B881B0443F0010317491846F7F780
:10C6B40009FB1EE0114B1B881B0443F001031349C3
:10C6C4001846F7F7FFFA00230393039B002B0FD0C0
:10C6D4000F4ADB210398F8F7B3FA09E0074B1B88EC
:10C6E4001B0443F001030B491846F7F7EBFA00E08B
:10C6F40000BF00BF05B05DF804FB00BF802100202F
:10C70400D06E0300006F0300246F0300606F03000A
:10C71400906F0300F46F030000B583B003460091EB
:10C72400ADF80630BDF80630009A19460348F8F70C
:10C7340087FA00BF03B05DF804FB00BFEFBEADDEB7
:10C7440010B58CB00390039B1B780F2B00F2A180D3
:10C7540001A252F823F000BF9DC7020097C802004F
:10C76400B1C7020097C80200E1C7020097C80200DF
:10C77400F7C702007DC8020097C802002FC8020054
:10C7840097C8020049C8020021C8020063C8020019
:10C7940097C8020029C80200454B1B881B0443F0BC
:10C7A400030344491846F7F78DFA7DE0404B1B8894
:10C7B4001B0443F00304039B5B88184602F03EFC11
:10C7C40003461A46039B5B881946039B1B7A009316
:10C7D4000B4639492046F7F7A8FA65E000238DF89F
:10C7E4001430039B5B8805AA1146184605F0C4FF64
:10C7F4005AE0FBF767F80790079B0E2B4BD0079B7B
:10C80400082B48D0079B0693069B002B43D02B4A4A
:10C814004FF494710698F8F713FA3CE0002000F006
:10C8240051FC41E005F0BCFF3EE0039B1B6909930A
:10C83400099B002B31D0214A4FF49D710998F8F7D8
:10C84400FFF92AE0039B9B680A930A9B002B26D0DE
:10C854001A4A4FF4A0710A98F8F7F2F91FE0039B03
:10C864009B680B930B9B002B1BD0144A4FF4A371B2
:10C874000B98F8F7E5F914E0039B9B680893089B71
:10C88400002B10D00D4A4FF4A6710898F8F7D8F988
:10C8940009E000BF08E000BF06E000BF04E000BFFD
:10C8A40002E000BF00E000BF00BF0CB010BD00BF3D
:10C8B400802100201C70030048700300906F030067
:10C8C40000B583B0F9F714F80190019B0093009B25
:10C8D400002B05D0044A4FF4B2710098F8F7B0F970
:10C8E40000BF03B05DF804FB906F030000B587B090
:10C8F4009DF80030012262F303038DF800309DF8A7
:10C904000030012262F307138DF800306B461122C8
:10C914001B491846FFF75EFE0590059B0493049B94
:10C92400002B05D0174A4FF4C1710498F8F788F921
:10C9340001AB08220021184609F062FA5023ADF831
:10C944000430A023ADF806300023ADF808304FF4CE
:10C95400C873ADF80A3001AB1846FFF737FE0590EF
:10C96400059B0393039B002B05D0064A4FF4C87123
:10C974000398F8F765F900BF07B05DF804FB00BF42
:10C9840088700300906F030000B585B00A4B0193D3
:10C9940001AB184607F006FF0390039B0293029B2A
:10C9A400002B05D0054A4FF4DF710298F8F748F9D7
:10C9B40000BF05B05DF804FB55C60200906F03008C
:10C9C40000B585B00190019B1B78002B11D10B4B56
:10C9D4001B883B211846FFF7F5FD0390039B029348
:10C9E400029B002B05D0064A40F2EB110298F8F79F
:10C9F40027F900BF05B05DF804FB00BF64220020E6
:10CA0400906F030000B583B00190054A4FF4FB71A9
:10CA14000198F8F715F900BF03B05DF804FB00BFF7
:10CA2400906F030000B58BB001AB1C2200211846A7
:10CA340009F0E6F9002301934FF4203302934FF4F5
:10CA44007023039303238DF810300023ADF81230C4
:10CA540000238DF814300C4B06930C4B079301AB59
:10CA6400184602F027F80990099B0893089B002BAD
:10CA740005D0074A40F20D210898F8F7E1F800BF05
:10CA84000BB05DF804FB00BFC5C9020009CA02006F
:10CA9400906F030000BF704700B585B00020FFF71A
:10CAA400A5FB0390039B0293029B002B05D0134A22
:10CAB4004FF409710298F8F7C3F8FFF7FFFC0390ED
:10CAC400039B0193019B002B05D00C4A4FF40A7180
:10CAD4000198F8F7B5F8FFF78DFD0390039B0093D9
:10CAE400009B002B05D0054A4FF40B710098F8F712
:10CAF400A7F800BF05B05DF804FB00BF906F03000A
:10CB040000B585B003468DF807309DF80730002B3B
:10CB140011D0032B12D10220FFF768FB0390039B73
:10CB24000293029B002B0BD0084A40F23E2102984C
:10CB3400F8F786F804E0FFF7AFFF02E000BF00E07B
:10CB440000BF00BF05B05DF804FB00BF906F030099
:10CB540010B592B00190009100231193019B1B88A2
:10CB6400562B5DD0562B00F3BC80512B7ED0512B1D
:10CB740000F3B7803B2B40D03B2B00F3B280212B3A
:10CB840021D0212B00F3AD80112B00F0AC80112BB0
:10CB940000F3A780012B56D0102B00D0A1E0072072
:10CBA400FFF724FB1190119B0C930C9B002B05D0D9
:10CBB400544A4FF417710C98F8F742F8019B9A887D
:10CBC400514B1A809AE000238DF8283000238DF809
:10CBD4002930019B9B880AAA11461846FFF7FEFCE0
:10CBE4001190119B0D930D9B002B7ED0454A40F272
:10CBF4006A210D98F8F724F877E0019B9B881321AC
:10CC04001846FFF7DFFC1190119B0E930E9B002B2F
:10CC14006DD03C4A40F273210E98F8F711F866E0A3
:10CC2400019B9B8813211846FFF7CCFC1190119BA4
:10CC34001093109B002B5CD0324A40F27B21109859
:10CC4400F7F7FEFF55E0019B9B8800211846FFF78C
:10CC5400CDFC1190119B0B930B9B002B4BD0294ABD
:10CC64004FF420710B98F7F7EBFF44E0019B06ACFF
:10CC74000633186859689A68DB680FC49DF8183041
:10CC8400002B3AD09DF82030042B07D09DF820309B
:10CC9400062B03D09DF82030052B2ED19DF818309B
:10CCA400022B03D102238DF8083002E001238DF812
:10CCB40008304FF4C173ADF80C30019B9B8802AA75
:10CCC40011461846FFF78EFC1190119B0F930F9B92
:10CCD400002B12D00B4A40F29B210F98F7F7B0FFBC
:10CCE4000BE000BF0AE000BF08E000BF06E000BFA1
:10CCF40004E000BF02E000BF00E000BF00BF12B0CC
:10CD040010BD00BF906F03006422002000B587B0FF
:10CD140008F0A2FC0590059B0493049B002B05D00E
:10CD2400164A4FF42C710498F7F78AFF00230193F5
:10CD340001AB1946012008F089FD0590059B03937A
:10CD4400039B002B05D00D4A40F2B6210398F7F758
:10CD540077FF01AB184608F061FE0590059B02932E
:10CD6400029B002B05D0054A40F2BA210298F7F73E
:10CD740067FF00BF07B05DF804FB00BF906F0300BE
:10CD840000B587B005F05EFC0590059B0493049BF9
:10CD9400002B05D0384A4FF432710498F7F750FF4E
:10CDA4006B4605220021184609F02AF89DF8003048
:10CDB40043F001038DF800309DF8003023F00203A6
:10CDC4008DF800309DF8003023F004038DF8003016
:10CDD4009DF8003023F008038DF800309DF80030F2
:10CDE400032262F306138DF800309DF8003023F01F
:10CDF40080038DF8003007238DF8013010238DF85F
:10CE040002309DF8033043F001038DF803309DF8A0
:10CE1400033043F002038DF803309DF8043043F0EF
:10CE240001038DF804309DF8043043F002038DF8BB
:10CE340004306B46184605F087FC0590059B039368
:10CE4400039B002B05D00C4A40F2DB210398F7F733
:10CE5400F7FE0A4805F050FC0590059B0293029BDF
:10CE6400002B05D0044A40F2DE210298F7F7E8FED1
:10CE740000BF07B05DF804FB906F030045C70200D4
:10CE840000B583B00D4B1B881B0443F003030C490E
:10CE94001846F6F717FF05F0ABFC0190019B0093D1
:10CEA400009B002B05D0074A40F2EB210098F7F7CE
:10CEB400C7FE00BF03B05DF804FB00BF8021002063
:10CEC4009C700300906F030000B587B003468DF893
:10CED40007309DF807300A2B06D00A2B36DC042BCA
:10CEE40005D0072B19D031E0FFF7D6FD33E01C4BFA
:10CEF4001B8813211846FFF765FB0590059B082B3B
:10CF040026D0059B0393039B002B21D0154A40F2A6
:10CF140002310398F7F794FE1AE0114B1B884FF681
:10CF2400FF72934216D1104801F048FC0590059B0E
:10CF3400082B0FD0059B0493049B002B0AD0094AAD
:10CF44004FF443710498F7F77BFE03E000BF02E05F
:10CF540000BF00E000BF00BF07B05DF804FB00BFE6
:10CF640064220020906F0300C02C002000B5ABB0F9
:10CF74006B46A0220021184608F042FF02238DF8D8
:10CF8400003001238DF8023006238DF8033001238D
:10CF9400ADF81030124B059301238DF87C304FF41B
:10CFA40096732293B42323930E4B26936B46194610
:10CFB4000D4801F0BCF92990299B2893289B002B4C
:10CFC40005D00A4A40F22D312898F7F739FE01219D
:10CFD400054801F09FF900BF2BB05DF804FB00BFCA
:10CFE4006822002005CB0200C02C0020906F0300B3
:10CFF40000B587B0019017490320FFF711F9059098
:10D00400059B0493049B002B05D0134A40F23D3149
:10D014000498F7F715FE0DF10B0319460020FFF7EE
:10D02400B1FA0590059B0393039B002B05D00A4A94
:10D034004FF450710398F7F703FE9DF80B30022B61
:10D044000CBF01230023DAB2019B1A7000BF07B0A2
:10D054005DF804FBCDCE0200906F030000B583B0F1
:10D064000020F6F7C1FB0190019B0093009B002B6D
:10D0740005D0064A40F24B310098F7F7E1FDF6F788
:10D08400FDFA00BF03B05DF804FB00BF906F03001E
:10D0940000B583B00021094803F022FD0190019BF3
:10D0A4000093009B002B05D0054A40F257310098AD
:10D0B400F7F7C6FD00BF03B05DF804FBAC2C0020FD
:10D0C400906F030000B585B003468DF807309DF8D6
:10D0D4000730002B02D0FFF7D3FE0FE003210948ED
:10D0E40001F034FA0390039B0293029B002B05D0BA
:10D0F400054A40F267310298F7F7A2FD00BF05B078
:10D104005DF804FBC02C0020906F030000B583B0D1
:10D11400FCF746F90190019B0093009B002B05D07E
:10D12400044A4FF45C710098F7F78AFD00BF03B01E
:10D134005DF804FB906F030000B583B0FFF78EFF2A
:10D14400FFF7BEFBFFF7E2FF0DF107031846FFF7F9
:10D154004FFFFFF7DBFDFFF713FEFFF7C7FBFFF7FA
:10D1640097FFFFF703FFFFF70FFCFFF75BFC0D4B87
:10D174001B881B0443F003030B491846F6F7A2FD72
:10D18400FFF788FC9DF807301846FFF79BFFF6F77A
:10D1940009FE034683F00103DBB2002BF7D0FCF752
:10D1A40017F9F4E780210020AC70030082B0204B13
:10D1B4000193019B02221A61019B02225A61019B85
:10D1C4001C4A9A61019B1C4ADA61019B4FF400726C
:10D1D4001A62019B00229A62019B00225A62019BFF
:10D1E4000022DA62019B134A9A64019B134ADA64AF
:10D1F400019B10221A65019B00229A65019B002263
:10D204005A65019B0022DA65019B07330C4A1068BA
:10D214001860019B0B4A1068186091889279998074
:10D224009A71019B20229A7100BF02B0704700BF1F
:10D23400982D0020C4700300102E00201030002010
:10D24400D0700300D470030000B589B0039002913C
:10D25400019200230693039BDB680593039B1B69E0
:10D264000493049A059B9A4205D9049A059BD31A00
:10D27400013B079307E0039B9A680499059BCB1A2B
:10D284001344013B0793039B9A68059BD31A079A9F
:10D29400934228BF13460793079A019B934228BFE2
:10D2A40013460793039B5A68059B1344079A0299F4
:10D2B400184608F073FD069A079B13440693029AD6
:10D2C400079B13440293019A079BD31A0193059A6F
:10D2D400079B13440593039B9B68059A9A4201D1CB
:10D2E40000230593039B059ADA60019B002BB5D1BB
:10D2F400069B184609B05DF804FB00B589B003909D
:10D3040002910192039BDB680793039B9A68079B36
:10D31400D31A0693069A019B9A420ED9039B5A6824
:10D32400079B1344019A0299184608F037FD079A9F
:10D33400019B1A44039BDA601AE0069B0593039B46
:10D344005A68079B1344059A0299184608F026FD6B
:10D35400019A069BD31A0593039B5868029A069B6D
:10D364001344059A194608F019FD039B059ADA60DF
:10D3740000BF09B05DF804FB86B00190019B1B69F6
:10D384000493019BDB680393049A039B9A4208D895
:10D39400019B9A68039BD21A049B1344013B059397
:10D3A40004E0049A039BD31A013B0593059B18469A
:10D3B40006B0704700B589B0039002910192029BB8
:10D3C4000693039B5A1C13465B001344DB00204A5C
:10D3D40013440593059B5B69022B29D0022B2ED89D
:10D3E400002B02D0012B13D029E00598FFF7C4FFCE
:10D3F4000490049A019B9A4202D20023079321E0ED
:10D40400019B0793019A06990598FFF776FF19E0A7
:10D414000598FFF7B1FF0490019A049B934228BF3B
:10D4240013460793079A06990598FFF766FF09E0E4
:10D43400019A06990598FFF707FF079002E0002379
:10D44400079300BF079B184609B05DF804FB00BFB3
:10D45400982D002008B5FFF7A9FE00BF08BD6DDFB9
:10D46400704700BF184672DF704700BF184679DF67
:10D47400704700BF18467DDF704700BF184664DF61
:10D48400704700BF184682B003460091ADF80630DD
:10D49400BDF80630DAB2009B1A70BDF806301B0ADC
:10D4A4009AB2009B0133D2B21A700223184602B01A
:10D4B400704700B589B0039002911346ADF8063069
:10D4C400029B1B8803F10902BDF806309A4201D978
:10D4D4000C2351E005AB1846FFF7C1FF0790079BEB
:10D4E400002B01D0079B47E0029B1B881A46039B35
:10D4F400134408221A70029B1B8801339AB2029BC0
:10D504001A80029B1B881A46039B13441B221A7021
:10D51400029B1B8801339AB2029B1A80029B1B88D0
:10D524001A46039B981805AB01330622194608F0E6
:10D5340035FC029B1B8806339AB2029B1A809DF825
:10D54400143023F00103DBB2002B07D1029B1B88AC
:10D554001A46039B134400221A7006E0029B1B88A0
:10D564001A46039B134401221A70029B1B88013341
:10D574009AB2029B1A800023184609B05DF804FB96
:10D5840000B589B0039002910192ADF80230039B7B
:10D594001B78012B05D1039B5B78002B01D107235A
:10D5A40088E0019B1B889A1CBDF802309A420ED871
:10D5B400039B1B78012B0CD1019B1B881A46039BF0
:10D5C4005B7813449A1CBDF802309A4201D90C23AB
:10D5D40070E0019B1B88BDF80220D31A9BB2023B6A
:10D5E400ADF81C30BDF81C30ADF81630019B1B881B
:10D5F4000233029A13440DF1160211461846FFF73E
:10D604003AFF0690069B002B01D0069B52E0039B39
:10D614001B78022B09D1BDF81630BDF81C209A42A4
:10D6240003D309238DF81F3016E008238DF81F302B
:10D63400039B1B78012B0BD1039B5B781A46BDF827
:10D644001C30934204D3039B5B78ADF8163003E09F
:10D65400BDF81C30ADF81630BDF81630FE2B01D9DC
:10D664000C2327E0BDF81630DAB2019B1B8819465B
:10D67400029B0B440132D2B21A70019B1B88013306
:10D684009AB2019B1A80019B1B881A46029B134481
:10D694009DF81F201A70019B1B8801339AB2019BCD
:10D6A4001A80019B1A88BDF8163013449AB2019B64
:10D6B4001A800023184609B05DF804FB00B587B052
:10D6C400039002911346ADF80630029B1B881A1D85
:10D6D400BDF806309A4201D90C2338E00DF112034B
:10D6E4001846FFF7C4FE0590059B002B01D0059B4F
:10D6F4002DE0029B1B881A46039B134403221A70D5
:10D70400029B1B8801339AB2029B1A80029B1B88DE
:10D714001A46039B134419221A70029B1B88013377
:10D724009AB2029B1A80BDF81220029B1B881946EC
:10D73400039B0B4419461046FFF7A5FE03461A4601
:10D74400029B1B8813449AB2029B1A80002318463A
:10D7540007B05DF804FB84B0029101921A460346B7
:10D764008DF80F301346ADF80C30019B1B88DA1C82
:10D77400BDF80C309A4201D90C2328E0019B1B8888
:10D784001A46029B134402221A70019B1B88013320
:10D794009AB2019B1A80019B1B881A46029B134470
:10D7A40001221A70019B1B8801339AB2019B1A80D3
:10D7B400019B1B881A46029B13449DF80F201A7084
:10D7C400019B1B8801339AB2019B1A8000231846DF
:10D7D40004B0704784B0029101921A4603468DF852
:10D7E4000F301346ADF80C30019B1B88DA1CBDF8D2
:10D7F4000C309A4201D90C2328E0019B1B881A465D
:10D80400029B134402221A70019B1B8801339AB2B3
:10D81400019B1A80019B1B881A46029B13440A220F
:10D824001A70019B1B8801339AB2019B1A80019BD9
:10D834001B881A46029B13449DF80F201A70019B03
:10D844001B8801339AB2019B1A800023184604B046
:10D85400704700B58BB0039001930B468DF80B30E5
:10D8640013468DF80A3000238DF823300C9B1B8857
:10D87400ADF82030002309936CE0039B5A68099BA0
:10D884009B001A4404AB106818600DF1160104AB38
:10D8940000221846FFF7F3FD0690069B002B01D0EB
:10D8A400069B79E09DF816309DF80A209A424ED1E5
:10D8B4009DF82330002B01D0002300E002238DF8D3
:10D8C40017300C9B1B881A469DF816301A449DF895
:10D8D40017301A44BDF834309A4201DD0C235BE062
:10D8E4009DF8233083F00103DBB2002B16D00C9B90
:10D8F4001B8801339AB20C9B1A800C9B1B881A4616
:10D90400019B13449DF80B201A700C9B1B88013358
:10D914009AB20C9B1A8001238DF823300C9B1B8830
:10D924001A46019B1A440DF1160104AB1846FFF781
:10D93400A6FD0690069B002B01D0069B2CE00C9BB9
:10D944001B889DF8162013449AB20C9B1A80099BDD
:10D9540001330993039B1B881A46099B93428CDB72
:10D964009DF82330002B16D00C9B1A88BDF820306C
:10D97400D31A9BB2013BADF81E30BDF81E30FF2B0D
:10D9840001D90C2308E0BDF82030019A1344BDF8F6
:10D994001E20D2B21A70002318460BB05DF804FBA7
:10D9A40000B589B0059003930B468DF813301346E8
:10D9B4008DF812309DF81310BDF82C3001930A9B9A
:10D9C4000093039B02220598FFF743FF0790079BF0
:10D9D400002B01D0079B12E09DF81210BDF82C30EB
:10D9E40001930A9B0093039B10220598FFF731FFD4
:10D9F4000790079B002B01D0079B00E000231846EB
:10DA040009B05DF804FB82B00190019B1B88052BD3
:10DA14000AD9019B1B88B3F5486F07D9019B1B8862
:10DA24004FF6FF72934201D0072325E0019B5B88E8
:10DA3400052B0AD9019B5B88B3F5486F07D9019B75
:10DA44005B884FF6FF72934201D0072314E0019BD9
:10DA54001B884FF6FF7293420DD0019B5B884FF6F3
:10DA6400FF72934207D0019B1A88019B5B889A42FC
:10DA740001D9072300E00023184602B0704700B51F
:10DA840087B0039002910192ADF80230019B1B888C
:10DA94009A1DBDF802309A4201D90C2349E003983B
:10DAA400FFF7B1FF0590059B002B01D0059B40E0DB
:10DAB400019B1B881A46029B134405221A70019B82
:10DAC4001B8801339AB2019B1A80019B1B881A465A
:10DAD400029B134412221A70019B1B8801339AB2D1
:10DAE400019B1A80039B1A88019B1B881946029B81
:10DAF4000B4419461046FFF7C6FC03461A46019B21
:10DB04001B8813449AB2019B1A80039B5A88019B79
:10DB14001B881946029B0B4419461046FFF7B3FCB9
:10DB240003461A46019B1B8813449AB2019B1A8030
:10DB34000023184607B05DF804FB00B587B00390D6
:10DB440002910192ADF80230039B9B880233059346
:10DB5400019B1B881A46059B13449A1CBDF802308E
:10DB64009A4201D90C2353E0059BFE2B01D90C23C7
:10DB74004EE0059BDAB2019B1B881946029B0B44BD
:10DB84000132D2B21A70019B1B8801339AB2019BF5
:10DB94001A80019B1B881A46029B1344FF221A70A9
:10DBA400019B1B8801339AB2019B1A80039B1A883C
:10DBB400019B1B881946029B0B4419461046FFF72C
:10DBC40062FC03461A46019B1B8813449AB2019BCC
:10DBD4001A80039B9B88002B19D0039B9B68002B06
:10DBE40001D1072314E0019B1B881A46029B981855
:10DBF400039B9968039B9B881A4608F0CFF8019B06
:10DC04001A88039B9B8813449AB2019B1A800023B1
:10DC1400184607B05DF804FB00B589B00390029183
:10DC24000192ADF80230039B9B6A002B01D10723BC
:10DC340071E000238DF81F3065E0039B996A9DF81D
:10DC44001F2013465B0013449B000B440693069B62
:10DC54009B8802330593059BFE2B01D90C235AE0C4
:10DC6400059BDAB2019B1B881946029B0B440132C7
:10DC7400D2B21A70019B1B8801339AB2019B1A809D
:10DC8400019B1B881A46029B134416221A70019B9F
:10DC94001B8801339AB2019B1A80069B1A88019B48
:10DCA4001B881946029B0B4419461046FFF7EBFBF1
:10DCB40003461A46019B1B8813449AB2019B1A809F
:10DCC400069B9B88002B19D0069B9B68002B01D1D7
:10DCD400072320E0019B1B881A46029B9818069B89
:10DCE4009968069B9B881A4608F058F8019B1A8885
:10DCF400069B9B8813449AB2019B1A809DF81F309F
:10DD040001338DF81F30039B93F82C309DF81F20AE
:10DD14009A4292D30023184609B05DF804FB00B57B
:10DD240089B005900491039200230793039B1B88F9
:10DD3400ADF81A30039B00221A80059B93F82D300E
:10DD4400002B0CD0BDF81A301A4603990498FFF73B
:10DD5400B0FB0790079B002B01D0079BC4E0059BF9
:10DD64009B78002B0CD0BDF81A301A4603990498FE
:10DD7400FFF7A4FC0790079B002B01D0079BB3E09F
:10DD8400059BDB78002B0ED0059BDB7858B2BDF8E1
:10DD94001A30039A0499FFF7DEFC0790079B002BC7
:10DDA40001D0079BA0E0059B5B68002B0FD0059B6F
:10DDB4005B6893F90000BDF81A30039A0499FFF7E1
:10DDC40009FD0790079B002B01D0079B8CE0059B66
:10DDD4001B89002B12D0059B03F10800BDF81A30F3
:10DDE4000193039B0093049B06220221FFF7D8FDB5
:10DDF4000790079B002B01D0079B75E0059B1B8AAE
:10DE0400002B12D0059B03F11000BDF81A300193CA
:10DE1400039B0093049B07220321FFF7C1FD079096
:10DE2400079B002B01D0079B5EE0059B1B8B002BFF
:10DE340012D0059B03F11800BDF81A300193039B1F
:10DE44000093049B15221421FFF7AAFD0790079B5A
:10DE5400002B01D0079B47E0059B1B6A002B0DD0CC
:10DE6400059B186ABDF81A30039A0499FFF707FE58
:10DE74000790079B002B01D0079B35E0059B5B6A4D
:10DE8400002B0DD0059B586ABDF81A30039A0499EB
:10DE9400FFF753FE0790079B002B01D0079B23E05D
:10DEA400059B93F82C30002B0CD0BDF81A30039A44
:10DEB40004990598FFF7B0FE0790079B002B01D04B
:10DEC400079B11E0059B1B78002B0CD0BDF81A3082
:10DED400039A04990598FFF753FB0790079B002BBF
:10DEE40001D0079B00E0079B184609B05DF804FBCE
:10DEF40082B00190019BDB7803F00403002B01D175
:10DF0400072300E00023184602B0704782B0019056
:10DF1400019BDB78002B01D0072300E00023184687
:10DF240002B0704700B597B0019000911F23ADF87F
:10DF34004A301F23ADF84830019B002B18D00198BC
:10DF4400FFF7D6FF1390139B002B01D0139B3FE0E8
:10DF54000DF14A020AAB19460198FFF7E0FE13904F
:10DF6400139B002B01D0139B32E00AAB159304E002
:10DF7400002315930023ADF84A30009B002B17D0E3
:10DF84000098FFF7C3FF1390139B002B01D0139B42
:10DF94001EE012AA02AB19460098FFF7C0FE1390C8
:10DFA400139B002B01D0139B12E002AB149304E0EB
:10DFB400002314930023ADF84830BDF84A30D9B299
:10DFC400BDF84830DBB2149A1598FFF74CFA0346B3
:10DFD400184617B05DF804FB73DF704700BF18469E
:10DFE40074DF704700BF184682B00190019B93F81C
:10DFF400D630184602B0704784B0019000230393D2
:10E004000AE0019A039B13441B78002B01D00123DF
:10E0140006E0039B01330393039B052BF1D90023F3
:10E02400184604B07047000082B003468DF80730EC
:10E034009DF807305A1C074B83FB02135910D31762
:10E04400C91A0B469B000B44D11ACBB2184602B036
:10E05400704700BF6766666682B001900091009BBE
:10E06400DB7B012B04D1009B9A88019BA3F8C82079
:10E0740000BF02B0704700B585B001900091019BCC
:10E08400002283F8D420009B9A88019BB3F8C830FF
:10E094009A4218D1019B1B7983F00103DBB2002B58
:10E0A40011D00121019800F051FA0390039B002B39
:10E0B40009D0019BD3F8D030002B04D0019BD3F8B6
:10E0C400D0300398984700BF05B05DF804FB00B555
:10E0D40085B001900091009B1B7A002B18D1019B05
:10E0E400DB781846FFF7A0FF03461946019800F0B5
:10E0F4002DFA0390039B002B0BD0019BD3F8D03057
:10E10400002B06D0019BD3F8D0300398984700E049
:10E1140000BF05B05DF804FB08B50020FAF702FB68
:10E124000346184608BD000000B585B001900B46B3
:10E134008DF80330019B26331846FFF75DFF034635
:10E144008DF80F309DF80330013B032B2AD801A230
:10E1540052F823F069E102007DE1020091E102003E
:10E164009DE10200019B9B79002B05D09DF80F30A7
:10E17400002B01D0012316E0019BDB79002B05D095
:10E184009DF80F30002B01D002230CE0019B1B7A79
:10E19400002B01D0032306E0019B5B7A002B01D006
:10E1A400042300E00023184605B05DF804FB00BF1B
:10E1B40082B001900091019B01229A70019B03F1AE
:10E1C4002502009B5A60009B01221A70009B0022CA
:10E1D4009A81009B00225A810023184602B070479E
:10E1E40082B001900091019B02229A70019B03F17D
:10E1F4002502009B5A60009B01221A70019B1B6937
:10E204009AB2009B9A81019BDB689AB2009B5A8167
:10E214000023184602B0704700B585B00190009104
:10E22400019B5B699AB2009B5A81019B9B699AB2DC
:10E23400009B9A81019B5B79002B24D0019B93F86E
:10E24400D43083F00103DBB2002B1CD00198FFF71C
:10E25400CBFE0346002B16D0009B02221A72019BB0
:10E26400042283F83320019B303300211846FFF742
:10E2740059FE0390039B002B01D0039B07E0019BF5
:10E2840005229A7002E0019B03229A70002318462B
:10E2940005B05DF804FB00B585B001900091019BC9
:10E2A400DB699AB2009B5A81019B1B6A9AB2009B5C
:10E2B4009A81019B5B79002B24D0019B93F8D43085
:10E2C40083F00103DBB2002B1CD00198FFF78CFE16
:10E2D4000346002B16D0009B02221A72019B0422D3
:10E2E40083F83320019B303300211846FFF71AFED0
:10E2F4000390039B002B01D0039B07E0019B0622A4
:10E304009A7002E0019B04229A700023184605B01B
:10E314005DF804FB82B001900B468DF80330019B3D
:10E324009DF8032083F8242000BF02B0704730B565
:10E3340087B001900091009B002B02D0019B002B21
:10E3440001D10E23FFE0019B01221A70019B0022E0
:10E35400DA70019A009B141D03F178050FCD0FC4E8
:10E3640095E80F0084E80F00019B002283F8242025
:10E37400009BD3F89820019BC3F8CC20009BD3F8D2
:10E384009C20019BC3F8D020019B4FF6FF72A3F899
:10E39400C820019B253307220021184607F030FDD1
:10E3A400019B30333C220021184607F029FD009BD5
:10E3B4001A78019B83F83020009B9A78019B83F89C
:10E3C4003220009BDA78019B83F83320009B5A7833
:10E3D400019B83F83120019B009A4033103292E86C
:10E3E400030083E80300019B009A3833083292E863
:10E3F400030083E80300019B009A4833183292E833
:10E40400030083E80300009B93F82D20019B83F80D
:10E414005D20009B5B6A002B2ED0019B03F16C02F4
:10E42400019B5A65019B03F17802019B5A67009B8B
:10E434005A6A019B5B6D12881A80009B5A6A019B81
:10E444005B6D92889A80002305930EE0009B5B6AC3
:10E454009A68059B13441978019A059B13447833F1
:10E464000A461A70059B01330593019B5B6D9B88DB
:10E474001A46059B9342E9D3009B9B6A002B3AD032
:10E48400019B03F1A402019BC3F8A020019B03F1AB
:10E494009802019B9A65019B9B6D019AA4329A6034
:10E4A400009B9A6A019B9B6D92889A80009B9A6A52
:10E4B400019B9B6D12881A80002304930EE0009B3D
:10E4C4009B6A9A68049B13441978019A049B134429
:10E4D400A4330A461A70049B01330493019B9B6D79
:10E4E4009B881A46049B9342E9D3009B93F82C2003
:10E4F400019B83F85C20009B1B6A002B10D0019BBE
:10E5040003F1C402019B1A65009B1A6A019B1B6DEF
:10E5140052885A80009B1A6A019B1B6D12881A80CC
:10E52400009B5B68002B03D0009B5A68019B5A63D5
:10E53400019B03F13002009B3C3319461046FFF760
:10E54400F1FC0390039B184607B030BD00B589B0B9
:10E5540001900B468DF80330019B1B7883F0010377
:10E56400DBB2002B01D00823D2E0019B9DF80320ED
:10E57400DA70FFF7D1FD0346002B04D0019B012282
:10E584005A700023C4E0019B25330722002118465A
:10E5940007F036FC019B9B79002B03D0019BDB78B1
:10E5A400012B0FD0019BDB79002B03D0019BDB787F
:10E5B400012B07D0019BDB79002B16D0019BDB7864
:10E5C400022B12D1019BD3F8CC30002B09D0019B34
:10E5D400012283F82C20019BD3F8CC3008209847E3
:10E5E40003E0019B002283F82C209DF80330194698
:10E5F4000198FFF799FD03461A46019BDA70019BC7
:10E60400D3F8CC30002B21D0019BDB78032B03D033
:10E61400019BDB78042B19D1019B5B79002B15D06E
:10E62400019B93F8D43083F00103DBB2002B0DD0AF
:10E63400019B002283F8D620019B012283F8D52078
:10E64400019BD3F8CC300720984703E0019B0022BC
:10E6540083F8D52003AB10220021184607F0D0FB25
:10E6640000238DF80C3000238DF81430019BDB78E7
:10E67400042B2DD801A252F823F000BFCDE60200EE
:10E6840095E60200A3E60200B1E60200BFE602003E
:10E6940003AB19460198FFF78BFD079019E003AB14
:10E6A40019460198FFF79CFD079012E003AB194649
:10E6B4000198FFF7B1FD07900BE003AB19460198F1
:10E6C400FFF7E9FD079004E0019B00229A7000E047
:10E6D40000BF019BDB78002B0DD0019B93F8242015
:10E6E40003AB11461846FFF777FC0790079B002BF6
:10E6F40001D0079B0CE0019BD3F8CC30002B06D053
:10E70400019BD3F8CC30019A9278104698470023A5
:10E71400184609B05DF804FB00B585B0019000917E
:10E72400009B0393019B1B881B2B10D01B2B13DC1A
:10E73400102B02D0112B05D00EE001990398FFF79E
:10E744008BFC0AE001990398FFF795FC05E0019919
:10E754000398FFF7BCFC00E000BF00BF05B05DF804
:10E7640004FB00B585B001900091009B0393019BCD
:10E77400023B012B1BD8039B5B78002B19D0039B16
:10E7840000225A70039BDB7819460398FFF7DEFEDC
:10E794000290029B002B0CD0039BD3F8D030002BAB
:10E7A40007D0039BD3F8D0300298984701E000BF0C
:10E7B40000E000BF00BF05B05DF804FB00B585B004
:10E7C4000190FFF70DFC019B012283F8D420019BEB
:10E7D400002283F8D620019B062283F83320019B74
:10E7E400303300211846FFF79DFB0390039B002B59
:10E7F40001D0039B14E0019BDB7819460198FFF7D5
:10E80400A5FE0390039B002B09D0019BD3F8D030C5
:10E81400002B04D0019BD3F8D030039898470023F1
:10E82400184605B05DF804FB75DF704700BF184655
:10E8340076DF704700BF18467ADF704700BF18467E
:10E844007BDF704700BF184684B00346ADF806303E
:10E854000023039316E00F49039A13469B001344C5
:10E864009B000B441B88BDF806209A4207D1039AEB
:10E8740013469B0013449B00064A134406E0039B83
:10E8840001330393039B002BE5D00023184604B007
:10E89400704700BF4030002082B001900B46ADF8B5
:10E8A4000230019BBDF802201A80019B00221A72DB
:10E8B400019B054903F10A020B4603CB106051602A
:10E8C40000BF02B0704700BF7030002082B00190DA
:10E8D400019B4FF6FF721A8000BF02B0704788B0E8
:10E8E4000390029111461A460B46ADF806301346C2
:10E8F400ADF80430039B9B881A46BDF806301344D8
:10E904000793039B9B881946039B9B88BDF80620AD
:10E91400934228BF13469BB2CB1A0693039BDB8812
:10E924001A46BDF8043013440593039BDB8819464B
:10E93400039BDB88BDF80420934228BF13469BB297
:10E94400CB1A0493029B5A88039B1B889A4205D3D3
:10E95400029B5A88039B5B889A4201D900231CE0DE
:10E96400029B9B881A46069B934205D8029B9B8870
:10E974001A46079B934201D200230EE0029BDB88D8
:10E984001A46049B934205D8029BDB881A46059BD2
:10E99400934201D2002300E00123184608B07047D7
:10E9A40000B583B00190064B9B69002B03D0044B48
:10E9B4009B690198984700BF03B05DF804FB00BF52
:10E9C4005430002000B585B003460091ADF8063000
:10E9D400BDF8063000991846FFF726FF0390039B05
:10E9E400002B05D0039B112B02D00398FFF7D8FF0F
:10E9F400039B002B0CBF01230023DBB2184605B098
:10EA04005DF804FB00B589B00190019B0793079B57
:10EA14009BB21846FFF718FF0690069B002B42D0C6
:10EA2400069B1A7A224B1B7B9A4215D2079B9AB2F9
:10EA3400069B0A3319461046FFF7C4FF03468DF8B8
:10EA440013309DF81330002B2DD0069B1B7A013315
:10EA5400DAB2069B1A7226E0069B00221A72144B45
:10EA64001B7C002B0FD0079B9BB23B211846FFF762
:10EA7400DFFE0590059B002B05D0059B082B02D0DB
:10EA84000598FFF78DFF0A4B5B69002B0BD0002321
:10EA94008DF80C30079B9BB2ADF80E30044B5B69CC
:10EAA40003AA1046984700BF09B05DF804FB00BFF5
:10EAB4005430002030B587B00190019B002B01D168
:10EAC4000E2353E02B4A019B14461D460FCD0FC461
:10EAD40095E8070084E80700264B274A1A60019B43
:10EAE4001B68002B11D0019B1B681846FFF7A4FE7E
:10EAF4000490049B002B01D0049B37E0019B1A680F
:10EB04001D4B1068516803C308E01B48FFF798FECB
:10EB14000490049B002B01D0049B27E00023059361
:10EB240020E0059A13469B0013449B00134A1344A8
:10EB340003930398FFF7CAFE059B5B01104A1A442E
:10EB4400039B5A60039B04330E4A00211846F6F7D0
:10EB540003FF0490049B002B01D0032306E0059BD4
:10EB640001330593059B002BDBD00023184607B027
:10EB740030BD00BF543000207030002040300020F1
:10EB84002030002009EA020000B587B00346009156
:10EB9400ADF80630009B5B7A002B1AD1009B1B7AE0
:10EBA400002B03D1164B5B68059302E0144B9B6862
:10EBB4000593009B5B68BDF8062005991846F6F797
:10EBC400FBFE0490049B002B16D00498FFF7E8FE8C
:10EBD40012E0009B00221A72094B5B69002B0BD0D8
:10EBE40001238DF80C30BDF80630ADF80E30044B1F
:10EBF4005B6903AA1046984700BF07B05DF804FBA1
:10EC04005430002000B585B00190019BDB7B8DF86A
:10EC14000F30019B9B88ADF80C309DF80F30012B11
:10EC24002CD14FF6FF70FFF70FFE0290029B002BD2
:10EC340003D10420FFF7B4FE21E0BDF80C301946DF
:10EC44000298FFF729FE029B03F10A00019B03F1DE
:10EC540010014FF6FF7340F2F312FFF740FE034634
:10EC64001A46029B5A72074BDB89002B07D1BDF869
:10EC74000C3002991846FFF787FF00E000BF05B08B
:10EC84005DF804FB5430002000B587B00190019B6F
:10EC94009B88ADF81630BDF816301846FFF7D4FD42
:10ECA4000490049B002B0ED0049B5B681846F6F777
:10ECB400B5FE0390039B002B02D00398FFF770FE70
:10ECC4000498FFF703FE00BF07B05DF804FB0000E3
:10ECD40000B587B00190019B06330593059B1A8804
:10ECE400194BDB899A422BD1059B5B89022B27D1D7
:10ECF400019B9B88ADF81230BDF812301846FFF71F
:10ED0400A3FD0390039B002B1AD0059B0C331846DC
:10ED140000F097FA0346002B06D0BDF81230039991
:10ED24001846FFF731FF0BE0039B5B681846F6F7C4
:10ED340075FE0290029B002B02D00298FFF730FE72
:10ED440000BF07B05DF804FB5430002000B585B067
:10ED54000190019B9B88ADF80E30BDF80E3018462B
:10ED6400FFF772FD0290029B002B15D0029B03F16A
:10ED74000A00019B03F108014FF6FF7340F2F312FE
:10ED8400FFF7ADFD03461A46029B5A72BDF80E30DA
:10ED940002991846FFF7F8FE00BF05B05DF804FBC2
:10EDA40000B583B001900091019B1B88502B12D0B9
:10EDB400502B18DC122B12D0122B14DC102B02D087
:10EDC400112B04D00FE00198FFF71CFF0CE0019811
:10EDD400FFF75AFF08E00198FFF77AFF04E0019873
:10EDE400FFF7B4FF00E000BF00BF03B05DF804FB11
:10EDF40000B585B00346ADF80630164B5B6CDB43BB
:10EE04001846FAF76FFC0346ADF80E30BDF80E3025
:10EE14004FF6FF72934217D0BDF80E300D4A5B00D7
:10EE24001344BDF806209A80BDF8062001230A4940
:10EE34000A48FAF779FCBDF8062001230849074877
:10EE4400FAF772FC012300E00023184605B05DF8D0
:10EE540004FB00BF78300020C03000207C3000204C
:10EE6400BC30002000B585B00346ADF80E30BDF8C7
:10EE74000E30002200921D2203490448FAF76FFC69
:10EE840000BF05B05DF804FBBC3000207C300020DE
:10EE940000B583B00346ADF80630BDF80620002364
:10EEA40003490448FAF740FC00BF03B05DF804FBD3
:10EEB400C03000207C30002000B5A5B0144B9B6C02
:10EEC400DA43134B5B6C1A406B4612491846FAF747
:10EED400B8FC12AB69464422184606F05FFF0023D3
:10EEE40023930BE0239B5B0090336B4433F8443C47
:10EEF4001846FFF7B7FF239B01332393129B239AF2
:10EF04009A42EFD300BF00BF25B05DF804FB00BFF9
:10EF1400783000207C30002082B003468DF8073022
:10EF2400074B1B689DF80720012101FA02F21340E8
:10EF3400002B14BF01230023DBB2184602B0704734
:10EF44007830002082B003468DF80730064B1B68EA
:10EF54009DF80720012101FA02F21343024A1360CB
:10EF640000BF02B0704700BF7830002000B585B004
:10EF740001900091019B1B881A2B30D01A2B4FDC77
:10EF8400102B02D0112B24D04AE0FFF795FF019BF0
:10EF94009B881846FFF72CFF034683F00103DBB27E
:10EFA400002B05D0204AE5210420F5F749FE37E07F
:10EFB400019BDB7B022B0CBF012300238DF80F3058
:10EFC400019B9A889DF80F3018491948FAF7ACFB51
:10EFD40026E0019B9B881846FFF75AFF20E0019B1F
:10EFE4009A88019B1B7AC3F30313DBB2012B8CBFFA
:10EFF40001230023DBB20F490D48FAF795FB019B6F
:10F004009A88019B1B7AC3F30313DBB2022B8CBFD8
:10F0140001230023DBB208490548FAF785FB00BF4A
:10F0240000BF05B05DF804FBDC700300C4300020B1
:10F034007C300020C8300020CC30002000B585B0E2
:10F044000346ADF8063000238DF80F30124B5B6C8D
:10F05400BDF8062019461148FAF7CAFB0346002BEF
:10F0640013D00D4BDB6CBDF8062019460B48FAF79C
:10F07400BFFB03468DF80E309DF80E30002B01D0F7
:10F08400022300E001238DF80F309DF80F3018465D
:10F0940005B05DF804FB00BF783000207C30002010
:10F0A40000B583B00346ADF80630064B1B6DBDF8C2
:10F0B400062019460448FAF79BFB0346184603B09A
:10F0C4005DF804FB783000207C30002000B583B06C
:10F0D4000190054B5A6C019B04491846FAF7B1FBA1
:10F0E400019803B05DF804FB783000207C300020E8
:10F0F40000B583B000238DF8073017E09DF8073082
:10F104001846FFF709FF034683F00103DBB2002B27
:10F1140007D09DF807301846FFF714FF9DF8073015
:10F1240009E09DF8073001338DF807309DF807306A
:10F13400172BE3D91823184603B05DF804FB00002D
:10F1440000B583B003460A46ADF8063013468DF881
:10F1540005309DF805301846FFF7DEFE0346002B08
:10F164000ED09DF80530094A14339B0013449B6864
:10F17400BDF8062019460648FAF73AFB034600E0B4
:10F184000023184603B05DF804FB00BF783000206C
:10F194007C30002000B583B00346ADF806300B4642
:10F1A4008DF8053013468DF804309DF80530184667
:10F1B400FFF7B2FE0346002B0ED09DF80530143342
:10F1C4009B00074A134403F108019DF80430BDF87D
:10F1D40006200448FAF7A8FA00BF03B05DF804FB60
:10F1E400783000207C30002000B583B003468DF8D1
:10F1F40007309DF807301846FFF78EFE0346002BB4
:10F2040007D09DF80730054A14339B0013449B68CC
:10F2140000E00023184603B05DF804FB78300020BA
:10F2240082B00190019B1B781AB2019B01331B78B9
:10F234001BB21B021BB213431BB29BB2184602B093
:10F24400704700B585B001900198FFF7E9FF0346C8
:10F25400ADF80E30BDF80E3003F00103002B14BFDF
:10F2640001230023DBB2184605B05DF804FB00B5AA
:10F2740085B001900198FFF7D3FF0346ADF80E3037
:10F28400BDF80E3003F00203002B14BF012300234A
:10F29400DBB2184605B05DF804FB82B00190019B17
:10F2A400002B14BF01230023DBB2184602B07047C1
:10F2B400024B00221A7000BF704700BF303100209B
:10F2C40000B585B00190019B5B88184601F03CF8BD
:10F2D40003461A46019B9A800023039308E0084AD8
:10F2E400039B52F8233001989847039B01330393FF
:10F2F400039B002BF3D000BF00BF05B05DF804FBF7
:10F304006C22002082B00190019B9B79012B0BD1D0
:10F31400019B1B79012B07D1019B5B8842F60212EA
:10F32400934201D1012300E0002303F00103DBB287
:10F33400184602B0704700B589B003460091ADF895
:10F34400063003AB00221A605A609A60DA601A61D0
:10F3540007238DF80C30BDF80630ADF80E30009B55
:10F36400059303AB1846FFF7ABFF00BF09B05DF888
:10F3740004FB000000B58BB00346ADF80630002353
:10F384008DF8273003AB00221A605A609A60DA6065
:10F394001A61BDF80630ADF80E30BDF806304FF6F0
:10F3A400FF72934242D0BDF80630184600F043FC89
:10F3B4000890089B43F2020293422CD0089B43F22C
:10F3C4000202934220D8089B112B11D0089B112BC9
:10F3D4001AD8089B002B03D0089B0B2B0CD013E0EE
:10F3E4000E238DF80C3003AB1846FFF769FF13E0CA
:10F3F40001238DF827300FE00F238DF80C3003AB79
:10F404001846FFF75DFF07E0BDF806300899184677
:10F41400FFF791FF00E000BF064B19789DF8272005
:10F42400BDF806301846FFF7B5FE00E000BF0BB08C
:10F434005DF804FB3331002000B583B003460A466F
:10F44400ADF8063013468DF80530064B19789DF853
:10F454000520BDF806301846FFF79CFE00BF03B038
:10F464005DF804FB3231002000B58BB00346ADF8E3
:10F47400063000238DF8273000238DF82630BDF8A0
:10F484000630184600F064FB0890089B43F2020221
:10F49400934233D0089B43F20202934227D8089B3D
:10F4A400862B11D0089B862B21D8089B002B03D0D8
:10F4B400089B112B04D01AE001238DF826301EE09E
:10F4C40001238DF827301AE003AB00221A605A603A
:10F4D4009A60DA601A6106238DF80C30BDF80630A4
:10F4E400ADF80E3003AB1846FFF7EAFE07E0BDF8AF
:10F4F400063008991846FFF71EFF00E000BF9DF88C
:10F504002720BDF8063011461846FFF795FF9DF8F1
:10F51400263018460BB05DF804FB000000B58BB034
:10F524000346ADF8063001238DF8273000238DF80B
:10F534002630BDF80630184600F02AFC0890089BD7
:10F5440043F2014293425AD0089B43F20142934250
:10F554005BD8089B112B29D8089B112B55D801A2E5
:10F5640052F823F0BDF502000FF602000FF6020078
:10F574000FF602000FF602000FF60200E9F5020092
:10F584000FF60200E9F502000FF602000FF6020082
:10F594000FF602000FF602000FF602000FF602004B
:10F5A4000FF602000FF602001DF60200089B43F25C
:10F5B4000202934232D028E003AB00221A605A6060
:10F5C4009A60DA601A6110238DF80C30BDF80630A9
:10F5D400ADF80E3001238DF8263003AB1846FFF743
:10F5E4006FFE1CE000238DF82730BDF80630184666
:10F5F40000F0AAFE0346184600F0FEFB0FE0BDF83B
:10F6040006301846FFF7B6FE09E0BDF80630089943
:10F614001846FFF790FE02E000BF00E000BF0B4B6E
:10F6240019789DF82720BDF806301846FFF7B2FD7B
:10F63400074B19789DF82620BDF806301846FFF7C9
:10F64400A9FD00BF0BB05DF804FB00BF34310020FE
:10F654003531002000B597B003468DF807309DF88A
:10F6640007301846FFF7C0FD03461846FFF715FE9E
:10F674000346002B61D003AB1846FFF727FD002398
:10F68400159354E0159B5B0058336B4433F8483CA6
:10F69400ADF852309DF80720BDF852301146184697
:10F6A400FFF74EFD0346002B3ED0254B1B789DF8FB
:10F6B40007209A4205D1BDF852301846FFF75AFE8A
:10F6C40032E0204B1B789DF807209A4213D1002189
:10F6D4001D4803F0C8FA0346002B25D0BDF852306C
:10F6E4001846FFF7C1FE0346002B25D1002116481A
:10F6F40003F0DCFA18E0154B1B789DF807209A42BA
:10F7040012D1134B1A78BDF8523011461846FFF740
:10F7140017FD034683F00103DBB2002B04D0BDF8D0
:10F7240052301846FFF7FAFE159B01331593039BDD
:10F73400159A9A42A6D300E000BF17B05DF804FB07
:10F7440033310020323100203131002034310020A7
:10F754003531002008B5034B1B781846FFF77AFFB4
:10F7640000BF08BD3331002008B5034B1B78184691
:10F77400FFF770FF00BF08BD3231002008B5034B0E
:10F784001B781846FFF766FF00BF08BD3431002020
:10F7940000B583B00190019B1B78002B15D1019B10
:10F7A4005B881846FFF7E6FD019B5B88184600F06E
:10F7B400CBFA0346002B0AD0019B5B88064A1178DA
:10F7C40001221846FFF7E6FC01E000BF00E000BF9D
:10F7D40000BF03B05DF804FB3431002000B589B0EC
:10F7E4000190019B1B78082B54D1019B5B7A002B61
:10F7F40050D1019B1B7A082B42D0082B45DC012BEE
:10F8040016D0072B41D1019B9B88184600F040FE7F
:10F814000346ADF81E30BDF81E304FF6FF7293421A
:10F8240035D0BDF81E3001211846FFF705FE2EE045
:10F83400019B9B8803AA0121184602F0D7F9069080
:10F84400069B002B25D1049B1B78002B21D0019B08
:10F854009B88184600F01CFE0346ADF81630BDF830
:10F8640016304FF6FF72934213D00D4B1978BDF842
:10F87400163001221846FFF78DFCFFF77FFF08E0E2
:10F884000021084803F012FA04E000BF02E000BFC0
:10F8940000E000BFFFF768FF00BF09B05DF804FB9C
:10F8A400343100203131002008B5FFF701FDFFF7A6
:10F8B4001FFC03461A46184B1A70FFF719FC03463F
:10F8C4001A46164B1A70FFF713FC03461A46144BDC
:10F8D4001A70FFF70DFC03461A46124B1A700E4BB2
:10F8E4001B78182B0BD00D4B1B78182B07D00C4B07
:10F8F4001B78182B03D00B4B1B78182B01D1032337
:10F9040007E00121084803F098F9084B01221A7016
:10F914000023184608BD00BF3231002033310020D7
:10F9240034310020353100203131002030310020C5
:10F9340000B589B00190019B9B88ADF81E30019BF6
:10F944001B88542B0BD0542B4ADC502B37D0522B12
:10F9540046D1BDF81E301846FFF70CFD40E002AB5F
:10F9640000221A605A609A60DA601A6111238DF8D5
:10F974000830BDF81E30ADF80A30BDF81E30184608
:10F9840000F0E2FC0346ADF80C30BDF80C3018462C
:10F9940000F032FA164B1978BDF81E3000221846D2
:10F9A400FFF7F8FB134B1978BDF81E3000221846F8
:10F9B400FFF7F0FB02AB1846FFF782FC10E0019B57
:10F9C40006331846FFF79EFC0346002B07D0BDF80C
:10F9D4001E3001211846FFF72FFDFFF7C5FE00BFBB
:10F9E400FFF7B8FEFFF7CAFE00BF09B05DF804FBDD
:10F9F400353100203431002000B593B000F094F983
:10FA04006B461846FFF762FB0023ADF8463021E051
:10FA1400BDF846305B0048336B4433F8443C184629
:10FA240000F092FC03461A464FF6FF739A420CD13B
:10FA3400BDF846305B0048336B4433F8443C0B4A12
:10FA4400117801221846FFF7A5FBBDF846300133B3
:10FA5400ADF84630BDF84620009B9A42D8D3FFF754
:10FA64008DFE00BF13B05DF804FB00BF34310020ED
:10FA7400A7DF704700BF1846A9DF704700BF1846CC
:10FA8400AADF704700BF1846ABDF704700BF1846B7
:10FA9400044B00221A70044B4FF6FF721A8000BF09
:10FAA400704700BF363100203831002000B585B0E2
:10FAB400164A01AB92E8030083E80300144B1B8849
:10FAC40001A90022184602F080FA039010E0104BBE
:10FAD4001B88184602F041FA03461A460C4B1A805A
:10FAE4000B4B1B8801A90022184602F06EFA039002
:10FAF400074B1B884FF6FF72934202D0039B112BD6
:10FB0400E5D100BF05B05DF804FB00BF3071030010
:10FB14003831002000B583B00190064B1B884FF6A6
:10FB2400FF72934201D0FFF7C1FF00BF03B05DF83D
:10FB340004FB00BF3831002008B5FFF7A9FF034BD1
:10FB440001221A700023184608BD00BF3631002078
:10FB540000B58BB00346ADF80630BDF80630184644
:10FB640000F0F2FB0346ADF81E30BDF81E304FF630
:10FB7400FF72934202D143F2020358E00123ADF82D
:10FB8400223000238DF8213000238DF82130BDF878
:10FB940022305A1CADF822201A4603ABBDF81E00D1
:10FBA400082102F039F80990099B002B35D1049BF8
:10FBB4000693069B03221A60069B991D069B1A1D39
:10FBC400069B1B68BDF80600FFF75AFF0990099BC6
:10FBD400002B09D1BDF81E20BDF81E30082118469F
:10FBE40002F088F909901DE0099B0C2B03D1012335
:10FBF4008DF8213004E0099B052B01D100230993E2
:10FC0400BDF81E300821184602F0E8F80590059B5F
:10FC1400002B07D00323099304E0099B072B01D190
:10FC24000C2309939DF82130002BADD1099B184674
:10FC34000BB05DF804FB00B58BB00346ADF806309D
:10FC4400BDF80630184600F07FFB0346ADF81430CB
:10FC5400002308930023ADF81E30032306930123E9
:10FC64008DF81730BDF814304FF6FF72934216D05A
:10FC740002AABDF814300821184601F0B7FF099014
:10FC8400099B002B0BD1039B0493049B063308931D
:10FC9400049B9B88ADF81E30049B1B680693BDF83B
:10FCA4001E20BDF80600069B0899FFF7E5FE0990A3
:10FCB400099B042B02D11123099324E0099B082BEF
:10FCC40002D1002309931EE0099B0B2B1BD10023B7
:10FCD4008DF81730069B03F00203002B02D001239A
:10FCE400069310E0089B002B03D1BDF81E30002BB7
:10FCF40007D0002308930023ADF81E300323069396
:10FD040001E003230993099B0B2BC8D09DF81730FE
:10FD140083F00103DBB2002B01D00B230993099B71
:10FD240018460BB05DF804FB08B54FF6FF7002F0FF
:10FD340014F903461A46034B1A80FFF7B7FE00BFB7
:10FD440008BD00BF3831002000B589B00346ADF8C6
:10FD540006300DF117030493BDF80630184600F081
:10FD6400F3FA0346ADF81E3003AABDF81E30012194
:10FD7400184601F03BFF0690069B002B01D00023A0
:10FD840001E0049B1B78184609B05DF804FB0000F1
:10FD940000B585B00346ADF806304FF6FF73ADF8F5
:10FDA4000E301448FFF770FE0290029B002B01D026
:10FDB40003231AE00F4B1988BDF80E20BDF8063056
:10FDC4001846FFF755FE0290029B43F2030293424A
:10FDD40005D1084B1B8801339AB2064B1A80029B4B
:10FDE40043F203029342E5D0029B184605B05DF846
:10FDF40004FB00BF3A31002000B585B00346ADF8DE
:10FE04000630084A02AB92E8030083E8030002A923
:10FE1400BDF806300022184602F0D7F800BF05B03E
:10FE24005DF804FB3871030043DF704700BF1846D8
:10FE340082B00D4B18221A70002301930DE00B4978
:10FE4400019A13465B0013449B000B4402334FF6A4
:10FE5400FF721A80019B01330193019B132BEED98E
:10FE640000BF00BF02B07047303200204031002094
:10FE740000B585B001900023039308E0084A039B72
:10FE840052F8233001989847039B01330393039B53
:10FE9400012BF3D900BF00BF05B05DF804FB00BF20
:10FEA4004871030000B583B0002301931AE011499F
:10FEB400019A13465B0013449B000B4402331B88D6
:10FEC4000D4A127811461846FFF73AF9034683F0B3
:10FED4000103DBB2002B02D0019BDBB206E0019BE5
:10FEE40001330193019B132BE1D9FF23184603B07F
:10FEF4005DF804FB403100203032002000B585B0AD
:10FF04000346ADF80630144B1A78BDF80630114696
:10FF14001846FFF715F90346002B18D00023039366
:10FF240012E00E49039A13465B0013449B000B44F2
:10FF340002331B88BDF806209A4202D1039BDBB230
:10FF440006E0039B01330393039B132BE9D9FF239F
:10FF5400184605B05DF804FB303200204031002023
:10FF640000B585B003460091ADF80630FF238DF847
:10FF74000F30009B002B49D0BDF806304FF6FF72BE
:10FF8400934243D0244B1978BDF806300122184619
:10FF9400FFF700F9BDF806301846FFF7AFFF034638
:10FFA4008DF80F309DF80F30FF2B04D1FFF77AFF47
:10FFB40003468DF80F309DF80F30FF2B26D09DF8A7
:10FFC4000F20164913465B0013449B000B44023375
:10FFD400BDF806201A809DF80F20104913465B00D7
:10FFE40013449B000B444FF6FF721A809DF80F20B8
:0CFFF4000A4913465B0013449B000B44B9
:020000023000CC
:10000000009A0433106818609188927999809A71E7
:100010009DF80F30184605B05DF804FB3032002023
:100020004031002084B00190002303930AE0019A3C
:10003000039B13441B78002B01D0012306E0039B94
:1000400001330393039B0F2BF1D90023184604B00F
:10005000704700B583B001900091019B002B02D046
:10006000009B002B01D100231BE0019B1B78C3F3F5
:100070004603DAB2009B1B78C3F34603DBB29A4215
:1000800001D000230DE0019B581C009B0133062288
:10009000194605F049FE0346002B0CBF012300233F
:1000A000DBB2184603B05DF804FB30B599B001909F
:1000B000019B1B88102B40F08780019B0AAC1D1D03
:1000C0000FCD0FC40FCD0FC40FCD0FC42B6823600D
:1000D0004FF6FF73ADF85E309DF82C3023F001032E
:1000E000DBB2062B47D001F095F89DF82C30C3F316
:1000F0004603DBB2012B02DC002B15DA3BE0022BBE
:100100002ED038E0089B03F111020AAB04331146EC
:100110001846FFF79EFF0346002B05D0BDF826309A
:10012000ADF85E3000BF26E007AA0DF126031946A0
:10013000072001F079F80346002BE3D11BE0089B70
:100140005A1C0AAB04331146184600F09FFA0346C6
:10015000002B05D0BDF82630ADF85E3000BF09E0B9
:1001600007AA0DF126031946072001F05DF80346A2
:10017000002BE4D100BFBDF828200AAB0433194698
:100180001046FFF7EFFE03468DF85D30BDF85E3098
:100190004FF6FF72934218D0BDF82830BDF85E20AC
:1001A0001146184600F0E4F9BDF82830ADF80A30E1
:1001B000BDF85E30ADF80C3000238DF8083002AB8E
:1001C0001846FFF757FE00E000BF19B030BD00B57C
:1001D00087B001900091019B11330593009B11336F
:1001E0000493019B581C009B01331022194605F013
:1001F0009BFD0346002B11D1019B01331846FFF7ED
:1002000011FF0346002B09D0009B01331846FFF76E
:1002100009FF0346002B01D0012300E000238DF8E5
:100220000F309DF80F3003F001038DF80F30049963
:100230000598FFF70EFF03468DF80E30059B1B78DF
:1002400023F00103DBB2042B16D0059B1B7823F0AF
:100250000103DBB2062B0FD0049B1B7823F00103B4
:10026000DBB2042B08D0049B1B7823F00103DBB224
:10027000062B01D0012300E000238DF80D309DF8FE
:100280000D3003F001038DF80D309DF80E30002B7A
:1002900003D09DF80D30002B0AD19DF80F30002BB4
:1002A00008D09DF80D3083F00103DBB2002B01D0A4
:1002B000012300E0002303F00103DBB2184607B07E
:1002C0005DF804FB00B587B001900B46ADF8023035
:1002D00000F0A0FF10E0BDF81630BDF802209A42F1
:1002E0000AD0049B19460198FFF771FF0346002BC3
:1002F00002D0BDF816300BE003AA0DF11603194623
:10030000072000F091FF0346002BE4D14FF6FF7366
:10031000184607B05DF804FB08B5FFF78BFDFEF744
:10032000E9FE03461A46074B1A70064B1B78182B3A
:1003300001D1032303E0044B01221A700023184665
:1003400008BD00BF303200203C31002000B585B030
:100350000346ADF80630BDF806301846FFF7D0FD6D
:1003600003468DF80F309DF80F30FF2B09D09DF814
:100370000F20074913465B0013449B000B441B8866
:1003800001E04FF6FF73184605B05DF804FB00BFAF
:100390004031002000B585B003460091ADF806302D
:1003A000BDF806301846FFF7ABFD03468DF80F3059
:1003B0009DF80F30FF2B12D09DF80F2000980A49AE
:1003C00013465B0013449B000B4402460433186839
:1003D000106099889B7991809371002300E0052338
:1003E000184605B05DF804FB4031002000B583B02D
:1003F00001900091019800F077F8034683F0010323
:10040000DBB2002B01D0002315E0019B1A88009B72
:100410001B889A4201D000230DE0019B981C009B91
:1004200002330822194605F07FFC0346002B0CBF5F
:1004300001230023DBB2184603B05DF804FB00B5CE
:1004400087B0019000F0E6FE14E0049B46331946A5
:100450000198FFF7CBFF0346002B08D1049B2A33FA
:1004600019460198FFF7C2FF0346002B02D0BDF8E2
:1004700016300BE003AA0DF116031946072000F011
:10048000D3FE0346002BE0D14FF6FF73184607B0AA
:100490005DF804FB84B00346ADF8063000230393F7
:1004A00018E01049039A13465B0013449B000B4469
:1004B0001B88BDF806209A4209D10A49039A1346BF
:1004C0005B0013449B000B4402331B8807E0039B33
:1004D00001330393039B132BE3D94FF6FF731846A5
:1004E00004B070474031002084B00190019B1B880C
:1004F000002B01D0012312E0002303930BE0019AAB
:10050000039B134402331B78002B01D0012306E028
:10051000039B01330393039B072BF0D90023184659
:1005200004B0704700B585B003460A46ADF8063002
:100530001346ADF80430BDF806301846FFF7E0FC6E
:1005400003468DF80F309DF80F30FF2B0AD09DF831
:100550000F20064913465B0013449B000B44BDF873
:1005600004201A8000BF05B05DF804FB4031002074
:1005700000B583B003460A46ADF806301346ADF821
:100580000430BDF80420BDF8063011461846FFF7C8
:10059000C9FF00BF03B05DF804FB00B585B003469A
:1005A000ADF80630BDF806301846FFF773FF034676
:1005B000ADF80E30BDF80630184601F0CDFA0290C5
:1005C000BDF80E304FF6FF72934209D0029B002B0C
:1005D00006D1BDF80E304FF6FF711846FFF7A2FFA7
:1005E000029B184605B05DF804FB00B595B003907A
:1005F00002910192002313930DE0139BC3F10F03AB
:10060000039A1344197805AA139B13440A461A70D7
:10061000139B01331393139B0F2BEED905AB1033B0
:100620000D220021184605F0EDFB002312930DE08A
:10063000029A129B1A44129BC3F10F031278503393
:100640006B4403F82C2C129B01331293129B022B48
:10065000EED905AB1846FFF7E9FB002311930DE037
:10066000119BC3F10F020199119B0B4450326A4454
:1006700012F81C2C1A70119B01331193119B022B41
:10068000EED900BF00BF15B05DF804FB00B587B020
:1006900001900091019B1B7823F00103DBB2042B36
:1006A00001D000231FE0019B5A1C05AB11889278F2
:1006B00019809A70019B1A1D03AB118892781980DA
:1006C0009A70009B04AA03A91846FFF78EFF04A99D
:1006D00005AB0322184605F027FB0346002B0CBF91
:1006E00001230023DBB2184607B05DF804FB90DF5E
:1006F000704700BF18469EDF704700BF1846ADDF49
:10070000704700BF184682B00190019B17221A80E3
:10071000019B17225A80019B00221A71019B002223
:100720005A71019B1B229A71019B1B22DA7100BF37
:1007300002B0704700B587B003460091ADF80630AF
:10074000BDF80630009ADB0013441B7BADF80C307B
:10075000BDF80630009ADB0013441B7BADF80E3069
:100760000023ADF810300023ADF8123003A9BDF816
:10077000063000221846FFF7BAFF0590059B002BB4
:100780000AD0074B1B881B0443F00100BDF806206C
:10079000059B0449F3F7B7FA00BF07B05DF804FB07
:1007A000982100205C71030000B587B00190009192
:1007B000009B9B88ADF81630BDF81630DB00019A1F
:1007C000134406330493019B1A79049B9A71009B8E
:1007D000DB7B012B02D0022B05D009E0019B1A889C
:1007E000049B1A8004E0019B5A88049B1A8000BF76
:1007F000049B1A88049B5B889A4220D9049B1A8820
:10080000BDF8163011461846FFF775FF0390039B9D
:10081000002B03D1049B01225A7110E0039B112B82
:1008200003D1049B01221A7109E00D4B1B881B04A4
:1008300043F00103039A0B491846F3F753FA049B5C
:100840009A79049BDB799A4205D9BDF81630019953
:100850001846FFF76FFF00BF07B05DF804FB00BF4D
:1008600098210020BC71030000B583B00190009175
:10087000009B9B88DB00019A134406331846FFF760
:1008800042FF00BF03B05DF804FB00B587B00190E4
:100890000091009B9B88ADF81630009B5B89ADF8FA
:1008A0001430BDF81630DB00019A1344063304936C
:1008B000049B1B88BDF81420934228BF13469AB2AC
:1008C000049B5A80049B5B88172B38BF17239AB26E
:1008D000049B5A80019B1B69002B15D0049B5B79FC
:1008E000002B11D040F67723ADF80830BDF8163054
:1008F000ADF80A30049B5B88ADF80C30019B1B6996
:1009000002AA114601989847049B00225A71049B41
:1009100000221A7100BF07B05DF804FB00B589B072
:1009200001900091009B9B88ADF81A30009BDB88FA
:10093000ADF81830BDF81A30DB00019A13440633C5
:100940000593BDF81830172B38BF1723ADF81830B2
:10095000059B1B88BDF81820934228BF13469AB206
:10096000059B5A80059B00221A71059B1A88BDF8C9
:100970001A3011461846FFF7C2FE0790079B002B5E
:1009800009D0144B1B881B0443F00103079A12493A
:100990001846F3F7A7F9059B5B79002B16D1019B4D
:1009A0001B69002B13D040F67723ADF80C30BDF84F
:1009B0001A30ADF80E30059B5B88ADF81030019B06
:1009C0001B6903AA11460198984700E000BF09B0CF
:1009D0005DF804FB982100200072030030B593B04D
:1009E00001900091009B04AC1D1D0FCD0FC40FCDD5
:1009F0000FC40FCD0FC42B682360BDF81030ADF8C5
:100A00004630BDF81420BDF84630D1B2019ADB0063
:100A100013440A465A73019B1B69002B19D002AB81
:100A200000221A609A804DF67A23ADF80830BDF89E
:100A30004630ADF80A30BDF84630019ADB00134469
:100A40005B7B8DF80C30019B1B6902AA1146019853
:100A5000984700BF13B030BD00B58BB00190009136
:100A6000009B04330793079B1B88DB00019A134408
:100A700006330693079B9B888DF81730069B9B795E
:100A80009DF81720934228BF13468DF8273003ABFB
:100A900000221A605A609DF827309BB2ADF80C30E6
:100AA0009DF827309BB2ADF80E30079B1B8803A939
:100AB00000221846FFF71BFE0890089B002B09D068
:100AC000064B1B881B0443F00103089A044918468F
:100AD000F3F708F900BF0BB05DF804FB9821002084
:100AE0004472030000B585B001900091019B002B7A
:100AF00001D10E231DE0019B009A1A61019B172270
:100B00001A80019B17225A80019B1B221A71002315
:100B100003930AE0039BDB00019A13440633184653
:100B2000FFF7F1FD039B01330393039B002BF1D0EF
:100B30000023184605B05DF804FB000000B587B03F
:100B400001900091009B0593019B9B88ADF81230AA
:100B5000BDF81230002B40F09280019B1B88552B72
:100B600048D0552B55DC242B32DC102B51DB103BAD
:100B7000142B4ED801A252F823F000BFD70B03006C
:100B8000E10B0300130C0300130C0300130C030010
:100B9000130C0300130C0300130C0300130C0300CD
:100BA000130C0300130C0300130C0300130C0300BD
:100BB000130C0300130C0300130C0300130C0300AD
:100BC000130C0300130C0300090C0300FF0B0300BC
:100BD0003A2B0AD01DE001990598FFF7E5FD19E0D1
:100BE00001990598FFF740FE14E001990598FFF779
:100BF0004CFE0FE001990598FFF790FE0AE001997D
:100C00000598FFF7EBFE05E001990598FFF724FF33
:100C100000E000BFBDF81230059ADB0013449B7A58
:100C2000002B2DD0BDF81230059ADB001344DA8872
:100C3000BDF8123011461846FFF75DFD0390039B87
:100C4000002B0ED1BDF81230059ADB0013440022B0
:100C50009A72BDF81230059ADB0013440122DA7251
:100C60000EE0039B112B0BD0074B1B881B0443F09A
:100C70000103039A05491846F3F734F800E000BF72
:100C800007B05DF804FB00BF98210020BC71030091
:100C900000B585B00190019B4FF6FF725A8000238A
:100CA000039305E0064B01989847039B0133039398
:100CB000039B002BF6D000BF00BF05B05DF804FB1E
:100CC000511A030082B00346ADF80630BDF8063075
:100CD000A3F580439BB2184602B0704782B003462A
:100CE000ADF80630BDF8063003F580439BB21846D8
:100CF00002B0704782B003468DF807309DF8073088
:100D00009BB2A3F580439BB2184602B0704782B0F5
:100D10000346ADF80630BDF80630DBB2184602B027
:100D2000704782B00346ADF80630BDF80630B3F523
:100D3000404F07D3BDF806304FF6FF72934201D003
:100D4000012300E0002303F00103DBB2184602B0E8
:100D5000704782B00346ADF80630BDF80630B3F5F3
:100D6000404F07D3BDF806304FF6FF72934201D0D3
:100D7000012300E0002303F00103DBB2184602B0B8
:100D8000704782B003468DF807309DF80730072B77
:100D900013D09DF80730012B0FD09DF80730082B9A
:100DA0000BD09DF80730052B07D09DF80730062B98
:100DB00003D09DF80730042B01D1012300E000236C
:100DC00003F00103DBB2184602B0704700B589B0EA
:100DD00003460091ADF8063003AB00221A605A605A
:100DE0009A60DA601A6107238DF80C30BDF806307E
:100DF000ADF81030009B059303AB1846FFF748FF92
:100E000000BF09B05DF804FB00B589B001AB082252
:100E10000021184604F0F6FF4FF6FF7001F044FA87
:100E20000346ADF81E300CE0BDF81E30184601F048
:100E30008DF9BDF81E30184601F036FA0346ADF8BC
:100E40001E30BDF81E304FF6FF7293420ED0BDF833
:100E50001E301846FFF736FF0346184601AA03ABBB
:100E60001946F6F78AFD03460A2BDDD01A4B1B788C
:100E700083F00103DBB2002B29D0BDF81E304FF602
:100E8000FF72934223D0144B01221A70BDF81E301A
:100E90001846FFF717FF0346ADF81C30BDF81C30AD
:100EA0001846F6F7D9FC0690069B082B03D10B4B8E
:100EB00001221A700BE0069B002B08D0064B002283
:100EC0001A70BDF81E3006991846FFF77FFF00BF65
:100ED00009B05DF804FB00BF33320020323200203D
:100EE00000B587B003460092ADF806300B468DF88A
:100EF00005309DF805301846FFF743FF02AB082286
:100F00000021184604F07EFFBDF806301846FFF7B2
:100F1000D9FE0346ADF816309DF805301846FFF7A8
:100F2000E9FE0346ADF8143002ABBDF81410BDF86D
:100F30001600009AF6F7F8FC0490049B002B01D0F1
:100F4000052300E00023184607B05DF804FB00B558
:100F500089B06B4608220021184604F053FF072091
:100F6000FFF7C8FE0346ADF81E3016E002AA04AB38
:100F700011461846F6F73EFB029B9B881846FFF782
:100F8000ADFE0346ADF81C3004AB1846F6F76EFB19
:100F9000BDF81C30184601F0A1F86A4604A9BDF856
:100FA0001E301846F6F7D6FC0346002BDED000BFF5
:100FB00000BF09B05DF804FB00B589B0019003AB38
:100FC00000221A605A609A60DA601A61019B9B895C
:100FD0001846FFF783FE0346ADF81030019B1B78DF
:100FE000052B6FD0052B79DC032B02DC002B03DCF7
:100FF00074E0042B3DD071E0019B9B891846FFF7FC
:1010000090FE0346002B07D1019BDB891846FFF7B2
:10101000A0FE0346002B63D0019BDB891846FFF737
:1010200076FE03468DF81430019B1B78032B0CBF12
:1010300001230023DBB28DF81530019B9B680693DA
:10104000019B5B68002B09D108238DF80C309DF8BB
:101050001C3043F001038DF81C3005E009238DF8A6
:101060000C30019B5B68079303AB1846FFF710FE3B
:1010700036E0019B9B891846FFF753FE0346002B81
:1010800030D0019BDB89002B2CD1019B5B68002BAE
:1010900008D10A238DF80C30BDF81030184601F045
:1010A00055F802E00B238DF80C30154B00221A7016
:1010B000144B00221A70FFF7A7FE03AB1846FFF788
:1010C000E7FD0FE013238DF80C304FF6FF73ADF8FA
:1010D000103003AB1846FFF7DBFD04E000BF02E071
:1010E00000BF00E000BF064B1B78002B04D0044B70
:1010F00000221A70FFF788FE00BF09B05DF804FBFC
:10110000323200203332002000B583B00E48F6F7AB
:1011100073F90190019B002B01D003230FE0F6F738
:10112000D9F90190019B002B01D0862307E000F044
:101130006DFFFFF70CFF054B01221A7000231846C4
:1011400003B05DF804FB00BFB90F0300313200208B
:1011500000B58DB0029201930346ADF80E300B46F8
:101160008DF80D30BDF80E30FF2B01D907234DE06F
:101170009DF80D301846FFF704FE034683F0010387
:10118000DBB2002B01D0072340E007AA9DF80D1029
:10119000BDF80E301846FFF7A3FE0B900B9B002BFB
:1011A00001D0052332E005AA07AB11461846F6F731
:1011B00021FA0B900B9B002B01D0052326E0029B0C
:1011C0009DF80D209A70059B5A88029B1A80019BFE
:1011D000002B03D1069A029B5A6012E0029B1B88E7
:1011E0009B000A93019B1B680A9A9A4207D8029BAC
:1011F0005B6806990A9A184604F0D2FD01E00423C0
:1012000004E007AB1846F6F731FA002318460DB094
:101210005DF804FB08B508220021024804F0F2FD45
:1012200000BF08BD3432002000B58DB003460291E6
:1012300001928DF80F309DF80F301846FFF7A1FD91
:10124000034683F00103DBB2002B01D0012338E019
:101250009DF80F301846FFF74DFD0346ADF82E30D0
:1012600007A9BDF82E30194A1846F6F773FB034656
:10127000002B01D0002324E005AA07AB1146184635
:10128000F6F7B8F90A900A9B002B01D0002318E06A
:10129000019B9DF80F209A70059B5A88019B1A802C
:1012A000069A019B5A60059B9B881846FFF716FD1E
:1012B00003461A46029B1A8007AB1846F6F7D6F982
:1012C000012318460DB05DF804FB00BF3432002046
:1012D00000B585B001900091019B9B781846FFF7FF
:1012E00050FD034683F00103DBB2002B01D007233E
:1012F0001AE0019B1B8819460098F6F7FFF9039046
:10130000039B092B0BD0039B092B0CD8039B002BB1
:1013100003D0039B072B04D005E0002304E009233E
:1013200002E0862300E00323184605B05DF804FBC5
:1013300000B585B0019001AB1846F6F70FFA03909F
:10134000039B002B01D0032300E00023184605B0C7
:101350005DF804FB00B58DB0029101920093034645
:10136000ADF80E30BDF80E30FF2B01D9072382E017
:10137000029B9B781846FFF704FD034683F00103A8
:10138000DBB2002B01D0072375E0BDF80E30184604
:10139000FFF798FC0346ADF82030029B9B78184677
:1013A000FFF7A8FC0346ADF82230029B5B68099367
:1013B000029B1B880A93029B997805AABDF80E3000
:1013C0001846FFF78DFD0B900B9B052B12D1019B4F
:1013D000002B07D108AA05AB11461846F6F704FA08
:1013E0000B9015E001AA08A905AB1846F6F70BFA11
:1013F0000B900DE0019B002B03D001AB1846F6F7D4
:10140000ADF908AA05AB11461846F6F711FA0B908C
:101410000B9B0E2B2ED801A252F823F05914030077
:10142000751403007514030075140300751403008C
:101430007514030075140300711403006D14030088
:10144000751403007514030075140300751403006C
:10145000751403006D140300009B002B04D005AB32
:1014600000991846F6F79CFA002304E0112302E0E5
:10147000862300E0032318460DB05DF804FB00BF8F
:1014800008B54FF6FF7000F029FE0346184608BD68
:1014900000B583B00346ADF80630BDF80630FF2B2B
:1014A00001D9072307E0BDF80630184600F028FEF2
:1014B000FFF7AAFC0023184603B05DF804FB00B553
:1014C00083B00346ADF80630BDF80630184600F08C
:1014D00057FE0346184603B05DF804FB00B583B021
:1014E0000346ADF80630BDF80630184600F0A8FEF9
:1014F0000346184603B05DF804FB00B583B003460D
:10150000ADF80630BDF80630184600F0CDFE0346B3
:10151000184603B05DF804FB82B00190019B4FF6C2
:10152000FF721A80019BFF229A70019BFF225A735F
:10153000019A937B23F002039373019A937B23F028
:1015400001039373019B00221A73019B00225A60CE
:10155000019B00229A6000BF02B0704784B003462E
:101560000091ADF80630009B1B68039313E00D4A11
:10157000039B1B0113441B88BDF806209A4207D128
:10158000009B039A1A60039B1B01064A134406E062
:10159000039B01330393039B012BE8D900231846D7
:1015A00004B070475032002000B585B003460A46AB
:1015B000ADF8063013468DF805300023029302AAD9
:1015C000BDF8063011461846FFF7C8FF03900AE041
:1015D000029B0133029302AABDF806301146184659
:1015E000FFF7BCFF0390039B002B17D0039B9B7856
:1015F0009DF805209A42EBD1039B9B7B03F00203ED
:10160000DBB2002BE4D1039B9B7B03F00103DBB235
:10161000002BDDD1039B9B68002BD9D1039B18467F
:1016200005B05DF804FB000084B001900023039333
:1016300010E00C4A039B1B01134408331B68019AFA
:101640009A4204D1039B1B01064A134406E0039B04
:1016500001330393039B012BEBDD0023184604B0F9
:10166000704700BF5032002008B5FF214FF6FF70D1
:10167000FFF79AFF0346184608BD000000B585B085
:101680000190002303930CE0019B5A7B039BDBB288
:101690001344DBB21946094801F06CFA039B01338D
:1016A0000393019B1B7B1A46039B9342ECD3019847
:1016B000FFF732FF00BF05B05DF804FB40320020A9
:1016C00000B583B001900B46ADF8023013468DF89B
:1016D0000130019B002B13D0FFF7C6FF0246019B90
:1016E0001A60019B1B68002B0CD0019B1B68BDF886
:1016F00002201A80019B1B689DF801209A7002E06D
:1017000000BF00E000BF03B05DF804FB00B585B08A
:1017100001900023039308E0084A039B52F823300A
:1017200001989847039B01330393039B032BF3D941
:1017300000BF00BF05B05DF804FB00BF8C72030062
:1017400000B583B00023019309E0019B1B01084A07
:1017500013441846FFF7E0FE019B01330193019B00
:10176000012BF2D900BF00BF03B05DF804FB00BF3E
:101770005032002086B0039001921A460B468DF835
:101780000B301346ADF80830BDF808301A46920009
:1017900013441B01ADF81630039B9DF80B209A7083
:1017A000039B019A5A60BDF8163003339B109AB21E
:1017B000039B1A8000BF06B0704700B585B0039048
:1017C000019200930B468DF80B30009B9BB29DF865
:1017D0000B10019A0398FFF7CDFF00BF05B05DF82D
:1017E00004FB000082B00190019B9B78013B072B1A
:1017F00027D801A252F823F0211803004318030050
:10180000431803004318030043180300291803007A
:101810001918030031180300019B14221A8011E0EB
:10182000019B01221A800DE0019B01221A8009E030
:10183000019B5B689B8809339B089AB2019B1A80C5
:1018400000E000BF00BF02B0704700BF00B587B026
:1018500001900023059302AB00221A605A60019B9D
:101860009B788DF80A30019B5B7B19463D4801F05F
:101870004FF90490049B002B01D103236DE0019BE1
:101880009978019B1B7B02A8049AFFF796FF02AB95
:101890001846FFF7A7FF019B1888019B5A68019B18
:1018A000083302A9FFF756FD0590019B9B7B03F0CF
:1018B0000203DBB2002B0BD0019B9B7B03F00103E7
:1018C000DBB2002B04D0284B1B68013B264A136077
:1018D000059B862B2CD0059B862B39D8059B112B7D
:1018E00014D0059B112B33D8059B002B03D0059BEF
:1018F000072B30D02CE0019A937B23F002039373E3
:10190000019A937B23F00103937325E0164B1B6828
:101910000133154A1360019A937B43F002039373DA
:10192000019A937B23F0010393730023059313E043
:101930000D4B1B6801330C4A1360019A937B23F013
:1019400002039373019A937B43F00103937303E0C3
:101950000323059300E000BF059B184607B05DF820
:1019600004FB00BF403200207032002000B589B077
:1019700001900198FFF76AFF0790079B002B19D091
:101980004FF6FF73ADF80A30019B1B88ADF80C30A1
:10199000079B862B03D106238DF8083004E007232C
:1019A0008DF80830079B049302AB1846FFF7AEFE94
:1019B000002300E00123184609B05DF804FB000095
:1019C00000B585B003468DF807301F4B1B68002B10
:1019D00034D0002303932DE01C4A039B1B011344C6
:1019E00008339B79C3F34003DBB2002B0ED1174AB7
:1019F000039B1B01134408339B79C3F30003DBB241
:101A0000002B14D09DF80730002B10D0039B1B0136
:101A10000E4A13441846FFF7A9FF03468DF80B3012
:101A20009DF80B3083F00103DBB2002B08D1039B40
:101A300001330393039B012BCED902E000BF00E0EA
:101A400000BF05B05DF804FB70320020503200206A
:101A500000B585B0019001238DF80F3000238DF87B
:101A60000E30019BDB681846FFF7DEFD0290019BFC
:101A70001B78132B29D0132B2BDC082B02D0092B1E
:101A80000BD026E0019B5B7A002B24D1029B002B1C
:101A900021D00298FFF7F2FD1DE0019B5B7A002B3D
:101AA0001BD1029B002B18D0144B1B680133134A27
:101AB0001360029B00229A60029A937B43F0020318
:101AC000937300238DF80F3007E001238DF80E305B
:101AD00004E000BF02E000BF00E000BF9DF80F304F
:101AE000002B02D00198FFF711FE9DF80E3018462A
:101AF000FFF766FF00BF05B05DF804FB7032002001
:101B000000B587B0FFF71CFE502302930223019318
:101B100001230093094BA02209490A4800F056FF0F
:101B20000590059B002B01D0032303E0064B012207
:101B30001A700023184607B05DF804FB1433002028
:101B400074320020403200203C32002008B5FFF7FC
:101B500097FC0346184608BD00B587B00346ADF8AC
:101B6000063000230393002305930023029302AA67
:101B7000BDF8063011461846FFF7F0FC04901BE054
:101B8000049B9A78BDF806301146184600F028F9F3
:101B90000390039B002B04D0039B052B01D0032350
:101BA0000593029B0133029302AABDF80630114649
:101BB0001846FFF7D3FC0490049B002BE0D1059B53
:101BC000002B10D1BDF806301846FFF761FC0390DA
:101BD000039B002B07D0039B072B02D10723059300
:101BE00001E003230593059B184607B05DF804FB4D
:101BF00000B583B003460092ADF806300B468DF871
:101C000005309DF80510BDF806000023009AFFF787
:101C10009FFA0346184603B05DF804FB10B588B080
:101C2000029201930346ADF80E300B468DF80D304D
:101C3000019B002B01D10E23CCE09DF80D30072B2A
:101C400005D09DF80D30082B01D00723C2E0029B80
:101C5000002B0DD0029B022B0AD8BDF80E3018467F
:101C6000FFF72DFC034683F00103DBB2002B01D00C
:101C70000723AFE000238DF81F3000238DF81E30BE
:101C80009DF80D20BDF80E3011461846FFF78CFC6C
:101C900003460593059B002B03D101238DF81E30CD
:101CA00045E0059B1B7B1A46029B934220D90023EB
:101CB0008DF81D300EE0059B5A7B9DF81D301344B6
:101CC000DBB21946454800F055FF9DF81D30013341
:101CD0008DF81D30059B1B7B9DF81D209A42EAD391
:101CE000059B1846FFF718FC01238DF81E301EE0F7
:101CF000059B1B7B1A46029B934218D2029B8DF8D0
:101D00001C300EE0059B5A7B9DF81C301344DBB25F
:101D10001946324800F02EFF9DF81C3001338DF833
:101D20001C30059B1B7B9DF81C209A42EAD39DF832
:101D30001E30002B0CD09DF80D20BDF80E1005AB09
:101D40001846FFF7BDFC059B002B01D1112341E094
:101D5000059B5B7BFF2B13D1059C02991F4800F06C
:101D600072FE03466373059B5B7BFF2B05D1059BCE
:101D70001846FFF7D1FB11232CE001238DF81F300B
:101D8000059B029AD2B21A73059B5B7B19461348D6
:101D900000F0BEFE0690069B002B01D1032319E044
:101DA000029B9BB29DF80D10069A0198FFF7E2FC8A
:101DB0009DF81F30002B0CD09DF80D30082B08D15A
:101DC000019B1B889B009AB2019B5B68063A92B20A
:101DD0009A800023184608B010BD00BF4032002092
:101DE00000B585B003460A46ADF8063013468DF8B7
:101DF0000530002303939DF80520BDF806301146F9
:101E00001846FFF7D1FB0290029B002B01D105235E
:101E100012E0029B5B68002B0AD0029B5B681846AD
:101E2000FFF786FA0390039B002B01D00323039353
:101E30000298FFF723FC039B184605B05DF804FBEE
:101E400000B589B003460A46ADF8063013468DF852
:101E500005309DF80530072B05D09DF80530082B7F
:101E600001D0072341E0002307939DF80520BDF82A
:101E7000063011461846FFF797FB0690069B002B8D
:101E800001D1052331E0069B5B68002B2CD1069B1A
:101E90005B7B1946174800F03BFE059003AB002220
:101EA0001A605A609DF805308DF80E30059B002BA6
:101EB00001D1032319E0069B1B7B9DF8051003A8A5
:101EC000059AFFF77AFC03AB1846FFF78BFC069BDD
:101ED0001A1D03AB11461846FFF7FAF90790079B46
:101EE000092B01D1032300E0079B184609B05DF8D8
:101EF00004FB00BF4032002000B585B00346ADF8BA
:101F000006300B468DF805301346ADF802309DF8CB
:101F10000530072B05D09DF80530082B01D007238D
:101F200019E09DF80520BDF8063011461846FFF768
:101F30003BFB0390039B002B01D105230BE0039B8C
:101F4000BDF802201A80039B9DF805209A70039823
:101F5000FFF77CFC0346184605B05DF804FB00B5AE
:101F600083B00346ADF80630BDF806301846FFF7DB
:101F7000B5FA0346184603B05DF804FB00B583B01C
:101F80000346ADF80630BDF806301846FFF7B5FA3F
:101F90000346184603B05DF804FB00B585B0034660
:101FA0000092ADF806300B468DF80530009B1B887B
:101FB0009B00039303AB9DF80510BDF80600009A43
:101FC000FFF7C6F80346184605B05DF804FB00B5F8
:101FD00085B0034602910192ADF80E30BDF80E00B7
:101FE000019B00220299FFF7B5F90346184605B098
:101FF0005DF804FB00B583B00190402200210198F8
:1020000003F000FF00BF03B05DF804FB08B507480C
:10201000FFF7F0FF4FF48071044800F010FE4FF41A
:102020008071034800F00BFE00BF08BD183300208C
:102030003833002000B585B003460091ADF8063076
:102040004FF6FF73ADF80E30BDF806304FF6FF7255
:10205000934211D14FF48071009800F06FFE034657
:10206000ADF80E30BDF80E30B3F5807F1CD14FF6C1
:10207000FF73ADF80E3017E0BDF80630FF2B13D814
:10208000BDF806301946009800F0EFFD03468DF8C4
:102090000D309DF80D30002B02D0BDF8063001E068
:1020A0004FF6FF73ADF80E30BDF80E30184605B090
:1020B0005DF804FB00B583B003460091ADF806302F
:1020C000BDF80630FF2B05D8BDF80630194600983C
:1020D00000F0EEFD00BF03B05DF804FB00B583B077
:1020E0000346ADF80630BDF8063004491846FFF740
:1020F000A1FF0346184603B05DF804FB1833002027
:1021000000B585B00346ADF80630BDF806304FF691
:10211000FF72934201D1002311E0BDF806300A4955
:102120001846FFF787FF0346ADF80E30BDF80E20C6
:10213000BDF806309A420CBF01230023DBB21846DB
:1021400005B05DF804FB00BF3833002000B583B054
:102150000346ADF80630BDF8063007491846FFF7CC
:10216000A9FFBDF8063005491846FFF7A3FF00BFD9
:1021700003B05DF804FB00BF1833002038330020A3
:1021800000B583B00346ADF80630BDF80630FF2B2E
:1021900007D8BDF806301946044800F006FE03468D
:1021A00000E00023184603B05DF804FB183300205C
:1021B00000B583B00346ADF80630BDF80630FF2BFE
:1021C00007D8BDF806301946044800F0EEFD034676
:1021D00000E00023184603B05DF804FB383300200C
:1021E00000B585B003460091ADF80630BDF8063065
:1021F0004FF6FF72934204D0BDF8063001339BB214
:1022000000E00023ADF80E3010E0BDF80E301946A6
:10221000009800F0CAFD0346002B02D0BDF80E3036
:102220000AE0BDF80E300133ADF80E30BDF80E30C7
:10223000FF2BEAD94FF6FF73184605B05DF804FB93
:1022400000B583B00346ADF80630BDF80630154939
:102250001846FFF7C5FF0346ADF8063016E0BDF897
:1022600006301846FFF7A4FF034683F00103DBB2F4
:10227000002B02D0BDF8063010E0BDF80630094949
:102280001846FFF7ADFF0346ADF80630BDF806303F
:102290004FF6FF729342E2D1BDF80630184603B004
:1022A0005DF804FB1833002000B583B00346ADF899
:1022B0000630BDF8063004491846FFF791FF034683
:1022C000184603B05DF804FB3833002000B585B034
:1022D00001900023039308E0094A039B52F823303E
:1022E00001989847039B01330393064B1B781A46CA
:1022F000039B9342F0DB00BF00BF05B05DF804FB19
:10230000683300207433002000B583B0002300221E
:102310000B490C4800F0C4FA0190019B002B02D03D
:10232000019B052B01D1012300E0002303F00103F1
:10233000DAB2054B1A7000BF03B05DF804FB00BFB2
:1023400060330020643300205933002000B58FB083
:10235000019001238DF83730019B9B881846FEF7CA
:1023600099F803461A46019B5A80019B1B78083B4B
:10237000032B00F2D58001A252F823F08D23030035
:10238000192403004F240300D5240300019B5B7A2A
:10239000002B28D16C4B1B68002B10D0019BDA68F6
:1023A000694B1B689A420AD1674B00221A60019B55
:1023B0009A88664B1A80019B0022DA60B2E0644B77
:1023C0001B78002B00F0AE80019B9A885F4B1B8826
:1023D0009A4240F0A780019B1B7A062B40F0A28016
:1023E000FFF792FF9EE0019B5B7A012B40F09A8001
:1023F000574B1B78002B00F09580019B9A88534B1C
:102400001B889A4240F08E80019B1B7A062B40F07D
:102410008980FFF779FF85E0019B5B7A002B40F014
:102420008380494B1B68002B7ED0019BDA68464BAA
:102430001B689A4278D1444B00221A60454B1B68B6
:10244000013B444A1360019B0022DA606CE0424B7E
:102450001B78002B31D04FF6FF70FFF780FD03464D
:102460001A464FF6FF739A4227D14FF6FF70FFF7D7
:1024700085FD03461A464FF6FF739A421DD1364B2F
:1024800000221A7008AB14220021184603F0BAFC8F
:102490000C238DF820304FF6FF73ADF824304FF643
:1024A000FF73ADF8223000238DF837300198FFF725
:1024B0000DFF08AB1846FFF709FF254B1B78002BD3
:1024C00034D0019B9A88214B1B889A422ED1FFF76A
:1024D0001BFF2BE0204B1B78002B29D01E4B00222A
:1024E0001A7003AB14220021184603F08BFC0D2355
:1024F0008DF80C304FF6FF73ADF810304FF6FF73C8
:10250000ADF80E30019B9B68059300238DF83730A2
:102510000198FFF7DBFE03AB1846FFF7D7FE07E095
:1025200000BF06E000BF04E000BF02E000BF00E023
:1025300000BF9DF83730002B02D00198FFF7C6FE90
:1025400000BF0FB05DF804FB5C3300206433002053
:1025500059330020603300205A33002000B585B085
:102560000190019B002B19D0019B1B78022B11D1EC
:10257000019B1B7A012B0CBF012300238DF80F3028
:10258000019B5B88074A11789DF80F201846FCF7DD
:1025900003FE00E000BF0198FFF798FE05B05DF86C
:1025A00004FB00BF7533002000B583B00190019893
:1025B000FFF78CFE00BF03B05DF804FB00B583B0ED
:1025C0000190019B1B78002B08D1019B5B88074A77
:1025D000117801221846FCF7DFFD00E000BF0198EA
:1025E000FFF774FE00BF03B05DF804FB75330020F5
:1025F00000B583B001900091094B1B7883F0010373
:10260000DBB2002B08D10198FDF74FFD019801F0D6
:1026100033FE0198FDF78EF903B05DF804FB00BFAF
:1026200058330020054B4FF6FF721A80044B0022EE
:102630001A60044B18221A7000BF704764330020E0
:102640005C3300207533002000B583B0FEF75CFDDD
:102650000190019B002B01D0032344E0FFF750FAC7
:102660000190019B002B01D003233CE001F0D6FD3B
:102670000190019B002B01D0032334E001F06EF8A0
:102680000190019B002B01D003232CE0FDF70EF9F4
:102690000190019B002B01D0032324E0FDF74EFAAB
:1026A0000190019B002B01D003231CE0FDF734FEB9
:1026B0000190019B002B01D0032314E0FFF7B2FF30
:1026C000FCF718FD03461A46094B1A70084B1B7895
:1026D000182B01D1032306E0064B00221A70064B8B
:1026E00001221A700023184603B05DF804FB00BFF6
:1026F00075330020593300205833002082B00190F8
:102700000F4B1B7883F00103DBB2002B01D00823B1
:1027100013E00C4B1B78022B01D904230DE0094B6D
:102720001B781946084A019B42F82130054B1B785B
:102730000133DAB2034B1A700023184602B0704717
:1027400058330020743300206833002000B585B072
:102750000190094B1B7883F00103DBB2002B01D001
:10276000082304E0019801F053FE0390039B1846F0
:1027700005B05DF804FB00BF5833002000B583B0FE
:1027800003460091ADF80630009B002B05D0BDF844
:1027900006300099184601F069FE00BF03B05DF8ED
:1027A00004FB000008B5054B1B7883F00103DBB286
:1027B000002B01D1FDF722F908BD00BF58330020DE
:1027C00000B583B00346ADF80630094B1B7883F0A3
:1027D0000103DBB2002B01D0082305E0BDF8063071
:1027E0001846FDF7DAFE0346184603B05DF804FB11
:1027F0005833002000B589B0274B1B7883F00103C4
:10280000DBB2002B01D0082342E0244B01221A70D6
:102810004FF6FF70FFF7A3FB0346ADF81E30BDF87F
:102820001E304FF6FF7293422BD11C4B00221A70C0
:1028300001AB14220021184603F0E4FA0C238DF8B2
:1028400004304FF6FF73ADF808304FF6FF73ADF864
:10285000063001AB1846FFF739FD12E0BDF81E3017
:102860001846FFF7ADFF0690069B002B01D003230F
:102870000EE0BDF81E301846FFF771FB0346ADF8B9
:102880001E30BDF81E304FF6FF729342E6D1002392
:10289000184609B05DF804FB583300205A33002075
:1028A00000B58DB00390029101920093464B1B78C6
:1028B00083F00103DBB2002B01D0082380E04FF648
:1028C000FF70FFF74CFB0346ADF82E300023069354
:1028D00004AB00221A605A600123ADF8103006AB39
:1028E000059304AABDF82E3006211846FFF755FBC4
:1028F0000A90002309934FF0FF3308934FF6FF73BC
:10290000ADF81E304FF6FF73ADF81C300A9B072B55
:102910002AD1052354E00A9B052B01D100230693FD
:10292000069B099A9A4205D8069B0993BDF82E305A
:10293000ADF81E30069B089A9A4205D9069B08936B
:10294000BDF82E30ADF81C30BDF82E301846FFF71C
:1029500006FB0346ADF82E3004AABDF82E30062142
:102960001846FFF71AFB0A900A9B002BD3D00A9B4C
:10297000052BD0D0BDF82E304FF6FF7293421CD1FC
:1029800000230A93039B002B03D0039BBDF81E205A
:102990001A80029B002B02D0029B099A1A60019BAD
:1029A000002B03D0019BBDF81C201A80009B002B3C
:1029B00005D0009B089A1A6001E003230A930A9B42
:1029C00018460DB05DF804FB5833002000B585B003
:1029D0000390029101920093039B002B2ED0029B47
:1029E000002B2BD0009B002B28D0079B089A02FBC2
:1029F00003F3019A9A4221D3079B0733DB08069A17
:102A00009A421BD3079B002B18D0089B002B15D094
:102A1000039B029A1A60039B009A5A60039B079AD1
:102A20009A60039B089ADA60039B5B68079A92B2EC
:102A30001146184600F003F9002300E0072318466A
:102A400005B05DF804FB00B585B001900091019BD5
:102A5000002B07D0019B1B68002B03D0019B5B68F8
:102A6000002B01D1FF234FE0FF238DF80F3000230F
:102A70008DF80E3041E0019B5B689DF80E2092B20C
:102A80001146184600F0F1F80346002B13D09DF8CC
:102A90000F30FF2B03D19DF80E308DF80F309DF8CD
:102AA0000E209DF80F30D31A5A1C009B9A421FD15A
:102AB0009DF80F3028E09DF80F30FF2B18D09DF8BF
:102AC0000F308DF80D300AE09DF80D301946019851
:102AD00000F050F89DF80D3001338DF80D309DF861
:102AE0000D209DF80E309A42EED3FF238DF80F3063
:102AF0009DF80E3001338DF80E309DF80E20019BAD
:102B00009B689A42B7D3FF23184605B05DF804FBD3
:102B100000B583B001900B468DF80330019B002B6C
:102B200007D0019B1B68002B03D0019B5B68002B27
:102B300001D100231AE09DF80330FF2B15D0019B33
:102B40005B689DF8032092B21146184600F02DF9FB
:102B50000346002B09D0019B1A689DF803300199A8
:102B6000C96801FB03F3134400E00023184603B0D7
:102B70005DF804FB00B583B001900B468DF803307F
:102B8000019B002B20D0019B1B68002B1CD0019BBC
:102B90005B68002B18D09DF80330FF2B14D0019BED
:102BA0005B689DF8032092B21146184600F0FDF8CC
:102BB0000346002B08D0019B5B689DF8032092B26E
:102BC0001146184600F074F800BF03B05DF804FB2E
:102BD00000B585B001900B468DF8033000238DF8C9
:102BE0000F30019B1A789DF803301340DBB2002BA5
:102BF0001FD100238DF80E300DF10E031846F2F7A9
:102C0000A5FF019B1A789DF803301340DBB2002B1F
:102C10000AD1019B1A789DF803301343DAB2019B65
:102C20001A7001238DF80F309DF80E301846F2F718
:102C3000A3FF9DF80F30184605B05DF804FB00B502
:102C400083B001900B46ADF80230019B002B08D0F9
:102C5000BDF802300733DB101A460021019803F05B
:102C6000D1F800BF03B05DF804FB00B583B001905C
:102C70000B46ADF80230019B002B14D0BDF802309A
:102C8000DB089BB21A46019B1A44BDF8023003F0E0
:102C90000703012101FA03F3DBB219461046FFF7DF
:102CA00097FF034600E00023184603B05DF804FBDD
:102CB00000B585B001900B46ADF80230BDF802308A
:102CC000DB089BB28DF80F30BDF8023003F007032C
:102CD000012202FA03F38DF80E30019B002B29D05C
:102CE0009DF80F30019A13441A789DF80E30134066
:102CF000DBB2002B1ED000238DF80D300DF10D033B
:102D00001846F2F723FF9DF80F30019A13441B7801
:102D10005AB29DF90E30DB435BB2134059B29DF8B5
:102D20000F30019A1344CAB21A709DF80D3018463C
:102D3000F2F722FF00BF05B05DF804FB00B585B0D7
:102D400001900B46ADF80230019B002B27D00023E9
:102D5000ADF80E301DE0BDF80E30DB089BB21A4610
:102D6000019B1A44BDF80E3003F00703012101FA5C
:102D700003F3DBB219461046FFF72AFF0346002B88
:102D800002D0BDF80E300CE0BDF80E300133ADF8C6
:102D90000E30BDF80E20BDF802309A42DBD3BDF8EC
:102DA0000230184605B05DF804FB82B001900B4676
:102DB000ADF80230019B002B16D0BDF80230DB08C5
:102DC0009BB21A46019B13441B781946BDF802308A
:102DD00003F00703012202FA03F30B40002B14BF98
:102DE00001230023DBB200E00123184602B0704744
:102DF0007EDF704700BF18467FDF704700BF184670
:102E000086DF704700BF184600B583B00346ADF8B3
:102E10000630064B1A78BDF8063011461846FCF706
:102E200091F90346184603B05DF804FB70220020B8
:102E300000B583B00346ADF80630064B1A78BDF8EE
:102E4000063011461846FCF77DF90346184603B0D4
:102E50005DF804FB7122002000B583B00346ADF895
:102E60000630064B1A78BDF8063011461846FCF7B6
:102E700069F90346184603B05DF804FB722200208E
:102E800000B583B00346ADF80630064B1A78BDF89E
:102E9000063011461846FCF755F90346184603B0AC
:102EA0005DF804FB7322002000B583B00346ADF843
:102EB0000630064B1A78BDF8063011461846FCF766
:102EC00041F90346184603B05DF804FB7422002064
:102ED00000B585B00190019B5B881846FDF736FA76
:102EE00003461A46019B9A800023039305E0074B93
:102EF00001989847039B01330393039B002BF6D063
:102F000000BF00BF05B05DF804FB00BF1D4003001B
:102F100000B589B003460A46ADF8063013468DF871
:102F2000053003AB00221A605A609A60DA601A61B9
:102F300001238DF80C30BDF80630ADF80E309DF849
:102F400005308DF8143003AB1846FFF7C1FF00BF02
:102F500009B05DF804FB00B589B003460091ADF8F7
:102F6000063003AB00221A605A609A60DA601A6178
:102F700007238DF80C30BDF80630ADF80E30009BFD
:102F8000059303AB1846FFF7A3FF00BF09B05DF838
:102F900004FB000010B588B00446084611461A46E6
:102FA0002346ADF8063003468DF805300B46ADF8E4
:102FB000023013468DF8043003AB00221A605A60C9
:102FC0009A60DA601A6103238DF80C30BDF8063080
:102FD000ADF80E309DF805308DF81430BDF8023094
:102FE000ADF816309DF804308DF81830074B19787D
:102FF000BDF8063000221846FCF7CEF803AB1846A1
:10300000FFF766FF00BF08B010BD00BF70220020B0
:1030100000B585B00346ADF806300B46ADF8043078
:1030200013468DF8033000230393BDF8063018468D
:10303000FDF78CF90346ADF80A30BDF806301846A6
:10304000FFF70AFF0346002B01D0012300E0022313
:103050008DF80930BDF806301846FFF711FF03461A
:10306000002B06D0BDF80A301846FDF796FA0390FB
:1030700018E0BDF80A304FF6FF72934212D0BDF847
:103080000A3007211846FEF7ABFE0390039B002B86
:1030900008D0039B052B05D0BDF8063003991846D0
:1030A000FFF759FF9DF80330BDF804209DF8091083
:1030B000BDF80600FFF76EFF00BF05B05DF804FB2A
:1030C00000B583B00346ADF806300B46ADF80430CA
:1030D00013468DF803309DF80330BDF80420BDF889
:1030E00006000021FFF756FF00BF03B05DF804FBA8
:1030F00000B583B00346ADF806300B46ADF804309A
:1031000013468DF80330BDF806301846FFF77CFEF5
:103110000346002B1AD0BDF806301846FFF788FE8C
:103120000346002B09D09DF80320BDF80410BDF81C
:1031300006301846FFF76CFF08E09DF80320BDF845
:103140000410BDF806301846FFF7BAFF00BF03B001
:103150005DF804FB00B583B00346ADF806300B46BE
:103160008DF8053013468DF804301E4B19789DF804
:103170000520BDF806301846FCF70EF89DF805301E
:10318000002B2BD0184B19789DF80430002B14BF5E
:1031900001230023DAB2BDF806301846FBF7FCFF26
:1031A000124B19789DF80430012B0CBF012300232A
:1031B000DAB2BDF806301846FBF7EEFF0C4B197873
:1031C000BDF8063000221846FBF7E6FF9DF8042004
:1031D000BDF8063011461846FFF79AFE00BF03B04F
:1031E0005DF804FB70220020712200207222002072
:1031F0007322002010B584B00446084611461A46D2
:103200002346ADF806300346ADF804300B468DF882
:10321000033013468DF802309DF80330002B14D094
:103220009DF80230002B1AD00E4B1978BDF80630ED
:1032300001221846FBF7B0FFBDF80420BDF80630A8
:1032400011461846FDF794F909E09DF80230002B6D
:1032500005D0BDF804301846FDF79FF9039000BF74
:1032600004B010BD7322002000B589B00190002386
:103270000793019B0C331846FDF7E1F80346ADF8C0
:103280001A30BDF81A304FF6FF72934208D1019BF5
:103290001B881846FDF75AF80346ADF81A3007E0C8
:1032A000019B1B88BDF81A2011461846FDF760F9EE
:1032B000019B1B88002201211846FFF74BFFBDF838
:1032C0001A304FF6FF72934222D002AABDF81A308C
:1032D00007211846FEF78CFC0590059B002B17D1A3
:1032E000039B34330493049B1B7C03F00103DBB288
:1032F000002B0BD1049B03F11202019B0C331946E6
:103300001046FDF773F80346002B01D0049B07938A
:10331000019B1888002300220799FFF771FD059093
:10332000059B002B0ED0019B1888BDF81A100023B6
:103330000022FFF75FFF019B1B8805991846FFF7E6
:103340000AFE13E0079B002B10D1019B1888BDF8E3
:103350001A1000230022FFF74DFF019B1B8800225B
:1033600041F206011846FFF7ABFE00BF00BF09B0EF
:103370005DF804FB00B589B00346ADF8063003AB39
:1033800014220021184602F03DFD04238DF80C3074
:10339000BDF80630ADF80E3003AB1846FFF798FDC8
:1033A00000BF09B05DF804FB00B583B0034600918F
:1033B000ADF80630064B1978009B1A78BDF8063038
:1033C0001846FBF7E9FE00BF03B05DF804FB00BF41
:1033D0007422002000B585B00190019B1B793D2B24
:1033E00002D141F23D0301E04FF48853ADF80E30B5
:1033F000019B1B88BDF80E1000221846FFF778FECF
:1034000000BF05B05DF804FB00B589B0034600912C
:10341000ADF8063003AB00221A605A609A60DA6099
:103420001A6105238DF80C30BDF80630ADF80E306A
:10343000009B059303AB1846FFF74AFD00BF09B098
:103440005DF804FB00B583B00190019B1B88184612
:10345000FBF7F6FD0346012B0FD1019B1888019B5A
:103460001B7903F00103DBB2002B01D0012300E044
:1034700002231A460121FFF76DFE019B1A88019B6A
:10348000043319461046FFF7BFFF00BF03B05DF8D5
:1034900004FB000000B591B0019000230D93019B47
:1034A0001B88ADF83230BDF832301846FBF7C8FD46
:1034B00003468DF83130BDF832301846FCF746FF30
:1034C0000346ADF82E30BDF82E30ADF83E30002367
:1034D0008DF83D30624B1978BDF832300022184625
:1034E000FBF75AFE9DF83130002B00F0B580019BB0
:1034F0005B7903F00403DBB2002B00F083804FF60E
:10350000FF73ADF83A3001238DF83D3007ABBDF8BD
:103510002E0001220721FEF781FB0D900D9B002B51
:1035200009D0BDF832300D991846FFF714FD00237D
:103530008DF83D3008E0089B4FF6FF711846FCF708
:10354000C1FE0346ADF83A30BDF83A304FF6FF728F
:10355000934229D0BDF83A30ADF83E30BDF83E2058
:10356000BDF8323011461846FDF702F8BDF832308A
:103570001846FFF799FC034683F00103DBB2002BEA
:1035800012D0BDF832301846FFF7F4FEBDF83230E5
:103590001846FFF789FC034683F00103DBB2002BDA
:1035A00002D000238DF83D309DF83D30002B14D023
:1035B000BDF83E20BDF82E3007211846FEF79CFCD2
:1035C0000D900D9B002B08D0BDF832300D99184698
:1035D000FFF7C1FC00238DF83D30BDF83A304FF6BF
:1035E000FF7293421CD0BDF832301846FFF748FCFA
:1035F0000346002B14D0BDF82E301846FCF7CDFF43
:1036000009900DE0BDF832301846FFF739FC03464B
:10361000002B05D0BDF82E301846FCF7BEFF0A90EF
:1036200002238DF80830BDF83230ADF80A30019B26
:103630005B7903F00403DBB2002B01D0012300E02F
:1036400002238DF810309DF83D308DF8113002AB1B
:103650001846FFF73DFC00E000BF11B05DF804FB29
:103660007022002000B583B00190019B1888019B57
:103670001B791946019B5B79C3F30103DBB21A4640
:10368000FFF736FD00BF03B05DF804FB00B583B063
:103690000190019B1B79002B03D10198FFF7FAFEE3
:1036A00003E00198FFF7DEFF00BF00BF03B05DF845
:1036B00004FB000000B589B00190019B1B881846EF
:1036C000FFF7B6FB034683F00103DBB2002B2CD0DF
:1036D000019B1B881846FBF7E5FC034683F00103BA
:1036E000DBB2002B08D0019B1B88012241F20601AE
:1036F0001846FFF7E5FC18E0019B1B880D4A11787E
:1037000000221846FBF748FD02238DF80C30019B80
:103710001B88ADF80E3000238DF8143000238DF88F
:10372000153003AB1846FFF7D3FB00BF09B05DF8B7
:1037300004FB00BF7022002000B583B00190019B04
:103740001B78182B05D1FBF7D5FC03461A46019BC5
:103750001A7000BF03B05DF804FB000008B51548FF
:10376000FFF7EAFF1448FFF7E7FF1448FFF7E4FF0D
:103770001348FFF7E1FF1348FFF7DEFF0D4B1B78FF
:10378000182B0FD00C4B1B78182B0BD00B4B1B7826
:10379000182B07D00A4B1B78182B03D0094B1B782A
:1037A000182B01D1032303E0074B01221A700023D9
:1037B000184608BD702200207122002072220020CD
:1037C00073220020742200207633002000B589B0D7
:1037D00001930346ADF80E300B46ADF80C3013469E
:1037E0008DF80B300A9B002B01D103234AE005AB77
:1037F000BDF80C0001220721FEF710FA0790079B85
:10380000112B3ED0079B002B02D00323079338E0F7
:10381000069B50220021184602F0F4FA069B9DF800
:103820000B201A70069B03F134020A9B1A600A9B54
:10383000019ADA60069B03F118020A9B1A61069B43
:103840005A1C0A9B5A610A9B104ADA61069B03F1D3
:103850001102BDF80E3011461846FCF79BFD07908B
:10386000079B002B01D003230CE0BDF80C3007218F
:103870001846FEF7E5FA0790079B052B01D10323B5
:1038800000E0079B184609B05DF804FB7833002080
:1038900000B593B0034604910392ADF81630BDF81D
:1038A00016301846FBF7CCFB03468DF83D304FF63B
:1038B000FF73ADF846300023109300238DF83F309E
:1038C000BDF816301846FFF7DBFA03468DF83E3098
:1038D00007AB20220021184602F094FA9DF83D30F3
:1038E000012B07D1554B1978BDF816300022184628
:1038F000FBF752FC9DF83D30002B02D143F202034E
:1039000097E0049B002B03D185238DF83F3060E0C6
:10391000049B1B7803F00103DBB2002B04D1039B53
:103920000A93474B0E9354E0BDF816301846FCF747
:103930000DFD0346ADF84630BDF846304FF6FF7238
:10394000934211D1FEF702F90346ADF84630BDF8B7
:1039500046304FF6FF72934203D001238DF83E307C
:1039600024E00323109321E09DF83D30012B1DD16D
:10397000BDF816301846FFF797FA034683F00103A7
:10398000DBB2002B12D0BDF816301846FFF7F2FC60
:10399000BDF816301846FFF787FA034683F0010397
:1039A000DBB2002B02D085238DF83F309DF83F30ED
:1039B000852B0ED0109B002B0BD19DF83D20BDF820
:1039C0004610BDF8160007AB0093039BFFF7FEFE01
:1039D0001090109B002B16D19DF83D30012B09D182
:1039E00007AB9DF83F10BDF81600049AFFF704FAE4
:1039F000109008E007AB9DF83F10BDF816000022BC
:103A0000FFF7FAF91090109B002B05D19DF83F307D
:103A1000002B01D1012300E0002303F00103DAB2FF
:103A20009DF83E30BDF84610BDF81600FFF7E2FBEA
:103A3000109B184613B05DF804FB00BF74220020F1
:103A40007833002000B585B003460091ADF806300C
:103A500000230393009B002B06D0BDF8063000998D
:103A60001846FFF7C5F90390039B184605B05DF8AB
:103A700004FB00B585B003460091ADF8063013464F
:103A80008DF80530BDF806301846FBF7D9FA034625
:103A90008DF80F309DF80F30012B07D1BDF806309F
:103AA00000991846FFF7CEFF034601E043F20203F8
:103AB000184605B05DF804FB00B583B00190019B8A
:103AC0001B88113B092B35D801A252F823F000BF07
:103AD000F93A0300353B0300053B0300113B0300AB
:103AE000353B0300353B0300353B0300353B03000A
:103AF0001D3B0300293B0300019B04331846FFF7DD
:103B000069FC17E0019B04331846FFF79BFC11E0AA
:103B1000019B04331846FFF7A7FB0BE0019B04331E
:103B20001846FFF7B3FD05E0019B04331846FFF785
:103B3000C1FD00BF00BF03B05DF804FB82B001907F
:103B4000019B002B14BF01230023DBB2184602B0F7
:103B50007047000000B585B001900023039305E095
:103B6000064B01989847039B01330393039B002B5B
:103B7000F6D000BF00BF05B05DF804FB5D25030073
:103B800000B585B003460091ADF8063013468DF8B8
:103B9000053000238DF80F3000238DF80E30009B88
:103BA000862B06D100238DF80E3001238DF80F30BF
:103BB0000FE0009B112B06D101238DF80E3000235E
:103BC0008DF80F3005E000238DF80E3000238DF8BE
:103BD0000F309DF80530002B22D01C4B19789DF832
:103BE0000F20BDF806301846FBF7D6FA184B1978A7
:103BF0009DF80E20BDF806301846FBF7CDFA154BA0
:103C00001978BDF8063000221846FBF7C5FA124BAA
:103C10001978BDF8063000221846FBF7BDFA11E00E
:103C20000C4B19789DF80F20BDF806301846FBF7AD
:103C3000B3FA094B19789DF80E20BDF806301846E6
:103C4000FBF7AAFA00BF05B05DF804FB7A2200205A
:103C500079220020762200207522002000B58BB04A
:103C6000034602910192ADF80E30029B002B45D025
:103C7000029B112B42D0029B082B3FD005AB0022A8
:103C80001A605A609A60DA601A61BDF80E30ADF8B9
:103C90001630BDF80E301846FCF758FB0346ADF859
:103CA0001830029B0D2B19D103238DF81430019B82
:103CB000002B08D0019B1B7803F00103DBB2002B23
:103CC00001D0012300E002238DF81C3000238DF881
:103CD000203041F20113ADF81E300BE0029B862B21
:103CE00003D106238DF8143004E007238DF8143037
:103CF000029B079305AB1846FFF72CFF00BF0BB0E4
:103D00005DF804FB00B58BB0034602910192ADF85B
:103D10000E3005238DF81430BDF80E30ADF8163096
:103D2000BDF80E301846FCF711FB0346ADF818300D
:103D3000029B0793019B089305AB1846FFF70AFF08
:103D400000BF0BB05DF804FB10B487B0019003AB6B
:103D500000221A605A609A60074B1B680393019B0C
:103D60001C4603AB93E8070084E80700019807B0FE
:103D70005DF8044B704700BFC433002010B588B015
:103D80000446084611461A462346ADF80630034657
:103D90008DF805300B468DF8043013468DF803304E
:103DA0009DF80530002B02D0002306931CE002ABE7
:103DB0001846FFF7C9FF02AABDF8063000211846D1
:103DC000FFF7A0FF029B06934B4B1B7883F0010388
:103DD000DBB2002B08D09DF8113083F00103DBB279
:103DE000002B01D0052384E09DF80420BDF80630A7
:103DF00006991846FFF73DFE0590BDF806300022F3
:103E000005991846FFF7BCFE059B43F20202934258
:103E10005DD0059B43F2020293425BD8059B112BB8
:103E20002AD8059B112B55D801A252F823F000BFC8
:103E3000CF3E0300D53E0300D53E0300D53E030030
:103E4000D53E0300D53E0300D53E0300D53E03001A
:103E5000CF3E0300D53E0300D53E0300D53E030010
:103E6000D53E0300CF3E0300D53E0300D53E030000
:103E7000D53E0300813E0300059B862B15D029E02B
:103E80001E4B19789DF80520BDF806301846FBF743
:103E900083F91B4B19789DF80420BDF806301846AD
:103EA000FBF77AF90023079317E0144B19789DF874
:103EB0000520BDF806301846FBF76EF9104B19784F
:103EC0009DF80420BDF806301846FBF765F9059B00
:103ED000079302E00323079300BF9DF80330002BF4
:103EE00006D0BDF80630069A05991846FFF7B6FECB
:103EF000079B184608B010BDC83300207822002068
:103F00007722002000B587B003460091ADF8063057
:103F100002AB1846FFF718FF02AABDF80630009959
:103F20001846FFF7EFFE02990C4B1A68BDF80630F1
:103F30001846FFF7ADFC0590BDF806300122059943
:103F40001846FFF71DFE029ABDF80630059918467F
:103F5000FFF784FE00BF07B05DF804FBCC33002000
:103F600000B583B00190019B5A88019B9B6819465C
:103F70001046FFF7C7FF00BF03B05DF804FB000069
:103F800000B585B0019000238DF80F301C4B1B68E5
:103F9000002B03D101238DF80F3024E0194B1B783F
:103FA00003F00103DBB2002B14BF01230023DBB2BB
:103FB0001A46019B1B7A9A4203DA01238DF80F30CF
:103FC00011E0104B1B7803F00203DBB2002B14BF8F
:103FD00001230023DBB21A46019B5B7A9A4202DA84
:103FE00001238DF80F30019B58889DF80F10012395
:103FF0000022FFF7C3FE029000BF05B05DF804FB8E
:10400000C4330020BC33002000B583B00190019878
:10401000FFF7A0FD00BF03B05DF804FB00B583B05F
:104020000190019B1B78052B02D0122B04D006E0D7
:104030000198FFF795FF06E00198FFF7A1FF0198AF
:10404000FFF7E2FF00BF00BF03B05DF804FB000014
:1040500000B599B003468DF807309DF80730184633
:10406000FBF7C4F816901698FFF768FD0346002B7F
:104070004CD003AB1846FBF72BF80023179341E015
:10408000179B5B0060336B4433F8503C9DF807206E
:1040900011461846FBF756F803468DF857309DF841
:1040A0005730002B2BD0179B5B0060336B4433F8E9
:1040B000503C184A127811461846FBF743F803465D
:1040C0008DF85630179B5B0060336B4433F8503CDF
:1040D000114A127811461846FBF734F803468DF85A
:1040E0005530179B5B0060336B4433F8500C9DF8E0
:1040F00056209DF855100123FFF740FE1490179BA2
:1041000001331793039B179A9A42B9D300BF19B092
:104110005DF804FB772200207822002000B597B0DC
:1041200003468DF807309DF807301846FBF75EF818
:1041300014901498FFF702FD0346002B2AD002AB1F
:104140001846FAF7C5FF002315931FE0159B5B0087
:1041500058336B4433F84C3C9DF807201146184601
:10416000FAF7F0FF03468DF84F309DF84F30002BE3
:1041700009D0159B5B0058336B4433F84C3C00214D
:104180001846FFF7BFFE159B01331593029B159A46
:104190009A42DBD300BF17B05DF804FB00B583B0D3
:1041A0000190019B1B780B2B02DC082B0CDA16E02C
:1041B000132B14D10C4B1B781846FFF7AFFF0B4B9A
:1041C0001B781846FFF744FF094B1B781846FFF78A
:1041D000A5FF084B1B781846FFF73AFF00E000BF29
:1041E00000BF03B05DF804FB7A2200207622002095
:1041F000792200207522002000B583B00190019B38
:104200001B78182B05D1FAF775FF03461A46019B58
:104210001A7000BF03B05DF804FB000008B50F483A
:10422000FFF7EAFF0E48FFF7E7FF0E48FFF7E4FF4E
:104230000D48FFF7E1FF0D48FFF7DEFF0C48FFF7E1
:10424000DBFF0B4B1B78182B01D1032303E0094B39
:1042500001221A700023184608BD00BF75220020F5
:104260007622002077220020782200207922002068
:104270007A220020B833002000B583B00190019865
:10428000FFF71AFC044B1B781846FFF7E1FE00BF4E
:1042900003B05DF804FB00BF7522002082B00190DE
:1042A000019B002B01D10023AEE0019B1B7803F0A2
:1042B0000203DBB2002B08D1019B1B7823F07F03A4
:1042C000DBB2002B01D000239EE0019B1B78C3F3DF
:1042D0000213DBB2042B01D9002395E0019B1B786C
:1042E00003F00203DBB2002B0FD0019B1B7803F01D
:1042F0007003DBB2302B08D1019B1B7823F07F03C6
:10430000DBB2002B01D100237EE0019B5A78019B98
:104310009B789A4201D9002376E0019B5B78062BBB
:1043200001D8002370E0019B9B78102B01D900235A
:104330006AE0019BDB7803F00403DBB2002B06D1BB
:10434000019B1B7903F00403DBB2002B01D0002397
:104350005AE0019BDB7803F00803DBB2002B06D1A7
:10436000019B1B7903F00803DBB2002B01D0002373
:104370004AE0019B1B7803F00103DBB2002B1DD147
:10438000019BDB7803F00103DBB2002B14D1019B0E
:10439000DB7803F00203DBB2002B0DD1019B1B790C
:1043A00003F00103DBB2002B06D1019B1B7903F064
:1043B0000203DBB2002B01D0002325E0019B1B7818
:1043C00003F00103DBB2002B1DD0019BDB7803F06F
:1043D0000103DBB2002B16D1019BDB7803F0020353
:1043E000DBB2002B0FD1019B1B7903F00103DBB281
:1043F000002B08D1019B1B7903F00203DBB2002BD9
:1044000001D1002300E00123184602B070470000EC
:1044100000B583B00190019B002B07D1104B002207
:104420001A60104B01221A70002314E00198FFF764
:1044300035FF0346002B0DD00B4B019A1068186016
:1044400012791A71064B084A1A60064B01221A703B
:10445000002300E00723184603B05DF804FB00BF0B
:10446000C4330020C8330020BC33002000B583B023
:1044700003460091ADF80630BDF8063000991846A5
:10448000FEF792FF00BF03B05DF804FBA0DF7047AA
:1044900000BF1846A6DF704700BF1846A8DF704768
:1044A00000BF184662DF704700BF18463ADF70470A
:1044B00000BF18463BDF704700BF184600B589B003
:1044C000019003AB10220021184601F09BFC02234F
:1044D0008DF80C30144B1B7E002B09D09DF8123048
:1044E00043F001038DF812300023ADF8103003E0E3
:1044F00040F2FD13ADF810300B4B9B8803AA114618
:104500001846FFF7CBFF0790079B112BF4D0BDF89F
:104510001030002B03D1019800F01CFB00E000BF1D
:1045200009B05DF804FB00BFD033002000B585B0B2
:104530000190019B9A88134B9B889A421ED1019B44
:1045400006330393039B1B78022B18D1039B5A88D5
:104550000C4BDB889A4212D1039B1B7A042B0ED0A2
:10456000039B1B7A062B0AD0039B1B7A052B06D0D4
:10457000039B02331846FFF7A1FF00E000BF05B020
:104580005DF804FBD033002082B00190019B9A8833
:10459000024B9A8000BF02B0704700BFD0330020AA
:1045A00082B00190064B9A88019B9B889A4204D165
:1045B000034B4FF6FF729A8000E000BF02B07047D5
:1045C000D033002000B585B00190019B06330393E2
:1045D000039B1A88104B5B899A4218D1039B5B8915
:1045E000022B15D1039B0C331846FAF742FE034603
:1045F0001A46094B1A76094B1B881B0443F0030328
:10460000054A127E06491846EFF76CFB00E000BF32
:1046100005B05DF804FB00BFD033002080210020EE
:104620009C72030000B585B00190019B0633039393
:10463000039B1A880A4BDB889A420DD1084B5B7E9C
:10464000002B09D000F0E8FA0290029B002B03D067
:10465000034B5B690220984700BF05B05DF804FB7F
:10466000D033002000B583B001900091019B002B56
:1046700027D0019B1B88532B1ED0532B20DC512BA2
:1046800012D0512B1CDC502B12D0502B18DC102BCD
:1046900002D0112B04D013E00198FFF775FF10E052
:1046A0000198FFF77DFF0CE00198FFF73FFF08E05E
:1046B0000198FFF787FF04E00198FFF7B3FF00E0E0
:1046C00000BF03B05DF804FB00B58BB003460A469B
:1046D0008DF807301346ADF804300323ADF82230CF
:1046E00003AB10220021184601F08CFBBDF82230EC
:1046F000ADF8203020238DF81C309DF807308DF860
:104700001D30BDF80430DBB28DF81E30124BDB8853
:10471000ADF80C3002238DF80E300023ADF81030C8
:1047200008AB059307AB06930B4B9B8803AA114676
:104730001846FFF7AFFE0990099B002B07D1BDF883
:104740002030BDF822209A4201D00C230993099B06
:1047500018460BB05DF804FBD033002000B583B0E1
:104760004FF0FF310020FFF7A5FE0190019B002BC9
:1047700001D0019B11E0B1210020FFF797FE0190CD
:10478000019B002B01D0019B07E0064B5B690120D8
:1047900098470220F4F78EFE0023184603B05DF818
:1047A00004FB00BFD033002010B588B00190264B29
:1047B00002AC0FCB84E80F00019B002B01D10E232C
:1047C0003EE0224B4FF6FF729A80019B1B681F4A06
:1047D00053611E4B00225A761C4B00221A761B484E
:1047E00000F0BAF80790079B002B01D0079B27E049
:1047F00001238DF81A304FF65963ADF8183006AB27
:10480000134A19460120FFF741FE0790079B002B32
:1048100001D0079B14E002AB0C491846FFF742FE9B
:104820000790079B002B01D0079B09E0074800F089
:10483000E1F80790079B002B01D0079B00E00023C5
:10484000184608B010BD00BFBC720300D033002072
:10485000D2330020A2DF704700BF184600B583B0F6
:104860000190054B1B680549019898470346184677
:1048700003B05DF804FB00BFEC330020F4330020EC
:1048800000B583B00190054B5B68054901989847D6
:104890000346184603B05DF804FB00BFEC3300206C
:1048A000F4330020064B1B68002B05D0044B5B68DB
:1048B000002B01D0012300E000231846704700BF01
:1048C000EC33002000B585B001900B4B1B689B7E3C
:1048D000002B01D006230BE00198FFF7BFFF0390E8
:1048E000039B002B03D1044B1B6801229A76039B88
:1048F000184605B05DF804FBF833002000B583B01E
:10490000144B1B689B7E002B0ED006210120FFF765
:10491000DBFE0190019B002B04D00E4B1B685B69F2
:1049200003209847002310E00A4B1B6801225A76A7
:1049300001210120FFF7C8FE0190019B002B03D04D
:10494000044B1B6800225A76019B184603B05DF8A1
:1049500004FB00BFF833002082B00190019B002BC4
:1049600001D10E2303E0034A019B13600023184684
:1049700002B07047F833002000B585B00190009177
:10498000FFF790FF0346002B2DD00198FFF778FF2B
:104990000390039B112B27D0039B002B11D1144BA9
:1049A0001B6800229A7601210220FFF78DFE0390FA
:1049B000039B002B18D00E4B1B685B6903209847A4
:1049C00012E00B4B1B6800229A7604210220FFF7AD
:1049D0007BFE0390039B002B06D0054B1B685B6995
:1049E0000320984700E000BF05B05DF804FB00BF5E
:1049F000F833002000B593B001900BAB00221A6091
:104A00005A609A60DA601A615A619A610AAB0021B1
:104A10000A461A800A469A7005AB00221A605A604C
:104A20009A60DA601A6104AB00210A461A800A46CD
:104A30009A709DF82830012262F303038DF8283024
:104A40009DF82830012262F307138DF828309DF875
:104A50002930012262F303038DF829309DF82930B3
:104A6000012262F307138DF829309DF82A300122C4
:104A700062F342038DF82A309DF82C3043F0200376
:104A80008DF82C309DF82C3043F008038DF82C3035
:104A900000230C9300230E9300230F930AAB109373
:104AA00000231193019B1B788DF80E300323ADF882
:104AB0000C309DF81030012262F303038DF81030A2
:104AC0009DF81030012262F307138DF810309DF825
:104AD0001130012262F303038DF811309DF811307B
:104AE000012262F307138DF811309DF81230012274
:104AF00062F342038DF812309DF8123023F0080360
:104B00008DF812309DF8123043F010038DF81230FA
:104B10009DF8123043F001038DF8123003AB05937A
:104B200004AB06930023ADF81C300023ADF81E3013
:104B30001723ADF8203000230993019B5888019B6F
:104B4000063305AA0BA9FFF785FE0346184613B0E6
:104B50005DF804FB00B585B001900423ADF80E307C
:104B6000019B1B7B012B02D0022B0AD02EE0FFF70A
:104B7000C5FE0290029B002B2CD10123ADF80E3014
:104B800028E0019B5B7B142B03D8019B5B7B002BF4
:104B900003D10523ADF80E301EE0019B03F10E0199
:104BA000019B5B7B1A46194801F0FAF8019B5B7B7D
:104BB0001A46174B9A611648FFF784FE0290029B33
:104BC000002B09D10123ADF80E3005E00223ADF82A
:104BD0000E3002E000BF00E000BFBDF80E30012B38
:104BE00010D0019B1B7BBDF80E2011461846FFF725
:104BF0006BFD0290029B002B04D0064B1B685B6987
:104C00000320984700BF05B05DF804FB0034002086
:104C1000FC330020F833002000B583B0064B1B683E
:104C20005B6900209847FFF799FD0190019B1846AA
:104C300003B05DF804FB00BFF8330020BFF34F8FD3
:104C400000BF074BDB6803F4E0620549054B1343E3
:104C5000CB60BFF34F8F00BF00BF00BFFCE700BFBA
:104C600000ED00E00400FA05024B034A1A6000BFA1
:104C7000704700BF7C2200200090D00308B500F0F0
:104C80005DF90346002B06D09B4B1B681B0A9B4A11
:104C900003F01F03136000F07DF90346002B02D0E0
:104CA000974B984A1A6000F091F90346002B06D002
:104CB000954B1B685B0B954A03F00703136000F0EC
:104CC000B1F90346002B05D0914BDB68904A23F0E5
:104CD0008073D36000F0C2F90346002B0ED04FF072
:104CE00080430022C3F80C214FF080430022C3F818
:104CF00010214FF080430022C3F8382500F0DAF984
:104D00000346002B02D0834B03221A6000F0EEF919
:104D10000346002B0BD0804B05221A607F4B0122EB
:104D20001A607F4B00221A607E4B3F221A6000F00F
:104D3000F9F90346002B76D04FF080537A4AD3F826
:104D40000434C2F820354FF08053774AD3F8083442
:104D5000C2F824354FF08053734AD3F80C34C2F8AC
:104D600028354FF08053704AD3F81034C2F82C35F0
:104D70004FF080536C4AD3F81434C2F830354FF0FA
:104D80008053694AD3F81834C2F834354FF0805351
:104D9000654AD3F81C34C2F840354FF08053624A5C
:104DA000D3F82034C2F844354FF080535E4AD3F82C
:104DB0002434C2F848354FF080535B4AD3F8283486
:104DC000C2F84C354FF08053574AD3F82C34C2F810
:104DD00050354FF08053544AD3F83034C2F854352C
:104DE0004FF08053504AD3F83434C2F860354FF056
:104DF00080534D4AD3F83834C2F864354FF08053AD
:104E0000494AD3F83C34C2F868354FF08053464ADB
:104E1000D3F84034C2F86C354FF08053424AD3F88F
:104E20004434C2F8703500F099F90346002B05D0E0
:104E30003E4B1B683E4A03F04F03136000F0BAF983
:104E40000346002B0DD04FF08043D3F8003403F01D
:104E50000103002B05D04FF080436FF00102C3F82F
:104E60000024344BD3F88830324A43F47003C2F83C
:104E70008830BFF34F8F00BFBFF36F8F00BF4FF07D
:104E80001023D3F80032002B05DB4FF01023D3F8AA
:104E90000432002B2BDA284B0122C3F8042500BF73
:104EA000254BD3F80034002BFAD04FF010231522F5
:104EB000C3F8002200BF204BD3F80034002BFAD0F7
:104EC0004FF010231522C3F8042200BF1A4BD3F869
:104ED0000034002BFAD0184B0022C3F8042500BF81
:104EE000154BD3F80034002BFAD0FFF7A7FEFFF7DD
:104EF000BBFE00BF08BD00BF2403001040350140C9
:104F000074C007400DF0ADBA440200103C050040EB
:104F1000F0ED00E0A005004010560040885600402B
:104F2000185600401456004000C0004058020010BF
:104F3000E40E004000ED00E000E00140124B1B6871
:104F4000DBB2062B1DD1114B1B6803F00F03002BA6
:104F500017D10F4B1B6803F0F003302B01D1012355
:104F600010E00B4B1B6803F0F003402B01D1012331
:104F700008E0074B1B6803F0F003502B01D101231D
:104F800000E0002318467047E00F00F0E40F00F047
:104F9000E80F00F00A4B1B68DBB2062B0DD1094B62
:104FA0001B6803F00F03002B07D1074B1B6803F0AE
:104FB000F003302B01D1012300E000231846704795
:104FC000E00F00F0E40F00F0E80F00F0124B1B6858
:104FD000DBB2062B1DD1114B1B6803F00F03002B16
:104FE00017D10F4B1B6803F0F003302B01D10123C5
:104FF00010E00B4B1B6803F0F003402B01D10123A1
:1050000008E0074B1B6803F0F003502B01D101238C
:1050100000E0002318467047E00F00F0E40F00F0B6
:10502000E80F00F00A4B1B68DBB2062B0DD1094BD1
:105030001B6803F00F03002B07D1074B1B6803F01D
:10504000F003302B01D1012300E000231846704704
:10505000E00F00F0E40F00F0E80F00F0124B1B68C7
:10506000DBB2062B1DD1114B1B6803F00F03002B85
:1050700017D10F4B1B6803F0F003302B01D1012334
:1050800010E00B4B1B6803F0F003402B01D1012310
:1050900008E0074B1B6803F0F003502B01D10123FC
:1050A00000E0002318467047E00F00F0E40F00F026
:1050B000E80F00F00A4B1B68DBB2062B0DD1094B41
:1050C0001B6803F00F03002B07D1074B1B6803F08D
:1050D000F003302B01D1012300E000231846704774
:1050E000E00F00F0E40F00F0E80F00F00A4B1B683F
:1050F000DBB2062B0DD1094B1B6803F00F03002B0D
:1051000007D1074B1B6803F0F003302B01D10123BB
:1051100000E0002318467047E00F00F0E40F00F0B5
:10512000E80F00F00A4B1B68DBB2062B0DD1094BD0
:105130001B6803F00F03002B07D1074B1B6803F01C
:10514000F003502B01D1012300E0002318467047E3
:10515000E00F00F0E40F00F0E80F00F0124B1B68C6
:10516000DBB2062B1DD1114B1B6803F00F03002B84
:1051700017D10F4B1B6803F0F003302B01D1012333
:1051800010E00B4B1B6803F0F003402B01D101230F
:1051900008E0074B1B6803F0F003502B01D10123FB
:1051A00000E0002318467047E00F00F0E40F00F025
:1051B000E80F00F0124B1B68DBB2062B1DD1114B20
:1051C0001B6803F00F03002B17D10F4B1B6803F074
:1051D000F003302B01D1012310E00B4B1B6803F0CF
:1051E000F003402B01D1012308E0074B1B6803F0BB
:1051F000F003502B01D1012300E000231846704733
:10520000E00F00F0E40F00F0E80F00F082B003467A
:105210008DF807309DF8073003F01F0205499DF90E
:1052200007305B09012000FA02F241F8232000BF99
:1052300002B0704700E100E082B003468DF807300D
:105240009DF8073003F01F0206499DF907305B09FE
:10525000012000FA02F2203341F8232000BF02B0FF
:10526000704700BF00E100E082B0034600918DF876
:1052700007309DF90730002B0CDA009BDAB20C499D
:105280009DF8073003F00F03043B5201D2B20B44E8
:105290001A7609E0009BDAB206499DF907305201FF
:1052A000D2B20B4483F8002300BF02B0704700BFA6
:1052B00000ED00E000E100E082B003468DF8073029
:1052C0009DF90730002B0BDA0B4A9DF8073003F0ED
:1052D0000F03043B13441B7EDBB25B09DBB208E027
:1052E000064A9DF90730134493F80033DBB25B099B
:1052F000DBB2184602B0704700ED00E000E100E0CC
:1053000000B583B00190019B002B03D10449C42058
:10531000F7F704FA019B5B68184603B05DF804FBDD
:10532000CC72030010DF704700BF184611DF7047D2
:1053300000BF184682B003468DF807309DF907304C
:105340001F2B0CDC9DF907300F4A22FA03F303F000
:105350000103002B14BF01230023DBB210E09DF9F1
:1053600007303F2B0BDC9DF90730203B012202FA6E
:1053700003F3002B14BF01230023DBB200E0012361
:10538000184602B0704700BFFC06FFBD82B0019016
:10539000019B072B01D900230BE0019B002B05D0BB
:1053A000019B012B02D0019B042B01D1002300E0C3
:1053B0000123184602B0704700B583B003468DF84C
:1053C00007309DF907301846FFF7B4FF0346002B5E
:1053D00002D142F201032EE09DF907301846FFF793
:1053E0006BFF03461846FFF7D1FF0346002B02D19F
:1053F00042F202031FE0124B9B68002B15D09DF96F
:1054000007305B090E4A52F823209DF8073003F05D
:105410001F03012101FA03F319469DF907305B09C7
:105420000A43074941F8232004E09DF90730184654
:10543000FFF7ECFE0023184603B05DF804FB00BF45
:105440007C29002000B583B003468DF807309DF914
:1054500007301846FFF76EFF0346002B02D142F2D9
:1054600001031FE0114B9B68002B15D09DF90730FD
:105470005B090E4A52F823109DF8073003F01F0312
:10548000012202FA03F3DA439DF907305B090A406F
:10549000064941F8232004E09DF907301846FFF73C
:1054A000CBFE0023184603B05DF804FB7C290020E6
:1054B00000B583B0034600918DF807309DF90730A1
:1054C0001846FFF737FF0346002B02D142F20103D3
:1054D0000FE00098FFF75AFF0346002B02D142F27B
:1054E000020306E09DF9073000991846FFF7BCFE5D
:1054F0000023184603B05DF804FB000000B587B038
:1055000003468DF8073002AB14491846F4F70EF83D
:1055100017E002AB1846FFF7F3FE0590059B1B68EA
:105520000493059B59689DF80720049B10469847F3
:105530000346002B01D111230BE002AB1846F4F710
:105540001FF802AB1846FFF7DBFE0346002BE0D145
:105550000023184607B05DF804FB00BF807303000A
:1055600000B587B003468DF8073002AB11491846E5
:10557000F3F7DCFF12E002AB1846FFF7C1FE05901F
:10558000059B1B680493059B59689DF80720049BA5
:105590001046984702AB1846F3F7F2FF02AB1846E5
:1055A000FFF7AEFE0346002BE5D100BF00BF07B0FA
:1055B0005DF804FB8C73030000B583B01620FFF781
:1055C000FBFE0190019B0093009B002B04D0044A3A
:1055D00099210098EFF736FB00BF03B05DF804FB9C
:1055E0002873030000B583B01620FFF72BFF01904E
:1055F000019B0093009B002B04D0044AA521009836
:10560000EFF720FB00BF03B05DF804FB2873030035
:1056100000B585B007211620FFF74AFF0390039BD2
:105620000293029B002B04D00B4AB8210298EFF79B
:1056300009FB07211520FFF73BFF0390039B019314
:10564000019B002B04D0044ABA210198EFF7FAFA23
:1056500000BF05B05DF804FB2873030000B583B0FC
:105660001B4B1B78002B01D008232CE0194B012287
:105670001A700020FFF742FF0346112B01D10023CF
:1056800021E00020FFF76CFF134B1B6800936B4673
:1056900012491846FFF746FE0190019B002B01D0EE
:1056A000019B10E00A4B01221A700A4B00221A706B
:1056B0000B4B00221A70FFF7ABFFFFF77DFF0120B5
:1056C000FFF74EFF0023184603B05DF804FB00BF50
:1056D000183400201A3400207C730300114D02009E
:1056E0001934002000B583B0174B1B7883F00103F9
:1056F000DBB2002B01D0082321E0144B01221A70E9
:105700000120FFF7FBFE0346112B01D1002316E019
:105710000220FFF725FFFFF709FE0190019B002BF8
:1057200001D0019B0BE0084B00221A70074B0022AE
:105730001A70FFF757FF0320FFF712FF00231846E8
:1057400003B05DF804FB00BF183400201A340020B9
:1057500008B50B4B1B7883F00103DBB2002B01D0A3
:1057600008230AE0074B1B78002B03D0FFF7BAFF92
:10577000034602E0FFF772FF0346184608BD00BF6C
:105780001A34002018340020014B1B78184670474B
:105790001834002000B585B06B4611491846F3F760
:1057A000C5FE10E06B461846FFF7AAFD0390039B69
:1057B0001B680293039B5A68029B104698476B46EE
:1057C0001846F3F7DDFE6B461846FFF799FD0346D2
:1057D000002BE7D100BF00BF05B05DF804FB00BFA0
:1057E0009873030008B5FFF7D5FF00BF08BD60DF61
:1057F000704700BF184669DF704700BF184661DF79
:10580000704700BF1846000000B583B00190019BAF
:10581000002B03D10449C420F6F780FF019B5B688D
:10582000184603B05DF804FBA473030082B0019036
:10583000019B002B01D10E2304E0044B1A46019B6F
:105840001A600023184602B0704700BF8021002074
:1058500010B586B0034600918DF807300098FFF729
:10586000E5FF0590059B002B01D0059BBAE002AB3C
:105870000C220021184600F0C5FA9DF807308DF87B
:10588000083001238DF80A300323ADF80C30009B5B
:105890001A6802AB19462020FFF7ADFF0590059B63
:1058A000002B0DD0514B1B881B0443F001040598BD
:1058B000F3F798FE03461A464D492046EEF712FAD2
:1058C00002AB0C220021184600F09CFA01238DF84F
:1058D000083000238DF8093000238DF80A30009B32
:1058E0001A6802AB19464020FFF785FF0590059B1B
:1058F000002B0DD03D4B1B881B0443F00104059881
:10590000F3F770FE03461A463A492046EEF7EAF9E5
:1059100002AB0C220021184600F074FA01238DF826
:105920000830009B1A6802AB19460120FFF763FF9D
:105930000590059B002B0DD02C4B1B881B0443F0BE
:1059400001040598F3F74EFE03461A462A492046FD
:10595000EEF7C8F902AB0C220021184600F052FA0B
:105960004FF4B0630293009B1A6802AB1946A12062
:10597000FFF741FF0590059B002B0DD01B4B1B88AB
:105980001B0443F001040598F3F72CFE03461A4666
:105990001A492046EEF7A6F902AB0C220021184660
:1059A00000F030FA9DF8083043F001038DF808301C
:1059B000009B1A6802AB1946A020FFF71CFF059058
:1059C000059B002B0DD0094B1B881B0443F00104E1
:1059D0000598F3F707FE03461A4609492046EEF7F5
:1059E00081F90023184606B010BD00BFC821002071
:1059F000047403004C74030098740300E4740300FF
:105A00003875030082B04FF08053D3F80C319B02FD
:105A10000193019B03F10053184602B07047000048
:105A200010B584B00190019B1B6803930198FFF7A8
:105A3000DEFE0290019B1B68039A9A421AD0184B13
:105A40001B881B0443F00200019B1B68039A154945
:105A5000EEF759F9124B1B881B0443F00204FFF7C1
:105A6000D1FF0246019B1B68D31A1A460E492046F5
:105A7000EEF738F9029B002B0DD0094B1B881B0455
:105A800043F001040298F3F7ADFD03461A460749B7
:105A90002046EEF727F9029B184604B010BD00BF60
:105AA000C82100208C750300BC750300E07503005D
:105AB00000B599B001903823ADF84E300DF14E028B
:105AC00003AB11461846FFF79AFE1790179B002B61
:105AD00003D0179B052B22D127E003AB169311AB04
:105AE00014491846F3F722FD11E011AB1846FFF7F1
:105AF0008BFE1590159B1B681493159B5A68149B7D
:105B000011461698984711AB1846F3F739FD11ABBB
:105B10001846FFF779FE0346002BE6D1CBE7064A8D
:105B200040F221111798EFF78DF800BF19B05DF81A
:105B300004FB00BF587603000076030000B583B075
:105B40000190019B002B03D10449C420F6F7E6FD28
:105B5000019B5B68184603B05DF804FB64760300A4
:105B600048DF704700BF184600B589B0019004AB0C
:105B70001846FFF7F5FF0790079B002B03D0079B04
:105B8000052B20D124E002AB13491846F3F7CEFCD5
:105B900011E002AB1846FFF7D1FF0690069B1B6889
:105BA0000593049A069B5968059B1046984702ABDB
:105BB0001846F3F7E5FC02AB1846FFF7BFFF0346B4
:105BC000002BE6D1D3E7054A6B210798EFF73AF8A7
:105BD00000BF09B05DF804FB1C770300C476030026
:105BE000002B35D129B9B0FBF2FC0CFB1202604648
:105BF0007047914215D22DE9F041B2FA82F39A40F2
:105C00009940D3F1200C30FA0CFC51EA0C01984079
:105C100000F04EF8280036FA03F200210023BDE818
:105C2000F081F0B5B1FBF2FC0CFB1211B2FA82F379
:105C30009A409940D3F1200630FA06F63143984055
:105C400000F036F8614628003200DA400023F0BD4B
:105C5000F3B5B3FA83FC49085FEA300013FA0CF39A
:105C6000DCF1200432FA04F423430CB41A0000F0EF
:105C70001FF80CBC33FA0CF3DCF11F0C35FA0CF5F1
:105C800018BF013D03BCA5FB026705FB0377801B22
:105C9000B941904271EB030C05D3821A71EB0303F7
:105CA000681C0021F0BD02000B0028000021F0BD9F
:105CB000940D4FF6C2752D02B5FBF4F4D60A0136E9
:105CC00004FB04F5A5FB0656F64306EB041655083F
:105CD00032BF00277708013505FB1677A6FB07477B
:105CE0007F0807EBC63714001500E7FB02457F1B52
:105CF0004D1C0400E7FB014505FB1206A64284BFCC
:105D0000013DB618964224BF0135B61A704700BF50
:105D1000082938BF7047416043F21C41C2F20001BC
:105D2000086000210160704700B5042A8E4609D33F
:105D300050F8043B5EF804CB634505D1043A032ACE
:105D40007146F5D89AB10368086880EA030191FAB0
:105D5000A1F1B1FA81F1B2EBD10F08D901F038010C
:105D600023FA01F2C840C0B2D1B2081A00BD002027
:105D700000BD0178002904BF0020704700214FF0CA
:105D800001324358C2FA53F30431002BF9D093FA8D
:105D9000A3F0B0FA80F001EBD000043870470000A7
:105DA0005AB3844690EA01039B071FD1830707D0AB
:105DB00011F8013B00F8013B013AF7D11CE08446A1
:105DC000203A09D32DE9F007B1E8F807A0E8F80771
:105DD000203AF9D2BDE8F0071C3205D451F8043B53
:105DE00040F8043B043AF9D2043205D011F8013BE3
:105DF00000F8013B013AF9D16046704700220B00E0
:105E000011001A0084465AB3830704D000F8011B1E
:105E1000013AF9D124E0C9B241EA012141EA014144
:105E2000202A11D3203A2DE9F0030B460C460D46EB
:105E30000E460F4688468946A0E8FA03203AFBD270
:105E4000BDE8F00320320BD0042A05D340F8041B30
:105E5000043A05D0042AF9D200F8011B013AFBD11B
:105E60006046704784460020002918BF002A00D1F0
:105E70007047097848B2002844BF6FF001007047AE
:105E8000BCF1000F18BFCCF800100021C3E90011CD
:105E9000002818BF012070477F298EBF6FF00100D6
:105EA00001700120704743F22041C2F200010968ED
:105EB000002904BF42F28021C2F2000149688968CA
:105EC0000A68092110477F2884BF0020704747F6E1
:105ED0003C12C0F20302515C47F6BC02C0F203025E
:105EE000105C08407047A0F161011A2938BF2038C2
:105EF0007047A0F141011A2938BF40F020007047D7
:105F00007F2884BF0020704747F63C12C0F203028E
:105F1000515C47F6BC02C0F20302105C08407047B7
:105F2000A0F161011A2938BF20387047A0F1410162
:0A5F30001A2938BF40F02000704726
:105F3C0071EF02000000000001C50200000000002B
:105F4C003D0B0300AC2C00201DE70200C02C0020F0
:105F5C00A5ED020000000000F12503000000000088
:105F6C0065460300D033002055CB02000000000032
:105F7C000D8D020000000000B99B02000000000023
:105F8C0067E70200C02C00207949030000000000E4
:045F9C0001C6020038
:105FA000D861030000000300046503000000000046
:105FB00050710300000003001C6C0300000000008F
:105FC000106D0300000000002073030000000300B8
:105FD000F873030000000300B8760300000003001C
:105FE0002C67030000000000AC6D030000000000FF
:085FF000B58D02000000000065
:105FF800DD8D020000000000D59B020000000000BB
:10600800B15A030000000000695B030000000000B3
:106018000000000000000000000000000000000078
:106028000000000000000000000000000000000068
:106038000000000000000000000000000000000058
:106048000000000000000000000000000000000048
:106058000000000000000000000000000000000038
:106068000000000000000000000000000000000028
:106078000000000000000000000000000000000018
:08608800000000000000000010
:106090000000000000000000797202000000000013
:0460A00000000000FC
:1060A4006D3302009F330200953302002F686F6D39
:1060B400652F736A6F2F64776D313030312D6578B9
:1060C400616D706C65732F6E5246355F53444B5F40
:1060D40031342E322E302F636F6D706F6E656E7497
:1060E400732F6C69627261726965732F657870656C
:1060F40072696D656E74616C5F6C6F672F73726328
:106104002F6E72665F6C6F675F6261636B656E644E
:106114005F756172742E6300FFFFFFFFFFFFFFFFD7
:10612400FFFFFFFFFFFFFFFF000000000000000073
:106134000000D601070100001D360200513602009E
:10614400453602002F686F6D652F736A6F2F647771
:106154006D313030312D6578616D706C65732F6EE3
:106164005246355F53444B5F31342E322E302F6309
:106174006F6D706F6E656E74732F6C69627261728D
:106184006965732F6578706572696D656E74616C8D
:106194005F6C6F672F7372632F6E72665F6C6F67CD
:1061A4005F64656661756C745F6261636B656E6480
:1061B400732E6300E02300201823002020230020F6
:1061C40020230020180000004F766572666C6F77FC
:1061D40000000000617070002F686F6D652F736A96
:1061E4006F2F64776D313030312D6578616D706C4F
:1061F40065732F6E5246355F53444B5F31342E32F4
:106204002E302F636F6D706F6E656E74732F6C69B3
:10621400627261726965732F6578706572696D6504
:106224006E74616C5F6C6F672F7372632F6E72662E
:106234005F6C6F675F66726F6E74656E642E630069
:106244006572726F720000007761726E696E67002A
:10625400696E666F00000000646562756700000087
:106264001B5B306D000000001B5B313B33306D0065
:106274001B5B313B33316D001B5B313B33326D00B3
:106284001B5B313B33336D001B5B313B33346D009F
:106294001B5B313B33356D001B5B313B33366D008B
:1062A4001B5B313B33376D00257300003C25733E87
:1062B4002025733A200000000D0A0000202530320A
:1062C40078000000202020007C00000025630000EE
:1062D400200000002E2E2F2E2E2F2E2E2F2E2E2F6E
:1062E4002E2E2F2E2E2F636F6D706F6E656E74734E
:1062F4002F647269766572735F6E72662F68616C63
:106304002F6E72665F6770696F2E68002F686F6DFD
:10631400652F736A6F2F64776D313030312D657856
:10632400616D706C65732F6E5246355F53444B5FDD
:1063340031342E322E302F636F6D706F6E656E7434
:10634400732F626F617264732F626F617264732E54
:1063540063000000111213140D0E0F1014280020F6
:106364002F686F6D652F736A6F2F64776D313030CE
:10637400312D6578616D706C65732F6E5246355F93
:1063840053444B5F31342E322E302F636F6D706F58
:106394006E656E74732F6C69627261726965732FB6
:1063A400627574746F6E2F6170705F627574746F50
:1063B4006E2E6300534F46544445564943453A2094
:1063C400415353455254494F4E204641494C45444C
:1063D40000000000534F46544445564943453A2073
:1063E400494E56414C4944204D454D4F5259204148
:1063F4004343455353000000415353455254494FBE
:106404004E204641494C45442061742025733A2569
:10641400750000004552524F52202575205B2573AC
:106424005D2061742025733A25750000554E4B4E4E
:106434004F574E204641554C5420617420307825E6
:10644400303858002F686F6D652F736A6F2F64772B
:106454006D313030312D6578616D706C65732F6EE0
:106464005246355F53444B5F31342E322E302F6306
:106474006F6D706F6E656E74732F6C69627261728A
:106484006965732F7574696C2F6170705F757469B9
:106494006C5F706C6174666F726D2E630000000037
:1064A4002F686F6D652F736A6F2F64776D3130308D
:1064B400312D6578616D706C65732F6E5246355F52
:1064C40053444B5F31342E322E302F636F6D706F17
:1064D4006E656E74732F6C69627261726965732F75
:1064E4006664732F6664732E63000000DEC0ADDE45
:1064F400FF011EF1DEC0ADDEFE011EF10000FFFF54
:1065040062616C6C6F6300002F686F6D652F736A36
:106514006F2F64776D313030312D6578616D706C1B
:1065240065732F6E5246355F53444B5F31342E32C0
:106534002E302F636F6D706F6E656E74732F6C6980
:10654400627261726965732F62616C6C6F632F6E26
:1065540072665F62616C6C6F632E63002F686F6D8F
:10656400652F736A6F2F64776D313030312D657804
:10657400616D706C65732F6E5246355F53444B5F8B
:1065840031342E322E302F65787465726E616C2F23
:10659400667072696E74662F6E72665F6670726979
:1065A4006E74662E630000002F686F6D652F736A2A
:1065B4006F2F64776D313030312D6578616D706C7B
:1065C40065732F6E5246355F53444B5F31342E3220
:1065D4002E302F65787465726E616C2F66707269E7
:1065E4006E74662F6E72665F667072696E74665F33
:1065F400666F726D61742E630000000030313233B7
:10660400343536373839414243444546001000009A
:106614000400000001000000558B0200A18B020061
:106624003D8C0200CD8B0200618C0200D58C0200EF
:10663400E38C0200F18C02002F686F6D652F736A82
:106644006F2F64776D313030312D6578616D706CEA
:1066540065732F6E5246355F53444B5F31342E328F
:106664002E302F636F6D706F6E656E74732F6C694F
:10667400627261726965732F6578706572696D65A0
:106684006E74616C5F6D656D6F626A2F6E72665FAA
:106694006D656D6F626A2E63000000002E2E2F2E32
:1066A4002E2F2E2E2F2E2E2F2E2E2F2E2E2F636F8B
:1066B4006D706F6E656E74732F6C6962726172694E
:1066C40065732F6578706572696D656E74616C5F52
:1066D40073656374696F6E5F766172732F6E726631
:1066E4005F73656374696F6E5F697465722E6800A9
:1066F4002E2E2F2E2E2F2E2E2F2E2E2F2E2E2F2EB1
:106704002E2F636F6D706F6E656E74732F6C69627C
:106714007261726965732F6D757465782F6E726618
:106724005F6D74782E6800007077725F6D676D74AA
:10673400000000002F686F6D652F736A6F2F6477F8
:106744006D313030312D6578616D706C65732F6EED
:106754005246355F53444B5F31342E322E302F6313
:106764006F6D706F6E656E74732F6C696272617297
:106774006965732F7077725F6D676D742F6E7266C3
:106784005F7077725F6D676D742E63009C5F0300AA
:10679400A05F030004000000742B00202F686F6DBD
:1067A400652F736A6F2F64776D313030312D6578C2
:1067B400616D706C65732F6E5246355F53444B5F49
:1067C40031342E322E302F636F6D706F6E656E74A0
:1067D400732F6C69627261726965732F6578706575
:1067E40072696D656E74616C5F73656374696F6EF5
:1067F4005F766172732F6E72665F73656374696F1F
:106804006E5F697465722E6300000000556E6B6ED6
:106814006F776E206572726F7220636F646500001B
:106824004E52465F53554343455353004E52465FC1
:106834004552524F525F5356435F48414E444C4574
:10684400525F4D495353494E470000004E52465F34
:106854004552524F525F534F46544445564943455F
:106864005F4E4F545F454E41424C4544000000008A
:106874004E52465F4552524F525F494E5445524E16
:10688400414C00004E52465F4552524F525F4E4FAC
:106894005F4D454D000000004E52465F4552524F39
:1068A400525F4E4F545F464F554E44004E52465F22
:1068B4004552524F525F4E4F545F535550504F52B2
:1068C400544544004E52465F4552524F525F494E22
:1068D40056414C49445F504152414D004E52465F2F
:1068E4004552524F525F494E56414C49445F5354AE
:1068F400415445004E52465F4552524F525F494EF5
:1069040056414C49445F4C454E47544800000000F2
:106914004E52465F4552524F525F494E56414C4982
:10692400445F464C414753004E52465F4552524FD6
:10693400525F494E56414C49445F44415441000022
:106944004E52465F4552524F525F444154415F5349
:10695400495A45004E52465F4552524F525F544980
:106964004D454F55540000004E52465F4552524F1C
:10697400525F4E554C4C00004E52465F4552524FAA
:10698400525F464F5242494444454E004E52465F80
:106994004552524F525F494E56414C49445F41441F
:1069A400445200004E52465F4552524F525F425588
:1069B400535900004E52465F4552524F525F4D4F5D
:1069C40044554C455F4E4F545F494E495449414CE0
:1069D4005A4544004E52465F4552524F525F4D5500
:1069E4005445585F494E49545F4641494C4544001B
:1069F4004E52465F4552524F525F4D555445585F73
:106A04004C4F434B5F4641494C4544004E52465F10
:106A14004552524F525F4D555445585F554E4C4F59
:106A2400434B5F4641494C45440000004E52465F8B
:106A34004552524F525F4D555445585F434F4E4453
:106A44005F494E49545F4641494C454400000000AB
:106A54004E52465F4552524F525F4D4F44554C453E
:106A64005F414C52454144595F494E495449414C58
:106A7400495A4544000000004E52465F4552524F69
:106A8400525F53544F524147455F46554C4C0000AA
:106A94004E52465F4552524F525F4150495F4E4FEE
:106AA400545F494D504C454D454E544544000000FB
:106AB4004E52465F4552524F525F464541545552DD
:106AC400455F4E4F545F454E41424C4544000000E3
:106AD4004E52465F4552524F525F4452565F54578E
:106AE400495F4552525F4F56455252554E00000081
:106AF4004E52465F4552524F525F4452565F54576E
:106B0400495F4552525F414E41434B004E52465FEE
:106B14004552524F525F4452565F5457495F455253
:106B2400525F444E41434B000000000024680300C0
:106B340001000000306803000200000050680300F8
:106B44000300000074680300040000008868030068
:106B5400050000009C68030006000000B068030004
:106B640007000000C868030008000000E068030094
:106B740009000000F86803000A000000146903001B
:106B84000B0000002C6903000C00000044690300A2
:106B94000D000000586903000E0000006C6903003A
:106BA4000F0000007C6903001000000090690300DE
:106BB40011000000A869030080000000B869030008
:106BC40081000000D869030082000000F46903001A
:106BD40083000000106A030084000000306A030090
:106BE40085000000546A0300860000007C6A0300EC
:106BF40090000000946A030091000000B46A03004E
:106C040000820000D46A030001820000F46A0300D9
:106C140002820000106B0300636C6F636B00000062
:106C24002F686F6D652F736A6F2F64776D31303005
:106C3400312D6578616D706C65732F6E5246355FCA
:106C440053444B5F31342E322E302F636F6D706F8F
:106C54006E656E74732F647269766572735F6E729B
:106C6400662F636C6F636B2F6E72665F6472765F00
:106C7400636C6F636B2E63002F686F6D652F736A8F
:106C84006F2F64776D313030312D6578616D706CA4
:106C940065732F6E5246355F53444B5F31342E3249
:106CA4002E302F636F6D706F6E656E74732F647208
:106CB40069766572735F6E72662F636F6D6D6F6E4A
:106CC4002F6E72665F6472765F636F6D6D6F6E2E8A
:106CD400630000002E2E2F2E2E2F2E2E2F2E2E2F21
:106CE4002E2E2F2E2E2F636F6D706F6E656E747344
:106CF4002F647269766572735F6E72662F68616C59
:106D04002F6E72665F6770696F2E68006770696FB7
:106D1400746500002F686F6D652F736A6F2F647739
:106D24006D313030312D6578616D706C65732F6E07
:106D34005246355F53444B5F31342E322E302F632D
:106D44006F6D706F6E656E74732F647269766572A1
:106D5400735F6E72662F6770696F74652F6E7266EB
:106D64005F6472765F6770696F74652E63000000FC
:106D74002E2E2F2E2E2F2E2E2F2E2E2F2E2E2F2E2A
:106D84002E2F636F6D706F6E656E74732F647269EE
:106D9400766572735F6E72662F68616C2F6E7266B1
:106DA4005F6770696F2E680075617274000000007F
:106DB4002F686F6D652F736A6F2F64776D31303074
:106DC400312D6578616D706C65732F6E5246355F39
:106DD40053444B5F31342E322E302F636F6D706FFE
:106DE4006E656E74732F647269766572735F6E720A
:106DF400662F756172742F6E72665F6472765F754A
:106E04006172742E630000002E2E2F2E2E2F2E2E34
:106E14002F2E2E2F2E2E2F2E2E2F636F6D706F6E12
:106E2400656E74732F647269766572735F6E7266D1
:106E34002F68616C2F6E72665F6770696F2E6800D1
:106E44002C2C00204C2C00207C2C00200D00030056
:106E540069BB02000E00030069BB02000F000300BF
:106E640069BB02001000030069BB0200506F776524
:106E740072206D616E6167656D656E742077616EF9
:106E8400747320746F20726573657420746F20446A
:106E94004655206D6F64652E00000000506F7765C5
:106EA40072206D616E6167656D656E7420616C6CD6
:106EB4006F77656420746F20726573657420746FD6
:106EC40020444655206D6F64652E00004465766944
:106ED400636520697320707265706172696E6720E2
:106EE400746F20656E74657220626F6F746C6F616D
:106EF400646572206D6F64652E00000044657669D8
:106F040063652077696C6C20656E74657220626FAE
:106F14006F746C6F61646572206D6F64652E000020
:106F24005265717565737420746F20656E74657233
:106F340020626F6F746C6F61646572206D6F64653D
:106F4400206661696C6564206173796E6368726F31
:106F54006E656F75736C792E000000005265717553
:106F640065737420746F2073656E6420612072658C
:106F740073706F6E736520746F20636C69656E74D3
:106F8400206661696C65642E000000002F686F6DD7
:106F9400652F736A6F2F64776D313030312D6578CA
:106FA400616D706C65732F6E5246355F53444B5F51
:106FB40031342E322E302F6578616D706C65732FED
:106FC400626C655F7065726970686572616C2F626E
:106FD4006C655F6170705F627574746F6E6C6573FD
:106FE400735F6466752F6D61696E2E630000000027
:106FF400556E6B6E6F776E206576656E7420667263
:107004006F6D20626C655F6466755F627574746F22
:107014006E6C6573732E0000436F6E6E65637465EA
:107024006420746F20612070726576696F75736C6B
:107034007920626F6E646564206465766963652E89
:1070440000000000436F6E6E656374696F6E207399
:107054006563757265643A20726F6C653A202564C5
:107064002C20636F6E6E5F68616E646C653A2030CD
:107074007825782C2070726F6365647572653A2088
:1070840025642E004E6F726469635F427574746F79
:107094006E6C657373000000457261736520626FE6
:1070A4006E647321000000004170706C6963617448
:1070B400696F6E20737461727465640A0000000065
:1070C4005465726D696E616C000000005254540086
:1070D40053454747455200002F686F6D652F736A0B
:1070E4006F2F64776D313030312D6578616D706C40
:1070F40065732F6E5246355F53444B5F31342E32E5
:107104002E302F636F6D706F6E656E74732F626CAB
:10711400652F636F6D6D6F6E2F626C655F636F6E4D
:107124006E5F73746174652E6300000001000100DA
:1071340040710300010001004471030001000000DC
:1071440000000000BD25030095F70200626C655F36
:10715400676174740000000073645F626C655F674C
:1071640061705F646174615F6C656E6774685F759C
:10717400706461746528292028726571756573745B
:1071840029206F6E20636F6E6E656374696F6E2065
:10719400307825782072657475726E656420756E1A
:1071A40065787065637465642076616C75652030FC
:1071B4007825782E0000000073645F626C655F6759
:1071C400617474635F65786368616E67655F6D742D
:1071D400755F72657175657374282920726574759D
:1071E400726E656420756E6578706563746564207D
:1071F40076616C756520307825782E0073645F6243
:107204006C655F67617474735F65786368616E67EA
:10721400655F6D74755F7265706C7928292072657D
:107224007475726E656420756E65787065637465D7
:10723400642076616C756520307825782E00000016
:1072440073645F626C655F6761705F646174615FE2
:107254006C656E6774685F75706461746528292055
:10726400287265706C79292072657475726E656414
:1072740020756E65787065637465642076616C75DD
:107284006520307825782E004D2303009D410300AE
:1072940019FB0200E1F702005265636569766564D3
:1072A40020696E6469636174696F6E2073746174BC
:1072B400652025640000000050EADA308883B89F16
:1072C400604F15F30000C98E2E2E2F2E2E2F2E2E3A
:1072D4002F2E2E2F2E2E2F2E2E2F636F6D706F6E4E
:1072E400656E74732F6C69627261726965732F6560
:1072F40078706572696D656E74616C5F73656374D3
:10730400696F6E5F766172732F6E72665F73656309
:1073140074696F6E5F697465722E68006E72665F61
:10732400736468002F686F6D652F736A6F2F6477BD
:107334006D313030312D6578616D706C65732F6EF1
:107344005246355F53444B5F31342E322E302F6317
:107354006F6D706F6E656E74732F736F6674646592
:10736400766963652F636F6D6D6F6E2F6E72665FE6
:107374007364682E6300000001000007F05F0300DF
:10738400F85F030008000000F85F030008600300D2
:1073940008000000086003001860030008000000F3
:1073A4002E2E2F2E2E2F2E2E2F2E2E2F2E2E2F2EF4
:1073B4002E2F636F6D706F6E656E74732F6C6962C0
:1073C4007261726965732F6578706572696D656E37
:1073D40074616C5F73656374696F6E5F76617273F9
:1073E4002F6E72665F73656374696F6E5F6974652F
:1073F400722E68006E72665F7364685F626C65000B
:1074040073645F626C655F6366675F736574282984
:107414002072657475726E656420257320776865C3
:107424006E20617474656D7074696E6720746F206A
:1074340073657420424C455F434F4E4E5F4346474D
:107444005F4741502E00000073645F626C655F63A8
:1074540066675F73657428292072657475726E653A
:1074640064202573207768656E20617474656D707F
:1074740074696E6720746F2073657420424C455F95
:107484004741505F4346475F524F4C455F434F551A
:107494004E542E0073645F626C655F6366675F734E
:1074A400657428292072657475726E65642025736D
:1074B400207768656E20617474656D7074696E6799
:1074C40020746F2073657420424C455F434F4D4DCB
:1074D4004F4E5F4346475F56535F555549442E0010
:1074E40073645F626C655F6366675F7365742829A4
:1074F4002072657475726E656420257320776865E3
:107504006E20617474656D7074696E6720746F2089
:1075140073657420424C455F47415454535F43465E
:10752400475F415454525F5441425F53495A452E78
:107534000000000073645F626C655F6366675F737D
:10754400657428292072657475726E6564202573CC
:10755400207768656E20617474656D7074696E67F8
:1075640020746F2073657420424C455F4741545426
:10757400535F4346475F534552564943455F43482B
:10758400414E4745442E000052414D2073746172B0
:10759400747320617420307825782C2063616E2008
:1075A40062652061646A757374656420746F203049
:1075B4007825782E0000000052414D2073697A65C9
:1075C4002063616E2062652061646A75737465640A
:1075D40020746F20307825782E00000073645F6279
:1075E4006C655F656E61626C6528292072657475CF
:1075F400726E65642025732E000000002F686F6D85
:10760400652F736A6F2F64776D313030312D657853
:10761400616D706C65732F6E5246355F53444B5FDA
:1076240031342E322E302F636F6D706F6E656E7431
:10763400732F736F66746465766963652F636F6D0A
:107644006D6F6E2F6E72665F7364685F626C652E19
:10765400630000003C5F03007C5F0300080000003F
:107664002E2E2F2E2E2F2E2E2F2E2E2F2E2E2F2E31
:107674002E2F636F6D706F6E656E74732F6C6962FD
:107684007261726965732F6578706572696D656E74
:1076940074616C5F73656374696F6E5F7661727336
:1076A4002F6E72665F73656374696F6E5F6974656C
:1076B400722E68006E72665F7364685F736F630036
:1076C4002F686F6D652F736A6F2F64776D3130305B
:1076D400312D6578616D706C65732F6E5246355F20
:1076E40053444B5F31342E322E302F636F6D706FE5
:1076F4006E656E74732F736F667464657669636503
:107704002F636F6D6D6F6E2F6E72665F7364685F4B
:10771400736F632E630000007C5F03009C5F0300B3
:1077240008000000ED77030064780300F07703009D
:1077340053756E646179004D6F6E646179005475A0
:107744006573646179005765646E6573646179007B
:107754005468757273646179004672696461790072
:10776400536174757264617900004A616E75617267
:1077740079004665627275617279004D6172636861
:1077840000417072696C004D6179004A756E650044
:107794004A756C790041756775737400536570742C
:1077A400656D626572004F63746F626572004E6F3F
:1077B40076656D62657200446563656D626572002D
:1077C40000414D00504D0000256D2F25642F257973
:1077D4000025483A254D3A2553002561202562208D
:1077E400256520255420255900430000C75E030069
:1077F400E75E0300F35E0300015F0300215F030003
:107804002D5F0300995E0300655E030053756E00EF
:107814004D6F6E00547565005765640054687500BB
:107824004672690053617400004A616E00466562E5
:10783400004D617200417072004D6179004A756EAD
:10784400004A756C0041756700536570004F63749E
:10785400004E6F760044656300002E0000000000B7
:107864005E780300607803006078030060780300AA
:107874006078030060780300607803006078030098
:107884006078030060780300FFFFFFFFFFFFFFFF46
:10789400FFFFFFFFFFFF00003477030010780300B1
:1078A4006E7703002D780300C5770300CC770300BF
:1078B400D5770300DE77030020202020202020201D
:1078C400206828282828202020202020202020204C
:1078D40020202020202020204810101010101010EC
:1078E40010101010101010108484848484848484F4
:1078F4008484101010101010108181818181810105
:107904000101010101010101010101010101010163
:1079140001010110101010101082828282828202F2
:107924000202020202020202020202020202020233
:107934000202021010101020000703200417020195
:0579440008571040800F
:10794C000020004000000000A460030000000000C4
:10795C00000000003C61030000000000000000007B
:10796C0000000000446203004C62030054620300F8
:10797C005C620300646203006C62030074620300C7
:10798C007C620300846203008C6203009462030037
:10799C009C620300A4620300FFFF00000A180100B0
:1079AC00A9250300181818181818181818181800F2
:1079BC000090D00328770300287703002877030072
:0879CC0028770300287703006F
:040000032000324D5A
:00000001FF
