:020000022000DC
:10300000000001203D310200DD300200DF3002000F
:10301000E1300200E3300200E53002000000000071
:10302000000000000000000000000000E730020087
:10303000E930020000000000EB300200ED30020039
:1030400095E20200F3300200FDF50200F7300200C5
:10305000F9300200FB30020051ED0200FF300200A7
:103060000131020003310200053102000731020084
:10307000093102000B3102000D3102000F31020054
:1030800011310200750503001531020017310200ED
:10309000B50503001B310200E1BC03001F31020033
:1030A00021310200233102002531020027310200C4
:1030B000293102002B310200EF300200EF30020014
:1030C0002D3102002F310200313102003331020074
:0C30D000353102003731020039310200B6
:1030DC00FEE7FEE7FEE7FEE7FEE7FEE7FEE7FEE7BC
:1030EC00FEE7FEE7FEE7FEE7FEE7FEE7FEE7FEE7AC
:1030FC00FEE7FEE7FEE7FEE7FEE7FEE7FEE7FEE79C
:10310C00FEE7FEE7FEE7FEE7FEE7FEE7FEE7FEE78B
:10311C00FEE7FEE7FEE7FEE7FEE7FEE7FEE7FEE77B
:10312C00FEE7FEE7FEE7FEE7FEE7FEE7FEE700BF91
:10313C000F484FF00701884385460E4880470E48DC
:10314C00016841F470010160BFF34F8FBFF36F8FC3
:10315C0000F01AB809480A490A4A884207D0521A9C
:10316C0005D0037801300B700131013AF9D1704769
:10317C0000000120D551020088ED00E0D4C9030005
:10318C00582E0020482F00203A493B480A1A02D0FA
:10319C00072291438D46394939480A1A06D007222D
:1031AC00914381F30988022282F314883548364909
:1031BC00364A00F041F836483649374A00F03CF8B8
:1031CC0036483749374A00F037F837483749384AD4
:1031DC0000F032F837483849384A00F02DF83848B2
:1031EC003849394A00F028F838483949394A00F04A
:1031FC0023F839483949002200F036F83848394963
:10320C00002200F031F838483849091A19F05AF9F7
:10321C00374A904725482649884205D00268043031
:10322C0003B4904703BCF7E700208646EC46002029
:10323C000021304A9047FEE7884214D0521A12D02F
:10324C0003460B4313430324234206D10368043083
:10325C000B600431043AF9D17047037801300B70DC
:10326C000131013AF9D17047884202D00270013025
:10327C00FAE770470000012000F800200000012050
:10328C000000012038FA0300482F00208030002075
:10329C0004330200043302007EC8030038FA030032
:1032AC00482F0020482F0020C4CA0300C4CA0300C2
:1032BC00C4CA0300C4CA0300C4CA0300C4CA0300BE
:1032CC00C4CA0300C4CA030035FA030070FB030030
:1032DC00803000208030002080300020B05800204A
:1032EC00B0580020B0580020B0580020B05A002030
:0832FC00613102000D420200E5
:1033040076DF704700BF18467ADF704700BF184663
:103314007CDF704700BF18468FDF704700BF184638
:10332400A8DF704700BF184666DF704700BF184625
:1033340082B00190019B9B6893F84131C3F3400331
:10334400DBB2002B14BF01230023DBB2184602B00A
:103354007047000000B583B003460091ADF8063015
:10336400BDF80630009A194603480CF0B3FA00BFC2
:1033740003B05DF804FB00BFEFBEADDE00B583B063
:103384000E4B5B68022B08D90C4B1B881B0443F0C3
:1033940003030B49184617F079F807F02BFC01904A
:1033A400019B0093009B002B04D0064AAC2100989B
:1033B4000CF090FA00BF03B05DF804FB802E0020EF
:1033C40024CB030034CB030000B585B003468DF84D
:1033D40007309DF80730002B02D0FFF7CFFF0EE037
:1033E4000321094803F032FA0390039B0293029BE2
:1033F400002B04D0054ABE2102980CF06BFA00BFE2
:1034040005B05DF804FB00BFAC30002034CB0300F2
:1034140000B583B00190019B1B78052B0CD1084BA0
:103424005B68032B08D9064B1B881B0443F0040379
:103434000449184617F02AF800BF03B05DF804FBEE
:10344400802E002098CB030010B58CB00390039B12
:103454001B780F2B00F2B88001A252F823F000BFB2
:10346400A5340200CD350200C3340200CD3502007C
:10347400FD340200CD35020013350200B3350200DD
:10348400CD35020065350200CD3502007F350200DE
:103494003D35020099350200CD3502005F3502004A
:1034A400524B5B68022B40F29180504B1B881B04EB
:1034B40043F003034E49184616F0E8FF86E04B4BF1
:1034C4005B68022B40F28480484B1B881B0443F04A
:1034D4000304039B5B88184603F03EFE03461A462A
:1034E400039B5B881946039B1B7A00930B46414957
:1034F400204616F0FEFF6BE000238DF81430039B8A
:103504005B8805AA1146184607F038FB6BE00FF0FC
:1035140045F80790079B0E2B5CD0079B082B59D0CE
:10352400079B0693069B002B54D0334A40F20311A9
:1035340006980CF0CFF94DE02C4B5B68032B08D9AF
:103544002A4B1B881B0443F004032C49184616F02D
:103554009DFF0020FFF738FF45E007F023FB42E022
:10356400039B1B690993099B002B35D0224A4FF416
:103574008B7109980CF0AEF92EE0039B9B680A93BB
:103584000A9B002B2AD01C4A4FF48E710A980CF027
:10359400A1F923E0039B9B680B930B9B002B1FD08B
:1035A400154A4FF491710B980CF094F918E0039BB1
:1035B4009B680893089B002B14D00F4A4FF4947116
:1035C40008980CF087F90DE000BF0CE000BF0AE09A
:1035D40000BF08E000BF06E000BF04E000BF02E057
:1035E40000BF00E000BF00BF0CB010BD802E002063
:1035F400A8CB0300D4CB030034CB030014CC0300CA
:1036040000B587B09DF80030012262F303038DF802
:1036140000309DF80030012262F307138DF800306A
:103624006B460A221C491846FFF772FE0590059B5B
:103634000493049B002B05D0184A4FF4A3710498FB
:103644000CF048F901AB08220021184619F06AF879
:103654004FF4A073ADF804304FF40273ADF80630A4
:103664000023ADF808304FF4C873ADF80A3001AB4D
:103674001846FFF749FE0590059B0393039B002B17
:1036840005D0064A4FF4A87103980CF023F900BF43
:1036940007B05DF804FB00BF34CC030034CB030057
:1036A40000B583B0019000910A4B5B68032B0CD9E1
:1036B400084B1B881B0443F00400019B5B881A46DB
:1036C400019B1B88044916F000FF00BF03B05DF89E
:1036D40004FB00BF802E002040CC030000B583B063
:1036E40009490A4805F0CEFB0190019B0093009B19
:1036F400002B05D0064A40F2611100980CF0EAF85C
:1037040000BF03B05DF804FBA5360200983000202A
:1037140034CB030000B599B010AB14220021184635
:1037240019F000F89DF84D30012262F303038DF87F
:103734004D309DF84D30012262F307138DF84D3062
:103744009DF84E30012262F303038DF84E309DF84C
:103754004E30012262F307138DF84E309DF84F303E
:1037640023F00F038DF84F309DF84F3023F0F00312
:103774008DF84F309DF85030012262F303038DF829
:1037840050309DF85030012262F307138DF8503009
:103794000023109301238DF84430002312936423F3
:1037A4008DF84C3010AB1946234809F00FFA1790E6
:1037B400179B1693169B002B05D0204A40F27F11CD
:1037C40016980CF087F86B4640220021184618F032
:1037D400A9FF6B461A49184603F00EFE9DF83C30CB
:1037E400012262F303038DF83C309DF83C30012242
:1037F40062F307138DF83C309DF83D3023F00F033E
:103804008DF83D309DF83D3023F0F0038DF83D30C8
:103814006B46184609F01AFC1790179B1593159BD5
:10382400002B05D0054A4FF4C57115980CF052F8D9
:1038340000BF19B05DF804FB8030002034CB0300D6
:103844007CCC030000B585B003468DF807309DF8A5
:103854000730002B1ED0032B20D1144B5B68022BA6
:1038640008D9124B1B881B0443F003031049184664
:1038740016F00CFE022001F09FFA0390039B0293C2
:10388400029B002B0CD00B4A4FF4CE7102980CF023
:1038940021F805E0002014F039FE02E000BF00E04A
:1038A40000BF00BF05B05DF804FB00BF802E002000
:1038B40090CC030034CB030010B598B00390029170
:1038C400039B1B88562B00F0C580562B00F33081D8
:1038D400512B00F0F280512B00F32A813B2B00F096
:1038E40099803B2B00F32481212B6BD0212B00F3F7
:1038F4001F81112B4FD0112B00F31A81012B00F0E3
:10390400C980102B40F01481914B5B68022B08D9BD
:103914008F4B1B881B0443F003038E49184616F093
:10392400B5FD072001F048FA1790179B1293129BDC
:10393400002B05D0884A4FF4DC7112980BF0CAFFB3
:10394400039B9A88854B1A80844B1B88ADF83830CA
:103954000EA90023009301230122814811F0D4FD14
:1039640017907F4811F00EFE1190119B002B05D08B
:10397400794A40F2BD1111980BF0ACFF179B1093DC
:10398400109B002B00F0D680734A40F2BF111098B0
:103994000BF0A0FFCEE06E4B5B68022B0AD96C4B98
:1039A4001B881B0443F00300039B1B7A1A466D49D2
:1039B40016F07AFD694B4FF6FF721A80684811F0D1
:1039C4004BFEC2E0624B5B68032B08D9604B1B883B
:1039D4001B0443F004036449184616F057FD002302
:1039E4008DF8343000238DF83530039B9B880DAA65
:1039F40011461846FFF790FC1790179B1393139BDF
:103A0400002B00F09980544A40F2D31113980BF024
:103A140061FF91E04E4B5B68032B08D94C4B1B882C
:103A24001B0443F004035149184616F02FFD039B71
:103A34009B8813211846FFF763FC1790179B149378
:103A4400149B002B7AD0444A4FF4EE7114980BF077
:103A540041FF73E03E4B5B68032B08D93C4B1B884A
:103A64001B0443F004034249184616F00FFD039B60
:103A74009B8813211846FFF743FC1790179B169356
:103A8400169B002B5CD0344A4FF4F27116980BF05D
:103A940021FF55E0314B1B8800211846FFF744FCF9
:103AA4001790179B0F930F9B002B4BD02A4A40F281
:103AB400E9110F980BF00EFF44E0039B09AC0633A9
:103AC400186859689A68DB680FC49DF82430002B85
:103AD4003AD09DF82C30042B07D09DF82C30062BBF
:103AE40003D09DF82C30052B2ED19DF82430022BC9
:103AF40003D102238DF8143002E001238DF8143031
:103B04004FF4C173ADF81830039B9B8805AA114686
:103B14001846FFF705FC1790179B1593159B002B70
:103B240012D00D4A4FF4017115980BF0D3FE0BE03F
:103B340000BF0AE000BF08E000BF06E000BF04E0E9
:103B440000BF02E000BF00E000BF00BF18B010BD1E
:103B5400802E0020A4CC030034CB0300A82F002027
:103B640004CE0300B0CC0300CCCC0300E0CC0300B3
:103B7400F8CC030000B587B017F0ECFF0590059B67
:103B84000493049B002B05D0164A4FF40671049845
:103B94000BF0A0FE0023019301AB1946012018F09D
:103BA400D3F80590059B0393039B002B05D00D4A86
:103BB40040F21E2103980BF08DFE01AB184618F05D
:103BC400EBF90590059B0293029B002B05D0054A57
:103BD40040F2222102980BF07DFE00BF07B05DF891
:103BE40004FB00BF34CB030000B587B003468DF857
:103BF40007309DF807300A2B06D00A2B37DC042B3C
:103C040006D0072B1AD032E0002014F07FFC33E0FA
:103C14001B4B1B8813211846FFF772FB0590059B6D
:103C2400082B26D0059B0393039B002B21D0154A18
:103C34004FF40F7103980BF04DFE1AE0104B1B88E4
:103C44004FF6FF72934216D10F4802F037FF0590EA
:103C5400059B082B0FD0059B0493049B002B0AD0D3
:103C6400084A40F2462104980BF034FE03E000BFFA
:103C740002E000BF00E000BF00BF07B05DF804FB36
:103C8400A82F002034CB0300AC30002000B589B04D
:103C940006F0DAFE0790079B0693069B002B05D0DF
:103CA4003A4A40F2592106980BF014FE01AB052262
:103CB4000021184618F036FD9DF8043043F0010346
:103CC4008DF804309DF8043023F002038DF804309D
:103CD4009DF80430032262F306138DF804309DF836
:103CE400043023F080038DF8043007238DF8053069
:103CF40010238DF806309DF8073043F001038DF84A
:103D040007309DF8073043F002038DF807309DF823
:103D1400083043F001038DF808309DF8083043F073
:103D240002038DF8083001AB184606F00FFF079028
:103D3400079B0593059B002B05D0144A40F26A218A
:103D440005980BF0C7FD124806F0D8FE0790079BB4
:103D54000493049B002B05D00C4A40F26D21049877
:103D64000BF0B8FD0B480EF0B1F90790079B0393D5
:103D7400039B002B05D0054A4FF41C7103980BF0EC
:103D8400A9FD00BF09B05DF804FB00BF34CB0300FC
:103D94004D3402001534020000B5ABB06B46A022CE
:103DA4000021184618F0BEFC02238DF800300123D0
:103DB4008DF8023006238DF803300223ADF810305D
:103DC400124B059301238DF87C304FF496732293A4
:103DD400B42323930E4B26936B4619460D4802F0E9
:103DE40026FC2990299B2893289B002B05D00A4A5E
:103DF40040F28A2128980BF06DFD0121054802F05C
:103E040009FC00BF2BB05DF804FB00BFAC2F002001
:103E140049380200AC30002034CB030008B5FFF76A
:103E2400A9FEFFF7EDFBFFF759FCFFF7B5FFFFF71E
:103E340071FCFFF72BFF00BF08BD000000B587B081
:103E440001901749032000F0D1FF0590059B0493CE
:103E5400049B002B05D0134A40F2A62104980BF0D2
:103E640039FD0DF10B031946002001F071F905909D
:103E7400059B0393039B002B05D00A4A40F2A9211A
:103E840003980BF027FD9DF80B30022B0CBF012388
:103E94000023DAB2019B1A7000BF07B05DF804FB7F
:103EA400ED3B020034CB030000B585B001901A4904
:103EB4001A4815F059F903468DF80F30184B5B6812
:103EC400022B0AD9164B1B881B0443F003039DF8ED
:103ED4000F201449184616F0E7FA9DF80F301946DA
:103EE400114808F0ABFE0290029B002B10D0029BFD
:103EF400082B0DD0029B132B0AD0029B43F20142E4
:103F0400934205D0094A40F2C72102980BF0E2FC23
:103F140000BF05B05DF804FB84380020943800200D
:103F2400802E002010CD03008030002034CB03000D
:103F340000B583B0124B51221A60114B64225A60AF
:103F44000F4B01229A600E4B01221A730C490D4843
:103F540015F0F1F80C4A01210C480CF063FB0190B8
:103F6400019B0093009B002B05D0094A4FF4377145
:103F740000980BF0AFFC00BF03B05DF804FB00BF7A
:103F84008438002094380020AD3E0200C4CA0300E7
:103F940034CB030000B583B00B4B00224FF48031C7
:103FA40018460CF06FFB0190019B0093009B002BC3
:103FB40005D0064A40F2E72100980BF08BFC00BFC5
:103FC40003B05DF804FB00BF8431002034CB030050
:103FD40000B587B003468DF80730002000F0ECFEF2
:103FE4000590059B0493049B002B05D0104A4FF4C5
:103FF4003D7104980BF06EFC9DF80730002B0ED138
:1040040001F042F80590059B0393039B002B08D015
:10401400074A40F2FB2103980BF05CFC01E000BF6F
:1040240000E000BF0123184607B05DF804FB00BFA1
:1040340034CB030000B585B00390029101920320B4
:1040440000F038FA044A0821039811F0DBFB00BFA2
:1040540005B05DF804FB00BF2CCD030000B585B0AE
:10406400039002910192032000F03EFA044A0821D1
:10407400039811F0C7FB00BF05B05DF804FB00BF57
:1040840040CD030000B587B0059004910392049BD2
:10409400012B05D00598FFF74BF90346002B05D0FB
:1040A40000220021059811F0DDFC0DE0039B1A6845
:1040B400039B04331B680193054B00931346054A85
:1040C4000221059811F09EFB07B05DF804FB00BFC8
:1040D40060CD030054CD030000B585B00190019B71
:1040E400002B14BF012300238DF80F30FFF752FF7C
:1040F4009DF80F301846FFF767F916F037FA0346B4
:1041040083F00103DBB2002B01D014F047F915F062
:104114001BFBF2E700B58BB0374815F04FFE099052
:10412400099B002B05D0354A40F23E3109980BF02B
:10413400D1FB334B1B6803F00103002B11D0032385
:1041440000930123012200212E4811F0DDF908908B
:10415400089B002B05D0294A40F2423108980BF005
:10416400B9FB09F085FF0790079B002B05D0234A74
:1041740040F2453107980BF0ADFB002009F0D2FF67
:104184000CF01CFA0690069B002B05D01B4A40F24B
:10419400493106980BF09EFB09F030FE0590059B13
:1041A400002B05D0154A40F24B3105980BF092FBD9
:1041B40014F0CCF80490049B002B05D00F4A40F275
:1041C4004D3104980BF086FB0D4B1B6803F0010383
:1041D400002B0CD00B4811F0D5F90390039B002B56
:1041E40005D0064A40F2513103980BF073FB00BF2F
:1041F4000BB05DF804FB00BF3107030034CB0300B0
:10420400F0ED00E0C0CD030000B583B0FFF782FFFE
:104214000DF103031846FFF711FEFFF7FFFDFFF74B
:1042240087FE12F033FC0190019B002B05D0084A55
:1042340040F2653101980BF04DFB9DF803301946AF
:10424400044815F063F80023184603B05DF804FB36
:1042540034CB0300DD40020000B583B00190019B24
:104264001B681F2B04D905494FF4E870FFF772F857
:104274004FF0A043184603B05DF804FB90CE030052
:1042840000B585B00190084611461A4603468DF8DC
:1042940003300B468DF8023013468DF8013001AB24
:1042A4001846FFF7D9FF03909DF803209DF80230CC
:1042B4005B001A439DF801309B001A439DF81830A7
:1042C4001B0242EA03019DF81C301B04019A1943A6
:1042D400039B02F5E07243F8221000BF05B05DF8BD
:1042E40004FB00B585B003900023019300230093E1
:1042F4000023012201210398FFF7C2FF00BF05B08C
:104304005DF804FB00B585B0019001AB1846FFF7DA
:10431400A3FF0390019B012202FA03F319460398B9
:1043240000F086F800BF05B05DF804FB00B585B069
:10433400019001AB1846FFF78FFF0390019B012208
:1043440002FA03F31946039800F07CF800BF05B0A5
:104354005DF804FB00B585B0019001AB1846FFF78A
:104364007BFF0390039BD3F804350293029BDA434B
:10437400019B012101FA03F31A40039BC3F80825AA
:10438400019B01229A40029B1A40039BC3F80C250F
:1043940000BF05B05DF804FB00B583B00190009147
:1043A400009B002B03D10198FFF7C0FF02E00198A6
:1043B400FFF7A8FF00BF03B05DF804FB00B585B0AC
:1043C400019001AB1846FFF747FF0390039800F0F4
:1043D4001FF80246019B22FA03F303F00103184677
:1043E40005B05DF804FB00B585B0019001AB18463B
:1043F400FFF732FF0390039800F012F80246019B86
:1044040022FA03F303F00103184605B05DF804FB38
:1044140082B00190019BD3F81035184602B0704762
:1044240082B00190019BD3F80435184602B070475E
:1044340082B001900091019B009AC3F8082500BF47
:1044440002B0704782B001900091019B009AC3F8BA
:104454000C2500BF02B0704700B585B00190019BE8
:10446400032B03D911493720FEF774FF104A019B2F
:1044740013441B781846FFF7B6FF0346002B14BFFE
:10448400012300238DF80F309DF80F30002B14BF4B
:1044940001230023DBB283F00103DBB203F0010349
:1044A400DBB2184605B05DF804FB00BFCCCE0300B8
:1044B40014CF030000B583B00190019B032B03D9F3
:1044C40007493E20FEF746FF064A019B13441B782A
:1044D40000211846FFF760FF00BF03B05DF804FB3E
:1044E400CCCE030014CF030000B583B00190019B30
:1044F400032B03D907494420FEF72CFF064A019BEE
:1045040013441B7801211846FFF746FF00BF03B090
:104514005DF804FBCCCE030014CF030000B583B0D8
:104524000023019305E00198FFF7DEFF019B0133AF
:104534000193019B032BF6D900BF00BF03B05DF8C4
:1045440004FB00B583B00023019305E00198FFF755
:10455400B1FF019B01330193019B032BF6D900BFEB
:1045640000BF03B05DF804FB00B583B00190019B6C
:10457400032B03D907495C20FEF7ECFE064A019B96
:1045840013441B781846FFF7E5FE00BF03B05DF83F
:1045940004FB00BFCCCE030014CF030000B583B0EE
:1045A4000023019309E0094A019B13441B78184630
:1045B400FFF797FE019B01330193019B032BF2D973
:1045C400FFF7ACFF00BF03B05DF804FB14CF03009A
:1045D40000B585B00190019B032B03D911498320B9
:1045E400FEF7B8FE104A019B13441B781846FFF7E8
:1045F400E5FE0346002B14BF012300238DF80F3082
:104604009DF80F30002B14BF01230023DBB283F08D
:104614000103DBB203F00103DBB2184605B05DF819
:1046240004FB00BFCCCE030018CF030084B001907C
:104634004FF0FF330293002303930DE00A4A039BD8
:1046440013441B781A46019B934202D1039B0293A5
:1046540005E0039B01330393039B032BEED9029BD9
:10466400184604B0704700BF18CF030000B583B0EC
:104674000190019B032B03D90549A220FEF76AFE92
:10468400044A019B13441B78184603B05DF804FBED
:10469400CCCE030018CF030000B583B00190019B7A
:1046A4001B681F2B04D905494FF4E870FEF752FE2E
:1046B4004FF0A043184603B05DF804FB1CCF030081
:1046C40000B585B001900B468DF8033001AB184658
:1046D400FFF7E2FF0390019A039B02F5E07253F89F
:1046E4002230019A23F44031039B02F5E07243F82F
:1046F4002210019A039B02F5E07253F822109DF8F0
:1047040003301B04019A1943039B02F5E07243F83A
:10471400221000BF05B05DF804FB00B583B0019022
:104724000198FFF755FF0346184603B05DF804FBF4
:1047340000B587B003460A468DF8073013468DF856
:10474400063000238DF81730002304939DF80730BA
:104754001846FFF76BFF0490049B032B62D89DF867
:104764000630022B52D0022B5CDC002B31D0012B03
:1047740058D13549049A13465B0013440B441B7803
:104784008DF817303049049A13465B0013440B44E8
:1047940001331B78002B0ED02C4B2D4A4FF40041D3
:1047A40018460BF06FFF0390039B002B03D1284A9C
:1047B4009DF8073013702449049A13465B00134490
:1047C4000B4402331978234A049B13440A461A7093
:1047D40028E01E4B18460BF087FF1E4A049B134427
:1047E40019781948049A13465B00134403440233AE
:1047F4001B78994215D11449049A13465B0013445B
:104804000B4402331B788DF817300AE00E49049AE2
:1048140013465B0013440B4401331B788DF81730A7
:1048240000E000BF9DF81730002B09D00A4B1B682D
:10483400002B05D0084B1B689DF81720104698479D
:1048440000BF07B05DF804FBEC380020F838002006
:10485400183900201C390020E838002000B583B046
:104864000190019B1B7802211846FFF761FF00BFEE
:1048740003B05DF804FB000000B583B00C4B1B785B
:10488400002B0FD00023019308E0019B022B02D0E0
:104894000198FFF729FE019B01330193019B032B30
:1048A400F3D901E0FFF73AFE00BF03B05DF804FB63
:1048B400A43800202DE9D04F92B003468DF83F3044
:1048C4000023119300231093C94B1B78002B04D0B1
:1048D400C74A00231370FFF7CFFF9DF83F30172B13
:1048E40000F2398201A252F823F000BF51490200BC
:1048F4005F4902005F490200FB490200974A020037
:10490400134B0200A74B0200C74B0200D74B020017
:10491400014C02001F4C02003D4C02005B4C0200A3
:10492400694C0200694C0200694C0200694C0200A7
:10493400694C0200FD4C02000B4D02001F4D0200A9
:10494400334D02004D4D02004D4D0200FFF794FF20
:10495400A84A9DF83F301370FEE10020FFF77CFD6C
:104964000346002B0DD00020FFF7BEFD9DF83F301D
:10497400022B02D14FF4E16301E04FF47A63109308
:104984000BE00020FFF796FD9DF83F30022B01D18C
:10499400C82301E04FF4C8731093964A9DF83F3042
:1049A4001370954C109B0022009301924FF000026B
:1049B4004FF00003DDE900673946CB03314643EA93
:1049C40051433146CA0312F5FA71029143F10003CF
:1049D40003934FF47A724FF00003DDE9020117F0FC
:1049E400DDFC02460B4613460022194620460BF016
:1049F40049FE1190B0E10020FFF72EFD0346002B85
:104A04000DD00020FFF770FD9DF83F30032B02D13D
:104A14004FF4487301E04FF47A6310930BE00020E5
:104A2400FFF748FD9DF83F30032B01D1C82301E077
:104A34004FF4C87310936F4A9DF83F3013706E4C57
:104A4400109B0022049305924FF000024FF00003E4
:104A5400DDE904673946CB03314643EA5143314625
:104A6400CA0312F5FA71069143F1000307934FF458
:104A74007A724FF00003DDE9060117F08FFC02465D
:104A84000B4613460022194620460BF0FBFD1190FD
:104A940062E10020FFF7E0FC0346002B06D0002073
:104AA400FFF722FD4FF47A63109305E00020FFF72F
:104AB40001FD4FF4C87310934E4A9DF83F301370B4
:104AC4004D4C109B00229A4693464FF000024FF043
:104AD40000034FEACB3343EA5A434FEACA3212F592
:104AE400FA71089143F1000309934FF47A724FF07D
:104AF4000003DDE9080117F051FC02460B4613469A
:104B04000022194620460BF0BDFD119024E100203F
:104B1400FFF7A2FC0346002B0CD00020FFF7E4FCB7
:104B24009DF83F30052B01D1C82301E04FF47A638F
:104B340010930BE00020FFF7BDFC9DF83F30052BE0
:104B440001D1C82301E04FF4C8731093294A9DF89A
:104B54003F301370284C109B0022984691464FF02A
:104B640000024FF000034FEAC93343EA58434FEAC7
:104B7400C83212F5FA710A9143F100030B934FF412
:104B84007A724FF00003DDE90A0117F007FC0246D0
:104B94000B4613460022194620460BF073FD119074
:104BA400DAE00020FFF7E0FC124A9DF83F30137072
:104BB400114B002240F6CD4118460BF063FD1190D5
:104BC400CAE00020FFF776FC0A4A9DF83F301370D4
:104BD400C2E0074B01221A700120FFF7C5FC064B07
:104BE400002240F6CD4118460BF04CFD1190B3E085
:104BF4009D3800209C380020A8380020594B012201
:104C04001A700120FFF7B0FC574B00224FF480418B
:104C140018460BF037FD11909EE0524B01221A709A
:104C24000120FFF7A1FC504B002240F6CD4118466D
:104C34000BF028FD11908FE04A4B01221A700120DD
:104C4400FFF792FC484B00224FF4804118460BF0CA
:104C540019FD119080E0FFF774FC444A9DF83F3041
:104C6400137079E0424B18460BF03EFD11909DF80D
:104C74003F30C3F111031093109B002B35D0119BCF
:104C8400002B32D1109B012B28D9394C109B9BB29D
:104C94001A46C82302FB03F3DA171E4617464FF0E1
:104CA40000024FF00003FB0343EA5643F20312F5FC
:104CB400FA710C9143F100030D934FF47A724FF0A3
:104CC4000003DDE90C0117F069FB02460B461346AD
:104CD4000022194620460BF0D5FC11900220FFF764
:104CE400E9FB244B01221A7036E00220FFF7FCFB9B
:104CF400204B00221A702FE0FFF7BEFD1B4A9DF8DF
:104D04003F30137028E0FFF7B7FD0020FFF7D2FB18
:104D1400164A9DF83F3013701EE0FFF7ADFD0120E9
:104D2400FFF7C8FB114A9DF83F30137014E0FFF7FA
:104D3400A3FD0020FFF7BEFB0120FFF7BBFB0B4ADE
:104D44009DF83F30137007E0FFF7FBFB074A9DF81F
:104D54003F30137000E000BF119B184612B0BDE84D
:104D6400D08F00BF9D380020A83800209C38002038
:104D7400C8380020A438002000B583B00190074B48
:104D84001B6803F00103002B04D0054B1B78184665
:104D9400FFF790FD00BF03B05DF804FBA0380020CE
:104DA4009C38002000B583B001900220FFF7DCFBA3
:104DB40000BF03B05DF804FB00B585B003468DF871
:104DC400073000230393084B1B6803F00103002BF7
:104DD40005D09DF807301846FFF76CFD0390039B40
:104DE400184605B05DF804FBA038002000B585B076
:104DF4000190009100230393294A019B1360294ADF
:104E0400009B1360019B03F00203002B2AD00023B4
:104E1400029308E001220121029800F053F8039064
:104E2400029B01330293029B032B02D8039B002BAA
:104E3400F0D0039B002B06D140F2666204211A488D
:104E44000AF0AAFC0390039B002B02D10AF016FD82
:104E54000390039B002B05D1144A002114480BF046
:104E6400E1FB0390019B03F00103002B01D0FFF74A
:104E740095FB039B002B05D10E4A00210E480BF035
:104E8400D1FB0390039B002B05D10C4A01210C4854
:104E94000BF0C8FB0390039B184605B05DF804FBB8
:104EA400A0380020E838002064CF030061480200E5
:104EB40060CF03007D4D020058CF0300A94D0200CE
:104EC4005CCF030084B001900B468DF80330134689
:104ED4008DF8023000230393019B032B3CD89DF8EB
:104EE4000230012B0BD19DF80330012B04D1019B1F
:104EF400DBB20E33DBB200E000238DF802309DF804
:104F04000330022B0FD0022B23DC002B16D0012BF5
:104F14001FD11449019A13465B0013440B449DF8B6
:104F240002201A701AE00F49019A13465B001344D9
:104F34000B4401339DF802201A700FE00949019ACD
:104F440013465B0013440B4402339DF802201A708D
:104F540004E00723039301E007230393039B18460C
:104F640004B07047EC38002000B583B0019001987C
:104F7400FFF77CFB034603211846FFF7A1FB002340
:104F8400184603B05DF804FB00B583B0012200218C
:104F94000020FFF797FF0190019B002B04D0019B99
:104FA400072B01D0019B1CE0072202210120FFF7FF
:104FB40089FF0190019B002B04D0019B072B01D09A
:104FC400019B0EE0042202210020FFF77BFF0190E9
:104FD400019B002B04D0019B072B01D0019B00E017
:104FE4000023184603B05DF804FB00B583B001222A
:104FF40002210020FFF766FF0190019B002B04D0E3
:10500400019B072B01D0019B1CE0072202210120F8
:10501400FFF758FF0190019B002B04D0019B072B45
:1050240001D0019B0EE00A2200210020FFF74AFF75
:105034000190019B002B04D0019B072B01D0019B05
:1050440000E00023184603B05DF804FB00B583B00C
:1050540001900120FFF761FB0346002B03D0019B65
:1050640002221A700CE00020FFF757FB0346002BC6
:1050740003D0019B0B221A7002E0019B00221A70DC
:1050840000BF03B05DF804FB00B583B00020FFF758
:105094006BFF0190019B002B04D0019B062B01D0D8
:1050A400019B0CE00120FFF75FFF0190019B002BA7
:1050B40004D0019B062B01D0019B00E0002318467D
:1050C40003B05DF804FB000000B585B001900091C9
:1050D400019B1B88102B02D0112B18D02FE01A4BE8
:1050E4001B68002B0DD1FFF74FFF0390039B002B90
:1050F40007D0164B1B68002B03D0144B1B68039876
:105104009847114B1B6801330F4A136017E00E4B8D
:105114001B68013B0C4A13600B4B1B68002B0DD121
:10512400FFF763FF0390039B002B07D0074B1B681B
:10513400002B03D0054B1B680398984700BF00BFA2
:1051440005B05DF804FB00BF24390020203900209D
:1051540000B585B001900091002303930A4A019B96
:105164001360009B002B02D00098FFF76FFF074BE2
:105174001B68002B02D1FFF738FF0390039B1846EE
:1051840005B05DF804FB00BF20390020243900205D
:10519400BFF34F8F00BF074BDB6803F4E0620549A0
:1051A400054B1343CB60BFF34F8F00BF00BF00BF5D
:1051B400FCE700BF00ED00E00400FA05024B034ADF
:1051C4001A6000BF704700BFB42F00200090D003C6
:1051D40008B500F05DF90346002B06D09B4B1B6815
:1051E4001B0A9B4A03F01F03136000F07DF903467A
:1051F400002B02D0974B984A1A6000F091F90346AD
:10520400002B06D0954B1B685B0B954A03F00703F4
:10521400136000F0B1F90346002B05D0914BDB6815
:10522400904A23F08073D36000F0C2F90346002B48
:105234000ED04FF080430022C3F80C214FF080437E
:105244000022C3F810214FF080430022C3F8382510
:1052540000F0DAF90346002B02D0834B03221A60D4
:1052640000F0EEF90346002B0BD0804B05221A60A8
:105274007F4B01221A607F4B00221A607E4B3F2233
:105284001A6000F0F9F90346002B76D04FF08053F2
:105294007A4AD3F80434C2F820354FF08053774A61
:1052A400D3F80834C2F824354FF08053734AD3F846
:1052B4000C34C2F828354FF08053704AD3F81034B8
:1052C400C2F82C354FF080536C4AD3F81434C2F82A
:1052D40030354FF08053694AD3F81834C2F8343566
:1052E4004FF08053654AD3F81C34C2F840354FF070
:1052F4008053624AD3F82034C2F844354FF08053C7
:105304005E4AD3F82434C2F848354FF080535B4AE0
:10531400D3F82834C2F84C354FF08053574AD3F8A9
:105324002C34C2F850354FF08053544AD3F83034FB
:10533400C2F854354FF08053504AD3F83434C2F88D
:1053440060354FF080534D4AD3F83834C2F8643591
:105354004FF08053494AD3F83C34C2F868354FF0D3
:105364008053464AD3F84034C2F86C354FF080532A
:10537400424AD3F84434C2F8703500F099F9034630
:10538400002B05D03E4B1B683E4A03F04F031360CD
:1053940000F0BAF90346002B0DD04FF08043D3F848
:1053A400003403F00103002B05D04FF080436FF06D
:1053B4000102C3F80024344BD3F88830324A43F452
:1053C4007003C2F88830BFF34F8F00BFBFF36F8FF5
:1053D40000BF4FF01023D3F80032002B05DB4FF051
:1053E4001023D3F80432002B2BDA284B0122C3F804
:1053F400042500BF254BD3F80034002BFAD04FF01E
:1054040010231522C3F8002200BF204BD3F8003428
:10541400002BFAD04FF010231522C3F8042200BF4A
:105424001A4BD3F80034002BFAD0184B0022C3F8DF
:10543400042500BF154BD3F80034002BFAD0FFF736
:10544400A7FEFFF7BBFE00BF08BD00BF240300108A
:105454004035014074C007400DF0ADBA440200105D
:105464003C050040F0ED00E0A0050040105600406F
:1054740088560040185600401456004000C00040B2
:1054840058020010E40E004000ED00E000E001408E
:10549400124B1B68DBB2062B1DD1114B1B6803F0AA
:1054A4000F03002B17D10F4B1B6803F0F003302BB5
:1054B40001D1012310E00B4B1B6803F0F003402BD8
:1054C40001D1012308E0074B1B6803F0F003502BC4
:1054D40001D1012300E0002318467047E00F00F0DB
:1054E400E40F00F0E80F00F00A4B1B68DBB2062B58
:1054F4000DD1094B1B6803F00F03002B07D1074B99
:105504001B6803F0F003302B01D1012300E00023DA
:1055140018467047E00F00F0E40F00F0E80F00F0C9
:10552400124B1B68DBB2062B1DD1114B1B6803F019
:105534000F03002B17D10F4B1B6803F0F003302B24
:1055440001D1012310E00B4B1B6803F0F003402B47
:1055540001D1012308E0074B1B6803F0F003502B33
:1055640001D1012300E0002318467047E00F00F04A
:10557400E40F00F0E80F00F00A4B1B68DBB2062BC7
:105584000DD1094B1B6803F00F03002B07D1074B08
:105594001B6803F0F003302B01D1012300E000234A
:1055A40018467047E00F00F0E40F00F0E80F00F039
:1055B400124B1B68DBB2062B1DD1114B1B6803F089
:1055C4000F03002B17D10F4B1B6803F0F003302B94
:1055D40001D1012310E00B4B1B6803F0F003402BB7
:1055E40001D1012308E0074B1B6803F0F003502BA3
:1055F40001D1012300E0002318467047E00F00F0BA
:10560400E40F00F0E80F00F00A4B1B68DBB2062B36
:105614000DD1094B1B6803F00F03002B07D1074B77
:105624001B6803F0F003302B01D1012300E00023B9
:1056340018467047E00F00F0E40F00F0E80F00F0A8
:105644000A4B1B68DBB2062B0DD1094B1B6803F018
:105654000F03002B07D1074B1B6803F0F003302B1B
:1056640001D1012300E0002318467047E00F00F049
:10567400E40F00F0E80F00F00A4B1B68DBB2062BC6
:105684000DD1094B1B6803F00F03002B07D1074B07
:105694001B6803F0F003502B01D1012300E0002329
:1056A40018467047E00F00F0E40F00F0E80F00F038
:1056B400124B1B68DBB2062B1DD1114B1B6803F088
:1056C4000F03002B17D10F4B1B6803F0F003302B93
:1056D40001D1012310E00B4B1B6803F0F003402BB6
:1056E40001D1012308E0074B1B6803F0F003502BA2
:1056F40001D1012300E0002318467047E00F00F0B9
:10570400E40F00F0E80F00F0124B1B68DBB2062B2D
:105714001DD1114B1B6803F00F03002B17D10F4B46
:105724001B6803F0F003302B01D1012310E00B4B75
:105734001B6803F0F003402B01D1012308E0074B61
:105744001B6803F0F003502B01D1012300E0002378
:1057540018467047E00F00F0E40F00F0E80F00F087
:105764006DDF704700BF184672DF704700BF1846F0
:1057740079DF704700BF18467DDF704700BF1846C9
:1057840064DF704700BF184682B003460091ADF84D
:105794000630BDF80630DAB2009B1A70BDF8063048
:1057A4001B0A9AB2009B0133D2B21A700223184624
:1057B40002B0704700B589B0039002911346ADF86A
:1057C4000630029B1B8803F10902BDF806309A4299
:1057D40001D90C2351E005AB1846FFF7C1FF079030
:1057E400079B002B01D0079B47E0029B1B881A46AE
:1057F400039B134408221A70029B1B8801339AB23C
:10580400029B1A80029B1B881A46039B13441B228B
:105814001A70029B1B8801339AB2029B1A80029B66
:105824001B881A46039B981805AB013306221946B8
:1058340016F046FF029B1B8806339AB2029B1A801D
:105844009DF8143023F00103DBB2002B07D1029B37
:105854001B881A46039B134400221A7006E0029B1D
:105864001B881A46039B134401221A70029B1B884F
:1058740001339AB2029B1A800023184609B05DF8DE
:1058840004FB00B589B0039002910192ADF8023097
:10589400039B1B78012B05D1039B5B78002B01D163
:1058A400072388E0019B1B889A1CBDF802309A42AA
:1058B4000ED8039B1B78012B0CD1019B1B881A4625
:1058C400039B5B7813449A1CBDF802309A4201D9B9
:1058D4000C2370E0019B1B88BDF80220D31A9BB2F5
:1058E400023BADF81C30BDF81C30ADF81630019BFE
:1058F4001B880233029A13440DF11602114618460E
:10590400FFF73AFF0690069B002B01D0069B52E05E
:10591400039B1B78022B09D1BDF81630BDF81C205F
:105924009A4203D309238DF81F3016E008238DF81B
:105934001F30039B1B78012B0BD1039B5B781A460A
:10594400BDF81C30934204D3039B5B78ADF816304A
:1059540003E0BDF81C30ADF81630BDF81630FE2B50
:1059640001D90C2327E0BDF81630DAB2019B1B885D
:105974001946029B0B440132D2B21A70019B1B8858
:1059840001339AB2019B1A80019B1B881A46029B21
:1059940013449DF81F201A70019B1B8801339AB28F
:1059A400019B1A80019B1A88BDF8163013449AB2E1
:1059B400019B1A800023184609B05DF804FB00B56A
:1059C40087B0039002911346ADF80630029B1B8802
:1059D4001A1DBDF806309A4201D90C2338E00DF1A6
:1059E40012031846FFF7C4FE0590059B002B01D057
:1059F400059B2DE0029B1B881A46039B134403223C
:105A04001A70029B1B8801339AB2029B1A80029B74
:105A14001B881A46039B134419221A70029B1B8885
:105A240001339AB2029B1A80BDF81220029B1B8894
:105A34001946039B0B4419461046FFF7A5FE03467F
:105A44001A46029B1B8813449AB2029B1A800023B5
:105A5400184607B05DF804FB84B0029101921A461F
:105A640003468DF80F301346ADF80C30019B1B88AC
:105A7400DA1CBDF80C309A4201D90C2328E0019BB2
:105A84001B881A46029B134402221A70019B1B882E
:105A940001339AB2019B1A80019B1B881A46029B10
:105AA400134401221A70019B1B8801339AB2019B93
:105AB4001A80019B1B881A46029B13449DF80F20F1
:105AC4001A70019B1B8801339AB2019B1A80002330
:105AD400184604B0704784B0029101921A460346F6
:105AE4008DF80F301346ADF80C30019B1B88DA1C7F
:105AF400BDF80C309A4201D90C2328E0019B1B8885
:105B04001A46029B134402221A70019B1B8801331C
:105B14009AB2019B1A80019B1B881A46029B13446C
:105B24000A221A70019B1B8801339AB2019B1A80C6
:105B3400019B1B881A46029B13449DF80F201A7080
:105B4400019B1B8801339AB2019B1A8000231846DB
:105B540004B0704700B58BB0039001930B468DF8E9
:105B64000B3013468DF80A3000238DF823300C9B3C
:105B74001B88ADF82030002309936CE0039B5A681E
:105B8400099B9B001A4404AB106818600DF11601C0
:105B940004AB00221846FFF7F3FD0690069B002B8A
:105BA40001D0069B79E09DF816309DF80A209A42B0
:105BB4004ED19DF82330002B01D0002300E00223B6
:105BC4008DF817300C9B1B881A469DF816301A4422
:105BD4009DF817301A44BDF834309A4201DD0C2385
:105BE4005BE09DF8233083F00103DBB2002B16D079
:105BF4000C9B1B8801339AB20C9B1A800C9B1B884C
:105C04001A46019B13449DF80B201A700C9B1B88A9
:105C140001339AB20C9B1A8001238DF823300C9B1C
:105C24001B881A46019B1A440DF1160104AB184651
:105C3400FFF7A6FD0690069B002B01D0069B2CE0E7
:105C44000C9B1B889DF8162013449AB20C9B1A8057
:105C5400099B01330993039B1B881A46099B9342B2
:105C64008CDB9DF82330002B16D00C9B1A88BDF8D2
:105C74002030D31A9BB2013BADF81E30BDF81E3064
:105C8400FF2B01D90C2308E0BDF82030019A1344FE
:105C9400BDF81E20D2B21A70002318460BB05DF86E
:105CA40004FB00B589B0059003930B468DF81330BF
:105CB40013468DF812309DF81310BDF82C30019363
:105CC4000A9B0093039B02220598FFF743FF07906A
:105CD400079B002B01D0079B12E09DF81210BDF822
:105CE4002C3001930A9B0093039B10220598FFF725
:105CF40031FF0790079B002B01D0079B00E0002396
:105D0400184609B05DF804FB82B00190019B1B8822
:105D1400052B0AD9019B1B88B3F5486F07D9019B52
:105D24001B884FF6FF72934201D0072325E0019BA5
:105D34005B88052B0AD9019B5B88B3F5486F07D9AB
:105D4400019B5B884FF6FF72934201D0072314E056
:105D5400019B1B884FF6FF7293420DD0019B5B8819
:105D64004FF6FF72934207D0019B1A88019B5B8810
:105D74009A4201D9072300E00023184602B0704775
:105D840000B587B0039002910192ADF80230019BF7
:105D94001B889A1DBDF802309A4201D90C2349E0B0
:105DA4000398FFF7B1FF0590059B002B01D0059BDD
:105DB40040E0019B1B881A46029B134405221A707B
:105DC400019B1B8801339AB2019B1A80019B1B889B
:105DD4001A46029B134412221A70019B1B8801333A
:105DE4009AB2019B1A80039B1A88019B1B8819464F
:105DF400029B0B4419461046FFF7C6FC03461A469D
:105E0400019B1B8813449AB2019B1A80039B5A88F6
:105E1400019B1B881946029B0B4419461046FFF749
:105E2400B3FC03461A46019B1B8813449AB2019B98
:105E34001A800023184607B05DF804FB00B587B04C
:105E4400039002910192ADF80230039B9B880233C8
:105E54000593019B1B881A46059B13449A1CBDF8A5
:105E640002309A4201D90C2353E0059BFE2B01D941
:105E74000C234EE0059BDAB2019B1B881946029B5A
:105E84000B440132D2B21A70019B1B8801339AB2BF
:105E9400019B1A80019B1B881A46029B1344FF2214
:105EA4001A70019B1B8801339AB2019B1A80039BD1
:105EB4001A88019B1B881946029B0B4419461046FD
:105EC400FFF762FC03461A46019B1B8813449AB2EF
:105ED400019B1A80039B9B88002B19D0039B9B6812
:105EE400002B01D1072314E0019B1B881A46029B57
:105EF4009818039B9968039B9B881A4616F0E0FB4D
:105F0400019B1A88039B9B8813449AB2019B1A80B5
:105F14000023184607B05DF804FB00B589B0039070
:105F240002910192ADF80230039B9B6A002B01D1D0
:105F3400072371E000238DF81F3065E0039B996A05
:105F44009DF81F2013465B0013449B000B440693EB
:105F5400069B9B8802330593059BFE2B01D90C23DA
:105F64005AE0059BDAB2019B1B881946029B0B443D
:105F74000132D2B21A70019B1B8801339AB2019B81
:105F84001A80019B1B881A46029B134416221A701E
:105F9400019B1B8801339AB2019B1A80069B1A88C5
:105FA400019B1B881946029B0B4419461046FFF7B8
:105FB400EBFB03461A46019B1B8813449AB2019BD0
:105FC4001A80069B9B88002B19D0069B9B68002B8C
:105FD40001D1072320E0019B1B881A46029B9818D5
:105FE400069B9968069B9B881A4616F069FB019BE1
:105FF4001A88069B9B8813449AB2019B1A809DF8C9
:106004001F3001338DF81F30039B93F82C309DF81B
:106014001F209A4292D30023184609B05DF804FB6E
:1060240000B589B005900491039200230793039B64
:106034001B88ADF81A30039B00221A80059B93F845
:106044002D30002B0CD0BDF81A301A460399049851
:10605400FFF7B0FB0790079B002B01D0079BC4E020
:10606400059B9B78002B0CD0BDF81A301A46039977
:106074000498FFF7A4FC0790079B002B01D0079B13
:10608400B3E0059BDB78002B0ED0059BDB7858B280
:10609400BDF81A30039A0499FFF7DEFC0790079BBA
:1060A400002B01D0079BA0E0059B5B68002B0FD061
:1060B400059B5B6893F90000BDF81A30039A0499B4
:1060C400FFF709FD0790079B002B01D0079B8CE08D
:1060D400059B1B89002B12D0059B03F10800BDF81A
:1060E4001A300193039B0093049B06220221FFF7BD
:1060F400D8FD0790079B002B01D0079B75E0059BFB
:106104001B8A002B12D0059B03F11000BDF81A3036
:106114000193039B0093049B07220321FFF7C1FD16
:106124000790079B002B01D0079B5EE0059B1B8B10
:10613400002B12D0059B03F11800BDF81A3001930F
:10614400039B0093049B15221421FFF7AAFD0790DB
:10615400079B002B01D0079B47E0059B1B6A002B84
:106164000DD0059B186ABDF81A30039A0499FFF7FD
:1061740007FE0790079B002B01D0079B35E0059B8A
:106184005B6A002B0DD0059B586ABDF81A30039A40
:106194000499FFF753FE0790079B002B01D0079B40
:1061A40023E0059B93F82C30002B0CD0BDF81A305B
:1061B400039A04990598FFF7B0FE0790079B002BFC
:1061C40001D0079B11E0059B1B78002B0CD0BDF878
:1061D4001A30039A04990598FFF753FB0790079B1D
:1061E400002B01D0079B00E0079B184609B05DF81F
:1061F40004FB82B00190019BDB7803F00403002BC5
:1062040001D1072300E00023184602B0704782B092
:106214000190019BDB78002B01D0072300E00023D1
:10622400184602B0704700B597B0019000911F2343
:10623400ADF84A301F23ADF84830019B002B18D02D
:106244000198FFF7D6FF1390139B002B01D0139BEB
:106254003FE00DF14A020AAB19460198FFF7E0FE50
:106264001390139B002B01D0139B32E00AAB1593C0
:1062740004E0002315930023ADF84A30009B002B63
:1062840017D00098FFF7C3FF1390139B002B01D086
:10629400139B1EE012AA02AB19460098FFF7C0FE3A
:1062A4001390139B002B01D0139B12E002AB1493A9
:1062B40004E0002314930023ADF84830BDF84A30BD
:1062C400D9B2BDF84830DBB2149A1598FFF74CFAEE
:1062D4000346184617B05DF804FB73DF704700BF30
:1062E400184674DF704700BF184682B00190019BC6
:1062F40093F8D630184602B0704784B0019000235A
:1063040003930AE0019A039B13441B78002B01D0EA
:10631400012306E0039B01330393039B052BF1D96F
:106324000023184604B0704782B003468DF8073046
:106334009DF807305A1C074B83FB02135910D317DF
:10634400C91A0B469B000B44D11ACBB2184602B0B3
:10635400704700BF6766666682B001900091009B3B
:10636400DB7B012B04D1009B9A88019BA3F8C820F6
:1063740000BF02B0704700B585B001900091019B49
:10638400002283F8D420009B9A88019BB3F8C8307C
:106394009A4218D1019B1B7983F00103DBB2002BD5
:1063A40011D00121019800F051FA0390039B002BB6
:1063B40009D0019BD3F8D030002B04D0019BD3F833
:1063C400D0300398984700BF05B05DF804FB00B5D2
:1063D40085B001900091009B1B7A002B18D1019B82
:1063E400DB781846FFF7A0FF03461946019800F032
:1063F4002DFA0390039B002B0BD0019BD3F8D030D4
:10640400002B06D0019BD3F8D0300398984700E0C6
:1064140000BF05B05DF804FB08B5002011F08EF94B
:106424000346184608BD000000B585B001900B4630
:106434008DF80330019B26331846FFF75EFF0346B1
:106444008DF80F309DF80330013B032B2AD801A2AD
:1064540052F823F0696402007D6402009164020032
:106464009D640200019B9B79002B05D09DF80F30A1
:10647400002B01D0012316E0019BDB79002B05D012
:106484009DF80F30002B01D002230CE0019B1B7AF6
:10649400002B01D0032306E0019B5B7A002B01D083
:1064A400042300E00023184605B05DF804FB00BF98
:1064B40082B001900091019B01229A70019B03F12B
:1064C4002502009B5A60009B01221A70009B002247
:1064D4009A81009B00225A810023184602B070471B
:1064E40082B001900091019B02229A70019B03F1FA
:1064F4002502009B5A60009B01221A70019B1B69B4
:106504009AB2009B9A81019BDB689AB2009B5A81E4
:106514000023184602B0704700B585B00190009181
:10652400019B5B699AB2009B5A81019B9B699AB259
:10653400009B9A81019B5B79002B24D0019B93F8EB
:10654400D43083F00103DBB2002B1CD00198FFF799
:10655400CCFE0346002B16D0009B02221A72019B2C
:10656400042283F83320019B303300211846FFF7BF
:106574005AFE0390039B002B01D0039B07E0019B71
:1065840005229A7002E0019B03229A7000231846A8
:1065940005B05DF804FB00B585B001900091019B46
:1065A400DB699AB2009B5A81019B1B6A9AB2009BD9
:1065B4009A81019B5B79002B24D0019B93F8D43002
:1065C40083F00103DBB2002B1CD00198FFF78DFE92
:1065D4000346002B16D0009B02221A72019B042250
:1065E40083F83320019B303300211846FFF71BFE4C
:1065F4000390039B002B01D0039B07E0019B062221
:106604009A7002E0019B04229A700023184605B098
:106614005DF804FB82B001900B468DF80330019BBA
:106624009DF8032083F8242000BF02B0704730B5E2
:1066340087B001900091009B002B02D0019B002B9E
:1066440001D10E23FFE0019B01221A70019B00225D
:10665400DA70019A009B141D03F178050FCD0FC465
:1066640095E80F0084E80F00019B002283F82420A2
:10667400009BD3F89820019BC3F8CC20009BD3F84F
:106684009C20019BC3F8D020019B4FF6FF72A3F816
:10669400C820019B253307220021184616F042F832
:1066A400019B30333C220021184616F03BF8009B36
:1066B4001A78019B83F83020009B9A78019B83F819
:1066C4003220009BDA78019B83F83320009B5A78B0
:1066D400019B83F83120019B009A4033103292E8E9
:1066E400030083E80300019B009A3833083292E8E0
:1066F400030083E80300019B009A4833183292E8B0
:10670400030083E80300009B93F82D20019B83F88A
:106714005D20009B5B6A002B2ED0019B03F16C0271
:10672400019B5A65019B03F17802019B5A67009B08
:106734005A6A019B5B6D12881A80009B5A6A019BFE
:106744005B6D92889A80002305930EE0009B5B6A40
:106754009A68059B13441978019A059B134478336E
:106764000A461A70059B01330593019B5B6D9B8858
:106774001A46059B9342E9D3009B9B6A002B3AD0AF
:10678400019B03F1A402019BC3F8A020019B03F128
:106794009802019B9A65019B9B6D019AA4329A60B1
:1067A400009B9A6A019B9B6D92889A80009B9A6ACF
:1067B400019B9B6D12881A80002304930EE0009BBA
:1067C4009B6A9A68049B13441978019A049B1344A6
:1067D400A4330A461A70049B01330493019B9B6DF6
:1067E4009B881A46049B9342E9D3009B93F82C2080
:1067F400019B83F85C20009B1B6A002B10D0019B3B
:1068040003F1C402019B1A65009B1A6A019B1B6D6C
:1068140052885A80009B1A6A019B1B6D12881A8049
:10682400009B5B68002B03D0009B5A68019B5A6352
:10683400019B03F13002009B3C3319461046FFF7DD
:10684400F2FC0390039B184607B030BD00B589B035
:1068540001900B468DF80330019B1B7883F00103F4
:10686400DBB2002B01D00823D2E0019B9DF803206A
:10687400DA70FFF7D1FD0346002B04D0019B0122FF
:106884005A700023C4E0019B2533072200211846D7
:1068940015F048FF019B9B79002B03D0019BDB780B
:1068A400012B0FD0019BDB79002B03D0019BDB78FC
:1068B400012B07D0019BDB79002B16D0019BDB78E1
:1068C400022B12D1019BD3F8CC30002B09D0019BB1
:1068D400012283F82C20019BD3F8CC300820984760
:1068E40003E0019B002283F82C209DF80330194615
:1068F4000198FFF799FD03461A46019BDA70019B44
:10690400D3F8CC30002B21D0019BDB78032B03D0B0
:10691400019BDB78042B19D1019B5B79002B15D0EB
:10692400019B93F8D43083F00103DBB2002B0DD02C
:10693400019B002283F8D620019B012283F8D520F5
:10694400019BD3F8CC300720984703E0019B002239
:1069540083F8D52003AB10220021184615F0E2FE7F
:1069640000238DF80C3000238DF81430019BDB7864
:10697400042B2DD801A252F823F000BFCD690200E8
:1069840095690200A3690200B1690200BF690200AF
:1069940003AB19460198FFF78BFD079019E003AB91
:1069A40019460198FFF79CFD079012E003AB1946C6
:1069B4000198FFF7B1FD07900BE003AB194601986E
:1069C400FFF7E9FD079004E0019B00229A7000E0C4
:1069D40000BF019BDB78002B0DD0019B93F8242092
:1069E40003AB11461846FFF778FC0790079B002B72
:1069F40001D0079B0CE0019BD3F8CC30002B06D0D0
:106A0400019BD3F8CC30019A927810469847002322
:106A1400184609B05DF804FB00B585B001900091FB
:106A2400009B0393019B1B881B2B10D01B2B13DC97
:106A3400102B02D0112B05D00EE001990398FFF71B
:106A44008BFC0AE001990398FFF795FC05E0019996
:106A54000398FFF7BCFC00E000BF00BF05B05DF881
:106A640004FB00B585B001900091009B0393019B4A
:106A7400023B012B1BD8039B5B78002B19D0039B93
:106A840000225A70039BDB7819460398FFF7DEFE59
:106A94000290029B002B0CD0039BD3F8D030002B28
:106AA40007D0039BD3F8D0300298984701E000BF89
:106AB40000E000BF00BF05B05DF804FB00B585B081
:106AC4000190FFF70EFC019B012283F8D420019B67
:106AD400002283F8D620019B062283F83320019BF1
:106AE400303300211846FFF79EFB0390039B002BD5
:106AF40001D0039B14E0019BDB7819460198FFF752
:106B0400A5FE0390039B002B09D0019BD3F8D03042
:106B1400002B04D0019BD3F8D0300398984700236E
:106B2400184605B05DF804FB84B00346ADF80630A2
:106B34000023039316E00F49039A13469B00134462
:106B44009B000B441B88BDF806209A4207D1039A88
:106B540013469B0013449B00064A134406E0039B20
:106B640001330393039B002BE5D00023184604B0A4
:106B7400704700BF2839002082B001900B46ADF861
:106B84000230019BBDF802201A80019B00221A7278
:106B9400019B054903F10A020B4603CB10605160C7
:106BA40000BF02B0704700BF5839002082B0019086
:106BB400019B4FF6FF721A8000BF02B0704788B085
:106BC4000390029111461A460B46ADF8063013465F
:106BD400ADF80430039B9B881A46BDF80630134475
:106BE4000793039B9B881946039B9B88BDF806204B
:106BF400934228BF13469BB2CB1A0693039BDB88B0
:106C04001A46BDF8043013440593039BDB881946E8
:106C1400039BDB88BDF80420934228BF13469BB234
:106C2400CB1A0493029B5A88039B1B889A4205D370
:106C3400029B5A88039B5B889A4201D900231CE07B
:106C4400029B9B881A46069B934205D8029B9B880D
:106C54001A46079B934201D200230EE0029BDB8875
:106C64001A46049B934205D8029BDB881A46059B6F
:106C7400934201D2002300E00123184608B0704774
:106C840000B583B00190064B9B69002B03D0044BE5
:106C94009B690198984700BF03B05DF804FB00BFEF
:106CA4003C39002000B587B003460091ADF80630AA
:106CB400009B5B7A002B1AD1009B1B7A002B03D11B
:106CC400164B5B68059302E0144B9B680593009B8D
:106CD4005B68BDF806200599184609F0D3FC0490BA
:106CE400049B002B16D00498FFF7CAFF12E0009B08
:106CF40000221A72094B5B69002B0BD001238DF81B
:106D04000C30BDF80630ADF80E30044B5B6903AAB5
:106D14001046984700BF07B05DF804FB3C390020DB
:106D240000B585B00190019BDB7B8DF80F30019B92
:106D34009B88ADF80C309DF80F30012B2CD14FF609
:106D4400FF70FFF7F1FE0290029B002B03D1042099
:106D5400FFF796FF21E0BDF80C3019460298FFF7C3
:106D64000BFF029B03F10A00019B03F110014FF694
:106D7400FF7340F2F312FFF722FF03461A46029B09
:106D84005A72074BDB89002B07D1BDF80C300299EE
:106D94001846FFF787FF00E000BF05B05DF804FB6D
:106DA4003C39002000B587B00190019B9B88ADF869
:106DB4001630BDF816301846FFF7B6FE0490049B53
:106DC400002B0ED0049B5B68184609F08DFC0390E1
:106DD400039B002B02D00398FFF752FF0498FFF7A0
:106DE400E5FE00BF07B05DF804FB000000B587B006
:106DF4000190019B06330593059B1A88194BDB8987
:106E04009A422BD1059B5B89022B27D1019B9B883E
:106E1400ADF81230BDF812301846FFF785FE039026
:106E2400039B002B1AD0059B0C33184600F097FAED
:106E34000346002B06D0BDF8123003991846FFF71D
:106E440031FF0BE0039B5B68184609F04DFC029090
:106E5400029B002B02D00298FFF712FF00BF07B07D
:106E64005DF804FB3C39002000B585B00190019B1E
:106E74009B88ADF80E30BDF80E301846FFF754FE6F
:106E84000290029B002B15D0029B03F10A00019B88
:106E940003F108014FF6FF7340F2F312FFF78FFE80
:106EA40003461A46029B5A72BDF80E3002991846E0
:106EB400FFF7F8FE00BF05B05DF804FB00B583B032
:106EC40001900091019B1B88502B12D0502B18DC91
:106ED400122B12D0122B14DC102B02D0112B04D045
:106EE4000FE00198FFF71CFF0CE00198FFF75AFF31
:106EF40008E00198FFF77AFF04E00198FFF7B4FF78
:106F040000E000BF00BF03B05DF804FB00B585B02E
:106F14000346ADF80630164B5B6CDB43184612F0A3
:106F240027F80346ADF80E30BDF80E304FF6FF7269
:106F3400934217D0BDF80E300D4A5B001344BDF8E0
:106F440006209A80BDF8062001230A490A4812F057
:106F540031F8BDF8062001230849074812F02AF841
:106F6400012300E00023184605B05DF804FB00BFD0
:106F740060390020A839002064390020A439002099
:106F840000B585B00346ADF80E30BDF80E300022D2
:106F940000921D220349044812F027F800BF05B0EF
:106FA4005DF804FBA43900206439002000B583B0E7
:106FB4000346ADF80630BDF8062000230349044813
:106FC40011F0F8FF00BF03B05DF804FBA8390020FE
:106FD4006439002000B5A5B0144B9B6CDA43134B05
:106FE4005B6C1A406B461249184612F070F812ABEB
:106FF40069464422184615F063FB002323930BE0F3
:10700400239B5B0090336B4433F8443C1846FFF7F2
:10701400B7FF239B01332393129B239A9A42EFD306
:1070240000BF00BF25B05DF804FB00BF603900203D
:107034006439002082B003468DF80730074B1B6883
:107044009DF80720012101FA02F21340002B14BF1E
:1070540001230023DBB2184602B0704760390020D8
:1070640082B003468DF80730064B1B689DF8072055
:10707400012101FA02F21343024A136000BF02B075
:10708400704700BF6039002000B585B001900091C1
:10709400019B1B881A2B30D01A2B4FDC102B02D0EB
:1070A400112B24D04AE0FFF795FF019B9B881846DB
:1070B400FFF72CFF034683F00103DBB2002B05D05E
:1070C400204AE521042008F005FC37E0019BDB7B26
:1070D400022B0CBF012300238DF80F30019B9A88EB
:1070E4009DF80F301849194811F064FF26E0019B00
:1070F4009B881846FFF75AFF20E0019B9A88019B62
:107104001B7AC3F30313DBB2012B8CBF01230023CF
:10711400DBB20F490D4811F04DFF019B9A88019B8A
:107124001B7AC3F30313DBB2022B8CBF01230023AE
:10713400DBB20849054811F03DFF00BF00BF05B0B0
:107144005DF804FB84CF0300AC39002064390020CF
:10715400B0390020B439002000B585B00346ADF83D
:10716400063000238DF80F30124B5B6CBDF80620FF
:107174001946114811F082FF0346002B13D00D4B22
:10718400DB6CBDF8062019460B4811F077FF034667
:107194008DF80E309DF80E30002B01D0022300E054
:1071A40001238DF80F309DF80F30184605B05DF8B7
:1071B40004FB00BF603900206439002000B583B0AF
:1071C4000346ADF80630064B1B6DBDF80620194684
:1071D400044811F053FF0346184603B05DF804FB5E
:1071E400603900206439002000B583B00190054B5C
:1071F4005A6C019B0449184611F069FF019803B0C9
:107204005DF804FB603900206439002000B583B0C8
:1072140000238DF8073017E09DF807301846FFF774
:1072240009FF034683F00103DBB2002B07D09DF86E
:1072340007301846FFF714FF9DF8073009E09DF862
:10724400073001338DF807309DF80730172BE3D949
:107254001823184603B05DF804FB000000B583B0A2
:1072640003460A46ADF8063013468DF805309DF8FE
:1072740005301846FFF7DEFE0346002B0ED09DF8BE
:107284000530094A14339B0013449B68BDF806205B
:107294001946064811F0F2FE034600E000231846A2
:1072A40003B05DF804FB00BF60390020643900209E
:1072B40000B583B00346ADF806300B468DF80530B3
:1072C40013468DF804309DF805301846FFF7B2FEDA
:1072D4000346002B0ED09DF8053014339B00074A5B
:1072E400134403F108019DF80430BDF80620044856
:1072F40011F060FE00BF03B05DF804FB60390020AC
:107304006439002000B583B003468DF807309DF83A
:1073140007301846FFF78EFE0346002B07D09DF872
:107324000730054A14339B0013449B6800E0002394
:10733400184603B05DF804FB6039002082B0019068
:10734400019B1B781AB2019B01331B781BB21B02F1
:107354001BB213431BB29BB2184602B0704700B570
:1073640085B001900198FFF7E9FF0346ADF80E30B0
:10737400BDF80E3003F00103002B14BF01230023DA
:10738400DBB2184605B05DF804FB000000B585B01B
:107394000190009100238DF80F309DF80F305A1C96
:1073A4008DF80F201A46019B1344009A12781A7024
:1073B4009DF80F305A1C8DF80F201A46019B134478
:1073C400009A52781A709DF80F30022B0CBF0123DB
:1073D4000023DBB20293029B002B04D1054A472110
:1073E400002008F077FA9DF80F30184605B05DF8D4
:1073F40004FB00BFD8CF030000B583B00190009117
:10740400009815F0C4F803469AB2019B1A80019BB8
:10741400009A5A6000BF03B05DF804FB82B001908B
:10742400019B002B14BF01230023DBB2184602B0DA
:1074340070470000024B00221A7000BF704700BF63
:10744400183A002000B585B00190019B5B8818466E
:1074540001F03CF803461A46019B9A8000230393EB
:1074640008E0084A039B52F8233001989847039B8D
:1074740001330393039B002BF3D000BF00BF05B07F
:107484005DF804FBB82F002082B00190019B9B792A
:10749400012B0BD1019B1B79012B07D1019B5B882D
:1074A40042F60212934201D1012300E0002303F0CB
:1074B4000103DBB2184602B0704700B589B0034639
:1074C4000091ADF8063003AB00221A605A609A604E
:1074D400DA601A6107238DF80C30BDF80630ADF878
:1074E4000E30009B059303AB1846FFF7ABFF00BFBC
:1074F40009B05DF804FB000000B58BB00346ADF89D
:10750400063000238DF8273003AB00221A605A603E
:107514009A60DA601A61BDF80630ADF80E30BDF835
:1075240006304FF6FF72934242D0BDF8063018463B
:1075340000F043FC0890089B43F2020293422CD0D3
:10754400089B43F20202934220D8089B112B11D0CE
:10755400089B112B1AD8089B002B03D0089B0B2BDC
:107564000CD013E00E238DF80C3003AB1846FFF754
:1075740069FF13E001238DF827300FE00F238DF806
:107584000C3003AB1846FFF75DFF07E0BDF806308B
:1075940008991846FFF791FF00E000BF064B1978E1
:1075A4009DF82720BDF806301846FFF781FE00E05D
:1075B40000BF0BB05DF804FB1B3A002000B583B09C
:1075C40003460A46ADF8063013468DF80530064BDF
:1075D40019789DF80520BDF806301846FFF768FEB7
:1075E40000BF03B05DF804FB1A3A002000B58BB06D
:1075F4000346ADF8063000238DF8273000238DF8BC
:107604002630BDF80630184600F064FB0890089B4D
:1076140043F20202934233D0089B43F202029342A4
:1076240027D8089B862B11D0089B862B21D8089B32
:10763400002B03D0089B112B04D01AE001238DF8F2
:1076440026301EE001238DF827301AE003AB002218
:107654001A605A609A60DA601A6106238DF80C3059
:10766400BDF80630ADF80E3003AB1846FFF7EAFE5E
:1076740007E0BDF8063008991846FFF71EFF00E042
:1076840000BF9DF82720BDF8063011461846FFF7C5
:1076940095FF9DF8263018460BB05DF804FB0000FA
:1076A40000B58BB00346ADF8063001238DF82730C2
:1076B40000238DF82630BDF80630184600F02AFC69
:1076C4000890089B43F2014293425AD0089B43F22C
:1076D400014293425BD8089B112B29D8089B112B9C
:1076E40055D801A252F823F04177020093770200A3
:1076F4009377020093770200937702009377020056
:107704006D770200937702006D7702009377020091
:107714009377020093770200937702009377020035
:10772400937702009377020093770200A177020017
:10773400089B43F20202934232D028E003AB0022BA
:107744001A605A609A60DA601A6110238DF80C305E
:10775400BDF80630ADF80E3001238DF8263003ABAA
:107764001846FFF76FFE1CE000238DF82730BDF8A4
:107774000630184600F0AAFE0346184600F0FEFB49
:107784000FE0BDF806301846FFF7B6FE09E0BDF875
:10779400063008991846FFF790FE02E000BF00E0AB
:1077A40000BF0B4B19789DF82720BDF8063018460A
:1077B400FFF77EFD074B19789DF82620BDF80630AB
:1077C4001846FFF775FD00BF0BB05DF804FB00BF62
:1077D4001C3A00201D3A002000B597B003468DF8EE
:1077E40007309DF807301846FFF78CFD034618460E
:1077F400FFF714FE0346002B61D003AB1846FFF7D6
:10780400F3FC0023159354E0159B5B0058336B4441
:1078140033F8483CADF852309DF80720BDF852309B
:1078240011461846FFF71AFD0346002B3ED0254BA0
:107834001B789DF807209A4205D1BDF852301846AE
:10784400FFF75AFE32E0204B1B789DF807209A423E
:1078540013D100211D4803F008FC0346002B25D05A
:10786400BDF852301846FFF7C1FE0346002B25D160
:107874000021164803F01CFC18E0154B1B789DF8FA
:1078840007209A4212D1134B1A78BDF85230114690
:107894001846FFF7E3FC034683F00103DBB2002B39
:1078A40004D0BDF852301846FFF7FAFE159B013399
:1078B4001593039B159A9A42A6D300E000BF17B014
:1078C4005DF804FB1B3A00201A3A0020193A002004
:1078D4001C3A00201D3A002008B5034B1B781846BB
:1078E400FFF77AFF00BF08BD1B3A002008B5034B21
:1078F4001B781846FFF770FF00BF08BD1A3A002036
:1079040008B5034B1B781846FFF766FF00BF08BD98
:107914001C3A002000B583B00190019B1B78002B1A
:1079240015D1019B5B881846FFF7E6FD019B5B8838
:10793400184600F0CBFA0346002B0AD0019B5B8863
:10794400064A117801221846FFF7B2FC01E000BF95
:1079540000E000BF00BF03B05DF804FB1C3A002048
:1079640000B589B00190019B1B78082B54D1019B71
:107974005B7A002B50D1019B1B7A082B42D0082B39
:1079840045DC012B16D0072B41D1019B9B8818465F
:1079940000F040FE0346ADF81E30BDF81E304FF631
:1079A400FF72934235D0BDF81E3001211846FFF70F
:1079B40005FE2EE0019B9B8803AA0121184602F0D4
:1079C40017FB0690069B002B25D1049B1B78002BEC
:1079D40021D0019B9B88184600F01CFE0346ADF89D
:1079E4001630BDF816304FF6FF72934213D00D4B8C
:1079F4001978BDF8163001221846FFF759FCFFF735
:107A04007FFF08E00021084803F052FB04E000BFB8
:107A140002E000BF00E000BFFFF768FF00BF09B04D
:107A24005DF804FB1C3A0020193A002008B5FFF762
:107A340001FDFFF7EBFB03461A46184B1A70FFF7DC
:107A4400E5FB03461A46164B1A70FFF7DFFB0346A5
:107A54001A46144B1A70FFF7D9FB03461A46124B09
:107A64001A700E4B1B78182B0BD00D4B1B78182B50
:107A740007D00C4B1B78182B03D00B4B1B78182BFF
:107A840001D1032307E00121084803F0D8FA084B89
:107A940001221A700023184608BD00BF1A3A0020BC
:107AA4001B3A00201C3A00201D3A0020193A0020FD
:107AB400183A002000B589B00190019B9B88ADF86D
:107AC4001E30019B1B88542B0BD0542B4ADC502BAB
:107AD40037D0522B46D1BDF81E301846FFF70CFDA7
:107AE40040E002AB00221A605A609A60DA601A61C0
:107AF40011238DF80830BDF81E30ADF80A30BDF8FA
:107B04001E30184600F0E2FC0346ADF80C30BDF818
:107B14000C30184600F032FA164B1978BDF81E30B6
:107B240000221846FFF7C4FB134B1978BDF81E302A
:107B340000221846FFF7BCFB02AB1846FFF782FC95
:107B440010E0019B06331846FFF79EFC0346002B0A
:107B540007D0BDF81E3001211846FFF72FFDFFF7AF
:107B6400C5FE00BFFFF7B8FEFFF7CAFE00BF09B0AD
:107B74005DF804FB1D3A00201C3A002000B593B0C8
:107B840000F094F96B461846FFF72EFB0023ADF87E
:107B9400463021E0BDF846305B0048336B4433F88F
:107BA400443C184600F092FC03461A464FF6FF7315
:107BB4009A420CD1BDF846305B0048336B4433F82D
:107BC400443C0B4A117801221846FFF771FBBDF8BB
:107BD40046300133ADF84630BDF84620009B9A424A
:107BE400D8D3FFF78DFE00BF13B05DF804FB00BFD0
:107BF4001C3A0020A7DF704700BF1846A9DF704772
:107C040000BF1846AADF704700BF1846ABDF7047B5
:107C140000BF1846044B00221A70044B4FF6FF7243
:107C24001A8000BF704700BF1E3A0020203A00208F
:107C340000B585B0164A01AB92E8030083E803005F
:107C4400144B1B8801A90022184602F0C0FB0390C4
:107C540010E0104B1B88184602F081FB03461A46BD
:107C64000C4B1A800B4B1B8801A90022184602F00A
:107C7400AEFB0390074B1B884FF6FF72934202D072
:107C8400039B112BE5D100BF05B05DF804FB00BFD9
:107C94002CD00300203A002000B583B00190064B9D
:107CA4001B884FF6FF72934201D0FFF7C1FF00BF5C
:107CB40003B05DF804FB00BF203A002008B5FFF7CD
:107CC400A9FF034B01221A700023184608BD00BF08
:107CD4001E3A002000B58BB00346ADF80630BDF85F
:107CE4000630184600F0F2FB0346ADF81E30BDF82E
:107CF4001E304FF6FF72934202D143F2020358E062
:107D04000123ADF8223000238DF8213000238DF8B3
:107D14002130BDF822305A1CADF822201A4603AB9C
:107D2400BDF81E00082102F079F90990099B002B87
:107D340035D1049B0693069B03221A60069B991D6A
:107D4400069B1A1D069B1B68BDF80600FFF75AFF29
:107D54000990099B002B09D1BDF81E20BDF81E30E7
:107D64000821184602F0C8FA09901DE0099B0C2B63
:107D740003D101238DF8213004E0099B052B01D1A7
:107D840000230993BDF81E300821184602F028FA92
:107D94000590059B002B07D00323099304E0099B5E
:107DA400072B01D10C2309939DF82130002BADD171
:107DB400099B18460BB05DF804FB00B58BB0034675
:107DC400ADF80630BDF80630184600F07FFB0346D8
:107DD400ADF81430002308930023ADF81E300323BC
:107DE400069301238DF81730BDF814304FF6FF7257
:107DF400934216D002AABDF814300821184602F0A6
:107E0400F7F80990099B002B0BD1039B0493049B67
:107E140006330893049B9B88ADF81E30049B1B68B3
:107E24000693BDF81E20BDF80600069B0899FFF7CF
:107E3400E5FE0990099B042B02D11123099324E048
:107E4400099B082B02D1002309931EE0099B0B2BED
:107E54001BD100238DF81730069B03F00203002B7F
:107E640002D00123069310E0089B002B03D1BDF838
:107E74001E30002B07D0002308930023ADF81E30DA
:107E84000323069301E003230993099B0B2BC8D01A
:107E94009DF8173083F00103DBB2002B01D00B23D4
:107EA4000993099B18460BB05DF804FB08B54FF61F
:107EB400FF7002F054FA03461A46034B1A80FFF788
:107EC400B7FE00BF08BD00BF203A002000B589B04E
:107ED4000346ADF806300DF117030493BDF80630E0
:107EE400184600F0F3FA0346ADF81E3003AABDF8B5
:107EF4001E300121184602F07BF80690069B002BE9
:107F040001D0002301E0049B1B78184609B05DF8FA
:107F140004FB000000B585B00346ADF806304FF60B
:107F2400FF73ADF80E301448FFF770FE0290029B09
:107F3400002B01D003231AE00F4B1988BDF80E2043
:107F4400BDF806301846FFF755FE0290029B43F237
:107F54000302934205D1084B1B8801339AB2064BA6
:107F64001A80029B43F203029342E5D0029B184617
:107F740005B05DF804FB00BF223A002000B585B0CF
:107F84000346ADF80630084A02AB92E8030083E8E2
:107F9400030002A9BDF806300022184602F017FAC1
:107FA40000BF05B05DF804FB34D0030043DF704725
:107FB40000BF184682B00D4B18221A70002301939B
:107FC4000DE00B49019A13465B0013449B000B44DC
:107FD40002334FF6FF721A80019B01330193019B18
:107FE400132BEED900BF00BF02B07047183B00202E
:107FF400283A002000B585B001900023039308E0DF
:10800400084A039B52F8233001989847039B013395
:108014000393039B012BF3D900BF00BF05B05DF8A8
:1080240004FB00BF44D0030000B583B000230193D8
:108034001AE01149019A13465B0013449B000B4458
:1080440002331B880D4A127811461846FFF706F9C9
:10805400034683F00103DBB2002B02D0019BDBB2A9
:1080640006E0019B01330193019B132BE1D9FF230C
:10807400184603B05DF804FB283A0020183B0020A2
:1080840000B585B00346ADF80630144B1A78BDF838
:10809400063011461846FFF7E1F80346002B18D0C6
:1080A4000023039312E00E49039A13465B00134422
:1080B4009B000B4402331B88BDF806209A4202D170
:1080C400039BDBB206E0039B01330393039B132B57
:1080D400E9D9FF23184605B05DF804FB183B0020DE
:1080E400283A002000B585B003460091ADF806306B
:1080F400FF238DF80F30009B002B49D0BDF80630CC
:108104004FF6FF72934243D0244B1978BDF80630E2
:1081140001221846FFF7CCF8BDF806301846FFF7E1
:10812400AFFF03468DF80F309DF80F30FF2B04D1BD
:10813400FFF77AFF03468DF80F309DF80F30FF2BC1
:1081440026D09DF80F20164913465B0013449B006C
:108154000B440233BDF806201A809DF80F20104905
:1081640013465B0013449B000B444FF6FF721A80C6
:108174009DF80F200A4913465B0013449B000B44EF
:10818400009A0433106818609188927999809A71E2
:108194009DF80F30184605B05DF804FB183B00202D
:1081A400283A002084B00190002303930AE0019A46
:1081B400039B13441B78002B01D0012306E0039B8F
:1081C40001330393039B0F2BF1D90023184604B00A
:1081D400704700B583B001900091019B002B02D041
:1081E400009B002B01D100231BE0019B1B78C3F3F0
:1081F4004603DAB2009B1B78C3F34603DBB29A4210
:1082040001D000230DE0019B581C009B0133062282
:10821400194614F097F90346002B0CBF01230023E1
:10822400DBB2184603B05DF804FB30B599B0019099
:10823400019B1B88102B40F08780019B0AAC1D1DFD
:108244000FCD0FC40FCD0FC40FCD0FC42B68236007
:108254004FF6FF73ADF85E309DF82C3023F0010328
:10826400DBB2062B47D001F0D5F99DF82C30C3F3CF
:108274004603DBB2012B02DC002B15DA3BE0022BB8
:108284002ED038E0089B03F111020AAB04331146E7
:108294001846FFF79EFF0346002B05D0BDF8263095
:1082A400ADF85E3000BF26E007AA0DF1260319469B
:1082B400072001F0B9F90346002BE3D11BE0089B2A
:1082C4005A1C0AAB04331146184600F09FFA0346C1
:1082D400002B05D0BDF82630ADF85E3000BF09E0B4
:1082E40007AA0DF126031946072001F09DF903465C
:1082F400002BE4D100BFBDF828200AAB0433194693
:108304001046FFF7EFFE03468DF85D30BDF85E3092
:108314004FF6FF72934218D0BDF82830BDF85E20A6
:108324001146184600F0E4F9BDF82830ADF80A30DB
:10833400BDF85E30ADF80C3000238DF8083002AB88
:108344001846FFF757FE00E000BF19B030BD00B576
:1083540087B001900091019B11330593009B113369
:108364000493019B581C009B01331022194614F0FE
:10837400E9F80346002B11D1019B01331846FFF79E
:1083840011FF0346002B09D0009B01331846FFF769
:1083940009FF0346002B01D0012300E000238DF8E0
:1083A4000F309DF80F3003F001038DF80F3004995E
:1083B4000598FFF70EFF03468DF80E30059B1B78DA
:1083C40023F00103DBB2042B16D0059B1B7823F0AA
:1083D4000103DBB2062B0FD0049B1B7823F00103AF
:1083E400DBB2042B08D0049B1B7823F00103DBB21F
:1083F400062B01D0012300E000238DF80D309DF8F9
:108404000D3003F001038DF80D309DF80E30002B74
:1084140003D09DF80D30002B0AD19DF80F30002BAE
:1084240008D09DF80D3083F00103DBB2002B01D09E
:10843400012300E0002303F00103DBB2184607B078
:108444005DF804FB00B587B001900B46ADF802302F
:1084540001F0E0F810E0BDF81630BDF802209A42B1
:108464000AD0049B19460198FFF771FF0346002BBD
:1084740002D0BDF816300BE003AA0DF1160319461D
:10848400072001F0D1F80346002BE4D14FF6FF7327
:10849400184607B05DF804FB08B5FFF78BFDFEF73F
:1084A400B5FE03461A46074B1A70064B1B78182B69
:1084B40001D1032303E0044B01221A700023184660
:1084C40008BD00BF183B0020243A002000B585B049
:1084D4000346ADF80630BDF806301846FFF7D0FD68
:1084E40003468DF80F309DF80F30FF2B09D09DF80F
:1084F4000F20074913465B0013449B000B441B8861
:1085040001E04FF6FF73184605B05DF804FB00BFA9
:10851400283A002000B585B003460091ADF8063036
:10852400BDF806301846FFF7ABFD03468DF80F3053
:108534009DF80F30FF2B12D09DF80F2000980A49A8
:1085440013465B0013449B000B4402460433186833
:10855400106099889B7991809371002300E0052332
:10856400184605B05DF804FB283A002000B583B036
:1085740001900091019800F077F8034683F001031D
:10858400DBB2002B01D0002315E0019B1A88009B6D
:108594001B889A4201D000230DE0019B981C009B8C
:1085A40002330822194613F0CDFF0346002B0CBFFB
:1085B40001230023DBB2184603B05DF804FB00B5C9
:1085C40087B0019001F026F814E0049B4633194665
:1085D4000198FFF7CBFF0346002B08D1049B2A33F5
:1085E40019460198FFF7C2FF0346002B02D0BDF8DD
:1085F40016300BE003AA0DF116031946072001F00B
:1086040013F80346002BE0D14FF6FF73184607B06A
:108614005DF804FB84B00346ADF8063000230393F1
:1086240018E01049039A13465B0013449B000B4463
:108634001B88BDF806209A4209D10A49039A1346B9
:108644005B0013449B000B4402331B8807E0039B2D
:1086540001330393039B132BE3D94FF6FF7318469F
:1086640004B07047283A002084B00190019B1B8815
:10867400002B01D0012312E0002303930BE0019AA5
:10868400039B134402331B78002B01D0012306E023
:10869400039B01330393039B072BF0D90023184654
:1086A40004B0704700B585B003460A46ADF80630FD
:1086B4001346ADF80430BDF806301846FFF7E0FC69
:1086C40003468DF80F309DF80F30FF2B0AD09DF82C
:1086D4000F20064913465B0013449B000B44BDF86E
:1086E40004201A8000BF05B05DF804FB283A00207E
:1086F40000B583B003460A46ADF806301346ADF81C
:108704000430BDF80420BDF8063011461846FFF7C2
:10871400C9FF00BF03B05DF804FB00B585B0034694
:10872400ADF80630BDF806301846FFF773FF034670
:10873400ADF80E30BDF80630184601F00DFC02907D
:10874400BDF80E304FF6FF72934209D0029B002B06
:1087540006D1BDF80E304FF6FF711846FFF7A2FFA1
:10876400029B184605B05DF804FB00B595B0039074
:1087740002910192002313930DE0139BC3F10F03A5
:10878400039A1344197805AA139B13440A461A70D2
:10879400139B01331393139B0F2BEED905AB1033AB
:1087A4000D220021184613F0BDFF002312930DE0A3
:1087B400029A129B1A44129BC3F10F03127850338E
:1087C4006B4403F82C2C129B01331293129B022B43
:1087D400EED905AB1846FFF7E9FB002311930DE032
:1087E400119BC3F10F020199119B0B4450326A444F
:1087F40012F81C2C1A70119B01331193119B022B3C
:10880400EED900BF00BF15B05DF804FB00B587B01A
:1088140001900091019B1B7823F00103DBB2042B30
:1088240001D000231FE0019B5A1C05AB11889278EC
:1088340019809A70019B1A1D03AB118892781980D4
:108844009A70009B04AA03A91846FFF78EFF04A997
:1088540005AB0322184613F075FE0346002B0CBF2C
:1088640001230023DBB2184607B05DF804FB90DF58
:10887400704700BF18469EDF704700BF1846ADDF43
:10888400704700BF184682B00190019BF7221A80FE
:10889400019B17225A80019B00221A71019B00221E
:1088A4005A71019BFB229A71019B1B22DA7100BF52
:1088B40002B0704700B587B003460091ADF80630AA
:1088C400244B5B68032B10D9224B1B881B0443F0F9
:1088D4000400BDF80630009ADB0013441B7B1A46E3
:1088E400BDF806301C4911F0F0FDBDF80630009AC1
:1088F400DB0013441B7BADF80C30BDF80630009A46
:10890400DB0013441B7BADF80E300023ADF81030B0
:108914000023ADF8123003A9BDF806300022184632
:10892400FFF7A5FF0590059B002B0ED0094B5B6854
:10893400002B0AD0074B1B881B0443F00100BDF831
:108944000620059B054911F0C0FD00BF07B05DF886
:1089540004FB00BF982E002058D0030094D00300DD
:1089640000B587B001900091009B9B88ADF816304C
:10897400BDF81630DB00019A134406330493019BBF
:108984001A79049B9A71009BDB7B012B02D0022B8A
:1089940005D009E0019B1A88049B1A8004E0019B1E
:1089A4005A88049B1A8000BF049B1A88049B5B8826
:1089B4009A4244D92A4B5B68032B0CD9284B1B8859
:1089C4001B0443F00400049B1B881A46BDF81630B0
:1089D400244911F07AFD049B1A88BDF8163011461B
:1089E4001846FFF748FF0390039B002B03D1049B19
:1089F40001225A7123E0039B112B12D1049B012203
:108A04001A71174B5B68032B19D9154B1B881B0470
:108A140043F00403BDF816201349184611F044FD31
:108A24000DE00F4B5B68002B09D00D4B1B881B041A
:108A340043F00103039A0D49184611F035FD049BD8
:108A44009A79049BDB799A4205D9BDF816300199CD
:108A54001846FFF72FFF00BF07B05DF804FB00BF07
:108A6400982E0020F4D0030034D1030088D10300F1
:108A740000B583B001900091009B9B88DB00019AB4
:108A8400134406331846FFF7FEFE00BF03B05DF83B
:108A940004FB000000B587B001900091009B9B8807
:108AA400ADF81630009B5B89ADF81430BDF8163074
:108AB400DB00019A134406330493049B1B88BDF81E
:108AC4001420934228BF13469AB2049B5A80049BF5
:108AD4005B88172B38BF17239AB2049B5A801A4B12
:108AE4005B68032B0CD9184B1B881B0443F0040050
:108AF400049B5B881A46BDF81630144911F0E5FC56
:108B0400019B1B69002B15D0049B5B79002B11D0B2
:108B140040F67723ADF80830BDF81630ADF80A30CA
:108B2400049B5B88ADF80C30019B1B6902AA1146BB
:108B340001989847049B00225A71049B00221A71E1
:108B440000BF07B05DF804FB982E0020CCD10300D1
:108B540000B58BB003900291029B9B88ADF8263040
:108B6400029BDB88ADF82430BDF82630DB00039A85
:108B7400134406330893394B5B68032B0BD9374BEB
:108B84001B881B0443F00400BDF82620BDF82430E4
:108B9400334911F09AFCBDF82430172B38BF172342
:108BA400ADF82430089B1B88BDF82420934228BFCD
:108BB40013469AB2089B5A80089B00221A71274BCD
:108BC4005B68032B11D9254B1B881B0443F004005D
:108BD400089B5B881A46089B1B881946BDF82630FB
:108BE40000930B461F4911F084FC089B1A88BDF8BA
:108BF400263011461846FFF742FE0790079B002BCC
:108C04000DD0164B5B68002B09D0144B1B881B043A
:108C140043F00103079A1449184611F045FC089BD8
:108C24005B79002B16D1039B1B69002B13D040F6F4
:108C34007723ADF81430BDF82630ADF81630089B14
:108C44005B88ADF81830039B1B6905AA114603988D
:108C5400984700E000BF0BB05DF804FB982E00209D
:108C640008D2030044D2030084D2030030B593B089
:108C740001900091009B04AC1D1D0FCD0FC40FCDBE
:108C84000FC40FCD0FC42B682360BDF81030ADF8AE
:108C94004630BDF81420BDF84630D1B2019ADB004D
:108CA40013440A465A73394B5B68032B10D9374B6C
:108CB4001B881B0443F00400BDF84630019ADB0016
:108CC40013445B7B1A46BDF84630314911F0FDFB75
:108CD4002E4B5B68032B0AD92C4B1B881B0443F0D7
:108CE4000403BDF816202B49184611F0DDFB274B71
:108CF4005B68032B0AD9254B1B881B0443F0040330
:108D0400BDF814202449184611F0CEFB1F4B5B68B4
:108D1400032B0AD91D4B1B881B0443F00403BDF825
:108D24001A201E49184611F0BFFB184B5B68032B31
:108D34000AD9164B1B881B0443F00403BDF8182002
:108D44001749184611F0B0FB019B1B69002B19D081
:108D540002AB00221A609A804DF67A23ADF80830EF
:108D6400BDF84630ADF80A30BDF84630019ADB0054
:108D740013445B7B8DF80C30019B1B6902AA1146DE
:108D84000198984700BF13B030BD00BF982E002053
:108D9400C8D20300F8D203000CD3030020D303008D
:108DA40030D3030000B589B001900091009B0433D7
:108DB4000793079B1B88DB00019A13440633069331
:108DC400079B9B888DF817302A4B5B68032B0CD9C3
:108DD400284B1B881B0443F00400079B1B881A467E
:108DE4009DF81730244911F070FB069B9B799DF880
:108DF4001720934228BF13468DF8163002AB002289
:108E04001A605A609DF816309BB2ADF808309DF890
:108E140016309BB2ADF80A30164B5B68032B0BD9A6
:108E2400144B1B881B0443F004009DF81620079B79
:108E34001B88124911F049FB079B1B8802A90022D9
:108E44001846FFF714FD0490049B002B0DD0094B2A
:108E54005B68002B09D0074B1B881B0443F00103FC
:108E6400049A0749184611F01FFB00BF09B05DF8CA
:108E740004FB00BF982E002040D3030080D30300DE
:108E8400B8D3030000B585B001900091019B002B7D
:108E940001D10E231DE0019B009A1A61019BF72268
:108EA4001A80019BF7225A80019BFB221A7100232E
:108EB40003930AE0039BDB00019A1344063318462C
:108EC400FFF7E1FC039B01330393039B002BF1D0D9
:108ED4000023184605B05DF804FB82B001900B46F0
:108EE400ADF80230019B002B03D0BDF80230002BFB
:108EF40001D0002305E0BDF80230019ADB001344E1
:108F04001B89184602B0704700B587B001900091E4
:108F1400009B0593019B9B88ADF81230BDF812307D
:108F2400002B40F0AB80019B1B88552B48D0552B60
:108F340055DC242B32DC102B51DB103B142B4ED888
:108F440001A252F823F000BFA78F0200B18F0200E4
:108F5400E38F0200E38F0200E38F0200E38F02003D
:108F6400E38F0200E38F0200E38F0200E38F02002D
:108F7400E38F0200E38F0200E38F0200E38F02001D
:108F8400E38F0200E38F0200E38F0200E38F02000D
:108F9400E38F0200D98F0200CF8F02003A2B0AD050
:108FA4001DE001990598FFF7DBFC19E0019905988C
:108FB400FFF75EFD14E001990598FFF76BFD0FE0E4
:108FC40001990598FFF7C4FD0AE001990598FFF798
:108FD4004DFE05E001990598FFF7E4FE00E000BFAF
:108FE400BDF81230059ADB0013449B7A002B46D05F
:108FF400BDF81230059ADB001344DA88BDF812304C
:1090040011461846FFF737FC0390039B002B23D12E
:10901400BDF81230059ADB00134400229A72BDF8A1
:109024001230059ADB0013440122DA72154B5B6897
:10903400032B24D9134B1B881B0443F00400BDF8F5
:109044001230059ADB001344DB881A46BDF812304F
:109054000D4911F03AFA12E0039B112B0FD0094B82
:109064005B68002B0BD0074B1B881B0443F00103E8
:10907400039A0649184611F017FA00E000BF07B03A
:109084005DF804FB982E002000D4030088D103006F
:1090940000B585B00190019B4FF6FF725A80002302
:1090A400039305E0064B01989847039B0133039310
:1090B400039B002BF6D000BF00BF05B05DF804FB96
:1090C400559E020082B00346ADF80630BDF8063066
:1090D400A3F580439BB2184602B0704782B00346A2
:1090E400ADF80630BDF8063003F580439BB2184650
:1090F40002B0704782B003468DF807309DF8073000
:109104009BB2A3F580439BB2184602B0704782B06D
:109114000346ADF80630BDF80630DBB2184602B09F
:10912400704782B00346ADF80630BDF80630B3F59B
:10913400404F07D3BDF806304FF6FF72934201D07B
:10914400012300E0002303F00103DBB2184602B060
:10915400704782B00346ADF80630BDF80630B3F56B
:10916400404F07D3BDF806304FF6FF72934201D04B
:10917400012300E0002303F00103DBB2184602B030
:10918400704782B003468DF807309DF80730072BEF
:1091940013D09DF80730012B0FD09DF80730082B12
:1091A4000BD09DF80730052B07D09DF80730062B10
:1091B40003D09DF80730042B01D1012300E00023E4
:1091C40003F00103DBB2184602B0704700B589B062
:1091D40003460091ADF8063003AB00221A605A60D2
:1091E4009A60DA601A6107238DF80C30BDF80630F6
:1091F400ADF81030009B059303AB1846FFF748FF0A
:1092040000BF09B05DF804FB00B589B001AB0822CA
:109214000021184613F086FA4FF6FF7001F044FA65
:109224000346ADF81E300CE0BDF81E30184601F0C0
:109234008DF9BDF81E30184601F036FA0346ADF834
:109244001E30BDF81E304FF6FF7293420ED0BDF8AB
:109254001E301846FFF736FF0346184601AA03AB33
:10926400194609F0F4F903460A2BDDD01A4B1B7892
:1092740083F00103DBB2002B29D0BDF81E304FF67A
:10928400FF72934223D0144B01221A70BDF81E3092
:109294001846FFF717FF0346ADF81C30BDF81C3025
:1092A400184609F043F90690069B082B03D10B4B93
:1092B40001221A700BE0069B002B08D0064B0022FB
:1092C4001A70BDF81E3006991846FFF77FFF00BFDD
:1092D40009B05DF804FB00BF1B3B00201A3B0020D3
:1092E40000B587B003460092ADF806300B468DF802
:1092F40005309DF805301846FFF743FF02AB0822FE
:109304000021184613F00EFABDF806301846FFF790
:10931400D9FE0346ADF816309DF805301846FFF720
:10932400E9FE0346ADF8143002ABBDF81410BDF8E5
:109334001600009A09F062F90490049B002B01D0F6
:10934400052300E00023184607B05DF804FB00B5D0
:1093540089B06B4608220021184613F0E3F9072070
:10936400FFF7C8FE0346ADF81E3016E002AA04ABB0
:109374001146184608F0A8FF029B9B881846FFF781
:10938400ADFE0346ADF81C3004AB184608F0D8FF18
:10939400BDF81C30184601F0A1F86A4604A9BDF8CE
:1093A4001E30184609F040F90346002BDED000BFFA
:1093B40000BF09B05DF804FB00B589B0019003ABB0
:1093C40000221A605A609A60DA601A61019B9B89D4
:1093D4001846FFF783FE0346ADF81030019B1B7857
:1093E400052B6FD0052B79DC032B02DC002B03DC6F
:1093F40074E0042B3DD071E0019B9B891846FFF774
:1094040090FE0346002B07D1019BDB891846FFF72A
:10941400A0FE0346002B63D0019BDB891846FFF7AF
:1094240076FE03468DF81430019B1B78032B0CBF8A
:1094340001230023DBB28DF81530019B9B68069352
:10944400019B5B68002B09D108238DF80C309DF833
:109454001C3043F001038DF81C3005E009238DF81E
:109464000C30019B5B68079303AB1846FFF710FEB3
:1094740036E0019B9B891846FFF753FE0346002BF9
:1094840030D0019BDB89002B2CD1019B5B68002B26
:1094940008D10A238DF80C30BDF81030184601F0BD
:1094A40055F802E00B238DF80C30154B00221A708E
:1094B400144B00221A70FFF7A7FE03AB1846FFF700
:1094C400E7FD0FE013238DF80C304FF6FF73ADF872
:1094D400103003AB1846FFF7DBFD04E000BF02E0E9
:1094E40000BF00E000BF064B1B78002B04D0044BE8
:1094F40000221A70FFF788FE00BF09B05DF804FB74
:109504001A3B00201B3B002000B583B00E4808F036
:10951400DDFD0190019B002B01D003230FE008F037
:1095240043FE0190019B002B01D0862307E000F04D
:109534006DFFFFF70CFF054B01221A70002318463C
:1095440003B05DF804FB00BFBD930200193B00208B
:1095540000B58DB0029201930346ADF80E300B4670
:109564008DF80D30BDF80E30FF2B01D907234DE0E7
:109574009DF80D301846FFF704FE034683F00103FF
:10958400DBB2002B01D0072340E007AA9DF80D10A1
:10959400BDF80E301846FFF7A3FE0B900B9B002B73
:1095A40001D0052332E005AA07AB1146184608F09E
:1095B4008BFE0B900B9B002B01D0052326E0029B16
:1095C4009DF80D209A70059B5A88029B1A80019B76
:1095D400002B03D1069A029B5A6012E0029B1B885F
:1095E4009B000A93019B1B680A9A9A4207D8029B24
:1095F4005B6806990A9A184613F062F801E004239E
:1096040004E007AB184608F09BFE002318460DB093
:109614005DF804FB08B508220021024813F082F823
:1096240000BF08BD1C3B002000B58DB0034602916D
:1096340001928DF80F309DF80F301846FFF7A1FD09
:10964400034683F00103DBB2002B01D0012338E091
:109654009DF80F301846FFF74DFD0346ADF82E3048
:1096640007A9BDF82E30194A184608F0DDFF034655
:10967400002B01D0002324E005AA07AB11461846AD
:1096840008F022FE0A900A9B002B01D0002318E068
:10969400019B9DF80F209A70059B5A88019B1A80A4
:1096A400069A019B5A60059B9B881846FFF716FD96
:1096B40003461A46029B1A8007AB184608F040FE80
:1096C400012318460DB05DF804FB00BF1C3B0020CD
:1096D40000B585B001900091019B9B781846FFF777
:1096E40050FD034683F00103DBB2002B01D00723B6
:1096F4001AE0019B1B881946009808F069FE039044
:10970400039B092B0BD0039B092B0CD8039B002B29
:1097140003D0039B072B04D005E0002304E00923B6
:1097240002E0862300E00323184605B05DF804FB3D
:1097340000B585B0019001AB184608F079FE03909E
:10974400039B002B01D0032300E00023184605B03F
:109754005DF804FB00B58DB00291019200930346BD
:10976400ADF80E30BDF80E30FF2B01D9072382E08F
:10977400029B9B781846FFF704FD034683F0010320
:10978400DBB2002B01D0072375E0BDF80E3018467C
:10979400FFF798FC0346ADF82030029B9B781846EF
:1097A400FFF7A8FC0346ADF82230029B5B680993DF
:1097B400029B1B880A93029B997805AABDF80E3078
:1097C4001846FFF78DFD0B900B9B052B12D1019BC7
:1097D400002B07D108AA05AB1146184608F06EFE07
:1097E4000B9015E001AA08A905AB184608F075FE10
:1097F4000B900DE0019B002B03D001AB184608F041
:1098040017FE08AA05AB1146184608F07BFE0B901C
:109814000B9B0E2B2ED801A252F823F05D98020068
:1098240079980200799802007998020079980200E8
:1098340079980200799802007598020071980200E4
:1098440079980200799802007998020079980200C8
:109854007998020071980200009B002B04D005AB9C
:109864000099184608F006FF002304E0112302E0E3
:10987400862300E0032318460DB05DF804FB00BF07
:1098840008B54FF6FF7000F029FE0346184608BDE0
:1098940000B583B00346ADF80630BDF80630FF2BA3
:1098A40001D9072307E0BDF80630184600F028FE6A
:1098B400FFF7AAFC0023184603B05DF804FB00B5CB
:1098C40083B00346ADF80630BDF80630184600F004
:1098D40057FE0346184603B05DF804FB00B583B099
:1098E4000346ADF80630BDF80630184600F0A8FE71
:1098F4000346184603B05DF804FB00B583B0034685
:10990400ADF80630BDF80630184600F0CDFE03462B
:10991400184603B05DF804FB82B00190019B4FF63A
:10992400FF721A80019BFF229A70019BFF225A73D7
:10993400019A937B23F002039373019A937B23F0A0
:1099440001039373019B00221A73019B00225A6046
:10995400019B00229A6000BF02B0704784B00346A6
:109964000091ADF80630009B1B68039313E00D4A89
:10997400039B1B0113441B88BDF806209A4207D1A0
:10998400009B039A1A60039B1B01064A134406E0DA
:10999400039B01330393039B012BE8D9002318464F
:1099A40004B07047383B002000B585B003460A4632
:1099B400ADF8063013468DF805300023029302AA51
:1099C400BDF8063011461846FFF7C8FF03900AE0B9
:1099D400029B0133029302AABDF8063011461846D1
:1099E400FFF7BCFF0390039B002B17D0039B9B78CE
:1099F4009DF805209A42EBD1039B9B7B03F0020365
:109A0400DBB2002BE4D1039B9B7B03F00103DBB2AD
:109A1400002BDDD1039B9B68002BD9D1039B1846F7
:109A240005B05DF804FB000084B0019000230393AB
:109A340010E00C4A039B1B01134408331B68019A72
:109A44009A4204D1039B1B01064A134406E0039B7C
:109A540001330393039B012BEBDD0023184604B071
:109A6400704700BF383B002008B5FF214FF6FF7058
:109A7400FFF79AFF0346184608BD000000B585B0FD
:109A84000190002303930CE0019B5A7B039BDBB200
:109A94001344DBB21946094801F06CFA039B013305
:109AA4000393019B1B7B1A46039B9342ECD30198BF
:109AB400FFF732FF00BF05B05DF804FB283B002030
:109AC40000B583B001900B46ADF8023013468DF813
:109AD4000130019B002B13D0FFF7C6FF0246019B08
:109AE4001A60019B1B68002B0CD0019B1B68BDF8FE
:109AF40002201A80019B1B689DF801209A7002E0E5
:109B040000BF00E000BF03B05DF804FB00B585B002
:109B140001900023039308E0084A039B52F8233082
:109B240001989847039B01330393039B032BF3D9B9
:109B340000BF00BF05B05DF804FB00BF48D40300BC
:109B440000B583B00023019309E0019B1B01084A7F
:109B540013441846FFF7E0FE019B01330193019B78
:109B6400012BF2D900BF00BF03B05DF804FB00BFB6
:109B7400383B002086B0039001921A460B468DF8BC
:109B84000B301346ADF80830BDF808301A46920081
:109B940013441B01ADF81630039B9DF80B209A70FB
:109BA400039B019A5A60BDF8163003339B109AB296
:109BB400039B1A8000BF06B0704700B585B00390C0
:109BC400019200930B468DF80B30009B9BB29DF8DD
:109BD4000B10019A0398FFF7CDFF00BF05B05DF8A5
:109BE40004FB000082B00190019B9B78013B072B92
:109BF40027D801A252F823F0259C0200479C0200BA
:109C0400479C0200479C0200479C02002D9C0200D6
:109C14001D9C0200359C0200019B14221A8011E055
:109C2400019B01221A800DE0019B01221A8009E0A8
:109C3400019B5B689B8809339B089AB2019B1A803D
:109C440000E000BF00BF02B0704700BF00B587B09E
:109C540001900023059302AB00221A605A60019B15
:109C64009B788DF80A30019B5B7B19463D4801F0D7
:109C74004FF90490049B002B01D103236DE0019B59
:109C84009978019B1B7B02A8049AFFF796FF02AB0D
:109C94001846FFF7A7FF019B1888019B5A68019B90
:109CA400083302A9FFF756FD0590019B9B7B03F047
:109CB4000203DBB2002B0BD0019B9B7B03F001035F
:109CC400DBB2002B04D0284B1B68013B264A1360EF
:109CD400059B862B2CD0059B862B39D8059B112BF5
:109CE40014D0059B112B33D8059B002B03D0059B67
:109CF400072B30D02CE0019A937B23F0020393735B
:109D0400019A937B23F00103937325E0164B1B68A0
:109D14000133154A1360019A937B43F00203937352
:109D2400019A937B23F0010393730023059313E0BB
:109D34000D4B1B6801330C4A1360019A937B23F08B
:109D440002039373019A937B43F00103937303E03B
:109D54000323059300E000BF059B184607B05DF898
:109D640004FB00BF283B0020583B002000B589B00D
:109D740001900198FFF76AFF0790079B002B19D009
:109D84004FF6FF73ADF80A30019B1B88ADF80C3019
:109D9400079B862B03D106238DF8083004E00723A4
:109DA4008DF80830079B049302AB1846FFF7AEFE0C
:109DB400002300E00123184609B05DF804FB00000D
:109DC40000B585B003468DF807301F4B1B68002B88
:109DD40034D0002303932DE01C4A039B1B0113443E
:109DE40008339B79C3F34003DBB2002B0ED1174A2F
:109DF400039B1B01134408339B79C3F30003DBB2B9
:109E0400002B14D09DF80730002B10D0039B1B01AE
:109E14000E4A13441846FFF7A9FF03468DF80B308A
:109E24009DF80B3083F00103DBB2002B08D1039BB8
:109E340001330393039B012BCED902E000BF00E062
:109E440000BF05B05DF804FB583B0020383B002000
:109E540000B585B0019001238DF80F3000238DF8F3
:109E64000E30019BDB681846FFF7DEFD0290019B74
:109E74001B78132B29D0132B2BDC082B02D0092B96
:109E84000BD026E0019B5B7A002B24D1029B002B94
:109E940021D00298FFF7F2FD1DE0019B5B7A002BB5
:109EA4001BD1029B002B18D0144B1B680133134A9F
:109EB4001360029B00229A60029A937B43F0020390
:109EC400937300238DF80F3007E001238DF80E30D3
:109ED40004E000BF02E000BF00E000BF9DF80F30C7
:109EE400002B02D00198FFF711FE9DF80E301846A2
:109EF400FFF766FF00BF05B05DF804FB583B002088
:109F040000B587B0FFF71CFE502302930223019390
:109F140001230093094BA02209490A4800F056FF87
:109F24000590059B002B01D0032303E0064B01227F
:109F34001A700023184607B05DF804FBFC3B0020B0
:109F44005C3B0020283B0020243B002008B5FFF7A1
:109F540097FC0346184608BD00B587B00346ADF824
:109F6400063000230393002305930023029302AADF
:109F7400BDF8063011461846FFF7F0FC04901BE0CC
:109F8400049B9A78BDF806301146184600F028F96B
:109F94000390039B002B04D0039B052B01D00323C8
:109FA4000593029B0133029302AABDF806301146C1
:109FB4001846FFF7D3FC0490049B002BE0D1059BCB
:109FC400002B10D1BDF806301846FFF761FC039052
:109FD400039B002B07D0039B072B02D10723059378
:109FE40001E003230593059B184607B05DF804FBC5
:109FF40000B583B003460092ADF806300B468DF8E9
:10A0040005309DF80510BDF806000023009AFFF7FF
:10A014009FFA0346184603B05DF804FB10B588B0F8
:10A02400029201930346ADF80E300B468DF80D30C5
:10A03400019B002B01D10E23CCE09DF80D30072BA2
:10A0440005D09DF80D30082B01D00723C2E0029BF8
:10A05400002B0DD0029B022B0AD8BDF80E301846F7
:10A06400FFF72DFC034683F00103DBB2002B01D084
:10A074000723AFE000238DF81F3000238DF81E3036
:10A084009DF80D20BDF80E3011461846FFF78CFCE4
:10A0940003460593059B002B03D101238DF81E3045
:10A0A40045E0059B1B7B1A46029B934220D9002363
:10A0B4008DF81D300EE0059B5A7B9DF81D3013442E
:10A0C400DBB21946454800F055FF9DF81D300133B9
:10A0D4008DF81D30059B1B7B9DF81D209A42EAD309
:10A0E400059B1846FFF718FC01238DF81E301EE06F
:10A0F400059B1B7B1A46029B934218D2029B8DF848
:10A104001C300EE0059B5A7B9DF81C301344DBB2D7
:10A114001946324800F02EFF9DF81C3001338DF8AB
:10A124001C30059B1B7B9DF81C209A42EAD39DF8AA
:10A134001E30002B0CD09DF80D20BDF80E1005AB81
:10A144001846FFF7BDFC059B002B01D1112341E00C
:10A15400059B5B7BFF2B13D1059C02991F4800F0E4
:10A1640072FE03466373059B5B7BFF2B05D1059B46
:10A174001846FFF7D1FB11232CE001238DF81F3083
:10A18400059B029AD2B21A73059B5B7B194613484E
:10A1940000F0BEFE0690069B002B01D1032319E0BC
:10A1A400029B9BB29DF80D10069A0198FFF7E2FC02
:10A1B4009DF81F30002B0CD09DF80D30082B08D1D2
:10A1C400019B1B889B009AB2019B5B68063A92B282
:10A1D4009A800023184608B010BD00BF283B002019
:10A1E40000B585B003460A46ADF8063013468DF82F
:10A1F4000530002303939DF80520BDF80630114671
:10A204001846FFF7D1FB0290029B002B01D10523D6
:10A2140012E0029B5B68002B0AD0029B5B68184625
:10A22400FFF786FA0390039B002B01D003230393CB
:10A234000298FFF723FC039B184605B05DF804FB66
:10A2440000B589B003460A46ADF8063013468DF8CA
:10A2540005309DF80530072B05D09DF80530082BF7
:10A2640001D0072341E0002307939DF80520BDF8A2
:10A27400063011461846FFF797FB0690069B002B05
:10A2840001D1052331E0069B5B68002B2CD1069B92
:10A294005B7B1946174800F03BFE059003AB002298
:10A2A4001A605A609DF805308DF80E30059B002B1E
:10A2B40001D1032319E0069B1B7B9DF8051003A81D
:10A2C400059AFFF77AFC03AB1846FFF78BFC069B55
:10A2D4001A1D03AB11461846FFF7FAF90790079BBE
:10A2E400092B01D1032300E0079B184609B05DF850
:10A2F40004FB00BF283B002000B585B00346ADF841
:10A3040006300B468DF805301346ADF802309DF843
:10A314000530072B05D09DF80530082B01D0072305
:10A3240019E09DF80520BDF8063011461846FFF7E0
:10A334003BFB0390039B002B01D105230BE0039B04
:10A34400BDF802201A80039B9DF805209A7003989B
:10A35400FFF77CFC0346184605B05DF804FB00B526
:10A3640083B00346ADF80630BDF806301846FFF753
:10A37400B5FA0346184603B05DF804FB00B583B094
:10A384000346ADF80630BDF806301846FFF7B5FAB7
:10A394000346184603B05DF804FB00B585B00346D8
:10A3A4000092ADF806300B468DF80530009B1B88F3
:10A3B4009B00039303AB9DF80510BDF80600009ABB
:10A3C400FFF7C6F80346184605B05DF804FB00B570
:10A3D40085B0034602910192ADF80E30BDF80E002F
:10A3E400019B00220299FFF7B5F90346184605B010
:10A3F4005DF804FB00B583B0019040220021019870
:10A4040012F090F900BF03B05DF804FB08B50748EB
:10A41400FFF7F0FF4FF48071044800F010FE4FF492
:10A424008071034800F00BFE00BF08BD003C002013
:10A43400203C002000B585B003460091ADF80630FD
:10A444004FF6FF73ADF80E30BDF806304FF6FF72CD
:10A45400934211D14FF48071009800F06FFE0346CF
:10A46400ADF80E30BDF80E30B3F5807F1CD14FF639
:10A47400FF73ADF80E3017E0BDF80630FF2B13D88C
:10A48400BDF806301946009800F0EFFD03468DF83C
:10A494000D309DF80D30002B02D0BDF8063001E0E0
:10A4A4004FF6FF73ADF80E30BDF80E30184605B008
:10A4B4005DF804FB00B583B003460091ADF80630A7
:10A4C400BDF80630FF2B05D8BDF8063019460098B4
:10A4D40000F0EEFD00BF03B05DF804FB00B583B0EF
:10A4E4000346ADF80630BDF8063004491846FFF7B8
:10A4F400A1FF0346184603B05DF804FB003C0020AE
:10A5040000B585B00346ADF80630BDF806304FF609
:10A51400FF72934201D1002311E0BDF806300A49CD
:10A524001846FFF787FF0346ADF80E30BDF80E203E
:10A53400BDF806309A420CBF01230023DBB2184653
:10A5440005B05DF804FB00BF203C002000B583B0DB
:10A554000346ADF80630BDF8063007491846FFF744
:10A56400A9FFBDF8063005491846FFF7A3FF00BF51
:10A5740003B05DF804FB00BF003C0020203C002039
:10A5840000B583B00346ADF80630BDF80630FF2BA6
:10A5940007D8BDF806301946044800F006FE034605
:10A5A40000E00023184603B05DF804FB003C0020E3
:10A5B40000B583B00346ADF80630BDF80630FF2B76
:10A5C40007D8BDF806301946044800F0EEFD0346EE
:10A5D40000E00023184603B05DF804FB203C002093
:10A5E40000B585B003460091ADF80630BDF80630DD
:10A5F4004FF6FF72934204D0BDF8063001339BB28C
:10A6040000E00023ADF80E3010E0BDF80E3019461E
:10A61400009800F0CAFD0346002B02D0BDF80E30AE
:10A624000AE0BDF80E300133ADF80E30BDF80E303F
:10A63400FF2BEAD94FF6FF73184605B05DF804FB0B
:10A6440000B583B00346ADF80630BDF806301549B1
:10A654001846FFF7C5FF0346ADF8063016E0BDF80F
:10A6640006301846FFF7A4FF034683F00103DBB26C
:10A67400002B02D0BDF8063010E0BDF806300949C1
:10A684001846FFF7ADFF0346ADF80630BDF80630B7
:10A694004FF6FF729342E2D1BDF80630184603B07C
:10A6A4005DF804FB003C002000B583B00346ADF820
:10A6B4000630BDF8063004491846FFF791FF0346FB
:10A6C400184603B05DF804FB203C002000B585B0BB
:10A6D40001900023039308E0094A039B52F82330B6
:10A6E40001989847039B01330393064B1B781A4642
:10A6F400039B9342F0DB00BF00BF05B05DF804FB91
:10A70400503C00205C3C002000B583B000230022B4
:10A714000B490C4800F0C4FA0190019B002B02D0B5
:10A72400019B052B01D1012300E0002303F0010369
:10A73400DAB2054B1A7000BF03B05DF804FB00BF2A
:10A74400483C00204C3C0020413C002000B58FB028
:10A75400019001238DF83730019B9B881846FDF743
:10A7640059FF03461A46019B5A80019B1B78083BFC
:10A77400032B00F2D58001A252F823F091A7020026
:10A784001DA8020053A80200D9A80200019B5B7A0D
:10A79400002B28D16C4B1B68002B10D0019BDA686E
:10A7A400694B1B689A420AD1674B00221A60019BCD
:10A7B4009A88664B1A80019B0022DA60B2E0644BEF
:10A7C4001B78002B00F0AE80019B9A885F4B1B889E
:10A7D4009A4240F0A780019B1B7A062B40F0A2808E
:10A7E400FFF792FF9EE0019B5B7A012B40F09A8079
:10A7F400574B1B78002B00F09580019B9A88534B94
:10A804001B889A4240F08E80019B1B7A062B40F0F5
:10A814008980FFF779FF85E0019B5B7A002B40F08C
:10A824008380494B1B68002B7ED0019BDA68464B22
:10A834001B689A4278D1444B00221A60454B1B682E
:10A84400013B444A1360019B0022DA606CE0424BF6
:10A854001B78002B31D04FF6FF70FFF780FD0346C5
:10A864001A464FF6FF739A4227D14FF6FF70FFF74F
:10A8740085FD03461A464FF6FF739A421DD1364BA7
:10A8840000221A7008AB14220021184611F04AFF66
:10A894000C238DF820304FF6FF73ADF824304FF6BB
:10A8A400FF73ADF8223000238DF837300198FFF79D
:10A8B4000DFF08AB1846FFF709FF254B1B78002B4B
:10A8C40034D0019B9A88214B1B889A422ED1FFF7E2
:10A8D4001BFF2BE0204B1B78002B29D01E4B0022A2
:10A8E4001A7003AB14220021184611F01BFF0D232C
:10A8F4008DF80C304FF6FF73ADF810304FF6FF7340
:10A90400ADF80E30019B9B68059300238DF837301A
:10A914000198FFF7DBFE03AB1846FFF7D7FE07E00D
:10A9240000BF06E000BF04E000BF02E000BF00E09B
:10A9340000BF9DF83730002B02D00198FFF7C6FE08
:10A9440000BF0FB05DF804FB443C00204C3C0020E9
:10A95400413C0020483C0020423C002000B585B02A
:10A964000190019B002B19D0019B1B78022B11D164
:10A97400019B1B7A012B0CBF012300238DF80F30A0
:10A98400019B5B88074A11789DF80F201846FCF755
:10A994008FFC00E000BF0198FFF798FE05B05DF85A
:10A9A40004FB00BF5D3C002000B583B0019001981A
:10A9B400FFF78CFE00BF03B05DF804FB00B583B065
:10A9C4000190019B1B78002B08D1019B5B88074AEF
:10A9D400117801221846FCF76BFC00E000BF0198D7
:10A9E400FFF774FE00BF03B05DF804FB5D3C00207C
:10A9F40000B583B001900091094B1B7883F00103EB
:10AA0400DBB2002B08D10198FDF70FFC019801F08F
:10AA140033FE0198FDF74EF803B05DF804FB00BF68
:10AA2400403C0020054B4FF6FF721A80044B002275
:10AA34001A60044B18221A7000BF70474C3C002067
:10AA4400443C00205D3C002000B583B0FEF75CFD73
:10AA54000190019B002B01D0032344E0FFF750FA3F
:10AA64000190019B002B01D003233CE001F0D6FDB3
:10AA74000190019B002B01D0032334E001F06EF818
:10AA84000190019B002B01D003232CE0FCF7CEFFA7
:10AA94000190019B002B01D0032324E0FDF70EF964
:10AAA4000190019B002B01D003231CE0FDF7F4FC73
:10AAB4000190019B002B01D0032314E0FFF7B2FFA8
:10AAC400FCF7A4FB03461A46094B1A70084B1B7883
:10AAD400182B01D1032306E0064B00221A70064B03
:10AAE40001221A700023184603B05DF804FB00BF6E
:10AAF4005D3C0020413C0020403C002082B001909D
:10AB04000F4B1B7883F00103DBB2002B01D0082329
:10AB140013E00C4B1B78022B01D904230DE0094BE5
:10AB24001B781946084A019B42F82130054B1B78D3
:10AB34000133DAB2034B1A700023184602B070478F
:10AB4400403C00205C3C0020503C002000B585B017
:10AB54000190094B1B7883F00103DBB2002B01D079
:10AB6400082304E0019801F053FE0390039B184668
:10AB740005B05DF804FB00BF403C002000B583B085
:10AB840003460091ADF80630009B002B05D0BDF8BC
:10AB940006300099184601F069FE00BF03B05DF865
:10ABA40004FB000008B5054B1B7883F00103DBB2FE
:10ABB400002B01D1FCF7E2FF08BD00BF403C0020A0
:10ABC40000B583B00346ADF80630094B1B7883F01B
:10ABD4000103DBB2002B01D0082305E0BDF80630E9
:10ABE4001846FDF79AFD0346184603B05DF804FBCA
:10ABF400403C002000B589B0274B1B7883F001034B
:10AC0400DBB2002B01D0082342E0244B01221A704E
:10AC14004FF6FF70FFF7A3FB0346ADF81E30BDF8F7
:10AC24001E304FF6FF7293422BD11C4B00221A7038
:10AC340001AB14220021184611F074FD0C238DF889
:10AC440004304FF6FF73ADF808304FF6FF73ADF8DC
:10AC5400063001AB1846FFF739FD12E0BDF81E308F
:10AC64001846FFF7ADFF0690069B002B01D0032387
:10AC74000EE0BDF81E301846FFF771FB0346ADF831
:10AC84001E30BDF81E304FF6FF729342E6D100230A
:10AC9400184609B05DF804FB403C0020423C00200B
:10ACA40000B58DB00390029101920093464B1B783E
:10ACB40083F00103DBB2002B01D0082380E04FF6C0
:10ACC400FF70FFF74CFB0346ADF82E3000230693CC
:10ACD40004AB00221A605A600123ADF8103006ABB1
:10ACE400059304AABDF82E3006211846FFF755FB3C
:10ACF4000A90002309934FF0FF3308934FF6FF7334
:10AD0400ADF81E304FF6FF73ADF81C300A9B072BCD
:10AD14002AD1052354E00A9B052B01D10023069375
:10AD2400069B099A9A4205D8069B0993BDF82E30D2
:10AD3400ADF81E30069B089A9A4205D9069B0893E3
:10AD4400BDF82E30ADF81C30BDF82E301846FFF794
:10AD540006FB0346ADF82E3004AABDF82E300621BA
:10AD64001846FFF71AFB0A900A9B002BD3D00A9BC4
:10AD7400052BD0D0BDF82E304FF6FF7293421CD174
:10AD840000230A93039B002B03D0039BBDF81E20D2
:10AD94001A80029B002B02D0029B099A1A60019B25
:10ADA400002B03D0019BBDF81C201A80009B002BB4
:10ADB40005D0009B089A1A6001E003230A930A9BBA
:10ADC40018460DB05DF804FB403C002000B585B08A
:10ADD4000390029101920093039B002B2ED0029BBF
:10ADE400002B2BD0009B002B28D0079B089A02FB3A
:10ADF40003F3019A9A4221D3079B0733DB08069A8F
:10AE04009A421BD3079B002B18D0089B002B15D00C
:10AE1400039B029A1A60039B009A5A60039B079A49
:10AE24009A60039B089ADA60039B5B68079A92B264
:10AE34001146184600F003F9002300E007231846E2
:10AE440005B05DF804FB00B585B001900091019B4D
:10AE5400002B07D0019B1B68002B03D0019B5B6870
:10AE6400002B01D1FF234FE0FF238DF80F30002387
:10AE74008DF80E3041E0019B5B689DF80E2092B284
:10AE84001146184600F0F1F80346002B13D09DF844
:10AE94000F30FF2B03D19DF80E308DF80F309DF845
:10AEA4000E209DF80F30D31A5A1C009B9A421FD1D2
:10AEB4009DF80F3028E09DF80F30FF2B18D09DF837
:10AEC4000F308DF80D300AE09DF80D3019460198C9
:10AED40000F050F89DF80D3001338DF80D309DF8D9
:10AEE4000D209DF80E309A42EED3FF238DF80F30DB
:10AEF4009DF80E3001338DF80E309DF80E20019B25
:10AF04009B689A42B7D3FF23184605B05DF804FB4B
:10AF140000B583B001900B468DF80330019B002BE4
:10AF240007D0019B1B68002B03D0019B5B68002B9F
:10AF340001D100231AE09DF80330FF2B15D0019BAB
:10AF44005B689DF8032092B21146184600F02DF973
:10AF54000346002B09D0019B1A689DF80330019920
:10AF6400C96801FB03F3134400E00023184603B04F
:10AF74005DF804FB00B583B001900B468DF80330F7
:10AF8400019B002B20D0019B1B68002B1CD0019B34
:10AF94005B68002B18D09DF80330FF2B14D0019B65
:10AFA4005B689DF8032092B21146184600F0FDF844
:10AFB4000346002B08D0019B5B689DF8032092B2E6
:10AFC4001146184600F074F800BF03B05DF804FBA6
:10AFD40000B585B001900B468DF8033000238DF841
:10AFE4000F30019B1A789DF803301340DBB2002B1D
:10AFF4001FD100238DF80E300DF10E03184605F015
:10B004000FFC019B1A789DF803301340DBB2002B30
:10B014000AD1019B1A789DF803301343DAB2019BDD
:10B024001A7001238DF80F309DF80E30184605F084
:10B034000DFC9DF80F30184605B05DF804FB00B513
:10B0440083B001900B46ADF80230019B002B08D071
:10B05400BDF802300733DB101A460021019811F0C5
:10B0640061FB00BF03B05DF804FB00B583B0019041
:10B074000B46ADF80230019B002B14D0BDF8023012
:10B08400DB089BB21A46019B1A44BDF8023003F058
:10B094000703012101FA03F3DBB219461046FFF757
:10B0A40097FF034600E00023184603B05DF804FB55
:10B0B40000B585B001900B46ADF80230BDF8023002
:10B0C400DB089BB28DF80F30BDF8023003F00703A4
:10B0D400012202FA03F38DF80E30019B002B29D0D4
:10B0E4009DF80F30019A13441A789DF80E301340DE
:10B0F400DBB2002B1ED000238DF80D300DF10D03B3
:10B10400184605F08DFB9DF80F30019A13441B7807
:10B114005AB29DF90E30DB435BB2134059B29DF82D
:10B124000F30019A1344CAB21A709DF80D301846B4
:10B1340005F08CFB00BF05B05DF804FB00B585B0DD
:10B1440001900B46ADF80230019B002B27D0002361
:10B15400ADF80E301DE0BDF80E30DB089BB21A4688
:10B16400019B1A44BDF80E3003F00703012101FAD4
:10B1740003F3DBB219461046FFF72AFF0346002B00
:10B1840002D0BDF80E300CE0BDF80E300133ADF83E
:10B194000E30BDF80E20BDF802309A42DBD3BDF864
:10B1A4000230184605B05DF804FB82B001900B46EE
:10B1B400ADF80230019B002B16D0BDF80230DB083D
:10B1C4009BB21A46019B13441B781946BDF8023002
:10B1D40003F00703012202FA03F30B40002B14BF10
:10B1E40001230023DBB200E00123184602B07047BC
:10B1F4007EDF704700BF18467FDF704700BF1846E8
:10B2040086DF704700BF184600B583B00346ADF82B
:10B214000630064B1A78BDF8063011461846FCF77E
:10B224001DF80346184603B05DF804FBBC2F00204C
:10B2340000B583B00346ADF80630064B1A78BDF866
:10B24400063011461846FCF709F80346184603B0C1
:10B254005DF804FBBD2F002000B583B00346ADF8B4
:10B264000630064B1A78BDF8063011461846FBF72F
:10B27400F5FF0346184603B05DF804FBBE2F00201B
:10B2840000B583B00346ADF80630064B1A78BDF816
:10B29400063011461846FBF7E1FF0346184603B093
:10B2A4005DF804FBBF2F002000B583B00346ADF862
:10B2B4000630064B1A78BDF8063011461846FBF7DF
:10B2C400CDFF0346184603B05DF804FBC02F0020F1
:10B2D40000B585B00190019B5B881846FDF7F6F830
:10B2E40003461A46019B9A800023039305E0074B0B
:10B2F40001989847039B01330393039B002BF6D0DB
:10B3040000BF00BF05B05DF804FB00BF21C402000C
:10B3140000B589B003460A46ADF8063013468DF8E9
:10B32400053003AB00221A605A609A60DA601A6131
:10B3340001238DF80C30BDF80630ADF80E309DF8C1
:10B3440005308DF8143003AB1846FFF7C1FF00BF7A
:10B3540009B05DF804FB00B589B003460091ADF86F
:10B36400063003AB00221A605A609A60DA601A61F0
:10B3740007238DF80C30BDF80630ADF80E30009B75
:10B38400059303AB1846FFF7A3FF00BF09B05DF8B0
:10B3940004FB000010B588B00446084611461A465E
:10B3A4002346ADF8063003468DF805300B46ADF85C
:10B3B400023013468DF8043003AB00221A605A6041
:10B3C4009A60DA601A6103238DF80C30BDF80630F8
:10B3D400ADF80E309DF805308DF81430BDF802300C
:10B3E400ADF816309DF804308DF81830074B1978F5
:10B3F400BDF8063000221846FBF75AFF03AB184687
:10B40400FFF766FF00BF08B010BD00BFBC2F0020CF
:10B4140000B585B00346ADF806300B46ADF80430F0
:10B4240013468DF8033000230393BDF80630184605
:10B43400FDF74CF80346ADF80A30BDF8063018465F
:10B44400FFF70AFF0346002B01D0012300E002238B
:10B454008DF80930BDF806301846FFF711FF034692
:10B46400002B06D0BDF80A301846FDF756F90390B4
:10B4740018E0BDF80A304FF6FF72934212D0BDF8BF
:10B484000A3007211846FEF7ABFE0390039B002BFE
:10B4940008D0039B052B05D0BDF806300399184648
:10B4A400FFF759FF9DF80330BDF804209DF80910FB
:10B4B400BDF80600FFF76EFF00BF05B05DF804FBA2
:10B4C40000B583B00346ADF806300B46ADF8043042
:10B4D40013468DF803309DF80330BDF80420BDF801
:10B4E40006000021FFF756FF00BF03B05DF804FB20
:10B4F40000B583B00346ADF806300B46ADF8043012
:10B5040013468DF80330BDF806301846FFF77CFE6D
:10B514000346002B1AD0BDF806301846FFF788FE04
:10B524000346002B09D09DF80320BDF80410BDF894
:10B5340006301846FFF76CFF08E09DF80320BDF8BD
:10B544000410BDF806301846FFF7BAFF00BF03B079
:10B554005DF804FB00B583B00346ADF806300B4636
:10B564008DF8053013468DF804301E4B19789DF87C
:10B574000520BDF806301846FBF79AFE9DF8053005
:10B58400002B2BD0184B19789DF80430002B14BFD6
:10B5940001230023DAB2BDF806301846FBF788FE13
:10B5A400124B19789DF80430012B0CBF01230023A2
:10B5B400DAB2BDF806301846FBF77AFE0C4B197860
:10B5C400BDF8063000221846FBF772FE9DF80420F1
:10B5D400BDF8063011461846FFF79AFE00BF03B0C7
:10B5E4005DF804FBBC2F0020BD2F0020BE2F0020DF
:10B5F400BF2F002010B584B00446084611461A46F1
:10B604002346ADF806300346ADF804300B468DF8FA
:10B61400033013468DF802309DF80330002B14D00C
:10B624009DF80230002B1AD00E4B1978BDF8063065
:10B6340001221846FBF73CFEBDF80420BDF8063095
:10B6440011461846FDF754F809E09DF80230002B26
:10B6540005D0BDF804301846FDF75FF8039000BF2D
:10B6640004B010BDBF2F002000B589B001900023A5
:10B674000793019B0C331846FCF7A1FF0346ADF872
:10B684001A30BDF81A304FF6FF72934208D1019B6D
:10B694001B881846FCF71AFF0346ADF81A3007E07A
:10B6A400019B1B88BDF81A2011461846FDF720F8A7
:10B6B400019B1B88002201211846FFF74BFFBDF8B0
:10B6C4001A304FF6FF72934222D002AABDF81A3004
:10B6D40007211846FEF78CFC0590059B002B17D11B
:10B6E400039B34330493049B1B7C03F00103DBB200
:10B6F400002B0BD1049B03F11202019B0C3319465E
:10B704001046FCF733FF0346002B01D0049B07933C
:10B71400019B1888002300220799FFF771FD05900B
:10B72400059B002B0ED0019B1888BDF81A1000232E
:10B734000022FFF75FFF019B1B8805991846FFF75E
:10B744000AFE13E0079B002B10D1019B1888BDF85B
:10B754001A1000230022FFF74DFF019B1B880022D3
:10B7640041F206011846FFF7ABFE00BF00BF09B067
:10B774005DF804FB00B589B00346ADF8063003ABB1
:10B7840014220021184610F0CDFF04238DF80C304C
:10B79400BDF80630ADF80E3003AB1846FFF798FD40
:10B7A40000BF09B05DF804FB00B583B00346009107
:10B7B400ADF80630064B1978009B1A78BDF80630B0
:10B7C4001846FBF775FD00BF03B05DF804FB00BF2E
:10B7D400C02F002000B585B00190019B1B793D2B43
:10B7E40002D141F23D0301E04FF48853ADF80E302D
:10B7F400019B1B88BDF80E1000221846FFF778FE47
:10B8040000BF05B05DF804FB00B589B003460091A4
:10B81400ADF8063003AB00221A605A609A60DA6011
:10B824001A6105238DF80C30BDF80630ADF80E30E2
:10B83400009B059303AB1846FFF74AFD00BF09B010
:10B844005DF804FB00B583B00190019B1B8818468A
:10B85400FBF782FC0346012B0FD1019B1888019B47
:10B864001B7903F00103DBB2002B01D0012300E0BC
:10B8740002231A460121FFF76DFE019B1A88019BE2
:10B88400043319461046FFF7BFFF00BF03B05DF84D
:10B8940004FB000000B591B0019000230D93019BBF
:10B8A4001B88ADF83230BDF832301846FBF754FC33
:10B8B40003468DF83130BDF832301846FCF706FEE9
:10B8C4000346ADF82E30BDF82E30ADF83E300023DF
:10B8D4008DF83D30624B1978BDF83230002218469D
:10B8E400FBF7E6FC9DF83130002B00F0B580019B9E
:10B8F4005B7903F00403DBB2002B00F083804FF686
:10B90400FF73ADF83A3001238DF83D3007ABBDF835
:10B914002E0001220721FEF781FB0D900D9B002BC9
:10B9240009D0BDF832300D991846FFF714FD0023F5
:10B934008DF83D3008E0089B4FF6FF711846FCF780
:10B9440081FD0346ADF83A30BDF83A304FF6FF7248
:10B95400934229D0BDF83A30ADF83E30BDF83E20D0
:10B96400BDF8323011461846FCF7C2FEBDF832303D
:10B974001846FFF799FC034683F00103DBB2002B62
:10B9840012D0BDF832301846FFF7F4FEBDF832305D
:10B994001846FFF789FC034683F00103DBB2002B52
:10B9A40002D000238DF83D309DF83D30002B14D09B
:10B9B400BDF83E20BDF82E3007211846FEF79CFC4A
:10B9C4000D900D9B002B08D0BDF832300D99184610
:10B9D400FFF7C1FC00238DF83D30BDF83A304FF637
:10B9E400FF7293421CD0BDF832301846FFF748FC72
:10B9F4000346002B14D0BDF82E301846FCF78DFEFC
:10BA040009900DE0BDF832301846FFF739FC0346C3
:10BA1400002B05D0BDF82E301846FCF77EFE0A90A8
:10BA240002238DF80830BDF83230ADF80A30019B9E
:10BA34005B7903F00403DBB2002B01D0012300E0A7
:10BA440002238DF810309DF83D308DF8113002AB93
:10BA54001846FFF73DFC00E000BF11B05DF804FBA1
:10BA6400BC2F002000B583B00190019B1888019B76
:10BA74001B791946019B5B79C3F30103DBB21A46B8
:10BA8400FFF736FD00BF03B05DF804FB00B583B0DB
:10BA94000190019B1B79002B03D10198FFF7FAFE5B
:10BAA40003E00198FFF7DEFF00BF00BF03B05DF8BD
:10BAB40004FB000000B589B00190019B1B88184667
:10BAC400FFF7B6FB034683F00103DBB2002B2CD057
:10BAD400019B1B881846FBF771FB034683F00103A7
:10BAE400DBB2002B08D0019B1B88012241F2060126
:10BAF4001846FFF7E5FC18E0019B1B880D4A1178F6
:10BB040000221846FBF7D4FB02238DF80C30019B6E
:10BB14001B88ADF80E3000238DF8143000238DF807
:10BB2400153003AB1846FFF7D3FB00BF09B05DF82F
:10BB340004FB00BFBC2F002000B583B00190019B23
:10BB44001B78182B05D1FBF761FB03461A46019BB2
:10BB54001A7000BF03B05DF804FB000008B5154877
:10BB6400FFF7EAFF1448FFF7E7FF1448FFF7E4FF85
:10BB74001348FFF7E1FF1348FFF7DEFF0D4B1B7877
:10BB8400182B0FD00C4B1B78182B0BD00B4B1B789E
:10BB9400182B07D00A4B1B78182B03D0094B1B78A2
:10BBA400182B01D1032303E0074B01221A70002351
:10BBB400184608BDBC2F0020BD2F0020BE2F00203A
:10BBC400BF2F0020C02F00205E3C002000B589B0AC
:10BBD40001930346ADF80E300B46ADF80C30134616
:10BBE4008DF80B300A9B002B01D103234AE005ABEF
:10BBF400BDF80C0001220721FEF710FA0790079BFD
:10BC0400112B3ED0079B002B02D00323079338E06F
:10BC1400069B50220021184610F084FD069B9DF8D7
:10BC24000B201A70069B03F134020A9B1A600A9BCC
:10BC3400019ADA60069B03F118020A9B1A61069BBB
:10BC44005A1C0A9B5A610A9B104ADA61069B03F14B
:10BC54001102BDF80E3011461846FCF75BFC079044
:10BC6400079B002B01D003230CE0BDF80C30072107
:10BC74001846FEF7E5FA0790079B052B01D103232D
:10BC840000E0079B184609B05DF804FB603C002007
:10BC940000B593B0034604910392ADF81630BDF895
:10BCA40016301846FBF758FA03468DF83D304FF628
:10BCB400FF73ADF846300023109300238DF83F3016
:10BCC400BDF816301846FFF7DBFA03468DF83E3010
:10BCD40007AB20220021184610F024FD9DF83D30CA
:10BCE400012B07D1554B1978BDF8163000221846A0
:10BCF400FBF7DEFA9DF83D30002B02D143F202033C
:10BD040097E0049B002B03D185238DF83F3060E03E
:10BD1400049B1B7803F00103DBB2002B04D1039BCB
:10BD24000A93474B0E9354E0BDF816301846FCF7BF
:10BD3400CDFB0346ADF84630BDF846304FF6FF72F2
:10BD4400934211D1FEF702F90346ADF84630BDF82F
:10BD540046304FF6FF72934203D001238DF83E30F4
:10BD640024E00323109321E09DF83D30012B1DD1E5
:10BD7400BDF816301846FFF797FA034683F001031F
:10BD8400DBB2002B12D0BDF816301846FFF7F2FCD8
:10BD9400BDF816301846FFF787FA034683F001030F
:10BDA400DBB2002B02D085238DF83F309DF83F3065
:10BDB400852B0ED0109B002B0BD19DF83D20BDF898
:10BDC4004610BDF8160007AB0093039BFFF7FEFE79
:10BDD4001090109B002B16D19DF83D30012B09D1FA
:10BDE40007AB9DF83F10BDF81600049AFFF704FA5C
:10BDF400109008E007AB9DF83F10BDF81600002234
:10BE0400FFF7FAF91090109B002B05D19DF83F30F5
:10BE1400002B01D1012300E0002303F00103DAB277
:10BE24009DF83E30BDF84610BDF81600FFF7E2FB62
:10BE3400109B184613B05DF804FB00BFC02F002010
:10BE4400603C002000B585B003460091ADF8063093
:10BE540000230393009B002B06D0BDF80630009905
:10BE64001846FFF7C5F90390039B184605B05DF823
:10BE740004FB00B585B003460091ADF806301346C7
:10BE84008DF80530BDF806301846FBF765F9034612
:10BE94008DF80F309DF80F30012B07D1BDF8063017
:10BEA40000991846FFF7CEFF034601E043F2020370
:10BEB400184605B05DF804FB00B583B00190019B02
:10BEC4001B88113B092B35D801A252F823F000BF7F
:10BED400FDBE020039BF020009BF020015BF020007
:10BEE40039BF020039BF020039BF020039BF020066
:10BEF40021BF02002DBF0200019B04331846FFF747
:10BF040069FC17E0019B04331846FFF79BFC11E022
:10BF1400019B04331846FFF7A7FB0BE0019B043396
:10BF24001846FFF7B3FD05E0019B04331846FFF7FD
:10BF3400C1FD00BF00BF03B05DF804FB82B00190F7
:10BF4400019B002B14BF01230023DBB2184602B06F
:10BF54007047000000B585B001900023039305E00D
:10BF6400064B01989847039B01330393039B002BD3
:10BF7400F6D000BF00BF05B05DF804FB61A9020064
:10BF840000B585B003460091ADF8063013468DF830
:10BF9400053000238DF80F3000238DF80E30009B00
:10BFA400862B06D100238DF80E3001238DF80F3037
:10BFB4000FE0009B112B06D101238DF80E300023D6
:10BFC4008DF80F3005E000238DF80E3000238DF836
:10BFD4000F309DF80530002B22D01C4B19789DF8AA
:10BFE4000F20BDF806301846FBF762F9184B197894
:10BFF4009DF80E20BDF806301846FBF759F9154B8D
:10C004001978BDF8063000221846FBF751F9124B97
:10C014001978BDF8063000221846FBF749F911E0FB
:10C024000C4B19789DF80F20BDF806301846FBF725
:10C034003FF9094B19789DF80E20BDF806301846D3
:10C04400FBF736F900BF05B05DF804FBC62F0020EE
:10C05400C52F0020C22F0020C12F002000B58BB0B7
:10C06400034602910192ADF80E30029B002B45D09D
:10C07400029B112B42D0029B082B3FD005AB002220
:10C084001A605A609A60DA601A61BDF80E30ADF831
:10C094001630BDF80E301846FCF718FA0346ADF812
:10C0A4001830029B0D2B19D103238DF81430019BFA
:10C0B400002B08D0019B1B7803F00103DBB2002B9B
:10C0C40001D0012300E002238DF81C3000238DF8F9
:10C0D400203041F20113ADF81E300BE0029B862B99
:10C0E40003D106238DF8143004E007238DF81430AF
:10C0F400029B079305AB1846FFF72CFF00BF0BB05C
:10C104005DF804FB00B58BB0034602910192ADF8D3
:10C114000E3005238DF81430BDF80E30ADF816300E
:10C12400BDF80E301846FCF7D1F90346ADF81830C7
:10C13400029B0793019B089305AB1846FFF70AFF80
:10C1440000BF0BB05DF804FB10B487B0019003ABE3
:10C1540000221A605A609A60074B1B680393019B84
:10C164001C4603AB93E8070084E80700019807B076
:10C174005DF8044B704700BFAC3C002010B588B09C
:10C184000446084611461A462346ADF806300346CF
:10C194008DF805300B468DF8043013468DF80330C6
:10C1A4009DF80530002B02D0002306931CE002AB5F
:10C1B4001846FFF7C9FF02AABDF806300021184649
:10C1C400FFF7A0FF029B06934B4B1B7883F0010300
:10C1D400DBB2002B08D09DF8113083F00103DBB2F1
:10C1E400002B01D0052384E09DF80420BDF806301F
:10C1F40006991846FFF73DFE0590BDF8063000226B
:10C2040005991846FFF7BCFE059B43F202029342D0
:10C214005DD0059B43F2020293425BD8059B112B30
:10C224002AD8059B112B55D801A252F823F000BF40
:10C23400D3C20200D9C20200D9C20200D9C202008C
:10C24400D9C20200D9C20200D9C20200D9C2020076
:10C25400D3C20200D9C20200D9C20200D9C202006C
:10C26400D9C20200D3C20200D9C20200D9C202005C
:10C27400D9C2020085C20200059B862B15D029E095
:10C284001E4B19789DF80520BDF806301846FBF7BB
:10C294000FF81B4B19789DF80420BDF8063018469A
:10C2A400FBF706F80023079317E0144B19789DF861
:10C2B4000520BDF806301846FAF7FAFF104B197836
:10C2C4009DF80420BDF806301846FAF7F1FF059BE7
:10C2D400079302E00323079300BF9DF80330002B6C
:10C2E40006D0BDF80630069A05991846FFF7B6FE43
:10C2F400079B184608B010BDB03C0020C42F002096
:10C30400C32F002000B587B003460091ADF8063076
:10C3140002AB1846FFF718FF02AABDF806300099D1
:10C324001846FFF7EFFE02990C4B1A68BDF8063069
:10C334001846FFF7ADFC0590BDF8063001220599BB
:10C344001846FFF71DFE029ABDF8063005991846F7
:10C35400FFF784FE00BF07B05DF804FBB43C002087
:10C3640000B583B00190019B5A88019B9B681946D4
:10C374001046FFF7C7FF00BF03B05DF804FB0000E1
:10C3840000B585B0019000238DF80F301C4B1B685D
:10C39400002B03D101238DF80F3024E0194B1B78B7
:10C3A40003F00103DBB2002B14BF01230023DBB233
:10C3B4001A46019B1B7A9A4203DA01238DF80F3047
:10C3C40011E0104B1B7803F00203DBB2002B14BF07
:10C3D40001230023DBB21A46019B5B7A9A4202DAFC
:10C3E40001238DF80F30019B58889DF80F1001230D
:10C3F4000022FFF7C3FE029000BF05B05DF804FB06
:10C40400AC3C0020A43C002000B583B0019001980E
:10C41400FFF7A0FD00BF03B05DF804FB00B583B0D7
:10C424000190019B1B78052B02D0122B04D006E04F
:10C434000198FFF795FF06E00198FFF7A1FF019827
:10C44400FFF7E2FF00BF00BF03B05DF804FB00008C
:10C4540000B599B003468DF807309DF807301846AB
:10C46400FAF750FF16901698FFF768FD0346002B65
:10C474004CD003AB1846FAF7B7FE0023179341E0FC
:10C48400179B5B0060336B4433F8503C9DF80720E6
:10C4940011461846FAF7E2FE03468DF857309DF828
:10C4A4005730002B2BD0179B5B0060336B4433F861
:10C4B400503C184A127811461846FAF7CFFE034644
:10C4C4008DF85630179B5B0060336B4433F8503C57
:10C4D400114A127811461846FAF7C0FE03468DF841
:10C4E4005530179B5B0060336B4433F8500C9DF858
:10C4F40056209DF855100123FFF740FE1490179B1A
:10C5040001331793039B179A9A42B9D300BF19B00A
:10C514005DF804FBC32F0020C42F002000B597B0A2
:10C5240003468DF807309DF807301846FAF7EAFEFF
:10C5340014901498FFF702FD0346002B2AD002AB97
:10C544001846FAF751FE002315931FE0159B5B0074
:10C5540058336B4433F84C3C9DF807201146184679
:10C56400FAF77CFE03468DF84F309DF84F30002BD0
:10C5740009D0159B5B0058336B4433F84C3C0021C5
:10C584001846FFF7BFFE159B01331593029B159ABE
:10C594009A42DBD300BF17B05DF804FB00B583B04B
:10C5A4000190019B1B780B2B02DC082B0CDA16E0A4
:10C5B400132B14D10C4B1B781846FFF7AFFF0B4B12
:10C5C4001B781846FFF744FF094B1B781846FFF702
:10C5D400A5FF084B1B781846FFF73AFF00E000BFA1
:10C5E40000BF03B05DF804FBC62F0020C22F00205B
:10C5F400C52F0020C12F002000B583B00190019BFE
:10C604001B78182B05D1FAF701FE03461A46019B45
:10C614001A7000BF03B05DF804FB000008B50F48B2
:10C62400FFF7EAFF0E48FFF7E7FF0E48FFF7E4FFC6
:10C634000D48FFF7E1FF0D48FFF7DEFF0C48FFF759
:10C64400DBFF0B4B1B78182B01D1032303E0094BB1
:10C6540001221A700023184608BD00BFC12F002014
:10C66400C22F0020C32F0020C42F0020C52F00207C
:10C67400C62F0020A03C002000B583B00190019893
:10C68400FFF71AFC044B1B781846FFF7E1FE00BFC6
:10C6940003B05DF804FB00BFC12F002082B00190FD
:10C6A400019B002B01D10023AEE0019B1B7803F01A
:10C6B4000203DBB2002B08D1019B1B7823F07F031C
:10C6C400DBB2002B01D000239EE0019B1B78C3F357
:10C6D4000213DBB2042B01D9002395E0019B1B78E4
:10C6E40003F00203DBB2002B0FD0019B1B7803F095
:10C6F4007003DBB2302B08D1019B1B7823F07F033E
:10C70400DBB2002B01D100237EE0019B5A78019B10
:10C714009B789A4201D9002376E0019B5B78062B33
:10C7240001D8002370E0019B9B78102B01D90023D2
:10C734006AE0019BDB7803F00403DBB2002B06D133
:10C74400019B1B7903F00403DBB2002B01D000230F
:10C754005AE0019BDB7803F00803DBB2002B06D11F
:10C76400019B1B7903F00803DBB2002B01D00023EB
:10C774004AE0019B1B7803F00103DBB2002B1DD1BF
:10C78400019BDB7803F00103DBB2002B14D1019B86
:10C79400DB7803F00203DBB2002B0DD1019B1B7984
:10C7A40003F00103DBB2002B06D1019B1B7903F0DC
:10C7B4000203DBB2002B01D0002325E0019B1B7890
:10C7C40003F00103DBB2002B1DD0019BDB7803F0E7
:10C7D4000103DBB2002B16D1019BDB7803F00203CB
:10C7E400DBB2002B0FD1019B1B7903F00103DBB2F9
:10C7F400002B08D1019B1B7903F00203DBB2002B51
:10C8040001D1002300E00123184602B07047000064
:10C8140000B583B00190019B002B07D1104B00227F
:10C824001A60104B01221A70002314E00198FFF7DC
:10C8340035FF0346002B0DD00B4B019A106818608E
:10C8440012791A71064B084A1A60064B01221A70B3
:10C85400002300E00723184603B05DF804FB00BF83
:10C86400AC3C0020B03C0020A43C002000B583B0C8
:10C8740003460091ADF80630BDF80630009918461D
:10C88400FEF792FF00BF03B05DF804FBA0DF704722
:10C8940000BF1846A2DF704700BF1846A3DF7047E9
:10C8A40000BF1846A4DF704700BF1846A6DF7047D4
:10C8B40000BF184682B001900091009B9A88019BAA
:10C8C4005A8200BF02B0704782B001900091019B70
:10C8D4004FF6FF725A8200BF02B0704700B585B0B0
:10C8E40001900091019B1B7D83F00103DBB2002BBF
:10C8F40026D1009B06330393039B1A88019B5B8913
:10C904009A4220D1039B5B89022B1CD1019B1B689B
:10C91400002B17D0039B0C331846FAF720FD03466F
:10C92400002B03D000238DF8083002E001238DF89A
:10C934000830019B1B6802AA11460198984702E03F
:10C9440000BF00E000BF05B05DF804FB00B585B092
:10C9540001900091009B002B1ED0019B002B1BD04B
:10C96400009B0393019B1B88502B10D0502B15DC8C
:10C97400102B02D0112B05D010E001990398FFF77A
:10C9840099FF0CE001990398FFF79EFF07E00199D6
:10C994000398FFF7A3FF02E000BF00E000BF05B06B
:10C9A4005DF804FB00B595B001900091019B1B7DDF
:10C9B400002B1ED00AAB0322002118460FF0B2FE52
:10C9C4009DF82830012262F303038DF828309DF886
:10C9D4002830012262F307138DF82830009B5B7B1B
:10C9E4008DF829309DF82A30012262F342038DF834
:10C9F4002A300BAB1C22002118460FF093FE9DF841
:10CA04002C3043F002038DF82C30019B1A7D9DF8E5
:10CA14002C3062F304138DF82C3000230C93002384
:10CA24000E9300230F93019B1B7D002B01D00AABB7
:10CA340000E0002310930023119301238DF812309A
:10CA440042F61923ADF8103003AB03220021184637
:10CA54000FF068FE009B9B7B8DF80C30009BDB7B0A
:10CA64008DF80D309DF80E30012262F342038DF8EB
:10CA74000E309DF80E3023F008038DF80E309DF82B
:10CA84000E3023F010038DF80E309DF80E3023F095
:10CA940001038DF80E30009B1B7B8DF80B3005AB2A
:10CAA4001422002118460FF03DFE04AB059303AB9E
:10CAB40006930123ADF81C300023ADF81E3001238A
:10CAC400ADF820300DF10B030993019B9888019B6D
:10CAD400063305AA0BA9FFF7DDFE1390139B002B69
:10CAE40001D0139B6EE0009B9B68002B66D0012352
:10CAF4008DF8123042F60813ADF8103003AB032260
:10CB0400002118460FF00EFE009B1B7C8DF80C30A4
:10CB14009DF80D3023F00F038DF80D309DF80D3086
:10CB240023F0F0038DF80D309DF80E30012262F3EE
:10CB340042038DF80E309DF80E3023F008038DF873
:10CB44000E309DF80E3023F010038DF80E309DF852
:10CB54000E3023F001038DF80E30009B9A6802AB6F
:10CB640011461846FAF712FC03468DF84B3005AB14
:10CB74001422002118460FF0D5FD04AB059303AB36
:10CB840006939DF84B309BB2ADF81C300023ADF8F2
:10CB94001E30BDF81C30ADF8203002AB0993019B68
:10CBA400D888019B03F10E0205AB1946FFF776FE08
:10CBB4001390139B002B04D0139B03E0019B0022D2
:10CBC400DA810023184615B05DF804FB00B585B082
:10CBD40001900091019B002B02D0009B002B01D1FE
:10CBE4000E2327E0009B1A68019B1A60019B4FF6F5
:10CBF400FF725A82009B1A79019B1A75019BFF22CE
:10CC04001A7401238DF80A3041F60F03ADF8083089
:10CC1400019B1A1D02AB19460120FFF737FE039052
:10CC2400039B002B01D0039B04E000990198FFF7BC
:10CC3400B9FE0346184605B05DF804FB00B58BB099
:10CC440001900B468DF80330019B002B01D10E237C
:10CC540054E000230993019B1A7C9DF803309A4207
:10CC64004BD007AB0822002118460FF05BFD0123CF
:10CC7400ADF81C300023ADF81E300DF1030308930A
:10CC8400019B588A019BDB8807AA1946FFF70AFE15
:10CC94000990099B002B0AD19DF80320019B1A746B
:10CCA400019B5B8A4FF6FF72934224D001E0099BFB
:10CCB40024E0019B1B7D002B1DD003AB102200211F
:10CCC40018460FF02FFD019BDB88ADF80C300123D3
:10CCD4008DF80E30BDF81E30ADF8103007AB05935B
:10CCE400089B0693019B5B8A03AA11461846FFF72B
:10CCF400DDFD099001E008230993099B18460BB058
:10CD04005DF804FB82B003460091ADF80630BDF82F
:10CD14000630DAB2009B1A70BDF806301B0A9AB2CC
:10CD2400009B0133D2B21A700223184602B0704736
:10CD3400A0DF704700BF1846A2DF704700BF184647
:10CD440000B585B001900091009B002B14BF012316
:10CD54000023DBB20393039B002B04D1354A4D21FE
:10CD6400002002F0B7FD019B002B14BF0123002318
:10CD7400DBB20293029B002B04D12E4A4E210020E9
:10CD840002F0A8FD009BD3E90023D2B2019B1A70E4
:10CD9400009BD3E900014FF000024FF00003020AA8
:10CDA40042EA01620B0A01990131D3B20B70009B74
:10CDB400D3E900014FF000024FF00003020C42EAF5
:10CDC40001420B0C01990231D3B20B70009BD3E9E1
:10CDD40000014FF000024FF00003020E42EA01226C
:10CDE4000B0E01990331D3B20B70009BD3E9000100
:10CDF4004FF000024FF000030A00002301990431B0
:10CE0400D3B20B70009B9A68019B0533D2B21A709F
:10CE1400009B9B681A0A019B0633D2B21A70009BCE
:10CE24009B681A0C019B0733D2B21A7000BF05B07D
:10CE34005DF804FB58D4030000B587B0019000915D
:10CE440000238DF81730009B002B14BF012300230F
:10CE5400DBB20493049B002B04D1314A65210020EA
:10CE640002F038FD019B002B14BF01230023DBB229
:10CE74000393039B002B04D1294A6621002002F06E
:10CE840029FD9DF817305A1C8DF817201A46019B6E
:10CE94001344009A12781A70009B58889DF8173032
:10CEA400019A13441946FFF72DFF03461A469DF8CD
:10CEB400173013448DF81730009B98889DF817306D
:10CEC400019A13441946FFF71DFF03461A469DF8BD
:10CED400173013448DF81730009BD8889DF817300D
:10CEE400019A13441946FFF70DFF03461A469DF8AD
:10CEF400173013448DF817309DF81730072B0CBFEB
:10CF040001230023DBB20293029B002B04D1044AC9
:10CF14006E21002002F0DEFC00BF07B05DF804FBC8
:10CF240058D4030000B595B0029101930346ADF8BF
:10CF34000E301346ADF80C30029B002B14BF0123B6
:10CF44000023DBB21393139B002B04D13D4A8721AA
:10CF5400002002F0BFFCBDF80C30002B14BF0123ED
:10CF64000023DBB21293129B002B04D1354A882193
:10CF7400002002F0AFFC0AAB1C22002118460FF07F
:10CF8400D1FB9DF8283043F002038DF828300023AC
:10CF94000B9300230D9300230E9300230F93002380
:10CFA400109301238DF84630BDF80E30ADF84430AF
:10CFB40004AB0322002118460FF0B4FB019B1B783D
:10CFC4008DF81030019B5B788DF811309DF812308C
:10CFD400012262F342038DF812309DF8123023F0DF
:10CFE40008038DF812309DF8123023F010038DF8E9
:10CFF40012309DF8123023F001038DF8123005AB86
:10D004001422002118460FF08DFB11AB059304ABDD
:10D014000693BDF80C30ADF81C300023ADF81E307B
:10D02400BDF80C30ADF82030029B0993064B1888EC
:10D0340005AA0AA9169BFFF77FFE0346184615B0FA
:10D044005DF804FB58D40300B83C002000B58BB055
:10D05400039001238DF8223041F60A03ADF8203005
:10D0640008AB724A19460120FFF762FE0990099B3A
:10D07400002B01D0099BD4E0039B1B88002B11D00B
:10D08400039B5968039B1A88039B3C3368480090B0
:10D0940042F62920FFF746FF0990099B002B01D097
:10D0A400099BBEE0039B1B89002B11D0039BD9680D
:10D0B400039B1A89039B3C335E48009042F624206C
:10D0C400FFF730FF0990099B002B01D0099BA8E0D2
:10D0D400039B1B8A002B11D0039B5969039B1A8A5B
:10D0E400039B3C335448009042F62520FFF71AFF77
:10D0F4000990099B002B01D0099B92E0039B1B8B99
:10D10400002B11D0039BD969039B1A8B039B3C33DF
:10D114004A48009042F62720FFF704FF0990099B34
:10D12400002B01D0099B7CE0039B1B8C002B11D0AE
:10D13400039B596A039B1A8C039B3C334048009021
:10D1440042F62620FFF7EEFE0990099B002B01D042
:10D15400099B66E0039B1B8D002B11D0039BD96AAE
:10D16400039B1A8D039B3C333648009042F62820DB
:10D17400FFF7D8FE0990099B002B01D0099B50E0D2
:10D18400039B1B6B002B16D0039B1A6B06AB11463B
:10D194001846FFF7D5FD039B3C3306A92A4A0092A3
:10D1A400082242F62320FFF7BDFE0990099B002BBD
:10D1B40001D0099B35E0039B5B6B002B15D0039BCF
:10D1C4005B6B1968039B5B6B1B791846039B3C33B1
:10D1D4001E4A0092024642F62A20FFF7A3FE099057
:10D1E400099B002B01D0099B1BE0039B9B6B002B2D
:10D1F40016D0039B9A6B04AB11461846FFF71CFE2E
:10D20400039B3C3304A9124A0092072242F65020A1
:10D21400FFF788FE0990099B002B01D0099B00E0D1
:10D22400002318460BB05DF804FB00BFB83C002097
:10D23400BC3C0020C43C0020CC3C0020D43C00205A
:10D24400DC3C0020E43C0020EC3C0020F43C0020CA
:10D25400FC3C0020A0DF704700BF1846A2DF7047E7
:10D2640000BF1846A6DF704700BF184662DF70474C
:10D2740000BF184682B001900091009B9A88019BE0
:10D284009A8200BF02B0704782B001900091019B66
:10D294004FF6FF729A8200BF02B0704700B589B0A2
:10D2A40001900091009B06330793019B0493079B15
:10D2B4001A88019B1B899A421ED1079B5B89022B0A
:10D2C4001AD1079B0C331846FAF749F80346002B8A
:10D2D40006D0019B01229A7502238DF80C3005E0DB
:10D2E400019B00229A7503238DF80C30019B9B69E6
:10D2F40003AA1046984718E0079B1A88019B9B894C
:10D304009A4212D1019B9B69002B0ED0079B0C33D0
:10D314000593079B5B89ADF8183000238DF80C301A
:10D32400019B9B6903AA1046984700BF09B05DF8AA
:10D3340004FB00B593B0019000910AAB03220021D5
:10D3440018460FF0EFF99DF82830012262F3030329
:10D354008DF828309DF82830012262F307138DF8E8
:10D3640028309DF82930012262F303038DF8293017
:10D374009DF82930012262F307138DF829309DF8B6
:10D384002A30012262F342038DF82A300BAB1C22AF
:10D39400002118460FF0C6F99DF82C3043F0100315
:10D3A4008DF82C3000230C9300230E9300230F934D
:10D3B4000AAB109300231193019B1B788DF8123054
:10D3C4000323ADF8103003AB0322002118460FF0FD
:10D3D400A9F99DF80C30012262F303038DF80C3097
:10D3E4009DF80C30012262F307138DF80C309DF880
:10D3F4000D30012262F303038DF80D309DF80D30DA
:10D40400012262F307138DF80D309DF80E300122CE
:10D4140062F342038DF80E309DF80E3023F00803BA
:10D424008DF80E309DF80E3023F010038DF80E3079
:10D434009DF80E3043F001038DF80E3005AB142235
:10D44400002118460FF06EF904AB059303AB069365
:10D454000123ADF81C300023ADF81E30F423ADF8E1
:10D464002030019B5888019B043305AA0BA9FFF7C0
:10D47400F5FE0346184613B05DF804FB00B591B001
:10D484000190009109AB1C22002118460FF04AF9C3
:10D494009DF8243043F008038DF824309DF824309F
:10D4A40043F004038DF8243000230A9300230C93E3
:10D4B40000230D9300230E9300230F93019B1B78ED
:10D4C4008DF80E300223ADF80C3002AB032200219C
:10D4D40018460FF027F99DF80830012262F3030380
:10D4E4008DF808309DF80830012262F307138DF897
:10D4F40008309DF80930012262F303038DF80930E6
:10D504009DF80930012262F307138DF809309DF864
:10D514000A30012262F342038DF80A309DF80A3082
:10D5240023F008038DF80A309DF80A3023F0100325
:10D534008DF80A309DF80A3043F001038DF80A3063
:10D5440004AB1422002118460FF0ECF803AB04934B
:10D5540002AB05930123ADF818300023ADF81A305F
:10D56400F423ADF81C30019B5888019B0C3304AAAA
:10D5740009A9FFF773FE0346184611B05DF804FBD2
:10D5840000B589B001900091009B002B33D0019B22
:10D59400002B30D0009B0793019B1B88572B19D07D
:10D5A400572B2ADC502B10D0502B26DC102B02D00A
:10D5B400112B05D021E001990798FFF75BFE1DE0D0
:10D5C40001990798FFF760FE18E001990798FFF7A3
:10D5D40065FE13E003AB00221A605A609A60DA60B9
:10D5E40001238DF80C30079B0493079B9B6903AAC6
:10D5F4001046984702E000BF00E000BF09B05DF8A4
:10D6040004FB000010B588B001900091284B02ACD7
:10D614000FCB84E80F00019B002B01D10E2344E0C3
:10D62400009B002B01D10E233FE0019B4FF6FF72BC
:10D634009A82009B1A68019B9A61019B00229A7549
:10D64400019A02AB11461846FFF710FE0790079B9C
:10D65400002B01D0079B28E0019B1B788DF81A3022
:10D664000123ADF81830019B9A1C06AB1946012022
:10D67400FFF7F0FD0790079B002B01D0079B14E0F8
:10D6840000990198FFF7FAFE0790079B002B01D041
:10D69400079B0AE000990198FFF74BFE0790079B50
:10D6A400002B01D0079B00E00023184608B010BDF2
:10D6B400B4D4030000B589B0039002910192039B96
:10D6C400002B01D10E232DE0039B9B8A4FF6FF72A2
:10D6D400934206D0039B9B7D83F00103DBB2002BB6
:10D6E40001D008231EE0019B1B88F42B01D90723DA
:10D6F40018E004AB1022002118460FF013F8039B26
:10D704009B88ADF81030029B0793019B069301237D
:10D714008DF81230039B9B8A04AA11461846FFF722
:10D72400A1FD0346184609B05DF804FB82B00190E0
:10D73400019B9B6893F84131C3F34003DBB2002B98
:10D7440014BF01230023DBB2184602B07047000067
:10D75400024B1B681B0ADBB21846704790ED00E0D1
:10D7640082B00190019B03F47C130193019BB3F5F8
:10D77400A01F6BD0019BB3F5A01F69D8019BB3F523
:10D78400801F63D0019BB3F5801F61D8019BB3F563
:10D79400702F59D0019BB3F5702F59D8019BB3F565
:10D7A400402F51D0019BB3F5402F51D8019BB3F5C5
:10D7B400302F47D0019BB3F5302F49D8019BB3F5E7
:10D7C400002F3FD0019BB3F5002F41D8019BB3F547
:10D7D400E02F39D0019BB3F5E02F39D8019BB3F585
:10D7E400C02F31D0019BB3F5C02F31D8019BB3F5C5
:10D7F400A02F25D0019BB3F5A02F29D8019BB3F509
:10D80400802F1BD0019BB3F5802F21D8019BB3F54A
:10D81400403F17D0019BB3F5403F19D8019BB3F5A6
:10D82400003F0FD0019BB3F5003F11D8019B002BA3
:10D8340004D0019BB3F5803F02D009E00D4B16E004
:10D844000D4B14E00D4B12E00D4B10E00D4B0EE0B0
:10D85400019B03F40013002B08D0019B03F48023E5
:10D86400002B01D0064B02E0044B00E0064B1846A7
:10D8740002B07047CCD40300E8D40300FCD4030006
:10D8840004D5030018D5030020D5030082B001900D
:10D89400019B1B0E03F00703072B21D801A252F8AA
:10D8A40023F000BFC9D80200CDD80200D1D80200AD
:10D8B400D5D80200D9D80200DDD80200E1D8020090
:10D8C400E1D80200084B0CE0084B0AE0084B08E0E2
:10D8D400084B06E0084B04E0084B02E0084B00E06C
:10D8E400084B184602B0704744D503004CD50300DA
:10D8F40054D503005CD5030064D503006CD5030044
:10D9040074D503007CD5030000B589B0039002915F
:10D9140001920093029B0693FFF71AFF0590019B67
:10D924005A1E019B1340002B02D1019B1F2B01D8CF
:10D9340007234CE0019B5A1E069B1340002B01D089
:10D94400072344E0009B9BB2002B01D007233EE059
:10D9540000238DF813300DF11303184602F060FF15
:10D96400002307931CE01C4A079B93601A4B1B6916
:10D9740003F00103002B0FD1174A069BD360019BD0
:10D98400B3FA83F3C3F11E035A00009B1343124AF4
:10D9940043F00103136107E000BF079B01330793C2
:10D9A400079A059B9A42DED39DF81330184602F07D
:10D9B4004DFF079A059B9A4201D3042307E0BFF366
:10D9C4004F8F00BF079BDAB2039B1A7000231846DF
:10D9D40009B05DF804FB00BF90ED00E010B584B021
:10D9E40003468DF807309DF80740FFF7B1FE034664
:10D9F4009C4201D307231AE000238DF80F300DF168
:10DA04000F03184602F00CFF0A4A9DF80730936092
:10DA1400084B00221A61074B0022DA609DF80F3090
:10DA2400184602F013FFBFF34F8F00BF00231846C0
:10DA340004B010BD90ED00E086B00190019BDB0CBA
:10DA440003F007030593019B5B0C03F001030493AC
:10DA5400019B1B0C03F001030393019B03F47C1350
:10DA64000193019BB3F5A01F62D0019BB3F5A01FE6
:10DA740066D8019BB3F5801F5AD0019BB3F5801F74
:10DA84005ED8019BB3F5702F52D0019BB3F5702F74
:10DA940056D8019BB3F5402F4AD0019BB3F5402FD4
:10DAA4004ED8019BB3F5302F48D0019BB3F5302FEE
:10DAB40046D8019BB3F5002F3AD0019BB3F5002F54
:10DAC4003ED8019BB3F5E02F32D0019BB3F5E02F94
:10DAD40036D8019BB3F5C02F2AD0019BB3F5C02FD4
:10DAE4002ED8019BB3F5A02F22D0019BB3F5A02F14
:10DAF40026D8019BB3F5802F1AD0019BB3F5802F54
:10DB04001ED8019BB3F5403F16D0019BB3F5403FAF
:10DB140016D8019BB3F5003F0CD0019BB3F5003F31
:10DB24000ED8019B002B03D0019BB3F5803F07D196
:10DB3400104B1BE0104B19E0104B17E0104B15E095
:10DB4400059B032B10D9059B9B0003F00C02049B3F
:10DB54005B0003F002031A43039B03F00103134326
:10DB6400084A52F8233001E000BF074B184606B0BC
:10DB7400704700BF44D5030084D503008CD503004F
:10DB840094D50300C82F00207CD5030000B58DB0C8
:10DB94000590049103920598FFF7C8FD0346002BF6
:10DBA40005D000220021059807F05CFF83E0FFF711
:10DBB400CFFD0A90414B5B6803F00103002B01D0B9
:10DBC4003F4A00E03F4A0A9B009313463E4A08211D
:10DBD400059807F017FE00230B9368E000238DF8E7
:10DBE4001B300DF11B03184602F01AFE334A0B9B3F
:10DBF4009360324B1B690993304BDB6808939DF8A3
:10DC04001B30184602F022FE099B03F00103002B8F
:10DC140006D10B9B2D4A0821059807F0F3FD43E03C
:10DC24000B9B2B4A0821059807F0ECFD099B5B0828
:10DC340003F01F030133012202FA03F30793089A46
:10DC4400079B1344013B079A01920093089B214AC6
:10DC54000821059807F0D6FD0998FFF717FE03463B
:10DC64001D4A0821059807F0CDFD0998FFF778FDB6
:10DC740003461A4A0821059807F0C4FD0998FFF7DE
:10DC8400DBFE0346164A0821059807F0BBFD099BF5
:10DC940003F08053002B01D0124B00E0124B134AC7
:10DCA4000821059807F0AEFD0B9B01330B930B9AEB
:10DCB4000A9B9A4292D30DB05DF804FB90ED00E00C
:10DCC400A0D50300A8D50300B4D50300E4D5030010
:10DCD400FCD5030014D6030044D6030054D6030035
:10DCE40064D6030078D603007CD6030080D60300F4
:10DCF40000B58DB0059004910392FFF729FD0A90B9
:10DD04000598FFF713FD0346002B05D000220021E0
:10DD1400059807F0A7FE3DE0204B1B68204A082128
:10DD2400059807F06FFD1D4B5B681E4A0821059896
:10DD340007F068FD00230B9328E000238DF81F30C3
:10DD44000DF11F03184602F06BFD144A0B9B936000
:10DD5400124B1B690993114BDB6808939DF81F3024
:10DD6400184602F073FD089B00930B9B0E4A082192
:10DD7400059807F047FD099B00930B9B0B4A08216C
:10DD8400059807F03FFD0B9B01330B930B9A0A9BFD
:10DD94009A42D2D30DB05DF804FB00BF90ED00E0D1
:10DDA40094D60300A8D60300BCD60300D8D603003B
:10DDB40000B587B0059004910392049B012B05D014
:10DDC4000598FFF7B3FC0346002B05D00022002181
:10DDD400059807F047FE0BE0039B1A68039B043386
:10DDE4001B6800931346044A0221059807F00AFDB4
:10DDF40007B05DF804FB00BFF0D6030010B586B091
:10DE0400294A2A4B7F3323F07F0380339A4203D875
:10DE140027494320F5F79EFA264B0593234B7F337E
:10DE240023F07F0319460DF10F00059B8022FFF7B5
:10DE34006BFD0490049B002B1FD11F4B5B68022BCE
:10DE44002DD91D4B1B881B0443F00300174B7F3354
:10DE540023F07F02154B7F3323F07F0303F17F010F
:10DE6400114C124B7F3323F07F03E31A803B009362
:10DE74000B4612490CF03DFB11E00F4B5B68002B85
:10DE84000DD00D4B1B881B0443F0010404980AF0C9
:10DE9400EDFF0346049A0A4920460CF016FB049B46
:10DEA400184606B010BD00BF0000012000F8002095
:10DEB40028D8030000002917102F002094D803004D
:10DEC400D0D8030082B003468DF807309DF80730A0
:10DED40003F01F0206499DF907305B09012000FA8F
:10DEE40002F2203341F8232000BF02B0704700BF84
:10DEF40000E100E082B001904FF08042019BC2F843
:10DF0400043300BF02B0704782B001904FF08042EA
:10DF1400019BC2F8083300BF02B0704782B00346C9
:10DF24008DF807309DF8073003F1804301221A6011
:10DF340000BF02B0704784B00346ADF80630BDF8A8
:10DF4400063003F1804300221A60BDF8063003F165
:10DF540080431B680393039B00BF04B0704782B0E7
:10DF64000346ADF80630BDF8063003F180431B6864
:10DF7400002B14BF01230023DBB2184602B0704704
:10DF840082B003468DF807309DF807304FF0804289
:10DF940003F00303C2F8183500BF02B070474FF016
:10DFA4008043D3F818341B0C03F00103002B14BF77
:10DFB40001230023DBB218467047000082B00346F9
:10DFC4008DF807300A4A9DF907305B0952F823207F
:10DFD4009DF8073003F01F0322FA03F303F0010353
:10DFE400002B14BF01230023DBB2184602B0704794
:10DFF40000E100E008B50020FFF7E0FF034683F0EE
:10E004000103DBB2002B03D00721002000F020FA2B
:10E0140000BF08BD08B54FF48270FFF78CFF0220E3
:10E02400FFF768FF0820FFF779FF00BF08BD000075
:10E0340008B50DF025FE034683F00103DBB2002B87
:10E0440003D109498420F5F785F90C20FFF766FF11
:10E0540000BFFFF7A4FF0346002BFAD1034B0022B5
:10E064009A7000BF08BD00BF08D90300043D00201A
:10E0740000B583B000230193134B1B78002B02D00F
:10E08400852301931BE0104B00229A600E4B002263
:10E094005A600D4B00221A610B4B0022DA60FFF725
:10E0A400A9FF0DF0EDFD034683F00103DBB2002B65
:10E0B40002D00120FFF764FF034B01221A70019B79
:10E0C400184603B05DF804FB043D002084B00190C1
:10E0D4000091019B1B68039306E0039A009B9A42FC
:10E0E4000DD0039B1B680393039B002BF5D1019B6D
:10E0F4001A68009B1A60019B009A1A6000E000BF36
:10E1040004B0704784B00190019B1B680393039B88
:10E11400002B03D0039B1A68019B1A60039B1846CB
:10E1240004B0704700B585B00190294B1B78002BD3
:10E1340003D12849FB20F5F70DF9254B9B78DBB279
:10E14400002B19D0019B002B03D0019B5B6801209D
:10E15400984700238DF80F300DF10F03184602F095
:10E164005FFB1B4BDB680133194AD3609DF80F300A
:10E17400184602F06BFB1EE000238DF80E300DF103
:10E184000E03184602F04CFB019B002B03D00199AF
:10E194001148FFF79BFF0E4BDB68002B01D1FFF703
:10E1A40039FF0B4BDB680133094AD3609DF80E300D
:10E1B400184602F04BFB064BDB68002B04D10549E3
:10E1C40040F21710F5F7C6F800BF05B05DF804FB80
:10E1D400043D002008D90300143D002000B583B09D
:10E1E400164B1B78002B04D115494FF48E70F5F7AC
:10E1F400B1F8124BDB68002B04D1114940F21D1019
:10E20400F5F7A8F800238DF807300DF10703184639
:10E2140002F006FB094BDB68013B084AD360074B5D
:10E22400DB68002B01D1FFF703FF9DF80730184688
:10E2340002F00CFB00BF03B05DF804FB043D0020BA
:10E2440008D9030000B585B003468DF807309DF862
:10E254000730002B02D10C4B039301E00B4B0393CB
:10E264000398FFF74FFF0290029B002B06D0029BFE
:10E274005B689DF8072010469847F1E700BF00BF90
:10E2840005B05DF804FB00BF0C3D0020143D0020E8
:10E2940008B54FF48070FFF762FE0346002B0CD0E4
:10E2A4004FF48070FFF747FE0120FFF72DFE0E4B61
:10E2B40001225A700020FFF7C5FF4FF48270FFF768
:10E2C4004EFE0346002B0CD04FF48270FFF733FE52
:10E2D4000220FFF719FE044B01229A700120FFF778
:10E2E400B1FF00BF08BD00BF043D002000B583B0EE
:10E2F40001900091019B002B02D10020FFF7A2FFA7
:10E3040000BF03B05DF804FB00B585B0034600917F
:10E314008DF807309DF80730032B29D0032B37DC09
:10E32400002B02D0012B04D032E00020FFF7CAFDFD
:10E334002FE000238DF80F300DF10F03184602F083
:10E344006FFA164B1B7883F00103DBB2002B01D06C
:10E35400FFF78EFE114BDB680133104AD3600F4B7D
:10E3640001229A709DF80F30184602F06FFA10E0FF
:10E374000A4B1B78002B04D1094940F25B20F4F7C7
:10E38400E9FF0721002000F063F8FFF727FF00E012
:10E3940000BF00BF05B05DF804FB00BF043D0020D2
:10E3A40008D9030082B003468DF807309DF8073082
:10E3B40003F01F0205499DF907305B09012000FAAB
:10E3C40002F241F8232000BF02B0704700E100E0F0
:10E3D40082B003468DF807309DF8073003F01F0222
:10E3E40006499DF907305B09012000FA02F2603307
:10E3F40041F8232000BF02B0704700BF00E100E0F5
:10E4040082B0034600918DF807309DF90730002B48
:10E414000CDA009BDAB20C499DF8073003F00F03C5
:10E42400043B5201D2B20B441A7609E0009BDAB2E3
:10E4340006499DF907305201D2B20B4483F80023F8
:10E4440000BF02B0704700BF00ED00E000E100E053
:10E4540000B583B003460A468DF8073013468DF89D
:10E4640006309DF80630012B03D99DF80630032BA6
:10E474000CD99DF80630042B03D99DF80630072BE0
:10E4840004D90D494FF49270F4F764FF9DF8062007
:10E494009DF9073011461846FFF7B2FF9DF9073082
:10E4A4001846FFF795FF9DF907301846FFF77AFFE6
:10E4B40000BF03B05DF804FB60D9030000B583B06E
:10E4C4000346ADF80630BDF80630184600F026F8CD
:10E4D40003461B68012B0CBF01230023DBB2184643
:10E4E40003B05DF804FB00B585B00346ADF8063013
:10E4F400BDF80630184600F011F803461A4600230A
:10E504001360BDF80630184600F008F803461B688F
:10E514000393039B00BF05B05DF804FB82B0034680
:10E52400ADF80630BDF8063003F1804303F5C0436F
:10E53400184602B07047000082B00190034A019B64
:10E54400C2F8043300BF02B0704700BF006000404F
:10E5540082B00190034BD3F80423019B1340184667
:10E5640002B070470060004082B00190084A019BED
:10E5740003F5A27352F82330054943F00102019BCD
:10E5840003F5A27341F8232000BF02B0704700BF17
:10E594000060004084B00390029113468DF8073068
:10E5A400144A039B03F5A27352F82330114923F450
:10E5B400473323F44073039A02F5A27241F82230E0
:10E5C4000C4A039B03F5A27352F82320029B1B02FF
:10E5D40003F4F8519DF807301B0403F440330B4354
:10E5E40004491A43039B03F5A27341F8232000BF97
:10E5F40004B070470060004082B00190054A019B5E
:10E6040003F5A27352F823301B0A03F01F031846C4
:10E6140002B070470060004082B00190064A019B3E
:10E6240003F5A27352F823301B0C03F00303DBB28F
:10E63400184602B0704700BF0060004000B583B0C8
:10E644000190019B1B681F2B04D905494FF4E87006
:10E65400F4F780FE4FF0A043184603B05DF804FBC6
:10E66400BCD9030000B585B00190084611461A468E
:10E6740003468DF803300B468DF8023013468DF8AF
:10E68400013001AB1846FFF7D9FF03909DF8032032
:10E694009DF802305B001A439DF801309B001A4339
:10E6A4009DF818301B0242EA03019DF81C301B043C
:10E6B400019A1943039B02F5E07243F8221000BF4C
:10E6C40005B05DF804FB00B585B003900B468DF8EA
:10E6D4000B309DF80B3000220192002200920022A0
:10E6E40000210398FFF7BEFF00BF05B05DF804FBEF
:10E6F40000B585B0019001AB1846FFF79FFF03906A
:10E70400019A039B02F5E07253F8223023F00203CE
:10E714000293019A039B02F5E072029943F82210D6
:10E7240000BF05B05DF804FB00B585B001900B4651
:10E734008DF8033001AB1846FFF780FF0390019A70
:10E74400039B02F5E07253F82230019A23F440311E
:10E75400039B02F5E07243F82210019A039B02F531
:10E76400E07253F822109DF803301B04019A1943F8
:10E77400039B02F5E07243F8221000BF05B05DF878
:10E7840004FB00B585B0019001AB1846FFF756FFB6
:10E794000390039800F020F80246019B22FA03F349
:10E7A40003F00103184605B05DF804FB00B585B01D
:10E7B400019001AB1846FFF741FF0390019A039BB8
:10E7C40002F5E07253F822301B0C03F00303DBB2B2
:10E7D400184605B05DF804FB82B00190019BD3F8A4
:10E7E4001035184602B0704700B587B00390029107
:10E7F40001924FF0A0430493039A029B1344012B0C
:10E8040004D912494FF43A70F4F7A4FD039B05931D
:10E8140011E0059B9B0018336B4453F8083C1846E1
:10E82400FFF7DAFF0246019B1A60019B0433019350
:10E83400059B01330593039A029B1344059A9A425C
:10E84400E7D300BF00BF07B05DF804FBBCD90300E9
:10E8540084B001900091009B0393019BDB08029319
:10E86400019B03F0070301930122019B02FA03F3C6
:10E874000399029A0A4412781340184604B0704768
:10E8840084B001900091009B0393019BDB080293E9
:10E89400019B03F007030193039A029B13441B7823
:10E8A4005AB20121019B01FA03F35BB2134359B23B
:10E8B400039A029B1344CAB21A7000BF04B0704793
:10E8C40082B001900C4A019B1344303393F9003019
:10E8D400002B09DB084A019B1344303393F90030C1
:10E8E400072B01DC012300E0002303F00103DBB26A
:10E8F400184602B0704700BF183D002082B0019056
:10E90400064A019B1344303393F90030072BCCBFE4
:10E9140001230023DBB2184602B07047183D0020E3
:10E9240082B00190064A019B1344303393F90030BE
:10E93400DB43DBB2DB09DBB2184602B0704700BF31
:10E94400183D002084B00390029101928DF80330A9
:10E95400029B59B20E4A039B134430330A461A7081
:10E964000B49029B019A41F823209DF8033083F060
:10E974000103DBB2002B08D0029B083B039A51B27F
:10E98400034A13440A4683F8502000BF04B070477A
:10E99400183D002082B00190044A019B1344303397
:10E9A400FF221A7000BF02B0704700BF183D00205C
:10E9B40082B00190044A019B1344303393F9003030
:10E9C400184602B0704700BF183D002082B0019085
:10E9D400034A019B52F82330184602B0704700BF27
:10E9E400183D002000B589B00390029113468DF8BC
:10E9F4000730FF238DF81F309DF80730002B01D01E
:10EA0400002300E0082305939DF80730002B01D074
:10EA1400082300E00C230493059B069314E00F4A9B
:10EA2400069B52F82330B3F1FF3F0AD19DF807301B
:10EA3400029A06990398FFF785FF069B8DF81F300D
:10EA440006E0069B01330693069A049B9A42E6D39A
:10EA54009DF91F30184609B05DF804FB183D0020ED
:10EA640082B003468DF807309DF80730094A4FF00D
:10EA7400FF3142F823109DF80730072B07D99DF882
:10EA84000730083B034A1344FF2283F8502000BF99
:10EA940002B07047183D002000B583B0214B93F8B5
:10EAA4005430002B03D008230093009B36E000234E
:10EAB4008DF8073009E09DF807301846FFF76AFF24
:10EAC4009DF8073001338DF807309DF807301F2B70
:10EAD400F1D900238DF8073009E09DF80730184676
:10EAE400FFF7BEFF9DF8073001338DF807309DF81E
:10EAF40007300B2BF1D907210620FFF7A9FC4FF4AF
:10EB0400BE70FFF7F0FC4FF00040FFF715FD054B1A
:10EB1400012283F8542000230093009B184603B07D
:10EB24005DF804FB183D0020044B93F85430002B8F
:10EB340014BF01230023DBB218467047183D0020A0
:10EB440000B587B0039002910192039B1F2B04D957
:10EB54002B4940F2F710F4F7FDFB002305930398CB
:10EB6400FFF7DEFE0346002B02D00823059342E0A4
:10EB7400029BDB781A4601990398FFF733FF03469B
:10EB84008DF813309DF91330B3F1FF3F31D0029B60
:10EB94009B78002B03D00398FFF7AAFD05E0029BA6
:10EBA4005B7819460398FFF78EFD029BDB78002BF8
:10EBB40008D09DF91300029B1B781A460399FFF7AE
:10EBC400E9FC18E09DF91330083B0E4A134493F90D
:10EBD4005010029B1B785BB29B015AB29DF9133013
:10EBE400083B0A4351B2074A13440A4683F85020AB
:10EBF40001E004230593059B184607B05DF804FB68
:10EC040000DA0300183D002000B589B001900B46DE
:10EC14008DF80330019B1F2B04D93D4940F2252078
:10EC2400F4F798FB0198FFF77BFE0346002B04D111
:10EC3400374940F22620F4F78DFB0198FFF75EFE7A
:10EC44000346002B2FD00198FFF7B2FE0346083B82
:10EC5400304A134493F950308DF80F309DF80F303B
:10EC64009B098DF80E309DF80E30032B0BD10198C3
:10EC7400FFF787FD0346002B01D0032300E00223A6
:10EC84008DF81F3008E09DF80E30012B01D10223CE
:10EC940000E003238DF81F309DF81F3019460198BA
:10ECA400FFF742FD30E00198FFF70AFE0346002B10
:10ECB4002AD00198FFF77CFE03460693069B9BB27D
:10ECC40040339BB29B00ADF81630069B1846FFF705
:10ECD4004BFCBDF816301846FFF705FC9DF80330D1
:10ECE400002B11D00198FFF763FE03461846FFF787
:10ECF4006DFE0490049B002B06D00122069B02FAB1
:10ED040003F31846FFF718FC00BF09B05DF804FBD5
:10ED140000DA0300183D002000B583B00190019B88
:10ED24001F2B04D9084940F27220F4F713FB019811
:10ED3400FFF727FD0346002B14BF01230023DBB29A
:10ED4400184603B05DF804FB00DA030000B597B081
:10ED540000231093002304934FF48073ADF84E30D6
:10ED6400012312930023119321E0BDF84E3018467D
:10ED7400FFF7A4FB0346002B0ED01298FFF7E8FB25
:10ED84000346002B08D0BDF84E301846FFF7ABFB06
:10ED9400109A129B13431093129B5B001293BDF8BD
:10EDA4004E300433ADF84E30119B01331193119B57
:10EDB400072BDAD94FF4BE70FFF780FB0346002B14
:10EDC4000DD04FF4BE70FFF78EFB109B43F0004351
:10EDD400109304AB1A4601210020FFF705FD109B98
:10EDE400DBB2002B29D0012312930023119321E0DD
:10EDF400129A109B1340002B16D01198FFF7FCFBBE
:10EE04000E901198FFF708FC03468DF837301198DF
:10EE1400FFF7DCFD0C900C9B002B05D09DF83720F0
:10EE24000C9B11460E989847129B5B001293119B02
:10EE340001331193119B072BDAD9109B002B80F21D
:10EE4400EE8000238DF8573000230393002314939E
:10EE54000AE0149B9B0058336B444FF0FF3243F895
:10EE6400502C149B01331493149B002BF1D00023DA
:10EE74008DF857300023119378E06B4A119B1344AB
:10EE8400503393F900308DF82F309DF82F3023F054
:10EE9400C0030A93644A119B1344503393F900301E
:10EEA400B3F1FF3F5FD002AB19460A98FFF7D0FCDD
:10EEB4000346002B57D09DF82F309B098DF827303F
:10EEC4000A98FFF775FD03461846FFF77FFD089083
:10EED400089B002B03D19DF82730032B43D19DF8C9
:10EEE4002730032B04D103AB19460A98FFF7C8FC5B
:10EEF4000A98FFF75BFC03468DF81F3004AB1946F4
:10EF04000A98FFF7A5FC0690069B002B03D09DF8FA
:10EF14001F30022B06D0069B002B24D19DF81F30F6
:10EF2400032B20D19DF82730032B13D19DF81F30DC
:10EF3400022B01D1032300E002238DF817309DF842
:10EF4400173019460A98FFF7EFFB9DF85730013345
:10EF54008DF85730089B002B05D09DF82720089B7F
:10EF640011460A989847119B01331193119B032B67
:10EF740083D99DF85730002B4CD001238DF83F30B6
:10EF840001AB1A4601210020FFF72EFC0023149345
:10EF940014E0149B9B0058336B4453F8542C149B7B
:10EFA4009B0058336B4453F8483C9A4203D00023E7
:10EFB4008DF83F3005E0149B01331493149B002B10
:10EFC400E7D09DF83F30002B03D000238DF8573055
:10EFD40020E0002314931AE0149B9B0058336B44E5
:10EFE40053F8542C149B9B0058336B4443F8482C1F
:10EFF400149B9B0058336B4453F84C2C149B9B007C
:10F0040058336B4443F8502C149B01331493149BD2
:10F01400002BE1D09DF85730002B7FF428AF00BFC0
:10F0240017B05DF804FB00BF183D002084B00190C8
:10F034000B46ADF80230BDF80230019A13440022A9
:10F044001A60BDF80230019A13441B680393039BB2
:10F0540000BF04B0704782B001900B46ADF8023097
:10F06400BDF80230019A13441B68002B14BF01231E
:10F074000023DBB2184602B0704782B001900091C1
:10F08400019BD3F80423009B1340002B14BF0123DE
:10F094000023DBB2184602B0704782B001900091A1
:10F0A400019B009AC3F8082300BF02B0704784B0E4
:10F0B4000190019BD3F880340393019B039AC3F816
:10F0C4008024039B184604B0704782B00190019BD2
:10F0D400D3F81835DBB2184602B0704782B00190FD
:10F0E4000B468DF803309DF80320019BC3F81C25C3
:10F0F40000BF02B0704782B001900B468DF8033018
:10F104009DF80330019A134401221A6000BF02B033
:10F11400704784B001900B46ADF80230BDF8023060
:10F12400019A134400221A60BDF80230019A134474
:10F134001B680393039B00BF04B0704782B0019027
:10F144000B46ADF80230BDF80230019A13441B6837
:10F15400002B14BF01230023DBB2184602B0704712
:10F1640082B001900091019BD3F80022009BDB4305
:10F174001A40019BC3F8002200BF02B0704784B05C
:10F184000190019BD3F880340393019B039AC3F845
:10F194008024039B184604B0704782B00190019B01
:10F1A400D3F84C35184602B0704782B00190019BE9
:10F1B400D3F83C35184602B0704700B585B00190CD
:10F1C40000914FF48E710198FFF730FF009B9B680C
:10F1D400009A928A92B213441B788DF80F30009BE8
:10F1E4009B8A9BB201339AB2009B9A829DF80F309E
:10F1F40019460198FFF772FF00BF05B05DF804FBE4
:10F2040010B582B001900091009BDB7D002B08D1EA
:10F214004FF484710198FFF709FF0198FFF755FF38
:10F2240016E04FF484710198FFF700FF009BDB6840
:10F23400009A527ED2B29C180198FFF746FF03460B
:10F244002370009B5B7EDBB20133DAB2009B5A76FB
:10F2540002B010BD00B589B003900B4601928DF841
:10F264000B3001238DF810309DF80B308DF81830D9
:10F27400019B0593039B5B68039A116804AA1046DB
:10F28400984700BF09B05DF804FB00B587B0019052
:10F294000B468DF8033000238DF808309DF80330B9
:10F2A4008DF81030019B9B680393019B00229A7593
:10F2B400019B5B68019A116802AA1046984700BF37
:10F2C40007B05DF804FB00B589B0019000914FF4DC
:10F2D40000710198FFF7D1FE0346002B39D04FF49B
:10F2E40092710198FFF7B7FE0346002B31D04FF41B
:10F2F40092710198FFF79AFE4FF401710198FFF79C
:10F30400CCFE009B9B7E83F00103DBB2002B03D079
:10F3140004210198FFF7EFFE02238DF808300198CD
:10F32400FFF7C5FE03460593009BDB7D8DF8103087
:10F33400009BDB680393009B0022DA75009B00228C
:10F344001A76009B5B68009A116802AA10469847D7
:10F3540056E004210198FFF790FE0346002B4FD09E
:10F364004FF484710198FFF776FE0346002B47D0D3
:10F3740000990198FFF744FF009BDA7D009B5B7EB8
:10F38400DBB29A423CD1009B1B7E002B1CD0009B1D
:10F39400DB680793009B5B7E8DF81B30009B1A7E15
:10F3A400009BDA75009B1A69009BDA60009B0022BF
:10F3B4001A76009B00225A769DF81B30079A19464C
:10F3C4000098FFF747FF1BE0009B9B7E83F001033F
:10F3D400DBB2002B03D004210198FFF78CFE4FF41D
:10F3E40001710198FFF759FE009B0022DA75009B1A
:10F3F4005B7ED9B2009BDB681A460098FFF72AFFB0
:10F404004FF48E710198FFF726FE0346002B1AD0A5
:10F41400009B9B8A9BB2009A927D934204D20099EE
:10F424000198FFF7CAFE0EE04FF48E710198FFF7C2
:10F43400FDFD009B9B7D002B05D0009B9B7D194609
:10F444000098FFF722FF4FF4A2710198FFF703FE23
:10F454000346002B1CD04FF4A2710198FFF7E6FD80
:10F46400009B9B7E002B03D000210198FFF743FEF5
:10F47400009BDB7D002B0BD0009B0022DA75009BE8
:10F484005B7ED9B2009BDB681A460098FFF7E2FE68
:10F4940000BF09B05DF804FB00B589B0019000918C
:10F4A4004FF492710198FFF749FE0346002B24D0D4
:10F4B4004FF492710198FFF72CFE02238DF8083067
:10F4C4000198FFF75CFE034605930198FFF76DFE74
:10F4D4000346DBB28DF81030009BDB680393009B7E
:10F4E4000022DA75009B00221A76009B5B68009A62
:10F4F400116802AA1046984741E04FF488710198B8
:10F50400FFF71CFE0346002B39D04FF48871019895
:10F51400FFF7FFFD0198FFF748FE03468DF81F3003
:10F52400009BDB7D9DF81F209A4228D1009B1B7E07
:10F53400002B19D0009BDB68069320210198FFF76C
:10F544000FFE009B1A7E009BDA75009B1A69009BD4
:10F55400DA60009B00221A769DF81F30069A19463D
:10F564000098FFF777FE0AE0009B0022DA75009B03
:10F57400DA689DF81F3019460098FFF76BFE4FF4C8
:10F58400A2710198FFF7DAFD0346002B16D04FF461
:10F59400A2710198FFF7BDFD009BDB7D002B0DD010
:10F5A400009B0022DA750198FFF7FFFD0346D9B2EC
:10F5B400009BDB681A460098FFF74CFE4FF49071ED
:10F5C4000198FFF7BBFD0346002B11D04FF4907157
:10F5D4000198FFF79EFD009B9B7D002B08D00198AE
:10F5E400FFF7DBFD0346DBB219460098FFF74DFE3B
:10F5F40000BF09B05DF804FB08B5074B1B7F002B67
:10F6040004D005490548FFF747FF03E002490348D2
:10F61400FFF759FE00BF08BD703D002000200040E8
:10F6240000B589B0019000238DF81F3051E02E4BB6
:10F634001A689DF81F30DB0013440693069B1B7861
:10F644001A46012393400593284B1A68059B1340DF
:10F65400002B39D0059BDA43244B1B681340234A03
:10F664001360069B1B781846FFF756FB03468DF87C
:10F674001330069B1B781A46012393401A461C4BF1
:10F684001B6813409DF81320069909788A40934219
:10F694001AD19DF81330069A5278012A0CBF012220
:10F6A4000022D2B293420CBF01230023DBB20393A6
:10F6B400069B5B68002B07D0069B5B68069A127852
:10F6C4000399C9B2104698479DF81F3001338DF84D
:10F6D4001F30084B1B789DF81F209A42A7D300BF08
:10F6E40000BF09B05DF804FB903D0020C03D002040
:10F6F400BC3D0020943D002000B585B001900B4630
:10F704008DF803300122019B02FA03F303931E4B8D
:10F71400184600F0E9FF0290029B002B30D11B4BEE
:10F724001A68039B1340002B22D10198FFF7F4FAC7
:10F734000346002B06D0164B1A68039B1343144A46
:10F74400136006E0039BDA43114B1B681340104A15
:10F7540013600E4B1A68039B13430C4A13600A4848
:10F764000C4B1B680022194600F08CFF029008E045
:10F77400039BDA43054B1B681340044A136000E003
:10F7840000BF05B05DF804FB9C3D0020C03D002097
:10F79400BC3D0020983D002000B589B003900B4685
:10F7A40001928DF80B30019B042B01D8072351E003
:10F7B400FFF7BAF9034683F00103DBB2002B07D04D
:10F7C400FFF76AF90790079B002B01D0079B41E0E4
:10F7D400224A039B1360224A9DF80B301370214A7E
:10F7E400019B1360204B00221A60204B00221A60F8
:10F7F40023E09DF80B30DB00039A134406930323A4
:10F804008DF8143000238DF8153000238DF8163050
:10F8140000238DF81730069B9B788DF81530069BD6
:10F824001B78184605AB124A1946FFF789F9079069
:10F83400079B002B01D0079B0CE09DF80B305A1E50
:10F844008DF80B20002BD4D10A4A00210A4800F07D
:10F85400E9FE0346184609B05DF804FB903D00201C
:10F86400943D0020983D0020BC3D0020C03D002078
:10F87400FDF6020025F60200F8DA030000B583B0B5
:10F88400114B1B68002B03D11049B620F3F762FD1E
:10F89400002301930CE00C4B1A68019BDB0013441A
:10F8A4001B7801211846FFF7AFF9019B013301933F
:10F8B400074B1B781A46019B9342ECD3002318464E
:10F8C40003B05DF804FB00BF903D0020FCDA0300A8
:10F8D400943D002000B589B0039002910192029BEF
:10F8E4009BB2ADF81430019B0693039B079305ABC1
:10F8F4001A46002144F2010000F052F800BF09B09A
:10F904005DF804FB86B003900291019201238DF807
:10F9140017309DF81730214A039B13601F4A029B3E
:10F9240053601E4A019B9360039B44F2010293427D
:10F9340013D0039B44F20202934222D1019B174A43
:10F94400D360164BDB681B881A46144B9A61134B21
:10F95400DB685B68114AD36113E0019B0F4A1361B2
:10F964000E4B1B699B680D4A53610C4B1B691B882A
:10F974001A460A4B9A61094B1B695B68074AD361B3
:10F9840000BF72B600BF00BF9DF81730DBB2002B7A
:10F99400FAD162B600BF00BF06B07047C43D002074
:10F9A40030B589B00590049103920BF079F80AF010
:10F9B400DDFD0346002BFAD1059B44F2020293427B
:10F9C40033D0059B44F20202934264D8059B44F26F
:10F9D400010293423DD0059B44F2010293425AD85E
:10F9E400059B012B05D0059B41F2010293420ED0E9
:10F9F40051E03C4B5B68002B5CD03A4B1B881B04EA
:10FA040043F00103384918460AF040FD52E0354BF3
:10FA14005B68002B50D0334B1B881B0443F001035D
:10FA2400324918460AF032FD46E0039B07932D4BFA
:10FA34005B68002B42D02B4B1B881B0443F0010056
:10FA4400079B5B681A46079B1B8829490AF03DFD02
:10FA540034E0039B0693234B5B68002B30D0214B8F
:10FA64001B881B0443F00104069B9D68069B9B684E
:10FA7400184609F0FBF903461946069B5B681A46CB
:10FA8400069B1B88019300920B462A46194920467F
:10FA94000AF045FD14E0134B5B68002B12D0114BA8
:10FAA4001B881B0443F00103049A134918460AF007
:10FAB400FBFC07E000BF06E000BF04E000BF02E07B
:10FAC40000BF00E000BF0D4B1B6803F00103002BD7
:10FAD40000D0FFDE039A04990598FFF713FF00BFD7
:10FAE40009B030BD802E002050DB030070DB030022
:10FAF40094DB0300B0DB0300C8DB0300F0ED00E09F
:10FB040082B003468DF807309DF8073003F01F02DA
:10FB140005499DF907305B09012000FA02F241F81A
:10FB2400232000BF02B0704700E100E082B003462A
:10FB34008DF807309DF8073003F01F0206499DF940
:10FB440007305B09012000FA02F2203341F8232038
:10FB540000BF02B0704700BF00E100E082B003467E
:10FB64008DF807309DF8073003F01F0206499DF910
:10FB740007305B09012000FA02F2403341F82320E8
:10FB840000BF02B0704700BF00E100E082B003464E
:10FB94008DF807309DF8073003F01F0206499DF9E0
:10FBA40007305B09012000FA02F2603341F8232098
:10FBB40000BF02B0704700BF00E100E082B003461E
:10FBC40000918DF807309DF90730002B0CDA009B6B
:10FBD400DAB20C499DF8073003F00F03043B5201DD
:10FBE400D2B20B441A7609E0009BDAB206499DF9B9
:10FBF40007305201D2B20B4483F8002300BF02B095
:10FC0400704700BF00ED00E000E100E084B0019027
:10FC1400244B0393019B002B40D0234B1A68039978
:10FC2400019B00BF00BF00BF00BF00BF00BF00BFFB
:10FC340000BF8A422FD000BF00BF00BF00BF00BF7B
:10FC440000BF00BF00BF00BF00BF00BF00BF00BFB8
:10FC540000BF00BF00BF00BF00BF00BF00BF00BFA8
:10FC640000BF00BF00BF00BF00BF00BF00BF00BF98
:10FC740000BF00BF00BF00BF00BF00BF00BF00BF88
:10FC840000BF00BF00BF00BF00BF00BF00BF00BF78
:10FC940000BF00BF00BF013BC3D1019300BF04B04C
:10FCA400704700BF0024F400B42F002000B583B0D7
:10FCB4000190064A019BC2F8083507211120FFF77D
:10FCC4007DFF00BF03B05DF804FB00BF00100140DE
:10FCD40008B50D4B4FF48032C3F844230A4B4FF45C
:10FCE4008032C3F804231120FFF750FF1120FFF7DF
:10FCF40007FF054B01221A602F20FFF787FF034BF4
:10FD040001221A7000BF08BD00100140023F00200C
:10FD140008B51120FFF70AFF0E4B4FF48032C3F8E9
:10FD240048230C4B4FF48032C3F80823094B0122BB
:10FD34005A602F20FFF76AFF064B01229A60064B98
:10FD440000221A602F20FFF761FF044B00221A7073
:10FD540000BF08BD00100140F43E0020023F002017
:10FD6400024BD3F804351846704700BF0010014019
:10FD740082B001900091019A009BD31A23F07F4333
:10FD8400184602B07047000082B00190034A019BFC
:10FD9400C2F8403500BF02B0704700BF00100140F8
:10FDA40086B00190284B1B68002B03D1264A019B87
:10FDB400136045E0019B1A68234B1B681B689A4239
:10FDC40010D8214B1B681968019B1A681E4B1B68CD
:10FDD4008A1A1A601C4B1A68019BDA611A4A019B41
:10FDE40013602DE0019B1B680393174B1B6805935D
:10FDF400154B1B68049309E0049B1B68039AD31AF0
:10FE04000393049B0593049BDB690493049B002BDD
:10FE140004D0049B1B68039A9A42EDD8049B002BE0
:10FE240005D0049B1A68039BD21A049B1A60019B99
:10FE3400039A1A60019B049ADA61059B019ADA61BC
:10FE440000BF06B0704700BFF03E002000B587B089
:10FE540001902A4B1B680393284B1B680593059B51
:10FE6400049308E0049A019B9A4208D0049B0593EA
:10FE7400049BDB690493049B002BF3D100E000BFD7
:10FE8400049B002B01D1002333E0059A049B9A4282
:10FE940014D11A4B1B68DB69184A1360174B1B6893
:10FEA400002B0BD1164B01229A60164B00221A60CC
:10FEB400154B01221A702F20FFF7A8FE049B1B6824
:10FEC4000293049BDA69059BDA61059BDB69049361
:10FED400049B002B05D0049B1A68029B1A44049BC4
:10FEE4001A60064B1B68039A9A4214BF012300232D
:10FEF400DBB2184607B05DF804FB00BFF03E0020FB
:10FF040000100140F43E0020033F002008B51120FA
:10FF1400FFF724FE00BF08BD08B51420FFF71EFE3E
:10FF240000BF08BD00B583B00190019B5B69019AD5
:10FF340092691046984700BF03B05DF804FB0000C7
:10FF440000B585B02B4B1B68002B4ED000230193CA
:10FF5400FFF706FF0246284B1B6819461046FFF7B9
:10FF640007FF0290234B1B6803931DE0039B1B6850
:10FF7400029A9A421CD3039B1B68029AD31A0293D7
:10FF8400039B1B68019A13440193039B0093039BF7
:10FF9400DB690393009B1B7C002B05D0009B002294
:10FFA4001A740098FFF7BEFF039B002BDED100E01C
:10FFB40000BF124B1A78124B1B789A420CD1104B8B
:10FFC4001B780133DAB20E4B1A700D4B1B78022BDF
:10FFD40002D10B4B00221A70094B1B781946094AAF
:10FFE400019B42F82130FFF797FF00BF05B05DF891
:0CFFF40004FB00BFF03E0020F43E0020A3
:020000023000CC
:10000000003F0020013F0020F83E002082B0019018
:10001000184B1A78184B1B789A4223D0154B1B7833
:100020000133DAB2134B1A70124B1B78022B02D138
:10003000104B00221A700F4B1B781A460F4B53F8C7
:100040002220019B1A60019B1A680D4B1B68134408
:100050000B4A13600A4B1B6823F07F43084A136066
:10006000012303E0019B00221A600023184602B01E
:10007000704700BF003F0020013F0020F83E0020F5
:10008000F43E002088B00390029101920023079370
:1000900038E0204B1B680693069B1B68039A9A4224
:1000A00006D2069B1A68039BD21A069B1A602EE0A2
:1000B000069B1B68039AD31A0393069B1B68079A37
:1000C00013440793069B00221A60124B1B6805938A
:1000D000069BDB690F4A1360069BDB68002B11D07F
:1000E000029A079B134423F07F42069B5A60069BAB
:1000F000DA68069B9A60019B1A68069BDA61019B8D
:10010000059A1A60034B1B68002BC2D100BF00BFC9
:1001100008B07047F03E002000B589B00190002380
:100120008DF81F30664B1B680593AAE0019B002BDE
:1001300005D0019B0693069BDB69019361E0614B4F
:100140001B781A4613465B001344DB005D4A1344D8
:10015000043304935B4B1B780133DAB2594B1A70AA
:10016000584B1A78574B9B789A4202D1554B002234
:100170001A70049B5B680693049B1B78032B1ED0AC
:10018000032B7EDC012B1FD0022B7AD1049B5B68F2
:100190001846FFF75DFE0346002B02D001238DF8C1
:1001A0001F30069B00221A746BE0454B1B680393BB
:1001B000039B00221A74039BDB69414A1360404B86
:1001C0001B68002BF1D15CE000BF069B1B7C002B61
:1001D00000D056E0049B9A68069B5A60049BDA683C
:1001E000069B9A60049B1A69069BDA60049B5A6915
:1001F000069B9A61344B1B78002B02D0069B002291
:100200005A60069B5A68314B1B68D31A23F07F4310
:100210002F4A93420ED8069B5B682C4A12681146FF
:100220001846FFF7A7FD0246069B9B681A44069BEB
:100230001A6017E0254B1A68069B5B681946104642
:10024000FFF798FD0290069B9B68029A9A4206D29D
:10025000069B9A68029BD21A069B1A6002E0069BD4
:1002600000221A60069B00225A60069B00229A60B8
:10027000069B01221A74069B0022DA610698FFF79A
:1002800091FD019B002B7FF451AF0E4B1A780D4B63
:100290005B789A427FF44AAF9DF81F30002B04D15F
:1002A000074B1B68059A9A4201D0012300E0002306
:1002B00003F00103DBB2184609B05DF804FB00BF90
:1002C000F03E0020E43D0020033F0020F43E0020EB
:1002D000FEFF7F0010B588B00190274B1B68002BF4
:1002E00044D0254B1B681B680793FFF73BFD069026
:1002F000224B1B68059305990698FFF73BFD0346C3
:10030000033304931E4B1B7883F00103DBB2002BF5
:1003100001D0FFF7DFFC049A079B934238BF1346D6
:10032000059A13440593059B23F07F430593059895
:10033000FFF72CFDFFF716FD039006990398FFF7D2
:1003400019FD0346DC1C06990598FFF713FD0346CB
:100350009C420DD9FFF706FD03461846FFF716FD30
:100360002F20FFF755FCFFF7D3FD01E0FFF7D2FC8C
:1003700000BF08B010BD00BFF03E0020F43E0020DA
:10038000023F002000B587B00023019300238DF8C1
:100390001730194B1B680493184B1B6803936B466B
:1003A0001846FFF733FE03468DF80B309DF80B30EF
:1003B000002B08D0009B01AA04991846FFF762FEA3
:1003C00001238DF81730019B1846FFF7A5FE034661
:1003D000002B02D001238DF817309DF81730002B29
:1003E00002D00398FFF776FF054B00221A7000BF7A
:1003F00007B05DF804FB00BFF43E0020F03E002093
:10040000033F002082B003468DF80730034A9DF871
:100410000730537000BF02B0704700BFE43D0020BA
:1004200084B00190144B5B7801338DF80F30124B80
:100430009B789DF80F209A4202D100238DF80F304F
:100440000D4B1B789DF80F209A4201D100230FE03D
:10045000019B9DF80F201A70074B5B781A461346D4
:100460005B001344DB00044A134404330293029BF1
:10047000184604B0704700BFE43D002000B589B0C5
:1004800003900291019200930023079300238DF8BB
:1004900016300DF11603184600F0C4F90DF11703DC
:1004A0001846FFF7BDFF0690069B002B02D10423E0
:1004B000079318E0069B01221A70069B039A5A6064
:1004C000FFF750FC0246069B9A60069B029ADA6090
:1004D000069B019A1A61069B009A5A619DF8173093
:1004E0001846FFF78FFF9DF81630184600F0B0F958
:1004F000079B002B01D1FFF711FD079B184609B0A0
:100500005DF804FB00B587B001900B468DF8033011
:100510000023059300238DF80E300DF10E031846CD
:1005200000F080F90DF10F031846FFF779FF0490F2
:10053000049B002B02D1042305930BE0049B9DF840
:1005400003201A70049B019A5A609DF80F301846D8
:10055000FFF758FF9DF80E30184600F079F9059B1B
:10056000002B01D1FFF7DAFC059B184607B05DF8B8
:1005700004FB000008B50E4B0022C3F840210C4BD1
:100580000022C3F844210A4B0022C3F84821084B3B
:100590000022C3F84C21064B0022C3F80021044B73
:1005A0000022C3F80421FFF7CDFC00BF08BD00BF47
:1005B0000010014008B5FFF7E5FE00BF08BD0000D0
:1005C00008B5FFF7A7FB134B00221A70114B00224E
:1005D0005A70104B0B229A700F4B00221A600F4B6F
:1005E00000221A700E4B00221A701420FFF7D0FA66
:1005F00007211420FFF7E4FA1420FFF783FA002004
:10060000FFF756FBFFF7AEFB0346064A13600023D5
:10061000184608BDE43D0020F03E0020003F0020C9
:10062000013F0020F43E002086B003900B4601926B
:100630008DF80B30134B9B78002B01D108231EE063
:10064000019B002B01D1072319E0039B002B01D153
:10065000072314E0039B1B681B7C002B01D008239D
:100660000DE0039B1B680593059B00221A74059BF4
:100670009DF80B205A74059B019A5A610023184675
:1006800006B07047E43D002000B587B003900291AA
:100690000192039B0593144B9B78002B01D10823F7
:1006A0001EE0039B002B01D1082319E0029B042BC1
:1006B00001D8072314E0059B5B69002B01D10823B7
:1006C0000EE0059B5B7C012B01D1029B00E0002327
:1006D0000493019B049A02990598FFF7CFFE034605
:1006E000184607B05DF804FBE43D002000B585B076
:1006F0000190019B03930D4B9B78002B01D10823A4
:1007000010E0019B002B03D0039B5B69002B01D100
:10071000082307E0039B00221A7402210398FFF7C5
:10072000F1FE0346184605B05DF804FBE43D0020E9
:1007300008B5FFF717FB0346184608BD82B0EFF374
:1007400010830093009B019372B600BF019B184673
:1007500002B0704762B600BF00BF704700B585B0F9
:100760000190FFF7EBFF0390164B9B68002B1BD10A
:10077000144B01229A60144BD3F88020134B134082
:10078000104A1360104B114AC3F880200E4BD3F867
:1007900084300C4A53600C4B4FF0FF32C3F8842076
:1007A000019B00221A7002E0019B01221A70039B38
:1007B000002B01D1FFF7CEFF0023184605B05DF8EE
:1007C00004FB00BF043F002000E100E0FC06FFBD89
:1007D00000B585B003468DF80730104B9B68002BA1
:1007E00016D09DF80730002B12D1FFF7A7FF03901A
:1007F0000B4A0A4B1B681360094A084B5B6853603D
:10080000064B00229A60039B002B01D1FFF7A2FF49
:100810000023184605B05DF804FB00BF043F00202C
:1008200000E100E000B583B0019000F02BF8034632
:10083000012B03D005494320F2F78EFD0198FFF705
:100840008DFF00BF03B05DF804FB00BFE0DB0300D9
:1008500000B583B003468DF8073000F013F8034667
:10086000012B03D006495120F2F776FD9DF80730A1
:100870001846FFF7ADFF00BF03B05DF804FB00BFF3
:10088000E0DB030084B0EFF305830193019BC3F326
:1008900008030393039B002B0DD1EFF31483009304
:1008A000009B0293029B03F00103002B0CBF01236A
:1008B0000023DBB200E00123184604B0704782B089
:1008C0000190019B03F00303002B0CBF01230023C5
:1008D000DBB2184602B0704710B487B001900091A7
:1008E000019B009A53E8004F44EA020043E80001EC
:1008F00091F0000FF6D1059404900391059B1846E2
:1009000007B05DF8044B704710B487B001900091B8
:10091000019B009A53E8004F04EB020043E80001FA
:1009200091F0000FF6D1059404900391059B1846B1
:1009300007B05DF8044B704710B487B00190009188
:10094000019B009A53E8004F04EB020043E80001CA
:1009500091F0000FF6D1059404900391049B184682
:1009600007B05DF8044B704710B487B00190009158
:10097000019B009A53E8004FA4EB020043E80001FA
:1009800091F0000FF6D1059404900391049B184652
:1009900007B05DF8044B704700B583B001900121AA
:1009A0000198FFF799FF0346184603B05DF804FB72
:1009B00000B585B00190002303930EE00B4A039B22
:1009C00052F82330002B05D0084A039B52F82330FD
:1009D00001989847039B01330393039B032BEDD9A5
:1009E00000BF00BF05B05DF804FB00BF203F002042
:1009F00082B001900091019B1B78013B052B61D8CF
:100A000001A252F823F000BF210A0300290A0300C3
:100A10004F0A0300810A0300A10A0300BD0A030074
:100A2000009B00221A704EE0009B01221A70019B6D
:100A30001A89009B9A81019B9A88009BDA81019B0D
:100A4000DA68009B9A60009B00221A743BE0009BCE
:100A500002221A70019B1A89009B9A81019B9A8835
:100A6000009BDA81019BDA68009B9A60019B9B7D69
:100A7000062B0CBF01230023DAB2009B1A7422E07C
:100A8000009B03221A70019BDA88009B9A81019BCC
:100A90001A89009BDA81019BDA68009B9A6012E058
:100AA000009B04221A70019BDA88009B9A81009BAC
:100AB0000022DA81009B00229A6004E0009B05225C
:100AC0001A7000E000BF00BF02B0704784B0019010
:100AD0000091019B0393039A009B9A4206D2039BC9
:100AE0001B68B3F1FF3F01D0012300E0002303F0B6
:100AF0000103DBB2184604B0704782B00190019B3D
:100B00005B8803339B00019A1344184602B0704778
:100B100000B583B0019000910198FFF7EEFF024607
:100B2000009B934201D202230CE0019B9B884FF66D
:100B3000FF72934203D0019B1B88002B01D101233C
:100B400000E00023184603B05DF804FB00B583B055
:100B50000190019B002B13D00D4BDB681A46019BC3
:100B600093420DD30A4B1B691A46019B934207D847
:100B70000198FFF7A4FE0346002B01D0012300E0FB
:100B8000002303F00103DBB2184603B05DF804FB59
:100B9000342F002082B00190019B002B04D0019BD8
:100BA0001B680B4A934201D003230DE0019B0433E1
:100BB0001B68084A934204D0074A934203D1012399
:100BC00002E0002300E00323184602B0704700BF94
:100BD000DEC0ADDEFE011EF1FF011EF184B001900A
:100BE000002303930CE0039B9B00019A13441B68B2
:100BF000B3F1FF3F01D0002307E0039B01330393D0
:100C0000039BB3F5806FEED30123184604B0704701
:100C100082B003460A46ADF806301346ADF80430FC
:100C2000BDF80620134913469B0013449B000B4458
:100C300008331A88BDF804301344ADF80430BDF809
:100C400006200C4913469B0013449B000B440A33B7
:100C50001A88BDF804301344ADF80430BDF80430F0
:100C600040F2FF32934294BF01230023DBB21846C7
:100C700002B07047D03F002084B0019000910A2359
:100C800003930023ADF80A3027E0BDF80A20174986
:100C900013469B0013449B000B4404331B68009ACB
:100CA0009A4215D9BDF80A20104913469B001344F7
:100CB0009B000B4404331B6803F58053009A9A424F
:100CC00006D200230393019BBDF80A201A8008E096
:100CD000BDF80A300133ADF80A30BDF80A30012BF7
:100CE000D3D9039B184604B0704700BFD03F002003
:100CF00000B589B0039002910192039B03F58053E4
:100D00000693039B08330393029B02221A80039BE2
:100D1000079332E006990798FFF7FAFE03468DF82D
:100D200017309DF81730002B0AD1079B9A68184B93
:100D30001B689A4213D9079B9B68154A13600EE003
:100D4000019B002B02D0019B01221A709DF81730E5
:100D5000022B04D1029B4FF480621A8014E0029BA4
:100D60001A88079B5B8813449BB203339AB2029B99
:100D70001A800798FFF7C1FE079006990798FFF7BA
:100D8000A5FE0346002BC5D109B05DF804FB00BFEA
:100D9000303F002082B001900B46ADF80230019B3D
:100DA0001A89BDF8023013449BB203339AB2019BF7
:100DB0001A81019B5A89BDF80230D31A9BB2033BBA
:100DC0009AB2019B5A8100BF02B0704700B583B050
:100DD000074B1B681946002300930823054A064861
:100DE00006F01FFC0346184603B05DF804FB00BF85
:100DF000F83F002088DC0300342F002000B585B0C8
:100E000003900399002300930823044A044806F042
:100E100008FC0346184605B05DF804FB90DC0300AF
:100E2000342F002000B585B003460091ADF80630A0
:100E300000238DF80F30BDF806300333ADF80A30CB
:100E4000BDF80A3040F2FD32934201D909234AE04D
:100E50000023ADF80C303BE0BDF80C2024491346CC
:100E60009B0013449B000B441B78002B2BD1BDF837
:100E70000A20BDF80C3011461846FFF7C9FE03469C
:100E8000002B20D001238DF80F30009BBDF80C20E3
:100E90001A80BDF80C20164913469B0013449B0092
:100EA0000B440A331988BDF80C20BDF80A300B44F6
:100EB00098B20F4913469B0013449B000B440A331E
:100EC00002461A8008E0BDF80C300133ADF80C3052
:100ED000BDF80C30012BBFD99DF80F30002B01D08D
:100EE000002300E00723184605B05DF804FB00BFAF
:100EF000D03F002082B003460A46ADF806301346C4
:100F0000ADF80430BDF804200D4913469B0013448E
:100F10009B000B440A331A88BDF80630D31A9BB2E3
:100F2000BDF80420033B98B2054913469B001344C7
:100F30009B000B440A3302461A8000BF02B0704780
:100F4000D03F002008B501210248FFF7F5FC034619
:100F5000184608BD303F002000B585B0034600911B
:100F6000ADF80630BDF80620244913469B00134413
:100F70009B000B4404331B6803F580530293009BD2
:100F80001B680393039B002B04D00398FFF7B5FD68
:100F9000039026E0BDF80620184913469B00134431
:100FA0009B000B4404331B680833039319E0029938
:100FB0000398FFF7ADFD0346022B10D0022B10DC87
:100FC000002B02D0012B05D00BE0009B039A1A6086
:100FD00001230EE00398FFF790FD039001E000234A
:100FE00007E002990398FFF771FD0346002BDED15D
:100FF0000023184605B05DF804FB00BFD03F002079
:1010000000B585B001900091019B5B681846FFF721
:101010009DFD0346002B19D0019B1A89244B1B8987
:101020009A4213D1019B1A68019B5B689B689A42A4
:101030000CD1019B5B6819460098FFF71DFE034623
:10104000002B0CBF01230023DBB22CE0009B00220D
:101050001A8023E00023029310E0029B0393039B7A
:101060009A68019B1B689A4208D1029A019B5A60B8
:101070000F4B1A89019B1A81012314E0009B1B88E6
:1010800002AA11461846FFF767FF0346002BE4D17A
:10109000009B1B8801339AB2009B1A80009B1B881F
:1010A000012BD7D90023184605B05DF804FB00BF1B
:1010B0000040002000B587B0039002910192009398
:1010C000304B1B78DBB283F00103DBB2002B01D085
:1010D000022353E0019B002B02D0009B002B48D140
:1010E00005234BE0009B9B881946274A0B469B0033
:1010F0000B449B0013441B78002B33D124E0009B4E
:101100001B680593039B002B06D0059B9A88039BC5
:101110001B889A4200D017E0029B002B06D0059B4B
:101120001A88029B1B889A4200D00DE0059B9A68A2
:10113000019B1A60009B1A68019B5A60134B1A8925
:10114000019B1A81002319E0009B9B88009A11469D
:101150001846FFF701FF0346002BD0D1009B002269
:101160001A6000E000BF009B9B8801339AB2009B8D
:101170009A80009B9B88012BB4D90A23184607B09C
:101180005DF804FB103F0020D03F0020004000200D
:1011900000B585B00190084B0199184601F05FFB3E
:1011A00003901C22002103980BF0BEFA039B184603
:1011B00005B05DF804FB00BFC03F002000B583B060
:1011C0000190044B0199184601F060FB00BF03B089
:1011D0005DF804FBC03F002000B583B00190054BD3
:1011E0000199184601F066FB0346184603B05DF806
:1011F00004FB00BFC03F002000B583B00190044B4A
:101200000199184601F06DFB00BF03B05DF804FBC7
:10121000C03F002008B50A4B1B68002B04D10949C8
:1012200040F27120F2F798F801210548FFF79CFB86
:101230000346002B14BF01230023DBB2184608BD70
:10124000183F00203CDC030000B587B00023059365
:101250000023ADF812300323ADF8103000238DF8D1
:101260000F300023ADF80C30F3E0BDF80C301A035A
:10127000804BDB68134402930298FFF78BFC034614
:101280008DF807309DF80730032B08D0032B00F3AF
:10129000DA80002B65D0012B00F09880D3E0029813
:1012A000FFF79CFC0346002B3BD0734B1B68002BC5
:1012B00029D0BDF81220714913469B0013449B00AE
:1012C0000B4402221A70BDF812206C4913469B0091
:1012D00013449B000B440433029A1A60BDF8122099
:1012E000664913469B0013449B000B4408330222BB
:1012F0001A80634ABDF812305380BDF812300133B2
:10130000ADF8123008E05C4A029B13605A4B02228F
:101310009A8001238DF80F30059B43F0010305935C
:1013200092E0BDF81030013BADF81030BDF812204E
:10133000524913469B0013449B000B440433029A0A
:101340001A60BDF812204D4913469B0013449B00C0
:101350000B4403221A70BDF812300133ADF812307D
:1013600072E0BDF81220454913469B0013449B00D0
:101370000B4400221A70BDF81220404913469B000E
:1013800013449B000B440433029A1A60BDF81220E8
:1013900013469B0013449B000833384A9918BDF844
:1013A000122013469B0013449B001033334A13440E
:1013B0001A460298FFF79CFC059B43F00203059335
:1013C000BDF812300133ADF812303DE09DF80F301A
:1013D000002B25D0BDF81220284913469B0013444A
:1013E0009B000B4402221A70BDF81220224B196890
:1013F000224813469B0013449B00034404331960A6
:10140000BDF812201D4913469B0013449B000B445A
:10141000083302221A80BDF812300133ADF81230C1
:10142000154A029B1360002216490298FFF760FCE0
:10143000114B9B88022B01D1042300E00823059A5D
:101440001343059300E000BFBDF80C300133ADF845
:101450000C30BDF80C30022B7FF607AFBDF8103012
:10146000012B01D800230593059BDBB2184607B07A
:101470005DF804FB342F0020F83F0020D03F00200F
:1014800000400020FC3F002000B587B0039002918F
:10149000039B02229A750299039B1A1D0023009355
:1014A0000423074806F0BDF80590059B002B01D1E9
:1014B000002300E00E23184607B05DF804FB00BFD0
:1014C000342F002000B587B003900291039B1B6965
:1014D000002B01D0032200E00122039B9A75029B9E
:1014E00008331946039B03F10C02002300930423E5
:1014F000064806F096F80590059B002B01D10023C5
:1015000000E00E23184607B05DF804FB342F0020DE
:1015100000B587B003900291039B1B78032B01D188
:10152000052200E00622039B9A75029B04331946AC
:10153000039B03F10802002300930423064806F0EE
:1015400070F80590059B002B01D1002300E00E23CD
:10155000184607B05DF804FB342F002000B587B0B3
:1015600003900B46ADF80A3003990023009304233F
:101570000C4A0D4806F055F80590059B002B01D04C
:101580000E230BE0BDF80A20084913469B001344C4
:101590009B000B44103301221A700023184607B039
:1015A0005DF804FB98DC0300342F0020D03F0020BE
:1015B00000B589B0019002AB00221A605A609A60AF
:1015C000019BDB6802930DF1160202AB114618462F
:1015D000FFF716FD0346002B12D0039B0693069BD4
:1015E0009A88019BDA80069B1A88019B1A81039BCB
:1015F000BDF8162011461846FFF7B0FF079001E02E
:101600000A230793079B184609B05DF804FB000006
:1016100000B587B00190019B981D02AA0D4B0021D7
:10162000FFF748FD0590059B002B08D1039B094A55
:10163000928811461846FFF791FF059004E00822B2
:10164000002104480BF070F8059B184607B05DF8C0
:1016500004FB00BF1040002000B587B0039002914A
:10166000039B01229A75029B0C331846039B1A694F
:10167000039BDB889B00002100910146064805F092
:10168000D0FF0590059B002B01D1002300E00E2325
:10169000184607B05DF804FB342F002082B0184BC9
:1016A0001B8901339AB2164B1A81154B00225A80BE
:1016B000134B00221A730023ADF8063018E0BDF872
:1016C0000620104913469B0013449B000B441A78D4
:1016D000BDF80630002A0CBF01220022D1B2084A10
:1016E00013440A469A72BDF806300133ADF806304D
:1016F000BDF80630012BE2D900BF00BF02B0704731
:1017000000400020D03F002084B0019000238DF8DD
:101710000F300023ADF80C3031E0BDF80C301C4A1E
:1017200013449B7A002B25D0BDF80C30184A134483
:1017300000229A72BDF80C20164913469B001344F0
:101740009B000B440C331B68002B13D1BDF80C20FD
:10175000104913469B0013449B000B4410331B7825
:10176000002B07D0019BBDF80C201A8001238DF8B7
:101770000F3008E0BDF80C300133ADF80C30BDF887
:101780000C30012BC9D99DF80F30184604B07047B2
:1017900000400020D03F002008B5084B05221A70F9
:1017A000074B02229A80064B1B6819460023012230
:1017B000044805F088FF0346184608BD0040002095
:1017C000F83F0020342F002000B583B0164B5B8813
:1017D000ADF80230BDF80220144913469B001344B3
:1017E0009B000B440C331B68002B14D10E4B0422BE
:1017F0001A70BDF802200D4913469B0013449B004C
:101800000B4404331B68194600230122084805F0E5
:101810005AFF019002E0FFF7BFFF0190019B1846BD
:1018200003B05DF804FB00BF00400020D03F002063
:10183000342F002000B587B0104B5B680593104B28
:101840001A680F4B9B889B0013440493059B5B888D
:101850000333ADF80E30094B03221A700499074B7D
:101860005A68BDF80E309B0000200090054805F036
:10187000D8FE0346184607B05DF804FB0040002080
:10188000F83F0020342F002000B583B00A4B5B885E
:101890000A491846FFF760FB0346002B03D0FFF709
:1018A000C9FF019002E0FFF78FFF0190019B1846EE
:1018B00003B05DF804FB00BF00400020044000209E
:1018C00008B50A4B06221A70084B5B881946084A6D
:1018D0000B469B000B449B00134404331B681846C3
:1018E000FFF78CFA0346184608BD00BF00400020F1
:1018F000D03F002008B5054B07221A70034B002289
:101900005A60FFF763FA0346184608BD00400020FE
:1019100008B50D48FFF7F8FE034683F00103DBB27C
:10192000002B0BD0094B00221A70084B00225A8062
:10193000064B00225A6041F61D5302E0FFF7A4FF58
:101940000346184608BD00BF0240002000400020AA
:1019500082B0094B5B680193019B5B880333ADF850
:101960000230064B9A88BDF8023013449AB2034BFA
:101970009A8000BF02B0704700400020F83F00206E
:1019800082B0184B1B680193174B5B881946174AA6
:101990000B469B000B449B00134404331B68114A05
:1019A0001360114B5B881946104A0B469B000B4491
:1019B0009B0013440433019A1A600B4B5B88194651
:1019C000084B9888094A0B469B000B449B00134424
:1019D000083302461A80034B02229A8000BF02B0ED
:1019E000704700BFF83F002000400020D03F00209B
:1019F00008B51A4B1B78072B2CD801A252F823F0FC
:101A0000211A0300551A0300551A03002D1A03006A
:101A1000391A0300451A0300451A03004D1A030042
:101A2000FFF73CFE0D4B01221A7014E0FFF790FF08
:101A30000A4B02221A700EE0FFF7A2FF074B0622A4
:101A40001A7008E0054B07221A7004E0034B0122CC
:101A50001A7000E000BF00BF08BD00BF00400020BA
:101A600000B587B0019000910F230593019B002BD7
:101A700004D0624B00225A600123BBE0009B1B791B
:101A8000032B00F2AB8001A252F823F09D1A030051
:101A9000AB1A0300391B0300591B0300009B0122F2
:101AA0001A71FFF793F905909BE000238DF813302E
:101AB0000023ADF810302BE0BDF81020504913463C
:101AC0009B0013449B000B441B78022B1BD1BDF8D9
:101AD00010204B4913469B0013449B000B440022EB
:101AE0001A7001238DF81330BDF8102044491346B5
:101AF0009B0013449B000B4404331B681846FFF7FC
:101B00007DF9059008E0BDF810300133ADF81030D4
:101B1000BDF81030012BCFD99DF8133083F00103AD
:101B2000DBB2002B5CD0354B01221A70334B002204
:101B30005A6041F61D535DE0009B00221A71314B43
:101B400002229A802F4B1B681946002301222E483F
:101B500005F0B9FD059044E0009B00221A71294B65
:101B60001B681846FFF74AF90590284B5B88ADF8CB
:101B70000E30244B1B680293BDF80E2020491346FB
:101B80009B0013449B000B4404331B681D4A1360E5
:101B9000BDF80E201A4913469B0013449B000B44CA
:101BA0000433029A1A60BDF80E20164B9888144927
:101BB00013469B0013449B000B44083302461A80D3
:101BC000104B02229A80BDF80E200D4913469B004F
:101BD00013449B000B4400221A7002E000BF00E097
:101BE00000BF059B002B04D0044B00225A600E233B
:101BF00000E00023184607B05DF804FB103F00200A
:101C0000D03F0020F83F0020342F0020004000206B
:101C100000B587B001900091009B9B8A1A4613463D
:101C20009B0013449B003C4A13440493019B002BEC
:101C300007D0009BDB8819460498FFF7ABF8012317
:101C400065E0049B5A68049B1B899B001344039323
:101C5000009B9B7D062B4DD801A252F823F000BFBC
:101C6000A31C0300C71C0300AF1C0300BB1C030024
:101C70007D1C0300D31C0300ED1C0300274B002236
:101C80005A60009B9B69254A136025492348FFF74A
:101C9000B7F9034683F00103DBB2002B01D00A231E
:101CA00035E003990098FFF7EFFB059025E00399D5
:101CB0000098FFF707FC05901FE003990098FFF7D5
:101CC000CBFC059019E003990098FFF721FC0590E3
:101CD00013E0009B06229A75104B5B68104A12882D
:101CE00011461846FFF73AFC059006E041F61D53F1
:101CF000059302E00F23059300BF059B002B05D041
:101D0000009BDB8819460498FFF744F8059B1846AA
:101D100007B05DF804FB00BFD03F00201840002052
:101D20002440002000B585B001900091019B002B5C
:101D300001D0012326E0009B1B79022B19D0022B36
:101D40001BDC002B02D0012B08D016E0009B0222E6
:101D50001A710098FFF72CFC039012E00098FFF72F
:101D600057FC0390039B0A2B0AD141F61D530393A2
:101D700006E041F61D53039303E00F23039300E0B5
:101D800000BF039B184605B05DF804FB00B585B0A5
:101D90000190019B002B01D001233BE01F4B1B7BDB
:101DA000002B03D01D4B00221A7301E0FFF720FE29
:101DB0001A4B1B78013B062B28D801A252F823F0BE
:101DC000DD1D0300E51D0300ED1D0300F51D0300EF
:101DD0000D1E0300FD1D0300051E0300FFF798FD07
:101DE000039016E0FFF750FD039012E0FFF722FD8D
:101DF00003900EE0FFF7E8FC03900AE0FFF760FDB8
:101E0000039006E0FFF776FD039002E00F230393B3
:101E100000BF039B184605B05DF804FB004000209E
:101E200000B589B001903F4B1B68002B05D13E489F
:101E3000FFF7D2F903463B4A13603A4B1B68002B6D
:101E400004D13A4940F27950F1F786FA354B1B68D4
:101E50001B78013B052B2CD801A252F823F000BFC0
:101E6000791E0300891E0300891E0300991E0300CA
:101E7000991E0300A91E03002A4B1B6819460198EE
:101E8000FFF7EEFD019017E0264B1B6819460198FD
:101E9000FFF7BEFE01900FE0224B1B681946019828
:101EA000FFF740FF019007E00198FFF76FFF0190F7
:101EB00002E00F23019300BF019B002B2BD003AB4B
:101EC0001422002118460AF02FFC019B41F61D52F6
:101ED000934204D1002304930023019301E0019B6A
:101EE0000493104B1B6803AA11461846FEF780FDA9
:101EF00003AB1846FEF75CFD0A4B00221A600A4845
:101F0000FFF77AF9FFF786F9034683F00103DBB2A6
:101F1000002B02D187E700BF00E000BF00BF09B07F
:101F20005DF804FB284000202C4000203CDC03002E
:101F300008B501210548FEF7E7FC0346002B02D156
:101F40000020FFF76DFF00BF08BD00BF183F002055
:101F500000B583B00190019B5B681846FFF760FFF6
:101F600000BF03B05DF804FB00B58BB00390029195
:101F700001928DF803300023ADF824300023ADF832
:101F80002630514B1B78DBB283F00103DBB2002B10
:101F900001D0022393E0029B002B01D105238EE0A8
:101FA000029B1B884FF6FF72934203D0029B5B8813
:101FB000002B01D1042382E0029B5B681846FEF7E8
:101FC0007EFC034683F00103DBB2002B01D0032328
:101FD00075E0019B002B11D1029B9B68ADF8263068
:101FE0000DF11A02BDF8263011461846FEF71AFF09
:101FF0000890089B002B09D0089B60E0019B1B8880
:10200000ADF81A30019B5B88ADF8263005AB184659
:10201000FFF7BEF80790079B002B09D1BDF81A20E7
:10202000BDF8263011461846FEF764FF082346E047
:10203000079B9DF803201A70079B00229A75BDF834
:102040001A20079B9A82029B5A68079B1A61FEF727
:1020500079FF0246079BDA60029B1A88079B1A8168
:10206000029B5A88079B9A80079BBDF82620DA803E
:102070009DF80330032B06D1079B04229A75039B1E
:102080001A68079B9A61079BBDF824205A8105AB0B
:102090001846FFF793F8039B002B0DD0039B0022FB
:1020A0005A60079BDA68039B1A60039B00229A72AE
:1020B000064B1A89039B1A81FFF73AFF0023184643
:1020C0000BB05DF804FB00BF103F00200040002073
:1020D00000B585B001900C4B1B68042B02D10C237A
:1020E00003930BE0084B1B680849019A41F8232031
:1020F00001210548FEF720FC00230393039B1846AB
:1021000005B05DF804FB00BF1C3F0020203F00200D
:1021100084B04FF010235B6903934FF080531B6929
:1021200002934FF080535B690193039BB3F1FF3F30
:1021300004D1019B029A02FB03F300E0039B1846C3
:1021400004B0704700B583B04FF440530193FFF7DC
:10215000DFFF0346054A1361044B1A69019BD31A3A
:10216000024AD36000BF03B05DF804FB342F0020A7
:1021700008B5FFF7E7FF00220349044805F036FAE7
:102180000346184608BD00BF7CE50300342F00203D
:1021900008B504481C238C22034900F019FB00BF3A
:1021A00008BD00BFC03F0020343F002000B58BB009
:1021B00002AB00221A605A609A60DA601A61414BE1
:1021C0001B78DBB2002B05D002AB1846FEF7F0FB04
:1021D000002373E03C48FEF7DFFB0346002B01D0F1
:1021E00000236BE0FFF7C4FF0990099B002B01D08F
:1021F000099B63E0FFF7CCFFFFF726F803468DF855
:1022000023309DF82330062B07D0062B11DC002B42
:1022100001D0022B0DD10B2350E02A4B01221A7062
:10222000284B00225A6002AB1846FEF7C1FB002380
:1022300044E000BF01AB1846FEF7AAFF0790079BDA
:10224000002B01D1082339E0079B01221A709DF869
:102250002330013B0A2B29D801A252F823F000BFFA
:102260008D220300AD2203008D220300AD22030066
:10227000A5220300AD220300A5220300AD22030026
:10228000952203009D22030095220300079B002254
:102290001A710CE0079B03221A7108E0079B0222C7
:1022A0001A7104E0079B01221A7100E000BF01AB24
:1022B0001846FEF783FFFFF73BFE002318460BB0DE
:1022C0005DF804FB103F0020143F002000B585B0EE
:1022D00001900091019B002B02D0009B002B01D1AB
:1022E000052329E00DF10A0319460198FEF788FE3F
:1022F0000346002B1FD0019B5B680393BDF80A3097
:102300001A4613469B0013449B0008330C4A13449F
:10231000043301211846FEF70FFB009B039A1A6055
:10232000019B5B6803F10C02009B5A60019B012238
:102330009A72002300E00A23184605B05DF804FBFA
:10234000D03F002000B585B00190019B002B01D14A
:10235000052339E00DF10A0319460198FEF750FEF6
:102360000346002B2DD0BDF80A301946184A0B46FB
:102370009B000B449B0013440C331B68002B1DD0A7
:10238000019B9B7A002B19D0BDF80A301A461049E0
:1023900013469B0013449B000B440C331B68591ECF
:1023A0000B4813469B0013449B0003440C331960F5
:1023B000019B00229A720023039304E006230393F7
:1023C00001E00A230393039B184605B05DF804FB64
:1023D000D03F002000B585B001900B46ADF802302B
:1023E000134B1B78DBB283F00103DBB2002B01D06F
:1023F000022319E0019B002B01D1052314E00DF10C
:102400000A02BDF8023011461846FEF70BFD039094
:10241000039B002B07D1BDF80A20019B1A80019B6A
:10242000BDF802205A80039B184605B05DF804FBF6
:10243000103F002000B585B001901F4B1B78DBB228
:1024400083F00103DBB2002B01D002232FE0019BBC
:10245000002B01D105232AE0019B1B88022B01D907
:10246000042324E0019B1B881A4613469B00134457
:102470009B00124A13440293019B5B880233029A29
:102480005289934210DA019B5A88019B1B88194696
:102490001046FEF72FFD019B00221A80019B0022AF
:1024A0005A800023039301E004230393039B1846FF
:1024B00005B05DF804FB00BF103F0020D03F0020B6
:1024C00000B583B001900091022300220099019889
:1024D000FFF74AFD0346184603B05DF804FB00B55C
:1024E00085B0039002910192019B002B01D105233D
:1024F00006E00223019A02990398FFF735FD03468F
:10250000184605B05DF804FB00B583B0019000915A
:10251000019B002B01D1052306E003230022009933
:102520000198FFF721FD0346184603B05DF804FB50
:1025300000B585B00346ADF80630184B1B78DBB20A
:1025400083F00103DBB2002B01D0022322E0BDF8AF
:1025500006304FF6FF72934201D104231AE002AB1A
:102560001846FEF715FE0390039B002B01D10823AC
:1025700010E0039B05221A70039B01221A71039B32
:10258000BDF80620DA8002AB1846FEF717FEFFF70B
:10259000CFFC0023184605B05DF804FB103F002077
:1025A00000B583B0144B1B78DBB283F00103DBB2C0
:1025B000002B01D002231AE06B461846FEF7E8FD17
:1025C0000190019B002B01D1082310E0019B062202
:1025D0001A706B461846FEF7F1FD084B1B78002B6E
:1025E00002D0064B01221A73FFF7A2FC0023184603
:1025F00003B05DF804FB00BF103F00200040002046
:1026000000B585B0029201930346ADF80E300B463B
:10261000ADF80C3003A90DF10E00019B029AFEF7F4
:1026200049FD0346184605B05DF804FB00B585B0CA
:10263000034602910192ADF80E300DF10E01019B9F
:10264000029A0020FEF736FD0346184605B05DF8F5
:1026500004FB00B585B0034602910192ADF80E303F
:102660000DF10E00019B029A0021FEF723FD0346A7
:10267000184605B05DF804FB82B001900091019B03
:10268000002B02D0009B002B01D1052304E0019B0D
:102690001A68009B1A600023184602B0704786B083
:1026A00001900091019B53E8011F8AB2D88902442E
:1026B0009889824228BF121A1889824202BFBFF34A
:1026C0002F8F002307E0C2EA010243E8012000281F
:1026D000E9D14FF001038DF80F300590029104927B
:1026E000029A009B1A609DF80F30DBB2184606B0C4
:1026F000704784B00190019951E8013FC3EA034358
:1027000041E80132002AF7D10392029300BF04B0DE
:10271000704786B001900091019B53E8021F1FFA99
:10272000A1F2D888824202BFBFF32F8F00230DE0B1
:10273000D88902449889824228BF121AC1EA02420B
:1027400043E802200028E8D14FF001038DF80F3054
:10275000059002910492029A009B1A609DF80F3036
:10276000DBB2184606B0704784B00190019951E879
:10277000023FC3EA234341E80232002AF7D1039221
:10278000029300BF04B0704786B00190019B53E8EC
:10279000021FDA88B1EB314F4FF0000017BF89B24A
:1027A00042EA024241EA024204E05968B1EB314F89
:1027B00008BF012043E802210029E8D18DF80F006D
:1027C000059104929DF80F30DBB2184606B07047B1
:1027D00084B00390029111461A460B46ADF80630BC
:1027E0001346ADF80430029B002B01D10E231FE0ED
:1027F000BDF80630BDF80420B3FBF2F101FB02F294
:102800009B1A9BB2002B01D0092311E0039B029A73
:102810001A60039B00225A60039B00229A60039B6C
:10282000BDF806209A81039BBDF80420DA810023BD
:10283000184604B0704700B585B001900198FFF7C5
:10284000A3FF03468DF80F309DF80F30002B01D009
:10285000002300E01123184605B05DF804FB00B525
:1028600083B001900091009B19460198FFF717FF74
:102870000346002B05D0019B1B68009A1288134465
:1028800000E00023184603B05DF804FB00B583B0F8
:1028900001900091009B1A88009B5B889A4204D1AA
:1028A0000198FFF726FF012300E00023184603B03C
:1028B0005DF804FB00B583B001900091009B1946C0
:1028C0000198FFF726FF0346002B05D0019B1B68EC
:1028D000009A5288134400E00023184603B05DF8C4
:1028E00004FB00B583B001900091009B1A88009B07
:1028F0005B889A4204D10198FFF736FF012300E07C
:102900000023184603B05DF804FB000000B583B057
:1029100001900B468DF80330019B002B03D1084931
:10292000AF20F0F719FD019BDA689DF8033001999B
:10293000098A01FB03F31344184603B05DF804FB56
:10294000A4DC030000B583B001900091019B002B33
:1029500003D10849BC20F0F7FFFC009B019AD26824
:102960009B1A019A128AB3FBF2F3DBB2184603B04A
:102970005DF804FBA4DC030000B585B00190019B69
:10298000002B01D10E2348E0019B1B68002B03D1D3
:102990002449C620F0F7E0FC019B5B68002B03D1C3
:1029A0002049C720F0F7D8FC019B9B68002B03D17E
:1029B0001C49C820F0F7D0FC019BDB68002B03D139
:1029C0001849C920F0F7C8FC019B1B8A002B03D1D2
:1029D0001449CA20F0F7C0FC019B9A68019B5B6810
:1029E000D31A8DF80F30019B1B68019A52681A6048
:1029F00007E0019B1A681368591C11609DF80F20AD
:102A00001A709DF80F305A1E8DF80F20002BF0D150
:102A1000019B1B6800221A710023184605B05DF85F
:102A200004FB00BFA4DC030000B585B00190019B4E
:102A3000002B03D11F49EC20F0F78EFC00230393F9
:102A400000238DF80A300DF10A031846FDF7EAFE5F
:102A5000019B1B681A68019B5B689A421FD9019B06
:102A60001B681A68013A1A601B681B78194601989E
:102A7000FFF74CFF0390019B9A68019B1B681B6842
:102A8000D31A8DF80B30019B1B681B799DF80B2026
:102A90009A4204D9019B1B689DF80B201A719DF87E
:102AA0000A301846FDF7D4FE039B184605B05DF8C2
:102AB00004FB00BFA4DC030010B584B001900091BA
:102AC000019B002B04D115494FF48870F0F744FCAA
:102AD000009B002B04D1114940F21110F0F73CFC8F
:102AE000009B039300238DF80B300DF10B03184668
:102AF000FDF798FE019B1B681C68621C1A60039915
:102B00000198FFF71FFF034623709DF80B3018460E
:102B1000FDF79EFE00BF04B010BD00BFA4DC0300A3
:102B200082B00190019B01225A7200BF02B070472F
:102B300082B00190019B00225A7200BF02B0704720
:102B400082B00190019B9B6893F84131C3F340032D
:102B5000DBB2002B14BF01230023DBB2184602B006
:102B60007047000084B00190244B0393019B002B1D
:102B700040D0234B1A680399019B00BF00BF00BFE0
:102B800000BF00BF00BF00BF00BF8A422FD000BF00
:102B900000BF00BF00BF00BF00BF00BF00BF00BF3D
:102BA00000BF00BF00BF00BF00BF00BF00BF00BF2D
:102BB00000BF00BF00BF00BF00BF00BF00BF00BF1D
:102BC00000BF00BF00BF00BF00BF00BF00BF00BF0D
:102BD00000BF00BF00BF00BF00BF00BF00BF00BFFD
:102BE00000BF00BF00BF00BF00BF00BF00BF013B70
:102BF000C3D1019300BF04B0704700BF0024F400AC
:102C0000B42F002000B583B00190019B002B04D0AD
:102C1000019809F0BEFC034600E00023184603B00B
:102C20005DF804FB10B582B00190019B9B68DB7CD2
:102C30001C46019B1B681846FFF7E4FF034623442C
:102C4000019A9268527BB3FBF2F101FB02F29B1AEC
:102C5000002B0CBF01230023DBB2184602B010BDCD
:102C600010B582B00190019B9B689B7C1C46019B28
:102C70001B681846FFF7C6FF03462344019A926873
:102C8000527BB3FBF2F101FB02F29B1A002B0CBF4B
:102C900001230023DBB2184602B010BD10B588B086
:102CA0000390029101920093039B002B02D0029BA0
:102CB000002B03D125499120F0F74EFB039B5B6865
:102CC0001B68002B03D121499220F0F745FB00231C
:102CD00007932FE0039B5B681B68DC68039B5868C5
:102CE000029A079BD11805AB019AA0470690069B54
:102CF000002B03D015499C20F0F72EFB059B019A71
:102D00009A4203D211499D20F0F726FB059B079AB2
:102D100013440793059B019AD31A0193059B002B3B
:102D200008D1039B9B681B78032B03D04FF4002032
:102D300006F03EFD019B002BCCD1009B002B02D066
:102D4000059A009B1A6000BF08B010BD24DD030087
:102D500000B583B001900B468DF80330019B1B69D1
:102D60009DF803200349184604F09CF800BF03B007
:102D70005DF804FB74DD030010B586B0039002918A
:102D800001920093039B002B02D0029B002B03D1E6
:102D90000C49C020F0F7E0FA039B5B68002B03D1DD
:102DA0000849C120F0F7D8FA039B5B681B681C69CF
:102DB000039B5868009B019A0299A047059000BFA9
:102DC00006B010BD24DD030000B589B00390029168
:102DD00001920093009B002B03D13A49D520F0F7D4
:102DE000BBFA0A9B002B03D13649D620F0F7B4FA80
:102DF000029B002B34D1344A344BD31ADB08019A9E
:102E00009A4229D200230693314B0593002307935E
:102E10001BE0079BDB002D4A13440693019B9B009C
:102E2000059A13441A68069B5B681B68194610468E
:102E300009F0FCFB0346002B04D1069B5A68009B5B
:102E40001A603CE0079B013307931F4A1F4BD31ABC
:102E5000DB08079A9A42DCD3009B00221A602EE01E
:102E6000039B002B03D1009B00221A6027E0039BE9
:102E70001B78002B10D0039B5B680A990198984738
:102E80000A9B1B68002B03D1009B00221A6016E0EE
:102E9000009B0A9A1A6012E0039B5A68019B1B016F
:102EA00013441B68002B07D0039B5A68019B1B012E
:102EB0001A44009B1A6002E0009B00221A6009B0CD
:102EC0005DF804FB24DD030034C90300E4C80300FB
:102ED000582E002000B585B00190019B9B6803939C
:102EE000019B9B6808330293019B1B681846FFF700
:102EF00089FE0346DAB2029B9A71039BDB7C1A4679
:102F0000029B9B791344029A527993FBF2F101FBE5
:102F100002F29B1ADBB20133DAB2029B1A70039BF6
:102F2000DB7C1A46029B9B791344029A527993FBED
:102F3000F2F3DBB20133DAB2029B9A70039B9B7C03
:102F40001A46029B9B791344029A527993FBF2F33F
:102F5000DBB20133DAB2029BDA70039B9B7C1A4628
:102F6000029B9B791344029A527993FBF2F101FB85
:102F700002F29B1ADBB20133DAB2029B5A70029B57
:102F8000184605B05DF804FB00B583B00190019BC5
:102F9000002B04D10C494FF49D70F0F7DDF9019B33
:102FA0001B69002B04D108494FF49D70F0F7D4F948
:102FB000019B1B69054A0649184603F073FF00BFD1
:102FC00003B05DF804FB00BF24DD030040E3030011
:102FD00078DD030000B583B00190019B002B04D184
:102FE0000C494FF4A070F0F7B7F9019B1B69002B57
:102FF00004D108494FF4A070F0F7AEF9019B1B69AA
:10300000054A0649184603F04DFF00BF03B05DF8BE
:1030100004FB00BF24DD030034E3030078DD03007C
:1030200000B583B00190019B002B04D10C494FF4F3
:10303000A370F0F791F9019B1B69002B04D108499B
:103040004FF4A370F0F788F9019B1B69054A064904
:10305000184603F027FF00BF03B05DF804FB00BF74
:1030600024DD030038E3030078DD030000B583B0FE
:103070000190019B002B04D10C494FF4A670F0F78E
:103080006BF9019B1B69002B04D108494FF4A67012
:10309000F0F762F9019B1B69054A0649184603F0DF
:1030A00001FF00BF03B05DF804FB00BF24DD030097
:1030B00024E3030078DD030000B583B001900B46E4
:1030C0008DF803309DF80330002B07D0019B1B695E
:1030D0009DF803200349184603F0E4FE00BF03B047
:1030E0005DF804FB7CDD030000B583B001900B4666
:1030F0008DF803309DF80330002B07D0019B1B692E
:103100009DF803200349184603F0CCFE00BF03B02E
:103110005DF804FB84DD030000B583B001900B462D
:103120008DF803309DF80330002B07D0019B1B69FD
:103130009DF803200349184603F0B4FE00BF03B016
:103140005DF804FB8CDD030000B583B001900B46F5
:103150008DF803309DF80330002B07D0019B1B69CD
:103160009DF803200349184603F09CFE00BF03B0FE
:103170005DF804FB94DD030000B585B00190019B70
:103180009B68DA7C019B9B689B7C9A4220D20198C9
:10319000FFF7A0FE0390039B9B788DF80B30019BFB
:1031A0009B68DA7C0132D2B2DA740198FFF792FEA2
:1031B0000390039B9B789DF80B209A4204D1012138
:1031C0000198FFF791FF04E00198FFF74FFF00E03F
:1031D00000BF05B05DF804FB00B585B00190019813
:1031E000FFF778FE0390039B9A78039BDB789A4263
:1031F0000CBF012300238DF80B300198FFF712FD5F
:103200000346002B05D10198FFF72AFD0346002B4A
:1032100002D00198FFF72AFF9DF80B30002B0AD04F
:10322000039B5A78039B1B78D31ADBB2194601988B
:10323000FFF742FF24E0039BDA78039B9B78D31AC5
:10324000DBB219460198FFF767FF039B1A78039BCF
:103250005B789A420AD9039B1A78039B5B78D31A4E
:10326000DBB219460198FFF73FFF09E0039B5A784C
:10327000039B1B78D31ADBB219460198FFF71CFF9A
:1032800000BF05B05DF804FB00B585B00190019862
:10329000FFF720FE0390039B1B781A46039B9B7944
:1032A00001339A4203D1039B9B78012B2FD0039BC0
:1032B0009B78012B07D9039B9B78013BDBB2194616
:1032C0000198FFF729FF039B1A78039B9B799A4289
:1032D0000CD9039B1A78039B9B79D31ADBB2013B71
:1032E000DBB219460198FFF7E7FE0BE0039B9A79E2
:1032F000039B1B78D31ADBB20133DBB2194601986A
:10330000FFF7F2FE019B9B680022DA7400E000BF29
:1033100005B05DF804FB00B585B001900198FFF79A
:10332000D9FD0390039B1A78039B5B789A4205D1E1
:10333000039B9A78039BDB789A4231D0039BDA781F
:10334000039B9B789A4209D9039BDA78039B9B786D
:10335000D31ADBB219460198FFF7F6FE039B1A78E1
:10336000039B5B789A420AD9039B1A78039B5B788C
:10337000D31ADBB219460198FFF79EFE09E0039BC2
:103380005A78039B1B78D31ADBB219460198FFF7D2
:10339000ABFE019B9A68019B9B68927CDA7400E00B
:1033A00000BF05B05DF804FB00B587B001900023B5
:1033B000ADF816300023ADF8143000238DF813302B
:1033C00000238DF80B30019B9B68943380220021F1
:1033D000184609F0A9F9019B1B697749184603F0C3
:1033E00061FD019B1B69184603F03AFD0023ADF80F
:1033F0001030D5E003AB0DF10B0101220198FFF76E
:10340000BBFC039B002B04D140F2E730FFF7AAFB83
:10341000BDE09DF80B301B2B06D0019B9B6893F8F9
:1034200094301B2B40F0B2809DF80B30522B40F0B3
:103430009380019B9A689DF813301344002283F80F
:103440009420019B9B6893F895305B2B06D0019BE1
:103450009B68002283F894200B23A8E002238DF8B8
:1034600013301BE0BDF814301A46920013445B0081
:103470009AB2019B99689DF81330581C8DF813007F
:103480000B4493F8943013449BB2303BADF81430A6
:103490009DF91330002B01DA0C2388E0019B9A6818
:1034A0009DF81330134493F894303B2BDAD19DF8F8
:1034B000133001338DF813309DF91330002B1DDAD2
:1034C0000C2374E0BDF816301A46920013445B00DA
:1034D0009AB2019B99689DF81330581C8DF813001F
:1034E0000B4493F8943013449BB2303BADF8163044
:1034F0009DF91330002B01DA0C2358E0019B9A68E8
:103500009DF81330134493F89430002BDAD1BDF8B2
:103510001630FA2B04D9019B9B68FA221A7205E037
:10352000019B9B68BDF81620D2B21A72BDF8143008
:10353000FA2B04D9019B9B68FA229A7205E0019B41
:103540009B68BDF81420D2B29A72019B9B6800223E
:1035500083F8942000232AE0019B9A689DF8133099
:103560009DF80B1013440A4683F894209DF81330FD
:1035700001338DF813309DF81330092B07D9019BC7
:103580009B68002283F89420042310E000BF039B73
:10359000002B7FF42FAFBDF810300133ADF81030A1
:1035A000BDF81030B3F57A7FFFF424AF0D23184631
:1035B00007B05DF804FB00BF28E3030000B587B047
:1035C000039002910192029B002B04D12A4940F200
:1035D0004F20EFF7C1FE019B002B04D126494FF489
:1035E0001470EFF7B9FE0398FFF7DEFE0346002BD9
:1035F00018D1039B9B681B7AADF81630039B9B6820
:103600009B7AADF81430FA210398FFF76DFDFA218B
:103610000398FFF799FD0398FFF7C6FE0346002BBA
:1036200024D101E0062322E0039B9B681A7A029BC7
:103630001A70039B9B689A7A019B1A70029B1A78F6
:10364000BDF81630DBB2D31ADBB219460398FFF788
:1036500033FD019B1A78BDF81430DBB2D31ADBB20C
:1036600019460398FFF758FD002300E0062318468B
:1036700007B05DF804FB00BF24DD030000B585B092
:1036800001900B468DF803309DF80330002B2ED0AF
:10369000019B9B68DB7B9DF803209A4234D01B235F
:1036A0008DF808305B238DF8093031238DF80A300E
:1036B0003B238DF80B3033238DF80C309DF803300D
:1036C0002F33DBB28DF80D306D238DF80E300023D3
:1036D0008DF80F30019B9B689DF80320DA73019BE6
:1036E0001B6902AA0A49184603F0DCFB0DE0019BA6
:1036F0009B689DF80320DA73019B1B69054A044906
:10370000184603F0CFFB00E000BF05B05DF804FBF6
:1037100078DD030030E3030000B585B001900B466F
:103720008DF803309DF80330002B29D0019B9B6856
:103730001B7C9DF803209A4221D01B238DF8083072
:103740005B238DF8093034238DF80A309DF803305F
:103750002F33DBB28DF80B306D238DF80C30002346
:103760008DF80D30019B9B689DF803201A74019B16
:103770001B6902AA0449184603F094FB00E000BF4D
:1037800005B05DF804FB00BF78DD030082B0019056
:103790000091019B9B680F331B889AB2009B1A8093
:1037A00000BF02B0704700B583B001900091009B4C
:1037B0001B7819460198FFF761FF009B5B7819465B
:1037C0000198FFF7A9FF00BF03B05DF804FB00B547
:1037D00085B001900198FFF77DFB0390039B1B7858
:1037E0001A46039B9B7901339A4203D1039B9B7832
:1037F000012B1FD0039B1B78012B10D101210198B5
:10380000FFF78AFC039B5B7919460198FFF76CFC74
:10381000019B9B68DA7C013AD2B2DA740BE0012199
:103820000198FFF749FC019B9B68DA7C013AD2B210
:10383000DA7400E000BF05B05DF804FB00B585B0A8
:1038400001900198FFF746FB0390039B1A78039BB6
:103850005B789A4205D1039B9A78039BDB789A4266
:1038600021D0039B1A78039B5B799A4210D10121E6
:103870000198FFF769FC039B5B7919460198FFF7F4
:103880001BFC019B9B68DA7C0132D2B2DA740BE03C
:1038900001210198FFF728FC019B9B68DA7C01322B
:1038A000D2B2DA7400E000BF05B05DF804FB82B06C
:1038B00001900B468DF80330019B9B689B7C7E2B0F
:1038C0001BD8019B9968019B9B68DA7C501CC0B295
:1038D000D87413460B449DF803201A75019B9B680E
:1038E000019A9268D27C134400221A75019B9B684E
:1038F0009A7C0132D2B29A7400E000BF02B07047E5
:1039000000B587B001900B468DF80330019B9B6892
:1039100093F84131C3F30003DBB2002B14BF012342
:1039200000238DF81730019B9B689A7C019B9B6854
:10393000DB7CD31A8DF816309DF8173083F0010325
:10394000DBB2002B20D0019B9B689B7C7E2B00F27E
:10395000D9809DF81630002B20D0019B9A68019BDE
:103960009B68DB7C013310331344181D019B9A685C
:10397000019B9B68DB7C1033134404339DF81620B5
:10398000194608F0B1FD09E0019B9B689B7C7E2BEA
:1039900004D99DF81630002B00F0B680019B9B687F
:1039A000019A9268D27C13449DF803201A759DF801
:1039B000173083F00103DBB2002B0BD0019B9A6818
:1039C000019B9B68997C0131C9B299749B7C13441B
:1039D00000221A759DF81630002B41D00198FFF790
:1039E00079FA0490049B9A78049BDB789A420CBF86
:1039F000012300238DF80F309DF80F30002B17D0D6
:103A0000019B9A68019B9B68DB7C10331344043351
:103A10003F4A0821019801F0F7FE9DF817309DF804
:103A20001620D31ADBB219460198FFF745FB2DE0AB
:103A30000198FFF7CFFA019B9A68019B9B68DB7C9A
:103A4000103313440433324A0821019801F0DCFE9C
:103A50000198FFF7E5FA01210198FFF745FB15E012
:103A60009DF81730002B0BD0019B9A68019B9B6837
:103A7000997C0131C9B299749B7C134400221A7558
:103A80009DF8033019460198FFF762F9019B9B6886
:103A9000DA7C0132D2B2DA740198FFF7C3F8034638
:103AA000002B03D00198FFF7E1FA2EE00198FFF711
:103AB000D7F80346002B28D00198FFF70BFA0290A5
:103AC000029BDA78029B9B78D31ADBB2013BDBB214
:103AD00019460198FFF738FB0198FFF7C7FA029BD8
:103AE000DA78029B9B78D31ADBB219460198FFF76C
:103AF00013FB029B1B78013BDBB219460198FFF7D1
:103B0000F3FA02E000BF00E000BF07B05DF804FB7D
:103B100078DD030000B587B00190019B9B689B7C1A
:103B2000002B00F08180019B9B68DB7C002B7BD00D
:103B3000019B9B689A7C019B9B68DB7CD31A8DF868
:103B40001730019B9A68019B9B68DB7C013B10331B
:103B50001344181D019B9A68019B9B68DB7C103302
:103B60001344191D9DF8173001331A4608F0BCFCA8
:103B7000019B9B68DA7C013AD2B2DA74019B9B68A4
:103B80009A7C013AD2B29A749DF81730002B43D038
:103B900008210198FFF7DCF80198FFF79BF90490E2
:103BA000049B9A78049BDB789A420CBF0123002384
:103BB0008DF80F309DF80F30002B16D0019B9A68BE
:103BC000019B9B68DB7C103313440433184A0821A3
:103BD000019801F019FE0198FFF7D6F99DF817300A
:103BE00019460198FFF768FA1FE00198FFF7F2F90C
:103BF0000198FFF7C9F9019B9A68019B9B68DB7CE0
:103C00001033134404330A4A0821019801F0FCFDE3
:103C10000198FFF705FA08E0019B1B69054A044972
:103C2000184603F03FF900E000BF07B05DF804FB61
:103C300078DD03003CE3030000B587B00190019BF1
:103C40009B689A7C019B9B68DB7CD31A8DF81730AC
:103C50009DF81730002B75D0019B9A68019B9B68DB
:103C6000DB7C10331344181D019B9A68019B9B68F1
:103C7000DB7C01331033134404339DF817201946BD
:103C800008F032FC019B9B689A7C013AD2B29A748C
:103C90000198FFF71FF90490049B9A78049BDB7846
:103CA0009A420CBF012300238DF80F309DF80F308E
:103CB000002B30D0019B9A68019B9B68DB7C103302
:103CC00013440433214A0821019801F09DFD019B12
:103CD000002B04D11E4940F29530EFF73DFB019BCC
:103CE0001B69002B04D11A4940F29530EFF734FBE1
:103CF000019B1B69174A1549184603F0D3F89DF834
:103D00001730013B8DF817309DF817301946019890
:103D1000FFF7D2F917E00198FFF75CF90198FFF778
:103D200033F9019B9A68019B9B68DB7C1033134439
:103D30000433064A0821019801F066FD0198FFF757
:103D40006FF900E000BF07B05DF804FB78DD030009
:103D500024DD030044E3030010B586B00390029114
:103D600001928DF8033000238DF81730039B002259
:103D70001A60019B1B788DF811309DF81130002BD3
:103D800000F06C819DF81130184608F01EFD0346C6
:103D9000002B05D0019B5A1C019200221A7055E19C
:103DA000039B1B68591C039A11609B00029A1344E1
:103DB000019A1A6000238DF81730019B1B788DF84B
:103DC00011309DF81130002B00F03D819DF8173027
:103DD000002B2AD19DF811305C2B06D05C2B23DC04
:103DE000222B11D0272B0FD01EE0019B5C1C0198C9
:103DF000FEF708FF03461A462146019808F074FBB7
:103E0000019B013301931DE1019B5C1C0198FEF7AE
:103E1000F9FE03461A462146019808F065FB9DF815
:103E200011308DF817300DE100BF9DF817209DF877
:103E300011309A420ED1019B5C1C0198FEF7E2FE04
:103E400003461A462146019808F04EFB00238DF8E0
:103E50001730F7E09DF81730002B00F0E4809DF854
:103E600011305C2B40F0DF80019B5B788DF81630C1
:103E70009DF816209DF817309A420ED1019B5C1CCC
:103E80000198FEF7BFFE03461A462146019808F046
:103E90002BFB019B01330193D4E09DF81630302BAE
:103EA00048D100238DF8143002238DF8153020E01E
:103EB0009DF81530019A13441B788DF816309DF843
:103EC00016302F2B19D99DF81630372B15D89DF9A0
:103ED0001430DB005AB29DF81630303BDBB25BB2D7
:103EE00013435BB28DF814309DF8153001338DF813
:103EF00015309DF81530042BDAD99DF81530022BBA
:103F000018D99DF81530013B019AD4180198FEF795
:103F100079FE02469DF81530D31A02331A4621461F
:103F2000019808F0E1FA019B5A1C01929DF81420B7
:103F30001A7087E09DF81630782B74D100238DF825
:103F4000123002238DF813304CE09DF81330019AA3
:103F500013441B788DF816309DF816302F2B11D98D
:103F60009DF81630392B0DD89DF912301B015AB22D
:103F70009DF81630303BDBB25BB213435BB28DF879
:103F800012302AE09DF81630602B11D99DF81630BA
:103F9000662B0DD89DF912301B015AB29DF81630D0
:103FA000573BDBB25BB213435BB28DF8123014E0C7
:103FB0009DF81630402B19D99DF81630462B15D890
:103FC0009DF912301B015AB29DF81630373BDBB217
:103FD0005BB213435BB28DF812309DF8133001339E
:103FE0008DF813309DF81330032BAED99DF81330A4
:103FF000022B18D99DF81330013B019AD41801986F
:10400000FEF700FE02469DF81330D31A02331A461B
:104010002146019808F068FA019B5A1C01929DF80C
:1040200012201A700EE09DF81730002B07D19DF872
:104030001130184608F0C9FB0346002B05D1019B3F
:1040400001330193B9E600BF00E000BF039B1A688B
:104050009DF803309A42FFF48CAE00E000BF039B52
:104060001B680C2B04D908494FF48660EFF774F9EC
:10407000039B1B689B00029A134400221A609DF860
:104080001730184606B010BD24DD030000B583B01C
:1040900001900B468DF80330019B9B689DF803202F
:1040A0001A709DF80330022B12D1019B9B680022ED
:1040B0001A75019B9B680022DA74019B9B680022A1
:1040C0009A74019B1B68044A0321019801F09CFB30
:1040D00000BF03B05DF804FB78DD030082B00190FF
:1040E000019B9B680022C3F83C2100BF02B07047CF
:1040F00000B587B001900B468DF803300023039381
:104100000023049300238DF8143000238DF816301B
:104110009DF8033083F00103DBB2002B49D0019BF3
:104120009B68D3F83C31002B00F0E1800198FFF749
:10413000ABF8019B9B68D3F83C0103A9002309223B
:1041400004F004F8019B9B68049AC3F83C21019B8E
:104150009B689B7C8DF81730019B9B68D3F83C31A2
:10416000002B7AD1019B9B6894331846FEF74AFDD9
:104170000346002B0BD0019B9B6803F11402019BAB
:104180009B6894331946104608F084FA03E0019BBB
:104190009B6800221A75019B9B6814331846FEF732
:1041A00031FD0346DBB28DF8143001238DF8163053
:1041B00053E0019B9B68D3F83C21019B9B68D3F89B
:1041C00038319A4200F09580019B9B68D3F83431D6
:1041D000002B00F08E800198FFF756F8019B9B683A
:1041E000D3F83C31002B26D1019B9B681433184631
:1041F000FEF708FD03468DF81730019B9A68019B76
:104200009B68D2F83421C3F83C219DF81730002B6D
:104210000BD0019B9B6803F19402019B9B681433B4
:104220001946104608F036FA17E0019B9B680022F9
:1042300083F8942011E0019B9B68D3F83C0103A90B
:104240000023092203F082FF9DF814308DF8173007
:10425000019B9B68039AC3F83C219DF8163083F0BC
:104260000103DBB2002B17D0019B9B68D3F83C0104
:1042700003A90023092203F069FF019B9B68D3F87F
:104280003C01019B9B6803F114019DF8143001333C
:104290001A46092303F05AFF019B9B689DF81420DE
:1042A000DA74019B9B689DF814209A749DF8143071
:1042B0009DF817209A4202D90198FEF765FE019BEE
:1042C0009B6814330D4A0821019801F09DFA01986A
:1042D000FEF7A8FC0346002B05D10198FEF7C0FCB1
:1042E0000346002B06D00198FEF7C0FE02E000BF97
:1042F00000E000BF07B05DF804FB00BF78DD0300FD
:1043000000B587B001900091009B002B04D12D498E
:1043100040F2B240EFF720F8019B9B68D3F83431AC
:10432000002B13D1019B9B68009AC3F83421019B99
:104330009B68009AC3F83821002303930023049359
:10434000019B9B689B7C8DF8143024E0019B9B684B
:10435000D3F8340103A90023092203F0F7FE009BE0
:104360000493019B9B68D3F8340103A9002309221D
:1043700003F0DAFE00230493019B9B68D3F83431E9
:104380000393019B9B689B7C8DF81430019B9B6879
:10439000009AC3F8342103A900230922009803F0EE
:1043A000C3FE019B9B6803F11401019B9B689B7CEE
:1043B00001331A460923009803F0B6FE00BF07B088
:1043C0005DF804FB24DD030000B587B00190019B7C
:1043D0009B68D3F83831002B3FD0019B9B68D3F802
:1043E0003831059302A900230922059803F0AEFE97
:1043F000019B9B68039AC3F8382102AB0922002174
:10440000184608F091F902A900230922059803F043
:104410008BFE059803F0A2FD019B9B68D3F8383111
:10442000002B05D1019B9B680022C3F8342115E0C5
:10443000019B9B68D3F8380102A90023092203F0ED
:1044400085FE00230293019B9B68D3F8380102A9E3
:104450000023092203F068FE00E000BF07B05DF80A
:1044600004FB00B583B0019002E00198FFF7ACFFB8
:10447000019B9B68D3F83831002BF6D100BF00BFF9
:1044800003B05DF804FB00B589B00190019B9B6807
:1044900014331846FEF7B6FB03468DF81B3001981F
:1044A000FFF71CFE9DF81B30002B5BD0019B9B6827
:1044B000D3F83431002B36D0019B9B68D3F83401FC
:1044C00002A90023092203F041FE9DF810309DF857
:1044D0001B209A4227D1019B9B68D3F83401019B92
:1044E0009B6803F194019DF8103001331A460923AB
:1044F00003F02CFE019B9B6803F11402019B9B6857
:1045000094331946104608F091F80346002B05D164
:10451000019B9B68002283F8942024E0019B9B6808
:10452000002283F894200023079317E0019B5A6927
:104530009DF81B300A331946104603F0B8FC05906D
:10454000059B002B04D005990198FFF7D9FE0AE0DE
:104550000198FFF739FF079B01330793079B072B50
:10456000E4D900E000BF09B05DF804FB84B001901D
:10457000009100238DF80F301FE09DF80F30019A55
:1045800013441A789DF80F3000990B441B789A4217
:1045900002D09DF80F3019E09DF80F3001338DF8EF
:1045A0000F309DF80F30002B07D19DF80F30013BE5
:1045B0008DF80F309DF80F3008E09DF80F30019A0C
:1045C00013441B78002BD8D19DF80F30184604B047
:1045D0007047000000B587B00390029113468DF834
:1045E0000730029B002B04D13F4940F25B50EEF7AD
:1045F000B3FE039B9B689A7C039B9B68DB7CD31A6E
:104600008DF81730039B9B689B7C1A469DF80730FA
:1046100013447F2B64DC9DF80730002B60D0039B94
:104620009A68039B9B68DB7C19469DF807300B4416
:1046300010331344181D039B9A68039B9B68DB7C13
:1046400010331344191D9DF8173001331A4607F033
:104650004BFF039B9A68039B9B68DB7C10331344DE
:1046600004339DF807200299184607F03DFF039B8D
:104670009B6814331846FEF7C5FA0246039B9B68F5
:10468000D2B29A74039B9A68039B9B68DB7C1033BD
:1046900013440433154A0821039801F0B5F8039B2D
:1046A0009B68D97C039B9B689DF807200A44D2B283
:1046B000DA740398FEF7B6FA0346002B05D1039887
:1046C000FEF7CEFA0346002B02D00398FEF7CEFC8D
:1046D0009DF81730002B04D00398FEF77DFD00E015
:1046E00000BF07B05DF804FB24DD030078DD0300A4
:1046F00010B588B00590049113468DF80F30049BD7
:10470000002B04D1059B9B6800225A744DE0284B76
:104710001B681846FEF776FA0346DAB29DF80F30AA
:1047200013448DF80F30059B9B685B7B1C46204B28
:104730001B681846FEF766FA0346E21A9DF80F302A
:10474000B2FBF3F38DF81F300498FEF75BFA0346D3
:10475000DBB29DF80F20D31A8DF81E30059B9A68A6
:10476000537C591CC9B251749DF81F20B3FBF2F160
:1047700001FB02F29B1ADBB2002B0AD10C4B1A6828
:10478000049B009313460B4A0721059801F03CF85F
:1047900005E0049B084A0721059801F035F89DF8CB
:1047A0001E3019460598FEF79FFC08B010BD00BFEB
:1047B000083000209CDD030078DD030000B5A3B0C5
:1047C00003900023209300231F9300238DF87B3058
:1047D00000238DF87A30039B9B689B7CC3F17F0399
:1047E0008DF879309DF87930002B00F0DE81039B45
:1047F0009B6803F19400039B9B6803F11401039BE6
:104800009B68DB7C1A4607F05DFF039B9B68039A5D
:104810009268D27C1344002283F89420039B9A6808
:10482000039B9B68DB7C013B13441B7D184607F010
:10483000CCFF0346002B14BF012300238DF87330F7
:104840000398FFF74BFC039B9B6803F194020EA9AE
:104850001BA80C23FFF780FA9DF87B309B00883360
:104860006B4453F8503C1846FEF7CCF903468DF8DC
:10487000783000231D9300230993002308931B9B8A
:10488000002B09D09DF87B209DF873101B9B0B44D7
:10489000013B9A42C0F0A7809DF87330002B03D0F3
:1048A00000238DF878300CE09DF87B309B00883336
:1048B0006B4453F8503C1846FEF7A4F903468DF8B4
:1048C0007830002321939DF87B10219A531C21936B
:1048D00009A80AAB009303461D98FEF775FA099BD9
:1048E000002B7ED09DF87B309B0088336B4453F8BF
:1048F000500C099B1B689DF87820194607F05FFE55
:104900000346002B03D0089B002B68D06AE0089B6D
:10491000002B1BD1219B013B1F93099B1B68184651
:10492000FEF770F903468DF87A309DF879209DF8EE
:104930007A109DF87830CB1A9A4241DD9DF87A20A2
:104940009DF87830D31A8DF8793039E0099B1B68CF
:104950001846FEF757F903468DF872309DF872201D
:104960009DF87A309A4203D99DF872308DF87A30EA
:104970009DF87930002B23D09DF87B1008AA04AB5A
:1049800000931346209A1D98FEF71EFA099B1A6899
:104990009DF87830D018089B1A689DF87830134439
:1049A0001946FFF7E3FD03468DF872309DF8792034
:1049B0009DF872309A4203D99DF872308DF87930A3
:1049C000219B013B2093099B0893219B002B7FF4A3
:1049D0007AAF7A4A0421039800F016FF02E000BF84
:1049E00071E700BF2DE0002321939DF87B10219AF1
:1049F000531C219309A80AAB009303461D98FEF7A8
:104A0000E3F9219B002B05D16C4A0421039800F0A7
:104A1000FBFECFE0099B002B00F0C9809DF87B30A6
:104A20009B0088336B4453F8502C099B1B68194634
:104A3000104607F0FBFD0346002BD6D1099B9B686F
:104A40001D931D9B002B10D0099B002B0DD09DF8B2
:104A50007B3001338DF87B309DF87B209DF87310FF
:104A60001B9B0B449A42FFF40AAF089B002B00F0FB
:104A7000A0801F9A209B9A4256D11D9B1B78002B29
:104A800009D09DF87B1008AA0AAB00931346209A20
:104A90001D98FEF799F9089B1B681846FEF7B2F8B7
:104AA00002469DF878309A420AD0089B1A689DF811
:104AB000783013449DF8792019460398FFF78AFD52
:104AC000039B9B68039A9268D27C13441B7D184613
:104AD00007F07BFE0346002B22D1039B9B6893F8D3
:104AE000413103F00103DBB2002B14D0039B9A6821
:104AF00092F8413123F0010382F8413120210398DB
:104B0000FEF7FEFE039B9A6892F8413143F00103E1
:104B100082F841314EE020210398FEF7F1FE49E092
:104B20000398FEF729FB45E09DF87A301A460021EC
:104B30000398FFF7DDFD1F9B219314E09DF87B1088
:104B400009AA0AAB00931346219A1D98FEF73CF977
:104B5000099B1B689DF87A2019460398FFF7C8FD4A
:104B6000219B01332193219A209B9A42E6D9039BF2
:104B70001B68134A0321039800F046FE039B9B68C1
:104B80001433104A0821039800F03EFE0398FEF704
:104B900023FB089B1A689DF8783013449DF8792010
:104BA00019460398FFF716FD04E000BF02E000BFBE
:104BB00000E000BF23B05DF804FB00BFA4DD0300EC
:104BC000D4DD030078DD030082B003468DF80730A2
:104BD0009DF90730002B01DA0B2300E00023184673
:104BE00002B0704700B585B001900023039303AB7A
:104BF0000DF10B0101220198FEF7BEF8039B002B7B
:104C000000F040819DF80B301846FFF7DDFF0346AA
:104C1000002B40F0358103F0E7FB019B9B685B783C
:104C2000022B00F0C980022B00F32581002B03D05A
:104C3000012B00F0B3801EE1019B1A7E9DF80B3022
:104C40009A4210D1019B9B689B7C002B03D1019859
:104C5000FEF70CFA02E0019800F0B8F90221019881
:104C6000FFF714FA11E19DF80B301B2B3EDC002BF3
:104C70006BDB1B2B69D801A252F823F0894D03008E
:104C80004B4D03004B4D03004B4D03004B4D0300B8
:104C90004B4D03004B4D03004B4D0300174D0300DC
:104CA000FD4C03004B4D03004B4D03004B4D0300E7
:104CB0004B4D03004B4D03004B4D03004B4D030088
:104CC0004B4D03004B4D03004B4D03004B4D030078
:104CD0004B4D03004B4D03004B4D03004B4D030068
:104CE0004B4D03004B4D0300F34C03007F2B1FD0B3
:104CF0002BE0019B9B6801225A704EE0019B9B6850
:104D000093F8413103F00803DBB2002B3ED0019849
:104D1000FFF754FD3AE0019B9B6893F8413103F0A3
:104D20000803DBB2002B33D00198FEF7F3FE2FE02F
:104D3000019B9B6893F8413103F00803DBB2002B21
:104D400028D00198FEF778FF24E09DF80B30184634
:104D500007F04BFD0346002B1ED0019B9B6893F888
:104D6000413103F00803DBB2002B06D09DF80B3075
:104D700019460198FEF7C4FD0EE09DF80B30194668
:104D80000198FEF794FD07E000BF7AE000BF78E0ED
:104D900000BF76E000BF74E000BF72E09DF80B300A
:104DA0005B2B04D1019B9B6802225A7069E0019B36
:104DB0009B6800225A7064E0019B9B6800225A7035
:104DC000019B9B6893F8413103F00803DBB2002B91
:104DD0005AD09DF80B30413B0B2B4AD801A252F818
:104DE00023F000BF154E03001F4E0300294E0300A1
:104DF000314E0300734E0300394E0300734E03001F
:104E0000414E0300734E0300734E0300734E0300C4
:104E1000494E030001210198FFF76AF92AE00021B9
:104E20000198FFF765F925E00198FEF707FD21E0FD
:104E30000198FEF7CCFC1DE00198FEF76CFA19E032
:104E40000198FEF721FA15E0019B9B6893F8413128
:104E500003F00103DBB2019A9268002B0CBF01231F
:104E60000023D9B292F8413161F3000382F8413155
:104E700000E000BF05E0019B9B6800225A7000E043
:104E800000BFB4E600BF00E000BF05B05DF804FB62
:104E900000B585B0019000238DF80F30019B9B6811
:104EA0001B7D002B00F08E8008E09DF80F30002B5A
:104EB00004D1019B9B6800221A7584E0019B9A68CB
:104EC0009DF80F30591C8DF80F1013441B7D1846A8
:104ED00007F07BFC0346002BE7D19DF80F30013B28
:104EE0008DF80F309DF80F30002B24D0019B9B686C
:104EF00003F11400019B9B6803F114029DF80F302D
:104F0000D118019B9B689B7C5A1C9DF80F30D31ACB
:104F10001A4607F0E9FA019B9B68997C019B9B6804
:104F20009DF80F208A1AD2B29A74019B9A68019B4D
:104F30009B68927CDA74019B9A68019B9B689B7CBE
:104F4000013B103313440433029300238DF80F30D8
:104F500007E09DF80F3001338DF80F30029B013BC5
:104F60000293029B1B78184607F02FFC0346002B88
:104F7000EFD1019B9A68019B9B689B7C013B10339E
:104F800013440433029A9A421DD0019B9A68019BF4
:104F90009B689B7C19469DF80F30CB1A1344002266
:104FA0001A75019B9B68997C019B9B689DF80F205B
:104FB0008A1AD2B29A74019B9A68019B9B68927C70
:104FC000DA7400E000BF05B05DF804FB00B5A1B0E5
:104FD000039000231E9300231D9300231C930023A2
:104FE0001B930398FFF754FF0398FFF74CFA039BBA
:104FF0009B6803F114020AA917A80C23FEF7ACFE64
:1050000003468DF86730179B002B03D10398FEF7FA
:105010002DF814E19DF86730002B07D09DF867301C
:10502000884A0221039800F0EFFB08E100231F9358
:1050300037E0854A854BD31ADB081F9A9A4217D36B
:105040000398FDF7EFFD0346002B08D00A9B804A2A
:105050000092804A0221039800F0D6FBEFE00A9B01
:105060007B4A00927C4A0221039800F0CDFBE6E0E7
:105070001F9BDB00754A13441B931E9B9B008033D0
:105080006B4453F8582C1B9B5B681B6819461046F1
:1050900007F0CCFA0346002B0BD000BF1F9B013357
:1050A0001F93694A694BD31ADB081F9A9A42C0D9E9
:1050B00000E000BF1B9B1B7883F00103DBB2002BD9
:1050C00004D1664940F28770EEF746F900231A933F
:1050D000002305931B9B5B68DB681893189B002BD0
:1050E00004D0039B9B681B9A52685A601B9B5B68A9
:1050F0009B681B931E9B01331E9300231F93179BDA
:105100001E9A9A4256D21E9B9B0080336B4453F8E2
:10511000583C5349184607F089FA0346002B0CD037
:105120001E9B9B0080336B4453F8583C4D491846F6
:1051300007F07CFA0346002B08D1039B9A6892F88B
:10514000413143F0020382F8413134E01F9A531C8D
:105150001F9305A906AB00930B461E991B98FDF7FC
:1051600033FE1F9B002B26D0059B002B23D01E9BBC
:105170009B0080336B4453F8582C059B1B681946E1
:10518000104607F053FA0346002BB8D1059BDB68A5
:10519000002B06D01E9B1D931F9B013B1C931B9B4A
:1051A0001A931E9B01331E9300231F93059B9B683C
:1051B0001B93A4E700BF0398FEF7ADF80398FDF733
:1051C00031FD034683F00103DBB2002B02D00398CC
:1051D000FDF74CFF1A9B002B1BD005AA06AB0093D2
:1051E00013461C9A1D991A98FDF7EEFD039B9B68C8
:1051F000059A5A60039B9B685B68DB6817991D9A48
:10520000881A0AA91D9A92000A44014603989847F1
:105210000DE0189B002B05D017990AAA189B03983C
:10522000984704E0104A0221039800F0EDFA039B2E
:105230009A6892F8413123F0020382F8413121B09B
:105240005DF804FBDCDD030034C90300E4C803009F
:1052500010DD0300F4DD0300FCDD030024DD0300AA
:1052600008DE03000CDE030014DE030000B585B089
:1052700001900091019B002B04D10F4940F2E67090
:10528000EEF76AF8009B002B04D10B4940F2E7705F
:10529000EEF762F8019B0393009B0293039B1A684D
:1052A000029B1B681946104607F0C0F903461846D2
:1052B00005B05DF804FB00BF24DD030000B585B038
:1052C000034600918DF80730009B0393039B002B4E
:1052D00004D10D4940F2F270EEF73EF8039B9B6853
:1052E00093F830219DF80730002B02D14FF4801342
:1052F00001E04FF400231946104604F0A3FA00BF62
:1053000005B05DF804FB00BF24DD030010B588B0D4
:105310000390029113468DF80730039B002B04D1B4
:105320005F4940F60800EEF717F8039B9B68002BD7
:1053300007D0039B5B68002B03D0039B1B68002BEB
:1053400004D1574940F60900EEF706F8039B1B7E8F
:105350000A2B08D0039B1B7E0D2B04D0504940F62E
:105360000A00EDF7F9FF039BDB68039A5A61039B80
:105370005B681B681C68039B5868039B494A029939
:10538000A0470690069B002B01D0069B85E0039B5F
:105390005B69002B04D1424940F61900EDF7DCFFB0
:1053A000039B5B69184602F077FD0690069B002B75
:1053B00001D0069B71E0039B9B680022C3F8342157
:1053C000039B9B680022C3F83821039B9B684FF422
:1053D000A2720021184607F0A7F9039B9B680122DF
:1053E00083F84021039B9A6892F841319DF8071099
:1053F00061F3820382F84131039B9A6892F841314C
:1054000043F0080382F84131039B9B6801221A7024
:10541000039B9B6850225A73039B9B6818221A7344
:10542000214B05930023079321E0079BDB001F4AD4
:1054300013440493049B002B04D1194940F6350012
:10544000EDF78AFF049B5B681B68002B04D11449AD
:1054500040F63600EDF780FF049B5A68079B9B00DF
:1054600005990B4412681A60079B01330793104A91
:105470000E4BD31ADB08079A9A42D6D30C4A0B4B31
:10548000D31A072B08D90A4A084BD31AD908094B53
:105490000422059806F072FE0023184608B010BDDD
:1054A00024DD0300BD520300582E0020E4C8030091
:1054B00034C903006D52030000B587B00190019B11
:1054C0000593059800F0DCF80490049B0393039B7C
:1054D000002B05D00C4A40F64D010398FAF7FCF971
:1054E0004FF4780004F064F90290029B03F4000387
:1054F000002B05D0059800F063F804F0F1F9EFE710
:10550000059800F019F9EBE724DD030000B587B03A
:105510000390029111461A460B468DF80730134648
:105520008DF80630039B002B04D1164940F6660027
:10553000EDF712FF9DF807301A4602990398FFF71E
:10554000E5FE0590059B002B17D19DF80630002B3A
:1055500013D0039BDB681A469DF82030194610468D
:1055600005F01EFA0490049B002B01DA042305E0E9
:10557000039BDB681846FDF7D3FA059B184607B076
:105580005DF804FB24DD030010B582B00190019B9F
:105590001968019B9C68019A084803F087FF03463D
:1055A00084F83031019B9B6893F83031FF2B01D197
:1055B000042300E00023184602B010BDB9540300D4
:1055C00000B585B00190019B002B04D1224940F623
:1055D0008C00EDF7C1FE019B9B68002B07D0019B5F
:1055E0005B68002B03D0019B1B68002B04D11A4978
:1055F00040F68D00EDF7B0FE019BDB68002B09D073
:10560000019BDB681846FDF793FA019BDB6818469F
:1056100005F024FA019B5B681B685B68019A52687D
:10562000104698470390039B002B01D0039B0FE08B
:105630000198FEF716FF019B9B684FF4A2720021B0
:10564000184607F071F8019B9B6800221A7000232E
:10565000184605B05DF804FB24DD030000B583B0F7
:105660000190019B9B6893F830314FF4000118467C
:1056700004F0E8F80023184603B05DF804FB0000CE
:1056800000B585B00190019B002B04D1284940F65C
:10569000B300EDF761FE019B9B68002B07D0019BD7
:1056A0005B68002B03D0019B1B68002B04D12049B1
:1056B00040F6B400EDF750FE019B9B681B78012B70
:1056C00001D008232FE004F04DF903460393019B1A
:1056D000DB68039A1A61019B5B681B689B68019AEF
:1056E0005268002110469847029004F03BF90346A7
:1056F0004FF48011184604F0A5F8029B002B11D13D
:1057000008210198FDF7BAFF01210198FEF704F87E
:10571000019B1B690749184601F0C4FB022101984F
:10572000FEF7B4FC029B184605B05DF804FB00BF11
:1057300024DD030034DE030000B585B00190019B39
:10574000002B04D1264940F6E400EDF705FE019B4D
:105750009B68002B07D0019B5B68002B03D0019B4B
:105760001B68002B04D11E4940F6E500EDF7F4FD5F
:10577000019B9B681B78012B02DC002B24DA26E0BE
:10578000022B00D023E00198FFF72CFA00210198AA
:1057900000F0C8FB03468DF80F309DF80F30002B4A
:1057A00014D0019B1B680F4A0321019800F02CF8CC
:1057B000019B9B6814330B4A0821019800F024F8E0
:1057C0000198FDF709FD01E000BF00E000BF019B6B
:1057D0001B69184601F044FB00BF05B05DF804FBEF
:1057E00024DD030078DD030000B585B0039002914D
:1057F00001920023019A02990398FDF74FFA00BF26
:1058000005B05DF804FB00000CB400B585B0019054
:105810000B468DF80330069B002B04D12B4940F634
:105820000D10EDF799FD019B002B04D1274940F69F
:105830000E10EDF791FD019B9B68002B07D0019B9B
:105840005B68002B03D0019B1B68002B04D11F4910
:1058500040F60F10EDF780FD0023039307AB039391
:10586000019B9B6893F8413103F00403DBB2002BEA
:105870001ED0019B9B68DB7B9DF803209A4217D0CA
:1058800002AB19460198FDF781FF9DF803301946D8
:105890000198FDF7F3FE019B1B6903AA06991846C0
:1058A00001F0E0FC02AB19460198FDF77CFF07E030
:1058B000019B1B6903AA0699184601F0D3FC00BF9F
:1058C00000BF05B05DF804EB02B0704724DD0300B3
:1058D00000B589B00390029101928DF80330029BCC
:1058E000002B00F0BC809DF80330002B05D0019BFD
:1058F000DBB219460398FDF7F7FB0023069302E09D
:10590000069B01330693029A069B13441B781846A4
:1059100006F05BFF0346002BF2D1002305930298AB
:10592000FDF770F90246069BD31A0793039B9B6809
:105930005B7B1A46019BD31A079A9A423AD80023F6
:10594000059326E0069A059B1344029A13441B789C
:105950000A2B1BD1039B1B69184601F081FA029A9E
:10596000069BD1180023059A0398FDF797F9059A2D
:10597000069B1344013306930398FDF777FB019BC5
:10598000DBB219460398FDF7AFFB06E0059B013338
:105990000593059A079B9A42D4D3039B1869029AF0
:1059A000069B1344194601F07DFA00BF0398FDF7EA
:1059B0005DFB55E0039B9B685B7B1A46019BD31AFA
:1059C0000793069A059B1344029A13441B781846C2
:1059D00006F0FBFE0346002B09D0059B0793069AB1
:1059E000059B1344029A13441B780A2B0BD0059A8B
:1059F000019B1344039A9268527B934205D2059B04
:105A000001330593DDE700BF00E000BF039B1B6986
:105A1000184601F025FA029A069BD1180023079A2E
:105A20000398FDF73BF9069A079B1344069302E09F
:105A3000069B01330693029A069B13441B78184673
:105A400006F0C3FE0346002BF2D10398FDF70EFBD0
:105A5000019BDBB219460398FDF746FB5DE700BFEB
:105A600009B05DF804FB000030B591B005900491D9
:105A70000392059B002B04D1B44940F68D10EDF73D
:105A80006BFC059B9B68002B07D0059B5B68002B7C
:105A900003D0059B1B68002B04D1AC4940F68E1047
:105AA000EDF75AFC0023ADF83E30A948FDF7AAF8FF
:105AB00003469CB2A748FDF7A5F803469BB2E31A3C
:105AC000ADF83C30059B9B685B681B68A24A00925E
:105AD000A24A08210598FFF797FE059B9B685B6823
:105AE0001B681846FDF78EF803469CB29A48FDF7EE
:105AF00089F803469BB22344ADF83E30059B9B6872
:105B00005B685968BDF83E2000230598FFF7E0FE6A
:105B1000934A08210598FFF777FE039B002B4AD094
:105B2000049B002B47D000230E9340E00E9A1346AF
:105B30005B0013449B001A46049B13445B681846A1
:105B4000FDF760F804460E9A13465B0013449B0071
:105B50001A46049B13441B681846FDF753F8034686
:105B6000E218BDF83C309A421ED90E9A13465B00EB
:105B700013449B001A46049B13445B681846FDF7C8
:105B800041F803469CB20E9A13465B0013449B00F7
:105B90001A46049B13441B681846FDF733F8034666
:105BA0009BB22344ADF83C300E9B01330E930E9A0A
:105BB000039B9A42BAD36748FDF724F80346694A23
:105BC000127813449AB2BDF83C301344ADF83C301F
:105BD000BDF83C305E4A0092634A08210598FFF701
:105BE00013FE604B1B781A46BDF83C3013449BB241
:105BF0000133ADF83E30BDF83E2000235B490598E7
:105C0000FFF766FE049B002B00F0018100230D933B
:105C1000F8E00D9A13465B0013449B001A46049B60
:105C200013445B68002B69D00D9A13465B00134444
:105C30009B001A46049B13441B68002B5ED00D9AF0
:105C400013465B0013449B001A46049B1344596897
:105C50000D9A13465B0013449B001A46049B1344A1
:105C60001B6801933B4B00930B46414A0821059862
:105C7000FFF7CAFD3B4B1B781A46BDF83C30134476
:105C8000ADF83E30BDF83E30DCB20D9A13465B00F5
:105C900013449B001A46049B13445B681846FCF7A8
:105CA000B1FF0346DDB20D9A13465B0013449B001F
:105CB0001A46049B13441B681846FCF7A3FF0346CF
:105CC000DBB22B44DAB2274B1B781344DDB22148F8
:105CD000FCF798FF0346DBB22B44DBB2E31ADBB2DE
:105CE00019460598FDF700FA3A210598FDF730F8B6
:105CF000BDF83E300133ADF83E3062E00D9A1346F8
:105D00005B0013449B001A46049B13445B68002B02
:105D100030D0BDF83C100D9A13465B0013449B0035
:105D20001A46049B13445B6800930B460E4A0821F5
:105D30000598FFF769FD0B4B1B781A46BDF83C3000
:105D400013449BB20133ADF83E303AE024DD03004A
:105D500048E3030054E3030058E3030038DE030084
:105D600040DE03005CE303004CDE030054DE03006E
:105D700068DE03000D9A13465B0013449B001A462D
:105D8000049B13441B68002B1BD0BDF83C100D9ADC
:105D900013465B0013449B001A46049B13441B6884
:105DA00000930B465C4A08210598FFF72DFD5B4BDD
:105DB0001B781A46BDF83C3013449BB20133ADF852
:105DC0003E300D9A13465B0013449B001A46049B19
:105DD00013449B68002B0FD00D9A13465B001344AD
:105DE0009B001A46049B13449968BDF83E2000238B
:105DF0000598FFF76DFD02E00598FDF737F90D9B5B
:105E000001330D930D9A039B9A42FFF402AF059B59
:105E10009B685B689B68002B76D0059B9B685B68E2
:105E20009B680B93002306930023ADF83E300023BC
:105E3000ADF83C3000230C930C9A531C0C9306A92C
:105E400007AB00930B4601210B98FCF7BDFF069BA7
:105E5000002B12D0069B1B681846FCF7D3FE0246A7
:105E6000BDF83C309A42E7D9069B1B681846FCF700
:105E7000C9FE0346ADF83C30DEE700BF0C9B012BAA
:105E800044D0274A08210598FFF7BEFC00230C9355
:105E90000C9A531C0C9306A907AB00930B460121E7
:105EA0000B98FCF791FF069B002B31D01B4B1B7806
:105EB0001A46BDF83C301344ADF83E30BDF83E20E4
:105EC000069B1B6800931346134A08210598FFF7A9
:105ED0009BFC124B1B781A46BDF83E3013449BB214
:105EE0000133ADF83E30069B5B68002B08D0069B63
:105EF0005968BDF83E2000230598FFF7E9FCC7E785
:105F00000598FDF7B3F8C3E700BF02E000BF00E06B
:105F100000BF11B030BD00BF4CDE03005CE30300E6
:105F200074DE030000B59BB003900B468DF80B3078
:105F300000238DF86730039BDB68DB6812A9002221
:105F4000184602F047FC0346002B01D00023DDE099
:105F50009DF80B30002B18D0129B184602F047F822
:105F6000039B9B68D3F82C210132C3F82C21039B9F
:105F70009B68D3F82C3103F00703012B03D10123D5
:105F80008DF8673001E00123C0E00398FCF7A2FF21
:105F90001690169B9B78012B07D9169B9B78013B8B
:105FA000DBB219460398FDF7B7F8169B1B78012B57
:105FB00007D9169B1B78013BDBB219460398FDF706
:105FC0007BF80398FCF7E0FF9DF86730002B06D0C4
:105FD000504A02210398FFF717FC012396E00023A3
:105FE000189312980FA9189B0C2202F0AFF80C23FB
:105FF0001893119B0C93109B9BB2ADF83430012386
:106000008DF838309DF83C3003F00303DBB2012BF0
:106010002ED10F9BC3F3952314939DF83C30C3F30B
:10602000C203DBB28DF836309DF83C30C3F38003F9
:10603000DBB2002B14BF01230023DBB28DF8373015
:10604000BDF83C30C3F38313DBB213931298139B58
:106050009A0006A9189B02F079F8039B1B690CAA09
:1060600006A900931346139A149805F001F83CE032
:106070009DF83C3003F00303DBB2022B35D1BDF8B1
:106080003E30C3F389139BB217939DF83C30C3F3A2
:10609000C203DBB28DF836309DF83C30C3F3800389
:1060A000DBB2002B14BF01230023DBB28DF83730A5
:1060B000179B082B28BF08231593129804A9189B37
:1060C000159A02F043F8189A159B13441893179ADF
:1060D000159BD31A1793039B1B690CAA04A8159947
:1060E00005F068F8179B002BE2D1129B184601F0CF
:1060F0007EFF039BDB68DB6812A90022184602F0D2
:1061000069FB0346002B3FF46AAF012318461BB01E
:106110005DF804FB84DE030000B587B001900091B8
:10612000019B0493049B5B690393039B9B681B780F
:10613000042B3AD0039B9B681B78032B0CBF0123D5
:1061400000238DF80B30049BDB686A461146184625
:1061500002F088FA059010E09DF80B3083F00103FF
:10616000DBB219460398FFF7DDFE049BDB686A4645
:106170001146184602F076FA0590059B002BEBD1EC
:10618000009B184601F024FF9DF80B30002B04D033
:1061900000210398FFF7C6FE07E0049B1B69DBB2F2
:1061A0004FF40011184603F04DFB00BF07B05DF837
:1061B00004FB82B0019000BF02B0704700B585B00B
:1061C0000190019B0393039B5B690293029B5B68B5
:1061D0001B689B68029A5268012110469847034643
:1061E000002B04D1029B9B6803221A7003E0029BE0
:1061F0009B6804221A7000BF05B05DF804FB000024
:1062000000B585B00390019200930B468DF80B30DA
:106210000398FCF795FC0346002B06D0009A0199E1
:106220000398FFF721FC01230FE09DF80B30002BB2
:106230000AD0039B9B685B681B68064A022103988F
:10624000FFF7E2FA012300E00023184605B05DF8ED
:1062500004FB00BFB4DE030000B585B003900291DB
:106260000192039B002B04D12B4940F60730EDF738
:1062700073F8039B9B68002B07D0039B5B68002B84
:1062800003D0039B1B68002B04D1234940F6083040
:10629000EDF762F8029B022B0BD10398FCF750FC40
:1062A0000346002B05D0002200210398FFF7DCFBFA
:1062B0002FE0039B002B04D117494FF43160EDF719
:1062C0004BF8039B1B69002B04D113494FF4316039
:1062D000EDF742F8039B1B69104A1149184600F07C
:1062E000E1FD039B002B04D10B4940F61130EDF783
:1062F00033F8039B1B69002B04D1074940F611308A
:10630000EDF72AF8039B1B69064A0549184600F079
:10631000C9FD05B05DF804FB24DD030060E3030064
:1063200078DD030064E3030000B585B003900291BB
:106330000192029B012B14BF01230023D9B2002339
:1063400000220398FFF75CFF0346002B08D1039B54
:106350009A6892F8413123F0040382F8413100E059
:1063600000BF05B05DF804FB00B585B00390029155
:106370000192029B012B14BF01230023D9B20023F9
:1063800000220398FFF73CFF0346002B08D1039B34
:106390009A6892F8413143F0040382F8413100E0F9
:1063A00000BF05B05DF804FB00B587B0059004910F
:1063B0000392059B002B04D11F4940F62930ECF7CE
:1063C000CBFF059B9B68002B07D0059B5B68002BD0
:1063D00003D0059B1B68002B04D1174940F62A30D7
:1063E000ECF7BAFF049B012B05D100220021059890
:1063F000FFF73AFB1DE0049B022B14BF012300238F
:10640000D9B2002300220598FFF7FAFE0346002BBD
:106410000ED1039B1A68039B04331B680193074B3F
:1064200000931346064A02210598FFF7EDF900E0B4
:1064300000BF07B05DF804FB24DD0300F8DC0300B7
:10644000D0DE030000B587B0059004910392049B51
:10645000022B8CBF01230023D9B200230022059810
:10646000FFF7CEFE0346002B23D1049B022B0ED157
:10647000039B1A68039B04331B6801930F4B009323
:1064800013460F4A02210598FFF7BEF912E0059B5B
:106490009B6893F8413103F00803DBB2002B01D075
:1064A000084B00E0084B094A08210598FFF7ACF9B2
:1064B00000E000BF07B05DF804FB00BFF8DC03009C
:1064C000D0DE0300DCDE0300E0DE0300E4DE0300D8
:1064D00000B585B0039002910192029B012B14BF7D
:1064E00001230023D9B2002300220398FFF788FE7E
:1064F0000346002B08D1039B9A6892F8413123F0A0
:10650000080382F8413100E000BF05B05DF804FBEC
:1065100000B585B0039002910192029B012B14BF3C
:1065200001230023D9B2002300220398FFF768FE5D
:106530000346002B08D1039B9A6892F8413143F03F
:10654000080382F8413100E000BF05B05DF804FBAC
:1065500000B58DB0059004910392059B002B04D1EA
:106560002D4940F66F30ECF7F7FE059B9B68002B3A
:1065700007D0059B5B68002B03D0059B1B68002B95
:1065800004D125494FF43760ECF7E6FE049B012B5C
:1065900014BF01230023D9B2002300220598FFF77E
:1065A0002FFE0346002B33D100230B93059B9B68E2
:1065B000D3F838310A930A9B002B23D00B9B072B6F
:1065C00020D807A9002309220A9801F0BFFD059BE6
:1065D0009B6803F194019DF8243001331A46092386
:1065E0000A9801F0B3FD089B0A930B9B5A1C0B926F
:1065F000059A926894320092084A08210598FFF79C
:1066000003F9D8E7059B9B68002283F8942000E0FB
:1066100000BF0DB05DF804FB24DD0300F8DE0300CD
:1066200000B587B0059004910392049B012B05D11E
:10663000002200210598FFF717FA1CE0049B022BAB
:106640000ED1039B1A68039B04331B6801930B4B09
:10665000009313460A4A02210598FFF7D5F80AE08D
:10666000049B022B8CBF01230023D9B200230022FC
:106670000598FFF7C5FD07B05DF804FBF8DC0300E3
:10668000D0DE030000B58BB0079006910592069B03
:10669000012B14BF01230023D9B200230022079845
:1066A000FFF7AEFD0346002B2BD1079BDB68DB68B1
:1066B000184602F049F903468DF827309DF8273037
:1066C000642203FB02F2079BDB68DB689B68B2FB7A
:1066D000F3F38DF82630079B9B68D3F82C019DF8C7
:1066E00026309DF827200799C968C96889680291F2
:1066F000019200930346054A08210798FFF784F8A2
:1067000000E000BF0BB05DF804FB00BF04DF030036
:1067100000B585B0039002910192029B012B14BF3A
:1067200001230023D9B2002300220398FFF768FD5C
:106730000346002B0BD1039B9B680022C3F82C213E
:10674000039BDB68DB68184602F012F900E000BF2B
:1067500005B05DF804FB000000B585B00390029120
:106760000192029B012B14BF01230023D9B2002305
:1067700000220398FFF744FD0346002B20D1039B22
:10678000002B04D1104940F6CE30ECF7E5FD039B19
:106790001B69002B04D10C4940F6CE30ECF7DCFD30
:1067A000039B1B69094A0A49184600F07BFB039BBF
:1067B0009B6850225A73039B9B6818221A7300E04F
:1067C00000BF05B05DF804FB24DD03006CE30300AB
:1067D00078DD030000B587B0059004910392059B16
:1067E000002B04D12B4940F6D530ECF7B5FD059BC5
:1067F0009B68002B07D0059B5B68002B03D0059B93
:106800001B68002B04D1234940F6D630ECF7A4FDD9
:10681000049B012B1BD1059B9B6803F10D01059B7C
:106820009B680C331A460598FCF7C8FE0346002BFC
:106830002AD0059B9B6850225A73059B9B6818229F
:106840001A73154A04210598FEF7DEFF1CE0049B2D
:10685000022B8CBF01230023D9B20023002205980C
:10686000FFF7CEFC0346002B10D1039B1A68039B55
:1068700004331B680193094B00931346084A022115
:106880000598FEF7C1FF02E000BF00E000BF07B0BF
:106890005DF804FB24DD030040DF0300F8DC0300A7
:1068A000D0DE030000B587B001900091019B5A69CA
:1068B000019B5B681B8919461046F2F710FB0346E3
:1068C000033B0293019B186902AA03A9012302F06A
:1068D00041F90590059B002B32D1029B009A9A4208
:1068E00020D8029B0493039B02AA19461648F6F788
:1068F000E3FE0590059B112B02D0059B132B01D1C4
:1069000000230293019B1B69029A1146184602F06C
:1069100027FA0590059B002B12D00C496A20ECF752
:106920001BFD0DE0019B1B690021184602F018FABF
:106930000590059B002B03D004496F20ECF70CFD5C
:1069400000BF07B05DF804FB344000207CE3030087
:1069500000B587B001903A4B1B6803930023059361
:10696000019B1B78032B63D801A252F823F000BFD0
:1069700081690300BB690300EF6903001B6A030020
:10698000019B9B890293039BD868019B9B6802AA89
:10699000194602F069F80590059B002B03D02949A0
:1069A0008420ECF7D9FC039B5B681B68039A526850
:1069B00052681146002098473DE0039B5A69039BAB
:1069C0005B681B8919461046F2F789FA0346033BB8
:1069D000049304990398FFF765FF039B5B681B68AA
:1069E000039A5268526811460120984723E0039B9E
:1069F0005B680122DA72039B9B681B68039A40F272
:106A000066611846F9F740FE0590059B002B11D0F2
:106A10000C499820ECF7A0FC0CE0039B9B681B68DA
:106A20001846F9F763FE039B5B680022DA7202E006
:106A300000BF00E000BF00BF07B05DF804FB00BF6F
:106A4000304000207CE3030000B585B001900E4B80
:106A50001B68039301210398FFF724FF039B9B68A6
:106A60001B68039A40F266611846F9F70DFE029022
:106A7000029B002B03D00549AC20ECF76DFC00BF56
:106A800005B05DF804FB00BF304000207CE303004C
:106A900000B583B001AB04220021184605F044FE86
:106AA000054B019301AB19460448F6F7ADFD0346CB
:106AB000184603B05DF804FB516903003440002020
:106AC00000B587B00390029101920093039B059358
:106AD000029B0493059B5B68019A1A60059B5B68A7
:106AE000009A5A60059B5B680022DA72059B5B681E
:106AF000049A12881A81059BDB68184601F096FFFC
:106B0000059B1B69184601F091FF044A059B136021
:106B10000023184607B05DF804FB00BF304000209A
:106B200000B585B00190019B0393039B9B681B6894
:106B30001846F9F7DBFD0290029B184605B05DF898
:106B400004FB000000B585B001900B468DF80330C2
:106B5000019B02939DF80330002B01D0062316E021
:106B600000230393029B5B689B7A83F00103DBB2F3
:106B7000002B0BD0029B9B68074A00211846F9F7AF
:106B800053FD0390029B5B6801229A72039B184697
:106B900005B05DF804FB00BF496A030000B587B08B
:106BA0000390029101920093009B002B03D10B49AB
:106BB000FB20ECF7D1FB039B0493009B019A1A6026
:106BC000049BDB68009A0299184602F045F805908C
:106BD000059B184607B05DF804FB00BF7CE303008B
:106BE00000B587B00390029101920093009B002BA7
:106BF00004D115494FF48970ECF7AEFB039B049365
:106C000000230593049B5B68DB7A002B0BD0009B71
:106C1000019A1A60049B1B69009A0299184601F0B8
:106C200023FF05900BE0009B019A1A60049B5B68B0
:106C30001B68049A52685268114601209847059BC8
:106C4000184607B05DF804FB7CE3030000B585B08F
:106C50000190019B0393002004F038FD0346002BB4
:106C600008D0039B5B681B68039A52685268114600
:106C700000209847039B5B681B68039A5268526820
:106C8000114601209847039B9B681B68019A4FF4AB
:106C9000A4711846F9F7F8FC0290029B002B03D070
:106CA00003493A20ECF758FB00BF05B05DF804FB40
:106CB000F0E3030000B587B00390029101920093C6
:106CC000039B0593059B5B68019A1A60059B5B68B3
:106CD000009A5A60059B5B6800221A7204F00EFD50
:106CE0000023184607B05DF804FB00B585B001909D
:106CF000019B0393039B9B681B681846F9F7F6FCFE
:106D00000346184605B05DF804FB000000B585B0E9
:106D100001900B468DF80330019B029300230393EF
:106D2000029B5B681B7A002B10D0029B9B681B6840
:106D30001846F9F7DBFC0390039B002B04D0039B60
:106D4000082B01D0039B2CE0002303939DF8033014
:106D500083F00103DBB2002B22D0029B5B681B7A1D
:106D600083F00103DBB2002B0BD0029B9B680F4A20
:106D700000211846F9F758FC0390029B5B6801223A
:106D80001A72039B002B0BD1029B9B681B68029A13
:106D90004FF4A4711846F9F777FC039004F0AEFCA9
:106DA000039B184605B05DF804FB00BF4D6C030063
:106DB00000B587B00390029101920093009B002BD5
:106DC00003D109498120ECF7C7FA019A0299002002
:106DD00004F0E8FB0590009B059A1A600023184612
:106DE00007B05DF804FB00BFF0E3030000B587B017
:106DF0000390029101920093009B002B03D116494E
:106E00008F20ECF7A9FA154B1B6803F00103002B48
:106E100004D1009B019A1A60002319E00023059316
:106E2000019A0299002004F02BFC0490059A049B1F
:106E300013440593019A049BD31A0193019B002BE1
:106E4000EED1009B002B02D0009B059A1A60002314
:106E5000184607B05DF804FBF0E30300F0ED00E036
:106E600000B583B00190019B002B03D10C49312068
:106E7000ECF772FA019B9B68002B0CD0019B5B69BD
:106E8000019A1069019A1168019A92689847019BCA
:106E900000229A6000E000BF03B05DF804FB00BF71
:106EA000C0E403000EB400B584B00190019B002B38
:106EB00003D118494220ECF74FFA019B5B69002B84
:106EC00003D114494320ECF747FA019B1B68002BC0
:106ED00003D110494420ECF73FFA019B5B68002B7B
:106EE00003D10C494520ECF737FA059B002B0AD05B
:106EF0000023039306AB039303AB1A46059901984D
:106F000000F0B0F900E000BF04B05DF804EB03B09E
:106F1000704700BFC0E4030000B583B001900B468A
:106F20008DF80330019B1A68019B9B68581C0199DE
:106F3000886013449DF803201A70019B9A68019B96
:106F40005B689A4202D30198FFF78AFF00BF03B043
:106F50005DF804FB00B587B00390029101920093A5
:106F600000230593009B03F00103002B24D00BE0CA
:106F7000029B01330293059B013305939DF8133067
:106F800019460398FFF7C8FF029B1B788DF8133052
:106F90009DF81330002BEBD106E0019B013B0193E0
:106FA00020210398FFF7B8FF019A059B9A422ED93A
:106FB000019B002BF1D12AE0029B002B0BD0029801
:106FC00005F0E7FA059006E0019B013B01932021C3
:106FD0000398FFF7A1FF019A059B9A420FD9019BE5
:106FE000002BF1D10BE0029B01330293059B01338F
:106FF00005939DF8133019460398FFF78DFF029B08
:107000001B788DF813309DF81330002BEBD100BFA7
:1070100007B05DF804FB000000B589B00390029151
:1070200001920093029B07930123069307E0079ABE
:10703000019BB2FBF3F30793069B01330693079A78
:10704000019B9A42F3D2009A069B9A4201D9009B77
:1070500006930B9B03F00103002B22D10A9B002B0C
:107060001FD00B9B03F00203002B06D0009B002BCC
:1070700003D130238DF8173002E020238DF817302C
:1070800008E00A9B013B0A939DF8173019460398C4
:10709000FFF742FF0A9B002B03D0069A0A9B9A42F5
:1070A000EFD301230793009B012B03D9009B013BE6
:1070B000009309E0029A079BB2FBF3F30493049A4E
:1070C000019B9A4200D205E0079B019A02FB03F361
:1070D0000793E8E7029A079BB2FBF3F30493049B40
:1070E000079A02FB03F3029AD31A0293154A049BF0
:1070F00013441B7819460398FFF70EFF079A019B6C
:10710000B2FBF3F30793079B002BE3D10B9B03F038
:107110000103002B11D00A9B002B0ED006E00A9B26
:10712000013B0A9320210398FFF7F6FE0A9B002BF0
:1071300003D0069A0A9B9A42F1D300BF09B05DF8CA
:1071400004FB00BF60E5030000B589B00590049121
:1071500003920293049B002BB8BF5B42069301236A
:10716000079307E0039B069A92FBF3F30693079BB2
:1071700001330793039B069A9A42F3DA029A079B1C
:107180009A4201D9029B07930A9B002B0AD0049BC9
:10719000002B04DB0B9B03F00403002B02D00A9BA3
:1071A000013B0A930B9B03F00203002B02D0029BCE
:1071B000002B16D00B9B03F00103002B11D10A9B6F
:1071C000002B0ED006E00A9B013B0A932021059874
:1071D000FFF7A2FE0A9B002B03D0079A0A9B9A4254
:1071E000F1D3049B002B07DA049B5B4204932D210F
:1071F0000598FFF791FE08E00B9B03F00403002BBA
:1072000003D02B210598FFF787FE0B9B03F00203A9
:10721000002B19D00B9B03F00103002B14D1029B10
:10722000002B11D10A9B002B0ED006E00A9B013BDC
:107230000A9330210598FFF76FFE0A9B002B03D0BD
:10724000079A0A9B9A42F1D304990B9B01930A9BDC
:107250000093029B039A0598FFF7DEFE00BF09B07A
:107260005DF804FB00B58FB0059004910392059B77
:10727000002B04D1AD494FF49F70ECF76DF8059BDE
:107280005B69002B04D1A9494FF4A070ECF764F8B6
:10729000059B1B68002B04D1A44940F24110ECF778
:1072A0005BF8059B5B68002B04D1A0494FF4A170EB
:1072B000ECF752F8049B002B00F09381049B1B78A1
:1072C0008DF83730049B013304939DF83730002B41
:1072D00000F07E819DF83730252B40F06D81002332
:1072E0000A9301230C93049B1B788DF837309DF88B
:1072F0003730302B0DD0302B1BDC2B2B11D02D2B0E
:1073000017D10A9B43F001030A93049B01330493B2
:1073100012E00A9B43F002030A93049B0133049397
:107320000AE00A9B43F004030A93049B013304938D
:1073300002E000230C9300BF0C9B002BD3D1002351
:1073400009939DF837302A2B0CD1039B1B68191D1C
:10735000039A11601B68099A13440993049B013333
:1073600004931AE0049B1B788DF837309DF8373072
:107370002F2B12D99DF83730392B0ED8049B0133AF
:107380000493099A13469B0013445B001A469DF828
:1073900037301344303B0993D3E700230B93049B0E
:1073A0001B788DF837309DF837302E2B1DD1049B7C
:1073B00001330493049B1B788DF837309DF83730E8
:1073C0002F2B12D99DF83730392B0ED8049B01335F
:1073D00004930B9A13469B0013445B001A469DF8D6
:1073E00037301344303B0B93E4E7049B1B788DF854
:1073F00037309DF837306C2B03D09DF83730682B31
:1074000007D1049B01330493049B1B788DF837301C
:10741000EFE79DF83730252B00F0C480252BC0F214
:10742000C680782B00F3C380582BC0F2C080583B35
:10743000202B00F2BC8001A252F823F0317503002A
:10744000AF750300AF750300AF750300AF750300A0
:10745000AF750300AF750300AF750300AF75030090
:10746000AF750300AF750300C1740300E37403003C
:10747000AF750300AF750300AF750300AF75030070
:10748000E3740300AF750300AF750300AF7503002D
:10749000AF750300AF750300AF750300717503008E
:1074A000AF750300AF75030055750300AF7503009A
:1074B00007750300AF750300AF7503003175030056
:1074C000039B1B68191D039A11601B680C930C9B8E
:1074D0008DF81F309DF81F3019460598FFF71CFDE9
:1074E00066E0039B1B68191D039A11601B680C93CF
:1074F0000A9B0193099B00930B9B0A220C99059808
:10750000FFF722FE54E0039B1B68191D039A1160CC
:107510001B680C930C990A9B0193099B00930B9B8E
:107520000A220598FFF778FD42E000BF0CE5030052
:10753000039B1B68191D039A11601B680C930C991F
:107540000A9B0193099B00930B9B10220598FFF760
:1075500063FD2DE0039B1B68191D039A11601B68D6
:1075600008930A9B099A08990598FFF7F3FC1FE016
:10757000039B1B68191D039A11601B680C93302133
:107580000598FFF7C9FC78210598FFF7C5FC0C9911
:107590000023019308230093082310220598FFF786
:1075A0003BFD05E025210598FFF7B6FC00E000BF94
:1075B000049B0133049305E09DF837301946059884
:1075C000FFF7AAFC049B1B78002B7FF477AE00E04A
:1075D00000BF059B1B7B002B04D00598FFF740FCE8
:1075E00000E000BF0FB05DF804FB00BF00B585B040
:1075F000039002910192039B002B02D0029B002B6F
:1076000001D10E2309E0039B029A1A60039B1B68B9
:107610001B680199039898470346184605B05DF822
:1076200004FB10B586B00590049103920293059B6C
:10763000002B02D0039B002B01D10E2340E0059BC1
:107640001B68002B01D108233AE0029B002B0AD0D3
:10765000059B5B685A68029BB3FBF2F101FB02F2E7
:107660009B1A002B01D009232AE0049800F0C6F8E9
:10767000034683F00103DBB2002B14D1039B1846B1
:1076800000F0BCF8034683F00103DBB2002B0AD103
:10769000029A0499059800F097F8034683F00103D5
:1076A000DBB2002B01D010230AE0059B1B68DC68CD
:1076B000089B0093029B039A04990598A0470346F0
:1076C000184606B010BD10B584B003900291019227
:1076D0000093039B002B01D10E232EE0039B1B681C
:1076E000002B01D1082328E0019B002B01D10923A5
:1076F00023E0039B5B681B685A1E029B1340002B10
:1077000010D1039B5B681B68019A02FB03F31A46C6
:107710000299039800F058F8034683F00103DBB2A6
:10772000002B01D0102308E0039B1B681C69009B01
:10773000019A02990398A0470346184604B010BD69
:1077400000B585B00190019B002B03D0019B1B6805
:10775000002B28D10023039319E0039A13469B00C2
:1077600013449B001A46154B13440193019B1B685D
:10777000002B09D0019B1B68DB69019898470346E1
:10778000002B01D0012314E0039B013303930C4A27
:107790000A4BD31A0B4AA2FB03231B09039A9A42F2
:1077A000DBD3002305E0019B1B68DB690198984748
:1077B0000346184605B05DF804FB00BF342F0020D7
:1077C000482F0020CDCCCCCC84B003900291019204
:1077D000039BDB68029A9A4209D3029A019B1344E5
:1077E0005A1E039B1B699A4201D8012300E0002323
:1077F00003F00103DBB2184604B0704782B0019079
:10780000019B03F00303002B0CBF01230023DBB219
:10781000184602B0704729DF704700BF184628DFBE
:10782000704700BF184610B487B001900091019BCB
:10783000009A53E8004F104643E8000191F0000F12
:10784000F7D1059404900391059B184607B05DF8A5
:10785000044B704710B487B001900091019B009ACF
:1078600053E8004F44EA020043E8000191F0000FA2
:10787000F6D1059404900391059B184607B05DF876
:10788000044B704700B583B0019001210198FFF7C8
:10789000E1FF0346184603B05DF804FB00B589B06C
:1078A00001900091019B1B689B68002B31D003ABBA
:1078B00000221A605A609A60DA601A61009B049391
:1078C000019B9B680793019B1B79002B02D0012B26
:1078D0000AD017E001238DF80C30019B1B6905933A
:1078E000019B5B6906930DE002238DF80C30019B30
:1078F000DB684FF4805202FB03F30593019B5B6945
:10790000069300BF019B1B689B6803AA104698471B
:1079100000E000BF09B05DF804FB00B587B001903E
:10792000019B5A69019B9B69D31AB3F5805F28BFFD
:107930004FF4805305930422059BB3FBF2F3012B14
:1079400038BF01230593019B1A69019B9B6913446E
:107950000493019BDB681A46019B9B6913440393C4
:10796000059A03990498FFF756FF0346184607B097
:107970005DF804FB00B583B00190019BDA68019BC0
:107980001B6913441846FFF74AFF0346184603B025
:107990005DF804FB08B5034B03491846FAF7A1FF4D
:1079A00000BF08BDDC4000200441002008B5084BA2
:1079B00008491846FAF77EFF0346074A1360064B4C
:1079C0001B68002B14BF01230023DBB2184608BD3F
:1079D000DC400020044100200041002000B583B0BD
:1079E000294B1B7A002B0BD1FFF7E0FF034683F0F6
:1079F0000103DBB2002B03D0234B00225A6040E08E
:107A0000214B02221A72214B1B681B79002B02D0DA
:107A1000012B07D00DE01D4B1B681846FFF77DFFBB
:107A2000019009E0194B1B681846FFF7A3FF01906E
:107A300002E00323019300BF019B002B03D0019BB5
:107A4000112B0CD00FE0104B1B7C83F00103DBB239
:107A5000002B15D00021022000F064F910E00A4B41
:107A600001221A720DE0094B1B6803211846FFF72B
:107A700015FF054B00221A72034B00225A6000E0EA
:107A800000BF03B05DF804FBEC4000200041002083
:107A900000B583B001210A48FFF7C5FE03460193F4
:107AA000019B002B08D1074B5B7C83F00103DBB209
:107AB000002B01D0FFF792FF00BF03B05DF804FB7D
:107AC000F0400020EC40002084B001901B4B0022CD
:107AD000DA60019B1B79002B02D0012B19D028E022
:107AE000019B5A69019B9B69D31AB3F5805F28BF3C
:107AF0004FF480530393019B9A69039B1A44019BA3
:107B00009A61019B9A69019B5B699A420ED101239C
:107B100010E0019B1B695A1C019B1A61019B1A69A9
:107B2000019B5B699A4203D1012303E000BF00E09F
:107B300000BF0023184604B0704700BFEC4000208F
:107B400082B00190084BDB680133074AD360064BD3
:107B5000DB68082B04D9044B0022DA60012300E023
:107B60000023184602B07047EC40002000B583B0F7
:107B7000019000910C48FFF785FE0346002B0ED1C3
:107B8000019B0A4A5A6004F07DF803461A46064BE8
:107B90001A7407481C238C220649FAF719FE0023A1
:107BA000184603B05DF804FBEC40002070E50300CC
:107BB000DC4000205040002000B583B001900091CF
:107BC00014220021054804F0AFFD054B1846FAF7D2
:107BD00032FE0023184603B05DF804FBEC400020A1
:107BE000DC40002000B587B0039002910192009321
:107BF000174A04AB19461046FAF731FE0590059B6B
:107C0000002B01D104231FE01C220021059804F061
:107C10008BFD059B00221A71059B039A1A60059B38
:107C2000089A9A60059B029A1A61059B019ADA608C
:107C3000059B009A5A61064A04AB19461046FAF7AA
:107C400025FEFFF725FF0023184607B05DF804FB6B
:107C5000DC40002000B585B00390029101920093B2
:107C6000029B009A1946019804F02CFD0023184647
:107C700005B05DF804FB000000B587B003900291E9
:107C800001920093184A04AB19461046FAF7E7FD33
:107C90000590059B002B01D1042320E01C2200212C
:107CA000059804F041FD059B01221A71059B039A7A
:107CB0001A60059B009A9A604FF48052029BB3FBB6
:107CC000F2F2059BDA60059B019A5A61064A04AB01
:107CD00019461046FAF7DAFDFFF7DAFE00231846D8
:107CE00007B05DF804FB00BFDC40002082B00190CB
:107CF0000091009B184602B0704782B0019000913D
:107D00000023184602B0704782B00190044B1B7AE2
:107D1000002B14BF01230023DBB2184602B07047CA
:107D2000EC40002000B585B001900091254B1B7AF6
:107D3000012B33D0022B41D100238DF80F30019B52
:107D4000022B03D0019B032B09D011E01E4B1B68B3
:107D50001846FFF7B9FE03468DF80F3008E01A4BBE
:107D60001B681846FFF7ECFE03468DF80F3000BF86
:107D70009DF80F30002B13D0124B00221A72124BB9
:107D80001A68019B022B01D1002300E00D23194644
:107D90001046FFF783FDFFF7FDFD01E000BF00E0A7
:107DA00000BF084B5B7C83F00103DBB2002B02D0E9
:107DB000FFF714FE03E003F049FF00E000BF05B049
:107DC0005DF804FBEC4000200041002082B0034637
:107DD00000918DF80730064B01225A74044B1B7A30
:107DE000002B0CBF01230023DBB2184602B0704702
:107DF000EC40002000B583B0034600918DF80730B9
:107E00009DF80730012B03D09DF80730032B0DD1CF
:107E1000084B00225A749DF80730012B0CBF012338
:107E20000023DAB2034B1A74FFF7D8FD00BF03B08A
:107E30005DF804FBEC40002010B487B00190009185
:107E4000019B009A53E8004F04EB020043E8000155
:107E500091F0000FF6D1059404900391049B18460D
:107E600007B05DF8044B704710B487B001900091E3
:107E7000019B009A53E8004FA4EB020043E8000185
:107E800091F0000FF6D1059404900391049B1846DD
:107E900007B05DF8044B704700B583B001900198BE
:107EA000FAF76AFD0346184603B05DF804FB00B517
:107EB0008BB001900091019B1B8A043B0793009AB1
:107EC000079B1344DA1C079BB2FBF3F38DF81B30BE
:107ED0000198FAF7A9FD0590059B002B01D100231D
:107EE00038E0059B00221A71059B01225A71079BFD
:107EF0009AB2059BDA80059B09939DF81B30013BE4
:107F00000493099B019A1A60002308931DE00198CD
:107F1000FAF78AFD0390039B002B0ED0059B5B793B
:107F20000133DAB2059B5A71099B039A1A60039BCD
:107F3000019A1A60039B099304E0059800F00EF87B
:107F4000002307E0089B01330893089A049B9A4298
:107F5000DDD3059B18460BB05DF804FB00B58BB074
:107F60000190019B0793079B5B798DF81B30019B68
:107F700008939DF81B30013B05930023099305E00E
:107F8000089B1B680893099B01330993099A059B79
:107F90009A42F5D3089B1B680493019B0893002326
:107FA00009930BE0089B1B68039308990498FAF760
:107FB00083FD039B0893099B013309939DF81B30B4
:107FC000099A9A42EED300BF00BF0BB05DF804FBE4
:107FD00000B585B00190019B0393039B04330121FD
:107FE0001846FFF729FF00BF05B05DF804FB00B598
:107FF00087B00190019B0593059B0433012118462E
:10800000FFF732FF0346039303AB0493049B1B78F3
:10801000002B02D10198FFF7A1FF00BF07B05DF868
:1080200004FB000000B58DB0039002910192009313
:10803000039B0693069BDB880593039B0B93009B96
:108040001A1D059BB2FBF3F30A93009B0433059AB8
:10805000B3FBF2F2059901FB02F29B1A0993009A15
:10806000019B1A44059B1344DA1C059BB2FBF3F3F6
:108070008DF81330069B5B799DF813209A420AD93C
:108080002849BA20EBF768F905E00B9B1B680B93B6
:108090000A9B013B0A930A9B002BF6D1002308930D
:1080A000059A099BD31A0793079A019B934228BF0D
:1080B000134607932DE09DF83830002B0BD0029A21
:1080C000089BD0180B9A099B13440433079A19464E
:1080D00004F0F8FA0AE00B9A099B1344181D029A5F
:1080E000089B1344079A194604F0ECFA00230993FD
:1080F0000B9B1B680B93019A079BD31A0193089A59
:10810000079B13440893059A019B934228BF13468B
:108110000793019B002BCED100BF00BF0DB05DF8CF
:1081200004FB00BF9CE5030000B587B005900491F7
:108130000392029300230093029B039A04990598EB
:10814000FFF770FF00BF07B05DF804FB00B587B014
:10815000059004910392029301230093029B039ADA
:1081600004990598FFF75EFF00BF07B05DF804FBB8
:1081700082B003468DF807309DF8073003F01F02E8
:1081800006499DF907305B09012000FA02F26033CD
:1081900041F8232000BF02B0704700BF00E100E0BB
:1081A000BFF34F8F00BF074BDB6803F4E062054964
:1081B000054B1343CB60BFF34F8F00BF00BF00BF21
:1081C000FCE700BF00ED00E00400FA0500B583B055
:1081D0000190019B002B03D10449C420EBF7BCF8AC
:1081E000019B5B68184603B05DF804FB00E60300E2
:1081F00010B487B001900091019B009A53E8004FA2
:10820000104643E8000191F0000FF7D10594049067
:108210000391059B184607B05DF8044B70470000BA
:1082200000B583B00190019B002B03D10649722059
:10823000EBF792F8019B00221A60BFF35F8F00BF3B
:1082400000BF03B05DF804FB58E6030000B585B03D
:108250000190019B002B03D10A498520EBF77CF8A4
:1082600001210198FFF7C4FF0390BFF35F8F00BFA8
:10827000039B002B0CBF01230023DBB2184605B083
:108280005DF804FB58E6030000B583B00190019B44
:10829000002B03D10A499220EBF75EF8019B1B6883
:1082A000012B03D006499320EBF756F8BFF35F8FFD
:1082B00000BF019B00221A6000BF03B05DF804FB01
:1082C00058E603004FF080430122C3F80025BFF3B6
:1082D0004F8F00BF20BF00BFFCE732DF704700BFF9
:1082E00018463EDF704700BF1846000000B585B055
:1082F00000238DF803300DF103031846F8F792FAC6
:10830000F1EE103A0193019B0393039B23F09F032B
:108310000293029BE1EE103A00BFBFF35F8F00BFF4
:108320002620FFF725FF9DF803301846F8F790FA4E
:10833000039B03F00703002B03D004497620EBF7DF
:108340000BF800BF05B05DF804FB00BFA0E603001A
:1083500008B50D4B5B68022B08D90B4B1B881B041F
:1083600043F003030949184602F092F8084B002233
:108370001A700848FFF754FF0749084800F01CFD31
:108380000023184608BD00BF042F0020F8E60300B4
:10839000104100200C41002088E703001441002018
:1083A00000B583B0FFF7A2FF03F06CFC0346002B7F
:1083B0000ED0FFF796FF0190019B002B0ED0019B82
:1083C000022B0BD0074940F25910EAF7C5FF05E030
:1083D00020BF00BF40BF00BF20BF00BF00BF03B031
:1083E0005DF804FBA0E6030000BF704700B583B052
:1083F0003F4B5B68022B3BD93D4B1B881B0443F072
:1084000003033C4A12783C49184602F04FF82FE02B
:108410003A48FFF7DBFE0090009B1B68354A127854
:10842000104698470346002B0FD0314B5B68022B58
:108430001BD92F4B1B881B0443F00300009B1B68B8
:108440001A462F4902F032F80FE0294B5B68022BE5
:1084500049D9274B1B881B0443F00300009B1B6872
:108460001A46284902F022F83DE0244800F0CEFCEC
:108470002248FFF7ABFE0346002BC9D11C4B5B68BB
:10848000022B08D91A4B1B881B0443F003031E4917
:10849000184601F0FDFF02F005FB02F069F8034603
:1084A000002BFAD1134B1B78032B03D0114B1B78F5
:1084B000022B02D1FFF774FE16E003F0E3FB034644
:1084C000002B0DD0FFF709FF0190019B002B07D077
:1084D000019B022B04D00D4940F29B10EAF73CFFB0
:1084E000FFF7F0FE00E000BF03B05DF804FB00BF43
:1084F000042F00200841002000E703001441002061
:108500001CE703003CE7030060E70300A0E603006C
:1085100000B583B003468DF807301F48FFF796FE7D
:10852000034683F00103DBB2002B30D19DF8073006
:10853000042B0ED0194B1B78002B03D01648FFF7E5
:10854000A3FE25E0164A9DF807301370134B012255
:108550001A70124B1B78002B04D112494FF4E270B1
:10856000EAF7FAFE104B5B68022B0AD90E4B1B8808
:108570001B0443F003039DF807200C49184601F043
:1085800095FFFFF733FF0448FFF77EFE00E000BFD2
:1085900003B05DF804FB00BF0C4100201041002037
:1085A00008410020A0E60300042F002074E7030028
:1085B00000B583B001900091019B002B03D10849C5
:1085C0003620EAF7C9FE019B9B68009A9A4202D2C4
:1085D000009B013300E00023184603B05DF804FB64
:1085E00094E7030084B00190019B1B681B68039310
:1085F000019B1B685B680293029A039B9A4203D318
:10860000029A039BD31A06E0019B9A68039BD21A35
:10861000029B13440133184604B0704700B585B07F
:108620000190019B002B03D10D494920EAF794FEEC
:10863000019B1B681B680393019B1B685B6802938B
:1086400002990198FFF7B4FF0246039B93420CBFC7
:1086500001230023DBB2184605B05DF804FB00BF20
:1086600094E7030010B588B00190009100230793B0
:10867000019B002B03D156495420EAF76DFE009B65
:10868000002B03D152495520EAF766FE00238DF8EE
:108690000F300DF10F031846F8F7C4F80198FFF7F3
:1086A000BDFF03468DF81B309DF81B3083F001039E
:1086B000DBB2002B03D1019B1B7C002B7BD1019BE8
:1086C0001B685B680593019B1B685A68019B1C68CB
:1086D00011460198FFF76CFF034663609DF81B305D
:1086E000002B0AD0019B1B681A68019B1C6811466D
:1086F0000198FFF75DFF03462360019BDB68013BA8
:10870000072B38D801A252F823F000BF2D870300B1
:108710003D870300778703004F87030077870300B7
:10872000778703007787030061870300019B5A68FE
:10873000059B1344009A12781A702DE0019B5A6829
:10874000059B5B001344009A12881A8024E0019B69
:108750005A68059B9B001344009A12681A601BE03C
:10876000019B5A68059BDB00D118009BD3E90023CD
:10877000C1E9002310E0019B5B681946019BDB689F
:10878000059A02FB03F30B441846019BDB681A466B
:10879000009903F097FF00BF0198FFF723FF0490B3
:1087A000019B1B689B68049A9A4207D9019B1B682E
:1087B000049A9A6002E00423079300E000BF9DF84A
:1087C0000F301846F8F744F8079B184608B010BD5C
:1087D00094E7030010B588B00390029113468DF81A
:1087E000073000230793039B002B03D145499620B4
:1087F000EAF7B2FD029B002B03D142499720EAF72A
:10880000ABFD00238DF817300DF117031846F8F76C
:1088100009F8039800F078F8034683F00103DBB20F
:10882000002B63D0039B1B681B6806939DF80730E1
:1088300083F00103DBB2002B0AD0039B1B681A688C
:10884000039B1C6811460398FFF7B2FE03462360A2
:10885000039BDB68013B072B37D801A252F823F0BA
:108860008188030091880300CB880300A38803005C
:10887000CB880300CB880300CB880300B5880300B6
:10888000039B5A68069B13441A78029B1A702FE0C8
:10889000039B5A68069B5B0013441A88029B1A804C
:1088A00026E0039B5A68069B9B0013441A68029BB0
:1088B0001A601DE0039B5A68069BDB001344D3E952
:1088C00000230299C1E9002312E0039B5B6819466B
:1088D000039BDB68069A02FB03F30B441946039BD8
:1088E000DB681A46029803F0EDFE01E005230793CA
:1088F0009DF817301846F7F7ABFF079B184608B0EE
:1089000010BD00BF94E7030000B585B00190019B46
:10891000002B04D10B4940F2B710EAF71DFD019B73
:108920001B681B680393019B1B685B680293039A97
:10893000029B9A420CBF01230023DBB2184605B00C
:108940005DF804FB94E7030000B583B00190019B40
:10895000002B04D1054940F2C510EAF7FDFC019B4C
:108960001B689B68184603B05DF804FB94E703009E
:1089700000B583B00190019B002B04D1064940F261
:10898000CB10EAF7E9FC019B1B6800229A6000BF4C
:1089900003B05DF804FB00BF94E7030010B487B098
:1089A00001900091019B009A53E8004F44EA0200B5
:1089B00043E8000191F0000FF6D105940490039173
:1089C000059B184607B05DF8044B704710B487B09C
:1089D00001900091019B009A53E8004F04EA0200C5
:1089E00043E8000191F0000FF6D105940490039143
:1089F000049B184607B05DF8044B704700B583B080
:108A0000019001210198FFF7C9FF0346184603B002
:108A10005DF804FB00B583B0019000210198FFF7D9
:108A2000D5FF0346184603B05DF804FB82B0019001
:108A3000019B9B6800229A60019B9B6800221A613F
:108A4000019B9B6800225A61019B9B680022DA60AF
:108A5000019B9B6800225A60019B9B6800221A6060
:108A600000BF02B07047000000B589B003900291CA
:108A70000192029B002B03D135497320EAF76CFC6D
:108A8000019B002B03D132497420EAF765FC039B5C
:108A90009B681846FFF7B2FF0346002B01D0112355
:108AA00052E0039B5A68039B9B681969039B9B6870
:108AB0009B68CB1A134401330593019B1A68059BED
:108AC0009A4228BF1A46019B1A60019B1B680793B4
:108AD000039B9B689A68039B5B6813400693039B08
:108AE0005A68069BD31A01330493079A049B9A424F
:108AF00012D9039B1A68069B1344049A02991846DC
:108B000003F0E0FD079A049BD31A07930023069312
:108B1000029A049B13440293039B1A68069B134416
:108B2000079A0299184603F0CDFD039B9B6899684C
:108B3000019B1A68039B9B680A449A60039B9B688D
:108B40001846FFF767FF0023184609B05DF804FBDD
:108B5000E8E7030000B589B00390029101928DF817
:108B60000330029B002B03D13A499320EAF7F4FB30
:108B7000019B002B03D137499420EAF7EDFB9DF8C8
:108B80000330002B0AD0039B9B6804331846FFF781
:108B900035FF0346002B01D0112356E0039B9B6851
:108BA0009A68039B9B685B69D31A0793079B002B0A
:108BB0000ED1019B00221A609DF80330002B05D0D6
:108BC000039B9B6804331846FFF724FF00233CE017
:108BD000039B9B685A69039B5B6813400693039B46
:108BE0009B689A68039B5B6813400593059A069BF4
:108BF0009A4208D9019B1B68079A9A4203D2019BAB
:108C0000079A1A6011E0059A069B9A420DD8039BB9
:108C10005A68069BD31A01330493019B1B68049A7C
:108C20009A4202D2019B049A1A60039B1A68069B1F
:108C30001A44029B1A60039B9B685969019B1A683E
:108C4000039B9B680A445A610023184609B05DF8EB
:108C500004FB00BFE8E7030000B58BB0039002916E
:108C60000192029B002B03D13C49C220EAF774FB1E
:108C7000019B002B03D13949C320EAF76DFB039B0D
:108C80009B6804331846FFF7B9FE0346002B01D05A
:108C900011235EE0039B9B689A68039B9B681B699A
:108CA000D31A0793019B1A68079B9A4228BF1A465A
:108CB000019B1A60019B1B680993039B9B681A69BF
:108CC000039B5B6813400893039B9B689A68039B14
:108CD0005B6813400693069A089B9A4203D9069A4A
:108CE000089BD31A04E0039B5A68089BD31A0133EC
:108CF0000593099A059B9A4212D9039B1A68089B0F
:108D00001344059A0299184603F0DCFC099A059B66
:108D1000D31A099300230893029A059B13440293E4
:108D2000039B1A68089B1344099A1946029803F09A
:108D3000C9FC039B9B681969019B1A68039B9B688C
:108D40000A441A61039B9B6804331846FFF762FECE
:108D5000002318460BB05DF804FB00BFE8E70300F2
:108D600000B585B001900091019B9B689A68019BBA
:108D70009B681B69D31A0393009A039B9A4201D9FB
:108D8000042314E0019B9B681969019B9B68009A6E
:108D90000A441A61019B9A68019B9B6812695A6197
:108DA000019B9B6804331846FFF734FE00231846E6
:108DB00005B05DF804FB000000B583B001900091A0
:108DC000019B002B03D110495020EAF7C5FA009B04
:108DD000002B03D10C495120EAF7BEFA019B009AFF
:108DE0001A60019B1B681A68019B5A60019B5A68B4
:108DF000019B1B685B689A4202D1019B00225A606A
:108E000000BF03B05DF804FB4CE8030000B583B07D
:108E10000190019B002B03D114496320EAF79CFACF
:108E2000019B1B68002B03D110496420EAF794FAD8
:108E3000019B5B68002B14D0019B5B681A46019B69
:108E40001B689B6813441A46019B5A60019B5A6831
:108E5000019B1B685B689A4204D1019B00225A6007
:108E600000E000BF03B05DF804FB00BF4CE8030066
:108E700000B585B00190019800F00EF80390039BB7
:108E8000002B01D0039B00E0024B184605B05DF8B3
:108E900004FB00BFBCE8030086B00190164B0593AD
:108EA000164B04931FE0049A059BD31ADB10DA0FCC
:108EB00013445B10DB00059A13440393039B1B6868
:108EC0000293029A019B9A4202D9039B04930AE0FF
:108ED000029A019B9A4203D2039B0833059302E056
:108EE000039B5B6804E0059A049B9A42DBD3002352
:108EF000184606B0704700BFD8EB0300C8EC03006B
:108F000082B001900B46ADF80230019B1A68BDF8A3
:108F10000230012101FA03F31A43019B1A6000BFDA
:108F200002B0704782B001900B46ADF80230019B51
:108F30001A68BDF80230012101FA03F3DB431A403D
:108F4000019B1A6000BF02B0704782B001900B46CF
:108F5000ADF80230BDF80230012202FA03F31A46DE
:108F6000019B1340002B14BF01230023DBB21846E2
:108F700002B0704700B585B001900023ADF80E3007
:108F800010E0BDF80E3019460198FFF7DEFF0346EA
:108F9000002B02D0BDF80E300AE0BDF80E300133D0
:108FA000ADF80E30BDF80E301F2BEAD94FF6FF7327
:108FB000184605B05DF804FB00B587B00590049134
:108FC00011461A460B46ADF80E3013468DF80D309B
:108FD000BDF80E209DF80D30009313460122049930
:108FE000059800F004F800BF07B05DF804FB00B579
:108FF00087B0039002910192ADF80230039B002BE1
:109000003BD0029B002B38D0019B002B35D0002396
:1090100005932FE0059B5B00039A13441B88BDF862
:1090200002209A4223D1002304931BE09DF82030B4
:10903000002B0AD0049B9B00029A1344059A92B21B
:1090400011461846FFF75CFF09E0049B9B00029A5B
:109050001344059A92B211461846FFF763FF049B2A
:1090600001330493049A019B9A42DFD305E0059BE8
:1090700001330593059B1F2BCCD907B05DF804FB8A
:1090800000B587B0039002911346ADF80630039BFC
:10909000002B19D00023059313E0059B5B00039A76
:1090A00013441B88BDF806209A4207D1059B9BB24A
:1090B00019460298FFF749FF034606E0059B013376
:1090C0000593059B1F2BE8D90023184607B05DF8D0
:1090D00004FB00B597B00390029101920023049322
:1090E000029B002B1ED00023159318E0159B9BB20A
:1090F00019460198FFF729FF0346002B0CD0159B5A
:109100005B00029A1A44049B591C049112885B006C
:1091100058336B4423F8442C159B01331593159B4E
:109120001F2BE3D9039B184604AB4422194603F0D6
:10913000C9FA039817B05DF804FB82B00190009162
:10914000009B1B7B002B07D0009B5A68019B1A6079
:10915000019B00221A7106E0009B1A68019B1A60AD
:10916000019B01221A7100BF02B0704700B583B0A5
:1091700001900091019B1B79002B04D0009901986C
:1091800000F00BF803E00099019800F024F8019B2F
:109190001B68184603B05DF804FB82B00190009193
:1091A000009B5A68019B1B68D21A009B9B689A42DD
:1091B00007D9019B1A68009B9B681A44019B1A609F
:1091C00006E0009B5A68019B1A60019B00221A71FD
:1091D00000BF02B0704782B001900091019B1A68F5
:1091E000009B1B68D21A009B9B689A4207D9019B7F
:1091F0001A68009B9B68D21A019B1A6006E0009BCC
:109200001A68019B1A60019B01221A7100BF02B00B
:10921000704710B487B001900091019B009A53E809
:10922000004F44EA020043E8000191F0000FF6D13C
:10923000059404900391049B184607B05DF8044B15
:10924000704710B487B001900091019B009A53E8D9
:10925000004F04EA020043E8000191F0000FF6D14C
:10926000059404900391049B184607B05DF8044BE5
:109270007047000084B003468DF807304FF48073C8
:1092800003939DF807305A1C13469B0013441B029E
:10929000094A1344029305E0029B043B0293029B9C
:1092A000064A1A60039B5A1E0392002BF4D100BF9A
:1092B00000BF04B0704700BF004200200ED0ADDEFA
:1092C00000B585B003468DF807309DF8072013469A
:1092D0009B0013441B020A4A99180A4B4FF48072F0
:1092E0000948F4F713FB0390039B002B04D0074AB3
:1092F000D2210398F6F7F0FA00BF05B05DF804FB41
:1093000000420020000029171C410020D8EC030077
:10931000B0B58EB002AF786039607B68002B03D1A6
:109320005A49DE20EAF718F8EFF305837B627B6A7F
:10933000C3F30803002B03D05449E120EAF70CF8EB
:10934000EFF314833B623B6A03F00103002B03D06D
:109350004E49E220EAF700F8EFF31483FB61FB6962
:1093600003F00203002B03D04849E320E9F7F4FFA0
:10937000474B02221A70464B1B781946454A0B464A
:109380005B000B449B0013440433434A1A60404B78
:109390001B781846FFF76EFF3D4B1B781846FFF70A
:1093A0008FFF3E4B5B68022B30D93C4B1B881B0464
:1093B00043F00300364B1B781C46354B1B7819468F
:1093C000344A0B465B000B449B00134404331B6878
:1093D0001D462F4B1B781A4613469B0013441B0255
:1093E00003F580732E4A13441946294B1B785A1CE7
:1093F00013469B0013441B02294A1344013B01936B
:1094000000912B462246274901F08BF872B600BF27
:109410001F4B1B785A1C13469B0013441B02204A07
:109420001344FB60FB6883F3098800BF1E4B3B615C
:109430003B6983F3088800BFEFF314837B617B698A
:10944000FB62FB6A03F00403FB62FB6A43F0020366
:10945000FB62FB6ABB61BB6983F3148800BF62B621
:1094600000BF00F0F9FB7B68386898470023BB62B7
:10947000BB6A002B05D1054A4FF485710020F6F731
:109480002BFA00BF3037BD46B0BD00BFD8EC03009B
:10949000285100200051002044ED03001C2F002023
:1094A0000042002050ED03000000012030B58BB0D9
:1094B00005900491039200230993059B002B01D191
:1094C000FF238FE000238DF81B300DF11B0318469E
:1094D000F7F7A8F900238DF8233024E09DF8232026
:1094E000424913465B0013449B000B441B68002B4E
:1094F00014D19DF8232013465B0013449B003B4A84
:10950000134409939DF823305A1C13469B001344BF
:109510001B02374A1A44099B1A6008E09DF8233061
:1095200001338DF823309DF82330012BD6D99DF8D7
:109530001B301846F7F78CF9099B002B01D1FF234C
:1095400050E09DF823301846FFF794FE099B1B68F6
:10955000A3F13002099B1A60099B049A5A60099B87
:1095600000229A60099B1B680793079B0222DA621C
:10957000059A079B9A62039A079B1A609DF823300D
:109580004FF0004222FA03F319461A48FFF741FE52
:10959000194B5B68022B23D9174B1B881B0443F024
:1095A00003009DF82310049C9DF8232013469B0084
:1095B00013441B0203F580730D4A13441D469DF8A6
:1095C00023305A1C13469B0013441B02084A1344C1
:1095D000013B0193009523460A46084900F0A1FF8C
:1095E0009DF8233018460BB030BD00BF005100205D
:1095F00000420020245100201C2F002050ED0300C9
:1096000010B584B001904A4B1B781846F4F7E8F97E
:109610000390039B002B05D0464A4FF4A871039892
:10962000F6F75AF9444B1B781946444A0B465B003F
:109630000B449B00134408331B68002B0BDB3E4B91
:109640001B7819463D4A0B465B000B449B001344B4
:10965000019A1A6030E0384B1B781A464FF00043ED
:10966000D340DB4319463648FFF7EBFD324B1B78FE
:109670001946324A0B465B000B449B001344002200
:109680001A60304B5B68022B16D92E4B1B881B04CB
:1096900043F00300284B1B781C46274B1B781946C8
:1096A000264A0B465B000B449B00134404331B68A3
:1096B0002246254900F00BFF214B1B680293029BB9
:1096C000002B20D01C4B1B780133029A02FA03F3C3
:1096D000002B11D0184B1B780133029A02FA03F3C6
:1096E000B3FA83F3DAB2144B1B781344DBB20133C1
:1096F000DAB2114B1A7009E0029BB3FA83F3DAB2C3
:109700000D4B1A7002E00C4B02221A700A4B1B78A8
:109710001846FFF7D5FD084B1B781946074A0B463C
:109720005B000B449B0013441B68184604B010BD3B
:109730001C410020D8EC03002851002000510020DB
:10974000245100201C2F002084ED030000B585B0BB
:10975000EFF305830393039BC3F30803002B04D0AB
:10976000124940F28310E9F7F7FDEFF314830293F7
:10977000029B03F00103002B04D00C494FF4C2708C
:10978000E9F7EAFDEFF314830193019B03F0020371
:10979000002B04D1054940F28510E9F7DDFD00F00A
:1097A0005BFA00BF05B05DF804FB00BFD8EC030016
:1097B00000B585B00190019BB3F1807F04D31D49B2
:1097C00040F28F10E9F7C8FD1B4B1B7819461B4A66
:1097D0000B465B000B449B00134408331B68019A43
:1097E00013400393039B002B10D0134B1B781A4696
:1097F00013465B0013449B000833104A1A44039B32
:10980000DB4319461046FFF71CFD0DE00A4B1B78A1
:109810001A464FF00043D340DB4319460848FFF790
:1098200010FDFFF793FFCFE7039B184605B05DF8E7
:1098300004FB00BFD8EC0300285100200051002099
:109840002451002000B583B0034600918DF8073005
:109850009DF80730FF2B03D09DF80730012B04D96A
:109860001C4940F2A310E9F777FD009BB3F1807F1C
:1098700004D318494FF4D270E9F76EFD9DF8072024
:10988000154913465B0013449B000B441B68002BD7
:1098900004D1104940F2A510E9F75EFD9DF80720BC
:1098A00013465B0013449B0008330B4A1344009992
:1098B0001846FFF7AEFC9DF807304FF0004222FA41
:1098C00003F319460548FFF7A4FC00BF03B05DF899
:1098D00004FB00BFD8EC03000051002024510020FD
:1098E00000B585B0EFF305830393039BC3F308032F
:1098F000002B04D018494FF4D770E9F72DFDEFF392
:1099000014830293029B03F00103002B04D012493D
:1099100040F2AF10E9F720FDEFF314830193019BB0
:1099200003F00203002B04D10B494FF4D870E9F780
:1099300013FD0A4B1B781946094A0B465B000B4482
:109940009B00134408334FF000421A6000F084F982
:1099500000BF05B05DF804FBD8EC030028510020DF
:109960000051002000B585B0EFF305830393039BFE
:10997000C3F30803002B04D0124940F2B910E9F7F1
:10998000EBFCEFF314830293029B03F00103002B23
:1099900004D00C494FF4DD70E9F7DEFCEFF31483DB
:1099A0000193019B03F00203002B04D1054940F20F
:1099B000BB10E9F7D1FC044B1B78184605B05DF8E5
:1099C00004FB00BFD8EC03002851002000B587B08D
:1099D00003468DF807309DF80730FF2B08D19DF81E
:1099E0000730012B04D921494FF4E370E9F7B4FCA7
:1099F0009DF807201E4913465B0013449B000B444F
:109A00001B68002B04D1194940F2C710E9F7A4FCE8
:109A10009DF807305A1C13469B0013441B02154A3D
:109A2000134403939DF8072013469B0013441B0225
:109A300003F580730F4A134404934FF48063059336
:109A400009E0049B1A1D04921B680B4A934207D13C
:109A5000059B043B0593049A039B9A42F1D300E0D3
:109A600000BF059B184607B05DF804FBD8EC030067
:109A700000510020004200200ED0ADDE00B58DB0B8
:109A800007900691059200238DF82F30BEE0002349
:109A90000A9300238DF823300DF123031846F6F7BF
:109AA000C1FE9DF82F205E4913465B0013449B00C6
:109AB0000B441B68002B18D09DF82F2058491346E3
:109AC0005B0013449B000B4404331B68002B0AD03B
:109AD0009DF82F20524913465B0013449B000B4412
:109AE00004331B6800E04F4B0A939DF8233018465F
:109AF000F6F7AEFE0A9B002B00F083809DF82F3016
:109B00001846FFF763FF09909DF82F30464A082159
:109B10000798FBF779FE0A9B444A08210798FBF750
:109B200073FE099B002B27D09DF82F2013469B0026
:109B300013441B0203F580733D4A134418469DF8F5
:109B40002F305A1C13469B0013441B02384A1344FF
:109B5000013B099A642101FB02F2920A4FF48061F1
:109B6000039109990291019200930346314A082119
:109B70000798FBF749FE1BE09DF82F2013469B003A
:109B800013441B0203F58073294A134419469DF8B8
:109B90002F305A1C13469B0013441B02244A1344C3
:109BA000013B00930B46244A08210798FBF72CFE43
:109BB000224B1B789DF82F209A420DD09DF82F3014
:109BC0004FF00042DA401E4B1B681340002B01D0BF
:109BD0001C4B02E01C4B00E01C4B1D4A082107985F
:109BE000FBF712FE9DF82F200D4913465B0013442E
:109BF0009B000B4408331B68164A08210798FBF7A3
:109C000003FE9DF82F3001338DF82F309DF82F3053
:109C1000022B7FF63CAF00BF00BF0DB05DF804FB28
:109C200000510020A8ED0300B0ED0300BCED0300DF
:109C300000420020CCED030008EE03002851002074
:109C40002451002020EE03002CEE030038EE030028
:109C500040EE030050EE0300EFF3148010F0040F09
:109C60001EBFF1EE101A2DE903002DED200A4DF86C
:109C7000040D20F0040080F314882DE9F15F68469C
:109C8000084988478546BDE8F85F01BC80F3148821
:109C900010F0040F1EBFBDEC200A03BCE1EE101A49
:109CA000184670470196030000B583B001900091FB
:109CB000019B1B681B6800990198984700BF03B07F
:109CC0005DF804FB00B583B00190019B1B685B68E5
:109CD0000198984700BF03B05DF804FB82B0019083
:109CE0000B468DF80330019B9DF803201A7200BFCC
:109CF00002B0704782B00190019B1B7A184602B0F7
:109D0000704782B00190019B01225A7200BF02B0DD
:109D1000704782B00190019B00225A7200BF02B0CE
:109D2000704782B00190019B5B7A184602B0704781
:109D300010B487B001900091019B009A53E8004F46
:109D400044EA020043E8000191F0000FF6D10594C7
:109D500004900391049B184607B05DF8044B7047CC
:109D600010B487B001900091019B009A53E8004F16
:109D700004EA020043E8000191F0000FF6D10594D7
:109D800004900391059B184607B05DF8044B70479B
:109D900000B583B0019001210198FFF7C9FF034688
:109DA000184603B05DF804FB00B583B001900021B4
:109DB0000198FFF7D5FF0346184603B05DF804FB92
:109DC00000B58BB00190019B002B01D107236CE003
:109DD000384BFF229A60374B00221A60354B002225
:109DE0005A60344B0022C3F81824324B0022C3F8C7
:109DF0001424304B012283F81C242E4A019BC2F804
:109E00000C342D48FEF748F80690069B002B01D035
:109E1000069B4AE0294A2A4BD31ADB080593002304
:109E200009933DE000230793002308931DE0099A5E
:109E3000089B9A4216D0099BDB00214A13441B68F9
:109E40000393089BDB001E4A13441B6802931422F1
:109E50000299039802F0B3FB0346002B02DD079B37
:109E600001330793089B01330893089A059B9A4294
:109E7000DDD3099A13465B0013449B001A46114B2D
:109E800013440493049B00225A60099B9AB2049BDA
:109E90001A80079B9AB2049B5A80099B013309934D
:109EA000099A059B9A42BDD3002318460BB05DF872
:109EB00004FB00BFFC510020CCEE0300ACC9030042
:109EC00034C90300802E0020024A034BD31ADB085A
:109ED00018467047ACC9030034C9030000B587B009
:109EE00001900B468DF803309DF80330002B23D0F2
:109EF000FFF7EAFF04900023059317E0059A134645
:109F00005B0013449B001A460E4B13440393039BC0
:109F10005B881A46019B1B689A4204D1019B059AF3
:109F20001A60002309E0059B01330593059A049B01
:109F30009A42E3D3052300E00023184607B05DF8FA
:109F400004FB00BF802E002000B585B001900B46B9
:109F50008DF803309DF8032001AB11461846FFF73A
:109F6000BDFF0346002B07D1019BDB00054A1344CC
:109F70000393039B1B6800E00023184605B05DF8BF
:109F800004FB00BF34C9030084B001900B468DF878
:109F90000330019BDB00174A134402939DF8033002
:109FA000013B032B1CD801A252F823F0BD9F0300F4
:109FB000C59F0300CD9F0300D79F030002238DF8A8
:109FC0000F3011E004238DF80F300DE0029B1B7958
:109FD0008DF80F3008E0029B5B798DF80F3003E0BD
:109FE00000238DF80F3000BF9DF80F30184604B0E5
:109FF000704700BF34C9030086B001900023059369
:10A000000023049311E00722049B9A40019B1A400D
:10A01000049B22FA03F30393039A059B9A4201D906
:10A02000039B0593049B03330493049B092BEAD9F8
:10A03000059B184606B0704700B587B003900291A3
:10A0400013468DF80730029A13465B0013449B00B9
:10A050001A46164B13440593059B9968039A1346B9
:10A060005B001344072202FA03F3DB4301EA030215
:10A07000059B9A60059B99689DF8073003F00700DF
:10A08000039A13465B00134400FA03F341EA030208
:10A09000059B9A60059B9B681846FFF7ADFF02463B
:10A0A000059B5A6000BF07B05DF804FB802E0020BE
:10A0B00000B589B00390029111461A460B468DF8FF
:10A0C000073013468DF8063000238DF81F309DF8B9
:10A0D0000630002B20D09DF8072002AB1146184611
:10A0E000FFF7FCFE0346002B30D1029A13465B00BB
:10A0F00013449B001A46184B13440593059B99681B
:10A10000039A13465B00134421FA03F3DBB203F016
:10A1100007038DF81F3019E09DF8063083F0010326
:10A12000DBB2002B12D09DF8072002AB1146184677
:10A13000FFF7D4FE0346002B08D1029BDB00074A41
:10A1400013440693069B9B798DF81F309DF81F30B2
:10A15000184609B05DF804FB802E002034C90300C6
:10A1600000B589B04148FFF713FE4148FFF710FEE4
:10A17000404B5B6807933F4B9B680493079A049B93
:10A18000134002339B003B4A1344043306931BE005
:10A19000079B01330793069B5B88C3F389139BB22C
:10A1A0001A46069B1B88C3F389139BB213441A46B5
:10A1B000079B13440793079A049B134002339B00A9
:10A1C0002C4A134404330693069B1B7803F00303C5
:10A1D000DBB2002BDCD00023059311E0079B5A1C57
:10A1E0000792049A1340059A920069460A4421494D
:10A1F00002339B000B445B681360059B013305939E
:10A20000059B022BEAD99DF80030C3F30103DBB2B2
:10A21000012B0CD0022B14D1BDF80230C3F38913EB
:10A220009BB203339B08079A134407930FE0BDF8D2
:10A230000030C3F38313DBB21A46079B1344079322
:10A2400005E00D4940F24D10E9F786F800BF0848D7
:10A25000FFF7AAFD0390039B002B02D0054A079B42
:10A26000536000BF09B05DF804FB00BF1456002026
:10A2700010560020FC510020F0EE030010B586B00F
:10A280000390029101920093039B1B0CADF81630D2
:10A29000BDF81640FFF718FE03469C4204D32A4936
:10A2A0004FF4B270E9F758F8009B5A1C089B134012
:10A2B000BDF81620254902339B000B445A60234BFE
:10A2C000D3F80C34009A911C089A01EA02049847CA
:10A2D00002461E49A31C9B000B445A60009A089B2F
:10A2E000134002339B00194A134404330493039B25
:10A2F0001B0903F00103D9B2049A137861F38203B6
:10A300001370039B03F00703D9B2049A137861F327
:10A31000C5031370019B03F00F03D9B2049A13888D
:10A3200061F389131380029BC3F31501049A136828
:10A3300061F39F231360049A1378012161F30103F1
:10A34000137000BF06B010BDF0EE0300FC510020FA
:10A3500000B58BB001900091019B03330893032358
:10A36000079301238DF81B3000238DF80F300DF17A
:10A370000F031846F6F756FA214B1A68009B1A602D
:10A380001F4B9A681E4B59681D4B1B68CB1A134410
:10A3900001330993089A079B134405930BE0FFF7D9
:10A3A000DFFE174B9A68164B5968154B1B68CB1A82
:10A3B000134401330993059A099B9A42EFD8104B35
:10A3C0001A680F4B9B68134002339B000C4A1344DE
:10A3D00004330493049A137843F003031370084B77
:10A3E0001A68089B1344064A13609DF80F301846FC
:10A3F000F6F72EFA9DF81B3018460BB05DF804FBFB
:10A40000FC51002000B58BB005900491039202939B
:10A410001E4B9B68079306AB19460298FFF798FFFF
:10A420000346002B24D0069B033309930023089393
:10A4300011E0089B9B00039A1A44099B591C09913F
:10A4400007990B401268114902339B000B445A6074
:10A45000089B01330893089A029B9A42E9D3069A13
:10A46000079B00931346029A04990598FFF706FF8D
:10A47000064B93F81C34002B04D000F079F8034607
:10A48000002BFAD100BF0BB05DF804FBFC5100209B
:10A4900000B583B00190009100230022009901983B
:10A4A000FFF7B0FF00BF03B05DF804FB00B587B055
:10A4B000039002910192019B059305AA0123029941
:10A4C0000398FFF79FFF00BF07B05DF804FB00B5DE
:10A4D00087B00390029101920093019B0493009B2B
:10A4E000059304AA022302990398FFF78BFF00BF8C
:10A4F00007B05DF804FB00B589B0039002910192AA
:10A500000093019B0593009B06930A9B079305AA62
:10A51000032302990398FFF775FF00BF09B05DF8A8
:10A5200004FB00B589B00390029101920093019B56
:10A530000493009B05930A9B06930B9B079304AA25
:10A54000042302990398FFF75DFF00BF09B05DF88F
:10A5500004FB0000054B5A68044B1B689A420CBF71
:10A5600001230023DBB21846704700BFFC510020D6
:10A5700000B59BB0FFF7EEFF0346002B01D0002390
:10A58000D2E19C4B0022C3F81824BFF34F8F00BFC9
:10A59000984B5B681993974B9B681193199A119B81
:10A5A000134002339B00934A13440433189300234F
:10A5B000179300231693002315931BE0199B013377
:10A5C0001993189B5B88C3F389139BB21A46189B97
:10A5D0001B88C3F389139BB213441A46199B134477
:10A5E0001993199A119B134002339B00814A13441B
:10A5F00004331893189B1B7803F00303DBB2002B82
:10A60000DCD00023149311E0199B5A1C1992119A63
:10A610001340149A920002A90A44764902339B001F
:10A620000B445B681360149B01331493149B022B3F
:10A63000EAD99DF8083003F00303DBB2022B40F0A7
:10A640009C80BDF80A30C3F389139BB20F93BDF809
:10A650000A30C3F389139BB2502B28BF50239BB2FF
:10A660000E930E9BC3F309039AB2BDF80A3062F34E
:10A670008F13ADF80A300E9B0C330D939DF8083004
:10A68000C3F3C203DBB215930D995B48FDF70FFCD2
:10A690001790179B002B00F0E0801798FDF798FCAF
:10A6A00002A9169B0C221798FDF73EFD169B0C3352
:10A6B0001693199BDA43119B134001339B000C93B3
:10A6C0000E9A0C9B9A4242D90C9B002B08D0199AE7
:10A6D000119B134002339B00464A1344043300E0AD
:10A6E000464B0A930C9B002B02D00C9BDBB201E083
:10A6F0000E9BDBB28DF827300C9B002B01D03F4B1B
:10A7000000E0002308930C9B002B06D00E9BDAB2CE
:10A710000C9BDBB2D31ADBB200E000238DF81F30B4
:10A720009DF82720169B0A991798FDF7FDFC9DF8C8
:10A730002730169A13441693089B002B16D09DF8C9
:10A740001F20169B08991798FDF7EEFC0EE0199A4A
:10A75000119B134002339B00264A134404330B938E
:10A76000169B0E9A0B991798FDF7DEFC0F9B03338F
:10A770009B08199A134419936FE09DF8083003F071
:10A780000303DBB2012B5AD1BDF80830C3F38313A6
:10A79000DBB2062B28BF0623DAB2BDF8083062F31D
:10A7A0008913ADF80830BDF80830C3F38313DBB26A
:10A7B000033310939DF80830C3F3C203DBB2159343
:10A7C000109B9B0019460C48FDF771FB1790179BD7
:10A7D000002B42D01798FDF7FBFB02A9169B0C2219
:10A7E0001798FDF7A1FC169B0C33169300231493C6
:10A7F0001BE000BFFC510020CCEE030008520020FB
:10A80000199B5A1C1992119A134002339B00484A13
:10A810001344191D169B04221798FDF785FC169BFF
:10A8200004331693149B01331493BDF80830C3F31B
:10A830008313DBB21A46149B9342E1D30DE09DF8DB
:10A84000083003F00303DBB2032B06D1384BD3F8F7
:10A850001834002B01D1002366E0179B002B5DD03C
:10A86000334BD3F810341393314BD3F81834002BF7
:10A8700039D01798FDF7BBFB50E000238DF84B3023
:10A880001398FFF74EFA0346002B21D01398FFF7D9
:10A8900031FA03468DF81E30039A13465B001344C9
:10A8A0009B001A46234B13449B6806939DF81E2079
:10A8B00013465B001344069A22FA03F303F00703DE
:10A8C0000593059A159B9A4202D301238DF84B30CC
:10A8D0009DF84B30002B03D017991398FFF7E4F93C
:10A8E000139B5B681393139B002BC6D11798FDF73E
:10A8F0007EFB00238DF807300DF107031846F5F7AE
:10A9000091FF0B4BD3F81834002B02D1084A199B46
:10A9100053609DF807301846F5F79AFFFFF71AFEC7
:10A92000034683F00103DBB218461BB05DF804FB5D
:10A93000FC510020802E002000B585B00023039339
:10A9400022E0164BD3F81034029301238DF8073020
:10A950000EE00298FFF7CEF903461A46039B934296
:10A9600003D100238DF8073005E0029B5B6802935A
:10A97000029B002BEDD19DF80730002B01D0039BEB
:10A9800007E0039B01330393039B092BD9DD4FF0B1
:10A99000FF33184605B05DF804FB00BFFC510020F2
:10A9A00000B587B001900B468DF80330FFF7C4FF68
:10A9B0000490049BB3F1FF3F01D1049B47E0049B4B
:10A9C000DBB219460198FFF789F9234BD3F810340D
:10A9D000002B07D1204A019BC2F81034019B0022B2
:10A9E0005A600AE01C4BD3F810345A68019B5A6035
:10A9F000194BD3F81034019A5A60002305931FE0D5
:10AA00000498002300220599FFF752FB03468DF8B6
:10AA10000F309DF803209DF80F30934228BF134656
:10AA20008DF80E300198FFF765F9034618469DF83A
:10AA30000E301A460599FFF7FFFA059B013305937F
:10AA4000FFF742FA0246059B9342D9D3049B18466E
:10AA500007B05DF804FB00BFFC51002084B00190FA
:10AA60000F4BD3F8103403930023029304E0039BAD
:10AA70000293039B5B680393039A019B9A42F6D16E
:10AA8000029B002B04D0019B5A68029B5A6003E092
:10AA9000034B0022C3F8102400BF04B0704700BF6E
:10AAA000FC51002000B583B00C4BD3F81034019357
:10AAB0000A4B012283F81C2408E00198FFF721F9D2
:10AAC0000198FFF7FFF8019B5B680193019B002B46
:10AAD000F3D100BF00BF03B05DF804FBFC510020C0
:10AAE00082B00190019B9B6893F84131C3F340030E
:10AAF000DBB2002B14BF01230023DBB2184602B0E7
:10AB00007047000010B58CB0079006910592FFF7D2
:10AB1000DBF90A90079BDB681B7A0993079BDB68CC
:10AB20001846FFF7FEF8034683F00103DBB2002B63
:10AB300004D02C4A02210798FAF766FE2A4B2B4ACA
:10AB400008210798FAF760FE294A08210798FAF7C2
:10AB50005BFE00230B933CE0012301220B99099833
:10AB6000FFF7A6FA03468DF82330002301220B9944
:10AB70000998FFF79DFA03468DF822309DF82230A0
:10AB8000042B28BF04238DF8213001210B98FFF7F7
:10AB9000DBF904469DF82330164A52F823309DF81D
:10ABA0002120144951F822209DF821009DF82210FF
:10ABB000884201D2104900E01049029101920093AD
:10ABC00023460F4A08210798FAF71EFE0B9B013314
:10ABD0000B930B9A0A9B9A42BED300BF00BF0CB0E6
:10ABE00010BD00BF80EF030094EF0300A0EF03004F
:10ABF000C0EF03000C300020F0EF0300F4EF03007F
:10AC0000F8EF030000B587B001900091FFF75CF901
:10AC100004900023059313E000210598FFF794F9B1
:10AC2000039020220199039801F0C9FC0346002BF0
:10AC300003D1009B059A1A6006E0059B013305933A
:10AC4000059A049B9A42E7D3059A049B9A4214BF43
:10AC500001230023DBB2184607B05DF804FB00B502
:10AC600087B00390029113468DF80730002300222D
:10AC700002990398FFF71CFA03468DF817309DF8E8
:10AC800007209DF817309A4201D9002307E09DF86C
:10AC900007301A4602990398FFF7CEF901231846A8
:10ACA00007B05DF804FB000000B58BB00390029183
:10ACB0000192039BDB681B7A059300238DF81B3000
:10ACC000029B002B00F0C680019B1B68634918465D
:10ACD00001F0ACFC0346002B39D1029B012B05D1BE
:10ACE0005F4A02210398FAF78FFDB3E0029B022B23
:10ACF00002D101238DF81B300023079310E0019B44
:10AD000004331868574A079B52F823300A22194621
:10AD100001F055FC0346002B06D0079B0133079337
:10AD2000079B042BEBD900E000BF079B052B08D144
:10AD3000019B04331B684C4A02210398FAF764FD17
:10AD400088E0079B8DF82730022308931CE0019BC5
:10AD50001B684649184601F069FC0346002B0BD1DD
:10AD6000029B012B02D101238DF81B3000238DF8AB
:10AD700027300123089307E0019B1B683C4A02210E
:10AD80000398FAF741FD65E09DF81B30002B23D0B6
:10AD90000023079319E09DF827301A460799059874
:10ADA000FFF75DFF034683F00103DBB2002B09D000
:10ADB00000210798FFF7C8F803462E4A022103989E
:10ADC000FAF722FD079B01330793FFF77DF8024650
:10ADD000079B9342DFD33DE0089B079336E00023B7
:10ADE0000493079B9B00019A13441B6804AA114615
:10ADF0001846FFF707FF034683F00103DBB2002B81
:10AE000009D0079B9B00019A13441B681A4A022130
:10AE10000398FAF7F9FC049B9DF82720194605983A
:10AE2000FFF71DFF034683F00103DBB2002B0AD0BE
:10AE3000049B00211846FFF787F803460D4A0221BC
:10AE40000398FAF7E1FC079B01330793079A029BEB
:10AE50009A42C4D30BB05DF804FB00BF10F00300AE
:10AE600018F003000C30002030F0030050F0030015
:10AE700058F0030070F0030094F0030000B583B0B5
:10AE800001900091009B0022DA60009B00225A6032
:10AE9000009B064A9A6001210198FFF755F8024687
:10AEA000009B1A6000BF03B05DF804FB24F20300AE
:10AEB00082B001900091009B0022DA60009B00228A
:10AEC0005A60009B074A9A60019B042B04D8064AEB
:10AED000019B52F8233000E00023009A136000BF6A
:10AEE00002B0704724F203002030002000B585B086
:10AEF000039002910192039BDB681846FEF709FF5D
:10AF000000BF05B05DF804FB00B585B00390029169
:10AF10000192039BDB681846FEF7F3FE00BF05B005
:10AF20005DF804FB00B587B0059004910392049B83
:10AF3000012B05D00598FFF7D3FD0346002B05D064
:10AF4000002200210598FAF78FFD0DE0039B1A6897
:10AF5000039B04331B680193054B00931346054A7A
:10AF600002210598FAF750FC07B05DF804FB00BF1A
:10AF7000E8F10300DCF1030010B582B0019000910C
:10AF8000019BDB7983F00103DBB2002B2FD0019B07
:10AF90001B7A002B12D0019B9B881A46019B9B7940
:10AFA00019461046FEF7F0FF03461A46114B53F8B8
:10AFB00022301A4610490098FBF774FF019B1B686A
:10AFC0001A460E490098FBF76DFF019B9B791A46C4
:10AFD0000B4B53F82240019B9B8800211846FEF73B
:10AFE000B3FF0346224607490098FBF75BFF00BF0B
:10AFF00002B010BD4830002014F3030018F3030022
:10B000003430002024F3030000B585B00390029192
:10B0100013468DF80730039BDB7983F00103DBB225
:10B02000002B0FD0039B1B7A002B06D00D4B1B6807
:10B030001A460D490298FBF735FF0C490298FBF7B9
:10B0400031FF07E09DF80730002B03D00749029835
:10B05000FBF728FF0298FBF703FF00BF05B05DF880
:10B0600004FB00BF4830002014F3030030F303005A
:10B0700030B58BB007900691059204930E9B1B7B15
:10B080008DF827300E9B00221A730E990498FFF753
:10B0900073FF059B062B7FD801A252F823F000BF57
:10B0A000BDB00300C7B00300D7B00300EBB003008E
:10B0B00009B1030031B1030061B1030007990E9893
:10B0C000FBF7F0FE69E0069B1B681A4607990E988D
:10B0D000FBF7E8FE61E0069B1A68069B04331B68D9
:10B0E00007990E98FBF7DEFE57E0069B1A68069B51
:10B0F00004331968069B08331B6800930B460799B5
:10B100000E98FBF7CFFE48E0069B1968069B0433B8
:10B110001868069B08331B68069A0C321268019265
:10B12000009303460A4607990E98FBF7BBFE34E0EE
:10B13000069B1868069B04331C68069B08331B6833
:10B14000069A0C3212680699103109680291019230
:10B1500000932346024607990E98FBF7A3FE1CE0D6
:10B16000069B1C68069B04331D68069B08331B68FE
:10B17000069A0C3212680699103109680698143044
:10B18000006803900291019200932B462246079992
:10B190000E98FBF787FE00E000BF00220E9904988E
:10B1A000FFF732FF0E9B9DF827201A7300BF0BB0EC
:10B1B00030BD00BF00B587B00390029101920093AB
:10B1C000029B082B5CD8009B1B7B8DF81330009BE7
:10B1D00000221A7300990198FFF7CEFE0023059311
:10B1E00014E0059A029B9A4209D2039A059B1344E4
:10B1F0001B781A4624490098FBF754FE03E02349C4
:10B200000098FBF74FFE059B01330593059B072B29
:10B21000E7D91F490098FBF745FE0023059322E07C
:10B22000059A029B9A4217D2039A059B13441B78F6
:10B230008DF812309DF81230184601F0D6FA034608
:10B24000002B02D09DF8123000E02E231A4611493F
:10B250000098FBF727FE03E00F490098FBF722FE5A
:10B26000059B01330593059B072BD9D90122009932
:10B270000198FFF7C9FE009B9DF813201A7300E0A8
:10B2800000BF07B05DF804FB34F303003CF3030098
:10B2900040F3030044F3030048F3030082B0204B63
:10B2A0000193019B02221A61019B02225A61019BB8
:10B2B0001C4A9A61019B1C4ADA61019B4FF400729F
:10B2C0001A62019B00229A62019B00225A62019B32
:10B2D0000022DA62019B134A9A64019B134ADA64E2
:10B2E000019B10221A65019B00229A65019B002296
:10B2F0005A65019B0022DA65019B07330C4A1068EE
:10B300001860019B0B4A10681860918892799980A7
:10B310009A71019B20229A7100BF02B0704700BF52
:10B320001C5600204CF30300945600209458002033
:10B3300058F303005CF3030000B589B00390029159
:10B34000019200230693039BDB680593039B1B6913
:10B350000493049A059B9A4205D9049A059BD31A33
:10B36000013B079307E0039B9A680499059BCB1A5E
:10B370001344013B0793039B9A68059BD31A079AD2
:10B38000934228BF13460793079A019B934228BF15
:10B3900013460793039B5A68059B1344079A029927
:10B3A000184601F08FF9069A079B13440693029AF8
:10B3B000079B13440293019A079BD31A0193059AA2
:10B3C000079B13440593039B9B68059A9A4201D1FE
:10B3D00000230593039B059ADA60019B002BB5D1EE
:10B3E000069B184609B05DF804FB00B589B00390D0
:10B3F00002910192039BDB680793039B9A68079B6A
:10B40000D31A0693069A019B9A420ED9039B5A6857
:10B41000079B1344019A0299184601F053F9079AC1
:10B42000019B1A44039BDA601AE0069B0593039B79
:10B430005A68079B1344059A0299184601F042F98D
:10B44000019A069BD31A0593039B5868029A069BA0
:10B450001344059A194601F035F9039B059ADA6001
:10B4600000BF09B05DF804FB86B00190019B1B6929
:10B470000493019BDB680393049A039B9A4208D8C8
:10B48000019B9A68039BD21A049B1344013B0593CA
:10B4900004E0049A039BD31A013B0593059B1846CD
:10B4A00006B0704700B58BB00390029101923C4BFF
:10B4B0001B78002B01D1FFF7F1FE039A13465B00C6
:10B4C0001344DB004833364A13440693029B079328
:10B4D000069B1B690893069BDB6805930023099371
:10B4E000089A059B9A422AD9069B9A68089BD31A08
:10B4F0000493049A019B934228BF13460493069B2E
:10B500005A68089B1344049A1946079801F0DAF820
:10B51000099A049B13440993079A049B13440793C5
:10B52000019A049BD31A0193089A049B134408932D
:10B53000069B9B68089A9A4201D100230893059ABA
:10B54000089BD31A0493049A019B934228BF134685
:10B550000493049B002B18D0069B5A68089B134445
:10B56000049A1946079801F0ADF8099A049B134410
:10B570000993079A049B13440793019A049BD31AD7
:10B580000193089A049B13440893099B002B02D053
:10B59000069B089A1A61099B18460BB05DF804FBDC
:10B5A0001C56002000B587B0039002910192002341
:10B5B0008DF813300DF113031846F5F733F9019A9E
:10B5C00002990398FFF76EFF05909DF81330184617
:10B5D000F5F73EF9059B184607B05DF804FB00003F
:10B5E00000B589B0039002910192029B0693039BE0
:10B5F0005A1C13465B001344DB00204A1344059396
:10B60000059B5B69022B29D0022B2ED8002B02D080
:10B61000012B13D029E00598FFF726FF0490049A28
:10B62000019B9A4202D20023079321E0019B0793DA
:10B63000019A06990598FFF7D8FE19E00598FFF7DB
:10B6400013FF0490019A049B934228BF134607936B
:10B65000079A06990598FFF7C8FE09E0019A06992E
:10B660000598FFF769FE079002E00023079300BFEB
:10B67000079B184609B05DF804FB00BF1C5600206C
:10B6800000B587B00390029101920F4B1B78002BFD
:10B6900001D1FFF703FE00238DF813300DF11303E2
:10B6A0001846F5F7BFF8019A02990398FFF798FF3B
:10B6B00005909DF813301846F5F7CAF8059B184613
:10B6C00007B05DF804FB00BF1C56002084B0019059
:10B6D000019A13465B001344DB004833064A1344C7
:10B6E0000393039BDB680293039B1B69029AD31AA3
:10B6F000184604B0704700BF1C56002008B5FFF77D
:10B70000CDFD00BF08BD000082B003468DF80730B4
:10B710009DF8073003F01F0205499DF907305B09CA
:10B72000012000FA02F241F8232000BF02B0704766
:10B7300000E100E082B003468DF807309DF8073045
:10B7400003F01F0206499DF907305B09012000FA4A
:10B7500002F2203341F8232000BF02B0704700BF3F
:10B7600000E100E082B0034600918DF807309DF9BA
:10B770000730002B0CDA009BDAB20C499DF8073039
:10B7800003F00F03043B5201D2B20B441A7609E0D6
:10B79000009BDAB206499DF907305201D2B20B4440
:10B7A00083F8002300BF02B0704700BF00ED00E047
:10B7B00000E100E082B003468DF807309DF90730C4
:10B7C000002B0BDA0B4A9DF8073003F00F03043B04
:10B7D00013441B7EDBB25B09DBB208E0064A9DF92D
:10B7E0000730134493F80033DBB25B09DBB2184631
:10B7F00002B0704700ED00E000E100E000B583B06A
:10B800000190019B002B03D10449C420E7F7A4FD5C
:10B81000019B5B68184603B05DF804FB64F303000A
:10B8200010DF704700BF184611DF704700BF184691
:10B8300082B003468DF807309DF907301F2B0CDCD2
:10B840009DF907300F4A22FA03F303F00103002B9E
:10B8500014BF01230023DBB210E09DF907303F2B1A
:10B860000BDC9DF90730203B012202FA03F3002B89
:10B8700014BF01230023DBB200E00123184602B00D
:10B88000704700BFFC06FFBD82B00190019B072BF3
:10B8900001D900230BE0019B002B05D0019B012B5C
:10B8A00002D0019B042B01D1002300E001231846A4
:10B8B00002B0704700B583B003468DF807309DF99C
:10B8C00007301846FFF7B4FF0346002B02D142F2BF
:10B8D00001032EE09DF907301846FFF76BFF034682
:10B8E0001846FFF7D1FF0346002B02D142F20203B4
:10B8F0001FE0124B9B68002B15D09DF907305B09A8
:10B900000E4A52F823209DF8073003F01F0301214F
:10B9100001FA03F319469DF907305B090A43074909
:10B9200041F8232004E09DF907301846FFF7ECFEAC
:10B930000023184603B05DF804FB00BF043F00205D
:10B9400000B583B003468DF807309DF907301846DF
:10B95000FFF76EFF0346002B02D142F201031FE006
:10B96000114B9B68002B15D09DF907305B090E4ADF
:10B9700052F823109DF8073003F01F03012202FA4A
:10B9800003F3DA439DF907305B090A40064941F8A1
:10B99000232004E09DF907301846FFF7CBFE002373
:10B9A000184603B05DF804FB043F002000B583B0E7
:10B9B000034600918DF807309DF907301846FFF7D0
:10B9C00037FF0346002B02D142F201030FE000983B
:10B9D000FFF75AFF0346002B02D142F2020306E0B2
:10B9E0009DF9073000991846FFF7BCFE0023184662
:10B9F00003B05DF804FB000000B587B003468DF886
:10BA0000073002AB14491846FDF7D6F917E002AB30
:10BA10001846FFF7F3FE0590059B1B680493059BF2
:10BA200059689DF80720049B104698470346002B51
:10BA300001D111230BE002AB1846FDF7E7F902AB89
:10BA40001846FFF7DBFE0346002BE0D10023184623
:10BA500007B05DF804FB00BF1CF4030000B587B01D
:10BA600003468DF8073002AB11491846FDF7A4F9DB
:10BA700012E002AB1846FFF7C1FE0590059B1B685C
:10BA80000493059B59689DF80720049B104698472E
:10BA900002AB1846FDF7BAF902AB1846FFF7AEFE47
:10BAA0000346002BE5D100BF00BF07B05DF804FBE3
:10BAB00028F4030000B583B01620FFF7FBFE0190C9
:10BAC000019B0093009B002B04D0044A992100980D
:10BAD000F3F702FF00BF03B05DF804FBC4F30300FB
:10BAE00000B583B01620FFF72BFF0190019B009358
:10BAF000009B002B04D0044AA5210098F3F7ECFE2C
:10BB000000BF03B05DF804FBC4F3030000B585B0CB
:10BB100007211620FFF74AFF0390039B0293029B25
:10BB2000002B04D00B4AB8210298F3F7D5FE072169
:10BB30001520FFF73BFF0390039B0193019B002B14
:10BB400004D0044ABA210198F3F7C6FE00BF05B03D
:10BB50005DF804FBC4F3030000B583B01B4B1B78F6
:10BB6000002B01D008232CE0194B01221A70002071
:10BB7000FFF742FF0346112B01D1002321E00020F3
:10BB8000FFF76CFF134B1B6800936B461249184676
:10BB9000FFF746FE0190019B002B01D0019B10E0B6
:10BBA0000A4B01221A700A4B00221A700B4B00221A
:10BBB0001A70FFF7ABFFFFF77DFF0120FFF74EFF85
:10BBC0000023184603B05DF804FB00BFA458002012
:10BBD000A658002018F40300A5F90200A55800207B
:10BBE00000B583B0174B1B7883F00103DBB2002B49
:10BBF00001D0082321E0144B01221A700120FFF725
:10BC0000FBFE0346112B01D1002316E00220FFF7B3
:10BC100025FFFFF709FE0190019B002B01D0019B3E
:10BC20000BE0084B00221A70074B00221A70FFF736
:10BC300057FF0320FFF712FF0023184603B05DF8FB
:10BC400004FB00BFA4580020A658002008B50B4BE9
:10BC50001B7883F00103DBB2002B01D008230AE03C
:10BC6000074B1B78002B03D0FFF7BAFF034602E017
:10BC7000FFF772FF0346184608BD00BFA658002014
:10BC8000A4580020014B1B7818467047A458002088
:10BC900000B585B06B4611491846FDF78DF810E0E8
:10BCA0006B461846FFF7AAFD0390039B1B6802939F
:10BCB000039B5A68029B104698476B461846FDF74F
:10BCC000A5F86B461846FFF799FD0346002BE7D110
:10BCD00000BF00BF05B05DF804FB00BF34F40300F3
:10BCE00008B5FFF7D5FF00BF08BD60DF704700BF94
:10BCF000184669DF704700BF184661DF704700BF14
:10BD00001846000000B583B00190019B002B03D1C1
:10BD10000449C420E7F720FB019B5B68184603B089
:10BD20005DF804FB40F4030082B00190019B002BFE
:10BD300001D10E2304E0044B1A46019B1A60002334
:10BD4000184602B0704700BF582E002010B586B0CC
:10BD5000034600918DF807300098FFF7E5FF059046
:10BD6000059B002B01D0059BF8E002AB0C220021C3
:10BD7000184600F0D9FC9DF807308DF808300123F3
:10BD80008DF80A300323ADF80C30009B1A6802AB23
:10BD900019462020FFF7ADFF0590059B002B11D021
:10BDA000704B5B68002B0DD06E4B1B881B0443F05F
:10BDB00001040598FDF75CF803461A466A492046D7
:10BDC000FEF774FB02AB0C220021184600F0ACFC1D
:10BDD00001238DF8083000238DF8093000238DF8F9
:10BDE0000A30009B1A6802AB19464020FFF781FF1A
:10BDF0000590059B002B11D05A4B5B68002B0DD092
:10BE0000584B1B881B0443F001040598FDF730F8DC
:10BE100003461A4655492046FEF748FB02AB0C2262
:10BE20000021184600F080FC9DF807308DF808309E
:10BE3000F723ADF80A30009B1A6802AB194623209D
:10BE4000FFF757FF0590059B002B11D0454B5B6812
:10BE5000002B0DD0434B1B881B0443F001040598B5
:10BE6000FDF706F803461A4641492046FEF71EFB39
:10BE700002AB0C220021184600F056FC01238DF87D
:10BE80000830009B1A6802AB19460120FFF731FF0A
:10BE90000590059B002B11D0324B5B68002B0DD019
:10BEA000304B1B881B0443F001040598FCF7E0FFAE
:10BEB00003461A462F492046FEF7F8FA02AB0C2239
:10BEC0000021184600F030FC4FF4B0630293009B51
:10BED0001A6802AB1946A120FFF70BFF0590059BDE
:10BEE000002B11D01F4B5B68002B0DD01D4B1B8806
:10BEF0001B0443F001040598FCF7BAFF03461A46F9
:10BF00001D492046FEF7D2FA02AB0C22002118464A
:10BF100000F00AFC9DF8083043F001038DF808306A
:10BF2000009B1A6802AB1946A020FFF7E2FE0590BD
:10BF3000059B002B11D00B4B5B68002B0DD0094BE0
:10BF40001B881B0443F001040598FCF791FF03468E
:10BF50001A460A492046FEF7A9FA0023184606B0F9
:10BF600010BD00BFEC2E0020A4F40300ECF403008D
:10BF700038F5030080F50300CCF5030020F603003C
:10BF800082B04FF08053D3F80C319B020193019B98
:10BF900003F10053184602B07047000010B584B09A
:10BFA0000190019B1B6803930198FFF79EFE02908E
:10BFB000019B1B68039A9A4222D01E4B5B68012B9F
:10BFC0000AD91C4B1B881B0443F00200019B1B6811
:10BFD000039A1949FEF77BFA164B5B68012B0FD9C0
:10BFE000144B1B881B0443F00204FFF7C9FF0246F1
:10BFF000019B1B68D31A1A4610492046FEF756FAD1
:10C00000029B002B11D00B4B5B68002B0DD0094B12
:10C010001B881B0443F001040298FCF729FF034628
:10C020001A4607492046FEF741FA029B184604B01B
:10C0300010BD00BFEC2E002074F60300A4F6030030
:10C04000C8F6030000B5F1B070ABA3F5DE7318605D
:10C050004FF4CE73ADF8AE310DF5D77202AB114689
:10C060001846FFF74AFE6F906F9B002B03D06F9B23
:10C07000052B22D127E002AB6E9369AB1449184619
:10C08000FCF79AFE11E069AB1846FFF73BFE6D9096
:10C090006D9B1B686C936D9B5A686C9B11466E98E8
:10C0A000984769AB1846FCF7B1FE69AB1846FFF735
:10C0B00029FE0346002BE6D1CAE7064A40F22111C9
:10C0C0006F98F3F709FC00BF71B05DF804FB00BF87
:10C0D00040F70300E8F6030000B583B00190019B30
:10C0E000002B03D10449C420E7F736F9019B5B68B4
:10C0F000184603B05DF804FB4CF7030048DF7047B7
:10C1000000BF184600B589B0019004AB1846FFF790
:10C11000F5FF0790079B002B03D0079B052B20D131
:10C1200024E002AB13491846FCF746FE11E002ABCF
:10C130001846FFF7D1FF0690069B1B680593049AEB
:10C14000069B5968059B1046984702AB1846FCF7BA
:10C150005DFE02AB1846FFF7BFFF0346002BE6D19A
:10C16000D3E7054A6B210798F3F7B6FB00BF09B088
:10C170005DF804FB08F80300B0F703002DE9F04F69
:10C18000C9B05FEA0209039000F007819B460B29C2
:10C19000C9F10008C0F0C1802990019109915000B7
:10C1A00004900120013809A9029051F8207029A9B2
:10C1B00051F82060704205900796791001FB09F54F
:10C1C00030460C4601FB09660697F9074F4618BF33
:10C1D00000273146D847012808DB484607994A5DC1
:10C1E0000B780A704B5501310138F8D10897E81BDC
:10C1F00006EB000A30465146D847012827461BDB8C
:10C2000007985146D84701280CDB04987843DDE9AC
:10C210000721401A4946135C1478137014540132F4
:10C220000139F8D1504649463278037806F8013B87
:10C2300000F8012B0139F7D14FF0FF3000EB470038
:10C2400009FB00F00AEB0807DDE90761A0EB010A32
:10C2500050464946325C735D7255335401350130A6
:10C260000139F7D134463E4608944C440025601904
:10C270003946D84700284D44F9D408984419464413
:10C2800030463946D8470028F9DCA64208D90020B4
:10C29000315C225C2154325401308145F8D1E3E70E
:10C2A00048462146DDE9067616F80A200B7801F8A3
:10C2B000012B06F80A300AF1010A0138F4D1059879
:10C2C000089908442844B0FBF9F1781A4F1E8742B8
:10C2D00005DD0A280BDC0A2F3FF76FAF18E00A2FA5
:10C2E00013DC0A28264607463FF764AF10E03146C4
:10C2F0003A4626460746029809AB43F8202029AA69
:10C3000042F820100130029054E721460246F2E73D
:10C31000029800287FF446AF0199481E00FB09F1FE
:10C3200001293ADB039E00FB09600890B9F1010F77
:10C33000CA4698BF4FF0010A06EB090C644606EBAB
:10C34000090503988642374608D338462946D84718
:10C35000012803DB474403988742F6D207EB090024
:10C360000021A44622466F1807EB080383426B5C4A
:10C3700008D30027F45DD455A7EB0907F4198442CC
:10C38000F8D217443B700136013201315145EAD1F0
:10C39000CC44089885422E46D0D349B0BDE8F08FF2
:10C3A000002B35D129B9B0FBF2FC0CFB1202604620
:10C3B0007047914215D22DE9F041B2FA82F39A40CA
:10C3C0009940D3F1200C30FA0CFC51EA0C01984052
:10C3D00000F04EF8280036FA03F200210023BDE8F1
:10C3E000F081F0B5B1FBF2FC0CFB1211B2FA82F352
:10C3F0009A409940D3F1200630FA06F6314398402E
:10C4000000F036F8614628003200DA400023F0BD23
:10C41000F3B5B3FA83FC49085FEA300013FA0CF372
:10C42000DCF1200432FA04F423430CB41A0000F0C7
:10C430001FF80CBC33FA0CF3DCF11F0C35FA0CF5C9
:10C4400018BF013D03BCA5FB026705FB0377801BFA
:10C45000B941904271EB030C05D3821A71EB0303CF
:10C46000681C0021F0BD02000B0028000021F0BD77
:10C47000940D4FF6C2752D02B5FBF4F4D60A0136C1
:10C4800004FB04F5A5FB0656F64306EB0416550817
:10C4900032BF00277708013505FB1677A6FB074753
:10C4A0007F0807EBC63714001500E7FB02457F1B2A
:10C4B0004D1C0400E7FB014505FB1206A64284BFA4
:10C4C000013DB618964224BF0135B61A704700BF29
:10C4D000082938BF7047416045F6A801C2F2000143
:10C4E0000860002101607047884211D28446042A06
:10C4F00006D351F8043B4CF8043B043A032AF8D81D
:10C500000AB311F8013B0CF8013B013AF9D170472D
:10C5100019D9042A09D38B1800EB020C53F8043CF8
:10C520004CF8043C043A032AF5D811448318002A35
:10C5300008BF7047A3F1010C013911F801390CF85B
:10C540000139013AF9D1704700B5042A8E4609D362
:10C5500050F8043B5EF804CB634505D1043A032A46
:10C560007146F5D89AB10368086880EA030191FA28
:10C57000A1F1B1FA81F1B2EBD10F08D901F0380184
:10C5800023FA01F2C840C0B2D1B2081A00BD00209F
:10C5900000BD0178002904BF0020704700214FF042
:10C5A00001324358C2FA53F30431002BF9D093FA05
:10C5B000A3F0B0FA80F001EBD000043870479AB3D2
:10C5C00091F800C0037863451CBFA3EB0C007047D3
:10C5D00053B310B5042A12D34FF0013CD0F800E059
:10C5E0000B689E450BD1CCFA5EF343B9043A043193
:10C5F0000430032AF2D8002A04BF002010BD013AFB
:10C600000ED001EB020C00EB020E037843B10C7864
:10C61000A34205D101310130013AF6D1704661469D
:10C6200009780078401A10BD002070474FF0013C97
:10C6300050F8042B51F8043B9A421ED1CCFA52F226
:10C64000DAB950F8042B51F8043B9A4215D1CCFAD0
:10C6500052F292B950F8042B51F8043B9A420CD193
:10C66000CCFA52F24AB950F8042B51F8043B9A42E2
:10C6700003D1CCFA52F2002ADAD00438043910F887
:10C68000012B11F8013BD21A01D1002BF7D1104632
:10C69000704700BF0246F0B44FF00137FB0151F87C
:10C6A000044BE51BA5431D4002D142F8044BF6E7BD
:10C6B0000439F0BC11F8013B02F8013B002BF9D121
:10C6C000704700BF5AB3844690EA01039B071FD10D
:10C6D000830707D011F8013B00F8013B013AF7D17D
:10C6E0001CE08446203A09D32DE9F007B1E8F807A9
:10C6F000A0E8F807203AF9D2BDE8F0071C3205D4CB
:10C7000051F8043B40F8043B043AF9D2043205D016
:10C7100011F8013B00F8013B013AF9D1604670473E
:10C7200000220B0011001A0084465AB3830704D07C
:10C7300000F8011B013AF9D124E0C9B241EA012114
:10C7400041EA0141202A11D3203A2DE9F0030B469A
:10C750000C460D460E460F4688468946A0E8FA0369
:10C76000203AFBD2BDE8F00320320BD0042A05D3D7
:10C7700040F8041B043A05D0042AF9D200F8011B42
:10C78000013AFBD16046704784460020002918BF5B
:10C79000002A00D17047097848B2002844BF6FF0E2
:10C7A00001007047BCF1000F18BFCCF80010002149
:10C7B000C3E90011002818BF012070477F298EBFF0
:10C7C0006FF0010001700120704745F6AC01C2F224
:10C7D00000010968002904BF43F26C01C2F20001A4
:10C7E000496889680A680821104745F6AC01C2F219
:10C7F00000010968002904BF43F26C01C2F2000184
:10C80000496889680A68092110477F2884BF002089
:10C8100070474FF62822C0F20302515C4FF6A8126F
:10C82000C0F20302105C08407047A0F161011A29B0
:10C8300038BF20387047A0F141011A2938BF40F0B5
:10C84000200070477F2884BF002070474FF62822C1
:10C85000C0F20302515C4FF6A812C0F20302105C52
:10C8600008407047A0F161011A2938BF203870478D
:0EC87000A0F141011A2938BF40F020007047A6
:10C88000F1E2020000000000257D0300000000002E
:08C89000676A0200AC300020D1
:10C898008D700200000000000D8F0200983000200B
:10C8A8001D6A0200AC300020CD50020000000000DC
:10C8B800C16E020000000000F5A90200000000009F
:10C8C80051C902008030002085D502003440002084
:08C8D800BD3802000000000061
:04C8E000D53F02003E
:10C8E4000000000080CE0300000000000CD803000C
:10C8F40000000000F4E10300000000003CE203003B
:10C904000000000084E203000000000094E2030041
:10C9140000000000CCE203000000000014E3030068
:10C9240000000000BCEE0300000000009CF20300C5
:10C93400ECEE0300000004009CDC03000000000097
:10C944004CD003000000040074E303000000000066
:10C954005CE403000000000000D9030000000000B4
:10C96400F8D9030000000000C4D403000000000054
:10C97400BCF303000000030098F40300000003006C
:10C98400A4F703000000030094E60300030003007F
:10C994001CD8030000000400C8EC030000000400DD
:08C9A40098DA03000000000016
:08C9AC00CD7D03000000000036
:10C9B4000DE3020000000000F57D0300000000000C
:10C9C40045C003000000000005C103000000000092
:10C9D4000000000000000000000000000000000053
:10C9E4000000000000000000000000000000000043
:08C9F40000000000000000003B
:10C9FC00000000000000000000000000000000002B
:10CA0C00000000000000000000000000000000001A
:10CA1C00000000000000000000000000000000000A
:10CA2C0000000000000000000000000000000000FA
:10CA3C0000000000000000000000000000000000EA
:10CA4C0000000000000000000000000000000000DA
:10CA5C0000000000000000000000000000000000CA
:10CA6C0000000000000000000000000000000000BA
:10CA7C0000000000000000000000000000000000AA
:10CA8C00000000000000000000000000000000009A
:10CA9C00000000000000000000000000000000008A
:04CAAC000000000086
:10CAB0000000000000000000511F03000000000003
:04CAC0000000000072
:10CAC40084310020A431002048E40300C431002054
:10CAD400C8CA0300D0310020F03100203F0000001C
:10CAE40030320020483200201F000000683200204D
:10CAF400DCE3030080320020D8CA0300E8CA030044
:10CB0400DCCA0300983000207274745F636C693A65
:10CB14007E242000626C655F636C693A7E24200089
:10CB2400457261736520626F6E64732100000000BA
:10CB34002F686F6D652F736A6F2F64776D31303096
:10CB4400312D6578616D706C65732F6E5246355F5B
:10CB540053444B5F31342E322E302F6578616D7023
:10CB64006C65732F626C655F70657269706865725D
:10CB7400616C2F6578706572696D656E74616C2F78
:10CB8400626C655F6170705F636C692F6D61696E63
:10CB94002E630000474320636F6D706C6574656499
:10CBA4000A000000436F6E6E656374656420746FE1
:10CBB40020612070726576696F75736C7920626F7D
:10CBC4006E646564206465766963652E0000000008
:10CBD400436F6E6E656374696F6E207365637572FF
:10CBE40065643A20726F6C653A2025642C20636F6B
:10CBF4006E6E5F68616E646C653A20307825782CBF
:10CC04002070726F6365647572653A2025642E0026
:10CC1400504D5F4556545F50454552535F44454C13
:10CC24004554455F5355434345454445440000003E
:10CC34004E6F726469635F434C4900004154542051
:10CC44004D54552065786368616E676520636F6D28
:10CC5400706C657465642E2063656E7472616C20FB
:10CC640030782578207065726970686572616C200F
:10CC740030782578000000004E6F72646963536554
:10CC84006D69636F6E647563746F7200466173746B
:10CC9400206164766572746973696E672E000000A2
:10CCA400436F6E6E65637465642E0000446973633C
:10CCB4006F6E6E65637465642C20726561736F6E4C
:10CCC4002025642E000000005048592075706461CE
:10CCD400746520726571756573742E0047415454F0
:10CCE40020436C69656E742054696D656F75742E8C
:10CCF4000000000047415454205365727665722049
:10CD040054696D656F75742E00000000426174747F
:10CD1400657279206C6576656C20757064617465E4
:10CD24003A202564000000004C4544207475726E5E
:10CD34006564206F6E2E0D0A000000004C454420EF
:10CD44007475726E6564206F66662E0D0A000000AD
:10CD540025733A257325730D0A00000020756E6B48
:10CD64006E6F776E20706172616D657465723A20C2
:10CD7400000000006F6E00005475726E204C454434
:10CD8400206F6E2E000000006F6666005475726E90
:10CD9400204C4544206F66662E0000006C656400DC
:10CDA400436F6D6D616E647320666F72204C4544F1
:10CDB40020636F6E74726F6C000000000CCB030074
:10CDC400CCCA03008C320020602F0020482F0020A2
:10CDD400F0CD03000D000000E4330020D033002028
:10CDE4000400000004000000010000007835002069
:10CDF400F0330020F8330020F83300203000000026
:10CE040018CB0300F4CA030080350020902F0020C3
:10CE1400782F002034CE03000D000000E8360020F7
:10CE2400C4360020080000000400000001000000D7
:10CE34007C380020F4360020FC360020FC3600202C
:10CE44003000000078CD03007CCD0300000000001A
:10CE5400394002008CCD030090CD03000000000097
:10CE6400614002000000000000000000000000001B
:10CE7400000000000000000048CE0300A0CD030025
:10CE8400A4CD030078CE0300894002002E2E2F2E5D
:10CE94002E2F2E2E2F2E2E2F2E2E2F2E2E2F2E2EA9
:10CEA4002F636F6D706F6E656E74732F6472697625
:10CEB4006572735F6E72662F68616C2F6E72665F47
:10CEC4006770696F2E6800002F686F6D652F736A35
:10CED4006F2F64776D313030312D6578616D706CF2
:10CEE40065732F6E5246355F53444B5F31342E3297
:10CEF4002E302F636F6D706F6E656E74732F626F5B
:10CF0400617264732F626F617264732E6300000038
:10CF14001E1F160E0D0E0F102E2E2F2E2E2F2E2E00
:10CF24002F2E2E2F2E2E2F2E2E2F2E2E2F636F6D63
:10CF3400706F6E656E74732F647269766572735F59
:10CF44006E72662F68616C2F6E72665F6770696FB0
:10CF54002E680000A8380020C8380020F8380020C7
:10CF64000D000300354702000E00030035470200A0
:10CF74000F0003003547020010000300354702008C
:10CF84002F686F6D652F736A6F2F64776D31303042
:10CF9400312D6578616D706C65732F6E5246355F07
:10CFA40053444B5F31342E322E302F636F6D706FCC
:10CFB4006E656E74732F626C652F636F6D6D6F6E2B
:10CFC4002F626C655F636F6E6E5F73746174652E40
:10CFD400630000002F686F6D652F736A6F2F64778D
:10CFE4006D313030312D6578616D706C65732F6EE5
:10CFF4005246355F53444B5F31342E322E302F630B
:10D004006F6D706F6E656E74732F626C652F636FD6
:10D014006D6D6F6E2F626C655F7372765F636F6D9B
:10D024006D6F6E2E63000000010001003CD0030010
:10D034000100010040D003000100000000000000D6
:10D04400C1A9020019790200626C655F676174749A
:10D054000000000052657175657374696E67207411
:10D064006F207570646174652064617461206C65FF
:10D074006E67746820746F202575206F6E20636F4F
:10D084006E6E656374696F6E20307825782E0000AB
:10D0940073645F626C655F6761705F646174615F34
:10D0A4006C656E6774685F757064617465282920A7
:10D0B400287265717565737429206F6E20636F6EB5
:10D0C4006E656374696F6E2030782578207265749C
:10D0D40075726E656420756E6578706563746564D9
:10D0E4002076616C756520307825782E000000006C
:10D0F40052657175657374696E6720746F207570FD
:10D104006461746520415454204D545520746F203B
:10D114002575206279746573206F6E20636F6E6E5F
:10D12400656374696F6E20307825782E00000000E6
:10D1340073645F626C655F67617474635F65786371
:10D1440068616E67655F6D74755F7265717565732F
:10D15400742829206F6E20636F6E6E656374696F27
:10D164006E20307825782072657475726E6564203F
:10D17400627573792C2077696C6C2072657472798E
:10D184002E00000073645F626C655F676174746392
:10D194005F65786368616E67655F6D74755F7265FE
:10D1A400717565737428292072657475726E65646F
:10D1B40020756E65787065637465642076616C753E
:10D1C4006520307825782E00415454204D54552044
:10D1D4007570646174656420746F202575206279AC
:10D1E400746573206F6E20636F6E6E656374696F10
:10D1F4006E20307825782028726573706F6E7365A1
:10D20400292E000050656572206F6E20636F6E6E6C
:10D21400656374696F6E2030782578207265717546
:10D22400657374656420616E20415454204D5455D7
:10D23400206F662025752062797465732E000000C6
:10D244005570646174696E6720415454204D54557F
:10D2540020746F20257520627974657320286465B5
:10D2640073697265643A20257529206F6E20636F97
:10D274006E6E656374696F6E20307825782E0000B9
:10D2840073645F626C655F67617474735F65786310
:10D2940068616E67655F6D74755F7265706C79281F
:10D2A400292072657475726E656420756E65787078
:10D2B40065637465642076616C75652030782578C3
:10D2C4002E00000044617461206C656E67746820F0
:10D2D4007570646174656420746F202575206F6EA9
:10D2E40020636F6E6E656374696F6E2030782530CD
:10D2F400782E00006D61785F72785F6F6374657477
:10D30400733A2025750000006D61785F74785F6F53
:10D3140063746574733A2025750000006D61785F4D
:10D3240072785F74696D653A202575006D61785F68
:10D3340074785F74696D653A20257500506565726F
:10D34400206F6E20636F6E6E656374696F6E20303C
:10D354007825782072657175657374656420612021
:10D3640064617461206C656E677468206F66202543
:10D37400752062797465732E000000005570646135
:10D3840074696E672064617461206C656E6774688B
:10D3940020746F202575206279746573206F6E2068
:10D3A400636F6E6E656374696F6E20307825782EB6
:10D3B4000000000073645F626C655F6761705F64A6
:10D3C4006174615F6C656E6774685F7570646174C5
:10D3D40065282920287265706C7929207265747516
:10D3E400726E656420756E6578706563746564201B
:10D3F40076616C756520307825782E0052657175DC
:10D40400657374696E6720746F20757064617465E8
:10D4140020415454204D545520746F2025752062AA
:10D4240079746573206F6E20636F6E6E65637469C3
:10D434006F6E203078257820287265747279292ED1
:10D444000000000051A70200A1C502009D7C02005B
:10D45400657902002F686F6D652F736A6F2F64778B
:10D464006D313030312D6578616D706C65732F6E60
:10D474005246355F53444B5F31342E322E302F6386
:10D484006F6D706F6E656E74732F626C652F626C56
:10D49400655F73657276696365732F626C655F643B
:10D4A40069732F626C655F6469732E63000000000A
:10D4B4009ECADC240EE5A9E093F3A3B50000406EF8
:10D4C4006E72665F6D7075005374726F6E676C79FF
:10D4D4002D6F7264657265642C2053686172656196
:10D4E400626C65004465766963652C2053686172DB
:10D4F4006561626C650000004E6F726D616C0000C6
:10D504004E6F726D616C2C20536861726561626C40
:10D5140065000000446576696365000052657365C3
:10D5240072766564206F7220496D706C656D656EEE
:10D53400746174696F6E20446566696E6564000089
:10D544002D2D2F2D2D00000052572F2D2D000000C2
:10D5540052572F524F00000052572F5257000000CD
:10D564003F3F2F3F3F000000524F2F2D2D00000062
:10D57400524F2F524F000000556E6B6E6F776E0046
:10D5840057542F575400000057422F5742000000B1
:10D59400574257412F57425741000000456E616280
:10D5A4006C65640044697361626C6564000000002A
:10D5B4004D50552053746174653A2025732C2025F1
:10D5C4007520756E696669656420726567696F6E3A
:10D5D400732061766961626C652E0D0A0D0A000084
:10D5E400526567696F6E2025753A204469736162DC
:10D5F4006C65640D0A000000526567696F6E202532
:10D60400753A20456E61626C65640D0A0000000085
:10D61400092D204C6F636174696F6E3A0930782567
:10D624003038582D307825303858202873697A6579
:10D634003A202575206279746573290D0A0000006B
:10D64400092D204163636573733A0925730D0A003C
:10D65400092D20547970653A090925730D0A0000D3
:10D66400092D2043616368696E673A0925730D0AC1
:10D6740000000000584E00002D2D0000092D20460A
:10D684006C6167733A0925730D0A0D0A00000000E6
:10D694004D50555F545950453A0930782530385823
:10D6A4000D0A00004D50555F4354524C3A093078EE
:10D6B400253038580D0A00000D0A4D50555F52426E
:10D6C40041525B25755D3A093078253038580D0A8A
:10D6D400000000004D50555F524153525B25755D6B
:10D6E4003A093078253038580D0A000025733A205D
:10D6F400756E6B6E6F776E20706172616D657465A7
:10D70400723A2025730D0A0064756D7000000000E4
:10D7140044756D70204D505520726567697374654A
:10D7240072732E00696E666F000000005072696E9D
:10D734007420696E666F726D6174696F6E206162C8
:10D744006F7574204D50552073746174652E0000FC
:10D754006D707500436F6D6D616E647320666F72DA
:10D76400204D5055206D616E6167656D656E740066
:10D77400574257412F2D2D0057542F2D2D000000B7
:10D7840057422F2D2D0000002D2D2F5742574100B9
:10D7940057542F574257410057422F574257410081
:10D7A4002D2D2F5754000000574257412F57540036
:10D7B40057422F57540000002D2D2F5742000000D0
:10D7C400574257412F57420057542F5742000000E9
:10D7D4000CD7030014D7030000000000F5DC02009E
:10D7E40028D7030030D703000000000091DB0200BB
:10D7F4000000000000000000000000000000000025
:10D8040000000000D4D7030054D7030058D7030006
:10D8140004D80300B5DD0200737461636B5F677540
:10D82400617264002F686F6D652F736A6F2F647760
:10D834006D313030312D6578616D706C65732F6E8C
:10D844005246355F53444B5F31342E322E302F63B2
:10D854006F6D706F6E656E74732F6C696272617236
:10D864006965732F6578706572696D656E74616C36
:10D874005F737461636B5F67756172642F6E726648
:10D884005F737461636B5F67756172642E6300001C
:10D89400537461636B2047756172643A2030782554
:10D8A4003038582D30782530385820287573616207
:10D8B4006C6520737461636B20617265613A202525
:10D8C40075206279746573290000000043616E6EEF
:10D8D4006F742063726561746520737461636B2077
:10D8E4006775617264207061676521204572726F8B
:10D8F400723A202575205B25735D0000636C6F63AD
:10D904006B0000002F686F6D652F736A6F2F64774B
:10D914006D313030312D6578616D706C65732F6EAB
:10D924005246355F53444B5F31342E322E302F63D1
:10D934006F6D706F6E656E74732F64726976657245
:10D94400735F6E72662F636C6F636B2F6E72665FAC
:10D954006472765F636C6F636B2E63002F686F6D08
:10D96400652F736A6F2F64776D313030312D657890
:10D97400616D706C65732F6E5246355F53444B5F17
:10D9840031342E322E302F636F6D706F6E656E746E
:10D99400732F647269766572735F6E72662F636F3C
:10D9A4006D6D6F6E2F6E72665F6472765F636F6DFE
:10D9B4006D6F6E2E630000002E2E2F2E2E2F2E2E16
:10D9C4002F2E2E2F2E2E2F2E2E2F2E2E2F636F6DB9
:10D9D400706F6E656E74732F647269766572735FAF
:10D9E4006E72662F68616C2F6E72665F6770696F06
:10D9F4002E6800006770696F746500002F686F6D92
:10DA0400652F736A6F2F64776D313030312D6578EF
:10DA1400616D706C65732F6E5246355F53444B5F76
:10DA240031342E322E302F636F6D706F6E656E74CD
:10DA3400732F647269766572735F6E72662F677096
:10DA4400696F74652F6E72665F6472765F67706962
:10DA54006F74652E630000002E2E2F2E2E2F2E2E77
:10DA64002F2E2E2F2E2E2F2E2E2F2E2E2F636F6D18
:10DA7400706F6E656E74732F647269766572735F0E
:10DA84006E72662F68616C2F6E72665F6770696F65
:10DA94002E68000075617274000000002F686F6DBD
:10DAA400652F736A6F2F64776D313030312D65784F
:10DAB400616D706C65732F6E5246355F53444B5FD6
:10DAC40031342E322E302F636F6D706F6E656E742D
:10DAD400732F647269766572735F6E72662F7561F7
:10DAE40072742F6E72665F6472765F756172742EE3
:10DAF400630000009C3D00202F686F6D652F736AE2
:10DB04006F2F64776D313030312D6578616D706CB5
:10DB140065732F6E5246355F53444B5F31342E325A
:10DB24002E302F636F6D706F6E656E74732F6C691A
:10DB3400627261726965732F627574746F6E2F619E
:10DB440070705F627574746F6E2E6300534F465429
:10DB54004445564943453A20415353455254494F4D
:10DB64004E204641494C454400000000534F465462
:10DB74004445564943453A20494E56414C49442070
:10DB84004D454D4F525920414343455353000000E6
:10DB9400415353455254494F4E204641494C454404
:10DBA4002061742025733A25750000004552524FB8
:10DBB40052202575205B25735D2061742025733AFE
:10DBC40025750000554E4B4E4F574E204641554C3F
:10DBD4005420617420307825303858002F686F6DD8
:10DBE400652F736A6F2F64776D313030312D65780E
:10DBF400616D706C65732F6E5246355F53444B5F95
:10DC040031342E322E302F636F6D706F6E656E74EB
:10DC1400732F6C69627261726965732F7574696CB4
:10DC24002F6170705F7574696C5F706C6174666F7E
:10DC3400726D2E63000000002F686F6D652F736A8C
:10DC44006F2F64776D313030312D6578616D706C74
:10DC540065732F6E5246355F53444B5F31342E3219
:10DC64002E302F636F6D706F6E656E74732F6C69D9
:10DC7400627261726965732F6664732F6664732EB2
:10DC840063000000DEC0ADDEFF011EF1DEC0ADDECC
:10DC9400FE011EF10000FFFF62616C6C6F63000007
:10DCA4002F686F6D652F736A6F2F64776D31303015
:10DCB400312D6578616D706C65732F6E5246355FDA
:10DCC40053444B5F31342E322E302F636F6D706F9F
:10DCD4006E656E74732F6C69627261726965732FFD
:10DCE40062616C6C6F632F6E72665F62616C6C6FE5
:10DCF400632E630020756E6B6E6F776E2070617299
:10DD0400616D657465723A20000000003A20636F0B
:10DD14006D6D616E64206E6F7420666F756E640045
:10DD24002F686F6D652F736A6F2F64776D31303094
:10DD3400312D6578616D706C65732F6E5246355F59
:10DD440053444B5F31342E322E302F636F6D706F1E
:10DD54006E656E74732F6C69627261726965732F7C
:10DD6400636C692F6E72665F636C692E63000000DA
:10DD740025630000257300001B5B2564440000003C
:10DD84001B5B2564430000001B5B2564410000000D
:10DD94001B5B2564420000000D0A257325730000F7
:10DDA4005461622066756E6374696F6E3A20636FA6
:10DDB4006D6D616E647320636F756E746572206F30
:10DDC400766572666C6F7765642E0D0A000000003C
:10DDD4000D0A2573000000000D0A6E6F742074652F
:10DDE400726D696E617465643A2025630D0A0000E2
:10DDF400257325730D0A00000D0A257325730D0A7A
:10DE0400000000002D6800002D2D68656C70000076
:10DE1400506C6561736520737065636966792073FE
:10DE24007562636F6D6D616E642E0D0A00000000F3
:10DE34000D0A0A0025732573000000004F707469F1
:10DE44006F6E733A0D0A00002020252D2A733A00C4
:10DE540053686F7720636F6D6D616E642068656CC5
:10DE6400702E000020202573257325730000000008
:10DE7400537562636F6D6D616E64733A0D0A0000D1
:10DE84004C6F7374204C4F4773202D20696E63725E
:10DE940065617365204C4F47206261636B656E64F6
:10DEA4002071756575652073697A652E0D0A000009
:10DEB40025733A2062616420706172616D657465D6
:10DEC4007220636F756E740D0A00000025733A2585
:10DED4007325730D0A0000006F6E00006F66660004
:10DEE4004563686F207374617475733A2025730DEC
:10DEF4000A0000005B2533645D2025730D0A0000D1
:10DF04004C6F7374204C4F47733A2025750D0A4D9E
:10DF14006178204C4F47207175657565207574696B
:10DF24006C697A6174696F6E3A2025752525205BCA
:10DF340025752F25755D0D0A000000006E6F207297
:10DF44006573706F6E73652066726F6D2074657291
:10DF54006D696E616C2C20617373756D6564203816
:10DF6400307832342063686172732073637265653C
:10DF74006E2073697A650D0A00000000636C6561A8
:10DF840072000000436C6561722073637265656E94
:10DF94002E00000044697361626C6520636F6C6FCE
:10DFA4007265642073796E7461782E00456E6162C7
:10DFB4006C6520636F6C6F7265642073796E746135
:10DFC400782E0000636F6C6F72730000546F676784
:10DFD4006C6520636F6C6F7265642073796E746115
:10DFE400782E000044697361626C6520434C4920BB
:10DFF4006563686F2E2045736361706520636F6489
:10E00400657320617265206E6F742068616E646C44
:10E0140065642E00456E61626C6520434C49206541
:10E0240063686F2E2045736361706520636F646558
:10E0340073206172652068616E646C65642E0000F3
:10E044006563686F00000000546F67676C65204368
:10E054004C49206563686F2E000000006869737482
:10E064006F727900436F6D6D616E642068697374BB
:10E074006F72792E0000000064656661756C74002F
:10E08400417373756D652038302063686172732045
:10E0940073637265656E20776964746820616E6469
:10E0A4002073656E64207468697320736574746981
:10E0B4006E677320746F20746865207465726D696F
:10E0C4006E616C2E00000000726573697A65000051
:10E0D400436F6E736F6C652067657473207465722B
:10E0E4006D696E616C2073637265656E2073697A05
:10E0F40065206F7220617373756D657320383020ED
:10E10400696E206361736520726561646F75742044
:10E114006661696C732E204974206D757374206276
:10E1240065206578656375746564206166746572DD
:10E134002065616368207465726D696E616C207717
:10E1440069647468206368616E676520746F206514
:10E154006E7375726520636F727265637420746583
:10E16400787420646973706C61792E00676574003B
:10E1740047657420434C49207374617469737469EE
:10E18400637320666F72204C4F47206D6F64756C0B
:10E19400652E000072657365740000005265736536
:10E1A4007420434C49207374617469737469637394
:10E1B40020666F72204C4F47206D6F64756C652E1E
:10E1C40000000000636C695F737461747300000085
:10E1D400434C4920737461746973746963732E00CA
:10E1E4002020000019610300BD610300B361030036
:10E1F40080DF030088DF0300000000005962030091
:10E20400E0DE030098DF0300000000002963030040
:10E21400DCDE0300B0DF03000000000069630300DC
:10E2240000000000000000000000000000000000EA
:10E234000000000004E20300C8DF0300D0DF030095
:10E2440034E20300A9630300E0DE0300E8DF030017
:10E2540000000000D1640300DCDE030018E00300CA
:10E264000000000011650300000000000000000031
:10E274000000000000000000000000004CE2030069
:10E2840044E003004CE003007CE203004564030027
:10E2940060E0030068E00300000000005165030033
:10E2A4007CE0030084E003000000000059670300E1
:10E2B400000000000000000000000000000000005A
:10E2C40000000000A4E20300CCE00300D4E003005B
:10E2D400C4E20300D567030070E1030074E10300A6
:10E2E400000000008566030098E10300A0E103003C
:10E2F400000000001167030000000000000000009F
:10E30400000000000000000000000000DCE2030048
:10E31400C8E10300D4E103000CE303002166030019
:10E324001B4500001B5B366E000000001B5B6D008C
:10E334001B3700001B380000082008001B5B4A0044
:10E344001B5B4B002D682C202D2D68656C70000024
:10E354002C200000202D2000020000001B5B480040
:10E364001B5B324A000000001B5B3F336C00000063
:10E37400636C695F626C65002F686F6D652F736AEB
:10E384006F2F64776D313030312D6578616D706C2D
:10E3940065732F6E5246355F53444B5F31342E32D2
:10E3A4002E302F636F6D706F6E656E74732F6C6992
:10E3B400627261726965732F636C692F626C655F49
:10E3C400756172742F6E72665F636C695F626C65EF
:10E3D4005F756172742E6300C16A0300216B0300D0
:10E3E400456B0300E16B03009D6B03002F686F6DA9
:10E3F400652F736A6F2F64776D313030312D6578F6
:10E40400616D706C65732F6E5246355F53444B5F7C
:10E4140031342E322E302F636F6D706F6E656E74D3
:10E42400732F6C69627261726965732F636C692FF3
:10E434007274742F6E72665F636C695F7274742E8B
:10E4440063000000B56C0300EB6C03000D6D03006A
:10E45400ED6D0300B16D0300636C695F75617274E7
:10E46400000000002F686F6D652F736A6F2F64774B
:10E474006D313030312D6578616D706C65732F6E40
:10E484005246355F53444B5F31342E322E302F6366
:10E494006F6D706F6E656E74732F6C6962726172EA
:10E4A4006965732F636C692F756172742F6E726660
:10E4B4005F636C695F756172742E63002F686F6DA2
:10E4C400652F736A6F2F64776D313030312D657825
:10E4D400616D706C65732F6E5246355F53444B5FAC
:10E4E40031342E322E302F65787465726E616C2F44
:10E4F400667072696E74662F6E72665F667072699A
:10E504006E74662E630000002F686F6D652F736A4A
:10E514006F2F64776D313030312D6578616D706C9B
:10E5240065732F6E5246355F53444B5F31342E3240
:10E534002E302F65787465726E616C2F6670726907
:10E544006E74662F6E72665F667072696E74665F53
:10E55400666F726D61742E630000000030313233D7
:10E5640034353637383941424344454600100000BB
:10E5740004000000010000006D7B0300B97B030070
:10E58400557C0300E57B0300797C0300ED7C0300EC
:10E59400FB7C0300097D03002F686F6D652F736A90
:10E5A4006F2F64776D313030312D6578616D706C0B
:10E5B40065732F6E5246355F53444B5F31342E32B0
:10E5C4002E302F636F6D706F6E656E74732F6C6970
:10E5D400627261726965732F6578706572696D65C1
:10E5E4006E74616C5F6D656D6F626A2F6E72665FCB
:10E5F4006D656D6F626A2E63000000002E2E2F2E53
:10E604002E2F2E2E2F2E2E2F2E2E2F2E2E2F2E2E21
:10E614002F636F6D706F6E656E74732F6C696272A9
:10E6240061726965732F6578706572696D656E7462
:10E63400616C5F73656374696F6E5F766172732F6B
:10E644006E72665F73656374696F6E5F6974657219
:10E654002E6800002E2E2F2E2E2F2E2E2F2E2E2FF4
:10E664002E2E2F2E2E2F2E2E2F636F6D706F6E6514
:10E674006E74732F6C69627261726965732F6D7544
:10E684007465782F6E72665F6D74782E6800000072
:10E694007077725F6D676D74000000002F686F6D96
:10E6A400652F736A6F2F64776D313030312D657843
:10E6B400616D706C65732F6E5246355F53444B5FCA
:10E6C40031342E322E302F636F6D706F6E656E7421
:10E6D400732F6C69627261726965732F7077725FF0
:10E6E4006D676D742F6E72665F7077725F6D676DA4
:10E6F400742E6300496E69740000000053687574D9
:10E70400646F776E20737461727465642E2054791B
:10E7140070652025640000005379734F6666206895
:10E72400616E646C657220307825303858203D3E27
:10E7340020726561647900005379734F66662068BE
:10E74400616E646C657220307825303858203D3E07
:10E7540020626C6F636B696E6700000053687574A8
:10E76400646F776E20636F6D706C6574652E000046
:10E7740053687574646F776E207265717565737410
:10E7840020256400E0C80300E4C80300040000007E
:10E794002F686F6D652F736A6F2F64776D3130301A
:10E7A400312D6578616D706C65732F6E5246355FDF
:10E7B40053444B5F31342E322E302F636F6D706FA4
:10E7C4006E656E74732F6C69627261726965732F02
:10E7D40071756575652F6E72665F71756575652EE9
:10E7E400630000002F686F6D652F736A6F2F647765
:10E7F4006D313030312D6578616D706C65732F6EBD
:10E804005246355F53444B5F31342E322E302F63E2
:10E814006F6D706F6E656E74732F6C696272617266
:10E824006965732F6578706572696D656E74616C66
:10E834005F72696E676275662F6E72665F72696E6B
:10E84400676275662E6300002F686F6D652F736AAB
:10E854006F2F64776D313030312D6578616D706C58
:10E8640065732F6E5246355F53444B5F31342E32FD
:10E874002E302F636F6D706F6E656E74732F6C69BD
:10E88400627261726965732F6578706572696D650E
:10E894006E74616C5F73656374696F6E5F766172C9
:10E8A400732F6E72665F73656374696F6E5F6974EC
:10E8B40065722E6300000000556E6B6E6F776E20DC
:10E8C4006572726F7220636F646500004E52465F1A
:10E8D40053554343455353004E52465F4552524F9E
:10E8E400525F5356435F48414E444C45525F4D4935
:10E8F4005353494E470000004E52465F4552524F13
:10E90400525F534F46544445564943455F4E4F5416
:10E914005F454E41424C4544000000004E52465F64
:10E924004552524F525F494E5445524E414C00009D
:10E934004E52465F4552524F525F4E4F5F4D454DCA
:10E94400000000004E52465F4552524F525F4E4FF8
:10E95400545F464F554E44004E52465F4552524F07
:10E96400525F4E4F545F535550504F5254454400DC
:10E974004E52465F4552524F525F494E56414C49A2
:10E98400445F504152414D004E52465F4552524FF2
:10E99400525F494E56414C49445F535441544500DB
:10E9A4004E52465F4552524F525F494E56414C4972
:10E9B400445F4C454E475448000000004E52465FA9
:10E9C4004552524F525F494E56414C49445F464C62
:10E9D400414753004E52465F4552524F525F494E93
:10E9E40056414C49445F4441544100004E52465FF5
:10E9F4004552524F525F444154415F53495A450076
:10EA04004E52465F4552524F525F54494D454F5501
:10EA1400540000004E52465F4552524F525F4E55CD
:10EA24004C4C00004E52465F4552524F525F464F87
:10EA34005242494444454E004E52465F4552524F5D
:10EA4400525F494E56414C49445F41444452000090
:10EA54004E52465F4552524F525F42555359000041
:10EA64004E52465F4552524F525F4D4F44554C45AE
:10EA74005F4E4F545F494E495449414C5A454400F6
:10EA84004E52465F4552524F525F4D555445585F62
:10EA9400494E49545F4641494C4544004E52465FF5
:10EAA4004552524F525F4D555445585F4C4F434B5E
:10EAB4005F4641494C4544004E52465F4552524FD1
:10EAC400525F4D555445585F554E4C4F434B5F462E
:10EAD40041494C45440000004E52465F4552524F56
:10EAE400525F4D555445585F434F4E445F494E491C
:10EAF400545F4641494C4544000000004E52465F75
:10EB04004552524F525F4D4F44554C455F414C5214
:10EB1400454144595F494E495449414C495A454439
:10EB2400000000004E52465F4552524F525F53540C
:10EB34004F524147455F46554C4C00004E52465F8C
:10EB44004552524F525F4150495F4E4F545F494DB9
:10EB5400504C454D454E5445440000004E52465FCE
:10EB64004552524F525F464541545552455F4E4FB0
:10EB7400545F454E41424C45440000004E52465FAE
:10EB84004552524F525F4452565F5457495F455263
:10EB9400525F4F56455252554E0000004E52465F4A
:10EBA4004552524F525F4452565F5457495F455243
:10EBB400525F414E41434B004E52465F4552524FC5
:10EBC400525F4452565F5457495F4552525F444E18
:10EBD40041434B0000000000D0E8030001000000A6
:10EBE400DCE8030002000000FCE80300030000006E
:10EBF40020E903000400000034E9030005000000DC
:10EC040048E90300060000005CE903000700000077
:10EC140074E90300080000008CE903000900000007
:10EC2400A4E903000A000000C0E903000B0000008F
:10EC3400D8E903000C000000F0E903000D00000017
:10EC440004EA03000E00000018EA03000F000000AD
:10EC540028EA0300100000003CEA03001100000051
:10EC640054EA03008000000064EA0300810000000D
:10EC740084EA030082000000A0EA0300830000008D
:10EC8400BCEA030084000000DCEA03008500000005
:10EC940000EB03008600000028EB03009000000056
:10ECA40040EB03009100000060EB030000820000D1
:10ECB40080EB030001820000A0EB0300028200004D
:10ECC400BCEB03007461736B5F6D616E61676572A9
:10ECD400000000002F686F6D652F736A6F2F6477D3
:10ECE4006D313030312D6578616D706C65732F6EC8
:10ECF4005246355F53444B5F31342E322E302F63EE
:10ED04006F6D706F6E656E74732F6C696272617271
:10ED14006965732F6578706572696D656E74616C71
:10ED24005F7461736B5F6D616E616765722F74618F
:10ED3400736B5F6D616E616765722E630000000026
:10ED440049646C65205461736B0000005461736BFB
:10ED5400202575206372656174656420286E616D79
:10ED6400653A20272573272C20737461636B3A203E
:10ED74003078253038582D307825303858292E00F1
:10ED84005461736B202575207465726D696E6174AE
:10ED9400656420286E616D653A2027257327292E26
:10EDA400000000003C4E554C4C3E00005461736B17
:10EDB4002025753A0D0A0000094E616D653A092750
:10EDC4002573270D0A00000009537461636B3A0927
:10EDD4003078253038582D307825303858207573E0
:10EDE400656420696E202575252520282575206FEA
:10EDF4007574206F66202575206279746573290DFA
:10EE04000A00000009537461636B3A0930782530B5
:10EE140038582D3078253038580D0A0052756E6EEA
:10EE240061626C650000000053757370656E646503
:10EE34006400000052756E6E696E67000953746158
:10EE440074653A0925730D0A0000000009466C61D7
:10EE540067733A093078253038580D0A0D0A0000D6
:10EE6400696E666F000000007461736B7320696ED5
:10EE7400666F0000636F6D6D616E647320666F7200
:10EE8400207461736B206D616E61676572000000B0
:10EE940064EE03006CEE0300000000007D9A0300A2
:10EEA400000000000000000000000000000000005E
:10EEB4000000000094EE0300C8EC030078EE0300A9
:10EEC400B4EE030000000000F45100202C51002097
:10EED4003451002034510020180000004F76657230
:10EEE400666C6F7700000000617070002F686F6DB2
:10EEF400652F736A6F2F64776D313030312D6578EB
:10EF0400616D706C65732F6E5246355F53444B5F71
:10EF140031342E322E302F636F6D706F6E656E74C8
:10EF2400732F6C69627261726965732F657870659D
:10EF340072696D656E74616C5F6C6F672F73726359
:10EF44002F6E72665F6C6F675F66726F6E74656E4C
:10EF5400642E63006E6F6E65000000006572726F50
:10EF6400720000007761726E696E6700696E666F89
:10EF74000000000064656275670000004C6F6773F1
:10EF8400206172652068616C746564210D0A00005B
:10EF94006D6F64756C655F6E616D6500252D32342F
:10EFA40073207C2063757272656E74207C20627598
:10EFB400696C64696E200D0A000000002D2D2D2D52
:10EFC4002D2D2D2D2D2D2D2D2D2D2D2D2D2D2D2D6D
:10EFD4002D2D2D2D2D2D2D2D2D2D2D2D2D2D2D2D5D
:10EFE4002D2D2D2D2D2D0D0A000000002A000000CE
:10EFF40000000000252D323473207C20252D37732A
:10F00400207C20257325730D0A000000656E616263
:10F014006C65000042616420706172616D657465A5
:10F024007220636F756E742E0D0A0000556E6B6E40
:10F034006F776E207365766572697479206C657676
:10F04400656C3A2025730D0A000000006469736141
:10F05400626C6500556E6B6E6F776E206F707469AD
:10F064006F6E3A2025730D0A000000004C6576652A
:10F074006C20756E617661696C61626C6520666F87
:10F0840072206D6F64756C653A2025730D0A00005B
:10F09400556E6B6E6F776E206D6F64756C653A2577
:10F0A400730D0A00276C6F672064697361626C6575
:10F0B400203C6D6F64756C655F303E202E2E203CC5
:10F0C4006D6F64756C655F6E3E2720646973616261
:10F0D4006C6573206C6F677320696E207370656351
:10F0E4006966696564206D6F64756C657320286159
:10F0F4006C6C206966206E6F206D6F64756C65732F
:10F1040020737065636966696564292E00000000D8
:10F11400276C6F6720656E61626C65203C6C657658
:10F12400656C3E203C6D6F64756C655F303E202ECF
:10F134002E2E20203C6D6F64756C655F6E3E27201B
:10F14400656E61626C6573206C6F677320757020E7
:10F15400746F20676976656E206C6576656C2069CE
:10F164006E20737065636966696564206D6F64758C
:10F174006C65732028616C6C206966206E6F206D4D
:10F184006F64756C65732073706563696669656423
:10F19400292E0000676F0000526573756D65206C41
:10F1A4006F6767696E67000068616C740000000037
:10F1B40048616C74206C6F6767696E6700000000BB
:10F1C40073746174757300004C6F676765722073A4
:10F1D400746174757300000025733A257325730DEB
:10F1E4000A00000020756E6B6E6F776E207061727E
:10F1F400616D657465723A20000000006C6F6700F1
:10F20400436F6D6D616E647320666F7220636F6E01
:10F2140074726F6C6C696E67206C6F6767657200DF
:10F22400010000007DAE030001000000B1AE030048
:10F2340050F00300A8F0030024F20300A9AC03007B
:10F2440010F0030014F103002CF20300A9AC030036
:10F2540098F103009CF103000000000009AF0300D3
:10F26400ACF10300B4F1030000000000EDAE0300B4
:10F27400C4F10300CCF103000000000005AB03005F
:10F28400000000000000000000000000000000007A
:10F294000000000034F2030000F2030004F2030053
:10F2A40094F2030025AF03006572726F72000000D0
:10F2B4007761726E696E6700696E666F00000000A8
:10F2C40064656275670000001B5B306D0000000020
:10F2D4001B5B313B33306D001B5B313B33316D00C5
:10F2E4001B5B313B33326D001B5B313B33336D00B1
:10F2F4001B5B313B33346D001B5B313B33356D009D
:10F304001B5B313B33366D001B5B313B33376D0088
:10F31400257300005B2530386C755D20000000000B
:10F324003C25733E2025733A200000000D0A00009E
:10F334002025303278000000202020007C000000CE
:10F3440025630000200000005465726D696E616CD5
:10F3540000000000525454005345474745520000F2
:10F364002E2E2F2E2E2F2E2E2F2E2E2F2E2E2F2EB4
:10F374002E2F2E2E2F636F6D706F6E656E74732F2C
:10F384006C69627261726965732F65787065726900
:10F394006D656E74616C5F73656374696F6E5F76BF
:10F3A4006172732F6E72665F73656374696F6E5FEB
:10F3B400697465722E6800006E72665F736468001B
:10F3C4002F686F6D652F736A6F2F64776D313030DE
:10F3D400312D6578616D706C65732F6E5246355FA3
:10F3E40053444B5F31342E322E302F636F6D706F68
:10F3F4006E656E74732F736F667464657669636586
:10F404002F636F6D6D6F6E2F6E72665F7364682EFF
:10F414006300000001000007ACC90300B4C9030085
:10F4240008000000B4C90300C4C9030008000000B8
:10F43400C4C90300D4C90300080000002E2E2F2ED7
:10F444002E2F2E2E2F2E2E2F2E2E2F2E2E2F2E2ED3
:10F454002F636F6D706F6E656E74732F6C6962725B
:10F4640061726965732F6578706572696D656E7414
:10F47400616C5F73656374696F6E5F766172732F1D
:10F484006E72665F73656374696F6E5F69746572CB
:10F494002E6800006E72665F7364685F626C65005C
:10F4A40073645F626C655F6366675F736574282964
:10F4B4002072657475726E656420257320776865A3
:10F4C4006E20617474656D7074696E6720746F204A
:10F4D40073657420424C455F434F4E4E5F4346472D
:10F4E4005F4741502E00000073645F626C655F6388
:10F4F40066675F73657428292072657475726E651A
:10F5040064202573207768656E20617474656D705E
:10F5140074696E6720746F2073657420424C455F74
:10F524004741505F4346475F524F4C455F434F55F9
:10F534004E542E0073645F626C655F6366675F732D
:10F54400657428292072657475726E65642025734C
:10F55400207768656E20617474656D7074696E6778
:10F5640020746F2073657420424C455F434F4E4EA8
:10F574005F4346475F474154542E000073645F6203
:10F584006C655F6366675F736574282920726574B0
:10F5940075726E6564202573207768656E206174CA
:10F5A40074656D7074696E6720746F207365742060
:10F5B400424C455F434F4D4D4F4E5F4346475F5668
:10F5C400535F555549442E0073645F626C655F63F5
:10F5D40066675F73657428292072657475726E6539
:10F5E40064202573207768656E20617474656D707E
:10F5F40074696E6720746F2073657420424C455F94
:10F6040047415454535F4346475F415454525F54F7
:10F6140041425F53495A452E0000000073645F6203
:10F624006C655F6366675F7365742829207265740F
:10F6340075726E6564202573207768656E20617429
:10F6440074656D7074696E6720746F2073657420BF
:10F65400424C455F47415454535F4346475F5345CB
:10F6640052564943455F4348414E4745442E0000A6
:10F6740052414D2073746172747320617420307828
:10F6840025782C2063616E2062652061646A75733D
:10F6940074656420746F20307825782E0000000093
:10F6A40052414D2073697A652063616E2062652042
:10F6B40061646A757374656420746F20307825788A
:10F6C4002E00000073645F626C655F656E61626C3E
:10F6D4006528292072657475726E65642025732E01
:10F6E400000000002F686F6D652F736A6F2F6477B9
:10F6F4006D313030312D6578616D706C65732F6EAE
:10F704005246355F53444B5F31342E322E302F63D3
:10F714006F6D706F6E656E74732F736F667464654E
:10F72400766963652F636F6D6D6F6E2F6E72665FA2
:10F734007364685F626C652E6300000098C8030000
:10F74400E0C80300080000002E2E2F2E2E2F2E2E90
:10F754002F2E2E2F2E2E2F2E2E2F2E2E2F636F6D0B
:10F76400706F6E656E74732F6C6962726172696515
:10F77400732F6578706572696D656E74616C5F7303
:10F78400656374696F6E5F766172732F6E72665F04
:10F7940073656374696F6E5F697465722E680000C7
:10F7A4006E72665F7364685F736F63002F686F6D5A
:10F7B400652F736A6F2F64776D313030312D657822
:10F7C400616D706C65732F6E5246355F53444B5FA9
:10F7D40031342E322E302F636F6D706F6E656E7400
:10F7E400732F736F66746465766963652F636F6DD9
:10F7F4006D6F6E2F6E72665F7364685F736F632ED6
:10F804006300000080C8030098C8030008000000DB
:10F81400D9F8030050F90300DCF8030053756E6453
:10F824006179004D6F6E646179005475657364612C
:10F8340079005765646E6573646179005468757204
:10F844007364617900467269646179005361747507
:10F854007264617900004A616E756172790046656F
:10F86400627275617279004D6172636800417072F1
:10F87400696C004D6179004A756E65004A756C7952
:10F88400004175677573740053657074656D6265C6
:10F8940072004F63746F626572004E6F76656D62BD
:10F8A400657200446563656D6265720000414D00D8
:10F8B400504D0000256D2F25642F25790025483AE9
:10F8C400254D3A25530025612025622025652025F4
:10F8D40054202559004300000BC803002BC8030023
:10F8E40037C8030045C8030065C8030071C8030096
:10F8F400BDC7030089C7030053756E004D6F6E00CA
:10F904005475650057656400546875004672690053
:10F9140053617400004A616E00466562004D617275
:10F9240000417072004D6179004A756E004A756C31
:10F934000041756700536570004F6374004E6F7625
:10F944000044656300002E00000000004AF9030033
:10F954004CF903004CF903004CF903004CF9030083
:10F964004CF903004CF903004CF903004CF9030073
:10F974004CF90300FFFFFFFFFFFFFFFFFFFFFFFF47
:10F98400FFFF000020F80300FCF803005AF803000E
:10F9940019F90300B1F80300B8F80300C1F8030033
:10F9A400CAF80300202020202020202020682828B6
:10F9B4002828202020202020202020202020202033
:10F9C40020202020481010101010101010101010BB
:10F9D400101010108484848484848484848410109B
:10F9E40010101010108181818181810101010101B8
:10F9F40001010101010101010101010101010110E4
:10FA0400101010101082828282828202020202028C
:10FA140002020202020202020202020202020210B4
:10FA2400101010200007032004170201085710408B
:01FA34008051
:10FA3800A0330020170000000000000000000000B4
:10FA4800C0CD0300E9570300E8E10300000000000F
:10FA580000000000DCCD03000000000000000000F2
:10FA6800943600201700000000000000000000008D
:10FA780004CE0300E9570300E8E10300000000009A
:10FA88000000000020CE030000000000000000007D
:10FA9800FFFF00000F1801000A1801000090D003B2
:10FAA800ADA90200181818181818181818181800EE
:10FAB80044D5030074D703007CD7030084D7030020
:10FAC8008CD7030094D5030094D703009CD7030078
:10FAD800A4D70300ACD7030084D50300B4D7030030
:10FAE800BCD70300C4D70300CCD703008CD50300D0
:10FAF800E4E1030058EF030060EF030068EF030040
:10FB080070EF030078EF030078EF030060EF030065
:10FB180070EF030058EF030068EF030000000000D7
:10FB2800ACF20300B4F20300BCF20300C4F2030019
:10FB3800CCF20300D4F20300DCF20300E4F2030089
:10FB4800ECF20300F4F20300FCF2030004F30300F8
:10FB58000CF3030014F8030014F8030014F803006E
:08FB680014F8030014F8030077
:040000032000313D6B
:00000001FF
