:020000022000DC
:10300000000001204D320200A5320200A73202006A
:10301000A9320200AB320200AD3202000000000013
:10302000000000000000000000000000AF320200BD
:10303000B132020000000000B3320200B5320200DB
:1030400091960200BB320200DDB50200BF320200E1
:10305000C1320200C33202004DA10200C732020099
:10306000C9320200CB320200CD320200CF32020060
:10307000D1320200D3320200D5320200D732020030
:10308000D93202009D530200DD320200DF3202001D
:10309000DD530200E3320200AD550300E7320200C7
:1030A000E9320200EB320200ED320200EF320200A0
:1030B000F1320200F3320200B7320200B7320200EE
:1030C000F5320200F7320200F9320200FB32020050
:0C30D000FD320200FF320200013302005A
:1030DC003A493B480A1A02D0072291438D46394996
:1030EC0039480A1A06D00722914381F30988022233
:1030FC0082F3148835483649364A00F041F8364890
:10310C003649374A00F03CF836483749374A00F020
:10311C0037F837483749384A00F032F837483849D9
:10312C00384A00F02DF838483849394A00F028F868
:10313C0038483949394A00F023F8394839490022CE
:10314C0000F036F838483949002200F031F8384898
:10315C003849091A12F0BAFC374A904725482649D3
:10316C00884205D00268043003B4904703BCF7E7EB
:10317C0000208646EC4600200021304A9047FEE7AE
:10318C00884214D0521A12D003460B431343032423
:10319C00234206D1036804300B600431043AF9D1A0
:1031AC007047037801300B700131013AF9D1704747
:1031BC00884202D002700130FAE77047000001200B
:1031CC0000F800200000012000000120D076030050
:1031DC006C210020AC2400200433020004330200D4
:1031EC00025D0300D07603006C2100206C210020CE
:1031FC00605E0300605E0300605E0300605E0300BF
:10320C00605E0300605E0300605E0300605E0300AE
:10321C00CD760300107A0300AC240020AC240020EF
:10322C00AC24002060360020603600206036002080
:10323C00603600206038002071320200F9CD0200A7
:10324C000F484FF00701884385460E4880470E48CB
:10325C00016841F470010160BFF34F8FBFF36F8FB2
:10326C00FFF736BF09480A490A4A884207D0521A62
:10327C0005D0037801300B700131013AF9D1704758
:10328C00000001208946030088ED00E0D45D0300B6
:10329C00E02000206C210020FEE7FEE7FEE7FEE7C1
:1032AC00FEE7FEE7FEE7FEE7FEE7FEE7FEE7FEE7EA
:1032BC00FEE7FEE7FEE7FEE7FEE7FEE7FEE7FEE7DA
:1032CC00FEE7FEE7FEE7FEE7FEE7FEE7FEE7FEE7CA
:1032DC00FEE7FEE7FEE7FEE7FEE7FEE7FEE7FEE7BA
:1032EC00FEE7FEE7FEE7FEE7FEE7FEE7FEE7FEE7AA
:0832FC00FEE7FEE7FEE700BF5C
:1033040000B5A1B00590049103920293049805F0CE
:10331400CBFB039B1593029B169300231793002367
:103324008DF8603000231993229B1A9300231F9376
:103334000FA91F9B0822049805F074FC08231F930F
:10334400119B1293109B9BB2ADF84C3000238DF867
:1033540050309DF83C3003F00303DBB2012B32D133
:103364000F9BC3F395231C939DF83C30C3F3C20316
:10337400DBB28DF84E309DF83C30C3F38003DBB2F2
:10338400002B14BF01230023DBB28DF84F30BDF8AE
:103394003C30C3F38313DBB21B931B9B9A0009A934
:1033A4001F9B049805F03EFC1B9B9B001F9A134433
:1033B4001F9312AA09A915AB009313461B9A1C98D4
:1033C40000F048FF3BE09DF83C3003F00303DBB220
:1033D400022B34D1BDF83E30C3F389139BB21E9344
:1033E4009DF83C30C3F3C203DBB28DF84E309DF838
:1033F4003C30C3F38003DBB2002B14BF0123002352
:10340400DBB28DF84F301E9B082B28BF08231D9379
:1034140007A91F9B1D9A049805F004FC1F9A1D9B85
:1034240013441F931E9A1D9BD31A1E9315AB12AA05
:1034340007A81D9900F0B0FF1E9B002BE3D1049850
:1034440005F041FB00BF21B05DF804FB82B00190A0
:103454000091034B01221A7000BF02B0704700BFF5
:10346400EC24002030B58DB003468DF807301A4B9C
:1034740002AC1D460FCD0FC495E80F0084E80F0081
:10348400062302934FF0FF3303934FF0FF3304936B
:103494004FF0FF3305934FF0EB7308939DF807301B
:1034A400002B01D00D4A00E0002202AB19460C4863
:1034B40007F0AEFC0B900B9B0A930A9B002B04D0E5
:1034C400084A43210A9801F035F9074A9DF8073064
:1034D400137000BF0DB030BDCC5E03005134020048
:1034E4006C210020605E0300ED24002000B583B051
:1034F40001238DF807309DF807301846FFF7B2FF17
:1035040000BF03B05DF804FB00B589B003900291DD
:103514000192019B8DF81F30124B00221A709DF806
:103524001F301A460299104807F0DAFD0690069BF0
:103534000593059B002B04D00C4A5321059801F0F8
:10354400F9F800BF0A4B1B78002B07D0054B1B78FA
:10355400DBB283F00103DBB2002BF3D100BF09B06F
:103564005DF804FBEC2400206C210020605E030065
:10357400ED24002000B585B003900291054B009323
:103584004023054A02990398FFF7BAFE00BF05B02D
:103594005DF804FB0D350200AC24002082B00190DC
:1035A40000BF02B07047000000B583B00190054829
:1035B40007F080FC0020FFF755FF00BF03B05DF863
:1035C40004FB00BF6C21002082B00190019B01220A
:1035D4005A7200BF02B0704700B583B04FF0FF339A
:1035E4000193FFF783FF0421084800F06DFD01906B
:1035F400019B002B03DA0649482008F0DFFD03484D
:10360400FFF7E2FF00BF03B05DF804FB7421002064
:10361400F85E030000B583B001900091019B1B6824
:103624001B6800990198984700BF03B05DF804FB3C
:1036340000B583B00190019B1B685B6801989847B3
:1036440000BF03B05DF804FB82B001900B468DF817
:103654000330019B9DF803201A7200BF02B070472B
:1036640082B00190019B1B7A184602B0704782B069
:103674000190019B01225A7200BF02B0704782B0D0
:103684000190019B5B7A184602B0704710B487B072
:1036940001900091019B009A53E8004F44EA020014
:1036A40043E8000191F0000FF6D1059404900391D2
:1036B400049B184607B05DF8044B704710B487B0FC
:1036C40001900091019B009A53E8004F04EA020024
:1036D40043E8000191F0000FF6D1059404900391A2
:1036E400059B184607B05DF8044B704700B583B0DE
:1036F400019001210198FFF7C9FF0346184603B062
:103704005DF804FB00B583B0019000210198FFF738
:10371400D5FF0346184603B05DF804FB00B587B037
:1037240001901F4BFF229A601D4B00221A601C4B14
:1037340000225A601A4B0022C3F81824184B0022A6
:10374400C3F81424164B002283F81C24154805F0F2
:103754000FF90490049B002B01D0049B1CE0124A37
:10376400124BD31ADB080393002305930FE0059A49
:1037740013465B0013449B001A460D4B13440293FB
:10378400059B9AB2029B1A80059B01330593059A07
:10379400039B9A42EBD30023184607B05DF804FB61
:1037A400C0250020685F03006C5D03001C5D0300FE
:1037B400E0200020024A034BD31ADB081846704766
:1037C4006C5D03001C5D030000B587B001900B46DF
:1037D4008DF803309DF80330002B23D0FFF7EAFF68
:1037E40004900023059317E0059A13465B001344E5
:1037F4009B001A460E4B13440393039B5B881A46A3
:10380400019B1B689A4204D1019B059A1A6000230C
:1038140009E0059B01330593059A049B9A42E3D37F
:10382400052300E00023184607B05DF804FB00BF41
:10383400E020002000B585B001900B468DF80330E0
:103844009DF8032001AB11461846FFF7BDFF034660
:10385400002B07D1019BDB00054A13440393039B10
:103864001B6800E00023184605B05DF804FB00BFA8
:103874001C5D030084B001900B468DF80330019B5E
:10388400DB00174A134402939DF80330013B032BDA
:103894001CD801A252F823F0AD380200B53802005A
:1038A400BD380200C738020002238DF80F3011E042
:1038B40004238DF80F300DE0029B1B798DF80F3037
:1038C40008E0029B5B798DF80F3003E000238DF84C
:1038D4000F3000BF9DF80F30184604B0704700BF8A
:1038E4001C5D030000B589B04148FFF7FFFE414865
:1038F400FFF7FCFE404B5B6807933F4B9B680493C8
:10390400079A049B134002339B003B4A134404333D
:1039140006931BE0079B01330793069B5B88C3F365
:1039240089139BB21A46069B1B88C3F389139BB267
:1039340013441A46079B13440793079A049B1340A6
:1039440002339B002C4A134404330693069B1B78D2
:1039540003F00303DBB2002BDCD00023059311E05A
:10396400079B5A1C0792049A1340059A92006946D1
:103974000A44214902339B000B445B681360059B96
:1039840001330593059B012BEAD99DF80030C3F35D
:103994000103DBB2012B0CD0022B14D1BDF8023091
:1039A400C3F389139BB203339B08079A1344079309
:1039B4000FE0BDF80030C3F38313DBB21A46079B54
:1039C4001344079305E00D4940F24D1008F0F6FB4F
:1039D40000BF0848FFF796FE0390039B002B02D01C
:1039E400054A079B536000BF09B05DF804FB00BFA4
:1039F400D8290020D4290020C02500208C5F030092
:103A040010B586B00390029101920093039B1B0CA6
:103A1400ADF81630BDF81640FFF7CCFE03469C42C5
:103A240004D323494FF4B27008F0C8FB009B5A1C1E
:103A3400089B1340BDF816201E4902339B000B441B
:103A44005A60009A089B134002339B00194A13449E
:103A540004330493039B1B0903F00103D9B2049AB2
:103A6400137861F382031370039B03F00703D9B245
:103A7400049A137861F3C5031370019B03F00F03D9
:103A8400D9B2049A138861F389131380029BC3F398
:103A94001501049A136861F39F231360049A137841
:103AA400012161F30103137000BF06B010BD00BF14
:103AB4008C5F0300C025002000B58BB001900091FD
:103AC400019B023308930223079301238DF81B30D3
:103AD40000238DF80F300DF10F03184601F0AEFDF1
:103AE400214B1A68009B1A601F4B9A681E4B596839
:103AF4001D4B1B68CB1A134401330993089A079B87
:103B0400134405930BE0FFF7EDFE174B9A68164B31
:103B14005968154B1B68CB1A134401330993059A52
:103B2400099B9A42EFD8104B1A680F4B9B681340BD
:103B340002339B000C4A134404330493049A13780D
:103B440043F003031370084B1A68089B1344064A96
:103B540013609DF80F30184601F086FD9DF81B3068
:103B640018460BB05DF804FBC025002000B58BB0EF
:103B740005900491039202931E4B9B68079306AB36
:103B840019460298FFF798FF0346002B24D0069BA2
:103B9400023309930023089311E0089B9B00039AC6
:103BA4001A44099B591C099107990B401268114941
:103BB40002339B000B445A60089B01330893089A14
:103BC400029B9A42E9D3069A079B00931346029AF2
:103BD40004990598FFF714FF064B93F81C34002B47
:103BE40004D000F079F80346002BFAD100BF0BB0E3
:103BF4005DF804FBC025002000B583B0019000915E
:103C04000023002200990198FFF7B0FF00BF03B022
:103C14005DF804FB00B587B0039002910192019B0B
:103C2400059305AA012302990398FFF79FFF00BF9C
:103C340007B05DF804FB00B587B0039002910192D0
:103C44000093019B0493009B059304AA0223029909
:103C54000398FFF78BFF00BF07B05DF804FB00B5C6
:103C640089B00390029101920093019B0593009BFC
:103C740006930A9B079305AA032302990398FFF767
:103C840075FF00BF09B05DF804FB00B589B003906F
:103C9400029101920093019B0493009B05930A9B5C
:103CA40006930B9B079304AA042302990398FFF736
:103CB4005DFF00BF09B05DF804FB0000054B5A68C6
:103CC400044B1B689A420CBF01230023DBB2184645
:103CD400704700BFC025002000B599B0FFF7EEFF84
:103CE4000346002B01D00023B3E19C4B0022C3F810
:103CF4001824BFF34F8F00BF984B5B681793974B03
:103D04009B681093179A109B134002339B00934AAD
:103D140013440433169300231593002314930023B0
:103D24000F931BE0179B01331793169B5B88C3F318
:103D340089139BB21A46169B1B88C3F389139BB243
:103D440013441A46179B13441793179A109B134056
:103D540002339B00814A134404331693169B1B7849
:103D640003F00303DBB2002BDCD00023139311E038
:103D7400179B5A1C1792109A1340139A920002A987
:103D84000A44764902339B000B445B681360139B1F
:103D940001331393139B012BEAD99DF8083003F0E8
:103DA4000303DBB2022B40F09C80BDF80A30C3F35E
:103DB40089139BB20D93BDF80A30C3F389139BB2E8
:103DC400502B28BF50239BB20C930C9BC3F30903C5
:103DD4009AB2BDF80A3062F38F13ADF80A300C9B27
:103DE40008330B939DF80830C3F3C203DBB20F937F
:103DF4000B995B4804F0C7FD1590159B002B00F050
:103E0400E080159804F050FE02A9149B082215982E
:103E140004F0F6FE149B08331493179BDA43109BAB
:103E2400134001339B000A930C9A0A9B9A4242D98D
:103E34000A9B002B08D0179A109B134002339B0057
:103E4400464A1344043300E0464B08930A9B002B74
:103E540002D00A9BDBB201E00C9BDBB28DF81F3071
:103E64000A9B002B01D03F4B00E0002306930A9BE2
:103E7400002B06D00C9BDAB20A9BDBB2D31ADBB25E
:103E840000E000238DF817309DF81F20149B08993B
:103E9400159804F0B5FE9DF81F30149A134414933A
:103EA400069B002B16D09DF81720149B0699159895
:103EB40004F0A6FE0EE0179A109B134002339B00F9
:103EC400264A134404330993149B0C9A09991598B0
:103ED40004F096FE0D9B03339B08179A1344179323
:103EE4006FE09DF8083003F00303DBB2012B5AD1D5
:103EF400BDF80830C3F38313DBB2062B28BF0623B7
:103F0400DAB2BDF8083062F38913ADF80830BDF8B1
:103F14000830C3F38313DBB202330E939DF80830E9
:103F2400C3F3C203DBB20F930E9B9B0019460C48EC
:103F340004F029FD1590159B002B42D0159804F030
:103F4400B3FD02A9149B0822159804F059FE149B92
:103F540008331493002313931BE000BFC0250020F3
:103F6400685F0300CC250020179B5A1C1792109AF7
:103F7400134002339B00394A1344191D149B042235
:103F8400159804F03DFE149B04331493139B0133E2
:103F94001393BDF80830C3F38313DBB21A46139BA3
:103FA4009342E1D30DE09DF8083003F00303DBB244
:103FB400032B06D1294BD3F81834002B01D100234D
:103FC40047E0159B002B3ED0244BD3F810341293BA
:103FD400224BD3F81834002B1AD0159804F073FD33
:103FE40031E000238DF847301298FFF748FB034671
:103FF400002B02D001238DF847309DF84730002B69
:1040040003D015991298FFF705FB129B5B68129376
:10401400129B002BE5D1159804F055FD00238DF873
:1040240007300DF10703184601F008FB0B4BD3F8DA
:104034001834002B02D1094A179B53609DF80730AE
:10404400184601F011FBFFF739FE034683F0010324
:10405400DBB2184619B05DF804FB00BFC025002090
:1040640000B585B00023039322E0164BD3F8103437
:10407400029301238DF807300EE00298FFF7F0FA5F
:1040840003461A46039B934203D100238DF807305D
:1040940005E0029B5B680293029B002BEDD19DF827
:1040A4000730002B01D0039B07E0039B01330393EC
:1040B400039B092BD9DD4FF0FF33184605B05DF89B
:1040C40004FB00BFC025002000B585B001900B465D
:1040D4008DF80330FFF7C4FF0390039BB3F1FF3F58
:1040E40001D1039B1EE0039BDBB219460198FFF745
:1040F400ABFA0E4BD3F81034002B07D10B4A019BBB
:10410400C2F81034019B00225A600AE0074BD3F82E
:1041140010345A68019B5A60044BD3F81034019A46
:104124005A60039B184605B05DF804FBC0250020C7
:1041340000B583B00C4BD3F8103401930A4B012221
:1041440083F81C2408E00198FFF791FA0198FFF71F
:104154006FFA019B5B680193019B002BF3D100BFB5
:1041640000BF03B05DF804FBC025002010B582B089
:1041740001900091019BDB7983F00103DBB2002BFA
:1041840028D0019B1B7A002B12D0019B9B881A46D6
:10419400019B9B7919461046FFF76CFB03461A46B0
:1041A4000E4B53F822301A460D49009803F0E6FBF3
:1041B400019B9B791A460B4B53F82240019B9B8829
:1041C40000211846FFF736FB0346224606490098AD
:1041D40003F0D4FB00BF02B010BD00BF9421002047
:1041E4005C600300802100206060030000B585B09E
:1041F4000390029113468DF80730039BDB7983F01B
:104204000103DBB2002B0FD0039B1B7A002B06D0DB
:104214000D4B1B681A460D49029803F0AFFB0C497D
:10422400029803F0ABFB07E09DF80730002B03D0A6
:104234000749029803F0A2FB029803F07DFB00BF3C
:1042440005B05DF804FB00BF942100205C6003000E
:104254006C60030030B58BB007900691059204930F
:104264000E9B1B7B8DF827300E9B00221A730E9930
:104274000498FFF77BFF059B062B7FD801A252F819
:1042840023F000BFA5420200AF420200BF42020079
:10429400D3420200F14202001943020049430200E2
:1042A40007990E9803F06AFB69E0069B1B681A469F
:1042B40007990E9803F062FB61E0069B1A68069B5F
:1042C40004331B6807990E9803F058FB57E0069BCC
:1042D4001A68069B04331968069B08331B6800930D
:1042E4000B4607990E9803F049FB48E0069B1968B2
:1042F400069B04331868069B08331B68069A0C3225
:1043040012680192009303460A4607990E9803F037
:1043140035FB34E0069B1868069B04331C68069B37
:1043240008331B68069A0C32126806991031096822
:104334000291019200932346024607990E9803F0D6
:104344001DFB1CE0069B1C68069B04331D68069B32
:1043540008331B68069A0C321268069910310968F2
:1043640006981430006803900291019200932B4642
:10437400224607990E9803F001FB00E000BF0022DB
:104384000E990498FFF732FF0E9B9DF827201A73AD
:1043940000BF0BB030BD00BF00B587B003900291E1
:1043A40001920093029B082B5CD8009B1B7B8DF829
:1043B4001330009B00221A7300990198FFF7D6FE70
:1043C4000023059314E0059A029B9A4209D2039AAA
:1043D400059B13441B781A462449009803F0CEFA2F
:1043E40003E02349009803F0C9FA059B01330593C0
:1043F400059B072BE7D91F49009803F0BFFA002358
:10440400059322E0059A029B9A4217D2039A059BD0
:1044140013441B788DF812309DF81230184611F0B1
:1044240024FC0346002B02D09DF8123000E02E231A
:104434001A461149009803F0A1FA03E00F490098C5
:1044440003F09CFA059B01330593059B072BD9D9EF
:10445400012200990198FFF7C9FE009B9DF81320E3
:104464001A7300E000BF07B05DF804FB706003003E
:10447400786003007C6003008060030084600300B4
:1044840000B589B0019000238DF81F3051E02E4B08
:104494001A689DF81F30DB0013440693069B1B78B3
:1044A4001A46012393400593284B1A68059B134031
:1044B400002B39D0059BDA43244B1B681340234A55
:1044C4001360069B1B78184605F024FE03468DF8FE
:1044D4001330069B1B781A46012393401A461C4B43
:1044E4001B6813409DF81320069909788A4093426B
:1044F4001AD19DF81330069A5278012A0CBF012272
:104504000022D2B293420CBF01230023DBB20393F7
:10451400069B5B68002B07D0069B5B68069A1278A3
:104524000399C9B2104698479DF81F3001338DF89E
:104534001F30084B1B789DF81F209A42A7D300BF59
:1045440000BF09B05DF804FBE0290020102A002018
:104554000C2A0020E429002000B585B001900B4608
:104564008DF803300122019B02FA03F303931E4BDF
:10457400184600F0CDFF0290029B002B30D11B4B5C
:104584001A68039B1340002B22D1019805F0C2FD49
:104594000346002B06D0164B1A68039B1343144A98
:1045A400136006E0039BDA43114B1B681340104A67
:1045B40013600E4B1A68039B13430C4A13600A489A
:1045C4000C4B1B680022194600F070FF029008E0B3
:1045D400039BDA43054B1B681340044A136000E055
:1045E40000BF05B05DF804FBEC290020102A002070
:1045F4000C2A0020E829002000B589B003900B465E
:1046040001928DF80B30019B042B01D8072351E054
:1046140005F088FC034683F00103DBB2002B07D0CE
:1046240005F038FC0790079B002B01D0079B41E065
:10463400224A039B1360224A9DF80B301370214ACF
:10464400019B1360204B00221A60204B00221A6049
:1046540023E09DF80B30DB00039A134406930323F5
:104664008DF8143000238DF8153000238DF81630A2
:1046740000238DF81730069B9B788DF81530069B28
:104684001B78184605AB124A194605F057FC0790EB
:10469400079B002B01D0079B0CE09DF80B305A1EA2
:1046A4008DF80B20002BD4D10A4A00210A4800F0CF
:1046B400CDFE0346184609B05DF804FBE02900204E
:1046C400E4290020E82900200C2A0020102A0020D8
:1046D4005D450200854402008860030000B583B094
:1046E400114B1B68002B03D11049B62007F066FD5F
:1046F400002301930CE00C4B1A68019BDB0013446C
:104704001B780121184605F07DFC019B01330193C0
:10471400074B1B781A46019B9342ECD3002318469F
:1047240003B05DF804FB00BFE02900208C600300A7
:10473400E429002000B589B0039002910192029B04
:104744009BB2ADF81430019B0693039B079305AB12
:104754001A46002144F2010000F052F800BF09B0EB
:104764005DF804FB86B003900291019201238DF859
:1047740017309DF81730214A039B13601F4A029B90
:1047840053601E4A019B9360039B44F201029342CF
:1047940013D0039B44F20202934222D1019B174A95
:1047A400D360164BDB681B881A46144B9A61134B73
:1047B400DB685B68114AD36113E0019B0F4A136104
:1047C4000E4B1B699B680D4A53610C4B1B691B887C
:1047D4001A460A4B9A61094B1B695B68074AD36105
:1047E40000BF72B600BF00BF9DF81730DBB2002BCC
:1047F400FAD162B600BF00BF06B07047142A002089
:1048040030B589B0059004910392FFF791FCFFF74E
:1048140063FA0346002BFAD1059B44F20202934249
:104824002BD0059B44F20202934254D8059B44F2D8
:104834000102934231D0059B44F2010293424AD8CB
:10484400059B012B05D0059B41F2010293420AD03E
:1048540041E02E4B1B881B0443F001032C491846EE
:10486400FFF7CAF942E0294B1B881B0443F00103FC
:1048740028491846FFF7C0F938E0039B0793234BF8
:104884001B881B0443F00100079B5B681A46079BC7
:104894001B882149FFF7CFF928E0039B06931B4BA4
:1048A4001B881B0443F00104069B9D68069B9B68C0
:1048B400184604F025FA03461946069B5B681A4617
:1048C400069B1B88019300920B462A4613492046F7
:1048D400FFF7DBF90AE00D4B1B881B0443F00103CF
:1048E400049A0F491846FFF795F900BF0D4B1B6852
:1048F40003F00103002B00D0FFDE039A049905980E
:10490400FFF730FF00BF09B030BD00BFE02000203A
:10491400E0600300006103002461030040610300C0
:1049240058610300F0ED00E082B003468DF80730D3
:104934009DF8073003F01F0205499DF907305B0914
:10494400012000FA02F241F8232000BF02B07047B0
:1049540000E100E082B003468DF807309DF807308F
:1049640003F01F0206499DF907305B09012000FA94
:1049740002F2203341F8232000BF02B0704700BF89
:1049840000E100E082B003468DF807309DF807305F
:1049940003F01F0206499DF907305B09012000FA64
:1049A40002F2403341F8232000BF02B0704700BF39
:1049B40000E100E082B003468DF807309DF807302F
:1049C40003F01F0206499DF907305B09012000FA34
:1049D40002F2603341F8232000BF02B0704700BFE9
:1049E40000E100E082B0034600918DF807309DF9A4
:1049F4000730002B0CDA009BDAB20C499DF8073023
:104A040003F00F03043B5201D2B20B441A7609E0BF
:104A1400009BDAB206499DF907305201D2B20B4429
:104A240083F8002300BF02B0704700BF00ED00E030
:104A340000E100E084B00190244B0393019B002B20
:104A440040D0234B1A680399019B00BF00BF00BFED
:104A540000BF00BF00BF00BF00BF8A422FD000BF0D
:104A640000BF00BF00BF00BF00BF00BF00BF00BF4A
:104A740000BF00BF00BF00BF00BF00BF00BF00BF3A
:104A840000BF00BF00BF00BF00BF00BF00BF00BF2A
:104A940000BF00BF00BF00BF00BF00BF00BF00BF1A
:104AA40000BF00BF00BF00BF00BF00BF00BF00BF0A
:104AB40000BF00BF00BF00BF00BF00BF00BF013B7D
:104AC400C3D1019300BF04B0704700BF0024F400B9
:104AD4009424002000B583B00190064A019BC2F8DB
:104AE400083507211120FFF77DFF00BF03B05DF8F3
:104AF40004FB00BF0010014008B50D4B4FF4803299
:104B0400C3F844230A4B4FF48032C3F80423112022
:104B1400FFF750FF1120FFF707FF054B01221A6032
:104B24002F20FFF787FF034B01221A7000BF08BD37
:104B340000100140522B002008B51120FFF70AFF96
:104B44000E4B4FF48032C3F848230C4B4FF48032A1
:104B5400C3F80823094B01225A602F20FFF76AFF8C
:104B6400064B01229A60064B00221A602F20FFF7A1
:104B740061FF044B00221A7000BF08BD0010014001
:104B8400442B0020522B0020024BD3F80435184646
:104B9400704700BF0010014082B001900091019A5B
:104BA400009BD31A23F07F43184602B070470000DD
:104BB40082B00190034A019BC2F8403500BF02B0A5
:104BC400704700BF0010014086B00190284B1B685D
:104BD400002B03D1264A019B136045E0019B1A6810
:104BE400234B1B681B689A4210D8214B1B68196819
:104BF400019B1A681E4B1B688A1A1A601C4B1A68A0
:104C0400019BDA611A4A019B13602DE0019B1B682A
:104C14000393174B1B680593154B1B68049309E01A
:104C2400049B1B68039AD31A0393049B0593049B68
:104C3400DB690493049B002B04D0049B1B68039A38
:104C44009A42EDD8049B002B05D0049B1A68039B61
:104C5400D21A049B1A60019B039A1A60019B049A5E
:104C6400DA61059B019ADA6100BF06B0704700BFA4
:104C7400402B002000B587B001902A4B1B6803939A
:104C8400284B1B680593059B049308E0049A019B39
:104C94009A4208D0049B0593049BDB690493049B0C
:104CA400002BF3D100E000BF049B002B01D10023B3
:104CB40033E0059A049B9A4214D11A4B1B68DB69B2
:104CC400184A1360174B1B68002B0BD1164B01229B
:104CD4009A60164B00221A60154B01221A702F207D
:104CE400FFF7A8FE049B1B680293049BDA69059BEB
:104CF400DA61059BDB690493049B002B05D0049BBC
:104D04001A68029B1A44049B1A60064B1B68039A98
:104D14009A4214BF01230023DBB2184607B05DF8A2
:104D240004FB00BF402B002000100140442B002056
:104D3400532B002008B51120FFF724FE00BF08BD47
:104D440008B51420FFF71EFE00BF08BD00B583B0F0
:104D54000190019B5B69019A92691046984700BFD4
:104D640003B05DF804FB000000B585B02B4B1B6855
:104D7400002B4ED000230193FFF706FF0246284B79
:104D84001B6819461046FFF707FF0290234B1B6868
:104D940003931DE0039B1B68029A9A421CD3039B56
:104DA4001B68029AD31A0293039B1B68019A13444B
:104DB4000193039B0093039BDB690393009B1B7C80
:104DC400002B05D0009B00221A740098FFF7BEFF49
:104DD400039B002BDED100E000BF124B1A78124B6C
:104DE4001B789A420CD1104B1B780133DAB20E4B6C
:104DF4001A700D4B1B78022B02D10B4B00221A7038
:104E0400094B1B781946094A019B42F82130FFF7E8
:104E140097FF00BF05B05DF804FB00BF402B0020E6
:104E2400442B0020502B0020512B0020482B002025
:104E340082B00190184B1A78184B1B789A4223D0F1
:104E4400154B1B780133DAB2134B1A70124B1B78D3
:104E5400022B02D1104B00221A700F4B1B781A46FA
:104E64000F4B53F82220019B1A60019B1A680D4BCB
:104E74001B6813440B4A13600A4B1B6823F07F43DF
:104E8400084A1360012303E0019B00221A600023F7
:104E9400184602B0704700BF502B0020512B002051
:104EA400482B0020442B002088B0039002910192EB
:104EB4000023079338E0204B1B680693069B1B686E
:104EC400039A9A4206D2069B1A68039BD21A069B3F
:104ED4001A602EE0069B1B68039AD31A0393069B61
:104EE4001B68079A13440793069B00221A60124B0F
:104EF4001B680593069BDB690F4A1360069BDB68FE
:104F0400002B11D0029A079B134423F07F42069B87
:104F14005A60069BDA68069B9A60019B1A68069B96
:104F2400DA61019B059A1A60034B1B68002BC2D1FE
:104F340000BF00BF08B07047402B002000B589B007
:104F4400019000238DF81F30664B1B680593AAE07F
:104F5400019B002B05D0019B0693069BDB69019303
:104F640061E0614B1B781A4613465B001344DB0077
:104F74005D4A1344043304935B4B1B780133DAB268
:104F8400594B1A70584B1A78574B9B789A4202D156
:104F9400554B00221A70049B5B680693049B1B7894
:104FA400032B1ED0032B7EDC012B1FD0022B7AD1C6
:104FB400049B5B681846FFF75DFE0346002B02D096
:104FC40001238DF81F30069B00221A746BE0454BB9
:104FD4001B680393039B00221A74039BDB69414AF9
:104FE4001360404B1B68002BF1D15CE000BF069BB3
:104FF4001B7C002B00D056E0049B9A68069B5A60E9
:10500400049BDA68069B9A60049B1A69069BDA6023
:10501400049B5A69069B9A61344B1B78002B02D07F
:10502400069B00225A60069B5A68314B1B68D31AB0
:1050340023F07F432F4A93420ED8069B5B682C4A89
:10504400126811461846FFF7A7FD0246069B9B68A7
:105054001A44069B1A6017E0254B1A68069B5B6886
:1050640019461046FFF798FD0290069B9B68029A2A
:105074009A4206D2069B9A68029BD21A069B1A6031
:1050840002E0069B00221A60069B00225A60069BDF
:1050940000229A60069B01221A74069B0022DA61A0
:1050A4000698FFF791FD019B002B7FF451AF0E4B47
:1050B4001A780D4B5B789A427FF44AAF9DF81F3003
:1050C400002B04D1074B1B68059A9A4201D0012397
:1050D40000E0002303F00103DBB2184609B05DF8D9
:1050E40004FB00BF402B0020342A0020532B002057
:1050F400442B0020FEFF7F0010B588B00190274BA1
:105104001B68002B44D0254B1B681B680793FFF7D3
:105114003BFD0690224B1B68059305990698FFF703
:105124003BFD0346033304931E4B1B7883F00103BA
:10513400DBB2002B01D0FFF7DFFC049A079B9342FC
:1051440038BF1346059A13440593059B23F07F4308
:1051540005930598FFF72CFDFFF716FD03900699BC
:105164000398FFF719FD0346DC1C06990598FFF721
:1051740013FD03469C420DD9FFF706FD034618466E
:10518400FFF716FD2F20FFF755FCFFF7D3FD01E0D5
:10519400FFF7D2FC00BF08B010BD00BF402B0020B9
:1051A400442B0020522B002000B587B0002301932C
:1051B40000238DF81730194B1B680493184B1B6898
:1051C40003936B461846FFF733FE03468DF80B3006
:1051D4009DF80B30002B08D0009B01AA04991846B7
:1051E400FFF762FE01238DF81730019B1846FFF785
:1051F400A5FE0346002B02D001238DF817309DF83D
:105204001730002B02D00398FFF776FF054B0022DE
:105214001A7000BF07B05DF804FB00BF442B0020E8
:10522400402B0020532B002082B003468DF807301A
:10523400034A9DF80730537000BF02B0704700BFA7
:10524400342A002084B00190144B5B7801338DF82C
:105254000F30124B9B789DF80F209A4202D1002305
:105264008DF80F300D4B1B789DF80F209A4201D119
:1052740000230FE0019B9DF80F201A70074B5B7809
:105284001A4613465B001344DB00044A13440433F8
:105294000293029B184604B0704700BF342A0020D2
:1052A40000B589B003900291019200930023079303
:1052B40000238DF816300DF11603184600F0BEF9E0
:1052C4000DF117031846FFF7BDFF0690069B002B50
:1052D40002D10423079318E0069B01221A70069B4F
:1052E400039A5A60FFF750FC0246069B9A60069B9D
:1052F400029ADA60069B019A1A61069B009A5A6127
:105304009DF817301846FFF78FFF9DF816301846A2
:1053140000F0AAF9079B002B01D1FFF711FD079BB1
:10532400184609B05DF804FB00B587B001900B4640
:105334008DF803300023059300238DF80E300DF112
:105344000E03184600F07AF90DF10F031846FFF723
:1053540079FF0490049B002B02D1042305930BE0F6
:10536400049B9DF803201A70049B019A5A609DF8CF
:105374000F301846FFF758FF9DF80E30184600F01E
:1053840073F9059B002B01D1FFF7DAFC059B184646
:1053940007B05DF804FB000008B50E4B0022C3F80B
:1053A40040210C4B0022C3F844210A4B0022C3F8CD
:1053B4004821084B0022C3F84C21064B0022C3F8B5
:1053C4000021044B0022C3F80421FFF7CDFC00BFE9
:1053D40008BD00BF0010014008B5FFF7E5FE00BF9F
:1053E40008BD000008B5FFF7A7FB134B00221A7095
:1053F400114B00225A70104B0B229A700F4B002253
:105404001A600F4B00221A700E4B00221A701420DF
:10541400FFF7D0FA07211420FFF7E4FA1420FFF76E
:1054240083FA0020FFF756FBFFF7AEFB0346064A5C
:1054340013600023184608BD342A0020402B0020A6
:10544400502B0020512B0020442B002086B00390C9
:105454000B4601928DF80B30134B9B78002B01D136
:1054640008231EE0019B002B01D1072319E0039BB5
:10547400002B01D1072314E0039B1B681B7C002B2A
:1054840001D008230DE0039B1B680593059B0022B4
:105494001A74059B9DF80B205A74059B019A5A6156
:1054A4000023184606B07047342A002000B587B0A0
:1054B400039002910192039B0593144B9B78002B5C
:1054C40001D108231EE0039B002B01D1082319E01E
:1054D400029B042B01D8072314E0059B5B69002B76
:1054E40001D108230EE0059B5B7C012B01D1029BBB
:1054F40000E000230493019B049A02990598FFF7A6
:10550400CFFE0346184607B05DF804FB342A00209A
:1055140000B585B00190019B03930D4B9B78002B44
:1055240001D1082310E0019B002B03D0039B5B698E
:10553400002B01D1082307E0039B00221A740221E7
:105544000398FFF7F1FE0346184605B05DF804FB27
:10555400342A002082B0EFF310830093009B019360
:1055640072B600BF019B184602B0704762B600BF16
:1055740000BF704700B585B00190FFF7EBFF0390C3
:10558400164B9B68002B1BD1144B01229A60144BC1
:10559400D3F88020134B1340104A1360104B114A68
:1055A400C3F880200E4BD3F884300C4A53600C4B64
:1055B4004FF0FF32C3F88420019B00221A7002E0EE
:1055C400019B01221A70039B002B01D1FFF7CEFF30
:1055D4000023184605B05DF804FB00BF542B0020DF
:1055E40000E100E0FC06FFBD00B585B003468DF880
:1055F4000730104B9B68002B16D09DF80730002B0A
:1056040012D1FFF7A7FF03900B4A0A4B1B681360E4
:10561400094A084B5B685360064B00229A60039B5F
:10562400002B01D1FFF7A2FF0023184605B05DF857
:1056340004FB00BF542B002000E100E000B583B060
:10564400019000F02BF80346012B03D005494320B9
:1056540006F0B4FD0198FFF78DFF00BF03B05DF8BD
:1056640004FB00BF7061030000B583B003468DF8EE
:10567400073000F013F80346012B03D006495120EC
:1056840006F09CFD9DF807301846FFF7ADFF00BFFC
:1056940003B05DF804FB00BF7061030084B0EFF356
:1056A40005830193019BC3F308030393039B002B1E
:1056B4000DD1EFF314830093009B0293029B03F03C
:1056C4000103002B0CBF01230023DBB200E0012304
:1056D400184604B0704782B00190019B03F00303A5
:1056E400002B0CBF01230023DBB2184602B0704725
:1056F40010B487B001900091019B009A53E8004FC9
:1057040044EA020043E8000191F0000FF6D1059449
:1057140004900391059B184607B05DF8044B70474D
:1057240010B487B001900091019B009A53E8004F98
:1057340004EB020043E8000191F0000FF6D1059458
:1057440004900391059B184607B05DF8044B70471D
:1057540010B487B001900091019B009A53E8004F68
:1057640004EB020043E8000191F0000FF6D1059428
:1057740004900391049B184607B05DF8044B7047EE
:1057840010B487B001900091019B009A53E8004F38
:10579400A4EB020043E8000191F0000FF6D1059458
:1057A40004900391049B184607B05DF8044B7047BE
:1057B40000B583B0019001210198FFF799FF0346DA
:1057C400184603B05DF804FB00B585B001900023D2
:1057D40003930EE00B4A039B52F82330002B05D0B1
:1057E400084A039B52F8233001989847039B0133DE
:1057F4000393039B032BEDD900BF00BF05B05DF8F5
:1058040004FB00BF702B002082B001900091019B2B
:105814001B78013B052B61D801A252F823F000BF8D
:105824003D580200455802006B5802009D58020082
:10583400BD580200D9580200009B00221A704EE0A5
:10584400009B01221A70019B1A89009B9A81019B7B
:105854009A88009BDA81019BDA68009B9A60009B1E
:1058640000221A743BE0009B02221A70019B1A89E1
:10587400009B9A81019B9A88009BDA81019BDA68DC
:10588400009B9A60019B9B7D062B0CBF0123002388
:10589400DAB2009B1A7422E0009B03221A70019B67
:1058A400DA88009B9A81019B1A89009BDA81019B0B
:1058B400DA68009B9A6012E0009B04221A70019B34
:1058C400DA88009B9A81009B0022DA81009B0022E7
:1058D4009A6004E0009B05221A7000E000BF00BF3C
:1058E40002B0704784B001900091019B0393039A26
:1058F400009B9A4206D2039B1B68B3F1FF3F01D081
:10590400012300E0002303F00103DBB2184604B0D6
:10591400704782B00190019B5B8803339B00019A1E
:105924001344184602B0704700B583B0019000914B
:105934000198FFF7EEFF0246009B934201D2022337
:105944000CE0019B9B884FF6FF72934203D0019BAE
:105954001B88002B01D1012300E00023184603B06B
:105964005DF804FB00B583B00190019B002B13D0BC
:105974000D4BDB681A46019B93420DD30A4B1B69FE
:105984001A46019B934207D80198FFF7A4FE0346E9
:10599400002B01D0012300E0002303F00103DBB25C
:1059A400184603B05DF804FB5821002082B0019032
:1059B400019B002B04D0019B1B680B4A934201D02E
:1059C40003230DE0019B04331B68084A934204D06F
:1059D400074A934203D1012302E0002300E003239A
:1059E400184602B0704700BFDEC0ADDEFE011EF1F6
:1059F400FF011EF184B00190002303930CE0039B8C
:105A04009B00019A13441B68B3F1FF3F01D00023AC
:105A140007E0039B01330393039BB3F5806FEED33D
:105A24000123184604B0704782B003460A46ADF815
:105A340006301346ADF80430BDF80620134913466A
:105A44009B0013449B000B4408331A88BDF80430B0
:105A54001344ADF80430BDF806200C4913469B00EE
:105A640013449B000B440A331A88BDF804301344D2
:105A7400ADF80430BDF8043040F2FF32934294BFD5
:105A840001230023DBB2184602B07047202C00200B
:105A940084B0019000910A2303930023ADF80A30E7
:105AA40027E0BDF80A20174913469B0013449B00C6
:105AB4000B4404331B68009A9A4215D9BDF80A2096
:105AC400104913469B0013449B000B4404331B688A
:105AD40003F58053009A9A4206D200230393019B54
:105AE400BDF80A201A8008E0BDF80A300133ADF889
:105AF4000A30BDF80A30012BD3D9039B184604B0F1
:105B0400704700BF202C002000B589B0039002919B
:105B14000192039B03F580530693039B083303937D
:105B2400029B02221A80039B079332E0069907988E
:105B3400FFF7FAFE03468DF817309DF81730002B57
:105B44000AD1079B9A68184B1B689A4213D9079B82
:105B54009B68154A13600EE0019B002B02D0019B49
:105B640001221A709DF81730022B04D1029B4FF4C6
:105B740080621A8014E0029B1A88079B5B88134496
:105B84009BB203339AB2029B1A800798FFF7C1FEB7
:105B9400079006990798FFF7A5FE0346002BC5D189
:105BA40009B05DF804FB00BF802B002082B0019097
:105BB4000B46ADF80230019B1A89BDF8023013443C
:105BC4009BB203339AB2019B1A81019B5A89BDF897
:105BD4000230D31A9BB2033B9AB2019B5A8100BF95
:105BE40002B0704700B583B0074B1B681946002309
:105BF40000930823054A064802F07FFA0346184634
:105C040003B05DF804FB00BF482C002018620300B9
:105C14005821002000B585B0039003990023009318
:105C24000823044A044802F068FA0346184605B0FB
:105C34005DF804FB206203005821002000B585B004
:105C440003460091ADF8063000238DF80F30BDF8FF
:105C540006300333ADF80A30BDF80A3040F2FD32A5
:105C6400934201D909234AE00023ADF80C303BE00C
:105C7400BDF80C20244913469B0013449B000B449D
:105C84001B78002B2BD1BDF80A20BDF80C3011462F
:105C94001846FFF7C9FE0346002B20D001238DF8D8
:105CA4000F30009BBDF80C201A80BDF80C2016495B
:105CB40013469B0013449B000B440A331988BDF818
:105CC4000C20BDF80A300B4498B20F4913469B00D0
:105CD40013449B000B440A3302461A8008E0BDF8C3
:105CE4000C300133ADF80C30BDF80C30012BBFD9AA
:105CF4009DF80F30002B01D0002300E00723184645
:105D040005B05DF804FB00BF202C002082B00346E0
:105D14000A46ADF806301346ADF80430BDF8042049
:105D24000D4913469B0013449B000B440A331A8805
:105D3400BDF80630D31A9BB2BDF80420033B98B2D9
:105D4400054913469B0013449B000B440A33024647
:105D54001A8000BF02B07047202C002008B5012132
:105D64000248FFF7F5FC0346184608BD802B0020C7
:105D740000B585B003460091ADF80630BDF80620A5
:105D8400244913469B0013449B000B4404331B68B3
:105D940003F580530293009B1B680393039B002B22
:105DA40004D00398FFF7B5FD039026E0BDF8062064
:105DB400184913469B0013449B000B4404331B688F
:105DC4000833039319E002990398FFF7ADFD0346E6
:105DD400022B10D0022B10DC002B02D0012B05D09B
:105DE4000BE0009B039A1A6001230EE00398FFF76F
:105DF40090FD039001E0002307E002990398FFF768
:105E040071FD0346002BDED10023184605B05DF872
:105E140004FB00BF202C002000B585B00190009148
:105E2400019B5B681846FFF79DFD0346002B19D0C4
:105E3400019B1A89244B1B899A4213D1019B1A682E
:105E4400019B5B689B689A420CD1019B5B68194675
:105E54000098FFF71DFE0346002B0CBF012300230F
:105E6400DBB22CE0009B00221A8023E00023029383
:105E740010E0029B0393039B9A68019B1B689A4260
:105E840008D1029A019B5A600F4B1A89019B1A810F
:105E9400012314E0009B1B8802AA11461846FFF751
:105EA40067FF0346002BE4D1009B1B8801339AB2A1
:105EB400009B1A80009B1B88012BD7D9002318460E
:105EC40005B05DF804FB00BF502C002000B587B07E
:105ED4000390029101920093304B1B78DBB283F064
:105EE4000103DBB2002B01D0022353E0019B002B02
:105EF40002D0009B002B48D105234BE0009B9B88DC
:105F04001946274A0B469B000B449B0013441B78FD
:105F1400002B33D124E0009B1B680593039B002BCB
:105F240006D0059B9A88039B1B889A4200D017E0F1
:105F3400029B002B06D0059B1A88029B1B889A4261
:105F440000D00DE0059B9A68019B1A60009B1A68BB
:105F5400019B5A60134B1A89019B1A81002319E093
:105F6400009B9B88009A11461846FFF701FF0346E1
:105F7400002BD0D1009B00221A6000E000BF009BE0
:105F84009B8801339AB2009B9A80009B9B88012BCB
:105F9400B4D90A23184607B05DF804FB602B00202F
:105FA400202C0020502C002000B585B00190084B17
:105FB4000199184601F05FFB03901C22002103980D
:105FC4000FF002FE039B184605B05DF804FB00BF0A
:105FD400102C002000B583B00190044B01991846A1
:105FE40001F060FB00BF03B05DF804FB102C00203F
:105FF40000B583B00190054B0199184601F066FB8A
:106004000346184603B05DF804FB00BF102C0020C3
:1060140000B583B00190044B0199184601F06DFB63
:1060240000BF03B05DF804FB102C002008B50A4B38
:106034001B68002B04D1094940F2712006F0BEF818
:1060440001210548FFF79CFB0346002B14BF0123E5
:106054000023DBB2184608BD682B0020CC61030086
:1060640000B587B0002305930023ADF81230032355
:10607400ADF8103000238DF80F300023ADF80C304C
:10608400F3E0BDF80C301A03804BDB681344029331
:106094000298FFF78BFC03468DF807309DF8073014
:1060A400032B08D0032B00F3DA80002B65D0012BDF
:1060B40000F09880D3E00298FFF79CFC0346002B85
:1060C4003BD0734B1B68002B29D0BDF812207149BB
:1060D40013469B0013449B000B4402221A70BDF824
:1060E40012206C4913469B0013449B000B44043359
:1060F400029A1A60BDF81220664913469B001344A5
:106104009B000B44083302221A80634ABDF8123004
:106114005380BDF812300133ADF8123008E05C4A08
:10612400029B13605A4B02229A8001238DF80F3090
:10613400059B43F00103059392E0BDF81030013B49
:10614400ADF81030BDF81220524913469B00134499
:106154009B000B440433029A1A60BDF812204D4987
:1061640013469B0013449B000B4403221A70BDF892
:1061740012300133ADF8123072E0BDF812204549F7
:1061840013469B0013449B000B4400221A70BDF875
:106194001220404913469B0013449B000B440433D4
:1061A400029A1A60BDF8122013469B0013449B0008
:1061B4000833384A9918BDF8122013469B0013443B
:1061C4009B001033334A13441A460298FFF79CFC91
:1061D400059B43F002030593BDF812300133ADF87B
:1061E40012303DE09DF80F30002B25D0BDF8122071
:1061F400284913469B0013449B000B4402221A7047
:10620400BDF81220224B1968224813469B00134400
:106214009B00034404331960BDF812201D49134642
:106224009B0013449B000B44083302221A80BDF8E0
:1062340012300133ADF81230154A029B136000226C
:1062440016490298FFF760FC114B9B88022B01D181
:10625400042300E00823059A1343059300E000BFDC
:10626400BDF80C300133ADF80C30BDF80C30022B06
:106274007FF607AFBDF81030012B01D8002305933A
:10628400059BDBB2184607B05DF804FB58210020DB
:10629400482C0020202C0020502C00204C2C0020C6
:1062A40000B587B003900291039B02229A7502996C
:1062B400039B1A1D002300930423074801F01DFFCC
:1062C4000590059B002B01D1002300E00E23184606
:1062D40007B05DF804FB00BF5821002000B587B06B
:1062E40003900291039B1B69002B01D0032200E061
:1062F4000122039B9A75029B08331946039B03F101
:106304000C02002300930423064801F0F6FE0590D6
:10631400059B002B01D1002300E00E23184607B093
:106324005DF804FB5821002000B587B0039002916A
:10633400039B1B78032B01D1052200E00622039B5B
:106344009A75029B04331946039B03F10802002348
:1063540000930423064801F0D0FE0590059B002B12
:1063640001D1002300E00E23184607B05DF804FBBA
:106374005821002000B587B003900B46ADF80A30D1
:1063840003990023009304230C4A0D4801F0B5FE41
:106394000590059B002B01D00E230BE0BDF80A20CD
:1063A400084913469B0013449B000B4410330122FD
:1063B4001A700023184607B05DF804FB2862030036
:1063C40058210020202C002000B589B0019002AB98
:1063D40000221A605A609A60019BDB6802930DF1F7
:1063E400160202AB11461846FFF716FD0346002BB2
:1063F40012D0039B0693069B9A88019BDA80069B26
:106404001A88019B1A81039BBDF816201146184671
:10641400FFF7B0FF079001E00A230793079B184694
:1064240009B05DF804FB000000B587B00190019B42
:10643400981D02AA0D4B0021FFF748FD0590059B0E
:10644400002B08D1039B094A928811461846FFF78E
:1064540091FF059004E00822002104480FF0B4FBEA
:10646400059B184607B05DF804FB00BF602C0020B4
:1064740000B587B003900291039B01229A75029B99
:106484000C331846039B1A69039BDB889B0000218D
:1064940000910146064801F030FE0590059B002B53
:1064A40001D1002300E00E23184607B05DF804FB79
:1064B4005821002082B0184B1B8901339AB2164B25
:1064C4001A81154B00225A80134B00221A730023A1
:1064D400ADF8063018E0BDF80620104913469B00BD
:1064E40013449B000B441A78BDF80630002A0CBFF5
:1064F40001220022D1B2084A13440A469A72BDF816
:1065040006300133ADF80630BDF80630012BE2D970
:1065140000BF00BF02B07047502C0020202C002088
:1065240084B0019000238DF80F300023ADF80C30B7
:1065340031E0BDF80C301C4A13449B7A002B25D063
:10654400BDF80C30184A134400229A72BDF80C208E
:10655400164913469B0013449B000B440C331B68E1
:10656400002B13D1BDF80C20104913469B00134493
:106574009B000B4410331B78002B07D0019BBDF804
:106584000C201A8001238DF80F3008E0BDF80C3080
:106594000133ADF80C30BDF80C30012BC9D99DF88E
:1065A4000F30184604B07047502C0020202C0020D7
:1065B40008B5084B05221A70074B02229A80064B35
:1065C4001B68194600230122044801F0E8FD034634
:1065D400184608BD502C0020482C002058210020CB
:1065E40000B583B0164B5B88ADF80230BDF80220CD
:1065F400144913469B0013449B000B440C331B6843
:10660400002B14D10E4B04221A70BDF802200D4940
:1066140013469B0013449B000B4404331B68194628
:1066240000230122084801F0BAFD019002E0FFF7BF
:10663400BFFF0190019B184603B05DF804FB00BF47
:10664400502C0020202C00205821002000B587B0B9
:10665400104B5B680593104B1A680F4B9B889B008B
:1066640013440493059B5B880333ADF80E30094B48
:1066740003221A700499074B5A68BDF80E309B0028
:1066840000200090054801F038FD0346184607B085
:106694005DF804FB502C0020482C002058210020D9
:1066A40000B583B00A4B5B880A491846FFF760FBC4
:1066B4000346002B03D0FFF7C9FF019002E0FFF768
:1066C4008FFF0190019B184603B05DF804FB00BFE7
:1066D400502C0020542C002008B50A4B06221A70B6
:1066E400084B5B881946084A0B469B000B449B00E9
:1066F400134404331B681846FFF78CFA0346184604
:1067040008BD00BF502C0020202C002008B5054BEC
:1067140007221A70034B00225A60FFF763FA0346FC
:10672400184608BD502C002008B50D48FFF7F8FEA8
:10673400034683F00103DBB2002B0BD0094B00228C
:106744001A70084B00225A80064B00225A6041F608
:106754001D5302E0FFF7A4FF0346184608BD00BF1F
:10676400522C0020502C002082B0094B5B6801930E
:10677400019B5B880333ADF80230064B9A88BDF861
:10678400023013449AB2034B9A8000BF02B07047A0
:10679400502C0020482C002082B0184B1B68019319
:1067A400174B5B881946174A0B469B000B449B000A
:1067B400134404331B68114A1360114B5B88194658
:1067C400104A0B469B000B449B0013440433019A6C
:1067D4001A600B4B5B881946084B9888094A0B468C
:1067E4009B000B449B001344083302461A80034B5E
:1067F40002229A8000BF02B0704700BF482C0020DC
:10680400502C0020202C002008B51A4B1B78072B95
:106814002CD801A252F823F03D68020071680200EE
:10682400716802004968020055680200616802004C
:106834006168020069680200FFF73CFE0D4B01220B
:106844001A7014E0FFF790FF0A4B02221A700EE050
:10685400FFF7A2FF074B06221A7008E0054B072238
:106864001A7004E0034B01221A7000E000BF00BF5D
:1068740008BD00BF502C002000B587B001900091E6
:106884000F230593019B002B04D0624B00225A6016
:106894000123BBE0009B1B79032B00F2AB8001A218
:1068A40052F823F0B9680200C76802005569020073
:1068B40075690200009B01221A71FFF793F9059094
:1068C4009BE000238DF813300023ADF810302BE04B
:1068D400BDF81020504913469B0013449B000B4401
:1068E4001B78022B1BD1BDF810204B4913469B008B
:1068F40013449B000B4400221A7001238DF81330BB
:10690400BDF81020444913469B0013449B000B44DC
:1069140004331B681846FFF77DF9059008E0BDF8BD
:1069240010300133ADF81030BDF81030012BCFD941
:106934009DF8133083F00103DBB2002B5CD0354BA0
:1069440001221A70334B00225A6041F61D535DE058
:10695400009B00221A71314B02229A802F4B1B6834
:106964001946002301222E4801F019FC059044E049
:10697400009B00221A71294B1B681846FFF74AF93D
:106984000590284B5B88ADF80E30244B1B680293AE
:10699400BDF80E20204913469B0013449B000B4472
:1069A40004331B681D4A1360BDF80E201A491346B0
:1069B4009B0013449B000B440433029A1A60BDF8F5
:1069C4000E20164B9888144913469B0013449B00D1
:1069D4000B44083302461A80104B02229A80BDF8F9
:1069E4000E200D4913469B0013449B000B440022C8
:1069F4001A7002E000BF00E000BF059B002B04D02A
:106A0400044B00225A600E2300E00023184607B00E
:106A14005DF804FB602B0020202C0020482C002073
:106A240058210020502C002000B587B0019000911F
:106A3400009B9B8A1A4613469B0013449B003C4AC6
:106A440013440493019B002B07D0009BDB88194659
:106A54000498FFF7ABF8012365E0049B5A68049B94
:106A64001B899B0013440393009B9B7D062B4DD8ED
:106A740001A252F823F000BFBF6A0200E36A0200D9
:106A8400CB6A0200D76A0200996A0200EF6A020028
:106A9400096B0200274B00225A60009B9B69254A20
:106AA400136025492348FFF7B7F9034683F0010330
:106AB400DBB2002B01D00A2335E003990098FFF7DD
:106AC400EFFB059025E003990098FFF707FC05907C
:106AD4001FE003990098FFF7CBFC059019E0039998
:106AE4000098FFF721FC059013E0009B06229A759D
:106AF400104B5B68104A128811461846FFF73AFC9F
:106B0400059006E041F61D53059302E00F2305931B
:106B140000BF059B002B05D0009BDB881946049819
:106B2400FFF744F8059B184607B05DF804FB00BF67
:106B3400202C0020682C0020742C002000B585B087
:106B440001900091019B002B01D0012326E0009BC2
:106B54001B79022B19D0022B1BDC002B02D0012B3A
:106B640008D016E0009B02221A710098FFF72CFC53
:106B7400039012E00098FFF757FC0390039B0A2B45
:106B84000AD141F61D53039306E041F61D530393C6
:106B940003E00F23039300E000BF039B184605B0F6
:106BA4005DF804FB00B585B00190019B002B01D07A
:106BB40001233BE01F4B1B7B002B03D01D4B00220A
:106BC4001A7301E0FFF720FE1A4B1B78013B062BDA
:106BD40028D801A252F823F0F96B0200016C0200DC
:106BE400096C0200116C0200296C0200196C02008D
:106BF400216C0200FFF798FD039016E0FFF750FDAB
:106C0400039012E0FFF722FD03900EE0FFF7E8FC8B
:106C140003900AE0FFF760FD039006E0FFF776FDBE
:106C2400039002E00F23039300BF039B184605B0B3
:106C34005DF804FB502C002000B589B001903F4B57
:106C44001B68002B05D13E48FFF7D2F903463B4AA7
:106C540013603A4B1B68002B04D13A4940F2795037
:106C640005F0ACFA354B1B681B78013B052B2CD87F
:106C740001A252F823F000BF956C0200A56C02003B
:106C8400A56C0200B56C0200B56C0200C56C020074
:106C94002A4B1B6819460198FFF7EEFD019017E097
:106CA400264B1B6819460198FFF7BEFE01900FE0C2
:106CB400224B1B6819460198FFF740FF019007E03B
:106CC4000198FFF76FFF019002E00F23019300BFCB
:106CD400019B002B2BD003AB1422002118460EF08D
:106CE40073FF019B41F61D52934204D10023049388
:106CF4000023019301E0019B0493104B1B6803AA3A
:106D040011461846FEF780FD03AB1846FEF75CFDFE
:106D14000A4B00221A600A48FFF77AF9FFF786F94E
:106D2400034683F00103DBB2002B02D187E700BFE7
:106D340000E000BF00BF09B05DF804FB782C002020
:106D44007C2C0020CC61030008B501210548FEF726
:106D5400E7FC0346002B02D10020FFF76DFF00BFC4
:106D640008BD00BF682B002000B583B00190019BD3
:106D74005B681846FFF760FF00BF03B05DF804FBD3
:106D840000B58BB00390029101928DF8033000237B
:106D9400ADF824300023ADF82630514B1B78DBB21C
:106DA40083F00103DBB2002B01D0022393E0029BAA
:106DB400002B01D105238EE0029B1B884FF6FF7246
:106DC400934203D0029B5B88002B01D1042382E011
:106DD400029B5B681846FEF77EFC034683F00103C2
:106DE400DBB2002B01D0032375E0019B002B11D1F2
:106DF400029B9B68ADF826300DF11A02BDF82630CF
:106E040011461846FEF71AFF0890089B002B09D07C
:106E1400089B60E0019B1B88ADF81A30019B5B88DE
:106E2400ADF8263005AB1846FFF7BEF80790079B70
:106E3400002B09D1BDF81A20BDF82630114618469A
:106E4400FEF764FF082346E0079B9DF803201A70B1
:106E5400079B00229A75BDF81A20079B9A82029B11
:106E64005A68079B1A61FEF779FF0246079BDA60AE
:106E7400029B1A88079B1A81029B5A88079B9A8057
:106E8400079BBDF82620DA809DF80330032B06D13A
:106E9400079B04229A75039B1A68079B9A61079BB8
:106EA400BDF824205A8105AB1846FFF793F8039BDD
:106EB400002B0DD0039B00225A60079BDA68039BCA
:106EC4001A60039B00229A72064B1A89039B1A814B
:106ED400FFF73AFF002318460BB05DF804FB00BF30
:106EE400602B0020502C002000B585B001900C4B85
:106EF4001B68042B02D10C2303930BE0084B1B6883
:106F04000849019A41F8232001210548FEF720FC95
:106F140000230393039B184605B05DF804FB00BFF0
:106F24006C2B0020702B002084B04FF010235B6981
:106F340003934FF080531B6902934FF080535B69B6
:106F44000193039BB3F1FF3F04D1019B029A02FB1F
:106F540003F300E0039B184604B0704700B583B008
:106F64004FF440530193FFF7DFFF0346054A1361D3
:106F7400044B1A69019BD31A024AD36000BF03B0C1
:106F84005DF804FB5821002008B5FFF7E7FF002255
:106F94000349044801F096F80346184608BD00BFAB
:106FA400446303005821002008B504481C238C22A4
:106FB400034900F019FB00BF08BD00BF102C0020DE
:106FC400842B002000B58BB002AB00221A605A60FB
:106FD4009A60DA601A61414B1B78DBB2002B05D052
:106FE40002AB1846FEF7F0FB002373E03C48FEF7C3
:106FF400DFFB0346002B01D000236BE0FFF7C4FF47
:107004000990099B002B01D0099B63E0FFF7CCFF9B
:10701400FFF726F803468DF823309DF82330062B1E
:1070240007D0062B11DC002B01D0022B0DD10B2332
:1070340050E02A4B01221A70284B00225A6002ABFE
:107044001846FEF7C1FB002344E000BF01AB18461D
:10705400FEF7AAFF0790079B002B01D1082339E014
:10706400079B01221A709DF82330013B0A2B29D873
:1070740001A252F823F000BFA9700200C9700200F7
:10708400A9700200C9700200C1700200C970020038
:10709400C1700200C9700200B1700200B970020030
:1070A400B1700200079B00221A710CE0079B0322B7
:1070B4001A7108E0079B02221A7104E0079B01225F
:1070C4001A7100E000BF01AB1846FEF783FFFFF71B
:1070D4003BFE002318460BB05DF804FB602B002038
:1070E400642B002000B585B001900091019B002B1A
:1070F40002D0009B002B01D1052329E00DF10A03E6
:1071040019460198FEF788FE0346002B1FD0019B09
:107114005B680393BDF80A301A4613469B00134478
:107124009B0008330C4A1344043301211846FEF72C
:107134000FFB009B039A1A60019B5B6803F10C022E
:10714400009B5A60019B01229A72002300E00A23EB
:10715400184605B05DF804FB202C002000B585B06E
:107164000190019B002B01D1052339E00DF10A03A5
:1071740019460198FEF750FE0346002B2DD0BDF8AA
:107184000A301946184A0B469B000B449B001344D3
:107194000C331B68002B1DD0019B9B7A002B19D04C
:1071A400BDF80A301A46104913469B0013449B004D
:1071B4000B440C331B68591E0B4813469B001344A5
:1071C4009B0003440C331960019B00229A72002334
:1071D400039304E00623039301E00A230393039B30
:1071E400184605B05DF804FB202C002000B585B0DE
:1071F40001900B46ADF80230134B1B78DBB283F0E1
:107204000103DBB2002B01D0022319E0019B002B08
:1072140001D1052314E00DF10A02BDF80230114634
:107224001846FEF70BFD0390039B002B07D1BDF816
:107234000A20019B1A80019BBDF802205A80039BFF
:10724400184605B05DF804FB602B002000B585B03E
:1072540001901F4B1B78DBB283F00103DBB2002BE0
:1072640001D002232FE0019B002B01D105232AE04A
:10727400019B1B88022B01D9042324E0019B1B885A
:107284001A4613469B0013449B00124A134402936C
:10729400019B5B880233029A5289934210DA019B64
:1072A4005A88019B1B8819461046FEF72FFD019B47
:1072B40000221A80019B00225A800023039301E0DC
:1072C40004230393039B184605B05DF804FB00BF39
:1072D400602B0020202C002000B583B00190009189
:1072E4000223002200990198FFF74AFD034618463D
:1072F40003B05DF804FB00B585B0039002910192E0
:10730400019B002B01D1052306E00223019A029977
:107314000398FFF735FD0346184605B05DF804FBF6
:1073240000B583B001900091019B002B01D105238E
:1073340006E00323002200990198FFF721FD03468C
:10734400184603B05DF804FB00B585B00346ADF8FC
:107354000630184B1B78DBB283F00103DBB2002B41
:1073640001D0022322E0BDF806304FF6FF729342AB
:1073740001D104231AE002AB1846FEF715FE039070
:10738400039B002B01D1082310E0039B05221A70F4
:10739400039B01221A71039BBDF80620DA8002AB1D
:1073A4001846FEF717FEFFF7CFFC0023184605B07A
:1073B4005DF804FB602B002000B583B0144B1B78F0
:1073C400DBB283F00103DBB2002B01D002231AE00D
:1073D4006B461846FEF7E8FD0190019B002B01D196
:1073E400082310E0019B06221A706B461846FEF72C
:1073F400F1FD084B1B78002B02D0064B01221A73B7
:10740400FFF7A2FC0023184603B05DF804FB00BF9D
:10741400602B0020502C002000B585B0029201930F
:107424000346ADF80E300B46ADF80C3003A90DF150
:107434000E00019B029AFEF749FD0346184605B06B
:107444005DF804FB00B585B0034602910192ADF8E6
:107454000E300DF10E01019B029A0020FEF736FD5D
:107464000346184605B05DF804FB00B585B0034635
:1074740002910192ADF80E300DF10E00019B029ABB
:107484000021FEF723FD0346184605B05DF804FB12
:1074940082B001900091019B002B02D0009B002B35
:1074A40001D1052304E0019B1A68009B1A600023A4
:1074B400184602B0704786B001900091019B53E8D2
:1074C400011F8AB2D88902449889824228BF121ABD
:1074D4001889824202BFBFF32F8F002307E0C2EA5C
:1074E400010243E801200028E9D14FF001038DF89F
:1074F4000F30059002910492029A009B1A609DF845
:107504000F30DBB2184606B0704784B00190019981
:1075140051E8013FC3EA034341E80132002AF7D1AD
:107524000392029300BF04B0704786B001900091AB
:10753400019B53E8021F1FFAA1F2D888824202BFBE
:10754400BFF32F8F00230DE0D8890244988982422B
:1075540028BF121AC1EA024243E802200028E8D1F7
:107564004FF001038DF80F30059002910492029AB6
:10757400009B1A609DF80F30DBB2184606B07047C6
:1075840084B00190019951E8023FC3EA234341E8E2
:107594000232002AF7D10392029300BF04B070476D
:1075A40086B00190019B53E8021FDA88B1EB314F9A
:1075B4004FF0000017BF89B242EA024241EA024298
:1075C40004E05968B1EB314F08BF012043E80221C0
:1075D4000029E8D18DF80F00059104929DF80F3031
:1075E400DBB2184606B0704784B00390029111468E
:1075F4001A460B46ADF806301346ADF80430029B2C
:10760400002B01D10E231FE0BDF80630BDF8042085
:10761400B3FBF2F101FB02F29B1A9BB2002B01D0E7
:10762400092311E0039B029A1A60039B00225A600B
:10763400039B00229A60039BBDF806209A81039B5A
:10764400BDF80420DA810023184604B0704700B561
:1076540085B001900198FFF7A3FF03468DF80F3022
:107664009DF80F30002B01D0002300E011231846B1
:1076740005B05DF804FB00B583B001900091009B58
:1076840019460198FFF717FF0346002B05D0019B0D
:107694001B68009A1288134400E00023184603B0C4
:1076A4005DF804FB00B583B001900091009B1A883B
:1076B400009B5B889A4204D10198FFF726FF0123BF
:1076C40000E00023184603B05DF804FB00B583B066
:1076D40001900091009B19460198FFF726FF03468D
:1076E400002B05D0019B1B68009A5288134400E0CC
:1076F4000023184603B05DF804FB00B583B0019085
:107704000091009B1A88009B5B889A4204D10198DF
:10771400FFF736FF012300E00023184603B05DF8AD
:1077240004FB000000B583B001900B468DF80330D4
:10773400019B002B03D10849AF2004F03FFD019BBE
:10774400DA689DF803300199098A01FB03F31344B5
:10775400184603B05DF804FB3462030000B583B03F
:1077640001900091019B002B03D10849BC2004F037
:1077740025FD009B019AD2689B1A019A128AB3FBD9
:10778400F2F3DBB2184603B05DF804FB3462030085
:1077940000B585B00190019B002B01D10E2348E078
:1077A400019B1B68002B03D12449C62004F006FD6D
:1077B400019B5B68002B03D12049C72004F0FEFC29
:1077C400019B9B68002B03D11C49C82004F0F6FCE4
:1077D400019BDB68002B03D11849C92004F0EEFC9F
:1077E400019B1B8A002B03D11449CA2004F0E6FC38
:1077F400019B9A68019B5B68D31A8DF80F30019B3B
:107804001B68019A52681A6007E0019B1A681368A2
:10781400591C11609DF80F201A709DF80F305A1EE4
:107824008DF80F20002BF0D1019B1B6800221A71E8
:107834000023184605B05DF804FB00BF3462030062
:1078440000B585B00190019B002B03D11F49EC20AA
:1078540004F0B4FC0023039300238DF80A300DF1E7
:107864000A031846FDF7EAFE019B1B681A68019B90
:107874005B689A421FD9019B1B681A68013A1A6017
:107884001B681B7819460198FFF74CFF0390019B76
:107894009A68019B1B681B68D31A8DF80B30019BF7
:1078A4001B681B799DF80B209A4204D9019B1B6825
:1078B4009DF80B201A719DF80A301846FDF7D4FE86
:1078C400039B184605B05DF804FB00BF3462030057
:1078D40010B584B001900091019B002B04D115498F
:1078E4004FF4887004F06AFC009B002B04D111490A
:1078F40040F2111004F062FC009B039300238DF806
:107904000B300DF10B031846FDF798FE019B1B6825
:107914001C68621C1A6003990198FFF71FFF034655
:1079240023709DF80B301846FDF79EFE00BF04B08F
:1079340010BD00BF3462030000B583B00190019B09
:10794400002B03D10C49312004F038FC019B9B68C7
:10795400002B0CD0019B5B69019A1069019A116894
:10796400019A92689847019B00229A6000E000BF48
:1079740003B05DF804FB00BF886203000EB400B5D9
:1079840084B00190019B002B03D11849422004F0DC
:1079940015FC019B5B69002B03D11449432004F0BF
:1079A4000DFC019B1B68002B03D11049442004F0FB
:1079B40005FC019B5B68002B03D10C49452004F0B6
:1079C400FDFB059B002B0AD00023039306AB039316
:1079D40003AB1A460599019800F0B0F900E000BF26
:1079E40004B05DF804EB03B0704700BF8862030085
:1079F40000B583B001900B468DF80330019B1A68E3
:107A0400019B9B68581C0199886013449DF80320CE
:107A14001A70019B9A68019B5B689A4202D3019891
:107A2400FFF78AFF00BF03B05DF804FB00B587B021
:107A3400039002910192009300230593009B03F0AD
:107A44000103002B24D00BE0029B01330293059B1E
:107A5400013305939DF8133019460398FFF7C8FFC7
:107A6400029B1B788DF813309DF81330002BEBD15B
:107A740006E0019B013B019320210398FFF7B8FF27
:107A8400019A059B9A422ED9019B002BF1D12AE041
:107A9400029B002B0BD002980EF04DF8059006E0E7
:107AA400019B013B019320210398FFF7A1FF019A59
:107AB400059B9A420FD9019B002BF1D10BE0029B4D
:107AC40001330293059B013305939DF81330194646
:107AD4000398FFF78DFF029B1B788DF813309DF8F8
:107AE4001330002BEBD100BF07B05DF804FB00009E
:107AF40000B589B00390029101920093029B079311
:107B04000123069307E0079A019BB2FBF3F3079363
:107B1400069B01330693079A019B9A42F3D2009A7B
:107B2400069B9A4201D9009B06930B9B03F0010329
:107B3400002B22D10A9B002B1FD00B9B03F00203C6
:107B4400002B06D0009B002B03D130238DF8173077
:107B540002E020238DF8173008E00A9B013B0A93CA
:107B64009DF8173019460398FFF742FF0A9B002B34
:107B740003D0069A0A9B9A42EFD301230793009BF2
:107B8400012B03D9009B013B009309E0029A079B58
:107B9400B2FBF3F30493049A019B9A4200D205E0EA
:107BA400079B019A02FB03F30793E8E7029A079BFA
:107BB400B2FBF3F30493049B079A02FB03F3029AC8
:107BC400D31A0293154A049B13441B78194603984D
:107BD400FFF70EFF079A019BB2FBF3F30793079B92
:107BE400002BE3D10B9B03F00103002B11D00A9B64
:107BF400002B0ED006E00A9B013B0A932021039838
:107C0400FFF7F6FE0A9B002B03D0069A0A9B9A42C2
:107C1400F1D300BF09B05DF804FB00BF2863030083
:107C240000B589B00590049103920293049B002B44
:107C3400B8BF5B4206930123079307E0039B069AB0
:107C440092FBF3F30693079B01330793039B069A76
:107C54009A42F3DA029A079B9A4201D9029B07934C
:107C64000A9B002B0AD0049B002B04DB0B9B03F024
:107C74000403002B02D00A9B013B0A930B9B03F0E5
:107C84000203002B02D0029B002B16D00B9B03F0A7
:107C94000103002B11D10A9B002B0ED006E00A9B96
:107CA400013B0A9320210598FFF7A2FE0A9B002BB3
:107CB40003D0079A0A9B9A42F1D3049B002B07DA5C
:107CC400049B5B4204932D210598FFF791FE08E085
:107CD4000B9B03F00403002B03D02B210598FFF723
:107CE40087FE0B9B03F00203002B19D00B9B03F0C0
:107CF4000103002B14D1029B002B11D10A9B002BF2
:107D04000ED006E00A9B013B0A9330210598FFF749
:107D14006FFE0A9B002B03D0079A0A9B9A42F1D369
:107D240004990B9B01930A9B0093029B039A059869
:107D3400FFF7DEFE00BF09B05DF804FB00B58FB0AD
:107D4400059004910392059B002B04D1AD494FF497
:107D54009F7004F033FA059B5B69002B04D1A94999
:107D64004FF4A07004F02AFA059B1B68002B04D181
:107D7400A44940F2411004F021FA059B5B68002BF2
:107D840004D1A0494FF4A17004F018FA049B002B0D
:107D940000F09381049B1B788DF83730049B0133EA
:107DA40004939DF83730002B00F07E819DF8373026
:107DB400252B40F06D8100230A9301230C93049B2F
:107DC4001B788DF837309DF83730302B0DD0302BA1
:107DD4001BDC2B2B11D02D2B17D10A9B43F0010355
:107DE4000A93049B0133049312E00A9B43F00203B9
:107DF4000A93049B013304930AE00A9B43F00403AF
:107E04000A93049B0133049302E000230C9300BF04
:107E14000C9B002BD3D1002309939DF837302A2BD8
:107E24000CD1039B1B68191D039A11601B68099AE6
:107E340013440993049B013304931AE0049B1B78B5
:107E44008DF837309DF837302F2B12D99DF8373005
:107E5400392B0ED8049B01330493099A13469B00D3
:107E640013445B001A469DF837301344303B0993A2
:107E7400D3E700230B93049B1B788DF837309DF8D0
:107E840037302E2B1DD1049B01330493049B1B78A4
:107E94008DF837309DF837302F2B12D99DF83730B5
:107EA400392B0ED8049B013304930B9A13469B0081
:107EB40013445B001A469DF837301344303B0B9350
:107EC400E4E7049B1B788DF837309DF837306C2B32
:107ED40003D09DF83730682B07D1049B01330493FA
:107EE400049B1B788DF83730EFE79DF83730252B4E
:107EF40000F0C480252BC0F2C680782B00F3C38029
:107F0400582BC0F2C080583B202B00F2BC8001A249
:107F140052F823F00D8002008B8002008B80020057
:107F24008B8002008B8002008B8002008B80020019
:107F34008B8002008B8002008B8002008B80020009
:107F44009D7F0200BF7F02008B8002008B800200B5
:107F54008B8002008B800200BF7F02008B800200B6
:107F64008B8002008B8002008B8002008B800200D9
:107F74008B8002004D8002008B8002008B80020007
:107F8400318002008B800200E37F02008B800200BC
:107F94008B8002000D800200039B1B68191D039A4D
:107FA40011601B680C930C9B8DF81F309DF81F30DB
:107FB40019460598FFF71CFD66E0039B1B68191D15
:107FC400039A11601B680C930A9B0193099B00930D
:107FD4000B9B0A220C990598FFF722FE54E0039BA1
:107FE4001B68191D039A11601B680C930C990A9B5A
:107FF4000193099B00930B9B0A220598FFF778FDD8
:1080040042E000BFD4620300039B1B68191D039A5E
:1080140011601B680C930C990A9B0193099B0093B4
:108024000B9B10220598FFF763FD2DE0039B1B6853
:10803400191D039A11601B6808930A9B099A0899F1
:108044000598FFF7F3FC1FE0039B1B68191D039AB7
:1080540011601B680C9330210598FFF7C9FC782147
:108064000598FFF7C5FC0C9900230193082300939E
:10807400082310220598FFF73BFD05E0252105980C
:10808400FFF7B6FC00E000BF049B0133049305E056
:108094009DF8373019460598FFF7AAFC049B1B7816
:1080A400002B7FF477AE00E000BF059B1B7B002B09
:1080B40004D00598FFF740FC00E000BF0FB05DF866
:1080C40004FB00BF00B585B0039002910192039BAD
:1080D400002B02D0029B002B01D10E2309E0039B4D
:1080E400029A1A60039B1B681B68019903989847BE
:1080F4000346184605B05DF804FB10B586B005903C
:10810400049103920293059B002B02D0039B002B46
:1081140001D10E2340E0059B1B68002B01D10823ED
:108124003AE0029B002B0AD0059B5B685A68029BCD
:10813400B3FBF2F101FB02F29B1A002B01D00923DD
:108144002AE0049800F0C6F8034683F00103DBB28A
:10815400002B14D1039B184600F0BCF8034683F0AF
:108164000103DBB2002B0AD1029A0499059800F0AE
:1081740097F8034683F00103DBB2002B01D01023F0
:108184000AE0059B1B68DC68089B0093029B039A2A
:1081940004990598A0470346184606B010BD10B5CB
:1081A40084B00390029101920093039B002B01D1B0
:1081B4000E232EE0039B1B68002B01D1082328E02B
:1081C400019B002B01D1092323E0039B5B681B68FF
:1081D4005A1E029B1340002B10D1039B5B681B6843
:1081E400019A02FB03F31A460299039800F058F827
:1081F400034683F00103DBB2002B01D0102308E017
:10820400039B1B681C69009B019A02990398A04771
:108214000346184604B010BD00B585B00190019B1B
:10822400002B03D0019B1B68002B28D10023039350
:1082340019E0039A13469B0013449B001A46154BFE
:1082440013440193019B1B68002B09D0019B1B68FD
:10825400DB69019898470346002B01D0012314E001
:10826400039B013303930C4A0A4BD31A0B4AA2FB18
:1082740003231B09039A9A42DBD3002305E0019BE5
:108284001B68DB69019898470346184605B05DF8FA
:1082940004FB00BF582100206C210020CDCCCCCCA5
:1082A40084B0039002910192039BDB68029A9A4284
:1082B40009D3029A019B13445A1E039B1B699A42D9
:1082C40001D8012300E0002303F00103DBB21846C8
:1082D40004B0704782B00190019B03F00303002BAC
:1082E4000CBF01230023DBB2184602B0704729DF1C
:1082F400704700BF184628DF704700BF184610B407
:1083040087B001900091019B009A53E8004F1046FA
:1083140043E8000191F0000FF7D105940490039114
:10832400059B184607B05DF8044B704710B487B03E
:1083340001900091019B009A53E8004F44EA020027
:1083440043E8000191F0000FF6D1059404900391E5
:10835400059B184607B05DF8044B704700B583B021
:10836400019001210198FFF7E1FF0346184603B08D
:108374005DF804FB00B589B001900091019B1B6876
:108384009B68002B31D003AB00221A605A609A60BC
:10839400DA601A61009B0493019B9B680793019B1D
:1083A4001B79002B02D0012B0AD017E001238DF892
:1083B4000C30019B1B690593019B5B6906930DE0DF
:1083C40002238DF80C30019BDB684FF4805202FBD2
:1083D40003F30593019B5B69069300BF019B1B6834
:1083E4009B6803AA1046984700E000BF09B05DF8F7
:1083F40004FB00B587B00190019B5A69019B9B69FE
:10840400D31AB3F5805F28BF4FF480530593042239
:10841400059BB3FBF2F3012B38BF01230593019BAA
:108424001A69019B9B6913440493019BDB681A46F8
:10843400019B9B6913440393059A03990498FFF7DE
:1084440056FF0346184607B05DF804FB00B583B039
:108454000190019BDA68019B1B6913441846FFF7DE
:108464004AFF0346184603B05DF804FB08B5034B06
:1084740003491846FFF741F900BF08BD0C2D002041
:10848400342D002008B5084B08491846FFF71EF99B
:108494000346074A1360064B1B68002B14BF0123D5
:1084A4000023DBB2184608BD0C2D0020342D00201B
:1084B400302D002000B583B0294B1B7A002B0BD143
:1084C400FFF7E0FF034683F00103DBB2002B03D088
:1084D400234B00225A6040E0214B02221A72214BA6
:1084E4001B681B79002B02D0012B07D00DE01D4B1C
:1084F4001B681846FFF77DFF019009E0194B1B68C4
:108504001846FFF7A3FF019002E00323019300BF85
:10851400019B002B03D0019B112B0CD00FE0104BBF
:108524001B7C83F00103DBB2002B15D00021022059
:1085340000F064F910E00A4B01221A720DE0094BB5
:108544001B6803211846FFF715FF054B00221A721A
:10855400034B00225A6000E000BF03B05DF804FB47
:108564001C2D0020302D002000B583B001210A48C5
:10857400FFF7C5FE03460193019B002B08D1074B6F
:108584005B7C83F00103DBB2002B01D0FFF792FF89
:1085940000BF03B05DF804FB202D00201C2D00203B
:1085A40084B001901B4B0022DA60019B1B79002BE5
:1085B40002D0012B19D028E0019B5A69019B9B69C9
:1085C400D31AB3F5805F28BF4FF480530393019B04
:1085D4009A69039B1A44019B9A61019B9A69019BC6
:1085E4005B699A420ED1012310E0019B1B695A1C5E
:1085F400019B1A61019B1A69019B5B699A4203D131
:10860400012303E000BF00E000BF0023184604B0CC
:10861400704700BF1C2D002082B00190084BDB681E
:108624000133074AD360064BDB68082B04D9044B9B
:108634000022DA60012300E00023184602B07047EC
:108644001C2D002000B583B0019000910C48FFF769
:1086540085FE0346002B0ED1019B0A4A5A600CF09A
:1086640075FF03461A46064B1A7407481C238C22CE
:108674000649FEF7B9FF0023184603B05DF804FB72
:108684001C2D0020386303000C2D0020802C0020BA
:1086940000B583B0019000911422002105480DF02B
:1086A40093FA054B1846FEF7D2FF0023184603B091
:1086B4005DF804FB1C2D00200C2D002000B587B0B4
:1086C4000390029101920093174A04AB1946104695
:1086D400FEF7D1FF0590059B002B01D104231FE079
:1086E4001C22002105980DF06FFA059B00221A71D7
:1086F400059B039A1A60059B089A9A60059B029A47
:108704001A61059B019ADA60059B009A5A61064A30
:1087140004AB19461046FEF7C5FFFFF725FF0023FB
:10872400184607B05DF804FB0C2D002000B585B099
:108734000390029101920093029B009A19460198BA
:108744000DF010FA0023184605B05DF804FB000094
:1087540000B587B00390029101920093184A04ABCC
:1087640019461046FEF787FF0590059B002B01D1A3
:10877400042320E01C22002105980DF025FA059B16
:1087840001221A71059B039A1A60059B009A9A604C
:108794004FF48052029BB3FBF2F2059BDA60059B17
:1087A400019A5A61064A04AB19461046FEF77AFF4D
:1087B400FFF7DAFE0023184607B05DF804FB00BF9C
:1087C4000C2D002082B001900091009B184602B04D
:1087D400704782B0019000910023184602B07047A0
:1087E40082B00190044B1B7A002B14BF0123002399
:1087F400DBB2184602B070471C2D002000B585B0CE
:1088040001900091254B1B7A012B33D0022B41D1CF
:1088140000238DF80F30019B022B03D0019B032B07
:1088240009D011E01E4B1B681846FFF7B9FE03463A
:108834008DF80F3008E01A4B1B681846FFF7ECFE62
:1088440003468DF80F3000BF9DF80F30002B13D076
:10885400124B00221A72124B1A68019B022B01D18F
:10886400002300E00D2319461046FFF783FDFFF7B0
:10887400FDFD01E000BF00E000BF084B5B7C83F01E
:108884000103DBB2002B02D0FFF714FE03E00CF06F
:1088940041FE00E000BF05B05DF804FB1C2D002084
:1088A400302D002082B0034600918DF80730064B2E
:1088B40001225A74044B1B7A002B0CBF01230023A2
:1088C400DBB2184602B070471C2D002000B583B0FF
:1088D400034600918DF807309DF80730012B03D033
:1088E4009DF80730032B0DD1084B00225A749DF8D4
:1088F4000730012B0CBF01230023DAB2034B1A7497
:10890400FFF7D8FD00BF03B05DF804FB1C2D002069
:1089140010B487B001900091019B009A53E8004F76
:1089240004EB020043E8000191F0000FF6D1059436
:1089340004900391049B184607B05DF8044B7047FC
:1089440010B487B001900091019B009A53E8004F46
:10895400A4EB020043E8000191F0000FF6D1059466
:1089640004900391049B184607B05DF8044B7047CC
:1089740000B583B001900198FEF70AFF034618463C
:1089840003B05DF804FB00B58BB001900091019B2E
:108994001B8A043B0793009A079B1344DA1C079B2A
:1089A400B2FBF3F38DF81B300198FEF749FF0590F5
:1089B400059B002B01D1002338E0059B00221A718E
:1089C400059B01225A71079B9AB2059BDA80059B8D
:1089D40009939DF81B30013B0493099B019A1A608B
:1089E400002308931DE00198FEF72AFF0390039BE0
:1089F400002B0ED0059B5B790133DAB2059B5A71CB
:108A0400099B039A1A60039B019A1A60039B0993BA
:108A140004E0059800F00EF8002307E0089B0133FA
:108A24000893089A049B9A42DDD3059B18460BB021
:108A34005DF804FB00B58BB00190019B0793079B85
:108A44005B798DF81B30019B08939DF81B30013B2B
:108A540005930023099305E0089B1B680893099B71
:108A640001330993099A059B9A42F5D3089B1B6825
:108A74000493019B0893002309930BE0089B1B6854
:108A8400039308990498FEF723FF039B0893099B1B
:108A9400013309939DF81B30099A9A42EED300BF23
:108AA40000BF0BB05DF804FB00B585B00190019BDD
:108AB4000393039B043301211846FFF729FF00BFEA
:108AC40005B05DF804FB00B587B00190019B0593E8
:108AD400059B043301211846FFF732FF0346039335
:108AE40003AB0493049B1B78002B02D10198FFF77E
:108AF400A1FF00BF07B05DF804FB000000B58DB016
:108B04000390029101920093039B0693069BDB88DA
:108B14000593039B0B93009B1A1D059BB2FBF3F378
:108B24000A93009B0433059AB3FBF2F2059901FB07
:108B340002F29B1A0993009A019B1A44059B134461
:108B4400DA1C059BB2FBF3F38DF81330069B5B79BB
:108B54009DF813209A420AD92849BA2003F02EFB23
:108B640005E00B9B1B680B930A9B013B0A930A9B32
:108B7400002BF6D100230893059A099BD31A079377
:108B8400079A019B934228BF134607932DE09DF853
:108B94003830002B0BD0029A089BD0180B9A099BF3
:108BA40013440433079A19460CF0DCFF0AE00B9ACD
:108BB400099B1344181D029A089B1344079A1946EB
:108BC4000CF0D0FF002309930B9B1B680B93019AB5
:108BD400079BD31A0193089A079B13440893059A99
:108BE400019B934228BF13460793019B002BCED1D0
:108BF40000BF00BF0DB05DF804FB00BF6463030059
:108C040000B587B00590049103920293002300936A
:108C1400029B039A04990598FFF770FF00BF07B001
:108C24005DF804FB00B587B00590049103920293AC
:108C340001230093029B039A04990598FFF75EFFB2
:108C440000BF07B05DF804FB00B583B0019000914C
:108C5400019B002B03D11049502003F0AFFA009B75
:108C6400002B03D10C49512003F0A8FA019B009A70
:108C74001A60019B1B681A68019B5A60019B5A6821
:108C8400019B1B685B689A4202D1019B00225A60D7
:108C940000BF03B05DF804FBC863030000B583B0F4
:108CA4000190019B002B03D11449632003F086FA41
:108CB400019B1B68002B03D11049642003F07EFA4A
:108CC400019B5B68002B14D0019B5B681A46019BD7
:108CD4001B689B6813441A46019B5A60019B5A689F
:108CE400019B1B685B689A4204D1019B00225A6075
:108CF40000E000BF03B05DF804FB00BFC8630300DD
:108D040000B585B00190019800F00EF80390039B24
:108D1400002B01D0039B00E0024B184605B05DF820
:108D240004FB00BF3864030086B00190164B059322
:108D3400164B04931FE0049A059BD31ADB10DA0F39
:108D440013445B10DB00059A13440393039B1B68D5
:108D54000293029A019B9A4202D9039B04930AE06C
:108D6400029A019B9A4203D2039B0833059302E0C3
:108D7400039B5B6804E0059A049B9A42DBD30023BF
:108D8400184606B0704700BF5467030044680300E8
:108D940082B001900B46ADF80230019B1A68BDF811
:108DA4000230012101FA03F31A43019B1A6000BF48
:108DB40002B0704782B001900B46ADF80230019BBF
:108DC4001A68BDF80230012101FA03F3DB431A40AB
:108DD400019B1A6000BF02B0704782B001900B463D
:108DE400ADF80230BDF80230012202FA03F31A464C
:108DF400019B1340002B14BF01230023DBB2184650
:108E040002B0704700B585B001900023ADF80E3074
:108E140010E0BDF80E3019460198FFF7DEFF034657
:108E2400002B02D0BDF80E300AE0BDF80E3001333D
:108E3400ADF80E30BDF80E301F2BEAD94FF6FF7394
:108E4400184605B05DF804FB00B587B005900491A1
:108E540011461A460B46ADF80E3013468DF80D3008
:108E6400BDF80E209DF80D3000931346012204999D
:108E7400059800F004F800BF07B05DF804FB00B5E6
:108E840087B0039002910192ADF80230039B002B4E
:108E94003BD0029B002B38D0019B002B35D0002304
:108EA40005932FE0059B5B00039A13441B88BDF8D0
:108EB40002209A4223D1002304931BE09DF8203022
:108EC400002B0AD0049B9B00029A1344059A92B289
:108ED40011461846FFF75CFF09E0049B9B00029AC9
:108EE4001344059A92B211461846FFF763FF049B98
:108EF40001330493049A019B9A42DFD305E0059B56
:108F040001330593059B1F2BCCD907B05DF804FBF7
:108F140000B587B0039002911346ADF80630039B69
:108F2400002B19D00023059313E0059B5B00039AE3
:108F340013441B88BDF806209A4207D1059B9BB2B7
:108F440019460298FFF749FF034606E0059B0133E3
:108F54000593059B1F2BE8D90023184607B05DF83D
:108F640004FB00B597B0039002910192002304938F
:108F7400029B002B1ED00023159318E0159B9BB277
:108F840019460198FFF729FF0346002B0CD0159BC7
:108F94005B00029A1A44049B591C049112885B00DA
:108FA40058336B4423F8442C159B01331593159BBC
:108FB4001F2BE3D9039B184604AB442219460CF03B
:108FC400D1FD039817B05DF804FB000000B583B031
:108FD4000190019B1B681F2B04D905494FF4E870CD
:108FE40003F0ECF84FF0A043184603B05DF804FB1F
:108FF4004468030000B585B00190084611461A463E
:1090040003468DF803300B468DF8023013468DF875
:10901400013001AB1846FFF7D9FF03909DF80320F8
:109024009DF802305B001A439DF801309B001A43FF
:109034009DF818301B0242EA03019DF81C301B0402
:10904400019A1943039B02F5E07243F8221000BF12
:1090540005B05DF804FB00B585B0039000230193CF
:10906400002300930023012201210398FFF7C2FF8C
:1090740000BF05B05DF804FB00B585B0019001ABFD
:109084001846FFF7A3FF0390019B012202FA03F3A2
:109094001946039800F086F800BF05B05DF804FB9C
:1090A40000B585B0019001AB1846FFF78FFF039020
:1090B400019B012202FA03F31946039800F07CF89D
:1090C40000BF05B05DF804FB00B585B0019001ABAD
:1090D4001846FFF77BFF0390039BD3F804350293F4
:1090E400029BDA43019B012101FA03F31A40039B1B
:1090F400C3F80825019B01229A40029B1A40039B56
:10910400C3F80C2500BF05B05DF804FB00B583B0BF
:1091140001900091009B002B03D10198FFF7C0FF41
:1091240002E00198FFF7A8FF00BF03B05DF804FB5D
:1091340000B585B0019001AB1846FFF747FF0390D7
:10914400039800F01FF80246019B22FA03F303F090
:109154000103184605B05DF804FB00B585B0019025
:1091640001AB1846FFF732FF0390039800F012F8A2
:109174000246019B22FA03F303F00103184605B0EB
:109184005DF804FB82B00190019BD3F810351846BA
:1091940002B0704782B00190019BD3F804351846A1
:1091A40002B0704782B001900091019B009AC3F80D
:1091B400082500BF02B0704782B001900091019B66
:1091C400009AC3F80C2500BF02B0704700B585B003
:1091D4000190019B032B03D91149372002F0EEFFC4
:1091E400104A019B13441B781846FFF7B6FF034649
:1091F400002B14BF012300238DF80F309DF80F308E
:10920400002B14BF01230023DBB283F00103DBB284
:1092140003F00103DBB2184605B05DF804FB00BFA0
:1092240080680300C868030000B583B00190019B07
:10923400032B03D907493E2002F0C0FF064A019BD5
:1092440013441B7800211846FFF760FF00BF03B0EA
:109254005DF804FB80680300C868030000B583B0B0
:109264000190019B032B03D90749442002F0A6FF78
:10927400064A019B13441B7801211846FFF746FF59
:1092840000BF03B05DF804FB80680300C8680300F6
:1092940000B583B00023019305E00198FFF7DEFFDA
:1092A400019B01330193019B032BF6D900BF00BF3F
:1092B40003B05DF804FB00B583B00023019305E01F
:1092C4000198FFF7B1FF019B01330193019B032B2D
:1092D400F6D900BF00BF03B05DF804FB00B583B04E
:1092E4000190019B032B03D907495C2002F066FF20
:1092F400064A019B13441B781846FFF7E5FE00BF9E
:1093040003B05DF804FB00BF80680300C868030075
:1093140000B583B00023019309E0094A019B13447B
:109324001B781846FFF797FE019B01330193019BBD
:10933400032BF2D9FFF7ACFF00BF03B05DF804FBC9
:10934400C868030000B585B00190019B032B03D9C5
:109354001149832002F032FF104A019B13441B7809
:109364001846FFF7E5FE0346002B14BF0123002334
:109374008DF80F309DF80F30002B14BF012300230C
:10938400DBB283F00103DBB203F00103DBB2184666
:1093940005B05DF804FB00BF80680300CC680300DF
:1093A40084B001904FF0FF330293002303930DE048
:1093B4000A4A039B13441B781A46019B934202D129
:1093C400039B029305E0039B01330393039B032B4D
:1093D400EED9029B184604B0704700BFCC68030066
:1093E40082B003468DF807309DF8073003F01F0262
:1093F40006499DF907305B09012000FA02F2203387
:1094040041F8232000BF02B0704700BF00E100E034
:1094140082B001904FF08042019BC2F8083300BF34
:1094240002B0704782B003468DF807309DF80730CC
:1094340003F1804301221A6000BF02B0704784B078
:109444000346ADF80630BDF8063003F18043002230
:109454001A60BDF8063003F180431B680393039B35
:1094640000BF04B0704782B00346ADF80630BDF8C3
:10947400063003F180431B68002B14BF0123002333
:10948400DBB2184602B0704782B003468DF807304D
:109494009DF807304FF0804203F00303C2F81835FB
:1094A40000BF02B070474FF08043D3F818341B0C50
:1094B40003F00103002B14BF01230023DBB2184681
:1094C4007047000082B003468DF807300A4A9DF9C0
:1094D40007305B0952F823209DF8073003F01F037F
:1094E40022FA03F303F00103002B14BF012300232A
:1094F400DBB2184602B0704700E100E008B5002076
:10950400FFF7E0FF034683F00103DBB2002B03D037
:109514000721002000F09AF900BF08BD08B50CF03F
:1095240015F8034683F00103DBB2002B03D109498C
:10953400842002F043FE0C20FFF774FF00BFFFF706
:10954400B2FF0346002BFAD1034B00229A7000BFEE
:1095540008BD00BFD8680300382D002000B583B0D3
:1095640000230193134B1B78002B02D08523019316
:109574001BE0104B00229A600E4B00225A600D4BE8
:1095840000221A610B4B0022DA60FFF7B7FF0BF0E1
:10959400DDFF034683F00103DBB2002B02D0012080
:1095A400FFF772FF034B01221A70019B184603B0A8
:1095B4005DF804FB382D002084B00190019B1B68EA
:1095C4000393039B002B03D0039B1A68019B1A602F
:1095D400039B184604B0704700B583B0164B1B7844
:1095E400002B04D115494FF48E7002F0E7FD124BA5
:1095F400DB68002B04D1114940F21D1002F0DEFD9E
:1096040000238DF807300DF107031846FCF716F810
:10961400094BDB68013B084AD360074BDB68002B2E
:1096240001D1FFF77BFF9DF807301846FCF71CF8C3
:1096340000BF03B05DF804FB382D0020D868030098
:1096440000B585B003468DF807309DF80730002B30
:1096540002D10C4B039301E00B4B03930398FFF7E8
:10966400ABFF0290029B002B06D0029B5B689DF827
:10967400072010469847F1E700BF00BF05B05DF82A
:1096840004FB00BF402D0020482D002008B54FF4F6
:109694008070FFF7E8FE0346002B0CD04FF4807077
:1096A400FFF7CDFE0120FFF7B3FE0E4B01225A70E7
:1096B4000020FFF7C5FF4FF48270FFF7D4FE034686
:1096C400002B0CD04FF48270FFF7B9FE0220FFF795
:1096D4009FFE044B01229A700120FFF7B1FF00BFE7
:1096E40008BD00BF382D002000B583B00190009163
:1096F400019B002B02D10020FFF7A2FF00BF03B0A3
:109704005DF804FB00B585B0034600918DF8073081
:109714009DF80730032B29D0032B37DC002B02D014
:10972400012B04D032E00020FFF75AFE2FE0002383
:109734008DF80F300DF10F031846FBF77FFF164B22
:109744001B7883F00103DBB2002B01D0FFF706FF87
:10975400114BDB680133104AD3600F4B01229A701E
:109764009DF80F301846FBF77FFF10E00A4B1B787B
:10977400002B04D1094940F25B2002F01FFD0721B0
:10978400002000F063F8FFF727FF00E000BF00BFF0
:1097940005B05DF804FB00BF382D0020D868030035
:1097A40082B003468DF807309DF8073003F01F029E
:1097B40005499DF907305B09012000FA02F241F8DE
:1097C400232000BF02B0704700E100E082B00346EE
:1097D4008DF807309DF8073003F01F0206499DF904
:1097E40007305B09012000FA02F2603341F82320BC
:1097F40000BF02B0704700BF00E100E082B0034642
:1098040000918DF807309DF90730002B0CDA009B8E
:10981400DAB20C499DF8073003F00F03043B520100
:10982400D2B20B441A7609E0009BDAB206499DF9DC
:1098340007305201D2B20B4483F8002300BF02B0B8
:10984400704700BF00ED00E000E100E000B583B028
:1098540003460A468DF8073013468DF806309DF806
:109864000630012B03D99DF80630032B0CD99DF843
:109874000630042B03D99DF80630072B04D90D4973
:109884004FF4927002F09AFC9DF806209DF907307F
:1098940011461846FFF7B2FF9DF907301846FFF747
:1098A40095FF9DF907301846FFF77AFF00BF03B014
:1098B4005DF804FB3069030000B583B00346ADF8DE
:1098C4000630BDF80630184600F026F803461B683B
:1098D400012B0CBF01230023DBB2184603B05DF853
:1098E40004FB00B585B00346ADF80630BDF806307C
:1098F400184600F011F803461A4600231360BDF819
:109904000630184600F008F803461B680393039BCF
:1099140000BF05B05DF804FB82B00346ADF8063025
:10992400BDF8063003F1804303F5C043184602B086
:109934007047000082B00190034A019BC2F80433CF
:1099440000BF02B0704700BF0060004082B00190C9
:10995400034BD3F80423019B1340184602B070470D
:109964000060004082B00190084A019B03F5A27395
:1099740052F82330054943F00102019B03F5A27319
:1099840041F8232000BF02B0704700BF00600040D0
:1099940084B00390029113468DF80730144A039B58
:1099A40003F5A27352F82330114923F4473323F407
:1099B4004073039A02F5A27241F822300C4A039BC9
:1099C40003F5A27352F82320029B1B0203F4F851FF
:1099D4009DF807301B0403F440330B4304491A4336
:1099E400039B03F5A27341F8232000BF04B0704722
:1099F4000060004082B00190054A019B03F5A27308
:109A040052F823301B0A03F01F03184602B07047B4
:109A14000060004082B00190064A019B03F5A273E6
:109A240052F823301B0C03F00303DBB2184602B0D8
:109A3400704700BF0060004000B583B00190019BF7
:109A44001B681F2B04D905494FF4E87002F0B6FBDC
:109A54004FF0A043184603B05DF804FB8C69030083
:109A640000B585B00190084611461A4603468DF8A4
:109A740003300B468DF8023013468DF8013001ABEC
:109A84001846FFF7D9FF03909DF803209DF8023094
:109A94005B001A439DF801309B001A439DF818306F
:109AA4001B0242EA03019DF81C301B04019A19436E
:109AB400039B02F5E07243F8221000BF05B05DF885
:109AC40004FB00B585B003900B468DF80B309DF870
:109AD4000B30002201920022009200220021039800
:109AE400FFF7BEFF00BF05B05DF804FB00B585B00D
:109AF400019001AB1846FFF79FFF0390019A039B67
:109B040002F5E07253F8223023F002030293019A23
:109B1400039B02F5E072029943F8221000BF05B0DE
:109B24005DF804FB00B585B001900B468DF8033059
:109B340001AB1846FFF780FF0390019A039B02F5DF
:109B4400E07253F82230019A23F44031039B02F56A
:109B5400E07243F82210019A039B02F5E07253F875
:109B640022109DF803301B04019A1943039B02F54C
:109B7400E07243F8221000BF05B05DF804FB00B5A5
:109B840085B0019001AB1846FFF756FF0390039888
:109B940000F020F80246019B22FA03F303F00103CC
:109BA400184605B05DF804FB00B585B0019001AB23
:109BB4001846FFF741FF0390019A039B02F5E072F8
:109BC40053F822301B0C03F00303DBB2184605B034
:109BD4005DF804FB82B00190019BD3F81035184660
:109BE40002B0704700B587B00390029101924FF024
:109BF400A0430493039A029B1344012B04D91249F2
:109C04004FF43A7002F0DAFA039B059311E0059BD6
:109C14009B0018336B4453F8083C1846FFF7DAFFEF
:109C24000246019B1A60019B04330193059B013397
:109C34000593039A029B1344059A9A42E7D300BF03
:109C440000BF07B05DF804FB8C69030084B0019089
:109C54000091009B0393019BDB080293019B03F09B
:109C6400070301930122019B02FA03F30399029A69
:109C74000A4412781340184604B0704784B0019027
:109C84000091009B0393019BDB080293019B03F06B
:109C940007030193039A029B13441B785AB20121D0
:109CA400019B01FA03F35BB2134359B2039A029B7B
:109CB4001344CAB21A7000BF04B0704782B0019056
:109CC4000C4A019B1344303393F90030002B09DB19
:109CD400084A019B1344303393F90030072B01DC0D
:109CE400012300E0002303F00103DBB2184602B0B5
:109CF400704700BF4C2D002082B00190064A019BA2
:109D04001344303393F90030072BCCBF01230023D5
:109D1400DBB2184602B070474C2D002082B001908F
:109D2400064A019B1344303393F90030DB43DBB222
:109D3400DB09DBB2184602B0704700BF4C2D00208F
:109D440084B00390029101928DF80330029B59B2C2
:109D54000E4A039B134430330A461A700B49029B84
:109D6400019A41F823209DF8033083F00103DBB20C
:109D7400002B08D0029B083B039A51B2034A1344B8
:109D84000A4683F8502000BF04B070474C2D0020D1
:109D940082B00190044A019B13443033FF221A70AD
:109DA40000BF02B0704700BF4C2D002082B001906C
:109DB400044A019B1344303393F90030184602B02F
:109DC400704700BF4C2D002082B00190034A019BD4
:109DD40052F82330184602B0704700BF4C2D0020C3
:109DE40000B589B00390029113468DF80730FF2324
:109DF4008DF81F309DF80730002B01D0002300E0C0
:109E0400082305939DF80730002B01D0082300E0B8
:109E14000C230493059B069314E00F4A069B52F807
:109E24002330B3F1FF3F0AD19DF80730029A069917
:109E34000398FFF785FF069B8DF81F3006E0069B0D
:109E440001330693069A049B9A42E6D39DF91F3088
:109E5400184609B05DF804FB4C2D002082B003467F
:109E64008DF807309DF80730094A4FF0FF3142F86A
:109E740023109DF80730072B07D99DF80730083BBE
:109E8400034A1344FF2283F8502000BF02B07047F6
:109E94004C2D002000B583B0214B93F85430002B97
:109EA40003D008230093009B36E000238DF807308D
:109EB40009E09DF807301846FFF76AFF9DF8073060
:109EC40001338DF807309DF807301F2BF1D900239B
:109ED4008DF8073009E09DF807301846FFF7BEFFFC
:109EE4009DF8073001338DF807309DF807300B2BB0
:109EF400F1D907210620FFF7A9FC4FF4BE70FFF744
:109F0400F0FC4FF00040FFF715FD054B012283F8EC
:109F1400542000230093009B184603B05DF804FB13
:109F24004C2D0020044B93F85430002B14BF012314
:109F34000023DBB2184670474C2D002000B587B0D3
:109F4400039002910192039B1F2B04D92B4940F2E9
:109F5400F71002F033F9002305930398FFF7DEFEB0
:109F64000346002B02D00823059342E0029BDB78D2
:109F74001A4601990398FFF733FF03468DF813300F
:109F84009DF91330B3F1FF3F31D0029B9B78002B36
:109F940003D00398FFF7AAFD05E0029B5B781946FE
:109FA4000398FFF78EFD029BDB78002B08D09DF908
:109FB4001300029B1B781A460399FFF7E9FC18E08B
:109FC4009DF91330083B0E4A134493F95010029B39
:109FD4001B785BB29B015AB29DF91330083B0A43CC
:109FE40051B2074A13440A4683F8502001E004237F
:109FF4000593059B184607B05DF804FBD069030080
:10A004004C2D002000B589B001900B468DF803302B
:10A01400019B1F2B04D93D4940F2252002F0CEF8C4
:10A024000198FFF77BFE0346002B04D1374940F229
:10A03400262002F0C3F80198FFF75EFE0346002BCA
:10A044002FD00198FFF7B2FE0346083B304A134471
:10A0540093F950308DF80F309DF80F309B098DF82F
:10A064000E309DF80E30032B0BD10198FFF787FDBE
:10A074000346002B01D0032300E002238DF81F3098
:10A0840008E09DF80E30012B01D1022300E00323E8
:10A094008DF81F309DF81F3019460198FFF742FDD7
:10A0A40030E00198FFF70AFE0346002B2AD00198FE
:10A0B400FFF77CFE03460693069B9BB240339BB29C
:10A0C4009B00ADF81630069B1846FFF74BFCBDF815
:10A0D40016301846FFF705FC9DF80330002B11D00D
:10A0E4000198FFF763FE03461846FFF76DFE0490E0
:10A0F400049B002B06D00122069B02FA03F31846A8
:10A10400FFF718FC00BF09B05DF804FBD069030039
:10A114004C2D002000B583B00190019B1F2B04D966
:10A12400084940F2722002F049F80198FFF727FD30
:10A134000346002B14BF01230023DBB2184603B0EF
:10A144005DF804FBD069030000B597B000231093B9
:10A15400002304934FF48073ADF84A300123119324
:10A164000023139321E0BDF84A301846FFF7A4FBFF
:10A174000346002B0ED01198FFF7E8FB0346002B93
:10A1840008D0BDF84A301846FFF7ABFB109A119B74
:10A1940013431093119B5B001193BDF84A300433B1
:10A1A400ADF84A30139B01331393139B072BDAD971
:10A1B4004FF4BE70FFF780FB0346002B0DD04FF425
:10A1C400BE70FFF78EFB109B43F00043109304AB6B
:10A1D4001A4601210020FFF705FD109BDBB2002B7E
:10A1E40029D0012311930023139321E0119A109B8A
:10A1F4001340002B16D01398FFF7FCFB0E90139816
:10A20400FFF708FC03468DF837301398FFF7DCFDA1
:10A214000C900C9B002B05D09DF837200C9B11460D
:10A224000E989847119B5B001193139B0133139372
:10A23400139B072BDAD9109B002B80F2EE800023AE
:10A244008DF8533000230393002315930AE0159BE4
:10A254009B0058336B444FF0FF3243F8502C159B4E
:10A2640001331593159B002BF1D000238DF8533047
:10A274000023139378E06B4A139B1344503393F9F0
:10A2840000308DF82F309DF82F3023F0C0030A934F
:10A29400644A139B1344503393F90030B3F1FF3FE6
:10A2A4005FD002AB19460A98FFF7D0FC0346002B97
:10A2B40057D09DF82F309B098DF827300A98FFF767
:10A2C40075FD03461846FFF77FFD0890089B002B99
:10A2D40003D19DF82730032B43D19DF82730032B5E
:10A2E40004D103AB19460A98FFF7C8FC0A98FFF794
:10A2F4005BFC03468DF81F3004AB19460A98FFF740
:10A30400A5FC0690069B002B03D09DF81F30022B62
:10A3140006D0069B002B24D19DF81F30032B20D19F
:10A324009DF82730032B13D19DF81F30022B01D148
:10A33400032300E002238DF817309DF817301946E7
:10A344000A98FFF7EFFB9DF8533001338DF8533033
:10A35400089B002B05D09DF82720089B11460A98DE
:10A364009847139B01331393139B032B83D99DF8B5
:10A374005330002B4CD001238DF83F3001AB1A46EB
:10A3840001210020FFF72EFC0023159314E0159BF8
:10A394009B0058336B4453F8542C159B9B00583343
:10A3A4006B4453F8483C9A4203D000238DF83F3065
:10A3B40005E0159B01331593159B002BE7D09DF801
:10A3C4003F30002B03D000238DF8533020E00023CE
:10A3D40015931AE0159B9B0058336B4453F8542C87
:10A3E400159B9B0058336B4443F8482C159B9B00EA
:10A3F40058336B4453F84C2C159B9B0058336B44D7
:10A4040043F8502C159B01331593159B002BE1D079
:10A414009DF85330002B7FF428AF00BF17B05DF8D0
:10A4240004FB00BF4C2D002082B003468DF807309A
:10A434009DF8073003F01F0206499DF907305B09B8
:10A44400012000FA02F2203341F8232000BF02B0B9
:10A45400704700BF00E100E084B001900B46ADF806
:10A464000230BDF80230019A134400221A60BDF88C
:10A474000230019A13441B680393039B00BF04B08A
:10A48400704782B001900B46ADF80230BDF802303F
:10A49400019A13441B68002B14BF01230023DBB271
:10A4A400184602B0704782B001900091019B009A57
:10A4B400C3F8042300BF02B0704782B0019000913A
:10A4C400019BD3F80423009B1340002B14BF0123EA
:10A4D4000023DBB2184602B0704782B001900091AD
:10A4E400019B009AC3F8082300BF02B0704784B0F0
:10A4F4000190019BD3F880340393019B039AC3F822
:10A504008024039B184604B0704782B00190019BDD
:10A514000422C3F8002500BF02B0704782B0019046
:10A52400019B0022C3F8002500BF02B0704784B02D
:10A53400039002910192039B019AC3F81425039B93
:10A54400029AC3F80C2500BF04B0704700B583B06D
:10A5540001904FF0FF324FF0FF310198FFF7E7FF12
:10A5640000BF03B05DF804FB82B00190019BD3F8F7
:10A574000C35184602B0704782B00190019BD3F8A5
:10A584001435184602B0704782B00190019BD3F88D
:10A594000835184602B0704782B00190019BD3F889
:10A5A4001035184602B0704784B0039002910192AE
:10A5B400039B029AC3F80825039B019AC3F810254C
:10A5C40000BF04B0704700B583B001904FF0FF3274
:10A5D4004FF0FF310198FFF7E7FF00BF03B05DF8CC
:10A5E40004FB82B00190019BD3F81835DBB2184606
:10A5F40002B0704782B001900B468DF803309DF88D
:10A604000320019BC3F81C2500BF02B0704782B031
:10A6140001900B468DF803309DF80330019A1344E2
:10A6240001221A6000BF02B0704782B001900B464D
:10A634008DF8033013468DF802309DF803209DF801
:10A6440002301343DBB21A46019BC3F86C2500BFEA
:10A6540002B0704782B001900091019B009AC3F848
:10A66400242500BF02B0704784B001900B46ADF8BA
:10A674000230BDF80230019A134400221A60BDF87A
:10A684000230019A13441B680393039B00BF04B078
:10A69400704782B001900B46ADF80230BDF802302D
:10A6A400019A13441B68002B14BF01230023DBB25F
:10A6B400184602B0704782B001900091019BD3F814
:10A6C4000022009BDB431A40019BC3F8002200BF19
:10A6D40002B0704782B001900091019B009AC3F8C8
:10A6E400042300BF02B0704782B001900091019B27
:10A6F400009AC3F8082300BF02B0704784B00190E9
:10A70400019BD3F880340393019B039AC3F88024FC
:10A71400039B184604B0704782B00190019B082245
:10A72400C3F8002500BF02B0704782B00190019BBE
:10A734000022C3F8002500BF02B0704784B0039024
:10A7440002910192039B029AC3F80C25039B019A80
:10A75400C3F8142500BF04B0704700B583B001905E
:10A764004FF0FF324FF0FF310198FFF7E7FF00BFD2
:10A7740003B05DF804FB82B00190019BD3F80C3563
:10A78400184602B0704782B00190019BD3F814358B
:10A79400184602B0704782B00190019BD3F8083587
:10A7A400184602B0704782B00190019BD3F810356F
:10A7B400184602B0704784B0039002910192039B43
:10A7C400029AC3F80825039B019AC3F8102500BF19
:10A7D40004B0704700B583B001904FF0FF324FF0E2
:10A7E400FF310198FFF7E7FF00BF03B05DF804FBFA
:10A7F40082B001900B468DF803309DF80330019A26
:10A80400134401221A6000BF02B0704782B0019065
:10A814000B468DF8033013468DF802309DF8032063
:10A824009DF802301343DBB21A46019BC3F86C2532
:10A8340000BF02B0704782B001900091019B009A62
:10A84400C3F8242500BF02B0704784B0039002917E
:10A8540013468DF80730029A039BC3F844259DF8EC
:10A864000720039BC3F8482500BF04B0704782B09B
:10A874000190019BD3F84C35184602B0704782B062
:10A884000190019BD3F83C35184602B0704700B5DF
:10A8940083B003468DF807309DF907301846FFF75B
:10A8A400C3FD00BF03B05DF804FB84B00190019BBD
:10A8B4001B0B8DF80F309DF90F30184604B070470C
:10A8C40082B00190019B03F06043B3F1005F0CBFC1
:10A8D40001230023DBB2184602B0704700B583B0F1
:10A8E4000190019B1B681F2B04D905494FF4E870A4
:10A8F40001F064FC4FF0A043184603B05DF804FB7C
:10A904002C6A030000B585B00190084611461A462A
:10A9140003468DF803300B468DF8023013468DF84C
:10A92400013001AB1846FFF7D9FF03909DF80320CF
:10A934009DF802305B001A439DF801309B001A43D6
:10A944009DF818301B0242EA03019DF81C301B04D9
:10A95400019A1943039B02F5E07243F8221000BFE9
:10A9640005B05DF804FB00B585B0039000230193A6
:10A97400002300930023012201210398FFF7C2FF63
:10A9840000BF05B05DF804FB00B585B003900B462D
:10A994008DF80B309DF80B300022019200220092BA
:10A9A400002200210398FFF7ADFF00BF05B05DF85A
:10A9B40004FB00B585B003900023019300230093AA
:10A9C4000023012200210398FFF79CFF00BF05B07C
:10A9D4005DF804FB00B585B0019001AB1846FFF7A4
:10A9E4007DFF0390019B012202FA03F319460398A9
:10A9F40000F004F800BF05B05DF804FB82B00190DC
:10AA04000091019B009AC3F8082500BF02B070476B
:10AA140000B583B001900091009B1B68B3F1FF3F28
:10AA240009D0009B1B681846FFF7D4FF009B1B68E6
:10AA34001846FFF798FF009B5B68B3F1FF3F05D012
:10AA4400009B5B6800211846FFF79EFF019B1B7962
:10AA5400464A5B0113441C331B78002B41D0019BF5
:10AA64001A68009B9B6919461046FFF7E4FE019B98
:10AA74001868009B597D009B1B7D1A46FFF7C6FE94
:10AA8400019B1868009B1968009B5B681A46FFF7D6
:10AA940055FE009B1B7D012B64D1009B9B68B3F189
:10AAA400FF3F05D0009B9B6800211846FFF76CFF11
:10AAB400009BDB68B3F1FF3F09D0009BDB681846BD
:10AAC400FFF788FF009BDB681846FFF74CFF019BEC
:10AAD4001868009BD968009B9B681A46FFF76BFEB9
:10AAE40040E0019B1A68009B9B6919461046FFF7DA
:10AAF400B1FD019B1868009B597D009B1B7D1A4684
:10AB0400FFF793FD019B1868009B1968009B5B6825
:10AB14001A46FFF70CFD009B1B7D012B22D1009BE5
:10AB24009B68B3F1FF3F05D0009B9B68002118464A
:10AB3400FFF72AFF009BDB68B3F1FF3F09D0009BBE
:10AB4400DB681846FFF746FF009BDB681846FFF7F3
:10AB54000AFF019B1868009BD968009B9B681A46F2
:10AB6400FFF722FD00BF03B05DF804FBA42D002015
:10AB740000B583B001900B468DF80330019B1B791F
:10AB84002D4A5B0113441C331B78002B2FD0019BEF
:10AB94001B684FF488711846FFF766FD019B1B681C
:10ABA4004FF490711846FFF75FFD019B1B684FF44B
:10ABB40092711846FFF758FD019B1B684FF4A27170
:10ABC4001846FFF751FD019B1B681C491846FFF707
:10ABD40081FD019B1B681846FFF767FE03461A4672
:10ABE4009DF8033019461046FEF730FE20E0019B25
:10ABF4001B684FF48E711846FFF72EFC019B1B68EF
:10AC04004FF4A2711846FFF727FC019B1B680C49FF
:10AC14001846FFF748FC019B1B681846FFF745FEE2
:10AC240003461A469DF8033019461046FEF70EFEF9
:10AC340000BF03B05DF804FBA42D00201003020044
:10AC44008000020000B583B00190019B1B79154A76
:10AC54005B0113441C331B78002B0FD0019B1B6832
:10AC640011491846FFF740FD019B1B681846FFF782
:10AC74001CFE03461846FFF70AFE0EE0019B1B6804
:10AC84000A491846FFF729FC019B1B681846FFF781
:10AC94000CFE03461846FFF7FAFD00BF03B05DF84B
:10ACA40004FB00BFA42D0020100302008402020054
:10ACB40000B587B00190019B1B79364A5B011344B0
:10ACC4001C331B78002B22D0019B1B681846FFF70E
:10ACD40052FD0590019B1B681846FFF754FD049034
:10ACE400019B1B681846FFF756FD0390019B1B68E8
:10ACF4001846FFF758FD0290019B1B681846FFF7A2
:10AD04002CFD019B1B681846FFF764FD21E0019BA5
:10AD14001B681846FFF728FC0590019B1B68184622
:10AD2400FFF72AFC0490019B1B681846FFF72CFCD4
:10AD34000390019B1B681846FFF72EFC0290019BB1
:10AD44001B681846FFF702FC019B1B681846FFF7B7
:10AD54003AFC059BB3F1FF3F02D00598FFF729FEAB
:10AD6400049BB3F1FF3F02D00498FFF722FE029B3D
:10AD7400B3F1FF3F02D00298FFF71BFE039BB3F130
:10AD8400FF3F02D00398FFF714FE00BF07B05DF841
:10AD940004FB00BFA42D002000B583B00190019BEB
:10ADA4001B790B4A5B0113441C331B78002B05D021
:10ADB400019B1B681846FFF7AFFC04E0019B1B686E
:10ADC4001846FFF7A2FB00BF03B05DF804FB00BF09
:10ADD400A42D002000B583B00190019B1B790B4A80
:10ADE4005B0113441C331B78002B05D0019B1B68AB
:10ADF4001846FFF79AFC04E0019B1B681846FFF70E
:10AE04008DFB00BF03B05DF804FB00BFA42D002040
:10AE140000B587B0039002910192029B002B04D1EC
:10AE240022494FF4887001F0C9F9039B1B795B0137
:10AE34001F4A1344059300230493059BDB7E002BD8
:10AE440003D008230493049B2BE0029B5A7F059BA9
:10AE54001A7702990398FFF7DBFD059B019A5A6064
:10AE6400029B1A69059B1A60059B5B68002B05D041
:10AE7400029B1B7F19460398FFF77AFE0398FFF79E
:10AE84008BFF059B0022DA75059B00221A76059B31
:10AE940000229A75059B0122DA76059B00229A7698
:10AEA400049B184607B05DF804FB00BF706A0300FA
:10AEB400A42D002000B585B00190019B1B795B0196
:10AEC4000C4A134403930198FFF784FF039B5B68C8
:10AED400002B02D00198FFF7B5FE0198FFF7E8FEBA
:10AEE400039B0022DA76039B00225A6000BF05B060
:10AEF4005DF804FBA42D002000B585B001900091FD
:10AF04004FF48E710198FFF7A7FA009B9B68009A93
:10AF1400928A92B213441B788DF80F30009B9B8A5F
:10AF24009BB201339AB2009B9A829DF80F30194666
:10AF34000198FFF75FFB00BF05B05DF804FB00005C
:10AF440000B585B00190019B1B795B01344A134421
:10AF5400029300230393019B1B684FF48E711846E0
:10AF6400FFF77AFA019B1B6808211846FFF74FFB8D
:10AF7400019B1B6802991846FFF7BEFF029B5B68A2
:10AF8400002B47D11FE000BF019B1B684FF48E715B
:10AF94001846FFF776FA034683F00103DBB2002B71
:10AFA40005D0029B9B8A9BB2B3F5807FECD1029BB8
:10AFB4009B8A9BB2B3F5807F05D0019B1B680299E5
:10AFC4001846FFF799FF029B9B8A9BB2029A927DD7
:10AFD4009342D8D3029B9B8A9BB2B3F5807F02D164
:10AFE4000F23039313E000BF019B1B684FF48E7182
:10AFF4001846FFF746FA034683F00103DBB2002B41
:10B00400F2D1019B1B680C211846FFF700FB029B41
:10B0140000229A75039B184605B05DF804FB00BF37
:10B02400A42D002000B587B00190019B1B795B0122
:10B034002A4A1344049300230593019B1B684FF48D
:10B0440090711846FFF710FB019B1B684FF4AC711D
:10B054001846FFF709FB019B1868049B9968049B39
:10B064009B7D1A46FFF7F1FB019B1B6808211846DC
:10B07400FFF7BEFB049B5B68002B2AD1019B1B6876
:10B084004FF490711846FFF704FB03468DF80F3018
:10B09400019B1B684FF4AC711846FFF7FAFA03469C
:10B0A4008DF80E309DF80F3083F00103DBB2002BD6
:10B0B40006D09DF80E3083F00103DBB2002BDDD106
:10B0C4009DF80E30002B01D00F230593049B002222
:10B0D4009A75059B184607B05DF804FBA42D002063
:10B0E40000B587B00390029113468DF80730039B97
:10B0F4001B795B012E4A13440493049BDB7E012BD2
:10B1040004D02C494FF4CC7001F058F89DF8073066
:10B11400002B04D1274940F2991001F04FF8029B0B
:10B12400002B04D123494FF4CD7001F047F8039B61
:10B134001B791F4A5B0113441C331B78002B0CD072
:10B144000298FFF7BDFB034683F00103DBB2002B3B
:10B1540003D010230593059B25E0039800F02CF8F9
:10B164000346002B03D011230593059B1BE0049B8E
:10B174009DF807209A75049B029A9A60049B00220A
:10B184009A82039B1B790A4A5B0113441C331B7884
:10B19400002B04D00398FFF745FF034603E0039810
:10B1A400FFF7CEFE0346184607B05DF804FB00BF68
:10B1B400A42D0020706A030082B00190019B1B79CA
:10B1C400064A5B01134416331B78002B14BF01237A
:10B1D4000023DBB2184602B0704700BFA42D002044
:10B1E40010B582B001900091009BDB7D002B08D14B
:10B1F4004FF484710198FFF72FF90198FFF7F1F9E3
:10B2040016E04FF484710198FFF726F9009BDB6880
:10B21400009A527ED2B29C180198FFF7E2F90346D5
:10B224002370009B5B7EDBB20133DAB2009B5A765B
:10B2340002B010BD00B589B003900B4601928DF8A1
:10B244000B3001238DF810309DF80B308DF8183039
:10B25400019B0593039B5B68039A116804AA10463B
:10B26400984700BF09B05DF804FB00B587B00190B2
:10B274000B468DF8033000238DF808309DF8033019
:10B284008DF81030019B9B680393019B00229A75F3
:10B29400019B5B68019A116802AA1046984700BF97
:10B2A40007B05DF804FB00B589B0019000914FF43C
:10B2B40000710198FFF701F90346002B39D04FF4D0
:10B2C40092710198FFF7DDF80346002B31D04FF45B
:10B2D40092710198FFF7C0F84FF401710198FFF7DC
:10B2E400FCF8009B9B7E83F00103DBB2002B03D0B0
:10B2F40004210198FFF78BF902238DF80830019897
:10B30400FFF7F5F803460593009BDB7D8DF81030BD
:10B31400009BDB680393009B0022DA75009B0022EC
:10B324001A76009B5B68009A116802AA1046984737
:10B3340056E004210198FFF7C0F80346002B4FD0D4
:10B344004FF484710198FFF79CF80346002B47D013
:10B3540000990198FFF744FF009BDA7D009B5B7E18
:10B36400DBB29A423CD1009B1B7E002B1CD0009B7D
:10B37400DB680793009B5B7E8DF81B30009B1A7E75
:10B38400009BDA75009B1A69009BDA60009B00221F
:10B394001A76009B00225A769DF81B30079A1946AC
:10B3A4000098FFF747FF1BE0009B9B7E83F001039F
:10B3B400DBB2002B03D004210198FFF728F94FF4E6
:10B3C40001710198FFF789F8009B0022DA75009B50
:10B3D4005B7ED9B2009BDB681A460098FFF72AFF10
:10B3E4004FF48E710198FFF74CF80346002B1AD0E6
:10B3F400009B9B8A9BB2009A927D934204D200994F
:10B404000198FFF779FD0EE04FF48E710198FFF774
:10B4140023F8009B9B7D002B05D0009B9B7D194648
:10B424000098FFF722FF4FF4A2710198FFF729F863
:10B434000346002B1CD04FF4A2710198FFF70CF8BF
:10B44400009B9B7E002B03D000210198FFF7DFF8BF
:10B45400009BDB7D002B0BD0009B0022DA75009B48
:10B464005B7ED9B2009BDB681A460098FFF7E2FEC8
:10B4740000BF09B05DF804FB00B589B001900091EC
:10B484004FF492710198FFF704F90346002B24D07E
:10B494004FF492710198FFF7E7F802238DF8083012
:10B4A4000198FFF72BF9034605930198FFF7E7F995
:10B4B4000346DBB28DF81030009BDB680393009BDE
:10B4C4000022DA75009B00221A76009B5B68009AC2
:10B4D400116802AA1046984741E04FF48871019818
:10B4E400FFF7D7F80346002B39D04FF48871019841
:10B4F400FFF7BAF80198FFF7C2F903468DF81F3039
:10B50400009BDB7D9DF81F209A4228D1009B1B7E67
:10B51400002B19D0009BDB68069320210198FFF7CC
:10B52400CAF8009B1A7E009BDA75009B1A69009B7F
:10B53400DA60009B00221A769DF81F30069A19469D
:10B544000098FFF777FE0AE0009B0022DA75009B63
:10B55400DA689DF81F3019460098FFF76BFE4FF428
:10B56400A2710198FFF795F80346002B16D04FF40B
:10B57400A2710198FFF778F8009BDB7D002B0DD0BA
:10B58400009B0022DA750198FFF779F90346D9B2D6
:10B59400009BDB681A460098FFF74CFE4FF490714D
:10B5A4000198FFF776F80346002B11D04FF4907101
:10B5B4000198FFF759F8009B9B7D002B08D0019858
:10B5C400FFF755F90346DBB219460098FFF74DFE25
:10B5D40000BF09B05DF804FB08B5074B1B7F002BC7
:10B5E40004D005490548FFF747FF03E00249034833
:10B5F400FFF759FE00BF08BDA42D00200020004025
:10B6040000B583B001900198FDF79CFE03461846EF
:10B6140003B05DF804FB000000B587B003460A469A
:10B624008DF8073013468DF8063000238DF8173057
:10B63400002304939DF807301846FDF7B1FE0490EB
:10B64400049B032B62D89DF80630022B52D0022BA8
:10B654005CDC002B31D0012B58D13549049A1346B8
:10B664005B0013440B441B788DF817303049049A5F
:10B6740013465B0013440B4401331B78002B0ED09C
:10B684002C4B2D4A4FF400411846F9F70FFF039055
:10B69400039B002B03D1284A9DF8073013702449DB
:10B6A400049A13465B0013440B4402331978234A6B
:10B6B400049B13440A461A7028E01E4B1846F9F7F7
:10B6C40027FF1E4A049B134419781948049A134609
:10B6D4005B001344034402331B78994215D1144987
:10B6E400049A13465B0013440B4402331B788DF811
:10B6F40017300AE00E49049A13465B0013440B44C6
:10B7040001331B788DF8173000E000BF9DF8173027
:10B71400002B09D00A4B1B68002B05D0084B1B6873
:10B724009DF817201046984700BF07B05DF804FB4A
:10B73400142E0020202E0020402E0020442E002015
:10B74400102E002000B583B00190019B1B780221CC
:10B754001846FFF761FF00BF03B05DF804FB00006B
:10B7640000B583B00C4B1B78002B0FD00023019342
:10B7740008E0019B022B02D00198FDF76FFD019BAD
:10B7840001330193019B032BF3D901E0FDF780FD05
:10B7940000BF03B05DF804FBCC2D00202DE9D04F91
:10B7A40092B003468DF83F30002311930023109389
:10B7B400C94B1B78002B04D0C74A00231370FFF732
:10B7C400CFFF9DF83F30172B00F2398201A252F8C7
:10B7D40023F000BF39B8020047B8020047B802009E
:10B7E400E3B802007FB90200FBB902008FBA02007D
:10B7F400AFBA0200BFBA0200E9BA020007BB0200F6
:10B8040025BB020043BB020051BB020051BB020036
:10B8140051BB020051BB020051BB0200E5BB020058
:10B82400F3BB020007BC02001BBC020035BC0200D3
:10B8340035BC0200FFF794FFA84A9DF83F3013700F
:10B84400FEE10020FDF7C2FC0346002B0DD00020D2
:10B85400FDF704FD9DF83F30022B02D14FF4E16364
:10B8640001E04FF47A6310930BE00020FDF7DCFC59
:10B874009DF83F30022B01D1C82301E04FF4C87377
:10B884001093964A9DF83F301370954C109B0022FC
:10B89400009301924FF000024FF00003DDE90067CE
:10B8A4003946CB03314643EA51433146CA0312F5C4
:10B8B400FA71029143F1000303934FF47A724FF04B
:10B8C4000003DDE902010AF06DF802460B46134657
:10B8D400002219462046F9F7E9FD1190B0E1002055
:10B8E400FDF774FC0346002B0DD00020FDF7B6FCD9
:10B8F4009DF83F30032B02D14FF4487301E04FF41D
:10B904007A6310930BE00020FDF78EFC9DF83F3026
:10B91400032B01D1C82301E04FF4C87310936F4A7D
:10B924009DF83F3013706E4C109B002204930592D7
:10B934004FF000024FF00003DDE904673946CB0302
:10B94400314643EA51433146CA0312F5FA7106916E
:10B9540043F1000307934FF47A724FF00003DDE9DB
:10B9640006010AF01FF802460B4613460022194648
:10B974002046F9F79BFD119062E10020FDF726FCBB
:10B984000346002B06D00020FDF768FC4FF47A63D1
:10B99400109305E00020FDF747FC4FF4C8731093A3
:10B9A4004E4A9DF83F3013704D4C109B00229A462E
:10B9B40093464FF000024FF000034FEACB3343EAC3
:10B9C4005A434FEACA3212F5FA71089143F100035F
:10B9D40009934FF47A724FF00003DDE9080109F08E
:10B9E400E1FF02460B461346002219462046F9F7AA
:10B9F4005DFD119024E10020FDF7E8FB0346002BD8
:10BA04000CD00020FDF72AFC9DF83F30052B01D116
:10BA1400C82301E04FF47A6310930BE00020FDF794
:10BA240003FC9DF83F30052B01D1C82301E04FF4FE
:10BA3400C8731093294A9DF83F301370284C109B0B
:10BA44000022984691464FF000024FF000034FEA5F
:10BA5400C93343EA58434FEAC83212F5FA710A91DE
:10BA640043F100030B934FF47A724FF00003DDE9C6
:10BA74000A0109F097FF02460B46134600221946B5
:10BA84002046F9F713FD1190DAE00020FDF726FCBB
:10BA9400124A9DF83F301370114B002240F6CD41FD
:10BAA4001846F9F703FD1190CAE00020FDF7BCFB2E
:10BAB4000A4A9DF83F301370C2E0074B01221A7006
:10BAC4000120FDF70BFC064B002240F6CD41184641
:10BAD400F9F7ECFC1190B3E0C52D0020C42D002033
:10BAE400D02D0020594B01221A700120FDF7F6FBDE
:10BAF400574B00224FF480411846F9F7D7FC1190B8
:10BB04009EE0524B01221A700120FDF7E7FB504BD7
:10BB1400002240F6CD411846F9F7C8FC11908FE099
:10BB24004A4B01221A700120FDF7D8FB484B002232
:10BB34004FF480411846F9F7B9FC119080E0FDF705
:10BB4400BAFB444A9DF83F30137079E0424B1846E3
:10BB5400F9F7DEFC11909DF83F30C3F11103109307
:10BB6400109B002B35D0119B002B32D1109B012B45
:10BB740028D9394C109B9BB21A46C82302FB03F305
:10BB8400DA171E4617464FF000024FF00003FB037E
:10BB940043EA5643F20312F5FA710C9143F10003A0
:10BBA4000D934FF47A724FF00003DDE90C0109F0B4
:10BBB400F9FE02460B461346002219462046F9F7C1
:10BBC40075FC11900220FDF72FFB244B01221A7003
:10BBD40036E00220FDF742FB204B00221A702FE0D2
:10BBE400FFF7BEFD1B4A9DF83F30137028E0FFF7B6
:10BBF400B7FD0020FDF718FB164A9DF83F3013707F
:10BC04001EE0FFF7ADFD0120FDF70EFB114A9DF884
:10BC14003F30137014E0FFF7A3FD0020FDF704FB91
:10BC24000120FDF701FB0B4A9DF83F30137007E03C
:10BC3400FDF741FB074A9DF83F30137000E000BF59
:10BC4400119B184612B0BDE8D08F00BFC52D00204F
:10BC5400D02D0020C42D0020F02D0020CC2D00205C
:10BC640000B583B00190074B1B6803F00103002B60
:10BC740004D0054B1B781846FFF790FD00BF03B0B6
:10BC84005DF804FBC82D0020C42D002000B583B04E
:10BC940001900220FDF722FB00BF03B05DF804FB16
:10BCA40000B585B003468DF8073000230393084B95
:10BCB4001B6803F00103002B05D09DF807301846DC
:10BCC400FFF76CFD0390039B184605B05DF804FB79
:10BCD400C82D002000B585B0019000910023039386
:10BCE400294A019B1360294A009B1360019B03F0BE
:10BCF4000203002B2AD00023029308E00122012131
:10BD0400029800F053F80390029B01330293029BC4
:10BD1400032B02D8039B002BF0D0039B002B06D1EE
:10BD240040F2666204211A48F8F766FC0390039B0C
:10BD3400002B02D1F8F7D2FC0390039B002B05D112
:10BD4400144A00211448F9F781FB0390019B03F086
:10BD54000103002B01D0FDF7DBFA039B002B05D177
:10BD64000E4A00210E48F9F771FB0390039B002B48
:10BD740005D10C4A01210C48F9F768FB0390039B99
:10BD8400184605B05DF804FBC82D0020102E0020D5
:10BD9400D46A030049B70200D06A030065BC0200FC
:10BDA400C86A030091BC0200CC6A030084B001900D
:10BDB4000B468DF8033013468DF8023000230393AD
:10BDC400019B032B3CD89DF80230012B0BD19DF82D
:10BDD4000330012B04D1019BDBB20E33DBB200E054
:10BDE40000238DF802309DF80330022B0FD0022B74
:10BDF40023DC002B16D0012B1FD11449019A1346C2
:10BE04005B0013440B449DF802201A701AE00F499A
:10BE1400019A13465B0013440B4401339DF802203E
:10BE24001A700FE00949019A13465B0013440B444E
:10BE340002339DF802201A7004E00723039301E003
:10BE440007230393039B184604B07047142E002065
:10BE540000B583B0012200210020FFF7A7FF019065
:10BE6400019B002B04D0019B072B01D0019B1CE0FC
:10BE7400072202210120FFF799FF0190019B002B6B
:10BE840004D0019B072B01D0019B0EE00422022168
:10BE94000020FFF78BFF0190019B002B04D0019B36
:10BEA400072B01D0019B00E00023184603B05DF886
:10BEB40004FB00B583B0012202210020FFF776FFC6
:10BEC4000190019B002B04D0019B072B01D0019B07
:10BED4001CE0072202210120FFF768FF0190019B6B
:10BEE400002B04D0019B072B01D0019B0EE00A22FA
:10BEF40000210020FFF75AFF0190019B002B04D082
:10BF0400019B072B01D0019B00E00023184603B0DE
:10BF14005DF804FB00B583B001900120FFF770FBCE
:10BF24000346002B03D0019B02221A700CE0002070
:10BF3400FFF766FB0346002B03D0019B0B221A700C
:10BF440002E0019B00221A7000BF03B05DF804FBFD
:10BF540000B585B001900091019B1B88102B02D085
:10BF6400112B18D02FE01A4B1B68002B0DD1FFF7B3
:10BF74006FFF0390039B002B07D0164B1B68002B0D
:10BF840003D0144B1B6803989847114B1B6801336B
:10BF94000F4A136017E00E4B1B68013B0C4A1360F9
:10BFA4000B4B1B68002B0DD1FFF783FF0390039B02
:10BFB400002B07D0074B1B68002B03D0054B1B68D5
:10BFC4000398984700BF00BF05B05DF804FB00BFAD
:10BFD4004C2E0020482E002000B585B00190009121
:10BFE400002303930A4A019B1360009B002B02D099
:10BFF4000098FFF78FFF074B1B68002B02D1FFF758
:10C0040058FF0390039B184605B05DF804FB00BF7E
:10C01400482E00204C2E002000B585B003468DF834
:10C0240007309DF80730002B19D0032B21D1144B76
:10C034001B881B0443F0030312491846F7F7DCFD81
:10C044000220FFF72DFE0390039B0293029B002B1B
:10C0540011D00D4A4F210298F8F76CFB0BE0084B06
:10C064001B881B0443F0030308491846F7F7C4FD73
:10C0740002E000BF00E000BF00BF05B05DF804FBB4
:10C08400E0200020F46A0300086B0300746B0300D3
:10C0940000B5ABB06B46A0220021184609F094FD10
:10C0A40002238DF8003001238DF8023006238DF829
:10C0B400033001238DF87C304FF4967322930023D0
:10C0C40023930D4B26936B4619460C4801F00FFE43
:10C0D4002990299B2893289B002B04D0084A74217B
:10C0E4002898F8F727FB0121044801F0F3FD00BF6D
:10C0F4002BB05DF804FB00BF1DC00200502E0020D1
:10C10400086B030000B587B003468DF807309DF82F
:10C114000730002B16D0154B1B881B0443F0030378
:10C1240013491846F7F768FD06F040FC0590059B97
:10C134000393039B002B14D00E4A88210398F8F72D
:10C14400F9FA0EE003210C4801F0E0FE0590059B8E
:10C154000493049B002B04D0064A8D210498F8F71D
:10C16400E9FA00BF07B05DF804FB00BFE02000203F
:10C174008C6B0300086B0300502E002076DF7047A1
:10C1840000BF18467ADF704700BF18467CDF70474F
:10C1940000BF18468FDF704700BF1846A8DF7047FE
:10C1A40000BF1846A9DF704700BF184666DF704716
:10C1B40000BF18463EDF704700BF184600B583B085
:10C1C40003460091ADF80630BDF80630009A1946D2
:10C1D4000348F8F7AFFA00BF03B05DF804FB00BFF3
:10C1E400EFBEADDE08B5FDF793F800BF08BD000053
:10C1F40000B583B0F9F7F6F80190019B0093009B1A
:10C20400002B04D0044A85210098F8F793FA00BF64
:10C2140003B05DF804FB00BF9C6B030000B587B05E
:10C224009DF80030012262F303038DF800309DF87D
:10C234000030012262F307138DF800306B460C22A4
:10C244001A491846FFF7A2FF0590059B0493049B27
:10C25400002B04D0164A99210498F8F76BFA01AB25
:10C2640008220021184609F0AFFC5023ADF8043031
:10C27400A023ADF806300023ADF808304FF4C8739E
:10C28400ADF80A3001AB1846FFF77CFF0590059B1B
:10C294000393039B002B04D0054AA3210398F8F7CA
:10C2A40049FA00BF07B05DF804FB00BF046C03004B
:10C2B4009C6B030000B587B0019000210320FFF7B9
:10C2C40009FD0590059B0493049B002B04D0114A9F
:10C2D400B2210498F8F72EFA0DF10B031946002049
:10C2E400FFF77AFE0590059B0393039B002B04D074
:10C2F400084AB5210398F8F71DFA9DF80B30022B74
:10C304000CBF01230023DAB2019B1A7000BF07B0EF
:10C314005DF804FB9C6B030030B58FB001905E4B5D
:10C324001B881B0443F00300019B5B881A465B498E
:10C33400F7F770FC019B1B78032B00F2A78001A286
:10C3440052F823F059C3020029C402003DC402007C
:10C3540051C40200504B1B881B0443F00303504993
:10C364001846F7F749FC019B04AC03F10E05286855
:10C374006968AA68EB680FC42B8A2380019B5B88D9
:10C3840004AA1946474808F0EFFD0D900D9B0C9345
:10C394000C9B002B04D0444ACE210C98F8F7CAF920
:10C3A400019B5B880DF10E021146184606F0E8F970
:10C3B4000D900D9B0B930B9B002B04D03A4AD2217A
:10C3C4000B98F8F7B7F9019B0433762219463748DE
:10C3D40009F0C8FBBDF80E0000237822334906F0AB
:10C3E400B1FA0D900D9B862B02D1FAF7E5FF0D9063
:10C3F4000D9B0A930A9B002B04D02B4ADF210A9839
:10C40400F8F798F90121274808F0A8FC0D900D9B36
:10C414000993099B002B3BD0234AE2210998F8F7A2
:10C4240089F935E01C4B1B881B0443F003032049A6
:10C434001846F7F7E1FB2CE0174B1B881B0443F06D
:10C4440003031C491846F7F7D7FB22E0124B1B885D
:10C454001B0443F0030318491846F7F7CDFB0E4BB2
:10C464001B881B0443F00300019B9B881A46134955
:10C47400F7F7D0FB084B1B881B0443F00300019B18
:10C48400DB881A460E49F7F7C5FB02E000BF00E05F
:10C4940000BF00BF0FB030BDE0200020146C0300CB
:10C4A4004C6C03003C2F00209C6B0300602F002089
:10C4B400906C0300D46C0300F86C0300206D03003F
:10C4C4003C6D030082B0019000BF02B070470000D1
:10C4D40030B59BB00390039B1B780F2B00F29C811B
:10C4E40001A252F823F000BF2DC502001DC80200AE
:10C4F40077C6020009C7020043C702001DC8020034
:10C5040059C7020003C802001DC8020091C70200F7
:10C514001DC80200ABC7020083C70200E9C70200BE
:10C524001DC802008BC70200A54B1B881B0443F0E7
:10C534000303A4491846F7F75FFB039B5B880DF1DF
:10C544002A021146184606F01BF91590159B119303
:10C55400119B002B05D09C4A4FF48B711198F8F76E
:10C56400E9F8BDF82A304FF6FF72934200F0568185
:10C57400964B10937823ADF82830BDF82A300AAAD8
:10C584001099184606F07AF91590159B052B2CD1B5
:10C59400039B5B88002219468D4808F0E5FC159042
:10C5A400159B0C930C9B002B05D0874A40F223115A
:10C5B4000C98F8F7BFF84FF433720021854809F05E
:10C5C40003FB039B5B881946824802F09FFD15908C
:10C5D400159B0B930B9B002B00F020817A4A4FF4A0
:10C5E40094710B98F8F7A6F818E1754B1B881B0497
:10C5F40043F0030378491846F7F7FEFA159B0F93A7
:10C604000F9B002B05D0704A4FF497710F98F8F7E1
:10C6140091F8109B05AC03F10A0528686968AA68BB
:10C62400EB680FC42B8A2380039B5B8805AA1946F9
:10C63400674808F099FC1590159B0E930E9B002BF0
:10C6440005D0614A40F235110E98F8F773F80121CC
:10C654005F4808F083FB1590159B0D930D9B002BF1
:10C6640000F0DC80584A40F239110D98F8F762F86E
:10C67400D4E0534B1B881B0443F00304039B5B88E7
:10C68400184601F0A1FE03461A46039B5B8819462F
:10C69400039B1B7A00930B4650492046F7F7DFFAB9
:10C6A4004B4B5B89002B40F0BB80039B5B880022D3
:10C6B4001946474808F058FC1590159B1393139B93
:10C6C400002B05D0404A40F24B111398F8F732F88A
:10C6D4004FF4337200213F4809F076FA039B5B88DC
:10C6E40019463C4802F012FD1590159B1293129BBB
:10C6F400002B00F09580344A4FF4A8711298F8F793
:10C7040019F88DE02E4B1B881B0443F00304039B94
:10C714005B88184601F058FE03461946039B5B8864
:10C724001846039B1B7A1A46039B5B89019300926C
:10C7340003460A462A492046F7F7A7FA7BE0002376
:10C744008DF81030039B5B8804AA1146184605F047
:10C75400F5FF70E0FAF730FE1590159B0E2B61D0B3
:10C76400159B082B5ED0159B1493149B002B59D05A
:10C77400154A4FF4BA711498F7F7DCFF52E0002021
:10C78400FFF7C0FC57E005F0EDFF54E0039B1B6985
:10C794001793179B002B47D00B4A4FF4C27117987D
:10C7A400F7F7C8FF40E0039B9B681893189B002B86
:10C7B4003CD0054A4FF4C4711898F7F7BBFF35E035
:10C7C400E0200020546D03009C6B0300602F0020C8
:10C7D4003C2F0020B8210020806D0300A46D0300CD
:10C7E400E46D0300039B9B681993199B002B1FD0D6
:10C7F400124A4FF4C6711998F7F79CFF18E0039B8F
:10C804009B681693169B002B14D00C4A4FF4C871E6
:10C814001698F7F78FFF0DE000BF0CE000BF0AE0A9
:10C8240000BF08E000BF06E000BF04E000BF02E074
:10C8340000BF00E000BF00BF1BB030BD9C6B030015
:10C8440000B589B005F0E0FE0790079B0693069BB0
:10C85400002B05D03A4A4FF4D7710698F7F76AFFD0
:10C8640001AB05220021184609F0AEF99DF8043009
:10C8740043F001038DF804309DF8043023F00203E3
:10C884008DF804309DF80430032262F306138DF80A
:10C8940004309DF8043023F080038DF8043007231E
:10C8A4008DF8053010238DF806309DF8073043F0DD
:10C8B40001038DF807309DF8073043F002038DF82B
:10C8C40007309DF8083043F001038DF808309DF8D7
:10C8D400083043F002038DF8083001AB184605F028
:10C8E40015FF0790079B0593059B002B05D0144A61
:10C8F40040F2BF110598F7F71DFF124805F0DEFE60
:10C904000790079B0493049B002B05D00C4A4FF41B
:10C91400E1710498F7F70EFF0B48FAF7E5FA079070
:10C92400079B0393039B002B05D0054A40F2C511D6
:10C934000398F7F7FFFE00BF09B05DF804FB00BFE2
:10C944009C6B0300D5C40200C9C4020000B583B0C7
:10C9540001900199034808F04BFA00BF03B05DF859
:10C9640004FB00BF3C2F002000B585B001900E4BA6
:10C974001B881B0443F003030C491846F7F73CF9E2
:10C984000720FFF78DF90390039B0293029B002B72
:10C9940005D0074A40F2E1110298F7F7CBFE00BF39
:10C9A40005B05DF804FB00BFE0200020386E0300F2
:10C9B4009C6B030010B58CB00190019B06AC063350
:10C9C400186859689A68DB680FC49DF81830002B02
:10C9D4002DD09DF82030042B07D09DF82030062B55
:10C9E40003D09DF82030052B21D19DF81830022B5F
:10C9F40003D102238DF8083002E001238DF80830BA
:10CA04004FF4C173ADF80C30019B9B8802AA114608
:10CA14001846FFF7C3FB0B900B9B0A930A9B002B52
:10CA240005D0044A40F202210A98F7F783FE00BFBA
:10CA34000CB010BD9C6B030000B587B00190019B46
:10CA44001B883B2B02D0562B13D028E0019B9B88DC
:10CA540013211846FFF792FB0590059B0393039B54
:10CA6400002B19D0104A40F216210398F7F762FE02
:10CA740012E0019B9B8813211846FFF77FFB05906A
:10CA8400059B0493049B002B08D0074A40F21D2108
:10CA94000498F7F74FFE01E000BF00E000BF00BFBD
:10CAA40007B05DF804FB00BF9C6B030000B589B0C0
:10CAB40001900091019B1B88562B00F3A8803B2B0F
:10CAC4000FDA212B5AD0212B00F3A180112B4BD04C
:10CAD400112B00F39C80012B00F08280102B3FD09F
:10CAE40095E03B3B1B2B00F2928001A252F823F00D
:10CAF400DDCB020013CC020013CC020013CC0200E5
:10CB040013CC020013CC020013CC020013CC02009D
:10CB140013CC020013CC020013CC020013CC02008D
:10CB240013CC020013CC020013CC020013CC02007D
:10CB340013CC020013CC020013CC020013CC02006D
:10CB440013CC020013CC02000BCC0200B5CB0200C4
:10CB540013CC020013CC020013CC0200DDCB020084
:10CB64000198FFF701FF59E02E4B1B881B0443F08B
:10CB740003032D491846F7F73FF84FE000238DF8DB
:10CB84000C3000238DF80D30019B9B8803AA1146BD
:10CB94001846FFF7FFFA0790079B0593059B002BA8
:10CBA40037D0224A40F245210598F7F7C3FD30E01B
:10CBB400019B9888002300220021FFF7F3FA0790D5
:10CBC400079B0693069B002B25D0184A4FF413713C
:10CBD4000698F7F7AFFD1EE00198FFF72DFF1DE063
:10CBE400019B9B8800211846FFF7E0FA0790079BFA
:10CBF4000493049B002B10D00C4A40F25721049854
:10CC0400F7F798FD09E00198FFF7D4FE06E000BFAE
:10CC140004E000BF02E000BF00E000BF00BF09B0B5
:10CC24005DF804FBE0200020446E03009C6B0300CD
:10CC340000B587B008F0F4FB0590059B0493049BB2
:10CC4400002B05D0164A40F26E210498F7F772FDC6
:10CC54000023019301AB1946012008F0DBFC059089
:10CC6400059B0393039B002B05D00D4A4FF41D71C4
:10CC74000398F7F75FFD01AB184608F0B3FD059084
:10CC8400059B0293029B002B05D0054A4FF41E71AD
:10CC94000298F7F74FFD00BF07B05DF804FB00BF33
:10CCA4009C6B030000B583B0094802F08FF9019032
:10CCB400019B0093009B002B05D0064A40F285217E
:10CCC4000098F7F737FD00BF03B05DF804FB00BF21
:10CCD40051C902009C6B030000B583B00020F6F735
:10CCE4001DFD0190019B0093009B002B05D0064A7B
:10CCF40040F28F210098F7F71DFDF6F76DFC00BF99
:10CD040003B05DF804FB00BF9C6B030000B583B067
:10CD1400F6F7E2FF034683F00103DBB2002B0DD0EC
:10CD2400FFF748FA0190019B0093009B002B05D06C
:10CD3400044A40F29D210098F7F7FCFC00BF03B0C1
:10CD44005DF804FB9C6B030000B583B00021094827
:10CD540003F0A8FE0190019B0093009B002B05D0DB
:10CD6400054A4FF42A710098F7F7E4FC00BF03B0BA
:10CD74005DF804FB282F00209C6B030000B585B0F0
:10CD84000B4B00936B4619460A4807F0A5FF039026
:10CD9400039B0293029B002B05D0074A40F2B62165
:10CDA4000298F7F7C7FC00BF05B05DF804FB00BFAD
:10CDB4001DC302003C2F00209C6B030008B5FFF745
:10CDC4008BFFFFF70FFAFFF713FA0948FFF772FA20
:10CDD400FFF72EFFFFF722FAFFF7B6FFFFF762FF18
:10CDE400FFF7CCFFFFF754F9FFF72AFD00BF08BD9A
:10CDF4005C2F002008B5FFF7E1FF084B1B881B04DC
:10CE040043F0030306491846F6F7F6FE054B1B7874
:10CE14001846FFF777F9FFF779FFFCE7E0200020D9
:10CE2400546E03005C2F00206DDF704700BF18466E
:10CE340072DF704700BF184679DF704700BF18469D
:10CE44007DDF704700BF184664DF704700BF184697
:10CE540082B003460091ADF80630BDF80630DAB270
:10CE6400009B1A70BDF806301B0A9AB2009B01336E
:10CE7400D2B21A700223184602B0704700B589B0C6
:10CE8400039002911346ADF80630029B1B8803F110
:10CE94000902BDF806309A4201D90C2351E005ABD2
:10CEA4001846FFF7C1FF0790079B002B01D0079B93
:10CEB40047E0029B1B881A46039B134408221A70FE
:10CEC400029B1B8801339AB2029B1A80029B1B8827
:10CED4001A46039B13441B221A70029B1B880133BE
:10CEE4009AB2029B1A80029B1B881A46039B9818CD
:10CEF40005AB01330622194608F034FE029B1B8859
:10CF040006339AB2029B1A809DF8143023F0010371
:10CF1400DBB2002B07D1029B1B881A46039B1344E8
:10CF240000221A7006E0029B1B881A46039B1344D6
:10CF340001221A70029B1B8801339AB2029B1A8049
:10CF44000023184609B05DF804FB00B589B00390CE
:10CF540002910192ADF80230039B1B78012B05D19D
:10CF6400039B5B78002B01D1072388E0019B1B887E
:10CF74009A1CBDF802309A420ED8039B1B78012BF1
:10CF84000CD1019B1B881A46039B5B7813449A1CA3
:10CF9400BDF802309A4201D90C2370E0019B1B8832
:10CFA400BDF80220D31A9BB2023BADF81C30BDF889
:10CFB4001C30ADF81630019B1B880233029A1344CF
:10CFC4000DF1160211461846FFF73AFF0690069B2C
:10CFD400002B01D0069B52E0039B1B78022B09D146
:10CFE400BDF81630BDF81C209A4203D309238DF8EE
:10CFF4001F3016E008238DF81F30039B1B78012B8C
:10D004000BD1039B5B781A46BDF81C30934204D3C2
:10D01400039B5B78ADF8163003E0BDF81C30ADF827
:10D024001630BDF81630FE2B01D90C2327E0BDF8CD
:10D034001630DAB2019B1B881946029B0B4401325D
:10D04400D2B21A70019B1B8801339AB2019B1A80D9
:10D05400019B1B881A46029B13449DF81F201A70DB
:10D06400019B1B8801339AB2019B1A80019B1A8889
:10D07400BDF8163013449AB2019B1A800023184657
:10D0840009B05DF804FB00B587B003900291134624
:10D09400ADF80630029B1B881A1DBDF806309A4273
:10D0A40001D90C2338E00DF112031846FFF7C4FE32
:10D0B4000590059B002B01D0059B2DE0029B1B884E
:10D0C4001A46039B134403221A70029B1B880133E4
:10D0D4009AB2029B1A80029B1B881A46039B134434
:10D0E40019221A70029B1B8801339AB2029B1A8080
:10D0F400BDF81220029B1B881946039B0B4419465A
:10D104001046FFF7A5FE03461A46029B1B881344EC
:10D114009AB2029B1A800023184607B05DF804FBFC
:10D1240084B0029101921A4603468DF80F301346DB
:10D13400ADF80C30019B1B88DA1CBDF80C309A4208
:10D1440001D90C2328E0019B1B881A46029B134437
:10D1540002221A70019B1B8801339AB2019B1A8028
:10D16400019B1B881A46029B134401221A70019BDF
:10D174001B8801339AB2019B1A80019B1B881A46B3
:10D18400029B13449DF80F201A70019B1B880133E6
:10D194009AB2019B1A800023184604B0704784B0E9
:10D1A400029101921A4603468DF80F301346ADF8EA
:10D1B4000C30019B1B88DA1CBDF80C309A4201D953
:10D1C4000C2328E0019B1B881A46029B134402226D
:10D1D4001A70019B1B8801339AB2019B1A80019B30
:10D1E4001B881A46029B13440A221A70019B1B884F
:10D1F40001339AB2019B1A80019B1B881A46029B39
:10D2040013449DF80F201A70019B1B8801339AB2B6
:10D21400019B1A800023184604B0704700B58BB0F8
:10D22400039001930B468DF80B3013468DF80A30AA
:10D2340000238DF823300C9B1B88ADF8203000238D
:10D2440009936CE0039B5A68099B9B001A4404AB46
:10D25400106818600DF1160104AB00221846FFF7A0
:10D26400F3FD0690069B002B01D0069B79E09DF808
:10D2740016309DF80A209A424ED19DF82330002B97
:10D2840001D0002300E002238DF817300C9B1B888B
:10D294001A469DF816301A449DF817301A44BDF802
:10D2A40034309A4201DD0C235BE09DF8233083F097
:10D2B4000103DBB2002B16D00C9B1B8801339AB2FE
:10D2C4000C9B1A800C9B1B881A46019B13449DF8E7
:10D2D4000B201A700C9B1B8801339AB20C9B1A808A
:10D2E40001238DF823300C9B1B881A46019B1A449A
:10D2F4000DF1160104AB1846FFF7A6FD0690069B38
:10D30400002B01D0069B2CE00C9B1B889DF816205B
:10D3140013449AB20C9B1A80099B01330993039B13
:10D324001B881A46099B93428CDB9DF82330002B03
:10D3340016D00C9B1A88BDF82030D31A9BB2013B3F
:10D34400ADF81E30BDF81E30FF2B01D90C2308E0C8
:10D35400BDF82030019A1344BDF81E20D2B21A70D1
:10D36400002318460BB05DF804FB00B589B00590A6
:10D3740003930B468DF8133013468DF812309DF845
:10D384001310BDF82C3001930A9B0093039B0222D7
:10D394000598FFF743FF0790079B002B01D0079BDD
:10D3A40012E09DF81210BDF82C3001930A9B0093F3
:10D3B400039B10220598FFF731FF0790079B002B72
:10D3C40001D0079B00E00023184609B05DF804FB78
:10D3D40082B00190019B1B88052B0AD9019B1B88F5
:10D3E400B3F5486F07D9019B1B884FF6FF72934230
:10D3F40001D0072325E0019B5B88052B0AD9019BFB
:10D404005B88B3F5486F07D9019B5B884FF6FF72C1
:10D41400934201D0072314E0019B1B884FF6FF724F
:10D4240093420DD0019B5B884FF6FF72934207D065
:10D43400019B1A88019B5B889A4201D9072300E06B
:10D444000023184602B0704700B587B003900291DC
:10D454000192ADF80230019B1B889A1DBDF8023081
:10D464009A4201D90C2349E00398FFF7B1FF0590D4
:10D47400059B002B01D0059B40E0019B1B881A46AD
:10D48400029B134405221A70019B1B8801339AB234
:10D49400019B1A80019B1B881A46029B134412228B
:10D4A4001A70019B1B8801339AB2019B1A80039B5B
:10D4B4001A88019B1B881946029B0B441946104687
:10D4C400FFF7C6FC03461A46019B1B8813449AB215
:10D4D400019B1A80039B5A88019B1B881946029B57
:10D4E4000B4419461046FFF7B3FC03461A46019B4A
:10D4F4001B8813449AB2019B1A800023184607B074
:10D504005DF804FB00B587B0039002910192ADF879
:10D514000230039B9B8802330593019B1B881A46A8
:10D52400059B13449A1CBDF802309A4201D90C237E
:10D5340053E0059BFE2B01D90C234EE0059BDAB288
:10D54400019B1B881946029B0B440132D2B21A700C
:10D55400019B1B8801339AB2019B1A80019B1B8893
:10D564001A46029B1344FF221A70019B1B88013345
:10D574009AB2019B1A80039B1A88019B1B88194647
:10D58400029B0B4419461046FFF762FC03461A46F9
:10D59400019B1B8813449AB2019B1A80039B9B88AE
:10D5A400002B19D0039B9B68002B01D1072314E0A7
:10D5B400019B1B881A46029B9818039B9968039B3E
:10D5C4009B881A4608F0CEFA019B1A88039B9B8815
:10D5D40013449AB2019B1A800023184607B05DF8E1
:10D5E40004FB00B589B0039002910192ADF80230BA
:10D5F400039B9B6A002B01D1072371E000238DF864
:10D604001F3065E0039B996A9DF81F2013465B0059
:10D6140013449B000B440693069B9B88023305939B
:10D62400059BFE2B01D90C235AE0059BDAB2019B22
:10D634001B881946029B0B440132D2B21A70019B1B
:10D644001B8801339AB2019B1A80019B1B881A46DE
:10D65400029B134416221A70019B1B8801339AB251
:10D66400019B1A80069B1A88019B1B881946029B02
:10D674000B4419461046FFF7EBFB03461A46019B81
:10D684001B8813449AB2019B1A80069B9B88002B2B
:10D6940019D0069B9B68002B01D1072320E0019B36
:10D6A4001B881A46029B9818069B9968069B9B88C0
:10D6B4001A4608F057FA019B1A88069B9B88134464
:10D6C4009AB2019B1A809DF81F3001338DF81F30E8
:10D6D400039B93F82C309DF81F209A4292D3002389
:10D6E400184609B05DF804FB00B589B005900491B3
:10D6F400039200230793039B1B88ADF81A30039B06
:10D7040000221A80059B93F82D30002B0CD0BDF815
:10D714001A301A4603990498FFF7B0FB0790079B49
:10D72400002B01D0079BC4E0059B9B78002B0CD0F9
:10D73400BDF81A301A4603990498FFF7A4FC079021
:10D74400079B002B01D0079BB3E0059BDB78002BE4
:10D754000ED0059BDB7858B2BDF81A30039A0499B1
:10D76400FFF7DEFC0790079B002B01D0079BA0E08E
:10D77400059B5B68002B0FD0059B5B6893F9000049
:10D78400BDF81A30039A0499FFF709FD0790079B27
:10D79400002B01D0079B8CE0059B1B89002B12D02A
:10D7A400059B03F10800BDF81A300193039B009315
:10D7B400049B06220221FFF7D8FD0790079B002B4C
:10D7C40001D0079B75E0059B1B8A002B12D0059B9B
:10D7D40003F11000BDF81A300193039B0093049BDE
:10D7E40007220321FFF7C1FD0790079B002B01D0FF
:10D7F400079B5EE0059B1B8B002B12D0059B03F15E
:10D804001800BDF81A300193039B0093049B152262
:10D814001421FFF7AAFD0790079B002B01D0079B5B
:10D8240047E0059B1B6A002B0DD0059B186ABDF8C9
:10D834001A30039A0499FFF707FE0790079B002B01
:10D8440001D0079B35E0059B5B6A002B0DD0059B3F
:10D85400586ABDF81A30039A0499FFF753FE0790EB
:10D86400079B002B01D0079B23E0059B93F82C30EA
:10D87400002B0CD0BDF81A30039A04990598FFF7D1
:10D88400B0FE0790079B002B01D0079B11E0059B7E
:10D894001B78002B0CD0BDF81A30039A0499059814
:10D8A400FFF753FB0790079B002B01D0079B00E079
:10D8B400079B184609B05DF804FB82B00190019BF8
:10D8C400DB7803F00403002B01D1072300E00023DD
:10D8D400184602B0704782B00190019BDB78002BA0
:10D8E40001D0072300E00023184602B0704700B5BA
:10D8F40097B0019000911F23ADF84A301F23ADF873
:10D904004830019B002B18D00198FFF7D6FF1390E5
:10D91400139B002B01D0139B3FE00DF14A020AAB8D
:10D9240019460198FFF7E0FE1390139B002B01D0DA
:10D93400139B32E00AAB159304E0002315930023F4
:10D94400ADF84A30009B002B17D00098FFF7C3FFB7
:10D954001390139B002B01D0139B1EE012AA02AB61
:10D9640019460098FFF7C0FE1390139B002B01D0BB
:10D97400139B12E002AB149304E0002314930023DE
:10D98400ADF84830BDF84A30D9B2BDF84830DBB202
:10D99400149A1598FFF74CFA0346184617B05DF829
:10D9A40004FB73DF704700BF184682B00190019BEF
:10D9B40093F8D630184602B0704784B00190002323
:10D9C40003930AE0019A039B13441B78002B01D0B4
:10D9D400012306E0039B01330393039B052BF1D939
:10D9E4000023184604B0704782B003468DF8073010
:10D9F4009DF807305A1C074B83FB02135910D317A9
:10DA0400C91A0B469B000B44D11ACBB2184602B07C
:10DA1400704700BF6766666682B001900091009B04
:10DA2400DB7B012B04D1009B9A88019BA3F8C820BF
:10DA340000BF02B0704700B585B001900091019B12
:10DA4400002283F8D420009B9A88019BB3F8C83045
:10DA54009A4218D1019B1B7983F00103DBB2002B9E
:10DA640011D00121019800F051FA0390039B002B7F
:10DA740009D0019BD3F8D030002B04D0019BD3F8FC
:10DA8400D0300398984700BF05B05DF804FB00B59B
:10DA940085B001900091009B1B7A002B18D1019B4B
:10DAA400DB781846FFF7A0FF03461946019800F0FB
:10DAB4002DFA0390039B002B0BD0019BD3F8D0309D
:10DAC400002B06D0019BD3F8D0300398984700E090
:10DAD40000BF05B05DF804FB08B50020FAF79CFB15
:10DAE4000346184608BD000000B585B001900B46FA
:10DAF4008DF80330019B26331846FFF75EFF03467B
:10DB04008DF80F309DF80330013B032B2AD801A276
:10DB140052F823F029DB02003DDB020051DB020056
:10DB24005DDB0200019B9B79002B05D09DF80F3033
:10DB3400002B01D0012316E0019BDB79002B05D0DB
:10DB44009DF80F30002B01D002230CE0019B1B7ABF
:10DB5400002B01D0032306E0019B5B7A002B01D04C
:10DB6400042300E00023184605B05DF804FB00BF61
:10DB740082B001900091019B01229A70019B03F1F4
:10DB84002502009B5A60009B01221A70009B002210
:10DB94009A81009B00225A810023184602B07047E4
:10DBA40082B001900091019B02229A70019B03F1C3
:10DBB4002502009B5A60009B01221A70019B1B697D
:10DBC4009AB2009B9A81019BDB689AB2009B5A81AE
:10DBD4000023184602B0704700B585B0019000914B
:10DBE400019B5B699AB2009B5A81019B9B699AB223
:10DBF400009B9A81019B5B79002B24D0019B93F8B5
:10DC0400D43083F00103DBB2002B1CD00198FFF762
:10DC1400CCFE0346002B16D0009B02221A72019BF5
:10DC2400042283F83320019B303300211846FFF788
:10DC34005EFE0390039B002B01D0039B07E0019B36
:10DC440005229A7002E0019B03229A700023184671
:10DC540005B05DF804FB00B585B001900091019B0F
:10DC6400DB699AB2009B5A81019B1B6A9AB2009BA2
:10DC74009A81019B5B79002B24D0019B93F8D430CB
:10DC840083F00103DBB2002B1CD00198FFF78DFE5B
:10DC94000346002B16D0009B02221A72019B042219
:10DCA40083F83320019B303300211846FFF71FFE11
:10DCB4000390039B002B01D0039B07E0019B0622EA
:10DCC4009A7002E0019B04229A700023184605B062
:10DCD4005DF804FB82B001900B468DF80330019B84
:10DCE4009DF8032083F8242000BF02B0704730B5AC
:10DCF40087B001900091009B002B02D0019B002B68
:10DD040001D10E23FFE0019B01221A70019B002226
:10DD1400DA70019A009B141D03F178050FCD0FC42E
:10DD240095E80F0084E80F00019B002283F824206B
:10DD3400009BD3F89820019BC3F8CC20009BD3F818
:10DD44009C20019BC3F8D020019B4FF6FF72A3F8DF
:10DD5400C820019B253307220021184607F034FF11
:10DD6400019B30333C220021184607F02DFF009B15
:10DD74001A78019B83F83020009B9A78019B83F8E2
:10DD84003220009BDA78019B83F83320009B5A7879
:10DD9400019B83F83120019B009A4033103292E8B2
:10DDA400030083E80300019B009A3833083292E8A9
:10DDB400030083E80300019B009A4833183292E879
:10DDC400030083E80300009B93F82D20019B83F854
:10DDD4005D20009B5B6A002B2ED0019B03F16C023B
:10DDE400019B5A65019B03F17802019B5A67009BD2
:10DDF4005A6A019B5B6D12881A80009B5A6A019BC8
:10DE04005B6D92889A80002305930EE0009B5B6A09
:10DE14009A68059B13441978019A059B1344783337
:10DE24000A461A70059B01330593019B5B6D9B8821
:10DE34001A46059B9342E9D3009B9B6A002B3AD078
:10DE4400019B03F1A402019BC3F8A020019B03F1F1
:10DE54009802019B9A65019B9B6D019AA4329A607A
:10DE6400009B9A6A019B9B6D92889A80009B9A6A98
:10DE7400019B9B6D12881A80002304930EE0009B83
:10DE84009B6A9A68049B13441978019A049B13446F
:10DE9400A4330A461A70049B01330493019B9B6DBF
:10DEA4009B881A46049B9342E9D3009B93F82C2049
:10DEB400019B83F85C20009B1B6A002B10D0019B04
:10DEC40003F1C402019B1A65009B1A6A019B1B6D36
:10DED40052885A80009B1A6A019B1B6D12881A8013
:10DEE400009B5B68002B03D0009B5A68019B5A631C
:10DEF400019B03F13002009B3C3319461046FFF7A7
:10DF0400F6FC0390039B184607B030BD00B589B0FA
:10DF140001900B468DF80330019B1B7883F00103BD
:10DF2400DBB2002B01D00823D2E0019B9DF8032033
:10DF3400DA70FFF7D1FD0346002B04D0019B0122C8
:10DF44005A700023C4E0019B2533072200211846A0
:10DF540007F03AFE019B9B79002B03D0019BDB78F1
:10DF6400012B0FD0019BDB79002B03D0019BDB78C5
:10DF7400012B07D0019BDB79002B16D0019BDB78AA
:10DF8400022B12D1019BD3F8CC30002B09D0019B7A
:10DF9400012283F82C20019BD3F8CC300820984729
:10DFA40003E0019B002283F82C209DF803301946DE
:10DFB4000198FFF799FD03461A46019BDA70019B0D
:10DFC400D3F8CC30002B21D0019BDB78032B03D07A
:10DFD400019BDB78042B19D1019B5B79002B15D0B5
:10DFE400019B93F8D43083F00103DBB2002B0DD0F6
:10DFF400019B002283F8D620019B012283F8D520BF
:10E00400019BD3F8CC300720984703E0019B002202
:10E0140083F8D52003AB10220021184607F0D4FD65
:10E0240000238DF80C3000238DF81430019BDB782D
:10E03400042B2DD801A252F823F000BF8DE002007A
:10E0440055E0020063E0020071E002007FE002009C
:10E0540003AB19460198FFF78BFD079019E003AB5A
:10E0640019460198FFF79CFD079012E003AB19468F
:10E074000198FFF7B1FD07900BE003AB1946019837
:10E08400FFF7E9FD079004E0019B00229A7000E08D
:10E0940000BF019BDB78002B0DD0019B93F824205B
:10E0A40003AB11461846FFF77CFC0790079B002B37
:10E0B40001D0079B0CE0019BD3F8CC30002B06D099
:10E0C400019BD3F8CC30019A9278104698470023EC
:10E0D400184609B05DF804FB00B585B001900091C5
:10E0E400009B0393019B1B881B2B10D01B2B13DC61
:10E0F400102B02D0112B05D00EE001990398FFF7E5
:10E104008BFC0AE001990398FFF795FC05E001995F
:10E114000398FFF7BCFC00E000BF00BF05B05DF84A
:10E1240004FB00B585B001900091009B0393019B13
:10E13400023B012B1BD8039B5B78002B19D0039B5C
:10E1440000225A70039BDB7819460398FFF7DEFE22
:10E154000290029B002B0CD0039BD3F8D030002BF1
:10E1640007D0039BD3F8D0300298984701E000BF52
:10E1740000E000BF00BF05B05DF804FB00B585B04A
:10E184000346ADF80630164B5B6CDB431846FAF7D2
:10E1940039FE0346ADF80E30BDF80E304FF6FF726F
:10E1A400934217D0BDF80E300D4A5B001344BDF8FE
:10E1B40006209A80BDF8062001230A490A48FAF786
:10E1C40043FEBDF80620012308490748FAF73CFE40
:10E1D400012300E00023184605B05DF804FB00BFEE
:10E1E400D82F002020300020DC2F00201C300020FD
:10E1F40000B585B00346ADF80E30BDF80E300022F0
:10E2040000921D2203490448FAF739FE00BF05B005
:10E214005DF804FB1C300020DC2F002000B583B027
:10E224000346ADF80630BDF8062000230349044830
:10E23400FAF70AFE00BF03B05DF804FB20300020AB
:10E24400DC2F002000B5A5B0144B9B6CDA43134BB4
:10E254005B6C1A406B4612491846FAF782FE12AB01
:10E2640069464422184607F07DFC002323930BE003
:10E27400239B5B0090336B4433F8443C1846FFF710
:10E28400B7FF239B01332393129B239A9A42EFD324
:10E2940000BF00BF25B05DF804FB00BFD82F0020ED
:10E2A400DC2F002082B003468DF80730074B1B6833
:10E2B4009DF80720012101FA02F21340002B14BF3C
:10E2C40001230023DBB2184602B07047D82F002088
:10E2D40082B003468DF80730064B1B689DF8072073
:10E2E400012101FA02F21343024A136000BF02B093
:10E2F400704700BFD82F002000B585B00190009171
:10E30400019B1B881A2B30D01A2B4FDC102B02D008
:10E31400112B24D04AE0FFF795FF019B9B881846F8
:10E32400FFF72CFF034683F00103DBB2002B05D07B
:10E33400204AE5210420F6F7FDF937E0019BDB7B59
:10E34400022B0CBF012300238DF80F30019B9A8808
:10E354009DF80F3018491948FAF776FD26E0019B1D
:10E364009B881846FFF75AFF20E0019B9A88019B7F
:10E374001B7AC3F30313DBB2012B8CBF01230023ED
:10E38400DBB20F490D48FAF75FFD019B9A88019BA8
:10E394001B7AC3F30313DBB2022B8CBF01230023CC
:10E3A400DBB208490548FAF74FFD00BF00BF05B0CE
:10E3B4005DF804FB746E030024300020DC2F002081
:10E3C400283000202C30002000B585B00346ADF87D
:10E3D400063000238DF80F30124B5B6CBDF806201D
:10E3E40019461148FAF794FD0346002B13D00D4B40
:10E3F400DB6CBDF8062019460B48FAF789FD034685
:10E404008DF80E309DF80E30002B01D0022300E071
:10E4140001238DF80F309DF80F30184605B05DF8D4
:10E4240004FB00BFD82F0020DC2F002000B583B0F0
:10E434000346ADF80630064B1B6DBDF806201946A1
:10E444000448FAF765FD0346184603B05DF804FB7B
:10E45400D82F0020DC2F002000B583B00190054B9D
:10E464005A6C019B04491846FAF77BFD019803B0E6
:10E474005DF804FBD82F0020DC2F002000B583B00A
:10E4840000238DF8073017E09DF807301846FFF792
:10E4940009FF034683F00103DBB2002B07D09DF88C
:10E4A40007301846FFF714FF9DF8073009E09DF880
:10E4B400073001338DF807309DF80730172BE3D967
:10E4C4001823184603B05DF804FB000000B583B0C0
:10E4D40003460A46ADF8063013468DF805309DF81C
:10E4E40005301846FFF7DEFE0346002B0ED09DF8DC
:10E4F4000530094A14339B0013449B68BDF8062079
:10E5040019460648FAF704FD034600E000231846BE
:10E5140003B05DF804FB00BFD82F0020DC2F0020DF
:10E5240000B583B00346ADF806300B468DF80530D0
:10E5340013468DF804309DF805301846FFF7B2FEF7
:10E544000346002B0ED09DF8053014339B00074A78
:10E55400134403F108019DF80430BDF80620044873
:10E56400FAF772FC00BF03B05DF804FBD82F00205B
:10E57400DC2F002000B583B003468DF807309DF8EA
:10E5840007301846FFF78EFE0346002B07D09DF890
:10E594000730054A14339B0013449B6800E00023B2
:10E5A400184603B05DF804FBD82F002094DF7047B1
:10E5B40000BF184696DF704700BF184697DF7047C4
:10E5C40000BF184684B001900023039316E0104A5C
:10E5D400039B9B0013449A78019B9B789A420AD12F
:10E5E4000B4A039B32F82320019B1B889A4202D1D9
:10E5F400084B1B6808E0039B01330393064B1B681D
:10E60400039A9A42E3D30023184604B0704700BF2C
:10E6140090300020A8330020B033002000B583B030
:10E62400019000910198FFF7CDFF0346002B01D024
:10E63400002314E00C4B1B68052B0FD80A4B1B68F6
:10E644000A4A01999B0013440A4610681860064B55
:10E654001B680133044A1360002300E004231846B6
:10E6640003B05DF804FB00BFB033002090300020FD
:10E6740000B583B0002301930EE00D4A019BDB013A
:10E6840013447C331B68019AD20109490A44104699
:10E694009847019B01330193064B1B68019A9A42E8
:10E6A400EBD3054B00221A6000BF03B05DF804FBF6
:10E6B400A8300020B0330020AC33002000B5A7B050
:10E6C400039002911346ADF80630039B93F8C632CB
:10E6D4001A46762302FB03F3039A13442593259BDE
:10E6E4001846FFF76FFF2490249B002B12D005AB34
:10E6F4007C220021184607F067FA01238DF81430B4
:10E70400BDF80630ADF81630029B069305AA249B8B
:10E714001046984700BF27B05DF804FB00B585B0EC
:10E7240001900B468DF803301346ADF80030019B81
:10E7340093F8C6321A46762302FB03F3019A134474
:10E744000393039B1846FFF73DFF0290029B002BA7
:10E7540040D0224B1B68052B3CD8204B1B68204A19
:10E76400DB0113440233BDF800201A801B4B1B68E5
:10E774001B4ADB011344039A0433114676221846DC
:10E7840007F0F0F99DF80330002B07D0134B1B68FA
:10E79400134ADB01134400221A7006E00F4B1B6876
:10E7A4000F4ADB01134402221A700C4B1B680C4AFB
:10E7B400DB0113447C33029A1A60084B1B68013353
:10E7C400064A1360054B1A68064B1B689A4201D12E
:10E7D400FFF74EFF00BF05B05DF804FBAC3300202B
:10E7E400A8300020B033002000B585B001900B465E
:10E7F400ADF80230019B93F8C9320133DAB2019BC0
:10E8040083F8C922019B93F8C9321A46284B1B6826
:10E814009A423FD2019B002283F8C522019B93F8C0
:10E82400C6320133DAB2019B83F8C622019B93F806
:10E83400C6321A46762302FB03F3019A1344039368
:10E84400019B93F8C63203991A4A9B001344186833
:10E854000860039B00221A71039ABDF8023001215B
:10E864001846FFF7A3FE0290029B002B1DD0019BCC
:10E87400002283F8C722BDF802301A460299019893
:10E88400FFF71CFF0C4B03221A700B4ABDF8023031
:10E8940053800AE0019B002283F8C722064B03221F
:10E8A4001A70054ABDF80230538005B05DF804FBC8
:10E8B400B033002090300020A830002082B00190B6
:10E8C4000091009B1A89019B93F8C632184601995E
:10E8D400762300FB03F30B4408331B889A4201D2CE
:10E8E400012300E00023184602B0704784B003906F
:10E8F400029101920093019B002B25D1029B1A895E
:10E90400039B93F8C63218460399762300FB03F35E
:10E914000B4408331B889A4201D100232AE0029B4E
:10E924001B8901339AB2009B1A80039B93F8C63269
:10E934001946039A762301FB03F3134408331A8818
:10E94400009B5A80012315E0029B1B890133019A25
:10E95400D288934201D100230CE0029B1B8901332E
:10E964009AB2009B1A80019BDB88013B9AB2009B00
:10E974005A800123184604B0704700B587B001904F
:10E984000B46ADF80230019B93F8C6321A46762343
:10E9940002FB03F3019A13440593019B93F8C532D8
:10E9A400002B21D0019B93F8C532013B8DF8133025
:10E9B400019B93F8C6321A46762302FB03F3019AAD
:10E9C400134405939DF813201346DB0013445B00A6
:10E9D4000833059A134402330393039B1B890133C1
:10E9E4009BB2ADF8083003E0059BDB88ADF8083036
:10E9F400059B1B89ADF80A3002AABDF80230114606
:10EA04001846FFF7D7FD0346184607B05DF804FB28
:10EA140000B58BB0039002911346ADF80630002385
:10EA24008DF82330039B93F8C6321A46762302FBF3
:10EA340003F3039A13440693039B93F8C5321A46CF
:10EA44001346DB0013445B000833069A1344023375
:10EA54000993039B93F8C5320133069A12799342C2
:10EA640009D105AB002209990398FFF73FFF03463C
:10EA74008DF823303DE0039B93F8C5328DF82230A6
:10EA840031E09DF82220069B1B79013B9A4202D17A
:10EA9400002307930BE09DF822305A1C1346DB0039
:10EAA40013445B000833069A13440233079305ABFF
:10EAB400079A09990398FFF719FF0346002B03D01F
:10EAC40001238DF8233014E0079B0993039B93F8EB
:10EAD400C5320133DAB2039B83F8C5229DF8223094
:10EAE40001338DF82230069B1B799DF822209A422F
:10EAF400C7D39DF8233083F00103DBB2002B04D08D
:10EB0400029B01221A7000230AE0029B00221A7061
:10EB140005AABDF8063011461846FFF74FFD034617
:10EB240018460BB05DF804FB00B587B00190009166
:10EB3400019B93F8C6321A46762302FB03F3019A2B
:10EB440013440393009B1A88019BB3F8CA329A4278
:10EB54003CD1009B5B88002B2AD1009B0633059394
:10EB6400039A059B02331B681360039B059A0633C3
:10EB7400063212681A60009B1B8819460198FFF739
:10EB8400FCFE0490049B002B21D0019B002283F8FF
:10EB9400C722009B1B881A4604990198FFF78EFD33
:10EBA4000C4B03221A70009B1A880A4B5A800EE001
:10EBB400009B1B881A4600210198FFF7AFFD009BBC
:10EBC4001B8819460198FFF70FFE00E000BF07B04D
:10EBD4005DF804FBA830002000B58DB001900091D1
:10EBE40000238DF82F30009B1A88019BB3F8CA329A
:10EBF4009A4240F0FA80019B93F8C6321A46762373
:10EC040002FB03F3019A13440893009B5B88002BD7
:10EC140040F0AF80009B06330793089B1B798DF867
:10EC24001B30079B1B888DF81A309DF81B209DF81C
:10EC34001A301344062B08DC089B1A799DF81A3005
:10EC44001344DAB2089B1A7102E0089B06221A7177
:10EC54009DF81B300A930023099345E008990A9A0A
:10EC64001346DB0013445B000B4403F108010798CF
:10EC7400099A13469B0013445B00C2188B1C023292
:10EC8400106851681860596012891A8108990A9AA3
:10EC94001346DB0013445B000B44143300221A8038
:10ECA40008990A9A1346DB0013445B000B4416339D
:10ECB40000221A8008990A9A1346DB0013445B0069
:10ECC4000B44183300221A8008990A9A1346DB0071
:10ECD40013445B000B441A3300221A800A9B01334D
:10ECE4000A93099B01330993089B1B791A460A9BD3
:10ECF4009342B3D30A9B5A1E1346DB0013445B00B2
:10ED04000833089A13440233059305990198FFF7D1
:10ED1400D5FD034683F00103DBB2002B03D1089B2E
:10ED24001B79062B03D101238DF82F3024E0089B97
:10ED34001A79019B83F8C522009B1B881946019808
:10ED4400FFF71BFE0490049B002B15D0019B0022AF
:10ED540083F8C722009B1B881A4604990198FFF781
:10ED6400ADFC244B03221A70009B1A88214B5A8055
:10ED74003CE001238DF82F309DF82F30002B35D047
:10ED8400019B002283F8C522009B1A880DF10F0312
:10ED940019460198FFF73CFE0490049B002B12D007
:10EDA400019B002283F8C722009B1B881A46049902
:10EDB4000198FFF783FC0F4B03221A70009B1A88FB
:10EDC4000C4B5A8012E09DF80F30002B0ED0009BA4
:10EDD4001B881A4601210198FFF7A0FC009B1B88A1
:10EDE40019460198FFF700FD00E000BF0DB05DF883
:10EDF40004FB00BFA830002000B589B00190009149
:10EE0400009B1A88019BB3F8CA329A4240F0D7801B
:10EE1400019B93F8C6321A46762302FB03F3019A48
:10EE240013440693009B06330593019B93F8C53264
:10EE34001A461346DB0013445B000833069A134456
:10EE440002330493009B5B88002B70D1002307934B
:10EE540065E00599079A13465B0013445B000B4475
:10EE640004331B88A3F52453082B45D801A252F878
:10EE740023F000BFB5EE0200CDEE02009DEE0200CD
:10EE8400FDEE0200FDEE0200FDEE0200FDEE0200CA
:10EE9400FDEE0200E5EE02000599079A13465B00B9
:10EEA40013445B000B4402331A88049B5A8123E009
:10EEB4000599079A13465B0013445B000B44023325
:10EEC4001A88049B9A8117E00599079A13465B00F8
:10EED40013445B000B4402331A88049BDA810BE071
:10EEE4000599079A13465B0013445B000B440233F5
:10EEF4001A88049B1A8200BF049B5B89002B0BD0E9
:10EF0400049B9B89002B07D0049BDB89002B03D037
:10EF1400049B1B8A002B09D1079B01330793059B94
:10EF24001B881A46079B934293D300E000BF00233B
:10EF34008DF80B30019B93F8C5320133069A127990
:10EF4400934203D101238DF80B3026E0019B93F803
:10EF5400C5320133DAB2019B83F8C522009B1A88BB
:10EF64000DF10B0319460198FFF752FD0390039B23
:10EF7400002B12D0019B002283F8C722009B1B8820
:10EF84001A4603990198FFF799FB0F4B03221A7055
:10EF9400009B1A880C4B5A8012E09DF80B30002B12
:10EFA4000ED0009B1B881A4601210198FFF7B6FB7F
:10EFB400009B1B8819460198FFF716FC00E000BF70
:10EFC40009B05DF804FB00BFA830002084B00190B4
:10EFD40000230393019B002B01D10E230CE0084B6B
:10EFE40000221A60074B01221A70074B00221A6094
:10EFF400064A019B1360039B184604B0704700BF88
:10F00400B0330020B4330020AC330020A8330020F8
:10F0140000B583B00190019B002B01D10E230FE0BA
:10F02400094B1B7883F00103DBB2002B01D00823CA
:10F0340006E0064B1B6819460198FFF7EFFA0346F2
:10F04400184603B05DF804FBB4330020A833002055
:10F0540000B585B001900B46ADF802304FF4337221
:10F064000021019806F0B0FD019BBDF80220A3F831
:10F07400CA22244B00221A60019B002283F8C92271
:10F08400019B002283F8C622019B002283F8C5223B
:10F09400019B93F8C6321A46762302FB03F3019AC6
:10F0A40013440393019B93F8C6320399164A9B00B9
:10F0B400134418680860039ABDF802300121184609
:10F0C400FFF774FA0290029B112B0DD0029B002BC8
:10F0D40001D0029B11E0019B012283F8C722019B0E
:10F0E400002283F8C82207E0019B012283F8C7228B
:10F0F400019B012283F8C8220023184605B05DF85D
:10F1040004FB00BFAC3300209030002000B583B076
:10F1140001900B46ADF80230019B002B01D10E2368
:10F124001CE0104B1B7883F00103DBB2002B01D0F1
:10F13400082313E00C4B1B68002B01D108230DE0BE
:10F14400019B93F8C732002B01D0112306E0BDF8D0
:10F15400023019460198FFF77BFF0346184603B0B7
:10F164005DF804FBB4330020B033002082B001907A
:10F174000091009B1A88019BB3F8CA329A420CD1C1
:10F18400019B002283F8C722019B002283F8C82236
:10F19400019B4FF6FF72A3F8CA2200BF02B070476A
:10F1A40000B585B001900091019B002B51D0009BCC
:10F1B400002B4ED0284B1B7883F00103DBB2002BCD
:10F1C40047D1009B0393019B1B88332B17D0332B10
:10F1D40023DC322B0CD0322B1FDC112B16D0302B1E
:10F1E4001BD1019B043319460398FFF79DFC15E0DE
:10F1F400019B043319460398FFF7EEFC0EE0019BD4
:10F20400043319460398FFF7F7FD07E0019B043325
:10F2140019460398FFF7AAFF00E000BF039B93F889
:10F22400C832002B15D0019B1B882F2B11D9019BB1
:10F234001B884F2B0DD8019B9A88039BB3F8CA32C5
:10F244009A4206D1039BB3F8CA3219460398FFF7D2
:10F25400FFFE05B05DF804FBB433002082B00190DA
:10F26400019B002B14BF01230023DBB2184602B01C
:10F2740070470000024B00221A7000BF704700BFA5
:10F28400B533002000B585B00190019B5B8818461A
:10F2940001F03CF803461A46019B9A80002303932D
:10F2A40008E0084A039B52F8233001989847039BCF
:10F2B40001330393039B002BF3D000BF00BF05B0C1
:10F2C4005DF804FB8424002082B00190019B9B79AB
:10F2D400012B0BD1019B1B79012B07D1019B5B886F
:10F2E40042F60212934201D1012300E0002303F00D
:10F2F4000103DBB2184602B0704700B589B003467B
:10F304000091ADF8063003AB00221A605A609A608F
:10F31400DA601A6107238DF80C30BDF80630ADF8B9
:10F324000E30009B059303AB1846FFF7ABFF00BFFD
:10F3340009B05DF804FB000000B58BB00346ADF8DE
:10F34400063000238DF8273003AB00221A605A6080
:10F354009A60DA601A61BDF80630ADF80E30BDF877
:10F3640006304FF6FF72934242D0BDF8063018467D
:10F3740000F043FC0890089B43F2020293422CD015
:10F38400089B43F20202934220D8089B112B11D010
:10F39400089B112B1AD8089B002B03D0089B0B2B1E
:10F3A4000CD013E00E238DF80C3003AB1846FFF796
:10F3B40069FF13E001238DF827300FE00F238DF848
:10F3C4000C3003AB1846FFF75DFF07E0BDF80630CD
:10F3D40008991846FFF791FF00E000BF064B197823
:10F3E4009DF82720BDF806301846FFF799F800E08D
:10F3F40000BF0BB05DF804FBB833002000B583B048
:10F4040003460A46ADF8063013468DF80530064B20
:10F4140019789DF80520BDF806301846FFF780F8E6
:10F4240000BF03B05DF804FBB733002000B58BB018
:10F434000346ADF8063000238DF8273000238DF8FD
:10F444002630BDF80630184600F064FB0890089B8F
:10F4540043F20202934233D0089B43F202029342E6
:10F4640027D8089B862B11D0089B862B21D8089B74
:10F47400002B03D0089B112B04D01AE001238DF834
:10F4840026301EE001238DF827301AE003AB00225A
:10F494001A605A609A60DA601A6106238DF80C309B
:10F4A400BDF80630ADF80E3003AB1846FFF7EAFEA0
:10F4B40007E0BDF8063008991846FFF71EFF00E084
:10F4C40000BF9DF82720BDF8063011461846FFF707
:10F4D40095FF9DF8263018460BB05DF804FB00003C
:10F4E40000B58BB00346ADF8063001238DF8273004
:10F4F40000238DF82630BDF80630184600F02AFCAB
:10F504000890089B43F2014293425AD0089B43F26D
:10F51400014293425BD8089B112B29D8089B112BDD
:10F5240055D801A252F823F081F50200D3F5020068
:10F53400D3F50200D3F50200D3F50200D3F502009F
:10F54400ADF50200D3F50200ADF50200D3F50200DB
:10F55400D3F50200D3F50200D3F50200D3F502007F
:10F56400D3F50200D3F50200D3F50200E1F5020061
:10F57400089B43F20202934232D028E003AB0022FC
:10F584001A605A609A60DA601A6110238DF80C30A0
:10F59400BDF80630ADF80E3001238DF8263003ABEC
:10F5A4001846FFF76FFE1CE000238DF82730BDF8E6
:10F5B4000630184600F0AAFE0346184600F0FEFB8B
:10F5C4000FE0BDF806301846FFF7B6FE09E0BDF8B7
:10F5D400063008991846FFF790FE02E000BF00E0ED
:10F5E40000BF0B4B19789DF82720BDF8063018464C
:10F5F400FEF796FF074B19789DF82620BDF80630D4
:10F604001846FEF78DFF00BF0BB05DF804FB00BF8A
:10F61400B9330020BA33002000B597B003468DF803
:10F6240007309DF807301846FEF7A4FF0346184636
:10F63400FFF714FE0346002B61D003AB1846FEF718
:10F644000BFF0023159354E0159B5B0058336B4468
:10F6540033F8483CADF852309DF80720BDF85230DD
:10F6640011461846FEF732FF0346002B3ED0254BC9
:10F674001B789DF807209A4205D1BDF852301846F0
:10F68400FFF75AFE32E0204B1B789DF807209A4280
:10F6940013D100211D4803F0C4FB0346002B25D0E1
:10F6A400BDF852301846FFF7C1FE0346002B25D1A2
:10F6B4000021164803F0D8FB18E0154B1B789DF881
:10F6C40007209A4212D1134B1A78BDF852301146D2
:10F6D4001846FEF7FBFE034683F00103DBB2002B62
:10F6E40004D0BDF852301846FFF7FAFE159B0133DB
:10F6F4001593039B159A9A42A6D300E000BF17B056
:10F704005DF804FBB8330020B7330020B633002083
:10F71400B9330020BA33002008B5034B1B781846D0
:10F72400FFF77AFF00BF08BDB833002008B5034BCC
:10F734001B781846FFF770FF00BF08BDB7330020E1
:10F7440008B5034B1B781846FFF766FF00BF08BDDA
:10F75400B933002000B583B00190019B1B78002BC6
:10F7640015D1019B5B881846FFF7E6FD019B5B887A
:10F77400184600F0CBFA0346002B0AD0019B5B88A5
:10F78400064A117801221846FEF7CAFE01E000BFBE
:10F7940000E000BF00BF03B05DF804FBB9330020F4
:10F7A40000B589B00190019B1B78082B54D1019BB3
:10F7B4005B7A002B50D1019B1B7A082B42D0082B7B
:10F7C40045DC012B16D0072B41D1019B9B881846A1
:10F7D40000F040FE0346ADF81E30BDF81E304FF673
:10F7E400FF72934235D0BDF81E3001211846FFF751
:10F7F40005FE2EE0019B9B8803AA0121184602F016
:10F80400D7F90690069B002B25D1049B1B78002B6F
:10F8140021D0019B9B88184600F01CFE0346ADF8DE
:10F824001630BDF816304FF6FF72934213D00D4BCD
:10F834001978BDF8163001221846FEF771FEFFF75D
:10F844007FFF08E00021084803F00EFB04E000BF3E
:10F8540002E000BF00E000BFFFF768FF00BF09B08F
:10F864005DF804FBB9330020B633002008B5FFF778
:10F8740001FDFEF703FE03461A46184B1A70FEF705
:10F88400FDFD03461A46164B1A70FEF7F7FD0346B4
:10F894001A46144B1A70FEF7F1FD03461A46124B32
:10F8A4001A700E4B1B78182B0BD00D4B1B78182B92
:10F8B40007D00C4B1B78182B03D00B4B1B78182B41
:10F8C40001D1032307E00121084803F094FA084B0F
:10F8D40001221A700023184608BD00BFB733002068
:10F8E400B8330020B9330020BA330020B6330020E7
:10F8F400B533002000B589B00190019B9B88ADF819
:10F904001E30019B1B88542B0BD0542B4ADC502BEC
:10F9140037D0522B46D1BDF81E301846FFF70CFDE8
:10F9240040E002AB00221A605A609A60DA601A6101
:10F9340011238DF80830BDF81E30ADF80A30BDF83B
:10F944001E30184600F0E2FC0346ADF80C30BDF85A
:10F954000C30184600F032FA164B1978BDF81E30F8
:10F9640000221846FEF7DCFD134B1978BDF81E3053
:10F9740000221846FEF7D4FD02AB1846FFF782FCBE
:10F9840010E0019B06331846FFF79EFC0346002B4C
:10F9940007D0BDF81E3001211846FFF72FFDFFF7F1
:10F9A400C5FE00BFFFF7B8FEFFF7CAFE00BF09B0EF
:10F9B4005DF804FBBA330020B933002000B593B0DE
:10F9C40000F094F96B461846FEF746FD0023ADF8A7
:10F9D400463021E0BDF846305B0048336B4433F8D1
:10F9E400443C184600F092FC03461A464FF6FF7357
:10F9F4009A420CD1BDF846305B0048336B4433F86F
:10FA0400443C0B4A117801221846FEF789FDBDF8E3
:10FA140046300133ADF84630BDF84620009B9A428B
:10FA2400D8D3FFF78DFE00BF13B05DF804FB00BF11
:10FA3400B9330020A7DF704700BF1846A9DF70471D
:10FA440000BF1846AADF704700BF1846ABDF7047F7
:10FA540000BF1846044B00221A70044B4FF6FF7285
:10FA64001A8000BF704700BFBB330020BC330020A6
:10FA740000B585B0164A01AB92E8030083E80300A1
:10FA8400144B1B8801A90022184602F080FA039047
:10FA940010E0104B1B88184602F041FA03461A4640
:10FAA4000C4B1A800B4B1B8801A90022184602F04C
:10FAB4006EFA0390074B1B884FF6FF72934202D0F5
:10FAC400039B112BE5D100BF05B05DF804FB00BF1B
:10FAD400D46E0300BC33002000B583B00190064B04
:10FAE4001B884FF6FF72934201D0FFF7C1FF00BF9E
:10FAF40003B05DF804FB00BFBC33002008B5FFF77A
:10FB0400A9FF034B01221A700023184608BD00BF49
:10FB1400BB33002000B58BB00346ADF80630BDF80A
:10FB24000630184600F0F2FB0346ADF81E30BDF86F
:10FB34001E304FF6FF72934202D143F2020358E0A3
:10FB44000123ADF8223000238DF8213000238DF8F5
:10FB54002130BDF822305A1CADF822201A4603ABDE
:10FB6400BDF81E00082102F039F80990099B002B0A
:10FB740035D1049B0693069B03221A60069B991DAC
:10FB8400069B1A1D069B1B68BDF80600FFF75AFF6B
:10FB94000990099B002B09D1BDF81E20BDF81E3029
:10FBA4000821184602F088F909901DE0099B0C2BE6
:10FBB40003D101238DF8213004E0099B052B01D1E9
:10FBC40000230993BDF81E300821184602F0E8F816
:10FBD4000590059B002B07D00323099304E0099BA0
:10FBE400072B01D10C2309939DF82130002BADD1B3
:10FBF400099B18460BB05DF804FB00B58BB00346B7
:10FC0400ADF80630BDF80630184600F07FFB034619
:10FC1400ADF81430002308930023ADF81E300323FD
:10FC2400069301238DF81730BDF814304FF6FF7298
:10FC3400934216D002AABDF814300821184601F0E8
:10FC4400B7FF0990099B002B0BD1039B0493049BE2
:10FC540006330893049B9B88ADF81E30049B1B68F5
:10FC64000693BDF81E20BDF80600069B0899FFF711
:10FC7400E5FE0990099B042B02D11123099324E08A
:10FC8400099B082B02D1002309931EE0099B0B2B2F
:10FC94001BD100238DF81730069B03F00203002BC1
:10FCA40002D00123069310E0089B002B03D1BDF87A
:10FCB4001E30002B07D0002308930023ADF81E301C
:10FCC4000323069301E003230993099B0B2BC8D05C
:10FCD4009DF8173083F00103DBB2002B01D00B2316
:10FCE4000993099B18460BB05DF804FB08B54FF661
:10FCF400FF7002F014F903461A46034B1A80FFF70B
:10FD0400B7FE00BF08BD00BFBC33002000B589B0FA
:10FD14000346ADF806300DF117030493BDF8063021
:10FD2400184600F0F3FA0346ADF81E3003AABDF8F6
:10FD34001E300121184601F03BFF0690069B002B64
:10FD440001D0002301E0049B1B78184609B05DF83C
:10FD540004FB000000B585B00346ADF806304FF64D
:10FD6400FF73ADF80E301448FFF770FE0290029B4B
:10FD7400002B01D003231AE00F4B1988BDF80E2085
:10FD8400BDF806301846FFF755FE0290029B43F279
:10FD94000302934205D1084B1B8801339AB2064BE8
:10FDA4001A80029B43F203029342E5D0029B184659
:10FDB40005B05DF804FB00BFBE33002000B585B07C
:10FDC4000346ADF80630084A02AB92E8030083E824
:10FDD400030002A9BDF806300022184602F0D7F845
:10FDE40000BF05B05DF804FBDC6E030043DF704721
:10FDF40000BF184682B00D4B18221A7000230193DD
:10FE04000DE00B49019A13465B0013449B000B441D
:10FE140002334FF6FF721A80019B01330193019B59
:10FE2400132BEED900BF00BF02B07047B4340020DA
:10FE3400C433002000B585B001900023039308E08B
:10FE4400084A039B52F8233001989847039B0133D7
:10FE54000393039B012BF3D900BF00BF05B05DF8EA
:10FE640004FB00BFEC6E030000B583B000230193D4
:10FE74001AE01149019A13465B0013449B000B449A
:10FE840002331B880D4A127811461846FEF71EFBF2
:10FE9400034683F00103DBB2002B02D0019BDBB2EB
:10FEA40006E0019B01330193019B132BE1D9FF234E
:10FEB400184603B05DF804FBC4330020B4340020BA
:10FEC40000B585B00346ADF80630144B1A78BDF87A
:10FED400063011461846FEF7F9FA0346002B18D0EF
:10FEE4000023039312E00E49039A13465B00134464
:10FEF4009B000B4402331B88BDF806209A4202D1B2
:10FF0400039BDBB206E0039B01330393039B132B98
:10FF1400E9D9FF23184605B05DF804FBB43400208A
:10FF2400C433002000B585B003460091ADF8063017
:10FF3400FF238DF80F30009B002B49D0BDF806300D
:10FF44004FF6FF72934243D0244B1978BDF8063024
:10FF540001221846FEF7E4FABDF806301846FFF70A
:10FF6400AFFF03468DF80F309DF80F30FF2B04D1FF
:10FF7400FFF77AFF03468DF80F309DF80F30FF2B03
:10FF840026D09DF80F20164913465B0013449B00AE
:10FF94000B440233BDF806201A809DF80F20104947
:10FFA40013465B0013449B000B444FF6FF721A8008
:10FFB4009DF80F200A4913465B0013449B000B4431
:10FFC400009A0433106818609188927999809A7124
:10FFD4009DF80F30184605B05DF804FBB4340020DA
:10FFE400C433002084B00190002303930AE0019AF3
:0CFFF400039B13441B78002B01D0012359
:020000023000CC
:1000000006E0039B01330393039B0F2BF1D90023DD
:10001000184604B0704700B583B001900091019B71
:10002000002B02D0009B002B01D100231BE0019B81
:100030001B78C3F34603DAB2009B1B78C3F3460375
:10004000DBB29A4201D000230DE0019B581C009BBB
:1000500001330622194605F04BFD0346002B0CBF69
:1000600001230023DBB2184603B05DF804FB30B572
:1000700099B00190019B1B88102B40F08780019B59
:100080000AAC1D1D0FCD0FC40FCD0FC40FCD0FC473
:100090002B6823604FF6FF73ADF85E309DF82C306F
:1000A00023F00103DBB2062B47D001F095F89DF851
:1000B0002C30C3F34603DBB2012B02DC002B15DA34
:1000C0003BE0022B2ED038E0089B03F111020AAB73
:1000D000043311461846FFF79EFF0346002B05D058
:1000E000BDF82630ADF85E3000BF26E007AA0DF15E
:1000F00026031946072001F079F80346002BE3D1C7
:100100001BE0089B5A1C0AAB04331146184600F04A
:100110009FFA0346002B05D0BDF82630ADF85E30BF
:1001200000BF09E007AA0DF126031946072001F0D8
:100130005DF80346002BE4D100BFBDF828200AABD0
:10014000043319461046FFF7EFFE03468DF85D3085
:10015000BDF85E304FF6FF72934218D0BDF82830DC
:10016000BDF85E201146184600F0E4F9BDF82830CD
:10017000ADF80A30BDF85E30ADF80C3000238DF8D4
:10018000083002AB1846FFF757FE00E000BF19B079
:1001900030BD00B587B001900091019B11330593EC
:1001A000009B11330493019B581C009B01331022C8
:1001B000194605F09DFC0346002B11D1019B01332C
:1001C0001846FFF711FF0346002B09D0009B0133AF
:1001D0001846FFF709FF0346002B01D0012300E07A
:1001E00000238DF80F309DF80F3003F001038DF8D8
:1001F0000F3004990598FFF70EFF03468DF80E3077
:10020000059B1B7823F00103DBB2042B16D0059B62
:100210001B7823F00103DBB2062B0FD0049B1B7865
:1002200023F00103DBB2042B08D0049B1B7823F0DE
:100230000103DBB2062B01D0012300E000238DF87F
:100240000D309DF80D3003F001038DF80D309DF851
:100250000E30002B03D09DF80D30002B0AD19DF8F5
:100260000F30002B08D09DF80D3083F00103DBB276
:10027000002B01D0012300E0002303F00103DBB2D7
:10028000184607B05DF804FB00B587B001900B4637
:10029000ADF8023000F0A0FF10E0BDF81630BDF858
:1002A00002209A420AD0049B19460198FFF771FF79
:1002B0000346002B02D0BDF816300BE003AA0DF167
:1002C00016031946072000F091FF0346002BE4D1E6
:1002D0004FF6FF73184607B05DF804FB08B5FFF74B
:1002E0008BFDFEF7CDF803461A46074B1A70064BF6
:1002F0001B78182B01D1032303E0044B01221A7051
:100300000023184608BD00BFB4340020C0330020CD
:1003100000B585B00346ADF80630BDF80630184686
:10032000FFF7D0FD03468DF80F309DF80F30FF2BFF
:1003300009D09DF80F20074913465B0013449B002A
:100340000B441B8801E04FF6FF73184605B05DF8BB
:1003500004FB00BFC433002000B585B00346009104
:10036000ADF80630BDF806301846FFF7ABFD034682
:100370008DF80F309DF80F30FF2B12D09DF80F2015
:1003800000980A4913465B0013449B000B44024645
:1003900004331868106099889B79918093710023C9
:1003A00000E00523184605B05DF804FBC4330020C7
:1003B00000B583B001900091019800F077F80346F2
:1003C00083F00103DBB2002B01D0002315E0019B79
:1003D0001A88009B1B889A4201D000230DE0019BE4
:1003E000981C009B02330822194605F081FB034646
:1003F000002B0CBF01230023DBB2184603B05DF8CD
:1004000004FB00B587B0019000F0E6FE14E0049B09
:10041000463319460198FFF7CBFF0346002B08D15E
:10042000049B2A3319460198FFF7C2FF0346002BAD
:1004300002D0BDF816300BE003AA0DF116031946E1
:10044000072000F0D3FE0346002BE0D14FF6FF73E8
:10045000184607B05DF804FB84B00346ADF80630DB
:100460000023039318E01049039A13465B001344DA
:100470009B000B441B88BDF806209A4209D10A490B
:10048000039A13465B0013449B000B4402331B8802
:1004900007E0039B01330393039B132BE3D94FF630
:1004A000FF73184604B07047C433002084B0019035
:1004B000019B1B88002B01D0012312E00023039332
:1004C0000BE0019A039B134402331B78002B01D0ED
:1004D000012306E0039B01330393039B072BF0D911
:1004E0000023184604B0704700B585B003460A469D
:1004F000ADF806301346ADF80430BDF806301846A6
:10050000FFF7E0FC03468DF80F309DF80F30FF2B0E
:100510000AD09DF80F20064913465B0013449B0048
:100520000B44BDF804201A8000BF05B05DF804FB41
:10053000C433002000B583B003460A46ADF8063048
:100540001346ADF80430BDF80420BDF8063011465E
:100550001846FFF7C9FF00BF03B05DF804FB00B504
:1005600085B00346ADF80630BDF806301846FFF7F3
:1005700073FF0346ADF80E30BDF80630184601F0A3
:10058000CDFA0290BDF80E304FF6FF72934209D0BB
:10059000029B002B06D1BDF80E304FF6FF711846B6
:1005A000FFF7A2FF029B184605B05DF804FB00B5FB
:1005B00095B0039002910192002313930DE0139BD9
:1005C000C3F10F03039A1344197805AA139B13442C
:1005D0000A461A70139B01331393139B0F2BEED90A
:1005E00005AB10330D220021184605F0EFFA002369
:1005F00012930DE0029A129B1A44129BC3F10F034F
:10060000127850336B4403F82C2C129B0133129355
:10061000129B022BEED905AB1846FFF7E9FB00232E
:1006200011930DE0119BC3F10F020199119B0B4433
:1006300050326A4412F81C2C1A70119B013311932A
:10064000119B022BEED900BF00BF15B05DF804FB73
:1006500000B587B001900091019B1B7823F0010346
:10066000DBB2042B01D000231FE0019B5A1C05AB19
:100670001188927819809A70019B1A1D03AB11881A
:10068000927819809A70009B04AA03A91846FFF774
:100690008EFF04A905AB0322184605F029FA03468C
:1006A000002B0CBF01230023DBB2184607B05DF816
:1006B00004FB90DF704700BF18469EDF704700BF05
:1006C0001846ADDF704700BF184682B00190019B0D
:1006D00017221A80019B17225A80019B00221A714F
:1006E000019B00225A71019B1B229A71019B1B22C4
:1006F000DA7100BF02B0704700B587B003460091C1
:10070000ADF80630BDF80630009ADB0013441B7BC1
:10071000ADF80C30BDF80630009ADB0013441B7BAB
:10072000ADF80E300023ADF810300023ADF81230D4
:1007300003A9BDF8063000221846FFF7BAFF05905E
:10074000059B002B0AD0074B1B881B0443F00100BC
:10075000BDF80620059B0449F3F76FFA00BF07B008
:100760005DF804FB04210020006F030000B587B092
:1007700001900091009B9B88ADF81630BDF81630B3
:10078000DB00019A134406330493019B1A79049BFE
:100790009A71009BDB7B012B02D0022B05D009E074
:1007A000019B1A88049B1A8004E0019B5A88049BD1
:1007B0001A8000BF049B1A88049B5B889A4220D948
:1007C000049B1A88BDF8163011461846FFF775FFCE
:1007D0000390039B002B03D1049B01225A7110E06C
:1007E000039B112B03D1049B01221A7109E00D4BCD
:1007F0001B881B0443F00103039A0B491846F3F7C7
:100800000BFA049B9A79049BDB799A4205D9BDF8CF
:10081000163001991846FFF76FFF00BF07B05DF86B
:1008200004FB00BF04210020606F030000B583B00B
:1008300001900091009B9B88DB00019A13440633D2
:100840001846FFF742FF00BF03B05DF804FB00B598
:1008500087B001900091009B9B88ADF81630009BFB
:100860005B89ADF81430BDF81630DB00019A1344F3
:1008700006330493049B1B88BDF81420934228BFC1
:1008800013469AB2049B5A80049B5B88172B38BF8F
:1008900017239AB2049B5A80019B1B69002B15D029
:1008A000049B5B79002B11D040F67723ADF808301C
:1008B000BDF81630ADF80A30049B5B88ADF80C30FB
:1008C000019B1B6902AA114601989847049B0022CC
:1008D0005A71049B00221A7100BF07B05DF804FB37
:1008E00000B589B001900091009B9B88ADF81A304B
:1008F000009BDB88ADF81830BDF81A30DB00019A98
:10090000134406330593BDF81830172B38BF17234F
:10091000ADF81830059B1B88BDF81820934228BFFE
:1009200013469AB2059B5A80059B00221A71059BBB
:100930001A88BDF81A3011461846FFF7C2FE079014
:10094000079B002B09D0144B1B881B0443F00103A9
:10095000079A12491846F3F75FF9059B5B79002B5C
:1009600016D1019B1B69002B13D040F67723ADF8FD
:100970000C30BDF81A30ADF80E30059B5B88ADF831
:100980001030019B1B6903AA11460198984700E0AB
:1009900000BF09B05DF804FB04210020A46F030030
:1009A00030B593B001900091009B04AC1D1D0FCD9C
:1009B0000FC40FCD0FC40FCD0FC42B682360BDF83B
:1009C0001030ADF84630BDF81420BDF84630D1B235
:1009D000019ADB0013440A465A73019B1B69002BE2
:1009E00019D002AB00221A609A804DF67A23ADF836
:1009F0000830BDF84630ADF80A30BDF84630019AEF
:100A0000DB0013445B7B8DF80C30019B1B6902AA51
:100A100011460198984700BF13B030BD00B58BB0A8
:100A200001900091009B04330793079B1B88DB0018
:100A3000019A134406330693079B9B888DF8173061
:100A4000069B9B799DF81720934228BF13468DF88B
:100A5000273003AB00221A605A609DF827309BB202
:100A6000ADF80C309DF827309BB2ADF80E30079BE7
:100A70001B8803A900221846FFF71BFE0890089B5D
:100A8000002B09D0064B1B881B0443F00103089A76
:100A900004491846F3F7C0F800BF0BB05DF804FB3B
:100AA00004210020E86F030000B585B0019000919B
:100AB000019B002B01D10E231DE0019B009A1A61BE
:100AC000019B17221A80019B17225A80019B1B222F
:100AD0001A71002303930AE0039BDB00019A13447D
:100AE00006331846FFF7F1FD039B01330393039B85
:100AF000002BF1D00023184605B05DF804FB000080
:100B000000B587B001900091009B0593019B9B88E5
:100B1000ADF81230BDF81230002B40F09280019BEE
:100B20001B88552B48D0552B55DC242B32DC102B41
:100B300051DB103B142B4ED801A252F823F000BF1A
:100B40009B0B0300A50B0300D70B0300D70B03007F
:100B5000D70B0300D70B0300D70B0300D70B030001
:100B6000D70B0300D70B0300D70B0300D70B0300F1
:100B7000D70B0300D70B0300D70B0300D70B0300E1
:100B8000D70B0300D70B0300D70B0300CD0B0300DB
:100B9000C30B03003A2B0AD01DE001990598FFF71B
:100BA000E5FD19E001990598FFF740FE14E0019971
:100BB0000598FFF74CFE0FE001990598FFF790FEAE
:100BC0000AE001990598FFF7EBFE05E00199059809
:100BD000FFF724FF00E000BFBDF81230059ADB00EC
:100BE00013449B7A002B2DD0BDF81230059ADB0000
:100BF0001344DA88BDF8123011461846FFF75DFD40
:100C00000390039B002B0ED1BDF81230059ADB0038
:100C1000134400229A72BDF81230059ADB00134487
:100C20000122DA720EE0039B112B0BD0074B1B88BD
:100C30001B0443F00103039A05491846F2F7ECFF41
:100C400000E000BF07B05DF804FB00BF04210020F6
:100C5000606F030000B585B00190019B4FF6FF72F5
:100C60005A800023039305E0064B01989847039BA5
:100C700001330393039B002BF6D000BF00BF05B0E8
:100C80005DF804FB151A030082B00346ADF8063088
:100C9000BDF80630A3F580439BB2184602B07047FA
:100CA00082B00346ADF80630BDF8063003F5804348
:100CB0009BB2184602B0704782B003468DF80730E9
:100CC0009DF807309BB2A3F580439BB2184602B053
:100CD000704782B00346ADF80630BDF80630DBB28F
:100CE000184602B0704782B00346ADF80630BDF832
:100CF0000630B3F5404F07D3BDF806304FF6FF720C
:100D0000934201D0012300E0002303F00103DBB292
:100D1000184602B0704782B00346ADF80630BDF801
:100D20000630B3F5404F07D3BDF806304FF6FF72DB
:100D3000934201D0012300E0002303F00103DBB262
:100D4000184602B0704782B003468DF807309DF810
:100D50000730072B13D09DF80730012B0FD09DF8DB
:100D60000730082B0BD09DF80730052B07D09DF8D6
:100D70000730062B03D09DF80730042B01D1012347
:100D800000E0002303F00103DBB2184602B0704715
:100D900000B589B003460091ADF8063003AB0022E0
:100DA0001A605A609A60DA601A6107238DF80C3075
:100DB000BDF80630ADF81030009B059303AB184624
:100DC000FFF748FF00BF09B05DF804FB00B589B02C
:100DD00001AB08220021184604F0F8FE4FF6FF7020
:100DE00001F044FA0346ADF81E300CE0BDF81E30A9
:100DF000184601F08DF9BDF81E30184601F036FA9C
:100E00000346ADF81E30BDF81E304FF6FF72934218
:100E10000ED0BDF81E301846FFF736FF03461846C1
:100E200001AA03AB1946F6F722FB03460A2BDDD0D5
:100E30001A4B1B7883F00103DBB2002B29D0BDF8DD
:100E40001E304FF6FF72934223D0144B01221A70CA
:100E5000BDF81E301846FFF717FF0346ADF81C30EB
:100E6000BDF81C301846F6F771FA0690069B082B61
:100E700003D10B4B01221A700BE0069B002B08D00C
:100E8000064B00221A70BDF81E3006991846FFF76F
:100E90007FFF00BF09B05DF804FB00BFB73400203E
:100EA000B634002000B587B003460092ADF8063096
:100EB0000B468DF805309DF805301846FFF743FFC7
:100EC00002AB08220021184604F080FEBDF806306F
:100ED0001846FFF7D9FE0346ADF816309DF80530E9
:100EE0001846FFF7E9FE0346ADF8143002ABBDF833
:100EF0001410BDF81600009AF6F790FA0490049BBF
:100F0000002B01D0052300E00023184607B05DF850
:100F100004FB00B589B06B4608220021184604F096
:100F200055FE0720FFF7C8FE0346ADF81E3016E059
:100F300002AA04AB11461846F6F7D6F8029B9B8826
:100F40001846FFF7ADFE0346ADF81C3004AB18465B
:100F5000F6F706F9BDF81C30184601F0A1F86A460C
:100F600004A9BDF81E301846F6F76EFA0346002BAA
:100F7000DED000BF00BF09B05DF804FB00B589B04A
:100F8000019003AB00221A605A609A60DA601A611D
:100F9000019B9B891846FFF783FE0346ADF810308E
:100FA000019B1B78052B6FD0052B79DC032B02DC12
:100FB000002B03DC74E0042B3DD071E0019B9B8986
:100FC0001846FFF790FE0346002B07D1019BDB89F3
:100FD0001846FFF7A0FE0346002B63D0019BDB8978
:100FE0001846FFF776FE03468DF81430019B1B78F8
:100FF000032B0CBF01230023DBB28DF81530019BBE
:101000009B680693019B5B68002B09D108238DF830
:101010000C309DF81C3043F001038DF81C3005E0C6
:1010200009238DF80C30019B5B68079303AB1846CE
:10103000FFF710FE36E0019B9B891846FFF753FE31
:101040000346002B30D0019BDB89002B2CD1019B68
:101050005B68002B08D10A238DF80C30BDF81030E6
:10106000184601F055F802E00B238DF80C30154BB3
:1010700000221A70144B00221A70FFF7A7FE03AB70
:101080001846FFF7E7FD0FE013238DF80C304FF6FD
:10109000FF73ADF8103003AB1846FFF7DBFD04E03B
:1010A00000BF02E000BF00E000BF064B1B78002B32
:1010B00004D0044B00221A70FFF788FE00BF09B06D
:1010C0005DF804FBB6340020B734002000B583B0CF
:1010D0000E48F5F70BFF0190019B002B01D0032375
:1010E0000FE0F5F771FF0190019B002B01D08623E3
:1010F00007E000F06DFFFFF70CFF054B01221A70AF
:101100000023184603B05DF804FB00BF7D0F030009
:10111000B534002000B58DB0029201930346ADF8BE
:101120000E300B468DF80D30BDF80E30FF2B01D977
:1011300007234DE09DF80D301846FFF704FE0346E7
:1011400083F00103DBB2002B01D0072340E007AAA4
:101150009DF80D10BDF80E301846FFF7A3FE0B905A
:101160000B9B002B01D0052332E005AA07AB1146EB
:101170001846F5F7B9FF0B900B9B002B01D0052308
:1011800026E0029B9DF80D209A70059B5A88029BD1
:101190001A80019B002B03D1069A029B5A6012E031
:1011A000029B1B889B000A93019B1B680A9A9A4228
:1011B00007D8029B5B6806990A9A184604F0D4FC8B
:1011C00001E0042304E007AB1846F5F7C9FF00234C
:1011D00018460DB05DF804FB08B50822002102484E
:1011E00004F0F4FC00BF08BDB834002000B58DB099
:1011F0000346029101928DF80F309DF80F3018468A
:10120000FFF7A1FD034683F00103DBB2002B01D001
:10121000012338E09DF80F301846FFF74DFD0346D7
:10122000ADF82E3007A9BDF82E30194A1846F6F74A
:101230000BF90346002B01D0002324E005AA07ABDD
:1012400011461846F5F750FF0A900A9B002B01D073
:10125000002318E0019B9DF80F209A70059B5A8887
:10126000019B1A80069A019B5A60059B9B88184631
:10127000FFF716FD03461A46029B1A8007AB184675
:10128000F5F76EFF012318460DB05DF804FB00BFB3
:10129000B834002000B585B001900091019B9B7887
:1012A0001846FFF750FD034683F00103DBB2002B25
:1012B00001D007231AE0019B1B8819460098F5F717
:1012C00097FF0390039B092B0BD0039B092B0CD892
:1012D000039B002B03D0039B072B04D005E00023C6
:1012E00004E0092302E0862300E00323184605B04A
:1012F0005DF804FB00B585B0019001AB1846F5F729
:10130000A7FF0390039B002B01D0032300E00023E1
:10131000184605B05DF804FB00B58DB0029101924E
:1013200000930346ADF80E30BDF80E30FF2B01D907
:10133000072382E0029B9B781846FFF704FD0346D3
:1013400083F00103DBB2002B01D0072375E0BDF869
:101350000E301846FFF798FC0346ADF82030029B8C
:101360009B781846FFF7A8FC0346ADF82230029B95
:101370005B680993029B1B880A93029B997805AAD4
:10138000BDF80E301846FFF78DFD0B900B9B052B1B
:1013900012D1019B002B07D108AA05AB11461846B4
:1013A000F5F79CFF0B9015E001AA08A905AB1846BC
:1013B000F5F7A3FF0B900DE0019B002B03D001ABD1
:1013C0001846F5F745FF08AA05AB11461846F5F78C
:1013D000A9FF0B900B9B0E2B2ED801A252F823F0E5
:1013E0001D140300391403003914030039140300D9
:1013F00039140300391403003914030035140300B1
:1014000031140300391403003914030039140300A4
:10141000391403003914030031140300009B002B1E
:1014200004D005AB00991846F6F734F8002304E021
:10143000112302E0862300E0032318460DB05DF877
:1014400004FB00BF08B54FF6FF7000F029FE03460D
:10145000184608BD00B583B00346ADF80630BDF8A8
:101460000630FF2B01D9072307E0BDF806301846E8
:1014700000F028FEFFF7AAFC0023184603B05DF831
:1014800004FB00B583B00346ADF80630BDF8063066
:10149000184600F057FE0346184603B05DF804FBFB
:1014A00000B583B00346ADF80630BDF806301846E7
:1014B00000F0A8FE0346184603B05DF804FB00B533
:1014C00083B00346ADF80630BDF80630184600F08C
:1014D000CDFE0346184603B05DF804FB82B00190D0
:1014E000019B4FF6FF721A80019BFF229A70019BAD
:1014F000FF225A73019A937B23F002039373019A9C
:10150000937B23F001039373019B00221A73019BC9
:1015100000225A60019B00229A6000BF02B070470F
:1015200084B003460091ADF80630009B1B6803931E
:1015300013E00D4A039B1B0113441B88BDF80620D2
:101540009A4207D1009B039A1A60039B1B01064A2B
:10155000134406E0039B01330393039B012BE8D95B
:101560000023184604B07047D434002000B585B07D
:1015700003460A46ADF8063013468DF805300023C1
:10158000029302AABDF8063011461846FFF7C8FFBD
:1015900003900AE0029B0133029302AABDF80630D1
:1015A00011461846FFF7BCFF0390039B002B17D092
:1015B000039B9B789DF805209A42EBD1039B9B7B74
:1015C00003F00203DBB2002BE4D1039B9B7B03F00F
:1015D0000103DBB2002BDDD1039B9B68002BD9D12B
:1015E000039B184605B05DF804FB000084B0019031
:1015F0000023039310E00C4A039B1B0113440833A0
:101600001B68019A9A4204D1039B1B01064A1344AA
:1016100006E0039B01330393039B012BEBDD0023C7
:10162000184604B0704700BFD434002008B5FF212D
:101630004FF6FF70FFF79AFF0346184608BD0000FB
:1016400000B585B00190002303930CE0019B5A7B09
:10165000039BDBB21344DBB21946094801F068FB77
:10166000039B01330393019B1B7B1A46039B93420D
:10167000ECD30198FFF732FF00BF05B05DF804FB23
:10168000C434002000B583B001900B46ADF80230A1
:1016900013468DF80130019B002B13D0FFF7C6FFD6
:1016A0000246019B1A60019B1B68002B0CD0019B1A
:1016B0001B68BDF802201A80019B1B689DF8012061
:1016C0009A7002E000BF00E000BF03B05DF804FBC9
:1016D00000B585B001900023039308E0084A039BFE
:1016E00052F8233001989847039B01330393039BDF
:1016F000032BF3D900BF00BF05B05DF804FB00BFAA
:101700003070030000B583B00023019309E0019B12
:101710001B01084A13441846FFF7E0FE019B013302
:101720000193019B012BF2D900BF00BF03B05DF80C
:1017300004FB00BFD434002086B0039001921A4607
:101740000B468DF80B301346ADF80830BDF8083065
:101750001A46920013441B01ADF81630039B9DF806
:101760000B209A70039B019A5A60BDF81630033320
:101770009B109AB2039B1A8000BF06B0704700B559
:1017800085B00390019200930B468DF80B30009BBF
:101790009BB29DF80B10019A0398FFF7CDFF00BF95
:1017A00005B05DF804FB000082B00190019B9B78BE
:1017B000013B072B27D801A252F823F0E5170300BD
:1017C0000718030007180300071803000718030091
:1017D000ED170300DD170300F5170300019B14222A
:1017E0001A8011E0019B01221A800DE0019B012269
:1017F0001A8009E0019B5B689B8809339B089AB2B9
:10180000019B1A8000E000BF00BF02B0704700BF1C
:1018100000B587B001900023059302AB00221A6047
:101820005A60019B9B788DF80A30019B5B7B1946BF
:101830003D4801F04BFA0490049B002B01D1032397
:101840006DE0019B9978019B1B7B02A8049AFFF72E
:1018500096FF02AB1846FFF7A7FF019B1888019B74
:101860005A68019B083302A9FFF756FD0590019BBA
:101870009B7B03F00203DBB2002B0BD0019B9B7B15
:1018800003F00103DBB2002B04D0284B1B68013BA3
:10189000264A1360059B862B2CD0059B862B39D8B6
:1018A000059B112B14D0059B112B33D8059B002BC6
:1018B00003D0059B072B30D02CE0019A937B23F0BB
:1018C00002039373019A937B23F00103937325E042
:1018D000164B1B680133154A1360019A937B43F042
:1018E00002039373019A937B23F001039373002304
:1018F000059313E00D4B1B6801330C4A1360019AEA
:10190000937B23F002039373019A937B43F00103CB
:10191000937303E00323059300E000BF059B184683
:1019200007B05DF804FB00BFC4340020F43400208D
:1019300000B589B001900198FFF76AFF0790079BF7
:10194000002B19D04FF6FF73ADF80A30019B1B88AE
:10195000ADF80C30079B862B03D106238DF8083099
:1019600004E007238DF80830079B049302AB184668
:10197000FFF7AEFE002300E00123184609B05DF832
:1019800004FB000000B585B003468DF807301F4BFF
:101990001B68002B34D0002303932DE01C4A039BCB
:1019A0001B01134408339B79C3F34003DBB2002BC4
:1019B0000ED1174A039B1B01134408339B79C3F3D1
:1019C0000003DBB2002B14D09DF80730002B10D0A1
:1019D000039B1B010E4A13441846FFF7A9FF034659
:1019E0008DF80B309DF80B3083F00103DBB2002B38
:1019F00008D1039B01330393039B012BCED902E053
:101A000000BF00E000BF05B05DF804FBF434002027
:101A1000D434002000B585B0019001238DF80F303B
:101A200000238DF80E30019BDB681846FFF7DEFDC2
:101A30000290019B1B78132B29D0132B2BDC082B36
:101A400002D0092B0BD026E0019B5B7A002B24D11E
:101A5000029B002B21D00298FFF7F2FD1DE0019BB5
:101A60005B7A002B1BD1029B002B18D0144B1B68F8
:101A70000133134A1360029B00229A60029A937BFF
:101A800043F00203937300238DF80F3007E0012326
:101A90008DF80E3004E000BF02E000BF00E000BFA0
:101AA0009DF80F30002B02D00198FFF711FE9DF832
:101AB0000E301846FFF766FF00BF05B05DF804FB67
:101AC000F434002000B587B0FFF71CFE50230293CA
:101AD0000223019301230093094BA02209490A48DC
:101AE00001F052F80590059B002B01D0032303E081
:101AF000064B01221A700023184607B05DF804FB5C
:101B000098350020F8340020C4340020C034002070
:101B100008B5FFF797FC0346184608BD00B587B027
:101B20000346ADF8063000230393002305930023FA
:101B3000029302AABDF8063011461846FFF7F0FCE2
:101B400004901BE0049B9A78BDF8063011461846B5
:101B500000F028F90390039B002B04D0039B052B76
:101B600001D003230593029B0133029302AABDF81F
:101B7000063011461846FFF7D3FC0490049B002B57
:101B8000E0D1059B002B10D1BDF806301846FFF7B9
:101B900061FC0390039B002B07D0039B072B02D112
:101BA0000723059301E003230593059B184607B01F
:101BB0005DF804FB00B583B003460092ADF8063033
:101BC0000B468DF805309DF80510BDF80600002382
:101BD000009AFFF79FFA0346184603B05DF804FB2E
:101BE00010B588B0029201930346ADF80E300B4653
:101BF0008DF80D30019B002B01D10E23CCE09DF818
:101C00000D30072B05D09DF80D30082B01D0072390
:101C1000C2E0029B002B0DD0029B022B0AD8BDF81C
:101C20000E301846FFF72DFC034683F00103DBB2AC
:101C3000002B01D00723AFE000238DF81F300023D5
:101C40008DF81E309DF80D20BDF80E301146184657
:101C5000FFF78CFC03460593059B002B03D1012362
:101C60008DF81E3045E0059B1B7B1A46029B934274
:101C700020D900238DF81D300EE0059B5A7B9DF87E
:101C80001D301344DBB21946454801F051F89DF868
:101C90001D3001338DF81D30059B1B7B9DF81D20E9
:101CA0009A42EAD3059B1846FFF718FC01238DF8EA
:101CB0001E301EE0059B1B7B1A46029B934218D2E6
:101CC000029B8DF81C300EE0059B5A7B9DF81C3062
:101CD0001344DBB21946324801F02AF89DF81C3053
:101CE00001338DF81C30059B1B7B9DF81C209A420C
:101CF000EAD39DF81E30002B0CD09DF80D20BDF8C6
:101D00000E1005AB1846FFF7BDFC059B002B01D15B
:101D1000112341E0059B5B7BFF2B13D1059C0299AE
:101D20001F4800F06EFF03466373059B5B7BFF2B30
:101D300005D1059B1846FFF7D1FB11232CE00123A9
:101D40008DF81F30059B029AD2B21A73059B5B7BFC
:101D50001946134800F0BAFF0690069B002B01D1EC
:101D6000032319E0029B9BB29DF80D10069A01987F
:101D7000FFF7E2FC9DF81F30002B0CD09DF80D30D2
:101D8000082B08D1019B1B889B009AB2019B5B68C2
:101D9000063A92B29A800023184608B010BD00BFE0
:101DA000C434002000B585B003460A46ADF80630BD
:101DB00013468DF80530002303939DF80520BDF8E8
:101DC000063011461846FFF7D1FB0290029B002B0C
:101DD00001D1052312E0029B5B68002B0AD0029B15
:101DE0005B681846FFF786FA0390039B002B01D02F
:101DF000032303930298FFF723FC039B184605B0C7
:101E00005DF804FB00B589B003460A46ADF806301C
:101E100013468DF805309DF80530072B05D09DF849
:101E20000530082B01D0072341E0002307939DF8DC
:101E30000520BDF8063011461846FFF797FB0690BF
:101E4000069B002B01D1052331E0069B5B68002B2C
:101E50002CD1069B5B7B1946174800F037FF059095
:101E600003AB00221A605A609DF805308DF80E30E1
:101E7000059B002B01D1032319E0069B1B7B9DF8DA
:101E8000051003A8059AFFF77AFC03AB1846FFF785
:101E90008BFC069B1A1D03AB11461846FFF7FAF997
:101EA0000790079B092B01D1032300E0079B1846ED
:101EB00009B05DF804FB00BFC434002000B585B054
:101EC0000346ADF806300B468DF805301346ADF8E5
:101ED00002309DF80530072B05D09DF80530082B02
:101EE00001D0072319E09DF80520BDF80630114602
:101EF0001846FFF73BFB0390039B002B01D1052302
:101F00000BE0039BBDF802201A80039B9DF805207F
:101F10009A700398FFF77CFC0346184605B05DF8FD
:101F200004FB00B583B00346ADF80630BDF80630BB
:101F30001846FFF7B5FA0346184603B05DF804FBF0
:101F400000B583B00346ADF80630BDF8063018463C
:101F5000FFF7B5FA0346184603B05DF804FB00B579
:101F600085B003460092ADF806300B468DF805307B
:101F7000009B1B889B00039303AB9DF80510BDF8E5
:101F80000600009AFFF7C6F80346184605B05DF84C
:101F900004FB00B585B0034602910192ADF80E3006
:101FA000BDF80E00019B00220299FFF7B5F9034628
:101FB000184605B05DF804FB00B583B001904022DF
:101FC0000021019803F002FE00BF03B05DF804FB9E
:101FD00008B50748FFF7F0FF4FF48071044800F0A0
:101FE0000CFF4FF48071034800F007FF00BF08BDED
:101FF0009C350020BC35002000B585B0034600911B
:10200000ADF806304FF6FF73ADF80E30BDF8063070
:102010004FF6FF72934211D14FF48071009800F097
:102020006BFF0346ADF80E30BDF80E30B3F5807F80
:102030001CD14FF6FF73ADF80E3017E0BDF8063037
:10204000FF2B13D8BDF806301946009800F0EBFEC0
:1020500003468DF80D309DF80D30002B02D0BDF8F1
:10206000063001E04FF6FF73ADF80E30BDF80E30CC
:10207000184605B05DF804FB00B583B00346009137
:10208000ADF80630BDF80630FF2B05D8BDF8063098
:102090001946009800F0EAFE00BF03B05DF804FBAB
:1020A00000B583B00346ADF80630BDF806300449EC
:1020B0001846FFF7A1FF0346184603B05DF804FB7E
:1020C0009C35002000B585B00346ADF80630BDF85C
:1020D00006304FF6FF72934201D1002311E0BDF8A4
:1020E00006300A491846FFF787FF0346ADF80E3061
:1020F000BDF80E20BDF806309A420CBF0123002324
:10210000DBB2184605B05DF804FB00BFBC3500200B
:1021100000B583B00346ADF80630BDF80630074978
:102120001846FFF7A9FFBDF8063005491846FFF726
:10213000A3FF00BF03B05DF804FB00BF9C35002087
:10214000BC35002000B583B00346ADF80630BDF8BD
:102150000630FF2B07D8BDF806301946044800F0BA
:1021600002FF034600E00023184603B05DF804FBBD
:102170009C35002000B583B00346ADF80630BDF8AD
:102180000630FF2B07D8BDF806301946044800F08A
:10219000EAFE034600E00023184603B05DF804FBA6
:1021A000BC35002000B585B003460091ADF806307F
:1021B000BDF806304FF6FF72934204D0BDF80630EA
:1021C00001339BB200E00023ADF80E3010E0BDF803
:1021D0000E301946009800F0C6FE0346002B02D0D0
:1021E000BDF80E300AE0BDF80E300133ADF80E3008
:1021F000BDF80E30FF2BEAD94FF6FF73184605B035
:102200005DF804FB00B583B00346ADF80630BDF8B9
:10221000063015491846FFF7C5FF0346ADF80630EE
:1022200016E0BDF806301846FFF7A4FF034683F01A
:102230000103DBB2002B02D0BDF8063010E0BDF880
:10224000063009491846FFF7ADFF0346ADF80630E2
:10225000BDF806304FF6FF729342E2D1BDF806306A
:10226000184603B05DF804FB9C35002000B583B030
:102270000346ADF80630BDF8063004491846FFF7AE
:1022800091FF0346184603B05DF804FBBC350020FF
:1022900000B585B001900023039308E0094A039B31
:1022A00052F8233001989847039B01330393064B60
:1022B0001B781A46039B9342F0DB00BF00BF05B0BA
:1022C0005DF804FBEC350020F835002000B583B044
:1022D000002300220B490C4800F0C0FB0190019B39
:1022E000002B02D0019B052B01D1012300E000232C
:1022F00003F00103DAB2054B1A7000BF03B05DF8BA
:1023000004FB00BFE4350020E8350020DD35002067
:1023100000B58FB0019001238DF83730019B9B8869
:102320001846FEF799F803461A46019B5A80019B0E
:102330001B78083B032B00F2D58001A252F823F052
:1023400051230300DD230300132403009924030019
:10235000019B5B7A002B28D16C4B1B68002B10D0A3
:10236000019BDA68694B1B689A420AD1674B0022CD
:102370001A60019B9A88664B1A80019B0022DA60E2
:10238000B2E0644B1B78002B00F0AE80019B9A8872
:102390005F4B1B889A4240F0A780019B1B7A062B5B
:1023A00040F0A280FFF792FF9EE0019B5B7A012B39
:1023B00040F09A80574B1B78002B00F09580019BD2
:1023C0009A88534B1B889A4240F08E80019B1B7A5F
:1023D000062B40F08980FFF779FF85E0019B5B7A4F
:1023E000002B40F08380494B1B68002B7ED0019B63
:1023F000DA68464B1B689A4278D1444B00221A6037
:10240000454B1B68013B444A1360019B0022DA6084
:102410006CE0424B1B78002B31D04FF6FF70FFF77A
:1024200080FD03461A464FF6FF739A4227D14FF6B6
:10243000FF70FFF785FD03461A464FF6FF739A4279
:102440001DD1364B00221A7008AB14220021184609
:1024500003F0BCFB0C238DF820304FF6FF73ADF872
:1024600024304FF6FF73ADF8223000238DF837305B
:102470000198FFF70DFF08AB1846FFF709FF254B42
:102480001B78002B34D0019B9A88214B1B889A42E1
:102490002ED1FFF71BFF2BE0204B1B78002B29D000
:1024A0001E4B00221A7003AB14220021184603F0C1
:1024B0008DFB0D238DF80C304FF6FF73ADF8103007
:1024C0004FF6FF73ADF80E30019B9B680593002318
:1024D0008DF837300198FFF7DBFE03AB1846FFF7A6
:1024E000D7FE07E000BF06E000BF04E000BF02E047
:1024F00000BF00E000BF9DF83730002B02D00198EC
:10250000FFF7C6FE00BF0FB05DF804FBE03500200A
:10251000E8350020DD350020E4350020DE350020E0
:1025200000B585B00190019B002B19D0019B1B7851
:10253000022B11D1019B1B7A012B0CBF012300231D
:102540008DF80F30019B5B88074A11789DF80F20AA
:102550001846FBF7E7FF00E000BF0198FFF798FE81
:1025600005B05DF804FB00BFF935002000B583B06D
:1025700001900198FFF78CFE00BF03B05DF804FBEB
:1025800000B583B00190019B1B78002B08D1019B03
:102590005B88074A117801221846FBF7C3FF00E069
:1025A00000BF0198FFF774FE00BF03B05DF804FBA5
:1025B000F935002000B583B001900091094B1B78DC
:1025C00083F00103DBB2002B08D10198FDF74FFD2A
:1025D000019801F02FFF0198FDF78EF903B05DF827
:1025E00004FB00BFDC350020054B4FF6FF721A805C
:1025F000044B00221A60044B18221A7000BF704767
:10260000E8350020E0350020F935002000B583B022
:10261000FEF75CFD0190019B002B01D0032344E0F9
:10262000FFF750FA0190019B002B01D003233CE0FF
:1026300001F0D2FE0190019B002B01D0032334E076
:1026400001F06AF90190019B002B01D003232CE0DB
:10265000FDF70EF90190019B002B01D0032324E02C
:10266000FDF74EFA0190019B002B01D003231CE0E3
:10267000FDF734FE0190019B002B01D0032314E0F1
:10268000FFF7B2FFFBF7FCFE03461A46094B1A7030
:10269000084B1B78182B01D1032306E0064B0022C0
:1026A0001A70064B01221A700023184603B05DF819
:1026B00004FB00BFF9350020DD350020DC350020AB
:1026C00082B001900F4B1B7883F00103DBB2002B2B
:1026D00001D0082313E00C4B1B78022B01D90423F3
:1026E0000DE0094B1B781946084A019B42F821303E
:1026F000054B1B780133DAB2034B1A7000231846DE
:1027000002B07047DC350020F8350020EC350020A1
:1027100000B585B00190094B1B7883F00103DBB253
:10272000002B01D0082304E0019801F04FFF039033
:10273000039B184605B05DF804FB00BFDC350020A4
:1027400000B583B003460091ADF80630009B002B26
:1027500005D0BDF806300099184601F065FF00BFAE
:1027600003B05DF804FB000008B5054B1B7883F04F
:102770000103DBB2002B01D1FDF722F908BD00BF38
:10278000DC35002000B583B003460091ADF806307B
:102790000D4B1B7883F00103DBB2002B01D0082323
:1027A0000EE0009B002B01D10E2309E0BDF806309E
:1027B0001846FDF7ADFD03461A46009B1A8000231C
:1027C000184603B05DF804FBDC35002000B589B085
:1027D000029201930346ADF80E300B468DF80D3092
:1027E000264B1B7883F00103DBB2002B01D00823BA
:1027F00040E0029B002B01D10E233BE0019B002B0C
:1028000001D10E2336E0019B1B88DA1C019B1B883B
:10281000013B594203F0030301F0030158BF4B424F
:10282000D31A019A1288934201D0072322E005AB04
:1028300008220021184603F0C9F9019B1B880333C5
:102840009B109BB2ADF814309DF80D308DF816300A
:10285000029B069305AA9DF80D10BDF80E30184690
:10286000FFF77DFB0790BDF814309B009AB2019BE7
:102870001A80079B184609B05DF804FBDC35002080
:1028800000B585B0034602910192ADF80E30BDF857
:102890000E00019B029A0521FFF798FF0346184698
:1028A00005B05DF804FB000000B587B002921A463F
:1028B0000346ADF80E300B468DF80D301346ADF8DB
:1028C0000630204B1B7883F00103DBB2002B01D0D4
:1028D000082333E0029B002B01D10E232EE0BDF82C
:1028E0000630DA1CBDF80630013B594203F0030301
:1028F00001F0030158BF4B42D21ABDF806309A428C
:1029000001D007231AE004AB08220021184603F087
:102910005DF9BDF8063003339B109BB2ADF8103063
:102920009DF80D308DF81230029B059304A9BDF877
:102930000E30089A1846FFF72CFB0346184607B0DE
:102940005DF804FBDC35002000B587B004910393EB
:102950000346ADF816301346ADF81430BDF8142018
:10296000BDF81600039B00931346049A0521FFF758
:102970009BFF0346184607B05DF804FB00B583B023
:102980000346ADF80630094B1B7883F00103DBB238
:10299000002B01D0082305E0BDF806301846FDF7EE
:1029A000DEFD0346184603B05DF804FBDC3500206D
:1029B00000B589B0274B1B7883F00103DBB2002BF5
:1029C00001D0082342E0244B01221A704FF6FF7019
:1029D000FFF7A7FA0346ADF81E30BDF81E304FF6DC
:1029E000FF7293422BD11C4B00221A7001AB1422B0
:1029F0000021184603F0EAF80C238DF804304FF656
:102A0000FF73ADF808304FF6FF73ADF8063001AB39
:102A10001846FFF73DFC12E0BDF81E301846FFF7E0
:102A2000ADFF0690069B002B01D003230EE0BDF8FE
:102A30001E301846FFF775FA0346ADF81E30BDF894
:102A40001E304FF6FF729342E6D10023184609B0BC
:102A50005DF804FBDC350020DE35002000B58DB0CC
:102A60000390029101920093464B1B7883F001037F
:102A7000DBB2002B01D0082380E04FF6FF70FFF798
:102A800050FA0346ADF82E300023069304AB002223
:102A90001A605A600123ADF8103006AB059304AA02
:102AA000BDF82E3006211846FFF759FA0A90002388
:102AB00009934FF0FF3308934FF6FF73ADF81E30C4
:102AC0004FF6FF73ADF81C300A9B072B2AD1052364
:102AD00054E00A9B052B01D100230693069B099A1B
:102AE0009A4205D8069B0993BDF82E30ADF81E30EA
:102AF000069B089A9A4205D9069B0893BDF82E308A
:102B0000ADF81C30BDF82E301846FFF70AFA034620
:102B1000ADF82E3004AABDF82E3006211846FFF776
:102B20001EFA0A900A9B002BD3D00A9B052BD0D00B
:102B3000BDF82E304FF6FF7293421CD100230A934A
:102B4000039B002B03D0039BBDF81E201A80029B21
:102B5000002B02D0029B099A1A60019B002B03D024
:102B6000019BBDF81C201A80009B002B05D0009B08
:102B7000089A1A6001E003230A930A9B18460DB0D5
:102B80005DF804FBDC35002000B585B003900291B0
:102B900001920093039B002B2ED0029B002B2BD085
:102BA000009B002B28D0079B089A02FB03F3019A95
:102BB0009A4221D3079B0733DB08069A9A421BD31C
:102BC000079B002B18D0089B002B15D0039B029A63
:102BD0001A60039B009A5A60039B079A9A60039BB2
:102BE000089ADA60039B5B68079A92B2114618460E
:102BF00000F003F9002300E00723184605B05DF854
:102C000004FB00B585B001900091019B002B07D01B
:102C1000019B1B68002B03D0019B5B68002B01D13B
:102C2000FF234FE0FF238DF80F3000238DF80E3087
:102C300041E0019B5B689DF80E2092B21146184658
:102C400000F0F1F80346002B13D09DF80F30FF2B56
:102C500003D19DF80E308DF80F309DF80E209DF8B1
:102C60000F30D31A5A1C009B9A421FD19DF80F3087
:102C700028E09DF80F30FF2B18D09DF80F308DF80D
:102C80000D300AE09DF80D301946019800F050F81B
:102C90009DF80D3001338DF80D309DF80D209DF815
:102CA0000E309A42EED3FF238DF80F309DF80E3090
:102CB00001338DF80E309DF80E20019B9B689A42DF
:102CC000B7D3FF23184605B05DF804FB00B583B009
:102CD00001900B468DF80330019B002B07D0019B20
:102CE0001B68002B03D0019B5B68002B01D10023E4
:102CF0001AE09DF80330FF2B15D0019B5B689DF80F
:102D0000032092B21146184600F02DF90346002B1D
:102D100009D0019B1A689DF803300199C96801FB2D
:102D200003F3134400E00023184603B05DF804FBEE
:102D300000B583B001900B468DF80330019B002B4A
:102D400020D0019B1B68002B1CD0019B5B68002BD3
:102D500018D09DF80330FF2B14D0019B5B689DF8C1
:102D6000032092B21146184600F0FDF80346002BEE
:102D700008D0019B5B689DF8032092B2114618466B
:102D800000F074F800BF03B05DF804FB00B585B037
:102D900001900B468DF8033000238DF80F30019B16
:102DA0001A789DF803301340DBB2002B1FD10023AB
:102DB0008DF80E300DF10E031846F2F741FC019B21
:102DC0001A789DF803301340DBB2002B0AD1019B27
:102DD0001A789DF803301343DAB2019B1A7001236D
:102DE0008DF80F309DF80E301846F2F73FFC9DF835
:102DF0000F30184605B05DF804FB00B583B00190B4
:102E00000B46ADF80230019B002B08D0BDF8023014
:102E10000733DB101A460021019802F0D7FE00BFED
:102E200003B05DF804FB00B583B001900B46ADF82C
:102E30000230019B002B14D0BDF80230DB089BB29E
:102E40001A46019B1A44BDF8023003F00703012122
:102E500001FA03F3DBB219461046FFF797FF03466A
:102E600000E00023184603B05DF804FB00B585B010
:102E700001900B46ADF80230BDF80230DB089BB282
:102E80008DF80F30BDF8023003F00703012202FA7B
:102E900003F38DF80E30019B002B29D09DF80F30E5
:102EA000019A13441A789DF80E301340DBB2002BC0
:102EB0001ED000238DF80D300DF10D031846F2F7EA
:102EC000BFFB9DF80F30019A13441B785AB29DF94D
:102ED0000E30DB435BB2134059B29DF80F30019ABC
:102EE0001344CAB21A709DF80D301846F2F7BEFBB3
:102EF00000BF05B05DF804FB00B585B001900B463E
:102F0000ADF80230019B002B27D00023ADF80E3026
:102F10001DE0BDF80E30DB089BB21A46019B1A4437
:102F2000BDF80E3003F00703012101FA03F3DBB211
:102F300019461046FFF72AFF0346002B02D0BDF8C2
:102F40000E300CE0BDF80E300133ADF80E30BDF898
:102F50000E20BDF802309A42DBD3BDF8023018468D
:102F600005B05DF804FB82B001900B46ADF802306D
:102F7000019B002B16D0BDF80230DB089BB21A462D
:102F8000019B13441B781946BDF8023003F0070378
:102F9000012202FA03F30B40002B14BF012300238C
:102FA000DBB200E00123184602B070477EDF7047B5
:102FB00000BF18467FDF704700BF184686DF7047A6
:102FC00000BF184600B583B00346ADF80630064B87
:102FD0001A78BDF8063011461846FBF779FA034611
:102FE000184603B05DF804FB8824002000B583B0C8
:102FF0000346ADF80630064B1A78BDF80630114688
:103000001846FBF765FA0346184603B05DF804FB63
:103010008924002000B583B00346ADF80630064B86
:103020001A78BDF8063011461846FBF751FA0346E8
:10303000184603B05DF804FB8A24002000B583B075
:103040000346ADF80630064B1A78BDF80630114637
:103050001846FBF73DFA0346184603B05DF804FB3B
:103060008B24002000B583B00346ADF80630064B34
:103070001A78BDF8063011461846FBF729FA0346C0
:10308000184603B05DF804FB8C24002000B585B021
:103090000190019B5B881846FDF73AF903461A46F2
:1030A000019B9A800023039305E0074B0198984702
:1030B000039B01330393039B002BF6D000BF00BF9B
:1030C00005B05DF804FB00BFD941030000B589B02D
:1030D00003460A46ADF8063013468DF8053003ABBB
:1030E00000221A605A609A60DA601A6101238DF832
:1030F0000C30BDF80630ADF80E309DF805308DF877
:10310000143003AB1846FFF7C1FF00BF09B05DF8EC
:1031100004FB00B589B003460091ADF8063003AB5F
:1031200000221A605A609A60DA601A6107238DF8EB
:103130000C30BDF80630ADF80E30009B059303ABA4
:103140001846FFF7A3FF00BF09B05DF804FB0000BD
:1031500010B588B00446084611461A462346ADF815
:10316000063003468DF805300B46ADF802301346A5
:103170008DF8043003AB00221A605A609A60DA605E
:103180001A6103238DF80C30BDF80630ADF80E300F
:103190009DF805308DF81430BDF80230ADF81630CA
:1031A0009DF804308DF81830074B1978BDF80630BB
:1031B00000221846FBF7B6F903AB1846FFF766FF87
:1031C00000BF08B010BD00BF8824002000B585B046
:1031D0000346ADF806300B46ADF8043013468DF8C3
:1031E000033000230393BDF806301846FDF790F82E
:1031F0000346ADF80A30BDF806301846FFF70AFF5F
:103200000346002B01D0012300E002238DF8093092
:10321000BDF806301846FFF711FF0346002B06D015
:10322000BDF80A301846FDF79AF9039018E0BDF88A
:103230000A304FF6FF72934212D0BDF80A300721D0
:103240001846FEF7AFFD0390039B002B08D0039BAD
:10325000052B05D0BDF8063003991846FFF759FF36
:103260009DF80330BDF804209DF80910BDF8060054
:10327000FFF76EFF00BF05B05DF804FB00B583B03B
:103280000346ADF806300B46ADF8043013468DF812
:1032900003309DF80330BDF80420BDF8060000217E
:1032A000FFF756FF00BF03B05DF804FB00B583B025
:1032B0000346ADF806300B46ADF8043013468DF8E2
:1032C0000330BDF806301846FFF77CFE0346002B9E
:1032D0001AD0BDF806301846FFF788FE0346002BCB
:1032E00009D09DF80320BDF80410BDF8063018463B
:1032F000FFF76CFF08E09DF80320BDF80410BDF84F
:1033000006301846FFF7BAFF00BF03B05DF804FBB4
:1033100000B583B00346ADF806300B468DF8053096
:1033200013468DF804301E4B19789DF80520BDF822
:1033300006301846FBF7F6F89DF80530002B2BD029
:10334000184B19789DF80430002B14BF012300237B
:10335000DAB2BDF806301846FBF7E4F8124B1978DC
:103360009DF80430012B0CBF01230023DAB2BDF815
:1033700006301846FBF7D6F80C4B1978BDF8063026
:1033800000221846FBF7CEF89DF80420BDF8063061
:1033900011461846FFF79AFE00BF03B05DF804FB24
:1033A00088240020892400208A2400208B240020E7
:1033B00010B584B00446084611461A462346ADF8B7
:1033C00006300346ADF804300B468DF80330134643
:1033D0008DF802309DF80330002B14D09DF8023098
:1033E000002B1AD00E4B1978BDF806300122184672
:1033F000FBF798F8BDF80420BDF8063011461846D2
:10340000FDF798F809E09DF80230002B05D0BDF8D3
:1034100004301846FDF7A3F8039000BF04B010BDB8
:103420008B24002000B589B0019000230793019BF5
:103430000C331846FCF7E5FF0346ADF81A30BDF82B
:103440001A304FF6FF72934208D1019B1B88184631
:10345000FCF75EFF0346ADF81A3007E0019B1B88BE
:10346000BDF81A2011461846FDF764F8019B1B8829
:10347000002201211846FFF74BFFBDF81A304FF626
:10348000FF72934222D002AABDF81A3007211846D3
:10349000FEF790FB0590059B002B17D1039B34335F
:1034A0000493049B1B7C03F00103DBB2002B0BD1C4
:1034B000049B03F11202019B0C3319461046FCF7E2
:1034C00077FF0346002B01D0049B0793019B1888CC
:1034D000002300220799FFF771FD0590059B002B43
:1034E0000ED0019B1888BDF81A1000230022FFF7A8
:1034F0005FFF019B1B8805991846FFF70AFE13E042
:10350000079B002B10D1019B1888BDF81A100023CF
:103510000022FFF74DFF019B1B88002241F20601AC
:103520001846FFF7ABFE00BF00BF09B05DF804FB13
:1035300000B589B00346ADF8063003AB1422002174
:10354000184602F043FB04238DF80C30BDF806301A
:10355000ADF80E3003AB1846FFF798FD00BF09B079
:103560005DF804FB00B583B003460091ADF806306A
:10357000064B1978009B1A78BDF806301846FAF702
:10358000D1FF00BF03B05DF804FB00BF8C24002016
:1035900000B585B00190019B1B793D2B02D141F212
:1035A0003D0301E04FF48853ADF80E30019B1B88BA
:1035B000BDF80E1000221846FFF778FE00BF05B0D8
:1035C0005DF804FB00B589B003460091ADF8063004
:1035D00003AB00221A605A609A60DA601A61052310
:1035E0008DF80C30BDF80630ADF80E30009B059319
:1035F00003AB1846FFF74AFD00BF09B05DF804FBB6
:1036000000B583B00190019B1B881846FAF7DEFED7
:103610000346012B0FD1019B1888019B1B7903F0F6
:103620000103DBB2002B01D0012300E002231A4684
:103630000121FFF76DFE019B1A88019B0433194697
:103640001046FFF7BFFF00BF03B05DF804FB0000AA
:1036500000B591B0019000230D93019B1B88ADF83C
:103660003230BDF832301846FAF7B0FE03468DF816
:103670003130BDF832301846FCF74AFE0346ADF84B
:103680002E30BDF82E30ADF83E3000238DF83D30A1
:10369000624B1978BDF8323000221846FAF742FF23
:1036A0009DF83130002B00F0B580019B5B7903F071
:1036B0000403DBB2002B00F083804FF6FF73ADF8FC
:1036C0003A3001238DF83D3007ABBDF82E000122C2
:1036D0000721FEF785FA0D900D9B002B09D0BDF850
:1036E00032300D991846FFF714FD00238DF83D3058
:1036F00008E0089B4FF6FF711846FCF7C5FD03462E
:10370000ADF83A30BDF83A304FF6FF72934229D007
:10371000BDF83A30ADF83E30BDF83E20BDF832304D
:1037200011461846FCF706FFBDF832301846FFF781
:1037300099FC034683F00103DBB2002B12D0BDF8E5
:1037400032301846FFF7F4FEBDF832301846FFF766
:1037500089FC034683F00103DBB2002B02D0002377
:103760008DF83D309DF83D30002B14D0BDF83E2043
:10377000BDF82E3007211846FEF7A0FB0D900D9BDB
:10378000002B08D0BDF832300D991846FFF7C1FC68
:1037900000238DF83D30BDF83A304FF6FF7293426A
:1037A0001CD0BDF832301846FFF748FC0346002B0A
:1037B00014D0BDF82E301846FCF7D1FE09900DE06C
:1037C000BDF832301846FFF739FC0346002B05D010
:1037D000BDF82E301846FCF7C2FE0A9002238DF881
:1037E0000830BDF83230ADF80A30019B5B7903F048
:1037F0000403DBB2002B01D0012300E002238DF88B
:1038000010309DF83D308DF8113002AB1846FFF7AF
:103810003DFC00E000BF11B05DF804FB88240020EF
:1038200000B583B00190019B1888019B1B79194654
:10383000019B5B79C3F30103DBB21A46FFF736FD48
:1038400000BF03B05DF804FB00B583B00190019B9D
:103850001B79002B03D10198FFF7FAFE03E00198D2
:10386000FFF7DEFF00BF00BF03B05DF804FB000000
:1038700000B589B00190019B1B881846FFF7B6FB85
:10388000034683F00103DBB2002B2CD0019B1B8885
:103890001846FAF7CDFD034683F00103DBB2002B97
:1038A00008D0019B1B88012241F206011846FFF750
:1038B000E5FC18E0019B1B880D4A11780022184690
:1038C000FAF730FE02238DF80C30019B1B88ADF80F
:1038D0000E3000238DF8143000238DF8153003AB23
:1038E0001846FFF7D3FB00BF09B05DF804FB00BF2B
:1038F0008824002000B583B00190019B1B78182B11
:1039000005D1FAF7BDFD03461A46019B1A7000BFA8
:1039100003B05DF804FB000008B51548FFF7EAFFA7
:103920001448FFF7E7FF1448FFF7E4FF1348FFF7D9
:10393000E1FF1348FFF7DEFF0D4B1B78182B0FD06C
:103940000C4B1B78182B0BD00B4B1B78182B07D06C
:103950000A4B1B78182B03D0094B1B78182B01D16D
:10396000032303E0074B01221A700023184608BD09
:1039700088240020892400208A2400208B24002011
:103980008C240020FA35002000B589B0019303464D
:10399000ADF80E300B46ADF80C3013468DF80B30F9
:1039A0000A9B002B01D103234AE005ABBDF80C00B4
:1039B00001220721FEF714F90790079B112B3ED037
:1039C000079B002B02D00323079338E0069B50226D
:1039D0000021184602F0FAF8069B9DF80B201A7099
:1039E000069B03F134020A9B1A600A9B019ADA6073
:1039F000069B03F118020A9B1A61069B5A1C0A9B3C
:103A00005A610A9B104ADA61069B03F11102BDF864
:103A10000E3011461846FCF79FFC0790079B002BC1
:103A200001D003230CE0BDF80C3007211846FEF747
:103A3000E9F90790079B052B01D1032300E0079BC1
:103A4000184609B05DF804FBFC35002000B593B0C2
:103A5000034604910392ADF81630BDF816301846AF
:103A6000FAF7B4FC03468DF83D304FF6FF73ADF81E
:103A700046300023109300238DF83F30BDF81630F8
:103A80001846FFF7DBFA03468DF83E3007AB2022DD
:103A90000021184602F09AF89DF83D30012B07D11D
:103AA000554B1978BDF8163000221846FAF73AFD42
:103AB0009DF83D30002B02D143F2020397E0049BB6
:103AC000002B03D185238DF83F3060E0049B1B78E9
:103AD00003F00103DBB2002B04D1039B0A93474B95
:103AE0000E9354E0BDF816301846FCF711FC03465F
:103AF000ADF84630BDF846304FF6FF72934211D113
:103B0000FEF706F80346ADF84630BDF846304FF6EE
:103B1000FF72934203D001238DF83E3024E003234B
:103B2000109321E09DF83D30012B1DD1BDF81630DA
:103B30001846FFF797FA034683F00103DBB2002B28
:103B400012D0BDF816301846FFF7F2FCBDF816305B
:103B50001846FFF787FA034683F00103DBB2002B18
:103B600002D085238DF83F309DF83F30852B0ED055
:103B7000109B002B0BD19DF83D20BDF84610BDF8E1
:103B8000160007AB0093039BFFF7FEFE1090109BFF
:103B9000002B16D19DF83D30012B09D107AB9DF8C4
:103BA0003F10BDF81600049AFFF704FA109008E0E1
:103BB00007AB9DF83F10BDF816000022FFF7FAF999
:103BC0001090109B002B05D19DF83F30002B01D1A8
:103BD000012300E0002303F00103DAB29DF83E3038
:103BE000BDF84610BDF81600FFF7E2FB109B184623
:103BF00013B05DF804FB00BF8C240020FC350020CE
:103C000000B585B003460091ADF80630002303935C
:103C1000009B002B06D0BDF8063000991846FFF730
:103C2000C5F90390039B184605B05DF804FB00B589
:103C300085B003460091ADF8063013468DF8053087
:103C4000BDF806301846FAF7C1FB03468DF80F3071
:103C50009DF80F30012B07D1BDF8063000991846AA
:103C6000FFF7CEFF034601E043F20203184605B01A
:103C70005DF804FB00B583B00190019B1B88113BEC
:103C8000092B35D801A252F823F000BFB53C030040
:103C9000F13C0300C13C0300CD3C0300F13C0300B8
:103CA000F13C0300F13C0300F13C0300D93C03006C
:103CB000E53C0300019B04331846FFF769FC17E05D
:103CC000019B04331846FFF79BFC11E0019B043372
:103CD0001846FFF7A7FB0BE0019B04331846FFF7DC
:103CE000B3FD05E0019B04331846FFF7C1FD00BF9B
:103CF00000BF03B05DF804FB82B00190019B002B74
:103D000014BF01230023DBB2184602B07047000045
:103D100000B585B001900023039305E0064B0198A0
:103D20009847039B01330393039B002BF6D000BFFE
:103D300000BF05B05DF804FB2125030000B585B088
:103D400003460091ADF8063013468DF80530002388
:103D50008DF80F3000238DF80E30009B862B06D196
:103D600000238DF80E3001238DF80F300FE0009BFB
:103D7000112B06D101238DF80E3000238DF80F3062
:103D800005E000238DF80E3000238DF80F309DF8EC
:103D90000530002B22D01C4B19789DF80F20BDF860
:103DA00006301846FAF7BEFB184B19789DF80E201E
:103DB000BDF806301846FAF7B5FB154B1978BDF873
:103DC000063000221846FAF7ADFB124B1978BDF801
:103DD000063000221846FAF7A5FB11E00C4B1978C3
:103DE0009DF80F20BDF806301846FAF79BFB094BEB
:103DF00019789DF80E20BDF806301846FAF792FBA8
:103E000000BF05B05DF804FB92240020912400203F
:103E10008E2400208D24002000B58BB00346029133
:103E20000192ADF80E30029B002B45D0029B112B66
:103E300042D0029B082B3FD005AB00221A605A608B
:103E40009A60DA601A61BDF80E30ADF81630BDF830
:103E50000E301846FCF75CFA0346ADF81830029BAA
:103E60000D2B19D103238DF81430019B002B08D0A2
:103E7000019B1B7803F00103DBB2002B01D001236F
:103E800000E002238DF81C3000238DF8203041F231
:103E90000113ADF81E300BE0029B862B03D10623E5
:103EA0008DF8143004E007238DF81430029B07933B
:103EB00005AB1846FFF72CFF00BF0BB05DF804FB05
:103EC00000B58BB0034602910192ADF80E30052388
:103ED0008DF81430BDF80E30ADF81630BDF80E3048
:103EE0001846FCF715FA0346ADF81830029B079305
:103EF000019B089305AB1846FFF70AFF00BF0BB004
:103F00005DF804FB10B487B0019003AB00221A6087
:103F10005A609A60074B1B680393019B1C4603ABD6
:103F200093E8070084E80700019807B05DF8044BA8
:103F3000704700BF4836002010B588B004460846D8
:103F400011461A462346ADF8063003468DF8053073
:103F50000B468DF8043013468DF803309DF805307C
:103F6000002B02D0002306931CE002AB1846FFF79B
:103F7000C9FF02AABDF8063000211846FFF7A0FFCE
:103F8000029B06934B4B1B7883F00103DBB2002BA3
:103F900008D09DF8113083F00103DBB2002B01D073
:103FA000052384E09DF80420BDF8063006991846E4
:103FB000FFF73DFE0590BDF8063000220599184632
:103FC000FFF7BCFE059B43F2020293425DD0059BC6
:103FD00043F2020293425BD8059B112B2AD8059B22
:103FE000112B55D801A252F823F000BF8B400300DB
:103FF0009140030091400300914003009140030071
:104000009140030091400300914003008B40030066
:104010009140030091400300914003009140030050
:104020008B40030091400300914003009140030046
:104030003D400300059B862B15D029E01E4B1978C7
:104040009DF80520BDF806301846FAF76BFA1B4BB1
:1040500019789DF80420BDF806301846FAF762FA80
:104060000023079317E0144B19789DF80520BDF83D
:1040700006301846FAF756FA104B19789DF80420C6
:10408000BDF806301846FAF74DFA059B079302E093
:104090000323079300BF9DF80330002B06D0BDF823
:1040A0000630069A05991846FFF7B6FE079B184694
:1040B00008B010BD4C360020902400208F24002032
:1040C00000B587B003460091ADF8063002AB184644
:1040D000FFF718FF02AABDF8063000991846FFF74F
:1040E000EFFE02990C4B1A68BDF806301846FFF730
:1040F000ADFC0590BDF80630012205991846FFF782
:104100001DFE029ABDF8063005991846FFF784FE99
:1041100000BF07B05DF804FB5036002000B583B047
:104120000190019B5A88019B9B6819461046FFF736
:10413000C7FF00BF03B05DF804FB000000B585B009
:10414000019000238DF80F301C4B1B68002B03D10E
:1041500001238DF80F3024E0194B1B7803F0010385
:10416000DBB2002B14BF01230023DBB21A46019BF4
:104170001B7A9A4203DA01238DF80F3011E0104BBD
:104180001B7803F00203DBB2002B14BF01230023D2
:10419000DBB21A46019B5B7A9A4202DA01238DF860
:1041A0000F30019B58889DF80F1001230022FFF764
:1041B000C3FE029000BF05B05DF804FB4836002046
:1041C0004036002000B583B001900198FFF7A0FDB4
:1041D00000BF03B05DF804FB00B583B00190019B04
:1041E0001B78052B02D0122B04D006E00198FFF7B4
:1041F00095FF06E00198FFF7A1FF0198FFF7E2FFA6
:1042000000BF00BF03B05DF804FB000000B599B02B
:1042100003468DF807309DF807301846FAF7ACF9D9
:1042200016901698FFF768FD0346002B4CD003ABA1
:104230001846FAF713F90023179341E0179B5B0028
:1042400060336B4433F8503C9DF807201146184604
:10425000FAF73EF903468DF857309DF85730002B9A
:104260002BD0179B5B0060336B4433F8503C184AEB
:10427000127811461846FAF72BF903468DF8563096
:10428000179B5B0060336B4433F8503C114A127843
:1042900011461846FAF71CF903468DF85530179B5E
:1042A0005B0060336B4433F8500C9DF856209DF84A
:1042B00055100123FFF740FE1490179B013317930D
:1042C000039B179A9A42B9D300BF19B05DF804FB5B
:1042D0008F2400209024002000B597B003468DF86D
:1042E00007309DF807301846FAF746F914901498ED
:1042F000FFF702FD0346002B2AD002AB1846FAF75F
:10430000ADF8002315931FE0159B5B0058336B44F9
:1043100033F84C3C9DF8072011461846FAF7D8F8B8
:1043200003468DF84F309DF84F30002B09D0159B78
:104330005B0058336B4433F84C3C00211846FFF7C0
:10434000BFFE159B01331593029B159A9A42DBD34E
:1043500000BF17B05DF804FB00B583B00190019B6E
:104360001B780B2B02DC082B0CDA16E0132B14D174
:104370000C4B1B781846FFF7AFFF0B4B1B7818460A
:10438000FFF744FF094B1B781846FFF7A5FF084BC2
:104390001B781846FFF73AFF00E000BF00BF03B0EC
:1043A0005DF804FB922400208E240020912400203C
:1043B0008D24002000B583B00190019B1B78182B41
:1043C00005D1FAF75DF803461A46019B1A7000BF43
:1043D00003B05DF804FB000008B50F48FFF7EAFFE3
:1043E0000E48FFF7E7FF0E48FFF7E4FF0D48FFF721
:1043F000E1FF0D48FFF7DEFF0C48FFF7DBFF0B4B3B
:104400001B78182B01D1032303E0094B01221A70FA
:104410000023184608BD00BF8D2400208E240020F4
:104420008F2400209024002091240020922400203A
:104430003C36002000B583B001900198FFF71AFCCC
:10444000044B1B781846FFF7E1FE00BF03B05DF890
:1044500004FB00BF8D24002082B00190019B002B43
:1044600001D10023AEE0019B1B7803F00203DBB215
:10447000002B08D1019B1B7823F07F03DBB2002BBC
:1044800001D000239EE0019B1B78C3F30213DBB233
:10449000042B01D9002395E0019B1B7803F0020354
:1044A000DBB2002B0FD0019B1B7803F07003DBB253
:1044B000302B08D1019B1B7823F07F03DBB2002B4C
:1044C00001D100237EE0019B5A78019B9B789A42A0
:1044D00001D9002376E0019B5B78062B01D80023ED
:1044E00070E0019B9B78102B01D900236AE0019BAF
:1044F000DB7803F00403DBB2002B06D1019B1B79B0
:1045000003F00403DBB2002B01D000235AE0019B2F
:10451000DB7803F00803DBB2002B06D1019B1B798B
:1045200003F00803DBB2002B01D000234AE0019B1B
:104530001B7803F00103DBB2002B1DD1019BDB785C
:1045400003F00103DBB2002B14D1019BDB7803F0F5
:104550000203DBB2002B0DD1019B1B7903F0010399
:10456000DBB2002B06D1019B1B7903F00203DBB207
:10457000002B01D0002325E0019B1B7803F00103F1
:10458000DBB2002B1DD0019BDB7803F00103DBB213
:10459000002B16D1019BDB7803F00203DBB2002B6A
:1045A0000FD1019B1B7903F00103DBB2002B08D173
:1045B000019B1B7903F00203DBB2002B01D1002326
:1045C00000E00123184602B07047000000B583B038
:1045D0000190019B002B07D1104B00221A60104B59
:1045E00001221A70002314E00198FFF735FF0346FB
:1045F000002B0DD00B4B019A1068186012791A71BC
:10460000064B084A1A60064B01221A70002300E08C
:104610000723184603B05DF804FB00BF48360020AE
:104620004C3600204036002000B583B00346009190
:10463000ADF80630BDF8063000991846FEF792FF37
:1046400000BF03B05DF804FBBFF34F8F00BF074B03
:10465000DB6803F4E0620549054B1343CB60BFF30D
:104660004F8F00BF00BF00BFFCE700BF00ED00E0C0
:104670000400FA05024B034A1A6000BF704700BFEE
:10468000942400200090D00308B500F05DF90346A3
:10469000002B06D09B4B1B681B0A9B4A03F01F0391
:1046A000136000F07DF90346002B02D0974B984A27
:1046B0001A6000F091F90346002B06D0954B1B6859
:1046C0005B0B954A03F00703136000F0B1F9034652
:1046D000002B05D0914BDB68904A23F08073D360A8
:1046E00000F0C2F90346002B0ED04FF080430022A9
:1046F000C3F80C214FF080430022C3F810214FF083
:1047000080430022C3F8382500F0DAF90346002B75
:1047100002D0834B03221A6000F0EEF90346002B0F
:104720000BD0804B05221A607F4B01221A607F4B11
:1047300000221A607E4B3F221A6000F0F9F903460E
:10474000002B76D04FF080537A4AD3F80434C2F865
:1047500020354FF08053774AD3F80834C2F8243517
:104760004FF08053734AD3F80C34C2F828354FF019
:104770008053704AD3F81034C2F82C354FF0805370
:104780006C4AD3F81434C2F830354FF08053694A7C
:10479000D3F81834C2F834354FF08053654AD3F853
:1047A0001C34C2F840354FF08053624AD3F82034AD
:1047B000C2F844354FF080535E4AD3F82434C2F82F
:1047C00048354FF080535B4AD3F82834C2F84C3553
:1047D0004FF08053574AD3F82C34C2F850354FF07D
:1047E0008053544AD3F83034C2F854354FF08053D4
:1047F000504AD3F83434C2F860354FF080534D4AF4
:10480000D3F83834C2F864354FF08053494AD3F8AE
:104810003C34C2F868354FF08053464AD3F84034F0
:10482000C2F86C354FF08053424AD3F84434C2F892
:10483000703500F099F90346002B05D03E4B1B68FC
:104840003E4A03F04F03136000F0BAF90346002B11
:104850000DD04FF08043D3F8003403F00103002B58
:1048600005D04FF080436FF00102C3F80024344BB1
:10487000D3F88830324A43F47003C2F88830BFF36B
:104880004F8F00BFBFF36F8F00BF4FF01023D3F8DF
:104890000032002B05DB4FF01023D3F80432002B3D
:1048A0002BDA284B0122C3F8042500BF254BD3F88F
:1048B0000034002BFAD04FF010231522C3F8002249
:1048C00000BF204BD3F80034002BFAD04FF0102358
:1048D0001522C3F8042200BF1A4BD3F80034002B72
:1048E000FAD0184B0022C3F8042500BF154BD3F8AB
:1048F0000034002BFAD0FFF7A7FEFFF7BBFE00BF86
:1049000008BD00BF240300104035014074C00740BB
:104910000DF0ADBA440200103C050040F0ED00E09F
:10492000A005004010560040885600401856004030
:104930001456004000C0004058020010E40E004031
:1049400000ED00E000E00140124B1B68DBB2062BDB
:104950001DD1114B1B6803F00F03002B17D10F4B18
:104960001B6803F0F003302B01D1012310E00B4B47
:104970001B6803F0F003402B01D1012308E0074B33
:104980001B6803F0F003502B01D1012300E000234A
:1049900018467047E00F00F0E40F00F0E80F00F059
:1049A0000A4B1B68DBB2062B0DD1094B1B6803F0C9
:1049B0000F03002B07D1074B1B6803F0F003302BCC
:1049C00001D1012300E0002318467047E00F00F0FA
:1049D000E40F00F0E80F00F0124B1B68DBB2062B6F
:1049E0001DD1114B1B6803F00F03002B17D10F4B88
:1049F0001B6803F0F003302B01D1012310E00B4BB7
:104A00001B6803F0F003402B01D1012308E0074BA2
:104A10001B6803F0F003502B01D1012300E00023B9
:104A200018467047E00F00F0E40F00F0E80F00F0C8
:104A30000A4B1B68DBB2062B0DD1094B1B6803F038
:104A40000F03002B07D1074B1B6803F0F003302B3B
:104A500001D1012300E0002318467047E00F00F069
:104A6000E40F00F0E80F00F0124B1B68DBB2062BDE
:104A70001DD1114B1B6803F00F03002B17D10F4BF7
:104A80001B6803F0F003302B01D1012310E00B4B26
:104A90001B6803F0F003402B01D1012308E0074B12
:104AA0001B6803F0F003502B01D1012300E0002329
:104AB00018467047E00F00F0E40F00F0E80F00F038
:104AC0000A4B1B68DBB2062B0DD1094B1B6803F0A8
:104AD0000F03002B07D1074B1B6803F0F003302BAB
:104AE00001D1012300E0002318467047E00F00F0D9
:104AF000E40F00F0E80F00F00A4B1B68DBB2062B56
:104B00000DD1094B1B6803F00F03002B07D1074B96
:104B10001B6803F0F003302B01D1012300E00023D8
:104B200018467047E00F00F0E40F00F0E80F00F0C7
:104B30000A4B1B68DBB2062B0DD1094B1B6803F037
:104B40000F03002B07D1074B1B6803F0F003502B1A
:104B500001D1012300E0002318467047E00F00F068
:104B6000E40F00F0E80F00F0124B1B68DBB2062BDD
:104B70001DD1114B1B6803F00F03002B17D10F4BF6
:104B80001B6803F0F003302B01D1012310E00B4B25
:104B90001B6803F0F003402B01D1012308E0074B11
:104BA0001B6803F0F003502B01D1012300E0002328
:104BB00018467047E00F00F0E40F00F0E80F00F037
:104BC000124B1B68DBB2062B1DD1114B1B6803F087
:104BD0000F03002B17D10F4B1B6803F0F003302B92
:104BE00001D1012310E00B4B1B6803F0F003402BB5
:104BF00001D1012308E0074B1B6803F0F003502BA1
:104C000001D1012300E0002318467047E00F00F0B7
:104C1000E40F00F0E80F00F082B00190019B1B78D8
:104C20001AB2019B01331B781BB21B021BB2134348
:104C30001BB29BB2184602B070479CDF704700BFA2
:104C400018469DDF704700BF184600B5A5B001901B
:104C50000091019B5B89ADF88E30009BDB88BDF82D
:104C60008E209A4236D1019B9B69002B32D0009B4B
:104C70001B88BDF88E2011461846FFF7E2FF2290F0
:104C8000229B002B07D0019BDB69002B03D0019BEB
:104C9000DB6922989847019B9B692193009B0C3309
:104CA0001846FFF7B9FF0346ADF80C30009B0C33F4
:104CB00002331846FFF7B0FF0346ADF80E3003236A
:104CC0008DF80830009B1B88ADF80A3002AA219BA2
:104CD0001046984700BF25B05DF804FB00B585B0CD
:104CE0000190009100230393019B002B01D10E231F
:104CF00024E0009B002B01D10E231FE0009B1B68CA
:104D0000002B01D10E2319E020220021019800F090
:104D10005DFF019B4FF6FF729A82009B1A68019B10
:104D20009A610848FAF776F90390039B002B01D0AB
:104D3000039B03E0019B01221A70039B184605B0F8
:104D40005DF804FB4070030082B00190019B5B8919
:104D5000002B14BF01230023DBB2184602B07047BA
:104D600000B589B001900B468DF80330019B1B788C
:104D700083F00103DBB2002B01D0082336E0019B56
:104D80009B8A4FF6FF72934208D00198FFF7DCFF31
:104D9000034683F00103DBB2002B01D0082325E09A
:104DA000002307939DF80330002B01D0022300E07D
:104DB0000023ADF81A3003AB00221A605A609A60E3
:104DC00001238DF80C30019B9B89ADF80E30022336
:104DD000ADF812300DF11A030593019B9B8A03AACB
:104DE00011461846FFF729FF0790079B184609B0A0
:104DF0005DF804FB00B5A5B001900091019B1B7804
:104E000083F00103DBB2002B55D1009B0E332293BC
:104E100001238DF80830009B1B78002B3CD1009BB0
:104E20009B8841F60102934236D1009B9B79012B6E
:104E300032D10023239329E0239A1346DB00134445
:104E40005B001A46229B13441B8842F605229342BC
:104E500019D1239A1346DB0013445B001A46229BA8
:104E600013441B7903F02003DBB2002B0BD0009B13
:104E7000191D02AB04337622184600F075FE00239C
:104E80008DF8083008E0239B01332393009B1B7AA5
:104E90001A46239B9342CFD3019B9B69002B0AD0D8
:104EA000019B9B692193009B5B88ADF80A3002AAA5
:104EB000219B1046984725B05DF804FB00B5A3B0D0
:104EC00001900091019B9A8A009B9B889A4220D175
:104ED000019B4FF6FF729A820198FFF735FF034658
:104EE000002B16D002238DF80C30019B9B6903AA7E
:104EF00010469847019B00225A81019B00229A810B
:104F0000019B0022DA81019B00225A82019B002230
:104F10001A8200BF23B05DF804FB00B585B0019094
:104F20000091009B0393039B1B7883F00103DBB28A
:104F3000002B18D1039B002B15D0019B002B12D006
:104F4000019B1B88112B02D0392B05D00BE0019956
:104F50000398FFF7B3FF06E0019B0433194603985B
:104F6000FFF773FE00BF05B05DF804FB84B003904B
:104F70000B460192ADF80A30039B002B01D10E23A2
:104F800024E0039B1B7883F00103DBB2002B01D0EC
:104F900008231BE0039BBDF80A209A82019B002B8B
:104FA00013D0019B5A89039B9A81019B9A89039B89
:104FB000DA81019B1A8A039B5A82019BDA89039B3F
:104FC0001A82019B1A89039B5A810023184604B058
:104FD0007047000082B003468DF807309DF8073017
:104FE00003F01F0205499DF907305B09012000FA13
:104FF00002F241F8232000BF02B0704700E100E058
:1050000082B003468DF807309DF8073003F01F0289
:1050100006499DF907305B09012000FA02F22033AE
:1050200041F8232000BF02B0704700BF00E100E05C
:1050300082B0034600918DF807309DF90730002BB0
:105040000CDA009BDAB20C499DF8073003F00F032D
:10505000043B5201D2B20B441A7609E0009BDAB24B
:1050600006499DF907305201D2B20B4483F8002360
:1050700000BF02B0704700BF00ED00E000E100E0BB
:1050800082B003468DF807309DF90730002B0BDA0C
:105090000B4A9DF8073003F00F03043B13441B7EBB
:1050A000DBB25B09DBB208E0064A9DF90730134426
:1050B00093F80033DBB25B09DBB2184602B07047ED
:1050C00000ED00E000E100E000B583B00190019B3D
:1050D000002B03D10449C420F7F772F8019B5B68E9
:1050E000184603B05DF804FB4470030010DF7047FE
:1050F00000BF184611DF704700BF184682B0034654
:105100008DF807309DF907301F2B0CDC9DF9073017
:105110000F4A22FA03F303F00103002B14BF01230B
:105120000023DBB210E09DF907303F2B0BDC9DF92B
:105130000730203B012202FA03F3002B14BF0123A6
:105140000023DBB200E00123184602B0704700BF25
:10515000FC06FFBD82B00190019B072B01D9002303
:105160000BE0019B002B05D0019B012B02D0019B82
:10517000042B01D1002300E00123184602B0704740
:1051800000B583B003468DF807309DF90730184607
:10519000FFF7B4FF0346002B02D142F201032EE0D9
:1051A0009DF907301846FFF76BFF03461846FFF7D7
:1051B000D1FF0346002B02D142F202031FE0124B43
:1051C0009B68002B15D09DF907305B090E4A52F8F9
:1051D00023209DF8073003F01F03012101FA03F398
:1051E00019469DF907305B090A43074941F8232016
:1051F00004E09DF907301846FFF7ECFE002318463F
:1052000003B05DF804FB00BF542B002000B583B051
:1052100003468DF807309DF907301846FFF76EFFFB
:105220000346002B02D142F201031FE0114B9B68A1
:10523000002B15D09DF907305B090E4A52F8231058
:105240009DF8073003F01F03012202FA03F3DA434B
:105250009DF907305B090A40064941F8232004E024
:105260009DF907301846FFF7CBFE0023184603B020
:105270005DF804FB542B002000B583B00346009179
:105280008DF807309DF907301846FFF737FF0346C2
:10529000002B02D142F201030FE00098FFF75AFF02
:1052A0000346002B02D142F2020306E09DF90730CB
:1052B00000991846FFF7BCFE0023184603B05DF8BE
:1052C00004FB000000B587B003468DF8073002AB41
:1052D00014491846F3F7BAFC17E002AB1846FFF77B
:1052E000F3FE0590059B1B680493059B59689DF888
:1052F0000720049B104698470346002B01D1112339
:105300000BE002AB1846F3F7CBFC02AB1846FFF7F5
:10531000DBFE0346002BE0D10023184607B05DF802
:1053200004FB00BFFC70030000B587B003468DF896
:10533000073002AB11491846F3F788FC12E002ABC4
:105340001846FFF7C1FE0590059B1B680493059B5B
:1053500059689DF80720049B1046984702AB1846F1
:10536000F3F79EFC02AB1846FFF7AEFE0346002B98
:10537000E5D100BF00BF07B05DF804FB0871030072
:1053800000B583B01620FFF7FBFE0190019B009350
:10539000009B002B04D0044A99210098EFF7CCF928
:1053A00000BF03B05DF804FBA470030000B583B038
:1053B0001620FFF72BFF0190019B0093009B002B11
:1053C00004D0044AA5210098EFF7B6F900BF03B056
:1053D0005DF804FBA470030000B585B0072116201A
:1053E000FFF74AFF0390039B0293029B002B04D01C
:1053F0000B4AB8210298EFF79FF907211520FFF714
:105400003BFF0390039B0193019B002B04D0044AB4
:10541000BA210198EFF790F900BF05B05DF804FBE1
:10542000A470030000B583B01B4B1B78002B01D088
:1054300008232CE0194B01221A700020FFF742FFCD
:105440000346112B01D1002321E00020FFF76CFF60
:10545000134B1B6800936B4612491846FFF746FE34
:105460000190019B002B01D0019B10E00A4B01220F
:105470001A700A4B00221A700B4B00221A70FFF7A9
:10548000ABFFFFF77DFF0120FFF74EFF002318461B
:1054900003B05DF804FB00BF5436002056360020F0
:1054A000F8700300054802005536002000B583B0AF
:1054B000174B1B7883F00103DBB2002B01D00823CC
:1054C00021E0144B01221A700120FFF7FBFE034676
:1054D000112B01D1002316E00220FFF725FFFFF773
:1054E00009FE0190019B002B01D0019B0BE0084BB2
:1054F00000221A70074B00221A70FFF757FF032093
:10550000FFF712FF0023184603B05DF804FB00BF4D
:10551000543600205636002008B50B4B1B7883F01C
:105520000103DBB2002B01D008230AE0074B1B78F4
:10553000002B03D0FFF7BAFF034602E0FFF772FF2C
:105540000346184608BD00BF5636002054360020DA
:10555000014B1B78184670475436002000B585B0C3
:105560006B4611491846F3F771FB10E06B4618467D
:10557000FFF7AAFD0390039B1B680293039B5A68E5
:10558000029B104698476B461846F3F789FB6B461B
:105590001846FFF799FD0346002BE7D100BF00BF77
:1055A00005B05DF804FB00BF1471030008B5FFF7F8
:1055B000D5FF00BF08BD60DF704700BF184669DF38
:1055C000704700BF184661DF704700BF18460000F3
:1055D00000B583B00190019B002B03D10449C42086
:1055E000F6F7EEFD019B5B68184603B05DF804FB1F
:1055F0002071030082B00190019B002B01D10E238A
:1056000004E0044B1A46019B1A600023184602B0BE
:10561000704700BFE020002010B586B0034600911F
:105620008DF807300098FFF7E5FF0590059B002BEC
:1056300001D0059BBAE002AB0C220021184600F015
:10564000C5FA9DF807308DF8083001238DF80A302F
:105650000323ADF80C30009B1A6802AB19462020DA
:10566000FFF7ADFF0590059B002B0DD0514B1B881C
:105670001B0443F001040598F3F744FB03461A4664
:105680004D492046EEF7C8FA02AB0C22002118461D
:1056900000F09CFA01238DF8083000238DF80930C2
:1056A00000238DF80A30009B1A6802AB194640208F
:1056B000FFF785FF0590059B002B0DD03D4B1B8808
:1056C0001B0443F001040598F3F71CFB03461A463C
:1056D0003A492046EEF7A0FA02AB0C220021184608
:1056E00000F074FA00238DF80830009B1A6802ABB2
:1056F00019460120FFF763FF0590059B002B0DD095
:105700002C4B1B881B0443F001040598F3F7FAFAAD
:1057100003461A462A492046EEF77EFA02AB0C22CF
:105720000021184600F052FA4FF4B0630293009B38
:105730001A6802AB1946A120FFF741FF0590059BAF
:10574000002B0DD01B4B1B881B0443F00104059854
:10575000F3F7D8FA03461A461A492046EEF75CFAE0
:1057600002AB0C220021184600F030FA9DF80830F8
:1057700023F001038DF80830009B1A6802AB19462C
:10578000A020FFF71CFF0590059B002B0DD0094BB7
:105790001B881B0443F001040598F3F7B3FA034692
:1057A0001A4609492046EEF737FA0023184606B094
:1057B00010BD00BF3421002084710300CC710300B0
:1057C0001872030064720300B872030082B04FF0D5
:1057D0008053D3F80C319B020193019B03F10053DA
:1057E000184602B07047000010B584B00190019BCC
:1057F0001B6803930198FFF7DEFE0290019B1B6874
:10580000039A9A421AD0184B1B881B0443F00200DB
:10581000019B1B68039A1549EEF70FFA124B1B8880
:105820001B0443F00204FFF7D1FF0246019B1B68F3
:10583000D31A1A460E492046EEF7EEF9029B002BCA
:105840000DD0094B1B881B0443F001040298F3F7A9
:1058500059FA03461A4607492046EEF7DDF9029B3E
:10586000184604B010BD00BF342100200C730300A3
:105870003C7303006073030000B599B001903823B6
:10588000ADF84E300DF14E0203AB11461846FFF74E
:105890009AFE1790179B002B03D0179B052B22D144
:1058A00027E003AB169311AB14491846F3F7CEF972
:1058B00011E011AB1846FFF78BFE1590159B1B6886
:1058C0001493159B5A68149B11461698984711AB70
:1058D0001846F3F7E5F911AB1846FFF779FE0346D2
:1058E000002BE6D1CBE7064A40F221111798EEF7DC
:1058F00023FF00BF19B05DF804FB00BFD87303009D
:105900008073030000B583B00190019B002B03D18D
:105910000449C420F6F754FC019B5B68184603B0A9
:105920005DF804FBE473030048DF704700BF1846CE
:1059300000B589B0019004AB1846FFF7F5FF07905A
:10594000079B002B03D0079B052B20D124E002AB43
:1059500013491846F3F77AF911E002AB1846FFF73E
:10596000D1FF0690069B1B680593049A069B596815
:10597000059B1046984702AB1846F3F791F902AB26
:105980001846FFF7BFFF0346002BE6D1D3E7054AD1
:105990006B210798EEF7D0FE00BF09B05DF804FB5D
:1059A000A074030048740300002B35D129B9B0FB63
:1059B000F2FC0CFB120260467047914215D22DE9B1
:1059C000F041B2FA82F39A409940D3F1200C30FAB8
:1059D0000CFC51EA0C01984000F04EF8280036FA11
:1059E00003F200210023BDE8F081F0B5B1FBF2FC29
:1059F0000CFB1211B2FA82F39A409940D3F12006BF
:105A000030FA06F63143984000F036F86146280037
:105A10003200DA400023F0BDF3B5B3FA83FC490845
:105A20005FEA300013FA0CF3DCF1200432FA04F4DC
:105A300023430CB41A0000F01FF80CBC33FA0CF32B
:105A4000DCF11F0C35FA0CF518BF013D03BCA5FBBA
:105A5000026705FB0377801BB941904271EB030C91
:105A600005D3821A71EB0303681C0021F0BD02000C
:105A70000B0028000021F0BD940D4FF6C2752D02D9
:105A8000B5FBF4F4D60A013604FB04F5A5FB065673
:105A9000F64306EB0416550832BF00277708013598
:105AA00005FB1677A6FB07477F0807EBC6371400F0
:105AB0001500E7FB02457F1B4D1C0400E7FB014579
:105AC00005FB1206A64284BF013DB618964224BFCC
:105AD0000135B61A704700BF082938BF70474160CA
:105AE00043F25861C2F20001086000210160704772
:105AF00000B5042A8E4609D350F8043B5EF804CB67
:105B0000634505D1043A032A7146F5D89AB1036872
:105B1000086880EA030191FAA1F1B1FA81F1B2EBD0
:105B2000D10F08D901F0380123FA01F2C840C0B200
:105B3000D1B2081A00BD002000BD0178002904BFC1
:105B40000020704700214FF001324358C2FA53F34E
:105B50000431002BF9D093FAA3F0B0FA80F001EBF6
:105B6000D0000438704700005AB3844690EA01031D
:105B70009B071FD1830707D011F8013B00F8013BB9
:105B8000013AF7D11CE08446203A09D32DE9F00709
:105B9000B1E8F807A0E8F807203AF9D2BDE8F00725
:105BA0001C3205D451F8043B40F8043B043AF9D2C6
:105BB000043205D011F8013B00F8013B013AF9D15C
:105BC0006046704700220B0011001A0084465AB349
:105BD000830704D000F8011B013AF9D124E0C9B2CF
:105BE00041EA012141EA0141202A11D3203A2DE95D
:105BF000F0030B460C460D460E460F468846894676
:105C0000A0E8FA03203AFBD2BDE8F00320320BD023
:105C1000042A05D340F8041B043A05D0042AF9D21B
:105C200000F8011B013AFBD1604670478446002012
:105C3000002918BF002A00D17047097848B200280F
:105C400044BF6FF001007047BCF1000F18BFCCF8E3
:105C500000100021C3E90011002818BF012070477F
:105C60007F298EBF6FF0010001700120704743F261
:105C70005C61C2F200010968002904BF42F2984148
:105C8000C2F20001496889680A68092110477F2823
:105C900084BF0020704747F2C062C0F20302515C2B
:105CA00047F24062C0F20302105C08407047A0F166
:105CB00061011A2938BF20387047A0F141011A2923
:105CC00038BF40F0200070477F2884BF0020704715
:105CD00047F2C062C0F20302515C47F24062C0F278
:105CE0000302105C08407047A0F161011A2938BF17
:105CF00020387047A0F141011A2938BF40F0200038
:025D00007047EA
:105D04000188020000000000ED960200000000007F
:085D140027E10200502E0020DF
:105D1C00885F0300000003002C62030000000000F9
:105D2C00C86E030000000300F46E030000000300C3
:105D3C00D068030000000000C869030000000000E8
:105D4C009C70030000000300787103000000030046
:105D5C003C74030000000300686A030000000000AC
:105D6C00FDE202000000000055BF02000000000030
:105D7C00DDE00200502E0020010B0300282F002034
:105D8C00A5F10200B8210020B52503000000000099
:105D9C001B4F03003C2F0020B1CA02000000000082
:085DAC00A988020000000000BC
:105DB400D1880200000000000997020000000000E2
:105DC400795803000000000031590300000000006E
:105DD40000000000000000000000000000000000BF
:105DE40000000000000000000000000000000000AF
:105DF400000000000000000000000000000000009F
:105E0400000000000000000000000000000000008E
:105E1400000000000000000000000000000000007E
:105E2400000000000000000000000000000000006E
:105E3400000000000000000000000000000000005E
:085E4400000000000000000056
:105E4C0000000000000000006D6D0200000000006A
:045E5C000000000042
:105E60002F686F6D652F736A6F2F64776D313030D7
:105E7000312D6578616D706C65732F6E5246355F9C
:105E800053444B5F31342E322E302F636F6D706F61
:105E90006E656E74732F6C69627261726965732FBF
:105EA0006578706572696D656E74616C5F6C6F6743
:105EB0002F7372632F6E72665F6C6F675F626163D0
:105EC0006B656E645F756172742E6300FFFFFFFF88
:105ED000FFFFFFFFFFFFFFFFFFFFFFFF00000000CE
:105EE000000000000000D601070100007935020023
:105EF000AD350200A13502002F686F6D652F736A02
:105F00006F2F64776D313030312D6578616D706C35
:105F100065732F6E5246355F53444B5F31342E32DA
:105F20002E302F636F6D706F6E656E74732F6C699A
:105F3000627261726965732F6578706572696D65EB
:105F40006E74616C5F6C6F672F7372632F6E726615
:105F50005F6C6F675F64656661756C745F626163D7
:105F60006B656E64732E6300B8250020F02400205A
:105F7000F8240020F8240020180000004F766572F5
:105F8000666C6F7700000000617070002F686F6DA5
:105F9000652F736A6F2F64776D313030312D6578DE
:105FA000616D706C65732F6E5246355F53444B5F65
:105FB00031342E322E302F636F6D706F6E656E74BC
:105FC000732F6C69627261726965732F6578706591
:105FD00072696D656E74616C5F6C6F672F7372634D
:105FE0002F6E72665F6C6F675F66726F6E74656E40
:105FF000642E63006572726F720000007761726ECA
:10600000696E6700696E666F000000006465627506
:10601000670000001B5B306D000000001B5B313B24
:1060200033306D001B5B313B33316D001B5B313B0B
:1060300033326D001B5B313B33336D001B5B313BF7
:1060400033346D001B5B313B33356D001B5B313BE3
:1060500033366D001B5B313B33376D002573000019
:106060003C25733E2025733A200000000D0A0000F5
:106070002025303278000000202020007C00000025
:106080002563000020000000EC2900202F686F6DC0
:10609000652F736A6F2F64776D313030312D6578DD
:1060A000616D706C65732F6E5246355F53444B5F64
:1060B00031342E322E302F636F6D706F6E656E74BB
:1060C000732F6C69627261726965732F6275747483
:1060D0006F6E2F6170705F627574746F6E2E6300E7
:1060E000534F46544445564943453A20415353453E
:1060F0005254494F4E204641494C4544000000004F
:10610000534F46544445564943453A20494E56411B
:106110004C4944204D454D4F52592041434345532E
:1061200053000000415353455254494F4E204641BD
:10613000494C45442061742025733A2575000000C0
:106140004552524F52202575205B25735D206174A6
:106150002025733A25750000554E4B4E4F574E2063
:106160004641554C54206174203078253038580011
:106170002F686F6D652F736A6F2F64776D313030C4
:10618000312D6578616D706C65732F6E5246355F89
:1061900053444B5F31342E322E302F636F6D706F4E
:1061A0006E656E74732F6C69627261726965732FAC
:1061B0007574696C2F6170705F7574696C5F706C59
:1061C0006174666F726D2E63000000002F686F6D42
:1061D000652F736A6F2F64776D313030312D65789C
:1061E000616D706C65732F6E5246355F53444B5F23
:1061F00031342E322E302F636F6D706F6E656E747A
:10620000732F6C69627261726965732F6664732F94
:106210006664732E63000000DEC0ADDEFF011EF178
:10622000DEC0ADDEFE011EF10000FFFF62616C6C9E
:106230006F6300002F686F6D652F736A6F2F64772F
:106240006D313030312D6578616D706C65732F6EF6
:106250005246355F53444B5F31342E322E302F631C
:106260006F6D706F6E656E74732F6C6962726172A0
:106270006965732F62616C6C6F632F6E72665F620B
:10628000616C6C6F632E63002F686F6D652F736A8E
:106290006F2F64776D313030312D6578616D706CA2
:1062A00065732F6E5246355F53444B5F31342E3247
:1062B0002E302F65787465726E616C2F667072690E
:1062C0006E74662F6E72665F667072696E74662E8B
:1062D000630000002F686F6D652F736A6F2F6477FE
:1062E0006D313030312D6578616D706C65732F6E56
:1062F0005246355F53444B5F31342E322E302F657A
:10630000787465726E616C2F667072696E74662F38
:106310006E72665F667072696E74665F666F726DCC
:1063200061742E630000000030313233343536376B
:106330003839414243444546001000000400000043
:1063400001000000498602009586020031870200A4
:10635000C186020055870200C9870200D787020064
:10636000E58702002F686F6D652F736A6F2F647762
:106370006D313030312D6578616D706C65732F6EC5
:106380005246355F53444B5F31342E322E302F63EB
:106390006F6D706F6E656E74732F6C69627261726F
:1063A0006965732F6578706572696D656E74616C6F
:1063B0005F6D656D6F626A2F6E72665F6D656D6F82
:1063C000626A2E63000000002F686F6D652F736A8C
:1063D0006F2F64776D313030312D6578616D706C61
:1063E00065732F6E5246355F53444B5F31342E3206
:1063F0002E302F636F6D706F6E656E74732F6C69C6
:10640000627261726965732F6578706572696D6516
:106410006E74616C5F73656374696F6E5F766172D1
:10642000732F6E72665F73656374696F6E5F6974F4
:1064300065722E6300000000556E6B6E6F776E20E4
:106440006572726F7220636F646500004E52465F22
:1064500053554343455353004E52465F4552524FA6
:10646000525F5356435F48414E444C45525F4D493D
:106470005353494E470000004E52465F4552524F1B
:10648000525F534F46544445564943455F4E4F541F
:106490005F454E41424C4544000000004E52465F6D
:1064A0004552524F525F494E5445524E414C0000A6
:1064B0004E52465F4552524F525F4E4F5F4D454DD3
:1064C000000000004E52465F4552524F525F4E4F01
:1064D000545F464F554E44004E52465F4552524F10
:1064E000525F4E4F545F535550504F5254454400E5
:1064F0004E52465F4552524F525F494E56414C49AB
:10650000445F504152414D004E52465F4552524FFA
:10651000525F494E56414C49445F535441544500E3
:106520004E52465F4552524F525F494E56414C497A
:10653000445F4C454E475448000000004E52465FB1
:106540004552524F525F494E56414C49445F464C6A
:10655000414753004E52465F4552524F525F494E9B
:1065600056414C49445F4441544100004E52465FFD
:106570004552524F525F444154415F53495A45007E
:106580004E52465F4552524F525F54494D454F550A
:10659000540000004E52465F4552524F525F4E55D6
:1065A0004C4C00004E52465F4552524F525F464F90
:1065B0005242494444454E004E52465F4552524F66
:1065C000525F494E56414C49445F41444452000099
:1065D0004E52465F4552524F525F4255535900004A
:1065E0004E52465F4552524F525F4D4F44554C45B7
:1065F0005F4E4F545F494E495449414C5A454400FF
:106600004E52465F4552524F525F4D555445585F6A
:10661000494E49545F4641494C4544004E52465FFD
:106620004552524F525F4D555445585F4C4F434B66
:106630005F4641494C4544004E52465F4552524FD9
:10664000525F4D555445585F554E4C4F434B5F4636
:1066500041494C45440000004E52465F4552524F5E
:10666000525F4D555445585F434F4E445F494E4924
:10667000545F4641494C4544000000004E52465F7D
:106680004552524F525F4D4F44554C455F414C521D
:10669000454144595F494E495449414C495A454442
:1066A000000000004E52465F4552524F525F535415
:1066B0004F524147455F46554C4C00004E52465F95
:1066C0004552524F525F4150495F4E4F545F494DC2
:1066D000504C454D454E5445440000004E52465FD7
:1066E0004552524F525F464541545552455F4E4FB9
:1066F000545F454E41424C45440000004E52465FB7
:106700004552524F525F4452565F5457495F45526B
:10671000525F4F56455252554E0000004E52465F52
:106720004552524F525F4452565F5457495F45524B
:10673000525F414E41434B004E52465F4552524FCD
:10674000525F4452565F5457495F4552525F444E20
:1067500041434B00000000004C64030001000000B6
:106760005864030002000000786403000300000086
:106770009C64030004000000B064030005000000F6
:10678000C464030006000000D86403000700000092
:10679000F064030008000000086503000900000021
:1067A000206503000A0000003C6503000B000000A8
:1067B000546503000C0000006C6503000D00000030
:1067C000806503000E000000946503000F000000C8
:1067D000A465030010000000B8650300110000006C
:1067E000D065030080000000E06503008100000028
:1067F00000660300820000001C66030083000000A6
:10680000386603008400000058660300850000001D
:106810007C66030086000000A46603009000000070
:10682000BC66030091000000DC66030000820000EB
:10683000FC660300018200001C6703000282000066
:10684000386703002E2E2F2E2E2F2E2E2F2E2E2F7A
:106850002E2E2F2E2E2F2E2E2F636F6D706F6E65A6
:106860006E74732F647269766572735F6E72662FD1
:1068700068616C2F6E72665F6770696F2E680000CA
:106880002F686F6D652F736A6F2F64776D313030AD
:10689000312D6578616D706C65732F6E5246355F72
:1068A00053444B5F31342E322E302F636F6D706F37
:1068B0006E656E74732F626F617264732F626F61A5
:1068C0007264732E63000000111213140D0E0F106A
:1068D000636C6F636B0000002F686F6D652F736AC8
:1068E0006F2F64776D313030312D6578616D706C4C
:1068F00065732F6E5246355F53444B5F31342E32F1
:106900002E302F636F6D706F6E656E74732F6472AF
:1069100069766572735F6E72662F636C6F636B2F3F
:106920006E72665F6472765F636C6F636B2E63007A
:106930002F686F6D652F736A6F2F64776D313030FC
:10694000312D6578616D706C65732F6E5246355FC1
:1069500053444B5F31342E322E302F636F6D706F86
:106960006E656E74732F647269766572735F6E7292
:10697000662F636F6D6D6F6E2F6E72665F647276D9
:106980005F636F6D6D6F6E2E630000002E2E2F2ED5
:106990002E2F2E2E2F2E2E2F2E2E2F2E2E2F2E2E12
:1069A0002F636F6D706F6E656E74732F647269768E
:1069B0006572735F6E72662F68616C2F6E72665FB0
:1069C0006770696F2E6800006770696F74650000FA
:1069D0002F686F6D652F736A6F2F64776D3130305C
:1069E000312D6578616D706C65732F6E5246355F21
:1069F00053444B5F31342E322E302F636F6D706FE6
:106A00006E656E74732F647269766572735F6E72F1
:106A1000662F6770696F74652F6E72665F64727639
:106A20005F6770696F74652E630000002E2E2F2E35
:106A30002E2F2E2E2F2E2E2F2E2E2F2E2E2F2E2E71
:106A40002F636F6D706F6E656E74732F64726976ED
:106A50006572735F6E72662F68616C2F6E72665F0F
:106A60006770696F2E680000756172740000000025
:106A70002F686F6D652F736A6F2F64776D313030BB
:106A8000312D6578616D706C65732F6E5246355F80
:106A900053444B5F31342E322E302F636F6D706F45
:106AA0006E656E74732F647269766572735F6E7251
:106AB000662F756172742F6E72665F6472765F7591
:106AC0006172742E63000000D02D0020F02D002094
:106AD000202E00200D0003001DB602000E00030052
:106AE0001DB602000F0003001DB6020010000300D7
:106AF0001DB6020046617374206164766572746924
:106B000073696E672E0000002F686F6D652F736AC2
:106B10006F2F64776D313030312D6578616D706C19
:106B200065732F6E5246355F53444B5F31342E32BE
:106B30002E302F6578616D706C65732F626C655FA8
:106B40007065726970686572616C2F6578706572C6
:106B5000696D656E74616C2F626C655F6170705FEA
:106B600067617474735F632F6170705F6164762E08
:106B7000630000004164766572746973696E672012
:106B800073746F707065642E00000000457261734D
:106B90006520626F6E64732E000000002F686F6DB9
:106BA000652F736A6F2F64776D313030312D6578C2
:106BB000616D706C65732F6E5246355F53444B5F49
:106BC00031342E322E302F6578616D706C65732FE5
:106BD000626C655F7065726970686572616C2F6563
:106BE00078706572696D656E74616C2F626C655F3B
:106BF0006170705F67617474735F632F6D61696E3C
:106C00002E6300004E6F726469635F4741545453B2
:106C10000000000047415454532053657276696365
:106C20006520636C69656E7420646973636F6E6E52
:106C3000656374656420636F6E6E656374696F6EFF
:106C40002068616E646C652025692E0047415454AC
:106C5000205365727669636520616E6420536572A6
:106C600076696365204368616E6765642063686167
:106C7000726163746572697374696320666F756E9F
:106C800064206F6E207365727665722E00000000BE
:106C9000474154542053657276696365206F7220B2
:106CA00053657276696365204368616E6765642029
:106CB0006368617261637465726973746963206E7D
:106CC0006F7420666F756E64206F6E2073657276C8
:106CD00065722E00474154545320536572766963A0
:106CE0006520636C69656E7420646973636F6E6E92
:106CF000656374656400000053657276696365209E
:106D00004368616E67656420696E64696361746974
:106D10006F6E2072656365697665642E0000000001
:106D200048616E646C652072616E67652073746182
:106D300072743A20253034780000000048616E6497
:106D40006C652072616E676520656E643A2025303F
:106D500034780000436F6E6E656374656420746FF1
:106D600020612070726576696F75736C7920626F2F
:106D70006E646564206465766963652E00000000BA
:106D800052656D6F74652044617461626173652042
:106D90006C6F616465642066726F6D20666C6173F0
:106DA000682E0000436F6E6E656374696F6E2073AA
:106DB0006563757265643A20726F6C653A2025646C
:106DC0002C20636F6E6E5F68616E646C653A203074
:106DD0007825782C2070726F6365647572653A202F
:106DE00025642E00436F6E6E656374696F6E207349
:106DF00065637572697479206661696C65643A20AF
:106E0000726F6C653A2025642C20636F6E6E5F682C
:106E1000616E646C653A20307825782C2070726F32
:106E20006365647572653A2025642C206572726F03
:106E3000723A2025642E0000436F6E6E65637465A0
:106E4000642E0000446973636F6E6E6563746564DD
:106E50002E000000474154542053657276696365E3
:106E600020636C69656E7420737461727465642E3E
:106E7000000000002F686F6D652F736A6F2F6477B5
:106E80006D313030312D6578616D706C65732F6EAA
:106E90005246355F53444B5F31342E322E302F63D0
:106EA0006F6D706F6E656E74732F626C652F636F9C
:106EB0006D6D6F6E2F626C655F636F6E6E5F737466
:106EC0006174652E63000000626C655F64625F64DC
:106ED0006973630001000100E46E0300010001001A
:106EE000E86E03000100000000000000812503009F
:106EF00059F70200626C655F6761747400000000FE
:106F000073645F626C655F6761705F646174615F29
:106F10006C656E6774685F7570646174652829209C
:106F2000287265717565737429206F6E20636F6EAA
:106F30006E656374696F6E20307825782072657491
:106F400075726E656420756E6578706563746564CE
:106F50002076616C756520307825782E0000000061
:106F600073645F626C655F67617474635F657863A7
:106F700068616E67655F6D74755F72657175657365
:106F80007428292072657475726E656420756E654B
:106F9000787065637465642076616C7565203078FF
:106FA00025782E0073645F626C655F67617474732B
:106FB0005F65786368616E67655F6D74755F726544
:106FC000706C7928292072657475726E65642075FD
:106FD0006E65787065637465642076616C75652094
:106FE000307825782E00000073645F626C655F67FF
:106FF00061705F646174615F6C656E6774685F7512
:107000007064617465282920287265706C79292064
:1070100072657475726E656420756E6578706563EF
:107020007465642076616C756520307825782E0053
:107030001123030059430300DDFA0200A5F7020003
:10704000011801002E2E2F2E2E2F2E2E2F2E2E2FFA
:107050002E2E2F2E2E2F2E2E2F636F6D706F6E659E
:107060006E74732F6C69627261726965732F6578D3
:10707000706572696D656E74616C5F736563746968
:107080006F6E5F766172732F6E72665F7365637485
:10709000696F6E5F697465722E6800006E72665F5C
:1070A000736468002F686F6D652F736A6F2F647744
:1070B0006D313030312D6578616D706C65732F6E78
:1070C0005246355F53444B5F31342E322E302F639E
:1070D0006F6D706F6E656E74732F736F6674646519
:1070E000766963652F636F6D6D6F6E2F6E72665F6D
:1070F0007364682E6300000001000007AC5D0300AC
:10710000B45D030008000000B45D0300C45D03002B
:1071100008000000C45D0300D45D03000800000007
:107120002E2E2F2E2E2F2E2E2F2E2E2F2E2E2F2E7A
:107130002E2F2E2E2F636F6D706F6E656E74732FF2
:107140006C69627261726965732F657870657269C6
:107150006D656E74616C5F73656374696F6E5F7685
:107160006172732F6E72665F73656374696F6E5FB1
:10717000697465722E6800006E72665F7364685F82
:10718000626C650073645F626C655F6366675F7302
:10719000657428292072657475726E656420257384
:1071A000207768656E20617474656D7074696E67B0
:1071B00020746F2073657420424C455F434F4E4EE0
:1071C0005F4346475F4741502E00000073645F6293
:1071D0006C655F6366675F736574282920726574E8
:1071E00075726E6564202573207768656E20617402
:1071F00074656D7074696E6720746F207365742098
:10720000424C455F4741505F4346475F524F4C45B4
:107210005F434F554E542E0073645F626C655F632D
:1072200066675F73657428292072657475726E6570
:1072300064202573207768656E20617474656D70B5
:1072400074696E6720746F2073657420424C455FCB
:10725000434F4D4D4F4E5F4346475F56535F555525
:1072600049442E0073645F626C655F6366675F7399
:10727000657428292072657475726E6564202573A3
:10728000207768656E20617474656D7074696E67CF
:1072900020746F2073657420424C455F47415454FD
:1072A000535F4346475F415454525F5441425F53DA
:1072B000495A452E0000000073645F626C655F638D
:1072C00066675F73657428292072657475726E65D0
:1072D00064202573207768656E20617474656D7015
:1072E00074696E6720746F2073657420424C455F2B
:1072F00047415454535F4346475F534552564943B1
:10730000455F4348414E4745442E000052414D20C1
:1073100073746172747320617420307825782C2026
:1073200063616E2062652061646A757374656420B0
:10733000746F20307825782E0000000052414D20D7
:1073400073697A652063616E2062652061646A7585
:107350007374656420746F20307825782E000000E7
:1073600073645F626C655F656E61626C652829207D
:1073700072657475726E65642025732E00000000BE
:107380002F686F6D652F736A6F2F64776D313030A2
:10739000312D6578616D706C65732F6E5246355F67
:1073A00053444B5F31342E322E302F636F6D706F2C
:1073B0006E656E74732F736F66746465766963654A
:1073C0002F636F6D6D6F6E2F6E72665F7364685F93
:1073D000626C652E630000006C5D0300AC5D030011
:1073E000080000002E2E2F2E2E2F2E2E2F2E2E2F69
:1073F0002E2E2F2E2E2F2E2E2F636F6D706F6E65FB
:107400006E74732F6C69627261726965732F65782F
:10741000706572696D656E74616C5F7365637469C4
:107420006F6E5F766172732F6E72665F73656374E1
:10743000696F6E5F697465722E6800006E72665FB8
:107440007364685F736F63002F686F6D652F736A75
:107450006F2F64776D313030312D6578616D706CD0
:1074600065732F6E5246355F53444B5F31342E3275
:107470002E302F636F6D706F6E656E74732F736F28
:1074800066746465766963652F636F6D6D6F6E2FCB
:107490006E72665F7364685F736F632E63000000D3
:1074A000045D03001C5D030008000000717503000B
:1074B000E87503007475030053756E646179004DBF
:1074C0006F6E646179005475657364617900576506
:1074D000646E657364617900546875727364617970
:1074E00000467269646179005361747572646179F0
:1074F00000004A616E75617279004665627275615D
:107500007279004D6172636800417072696C004D60
:107510006179004A756E65004A756C79004175673E
:107520007573740053657074656D626572004F63A6
:10753000746F626572004E6F76656D6265720044AD
:107540006563656D6265720000414D00504D00003D
:10755000256D2F25642F25790025483A254D3A259C
:1075600053002561202562202565202554202559BA
:10757000004300008F5C0300AF5C0300BB5C0300B2
:10758000C95C0300E95C0300F55C0300615C030077
:107590002D5C030053756E004D6F6E0054756500D1
:1075A0005765640054687500467269005361740041
:1075B000004A616E00466562004D61720041707262
:1075C000004D6179004A756E004A756C004175671F
:1075D00000536570004F6374004E6F76004465631E
:1075E00000002E0000000000E2750300E4750300B7
:1075F000E4750300E4750300E4750300E47503001B
:10760000E4750300E4750300E4750300E47503000A
:10761000FFFFFFFFFFFFFFFFFFFFFFFFFFFF000078
:10762000B874030094750300F2740300B17503008D
:107630004975030050750300597503006275030016
:1076400020202020202020202068282828282020D2
:10765000202020202020202020202020202020202A
:1076600048101010101010101010101010101010E2
:107670008484848484848484848410101010101082
:1076800010818181818181010101010101010101DB
:10769000010101010101010101010110101010108F
:1076A00010828282828282020202020202020202AC
:1076B0000202020202020202020202101010102054
:0D76C0000007032004170201085710408046
:1076D0000020004000000000EC5E030000000000FD
:1076E0000000000000000000F45F0300FC5F0300E6
:1076F000046003000C600300146003001C600300BE
:10770000246003002C600300346003003C6003002D
:10771000446003004C60030054600300000000005C
:107720000000000000000000000000000000000059
:107730000000000000000000000000000000000049
:107740000000000000000000000000000000000039
:107750000000000000000000000000000000000029
:107760000000000000000000000000000000000019
:107770000000000000000000000000000000000009
:1077800000000000000000000000000000000000F9
:1077900000000000000000000000000000000000E9
:1077A00000000000000000000000000000000000D9
:1077B00000000000000000000000000000000000C9
:1077C00000000000000000000000000000000000B9
:1077D00000000000000000000000000000000000A9
:1077E0000000000000000000000000000000000099
:1077F0000000000000000000000000000000000089
:107800000000000000000000000000000000000078
:107810000000000000000000000000000000000068
:107820000000000000000000000000000000000058
:107830000000000000000000000000000000000048
:107840000000000000000000000000000000000038
:107850000000000000000000000000000000000028
:107860000000000000000000000000000000000018
:107870000000000000000000000000000000000008
:1078800000000000000000000000000000000000F8
:1078900000000000000000000000000000000000E8
:1078A00000000000000000000000000000000000D8
:1078B00000000000000000000000000000000000C8
:1078C00000000000000000000000000000000000B8
:1078D00000000000000000000000000000000000A8
:1078E0000000000000000000000000000000000098
:1078F0000000000000000000000000000000000088
:107900000000000000000000000000000000000077
:107910000000000000000000000000000000000067
:107920000000000000000000000000000000000057
:107930000000000000000000000000000000000047
:107940000000000000000000000000000000000037
:107950000000000000000000000000000000000027
:107960000000000000000000000000000000000017
:107970000000000000000000000000000000000007
:1079800000000000000000000000000000000000F7
:1079900000000000000000000000000000000000E7
:1079A00000000000000000000000000000000000D7
:1079B00000000000000000000000000000000000C7
:1079C00000000000000000000000000000000000B7
:1079D00000000000000000000000000000000000A7
:1079E000000000000000FFFF6D25030018181818A4
:1079F00018181818181818000090D003AC74030059
:107A0000AC740300AC740300AC740300AC740300EA
:040000032000324D5A
:00000001FF
