:020000022000DC
:10300000000001204D320200A5320200A73202006A
:10301000A9320200AB320200AD3202000000000013
:10302000000000000000000000000000AF320200BD
:10303000B132020000000000B3320200B5320200DB
:10304000E19A0200BB3202002DBA0200BF32020038
:10305000C1320200C33202009DA50200C732020045
:10306000C9320200CB320200CD320200CF32020060
:10307000D1320200D3320200D5320200D732020030
:10308000D9320200E9560200DD320200DF320200CE
:1030900029570200E33202000D7E0300E7320200EE
:1030A000E9320200EB320200ED320200EF320200A0
:1030B000F1320200F3320200B7320200B7320200EE
:1030C000F5320200F7320200F9320200FB32020050
:0C30D000FD320200FF320200013302005A
:1030DC003A493B480A1A02D0072291438D46394996
:1030EC0039480A1A06D00722914381F30988022233
:1030FC0082F3148835483649364A00F041F8364890
:10310C003649374A00F03CF836483749374A00F020
:10311C0037F837483749384A00F032F837483849D9
:10312C00384A00F02DF838483849394A00F028F868
:10313C0038483949394A00F023F8394839490022CE
:10314C0000F036F838483949002200F031F8384898
:10315C003849091A15F000F9374A9047254826498D
:10316C00884205D00268043003B4904703BCF7E7EB
:10317C0000208646EC4600200021304A9047FEE7AE
:10318C00884214D0521A12D003460B431343032423
:10319C00234206D1036804300B600431043AF9D1A0
:1031AC007047037801300B700131013AF9D1704747
:1031BC00884202D002700130FAE77047000001200B
:1031CC0000F8002000000120000001206CA003008A
:1031DC006C21002070220020043302000433020012
:1031EC008E8503006CA003006C2100206C21002054
:1031FC00F4860300F4860300F4860300F4860300CF
:10320C00F4860300F4860300F4860300F4860300BE
:10321C0069A0030070A1030070220020702200201E
:10322C0070220020BC330020BC330020BC330020B3
:10323C00BC330020BC350020713202009DDB020043
:10324C000F484FF00701884385460E4880470E48CB
:10325C00016841F470010160BFF34F8FBFF36F8FB2
:10326C00FFF736BF09480A490A4A884207D0521A62
:10327C0005D0037801300B700131013AF9D1704758
:10328C00000001201153030088ED00E06886030064
:10329C00E02000206C210020FEE7FEE7FEE7FEE7C1
:1032AC00FEE7FEE7FEE7FEE7FEE7FEE7FEE7FEE7EA
:1032BC00FEE7FEE7FEE7FEE7FEE7FEE7FEE7FEE7DA
:1032CC00FEE7FEE7FEE7FEE7FEE7FEE7FEE7FEE7CA
:1032DC00FEE7FEE7FEE7FEE7FEE7FEE7FEE7FEE7BA
:1032EC00FEE7FEE7FEE7FEE7FEE7FEE7FEE7FEE7AA
:0832FC00FEE7FEE7FEE700BF5C
:1033040000B5A1B00590049103920293049805F0CE
:1033140071FD039B1593029B1693002317930023BF
:103324008DF8603000231993229B1A9300231F9376
:103334000FA91F9B0822049805F01AFE08231F9367
:10334400119B1293109B9BB2ADF84C3000238DF867
:1033540050309DF83C3003F00303DBB2012B32D133
:103364000F9BC3F395231C939DF83C30C3F3C20316
:10337400DBB28DF84E309DF83C30C3F38003DBB2F2
:10338400002B14BF01230023DBB28DF84F30BDF8AE
:103394003C30C3F38313DBB21B931B9B9A0009A934
:1033A4001F9B049805F0E4FD1B9B9B001F9A13448C
:1033B4001F9312AA09A915AB009313461B9A1C98D4
:1033C40000F048FF3BE09DF83C3003F00303DBB220
:1033D400022B34D1BDF83E30C3F389139BB21E9344
:1033E4009DF83C30C3F3C203DBB28DF84E309DF838
:1033F4003C30C3F38003DBB2002B14BF0123002352
:10340400DBB28DF84F301E9B082B28BF08231D9379
:1034140007A91F9B1D9A049805F0AAFD1F9A1D9BDE
:1034240013441F931E9A1D9BD31A1E9315AB12AA05
:1034340007A81D9900F0B0FF1E9B002BE3D1049850
:1034440005F0E7FC00BF21B05DF804FB82B00190F9
:103454000091034B01221A7000BF02B0704700BFF5
:10346400B022002030B58DB003468DF807301A4BDA
:1034740002AC1D460FCD0FC495E80F0084E80F0081
:10348400062302934FF0FF3303934FF0FF3304936B
:103494004FF0FF3305934FF0EB7308939DF807301B
:1034A400002B01D00D4A00E0002202AB19460C4863
:1034B40007F0D6FE0B900B9B0A930A9B002B04D0BB
:1034C400084A43210A9801F035F9074A9DF8073064
:1034D400137000BF0DB030BD60870300513402008B
:1034E4006C210020F4860300B122002000B583B0D3
:1034F40001238DF807309DF807301846FFF7B2FF17
:1035040000BF03B05DF804FB00B589B003900291DD
:103514000192019B8DF81F30124B00221A709DF806
:103524001F301A460299104808F002F80690069BCC
:103534000593059B002B04D00C4A5321059801F0F8
:10354400F9F800BF0A4B1B78002B07D0054B1B78FA
:10355400DBB283F00103DBB2002BF3D100BF09B06F
:103564005DF804FBB02200206C210020F4860300E7
:10357400B122002000B585B003900291054B009361
:103584004023054A02990398FFF7BAFE00BF05B02D
:103594005DF804FB0D3502007022002082B001901A
:1035A40000BF02B07047000000B583B00190054829
:1035B40007F0A8FE0020FFF755FF00BF03B05DF839
:1035C40004FB00BF6C21002082B00190019B01220A
:1035D4005A7200BF02B0704700B583B04FF0FF339A
:1035E4000193FFF783FF0421084800F06DFD01906B
:1035F400019B002B03DA0649482008F0C9FF034861
:10360400FFF7E2FF00BF03B05DF804FB7421002064
:103614008C87030000B583B001900091019B1B6867
:103624001B6800990198984700BF03B05DF804FB3C
:1036340000B583B00190019B1B685B6801989847B3
:1036440000BF03B05DF804FB82B001900B468DF817
:103654000330019B9DF803201A7200BF02B070472B
:1036640082B00190019B1B7A184602B0704782B069
:103674000190019B01225A7200BF02B0704782B0D0
:103684000190019B5B7A184602B0704710B487B072
:1036940001900091019B009A53E8004F44EA020014
:1036A40043E8000191F0000FF6D1059404900391D2
:1036B400049B184607B05DF8044B704710B487B0FC
:1036C40001900091019B009A53E8004F04EA020024
:1036D40043E8000191F0000FF6D1059404900391A2
:1036E400059B184607B05DF8044B704700B583B0DE
:1036F400019001210198FFF7C9FF0346184603B062
:103704005DF804FB00B583B0019000210198FFF738
:10371400D5FF0346184603B05DF804FB00B587B037
:1037240001901F4BFF229A601D4B00221A601C4B14
:1037340000225A601A4B0022C3F81824184B0022A6
:10374400C3F81424164B002283F81C24154805F0F2
:10375400B5FA0490049B002B01D0049B1CE0124A90
:10376400124BD31ADB080393002305930FE0059A49
:1037740013465B0013449B001A460D4B13440293FB
:10378400059B9AB2029B1A80059B01330593059A07
:10379400039B9A42EBD30023184607B05DF804FB61
:1037A40084230020FC87030040860300F085030087
:1037B400E0200020024A034BD31ADB081846704766
:1037C40040860300F085030000B587B001900B46E6
:1037D4008DF803309DF80330002B23D0FFF7EAFF68
:1037E40004900023059317E0059A13465B001344E5
:1037F4009B001A460E4B13440393039B5B881A46A3
:10380400019B1B689A4204D1019B059A1A6000230C
:1038140009E0059B01330593059A049B9A42E3D37F
:10382400052300E00023184607B05DF804FB00BF41
:10383400E020002000B585B001900B468DF80330E0
:103844009DF8032001AB11461846FFF7BDFF034660
:10385400002B07D1019BDB00054A13440393039B10
:103864001B6800E00023184605B05DF804FB00BFA8
:10387400F085030084B001900B468DF80330019B62
:10388400DB00174A134402939DF80330013B032BDA
:103894001CD801A252F823F0AD380200B53802005A
:1038A400BD380200C738020002238DF80F3011E042
:1038B40004238DF80F300DE0029B1B798DF80F3037
:1038C40008E0029B5B798DF80F3003E000238DF84C
:1038D4000F3000BF9DF80F30184604B0704700BF8A
:1038E400F085030000B589B04148FFF7FFFE414869
:1038F400FFF7FCFE404B5B6807933F4B9B680493C8
:10390400079A049B134002339B003B4A134404333D
:1039140006931BE0079B01330793069B5B88C3F365
:1039240089139BB21A46069B1B88C3F389139BB267
:1039340013441A46079B13440793079A049B1340A6
:1039440002339B002C4A134404330693069B1B78D2
:1039540003F00303DBB2002BDCD00023059311E05A
:10396400079B5A1C0792049A1340059A92006946D1
:103974000A44214902339B000B445B681360059B96
:1039840001330593059B012BEAD99DF80030C3F35D
:103994000103DBB2012B0CD0022B14D1BDF8023091
:1039A400C3F389139BB203339B08079A1344079309
:1039B4000FE0BDF80030C3F38313DBB21A46079B54
:1039C4001344079305E00D4940F24D1008F0E0FD63
:1039D40000BF0848FFF796FE0390039B002B02D01C
:1039E400054A079B536000BF09B05DF804FB00BFA4
:1039F4009C2700209827002084230020208803008F
:103A040010B586B00390029101920093039B1B0CA6
:103A1400ADF81630BDF81640FFF7CCFE03469C42C5
:103A240004D323494FF4B27008F0B2FD009B5A1C32
:103A3400089B1340BDF816201E4902339B000B441B
:103A44005A60009A089B134002339B00194A13449E
:103A540004330493039B1B0903F00103D9B2049AB2
:103A6400137861F382031370039B03F00703D9B245
:103A7400049A137861F3C5031370019B03F00F03D9
:103A8400D9B2049A138861F389131380029BC3F398
:103A94001501049A136861F39F231360049A137841
:103AA400012161F30103137000BF06B010BD00BF14
:103AB400208803008423002000B58BB0019000917E
:103AC400019B023308930223079301238DF81B30D3
:103AD40000238DF80F300DF10F03184601F054FF49
:103AE400214B1A68009B1A601F4B9A681E4B596839
:103AF4001D4B1B68CB1A134401330993089A079B87
:103B0400134405930BE0FFF7EDFE174B9A68164B31
:103B14005968154B1B68CB1A134401330993059A52
:103B2400099B9A42EFD8104B1A680F4B9B681340BD
:103B340002339B000C4A134404330493049A13780D
:103B440043F003031370084B1A68089B1344064A96
:103B540013609DF80F30184601F02CFF9DF81B30C0
:103B640018460BB05DF804FB8423002000B58BB02D
:103B740005900491039202931E4B9B68079306AB36
:103B840019460298FFF798FF0346002B24D0069BA2
:103B9400023309930023089311E0089B9B00039AC6
:103BA4001A44099B591C099107990B401268114941
:103BB40002339B000B445A60089B01330893089A14
:103BC400029B9A42E9D3069A079B00931346029AF2
:103BD40004990598FFF714FF064B93F81C34002B47
:103BE40004D000F079F80346002BFAD100BF0BB0E3
:103BF4005DF804FB8423002000B583B0019000919C
:103C04000023002200990198FFF7B0FF00BF03B022
:103C14005DF804FB00B587B0039002910192019B0B
:103C2400059305AA012302990398FFF79FFF00BF9C
:103C340007B05DF804FB00B587B0039002910192D0
:103C44000093019B0493009B059304AA0223029909
:103C54000398FFF78BFF00BF07B05DF804FB00B5C6
:103C640089B00390029101920093019B0593009BFC
:103C740006930A9B079305AA032302990398FFF767
:103C840075FF00BF09B05DF804FB00B589B003906F
:103C9400029101920093019B0493009B05930A9B5C
:103CA40006930B9B079304AA042302990398FFF736
:103CB4005DFF00BF09B05DF804FB0000054B5A68C6
:103CC400044B1B689A420CBF01230023DBB2184645
:103CD400704700BF8423002000B599B0FFF7EEFFC2
:103CE4000346002B01D00023B3E19C4B0022C3F810
:103CF4001824BFF34F8F00BF984B5B681793974B03
:103D04009B681093179A109B134002339B00934AAD
:103D140013440433169300231593002314930023B0
:103D24000F931BE0179B01331793169B5B88C3F318
:103D340089139BB21A46169B1B88C3F389139BB243
:103D440013441A46179B13441793179A109B134056
:103D540002339B00814A134404331693169B1B7849
:103D640003F00303DBB2002BDCD00023139311E038
:103D7400179B5A1C1792109A1340139A920002A987
:103D84000A44764902339B000B445B681360139B1F
:103D940001331393139B012BEAD99DF8083003F0E8
:103DA4000303DBB2022B40F09C80BDF80A30C3F35E
:103DB40089139BB20D93BDF80A30C3F389139BB2E8
:103DC400502B28BF50239BB20C930C9BC3F30903C5
:103DD4009AB2BDF80A3062F38F13ADF80A300C9B27
:103DE40008330B939DF80830C3F3C203DBB20F937F
:103DF4000B995B4804F06DFF1590159B002B00F0A8
:103E0400E080159804F0F6FF02A9149B0822159887
:103E140005F09CF8149B08331493179BDA43109B0A
:103E2400134001339B000A930C9A0A9B9A4242D98D
:103E34000A9B002B08D0179A109B134002339B0057
:103E4400464A1344043300E0464B08930A9B002B74
:103E540002D00A9BDBB201E00C9BDBB28DF81F3071
:103E64000A9B002B01D03F4B00E0002306930A9BE2
:103E7400002B06D00C9BDAB20A9BDBB2D31ADBB25E
:103E840000E000238DF817309DF81F20149B08993B
:103E9400159805F05BF89DF81F30149A1344149399
:103EA400069B002B16D09DF81720149B0699159895
:103EB40005F04CF80EE0179A109B134002339B0058
:103EC400264A134404330993149B0C9A09991598B0
:103ED40005F03CF80D9B03339B08179A1344179382
:103EE4006FE09DF8083003F00303DBB2012B5AD1D5
:103EF400BDF80830C3F38313DBB2062B28BF0623B7
:103F0400DAB2BDF8083062F38913ADF80830BDF8B1
:103F14000830C3F38313DBB202330E939DF80830E9
:103F2400C3F3C203DBB20F930E9B9B0019460C48EC
:103F340004F0CFFE1590159B002B42D0159804F089
:103F440059FF02A9149B0822159804F0FFFF149B43
:103F540008331493002313931BE000BF8423002031
:103F6400FC87030090230020179B5A1C1792109A79
:103F7400134002339B00394A1344191D149B042235
:103F8400159804F0E3FF149B04331493139B01333B
:103F94001393BDF80830C3F38313DBB21A46139BA3
:103FA4009342E1D30DE09DF8083003F00303DBB244
:103FB400032B06D1294BD3F81834002B01D100234D
:103FC40047E0159B002B3ED0244BD3F810341293BA
:103FD400224BD3F81834002B1AD0159804F019FF8B
:103FE40031E000238DF847301298FFF748FB034671
:103FF400002B02D001238DF847309DF84730002B69
:1040040003D015991298FFF705FB129B5B68129376
:10401400129B002BE5D1159804F0FBFE00238DF8CC
:1040240007300DF10703184601F0AEFC0B4BD3F833
:104034001834002B02D1094A179B53609DF80730AE
:10404400184601F0B7FCFFF739FE034683F001037D
:10405400DBB2184619B05DF804FB00BF84230020CE
:1040640000B585B00023039322E0164BD3F8103437
:10407400029301238DF807300EE00298FFF7F0FA5F
:1040840003461A46039B934203D100238DF807305D
:1040940005E0029B5B680293029B002BEDD19DF827
:1040A4000730002B01D0039B07E0039B01330393EC
:1040B400039B092BD9DD4FF0FF33184605B05DF89B
:1040C40004FB00BF8423002000B585B001900B469B
:1040D4008DF80330FFF7C4FF0390039BB3F1FF3F58
:1040E40001D1039B1EE0039BDBB219460198FFF745
:1040F400ABFA0E4BD3F81034002B07D10B4A019BBB
:10410400C2F81034019B00225A600AE0074BD3F82E
:1041140010345A68019B5A60044BD3F81034019A46
:104124005A60039B184605B05DF804FB8423002005
:1041340000B583B00C4BD3F8103401930A4B012221
:1041440083F81C2408E00198FFF791FA0198FFF71F
:104154006FFA019B5B680193019B002BF3D100BFB5
:1041640000BF03B05DF804FB8423002010B582B0C7
:1041740001900091019BDB7983F00103DBB2002BFA
:1041840028D0019B1B7A002B12D0019B9B881A46D6
:10419400019B9B7919461046FFF76CFB03461A46B0
:1041A4000E4B53F822301A460D49009803F08CFD4B
:1041B400019B9B791A460B4B53F82240019B9B8829
:1041C40000211846FFF736FB0346224606490098AD
:1041D40003F07AFD00BF02B010BD00BF942100209F
:1041E400F088030080210020F488030000B585B026
:1041F4000390029113468DF80730039BDB7983F01B
:104204000103DBB2002B0FD0039B1B7A002B06D0DB
:104214000D4B1B681A460D49029803F055FD0C49D5
:10422400029803F051FD07E09DF80730002B03D0FE
:104234000749029803F048FD029803F023FD00BFEC
:1042440005B05DF804FB00BF94210020F088030052
:104254000089030030B58BB0079006910592049352
:104264000E9B1B7B8DF827300E9B00221A730E9930
:104274000498FFF77BFF059B062B7FD801A252F819
:1042840023F000BFA5420200AF420200BF42020079
:10429400D3420200F14202001943020049430200E2
:1042A40007990E9803F010FD69E0069B1B681A46F7
:1042B40007990E9803F008FD61E0069B1A68069BB7
:1042C40004331B6807990E9803F0FEFC57E0069B25
:1042D4001A68069B04331968069B08331B6800930D
:1042E4000B4607990E9803F0EFFC48E0069B19680B
:1042F400069B04331868069B08331B68069A0C3225
:1043040012680192009303460A4607990E9803F037
:10431400DBFC34E0069B1868069B04331C68069B90
:1043240008331B68069A0C32126806991031096822
:104334000291019200932346024607990E9803F0D6
:10434400C3FC1CE0069B1C68069B04331D68069B8B
:1043540008331B68069A0C321268069910310968F2
:1043640006981430006803900291019200932B4642
:10437400224607990E9803F0A7FC00E000BF002234
:104384000E990498FFF732FF0E9B9DF827201A73AD
:1043940000BF0BB030BD00BF00B587B003900291E1
:1043A40001920093029B082B5CD8009B1B7B8DF829
:1043B4001330009B00221A7300990198FFF7D6FE70
:1043C4000023059314E0059A029B9A4209D2039AAA
:1043D400059B13441B781A462449009803F074FC87
:1043E40003E02349009803F06FFC059B0133059318
:1043F400059B072BE7D91F49009803F065FC0023B0
:10440400059322E0059A029B9A4217D2039A059BD0
:1044140013441B788DF812309DF81230184614F0AE
:104424006AF80346002B02D09DF8123000E02E23D8
:104434001A461149009803F047FC03E00F4900981D
:1044440003F042FC059B01330593059B072BD9D947
:10445400012200990198FFF7C9FE009B9DF81320E3
:104464001A7300E000BF07B05DF804FB0489030081
:104474000C890300108903001489030018890300C0
:1044840000B589B0019000238DF81F3051E02E4B08
:104494001A689DF81F30DB0013440693069B1B78B3
:1044A4001A46012393400593284B1A68059B134031
:1044B400002B39D0059BDA43244B1B681340234A55
:1044C4001360069B1B78184606F04CF803468DF8DB
:1044D4001330069B1B781A46012393401A461C4B43
:1044E4001B6813409DF81320069909788A4093426B
:1044F4001AD19DF81330069A5278012A0CBF012272
:104504000022D2B293420CBF01230023DBB20393F7
:10451400069B5B68002B07D0069B5B68069A1278A3
:104524000399C9B2104698479DF81F3001338DF89E
:104534001F30084B1B789DF81F209A42A7D300BF59
:1045440000BF09B05DF804FBA4270020D427002095
:10455400D0270020A827002000B585B001900B4685
:104564008DF803300122019B02FA03F303931E4BDF
:10457400184601F073F90290029B002B30D11B4BBB
:104584001A68039B1340002B22D1019805F0EAFF1F
:104594000346002B06D0164B1A68039B1343144A98
:1045A400136006E0039BDA43114B1B681340104A67
:1045B40013600E4B1A68039B13430C4A13600A489A
:1045C4000C4B1B680022194601F016F9029008E012
:1045D400039BDA43054B1B681340044A136000E055
:1045E40000BF05B05DF804FBB0270020D4270020ED
:1045F400D0270020AC27002000B589B003900B46DB
:1046040001928DF80B30019B042B01D8072351E054
:1046140005F0B0FE034683F00103DBB2002B07D0A4
:1046240005F060FE0790079B002B01D0079B41E03B
:10463400224A039B1360224A9DF80B301370214ACF
:10464400019B1360204B00221A60204B00221A6049
:1046540023E09DF80B30DB00039A134406930323F5
:104664008DF8143000238DF8153000238DF81630A2
:1046740000238DF81730069B9B788DF81530069B28
:104684001B78184605AB124A194605F07FFE0790C1
:10469400079B002B01D0079B0CE09DF80B305A1EA2
:1046A4008DF80B20002BD4D10A4A00210A4801F0CE
:1046B40073F80346184609B05DF804FBA4270020EC
:1046C400A8270020AC270020D0270020D4270020D2
:1046D4005D450200854402001C89030000B583B0D7
:1046E400114B1B68002B03D11049B62007F050FF73
:1046F400002301930CE00C4B1A68019BDB0013446C
:104704001B780121184605F0A5FE019B0133019396
:10471400074B1B781A46019B9342ECD3002318469F
:1047240003B05DF804FB00BFA42700202089030028
:10473400A827002000B589B0039002910192029B42
:104744009BB2ADF81430019B0693039B079305AB12
:104754001A46002144F2010000F052F800BF09B0EB
:104764005DF804FB86B003900291019201238DF859
:1047740017309DF81730214A039B13601F4A029B90
:1047840053601E4A019B9360039B44F201029342CF
:1047940013D0039B44F20202934222D1019B174A95
:1047A400D360164BDB681B881A46144B9A61134B73
:1047B400DB685B68114AD36113E0019B0F4A136104
:1047C4000E4B1B699B680D4A53610C4B1B691B887C
:1047D4001A460A4B9A61094B1B695B68074AD36105
:1047E40000BF72B600BF00BF9DF81730DBB2002BCC
:1047F400FAD162B600BF00BF06B07047D8270020C8
:1048040030B589B0059004910392FFF791FCFFF74E
:1048140063FA0346002BFAD1059B44F20202934249
:104824002BD0059B44F20202934254D8059B44F2D8
:104834000102934231D0059B44F2010293424AD8CB
:10484400059B012B05D0059B41F2010293420AD03E
:1048540041E02E4B1B881B0443F001032C491846EE
:10486400FFF7CAF942E0294B1B881B0443F00103FC
:1048740028491846FFF7C0F938E0039B0793234BF8
:104884001B881B0443F00100079B5B681A46079BC7
:104894001B882149FFF7CFF928E0039B06931B4BA4
:1048A4001B881B0443F00104069B9D68069B9B68C0
:1048B400184604F0CBFB03461946069B5B681A4670
:1048C400069B1B88019300920B462A4613492046F7
:1048D400FFF7DBF90AE00D4B1B881B0443F00103CF
:1048E400049A0F491846FFF795F900BF0D4B1B6852
:1048F40003F00103002B00D0FFDE039A049905980E
:10490400FFF730FF00BF09B030BD00BFE02000203A
:104914007489030094890300B8890300D4890300CF
:10492400EC890300F0ED00E082B00190019B03F0FC
:104934000303002B0CBF01230023DBB2184602B093
:104944007047000082B003468DF807309DF80730A9
:104954009AB2064B1B889A4204D29DF80730013361
:10496400DBB200E00023184602B0704704280020A0
:1049740000B583B00B4B1B788DF807300A4B1B78BE
:10498400DBB21846FFF7DEFF03461A469DF80730F0
:1049940093420CBF01230023DBB2184603B05DF839
:1049A40004FB00BF002800200128002082B0084B2F
:1049B4001B788DF80730074B1B78DBB29DF8072076
:1049C4009A420CBF01230023DBB2184602B07047A1
:1049D400002800200128002000B585B0034600927D
:1049E400ADF806300B46ADF80430BDF804300133A1
:1049F4009BB2DB00ADF80E300098FFF795FF03463D
:104A040083F00103DBB2002B01D0072317E00E4A29
:104A1400009B1360BDF80E30009A13440B4A1360D8
:104A24000B4B00221A700B4B00221A700A4ABDF875
:104A340006301380094ABDF8043013800023184659
:104A440005B05DF804FB00BFF8270020FC27002018
:104A5400012800200028002002280020042800202B
:104A640000B587B003900B460192ADF80A30374B7E
:104A74001B88BDF80A209A4260D84FF6FF73ADF840
:104A8400123000238DF811300DF11103184600F097
:104A94007BFFFFF76DFF0346002B0ED12C4B1B78D9
:104AA400DBB2ADF812302A4B1B78DBB21846FFF7A5
:104AB40049FF03461A46264B1A709DF811301846D2
:104AC40000F078FFBDF812304FF6FF72934232D0F7
:104AD400204B1A68BDF81230DB001344019A1A60A7
:104AE400039B002B1CD0BDF80A30002B18D01A4BA6
:104AF4001B68BDF812201549098801FB02F2134412
:104B0400BDF80A200399184613F072FC114B1A6879
:104B1400BDF81230DB001344BDF80A209A8007E088
:104B24000C4B1A68BDF81230DB00134400229A8043
:104B34000023059304E00423059301E0092305936E
:104B4400059B184607B05DF804FB00BF022800204F
:104B540001280020F8270020FC2700200023184605
:104B64007047000000B585B02FE0204B1B78DBB206
:104B7400ADF80E301E4B1B68BDF80E201D49098888
:104B840001FB02F2134402931B4B1A68BDF80E306A
:104B9400DB0013449B88ADF80630174B1A68BDF848
:104BA4000E30DB0013441B680093BDF80620009B05
:104BB4001146029898470D4B1B78DBB21846FFF755
:104BC400C1FE03461A46094B1A70FFF7C7FF034696
:104BD40083F00103DBB2002B04D0FFF7E7FE0346AA
:104BE400002BC2D000BF05B05DF804FB00280020F4
:104BF400FC27002002280020F827002082B003466A
:104C04008DF807309DF8073003F01F0205499DF920
:104C140007305B09012000FA02F241F8232000BFAB
:104C240002B0704700E100E082B003468DF807301F
:104C34009DF8073003F01F0206499DF907305B0910
:104C4400012000FA02F2203341F8232000BF02B011
:104C5400704700BF00E100E082B003468DF80730E2
:104C64009DF8073003F01F0206499DF907305B09E0
:104C7400012000FA02F2403341F8232000BF02B0C1
:104C8400704700BF00E100E082B003468DF80730B2
:104C94009DF8073003F01F0206499DF907305B09B0
:104CA400012000FA02F2603341F8232000BF02B071
:104CB400704700BF00E100E082B0034600918DF828
:104CC40007309DF90730002B0CDA009BDAB20C494F
:104CD4009DF8073003F00F03043B5201D2B20B449A
:104CE4001A7609E0009BDAB206499DF907305201B1
:104CF400D2B20B4483F8002300BF02B0704700BF58
:104D040000ED00E000E100E084B00190244B039347
:104D1400019B002B40D0234B1A680399019B00BFD1
:104D240000BF00BF00BF00BF00BF00BF00BF8A427A
:104D34002FD000BF00BF00BF00BF00BF00BF00BF37
:104D440000BF00BF00BF00BF00BF00BF00BF00BF67
:104D540000BF00BF00BF00BF00BF00BF00BF00BF57
:104D640000BF00BF00BF00BF00BF00BF00BF00BF47
:104D740000BF00BF00BF00BF00BF00BF00BF00BF37
:104D840000BF00BF00BF00BF00BF00BF00BF00BF27
:104D940000BF013BC3D1019300BF04B0704700BF03
:104DA4000024F4005822002000B583B00190064A84
:104DB400019BC2F8083507211120FFF77DFF00BFD2
:104DC40003B05DF804FB00BF0010014008B50D4BB3
:104DD4004FF48032C3F844230A4B4FF48032C3F8B3
:104DE40004231120FFF750FF1120FFF707FF054BA5
:104DF40001221A602F20FFF787FF034B01221A704C
:104E040000BF08BD001001402629002008B511206C
:104E1400FFF70AFF0E4B4FF48032C3F848230C4BC4
:104E24004FF48032C3F80823094B01225A602F2023
:104E3400FFF76AFF064B01229A60064B00221A60B4
:104E44002F20FFF761FF044B00221A7000BF08BD3A
:104E5400001001401829002026290020024BD3F815
:104E640004351846704700BF0010014082B001901D
:104E74000091019A009BD31A23F07F43184602B095
:104E84007047000082B00190034A019BC2F840358C
:104E940000BF02B0704700BF0010014086B001900F
:104EA400284B1B68002B03D1264A019B136045E065
:104EB400019B1A68234B1B681B689A4210D8214B2C
:104EC4001B681968019B1A681E4B1B688A1A1A60B2
:104ED4001C4B1A68019BDA611A4A019B13602DE08E
:104EE400019B1B680393174B1B680593154B1B68A9
:104EF400049309E0049B1B68039AD31A0393049B4D
:104F04000593049BDB690493049B002B04D0049B4E
:104F14001B68039A9A42EDD8049B002B05D0049B8E
:104F24001A68039BD21A049B1A60019B039A1A60A5
:104F3400019B049ADA61059B019ADA6100BF06B00D
:104F4400704700BF1429002000B587B001902A4B98
:104F54001B680393284B1B680593059B049308E087
:104F6400049A019B9A4208D0049B0593049BDB6935
:104F74000493049B002BF3D100E000BF049B002B9F
:104F840001D1002333E0059A049B9A4214D11A4BB1
:104F94001B68DB69184A1360174B1B68002B0BD185
:104FA400164B01229A60164B00221A60154B0122FF
:104FB4001A702F20FFF7A8FE049B1B680293049B22
:104FC400DA69059BDA61059BDB690493049B002B7A
:104FD40005D0049B1A68029B1A44049B1A60064B72
:104FE4001B68039A9A4214BF01230023DBB21846BC
:104FF40007B05DF804FB00BF142900200010014035
:10500400182900202729002008B51120FFF724FEC5
:1050140000BF08BD08B51420FFF71EFE00BF08BD81
:1050240000B585B001900B46ADF80230BDF80230F2
:10503400082B0CBF01230023DBB20393039B002B3B
:1050440005D1094A4FF4B7710020FFF773FB019BA8
:105054000293029B1B68029A52681046984700BF4D
:1050640005B05DF804FB00BF048A030000B587B0F7
:105074000190019B5B690293019B9B69039302ABC3
:105084000A4A08211846FFF7EBFC0590059B049398
:10509400049B002B05D0064A4FF4C1710498FFF716
:1050A40049FB00BF07B05DF804FB00BF25500200B8
:1050B400048A030000B585B02B4B1B68002B4ED02F
:1050C40000230193FFF7CAFE0246284B1B681946CA
:1050D4001046FFF7CBFE0290234B1B6803931DE0A1
:1050E400039B1B68029A9A421CD3039B1B68029A77
:1050F400D31A0293039B1B68019A13440193039BE5
:105104000093039BDB690393009B1B7C002B05D05E
:10511400009B00221A740098FFF7A8FF039B002B42
:10512400DED100E000BF124B1A78124B1B789A4272
:105134000CD1104B1B780133DAB20E4B1A700D4BA5
:105144001B78022B02D10B4B00221A70094B1B78DF
:105154001946094A019B42F82130FFF75BFF00BF63
:1051640005B05DF804FB00BF1429002018290020B5
:1051740024290020252900201C29002082B0019028
:10518400184B1A78184B1B789A4223D0154B1B786E
:105194000133DAB2134B1A70124B1B78022B02D173
:1051A400104B00221A700F4B1B781A460F4B53F802
:1051B4002220019B1A60019B1A680D4B1B68134443
:1051C4000B4A13600A4B1B6823F07F43084A1360A1
:1051D400012303E0019B00221A600023184602B059
:1051E400704700BF24290020252900201C29002005
:1051F4001829002088B0039002910192002307939C
:1052040038E0204B1B680693069B1B68039A9A425E
:1052140006D2069B1A68039BD21A069B1A602EE0DC
:10522400069B1B68039AD31A0393069B1B68079A71
:1052340013440793069B00221A60124B1B680593C4
:10524400069BDB690F4A1360069BDB68002B11D0B9
:10525400029A079B134423F07F42069B5A60069BE5
:10526400DA68069B9A60019B1A68069BDA61019BC7
:10527400059A1A60034B1B68002BC2D100BF00BF04
:1052840008B070471429002000B589B001900023AC
:105294008DF81F30664B1B680593AAE0019B002B19
:1052A40005D0019B0693069BDB69019361E0614B8A
:1052B4001B781A4613465B001344DB005D4A134413
:1052C400043304935B4B1B780133DAB2594B1A70E5
:1052D400584B1A78574B9B789A4202D1554B00226F
:1052E4001A70049B5B680693049B1B78032B1ED0E7
:1052F400032B7EDC012B1FD0022B7AD1049B5B682D
:105304001846FFF721FE0346002B02D001238DF837
:105314001F30069B00221A746BE0454B1B680393F5
:10532400039B00221A74039BDB69414A1360404BC0
:105334001B68002BF1D15CE000BF069B1B7C002B9B
:1053440000D056E0049B9A68069B5A60049BDA6876
:10535400069B9A60049B1A69069BDA60049B5A694F
:10536400069B9A61344B1B78002B02D0069B0022CB
:105374005A60069B5A68314B1B68D31A23F07F434B
:105384002F4A93420ED8069B5B682C4A126811463A
:105394001846FFF76BFD0246069B9B681A44069B62
:1053A4001A6017E0254B1A68069B5B68194610467D
:1053B400FFF75CFD0290069B9B68029A9A4206D214
:1053C400069B9A68029BD21A069B1A6002E0069B0F
:1053D40000221A60069B00225A60069B00229A60F3
:1053E400069B01221A74069B0022DA610698FFF7D5
:1053F40055FD019B002B7FF451AF0E4B1A780D4BDA
:105404005B789A427FF44AAF9DF81F30002B04D199
:10541400074B1B68059A9A4201D0012300E0002340
:1054240003F00103DBB2184609B05DF804FB00BFCA
:1054340014290020082800202729002018290020EA
:10544400FEFF7F0010B588B00190274B1B68002B2E
:1054540044D0254B1B681B680793FFF7FFFC06909D
:10546400224B1B68059305990698FFF7FFFC03463A
:10547400033304931E4B1B7883F00103DBB2002B30
:1054840001D0FFF7A3FC049A079B934238BF13464D
:10549400059A13440593059B23F07F4305930598D0
:1054A400FFF7F0FCFFF7DAFC039006990398FFF787
:1054B400DDFC0346DC1C06990598FFF7D7FC034680
:1054C4009C420DD9FFF7CAFC03461846FFF7DAFCE5
:1054D4002F20FFF719FCFFF797FD01E0FFF796FC7B
:1054E40000BF08B010BD00BF1429002018290020F7
:1054F4002629002000B587B00023019300238DF8EE
:105504001730194B1B680493184B1B6803936B46A5
:105514001846FFF733FE03468DF80B309DF80B3029
:10552400002B08D0009B01AA04991846FFF762FEDD
:1055340001238DF81730019B1846FFF7A5FE03469B
:10554400002B02D001238DF817309DF81730002B63
:1055540002D00398FFF776FF054B00221A7000BFB4
:1055640007B05DF804FB00BF1829002014290020AF
:105574002729002082B003468DF80730034A9DF89E
:105584000730537000BF02B0704700BF08280020E6
:1055940084B00190144B5B7801338DF80F30124BBB
:1055A4009B789DF80F209A4202D100238DF80F308A
:1055B4000D4B1B789DF80F209A4201D100230FE078
:1055C400019B9DF80F201A70074B5B781A4613460F
:1055D4005B001344DB00044A134404330293029B2C
:1055E400184604B0704700BF0828002000B589B0F1
:1055F40003900291019200930023079300238DF8F6
:1056040016300DF11603184600F0BEF90DF117031C
:105614001846FFF7BDFF0690069B002B02D104231A
:10562400079318E0069B01221A70069B039A5A609E
:10563400FFF714FC0246069B9A60069B029ADA6006
:10564400069B019A1A61069B009A5A619DF81730CD
:105654001846FFF78FFF9DF81630184600F0AAF998
:10566400079B002B01D1FFF7D5FC079B184609B017
:105674005DF804FB00B587B001900B468DF803304C
:105684000023059300238DF80E300DF10E03184608
:1056940000F07AF90DF10F031846FFF779FF049033
:1056A400049B002B02D1042305930BE0049B9DF87B
:1056B40003201A70049B019A5A609DF80F30184613
:1056C400FFF758FF9DF80E30184600F073F9059B5C
:1056D400002B01D1FFF79EFC059B184607B05DF82F
:1056E40004FB000008B50E4B0022C3F840210C4B0C
:1056F4000022C3F844210A4B0022C3F84821084B76
:105704000022C3F84C21064B0022C3F80021044BAD
:105714000022C3F80421FFF7CDFC00BF08BD00BF81
:105724000010014008B5FFF7E5FE00BF08BD00000A
:1057340008B5FFF76BFB134B00221A70114B0022C4
:105744005A70104B0B229A700F4B00221A600F4BA9
:1057540000221A700E4B00221A701420FFF794FADC
:1057640007211420FFF7A8FA1420FFF747FA0020B6
:10577400FFF71AFBFFF772FB0346064A1360002388
:10578400184608BD082800201429002024290020D8
:10579400252900201829002086B003900B46019289
:1057A4008DF80B30134B9B78002B01D108231EE09E
:1057B400019B002B01D1072319E0039B002B01D18E
:1057C400072314E0039B1B681B7C002B01D00823D8
:1057D4000DE0039B1B680593059B00221A74059B2F
:1057E4009DF80B205A74059B019A5A6100231846B0
:1057F40006B070470828002000B587B003900291D6
:105804000192039B0593144B9B78002B01D1082331
:105814001EE0039B002B01D1082319E0029B042BFB
:1058240001D8072314E0059B5B69002B01D10823F1
:105834000EE0059B5B7C012B01D1029B00E0002361
:105844000493019B049A02990598FFF7CFFE03463F
:10585400184607B05DF804FB0828002000B585B0A1
:105864000190019B03930D4B9B78002B01D10823DE
:1058740010E0019B002B03D0039B5B69002B01D13B
:10588400082307E0039B00221A7402210398FFF700
:10589400F1FE0346184605B05DF804FB0828002015
:1058A40082B0EFF310830093009B019372B600BFA4
:1058B400019B184602B0704762B600BF00BF704734
:1058C40000B585B00190FFF7EBFF0390164B9B6882
:1058D400002B1BD1144B01229A60144BD3F8802067
:1058E400134B1340104A1360104B114AC3F8802025
:1058F4000E4BD3F884300C4A53600C4B4FF0FF32FC
:10590400C3F88420019B00221A7002E0019B01224B
:105914001A70039B002B01D1FFF7CEFF002318461A
:1059240005B05DF804FB00BF2829002000E100E079
:10593400FC06FFBD00B585B003468DF80730104B5B
:105944009B68002B16D09DF80730002B12D1FFF76F
:10595400A7FF03900B4A0A4B1B681360094A084BC4
:105964005B685360064B00229A60039B002B01D1B5
:10597400FFF7A2FF0023184605B05DF804FB00BF43
:105984002829002000E100E000B583B0019000F078
:105994002BF80346012B03D00549432006F0F8FDFC
:1059A4000198FFF78DFF00BF03B05DF804FB00BF53
:1059B400588A030000B583B003468DF8073000F021
:1059C40013F80346012B03D00649512006F0E0FDED
:1059D4009DF807301846FFF7ADFF00BF03B05DF830
:1059E40004FB00BF588A030084B0EFF305830193DE
:1059F400019BC3F308030393039B002B0DD1EFF327
:105A040014830093009B0293029B03F00103002B79
:105A14000CBF01230023DBB200E00123184604B0CD
:105A2400704782B00190019B03F00303002B0CBF6D
:105A340001230023DBB2184602B0704710B487B0CC
:105A440001900091019B009A53E8004F44EA020040
:105A540043E8000191F0000FF6D1059404900391FE
:105A6400059B184607B05DF8044B704710B487B027
:105A740001900091019B009A53E8004F04EB02004F
:105A840043E8000191F0000FF6D1059404900391CE
:105A9400059B184607B05DF8044B704710B487B0F7
:105AA40001900091019B009A53E8004F04EB02001F
:105AB40043E8000191F0000FF6D10594049003919E
:105AC400049B184607B05DF8044B704710B487B0C8
:105AD40001900091019B009A53E8004FA4EB02004F
:105AE40043E8000191F0000FF6D10594049003916E
:105AF400049B184607B05DF8044B704700B583B0AB
:105B0400019001210198FFF799FF0346184603B05D
:105B14005DF804FB00B585B00190002303930EE00B
:105B24000B4A039B52F82330002B05D0084A039BF1
:105B340052F8233001989847039B01330393039B46
:105B4400032BEDD900BF00BF05B05DF804FB00BF17
:105B54004429002082B001900091019B1B78013BF5
:105B6400052B61D801A252F823F000BF895B020023
:105B7400915B0200B75B0200E95B0200095C020072
:105B8400255C0200009B00221A704EE0009B01225B
:105B94001A70019B1A89009B9A81019B9A88009B29
:105BA400DA81019BDA68009B9A60009B00221A74D8
:105BB4003BE0009B02221A70019B1A89009B9A8188
:105BC400019B9A88009BDA81019BDA68009B9A60AA
:105BD400019B9B7D062B0CBF01230023DAB2009BA3
:105BE4001A7422E0009B03221A70019BDA88009B3E
:105BF4009A81019B1A89009BDA81019BDA68009BD8
:105C04009A6012E0009B04221A70019BDA88009BC0
:105C14009A81009B0022DA81009B00229A6004E0B2
:105C2400009B05221A7000E000BF00BF02B070475D
:105C340084B001900091019B0393039A009B9A42C4
:105C440006D2039B1B68B3F1FF3F01D0012300E0A0
:105C5400002303F00103DBB2184604B0704782B09E
:105C64000190019B5B8803339B00019A13441846FF
:105C740002B0704700B583B0019000910198FFF71E
:105C8400EEFF0246009B934201D202230CE0019BEB
:105C94009B884FF6FF72934203D0019B1B88002B15
:105CA40001D1012300E00023184603B05DF804FB92
:105CB40000B583B00190019B002B13D00D4BDB6822
:105CC4001A46019B93420DD30A4B1B691A46019B4A
:105CD400934207D80198FFF7A4FE0346002B01D096
:105CE400012300E0002303F00103DBB2184603B0F4
:105CF4005DF804FB5821002082B00190019B002B29
:105D040004D0019B1B680B4A934201D003230DE08E
:105D1400019B04331B68084A934204D0074A934208
:105D240003D1012302E0002300E00323184602B05C
:105D3400704700BFDEC0ADDEFE011EF1FF011EF1A3
:105D440084B00190002303930CE0039B9B00019A11
:105D540013441B68B3F1FF3F01D0002307E0039B0A
:105D640001330393039BB3F5806FEED301231846ED
:105D740004B0704782B003460A46ADF806301346B5
:105D8400ADF80430BDF80620134913469B001344B4
:105D94009B000B4408331A88BDF804301344ADF853
:105DA4000430BDF806200C4913469B0013449B00A5
:105DB4000B440A331A88BDF804301344ADF8043098
:105DC400BDF8043040F2FF32934294BF0123002314
:105DD400DBB2184602B07047F429002084B0019069
:105DE40000910A2303930023ADF80A3027E0BDF89D
:105DF4000A20174913469B0013449B000B440433A9
:105E04001B68009A9A4215D9BDF80A201049134616
:105E14009B0013449B000B4404331B6803F580531D
:105E2400009A9A4206D200230393019BBDF80A20EC
:105E34001A8008E0BDF80A300133ADF80A30BDF825
:105E44000A30012BD3D9039B184604B0704700BF16
:105E5400F429002000B589B0039002910192039BBC
:105E640003F580530693039B08330393029B02229A
:105E74001A80039B079332E006990798FFF7FAFE0E
:105E840003468DF817309DF81730002B0AD1079B75
:105E94009A68184B1B689A4213D9079B9B68154A4A
:105EA40013600EE0019B002B02D0019B01221A70AB
:105EB4009DF81730022B04D1029B4FF480621A80A4
:105EC40014E0029B1A88079B5B8813449BB203333C
:105ED4009AB2029B1A800798FFF7C1FE07900699B1
:105EE4000798FFF7A5FE0346002BC5D109B05DF85E
:105EF40004FB00BF5429002082B001900B46ADF88A
:105F04000230019B1A89BDF8023013449BB203335B
:105F14009AB2019B1A81019B5A89BDF80230D31AA7
:105F24009BB2033B9AB2019B5A8100BF02B07047F7
:105F340000B583B0074B1B68194600230093082360
:105F4400054A064802F07FFA0346184603B05DF896
:105F540004FB00BF1C2A0020008B030058210020F2
:105F640000B585B003900399002300930823044AE5
:105F7400044802F068FA0346184605B05DF804FBCD
:105F8400088B03005821002000B585B0034600911A
:105F9400ADF8063000238DF80F30BDF8063003331A
:105FA400ADF80A30BDF80A3040F2FD32934201D90F
:105FB40009234AE00023ADF80C303BE0BDF80C2087
:105FC400244913469B0013449B000B441B78002B6D
:105FD4002BD1BDF80A20BDF80C3011461846FFF746
:105FE400C9FE0346002B20D001238DF80F30009BFF
:105FF400BDF80C201A80BDF80C20164913469B00EE
:1060040013449B000B440A331988BDF80C20BDF8D7
:106014000A300B4498B20F4913469B0013449B006B
:106024000B440A3302461A8008E0BDF80C300133F1
:10603400ADF80C30BDF80C30012BBFD99DF80F30F2
:10604400002B01D0002300E00723184605B05DF8BB
:1060540004FB00BFF429002082B003460A46ADF8D1
:1060640006301346ADF80430BDF804200D4913463C
:106074009B0013449B000B440A331A88BDF8063076
:10608400D31A9BB2BDF80420033B98B205491346CA
:106094009B0013449B000B440A3302461A8000BF42
:1060A40002B07047F429002008B501210248FFF727
:1060B400F5FC0346184608BD5429002000B585B0F8
:1060C40003460091ADF80630BDF806202449134676
:1060D4009B0013449B000B4404331B6803F580535B
:1060E4000293009B1B680393039B002B04D003982B
:1060F400FFF7B5FD039026E0BDF8062018491346C6
:106104009B0013449B000B4404331B680833039324
:1061140019E002990398FFF7ADFD0346022B10D056
:10612400022B10DC002B02D0012B05D00BE0009BCE
:10613400039A1A6001230EE00398FFF790FD039081
:1061440001E0002307E002990398FFF771FD03467D
:10615400002BDED10023184605B05DF804FB00BF18
:10616400F429002000B585B001900091019B5B6883
:106174001846FFF79DFD0346002B19D0019B1A8991
:10618400244B1B899A4213D1019B1A68019B5B68BB
:106194009B689A420CD1019B5B6819460098FFF7F3
:1061A4001DFE0346002B0CBF01230023DBB22CE0B1
:1061B400009B00221A8023E00023029310E0029B3C
:1061C4000393039B9A68019B1B689A4208D1029A25
:1061D400019B5A600F4B1A89019B1A81012314E019
:1061E400009B1B8802AA11461846FFF767FF034667
:1061F400002BE4D1009B1B8801339AB2009B1A80C8
:10620400009B1B88012BD7D90023184605B05DF8E5
:1062140004FB00BF242A002000B587B0039002913C
:1062240001920093304B1B78DBB283F00103DBB2A5
:10623400002B01D0022353E0019B002B02D0009BD2
:10624400002B48D105234BE0009B9B881946274A25
:106254000B469B000B449B0013441B78002B33D14B
:1062640024E0009B1B680593039B002B06D0059B31
:106274009A88039B1B889A4200D017E0029B002B4C
:1062840006D0059B1A88029B1B889A4200D00DE019
:10629400059B9A68019B1A60009B1A68019B5A60CF
:1062A400134B1A89019B1A81002319E0009B9B88D8
:1062B400009A11461846FFF701FF0346002BD0D180
:1062C400009B00221A6000E000BF009B9B88013302
:1062D4009AB2009B9A80009B9B88012BB4D90A2315
:1062E400184607B05DF804FB34290020F429002087
:1062F400242A002000B585B00190084B0199184666
:1063040001F05FFB03901C220021039812F0A2F815
:10631400039B184605B05DF804FB00BFE429002088
:1063240000B583B00190044B0199184601F060FB5D
:1063340000BF03B05DF804FBE429002000B583B07E
:106344000190054B0199184601F066FB0346184677
:1063540003B05DF804FB00BFE429002000B583B05E
:106364000190044B0199184601F06DFB00BF03B086
:106374005DF804FBE429002008B50A4B1B68002BD8
:1063840004D1094940F2712006F002F901210548BF
:10639400FFF79CFB0346002B14BF01230023DBB251
:1063A400184608BD3C290020B48A030000B587B014
:1063B400002305930023ADF812300323ADF8103009
:1063C40000238DF80F300023ADF80C30F3E0BDF856
:1063D4000C301A03804BDB68134402930298FFF7D6
:1063E4008BFC03468DF807309DF80730032B08D04B
:1063F400032B00F3DA80002B65D0012B00F098808A
:10640400D3E00298FFF79CFC0346002B3BD0734B70
:106414001B68002B29D0BDF81220714913469B003C
:1064240013449B000B4402221A70BDF812206C49DD
:1064340013469B0013449B000B440433029A1A60D6
:10644400BDF81220664913469B0013449B000B447D
:10645400083302221A80634ABDF812305380BDF813
:1064640012300133ADF8123008E05C4A029B13602D
:106474005A4B02229A8001238DF80F30059B43F07A
:106484000103059392E0BDF81030013BADF81030E4
:10649400BDF81220524913469B0013449B000B4441
:1064A4000433029A1A60BDF812204D4913469B002A
:1064B40013449B000B4403221A70BDF812300133BD
:1064C400ADF8123072E0BDF81220454913469B0026
:1064D40013449B000B4400221A70BDF8122040495B
:1064E40013469B0013449B000B440433029A1A6026
:1064F400BDF8122013469B0013449B000833384A0E
:106504009918BDF8122013469B0013449B001033C6
:10651400334A13441A460298FFF79CFC059B43F048
:1065240002030593BDF812300133ADF812303DE09B
:106534009DF80F30002B25D0BDF8122028491346B2
:106544009B0013449B000B4402221A70BDF81220D6
:10655400224B1968224813469B0013449B000344B2
:1065640004331960BDF812201D4913469B001344DF
:106574009B000B44083302221A80BDF81230013309
:10658400ADF81230154A029B136000221649029896
:10659400FFF760FC114B9B88022B01D1042300E020
:1065A4000823059A1343059300E000BFBDF80C309F
:1065B4000133ADF80C30BDF80C30022B7FF607AF79
:1065C400BDF81030012B01D800230593059BDBB2E5
:1065D400184607B05DF804FB582100201C2A00204F
:1065E400F4290020242A0020202A002000B587B0A6
:1065F40003900291039B02229A750299039B1A1D30
:10660400002300930423074801F01DFF0590059B18
:10661400002B01D1002300E00E23184607B05DF8DB
:1066240004FB00BF5821002000B587B003900291FD
:10663400039B1B69002B01D0032200E00122039B72
:106644009A75029B08331946039B03F10C0200233D
:1066540000930423064801F0F6FE0590059B002BE9
:1066640001D1002300E00E23184607B05DF804FBB7
:106674005821002000B587B003900291039B1B783A
:10668400032B01D1052200E00622039B9A75029B8D
:1066940004331946039B03F10802002300930423E7
:1066A400064801F0D0FE0590059B002B01D1002384
:1066B40000E00E23184607B05DF804FB58210020C3
:1066C40000B587B003900B46ADF80A300399002358
:1066D400009304230C4A0D4801F0B5FE0590059B78
:1066E400002B01D00E230BE0BDF80A200849134605
:1066F4009B0013449B000B44103301221A700023A7
:10670400184607B05DF804FB108B030058210020E5
:10671400F429002000B589B0019002AB00221A6070
:106724005A609A60019BDB6802930DF1160202AB7A
:1067340011461846FFF716FD0346002B12D0039BA3
:106744000693069B9A88019BDA80069B1A88019B14
:106754001A81039BBDF8162011461846FFF7B0FFB7
:10676400079001E00A230793079B184609B05DF8D8
:1067740004FB000000B587B00190019B981D02AA9C
:106784000D4B0021FFF748FD0590059B002B08D118
:10679400039B094A928811461846FFF791FF05901A
:1067A40004E008220021044811F054FE059B184619
:1067B40007B05DF804FB00BF342A002000B587B0A1
:1067C40003900291039B01229A75029B0C33184695
:1067D400039B1A69039BDB889B00002100910146FF
:1067E400064801F030FE0590059B002B01D10023E3
:1067F40000E00E23184607B05DF804FB5821002082
:1068040082B0184B1B8901339AB2164B1A81154B6F
:1068140000225A80134B00221A730023ADF806306D
:1068240018E0BDF80620104913469B0013449B0052
:106834000B441A78BDF80630002A0CBF012200224E
:10684400D1B2084A13440A469A72BDF8063001339D
:10685400ADF80630BDF80630012BE2D900BF00BF09
:1068640002B07047242A0020F429002084B001904B
:1068740000238DF80F300023ADF80C3031E0BDF863
:106884000C301C4A13449B7A002B25D0BDF80C30E5
:10689400184A134400229A72BDF80C201649134674
:1068A4009B0013449B000B440C331B68002B13D137
:1068B400BDF80C20104913469B0013449B000B4465
:1068C40010331B78002B07D0019BBDF80C201A80D5
:1068D40001238DF80F3008E0BDF80C300133ADF81A
:1068E4000C30BDF80C30012BC9D99DF80F30184677
:1068F40004B07047242A0020F429002008B5084B6E
:1069040005221A70074B02229A80064B1B6819460F
:1069140000230122044801F0E8FD0346184608BD9F
:10692400242A00201C2A00205821002000B583B00E
:10693400164B5B88ADF80230BDF8022014491346AB
:106944009B0013449B000B440C331B68002B14D195
:106954000E4B04221A70BDF802200D4913469B0009
:1069640013449B000B4404331B6819460023012283
:10697400084801F0BAFD019002E0FFF7BFFF019063
:10698400019B184603B05DF804FB00BF242A0020D5
:10699400F42900205821002000B587B0104B5B6813
:1069A4000593104B1A680F4B9B889B001344049368
:1069B400059B5B880333ADF80E30094B03221A7034
:1069C4000499074B5A68BDF80E309B0000200090D4
:1069D400054801F038FD0346184607B05DF804FB8E
:1069E400242A00201C2A00205821002000B583B04E
:1069F4000A4B5B880A491846FFF760FB0346002BE5
:106A040003D0FFF7C9FF019002E0FFF78FFF019069
:106A1400019B184603B05DF804FB00BF242A002044
:106A2400282A002008B50A4B06221A70084B5B88F6
:106A34001946084A0B469B000B449B00134404333D
:106A44001B681846FFF78CFA0346184608BD00BFBA
:106A5400242A0020F429002008B5054B07221A70C7
:106A6400034B00225A60FFF763FA0346184608BD39
:106A7400242A002008B50D48FFF7F8FE034683F0EA
:106A84000103DBB2002B0BD0094B00221A70084B18
:106A940000225A80064B00225A6041F61D5302E040
:106AA400FFF7A4FF0346184608BD00BF262A0020AE
:106AB400242A002082B0094B5B680193019B5B8808
:106AC4000333ADF80230064B9A88BDF80230134404
:106AD4009AB2034B9A8000BF02B07047242A002068
:106AE4001C2A002082B0184B1B680193174B5B884B
:106AF4001946174A0B469B000B449B00134404336E
:106B04001B68114A1360114B5B881946104A0B46E7
:106B14009B000B449B0013440433019A1A600B4BF3
:106B24005B881946084B9888094A0B469B000B441E
:106B34009B001344083302461A80034B02229A80B6
:106B440000BF02B0704700BF1C2A0020242A002086
:106B5400F429002008B51A4B1B78072B2CD801A266
:106B640052F823F0896B0200BD6B0200BD6B02007A
:106B7400956B0200A16B0200AD6B0200AD6B0200CD
:106B8400B56B0200FFF73CFE0D4B01221A7014E0B6
:106B9400FFF790FF0A4B02221A700EE0FFF7A2FFE4
:106BA400074B06221A7008E0054B07221A7004E00E
:106BB400034B01221A7000E000BF00BF08BD00BFF4
:106BC400242A002000B587B0019000910F2305937B
:106BD400019B002B04D0624B00225A600123BBE0CE
:106BE400009B1B79032B00F2AB8001A252F823F027
:106BF400056C0200136C0200A16C0200C16C02005F
:106C0400009B01221A71FFF793F905909BE0002382
:106C14008DF813300023ADF810302BE0BDF81020B0
:106C2400504913469B0013449B000B441B78022BD2
:106C34001BD1BDF810204B4913469B0013449B0005
:106C44000B4400221A7001238DF81330BDF8102074
:106C5400444913469B0013449B000B4404331B68B4
:106C64001846FFF77DF9059008E0BDF810300133B0
:106C7400ADF81030BDF81030012BCFD99DF813308A
:106C840083F00103DBB2002B5CD0354B01221A7078
:106C9400334B00225A6041F61D535DE0009B0022F5
:106CA4001A71314B02229A802F4B1B68194600231C
:106CB40001222E4801F019FC059044E0009B0022BB
:106CC4001A71294B1B681846FFF74AF90590284B9F
:106CD4005B88ADF80E30244B1B680293BDF80E2080
:106CE400204913469B0013449B000B4404331B6848
:106CF4001D4A1360BDF80E201A4913469B00134425
:106D04009B000B440433029A1A60BDF80E20164B04
:106D14009888144913469B0013449B000B44083382
:106D240002461A80104B02229A80BDF80E200D49AB
:106D340013469B0013449B000B4400221A7002E08C
:106D440000BF00E000BF059B002B04D0044B0022D1
:106D54005A600E2300E00023184607B05DF804FBD8
:106D640034290020F42900201C2A00205821002066
:106D7400242A002000B587B001900091009B9B8AD3
:106D84001A4613469B0013449B003C4A1344049345
:106D9400019B002B07D0009BDB8819460498FFF762
:106DA400ABF8012365E0049B5A68049B1B899B0094
:106DB40013440393009B9B7D062B4DD801A252F8EC
:106DC40023F000BF0B6E02002F6E0200176E02004C
:106DD400236E0200E56D02003B6E0200556E020058
:106DE400274B00225A60009B9B69254A1360254962
:106DF4002348FFF7B7F9034683F00103DBB2002B06
:106E040001D00A2335E003990098FFF7EFFB0590C2
:106E140025E003990098FFF707FC05901FE003990C
:106E24000098FFF7CBFC059019E003990098FFF751
:106E340021FC059013E0009B06229A75104B5B68B9
:106E4400104A128811461846FFF73AFC059006E0EE
:106E540041F61D53059302E00F23059300BF059BE4
:106E6400002B05D0009BDB8819460498FFF744F8F3
:106E7400059B184607B05DF804FB00BFF429002009
:106E84003C2A0020482A002000B585B001900091DA
:106E9400019B002B01D0012326E0009B1B79022BD0
:106EA40019D0022B1BDC002B02D0012B08D016E0DA
:106EB400009B02221A710098FFF72CFC039012E049
:106EC4000098FFF757FC0390039B0A2B0AD141F665
:106ED4001D53039306E041F61D53039303E00F2370
:106EE400039300E000BF039B184605B05DF804FB64
:106EF40000B585B00190019B002B01D001233BE03C
:106F04001F4B1B7B002B03D01D4B00221A7301E087
:106F1400FFF720FE1A4B1B78013B062B28D801A251
:106F240052F823F0456F02004D6F0200556F0200C6
:106F34005D6F0200756F0200656F02006D6F0200E5
:106F4400FFF798FD039016E0FFF750FD039012E061
:106F5400FFF722FD03900EE0FFF7E8FC03900AE040
:106F6400FFF760FD039006E0FFF776FD039002E073
:106F74000F23039300BF039B184605B05DF804FB81
:106F8400242A002000B589B001903F4B1B68002BD8
:106F940005D13E48FFF7D2F903463B4A13603A4B0A
:106FA4001B68002B04D13A4940F2795005F0F0FAFD
:106FB400354B1B681B78013B052B2CD801A252F8DA
:106FC40023F000BFE16F0200F16F0200F16F0200D5
:106FD4000170020001700200117002002A4B1B684C
:106FE40019460198FFF7EEFD019017E0264B1B6848
:106FF40019460198FFF7BEFE01900FE0224B1B6873
:1070040019460198FFF740FF019007E00198FFF748
:107014006FFF019002E00F23019300BF019B002B3F
:107024002BD003AB14220021184611F013FA019B54
:1070340041F61D52934204D100230493002301938B
:1070440001E0019B0493104B1B6803AA11461846E8
:10705400FEF780FD03AB1846FEF75CFD0A4B0022E9
:107064001A600A48FFF77AF9FFF786F9034683F0B6
:107074000103DBB2002B02D187E700BF00E000BFB1
:1070840000BF09B05DF804FB4C2A0020502A002000
:10709400B48A030008B501210548FEF7E7FC03465E
:1070A400002B02D10020FFF76DFF00BF08BD00BF19
:1070B4003C29002000B583B00190019B5B68184611
:1070C400FFF760FF00BF03B05DF804FB00B58BB0B1
:1070D4000390029101928DF803300023ADF824301F
:1070E4000023ADF82630514B1B78DBB283F001034B
:1070F400DBB2002B01D0022393E0029B002B01D1D1
:1071040005238EE0029B1B884FF6FF72934203D047
:10711400029B5B88002B01D1042382E0029B5B6805
:107124001846FEF77EFC034683F00103DBB2002B16
:1071340001D0032375E0019B002B11D1029B9B68B6
:10714400ADF826300DF11A02BDF826301146184666
:10715400FEF71AFF0890089B002B09D0089B60E0FB
:10716400019B1B88ADF81A30019B5B88ADF8263073
:1071740005AB1846FFF7BEF80790079B002B09D113
:10718400BDF81A20BDF8263011461846FEF764FFF4
:10719400082346E0079B9DF803201A70079B0022F2
:1071A4009A75BDF81A20079B9A82029B5A68079B1E
:1071B4001A61FEF779FF0246079BDA60029B1A8880
:1071C400079B1A81029B5A88079B9A80079BBDF8EC
:1071D4002620DA809DF80330032B06D1079B042276
:1071E4009A75039B1A68079B9A61079BBDF8242034
:1071F4005A8105AB1846FFF793F8039B002B0DD07B
:10720400039B00225A60079BDA68039B1A60039B66
:1072140000229A72064B1A89039B1A81FFF73AFFE0
:10722400002318460BB05DF804FB00BF342900208E
:10723400242A002000B585B001900C4B1B68042B58
:1072440002D10C2303930BE0084B1B680849019AF5
:1072540041F8232001210548FEF720FC0023039375
:10726400039B184605B05DF804FB00BF40290020CD
:107274004429002084B04FF010235B6903934FF03E
:1072840080531B6902934FF080535B690193039B06
:10729400B3F1FF3F04D1019B029A02FB03F300E028
:1072A400039B184604B0704700B583B04FF44053B5
:1072B4000193FFF7DFFF0346054A1361044B1A6984
:1072C400019BD31A024AD36000BF03B05DF804FBEC
:1072D4005821002008B5FFF7E7FF002203490448BE
:1072E40001F096F80346184608BD00BF2C8C030035
:1072F4005821002008B504481C238C22034900F0BF
:1073040019FB00BF08BD00BFE42900205829002054
:1073140000B58BB002AB00221A605A609A60DA6042
:107324001A61414B1B78DBB2002B05D002AB184627
:10733400FEF7F0FB002373E03C48FEF7DFFB034657
:10734400002B01D000236BE0FFF7C4FF0990099BD9
:10735400002B01D0099B63E0FFF7CCFFFFF726F871
:1073640003468DF823309DF82330062B07D0062BD7
:1073740011DC002B01D0022B0DD10B2350E02A4B42
:1073840001221A70284B00225A6002AB1846FEF7FD
:10739400C1FB002344E000BF01AB1846FEF7AAFF7F
:1073A4000790079B002B01D1082339E0079B01229A
:1073B4001A709DF82330013B0A2B29D801A252F8F8
:1073C40023F000BFF573020015740200F573020088
:1073D400157402000D740200157402000D7402008D
:1073E40015740200FD73020005740200FD730200AF
:1073F400079B00221A710CE0079B03221A7108E014
:10740400079B02221A7104E0079B01221A7100E013
:1074140000BF01AB1846FEF783FFFFF73BFE0023D6
:1074240018460BB05DF804FB3429002038290020ED
:1074340000B585B001900091019B002B02D0009B08
:10744400002B01D1052329E00DF10A031946019807
:10745400FEF788FE0346002B1FD0019B5B68039355
:10746400BDF80A301A4613469B0013449B000833A8
:107474000C4A1344043301211846FEF70FFB009B0A
:10748400039A1A60019B5B6803F10C02009B5A602B
:10749400019B01229A72002300E00A23184605B0DA
:1074A4005DF804FBF429002000B585B00190019B30
:1074B400002B01D1052339E00DF10A031946019887
:1074C400FEF750FE0346002B2DD0BDF80A301946B6
:1074D400184A0B469B000B449B0013440C331B6857
:1074E400002B1DD0019B9B7A002B19D0BDF80A30CC
:1074F4001A46104913469B0013449B000B440C335B
:107504001B68591E0B4813469B0013449B000344FD
:107514000C331960019B00229A720023039304E048
:107524000623039301E00A230393039B184605B043
:107534005DF804FBF429002000B585B001900B46EA
:10754400ADF80230134B1B78DBB283F00103DBB2DE
:10755400002B01D0022319E0019B002B01D105234C
:1075640014E00DF10A02BDF8023011461846FEF788
:107574000BFD0390039B002B07D1BDF80A20019B50
:107584001A80019BBDF802205A80039B184605B05F
:107594005DF804FB3429002000B585B001901F4B31
:1075A4001B78DBB283F00103DBB2002B01D0022392
:1075B4002FE0019B002B01D105232AE0019B1B88AE
:1075C400022B01D9042324E0019B1B881A4613468D
:1075D4009B0013449B00124A13440293019B5B8853
:1075E4000233029A5289934210DA019B5A88019B12
:1075F4001B8819461046FEF72FFD019B00221A80B6
:10760400019B00225A800023039301E00423039387
:10761400039B184605B05DF804FB00BF3429002025
:10762400F429002000B583B00190009102230022C8
:1076340000990198FFF74AFD0346184603B05DF828
:1076440004FB00B585B0039002910192019B002BCD
:1076540001D1052306E00223019A02990398FFF75A
:1076640035FD0346184605B05DF804FB00B583B04C
:1076740001900091019B002B01D1052306E0032317
:10768400002200990198FFF721FD0346184603B034
:107694005DF804FB00B585B00346ADF80630184B21
:1076A4001B78DBB283F00103DBB2002B01D0022391
:1076B40022E0BDF806304FF6FF72934201D1042355
:1076C4001AE002AB1846FEF715FE0390039B002B4D
:1076D40001D1082310E0039B05221A70039B0122A9
:1076E4001A71039BBDF80620DA8002AB1846FEF738
:1076F40017FEFFF7CFFC0023184605B05DF804FB26
:107704003429002000B583B0144B1B78DBB283F01E
:107714000103DBB2002B01D002231AE06B461846AA
:10772400FEF7E8FD0190019B002B01D1082310E036
:10773400019B06221A706B461846FEF7F1FD084BB2
:107744001B78002B02D0064B01221A73FFF7A2FC10
:107754000023184603B05DF804FB00BF3429002061
:10776400242A002000B585B0029201930346ADF8A7
:107774000E300B46ADF80C3003A90DF10E00019B41
:10778400029AFEF749FD0346184605B05DF804FB6E
:1077940000B585B0034602910192ADF80E300DF1AB
:1077A4000E01019B029A0020FEF736FD034618469F
:1077B40005B05DF804FB00B585B003460291019263
:1077C400ADF80E300DF10E00019B029A0021FEF778
:1077D40023FD0346184605B05DF804FB82B0019012
:1077E4000091019B002B02D0009B002B01D10523AB
:1077F40004E0019B1A68009B1A600023184602B03B
:10780400704786B001900091019B53E8011F8AB232
:10781400D88902449889824228BF121A1889824260
:1078240002BFBFF32F8F002307E0C2EA010243E83F
:1078340001200028E9D14FF001038DF80F300590A5
:1078440002910492029A009B1A609DF80F30DBB2F9
:10785400184606B0704784B00190019951E8013F81
:10786400C3EA034341E80132002AF7D103920293A9
:1078740000BF04B0704786B001900091019B53E8AB
:10788400021F1FFAA1F2D888824202BFBFF32F8FD2
:1078940000230DE0D88902449889824228BF121A35
:1078A400C1EA024243E802200028E8D14FF0010374
:1078B4008DF80F30059002910492029A009B1A6091
:1078C4009DF80F30DBB2184606B0704784B00190C3
:1078D400019951E8023FC3EA234341E80232002AF6
:1078E400F7D10392029300BF04B0704786B00190B1
:1078F400019B53E8021FDA88B1EB314F4FF00000CF
:1079040017BF89B242EA024241EA024204E05968DE
:10791400B1EB314F08BF012043E802210029E8D12F
:107924008DF80F00059104929DF80F30DBB21846D4
:1079340006B0704784B00390029111461A460B4674
:10794400ADF806301346ADF80430029B002B01D18C
:107954000E231FE0BDF80630BDF80420B3FBF2F19E
:1079640001FB02F29B1A9BB2002B01D0092311E008
:10797400039B029A1A60039B00225A60039B002215
:107984009A60039BBDF806209A81039BBDF80420EE
:10799400DA810023184604B0704700B585B0019021
:1079A4000198FFF7A3FF03468DF80F309DF80F30C1
:1079B400002B01D0002300E01123184605B05DF828
:1079C40004FB00B583B001900091009B1946019817
:1079D400FFF717FF0346002B05D0019B1B68009A95
:1079E4001288134400E00023184603B05DF804FB3A
:1079F40000B583B001900091009B1A88009B5B88BE
:107A04009A4204D10198FFF726FF012300E00023E6
:107A1400184603B05DF804FB00B583B001900091F3
:107A2400009B19460198FFF726FF0346002B05D05B
:107A3400019B1B68009A5288134400E000231846F7
:107A440003B05DF804FB00B583B001900091009B86
:107A54001A88009B5B889A4204D10198FFF736FF8D
:107A6400012300E00023184603B05DF804FB000086
:107A740000B583B001900B468DF80330019B002BB9
:107A840003D10849AF2004F083FD019BDA689DF817
:107A940003300199098A01FB03F31344184603B028
:107AA4005DF804FB1C8B030000B583B001900091CA
:107AB400019B002B03D10849BC2004F069FD009B05
:107AC400019AD2689B1A019A128AB3FBF2F3DBB2D1
:107AD400184603B05DF804FB1C8B030000B585B0A9
:107AE4000190019B002B01D10E2348E0019B1B68F0
:107AF400002B03D12449C62004F04AFD019B5B6896
:107B0400002B03D12049C72004F042FD019B9B6850
:107B1400002B03D11C49C82004F03AFD019BDB680B
:107B2400002B03D11849C92004F032FD019B1B8AA4
:107B3400002B03D11449CA2004F02AFD019B9A6842
:107B4400019B5B68D31A8DF80F30019B1B68019A67
:107B540052681A6007E0019B1A681368591C116087
:107B64009DF80F201A709DF80F305A1E8DF80F20C3
:107B7400002BF0D1019B1B6800221A7100231846C8
:107B840005B05DF804FB00BF1C8B030000B585B095
:107B94000190019B002B03D11F49EC2004F0F8FC59
:107BA4000023039300238DF80A300DF10A031846CD
:107BB400FDF7EAFE019B1B681A68019B5B689A4209
:107BC4001FD9019B1B681A68013A1A601B681B784D
:107BD40019460198FFF74CFF0390019B9A68019B9B
:107BE4001B681B68D31A8DF80B30019B1B681B792B
:107BF4009DF80B209A4204D9019B1B689DF80B2029
:107C04001A719DF80A301846FDF7D4FE039B1846F6
:107C140005B05DF804FB00BF1C8B030010B584B0F5
:107C240001900091019B002B04D115494FF48870F9
:107C340004F0AEFC009B002B04D1114940F211105A
:107C440004F0A6FC009B039300238DF80B300DF188
:107C54000B031846FDF798FE019B1B681C68621C09
:107C64001A6003990198FFF71FFF034623709DF8DC
:107C74000B301846FDF79EFE00BF04B010BD00BFD8
:107C84001C8B030000B583B00190019B002B03D132
:107C94000C49312004F07CFC019B9B68002B0CD028
:107CA400019B5B69019A1069019A1168019A9268B3
:107CB4009847019B00229A6000E000BF03B05DF882
:107CC40004FB00BF708B03000EB400B584B00190B8
:107CD400019B002B03D11849422004F059FC019B5D
:107CE4005B69002B03D11449432004F051FC019B30
:107CF4001B68002B03D11049442004F049FC019B6C
:107D04005B68002B03D10C49452004F041FC059B22
:107D1400002B0AD00023039306AB039303AB1A464C
:107D24000599019800F0B0F900E000BF04B05DF8D7
:107D340004EB03B0704700BF708B030000B583B041
:107D440001900B468DF80330019B1A68019B9B68D8
:107D5400581C0199886013449DF803201A70019BF4
:107D64009A68019B5B689A4202D30198FFF78AFFE5
:107D740000BF03B05DF804FB00B587B00390029127
:107D84000192009300230593009B03F00103002B51
:107D940024D00BE0029B01330293059B013305932E
:107DA4009DF8133019460398FFF7C8FF029B1B7810
:107DB4008DF813309DF81330002BEBD106E0019BB6
:107DC400013B019320210398FFF7B8FF019A059B1B
:107DD4009A422ED9019B002BF1D12AE0029B002B61
:107DE4000BD0029810F0EDFA059006E0019B013BE0
:107DF400019320210398FFF7A1FF019A059B9A4262
:107E04000FD9019B002BF1D10BE0029B01330293AC
:107E1400059B013305939DF8133019460398FFF72A
:107E24008DFF029B1B788DF813309DF81330002BC7
:107E3400EBD100BF07B05DF804FB000000B589B0CA
:107E44000390029101920093029B079301230693EE
:107E540007E0079A019BB2FBF3F30793069B0133F8
:107E64000693079A019B9A42F3D2009A069B9A4280
:107E740001D9009B06930B9B03F00103002B22D135
:107E84000A9B002B1FD00B9B03F00203002B06D090
:107E9400009B002B03D130238DF8173002E0202300
:107EA4008DF8173008E00A9B013B0A939DF81730C0
:107EB40019460398FFF742FF0A9B002B03D0069A4A
:107EC4000A9B9A42EFD301230793009B012B03D90A
:107ED400009B013B009309E0029A079BB2FBF3F37A
:107EE4000493049A019B9A4200D205E0079B019AED
:107EF40002FB03F30793E8E7029A079BB2FBF3F351
:107F04000493049B079A02FB03F3029AD31A029385
:107F1400154A049B13441B7819460398FFF70EFF78
:107F2400079A019BB2FBF3F30793079B002BE3D162
:107F34000B9B03F00103002B11D00A9B002B0ED0E6
:107F440006E00A9B013B0A9320210398FFF7F6FE03
:107F54000A9B002B03D0069A0A9B9A42F1D300BFD6
:107F640009B05DF804FB00BF108C030000B589B0B4
:107F74000590049103920293049B002BB8BF5B42CB
:107F840006930123079307E0039B069A92FBF3F3FE
:107F94000693079B01330793039B069A9A42F3DAED
:107FA400029A079B9A4201D9029B07930A9B002BD2
:107FB4000AD0049B002B04DB0B9B03F00403002B6F
:107FC40002D00A9B013B0A930B9B03F00203002B94
:107FD40002D0029B002B16D00B9B03F00103002B55
:107FE40011D10A9B002B0ED006E00A9B013B0A9399
:107FF40020210598FFF7A2FE0A9B002B03D0079AC5
:108004000A9B9A42F1D3049B002B07DA049B5B4240
:1080140004932D210598FFF791FE08E00B9B03F0D4
:108024000403002B03D02B210598FFF787FE0B9B3D
:1080340003F00203002B19D00B9B03F00103002B68
:1080440014D1029B002B11D10A9B002B0ED006E009
:108054000A9B013B0A9330210598FFF76FFE0A9BA8
:10806400002B03D0079A0A9B9A42F1D304990B9BE5
:1080740001930A9B0093029B039A0598FFF7DEFE87
:1080840000BF09B05DF804FB00B58FB00590049102
:108094000392059B002B04D1AD494FF49F7004F06B
:1080A40077FA059B5B69002B04D1A9494FF4A070B2
:1080B40004F06EFA059B1B68002B04D1A44940F21E
:1080C400411004F065FA059B5B68002B04D1A049BC
:1080D4004FF4A17004F05CFA049B002B00F0938130
:1080E400049B1B788DF83730049B013304939DF86F
:1080F4003730002B00F07E819DF83730252B40F07F
:108104006D8100230A9301230C93049B1B788DF843
:1081140037309DF83730302B0DD0302B1BDC2B2B18
:1081240011D02D2B17D10A9B43F001030A93049B12
:108134000133049312E00A9B43F002030A93049B65
:10814400013304930AE00A9B43F004030A93049B5B
:108154000133049302E000230C9300BF0C9B002B1B
:10816400D3D1002309939DF837302A2B0CD1039BDC
:108174001B68191D039A11601B68099A134409931B
:10818400049B013304931AE0049B1B788DF8373069
:108194009DF837302F2B12D99DF83730392B0ED854
:1081A400049B01330493099A13469B0013445B0018
:1081B4001A469DF837301344303B0993D3E7002324
:1081C4000B93049B1B788DF837309DF837302E2B9A
:1081D4001DD1049B01330493049B1B788DF8373025
:1081E4009DF837302F2B12D99DF83730392B0ED804
:1081F400049B013304930B9A13469B0013445B00C6
:108204001A469DF837301344303B0B93E4E7049B44
:108214001B788DF837309DF837306C2B03D09DF8E0
:108224003730682B07D1049B01330493049B1B78DC
:108234008DF83730EFE79DF83730252B00F0C480F8
:10824400252BC0F2C680782B00F3C380582BC0F2D4
:10825400C080583B202B00F2BC8001A252F823F0CE
:1082640059830200D7830200D7830200D783020018
:10827400D7830200D7830200D7830200D78302008A
:10828400D7830200D7830200D7830200E982020069
:108294000B830200D7830200D7830200D783020036
:1082A400D78302000B830200D7830200D783020026
:1082B400D7830200D7830200D7830200D78302004A
:1082C40099830200D7830200D78302007D830200D2
:1082D400D78302002F830200D7830200D7830200D2
:1082E40059830200039B1B68191D039A11601B68C4
:1082F4000C930C9B8DF81F309DF81F301946059880
:10830400FFF71CFD66E0039B1B68191D039A1160AF
:108314001B680C930A9B0193099B00930B9B0A22F5
:108324000C990598FFF722FE54E0039B1B68191D66
:10833400039A11601B680C930C990A9B0193099B87
:1083440000930B9B0A220598FFF778FD42E000BFDB
:10835400BC8B0300039B1B68191D039A11601B68E7
:108364000C930C990A9B0193099B00930B9B10227D
:108374000598FFF763FD2DE0039B1B68191D039A05
:1083840011601B6808930A9B099A08990598FFF7DE
:10839400F3FC1FE0039B1B68191D039A11601B6803
:1083A4000C9330210598FFF7C9FC78210598FFF755
:1083B400C5FC0C9900230193082300930823102281
:1083C4000598FFF73BFD05E025210598FFF7B6FC6E
:1083D40000E000BF049B0133049305E09DF83730AF
:1083E40019460598FFF7AAFC049B1B78002B7FF421
:1083F40077AE00E000BF059B1B7B002B04D00598E3
:10840400FFF740FC00E000BF0FB05DF804FB00BFC5
:1084140000B585B0039002910192039B002B02D01A
:10842400029B002B01D10E2309E0039B029A1A60E0
:10843400039B1B681B6801990398984703461846D9
:1084440005B05DF804FB10B586B005900491039265
:108454000293059B002B02D0039B002B01D10E231A
:1084640040E0059B1B68002B01D108233AE0029BE6
:10847400002B0AD0059B5B685A68029BB3FBF2F1A0
:1084840001FB02F29B1A002B01D009232AE0049875
:1084940000F0C6F8034683F00103DBB2002B14D1CD
:1084A400039B184600F0BCF8034683F00103DBB2DB
:1084B400002B0AD1029A0499059800F097F8034614
:1084C40083F00103DBB2002B01D010230AE0059BEB
:1084D4001B68DC68089B0093029B039A0499059827
:1084E400A0470346184606B010BD10B584B00390EB
:1084F400029101920093039B002B01D10E232EE0E5
:10850400039B1B68002B01D1082328E0019B002B4F
:1085140001D1092323E0039B5B681B685A1E029B5D
:108524001340002B10D1039B5B681B68019A02FB6C
:1085340003F31A460299039800F058F8034683F0AF
:108544000103DBB2002B01D0102308E0039B1B685E
:108554001C69009B019A02990398A0470346184698
:1085640004B010BD00B585B00190019B002B03D071
:10857400019B1B68002B28D10023039319E0039A65
:1085840013469B0013449B001A46154B1344019356
:10859400019B1B68002B09D0019B1B68DB690198B8
:1085A40098470346002B01D0012314E0039B0133B9
:1085B40003930C4A0A4BD31A0B4AA2FB03231B094D
:1085C400039A9A42DBD3002305E0019B1B68DB6915
:1085D400019898470346184605B05DF804FB00BFB0
:1085E400582100206C210020CDCCCCCC84B0039049
:1085F40002910192039BDB68029A9A4209D3029A80
:10860400019B13445A1E039B1B699A4201D8012300
:1086140000E0002303F00103DBB2184604B0704706
:1086240082B00190019B03F00303002B0CBF0123D4
:108634000023DBB2184602B0704729DF704700BF41
:10864400184628DF704700BF184610B487B0019061
:108654000091019B009A53E8004F104643E8000143
:1086640091F0000FF7D1059404900391059B1846EF
:1086740007B05DF8044B704710B487B001900091C7
:10868400019B009A53E8004F44EA020043E80001CA
:1086940091F0000FF6D1059404900391059B1846C0
:1086A40007B05DF8044B704700B583B00190012119
:1086B4000198FFF7E1FF0346184603B05DF804FB99
:1086C40000B589B001900091019B1B689B68002B49
:1086D40031D003AB00221A605A609A60DA601A61E2
:1086E400009B0493019B9B680793019B1B79002BC0
:1086F40002D0012B0AD017E001238DF80C30019B26
:108704001B690593019B5B6906930DE002238DF8B9
:108714000C30019BDB684FF4805202FB03F305939A
:10872400019B5B69069300BF019B1B689B6803AABE
:108734001046984700E000BF09B05DF804FB00B59F
:1087440087B00190019B5A69019B9B69D31AB3F5C9
:10875400805F28BF4FF4805305930422059BB3FB2D
:10876400F2F3012B38BF01230593019B1A69019B86
:108774009B6913440493019BDB681A46019B9B6924
:1087840013440393059A03990498FFF756FF03468D
:10879400184607B05DF804FB00B583B00190019B57
:1087A400DA68019B1B6913441846FFF74AFF034626
:1087B400184603B05DF804FB08B5034B034918469B
:1087C400FFF741F900BF08BDE02A0020082B002074
:1087D40008B5084B08491846FFF71EF90346074A2F
:1087E4001360064B1B68002B14BF01230023DBB26C
:1087F400184608BDE02A0020082B0020042B002086
:1088040000B583B0294B1B7A002B0BD1FFF7E0FF97
:10881400034683F00103DBB2002B03D0234B002279
:108824005A6040E0214B02221A72214B1B681B79CB
:10883400002B02D0012B07D00DE01D4B1B681846FE
:10884400FFF77DFF019009E0194B1B681846FFF7FD
:10885400A3FF019002E00323019300BF019B002BBF
:1088640003D0019B112B0CD00FE0104B1B7C83F029
:108874000103DBB2002B15D00021022000F064F9C3
:1088840010E00A4B01221A720DE0094B1B68032108
:108894001846FFF715FF054B00221A72034B0022FE
:1088A4005A6000E000BF03B05DF804FBF02A00202A
:1088B400042B002000B583B001210A48FFF7C5FE50
:1088C40003460193019B002B08D1074B5B7C83F08B
:1088D4000103DBB2002B01D0FFF792FF00BF03B00E
:1088E4005DF804FBF42A0020F02A002084B00190F3
:1088F4001B4B0022DA60019B1B79002B02D0012B59
:1089040019D028E0019B5A69019B9B69D31AB3F5DE
:10891400805F28BF4FF480530393019B9A69039BA4
:108924001A44019B9A61019B9A69019B5B699A4273
:108934000ED1012310E0019B1B695A1C019B1A6193
:10894400019B1A69019B5B699A4203D1012303E0ED
:1089540000BF00E000BF0023184604B0704700BF0A
:10896400F02A002082B00190084BDB680133074AEB
:10897400D360064BDB68082B04D9044B0022DA6071
:10898400012300E00023184602B07047F02A0020BB
:1089940000B583B0019000910C48FFF785FE0346B3
:1089A400002B0ED1019B0A4A5A600FF0F3F90346DB
:1089B4001A46064B1A7407481C238C220649FEF7F4
:1089C400B9FF0023184603B05DF804FBF02A002029
:1089D400208C0300E02A0020542A002000B583B034
:1089E400019000911422002105480FF033FD054B3E
:1089F4001846FEF7D2FF0023184603B05DF804FBC7
:108A0400F02A0020E02A002000B587B003900291EC
:108A140001920093174A04AB19461046FEF7D1FFA2
:108A24000590059B002B01D104231FE01C2200218B
:108A340005980FF00FFD059B00221A71059B039A00
:108A44001A60059B089A9A60059B029A1A61059B15
:108A5400019ADA60059B009A5A61064A04AB1946EA
:108A64001046FEF7C5FFFFF725FF0023184607B0A1
:108A74005DF804FBE02A002000B585B00390029164
:108A840001920093029B009A194601980FF0B0FCE2
:108A94000023184605B05DF804FB000000B587B05C
:108AA4000390029101920093184A04AB19461046B0
:108AB400FEF787FF0590059B002B01D1042320E0DE
:108AC4001C22002105980FF0C5FC059B01221A7198
:108AD400059B039A1A60059B009A9A604FF4805292
:108AE400029BB3FBF2F2059BDA60059B019A5A6183
:108AF400064A04AB19461046FEF77AFFFFF7DAFE82
:108B04000023184607B05DF804FB00BFE02A0020EC
:108B140082B001900091009B184602B0704782B069
:108B2400019000910023184602B0704782B0019072
:108B3400044B1B7A002B14BF01230023DBB218461D
:108B440002B07047F02A002000B585B00190009172
:108B5400254B1B7A012B33D0022B41D100238DF8F6
:108B64000F30019B022B03D0019B032B09D011E092
:108B74001E4B1B681846FFF7B9FE03468DF80F30ED
:108B840008E01A4B1B681846FFF7ECFE03468DF805
:108B94000F3000BF9DF80F30002B13D0124B002272
:108BA4001A72124B1A68019B022B01D1002300E0B8
:108BB4000D2319461046FFF783FDFFF7FDFD01E085
:108BC40000BF00E000BF084B5B7C83F00103DBB215
:108BD400002B02D0FFF714FE03E00FF0BFF800E013
:108BE40000BF05B05DF804FBF02A0020042B002030
:108BF40082B0034600918DF80730064B01225A7467
:108C0400044B1B7A002B0CBF01230023DBB2184654
:108C140002B07047F02A002000B583B003460091EB
:108C24008DF807309DF80730012B03D09DF80730ED
:108C3400032B0DD1084B00225A749DF80730012BE9
:108C44000CBF01230023DAB2034B1A74FFF7D8FDDB
:108C540000BF03B05DF804FBF02A002010B487B015
:108C640001900091019B009A53E8004F04EB02002D
:108C740043E8000191F0000FF6D1059404900391AC
:108C8400049B184607B05DF8044B704710B487B0D6
:108C940001900091019B009A53E8004FA4EB02005D
:108CA40043E8000191F0000FF6D10594049003917C
:108CB400049B184607B05DF8044B704700B583B0B9
:108CC40001900198FEF70AFF0346184603B05DF8C9
:108CD40004FB00B58BB001900091019B1B8A043BFF
:108CE4000793009A079B1344DA1C079BB2FBF3F328
:108CF4008DF81B300198FEF749FF0590059B002B6A
:108D040001D1002338E0059B00221A71059B012242
:108D14005A71079B9AB2059BDA80059B09939DF8CB
:108D24001B30013B0493099B019A1A6000230893AA
:108D34001DE00198FEF72AFF0390039B002B0ED041
:108D4400059B5B790133DAB2059B5A71099B039A3F
:108D54001A60039B019A1A60039B099304E0059827
:108D640000F00EF8002307E0089B01330893089AEB
:108D7400049B9A42DDD3059B18460BB05DF804FBB7
:108D840000B58BB00190019B0793079B5B798DF82D
:108D94001B30019B08939DF81B30013B0593002376
:108DA400099305E0089B1B680893099B0133099309
:108DB400099A059B9A42F5D3089B1B680493019B6F
:108DC4000893002309930BE0089B1B6803930899FD
:108DD4000498FEF723FF039B0893099B013309932F
:108DE4009DF81B30099A9A42EED300BF00BF0BB026
:108DF4005DF804FB00B585B00190019B0393039BD0
:108E0400043301211846FFF729FF00BF05B05DF8C0
:108E140004FB00B587B00190019B0593059B0433C7
:108E240001211846FFF732FF0346039303AB049373
:108E3400049B1B78002B02D10198FFF7A1FF00BF10
:108E440007B05DF804FB000000B58DB003900291FB
:108E540001920093039B0693069BDB880593039B77
:108E64000B93009B1A1D059BB2FBF3F30A93009B23
:108E74000433059AB3FBF2F2059901FB02F29B1A43
:108E84000993009A019B1A44059B1344DA1C059B21
:108E9400B2FBF3F38DF81330069B5B799DF8132036
:108EA4009A420AD92849BA2003F072FB05E00B9BC9
:108EB4001B680B930A9B013B0A930A9B002BF6D178
:108EC40000230893059A099BD31A0793079A019BD9
:108ED400934228BF134607932DE09DF83830002BAA
:108EE4000BD0029A089BD0180B9A099B13440433A5
:108EF400079A19460FF07CFA0AE00B9A099B13446F
:108F0400181D029A089B1344079A19460FF070FA29
:108F1400002309930B9B1B680B93019A079BD31A9D
:108F24000193089A079B13440893059A019B934263
:108F340028BF13460793019B002BCED100BF00BF6F
:108F44000DB05DF804FB00BF4C8C030000B587B086
:108F5400059004910392029300230093029B039AC9
:108F640004990598FFF770FF00BF07B05DF804FB94
:108F740000B587B0059004910392029301230093F6
:108F8400029B039A04990598FFF75EFF00BF07B0A0
:108F94005DF804FB00B583B001900091019B002BA8
:108FA40003D11049502003F0F3FA009B002B03D1A6
:108FB4000C49512003F0ECFA019B009A1A60019BC2
:108FC4001B681A68019B5A60019B5A68019B1B68C5
:108FD4005B689A4202D1019B00225A6000BF03B031
:108FE4005DF804FBA08D030000B583B00190019BE4
:108FF400002B03D11449632003F0CAFA019B1B68B8
:10900400002B03D11049642003F0C2FA019B5B6872
:10901400002B14D0019B5B681A46019B1B689B685C
:1090240013441A46019B5A60019B5A68019B1B68B2
:109034005B689A4204D1019B00225A6000E000BFA1
:1090440003B05DF804FB00BFA08D030000B585B03C
:109054000190019800F00EF80390039B002B01D0BF
:10906400039B00E0024B184605B05DF804FB00BF0B
:10907400108E030086B00190164B0593164B049393
:109084001FE0049A059BD31ADB10DA0F13445B101C
:10909400DB00059A13440393039B1B680293029A13
:1090A400019B9A4202D9039B04930AE0029A019B12
:1090B4009A4203D2039B0833059302E0039B5B6847
:1090C40004E0059A049B9A42DBD30023184606B0B9
:1090D400704700BF2C9103001C92030082B00190E2
:1090E4000B46ADF80230019B1A68BDF8023001212D
:1090F40001FA03F31A43019B1A6000BF02B07047E0
:1091040082B001900B46ADF80230019B1A68BDF89D
:109114000230012101FA03F3DB431A40019B1A6078
:1091240000BF02B0704782B001900B46ADF8023028
:10913400BDF80230012202FA03F31A46019B1340E0
:10914400002B14BF01230023DBB2184602B0704782
:1091540000B585B001900023ADF80E3010E0BDF8E5
:109164000E3019460198FFF7DEFF0346002B02D0AC
:10917400BDF80E300AE0BDF80E300133ADF80E3004
:10918400BDF80E301F2BEAD94FF6FF73184605B011
:109194005DF804FB00B587B00590049111461A46AA
:1091A4000B46ADF80E3013468DF80D30BDF80E2089
:1091B4009DF80D300093134601220499059800F0A0
:1091C40004F800BF07B05DF804FB00B587B0039056
:1091D40002910192ADF80230039B002B3BD0029B1D
:1091E400002B38D0019B002B35D0002305932FE0B2
:1091F400059B5B00039A13441B88BDF802209A4226
:1092040023D1002304931BE09DF82030002B0AD0C7
:10921400049B9B00029A1344059A92B21146184685
:10922400FFF75CFF09E0049B9B00029A1344059A34
:1092340092B211461846FFF763FF049B013304936F
:10924400049A019B9A42DFD305E0059B0133059301
:10925400059B1F2BCCD907B05DF804FB00B587B084
:10926400039002911346ADF80630039B002B19D0EE
:109274000023059313E0059B5B00039A13441B88AA
:10928400BDF806209A4207D1059B9BB21946029865
:10929400FFF749FF034606E0059B01330593059B51
:1092A4001F2BE8D90023184607B05DF804FB00B56E
:1092B40097B003900291019200230493029B002B28
:1092C4001ED00023159318E0159B9BB219460198F4
:1092D400FFF729FF0346002B0CD0159B5B00029A75
:1092E4001A44049B591C049112885B0058336B4444
:1092F40023F8442C159B01331593159B1F2BE3D99D
:10930400039B184604AB442219460FF071F80398E6
:1093140017B05DF804FB82B001900091009B1B7BA9
:10932400002B07D0009B5A68019B1A60019B002206
:109334001A7106E0009B1A68019B1A60019B0122C6
:109344001A7100BF02B0704700B583B0019000915C
:10935400019B1B79002B04D00099019800F00BF8B5
:1093640003E00099019800F024F8019B1B6818465B
:1093740003B05DF804FB82B001900091009B5A6831
:10938400019B1B68D21A009B9B689A4207D9019BD8
:109394001A68009B9B681A44019B1A6006E0009BB4
:1093A4005A68019B1A60019B00221A7100BF02B027
:1093B400704782B001900091019B1A68009B1B6862
:1093C400D21A009B9B689A4207D9019B1A68009B9A
:1093D4009B68D21A019B1A6006E0009B1A68019BE5
:1093E4001A60019B01221A7100BF02B0704700008D
:1093F40000B583B00190019B1B681F2B04D905495C
:109404004FF4E87003F0C4F84FF0A043184603B0DB
:109414005DF804FB1C92030000B585B0019008467A
:1094240011461A4603468DF803300B468DF8023078
:1094340013468DF8013001AB1846FFF7D9FF0390AE
:109444009DF803209DF802305B001A439DF801301B
:109454009B001A439DF818301B0242EA03019DF851
:109464001C301B04019A1943039B02F5E07243F874
:10947400221000BF05B05DF804FB00B585B0039071
:109484000023019300230093002301220121039868
:10949400FFF7C2FF00BF05B05DF804FB00B585B05F
:1094A400019001AB1846FFF7A3FF0390019B012233
:1094B40002FA03F31946039800F086F800BF05B0DA
:1094C4005DF804FB00B585B0019001AB1846FFF7C9
:1094D4008FFF0390019B012202FA03F319460398BC
:1094E40000F07CF800BF05B05DF804FB00B585B062
:1094F400019001AB1846FFF77BFF0390039BD3F861
:1095040004350293029BDA43019B012101FA03F320
:109514001A40039BC3F80825019B01229A40029B31
:109524001A40039BC3F80C2500BF05B05DF804FB8B
:1095340000B583B001900091009B002B03D10198EA
:10954400FFF7C0FF02E00198FFF7A8FF00BF03B0D8
:109554005DF804FB00B585B0019001AB1846FFF738
:1095640047FF0390039800F01FF80246019B22FA7C
:1095740003F303F00103184605B05DF804FB00B5DE
:1095840085B0019001AB1846FFF732FF03900398B2
:1095940000F012F80246019B22FA03F303F00103E0
:1095A400184605B05DF804FB82B00190019BD3F826
:1095B4001035184602B0704782B00190019BD3F871
:1095C4000435184602B0704782B001900091019BA7
:1095D400009AC3F8082500BF02B0704782B001901A
:1095E4000091019B009AC3F80C2500BF02B070479C
:1095F40000B585B00190019B032B03D91149372095
:1096040002F0C6FF104A019B13441B781846FFF76B
:10961400B6FF0346002B14BF012300238DF80F303F
:109624009DF80F30002B14BF01230023DBB283F01D
:109634000103DBB203F00103DBB2184605B05DF8A9
:1096440004FB00BF549203009C92030000B583B056
:109654000190019B032B03D907493E2002F098FF98
:10966400064A019B13441B7800211846FFF760FF4C
:1096740000BF03B05DF804FB549203009C92030006
:1096840000B583B00190019B032B03D90749442003
:1096940002F07EFF064A019B13441B780121184601
:1096A400FFF746FF00BF03B05DF804FB54920300CC
:1096B4009C92030000B583B00023019305E0019858
:1096C400FFF7DEFF019B01330193019B032BF6D9C6
:1096D40000BF00BF03B05DF804FB00B583B00023F6
:1096E400019305E00198FFF7B1FF019B013301935A
:1096F400019B032BF6D900BF00BF03B05DF804FB48
:1097040000B583B00190019B032B03D907495C206A
:1097140002F03EFF064A019B13441B781846FFF7EC
:10972400E5FE00BF03B05DF804FB00BF54920300E4
:109734009C92030000B583B00023019309E0094A19
:10974400019B13441B781846FFF797FE019B0133D6
:109754000193019B032BF2D9FFF7ACFF00BF03B0C9
:109764005DF804FB9C92030000B585B00190019B59
:10977400032B03D91149832002F00AFF104A019BED
:1097840013441B781846FFF7E5FE0346002B14BF6D
:10979400012300238DF80F309DF80F30002B14BFE8
:1097A40001230023DBB283F00103DBB203F00103E6
:1097B400DBB2184605B05DF804FB00BF5492030009
:1097C400A092030084B001904FF0FF330293002372
:1097D40003930DE00A4A039B13441B781A46019B2A
:1097E400934202D1039B029305E0039B013303934D
:1097F400039B032BEED9029B184604B0704700BFAD
:10980400A092030000B583B00190019B032B03D900
:109814000549A22002F0BCFE044A019B13441B78B4
:10982400184603B05DF804FB54920300A0920300B1
:1098340082B003468DF807309DF8073003F01F020D
:1098440006499DF907305B09012000FA02F2203332
:1098540041F8232000BF02B0704700BF00E100E0E0
:1098640082B001904FF08042019BC2F8083300BFE0
:1098740002B0704782B003468DF807309DF8073078
:1098840003F1804301221A6000BF02B0704784B024
:109894000346ADF80630BDF8063003F180430022DC
:1098A4001A60BDF8063003F180431B680393039BE1
:1098B40000BF04B0704782B00346ADF80630BDF86F
:1098C400063003F180431B68002B14BF01230023DF
:1098D400DBB2184602B0704782B003468DF80730F9
:1098E4009DF807304FF0804203F00303C2F81835A7
:1098F40000BF02B070474FF08043D3F818341B0CFC
:1099040003F00103002B14BF01230023DBB218462C
:109914007047000082B003468DF807300A4A9DF96B
:1099240007305B0952F823209DF8073003F01F032A
:1099340022FA03F303F00103002B14BF01230023D5
:10994400DBB2184602B0704700E100E008B5002021
:10995400FFF7E0FF034683F00103DBB2002B03D0E3
:109964000721002000F09AF900BF08BD08B50EF0E9
:1099740011FA034683F00103DBB2002B03D109493A
:10998400842002F005FE0C20FFF774FF00BFFFF7F0
:10999400B2FF0346002BFAD1034B00229A7000BF9A
:1099A40008BD00BFAC9203000C2B002000B583B0AF
:1099B40000230193134B1B78002B02D085230193C2
:1099C4001BE0104B00229A600E4B00225A600D4B94
:1099D40000221A610B4B0022DA60FFF7B7FF0EF08A
:1099E400D9F9034683F00103DBB2002B02D0012036
:1099F400FFF772FF034B01221A70019B184603B054
:109A04005DF804FB0C2B002084B00190019B1B68C3
:109A14000393039B002B03D0039B1A68019B1A60DA
:109A2400039B184604B0704700B583B0164B1B78EF
:109A3400002B04D115494FF48E7002F0A9FD124B8E
:109A4400DB68002B04D1114940F21D1002F0A0FD87
:109A540000238DF807300DF107031846FBF794FF38
:109A6400094BDB68013B084AD360074BDB68002BDA
:109A740001D1FFF77BFF9DF807301846FBF79AFFEB
:109A840000BF03B05DF804FB0C2B0020AC92030074
:109A940000B585B003468DF807309DF80730002BDC
:109AA40002D10C4B039301E00B4B03930398FFF794
:109AB400ABFF0290029B002B06D0029B5B689DF8D3
:109AC400072010469847F1E700BF00BF05B05DF8D6
:109AD40004FB00BF142B00201C2B002008B54FF4FE
:109AE4008070FFF7E8FE0346002B0CD04FF4807023
:109AF400FFF7CDFE0120FFF7B3FE0E4B01225A7093
:109B04000020FFF7C5FF4FF48270FFF7D4FE034631
:109B1400002B0CD04FF48270FFF7B9FE0220FFF740
:109B24009FFE044B01229A700120FFF7B1FF00BF92
:109B340008BD00BF0C2B002000B583B0019000913C
:109B4400019B002B02D10020FFF7A2FF00BF03B04E
:109B54005DF804FB00B585B0034600918DF807302D
:109B64009DF80730032B29D0032B37DC002B02D0C0
:109B7400012B04D032E00020FFF75AFE2FE000232F
:109B84008DF80F300DF10F031846FBF7FDFE164B51
:109B94001B7883F00103DBB2002B01D0FFF706FF33
:109BA400114BDB680133104AD3600F4B01229A70CA
:109BB4009DF80F301846FBF7FDFE10E00A4B1B78AA
:109BC400002B04D1094940F25B2002F0E1FC07219B
:109BD400002000F063F8FFF727FF00E000BF00BF9C
:109BE40005B05DF804FB00BF0C2B0020AC92030011
:109BF40082B003468DF807309DF8073003F01F024A
:109C040005499DF907305B09012000FA02F241F889
:109C1400232000BF02B0704700E100E082B0034699
:109C24008DF807309DF8073003F01F0206499DF9AF
:109C340007305B09012000FA02F2603341F8232067
:109C440000BF02B0704700BF00E100E082B00346ED
:109C540000918DF807309DF90730002B0CDA009B3A
:109C6400DAB20C499DF8073003F00F03043B5201AC
:109C7400D2B20B441A7609E0009BDAB206499DF988
:109C840007305201D2B20B4483F8002300BF02B064
:109C9400704700BF00ED00E000E100E000B583B0D4
:109CA40003460A468DF8073013468DF806309DF8B2
:109CB4000630012B03D99DF80630032B0CD99DF8EF
:109CC4000630042B03D99DF80630072B04D90D491F
:109CD4004FF4927002F05CFC9DF806209DF9073069
:109CE40011461846FFF7B2FF9DF907301846FFF7F3
:109CF40095FF9DF907301846FFF77AFF00BF03B0C0
:109D04005DF804FB0493030000B583B00346ADF88B
:109D14000630BDF80630184600F026F803461B68E6
:109D2400012B0CBF01230023DBB2184603B05DF8FE
:109D340004FB00B585B00346ADF80630BDF8063027
:109D4400184600F011F803461A4600231360BDF8C4
:109D54000630184600F008F803461B680393039B7B
:109D640000BF05B05DF804FB82B00346ADF80630D1
:109D7400BDF8063003F1804303F5C043184602B032
:109D84007047000082B00190034A019BC2F804337B
:109D940000BF02B0704700BF0060004082B0019075
:109DA400034BD3F80423019B1340184602B07047B9
:109DB4000060004082B00190084A019B03F5A27341
:109DC40052F82330054943F00102019B03F5A273C5
:109DD40041F8232000BF02B0704700BF006000407C
:109DE40084B00390029113468DF80730144A039B04
:109DF40003F5A27352F82330114923F4473323F4B3
:109E04004073039A02F5A27241F822300C4A039B74
:109E140003F5A27352F82320029B1B0203F4F851AA
:109E24009DF807301B0403F440330B4304491A43E1
:109E3400039B03F5A27341F8232000BF04B07047CD
:109E44000060004082B00190054A019B03F5A273B3
:109E540052F823301B0A03F01F03184602B0704760
:109E64000060004082B00190064A019B03F5A27392
:109E740052F823301B0C03F00303DBB2184602B084
:109E8400704700BF0060004000B583B00190019BA3
:109E94001B681F2B04D905494FF4E87002F078FBC6
:109EA4004FF0A043184603B05DF804FB6093030031
:109EB40000B585B00190084611461A4603468DF850
:109EC40003300B468DF8023013468DF8013001AB98
:109ED4001846FFF7D9FF03909DF803209DF8023040
:109EE4005B001A439DF801309B001A439DF818301B
:109EF4001B0242EA03019DF81C301B04019A19431A
:109F0400039B02F5E07243F8221000BF05B05DF830
:109F140004FB00B585B003900B468DF80B309DF81B
:109F24000B300022019200220092002200210398AB
:109F3400FFF7BEFF00BF05B05DF804FB00B585B0B8
:109F4400019001AB1846FFF79FFF0390019A039B12
:109F540002F5E07253F8223023F002030293019ACF
:109F6400039B02F5E072029943F8221000BF05B08A
:109F74005DF804FB00B585B001900B468DF8033005
:109F840001AB1846FFF780FF0390019A039B02F58B
:109F9400E07253F82230019A23F44031039B02F516
:109FA400E07243F82210019A039B02F5E07253F821
:109FB40022109DF803301B04019A1943039B02F5F8
:109FC400E07243F8221000BF05B05DF804FB00B551
:109FD40085B0019001AB1846FFF756FF0390039834
:109FE40000F020F80246019B22FA03F303F0010378
:109FF400184605B05DF804FB00B585B0019001ABCF
:10A004001846FFF741FF0390019A039B02F5E072A3
:10A0140053F822301B0C03F00303DBB2184605B0DF
:10A024005DF804FB82B00190019BD3F8103518460B
:10A0340002B0704700B587B00390029101924FF0CF
:10A04400A0430493039A029B1344012B04D912499D
:10A054004FF43A7002F09CFA039B059311E0059BC0
:10A064009B0018336B4453F8083C1846FFF7DAFF9B
:10A074000246019B1A60019B04330193059B013343
:10A084000593039A029B1344059A9A42E7D300BFAF
:10A0940000BF07B05DF804FB6093030084B0019037
:10A0A4000091009B0393019BDB080293019B03F047
:10A0B400070301930122019B02FA03F30399029A15
:10A0C4000A4412781340184604B0704784B00190D3
:10A0D4000091009B0393019BDB080293019B03F017
:10A0E40007030193039A029B13441B785AB201217C
:10A0F400019B01FA03F35BB2134359B2039A029B27
:10A104001344CAB21A7000BF04B0704782B0019001
:10A114000C4A019B1344303393F90030002B09DBC4
:10A12400084A019B1344303393F90030072B01DCB8
:10A13400012300E0002303F00103DBB2184602B060
:10A14400704700BF202B002082B00190064A019B7B
:10A154001344303393F90030072BCCBF0123002381
:10A16400DBB2184602B07047202B002082B0019069
:10A17400064A019B1344303393F90030DB43DBB2CE
:10A18400DB09DBB2184602B0704700BF202B002069
:10A1940084B00390029101928DF80330029B59B26E
:10A1A4000E4A039B134430330A461A700B49029B30
:10A1B400019A41F823209DF8033083F00103DBB2B8
:10A1C400002B08D0029B083B039A51B2034A134464
:10A1D4000A4683F8502000BF04B07047202B0020AB
:10A1E40082B00190044A019B13443033FF221A7059
:10A1F40000BF02B0704700BF202B002082B0019046
:10A20400044A019B1344303393F90030184602B0DA
:10A21400704700BF202B002082B00190034A019BAD
:10A2240052F82330184602B0704700BF202B00209C
:10A2340000B589B00390029113468DF80730FF23CF
:10A244008DF81F309DF80730002B01D0002300E06B
:10A25400082305939DF80730002B01D0082300E064
:10A264000C230493059B069314E00F4A069B52F8B3
:10A274002330B3F1FF3F0AD19DF80730029A0699C3
:10A284000398FFF785FF069B8DF81F3006E0069BB9
:10A2940001330693069A049B9A42E6D39DF91F3034
:10A2A400184609B05DF804FB202B002082B0034659
:10A2B4008DF807309DF80730094A4FF0FF3142F816
:10A2C40023109DF80730072B07D99DF80730083B6A
:10A2D400034A1344FF2283F8502000BF02B07047A2
:10A2E400202B002000B583B0214B93F85430002B71
:10A2F40003D008230093009B36E000238DF8073039
:10A3040009E09DF807301846FFF76AFF9DF807300B
:10A3140001338DF807309DF807301F2BF1D9002346
:10A324008DF8073009E09DF807301846FFF7BEFFA7
:10A334009DF8073001338DF807309DF807300B2B5B
:10A34400F1D907210620FFF7A9FC4FF4BE70FFF7EF
:10A35400F0FC4FF00040FFF715FD054B012283F898
:10A36400542000230093009B184603B05DF804FBBF
:10A37400202B0020044B93F85430002B14BF0123EE
:10A384000023DBB218467047202B002000B587B0AD
:10A39400039002910192039B1F2B04D92B4940F295
:10A3A400F71002F0F5F8002305930398FFF7DEFE9B
:10A3B4000346002B02D00823059342E0029BDB787E
:10A3C4001A4601990398FFF733FF03468DF81330BB
:10A3D4009DF91330B3F1FF3F31D0029B9B78002BE2
:10A3E40003D00398FFF7AAFD05E0029B5B781946AA
:10A3F4000398FFF78EFD029BDB78002B08D09DF9B4
:10A404001300029B1B781A460399FFF7E9FC18E036
:10A414009DF91330083B0E4A134493F95010029BE4
:10A424001B785BB29B015AB29DF91330083B0A4377
:10A4340051B2074A13440A4683F8502001E004232A
:10A444000593059B184607B05DF804FBA093030031
:10A45400202B002000B589B001900B468DF8033005
:10A46400019B1F2B04D93D4940F2252002F090F8AE
:10A474000198FFF77BFE0346002B04D1374940F2D5
:10A48400262002F085F80198FFF75EFE0346002BB4
:10A494002FD00198FFF7B2FE0346083B304A13441D
:10A4A40093F950308DF80F309DF80F309B098DF8DB
:10A4B4000E309DF80E30032B0BD10198FFF787FD6A
:10A4C4000346002B01D0032300E002238DF81F3044
:10A4D40008E09DF80E30012B01D1022300E0032394
:10A4E4008DF81F309DF81F3019460198FFF742FD83
:10A4F40030E00198FFF70AFE0346002B2AD00198AA
:10A50400FFF77CFE03460693069B9BB240339BB247
:10A514009B00ADF81630069B1846FFF74BFCBDF8C0
:10A5240016301846FFF705FC9DF80330002B11D0B8
:10A534000198FFF763FE03461846FFF76DFE04908B
:10A54400049B002B06D00122069B02FA03F3184653
:10A55400FFF718FC00BF09B05DF804FBA0930300EB
:10A56400202B002000B583B00190019B1F2B04D940
:10A57400084940F2722002F00BF80198FFF727FD1A
:10A584000346002B14BF01230023DBB2184603B09B
:10A594005DF804FBA093030000B597B0002310936B
:10A5A400002304934FF48073ADF84A3001231193D0
:10A5B4000023139321E0BDF84A301846FFF7A4FBAB
:10A5C4000346002B0ED01198FFF7E8FB0346002B3F
:10A5D40008D0BDF84A301846FFF7ABFB109A119B20
:10A5E40013431093119B5B001193BDF84A3004335D
:10A5F400ADF84A30139B01331393139B072BDAD91D
:10A604004FF4BE70FFF780FB0346002B0DD04FF4D0
:10A61400BE70FFF78EFB109B43F00043109304AB16
:10A624001A4601210020FFF705FD109BDBB2002B29
:10A6340029D0012311930023139321E0119A109B35
:10A644001340002B16D01398FFF7FCFB0E901398C1
:10A65400FFF708FC03468DF837301398FFF7DCFD4D
:10A664000C900C9B002B05D09DF837200C9B1146B9
:10A674000E989847119B5B001193139B013313931E
:10A68400139B072BDAD9109B002B80F2EE8000235A
:10A694008DF8533000230393002315930AE0159B90
:10A6A4009B0058336B444FF0FF3243F8502C159BFA
:10A6B40001331593159B002BF1D000238DF85330F3
:10A6C4000023139378E06B4A139B1344503393F99C
:10A6D40000308DF82F309DF82F3023F0C0030A93FB
:10A6E400644A139B1344503393F90030B3F1FF3F92
:10A6F4005FD002AB19460A98FFF7D0FC0346002B43
:10A7040057D09DF82F309B098DF827300A98FFF712
:10A7140075FD03461846FFF77FFD0890089B002B44
:10A7240003D19DF82730032B43D19DF82730032B09
:10A7340004D103AB19460A98FFF7C8FC0A98FFF73F
:10A744005BFC03468DF81F3004AB19460A98FFF7EB
:10A75400A5FC0690069B002B03D09DF81F30022B0E
:10A7640006D0069B002B24D19DF81F30032B20D14B
:10A774009DF82730032B13D19DF81F30022B01D1F4
:10A78400032300E002238DF817309DF81730194693
:10A794000A98FFF7EFFB9DF8533001338DF85330DF
:10A7A400089B002B05D09DF82720089B11460A988A
:10A7B4009847139B01331393139B032B83D99DF861
:10A7C4005330002B4CD001238DF83F3001AB1A4697
:10A7D40001210020FFF72EFC0023159314E0159BA4
:10A7E4009B0058336B4453F8542C159B9B005833EF
:10A7F4006B4453F8483C9A4203D000238DF83F3011
:10A8040005E0159B01331593159B002BE7D09DF8AC
:10A814003F30002B03D000238DF8533020E0002379
:10A8240015931AE0159B9B0058336B4453F8542C32
:10A83400159B9B0058336B4443F8482C159B9B0095
:10A8440058336B4453F84C2C159B9B0058336B4482
:10A8540043F8502C159B01331593159B002BE1D025
:10A864009DF85330002B7FF428AF00BF17B05DF87C
:10A8740004FB00BF202B002082B003468DF8073074
:10A884009DF8073003F01F0206499DF907305B0964
:10A89400012000FA02F2203341F8232000BF02B065
:10A8A400704700BF00E100E084B001900B46ADF8B2
:10A8B4000230BDF80230019A134400221A60BDF838
:10A8C4000230019A13441B680393039B00BF04B036
:10A8D400704782B001900B46ADF80230BDF80230EB
:10A8E400019A13441B68002B14BF01230023DBB21D
:10A8F400184602B0704782B001900091019B009A03
:10A90400C3F8042300BF02B0704782B001900091E5
:10A91400019BD3F80423009B1340002B14BF012395
:10A924000023DBB2184602B0704782B00190009158
:10A93400019B009AC3F8082300BF02B0704784B09B
:10A944000190019BD3F880340393019B039AC3F8CD
:10A954008024039B184604B0704782B00190019B89
:10A964000422C3F8002500BF02B0704782B00190F2
:10A97400019B0022C3F8002500BF02B0704784B0D9
:10A98400039002910192039B019AC3F81425039B3F
:10A99400029AC3F80C2500BF04B0704700B583B019
:10A9A40001904FF0FF324FF0FF310198FFF7E7FFBE
:10A9B40000BF03B05DF804FB82B00190019BD3F8A3
:10A9C4000C35184602B0704782B00190019BD3F851
:10A9D4001435184602B0704782B00190019BD3F839
:10A9E4000835184602B0704782B00190019BD3F835
:10A9F4001035184602B0704784B00390029101925A
:10AA0400039B029AC3F80825039B019AC3F81025F7
:10AA140000BF04B0704700B583B001904FF0FF321F
:10AA24004FF0FF310198FFF7E7FF00BF03B05DF877
:10AA340004FB82B00190019BD3F81835DBB21846B1
:10AA440002B0704782B001900B468DF803309DF838
:10AA54000320019BC3F81C2500BF02B0704782B0DD
:10AA640001900B468DF803309DF80330019A13448E
:10AA740001221A6000BF02B0704782B001900B46F9
:10AA84008DF8033013468DF802309DF803209DF8AD
:10AA940002301343DBB21A46019BC3F86C2500BF96
:10AAA40002B0704782B001900091019B009AC3F8F4
:10AAB400242500BF02B0704784B001900B46ADF866
:10AAC4000230BDF80230019A134400221A60BDF826
:10AAD4000230019A13441B680393039B00BF04B024
:10AAE400704782B001900B46ADF80230BDF80230D9
:10AAF400019A13441B68002B14BF01230023DBB20B
:10AB0400184602B0704782B001900091019BD3F8BF
:10AB14000022009BDB431A40019BC3F8002200BFC4
:10AB240002B0704782B001900091019B009AC3F873
:10AB3400042300BF02B0704782B001900091019BD2
:10AB4400009AC3F8082300BF02B0704784B0019094
:10AB5400019BD3F880340393019B039AC3F88024A8
:10AB6400039B184604B0704782B00190019B0822F1
:10AB7400C3F8002500BF02B0704782B00190019B6A
:10AB84000022C3F8002500BF02B0704784B00390D0
:10AB940002910192039B029AC3F80C25039B019A2C
:10ABA400C3F8142500BF04B0704700B583B001900A
:10ABB4004FF0FF324FF0FF310198FFF7E7FF00BF7E
:10ABC40003B05DF804FB82B00190019BD3F80C350F
:10ABD400184602B0704782B00190019BD3F8143537
:10ABE400184602B0704782B00190019BD3F8083533
:10ABF400184602B0704782B00190019BD3F810351B
:10AC0400184602B0704784B0039002910192039BEE
:10AC1400029AC3F80825039B019AC3F8102500BFC4
:10AC240004B0704700B583B001904FF0FF324FF08D
:10AC3400FF310198FFF7E7FF00BF03B05DF804FBA5
:10AC440082B001900B468DF803309DF80330019AD1
:10AC5400134401221A6000BF02B0704782B0019011
:10AC64000B468DF8033013468DF802309DF803200F
:10AC74009DF802301343DBB21A46019BC3F86C25DE
:10AC840000BF02B0704782B001900091019B009A0E
:10AC9400C3F8242500BF02B0704784B0039002912A
:10ACA40013468DF80730029A039BC3F844259DF898
:10ACB4000720039BC3F8482500BF04B0704782B047
:10ACC4000190019BD3F84C35184602B0704782B00E
:10ACD4000190019BD3F83C35184602B0704700B58B
:10ACE40083B003468DF807309DF907301846FFF707
:10ACF400C3FD00BF03B05DF804FB84B00190019B69
:10AD04001B0B8DF80F309DF90F30184604B07047B7
:10AD140082B00190019B03F06043B3F1005F0CBF6C
:10AD240001230023DBB2184602B0704700B583B09C
:10AD34000190019B1B681F2B04D905494FF4E8704F
:10AD440001F026FC4FF0A043184603B05DF804FB65
:10AD5400FC93030000B585B00190084611461A46DD
:10AD640003468DF803300B468DF8023013468DF8F8
:10AD7400013001AB1846FFF7D9FF03909DF803207B
:10AD84009DF802305B001A439DF801309B001A4382
:10AD94009DF818301B0242EA03019DF81C301B0485
:10ADA400019A1943039B02F5E07243F8221000BF95
:10ADB40005B05DF804FB00B585B003900023019352
:10ADC400002300930023012201210398FFF7C2FF0F
:10ADD40000BF05B05DF804FB00B585B003900B46D9
:10ADE4008DF80B309DF80B30002201920022009266
:10ADF400002200210398FFF7ADFF00BF05B05DF806
:10AE040004FB00B585B00390002301930023009355
:10AE14000023012200210398FFF79CFF00BF05B027
:10AE24005DF804FB00B585B0019001AB1846FFF74F
:10AE34007DFF0390019B012202FA03F31946039854
:10AE440000F004F800BF05B05DF804FB82B0019087
:10AE54000091019B009AC3F8082500BF02B0704717
:10AE640000B583B001900091009B1B68B3F1FF3FD4
:10AE740009D0009B1B681846FFF7D4FF009B1B6892
:10AE84001846FFF798FF009B5B68B3F1FF3F05D0BE
:10AE9400009B5B6800211846FFF79EFF019B1B790E
:10AEA400464A5B0113441C331B78002B41D0019BA1
:10AEB4001A68009B9B6919461046FFF7E4FE019B44
:10AEC4001868009B597D009B1B7D1A46FFF7C6FE40
:10AED400019B1868009B1968009B5B681A46FFF782
:10AEE40055FE009B1B7D012B64D1009B9B68B3F135
:10AEF400FF3F05D0009B9B6800211846FFF76CFFBD
:10AF0400009BDB68B3F1FF3F09D0009BDB68184668
:10AF1400FFF788FF009BDB681846FFF74CFF019B97
:10AF24001868009BD968009B9B681A46FFF76BFE64
:10AF340040E0019B1A68009B9B6919461046FFF785
:10AF4400B1FD019B1868009B597D009B1B7D1A462F
:10AF5400FFF793FD019B1868009B1968009B5B68D1
:10AF64001A46FFF70CFD009B1B7D012B22D1009B91
:10AF74009B68B3F1FF3F05D0009B9B6800211846F6
:10AF8400FFF72AFF009BDB68B3F1FF3F09D0009B6A
:10AF9400DB681846FFF746FF009BDB681846FFF79F
:10AFA4000AFF019B1868009BD968009B9B681A469E
:10AFB400FFF722FD00BF03B05DF804FB782B0020EF
:10AFC40000B583B001900B468DF80330019B1B79CB
:10AFD4002D4A5B0113441C331B78002B2FD0019B9B
:10AFE4001B684FF488711846FFF766FD019B1B68C8
:10AFF4004FF490711846FFF75FFD019B1B684FF4F7
:10B0040092711846FFF758FD019B1B684FF4A2711B
:10B014001846FFF751FD019B1B681C491846FFF7B2
:10B0240081FD019B1B681846FFF767FE03461A461D
:10B034009DF8033019461046FEF730FE20E0019BD0
:10B044001B684FF48E711846FFF72EFC019B1B689A
:10B054004FF4A2711846FFF727FC019B1B680C49AB
:10B064001846FFF748FC019B1B681846FFF745FE8E
:10B0740003461A469DF8033019461046FEF70EFEA5
:10B0840000BF03B05DF804FB782B0020100302001E
:10B094008000020000B583B00190019B1B79154A22
:10B0A4005B0113441C331B78002B0FD0019B1B68DE
:10B0B40011491846FFF740FD019B1B681846FFF72E
:10B0C4001CFE03461846FFF70AFE0EE0019B1B68B0
:10B0D4000A491846FFF729FC019B1B681846FFF72D
:10B0E4000CFE03461846FFF7FAFD00BF03B05DF8F7
:10B0F40004FB00BF782B002010030200840202002E
:10B1040000B587B00190019B1B79364A5B0113445B
:10B114001C331B78002B22D0019B1B681846FFF7B9
:10B1240052FD0590019B1B681846FFF754FD0490DF
:10B13400019B1B681846FFF756FD0390019B1B6893
:10B144001846FFF758FD0290019B1B681846FFF74D
:10B154002CFD019B1B681846FFF764FD21E0019B51
:10B164001B681846FFF728FC0590019B1B681846CE
:10B17400FFF72AFC0490019B1B681846FFF72CFC80
:10B184000390019B1B681846FFF72EFC0290019B5D
:10B194001B681846FFF702FC019B1B681846FFF763
:10B1A4003AFC059BB3F1FF3F02D00598FFF729FE57
:10B1B400049BB3F1FF3F02D00498FFF722FE029BE9
:10B1C400B3F1FF3F02D00298FFF71BFE039BB3F1DC
:10B1D400FF3F02D00398FFF714FE00BF07B05DF8ED
:10B1E40004FB00BF782B002000B583B00190019BC5
:10B1F4001B790B4A5B0113441C331B78002B05D0CD
:10B20400019B1B681846FFF7AFFC04E0019B1B6819
:10B214001846FFF7A2FB00BF03B05DF804FB00BFB4
:10B22400782B002000B583B00190019B1B790B4A59
:10B234005B0113441C331B78002B05D0019B1B6856
:10B244001846FFF79AFC04E0019B1B681846FFF7B9
:10B254008DFB00BF03B05DF804FB00BF782B00201A
:10B2640000B587B0039002910192029B002B04D198
:10B2740022494FF4887001F08BF9039B1B795B0121
:10B284001F4A1344059300230493059BDB7E002B84
:10B2940003D008230493049B2BE0029B5A7F059B55
:10B2A4001A7702990398FFF7DBFD059B019A5A6010
:10B2B400029B1A69059B1A60059B5B68002B05D0ED
:10B2C400029B1B7F19460398FFF77AFE0398FFF74A
:10B2D4008BFF059B0022DA75059B00221A76059BDD
:10B2E40000229A75059B0122DA76059B00229A7644
:10B2F400049B184607B05DF804FB00BF3C940300B0
:10B30400782B002000B585B00190019B1B795B016F
:10B314000C4A134403930198FFF784FF039B5B6873
:10B32400002B02D00198FFF7B5FE0198FFF7E8FE65
:10B33400039B0022DA76039B00225A6000BF05B00B
:10B344005DF804FB782B002000B585B001900091D6
:10B354004FF48E710198FFF7A7FA009B9B68009A3F
:10B36400928A92B213441B788DF80F30009B9B8A0B
:10B374009BB201339AB2009B9A829DF80F30194612
:10B384000198FFF75FFB00BF05B05DF804FB000008
:10B3940000B585B00190019B1B795B01344A1344CD
:10B3A400029300230393019B1B684FF48E7118468C
:10B3B400FFF77AFA019B1B6808211846FFF74FFB39
:10B3C400019B1B6802991846FFF7BEFF029B5B684E
:10B3D400002B47D11FE000BF019B1B684FF48E7107
:10B3E4001846FFF776FA034683F00103DBB2002B1D
:10B3F40005D0029B9B8A9BB2B3F5807FECD1029B64
:10B404009B8A9BB2B3F5807F05D0019B1B68029990
:10B414001846FFF799FF029B9B8A9BB2029A927D82
:10B424009342D8D3029B9B8A9BB2B3F5807F02D10F
:10B434000F23039313E000BF019B1B684FF48E712D
:10B444001846FFF746FA034683F00103DBB2002BEC
:10B45400F2D1019B1B680C211846FFF700FB029BED
:10B4640000229A75039B184605B05DF804FB00BFE3
:10B47400782B002000B587B00190019B1B795B01FC
:10B484002A4A1344049300230593019B1B684FF439
:10B4940090711846FFF710FB019B1B684FF4AC71C9
:10B4A4001846FFF709FB019B1868049B9968049BE5
:10B4B4009B7D1A46FFF7F1FB019B1B680821184688
:10B4C400FFF7BEFB049B5B68002B2AD1019B1B6822
:10B4D4004FF490711846FFF704FB03468DF80F30C4
:10B4E400019B1B684FF4AC711846FFF7FAFA034648
:10B4F4008DF80E309DF80F3083F00103DBB2002B82
:10B5040006D09DF80E3083F00103DBB2002BDDD1B1
:10B514009DF80E30002B01D00F230593049B0022CD
:10B524009A75059B184607B05DF804FB782B00203C
:10B5340000B587B00390029113468DF80730039B42
:10B544001B795B012E4A13440493049BDB7E012B7D
:10B5540004D02C494FF4CC7001F01AF89DF8073050
:10B56400002B04D1274940F2991001F011F8029BF5
:10B57400002B04D123494FF4CD7001F009F8039B4B
:10B584001B791F4A5B0113441C331B78002B0CD01E
:10B594000298FFF7BDFB034683F00103DBB2002BE7
:10B5A40003D010230593059B25E0039800F02CF8A5
:10B5B4000346002B03D011230593059B1BE0049B3A
:10B5C4009DF807209A75049B029A9A60049B0022B6
:10B5D4009A82039B1B790A4A5B0113441C331B7830
:10B5E400002B04D00398FFF745FF034603E00398BC
:10B5F400FFF7CEFE0346184607B05DF804FB00BF14
:10B60400782B00203C94030082B00190019B1B79AD
:10B61400064A5B01134416331B78002B14BF012325
:10B624000023DBB2184602B0704700BF782B00201D
:10B6340010B582B001900091009BDB7D002B08D1F6
:10B644004FF484710198FFF72FF90198FFF7F1F98E
:10B6540016E04FF484710198FFF726F9009BDB682C
:10B66400009A527ED2B29C180198FFF7E2F9034681
:10B674002370009B5B7EDBB20133DAB2009B5A7607
:10B6840002B010BD00B589B003900B4601928DF84D
:10B694000B3001238DF810309DF80B308DF81830E5
:10B6A400019B0593039B5B68039A116804AA1046E7
:10B6B400984700BF09B05DF804FB00B587B001905E
:10B6C4000B468DF8033000238DF808309DF80330C5
:10B6D4008DF81030019B9B680393019B00229A759F
:10B6E400019B5B68019A116802AA1046984700BF43
:10B6F40007B05DF804FB00B589B0019000914FF4E8
:10B7040000710198FFF701F90346002B39D04FF47B
:10B7140092710198FFF7DDF80346002B31D04FF406
:10B7240092710198FFF7C0F84FF401710198FFF787
:10B73400FCF8009B9B7E83F00103DBB2002B03D05B
:10B7440004210198FFF78BF902238DF80830019842
:10B75400FFF7F5F803460593009BDB7D8DF8103069
:10B76400009BDB680393009B0022DA75009B002298
:10B774001A76009B5B68009A116802AA10469847E3
:10B7840056E004210198FFF7C0F80346002B4FD080
:10B794004FF484710198FFF79CF80346002B47D0BF
:10B7A40000990198FFF744FF009BDA7D009B5B7EC4
:10B7B400DBB29A423CD1009B1B7E002B1CD0009B29
:10B7C400DB680793009B5B7E8DF81B30009B1A7E21
:10B7D400009BDA75009B1A69009BDA60009B0022CB
:10B7E4001A76009B00225A769DF81B30079A194658
:10B7F4000098FFF747FF1BE0009B9B7E83F001034B
:10B80400DBB2002B03D004210198FFF728F94FF491
:10B8140001710198FFF789F8009B0022DA75009BFB
:10B824005B7ED9B2009BDB681A460098FFF72AFFBB
:10B834004FF48E710198FFF74CF80346002B1AD091
:10B84400009B9B8A9BB2009A927D934204D20099FA
:10B854000198FFF779FD0EE04FF48E710198FFF720
:10B8640023F8009B9B7D002B05D0009B9B7D1946F4
:10B874000098FFF722FF4FF4A2710198FFF729F80F
:10B884000346002B1CD04FF4A2710198FFF70CF86B
:10B89400009B9B7E002B03D000210198FFF7DFF86B
:10B8A400009BDB7D002B0BD0009B0022DA75009BF4
:10B8B4005B7ED9B2009BDB681A460098FFF7E2FE74
:10B8C40000BF09B05DF804FB00B589B00190009198
:10B8D4004FF492710198FFF704F90346002B24D02A
:10B8E4004FF492710198FFF7E7F802238DF80830BE
:10B8F4000198FFF72BF9034605930198FFF7E7F941
:10B904000346DBB28DF81030009BDB680393009B89
:10B914000022DA75009B00221A76009B5B68009A6D
:10B92400116802AA1046984741E04FF488710198C3
:10B93400FFF7D7F80346002B39D04FF488710198EC
:10B94400FFF7BAF80198FFF7C2F903468DF81F30E4
:10B95400009BDB7D9DF81F209A4228D1009B1B7E13
:10B96400002B19D0009BDB68069320210198FFF778
:10B97400CAF8009B1A7E009BDA75009B1A69009B2B
:10B98400DA60009B00221A769DF81F30069A194649
:10B994000098FFF777FE0AE0009B0022DA75009B0F
:10B9A400DA689DF81F3019460098FFF76BFE4FF4D4
:10B9B400A2710198FFF795F80346002B16D04FF4B7
:10B9C400A2710198FFF778F8009BDB7D002B0DD066
:10B9D400009B0022DA750198FFF779F90346D9B282
:10B9E400009BDB681A460098FFF74CFE4FF49071F9
:10B9F4000198FFF776F80346002B11D04FF49071AD
:10BA04000198FFF759F8009B9B7D002B08D0019803
:10BA1400FFF755F90346DBB219460098FFF74DFED0
:10BA240000BF09B05DF804FB08B5074B1B7F002B72
:10BA340004D005490548FFF747FF03E002490348DE
:10BA4400FFF759FE00BF08BD782B002000200040FE
:10BA540000B583B00190019B1B681F2B04D90549D5
:10BA64004FF4E87000F094FD4FF0A043184603B083
:10BA74005DF804FB9494030000B585B001900B4677
:10BA84008DF8033001AB1846FFF7E2FF0390019AEB
:10BA9400039B02F5E07253F82230019A23F44031FB
:10BAA400039B02F5E07243F82210019A039B02F50E
:10BAB400E07253F822109DF803301B04019A1943D5
:10BAC400039B02F5E07243F8221000BF05B05DF855
:10BAD40004FB00B583B001900198FDF745FE0346D1
:10BAE400184603B05DF804FB00B587B003460A4668
:10BAF4008DF8073013468DF8063000238DF8173083
:10BB0400002304939DF807301846FDF75BFE04906C
:10BB1400049B032B62D89DF80630022B52D0022BD3
:10BB24005CDC002B31D0012B58D13549049A1346E3
:10BB34005B0013440B441B788DF817303049049A8A
:10BB440013465B0013440B4401331B78002B0ED0C7
:10BB54002C4B2D4A4FF400411846F9F74DFE039043
:10BB6400039B002B03D1284A9DF807301370244906
:10BB7400049A13465B0013440B4402331978234A96
:10BB8400049B13440A461A7028E01E4B1846F9F722
:10BB940065FE1E4A049B134419781948049A1346F7
:10BBA4005B001344034402331B78994215D11449B2
:10BBB400049A13465B0013440B4402331B788DF83C
:10BBC40017300AE00E49049A13465B0013440B44F1
:10BBD40001331B788DF8173000E000BF9DF8173053
:10BBE400002B09D00A4B1B68002B05D0084B1B689F
:10BBF4009DF817201046984700BF07B05DF804FB76
:10BC0400E82B0020F42B0020142C0020182C0020FA
:10BC1400E42B002000B583B00190019B1B78022126
:10BC24001846FFF761FF00BF03B05DF804FB000096
:10BC340000B583B00C4B1B78002B0FD0002301936D
:10BC440008E0019B022B02D00198FDF719FD019B2E
:10BC540001330193019B032BF3D901E0FDF72AFD86
:10BC640000BF03B05DF804FBA02B00202DE9D04FEA
:10BC740092B003468DF83F300023119300231093B4
:10BC8400C94B1B78002B04D0C74A00231370FFF75D
:10BC9400CFFF9DF83F30172B00F2398201A252F8F2
:10BCA40023F000BF09BD020017BD020017BD02004A
:10BCB400B3BD02004FBE0200CBBE02005FBF020054
:10BCC4007FBF02008FBF0200B9BF0200D7BF0200CE
:10BCD400F5BF020013C0020021C0020021C002000F
:10BCE40021C0020021C0020021C00200B5C0020030
:10BCF400C3C00200D7C00200EBC0020005C10200AD
:10BD040005C10200FFF794FFA84A9DF83F30137065
:10BD1400FEE10020FDF76CFC0346002B0DD0002053
:10BD2400FDF7AEFC9DF83F30022B02D14FF4E163E6
:10BD340001E04FF47A6310930BE00020FDF786FCDA
:10BD44009DF83F30022B01D1C82301E04FF4C873A2
:10BD54001093964A9DF83F301370954C109B002227
:10BD6400009301924FF000024FF00003DDE90067F9
:10BD74003946CB03314643EA51433146CA0312F5EF
:10BD8400FA71029143F1000303934FF47A724FF076
:10BD94000003DDE902010CF04BFA02460B461346A0
:10BDA400002219462046F9F727FD1190B0E1002042
:10BDB400FDF71EFC0346002B0DD00020FDF760FCB0
:10BDC4009DF83F30032B02D14FF4487301E04FF448
:10BDD4007A6310930BE00020FDF738FC9DF83F30A8
:10BDE400032B01D1C82301E04FF4C87310936F4AA9
:10BDF4009DF83F3013706E4C109B00220493059203
:10BE04004FF000024FF00003DDE904673946CB032D
:10BE1400314643EA51433146CA0312F5FA71069199
:10BE240043F1000307934FF47A724FF00003DDE906
:10BE340006010CF0FDF902460B4613460022194692
:10BE44002046F9F7D9FC119062E10020FDF7D0FB00
:10BE54000346002B06D00020FDF712FC4FF47A6352
:10BE6400109305E00020FDF7F1FB4FF4C873109325
:10BE74004E4A9DF83F3013704D4C109B00229A4659
:10BE840093464FF000024FF000034FEACB3343EAEE
:10BE94005A434FEACA3212F5FA71089143F100038A
:10BEA40009934FF47A724FF00003DDE908010CF0B6
:10BEB400BFF902460B461346002219462046F9F7FD
:10BEC4009BFC119024E10020FDF792FB0346002B1C
:10BED4000CD00020FDF7D4FB9DF83F30052B01D199
:10BEE400C82301E04FF47A6310930BE00020FDF7C0
:10BEF400ADFB9DF83F30052B01D1C82301E04FF481
:10BF0400C8731093294A9DF83F301370284C109B36
:10BF14000022984691464FF000024FF000034FEA8A
:10BF2400C93343EA58434FEAC83212F5FA710A9109
:10BF340043F100030B934FF47A724FF00003DDE9F1
:10BF44000A010CF075F902460B4613460022194605
:10BF54002046F9F751FC1190DAE00020FDF7D0FB00
:10BF6400124A9DF83F301370114B002240F6CD4128
:10BF74001846F9F741FC1190CAE00020FDF766FB72
:10BF84000A4A9DF83F301370C2E0074B01221A7031
:10BF94000120FDF7B5FB064B002240F6CD411846C3
:10BFA400F9F72AFC1190B3E0992B0020982B00207C
:10BFB400A42B0020594B01221A700120FDF7A0FB8D
:10BFC400574B00224FF480411846F9F715FC1190A5
:10BFD4009EE0524B01221A700120FDF791FB504B59
:10BFE400002240F6CD411846F9F706FC11908FE087
:10BFF4004A4B01221A700120FDF782FB484B0022B4
:10C004004FF480411846F9F7F7FB119080E0FDF7F3
:10C0140064FB444A9DF83F30137079E0424B184664
:10C02400F9F71CFC11909DF83F30C3F111031093F4
:10C03400109B002B35D0119B002B32D1109B012B70
:10C0440028D9394C109B9BB21A46C82302FB03F330
:10C05400DA171E4617464FF000024FF00003FB03A9
:10C0640043EA5643F20312F5FA710C9143F10003CB
:10C074000D934FF47A724FF00003DDE90C010CF0DC
:10C08400D7F802460B461346002219462046F9F714
:10C09400B3FB11900220FDF7D9FA244B01221A7048
:10C0A40036E00220FDF7ECFA204B00221A702FE054
:10C0B400FFF7BEFD1B4A9DF83F30137028E0FFF7E1
:10C0C400B7FD0020FDF7C2FA164A9DF83F30137001
:10C0D4001EE0FFF7ADFD0120FDF7B8FA114A9DF807
:10C0E4003F30137014E0FFF7A3FD0020FDF7AEFA14
:10C0F4000120FDF7ABFA0B4A9DF83F30137007E0BF
:10C10400FDF7EBFA074A9DF83F30137000E000BFDB
:10C11400119B184612B0BDE8D08F00BF992B0020A8
:10C12400A42B0020982B0020C42B0020A02B00203F
:10C1340000B583B00190074B1B6803F00103002B8B
:10C1440004D0054B1B781846FFF790FD00BF03B0E1
:10C154005DF804FB9C2B0020982B002000B583B0D5
:10C1640001900220FDF7CCFA00BF03B05DF804FB98
:10C1740000B585B003468DF8073000230393084BC0
:10C184001B6803F00103002B05D09DF80730184607
:10C19400FFF76CFD0390039B184605B05DF804FBA4
:10C1A4009C2B002000B585B00190009100230393DF
:10C1B400294A019B1360294A009B1360019B03F0E9
:10C1C4000203002B2AD00023029308E0012201215C
:10C1D400029800F053F80390029B01330293029BF0
:10C1E400032B02D8039B002BF0D0039B002B06D11A
:10C1F40040F2666204211A48F8F7FEF90390039BA3
:10C20400002B02D1F8F76AFA0390039B002B05D1A7
:10C21400144A00211448F9F7BFFA0390019B03F074
:10C224000103002B01D0FDF785FA039B002B05D1F8
:10C234000E4A00210E48F9F7AFFA0390039B002B36
:10C2440005D10C4A01210C48F9F7A6FA0390039B87
:10C25400184605B05DF804FB9C2B0020E42B00205D
:10C26400D894030019BC0200D494030035C1020021
:10C27400CC94030061C10200D094030084B0019007
:10C284000B468DF8033013468DF8023000230393D8
:10C29400019B032B3CD89DF80230012B0BD19DF858
:10C2A4000330012B04D1019BDBB20E33DBB200E07F
:10C2B40000238DF802309DF80330022B0FD0022B9F
:10C2C40023DC002B16D0012B1FD11449019A1346ED
:10C2D4005B0013440B449DF802201A701AE00F49C6
:10C2E400019A13465B0013440B4401339DF802206A
:10C2F4001A700FE00949019A13465B0013440B447A
:10C3040002339DF802201A7004E00723039301E02E
:10C3140007230393039B184604B07047E82B0020BF
:10C3240000B583B001900198FDF76CFA0346032130
:10C334001846FFF7A1FB0023184603B05DF804FB81
:10C3440000B583B0012200210020FFF797FF019080
:10C35400019B002B04D0019B072B01D0019B1CE007
:10C36400072202210120FFF789FF0190019B002B86
:10C3740004D0019B072B01D0019B0EE00422022173
:10C384000020FFF77BFF0190019B002B04D0019B51
:10C39400072B01D0019B00E00023184603B05DF891
:10C3A40004FB00B583B0012202210020FFF766FFE1
:10C3B4000190019B002B04D0019B072B01D0019B12
:10C3C4001CE0072202210120FFF758FF0190019B86
:10C3D400002B04D0019B072B01D0019B0EE00A2205
:10C3E40000210020FFF74AFF0190019B002B04D09D
:10C3F400019B072B01D0019B00E00023184603B0EA
:10C404005DF804FB00B583B001900120FFF761FBE8
:10C414000346002B03D0019B02221A700CE000207B
:10C42400FFF757FB0346002B03D0019B0B221A7026
:10C4340002E0019B00221A7000BF03B05DF804FB08
:10C4440000B583B00020FFF76BFF0190019B002B28
:10C4540004D0019B062B01D0019B0CE00120FFF7C7
:10C464005FFF0190019B002B04D0019B062B01D0A0
:10C47400019B00E00023184603B05DF804FB0000B4
:10C4840000B585B001900091019B1B88102B02D050
:10C49400112B18D02FE01A4B1B68002B0DD1FFF77E
:10C4A4004FFF0390039B002B07D0164B1B68002BF8
:10C4B40003D0144B1B6803989847114B1B68013336
:10C4C4000F4A136017E00E4B1B68013B0C4A1360C4
:10C4D4000B4B1B68002B0DD1FFF763FF0390039BED
:10C4E400002B07D0074B1B68002B03D0054B1B68A0
:10C4F4000398984700BF00BF05B05DF804FB00BF78
:10C50400202C00201C2C002000B585B00190009147
:10C51400002303930A4A019B1360009B002B02D063
:10C524000098FFF76FFF074B1B68002B02D1FFF742
:10C5340038FF0390039B184605B05DF804FB00BF69
:10C544001C2C0020202C002032DF704700BF18462E
:10C554003EDF704700BF184676DF704700BF1846BD
:10C5640078DF704700BF18467ADF704700BF18466F
:10C574007CDF704700BF18468FDF704700BF184646
:10C58400A8DF704700BF184666DF704700BF184633
:10C5940000B583B003460091ADF80630BDF806300F
:10C5A400009A19460348F8F7C5F800BF03B05DF8D0
:10C5B40004FB00BFEFBEADDE00B585B00190009175
:10C5C400009B1B68082B28BF082302934FF6FF70BB
:10C5D40006F08AFF0346ADF80E30009B00221A6075
:10C5E40012E0009B1B68591C009A11605B00019AC1
:10C5F4001344BDF80E201A80BDF80E30184606F01C
:10C6040073FF0346ADF80E30BDF80E304FF6FF72DF
:10C61400934204D0029B5A1E0292002BE1D100BF28
:10C6240005B05DF804FB000000B583B00C4B1B881B
:10C634001B0443F003030B491846F7F7DDFA06F031
:10C64400F9FF0190019B0093009B002B04D0064A44
:10C65400E3210098F8F76EF800BF03B05DF804FB1F
:10C66400E0200020FC9403000C95030000B587B083
:10C6740003468DF807309DF80730002B02D0FFF7F2
:10C68400D3FF42E010224FF6FF7122480BF0E2FE86
:10C69400214B08221A6020491E48FFF78DFF1E4BCC
:10C6A4001B6819461B4806F0BFFE0590059B0493C2
:10C6B400049B002B04D0194AFA210498F8F73AF89D
:10C6C400154B1B681946134806F0F6FE0590059BAA
:10C6D400062B0AD0059B0393039B002B05D00F4A1E
:10C6E40040F201110398F8F725F803210C4802F0F1
:10C6F40007FB0590059B0293029B002B05D0074A7C
:10C7040040F205110298F8F715F800BF07B05DF87C
:10C7140004FB00BFDC2E0020EC2E00200C9503004F
:10C72400E82D002010B58EB00390039B1B780F2BCF
:10C7340000F2008101A252F823F000BF81C7020079
:10C7440039C9020095C7020039C90200CDC70200E9
:10C7540039C90200E3C702001FC9020021C8020050
:10C76400D1C8020039C90200EBC8020013C8020094
:10C7740005C9020039C902001BC80200754B1B8899
:10C784001B0443F0030374491846F7F735FADEE057
:10C79400704B1B881B0443F00304039B5B881846FF
:10C7A40003F06AF803461A46039B5B881946039B09
:10C7B4001B7A00930B4669492046F7F750FA039B0E
:10C7C4009A88674B1A80C2E000238DF81430039BCB
:10C7D4005B8805AA1146184606F004FEB7E0FAF78E
:10C7E40091FF0A900A9B0E2B00F0A6800A9B082B4F
:10C7F40000F0A2800A9B0693069B002B00F09C800D
:10C80400584A4FF49F710698F7F794FF94E000207C
:10C81400FFF72CFF9BE006F0F9FD98E0039B1B7CDF
:10C8240003F00103DBB2002B00F08880039B1B7A2A
:10C83400072B40F08380474B1B881B0443F0030302
:10C8440049491846F7F7D8F9424B1B881B0443F0B3
:10C854000300464B1B685A1C08234549F7F7EBF9BC
:10C86400424B1B68072B69D8404B1B685A1C3F4935
:10C874000A603B4A11883F4A22F813103B4B1B685D
:10C8840019463C4806F0D0FD0A900A9B0993099B7F
:10C89400002B05D0334A40F25F110998F7F74AFF9D
:10C8A400324B1B681946334806F006FE0A900A9B71
:10C8B400062B43D00A9B0893089B002B3ED0294AA1
:10C8C4004FF4B2710898F7F735FF37E0039B1B6903
:10C8D4000B930B9B002B33D0224A40F26D110B9823
:10C8E400F7F728FF2CE0039B9B680C930C9B002B11
:10C8F40028D01C4A40F273110C98F7F71BFF21E073
:10C90400039B9B680D930D9B002B1DD0154A40F291
:10C9140079110D98F7F70EFF16E0039B9B680793B8
:10C92400079B002B12D00F4A40F27F110798F7F7AC
:10C9340001FF0BE000BF0AE000BF08E000BF06E013
:10C9440000BF04E000BF02E000BF00E000BF00BF82
:10C954000EB010BDE02000206C95030098950300F4
:10C96400C22E00200C950300D8950300EC2E002065
:10C974000C960300DC2E002000B583B00190054A1C
:10C984004FF4CB710198F7F7D5FE00BF03B05DF803
:10C9940004FB00BF0C95030000B583B00190054A69
:10C9A4004FF4D0710198F7F7C5FE00BF03B05DF8EE
:10C9B40004FB00BF0C95030000B583B0154916486D
:10C9C400FCF7C2FC03468DF807309DF80730194682
:10C9D400124809F03BF90090009B002B16D0009BF5
:10C9E400112B13D0009B132B10D0009B0F2B0DD0B9
:10C9F400009B082B0AD0009B43F20142934205D0CE
:10CA0400074A4FF4DB710098F7F794FE00BF03B0B8
:10CA14005DF804FBC42E0020D42E0020442C0020FA
:10CA24000C95030000B583B00190FFF7C5FF00BF6C
:10CA340003B05DF804FB000000B585B0F8F778FE9C
:10CA44000390039B0293029B002B05D00D4A4FF4E5
:10CA5400E9710298F7F76EFE0B4A01210B48F8F7CB
:10CA64009BFE0390039B0193019B002B05D0054A79
:10CA74004FF4EC710198F7F75DFE00BF05B05DF867
:10CA840004FB00BF0C95030029CA0200F8940300BC
:10CA940000B589B09DF80430012262F303038DF8D8
:10CAA40004309DF80430012262F307138DF804303A
:10CAB40001AB0C2223491846FFF75AFD0790079B48
:10CAC4000693069B002B05D01F4A4FF4F671069877
:10CAD400F7F730FE40F2C230FFF742FD0790079BA4
:10CAE4000593059B002B05D0174A40F2EF110598DA
:10CAF400F7F720FE02AB0822002118460BF0AAFC2F
:10CB04000623ADF808300C23ADF80A301423ADF831
:10CB14000C304FF49673ADF80E3002AB1846FFF7A5
:10CB240023FD0790079B0493049B002B05D0064A22
:10CB340040F2F9110498F7F7FDFD00BF09B05DF864
:10CB440004FB00BF3C9603000C95030000B583B0C2
:10CB54000021094804F0FAFD0190019B0093009B19
:10CB6400002B05D0054A40F202210098F7F7E2FDB8
:10CB740000BF03B05DF804FBD42D00200C95030026
:10CB840000B595B002238DF8003041F61513ADF8C9
:10CB940002304EF6EE63ADF804300123ADF80630F2
:10CBA40002AB4022002118460BF054FC02AB1A4998
:10CBB400184602F0B1FF6B4610939DF844300122F1
:10CBC40062F303038DF844309DF84430022262F38B
:10CBD40007138DF844309DF8453023F00F038DF88A
:10CBE40045309DF8453023F0F0038DF8453002AB15
:10CBF400184609F033FA1390139B1293129B002BDF
:10CC040005D0064A4FF407711298F7F793FD00BF59
:10CC140015B05DF804FB00BF4C9603000C950300AF
:10CC240000B589B001AB1422002118460BF012FCA8
:10CC34000023019301238DF8083000230393642318
:10CC44008DF810309DF81130012262F303038DF842
:10CC540011309DF81130022262F307138DF8113060
:10CC64009DF81230012262F303038DF812309DF80F
:10CC74001230022262F307138DF812309DF813303C
:10CC840023F00F038DF813309DF8133023F0F003D5
:10CC94008DF813309DF81430012262F303038DF8EC
:10CCA40014309DF81430022262F307138DF8143007
:10CCB40001AB1946094808F091FF0790079B0693BA
:10CCC400069B002B05D0064A40F235210698F7F75B
:10CCD40031FD00BF09B05DF804FB00BF442C002007
:10CCE4000C95030000B59DB06B4618220021184630
:10CCF4000BF0B0FB6B461B931B9B03221A801B9B00
:10CD040001229A701B9B0122DA701B9A137901216C
:10CD140061F3030313711B9A1379022161F307135F
:10CD240013711B9A5379012161F3030353711B9A05
:10CD34005379022161F3071353711B9A93790121EB
:10CD440061F3030393711B9A9379022161F307132F
:10CD540093716B4608331B931B9B03221A801B9B06
:10CD640002229A701B9B0122DA701B9A137901210B
:10CD740061F3030313711B9A1379022161F30713FF
:10CD840013711B9A5379012161F3030353711B9AA5
:10CD94005379022161F3071353711B9A937901218B
:10CDA40061F3030393711B9A9379022161F30713CF
:10CDB40093716B4610331B931B9B01221A801B9BA0
:10CDC40003229A701B9B0122DA701B9A13790121AA
:10CDD40061F3030313711B9A1379022161F307139F
:10CDE40013711B9A5379012161F3030353711B9A45
:10CDF4005379022161F3071353711B9A937901212B
:10CE040061F3030393711B9A9379022161F307136E
:10CE1400937103238DF86B3006AB4822002118462A
:10CE24000BF018FB6B4B06936B4B079300238DF8A9
:10CE3400203001238DF8213003238DF822306B46F6
:10CE4400099300238DF8283000230B9300238DF8D9
:10CE5400303000230D938823ADF83C305F4B0E93A4
:10CE640040F20113ADF8483000238DF84A309DF8A4
:10CE74006B308DF84B3000238DF84E300023149323
:10CE84009DF84430012262F303038DF844309DF889
:10CE94004430022262F307138DF844309DF8453084
:10CEA40023F00F038DF845309DF8453023F0F0034F
:10CEB4008DF845309DF84C30012262F303038DF860
:10CEC4004C309DF84C30022262F307138DF84C303D
:10CED4009DF84D3023F00F038DF84D309DF84D3003
:10CEE40023F0F0038DF84D309DF85830012262F3A1
:10CEF40003038DF858309DF85830022262F307136B
:10CF04008DF858309DF85930012262F303038DF8EF
:10CF140059309DF85930022262F307138DF85930C5
:10CF24009DF85A30012262F303038DF85A309DF8BC
:10CF34005A30022262F307138DF85A309DF85430A8
:10CF4400012262F303038DF854309DF85430022219
:10CF540062F307138DF854309DF85530012262F3C3
:10CF640003038DF855309DF85530022262F3071300
:10CF74008DF855309DF8563023F00F038DF8563058
:10CF84009DF8563023F0F0038DF856309DF8573055
:10CF9400012262F303038DF857309DF857300222C3
:10CFA40062F307138DF8573006AB19460C480AF0A4
:10CFB4007FFA1990199B1893189B002B05D0094AE6
:10CFC4004FF436711898F7F7B5FB00BF1DB05DF844
:10CFD40004FB00BF61D102007DC90200C021002012
:10CFE4005C2C00200C95030008B5FFF7C9FDFFF782
:10CFF40017FEFFF777FE00BF08BD000008B5094B18
:10D0040051221A60074B64225A60064B01229A602F
:10D01400044B01221A7303490348FCF77CF900BF4F
:10D0240008BD00BFC42E0020D42E002000B583B05C
:10D034000190054A40F2F9210198F7F77BFB00BF04
:10D0440003B05DF804FB00BF0C95030000B58BB082
:10D0540001AB1C22002118460BF0FCF900230193BC
:10D064004FF4203302934FF47023039303238DF87A
:10D0740010300023ADF8123000238DF81430002353
:10D0840006930B4B079301AB184602F031F9099054
:10D09400099B0893089B002B05D0064A4FF4447162
:10D0A4000898F7F747FB00BF0BB05DF804FB00BF1F
:10D0B40031D002000C95030000B583B00B4B002265
:10D0C4004FF480311846F8F797FB0190019B0093C9
:10D0D400009B002B05D0064A40F21B310098F7F75D
:10D0E40029FB00BF03B05DF804FB00BF242C002023
:10D0F4000C95030000B585B00020FFF739F80390C4
:10D10400039B0293029B002B05D0134A4FF44A71F0
:10D114000298F7F70FFBFFF793F90390039B019332
:10D12400019B002B05D00C4A4FF44B710198F7F783
:10D1340001FBFFF709FA0390039B0093009B002B6C
:10D1440005D0054A4FF44C710098F7F7F3FA00BF85
:10D1540005B05DF804FB00BF0C95030082B001909C
:10D164000091009B1B78062B09D0062B0BDC022BAD
:10D174000BD0052B07D1074B01221A7006E0054B93
:10D1840000221A7002E000BF00E000BF00BF02B03E
:10D19400704700BFC02E002000B5C3B003468DF811
:10D1A4000F309DF80F30082B00F2148101A252F8C1
:10D1B40023F000BFFDD20200DDD10200D9D302006A
:10D1C40011D2020045D2020079D20200ADD202008F
:10D1D40021D3020079D30200884B1B881B0443F03F
:10D1E400030387491846F6F707FD0520FEF7C0FF3D
:10D1F4004190419B3693369B002B00F0ED80814A91
:10D204004FF458713698F7F795FAE5E07B4B1B8895
:10D214001B0443F003037C491846F6F7EDFC022097
:10D22400FEF7A6FF4190419B3793379B002B00F0FC
:10D23400D580744A40F266313798F7F77BFACDE02F
:10D244006E4B1B881B0443F0030370491846F6F722
:10D25400D3FC0420FEF78CFF4190419B3893389B0C
:10D26400002B00F0BD80674A4FF45B713898F7F7E4
:10D2740061FAB5E0614B1B881B0443F00303644966
:10D284001846F6F7B9FC0320FEF772FF4190419B64
:10D294003993399B002B00F0A5805A4A40F2723131
:10D2A4003998F7F747FA9DE0544B1B881B0443F069
:10D2B400030358491846F6F79FFC0320FEF758FF6E
:10D2C4004190419B3B933B9B002B05D04D4A4FF42F
:10D2D4005E713B98F7F72EFA4F4801F08DFE4190AE
:10D2E400419B3A933A9B002B7ED0464A40F27A31D6
:10D2F4003A98F7F71FFA77E00020FEF739FF4190DC
:10D30400419B3593359B002B05D03E4A40F27F313B
:10D314003598F7F70FFAFFF7EDFE6AE00823349328
:10D324000823339333AB13AA34A905A806F094F861
:10D334004190419B3D933D9B002B05D0314A4FF4D6
:10D3440063713D98F7F7F6F9349A339B13A805A94E
:10D3540000930346304801F029FE4190419B3C93E1
:10D364003C9B002B42D0274A40F297313C98F7F778
:10D37400E1F93BE0294B1B884FF6FF72934237D00B
:10D38400264B1B8813AA1146184606F023F9419030
:10D39400419B052B2CD0419B4093409B002B05D0F7
:10D3A400184A40F2A6314098F7F7C4F913AB113389
:10D3B4003F933F99184801F0DBFD4190419B3E9318
:10D3C4003E9B002B14D00F4A40F2AA313E98F7F747
:10D3D400B1F90DE000BF0CE000BF0AE000BF08E0B7
:10D3E40000BF06E000BF04E000BF02E000BF00E0B1
:10D3F40000BF00BF43B05DF804FB00BFE020002085
:10D40400609603000C950300789603008C96030045
:10D41400A0960300C4960300E82D0020C22E00202D
:10D4240010B592B001900091019B1B88562B74D0CB
:10D43400562B00F3D380512B00F09580512B00F331
:10D44400CD803B2B56D03B2B00F3C880212B37D00B
:10D45400212B00F3C380112B24D0112B00F3BE80A9
:10D46400012B6DD0102B40F0B980634B1B881B043B
:10D4740043F0030361491846F6F7BEFB0720FEF7A5
:10D4840077FE1190119B0C930C9B002B05D05C4AEA
:10D4940040F2C5310C98F7F74DF9019B9A88594B26
:10D4A4001A80A6E0544B1B881B0443F0030356491F
:10D4B4001846F6F7A1FB534B4FF6FF721A8098E01B
:10D4C40000238DF8283000238DF82930019B9B8898
:10D4D4000AAA11461846FFF74FF81190119B0D93B5
:10D4E4000D9B002B7CD0464A40F2DB310D98F7F7B8
:10D4F40021F975E0019B9B8813211846FFF72CF84E
:10D504001190119B0E930E9B002B6BD03C4A4FF451
:10D5140079710E98F7F70EF964E0019B9B8813214B
:10D524001846FFF719F81190119B1093109B002BCC
:10D534005AD0334A4FF47B711098F7F7FBF853E055
:10D54400304B1B8800211846FFF71EF81190119BE1
:10D554000B930B9B002B49D0294A40F2F1310B98D5
:10D56400F7F7E8F842E0019B06AC063318685968FF
:10D574009A68DB680FC49DF81830002B38D09DF8EA
:10D584002030042B07D09DF82030062B03D09DF8C3
:10D594002030052B2CD19DF81830022B03D1022307
:10D5A4008DF8083002E001238DF808304FF4C17380
:10D5B400ADF80C30019B9B8802AA11461846FEF771
:10D5C400DFFF1190119B0F930F9B002B10D00C4A7F
:10D5D40040F20C410F98F7F7ADF809E000BF08E0FE
:10D5E40000BF06E000BF04E000BF02E000BF00E0AF
:10D5F40000BF00BF12B010BDE0200020E896030079
:10D604000C950300B8210020F496030000B587B000
:10D614000AF02AFB0590059B0493049B002B05D07C
:10D62400164A40F221410498F7F784F80023019345
:10D6340001AB194601200AF033FC0590059B0393C6
:10D64400039B002B05D00D4A40F227410398F7F7BE
:10D6540071F801AB18460AF00BFD0590059B029387
:10D66400029B002B05D0054A40F22B410298F7F7A4
:10D6740061F800BF07B05DF804FB00BF0C95030020
:10D6840000B587B005F014FE0590059B0493049B38
:10D69400002B05D0384A40F23A410498F7F74AF88B
:10D6A4006B460522002118460AF0D4FE9DF800308E
:10D6B40043F001038DF800309DF8003023F002039D
:10D6C4008DF800309DF8003023F004038DF800300D
:10D6D4009DF8003023F008038DF800309DF80030E9
:10D6E400032262F306138DF800309DF8003023F016
:10D6F40080038DF8003007238DF8013010238DF856
:10D7040002309DF8033043F001038DF803309DF897
:10D71400033043F002038DF803309DF8043043F0E6
:10D7240001038DF804309DF8043043F002038DF8B2
:10D7340004306B46184605F03DFE0590059B0393A7
:10D74400039B002B05D00C4A40F24D410398F6F799
:10D75400F1FF0A4805F006FE0590059B0293029B23
:10D76400002B05D0044A4FF48A610298F6F7E2FFD1
:10D7740000BF07B05DF804FB0C95030029C7020045
:10D7840000B5ADB001ABA022002118460AF062FE3C
:10D7940005238DF8AF3002238DF8043001238DF872
:10D7A40006309DF8AF308DF807300123ADF8143002
:10D7B4001D4B069301238DF87D3001238DF87E30B7
:10D7C40000238DF87F30002321930023229301232B
:10D7D4008DF88030282323931E23249301238DF86E
:10D7E40081304FF448632593B42326930F4B27933A
:10D7F4000F4B289301AB19460E4801F072F92A9099
:10D804002A9B2993299B002B05D00B4A40F2754192
:10D814002998F6F78FFF0121064801F055F900BF5A
:10D824002DB05DF804FB00BFBC2100209DD1020097
:10D834009DC90200E82D00200C95030000B583B0BB
:10D844000A4A0A210820F7F7C7F80190019B0093C0
:10D85400009B002B05D0064A40F27F410098F6F762
:10D8640069FF00BF03B05DF804FB00BFF02E002089
:10D874000C95030000B589B003460A46ADF80E3096
:10D884001346ADF80C303D4B1B78002B1DD0BDF971
:10D894000E30FF2BA8BFFF23ADF80E30BDF90C30BE
:10D8A400FF2BA8BFFF23ADF80C30BDF80E305AB2E1
:10D8B400BDF80C305BB200210191002100910021E0
:10D8C4002F4809F02DFF07903FE001230693069BA4
:10D8D400002B05D12B4A40F29C410020F6F72AFF89
:10D8E400BDF90E3040F6FF729342A8BF1346ADF85F
:10D8F4000E30BDF90C3040F6FF729342A8BF1346B8
:10D90400ADF80C30BDF80E30DBB28DF81430BDF834
:10D914000C305BB21B015AB2BDF80E301B125BB265
:10D9240003F00F035BB213435BB2DBB28DF8153027
:10D93400BDF80C301B11DBB28DF8163005AB032299
:10D9440001210F4809F091FE0790079B002B10D08E
:10D95400079B082B0DD0079B132B0AD0079B43F280
:10D964000142934205D0074A40F2B1410798F6F7C5
:10D97400E1FE00BF09B05DF804FB00BFC02E00202B
:10D984005C2C00200C95030000B587B003468DF88D
:10D9940007309DF80730043B0D2B7FD801A252F8C5
:10D9A40023F000BFE7D90200A1DA0200A1DA0200E5
:10D9B40013DA0200A1DA0200A1DA0200E1D90200BE
:10D9C400A1DA0200A1DA0200A1DA020045DA0200BB
:10D9D4005DDA020075DA02008BDA0200FFF78AFBD7
:10D9E40069E0374B1B8813211846FEF7B5FD0590F7
:10D9F400059B082B54D0059B0393039B002B4FD00E
:10DA0400304A40F2C9410398F6F794FE48E02C4BA3
:10DA14001B884FF6FF72934244D12B4801F0ECFA75
:10DA24000590059B082B3DD0059B0493049B002B7C
:10DA340038D0244A40F2D3410498F6F77BFE31E013
:10DA44001F4B1B884FF6FF7293422DD000216FF0BD
:10DA54000400FFF70FFF27E0194B1B884FF6FF72F6
:10DA6400934223D06FF004010020FFF703FF1DE071
:10DA7400134B1B884FF6FF72934219D000210520E7
:10DA8400FFF7F8FE14E00E4B1B884FF6FF7293422B
:10DA940010D005210020FFF7EDFE0BE000BF0AE0E7
:10DAA40000BF08E000BF06E000BF04E000BF02E0E2
:10DAB40000BF00E000BF00BF07B05DF804FB00BF7B
:10DAC400B82100200C950300E82D002000B587B094
:10DAD400019017490320FEF765FB0590059B04930D
:10DAE400049B002B05D0134A40F205510498F6F725
:10DAF40021FE0DF10B0319460020FEF705FD0590EC
:10DB0400059B0393039B002B05D00A4A4FF4A161A4
:10DB14000398F6F70FFE9DF80B30022B0CBF012380
:10DB24000023DAB2019B1A7000BF07B05DF804FB52
:10DB34008DD902000C95030000B583B00020F5F7E1
:10DB4400EDFD0190019B0093009B002B05D0064A3C
:10DB540040F213510098F6F7EDFDF5F73DFD00BFD7
:10DB640003B05DF804FB00BF0C95030000B583B05F
:10DB7400FEF7EEFC0190019B0093009B002B05D067
:10DB8400044A40F21E510098F6F7D4FD00BF03B0DA
:10DB94005DF804FB0C95030000B583B0FFF7CCFFE0
:10DBA400FEF74AFF0DF107031846FFF78FFFFFF753
:10DBB4002DFDFFF743FEFEF76BFFFEF7C7FFFFF7F0
:10DBC400DFFDFFF711FAFFF719FAFFF73FFAFFF746
:10DBD40057FD0E4B1B881B0443F003030C491846E6
:10DBE400F6F70AF8FFF768FA9DF807301846FEF7CB
:10DBF4003DFDF6F7B7FFF6F76FF8034683F0010330
:10DC0400DBB2002BF5D0FFF7B1FFF2E7E0200020F4
:10DC1400049703006DDF704700BF184672DF70473A
:10DC240000BF184679DF704700BF18467DDF704794
:10DC340000BF184664DF704700BF184682B0034631
:10DC44000091ADF80630BDF80630DAB2009B1A70C8
:10DC5400BDF806301B0A9AB2009B0133D2B21A7087
:10DC64000223184602B0704700B589B003900291B0
:10DC74001346ADF80630029B1B8803F10902BDF878
:10DC840006309A4201D90C2351E005AB1846FFF740
:10DC9400C1FF0790079B002B01D0079B47E0029B25
:10DCA4001B881A46039B134408221A70029B1B8884
:10DCB40001339AB2029B1A80029B1B881A46039B6B
:10DCC40013441B221A70029B1B8801339AB2029BD5
:10DCD4001A80029B1B881A46039B981805AB0133D4
:10DCE400062219460AF084FB029B1B8806339AB26B
:10DCF400029B1A809DF8143023F00103DBB2002B41
:10DD040007D1029B1B881A46039B134400221A70F6
:10DD140006E0029B1B881A46039B134401221A70D7
:10DD2400029B1B8801339AB2029B1A800023184677
:10DD340009B05DF804FB00B589B00390029101922B
:10DD4400ADF80230039B1B78012B05D1039B5B7854
:10DD5400002B01D1072388E0019B1B889A1CBDF886
:10DD640002309A420ED8039B1B78012B0CD1019BE5
:10DD74001B881A46039B5B7813449A1CBDF8023037
:10DD84009A4201D90C2370E0019B1B88BDF8022044
:10DD9400D31A9BB2023BADF81C30BDF81C30ADF871
:10DDA4001630019B1B880233029A13440DF11602AC
:10DDB40011461846FFF73AFF0690069B002B01D048
:10DDC400069B52E0039B1B78022B09D1BDF8163049
:10DDD400BDF81C209A4203D309238DF81F3016E0A6
:10DDE40008238DF81F30039B1B78012B0BD1039B59
:10DDF4005B781A46BDF81C30934204D3039B5B78CE
:10DE0400ADF8163003E0BDF81C30ADF81630BDF89F
:10DE14001630FE2B01D90C2327E0BDF81630DAB2F8
:10DE2400019B1B881946029B0B440132D2B21A7023
:10DE3400019B1B8801339AB2019B1A80019B1B88AA
:10DE44001A46029B13449DF81F201A70019B1B88DD
:10DE540001339AB2019B1A80019B1A88BDF81630CF
:10DE640013449AB2019B1A800023184609B05DF846
:10DE740004FB00B587B0039002911346ADF8063059
:10DE8400029B1B881A1DBDF806309A4201D90C2347
:10DE940038E00DF112031846FFF7C4FE0590059B08
:10DEA400002B01D0059B2DE0029B1B881A46039B87
:10DEB400134403221A70029B1B8801339AB2029BFB
:10DEC4001A80029B1B881A46039B134419221A705A
:10DED400029B1B8801339AB2029B1A80BDF8122060
:10DEE400029B1B881946039B0B4419461046FFF7F7
:10DEF400A5FE03461A46029B1B8813449AB2029B52
:10DF04001A800023184607B05DF804FB84B0029120
:10DF140001921A4603468DF80F301346ADF80C30C3
:10DF2400019B1B88DA1CBDF80C309A4201D90C23E2
:10DF340028E0019B1B881A46029B134402221A7094
:10DF4400019B1B8801339AB2019B1A80019B1B8899
:10DF54001A46029B134401221A70019B1B88013349
:10DF64009AB2019B1A80019B1B881A46029B134498
:10DF74009DF80F201A70019B1B8801339AB2019BF4
:10DF84001A800023184604B0704784B002910192AD
:10DF94001A4603468DF80F301346ADF80C30019B3A
:10DFA4001B88DA1CBDF80C309A4201D90C2328E0F6
:10DFB400019B1B881A46029B134402221A70019B80
:10DFC4001B8801339AB2019B1A80019B1B881A4655
:10DFD400029B13440A221A70019B1B8801339AB2D4
:10DFE400019B1A80019B1B881A46029B13449DF8CF
:10DFF4000F201A70019B1B8801339AB2019B1A806F
:10E004000023184604B0704700B58BB00390019309
:10E014000B468DF80B3013468DF80A3000238DF82B
:10E0240023300C9B1B88ADF82030002309936CE04F
:10E03400039B5A68099B9B001A4404AB1068186040
:10E044000DF1160104AB00221846FFF7F3FD06900C
:10E05400069B002B01D0069B79E09DF816309DF8B5
:10E064000A209A424ED19DF82330002B01D0002380
:10E0740000E002238DF817300C9B1B881A469DF88C
:10E0840016301A449DF817301A44BDF834309A42B9
:10E0940001DD0C235BE09DF8233083F00103DBB248
:10E0A400002B16D00C9B1B8801339AB20C9B1A8050
:10E0B4000C9B1B881A46019B13449DF80B201A7075
:10E0C4000C9B1B8801339AB20C9B1A8001238DF898
:10E0D40023300C9B1B881A46019B1A440DF1160130
:10E0E40004AB1846FFF7A6FD0690069B002B01D053
:10E0F400069B2CE00C9B1B889DF8162013449AB2B7
:10E104000C9B1A80099B01330993039B1B881A46B5
:10E11400099B93428CDB9DF82330002B16D00C9B7B
:10E124001A88BDF82030D31A9BB2013BADF81E30DB
:10E13400BDF81E30FF2B01D90C2308E0BDF82030B8
:10E14400019A1344BDF81E20D2B21A700023184657
:10E154000BB05DF804FB00B589B0059003930B4642
:10E164008DF8133013468DF812309DF81310BDF856
:10E174002C3001930A9B0093039B02220598FFF71E
:10E1840043FF0790079B002B01D0079B12E09DF8EB
:10E194001210BDF82C3001930A9B0093039B1022AC
:10E1A4000598FFF731FF0790079B002B01D0079BD1
:10E1B40000E00023184609B05DF804FB82B001902A
:10E1C400019B1B88052B0AD9019B1B88B3F5486F5B
:10E1D40007D9019B1B884FF6FF72934201D0072396
:10E1E40025E0019B5B88052B0AD9019B5B88B3F56D
:10E1F400486F07D9019B5B884FF6FF72934201D0A9
:10E20400072314E0019B1B884FF6FF7293420DD045
:10E21400019B5B884FF6FF72934207D0019B1A88DB
:10E22400019B5B889A4201D9072300E0002318462A
:10E2340002B0704700B587B0039002910192ADF827
:10E244000230019B1B889A1DBDF802309A4201D905
:10E254000C2349E00398FFF7B1FF0590059B002BC1
:10E2640001D0059B40E0019B1B881A46029B134486
:10E2740005221A70019B1B8801339AB2019B1A80F4
:10E28400019B1B881A46029B134412221A70019B9D
:10E294001B8801339AB2019B1A80039B1A88019B45
:10E2A4001B881946029B0B4419461046FFF7C6FC0F
:10E2B40003461A46019B1B8813449AB2019B1A8099
:10E2C400039B5A88019B1B881946029B0B441946E1
:10E2D4001046FFF7B3FC03461A46019B1B88134400
:10E2E4009AB2019B1A800023184607B05DF804FB1C
:10E2F40000B587B0039002910192ADF80230039B00
:10E304009B8802330593019B1B881A46059B134483
:10E314009A1CBDF802309A4201D90C2353E0059BA4
:10E32400FE2B01D90C234EE0059BDAB2019B1B881E
:10E334001946029B0B440132D2B21A70019B1B880E
:10E3440001339AB2019B1A80019B1B881A46029BD7
:10E354001344FF221A70019B1B8801339AB2019B5C
:10E364001A80039B1A88019B1B881946029B0B4445
:10E3740019461046FFF762FC03461A46019B1B88A8
:10E3840013449AB2019B1A80039B9B88002B19D0DB
:10E39400039B9B68002B01D1072314E0019B1B887E
:10E3A4001A46029B9818039B9968039B9B881A46FC
:10E3B4000AF01EF8019B1A88039B9B8813449AB2A7
:10E3C400019B1A800023184607B05DF804FB00B5D2
:10E3D40089B0039002910192ADF80230039B9B6ACD
:10E3E400002B01D1072371E000238DF81F3065E075
:10E3F400039B996A9DF81F2013465B0013449B00FE
:10E404000B440693069B9B8802330593059BFE2BC6
:10E4140001D90C235AE0059BDAB2019B1B881946EB
:10E42400029B0B440132D2B21A70019B1B88013348
:10E434009AB2019B1A80019B1B881A46029B1344C3
:10E4440016221A70019B1B8801339AB2019B1A8011
:10E45400069B1A88019B1B881946029B0B4419468C
:10E464001046FFF7EBFB03461A46019B1B88134437
:10E474009AB2019B1A80069B9B88002B19D0069B9D
:10E484009B68002B01D1072320E0019B1B881A46BF
:10E49400029B9818069B9968069B9B881A4609F06C
:10E4A400A7FF019B1A88069B9B8813449AB2019B81
:10E4B4001A809DF81F3001338DF81F30039B93F8A9
:10E4C4002C309DF81F209A4292D30023184609B09D
:10E4D4005DF804FB00B589B0059004910392002314
:10E4E4000793039B1B88ADF81A30039B00221A8004
:10E4F400059B93F82D30002B0CD0BDF81A301A462A
:10E5040003990498FFF7B0FB0790079B002B01D0F9
:10E51400079BC4E0059B9B78002B0CD0BDF81A30F8
:10E524001A4603990498FFF7A4FC0790079B002B55
:10E5340001D0079BB3E0059BDB78002B0ED0059B35
:10E54400DB7858B2BDF81A30039A0499FFF7DEFC61
:10E554000790079B002B01D0079BA0E0059B5B68FD
:10E56400002B0FD0059B5B6893F90000BDF81A30AF
:10E57400039A0499FFF709FD0790079B002B01D02C
:10E58400079B8CE0059B1B89002B12D0059B03F194
:10E594000800BDF81A300193039B0093049B0622E4
:10E5A4000221FFF7D8FD0790079B002B01D0079BA2
:10E5B40075E0059B1B8A002B12D0059B03F110000C
:10E5C400BDF81A300193039B0093049B0722032197
:10E5D400FFF7C1FD0790079B002B01D0079B5EE06E
:10E5E400059B1B8B002B12D0059B03F11800BDF873
:10E5F4001A300193039B0093049B15221421FFF707
:10E60400AAFD0790079B002B01D0079B47E0059BC1
:10E614001B6A002B0DD0059B186ABDF81A30039AAB
:10E624000499FFF707FE0790079B002B01D0079B77
:10E6340035E0059B5B6A002B0DD0059B586ABDF83D
:10E644001A30039A0499FFF753FE0790079B002B97
:10E6540001D0079B23E0059B93F82C30002B0CD0B2
:10E66400BDF81A30039A04990598FFF7B0FE079095
:10E67400079B002B01D0079B11E0059B1B78002B07
:10E684000CD0BDF81A30039A04990598FFF753FB90
:10E694000790079B002B01D0079B00E0079B1846BF
:10E6A40009B05DF804FB82B00190019BDB7803F0B4
:10E6B4000403002B01D1072300E00023184602B015
:10E6C400704782B00190019BDB78002B01D00723B7
:10E6D40000E00023184602B0704700B597B00190DF
:10E6E40000911F23ADF84A301F23ADF84830019B39
:10E6F400002B18D00198FFF7D6FF1390139B002B23
:10E7040001D0139B3FE00DF14A020AAB1946019870
:10E71400FFF7E0FE1390139B002B01D0139B32E014
:10E724000AAB159304E0002315930023ADF84A3097
:10E73400009B002B17D00098FFF7C3FF1390139B87
:10E74400002B01D0139B1EE012AA02AB19460098BD
:10E75400FFF7C0FE1390139B002B01D0139B12E014
:10E7640002AB149304E0002314930023ADF8483063
:10E77400BDF84A30D9B2BDF84830DBB2149A1598C6
:10E78400FFF74CFA0346184617B05DF804FB73DF35
:10E79400704700BF184674DF704700BF184682B048
:10E7A4000190019B93F8D630184602B0704784B0AC
:10E7B4000190002303930AE0019A039B13441B78FE
:10E7C400002B01D0012306E0039B01330393039B39
:10E7D400052BF1D90023184604B0704782B00346D4
:10E7E4008DF807309DF807305A1C074B83FB021342
:10E7F4005910D317C91A0B469B000B44D11ACBB23C
:10E80400184602B0704700BF6766666682B0019022
:10E814000091009BDB7B012B04D1009B9A88019B18
:10E82400A3F8C82000BF02B0704700B585B00190BE
:10E834000091019B002283F8D420009B9A88019BBD
:10E84400B3F8C8309A4218D1019B1B7983F00103B5
:10E85400DBB2002B11D00121019800F051FA039092
:10E86400039B002B09D0019BD3F8D030002B04D09C
:10E87400019BD3F8D0300398984700BF05B05DF8EA
:10E8840004FB00B585B001900091009B1B7A002B1E
:10E8940018D1019BDB781846FFF7A0FF0346194601
:10E8A400019800F02DFA0390039B002B0BD0019BE1
:10E8B400D3F8D030002B06D0019BD3F8D030039886
:10E8C400984700E000BF05B05DF804FB08B50020E0
:10E8D400F9F748FE0346184608BD000000B585B0A8
:10E8E40001900B468DF80330019B26331846FFF741
:10E8F4005EFF03468DF80F309DF80330013B032B78
:10E904002AD801A252F823F01DE9020031E90200DD
:10E9140045E9020051E90200019B9B79002B05D0D7
:10E924009DF80F30002B01D0012316E0019BDB7909
:10E93400002B05D09DF80F30002B01D002230CE0F2
:10E94400019B1B7A002B01D0032306E0019B5B7A19
:10E95400002B01D0042300E00023184605B05DF825
:10E9640004FB00BF82B001900091019B01229A70C8
:10E97400019B03F12502009B5A60009B01221A703F
:10E98400009B00229A81009B00225A810023184692
:10E9940002B0704782B001900091019B02229A70EC
:10E9A400019B03F12502009B5A60009B01221A700F
:10E9B400019B1B699AB2009B9A81019BDB689AB206
:10E9C400009B5A810023184602B0704700B585B0F9
:10E9D40001900091019B5B699AB2009B5A81019B53
:10E9E4009B699AB2009B9A81019B5B79002B24D08E
:10E9F400019B93F8D43083F00103DBB2002B1CD0CD
:10EA04000198FFF7CCFE0346002B16D0009B022290
:10EA14001A72019B042283F83320019B30330021B6
:10EA24001846FFF75AFE0390039B002B01D0039B6B
:10EA340007E0019B05229A7002E0019B03229A7071
:10EA44000023184605B05DF804FB00B585B00190BD
:10EA54000091019BDB699AB2009B5A81019B1B6A5E
:10EA64009AB2009B9A81019B5B79002B24D0019B75
:10EA740093F8D43083F00103DBB2002B1CD001984F
:10EA8400FFF78DFE0346002B16D0009B02221A725C
:10EA9400019B042283F83320019B30330021184664
:10EAA400FFF71BFE0390039B002B01D0039B07E0A1
:10EAB400019B06229A7002E0019B04229A700023B3
:10EAC400184605B05DF804FB82B001900B468DF842
:10EAD4000330019B9DF8032083F8242000BF02B07B
:10EAE400704730B587B001900091009B002B02D095
:10EAF400019B002B01D10E23FFE0019B01221A7020
:10EB0400019B0022DA70019A009B141D03F1780521
:10EB14000FCD0FC495E80F0084E80F00019B00227D
:10EB240083F82420009BD3F89820019BC3F8CC20C1
:10EB3400009BD3F89C20019BC3F8D020019B4FF687
:10EB4400FF72A3F8C820019B253307220021184631
:10EB540009F080FC019B30333C220021184609F067
:10EB640079FC009B1A78019B83F83020009B9A78EB
:10EB7400019B83F83220009BDA78019B83F83320D1
:10EB8400009B5A78019B83F83120019B009A403303
:10EB9400103292E8030083E80300019B009A3833A3
:10EBA400083292E8030083E80300019B009A48338B
:10EBB400183292E8030083E80300009B93F82D20A9
:10EBC400019B83F85D20009B5B6A002B2ED0019B88
:10EBD40003F16C02019B5A65019B03F17802019BCE
:10EBE4005A67009B5A6A019B5B6D12881A80009BCE
:10EBF4005A6A019B5B6D92889A80002305930EE00C
:10EC0400009B5B6A9A68059B13441978019A059BDB
:10EC1400134478330A461A70059B01330593019B0C
:10EC24005B6D9B881A46059B9342E9D3009B9B6AC4
:10EC3400002B3AD0019B03F1A402019BC3F8A0204E
:10EC4400019B03F19802019B9A65019B9B6D019ABC
:10EC5400A4329A60009B9A6A019B9B6D92889A8069
:10EC6400009B9A6A019B9B6D12881A80002304936F
:10EC74000EE0009B9B6A9A68049B13441978019ADE
:10EC8400049B1344A4330A461A70049B013304936F
:10EC9400019B9B6D9B881A46049B9342E9D3009B7E
:10ECA40093F82C20019B83F85C20009B1B6A002BAB
:10ECB40010D0019B03F1C402019B1A65009B1A6AE0
:10ECC400019B1B6D52885A80009B1A6A019B1B6D25
:10ECD40012881A80009B5B68002B03D0009B5A6843
:10ECE400019B5A63019B03F13002009B3C3319469C
:10ECF4001046FFF7F2FC0390039B184607B030BDA3
:10ED040000B589B001900B468DF80330019B1B7848
:10ED140083F00103DBB2002B01D00823D2E0019B76
:10ED24009DF80320DA70FFF7D1FD0346002B04D0D1
:10ED3400019B01225A700023C4E0019B2533072262
:10ED44000021184609F086FB019B9B79002B03D018
:10ED5400019BDB78012B0FD0019BDB79002B03D0C7
:10ED6400019BDB78012B07D0019BDB79002B16D0AC
:10ED7400019BDB78022B12D1019BD3F8CC30002B02
:10ED840009D0019B012283F82C20019BD3F8CC30BD
:10ED94000820984703E0019B002283F82C209DF86B
:10EDA400033019460198FFF799FD03461A46019B63
:10EDB400DA70019BD3F8CC30002B21D0019BDB7897
:10EDC400032B03D0019BDB78042B19D1019B5B79C6
:10EDD400002B15D0019B93F8D43083F00103DBB2F0
:10EDE400002B0DD0019B002283F8D620019B012229
:10EDF40083F8D520019BD3F8CC300720984703E053
:10EE0400019B002283F8D52003AB10220021184671
:10EE140009F020FB00238DF80C3000238DF814300A
:10EE2400019BDB78042B2DD801A252F823F000BFFC
:10EE340081EE020049EE020057EE020065EE020088
:10EE440073EE020003AB19460198FFF78BFD0790A0
:10EE540019E003AB19460198FFF79CFD079012E0F7
:10EE640003AB19460198FFF7B1FD07900BE003AB24
:10EE740019460198FFF7E9FD079004E0019B002281
:10EE84009A7000E000BF019BDB78002B0DD0019B42
:10EE940093F8242003AB11461846FFF778FC07903B
:10EEA400079B002B01D0079B0CE0019BD3F8CC30CF
:10EEB400002B06D0019BD3F8CC30019A92781046EF
:10EEC40098470023184609B05DF804FB00B585B0E7
:10EED40001900091009B0393019B1B881B2B10D076
:10EEE4001B2B13DC102B02D0112B05D00EE0019943
:10EEF4000398FFF78BFC0AE001990398FFF795FC50
:10EF040005E001990398FFF7BCFC00E000BF00BFD7
:10EF140005B05DF804FB00B585B001900091009B3D
:10EF24000393019B023B012B1BD8039B5B78002BB3
:10EF340019D0039B00225A70039BDB78194603986F
:10EF4400FFF7DEFE0290029B002B0CD0039BD3F84C
:10EF5400D030002B07D0039BD3F8D03002989847C9
:10EF640001E000BF00E000BF00BF05B05DF804FB96
:10EF740000B583B001900091019B93F82C3083F08D
:10EF84000103DBB2002B01D008230BE0019B00221C
:10EF940083F82C20019B253307220099184609F099
:10EFA40027FA0023184603B05DF804FB84B00390ED
:10EFB400029101920093039B93F8D53083F00103EF
:10EFC400DBB2002B01D0082313E0039B002283F85B
:10EFD400D520019B002B02D1049B002B01D00123DF
:10EFE40000E0002303F00103DAB2039B83F8D62088
:10EFF4000023184604B0704700B585B00190FFF7B0
:10F00400CAFB019B012283F8D420019B002283F8D0
:10F01400D620019B062283F83320019B3033002144
:10F024001846FFF75AFB0390039B002B01D0039B68
:10F0340014E0019BDB7819460198FFF761FE039009
:10F04400039B002B09D0019BD3F8D030002B04D0B4
:10F05400019BD3F8D030039898470023184605B095
:10F064005DF804FB75DF704700BF184676DF704714
:10F0740000BF18467ADF704700BF18467BDF704731
:10F0840000BF184684B00346ADF80630002303934E
:10F0940016E00F49039A13469B0013449B000B444C
:10F0A4001B88BDF806209A4207D1039A13469B0099
:10F0B40013449B00064A134406E0039B0133039365
:10F0C400039B002BE5D00023184604B0704700BF13
:10F0D400C02F002082B001900B46ADF80230019B96
:10F0E400BDF802201A80019B00221A72019B054977
:10F0F40003F10A020B4603CB1060516000BF02B05B
:10F10400704700BFF02F002082B00190019B4FF6A2
:10F11400FF721A8000BF02B0704788B0039002915A
:10F1240011461A460B46ADF806301346ADF80430C6
:10F13400039B9B881A46BDF8063013440793039B30
:10F144009B881946039B9B88BDF80620934228BFE1
:10F1540013469BB2CB1A0693039BDB881A46BDF871
:10F16400043013440593039BDB881946039BDB8817
:10F17400BDF80420934228BF13469BB2CB1A0493D4
:10F18400029B5A88039B1B889A4205D3029B5A8888
:10F19400039B5B889A4201D900231CE0029B9B8855
:10F1A4001A46069B934205D8029B9B881A46079BE6
:10F1B400934201D200230EE0029BDB881A46049B93
:10F1C400934205D8029BDB881A46059B934201D2E1
:10F1D400002300E00123184608B0704700B583B04F
:10F1E4000190064B9B69002B03D0044B9B6901984B
:10F1F400984700BF03B05DF804FB00BFD42F002084
:10F2040000B585B003460091ADF80630BDF8063070
:10F2140000991846FFF726FF0390039B002B05D0A7
:10F22400039B112B02D00398FFF7D8FF039B002BFD
:10F234000CBF01230023DBB2184605B05DF804FBC4
:10F2440000B589B00190019B0793079B9BB21846B8
:10F25400FFF718FF0690069B002B42D0069B1A7AF4
:10F26400224B1B7B9A4215D2079B9AB2069B0A3308
:10F2740019461046FFF7C4FF03468DF813309DF876
:10F284001330002B2DD0069B1B7A0133DAB2069B78
:10F294001A7226E0069B00221A72144B1B7C002B68
:10F2A4000FD0079B9BB23B211846FFF7DFFE05906A
:10F2B400059B002B05D0059B082B02D00598FFF772
:10F2C4008DFF0A4B5B69002B0BD000238DF80C30AB
:10F2D400079B9BB2ADF80E30044B5B6903AA104642
:10F2E400984700BF09B05DF804FB00BFD42F00208D
:10F2F40030B587B00190019B002B01D10E2353E060
:10F304002B4A019B14461D460FCD0FC495E80700F8
:10F3140084E80700264B274A1A60019B1B68002BD0
:10F3240011D0019B1B681846FFF7A4FE0490049BB0
:10F33400002B01D0049B37E0019B1A681D4B106819
:10F34400516803C308E01B48FFF798FE0490049B30
:10F35400002B01D0049B27E00023059320E0059AAD
:10F3640013469B0013449B00134A134403930398CE
:10F37400FFF7CAFE059B5B01104A1A44039B5A60BF
:10F38400039B04330E4A00211846F6F705FA04904D
:10F39400049B002B01D0032306E0059B0133059356
:10F3A400059B002BDBD00023184607B030BD00BFFF
:10F3B400D42F0020F02F0020C02F0020A02F0020E9
:10F3C40045F2020000B587B003460091ADF806305F
:10F3D400009B5B7A002B1AD1009B1B7A002B03D174
:10F3E400164B5B68059302E0144B9B680593009BE6
:10F3F4005B68BDF8062005991846F6F7FDF90490F8
:10F40400049B002B16D00498FFF7E8FE12E0009B43
:10F4140000221A72094B5B69002B0BD001238DF873
:10F424000C30BDF80630ADF80E30044B5B6903AA0E
:10F434001046984700BF07B05DF804FBD42F0020A6
:10F4440000B585B00190019BDB7B8DF80F30019BEB
:10F454009B88ADF80C309DF80F30012B2CD14FF662
:10F46400FF70FFF70FFE0290029B002B03D10420D4
:10F47400FFF7B4FE21E0BDF80C3019460298FFF7FF
:10F4840029FE029B03F10A00019B03F110014FF6D0
:10F49400FF7340F2F312FFF740FE03461A46029B45
:10F4A4005A72074BDB89002B07D1BDF80C30029947
:10F4B4001846FFF787FF00E000BF05B05DF804FBC6
:10F4C400D42F002000B587B00190019B9B88ADF834
:10F4D4001630BDF816301846FFF7D4FD0490049B8F
:10F4E400002B0ED0049B5B681846F6F7B7F903901F
:10F4F400039B002B02D00398FFF770FE0498FFF7DC
:10F5040003FE00BF07B05DF804FB000000B587B040
:10F514000190019B06330593059B1A88194BDB89DF
:10F524009A422BD1059B5B89022B27D1019B9B8897
:10F53400ADF81230BDF812301846FFF7A3FD039062
:10F54400039B002B1AD0059B0C33184600F097FA46
:10F554000346002B06D0BDF8123003991846FFF776
:10F5640031FF0BE0039B5B681846F6F777F90290CE
:10F57400029B002B02D00298FFF730FE00BF07B0B9
:10F584005DF804FBD42F002000B585B00190019BE9
:10F594009B88ADF80E30BDF80E301846FFF772FDAB
:10F5A4000290029B002B15D0029B03F10A00019BE1
:10F5B40003F108014FF6FF7340F2F312FFF7ADFDBC
:10F5C40003461A46029B5A72BDF80E300299184639
:10F5D400FFF7F8FE00BF05B05DF804FB00B583B08B
:10F5E40001900091019B1B88502B12D0502B18DCEA
:10F5F400122B12D0122B14DC102B02D0112B04D09E
:10F604000FE00198FFF71CFF0CE00198FFF75AFF89
:10F6140008E00198FFF77AFF04E00198FFF7B4FFD0
:10F6240000E000BF00BF03B05DF804FB00B585B087
:10F634000346ADF80630164B5B6CDB431846F9F70E
:10F6440087FD0346ADF80E30BDF80E304FF6FF725D
:10F65400934217D0BDF80E300D4A5B001344BDF839
:10F6640006209A80BDF8062001230A490A48F9F7C2
:10F6740091FDBDF80620012308490748F9F78AFDE2
:10F68400012300E00023184605B05DF804FB00BF29
:10F69400F82F002040300020FC2F00203C300020B8
:10F6A40000B585B00346ADF80E30BDF80E3000222B
:10F6B40000921D2203490448F9F787FD00BF05B0F5
:10F6C4005DF804FB3C300020FC2F002000B583B023
:10F6D4000346ADF80630BDF806200023034904486C
:10F6E400F9F758FD00BF03B05DF804FB403000207B
:10F6F400FC2F002000B5A5B0144B9B6CDA43134BD0
:10F704005B6C1A406B4612491846F9F7D0FD12ABF0
:10F7140069464422184608F06BFE002323930BE04D
:10F72400239B5B0090336B4433F8443C1846FFF74B
:10F73400B7FF239B01332393129B239A9A42EFD35F
:10F7440000BF00BF25B05DF804FB00BFF82F002008
:10F75400FC2F002082B003468DF80730074B1B684E
:10F764009DF80720012101FA02F21340002B14BF77
:10F7740001230023DBB2184602B07047F82F0020A3
:10F7840082B003468DF80730064B1B689DF80720AE
:10F79400012101FA02F21343024A136000BF02B0CE
:10F7A400704700BFF82F002000B585B0019000918C
:10F7B400019B1B881A2B30D01A2B4FDC102B02D044
:10F7C400112B24D04AE0FFF795FF019B9B88184634
:10F7D400FFF72CFF034683F00103DBB2002B05D0B7
:10F7E400204AE5210420F4F7A5FF37E0019BDB7BE9
:10F7F400022B0CBF012300238DF80F30019B9A8844
:10F804009DF80F3018491948F9F7C4FC26E0019B0C
:10F814009B881846FFF75AFF20E0019B9A88019BBA
:10F824001B7AC3F30313DBB2012B8CBF0123002328
:10F83400DBB20F490D48F9F7ADFC019B9A88019B97
:10F844001B7AC3F30313DBB2022B8CBF0123002307
:10F85400DBB208490548F9F79DFC00BF00BF05B0BD
:10F864005DF804FB2097030044300020FC2F0020A7
:10F87400483000204C30002000B585B00346ADF878
:10F88400063000238DF80F30124B5B6CBDF8062058
:10F8940019461148F9F7E2FC0346002B13D00D4B2F
:10F8A400DB6CBDF8062019460B48F9F7D7FC034674
:10F8B4008DF80E309DF80E30002B01D0022300E0AD
:10F8C40001238DF80F309DF80F30184605B05DF810
:10F8D40004FB00BFF82F0020FC2F002000B583B0EC
:10F8E4000346ADF80630064B1B6DBDF806201946DD
:10F8F4000448F9F7B3FC0346184603B05DF804FB6B
:10F90400F82F0020FC2F002000B583B00190054B98
:10F914005A6C019B04491846F9F7C9FC019803B0D5
:10F924005DF804FBF82F0020FC2F002000B583B005
:10F9340000238DF8073017E09DF807301846FFF7CD
:10F9440009FF034683F00103DBB2002B07D09DF8C7
:10F9540007301846FFF714FF9DF8073009E09DF8BB
:10F96400073001338DF807309DF80730172BE3D9A2
:10F974001823184603B05DF804FB000000B583B0FB
:10F9840003460A46ADF8063013468DF805309DF857
:10F9940005301846FFF7DEFE0346002B0ED09DF817
:10F9A4000530094A14339B0013449B68BDF80620B4
:10F9B40019460648F9F752FC034600E000231846AE
:10F9C40003B05DF804FB00BFF82F0020FC2F0020DB
:10F9D40000B583B00346ADF806300B468DF805300C
:10F9E40013468DF804309DF805301846FFF7B2FE33
:10F9F4000346002B0ED09DF8053014339B00074AB4
:10FA0400134403F108019DF80430BDF806200448AE
:10FA1400F9F7C0FB00BF03B05DF804FBF82F00202A
:10FA2400FC2F002000B583B003468DF807309DF805
:10FA340007301846FFF78EFE0346002B07D09DF8CB
:10FA44000730054A14339B0013449B6800E00023ED
:10FA5400184603B05DF804FBF82F002082B0019033
:10FA6400019B1B781AB2019B01331B781BB21B024A
:10FA74001BB213431BB29BB2184602B0704700B5C9
:10FA840085B001900198FFF7E9FF0346ADF80E3009
:10FA9400BDF80E3003F00103002B14BF0123002333
:10FAA400DBB2184605B05DF804FB000000B585B074
:10FAB4000190009100238DF80F309DF80F305A1CEF
:10FAC4008DF80F201A46019B1344009A12781A707D
:10FAD4009DF80F305A1C8DF80F201A46019B1344D1
:10FAE400009A52781A709DF80F30022B0CBF012334
:10FAF4000023DBB20293029B002B04D1054A472169
:10FB04000020F4F717FE9DF80F30184605B05DF895
:10FB140004FB00BF7497030000B583B0019000910B
:10FB2400009808F04EFC03469AB2019B1A80019B90
:10FB3400009A5A6000BF03B05DF804FB82B00190E4
:10FB4400019B002B14BF01230023DBB2184602B033
:10FB540070470000024B00221A7000BF704700BFBC
:10FB6400B030002000B585B00190019B5B88184639
:10FB740001F044F803461A46019B9A80002303933C
:10FB840008E0084A039B52F8233001989847039BE6
:10FB940001330393039B002BF3D000BF00BF05B0D8
:10FBA4005DF804FB4822002082B00190019B9B7900
:10FBB400012B0BD1019B1B79012B07D1019B5B8886
:10FBC40042F60212934201D1012300E0002303F024
:10FBD4000103DBB2184602B0704700B589B0034692
:10FBE4000091ADF8063003AB00221A605A609A60A7
:10FBF400DA601A6107238DF80C30BDF80630ADF8D1
:10FC04000E30009B059303AB1846FFF7ABFF00BF14
:10FC140009B05DF804FB000000B58BB00346ADF8F5
:10FC2400063000238DF8273003AB00221A605A6097
:10FC34009A60DA601A61BDF80630ADF80E30BDF88E
:10FC440006304FF6FF72934242D0BDF80630184694
:10FC540000F043FC0890089B43F2020293422CD02C
:10FC6400089B43F20202934220D8089B112B11D027
:10FC7400089B112B1AD8089B002B03D0089B0B2B35
:10FC84000CD013E00E238DF80C3003AB1846FFF7AD
:10FC940069FF13E001238DF827300FE00F238DF85F
:10FCA4000C3003AB1846FFF75DFF07E0BDF80630E4
:10FCB40008991846FFF791FF00E000BF064B19783A
:10FCC4009DF82720BDF806301846FFF781FE00E0B6
:10FCD40000BF0BB05DF804FBB330002000B583B067
:10FCE40003460A46ADF8063013468DF80530064B38
:10FCF40019789DF80520BDF806301846FFF768FE10
:10FD040000BF03B05DF804FBB230002000B58BB037
:10FD14000346ADF8063000238DF8273000238DF814
:10FD24002630BDF80630184600F064FB0890089BA6
:10FD340043F20202934233D0089B43F202029342FD
:10FD440027D8089B862B11D0089B862B21D8089B8B
:10FD5400002B03D0089B112B04D01AE001238DF84B
:10FD640026301EE001238DF827301AE003AB002271
:10FD74001A605A609A60DA601A6106238DF80C30B2
:10FD8400BDF80630ADF80E3003AB1846FFF7EAFEB7
:10FD940007E0BDF8063008991846FFF71EFF00E09B
:10FDA40000BF9DF82720BDF8063011461846FFF71E
:10FDB40095FF9DF8263018460BB05DF804FB000053
:10FDC40000B58BB00346ADF8063001238DF827301B
:10FDD40000238DF82630BDF80630184600F02AFCC2
:10FDE4000890089B43F2014293425AD0089B43F285
:10FDF400014293425BD8089B112B29D8089B112BF5
:10FE040055D801A252F823F061FE0200B3FE0200AD
:10FE1400B3FE0200B3FE0200B3FE0200B3FE020012
:10FE24008DFE0200B3FE02008DFE0200B3FE02004E
:10FE3400B3FE0200B3FE0200B3FE0200B3FE0200F2
:10FE4400B3FE0200B3FE0200B3FE0200C1FE0200D4
:10FE5400089B43F20202934232D028E003AB002213
:10FE64001A605A609A60DA601A6110238DF80C30B7
:10FE7400BDF80630ADF80E3001238DF8263003AB03
:10FE84001846FFF76FFE1CE000238DF82730BDF8FD
:10FE94000630184600F0B2FE0346184600F0FEFB9A
:10FEA4000FE0BDF806301846FFF7B6FE09E0BDF8CE
:10FEB400063008991846FFF790FE02E000BF00E004
:10FEC40000BF0B4B19789DF82720BDF80630184663
:10FED400FFF77EFD074B19789DF82620BDF8063004
:10FEE4001846FFF775FD00BF0BB05DF804FB00BFBB
:10FEF400B4300020B530002000B597B003468DF82B
:10FF040007309DF807301846FFF78CFD0346184666
:10FF1400FFF714FE0346002B61D003AB1846FFF72E
:10FF2400F3FC0023159354E0159B5B0058336B449A
:10FF340033F8483CADF852309DF80720BDF85230F4
:10FF440011461846FFF71AFD0346002B3ED0254BF9
:10FF54001B789DF807209A4205D1BDF85230184607
:10FF6400FFF75AFE32E0204B1B789DF807209A4297
:10FF740013D100211D4803F098FD0346002B25D022
:10FF8400BDF852301846FFF7C1FE0346002B25D1B9
:10FF94000021164803F0ACFD18E0154B1B789DF8C2
:10FFA40007209A4212D1134B1A78BDF852301146E9
:10FFB4001846FFF7E3FC034683F00103DBB2002B92
:10FFC40004D0BDF852301846FFF7FAFE159B0133F2
:10FFD4001593039B159A9A42A6D300E000BF17B06D
:10FFE4005DF804FBB3300020B2300020B1300020B3
:0CFFF400B4300020B530002008B5034BED
:020000023000CC
:100000001B781846FFF77AFF00BF08BDB330002009
:1000100008B5034B1B781846FFF770FF00BF08BDFB
:10002000B230002008B5034B1B781846FFF766FF77
:1000300000BF08BDB430002000B583B00190019B23
:100040001B78002B15D1019B5B881846FFF7E6FD56
:10005000019B5B88184600F0CBFA0346002B0AD0C0
:10006000019B5B88064A117801221846FFF7B2FC13
:1000700001E000BF00E000BF00BF03B05DF804FB7B
:10008000B430002000B589B00190019B1B78082B8B
:1000900054D1019B5B7A002B50D1019B1B7A082B1A
:1000A00042D0082B45DC012B16D0072B41D1019BF8
:1000B0009B88184600F048FE0346ADF81E30BDF898
:1000C0001E304FF6FF72934235D0BDF81E3001212D
:1000D0001846FFF705FE2EE0019B9B8803AA01212D
:1000E000184602F0BBFB0690069B002B25D1049B13
:1000F0001B78002B21D0019B9B88184600F024FE22
:100100000346ADF81630BDF816304FF6FF72934235
:1001100013D00D4B1978BDF8163001221846FFF7A1
:1001200059FCFFF77FFF08E00021084803F0E2FCDC
:1001300004E000BF02E000BF00E000BFFFF768FF7F
:1001400000BF09B05DF804FBB4300020B1300020DE
:1001500008B5FFF701FDFFF7EBFB03461A46184B06
:100160001A70FFF7E5FB03461A46164B1A70FFF7A5
:10017000DFFB03461A46144B1A70FFF7D9FB034600
:100180001A46124B1A700E4B1B78182B0BD00D4BC6
:100190001B78182B07D00C4B1B78182B03D00B4B5C
:1001A0001B78182B01D1032307E00121084803F035
:1001B00068FC084B01221A700023184608BD00BFD6
:1001C000B2300020B3300020B4300020B530002021
:1001D000B1300020B030002000B589B00190019B03
:1001E0009B88ADF81E30019B1B88542B0BD0542BE1
:1001F0004ADC502B37D0522B46D1BDF81E30184662
:10020000FFF70CFD40E002AB00221A605A609A60D2
:10021000DA601A6111238DF80830BDF81E30ADF890
:100220000A30BDF81E30184600F0EAFC0346ADF86F
:100230000C30BDF80C30184600F032FA164B197825
:10024000BDF81E3000221846FFF7C4FB134B197887
:10025000BDF81E3000221846FFF7BCFB02AB184663
:10026000FFF782FC10E0019B06331846FFF79EFC67
:100270000346002B07D0BDF81E3001211846FFF7BA
:100280002FFDFFF7C5FE00BFFFF7B8FEFFF7CAFE60
:1002900000BF09B05DF804FBB5300020B430002089
:1002A00000B593B000F094F96B461846FFF72EFBAB
:1002B0000023ADF8463021E0BDF846305B004833FE
:1002C0006B4433F8443C184600F09AFC03461A4647
:1002D0004FF6FF739A420CD1BDF846305B004833AD
:1002E0006B4433F8443C0B4A117801221846FFF75F
:1002F00071FBBDF846300133ADF84630BDF84620FD
:10030000009B9A42D8D3FFF78DFE00BF13B05DF873
:1003100004FB00BFB4300020A7DF704700BF1846C1
:10032000A9DF704700BF1846AADF704700BF184614
:10033000ABDF704700BF1846044B00221A70044B15
:100340004FF6FF721A8000BF704700BFB630002022
:10035000B830002000B585B0164A01AB92E8030022
:1003600083E80300144B1B8801A90022184602F001
:1003700064FC039010E0104B1B88184602F025FC2B
:1003800003461A460C4B1A800B4B1B8801A900220E
:10039000184602F052FC0390074B1B884FF6FF7281
:1003A000934202D0039B112BE5D100BF05B05DF84D
:1003B00004FB00BFC8970300B830002000B583B02D
:1003C0000190064B1B884FF6FF72934201D0FFF756
:1003D000C1FF00BF03B05DF804FB00BFB8300020D0
:1003E00008B5FFF7A9FF034B01221A700023184636
:1003F00008BD00BFB630002000B58BB00346ADF895
:100400000630BDF80630184600F0FAFB0346ADF89A
:100410001E30BDF81E304FF6FF72934202D143F2F8
:10042000020358E00123ADF8223000238DF821307B
:1004300000238DF82130BDF822305A1CADF822205F
:100440001A4603ABBDF81E00082102F01DFA099000
:10045000099B002B35D1049B0693069B03221A604F
:10046000069B991D069B1A1D069B1B68BDF806007E
:10047000FFF75AFF0990099B002B09D1BDF81E20F8
:10048000BDF81E300821184602F06CFB09901DE0F3
:10049000099B0C2B03D101238DF8213004E0099B2B
:1004A000052B01D100230993BDF81E300821184601
:1004B00002F0CCFA0590059B002B07D0032309938B
:1004C00004E0099B072B01D10C2309939DF82130EF
:1004D000002BADD1099B18460BB05DF804FB00B5AD
:1004E0008BB00346ADF80630BDF80630184600F074
:1004F00087FB0346ADF81430002308930023ADF8C2
:100500001E300323069301238DF81730BDF81430F5
:100510004FF6FF72934216D002AABDF8143008219C
:10052000184602F09BF90990099B002B0BD1039B05
:100530000493049B06330893049B9B88ADF81E30FC
:10054000049B1B680693BDF81E20BDF80600069BA1
:100550000899FFF7E5FE0990099B042B02D11123AE
:10056000099324E0099B082B02D1002309931EE084
:10057000099B0B2B1BD100238DF81730069B03F032
:100580000203002B02D00123069310E0089B002BEE
:1005900003D1BDF81E30002B07D0002308930023A1
:1005A000ADF81E300323069301E003230993099B52
:1005B0000B2BC8D09DF8173083F00103DBB2002B62
:1005C00001D00B230993099B18460BB05DF804FB7F
:1005D00008B54FF6FF7002F0F8FA03461A46034BCF
:1005E0001A80FFF7B7FE00BF08BD00BFB83000207B
:1005F00000B589B00346ADF806300DF1170304933A
:10060000BDF80630184600F0FBFA0346ADF81E3080
:1006100003AABDF81E300121184602F01FF906900A
:10062000069B002B01D0002301E0049B1B78184699
:1006300009B05DF804FB000000B585B00346ADF8D5
:1006400006304FF6FF73ADF80E301448FFF770FE1A
:100650000290029B002B01D003231AE00F4B198854
:10066000BDF80E20BDF806301846FFF755FE029083
:10067000029B43F20302934205D1084B1B880133CE
:100680009AB2064B1A80029B43F203029342E5D0D2
:10069000029B184605B05DF804FB00BFBA3000208D
:1006A00000B585B00346ADF80630084A02AB92E8C3
:1006B000030083E8030002A9BDF8063000221846B3
:1006C00002F0BBFA00BF05B05DF804FBD097030051
:1006D0006EDF704700BF18466FDF704700BF1846D7
:1006E00043DF704700BF184682B00D4B18221A70C6
:1006F000002301930DE00B49019A13465B0013445C
:100700009B000B4402334FF6FF721A80019B0133AA
:100710000193019B132BEED900BF00BF02B07047BD
:10072000B0310020C030002000B585B0019000231A
:10073000039308E0084A039B52F823300198984736
:10074000039B01330393039B012BF3D900BF00BF2D
:1007500005B05DF804FB00BFE097030000B583B06F
:10076000002301931AE01149019A13465B001344D8
:100770009B000B4402331B880D4A12781146184621
:10078000FFF7FEF8034683F00103DBB2002B02D033
:10079000019BDBB206E0019B01330193019B132B0C
:1007A000E1D9FF23184603B05DF804FBC0300020F8
:1007B000B031002000B585B00346ADF80630144BCB
:1007C0001A78BDF8063011461846FFF7D9F80346E7
:1007D000002B18D00023039312E00E49039A13460E
:1007E0005B0013449B000B4402331B88BDF80620BA
:1007F0009A4202D1039BDBB206E0039B01330393D1
:10080000039B132BE9D9FF23184605B05DF804FBC1
:10081000B0310020C030002000B585B00346009103
:10082000ADF80630FF238DF80F30009B002B49D028
:10083000BDF806304FF6FF72934243D0244B19782F
:10084000BDF8063001221846FFF7C4F8BDF806309F
:100850001846FFF7AFFF03468DF80F309DF80F30B5
:10086000FF2B04D1FFF77AFF03468DF80F309DF878
:100870000F30FF2B26D09DF80F20164913465B0042
:1008800013449B000B440233BDF806201A809DF8E8
:100890000F20104913465B0013449B000B444FF696
:1008A000FF721A809DF80F200A4913465B0013441B
:1008B0009B000B44009A0433106818609188927969
:1008C00099809A719DF80F30184605B05DF804FBC9
:1008D000B0310020C030002084B001900023039389
:1008E0000AE0019A039B13441B78002B01D00123DB
:1008F00006E0039B01330393039B0F2BF1D90023E5
:10090000184604B0704700B583B001900091019B78
:10091000002B02D0009B002B01D100231BE0019B88
:100920001B78C3F34603DAB2009B1B78C3F346037C
:10093000DBB29A4201D000230DE0019B581C009BC2
:1009400001330622194607F019FD0346002B0CBFA0
:1009500001230023DBB2184603B05DF804FB30B579
:1009600099B00190019B1B88102B40F08780019B60
:100970000AAC1D1D0FCD0FC40FCD0FC40FCD0FC47A
:100980002B6823604FF6FF73ADF85E309DF82C3076
:1009900023F00103DBB2062B47D001F071FA9DF87A
:1009A0002C30C3F34603DBB2012B02DC002B15DA3B
:1009B0003BE0022B2ED038E0089B03F111020AAB7A
:1009C000043311461846FFF79EFF0346002B05D05F
:1009D000BDF82630ADF85E3000BF26E007AA0DF165
:1009E00026031946072001F055FA0346002BE3D1F0
:1009F0001BE0089B5A1C0AAB04331146184600F052
:100A00007AFC0346002B05D0BDF82630ADF85E30E9
:100A100000BF09E007AA0DF126031946072001F0DF
:100A200039FA0346002BE4D100BFBDF828200AABF9
:100A3000043319461046FFF7EFFE03468DF85D308C
:100A4000BDF85E304FF6FF72934218D0BDF82830E3
:100A5000BDF85E201146184600F0E4F9BDF82830D4
:100A6000ADF80A30BDF85E30ADF80C3000238DF8DB
:100A7000083002AB1846FFF757FE00E000BF19B080
:100A800030BD00B587B001900091019B11330593F3
:100A9000009B11330493019B581C009B01331022CF
:100AA000194607F06BFC0346002B11D1019B013363
:100AB0001846FFF711FF0346002B09D0009B0133B6
:100AC0001846FFF709FF0346002B01D0012300E081
:100AD00000238DF80F309DF80F3003F001038DF8DF
:100AE0000F3004990598FFF70EFF03468DF80E307E
:100AF000059B1B7823F00103DBB2042B16D0059B6A
:100B00001B7823F00103DBB2062B0FD0049B1B786C
:100B100023F00103DBB2042B08D0049B1B7823F0E5
:100B20000103DBB2062B01D0012300E000238DF886
:100B30000D309DF80D3003F001038DF80D309DF858
:100B40000E30002B03D09DF80D30002B0AD19DF8FC
:100B50000F30002B08D09DF80D3083F00103DBB27D
:100B6000002B01D0012300E0002303F00103DBB2DE
:100B7000184607B05DF804FB00B587B001900B463E
:100B8000ADF8023001F07CF910E0BDF81630BDF888
:100B900002209A420AD0049B19460198FFF771FF80
:100BA0000346002B02D0BDF816300BE003AA0DF16E
:100BB00016031946072001F06DF90346002BE4D116
:100BC0004FF6FF73184607B05DF804FB08B5FFF752
:100BD0008BFDFEF7ADFE03461A46074B1A70064B17
:100BE0001B78182B01D1032303E0044B01221A7058
:100BF0000023184608BD00BFB0310020BC300020E3
:100C000000B585B00346ADF80630BDF8063018468D
:100C1000FFF7D0FD03468DF80F309DF80F30FF2B06
:100C200009D09DF80F20074913465B0013449B0031
:100C30000B441B8801E04FF6FF73184605B05DF8C2
:100C400004FB00BFC030002000B585B00346009112
:100C5000ADF80630BDF806301846FFF7ABFD034689
:100C60008DF80F309DF80F30FF2B12D09DF80F201C
:100C700000980A4913465B0013449B000B4402464C
:100C800004331868106099889B79918093710023D0
:100C900000E00523184605B05DF804FBC0300020D5
:100CA00000B583B001900091019800F077F80346F9
:100CB00083F00103DBB2002B01D0002315E0019B80
:100CC0001A88009B1B889A4201D000230DE0019BEB
:100CD000981C009B02330822194607F04FFB03467D
:100CE000002B0CBF01230023DBB2184603B05DF8D4
:100CF00004FB00B587B0019001F0C2F814E0049B3A
:100D0000463319460198FFF7CBFF0346002B08D165
:100D1000049B2A3319460198FFF7C2FF0346002BB4
:100D200002D0BDF816300BE003AA0DF116031946E8
:100D3000072001F0AFF80346002BE0D14FF6FF7318
:100D4000184607B05DF804FB84B00346ADF80630E2
:100D50000023039318E01049039A13465B001344E1
:100D60009B000B441B88BDF806209A4209D10A4912
:100D7000039A13465B0013449B000B4402331B8809
:100D800007E0039B01330393039B132BE3D94FF637
:100D9000FF73184604B07047C030002084B0019043
:100DA000019B1B88002B01D0012312E00023039339
:100DB0000BE0019A039B134402331B78002B01D0F4
:100DC000012306E0039B01330393039B072BF0D918
:100DD0000023184604B0704700B585B003460A46A4
:100DE000ADF806301346ADF80430BDF806301846AD
:100DF000FFF7E0FC03468DF80F309DF80F30FF2B16
:100E00000AD09DF80F20064913465B0013449B004F
:100E10000B44BDF804201A8000BF05B05DF804FB48
:100E2000C030002000B583B003460A46ADF8063056
:100E30001346ADF80430BDF80420BDF80630114665
:100E40001846FFF7C9FF00BF03B05DF804FB00B50B
:100E500085B00346ADF80630BDF806301846FFF7FA
:100E600073FF0346ADF80E30BDF80630184601F0AA
:100E7000A9FC0290BDF80E304FF6FF72934209D0E4
:100E8000029B002B06D1BDF80E304FF6FF711846BD
:100E9000FFF7A2FF029B184605B05DF804FB10B5F2
:100EA000A0B0039002910192009350230593002378
:100EB0008DF87F3000238DF87E30019B002B01D10F
:100EC000229B002B019B002B08D0009B002B05D000
:100ED00001238DF87F30009B00221A60229B002B9B
:100EE00008D0239B002B05D001238DF87E30239B57
:100EF00000221A6006AB08220021184607F0ACFA5F
:100F000008AB079300231E935DE008AB502200213D
:100F1000184607F0A1FA1E9B5B00039A1344188839
:100F200005AB06AA072100F049FF1D901D9B052B6C
:100F300002D01D9B072B01D1052349E09DF83130DC
:100F4000C3F34603DBB28DF873309DF87330002B8A
:100F500006D09DF87330012B02D043F2022337E014
:100F60009DF87F30002B13D01E9A1346DB009B1A8E
:100F7000019A13441A460DF13103196811609988DA
:100F80009B7991809371009B1B685A1C009B1A608F
:100F90009DF87E30002B13D01E9B1B01229A134418
:100FA0001A460DF121031C6858689968DB681460C3
:100FB00050609160D360239B1B685A1C239B1A606E
:100FC0001E9B01331E931E9A029B9A429DD30023BF
:100FD000184620B010BD30B5D5B054ABA3F5A673FC
:100FE000186054ABA3F5A873196054ABA3F5A673AE
:100FF0001B68002B05D054ABA3F5A8731B68002B0E
:1010000006D1002200210020FFF766FB034682E0A4
:101010003AAB4F9354ABA3F5A27350221A600CABBA
:10102000B8220021184607F017FA0023539310E066
:101030000CA9539A13465B001344DB009B1A194416
:1010400054ABA3F5A073539A43F82210539B01337A
:101050005393539B072BEBD90023529349E03AABB0
:1010600050220021184607F0F7F9529B5B0054AA62
:10107000A2F5A67212681344188803AB4EAA072182
:1010800000F09CFE5190519B052B02D0519B072BE9
:1010900001D105233FE09DF8F930C3F34603DBB2ED
:1010A0008DF843319DF84331002B06D09DF8433134
:1010B000012B02D043F202232DE00CA9529A1346D1
:1010C0005B001344DB009B1A0B441A460DF1E90345
:1010D00019685D689C68D868116055609460D0603C
:1010E00019691161998A9B7D91829375529B013395
:1010F000529354ABA3F5A873529A1B689A42AED38D
:1011000054ABA3F5A8731B68DAB204AB00211846F0
:10111000FFF7E2FA0346184655B030BD00B587B078
:101120000590049103920293059B002B01D1039B30
:10113000002B049B002B01D1029B002B049B002B56
:1011400006D0124B1B781A46049B1B689A4209D89A
:10115000029B002B08D00D4B1B781A46029B1B6884
:101160009A4201D904230CE0084B1B781946029BD4
:101170000193039B0093049B059A0548FFF78FFE9C
:101180000346184607B05DF804FB00BFB1310020EC
:10119000B431002000B59FB00390029110220021CD
:1011A0002A4807F059F9039B002B02D0029B002B21
:1011B00008D1274B00221A7000210020FFF788FA7F
:1011C00003463FE0029BDAB2214B1A70029B5B00A0
:1011D0001A4603991D4807F00DF900231B9305AB30
:1011E00038220021184607F037F91BAB05AA002169
:1011F00001910021009102990398FFF750FE1C9085
:101200001C9B002B01D01C9B1CE000231D930EE0B7
:1012100005A91D9A1346DB009B1ACA181D9B9B004B
:1012200078336B4443F82C2C1D9B01331D931D9B7D
:10123000072BEDD9029BDAB213AB11461846FFF724
:1012400047FA034618461FB05DF804FBB43100208E
:10125000B131002000B595B00390029101920023B6
:1012600013930DE0139BC3F10F03039A13441978F2
:1012700005AA139B13440A461A70139B0133139358
:10128000139B0F2BEED905AB10330D22002118460E
:1012900007F0E2F8002312930DE0029A129B1A4421
:1012A000129BC3F10F03127850336B4403F82C2CBC
:1012B000129B01331293129B022BEED905AB1846F9
:1012C000FFF70EFA002311930DE0119BC3F10F02FB
:1012D0000199119B0B4450326A4412F81C2C1A706D
:1012E000119B01331193119B022BEED900BF00BF5C
:1012F00015B05DF804FB00B587B001900091019B2B
:101300001B7823F00103DBB2042B01D000231FE084
:10131000019B5A1C05AB1188927819809A70019B29
:101320001A1D03AB1188927819809A70009B04AA49
:1013300003A91846FFF78EFF04A905AB0322184640
:1013400007F01CF80346002B0CBF01230023DBB27F
:10135000184607B05DF804FB90DF704700BF1846E1
:101360009EDF704700BF1846ADDF704700BF1846CC
:1013700082B00190019B17221A80019B17225A808C
:10138000019B00221A71019B00225A71019B1B22B2
:101390009A71019B1B22DA7100BF02B070470000F6
:1013A00000B587B003460091ADF80630BDF80630B1
:1013B000009ADB0013441B7BADF80C30BDF80630FF
:1013C000009ADB0013441B7BADF80E300023ADF810
:1013D00010300023ADF8123003A9BDF8063000220A
:1013E0001846FFF7B9FF0590059B002B0AD0074B65
:1013F0001B881B0443F00100BDF80620059B04492F
:10140000F2F71BFC00BF07B05DF804FBF8200020DA
:10141000F497030000B587B001900091009B9B8872
:10142000ADF81630BDF81630DB00019A13440633D0
:101430000493019B1A79049B9A71009BDB7B012B1F
:1014400002D0022B05D009E0019B1A88049B1A8068
:1014500004E0019B5A88049B1A8000BF049B1A88F1
:10146000049B5B889A4220D9049B1A88BDF81630E9
:1014700011461846FFF774FF0390039B002B03D11E
:10148000049B01225A7110E0039B112B03D1049B92
:1014900001221A7109E00D4B1B881B0443F0010364
:1014A000039A0B491846F2F7B7FB049B9A79049B01
:1014B000DB799A4205D9BDF8163001991846FFF735
:1014C0006FFF00BF07B05DF804FB00BFF8200020ED
:1014D0005498030000B583B001900091009B9B8855
:1014E000DB00019A134406331846FFF741FF00BFA3
:1014F00003B05DF804FB00B587B001900091009B3C
:101500009B88ADF81630009B5B89ADF81430BDF8B0
:101510001630DB00019A134406330493049B1B88A6
:10152000BDF81420934228BF13469AB2049B5A80F8
:10153000049B5B88172B38BF17239AB2049B5A80F1
:10154000019B1B69002B15D0049B5B79002B11D0EC
:1015500040F67723ADF80830BDF81630ADF80A3004
:10156000049B5B88ADF80C30019B1B6902AA1146F5
:1015700001989847049B00225A71049B00221A711B
:1015800000BF07B05DF804FB00B589B00190009181
:10159000009B9B88ADF81A30009BDB88ADF81830B3
:1015A000BDF81A30DB00019A134406330593BDF8E9
:1015B0001830172B38BF1723ADF81830059B1B8840
:1015C000BDF81820934228BF13469AB2059B5A8053
:1015D000059B00221A71059B1A88BDF81A30114626
:1015E0001846FFF7C1FE0790079B002B09D0144B4C
:1015F0001B881B0443F00103079A12491846F2F7AF
:101600000BFB059B5B79002B16D1019B1B69002B03
:1016100013D040F67723ADF80C30BDF81A30ADF892
:101620000E30059B5B88ADF81030019B1B6903AA47
:1016300011460198984700E000BF09B05DF804FB2F
:10164000F82000209898030030B593B001900091E5
:10165000009B04AC1D1D0FCD0FC40FCD0FC40FCDCB
:101660000FC42B682360BDF81030ADF84630BDF8CC
:101670001420BDF84630D1B2019ADB0013440A466B
:101680005A73019B1B69002B19D002AB00221A6010
:101690009A804DF67A23ADF80830BDF84630ADF8A3
:1016A0000A30BDF84630019ADB0013445B7B8DF8AD
:1016B0000C30019B1B6902AA11460198984700BF94
:1016C00013B030BD00B58BB001900091009B043386
:1016D0000793079B1B88DB00019A1344063306938C
:1016E000079B9B888DF81730069B9B799DF81720E8
:1016F000934228BF13468DF8273003AB00221A60AF
:101700005A609DF827309BB2ADF80C309DF8273019
:101710009BB2ADF80E30079B1B8803A90022184628
:10172000FFF71AFE0890089B002B09D0064B1B8878
:101730001B0443F00103089A04491846F2F76CFAB7
:1017400000BF0BB05DF804FBF8200020DC9803001C
:1017500000B585B001900091019B002B01D10E23B3
:101760001DE0019B009A1A61019B17221A80019BC0
:1017700017225A80019B1B221A71002303930AE04F
:10178000039BDB00019A134406331846FFF7F0FD74
:10179000039B01330393039B002BF1D000231846D6
:1017A00005B05DF804FB000000B587B00190009122
:1017B000009B0593019B9B88ADF81230BDF8123059
:1017C000002B40F09280019B1B88552B48D0552B55
:1017D00055DC242B32DC102B51DB103B142B4ED864
:1017E00001A252F823F000BF431803004D18030074
:1017F0007F1803007F1803007F1803007F18030081
:101800007F1803007F1803007F1803007F18030070
:101810007F1803007F1803007F1803007F18030060
:101820007F1803007F1803007F1803007F18030050
:101830007F180300751803006B1803003A2B0AD0B9
:101840001DE001990598FFF7E5FD19E0019905985C
:10185000FFF740FE14E001990598FFF74CFE0FE0FA
:1018600001990598FFF790FE0AE001990598FFF7A6
:10187000EBFE05E001990598FFF724FF00E000BFAB
:10188000BDF81230059ADB0013449B7A002B2DD053
:10189000BDF81230059ADB001344DA88BDF8123027
:1018A00011461846FFF75CFD0390039B002B0ED1F9
:1018B000BDF81230059ADB00134400229A72BDF87D
:1018C0001230059ADB0013440122DA720EE0039B0A
:1018D000112B0BD0074B1B881B0443F00103039A09
:1018E00005491846F2F798F900E000BF07B05DF827
:1018F00004FB00BFF82000205498030000B585B019
:101900000190019B4FF6FF725A800023039305E07C
:10191000064B01989847039B01330393039B002BCD
:10192000F6D000BF00BF05B05DF804FBBD26030084
:1019300082B00346ADF80630BDF80630A3F580430B
:101940009BB2184602B0704782B00346ADF806302D
:10195000BDF8063003F580439BB2184602B07047CD
:1019600082B003468DF807309DF807309BB2A3F58F
:1019700080439BB2184602B0704782B00346ADF870
:101980000630BDF80630DBB2184602B0704782B0B0
:101990000346ADF80630BDF80630B3F5404F07D327
:1019A000BDF806304FF6FF72934201D0012300E0EC
:1019B000002303F00103DBB2184602B0704782B087
:1019C0000346ADF80630BDF80630B3F5404F07D3F7
:1019D000BDF806304FF6FF72934201D0012300E0BC
:1019E000002303F00103DBB2184602B0704782B057
:1019F00003468DF807309DF80730072B13D09DF86C
:101A00000730012B0FD09DF80730082B0BD09DF825
:101A10000730052B07D09DF80730062B03D09DF823
:101A20000730042B01D1012300E0002303F0010360
:101A3000DBB2184602B0704700B589B0034600918A
:101A4000ADF8063003AB00221A605A609A60DA6083
:101A50001A6107238DF80C30BDF80630ADF8103050
:101A6000009B059303AB1846FFF748FF00BF09B082
:101A70005DF804FB00B589B001AB082200211846CF
:101A800006F0EAFC4FF6FF7001F044FA0346ADF8A9
:101A90001E300CE0BDF81E30184601F08DF9BDF87F
:101AA0001E30184601F036FA0346ADF81E30BDF878
:101AB0001E304FF6FF7293420ED0BDF81E3018460E
:101AC000FFF736FF0346184601AA03AB1946F5F7A0
:101AD00074FE03460A2BDDD01A4B1B7883F00103FA
:101AE000DBB2002B29D0BDF81E304FF6FF729342B7
:101AF00023D0144B01221A70BDF81E301846FFF790
:101B000017FF0346ADF81C30BDF81C301846F5F73A
:101B1000C3FD0690069B082B03D10B4B01221A70C4
:101B20000BE0069B002B08D0064B00221A70BDF874
:101B30001E3006991846FFF77FFF00BF09B05DF819
:101B400004FB00BFC6310020C531002000B587B0BE
:101B500003460092ADF806300B468DF805309DF82F
:101B600005301846FFF743FF02AB08220021184654
:101B700006F072FCBDF806301846FFF7D9FE0346A2
:101B8000ADF816309DF805301846FFF7E9FE03461C
:101B9000ADF8143002ABBDF81410BDF81600009A71
:101BA000F5F7E2FD0490049B002B01D0052300E033
:101BB0000023184607B05DF804FB00B589B06B46FA
:101BC00008220021184606F047FC0720FFF7C8FE50
:101BD0000346ADF81E3016E002AA04AB11461846C3
:101BE000F5F728FC029B9B881846FFF7ADFE0346DD
:101BF000ADF81C3004AB1846F5F758FCBDF81C30A6
:101C0000184601F0A1F86A4604A9BDF81E3018462E
:101C1000F5F7C0FD0346002BDED000BF00BF09B0C2
:101C20005DF804FB00B589B0019003AB00221A6097
:101C30005A609A60DA601A61019B9B891846FFF727
:101C400083FE0346ADF81030019B1B78052B6FD047
:101C5000052B79DC032B02DC002B03DC74E0042B66
:101C60003DD071E0019B9B891846FFF790FE03462B
:101C7000002B07D1019BDB891846FFF7A0FE034626
:101C8000002B63D0019BDB891846FFF776FE0346E5
:101C90008DF81430019B1B78032B0CBF012300230C
:101CA000DBB28DF81530019B9B680693019B5B6846
:101CB000002B09D108238DF80C309DF81C3043F01F
:101CC00001038DF81C3005E009238DF80C30019BD1
:101CD0005B68079303AB1846FFF710FE36E0019BE5
:101CE0009B891846FFF753FE0346002B30D0019B1B
:101CF000DB89002B2CD1019B5B68002B08D10A23C8
:101D00008DF80C30BDF81030184601F055F802E09F
:101D10000B238DF80C30154B00221A70144B002247
:101D20001A70FFF7A7FE03AB1846FFF7E7FD0FE0B9
:101D300013238DF80C304FF6FF73ADF8103003AB62
:101D40001846FFF7DBFD04E000BF02E000BF00E043
:101D500000BF064B1B78002B04D0044B00221A70E6
:101D6000FFF788FE00BF09B05DF804FBC531002015
:101D7000C631002000B583B00E48F5F75DFA01903A
:101D8000019B002B01D003230FE0F5F7C3FA01906C
:101D9000019B002B01D0862307E000F06DFFFFF7C9
:101DA0000CFF054B01221A700023184603B05DF8A2
:101DB00004FB00BF251C0300C431002000B58DB01A
:101DC000029201930346ADF80E300B468DF80D30AC
:101DD000BDF80E30FF2B01D907234DE09DF80D30E3
:101DE0001846FFF704FE034683F00103DBB2002B25
:101DF00001D0072340E007AA9DF80D10BDF80E3072
:101E00001846FFF7A3FE0B900B9B002B01D0052378
:101E100032E005AA07AB11461846F5F70BFB0B900D
:101E20000B9B002B01D0052326E0029B9DF80D2083
:101E30009A70059B5A88029B1A80019B002B03D144
:101E4000069A029B5A6012E0029B1B889B000A9331
:101E5000019B1B680A9A9A4207D8029B5B68069905
:101E60000A9A184606F0C6FA01E0042304E007AB1C
:101E70001846F5F71BFB002318460DB05DF804FB70
:101E800008B508220021024806F0E6FA00BF08BDA6
:101E9000C831002000B58DB00346029101928DF843
:101EA0000F309DF80F301846FFF7A1FD034683F071
:101EB0000103DBB2002B01D0012338E09DF80F3085
:101EC0001846FFF74DFD0346ADF82E3007A9BDF8C3
:101ED0002E30194A1846F5F75DFC0346002B01D059
:101EE000002324E005AA07AB11461846F5F7A2FA2D
:101EF0000A900A9B002B01D0002318E0019B9DF85B
:101F00000F209A70059B5A88019B1A80069A019BA4
:101F10005A60059B9B881846FFF716FD03461A4634
:101F2000029B1A8007AB1846F5F7C0FA0123184642
:101F30000DB05DF804FB00BFC831002000B585B0CE
:101F400001900091019B9B781846FFF750FD0346D6
:101F500083F00103DBB2002B01D007231AE0019BC1
:101F60001B8819460098F5F7E9FA0390039B092BA3
:101F70000BD0039B092B0CD8039B002B03D0039B96
:101F8000072B04D005E0002304E0092302E08623A8
:101F900000E00323184605B05DF804FB00B585B0EA
:101FA000019001AB1846F5F7F9FA0390039B002B5B
:101FB00001D0032300E00023184605B05DF804FBC0
:101FC00000B58DB00291019200930346ADF80E303A
:101FD000BDF80E30FF2B01D9072382E0029B9B78CE
:101FE0001846FFF704FD034683F00103DBB2002B24
:101FF00001D0072375E0BDF80E301846FFF798FCB6
:102000000346ADF82030029B9B781846FFF7A8FCEA
:102010000346ADF82230029B5B680993029B1B8844
:102020000A93029B997805AABDF80E301846FFF76F
:102030008DFD0B900B9B052B12D1019B002B07D123
:1020400008AA05AB11461846F5F7EEFA0B9015E015
:1020500001AA08A905AB1846F5F7F5FA0B900DE0B3
:10206000019B002B03D001AB1846F5F797FA08AA9D
:1020700005AB11461846F5F7FBFA0B900B9B0E2BA0
:102080002ED801A252F823F0C5200300E12003005E
:10209000E1200300E1200300E1200300E120030030
:1020A000E1200300DD200300D9200300E12003002C
:1020B000E1200300E1200300E1200300E120030010
:1020C000D9200300009B002B04D005AB00991846D3
:1020D000F5F786FB002304E0112302E0862300E0ED
:1020E000032318460DB05DF804FB00BF08B54FF69A
:1020F000FF7000F029FE0346184608BD00B583B006
:102100000346ADF80630BDF80630FF2B01D9072392
:1021100007E0BDF80630184600F028FEFFF7AAFCDD
:102120000023184603B05DF804FB00B583B00346F6
:10213000ADF80630BDF80630184600F057FE0346ED
:10214000184603B05DF804FB00B583B00346ADF854
:102150000630BDF80630184600F0A8FE03461846C3
:1021600003B05DF804FB00B583B00346ADF806305C
:10217000BDF80630184600F0CDFE0346184603B001
:102180005DF804FB82B00190019B4FF6FF721A804C
:10219000019BFF229A70019BFF225A73019A937B45
:1021A00023F002039373019A937B23F0010393734B
:1021B000019B00221A73019B00225A60019B00229E
:1021C0009A6000BF02B0704784B003460091ADF83A
:1021D0000630009B1B68039313E00D4A039B1B0111
:1021E00013441B88BDF806209A4207D1009B039A2E
:1021F0001A60039B1B01064A134406E0039B01334C
:102200000393039B012BE8D90023184604B07047C1
:10221000E431002000B585B003460A46ADF806302B
:1022200013468DF805300023029302AABDF806304C
:1022300011461846FFF7C8FF03900AE0029B0133DE
:10224000029302AABDF8063011461846FFF7BCFFFC
:102250000390039B002B17D0039B9B789DF80520D0
:102260009A42EBD1039B9B7B03F00203DBB2002B72
:10227000E4D1039B9B7B03F00103DBB2002BDDD198
:10228000039B9B68002BD9D1039B184605B05DF8D2
:1022900004FB000084B001900023039310E00C4A7B
:1022A000039B1B01134408331B68019A9A4204D113
:1022B000039B1B01064A134406E0039B013303936F
:1022C000039B012BEBDD0023184604B0704700BFD1
:1022D000E431002008B5FF214FF6FF70FFF79AFFA9
:1022E0000346184608BD000000B585B001900023E4
:1022F00003930CE0019B5A7B039BDBB21344DBB2DC
:102300001946094801F058FB039B01330393019BD5
:102310001B7B1A46039B9342ECD30198FFF732FFD5
:1023200000BF05B05DF804FBD431002000B583B0D8
:1023300001900B46ADF8023013468DF80130019B39
:10234000002B13D0FFF7C6FF0246019B1A60019BCA
:102350001B68002B0CD0019B1B68BDF802201A8063
:10236000019B1B689DF801209A7002E000BF00E00D
:1023700000BF03B05DF804FB00B585B001900023F9
:10238000039308E0084A039B52F8233001989847CA
:10239000039B01330393039B032BF3D900BF00BFBF
:1023A00005B05DF804FB00BF2499030000B583B0BD
:1023B0000023019309E0019B1B01084A13441846BE
:1023C000FFF7E0FE019B01330193019B012BF2D942
:1023D00000BF00BF03B05DF804FB00BFE431002084
:1023E00086B0039001921A460B468DF80B301346C7
:1023F000ADF80830BDF808301A46920013441B01AE
:10240000ADF81630039B9DF80B209A70039B019A40
:102410005A60BDF8163003339B109AB2039B1A80A2
:1024200000BF06B0704700B585B0039001920093DD
:102430000B468DF80B30009B9BB29DF80B10019A58
:102440000398FFF7CDFF00BF05B05DF804FB000067
:1024500082B00190019B9B78013B072B27D801A2FA
:1024600052F823F08D240300AF240300AF240300AF
:10247000AF240300AF240300952403008524030048
:102480009D240300019B14221A8011E0019B01226C
:102490001A800DE0019B01221A8009E0019B5B6814
:1024A0009B8809339B089AB2019B1A8000E000BF09
:1024B00000BF02B0704700BF00B587B00190002395
:1024C000059302AB00221A605A60019B9B788DF83D
:1024D0000A30019B5B7B19463D4801F03BFA0490B2
:1024E000049B002B01D103236DE0019B9978019B94
:1024F0001B7B02A8049AFFF796FF02AB1846FFF772
:10250000A7FF019B1888019B5A68019B083302A909
:10251000FFF756FD0590019B9B7B03F00203DBB2A6
:10252000002B0BD0019B9B7B03F00103DBB2002B44
:1025300004D0284B1B68013B264A1360059B862B61
:102540002CD0059B862B39D8059B112B14D0059BCD
:10255000112B33D8059B002B03D0059B072B30D0C4
:102560002CE0019A937B23F002039373019A937BEF
:1025700023F00103937325E0164B1B680133154AC2
:102580001360019A937B43F002039373019A937B48
:1025900023F0010393730023059313E00D4B1B6895
:1025A00001330C4A1360019A937B23F00203937367
:1025B000019A937B43F00103937303E00323059394
:1025C00000E000BF059B184607B05DF804FB00BFA4
:1025D000D43100200432002000B589B00190019868
:1025E000FFF76AFF0790079B002B19D04FF6FF7388
:1025F000ADF80A30019B1B88ADF80C30079B862B89
:1026000003D106238DF8083004E007238DF8083045
:10261000079B049302AB1846FFF7AEFE002300E0D1
:102620000123184609B05DF804FB000000B585B031
:1026300003468DF807301F4B1B68002B34D0002356
:1026400003932DE01C4A039B1B01134408339B7921
:10265000C3F34003DBB2002B0ED1174A039B1B01CF
:10266000134408339B79C3F30003DBB2002B14D06F
:102670009DF80730002B10D0039B1B010E4A13441A
:102680001846FFF7A9FF03468DF80B309DF80B3075
:1026900083F00103DBB2002B08D1039B01330393CA
:1026A000039B012BCED902E000BF00E000BF05B0C4
:1026B0005DF804FB04320020E431002000B585B051
:1026C000019001238DF80F3000238DF80E30019B0F
:1026D000DB681846FFF7DEFD0290019B1B78132B89
:1026E00029D0132B2BDC082B02D0092B0BD026E092
:1026F000019B5B7A002B24D1029B002B21D00298F6
:10270000FFF7F2FD1DE0019B5B7A002B1BD1029BC2
:10271000002B18D0144B1B680133134A1360029B23
:1027200000229A60029A937B43F002039373002382
:102730008DF80F3007E001238DF80E3004E000BF64
:1027400002E000BF00E000BF9DF80F30002B02D078
:102750000198FFF711FE9DF80E301846FFF766FF4F
:1027600000BF05B05DF804FB0432002000B587B05F
:10277000FFF71CFE502302930223019301230093D1
:10278000094BA02209490A4801F042F80590059B2F
:10279000002B01D0032303E0064B01221A70002313
:1027A000184607B05DF804FBA8320020083200206C
:1027B000D4310020D031002008B5FFF797FC034644
:1027C000184608BD00B587B00346ADF806300023B3
:1027D0000393002305930023029302AABDF8063059
:1027E00011461846FFF7F0FC04901BE0049B9A7812
:1027F000BDF806301146184600F028F90390039BF7
:10280000002B04D0039B052B01D003230593029BCF
:102810000133029302AABDF8063011461846FFF7AD
:10282000D3FC0490049B002BE0D1059B002B10D11E
:10283000BDF806301846FFF761FC0390039B002BA0
:1028400007D0039B072B02D10723059301E0032345
:102850000593059B184607B05DF804FB00B583B0EF
:1028600003460092ADF806300B468DF805309DF812
:102870000510BDF806000023009AFFF79FFA0346F3
:10288000184603B05DF804FB10B588B002920193BE
:102890000346ADF80E300B468DF80D30019B002B32
:1028A00001D10E23CCE09DF80D30072B05D09DF80B
:1028B0000D30082B01D00723C2E0029B002B0DD066
:1028C000029B022B0AD8BDF80E301846FFF72DFCEC
:1028D000034683F00103DBB2002B01D00723AFE0F6
:1028E00000238DF81F3000238DF81E309DF80D2039
:1028F000BDF80E3011461846FFF78CFC03460593D1
:10290000059B002B03D101238DF81E3045E0059B6C
:102910001B7B1A46029B934220D900238DF81D3061
:102920000EE0059B5A7B9DF81D301344DBB219461F
:10293000454801F041F89DF81D3001338DF81D30F8
:10294000059B1B7B9DF81D209A42EAD3059B1846E8
:10295000FFF718FC01238DF81E301EE0059B1B7B42
:102960001A46029B934218D2029B8DF81C300EE04F
:10297000059B5A7B9DF81C301344DBB21946324844
:1029800001F01AF89DF81C3001338DF81C30059BBE
:102990001B7B9DF81C209A42EAD39DF81E30002B29
:1029A0000CD09DF80D20BDF80E1005AB1846FFF7B2
:1029B000BDFC059B002B01D1112341E0059B5B7BF6
:1029C000FF2B13D1059C02991F4800F05EFF0346C0
:1029D0006373059B5B7BFF2B05D1059B1846FFF7B7
:1029E000D1FB11232CE001238DF81F30059B029AA7
:1029F000D2B21A73059B5B7B1946134800F0AAFFFD
:102A00000690069B002B01D1032319E0029B9BB289
:102A10009DF80D10069A0198FFF7E2FC9DF81F3013
:102A2000002B0CD09DF80D30082B08D1019B1B8882
:102A30009B009AB2019B5B68063A92B29A8000238F
:102A4000184608B010BD00BFD431002000B585B0D5
:102A500003460A46ADF8063013468DF805300023CC
:102A600003939DF80520BDF8063011461846FFF780
:102A7000D1FB0290029B002B01D1052312E0029BA7
:102A80005B68002B0AD0029B5B681846FFF786FA4A
:102A90000390039B002B01D0032303930298FFF7BD
:102AA00023FC039B184605B05DF804FB00B589B014
:102AB00003460A46ADF8063013468DF805309DF8FA
:102AC0000530072B05D09DF80530082B01D00723D2
:102AD00041E0002307939DF80520BDF8063011461C
:102AE0001846FFF797FB0690069B002B01D10523A4
:102AF00031E0069B5B68002B2CD1069B5B7B194663
:102B0000174800F027FF059003AB00221A605A60B7
:102B10009DF805308DF80E30059B002B01D1032365
:102B200019E0069B1B7B9DF8051003A8059AFFF78B
:102B30007AFC03AB1846FFF78BFC069B1A1D03AB10
:102B400011461846FFF7FAF90790079B092B01D1A8
:102B5000032300E0079B184609B05DF804FB00BFA3
:102B6000D431002000B585B00346ADF806300B46E1
:102B70008DF805301346ADF802309DF80530072B6F
:102B800005D09DF80530082B01D0072319E09DF8EA
:102B90000520BDF8063011461846FFF73BFB0390B1
:102BA000039B002B01D105230BE0039BBDF8022002
:102BB0001A80039B9DF805209A700398FFF77CFC10
:102BC0000346184605B05DF804FB00B583B0034624
:102BD000ADF80630BDF806301846FFF7B5FA0346E3
:102BE000184603B05DF804FB00B583B00346ADF8AA
:102BF0000630BDF806301846FFF7B5FA034618460A
:102C000003B05DF804FB00B585B003460092ADF853
:102C100006300B468DF80530009B1B889B00039304
:102C200003AB9DF80510BDF80600009AFFF7C6F843
:102C30000346184605B05DF804FB00B585B00346B1
:102C400002910192ADF80E30BDF80E00019B0022FA
:102C50000299FFF7B5F90346184605B05DF804FB85
:102C600000B583B0019040220021019805F0F4FBEB
:102C700000BF03B05DF804FB08B50748FFF7F0FF9D
:102C80004FF48071044800F0FCFE4FF4807103485B
:102C900000F0F7FE00BF08BDAC320020CC320020AF
:102CA00000B585B003460091ADF806304FF6FF73CE
:102CB000ADF80E30BDF806304FF6FF72934211D1D9
:102CC0004FF48071009800F05BFF0346ADF80E30C2
:102CD000BDF80E30B3F5807F1CD14FF6FF73ADF811
:102CE0000E3017E0BDF80630FF2B13D8BDF80630C4
:102CF0001946009800F0DBFE03468DF80D309DF874
:102D00000D30002B02D0BDF8063001E04FF6FF7306
:102D1000ADF80E30BDF80E30184605B05DF804FB76
:102D200000B583B003460091ADF80630BDF806301B
:102D3000FF2B05D8BDF806301946009800F0DAFEE2
:102D400000BF03B05DF804FB00B583B00346ADF8E7
:102D50000630BDF8063004491846FFF7A1FF0346C8
:102D6000184603B05DF804FBAC32002000B585B016
:102D70000346ADF80630BDF806304FF6FF729342B9
:102D800001D1002311E0BDF806300A491846FFF7CB
:102D900087FF0346ADF80E30BDF80E20BDF80630B3
:102DA0009A420CBF01230023DBB2184605B05DF840
:102DB00004FB00BFCC32002000B583B00346ADF861
:102DC0000630BDF8063007491846FFF7A9FFBDF8E1
:102DD000063005491846FFF7A3FF00BF03B05DF8B2
:102DE00004FB00BFAC320020CC32002000B583B021
:102DF0000346ADF80630BDF80630FF2B07D8BDF806
:102E000006301946044800F0F2FE034600E00023B5
:102E1000184603B05DF804FBAC32002000B583B067
:102E20000346ADF80630BDF80630FF2B07D8BDF8D5
:102E300006301946044800F0DAFE034600E000239D
:102E4000184603B05DF804FBCC32002000B585B015
:102E500003460091ADF80630BDF806304FF6FF721C
:102E6000934204D0BDF8063001339BB200E000234A
:102E7000ADF80E3010E0BDF80E301946009800F0A5
:102E8000B6FE0346002B02D0BDF80E300AE0BDF8B6
:102E90000E300133ADF80E30BDF80E30FF2BEAD9FD
:102EA0004FF6FF73184605B05DF804FB00B583B01C
:102EB0000346ADF80630BDF8063015491846FFF751
:102EC000C5FF0346ADF8063016E0BDF806301846DB
:102ED000FFF7A4FF034683F00103DBB2002B02D00F
:102EE000BDF8063010E0BDF8063009491846FFF776
:102EF000ADFF0346ADF80630BDF806304FF6FF7261
:102F00009342E2D1BDF80630184603B05DF804FBE9
:102F1000AC32002000B583B00346ADF80630BDF8F2
:102F2000063004491846FFF791FF0346184603B0E0
:102F30005DF804FBCC32002000B585B00190002381
:102F4000039308E0094A039B52F8233001989847FD
:102F5000039B01330393064B1B781A46039B934252
:102F6000F0DB00BF00BF05B05DF804FBFC320020C1
:102F70000833002000B583B0002300220B490C4821
:102F800000F0B0FB0190019B002B02D0019B052BB0
:102F900001D1012300E0002303F00103DAB2054B65
:102FA0001A7000BF03B05DF804FB00BFF4320020CC
:102FB000F8320020ED32002000B58FB001900123DF
:102FC0008DF83730019B9B881846FDF7BDFE034600
:102FD0001A46019B5A80019B1B78083B032B00F289
:102FE000D58001A252F823F0F92F030085300300A9
:102FF000BB30030041310300019B5B7A002B28D1D9
:103000006C4B1B68002B10D0019BDA68694B1B6866
:103010009A420AD1674B00221A60019B9A88664B3C
:103020001A80019B0022DA60B2E0644B1B78002B0F
:1030300000F0AE80019B9A885F4B1B889A4240F05B
:10304000A780019B1B7A062B40F0A280FFF792FF1E
:103050009EE0019B5B7A012B40F09A80574B1B78D6
:10306000002B00F09580019B9A88534B1B889A4255
:1030700040F08E80019B1B7A062B40F08980FFF781
:1030800079FF85E0019B5B7A002B40F08380494B00
:103090001B68002B7ED0019BDA68464B1B689A4266
:1030A00078D1444B00221A60454B1B68013B444ACF
:1030B0001360019B0022DA606CE0424B1B78002B0E
:1030C00031D04FF6FF70FFF780FD03461A464FF6EA
:1030D000FF739A4227D14FF6FF70FFF785FD034635
:1030E0001A464FF6FF739A421DD1364B00221A70D2
:1030F00008AB14220021184605F0AEF90C238DF818
:1031000020304FF6FF73ADF824304FF6FF73ADF863
:10311000223000238DF837300198FFF70DFF08AB00
:103120001846FFF709FF254B1B78002B34D0019B75
:103130009A88214B1B889A422ED1FFF71BFF2BE068
:10314000204B1B78002B29D01E4B00221A7003AB9A
:1031500014220021184605F07FF90D238DF80C305C
:103160004FF6FF73ADF810304FF6FF73ADF80E3029
:10317000019B9B68059300238DF837300198FFF77A
:10318000DBFE03AB1846FFF7D7FE07E000BF06E003
:1031900000BF04E000BF02E000BF00E000BF9DF8F8
:1031A0003730002B02D00198FFF7C6FE00BF0FB0EA
:1031B0005DF804FBF0320020F8320020ED320020F0
:1031C000F4320020EE32002000B585B00190019B62
:1031D000002B19D0019B1B78022B11D1019B1B7A6C
:1031E000012B0CBF012300238DF80F30019B5B885E
:1031F000074A11789DF80F201846FCF7EBFB00E01A
:1032000000BF0198FFF798FE05B05DF804FB00BF12
:103210000933002000B583B001900198FFF78CFEC0
:1032200000BF03B05DF804FB00B583B00190019BC3
:103230001B78002B08D1019B5B88074A117801227B
:103240001846FCF7C7FB00E000BF0198FFF774FECB
:1032500000BF03B05DF804FB0933002000B583B064
:1032600001900091094B1B7883F00103DBB2002B26
:1032700008D10198FDF773FB019801F01FFF019839
:10328000FCF7AAFF03B05DF804FB00BFEC3200209E
:10329000054B4FF6FF721A80044B00221A60044B54
:1032A00018221A7000BF7047F8320020F032002058
:1032B0000933002000B583B0FEF75CFD0190019B4F
:1032C000002B01D0032344E0FFF750FA0190019B4B
:1032D000002B01D003233CE001F0C2FE0190019BD2
:1032E000002B01D0032334E001F05AF90190019B37
:1032F000002B01D003232CE0FCF72AFF0190019B57
:10330000002B01D0032324E0FDF76AF80190019B14
:10331000002B01D003231CE0FDF758FC0190019B1A
:10332000002B01D0032314E0FFF7B2FFFCF700FBF2
:1033300003461A46094B1A70084B1B78182B01D10B
:10334000032306E0064B00221A70064B01221A7076
:103350000023184603B05DF804FB00BF09330020CA
:10336000ED320020EC32002082B001900F4B1B7830
:1033700083F00103DBB2002B01D0082313E00C4BD8
:103380001B78022B01D904230DE0094B1B78194649
:10339000084A019B42F82130054B1B780133DAB211
:1033A000034B1A700023184602B07047EC3200201D
:1033B00008330020FC32002000B585B00190094B95
:1033C0001B7883F00103DBB2002B01D0082304E05B
:1033D000019801F03FFF0390039B184605B05DF88C
:1033E00004FB00BFEC32002000B583B0034600911F
:1033F000ADF80630009B002B05D0BDF806300099D3
:10340000184601F055FF00BF03B05DF804FB000053
:1034100008B5054B1B7883F00103DBB2002B01D10B
:10342000FCF73EFF08BD00BFEC32002000B583B0C2
:1034300001900091084B1B7883F00103DBB2002B55
:1034400001D0082304E000990198FDF7A3FE03468C
:10345000184603B05DF804FBEC32002000B585B0DF
:103460000390029101920093134B1B7883F00103A8
:10347000DBB2002B01D008231AE0039B002B02D102
:10348000019B002B0BD0039B002B02D0029B002B37
:1034900005D0019B002B04D0009B002B01D10E23F3
:1034A00006E0009B019A02990398FDF737FE034658
:1034B000184605B05DF804FBEC32002000B583B07F
:1034C00001900091084B1B7883F00103DBB2002BC5
:1034D00001D0082304E000990198FDF77CFD034624
:1034E000184603B05DF804FBEC32002000B583B051
:1034F0000346ADF806300A4B1B7883F00103DBB2BC
:10350000002B02D04FF6FF7305E0BDF806301846D9
:10351000FFF75BFB0346184603B05DF804FB00BFF2
:10352000EC32002000B589B0029201930346ADF859
:103530000E300B468DF80D30264B1B7883F00103BF
:10354000DBB2002B01D0082340E0029B002B01D10D
:103550000E233BE0019B002B01D10E2336E0019BA3
:103560001B88DA1C019B1B88013B594203F00303B3
:1035700001F0030158BF4B42D31A019A12889342BB
:1035800001D0072322E005AB08220021184604F0F1
:1035900063FF019B1B8803339B109BB2ADF8143073
:1035A0009DF80D308DF81630029B069305AA9DF804
:1035B0000D10BDF80E301846FFF725FB0790BDF83B
:1035C00014309B009AB2019B1A80079B184609B0E1
:1035D0005DF804FBEC32002000B585B00346009195
:1035E000ADF806305023ADF80E300DF10E03BDF8E6
:1035F0000600009A0721FFF795FF0346184605B01D
:103600005DF804FB00B583B00346ADF80630094B06
:103610001B7883F00103DBB2002B01D0082305E007
:10362000BDF806301846FDF712FC0346184603B0F5
:103630005DF804FBEC32002000B589B0274B1B7805
:1036400083F00103DBB2002B01D0082342E0244BBE
:1036500001221A704FF6FF70FFF7B7FA0346ADF874
:103660001E30BDF81E304FF6FF7293422BD11C4B1B
:1036700000221A7001AB14220021184604F0ECFE5F
:103680000C238DF804304FF6FF73ADF808304FF679
:10369000FF73ADF8063001AB1846FFF74DFC12E0A2
:1036A000BDF81E301846FFF7ADFF0690069B002BB5
:1036B00001D003230EE0BDF81E301846FFF785FA4F
:1036C0000346ADF81E30BDF81E304FF6FF72934230
:1036D000E6D10023184609B05DF804FBEC32002067
:1036E000EE32002000B58DB003900291019200935C
:1036F000464B1B7883F00103DBB2002B01D008237B
:1037000080E04FF6FF70FFF760FA0346ADF82E3009
:103710000023069304AB00221A605A600123ADF81F
:10372000103006AB059304AABDF82E3006211846CA
:10373000FFF769FA0A90002309934FF0FF330893CB
:103740004FF6FF73ADF81E304FF6FF73ADF81C3027
:103750000A9B072B2AD1052354E00A9B052B01D194
:1037600000230693069B099A9A4205D8069B099363
:10377000BDF82E30ADF81E30069B089A9A4205D946
:10378000069B0893BDF82E30ADF81C30BDF82E30E6
:103790001846FFF71AFA0346ADF82E3004AABDF812
:1037A0002E3006211846FFF72EFA0A900A9B002BAE
:1037B000D3D00A9B052BD0D0BDF82E304FF6FF7228
:1037C00093421CD100230A93039B002B03D0039B3D
:1037D000BDF81E201A80029B002B02D0029B099A82
:1037E0001A60019B002B03D0019BBDF81C201A809E
:1037F000009B002B05D0009B089A1A6001E0032370
:103800000A930A9B18460DB05DF804FBEC320020C9
:1038100000B585B00390029101920093039B002BA9
:103820002ED0029B002B2BD0009B002B28D0079B77
:10383000089A02FB03F3019A9A4221D3079B0733AC
:10384000DB08069A9A421BD3079B002B18D0089BD3
:10385000002B15D0039B029A1A60039B009A5A60B2
:10386000039B079A9A60039B089ADA60039B5B6844
:10387000079A92B21146184600F003F9002300E0BF
:103880000723184605B05DF804FB00B585B001902C
:103890000091019B002B07D0019B1B68002B03D0DC
:1038A000019B5B68002B01D1FF234FE0FF238DF8C4
:1038B0000F3000238DF80E3041E0019B5B689DF8CE
:1038C0000E2092B21146184600F0F1F80346002B84
:1038D00013D09DF80F30FF2B03D19DF80E308DF8DB
:1038E0000F309DF80E209DF80F30D31A5A1C009B04
:1038F0009A421FD19DF80F3028E09DF80F30FF2B22
:1039000018D09DF80F308DF80D300AE09DF80D307D
:103910001946019800F050F89DF80D3001338DF8EC
:103920000D309DF80D209DF80E309A42EED3FF2306
:103930008DF80F309DF80E3001338DF80E309DF864
:103940000E20019B9B689A42B7D3FF23184605B00F
:103950005DF804FB00B583B001900B468DF8033091
:10396000019B002B07D0019B1B68002B03D0019B00
:103970005B68002B01D100231AE09DF80330FF2B78
:1039800015D0019B5B689DF8032092B21146184642
:1039900000F02DF90346002B09D0019B1A689DF811
:1039A00003300199C96801FB03F3134400E00023CD
:1039B000184603B05DF804FB00B583B001900B46D8
:1039C0008DF80330019B002B20D0019B1B68002B3E
:1039D0001CD0019B5B68002B18D09DF80330FF2B97
:1039E00014D0019B5B689DF8032092B211461846E3
:1039F00000F0FDF80346002B08D0019B5B689DF8A2
:103A0000032092B21146184600F074F800BF03B0CC
:103A10005DF804FB00B585B001900B468DF80330CE
:103A200000238DF80F30019B1A789DF80330134066
:103A3000DBB2002B1FD100238DF80E300DF10E03E9
:103A40001846F1F7A3FF019B1A789DF80330134045
:103A5000DBB2002B0AD1019B1A789DF80330134387
:103A6000DAB2019B1A7001238DF80F309DF80E30E9
:103A70001846F1F7A1FF9DF80F30184605B05DF824
:103A800004FB00B583B001900B46ADF80230019BFA
:103A9000002B08D0BDF802300733DB101A46002196
:103AA000019804F0D9FC00BF03B05DF804FB00B539
:103AB00083B001900B46ADF80230019B002B14D06F
:103AC000BDF80230DB089BB21A46019B1A44BDF8D0
:103AD000023003F00703012101FA03F3DBB21946B8
:103AE0001046FFF797FF034600E00023184603B097
:103AF0005DF804FB00B585B001900B46ADF80230CF
:103B0000BDF80230DB089BB28DF80F30BDF80230F3
:103B100003F00703012202FA03F38DF80E30019B34
:103B2000002B29D09DF80F30019A13441A789DF884
:103B30000E301340DBB2002B1ED000238DF80D3069
:103B40000DF10D031846F1F721FF9DF80F30019A92
:103B500013441B785AB29DF90E30DB435BB213401D
:103B600059B29DF80F30019A1344CAB21A709DF8E9
:103B70000D301846F1F720FF00BF05B05DF804FBDB
:103B800000B585B001900B46ADF80230019B002BCB
:103B900027D00023ADF80E301DE0BDF80E30DB0855
:103BA0009BB21A46019B1A44BDF80E3003F007037E
:103BB000012101FA03F3DBB219461046FFF72AFF91
:103BC0000346002B02D0BDF80E300CE0BDF80E30DD
:103BD0000133ADF80E30BDF80E20BDF802309A4228
:103BE000DBD3BDF80230184605B05DF804FB82B0A7
:103BF00001900B46ADF80230019B002B16D0BDF8AA
:103C00000230DB089BB21A46019B13441B7819460D
:103C1000BDF8023003F00703012202FA03F30B4060
:103C2000002B14BF01230023DBB200E00123184660
:103C300002B070477EDF704700BF18467FDF7047D5
:103C400000BF184686DF704700BF184600B583B036
:103C50000346ADF80630064B1A78BDF8063011461B
:103C60001846FBF78DFE0346184603B05DF804FBCB
:103C70004C22002000B583B00346ADF80630064B59
:103C80001A78BDF8063011461846FBF779FE034650
:103C9000184603B05DF804FB4D22002000B583B048
:103CA0000346ADF80630064B1A78BDF806301146CB
:103CB0001846FBF765FE0346184603B05DF804FBA3
:103CC0004E22002000B583B00346ADF80630064B07
:103CD0001A78BDF8063011461846FBF751FE034628
:103CE000184603B05DF804FB4F22002000B583B0F6
:103CF0000346ADF80630064B1A78BDF8063011467B
:103D00001846FBF73DFE0346184603B05DF804FB7A
:103D10005022002000B585B00190019B5B881846B9
:103D2000FCF76EFF03461A46019B9A80002303931B
:103D300005E0074B01989847039B01330393039BCE
:103D4000002BF6D000BF00BF05B05DF804FB00BF3C
:103D5000614E030000B589B003460A46ADF806304F
:103D600013468DF8053003AB00221A605A609A6042
:103D7000DA601A6101238DF80C30BDF80630ADF819
:103D80000E309DF805308DF8143003AB1846FFF760
:103D9000C1FF00BF09B05DF804FB00B589B0034660
:103DA0000091ADF8063003AB00221A605A609A60A9
:103DB000DA601A6107238DF80C30BDF80630ADF8D3
:103DC0000E30009B059303AB1846FFF7A3FF00BF1F
:103DD00009B05DF804FB000010B588B00446084641
:103DE00011461A462346ADF8063003468DF80530D5
:103DF0000B46ADF8023013468DF8043003AB0022B9
:103E00001A605A609A60DA601A6103238DF80C30E8
:103E1000BDF80630ADF80E309DF805308DF8143041
:103E2000BDF80230ADF816309DF804308DF818302A
:103E3000074B1978BDF8063000221846FBF7CAFD7B
:103E400003AB1846FFF766FF00BF08B010BD00BF08
:103E50004C22002000B585B00346ADF806300B4675
:103E6000ADF8043013468DF8033000230393BDF8FA
:103E700006301846FCF7C4FE0346ADF80A30BDF81C
:103E800006301846FFF70AFF0346002B01D0012336
:103E900000E002238DF80930BDF806301846FFF720
:103EA00011FF0346002B06D0BDF80A301846FCF778
:103EB000CEFF039018E0BDF80A304FF6FF72934230
:103EC00012D0BDF80A3007211846FEF7BFFD039057
:103ED000039B002B08D0039B052B05D0BDF80630B3
:103EE00003991846FFF759FF9DF80330BDF80420E9
:103EF0009DF80910BDF80600FFF76EFF00BF05B082
:103F00005DF804FB00B583B00346ADF806300B4600
:103F1000ADF8043013468DF803309DF80330BDF83A
:103F20000420BDF806000021FFF756FF00BF03B0D4
:103F30005DF804FB00B583B00346ADF806300B46D0
:103F4000ADF8043013468DF80330BDF8063018463E
:103F5000FFF77CFE0346002B1AD0BDF8063018464A
:103F6000FFF788FE0346002B09D09DF80320BDF81B
:103F70000410BDF806301846FFF76CFF08E09DF806
:103F80000320BDF80410BDF806301846FFF7BAFF4D
:103F900000BF03B05DF804FB00B583B00346ADF885
:103FA00006300B468DF8053013468DF804301E4B55
:103FB00019789DF80520BDF806301846FBF70AFD74
:103FC0009DF80530002B2BD0184B19789DF8043044
:103FD000002B14BF01230023DAB2BDF806301846C7
:103FE000FBF7F8FC124B19789DF80430012B0CBF3D
:103FF00001230023DAB2BDF806301846FBF7EAFCCD
:104000000C4B1978BDF8063000221846FBF7E2FC8D
:104010009DF80420BDF8063011461846FFF79AFEB9
:1040200000BF03B05DF804FB4C2200204D220020AD
:104030004E2200204F22002010B584B004460846CE
:1040400011461A462346ADF806300346ADF8043053
:104050000B468DF8033013468DF802309DF803307F
:10406000002B14D09DF80230002B1AD00E4B19787B
:10407000BDF8063001221846FBF7ACFCBDF8042061
:10408000BDF8063011461846FCF7CCFE09E09DF855
:104090000230002B05D0BDF804301846FCF7D7FEDF
:1040A000039000BF04B010BD4F22002000B589B0BE
:1040B000019000230793019B0C331846FCF719FE6F
:1040C0000346ADF81A30BDF81A304FF6FF7293422E
:1040D00008D1019B1B881846FCF792FD0346ADF8FA
:1040E0001A3007E0019B1B88BDF81A2011461846BC
:1040F000FCF798FE019B1B88002201211846FFF760
:104100004BFFBDF81A304FF6FF72934222D002AA3D
:10411000BDF81A3007211846FEF7A0FB0590059B55
:10412000002B17D1039B34330493049B1B7C03F0B7
:104130000103DBB2002B0BD1049B03F11202019BA4
:104140000C3319461046FCF7ABFD0346002B01D09B
:10415000049B0793019B1888002300220799FFF70F
:1041600071FD0590059B002B0ED0019B1888BDF8B2
:104170001A1000230022FFF75FFF019B1B8805999F
:104180001846FFF70AFE13E0079B002B10D1019B96
:104190001888BDF81A1000230022FFF74DFF019B7D
:1041A0001B88002241F206011846FFF7ABFE00BF54
:1041B00000BF09B05DF804FB00B589B00346ADF857
:1041C000063003AB14220021184604F045F90423FD
:1041D0008DF80C30BDF80630ADF80E3003AB184644
:1041E000FFF798FD00BF09B05DF804FB00B583B090
:1041F00003460091ADF80630064B1978009B1A78FB
:10420000BDF806301846FBF7E5FB00BF03B05DF8CC
:1042100004FB00BF5022002000B585B00190019B37
:104220001B793D2B02D141F23D0301E04FF488534D
:10423000ADF80E30019B1B88BDF80E100022184609
:10424000FFF778FE00BF05B05DF804FB00B589B04C
:1042500003460091ADF8063003AB00221A605A60A5
:104260009A60DA601A6105238DF80C30BDF80630CB
:10427000ADF80E30009B059303AB1846FFF74AFDDF
:1042800000BF09B05DF804FB00B583B00190019B4D
:104290001B881846FBF7F2FA0346012B0FD1019B4E
:1042A0001888019B1B7903F00103DBB2002B01D0BE
:1042B000012300E002231A460121FFF76DFE019B56
:1042C0001A88019B043319461046FFF7BFFF00BF51
:1042D00003B05DF804FB000000B591B0019000232D
:1042E0000D93019B1B88ADF83230BDF83230184673
:1042F000FBF7C4FA03468DF83130BDF8323018466A
:10430000FCF77EFC0346ADF82E30BDF82E30ADF83C
:104310003E3000238DF83D30624B1978BDF83230C5
:1043200000221846FBF756FB9DF83130002B00F0B9
:10433000B580019B5B7903F00403DBB2002B00F036
:1043400083804FF6FF73ADF83A3001238DF83D308E
:1043500007ABBDF82E0001220721FEF795FA0D905C
:104360000D9B002B09D0BDF832300D991846FFF790
:1043700014FD00238DF83D3008E0089B4FF6FF71D7
:104380001846FCF7F9FB0346ADF83A30BDF83A3071
:104390004FF6FF72934229D0BDF83A30ADF83E3067
:1043A000BDF83E20BDF8323011461846FCF73AFD04
:1043B000BDF832301846FFF799FC034683F001033D
:1043C000DBB2002B12D0BDF832301846FFF7F4FEF6
:1043D000BDF832301846FFF789FC034683F001032D
:1043E000DBB2002B02D000238DF83D309DF83D302C
:1043F000002B14D0BDF83E20BDF82E300721184602
:10440000FEF7B0FB0D900D9B002B08D0BDF83230AD
:104410000D991846FFF7C1FC00238DF83D30BDF81B
:104420003A304FF6FF7293421CD0BDF83230184636
:10443000FFF748FC0346002B14D0BDF82E30184679
:10444000FCF705FD09900DE0BDF832301846FFF786
:1044500039FC0346002B05D0BDF82E301846FCF77A
:10446000F6FC0A9002238DF80830BDF83230ADF822
:104470000A30019B5B7903F00403DBB2002B01D00F
:10448000012300E002238DF810309DF83D308DF8B7
:10449000113002AB1846FFF73DFC00E000BF11B041
:1044A0005DF804FB4C22002000B583B00190019B15
:1044B0001888019B1B791946019B5B79C3F30103A3
:1044C000DBB21A46FFF736FD00BF03B05DF804FB10
:1044D00000B583B00190019B1B79002B03D101989B
:1044E000FFF7FAFE03E00198FFF7DEFF00BF00BF11
:1044F00003B05DF804FB000000B589B00190019B9A
:104500001B881846FFF7B6FB034683F00103DBB2B6
:10451000002B2CD0019B1B881846FBF7E1F90346C2
:1045200083F00103DBB2002B08D0019B1B88012222
:1045300041F206011846FFF7E5FC18E0019B1B88D5
:104540000D4A117800221846FBF744FA02238DF831
:104550000C30019B1B88ADF80E3000238DF8143011
:1045600000238DF8153003AB1846FFF7D3FB00BFCF
:1045700009B05DF804FB00BF4C22002000B583B0F9
:104580000190019B1B78182B05D1FBF7D1F903464D
:104590001A46019B1A7000BF03B05DF804FB0000CF
:1045A00008B51548FFF7EAFF1448FFF7E7FF14487E
:1045B000FFF7E4FF1348FFF7E1FF1348FFF7DEFFC3
:1045C0000D4B1B78182B0FD00C4B1B78182B0BD0D6
:1045D0000B4B1B78182B07D00A4B1B78182B03D0DA
:1045E000094B1B78182B01D1032303E0074B012251
:1045F0001A700023184608BD4C2200204D220020CE
:104600004E2200204F220020502200200A3300209A
:1046100000B589B001930346ADF80E300B46ADF8F6
:104620000C3013468DF80B300A9B002B01D103236D
:104630004AE005ABBDF80C0001220721FEF724F982
:104640000790079B112B3ED0079B002B02D0032322
:10465000079338E0069B50220021184603F0FCFE29
:10466000069B9DF80B201A70069B03F134020A9BEF
:104670001A600A9B019ADA60069B03F118020A9BF2
:104680001A61069B5A1C0A9B5A610A9B104ADA61FE
:10469000069B03F11102BDF80E3011461846FCF7D7
:1046A000D3FA0790079B002B01D003230CE0BDF841
:1046B0000C3007211846FEF7F9F90790079B052BE8
:1046C00001D1032300E0079B184609B05DF804FB05
:1046D0000C33002000B593B0034604910392ADF86B
:1046E0001630BDF816301846FBF7C8F803468DF8AB
:1046F0003D304FF6FF73ADF8463000231093002392
:104700008DF83F30BDF816301846FFF7DBFA034648
:104710008DF83E3007AB20220021184603F09CFEA6
:104720009DF83D30012B07D1554B1978BDF8163057
:1047300000221846FBF74EF99DF83D30002B02D1C0
:1047400043F2020397E0049B002B03D185238DF8ED
:104750003F3060E0049B1B7803F00103DBB2002BC9
:1047600004D1039B0A93474B0E9354E0BDF81630D7
:104770001846FCF745FA0346ADF84630BDF846301A
:104780004FF6FF72934211D1FEF716F80346ADF8CB
:104790004630BDF846304FF6FF72934203D00123F6
:1047A0008DF83E3024E00323109321E09DF83D3046
:1047B000012B1DD1BDF816301846FFF797FA0346B6
:1047C00083F00103DBB2002B12D0BDF8163018467F
:1047D000FFF7F2FCBDF816301846FFF787FA0346DC
:1047E00083F00103DBB2002B02D085238DF83F302C
:1047F0009DF83F30852B0ED0109B002B0BD19DF8E0
:104800003D20BDF84610BDF8160007AB0093039B92
:10481000FFF7FEFE1090109B002B16D19DF83D3047
:10482000012B09D107AB9DF83F10BDF81600049A83
:10483000FFF704FA109008E007AB9DF83F10BDF8B1
:1048400016000022FFF7FAF91090109B002B05D1FB
:104850009DF83F30002B01D1012300E0002303F03D
:104860000103DAB29DF83E30BDF84610BDF81600DF
:10487000FFF7E2FB109B184613B05DF804FB00BF86
:10488000502200200C33002000B585B00346009173
:10489000ADF8063000230393009B002B06D0BDF833
:1048A000063000991846FFF7C5F90390039B184698
:1048B00005B05DF804FB00B585B003460091ADF886
:1048C000063013468DF80530BDF806301846FAF765
:1048D000D5FF03468DF80F309DF80F30012B07D11F
:1048E000BDF8063000991846FFF7CEFF034601E0F9
:1048F00043F20203184605B05DF804FB00B583B02F
:104900000190019B1B88113B092B35D801A252F85D
:1049100023F000BF3D4903007949030049490300E2
:104920005549030079490300794903007949030097
:1049300079490300614903006D490300019B043379
:104940001846FFF769FC17E0019B04331846FFF790
:104950009BFC11E0019B04331846FFF7A7FB0BE01B
:10496000019B04331846FFF7B3FD05E0019B0433B8
:104970001846FFF7C1FD00BF00BF03B05DF804FBA0
:1049800082B00190019B002B14BF01230023DBB2F6
:10499000184602B07047000000B585B001900023B2
:1049A000039305E0064B01989847039B013303935B
:1049B000039B002BF6D000BF00BF05B05DF804FBE1
:1049C000C931030000B585B003460091ADF806304B
:1049D00013468DF8053000238DF80F3000238DF835
:1049E0000E30009B862B06D100238DF80E3001235C
:1049F0008DF80F300FE0009B112B06D101238DF8AD
:104A00000E3000238DF80F3005E000238DF80E30B6
:104A100000238DF80F309DF80530002B22D01C4B61
:104A200019789DF80F20BDF806301846FAF7D2FF26
:104A3000184B19789DF80E20BDF806301846FAF785
:104A4000C9FF154B1978BDF8063000221846FAF751
:104A5000C1FF124B1978BDF8063000221846FAF74C
:104A6000B9FF11E00C4B19789DF80F20BDF8063006
:104A70001846FAF7AFFF094B19789DF80E20BDF8DC
:104A800006301846FAF7A6FF00BF05B05DF804FB34
:104A900056220020552200205222002051220020C0
:104AA00000B58BB0034602910192ADF80E30029B27
:104AB000002B45D0029B112B42D0029B082B3FD0EC
:104AC00005AB00221A605A609A60DA601A61BDF87C
:104AD0000E30ADF81630BDF80E301846FCF790F8E1
:104AE0000346ADF81830029B0D2B19D103238DF826
:104AF0001430019B002B08D0019B1B7803F00103AD
:104B0000DBB2002B01D0012300E002238DF81C3022
:104B100000238DF8203041F20113ADF81E300BE078
:104B2000029B862B03D106238DF8143004E0072363
:104B30008DF81430029B079305AB1846FFF72CFF46
:104B400000BF0BB05DF804FB00B58BB003460291CB
:104B50000192ADF80E3005238DF81430BDF80E30FB
:104B6000ADF81630BDF80E301846FCF749F803468C
:104B7000ADF81830029B0793019B089305AB1846CC
:104B8000FFF70AFF00BF0BB05DF804FB10B487B05D
:104B9000019003AB00221A605A609A60074B1B68B1
:104BA0000393019B1C4603AB93E8070084E80700CE
:104BB000019807B05DF8044B704700BF58330020E0
:104BC00010B588B00446084611461A462346ADF88B
:104BD000063003468DF805300B468DF80430134639
:104BE0008DF803309DF80530002B02D0002306938A
:104BF0001CE002AB1846FFF7C9FF02AABDF8063059
:104C000000211846FFF7A0FF029B06934B4B1B7831
:104C100083F00103DBB2002B08D09DF8113083F044
:104C20000103DBB2002B01D0052384E09DF80420B2
:104C3000BDF8063006991846FFF73DFE0590BDF811
:104C40000630002205991846FFF7BCFE059B43F28B
:104C5000020293425DD0059B43F2020293425BD86D
:104C6000059B112B2AD8059B112B55D801A252F870
:104C700023F000BF134D0300194D0300194D03002D
:104C8000194D0300194D0300194D0300194D030080
:104C9000194D0300134D0300194D0300194D030076
:104CA000194D0300194D0300134D0300194D030066
:104CB000194D0300194D0300C54C0300059B862BBD
:104CC00015D029E01E4B19789DF80520BDF8063057
:104CD0001846FAF77FFE1B4B19789DF80420BDF8A3
:104CE00006301846FAF776FE0023079317E0144BB8
:104CF00019789DF80520BDF806301846FAF76AFEC7
:104D0000104B19789DF80420BDF806301846FAF7C4
:104D100061FE059B079302E00323079300BF9DF804
:104D20000330002B06D0BDF80630069A05991846C8
:104D3000FFF7B6FE079B184608B010BD5C33002095
:104D4000542200205322002000B587B00346009172
:104D5000ADF8063002AB1846FFF718FF02AABDF8FF
:104D6000063000991846FFF7EFFE02990C4B1A68BF
:104D7000BDF806301846FFF7ADFC0590BDF80630CB
:104D8000012205991846FFF71DFE029ABDF806306C
:104D900005991846FFF784FE00BF07B05DF804FBD5
:104DA0006033002000B583B00190019B5A88019BBD
:104DB0009B6819461046FFF7C7FF00BF03B05DF8B8
:104DC00004FB000000B585B0019000238DF80F3082
:104DD0001C4B1B68002B03D101238DF80F3024E0FE
:104DE000194B1B7803F00103DBB2002B14BF012326
:104DF0000023DBB21A46019B1B7A9A4203DA012395
:104E00008DF80F3011E0104B1B7803F00203DBB27A
:104E1000002B14BF01230023DBB21A46019B5B7AEF
:104E20009A4202DA01238DF80F30019B58889DF8D1
:104E30000F1001230022FFF7C3FE029000BF05B050
:104E40005DF804FB583300205033002000B583B0D8
:104E500001900198FFF7A0FD00BF03B05DF804FBCF
:104E600000B583B00190019B1B78052B02D0122B5B
:104E700004D006E00198FFF795FF06E00198FFF7E0
:104E8000A1FF0198FFF7E2FF00BF00BF03B05DF88C
:104E900004FB000000B599B003468DF807309DF87B
:104EA00007301846FAF7C0FD16901698FFF768FD10
:104EB0000346002B4CD003AB1846FAF727FD00231E
:104EC000179341E0179B5B0060336B4433F8503C11
:104ED0009DF8072011461846FAF752FD03468DF853
:104EE00057309DF85730002B2BD0179B5B00603359
:104EF0006B4433F8503C184A127811461846FAF7BA
:104F00003FFD03468DF85630179B5B0060336B44C2
:104F100033F8503C114A127811461846FAF730FD22
:104F200003468DF85530179B5B0060336B4433F8B4
:104F3000500C9DF856209DF855100123FFF740FEB8
:104F40001490179B01331793039B179A9A42B9D376
:104F500000BF19B05DF804FB53220020542200204A
:104F600000B597B003468DF807309DF80730184616
:104F7000FAF75AFD14901498FFF702FD0346002B30
:104F80002AD002AB1846FAF7C1FC002315931FE0A4
:104F9000159B5B0058336B4433F84C3C9DF807205D
:104FA00011461846FAF7ECFC03468DF84F309DF891
:104FB0004F30002B09D0159B5B0058336B4433F8FE
:104FC0004C3C00211846FFF7BFFE159B013315939B
:104FD000029B159A9A42DBD300BF17B05DF804FB21
:104FE00000B583B00190019B1B780B2B02DC082BD2
:104FF0000CDA16E0132B14D10C4B1B781846FFF774
:10500000AFFF0B4B1B781846FFF744FF094B1B788B
:105010001846FFF7A5FF084B1B781846FFF73AFF25
:1050200000E000BF00BF03B05DF804FB5622002083
:1050300052220020552200205122002000B583B0CA
:105040000190019B1B78182B05D1FAF771FC0346E0
:105050001A46019B1A7000BF03B05DF804FB000004
:1050600008B50F48FFF7EAFF0E48FFF7E7FF0E48C5
:10507000FFF7E4FF0D48FFF7E1FF0D48FFF7DEFF04
:105080000C48FFF7DBFF0B4B1B78182B01D10323D8
:1050900003E0094B01221A700023184608BD00BF27
:1050A00051220020522200205322002054220020AE
:1050B00055220020562200204C33002000B583B03A
:1050C00001900198FFF71AFC044B1B781846FFF774
:1050D000E1FE00BF03B05DF804FB00BF51220020D9
:1050E00082B00190019B002B01D10023AEE0019B17
:1050F0001B7803F00203DBB2002B08D1019B1B7865
:1051000023F07F03DBB2002B01D000239EE0019B44
:105110001B78C3F30213DBB2042B01D9002395E003
:10512000019B1B7803F00203DBB2002B0FD0019B25
:105130001B7803F07003DBB2302B08D1019B1B7886
:1051400023F07F03DBB2002B01D100237EE0019B23
:105150005A78019B9B789A4201D9002376E0019B03
:105160005B78062B01D8002370E0019B9B78102B05
:1051700001D900236AE0019BDB7803F00403DBB272
:10518000002B06D1019B1B7903F00403DBB2002B3B
:1051900001D000235AE0019BDB7803F00803DBB267
:1051A000002B06D1019B1B7903F00803DBB2002B17
:1051B00001D000234AE0019B1B7803F00103DBB21E
:1051C000002B1DD1019BDB7803F00103DBB2002B28
:1051D00014D1019BDB7803F00203DBB2002B0DD16D
:1051E000019B1B7903F00103DBB2002B06D1019B6D
:1051F0001B7903F00203DBB2002B01D0002325E072
:10520000019B1B7803F00103DBB2002B1DD0019B37
:10521000DB7803F00103DBB2002B16D1019BDB78B6
:1052200003F00203DBB2002B0FD1019B1B7903F0CB
:105230000103DBB2002B08D1019B1B7903F00203B1
:10524000DBB2002B01D1002300E00123184602B09D
:105250007047000000B583B00190019B002B07D17F
:10526000104B00221A60104B01221A70002314E028
:105270000198FFF735FF0346002B0DD00B4B019A29
:105280001068186012791A71064B084A1A60064BAA
:1052900001221A70002300E00723184603B05DF8CE
:1052A00004FB00BF583300205C3300205033002043
:1052B00000B583B003460091ADF80630BDF8063066
:1052C00000991846FEF792FF00BF03B05DF804FB9B
:1052D000BFF34F8F00BF074BDB6803F4E062054963
:1052E000054B1343CB60BFF34F8F00BF00BF00BF20
:1052F000FCE700BF00ED00E00400FA05024B034AA2
:105300001A6000BF704700BF582200200090D003F1
:1053100008B500F05DF90346002B06D09B4B1B68D7
:105320001B0A9B4A03F01F03136000F07DF903463C
:10533000002B02D0974B984A1A6000F091F903466F
:10534000002B06D0954B1B685B0B954A03F00703B7
:10535000136000F0B1F90346002B05D0914BDB68D8
:10536000904A23F08073D36000F0C2F90346002B0B
:105370000ED04FF080430022C3F80C214FF0804341
:105380000022C3F810214FF080430022C3F83825D3
:1053900000F0DAF90346002B02D0834B03221A6097
:1053A00000F0EEF90346002B0BD0804B05221A606B
:1053B0007F4B01221A607F4B00221A607E4B3F22F6
:1053C0001A6000F0F9F90346002B76D04FF08053B5
:1053D0007A4AD3F80434C2F820354FF08053774A24
:1053E000D3F80834C2F824354FF08053734AD3F809
:1053F0000C34C2F828354FF08053704AD3F810347B
:10540000C2F82C354FF080536C4AD3F81434C2F8EC
:1054100030354FF08053694AD3F81834C2F8343528
:105420004FF08053654AD3F81C34C2F840354FF032
:105430008053624AD3F82034C2F844354FF0805389
:105440005E4AD3F82434C2F848354FF080535B4AA3
:10545000D3F82834C2F84C354FF08053574AD3F86C
:105460002C34C2F850354FF08053544AD3F83034BE
:10547000C2F854354FF08053504AD3F83434C2F850
:1054800060354FF080534D4AD3F83834C2F8643554
:105490004FF08053494AD3F83C34C2F868354FF096
:1054A0008053464AD3F84034C2F86C354FF08053ED
:1054B000424AD3F84434C2F8703500F099F90346F3
:1054C000002B05D03E4B1B683E4A03F04F03136090
:1054D00000F0BAF90346002B0DD04FF08043D3F80B
:1054E000003403F00103002B05D04FF080436FF030
:1054F0000102C3F80024344BD3F88830324A43F415
:105500007003C2F88830BFF34F8F00BFBFF36F8FB7
:1055100000BF4FF01023D3F80032002B05DB4FF013
:105520001023D3F80432002B2BDA284B0122C3F8C6
:10553000042500BF254BD3F80034002BFAD04FF0E0
:1055400010231522C3F8002200BF204BD3F80034EB
:10555000002BFAD04FF010231522C3F8042200BF0D
:105560001A4BD3F80034002BFAD0184B0022C3F8A2
:10557000042500BF154BD3F80034002BFAD0FFF7F9
:10558000A7FEFFF7BBFE00BF08BD00BF240300104D
:105590004035014074C007400DF0ADBA4402001020
:1055A0003C050040F0ED00E0A00500401056004032
:1055B00088560040185600401456004000C0004075
:1055C00058020010E40E004000ED00E000E0014051
:1055D000124B1B68DBB2062B1DD1114B1B6803F06D
:1055E0000F03002B17D10F4B1B6803F0F003302B78
:1055F00001D1012310E00B4B1B6803F0F003402B9B
:1056000001D1012308E0074B1B6803F0F003502B86
:1056100001D1012300E0002318467047E00F00F09D
:10562000E40F00F0E80F00F00A4B1B68DBB2062B1A
:105630000DD1094B1B6803F00F03002B07D1074B5B
:105640001B6803F0F003302B01D1012300E000239D
:1056500018467047E00F00F0E40F00F0E80F00F08C
:10566000124B1B68DBB2062B1DD1114B1B6803F0DC
:105670000F03002B17D10F4B1B6803F0F003302BE7
:1056800001D1012310E00B4B1B6803F0F003402B0A
:1056900001D1012308E0074B1B6803F0F003502BF6
:1056A00001D1012300E0002318467047E00F00F00D
:1056B000E40F00F0E80F00F00A4B1B68DBB2062B8A
:1056C0000DD1094B1B6803F00F03002B07D1074BCB
:1056D0001B6803F0F003302B01D1012300E000230D
:1056E00018467047E00F00F0E40F00F0E80F00F0FC
:1056F000124B1B68DBB2062B1DD1114B1B6803F04C
:105700000F03002B17D10F4B1B6803F0F003302B56
:1057100001D1012310E00B4B1B6803F0F003402B79
:1057200001D1012308E0074B1B6803F0F003502B65
:1057300001D1012300E0002318467047E00F00F07C
:10574000E40F00F0E80F00F00A4B1B68DBB2062BF9
:105750000DD1094B1B6803F00F03002B07D1074B3A
:105760001B6803F0F003302B01D1012300E000237C
:1057700018467047E00F00F0E40F00F0E80F00F06B
:105780000A4B1B68DBB2062B0DD1094B1B6803F0DB
:105790000F03002B07D1074B1B6803F0F003302BDE
:1057A00001D1012300E0002318467047E00F00F00C
:1057B000E40F00F0E80F00F00A4B1B68DBB2062B89
:1057C0000DD1094B1B6803F00F03002B07D1074BCA
:1057D0001B6803F0F003502B01D1012300E00023EC
:1057E00018467047E00F00F0E40F00F0E80F00F0FB
:1057F000124B1B68DBB2062B1DD1114B1B6803F04B
:105800000F03002B17D10F4B1B6803F0F003302B55
:1058100001D1012310E00B4B1B6803F0F003402B78
:1058200001D1012308E0074B1B6803F0F003502B64
:1058300001D1012300E0002318467047E00F00F07B
:10584000E40F00F0E80F00F0124B1B68DBB2062BF0
:105850001DD1114B1B6803F00F03002B17D10F4B09
:105860001B6803F0F003302B01D1012310E00B4B38
:105870001B6803F0F003402B01D1012308E0074B24
:105880001B6803F0F003502B01D1012300E000233B
:1058900018467047E00F00F0E40F00F0E80F00F04A
:1058A000A0DF704700BF1846A2DF704700BF184650
:1058B000A3DF704700BF1846A4DF704700BF18463B
:1058C000A6DF704700BF184682B001900091009B90
:1058D0009A88019B5A8200BF02B0704782B0019043
:1058E0000091019B4FF6FF725A8200BF02B07047D1
:1058F00000B585B001900091019B1B7D83F00103F1
:10590000DBB2002B26D1009B06330393039B1A883E
:10591000019B5B899A4220D1039B5B89022B1CD19E
:10592000019B1B68002B17D0039B0C331846FAF71A
:10593000A8F80346002B03D000238DF8083002E0BE
:1059400001238DF80830019B1B6802AA11460198BB
:10595000984702E000BF00E000BF05B05DF804FB1F
:1059600000B585B001900091009B002B1ED0019BDB
:10597000002B1BD0009B0393019B1B88502B10D046
:10598000502B15DC102B02D0112B05D010E0019903
:105990000398FFF799FF0CE001990398FFF79EFF2A
:1059A00007E001990398FFF7A3FF02E000BF00E0C2
:1059B00000BF05B05DF804FB00B595B00190009103
:1059C000019B1B7D002B1ED00AAB03220021184631
:1059D00002F042FD9DF82830012262F303038DF8A6
:1059E00028309DF82830012262F307138DF8283003
:1059F000009B5B7B8DF829309DF82A30012262F3F1
:105A000042038DF82A300BAB1C220021184602F00D
:105A100023FD9DF82C3043F002038DF82C30019BC0
:105A20001A7D9DF82C3062F304138DF82C3000237E
:105A30000C9300230E9300230F93019B1B7D002BDF
:105A400001D00AAB00E0002310930023119301233F
:105A50008DF8123042F61923ADF8103003AB032253
:105A60000021184602F0F8FC009B9B7B8DF80C305F
:105A7000009BDB7B8DF80D309DF80E30012262F328
:105A800042038DF80E309DF80E3023F008038DF898
:105A90000E309DF80E3023F010038DF80E309DF877
:105AA0000E3023F001038DF80E30009B1B7B8DF828
:105AB0000B3005AB14220021184602F0CDFC04ABDC
:105AC000059303AB06930123ADF81C300023ADF81A
:105AD0001E300123ADF820300DF10B030993019B1B
:105AE0009888019B063305AA0BA9FFF7DDFE1390EA
:105AF000139B002B01D0139B6EE0009B9B68002B37
:105B000066D001238DF8123042F60813ADF810303C
:105B100003AB03220021184602F09EFC009B1B7C75
:105B20008DF80C309DF80D3023F00F038DF80D30FB
:105B30009DF80D3023F0F0038DF80D309DF80E30F8
:105B4000012262F342038DF80E309DF80E3023F0EF
:105B500008038DF80E309DF80E3023F010038DF8F9
:105B60000E309DF80E3023F001038DF80E30009BAF
:105B70009A6802AB11461846F9F79AFF03468DF86A
:105B80004B3005AB14220021184602F065FC04AB33
:105B9000059303AB06939DF84B309BB2ADF81C30D8
:105BA0000023ADF81E30BDF81C30ADF8203002AB3C
:105BB0000993019BD888019B03F10E0205AB19469E
:105BC000FFF776FE1390139B002B04D0139B03E08A
:105BD000019B0022DA810023184615B05DF804FB12
:105BE00000B585B001900091019B002B02D0009B75
:105BF000002B01D10E2327E0009B1A68019B1A603D
:105C0000019B4FF6FF725A82009B1A79019B1A750D
:105C1000019BFF221A7401238DF80A3041F60F030D
:105C2000ADF80830019B1A1D02AB19460120FFF7A1
:105C300037FE0390039B002B01D0039B04E00099E7
:105C40000198FFF7B9FE0346184605B05DF804FB5E
:105C500000B58BB001900B468DF80330019B002BF3
:105C600001D10E2354E000230993019B1A7C9DF877
:105C700003309A424BD007AB08220021184602F0AD
:105C8000EBFB0123ADF81C300023ADF81E300DF105
:105C900003030893019B588A019BDB8807AA1946D6
:105CA000FFF70AFE0990099B002B0AD19DF80320FB
:105CB000019B1A74019B5B8A4FF6FF72934224D0BA
:105CC00001E0099B24E0019B1B7D002B1DD003AB51
:105CD00010220021184602F0BFFB019BDB88ADF8C3
:105CE0000C3001238DF80E30BDF81E30ADF81030A9
:105CF00007AB0593089B0693019B5B8A03AA114699
:105D00001846FFF7DDFD099001E008230993099B80
:105D100018460BB05DF804FB82B003460091ADF865
:105D20000630BDF80630DAB2009B1A70BDF80630B6
:105D30001B0A9AB2009B0133D2B21A700223184692
:105D400002B07047A0DF704700BF1846A2DF70475F
:105D500000BF184600B585B001900091009B002B54
:105D600014BF01230023DBB20393039B002B04D158
:105D7000354A4D210020EEF7DFFC019B002B14BFBC
:105D800001230023DBB20293029B002B04D12E4A95
:105D90004E210020EEF7D0FC009BD3E90023D2B2C5
:105DA000019B1A70009BD3E900014FF000024FF0F5
:105DB0000003020A42EA01620B0A01990131D3B2DF
:105DC0000B70009BD3E900014FF000024FF000037D
:105DD000020C42EA01420B0C01990231D3B20B7062
:105DE000009BD3E900014FF000024FF00003020EC8
:105DF00042EA01220B0E01990331D3B20B70009BD2
:105E0000D3E900014FF000024FF000030A00002325
:105E100001990431D3B20B70009B9A68019B053342
:105E2000D2B21A70009B9B681A0A019B0633D2B249
:105E30001A70009B9B681A0C019B0733D2B21A7030
:105E400000BF05B05DF804FB3499030000B587B0CE
:105E50000190009100238DF81730009B002B14BF98
:105E600001230023DBB20493049B002B04D1314AAD
:105E700065210020EEF760FC019B002B14BF01237D
:105E80000023DBB20393039B002B04D1294A662134
:105E90000020EEF751FC9DF817305A1C8DF81720A2
:105EA0001A46019B1344009A12781A70009B588876
:105EB0009DF81730019A13441946FFF72DFF03464A
:105EC0001A469DF8173013448DF81730009B9888B8
:105ED0009DF81730019A13441946FFF71DFF03463A
:105EE0001A469DF8173013448DF81730009BD88858
:105EF0009DF81730019A13441946FFF70DFF03462A
:105F00001A469DF8173013448DF817309DF8173056
:105F1000072B0CBF01230023DBB20293029B002B53
:105F200004D1044A6E210020EEF706FC00BF07B042
:105F30005DF804FB3499030000B595B0029101931C
:105F40000346ADF80E301346ADF80C30029B002B23
:105F500014BF01230023DBB21393139B002B04D146
:105F60003D4A87210020EEF7E7FBBDF80C30002BFF
:105F700014BF01230023DBB21293129B002B04D128
:105F8000354A88210020EEF7D7FB0AAB1C220021FE
:105F9000184602F061FA9DF8283043F002038DF8AC
:105FA000283000230B9300230D9300230E9300232E
:105FB0000F930023109301238DF84630BDF80E3067
:105FC000ADF8443004AB03220021184602F044FA35
:105FD000019B1B788DF81030019B5B788DF8113098
:105FE0009DF81230012262F342038DF812309DF8C1
:105FF000123023F008038DF812309DF8123023F090
:1060000010038DF812309DF8123023F001038DF843
:10601000123005AB14220021184602F01DFA11AB14
:10602000059304AB0693BDF80C30ADF81C3000238B
:10603000ADF81E30BDF80C30ADF82030029B09934E
:10604000064B188805AA0AA9169BFFF77FFE034690
:10605000184615B05DF804FB349903006433002042
:1060600000B58BB0039001238DF8223041F60A036E
:10607000ADF8203008AB724A19460120FFF762FEE6
:106080000990099B002B01D0099BD4E0039B1B883E
:10609000002B11D0039B5968039B1A88039B3C3348
:1060A0006848009042F62920FFF746FF0990099BB7
:1060B000002B01D0099BBEE0039B1B89002B11D054
:1060C000039BD968039B1A89039B3C335E4800906D
:1060D00042F62420FFF730FF0990099B002B01D0E6
:1060E000099BA8E0039B1B8A002B11D0039B5969D5
:1060F000039B1A8A039B3C335448009042F62520A8
:10610000FFF71AFF0990099B002B01D0099B92E031
:10611000039B1B8B002B11D0039BD969039B1A8B0C
:10612000039B3C334A48009042F62720FFF704FFC8
:106130000990099B002B01D0099B7CE0039B1B8CE1
:10614000002B11D0039B596A039B1A8C039B3C3391
:106150004048009042F62620FFF7EEFE0990099B8A
:10616000002B01D0099B66E0039B1B8D002B11D0F7
:10617000039BD96A039B1A8D039B3C3336480090DE
:1061800042F62820FFF7D8FE0990099B002B01D08A
:10619000099B50E0039B1B6B002B16D0039B1A6BD3
:1061A00006AB11461846FFF7D5FD039B3C3306A905
:1061B0002A4A0092082242F62320FFF7BDFE0990EA
:1061C000099B002B01D0099B35E0039B5B6B002BE7
:1061D00015D0039B5B6B1968039B5B6B1B7918469F
:1061E000039B3C331E4A0092024642F62A20FFF7E8
:1061F000A3FE0990099B002B01D0099B1BE0039B88
:106200009B6B002B16D0039B9A6B04AB1146184670
:10621000FFF71CFE039B3C3304A9124A009207229D
:1062200042F65020FFF788FE0990099B002B01D011
:10623000099B00E0002318460BB05DF804FB00BF8B
:10624000643300206833002070330020783300204E
:1062500080330020883300209033002098330020C2
:10626000A0330020A833002082B003460091ADF88F
:106270000630BDF80630DAB2009B1A70BDF8063061
:106280001B0A9AB2009B0133D2B21A70022318463D
:1062900002B07047A0DF704700BF1846A1DF70470B
:1062A00000BF1846A2DF704700BF1846A3DF704743
:1062B00000BF1846A4DF704700BF1846A6DF70472E
:1062C00000BF184664DF704700BF184684B003461D
:1062D000ADF806300B468DF8053013468DF80430C6
:1062E00000230293BDF80630ADF808309DF8053064
:1062F0008DF80A309DF804308DF80B30029B039323
:106300000023BDF80C2062F30F03BDF80E2062F3EA
:106310001F43184604B0704700B587B00190009144
:10632000009B9A88019BA3F87621019B5B89002B37
:1063300026D001238DF8133002AB08220021184625
:1063400002F08AF80123ADF808300023ADF80A30D6
:106350000DF113030393019BB3F87601019B5B8955
:1063600002AA1946FFF7A6FF0590059B002B07D050
:10637000019B5B68002B03D0019B5B6805989847E5
:1063800000BF07B05DF804FB82B001900091019B53
:106390004FF6FF72A3F8762100BF02B0704700B538
:1063A00089B001900091009B5B89012B18D1019B62
:1063B0001B68002B14D0009B1B7B002B02D0012BF1
:1063C00004D00DE000238DF80C3003E001238DF89C
:1063D0000C3000BF019B1B6803AA11460198984727
:1063E00009B05DF804FB00B589B001900091009BF5
:1063F0005B89012B18D1019B1B68002B14D0009BDB
:106400001B7B002B02D0012B04D00DE005238DF85F
:106410000C3003E006238DF80C3000BF019B1B6895
:1064200003AA11460198984709B05DF804FB00B52E
:106430008BB0039002910192019B5B89022B1CD1CE
:10644000039B1B68002B18D0019B0C331846F9F7EF
:1064500018FB0346002B03D002238DF8143002E012
:1064600003238DF81430029A06AB10681860039B62
:106470001B6805AA11460398984700BF0BB05DF84A
:1064800004FB00B58BB0039002910192039B1B6843
:10649000002B17D004238DF81430019A06AB106836
:1064A0001860029BDB89ADF81C30029B1B8AADF89B
:1064B0001E30029B12330893039B1B6805AA1146EA
:1064C0000398984700BF0BB05DF804FB00B58BB094
:1064D000039002910192039B1B68002B0ED00723AF
:1064E0008DF81430029A06AB10681860019B09936E
:1064F000039B1B6805AA11460398984700BF0BB081
:106500005DF804FB00B587B003900B460192ADF82F
:106510000A3000238DF8173023E09DF817200399E7
:1065200013469B0013445B000B4418331B88BDF8D3
:106530000A209A4210D19DF817301A46012142F6DE
:106540004D20FFF7C3FE0246019B11461980C2F39E
:106550000F425A8001230BE09DF8173001338DF86C
:106560001730039B9B7C9DF817209A42D5D30023BC
:10657000184607B05DF804FB00B587B003900B46E2
:106580000192ADF80A3000238DF8173023E09DF812
:106590001720039913469B0013445B000B441433EC
:1065A0001B88BDF80A209A4210D19DF817301A4670
:1065B000012142F64D20FFF789FE0246019B11465C
:1065C0001980C2F30F425A80012369E09DF8173009
:1065D00001338DF81730039B9B7C9DF817209A425E
:1065E000D5D300238DF8173023E09DF817200399A9
:1065F00013469B0013445B000B447A331B88BDF8A1
:106600000A209A4210D19DF817301A46022142F60C
:106610004D20FFF75BFE0246019B11461980C2F335
:106620000F425A8001233BE09DF8173001338DF86B
:106630001730039B93F878309DF817209A42D4D3F3
:1066400000238DF8173023E09DF817200399134697
:106650009B0013445B000B44E0331B88BDF80A2009
:106660009A4210D19DF817301A46032142F64D2068
:10667000FFF72CFE0246019B11461980C2F30F4220
:106680005A8001230CE09DF8173001338DF8173044
:10669000039B93F8DE309DF817209A42D4D3002351
:1066A000184607B05DF804FB00B585B00190009175
:1066B000009B06330393039B1A88019BB3F86E314A
:1066C0009A4204D103990198FFF769FE83E0039B86
:1066D0001A88019B5B899A4204D103990198FFF7BC
:1066E00082FE78E0039B1A88019BB3F852319A42EC
:1066F0000ED10022002142F62220FFF7E7FD0346DB
:10670000029302AB039A19460198FFF790FE62E0EC
:10671000039B1A88019BB3F84E319A420ED1002296
:10672000002142F62220FFF7D1FD0346029302AB7F
:106730001A4600990198FFF7A4FE4CE0039B1A88C3
:10674000019BB3F862319A420ED10022002142F639
:106750003320FFF7BBFD0346029302AB039A1946B1
:106760000198FFF764FE36E0039B1A88019BB3F89B
:106770005E319A420ED10022002142F63320FFF70B
:10678000A5FD0346029302AB1A4600990198FFF754
:1067900078FE20E0039B1B8802AA19460198FFF7A8
:1067A000B1FE0346002B06D002AB039A19460198AE
:1067B000FFF73DFE0FE0039B1B8802AA19460198D4
:1067C000FFF7DAFE0346002B05D002AB1A4600990C
:1067D0000198FFF756FE00BF05B05DF804FB00B559
:1067E00085B001900091009B06330393039B1B78B7
:1067F000012B10D1039B5B8802AA19460198FFF771
:10680000BBFE0346002B07D002AB009A1946019845
:10681000FFF75CFE00E000BF05B05DF804FB00B5CB
:1068200085B001900091009B0393019B1B88512B25
:1068300019D0512B1CDC502B10D0502B18DC102BF6
:1068400002D0112B05D013E001990398FFF764FDE6
:106850000FE001990398FFF797FD0AE0019903986B
:10686000FFF722FF05E001990398FFF7B8FF00E06A
:1068700000BF00BF05B05DF804FB00B593B0019008
:1068800000910BAB1C220021184601F0E5FD9DF89C
:106890002C3043F002038DF82C309DF82C3043F05F
:1068A00004038DF82C3000230C9300230E93002357
:1068B0000F93002310930023119301238DF81630BA
:1068C00042F64E23ADF8143004AB032200211846E3
:1068D00001F0C2FD009B1B788DF81030009B5B78A7
:1068E0008DF811309DF81230012262F342038DF8C9
:1068F00012309DF8123023F008038DF812309DF805
:10690000123023F010038DF812309DF8123023F06E
:1069100001038DF8123006AB14220021184601F055
:106920009BFD01238DF80F3005AB069304AB079355
:106930000123ADF820300023ADF822300123ADF85B
:1069400024300DF10F030A93019B1889019B0A3330
:1069500006AA0BA9FFF7A6FC0346184613B05DF87C
:1069600004FB00B597B00390029100931346ADF875
:106970000630029B1B7803F01003DBB2002B1ED005
:106980000DAB03220021184601F066FD9DF834305E
:10699000012262F303038DF834309DF83430012274
:1069A00062F307138DF83430189B1B788DF835305F
:1069B0009DF83630012262F342038DF836300EAB7B
:1069C0001C220021184601F047FD029B1B788DF820
:1069D000383000230F930023119300231293029B5E
:1069E0001B7803F01003DBB2002B01D00DAB00E0ED
:1069F000002313930023149301238DF81E3042F6D5
:106A00004D23ADF81C3006AB03220021184601F0DF
:106A100023FD189B5B788DF81830189B9B788DF8B8
:106A200019309DF81A30012262F342038DF81A30B2
:106A30009DF864209DF81A3062F3C3038DF81A3074
:106A40009DF81A3023F010038DF81A309DF81A3093
:106A500043F001038DF81A3008AB142200211846C8
:106A600001F0FAFC07AB089306AB09930023ADF8DD
:106A700028300023ADF82A30BDF80630ADF82C30B0
:106A800000230C93039B18891A9B08AA0EA9FFF7F1
:106A900009FC1590159B002B01D0159B52E001239A
:106AA0008DF81E3042F60813ADF81C3006AB0322F9
:106AB0000021184601F0D0FC189B5B788DF8183047
:106AC000189B9B788DF819309DF81A30012262F3DB
:106AD00042038DF81A309DF81A3023F008038DF820
:106AE0001A309DF81A3023F010038DF81A309DF8F3
:106AF0001A3023F001038DF81A3008AB142200215C
:106B0000184601F0A9FC07AB089306AB099305AB47
:106B100000991846F8F7CCFF0346ADF8283000235B
:106B2000ADF82A30BDF82830ADF82C3005AB0C9309
:106B30001A9B18881A9B03F1080208AB1946FFF745
:106B4000B5FB0346184617B05DF804FB00B599B0D5
:106B5000019000910FAB1C220021184601F07CFC33
:106B60009DF83C3043F002038DF83C300023109335
:106B700000231293002313930023149300231593EF
:106B800001238DF8263042F64B23ADF8243008ABB4
:106B900003220021184601F05FFC009B93F82C3083
:106BA0008DF82030009B93F82D308DF821309DF822
:106BB0002230012262F342038DF822309DF8223008
:106BC00023F008038DF822309DF8223023F01003C3
:106BD0008DF822309DF8223043F001038DF82230E9
:106BE0000AAB14220021184601F036FC09AB0A93C7
:106BF00008AB0B93009B9B8CADF830300023ADF8B5
:106C00003230009B9B8CADF83430009B1B6A0E9396
:106C1000019B1889019B03F5A2730AAA0FA9FFF72C
:106C200041FB1690169B002B01D0169B91E0009B18
:106C300093F82630002B05D0009B9B6A002B01D1D6
:106C4000072386E0002317937AE001238DF826308E
:106C500042F60713ADF8243008AB03220021184692
:106C600001F0FAFB9DF82030012262F303038DF856
:106C700020309DF82030022262F307138DF8203077
:106C80009DF8213023F00F038DF821309DF821303D
:106C900023F0F0038DF821309DF82230012262F3B9
:106CA00042038DF822309DF8223023F008038DF83E
:106CB00022309DF8223023F010038DF822309DF809
:106CC000223023F001038DF82230009B9A6A179B33
:106CD0009B00134404AA0DF10F011846FFF7F2FAC6
:106CE0001690169B002B01D0169B32E00AAB1422A3
:106CF0000021184601F0B0FB09AB0A9308AB0B93D7
:106D00009DF80F30ADF830300023ADF83230BDF8CB
:106D10003030ADF8343004AB0E93019BB3F844012E
:106D2000019B03F5A6720AAB1946FFF7BFFA16904E
:106D3000169B002B01D0169B0BE0179B013317937A
:106D4000009B93F826301A46179B9342FFF67DAFBF
:106D50000023184619B05DF804FB00B595B0039008
:106D600001930B46ADF80A301346ADF808300CAB72
:106D700003220021184601F06FFB9DF830300122FC
:106D800062F303038DF830309DF83030012262F356
:106D900007138DF83030019B1B788DF831309DF84A
:106DA0003230012262F342038DF832300DAB1C22E7
:106DB0000021184601F050FB9DF8343043F00203E7
:106DC0008DF83430019B9B7803F00F03DBB2002B6E
:106DD00014BF01230023DAB29DF8343062F3C303F9
:106DE0008DF834309DF8343043F010038DF8343092
:106DF00000230E9300231093002311930CAB1293E6
:106E00000023139301238DF81A30BDF80A30ADF832
:106E1000183005AB03220021184601F01DFB019B31
:106E20005B788DF81430019B9B788DF815309DF8B8
:106E30001630012262F342038DF816309DF81630A9
:106E400023F008038DF816309DF8163023F0100358
:106E50008DF816309DF8163023F001038DF81630AA
:106E600007AB14220021184601F0F6FA06AB07938F
:106E700005AB08930023ADF824300023ADF826308D
:106E8000BDF80830ADF8283000230B93039B188918
:106E900007AA0DA9169BFFF705FA0346184615B079
:106EA0005DF804FB00B591B00190009109AB1C2284
:106EB0000021184601F0D0FA9DF8243043F0020377
:106EC0008DF824309DF8243043F008038DF82430E9
:106ED0009DF8243043F004038DF8243000230A93F6
:106EE00000230C9300230D9300230E9300230F9394
:106EF00001238DF80E3042F63223ADF80C3002AB90
:106F000003220021184601F0A7FA009B93F84630AF
:106F10008DF80830009B93F847308DF809309DF8C4
:106F20000A30012262F342038DF80A309DF80A30DC
:106F300023F008038DF80A309DF80A3023F010037F
:106F40008DF80A309DF80A3023F001038DF80A30DD
:106F500004AB14220021184601F07EFA03AB04931F
:106F600002AB05930023ADF818300023ADF81A30BA
:106F70000123ADF81C3000230893019B1889019B65
:106F800003F5AB7304AA09A9FFF78CF90346184669
:106F900011B05DF804FB000000B585B001900091D0
:106FA000009B1B8801991846FFF75EF903468DF890
:106FB0000F309DF80F305A1C8DF80F201A46019B98
:106FC0001344009A92781A709DF80F305A1C8DF86D
:106FD0000F201A46019B1344009AD2781A709DF82C
:106FE0000F30042B0CBF01230023DBB20293029B62
:106FF000002B05D1054A4FF455710020EDF79CFB9D
:107000009DF80F30184605B05DF804FB9099030019
:1070100000B593B0019000910AAB1C2200211846E4
:1070200001F01AFA9DF8283043F002038DF8283059
:1070300000230B9300230D9300230E9300230F9343
:107040000023109301238DF8123042F64A23ADF845
:10705000103003AB03220021184601F0FDF9009B1C
:1070600093F834308DF80C30009B93F835308DF860
:107070000D309DF80E30012262F342038DF80E3080
:107080009DF80E3023F008038DF80E309DF80E3079
:1070900023F010038DF80E309DF80E3023F001031D
:1070A0008DF80E30009B03F1300202AB11461846FA
:1070B000FFF772FF03468DF8473005AB142200211D
:1070C000184601F0C9F904AB059303AB06939DF88C
:1070D00047309BB2ADF81C300023ADF81E30BDF830
:1070E0001C30ADF8203002AB0993019B1889019B3D
:1070F00003F5B37305AA0AA9FFF7D4F803461846A7
:1071000013B05DF804FB00B593B0019000910BAB98
:107110001C220021184601F09FF99DF82C3043F005
:1071200004038DF82C3000230C9300230E930023CE
:107130000F93002310930023119301238DF8163031
:1071400042F64C23ADF8143004AB0322002118465C
:1071500001F082F9009B1B788DF81030009B5B7862
:107160008DF811309DF81230012262F342038DF840
:1071700012309DF8123023F008038DF812309DF87C
:10718000123023F010038DF812309DF8123023F0E6
:1071900001038DF8123000238DF80F3006AB142256
:1071A0000021184601F058F905AB069304AB07938C
:1071B0000123ADF820300023ADF822300123ADF8D3
:1071C00024300DF10F030A93019B1889019B03F5ED
:1071D000B77306AA0BA9FFF765F80346184613B064
:1071E0005DF804FB70B58AB005900491049B9B7A0E
:1071F000002B65D0049BDB68002B61D000238DF849
:10720000273057E0049BDA689DF82730DB001344F1
:10721000089306AB01220021184601F01DF99DF8E4
:10722000183043F002038DF81830089B9B7903F067
:107230000F03DBB2002B14BF01230023DAB29DF849
:10724000183062F3C3038DF818309DF8183043F0FE
:1072500010038DF81830089B1D88089B9E1C089B06
:10726000191D089BDB79C3F30003DBB2002B14BFAD
:1072700001230023D8B29DF8272013469B00134416
:107280005B001033059A1344043306AC029301905B
:10729000009133462A4621460598FFF762FB079086
:1072A000079B002B01D0079B0BE09DF82730013393
:1072B0008DF82730049B9B7A9DF827209A42A1D312
:1072C000002318460AB070BD70B58AB005900491CD
:1072D000049B1B7C002B5BD0049B5B69002B57D06D
:1072E00000238DF827304DE0049B5A699DF8273024
:1072F000DB001344089306AB01220021184601F07D
:10730000ABF89DF8183043F002038DF818309DF863
:10731000183043F008038DF818309DF8183043F00A
:1073200004038DF81830089B1D88089B9E1C089B41
:10733000191D089BDB79C3F30003DBB2002B14BFDC
:1073400001230023D8B29DF8272013469B00134445
:107350005B007833059A1344023306AC0293019024
:10736000009133462A4621460598FFF7FAFA07901E
:10737000079B002B01D0079B0BE09DF827300133C2
:107380008DF82730049B1B7C9DF827209A42ABD3B5
:10739000002318460AB070BD70B58AB005900491FC
:1073A000049B1B7E002B54D0049BDB69002B50D028
:1073B00000238DF8273046E0049BDA699DF82730DA
:1073C000DB001344089306AB01220021184601F0AC
:1073D00043F89DF8183043F002038DF818309DF8FB
:1073E000183043F008038DF81830089B1D88089B5F
:1073F0009E1C089B191D089BDB79C3F30003DBB2BD
:10740000002B14BF01230023D8B29DF82720134678
:107410009B0013445B00E033059A134406AC0293CF
:107420000190009133462A4621460598FFF799FAC4
:107430000790079B002B01D0079B0BE09DF827309E
:1074400001338DF82730049B1B7E9DF827209A423C
:10745000B2D3002318460AB070BD00B587B00190C2
:10746000009100238DF8173018E0019B1889009BCC
:107470009A6B9DF817305B0013441B880DF10E02C8
:107480001946FEF70BFF0490049B002B01D0049BD0
:107490000CE09DF8173001338DF81730009B93F8FE
:1074A00036309DF817209A42DFD30023184607B0E4
:1074B0005DF804FB00B587B003900291029B9B7AB4
:1074C0000A2B07D8029B1B7C0A2B03D8029B1B7E2E
:1074D0000A2B01D90723C6E0029B1A68039B1A6096
:1074E000029B5A68039B5A60029B9A7A039B9A7488
:1074F000029B1A7C039B83F87820029B1A7E039BD5
:1075000083F8DE20039B4FF6FF72A3F87621012358
:107510008DF8123041F61203ADF81030039B03F1E1
:10752000080204AB19460120FEF7B4FE0590059B46
:10753000002B01D0059B96E002990398FFF78DFF81
:107540000590059B002B01D0059B8CE0029B1B7ACC
:10755000002B03D1029B5B7A002B0BD0029B3C33A8
:1075600019460398FFF789F90590059B002B01D078
:10757000059B78E002990398FFF734FE0590059B80
:10758000002B01D0059B6EE002990398FFF79CFE4B
:107590000590059B002B01D0059B64E002990398A0
:1075A000FFF7FAFE0590059B002B01D0059B5AE0E2
:1075B00002990398FFF7CAFA0590059B002B01D0AA
:1075C000059B50E0029B1B7A002B1DD0029B03F110
:1075D0004302039B03F5A77300931346082242F668
:1075E00022210398FFF7B9FB0590059B002B01D0E2
:1075F000059B38E002990398FFF754FC0590059B22
:10760000002B01D0059B2EE0029B5B7A002B13D050
:10761000029B03F14002039B03F5AF7300931346F3
:10762000082242F633210398FFF797FB0590059B4C
:10763000002B01D0059B16E002990398FFF7E8FCA8
:107640000590059B002B01D0059B0CE0029B3E336F
:1076500019460398FFF757FD0590059B002B01D0B5
:10766000059B00E00023184607B05DF804FB00B559
:107670008DB0039001930B468DF80B301346ADF897
:107680000830039B9B7C9DF80B209A4242D29DF8C8
:107690000B2013469B0013445B001033039A1344E2
:1076A00004330A93039BB3F876314FF6FF7293428B
:1076B0002DD0BDF80830ADF8163006AB10220021F1
:1076C000184600F0C9FE0A9B1B88ADF8183001234C
:1076D0008DF81A300023ADF81C300DF11603089315
:1076E000019B0993039BB3F8763106AA114618460D
:1076F000FEF7E4FD0B900B9B002B0DD1BDF816306F
:10770000BDF808209A4207D00C230B9304E008230D
:107710000B9301E007230B930B9B18460DB05DF80C
:1077200004FB000000B58DB00190084611461A46D2
:1077300003468DF803300B468DF8023013468DF862
:107740000130019BB3F876314FF6FF7293425CD063
:10775000BDF8383003339BB2ADF82630BDF8263083
:10776000082B4FD801230A930A9B002B05D12A4AE4
:1077700040F243510020ECF7DFFF9DF803308DF815
:107780001C309DF802308DF81D309DF801308DF8C9
:107790001E30BDF83830002B07D0BDF8382007ABBD
:1077A00003330F99184600F025FE03AB1022002189
:1077B000184600F051FE019BB3F85E31ADF80C3075
:1077C00001238DF80E300023ADF810300DF12603A3
:1077D000059307AB0693019BB3F8763103AA1146D4
:1077E0001846FEF76BFD0B900B9B002B0FD1BDF8DD
:1077F00026301A46BDF8383003339A4207D00C239E
:107800000B9304E00C230B9301E008230B930B9BD9
:1078100018460DB05DF804FB9099030082B0034652
:107820008DF807309DF8073003F01F0205499DF9D8
:1078300007305B09012000FA02F241F8232000BF63
:1078400002B0704700E100E082B003468DF80730D7
:107850009DF8073003F01F0206499DF907305B09C8
:10786000012000FA02F2203341F8232000BF02B0C9
:10787000704700BF00E100E082B0034600918DF840
:1078800007309DF90730002B0CDA009BDAB20C4967
:107890009DF8073003F00F03043B5201D2B20B44B2
:1078A0001A7609E0009BDAB206499DF907305201C9
:1078B000D2B20B4483F8002300BF02B0704700BF70
:1078C00000ED00E000E100E082B003468DF80730F3
:1078D0009DF90730002B0BDA0B4A9DF8073003F0B7
:1078E0000F03043B13441B7EDBB25B09DBB208E0F1
:1078F000064A9DF90730134493F80033DBB25B0965
:10790000DBB2184602B0704700ED00E000E100E095
:1079100000B583B00190019B002B03D10449C42022
:10792000F4F738FE019B5B68184603B05DF804FB72
:10793000EC99030010DF704700BF184611DF704755
:1079400000BF184682B003468DF807309DF9073016
:107950001F2B0CDC9DF907300F4A22FA03F303F0CA
:107960000103002B14BF01230023DBB210E09DF9BB
:1079700007303F2B0BDC9DF90730203B012202FA38
:1079800003F3002B14BF01230023DBB200E001232B
:10799000184602B0704700BFFC06FFBD82B00190E0
:1079A000019B072B01D900230BE0019B002B05D085
:1079B000019B012B02D0019B042B01D1002300E08D
:1079C0000123184602B0704700B583B003468DF816
:1079D00007309DF907301846FFF7B4FF0346002B28
:1079E00002D142F201032EE09DF907301846FFF75D
:1079F0006BFF03461846FFF7D1FF0346002B02D169
:107A000042F202031FE0124B9B68002B15D09DF938
:107A100007305B090E4A52F823209DF8073003F027
:107A20001F03012101FA03F319469DF907305B0991
:107A30000A43074941F8232004E09DF9073018461E
:107A4000FFF7ECFE0023184603B05DF804FB00BF0F
:107A50002829002000B583B003468DF807309DF932
:107A600007301846FFF76EFF0346002B02D142F2A3
:107A700001031FE0114B9B68002B15D09DF90730C7
:107A80005B090E4A52F823109DF8073003F01F03DC
:107A9000012202FA03F3DA439DF907305B090A4039
:107AA000064941F8232004E09DF907301846FFF706
:107AB000CBFE0023184603B05DF804FB2829002004
:107AC00000B583B0034600918DF807309DF907306B
:107AD0001846FFF737FF0346002B02D142F201039D
:107AE0000FE00098FFF75AFF0346002B02D142F245
:107AF000020306E09DF9073000991846FFF7BCFE27
:107B00000023184603B05DF804FB000000B587B001
:107B100003468DF8073002AB14491846F1F73CFADA
:107B200017E002AB1846FFF7F3FE0590059B1B68B4
:107B30000493059B59689DF80720049B10469847BD
:107B40000346002B01D111230BE002AB1846F1F7DD
:107B50004DFA02AB1846FFF7DBFE0346002BE0D1DF
:107B60000023184607B05DF804FB00BFA09A03008D
:107B700000B587B003468DF8073002AB11491846AF
:107B8000F1F70AFA12E002AB1846FFF7C1FE0590C2
:107B9000059B1B680493059B59689DF80720049B6F
:107BA0001046984702AB1846F1F720FA02AB184688
:107BB000FFF7AEFE0346002BE5D100BF00BF07B0C4
:107BC0005DF804FBAC9A030000B583B01620FFF704
:107BD000FBFE0190019B0093009B002B04D0044A04
:107BE00099210098ECF7A8FD00BF03B05DF804FBF5
:107BF000489A030000B583B01620FFF72BFF0190D1
:107C0000019B0093009B002B04D0044AA5210098FF
:107C1000ECF792FD00BF03B05DF804FB489A030047
:107C200000B585B007211620FFF74AFF0390039B9C
:107C30000293029B002B04D00B4AB8210298ECF768
:107C40007BFD07211520FFF73BFF0390039B01936A
:107C5000019B002B04D0044ABA210198ECF76CFD7B
:107C600000BF05B05DF804FB489A030000B583B07F
:107C70001B4B1B78002B01D008232CE0194B012251
:107C80001A700020FFF742FF0346112B01D1002399
:107C900021E00020FFF76CFF134B1B6800936B463D
:107CA00012491846FFF746FE0190019B002B01D0B8
:107CB000019B10E00A4B01221A700A4B00221A7035
:107CC0000B4B00221A70FFF7ABFFFFF77DFF01207F
:107CD000FFF74EFF0023184603B05DF804FB00BF1A
:107CE000B0330020B23300209C9A03000548020004
:107CF000B133002000B583B0174B1B7883F001032C
:107D0000DBB2002B01D0082321E0144B01221A70B2
:107D10000120FFF7FBFE0346112B01D1002316E0E3
:107D20000220FFF725FFFFF709FE0190019B002BC2
:107D300001D0019B0BE0084B00221A70074B002278
:107D40001A70FFF757FF0320FFF712FF00231846B2
:107D500003B05DF804FB00BFB0330020B233002055
:107D600008B50B4B1B7883F00103DBB2002B01D06D
:107D700008230AE0074B1B78002B03D0FFF7BAFF5C
:107D8000034602E0FFF772FF0346184608BD00BF36
:107D9000B2330020B0330020014B1B7818467047E7
:107DA000B033002000B585B06B4611491846F1F795
:107DB000F3F810E06B461846FFF7AAFD0390039B0B
:107DC0001B680293039B5A68029B104698476B46B8
:107DD0001846F1F70BF96B461846FFF799FD034675
:107DE000002BE7D100BF00BF05B05DF804FB00BF6A
:107DF000B89A030000B583B001900B46ADF802308D
:107E0000FFF7D0FF00BF03B05DF804FB00B583B0FF
:107E10000A4A00210020ECF725FE0190019B009307
:107E2000009B002B05D0064A40F29B110098ECF70E
:107E300083FC00BF03B05DF804FB00BFF57D0300C9
:107E4000489A030060DF704700BF184669DF70473B
:107E500000BF184661DF704700BF184600B583B009
:107E60000190019B002B03D10449C420F4F792FB3D
:107E7000019B5B68184603B05DF804FBC49A0300DD
:107E800082B00190019B002B01D10E2304E0044B32
:107E90001A46019B1A600023184602B0704700BFC3
:107EA000E020002010B586B0034600918DF8073021
:107EB0000098FFF7E5FF0590059B002B01D0059B7F
:107EC000BAE002AB0C220021184600F0C5FA9DF87A
:107ED00007308DF8083001238DF80A300323ADF800
:107EE0000C30009B1A6802AB19462020FFF7AEFF4A
:107EF0000590059B002B0DD0514B1B881B0443F0B4
:107F000001040598F1F7A4F803461A464D492046A6
:107F1000EBF782FE02AB0C220021184600F09CFA1F
:107F200001238DF8083000238DF8093000238DF8E7
:107F30000A30009B1A6802AB19464020FFF786FF03
:107F40000590059B002B0DD03D4B1B881B0443F077
:107F500001040598F1F77CF803461A463A49204691
:107F6000EBF75AFE02AB0C220021184600F074FA1F
:107F700000238DF80830009B1A6802AB19460120D7
:107F8000FFF764FF0590059B002B0DD02C4B1B8841
:107F90001B0443F001040598F1F75AF803461A460A
:107FA0002A492046EBF738FE02AB0C220021184686
:107FB00000F052FA4FF4B0630293009B1A6802ABD0
:107FC0001946A120FFF742FF0590059B002B0DD01D
:107FD0001B4B1B881B0443F001040598F1F738F88C
:107FE00003461A461A492046EBF716FE02AB0C224E
:107FF0000021184600F030FA9DF8083023F0010304
:108000008DF80830009B1A6802AB1946A020FFF7D4
:108010001DFF0590059B002B0DD0094B1B881B04F1
:1080200043F001040598F1F713F803461A4609498D
:108030002046EBF7F1FD0023184606B010BD00BF47
:1080400028210020249B03006C9B0300B89B0300A5
:10805000049C0300589C030082B04FF08053D3F877
:108060000C319B020193019B03F10053184602B0AF
:108070007047000010B584B00190019B1B6803930A
:108080000198FFF7DFFE0290019B1B68039A9A425A
:108090001AD0184B1B881B0443F00200019B1B687D
:1080A000039A1549EBF7C9FD124B1B881B0443F0DB
:1080B0000204FFF7D1FF0246019B1B68D31A1A4640
:1080C0000E492046EBF7A8FD029B002B0DD0094B73
:1080D0001B881B0443F001040298F0F7B9FF034624
:1080E0001A4607492046EBF797FD029B184604B055
:1080F00010BD00BF28210020AC9C0300DC9C0300C5
:10810000009D030000B599B001903823ADF84E30C2
:108110000DF14E0203AB11461846FFF79BFE179078
:10812000179B002B03D0179B052B22D127E003AB15
:10813000169311AB14491846F0F72EFF11E011AB5E
:108140001846FFF78BFE1590159B1B681493159B23
:108150005A68149B11461698984711AB1846F0F7C9
:1081600045FF11AB1846FFF779FE0346002BE6D119
:10817000CBE7064A40F221111798ECF7DDFA00BF71
:1081800019B05DF804FB00BF789D0300209D03003B
:1081900000B583B00190019B002B03D10449C4209A
:1081A000F4F7F8F9019B5B68184603B05DF804FB2F
:1081B000849D030048DF704700BF184600B589B0B2
:1081C000019004AB1846FFF7F5FF0790079B002BC3
:1081D00003D0079B052B20D124E002AB134918469E
:1081E000F0F7DAFE11E002AB1846FFF7D1FF069078
:1081F000069B1B680593049A069B5968059B1046CD
:10820000984702AB1846F0F7F1FE02AB1846FFF7AD
:10821000BFFF0346002BE6D1D3E7054A6B21079841
:10822000ECF78AFA00BF09B05DF804FB3C9E03003E
:10823000E49D0300002B35D129B9B0FBF2FC0CFB07
:10824000120260467047914215D22DE9F041B2FA10
:1082500082F39A409940D3F1200C30FA0CFC51EA99
:108260000C01984000F04EF8280036FA03F2002185
:108270000023BDE8F081F0B5B1FBF2FC0CFB12115C
:10828000B2FA82F39A409940D3F1200630FA06F60A
:108290003143984000F036F8614628003200DA4059
:1082A0000023F0BDF3B5B3FA83FC49085FEA300060
:1082B00013FA0CF3DCF1200432FA04F423430CB477
:1082C0001A0000F01FF80CBC33FA0CF3DCF11F0CA1
:1082D00035FA0CF518BF013D03BCA5FB026705FB91
:1082E0000377801BB941904271EB030C05D3821ACE
:1082F00071EB0303681C0021F0BD02000B00280095
:108300000021F0BD940D4FF6C2752D02B5FBF4F4BB
:10831000D60A013604FB04F5A5FB0656F64306EB28
:108320000416550832BF00277708013505FB16777C
:10833000A6FB07477F0807EBC63714001500E7FBCD
:1083400002457F1B4D1C0400E7FB014505FB12069F
:10835000A64284BF013DB618964224BF0135B61A25
:10836000704700BF082938BF7047416043F2B431FD
:10837000C2F20001086000210160704700B5042AC4
:108380008E4609D350F8043B5EF804CB634505D113
:10839000043A032A7146F5D89AB10368086880EA5E
:1083A000030191FAA1F1B1FA81F1B2EBD10F08D931
:1083B00001F0380123FA01F2C840C0B2D1B2081A64
:1083C00000BD002000BD0178002904BF00207047D7
:1083D00000214FF001324358C2FA53F30431002B0D
:1083E000F9D093FAA3F0B0FA80F001EBD000043892
:1083F000704700005AB3844690EA01039B071FD1DF
:10840000830707D011F8013B00F8013B013AF7D18F
:108410001CE08446203A09D32DE9F007B1E8F807BB
:10842000A0E8F807203AF9D2BDE8F0071C3205D4DD
:1084300051F8043B40F8043B043AF9D2043205D029
:1084400011F8013B00F8013B013AF9D16046704751
:1084500000220B0011001A0084465AB3830704D08F
:1084600000F8011B013AF9D124E0C9B241EA012127
:1084700041EA0141202A11D3203A2DE9F0030B46AD
:108480000C460D460E460F4688468946A0E8FA037C
:10849000203AFBD2BDE8F00320320BD0042A05D3EA
:1084A00040F8041B043A05D0042AF9D200F8011B55
:1084B000013AFBD16046704784460020002918BF6E
:1084C000002A00D17047097848B2002844BF6FF0F5
:1084D00001007047BCF1000F18BFCCF8001000215C
:1084E000C3E90011002818BF012070477F298EBF03
:1084F0006FF0010001700120704743F2B831C2F201
:1085000000010968002904BF42F25C21C2F20001A7
:10851000496889680A68092110477F2884BF0020BC
:1085200070474AF25C02C0F20302515C49F6DC7209
:10853000C0F20302105C08407047A0F161011A29E3
:1085400038BF20387047A0F141011A2938BF40F0E8
:10855000200070477F2884BF002070474AF25C02E9
:10856000C0F20302515C49F6DC72C0F20302105CF7
:1085700008407047A0F161011A2938BF20387047C0
:0E858000A0F141011A2938BF40F020007047D9
:108590004D8B0200000000003D9B02000000000027
:0885A0001BEF0200E82D002092
:1085A800ADF702000000000085C4020000000000D2
:1085B800A9170300D42D0020D1EE0200E82D0020D9
:1085C800E1F50200000000005D3203000000000039
:1085D80061590300442C00201F6803005C2C002014
:0885E80025D402000000000090
:1085F0001C88030000000300148B0300000000002F
:10860000E897030000000300A492030000000000AC
:108610009893030000000000409A0300000003004C
:10862000189B030000000300D89D03000000030016
:108630003C8D0300000000003494030000000000A3
:08864000F58B020000000000B0
:108648001D8C020000000000599B02000000000081
:108658000581030000000000BD8103000000000048
:108668000000000000000000000000000000000002
:1086780000000000000000000000000000000000F2
:1086880000000000000000000000000000000000E2
:1086980000000000000000000000000000000000D2
:1086A80000000000000000000000000000000000C2
:1086B80000000000000000000000000000000000B2
:1086C80000000000000000000000000000000000A2
:0886D80000000000000000009A
:1086E0000000000000000000B9700200000000005F
:0486F0000000000086
:1086F4002F686F6D652F736A6F2F64776D3130301B
:10870400312D6578616D706C65732F6E5246355FDF
:1087140053444B5F31342E322E302F636F6D706FA4
:108724006E656E74732F6C69627261726965732F02
:108734006578706572696D656E74616C5F6C6F6786
:108744002F7372632F6E72665F6C6F675F62616313
:108754006B656E645F756172742E6300FFFFFFFFCB
:10876400FFFFFFFFFFFFFFFFFFFFFFFF0000000011
:10877400000000000000D601070100007935020066
:10878400AD350200A13502002F686F6D652F736A45
:108794006F2F64776D313030312D6578616D706C79
:1087A40065732F6E5246355F53444B5F31342E321E
:1087B4002E302F636F6D706F6E656E74732F6C69DE
:1087C400627261726965732F6578706572696D652F
:1087D4006E74616C5F6C6F672F7372632F6E726659
:1087E4005F6C6F675F64656661756C745F6261631B
:1087F4006B656E64732E63007C230020B42200201A
:10880400BC220020BC220020180000004F766572B4
:10881400666C6F7700000000617070002F686F6DE8
:10882400652F736A6F2F64776D313030312D657821
:10883400616D706C65732F6E5246355F53444B5FA8
:1088440031342E322E302F636F6D706F6E656E74FF
:10885400732F6C69627261726965732F65787065D4
:1088640072696D656E74616C5F6C6F672F73726390
:108874002F6E72665F6C6F675F66726F6E74656E83
:10888400642E63006572726F720000007761726E0D
:10889400696E6700696E666F00000000646562754A
:1088A400670000001B5B306D000000001B5B313B68
:1088B40033306D001B5B313B33316D001B5B313B4F
:1088C40033326D001B5B313B33336D001B5B313B3B
:1088D40033346D001B5B313B33356D001B5B313B27
:1088E40033366D001B5B313B33376D00257300005D
:1088F4003C25733E2025733A200000000D0A000039
:108904002025303278000000202020007C00000068
:108914002563000020000000B02700202F686F6D41
:10892400652F736A6F2F64776D313030312D657820
:10893400616D706C65732F6E5246355F53444B5FA7
:1089440031342E322E302F636F6D706F6E656E74FE
:10895400732F6C69627261726965732F62757474C6
:108964006F6E2F6170705F627574746F6E2E63002A
:10897400534F46544445564943453A204153534581
:108984005254494F4E204641494C45440000000092
:10899400534F46544445564943453A20494E56415F
:1089A4004C4944204D454D4F525920414343455372
:1089B40053000000415353455254494F4E20464101
:1089C400494C45442061742025733A257500000004
:1089D4004552524F52202575205B25735D206174EA
:1089E4002025733A25750000554E4B4E4F574E20A7
:1089F4004641554C54206174203078253038580055
:108A04002F686F6D652F736A6F2F64776D31303007
:108A1400312D6578616D706C65732F6E5246355FCC
:108A240053444B5F31342E322E302F636F6D706F91
:108A34006E656E74732F6C69627261726965732FEF
:108A440074696D65722F6170705F74696D65722EE3
:108A5400630000002F686F6D652F736A6F2F647752
:108A64006D313030312D6578616D706C65732F6EAA
:108A74005246355F53444B5F31342E322E302F63D0
:108A84006F6D706F6E656E74732F6C696272617254
:108A94006965732F7574696C2F6170705F75746983
:108AA4006C5F706C6174666F726D2E630000000001
:108AB4002F686F6D652F736A6F2F64776D31303057
:108AC400312D6578616D706C65732F6E5246355F1C
:108AD40053444B5F31342E322E302F636F6D706FE1
:108AE4006E656E74732F6C69627261726965732F3F
:108AF4006664732F6664732E63000000DEC0ADDE0F
:108B0400FF011EF1DEC0ADDEFE011EF10000FFFF1D
:108B140062616C6C6F6300002F686F6D652F736A00
:108B24006F2F64776D313030312D6578616D706CE5
:108B340065732F6E5246355F53444B5F31342E328A
:108B44002E302F636F6D706F6E656E74732F6C694A
:108B5400627261726965732F62616C6C6F632F6EF0
:108B640072665F62616C6C6F632E63002F686F6D59
:108B7400652F736A6F2F64776D313030312D6578CE
:108B8400616D706C65732F6E5246355F53444B5F55
:108B940031342E322E302F65787465726E616C2FED
:108BA400667072696E74662F6E72665F6670726943
:108BB4006E74662E630000002F686F6D652F736AF4
:108BC4006F2F64776D313030312D6578616D706C45
:108BD40065732F6E5246355F53444B5F31342E32EA
:108BE4002E302F65787465726E616C2F66707269B1
:108BF4006E74662F6E72665F667072696E74665FFD
:108C0400666F726D61742E63000000003031323380
:108C14003435363738394142434445460010000064
:108C2400040000000100000095890200E1890200AF
:108C34007D8A02000D8A0200A18A0200158B0200BF
:108C4400238B0200318B02002F686F6D652F736ACE
:108C54006F2F64776D313030312D6578616D706CB4
:108C640065732F6E5246355F53444B5F31342E3259
:108C74002E302F636F6D706F6E656E74732F6C6919
:108C8400627261726965732F6578706572696D656A
:108C94006E74616C5F6D656D6F626A2F6E72665F74
:108CA4006D656D6F626A2E63000000002E2E2F2EFC
:108CB4002E2F2E2E2F2E2E2F2E2E2F2E2E2F636F55
:108CC4006D706F6E656E74732F6C69627261726918
:108CD40065732F6578706572696D656E74616C5F1C
:108CE40073656374696F6E5F766172732F6E7266FB
:108CF4005F73656374696F6E5F697465722E680073
:108D04002E2E2F2E2E2F2E2E2F2E2E2F2E2E2F2E7A
:108D14002E2F636F6D706F6E656E74732F6C696246
:108D24007261726965732F6D757465782F6E7266E2
:108D34005F6D74782E6800007077725F6D676D7474
:108D4400000000002F686F6D652F736A6F2F6477C2
:108D54006D313030312D6578616D706C65732F6EB7
:108D64005246355F53444B5F31342E322E302F63DD
:108D74006F6D706F6E656E74732F6C696272617261
:108D84006965732F7077725F6D676D742F6E72668D
:108D94005F7077725F6D676D742E63002F686F6DFF
:108DA400652F736A6F2F64776D313030312D65789C
:108DB400616D706C65732F6E5246355F53444B5F23
:108DC40031342E322E302F636F6D706F6E656E747A
:108DD400732F6C69627261726965732F657870654F
:108DE40072696D656E74616C5F73656374696F6ECF
:108DF4005F766172732F6E72665F73656374696FF9
:108E04006E5F697465722E6300000000556E6B6EB0
:108E14006F776E206572726F7220636F64650000F5
:108E24004E52465F53554343455353004E52465F9B
:108E34004552524F525F5356435F48414E444C454E
:108E4400525F4D495353494E470000004E52465F0E
:108E54004552524F525F534F465444455649434539
:108E64005F4E4F545F454E41424C45440000000064
:108E74004E52465F4552524F525F494E5445524EF0
:108E8400414C00004E52465F4552524F525F4E4F86
:108E94005F4D454D000000004E52465F4552524F13
:108EA400525F4E4F545F464F554E44004E52465FFC
:108EB4004552524F525F4E4F545F535550504F528C
:108EC400544544004E52465F4552524F525F494EFC
:108ED40056414C49445F504152414D004E52465F09
:108EE4004552524F525F494E56414C49445F535488
:108EF400415445004E52465F4552524F525F494ECF
:108F040056414C49445F4C454E47544800000000CC
:108F14004E52465F4552524F525F494E56414C495C
:108F2400445F464C414753004E52465F4552524FB0
:108F3400525F494E56414C49445F444154410000FC
:108F44004E52465F4552524F525F444154415F5323
:108F5400495A45004E52465F4552524F525F54495A
:108F64004D454F55540000004E52465F4552524FF6
:108F7400525F4E554C4C00004E52465F4552524F84
:108F8400525F464F5242494444454E004E52465F5A
:108F94004552524F525F494E56414C49445F4144F9
:108FA400445200004E52465F4552524F525F425562
:108FB400535900004E52465F4552524F525F4D4F37
:108FC40044554C455F4E4F545F494E495449414CBA
:108FD4005A4544004E52465F4552524F525F4D55DA
:108FE4005445585F494E49545F4641494C454400F5
:108FF4004E52465F4552524F525F4D555445585F4D
:109004004C4F434B5F4641494C4544004E52465FEA
:109014004552524F525F4D555445585F554E4C4F33
:10902400434B5F4641494C45440000004E52465F65
:109034004552524F525F4D555445585F434F4E442D
:109044005F494E49545F4641494C45440000000085
:109054004E52465F4552524F525F4D4F44554C4518
:109064005F414C52454144595F494E495449414C32
:10907400495A4544000000004E52465F4552524F43
:10908400525F53544F524147455F46554C4C000084
:109094004E52465F4552524F525F4150495F4E4FC8
:1090A400545F494D504C454D454E544544000000D5
:1090B4004E52465F4552524F525F464541545552B7
:1090C400455F4E4F545F454E41424C4544000000BD
:1090D4004E52465F4552524F525F4452565F545768
:1090E400495F4552525F4F56455252554E0000005B
:1090F4004E52465F4552524F525F4452565F545748
:10910400495F4552525F414E41434B004E52465FC8
:109114004552524F525F4452565F5457495F45522D
:10912400525F444E41434B0000000000248E030074
:1091340001000000308E030002000000508E030086
:1091440003000000748E030004000000888E0300F6
:10915400050000009C8E030006000000B08E030092
:1091640007000000C88E030008000000E08E030022
:1091740009000000F88E03000A000000148F0300A9
:109184000B0000002C8F03000C000000448F030030
:109194000D000000588F03000E0000006C8F0300C8
:1091A4000F0000007C8F030010000000908F03006C
:1091B40011000000A88F030080000000B88F030096
:1091C40081000000D88F030082000000F48F0300A8
:1091D400830000001090030084000000309003001E
:1091E4008500000054900300860000007C9003007A
:1091F400900000009490030091000000B4900300DC
:1092040000820000D490030001820000F490030067
:1092140002820000109103002E2E2F2E2E2F2E2EB0
:109224002F2E2E2F2E2E2F2E2E2F636F6D706F6EDE
:10923400656E74732F647269766572735F6E72669D
:109244002F68616C2F6E72665F6770696F2E68009D
:109254002F686F6D652F736A6F2F64776D313030AF
:10926400312D6578616D706C65732F6E5246355F74
:1092740053444B5F31342E322E302F636F6D706F39
:109284006E656E74732F626F617264732F626F61A7
:109294007264732E63000000111213140D0E0F106C
:1092A400636C6F636B0000002F686F6D652F736ACA
:1092B4006F2F64776D313030312D6578616D706C4E
:1092C40065732F6E5246355F53444B5F31342E32F3
:1092D4002E302F636F6D706F6E656E74732F6472B2
:1092E40069766572735F6E72662F636C6F636B2F42
:1092F4006E72665F6472765F636C6F636B2E63007D
:109304002F686F6D652F736A6F2F64776D313030FE
:10931400312D6578616D706C65732F6E5246355FC3
:1093240053444B5F31342E322E302F636F6D706F88
:109334006E656E74732F647269766572735F6E7294
:10934400662F636F6D6D6F6E2F6E72665F647276DB
:109354005F636F6D6D6F6E2E630000002E2E2F2ED7
:109364002E2F2E2E2F2E2E2F2E2E2F2E2E2F636F9E
:109374006D706F6E656E74732F6472697665727347
:109384005F6E72662F68616C2F6E72665F677069BC
:109394006F2E68006770696F746500002F686F6DC9
:1093A400652F736A6F2F64776D313030312D657896
:1093B400616D706C65732F6E5246355F53444B5F1D
:1093C40031342E322E302F636F6D706F6E656E7474
:1093D400732F647269766572735F6E72662F67703D
:1093E400696F74652F6E72665F6472765F67706909
:1093F4006F74652E630000002E2E2F2E2E2F2E2E1E
:109404002F2E2E2F2E2E2F2E2E2F636F6D706F6EFC
:10941400656E74732F647269766572735F6E7266BB
:109424002F68616C2F6E72665F6770696F2E6800BB
:1094340075617274000000002F686F6D652F736A88
:109444006F2F64776D313030312D6578616D706CBC
:1094540065732F6E5246355F53444B5F31342E3261
:109464002E302F636F6D706F6E656E74732F647220
:1094740069766572735F6E72662F756172742F6E92
:1094840072665F6472765F756172742E63000000A9
:109494002E2E2F2E2E2F2E2E2F2E2E2F2E2E2F2EE3
:1094A4002E2F636F6D706F6E656E74732F647269A7
:1094B400766572735F6E72662F68616C2F6E72666A
:1094C4005F6770696F2E6800A42B0020C42B0020F6
:1094D400F42B00200D000300EDBA02000E0003007F
:1094E400EDBA02000F000300EDBA02001000030001
:1094F400EDBA0200242C0020457261736520626F6E
:109504006E647321000000002F686F6D652F736A0D
:109514006F2F64776D313030312D6578616D706CEB
:1095240065732F6E5246355F53444B5F31342E3290
:109534002E302F6578616D706C65732F626C655F7A
:109544007065726970686572616C2F626C655F61C9
:1095540070705F686964735F6D6F7573652F6D619B
:10956400696E2E6300000000436F6E6E6563746560
:109574006420746F20612070726576696F75736CF6
:109584007920626F6E646564206465766963652E14
:1095940000000000436F6E6E656374696F6E207324
:1095A4006563757265643A20726F6C653A20256450
:1095B4002C20636F6E6E5F68616E646C653A203058
:1095C4007825782C2070726F6365647572653A2013
:1095D40025642E004E657720426F6E642C206164F2
:1095E4006420746865207065657220746F207468E7
:1095F400652077686974656C697374206966207086
:109604006F737369626C6500096D5F77686974656F
:109614006C6973745F706565725F636E7420256432
:109624002C204D41585F50454552535F574C495388
:1096340054202564000000004E6F726469635F4D1E
:109644006F757365000000004E6F72646963536543
:109654006D69636F6E647563746F720044697265DB
:1096640063746564206164766572746973696E6796
:109674002E0000004661737420616476657274691B
:1096840073696E672E000000536C6F7720616476F7
:109694006572746973696E672E00000046617374A5
:1096A400206164766572746973696E672077697482
:1096B400682077686974656C6973742E0000000013
:1096C400536C6F77206164766572746973696E6731
:1096D40020776974682077686974656C6973742E7F
:1096E40000000000436F6E6E6563746564000000E3
:1096F400446973636F6E6E65637465640000000093
:10970400484944204D6F757365206578616D706CB0
:109714006520737461727465642E00002F686F6D28
:10972400652F736A6F2F64776D313030312D657812
:10973400616D706C65732F6E5246355F53444B5F99
:1097440031342E322E302F636F6D706F6E656E74F0
:10975400732F626C652F636F6D6D6F6E2F626C6516
:109764005F636F6E6E5F73746174652E63000000D7
:109774002F686F6D652F736A6F2F64776D3130308A
:10978400312D6578616D706C65732F6E5246355F4F
:1097940053444B5F31342E322E302F636F6D706F14
:1097A4006E656E74732F626C652F636F6D6D6F6E73
:1097B4002F626C655F7372765F636F6D6D6F6E2E73
:1097C4006300000001000100D897030001000100BC
:1097D400DC970300010000000000000029320300B0
:1097E40039000300626C655F6761747400000000F7
:1097F40073645F626C655F6761705F646174615F0D
:109804006C656E6774685F7570646174652829207F
:10981400287265717565737429206F6E20636F6E8D
:109824006E656374696F6E20307825782072657474
:1098340075726E656420756E6578706563746564B1
:109844002076616C756520307825782E0000000044
:1098540073645F626C655F67617474635F6578638A
:1098640068616E67655F6D74755F72657175657348
:109874007428292072657475726E656420756E652E
:10988400787065637465642076616C7565203078E2
:1098940025782E0073645F626C655F67617474730E
:1098A4005F65786368616E67655F6D74755F726527
:1098B400706C7928292072657475726E65642075E0
:1098C4006E65787065637465642076616C75652077
:1098D400307825782E00000073645F626C655F67E2
:1098E40061705F646174615F6C656E6774685F75F5
:1098F4007064617465282920287265706C79292048
:1099040072657475726E656420756E6578706563D2
:109914007465642076616C756520307825782E0036
:10992400B92F0300E14F0300BD03030085000300CA
:109934002F686F6D652F736A6F2F64776D313030C8
:10994400312D6578616D706C65732F6E5246355F8D
:1099540053444B5F31342E322E302F636F6D706F52
:109964006E656E74732F626C652F626C655F7365D0
:109974007276696365732F626C655F6469732F62C5
:109984006C655F6469732E63000000002F686F6D5F
:10999400652F736A6F2F64776D313030312D6578A0
:1099A400616D706C65732F6E5246355F53444B5F27
:1099B40031342E322E302F636F6D706F6E656E747E
:1099C400732F626C652F626C655F73657276696371
:1099D40065732F626C655F686964732F626C655F81
:1099E400686964732E6300002E2E2F2E2E2F2E2EC8
:1099F4002F2E2E2F2E2E2F2E2E2F636F6D706F6E07
:109A0400656E74732F6C69627261726965732F6518
:109A140078706572696D656E74616C5F736563748B
:109A2400696F6E5F766172732F6E72665F736563C2
:109A340074696F6E5F697465722E68006E72665F1A
:109A4400736468002F686F6D652F736A6F2F647776
:109A54006D313030312D6578616D706C65732F6EAA
:109A64005246355F53444B5F31342E322E302F63D0
:109A74006F6D706F6E656E74732F736F667464654B
:109A8400766963652F636F6D6D6F6E2F6E72665F9F
:109A94007364682E63000000010000074086030021
:109AA4004886030008000000488603005886030027
:109AB40008000000588603006886030008000000C0
:109AC4002E2E2F2E2E2F2E2E2F2E2E2F2E2E2F2EAD
:109AD4002E2F636F6D706F6E656E74732F6C696279
:109AE4007261726965732F6578706572696D656EF0
:109AF40074616C5F73656374696F6E5F76617273B2
:109B04002F6E72665F73656374696F6E5F697465E7
:109B1400722E68006E72665F7364685F626C6500C3
:109B240073645F626C655F6366675F73657428293D
:109B34002072657475726E6564202573207768657C
:109B44006E20617474656D7074696E6720746F2023
:109B540073657420424C455F434F4E4E5F43464706
:109B64005F4741502E00000073645F626C655F6361
:109B740066675F73657428292072657475726E65F3
:109B840064202573207768656E20617474656D7038
:109B940074696E6720746F2073657420424C455F4E
:109BA4004741505F4346475F524F4C455F434F55D3
:109BB4004E542E0073645F626C655F6366675F7307
:109BC400657428292072657475726E656420257326
:109BD400207768656E20617474656D7074696E6752
:109BE40020746F2073657420424C455F434F4D4D84
:109BF4004F4E5F4346475F56535F555549442E00C9
:109C040073645F626C655F6366675F73657428295C
:109C14002072657475726E6564202573207768659B
:109C24006E20617474656D7074696E6720746F2042
:109C340073657420424C455F47415454535F434617
:109C4400475F415454525F5441425F53495A452E31
:109C54000000000073645F626C655F6366675F7336
:109C6400657428292072657475726E656420257385
:109C7400207768656E20617474656D7074696E67B1
:109C840020746F2073657420424C455F47415454DF
:109C9400535F4346475F534552564943455F4348E4
:109CA400414E4745442E000052414D207374617269
:109CB400747320617420307825782C2063616E20C1
:109CC40062652061646A757374656420746F203002
:109CD4007825782E0000000052414D2073697A6582
:109CE4002063616E2062652061646A7573746564C3
:109CF40020746F20307825782E00000073645F6232
:109D04006C655F656E61626C652829207265747587
:109D1400726E65642025732E000000002F686F6D3D
:109D2400652F736A6F2F64776D313030312D65780C
:109D3400616D706C65732F6E5246355F53444B5F93
:109D440031342E322E302F636F6D706F6E656E74EA
:109D5400732F736F66746465766963652F636F6DC3
:109D64006D6F6E2F6E72665F7364685F626C652ED2
:109D740063000000A8850300F085030008000000CC
:109D84002E2E2F2E2E2F2E2E2F2E2E2F2E2E2F2EEA
:109D94002E2F636F6D706F6E656E74732F6C6962B6
:109DA4007261726965732F6578706572696D656E2D
:109DB40074616C5F73656374696F6E5F76617273EF
:109DC4002F6E72665F73656374696F6E5F69746525
:109DD400722E68006E72665F7364685F736F6300EF
:109DE4002F686F6D652F736A6F2F64776D31303014
:109DF400312D6578616D706C65732F6E5246355FD9
:109E040053444B5F31342E322E302F636F6D706F9D
:109E14006E656E74732F736F6674646576696365BB
:109E24002F636F6D6D6F6E2F6E72665F7364685F04
:109E3400736F632E6300000090850300A885030000
:109E4400080000000D9F0300849F0300109F03007F
:109E540053756E646179004D6F6E64617900547559
:109E64006573646179005765646E65736461790034
:109E7400546875727364617900467269646179002B
:109E8400536174757264617900004A616E75617220
:109E940079004665627275617279004D617263681A
:109EA40000417072696C004D6179004A756E6500FD
:109EB4004A756C79004175677573740053657074E5
:109EC400656D626572004F63746F626572004E6FF8
:109ED40076656D62657200446563656D62657200E6
:109EE40000414D00504D0000256D2F25642F25792C
:109EF4000025483A254D3A25530025612025622046
:109F04002565202554202559004300001B850300A6
:109F14003B850300478503005585030075850300D1
:109F240081850300ED840300B984030053756E003A
:109F34004D6F6E0054756500576564005468750074
:109F44004672690053617400004A616E004665629E
:109F5400004D617200417072004D6179004A756E66
:109F6400004A756C0041756700536570004F637457
:109F7400004E6F760044656300002E000000000070
:109F84007E9F0300809F0300809F0300809F030047
:109F9400809F0300809F0300809F0300809F030035
:109FA400809F0300809F0300FFFFFFFFFFFFFFFF71
:109FB400FFFFFFFFFFFF0000549E0300309F0300DC
:109FC4008E9E03004D9F0300E59E0300EC9E03005C
:109FD400F59E0300FE9E0300202020202020202048
:109FE4002068282828282020202020202020202005
:109FF40020202020202020204810101010101010A5
:10A0040010101010101010108484848484848484AC
:10A0140084841010101010101081818181818101BD
:10A02400010101010101010101010101010101011C
:10A0340001010110101010101082828282828202AB
:10A0440002020202020202020202020202020202EC
:10A05400020202101010102000070320041702014E
:05A064000857104080C8
:10A06C00002000400000000080870300000000007A
:10A07C0000000000000000008888030090880300A6
:10A08C0098880300A0880300A8880300B088030008
:10A09C00B8880300C0880300C8880300D088030078
:10A0AC00D8880300E0880300E8880300FFFF000065
:10A0BC001218010005010902A10185010901A10085
:10A0CC009505750105091901290515002501810260
:10A0DC0095017503810175089501050109381581F4
:10A0EC00257F8106050C0A380295018106C0850280
:10A0FC000901A100750C9502050109300931160101
:10A10C00F826FF078106C0C0050C0901A1018503D3
:10A11C00150025017501950109CD81060A83018180
:10A12C000609B5810609B6810609EA810609E981A5
:10A13C00060A250281060A24028106C01532030094
:10A14C001818181818181818181818000090D00398
:10A15C00489E0300489E0300489E0300489E03004F
:04A16C00489E030006
:040000032000324D5A
:00000001FF
