:020000022000DC
:10300000000001203D310200DD300200DF3002000F
:10301000E1300200E3300200E53002000000000071
:10302000000000000000000000000000E730020087
:10303000E930020000000000EB300200ED30020039
:103040000D870200F3300200F58B0200F73002001A
:10305000F9300200FB300200C9890200FF30020093
:103060000131020003310200053102000731020084
:10307000093102000B3102000D3102000F31020054
:103080001131020071910200153102001731020066
:103090000D9202001B310200E5EC02001F3102001C
:1030A00021310200233102002531020027310200C4
:1030B000293102002B310200EF300200EF30020014
:1030C0002D3102002F310200313102003331020074
:0C30D000353102003731020039310200B6
:1030DC00FEE7FEE7FEE7FEE7FEE7FEE7FEE7FEE7BC
:1030EC00FEE7FEE7FEE7FEE7FEE7FEE7FEE7FEE7AC
:1030FC00FEE7FEE7FEE7FEE7FEE7FEE7FEE7FEE79C
:10310C00FEE7FEE7FEE7FEE7FEE7FEE7FEE7FEE78B
:10311C00FEE7FEE7FEE7FEE7FEE7FEE7FEE7FEE77B
:10312C00FEE7FEE7FEE7FEE7FEE7FEE7FEE700BF91
:10313C000F484FF00701884385460E4880470E48DC
:10314C00016841F470010160BFF34F8FBFF36F8FC3
:10315C0000F01AB809480A490A4A884207D0521A9C
:10316C0005D0037801300B700131013AF9D1704769
:10317C00000001203D41020088ED00E0ECF7020068
:10318C00582E0020482F00203A493B480A1A02D0FA
:10319C00072291438D46394939480A1A06D007222D
:1031AC00914381F30988022282F314883548364909
:1031BC00364A00F041F836483649374A00F03CF8B8
:1031CC0036483749374A00F037F837483749384AD4
:1031DC0000F032F837483849384A00F02DF83848B2
:1031EC003849394A00F028F838483949394A00F04A
:1031FC0023F839483949002200F036F83848394963
:10320C00002200F031F838483849091A0CF066F8F9
:10321C00374A904725482649884205D00268043031
:10322C0003B4904703BCF7E700208646EC46002029
:10323C000021304A9047FEE7884214D0521A12D02F
:10324C0003460B4313430324234206D10368043083
:10325C000B600431043AF9D17047037801300B70DC
:10326C000131013AF9D17047884202D00270013025
:10327C00FAE770470000012000F800200000012050
:10328C000000012018190300482F0020D82F00201F
:10329C00043302000433020096F6020018190300EE
:1032AC00482F0020482F0020DCF80200DCF8020038
:1032BC00DCF80200DCF80200DCF80200DCF80200AA
:1032CC00DCF80200DCF8020015190300A819030051
:1032DC00D82F0020D82F0020D82F0020885700206E
:1032EC0088570020885700208857002088590020D4
:0832FC0061310200DD3902001E
:1033040076DF70477ADF70477CDF70478FDF704766
:10331400A8DF704766DF704710B50388212B86B09D
:10332400044665D007D8102B21D0112B4AD0012B8D
:103334007BD006B010BD512B7DD0562B6DD03B2BCE
:10334400F7D1484B5A68032A06D91888464900041D
:1033540040F004000BF012F9A0881321FFF7D0FF0E
:103364000028E6D006B0BDE8104005F013BE3D4B82
:103374005A68022A06D918883C49000440F0030020
:103384000BF0FCF8072000F089FD08B105F002FEFF
:10339400374AA3881380ADF8083000230093012333
:1033A40034481A4602A907F06BFD0446314807F079
:1033B400C7FD08B105F0EEFD002CBAD0204605F09B
:1033C400E9FDB6E7274B5A68022A07D91888227AFA
:1033D4002949000440F003000BF0D4F8244B25489D
:1033E4004FF6FF721A8006B0BDE8104007F0BEBD6C
:1033F4001C4B5A68032A06D918882049000440F057
:1034040004000BF0BBF80023A088ADF8083002A933
:10341400FFF77CFF00288CD0D1E7124B5A68032AAF
:103424009AD918881649000492E7114B002118888C
:10343400FFF770FF94E78379827B002B3FF479AF29
:10344400043A022A3FF675AF022B18BF01238DF808
:10345400083002A94FF4C1738088ADF80C30FFF72F
:1034640057FFD7E7802E002014F90200DCF8020091
:10347400502F002098100300E7F8020000F9020022
:1034840029F9020010B50446032000F003FB20468E
:10349400024ABDE81040082107F074BD3EF902005D
:1034A40010B50446032000F0E9FA2046024ABDE8BC
:1034B4001040082107F066BD50F9020010B512490A
:1034C40012480AF064F9124B5A68022AC4B207D9A6
:1034D400188810490004224640F003000BF052F80B
:1034E4000D48214604F076FB132807D80B4BC34044
:1034F400DB0707D4BDE8104005F04CBD43F201439F
:103504009842F7D110BD00BFE02F0020D82F002033
:10351400802E002061F90200DC3700200101080040
:103524000378052B0AD1064B5A68032A06D9188852
:103534000449000440F004000BF020B8704700BFB9
:10354400802E00207AF90200072808B515D00A2831
:1035540002D0042805D008BDBDE80840002009F0C9
:10356400FFBD0B4B13211888FFF7CAFE30F0080388
:10357400F1D0BDE8084005F00DBD054B1A884FF6A3
:10358400FF739A42E7D1034801F02AFBEEE700BF3C
:10359400502F0020F036002008B5A0B1032816D122
:1035A4000B4B5A68022A06D918880A49000440F0CD
:1035B40003000AF0E3FF022000F070FC38B1BDE81C
:1035C400084005F0E7BCBDE8084009F0C9BD08BDE6
:1035D400802E002088F9020010B50446002000F077
:1035E4005DFC08B105F0D6FC24B900F045FD08B136
:1035F40005F0D0FC012010BD012907B5034604D015
:10360400816891F84111890707D5002211461846AF
:1036140003B05DF804EB08F089BC53680193054BD3
:1036240000931368044A022107F0ACFC03B05DF870
:1036340004FB00BFA4F902009AF9020008B505488A
:10364400032101F0ADF918B1BDE8084005F0A2BCB2
:1036540008BD00BFF036002030B5037885B00446BD
:103664000F2B2AD8DFE803F0082916292B29335A0F
:103674002956295A415A2951294B5A68022A1CD9D8
:1036840018882849000440F0030005B0BDE8304024
:103694000AF074BF224B5A68022A0ED91D8840884A
:1036A40001F0FEFB2D04237A009345F00305024646
:1036B40063881D4928460AF078FF05B030BD002311
:1036C40040888DF80C3003A903F0C8F9F5E706F03B
:1036D40093FE0E2804D844F20113C340DB07ECD454
:1036E40005B0BDE8304005F055BC0D4B5A68032ABF
:1036F40006D918880D49000440F004000AF03EFF82
:1037040005B0BDE83040FFF799BF05B0BDE83040D3
:1037140003F0A8B900690028CFD0E1E78068FAE790
:10372400802E0020B9F90200E2F9020022FA020018
:10373400094B5A68032A10B40AD91C8842880388A2
:103744000649240444F004005DF8044B0AF023BF46
:103754005DF8044B704700BF802E002040FA020041
:1037640008B588B10B4B5A68022A06D918880A4949
:10377400000440F003000AF001FF03F085F938B1BA
:10378400BDE8084005F006BCBDE80840FFF756BF99
:1037940008BD00BF802E002079FA020010B5002277
:1037A400041E4FF48031094818BF012405F0D2FEED
:1037B40008B105F0EFFB2046FFF7D2FF0AF076FDD3
:1037C40008B909F0A3FC0AF03DF9F7E7D036002068
:1037D40000B5AFB00BF0FEF908B105F0DBFB002338
:1037E40006A9012006930BF0ABFA08B105F0D2FB51
:1037F40006A80BF069FB08B105F0CCFB112347497F
:103804008DF804300A2201A8FFF77EFD08B105F007
:10381400C1FB0023ADF81C30414B069306A84FF4BE
:10382400C873ADF81E30FFF76DFD08B105F0B2FBAB
:103834003C493D4802F035F908B105F0ABFBA02244
:10384400002106A80BF07AFE02238DF81830ADF89B
:103854002830364B0B9340F201620123ADF81A2055
:103864008DF894304FF49672B423CDE92823304870
:10387400304B2C9306A900F0F4FF08B105F08AFB45
:103884002B48012100F0EAFF1422002101A80BF0CB
:1038940055FE012211238DF8082027488DF8143095
:1038A40041F2641201A9ADF810208DF8123004F031
:1038B400F0F808B105F06EFB4022002106A80BF0D9
:1038C4003DFE06A81D4901F06FFB112306A8ADF8C3
:1038D400543004F001FA08B105F05CFB03F05EF823
:1038E40008B105F057FB164B069306A803238DF881
:1038F4001C3003F0A9F808B105F04CFB114803F0A3
:103904008BF808B105F046FB0F4806F09BFB08B1A5
:1039140005F040FB2FB05DF804FB00BF86FA0200FF
:103924004001080235370200C8370020482F002024
:10393400F03600209D350200DC37002091FA0200A9
:10394400310710035D3602002535020007B51F4814
:103954000AF0B0FA08B105F01DFB1D4BD3F8F030A6
:10396400DA070AD50323009301231A481A460021D3
:1039740007F086FA08B105F00DFB04F017FE08B154
:1039840005F008FB002004F033FE05F0A1FD08B1AA
:1039940005F000FB04F0A8FD08B105F0FBFA09F0FE
:1039A4008FFB08B105F0F6FA094BD3F8F030DB07CA
:1039B40008D5084807F0C4FA20B103B05DF804EB59
:1039C40005F0E8BA03B05DF804FB00BF09960200F5
:1039D40000ED00E0DC10030037B5FFF7B7FF1A492C
:1039E400032000F067FA08B105F0D4FA0DF10701DD
:1039F400002000F051FB08B105F0CCFA9DF8074017
:103A0400A31E5C425C41FFF7E3FE104910485122BB
:103A140001256423C1E900238D600D7309F090FE34
:103A24000C4A0D48294605F083FD08B105F0B2FAA9
:103A340008F004FE08B105F0ADFA0848214609F083
:103A4400C9FE002003B030BD4D350200E02F002038
:103A5400D82F0020C13402003C110300A13702001A
:103A6400054A4FF0A043125CD3F8043523FA02F060
:103A7400C04300F00100704744110300044B1A5C7A
:103A8400012393404FF0A042C2F80C35704700BFA9
:103A940044110300044B1A5C012393404FF0A042ED
:103AA400C2F80835704700BF4411030008B5002070
:103AB400FFF7F0FF0120FFF7EDFF0220FFF7EAFF19
:103AC400BDE808400320FFF7E5BF08B50020FFF775
:103AD400D5FF0120FFF7D2FF0220FFF7CFFFBDE89B
:103AE40008400320FFF7CABF074A4FF0A041105C0B
:103AF400D1F804350122824022EA03001340C1F8C0
:103B04000805C1F80C357047441103004FF0A04379
:103B14000322C3F87827C3F87C27C3F85827C3F8CF
:103B24003827FFF7C3BF0000054A4FF0A043125CDB
:103B3400D3F8103523FA02F0C04300F001007047B7
:103B4400401103000D2809D00E2809D00F2809D0F0
:103B5400102814BF4FF0FF30032070470020704737
:103B64000120704702207047014B185C704700BF6A
:103B7400401103000220FFF7B7BF00002DE9F04712
:103B840080460D46FFF7DEFF0328044604D8012DC6
:103B940004D0022D31D01DB3BDE8F0871A4E00EBDE
:103BA4004003F218F55C5378470053B1DFF868908E
:103BB40016484A464FF4004105F0CCFC08B989F890
:103BC400008027443E44124BB2781A55002DE3D0AE
:103BD400104B1B68002BDFD02846BDE8F047184780
:103BE4000A4805F0FFFC084B04EB440213449D789B
:103BF400074B1B5DAB42CFD1E8E7034B00EB40041E
:103C040023445D78E2E700BF1C380020FC37002025
:103C1400F437002028380020F837002000780221EB
:103C2400FFF7ACBF08B5094B1B7853B10020FFF771
:103C340031FF0120FFF72EFFBDE808400320FFF706
:103C440029BFBDE80840FFF731BF00BF6C38002032
:103C5400F8B5854D2B7804461BB100232B70FFF774
:103C6400E1FF172C1ED8DFE814F018002000200014
:103C74004B006B007C008D0097009D00A2009D000E
:103C8400A200AA00AF00AF00AF00AF00AF00D900A0
:103C9400DE00E600EE00F900F900FFF7C3FF734B06
:103CA40000221A7000252846F8BD0020FFF7D8FE30
:103CB400F0B10020FFF7EEFE022C14BF4FF47A653A
:103CC4004FF4E165694B1C7000244FF400464FF437
:103CD400FA7021464FF47A720023E5FB06010BF0DB
:103CE40069FA22460146BDE8F840614805F032BC55
:103CF400FFF7C4FE022C14BF4FF4C875C825E1E7D2
:103D04000020FFF7ADFEB8B10020FFF7C3FE4FF46B
:103D14004874564B032200254FF400464FF4FA70C2
:103D240029461A70E4FB06014FF47A7200230BF063
:103D340041FA2A460146D6E7FFF7A0FEC824E8E781
:103D44000020FFF78DFE38B10020FFF7A3FE4FF4EB
:103D54007A64464B0422DEE7FFF790FE4FF4C87402
:103D6400F7E70020FFF77CFE48B10020FFF792FE42
:103D74003E4B05221A7041F69A110022B3E7FFF771
:103D84007DFEF5E70020FFF7AFFE384B06221A70E0
:103D9400002240F6CD41A6E70020FFF76FFE334B2B
:103DA40007227EE701202870FFF79EFEF0E701203E
:103DB4002870FFF799FE00224FF4804193E7FFF744
:103DC40084FE2A4B0C226CE72A482B4E05F00AFC91
:103DD400D4F1110405461CD0D8B9012C13D0C82342
:103DE4005C4329464FF400474FF4FA704FF47A725B
:103DF4000023C4FB07010BF0DDF92A4601461D48E8
:103E040005F0A8FB05460220FFF738FE01233370B6
:103E140049E70220FFF73EFE0023F8E7FFF702FF21
:103E2400124B12223DE7FFF7FDFE0020FFF726FEAE
:103E34000E4B132235E7FFF7F5FE0120FFF71EFEB8
:103E44000A4B14222DE7FFF7EDFE0020FFF716FEC4
:103E54000120FFF713FE054B152222E7FFF735FE7D
:103E6400024B1C701EE700BF743800207538002018
:103E74004C3800202C3800206C380020044B1B6880
:103E8400DB0703D5034B1878FFF7E2BE704700BF8A
:103E94007038002075380020FFF746BE044B1B68BD
:103EA40013F0010301D0FFF7D3BE1846704700BFDB
:103EB4007038002038B51C4B18601C4B10F00204FD
:103EC400054619601AD01A4B1A480E221A700F228E
:103ED400DA7010229A7111225A72042140F2666239
:103EE40004F0F0FF044648B905F03EF8044628B94A
:103EF4000146114A114805F01BFB0446EB0701D5A6
:103F0400FFF704FE6CB921460D4A0E4805F010FB7C
:103F1400044630B9BDE838400B4A0C48012105F08D
:103F240007BB204638BD00BF703800202838002069
:103F34001C38002048110300213C020068110300D2
:103F4400813E020070110300793B02006C110300F2
:103F5400032811D8012A0AD101290FD100F10E0238
:103F6400D2B20D4B00EB40001A54002070470129D7
:103F7400F7D0022904D049B1072070470022F8E79E
:103F8400054B00EB400003445A70EEE7024B00EB94
:103F9400400003449A70E8E71C38002008B5FFF796
:103FA400E3FD800000F1A040D0F8003723F4403353
:103FB400C0F80037D0F8003743F44033C0F8003776
:103FC400002008BD08B5012202210020FFF7C0FF30
:103FD40008B1072810D1072202210120FFF7B8FFFA
:103FE40008B1072808D100210A220846FFF7B0FFCC
:103FF40010B1072808BF002008BD00000388102B5B
:1040040010B502D0112B22D010BD194C2168D1B9A2
:1040140001220846FFF79CFF08B107280FD10722A9
:1040240002210120FFF794FF08B1072807D10422D9
:1040340002210020FFF78CFF28B1072803D00D4B85
:104044001B6803B19847236801332360DCE7084AFF
:104054001368013B1360002BD6D1FFF7B3FF002890
:10406400D2D0044B1B68002BCED0BDE810401847BB
:10407400783800207C38002008B50020FFF78EFF38
:1040840008B1062806D10120FFF788FF10B10628E1
:1040940008BF002008BD00000D4B10B518600C4689
:1040A40029B10120FFF7F8FE40B102232370094B28
:1040B4001B6853B9BDE81040FFF784BFFFF7ECFE5F
:1040C40008B10B23F2E72070F1E7002010BD00BF18
:1040D4007C380020783800204FF0704393F8E02FAC
:1040E400062A10D1D3F8E42F12070CD1D3F8E80F25
:1040F40000F0F003302B08D000F0E000A0F1400302
:1041040058425841704700207047012070474FF0D3
:10411400704393F8E02F062A0CD1D3F8E42F12074A
:1041240008D1D3F8E80F00F0F000A0F130035842B2
:10413400584170470020704708B5FFF7CDFF40B1E4
:104144004FF08053804AD3F82433C3F30423C2F8D6
:104154004035FFF7DCFF10B17C4B7D4A5A67FFF70F
:10416400BBFF48B14FF080534FF08042D3F8443244
:10417400C3F34233C2F83C35FFF7C9FF30B1754A87
:10418400D2F8FC3023F08073C2F8FC30FFF7A4FFB0
:1041940040B14FF080430022C3F80C21C3F8102132
:1041A400C3F83825FFF7B3FF20B14FF08043032253
:1041B400C3F8A025FFF7ABFF60B1674B0522C3F836
:1041C40010260122C3F888260022C3F818263F22AD
:1041D400C3F814264FF0704393F8E02F062A50D109
:1041E400D3F8E42F11074CD1D3F8E83F03F0F003E0
:1041F400502B46D14FF08052584BD2F80414C3F8D8
:104204002015D2F80814C3F82415D2F80C14C3F8F6
:104214002815D2F81014C3F82C15D2F81414C3F8C6
:104224003015D2F81814C3F83415D2F81C14C3F896
:104234004015D2F82014C3F84415D2F82414C3F856
:104244004815D2F82814C3F84C15D2F82C14C3F826
:104254005015D2F83014C3F85415D2F83414C3F8F6
:104264006015D2F83814C3F86415D2F83C14C3F8B6
:104274006815D2F84014C3F86C15D2F84424C3F876
:104284007025FFF729FF48B14FF080534FF080426B
:10429400D3F8583203F04F03C2F8E43EFFF71CFF93
:1042A40048B14FF08043D3F80024D20744BF6FF0E5
:1042B4000102C3F80024274AD2F8883043F470037B
:1042C400C2F88830BFF34F8FBFF36F8F4FF01023C6
:1042D400D3F80022002A03DBD3F80432002B2EDAB1
:1042E4001F4B0122C3F80425D3F80024002AFBD075
:1042F4004FF010221521C2F80012D3F80024002A2E
:10430400FBD04FF010231522C3F80422144BD3F82A
:104314000024002AFBD00022C3F80425D3F800248B
:10432400002AFBD0BFF34F8F0A490E4BCA6802F430
:10433400E0621343CB60BFF34F8F00BFFDE70A4B2E
:104344000A4A1A6008BD00BF0030014000C007409F
:104354000DF0ADBA00ED00E00050004000C0004098
:1043640000E001400400FA05B42F00200090D003BF
:104374006DDF704772DF704779DF70477DDF70470C
:1043840064DF70472DE9F04F85B000260E9CBDF820
:104394003CB0B4F800A00191074690461D46B146D2
:1043A4003A884A4505DC002E37D1002005B0BDE827
:1043B400F08F7A6852F82900039000220DF10B0166
:1043C40003A8FFF7DDFF0028F0D19DF80B2042453C
:1043D40020D1228886F0010002EB080101EB4001A4
:1043E400594524DC3EB9013292B2019B2280AB5480
:1043F40022880132228022880DF10B012A4403A86D
:10440400FFF7BEFF0028D1D121889DF80B200A4474
:104414002280012609F10109C2E72388013BA3EBAD
:104424000A039BB2FF2B02D805F80A30BDE70C2023
:10443400BCE72DE9F341089FBDF824801546CDE97A
:104444000078022204461E46FFF79CFF50B933460B
:10445400102229462046CDE9087802B0BDE8F04193
:10446400FFF790BF02B0BDE8F0812DE9F04F0023C3
:10447400178885B0138090F82D3006460D461446F3
:104484005BB3082F40F2AF8102A8FFF771FF002849
:1044940040F0E2802388DDF809100822EA542388DA
:1044A40001339BB21B222380EA54238801339BB23D
:1044B400EA182380E950BDF80D30938023889DF8D5
:1044C400082006339BB2012A88BF0122238094BFAF
:1044D400E854EA54238801332380B37803B3238850
:1044E4000433BB4200F27F8102A8FFF745FF002896
:1044F40040F0B28023880322EA54238801339BB21C
:1045040019222380EA542388BDF8082001339BB282
:10451400E9182380EA54120A4A702388023323805C
:10452400F278A2B12388D91CB94200F25C8102213D
:10453400E954238801339BB201212380E954238861
:104544000B449BB22380EA5423880B442380736872
:10455400B3B193F900202388D91CB94200F24381F6
:104564000221E954238801339BB20A212380E954B0
:10457400238801339BB22380EA54238801332380A8
:104584003389002B5DD1338A53B1CDE900472B46E3
:104594000722032106F11000FFF74BFF00285BD12F
:1045A400338B53B1CDE900472B461522142106F174
:1045B4001800FFF73EFF00284ED1326A002A4ED180
:1045C400D6F82480B8F1000F31D0B8F8043021882F
:1045D400981C8A1C0244BA4200F20581FE2800F2AB
:1045E400028103336B54238801339BB2FF2223805F
:1045F400EA54238801339BB22380B8F80020EA549C
:10460400E918120A4A702088023080B22080B8F873
:10461400042062B1D8F80810002900F0E68028448C
:104624000AF05AFF2388B8F804201344238096F82C
:104634002C30002B59D13378002B40F09780002088
:104644000AE0CDE900472B460622022106F10800C4
:10465400FFF7EFFE002896D005B0BDE8F08FB4F860
:1046640000C00CF10603BB4200F2BD80118805298D
:1046740040F2BB806FF4486E01EB0E039BB24FF225
:104684007D3E734540F2B1805388052B40F2AD80E6
:104694006FF44860181880B2704540F2A6804FF657
:1046A400FF70814202D0994200F29F80052305F8F1
:1046B4000C30238801339BB212212380E9542388D0
:1046C40001339BB223801188E954E818090A417028
:1046D400238802339BB223805288EA54E918120AD1
:1046E4004A702388023323806AE7B36A002B7CD0A4
:1046F4004FF000094FF00C0A4FF0160B96F82C30CF
:104704005FFA89F2934296D9B16A0AFB02F201EB8D
:104714000208B8F80430981CFE2864D820880333B3
:104724002B54238801339BB2238005F803B02388DC
:1047340001339BB223808A5AEA54E918120A4A7058
:104744002088023080B22080B8F804205AB1D8F80A
:104754000810002949D028440AF0BEFE2388B8F87E
:1047640004201344238009F10109C7E73288012A90
:104774003BD02288901CB84235D8012B04D17378E1
:10478400023313449F422ED3023FBF1ABFB202A981
:104794002844ADF80870FFF7F1FD00287FF45CAF02
:1047A4003378022B16D1BDF80830BB4219D9ADF8C5
:1047B40008700821BDF80830FE2B14D82288013374
:1047C400AB542288013292B22280A9542288134425
:1047D400238034E7012BEAD173789F4228BF1F4618
:1047E400E5E70921E6E70C2036E7072034E730B592
:1047F40093B01F230D46ADF80430ADF806300446DF
:1048040010B3C3785B0702D4072013B030BD01AAEC
:1048140002A9FFF72AFE0028F7D102ACBDB1EB785C
:10482400002BF1D10DF106020AA92846FFF71DFE5F
:104834000028EAD10AAD9DF806309DF804102A46F6
:104844002046FFF797FDE0E7ADF80400E6E7ADF892
:104854000650F0E773DF704774DF704780F8241068
:104864007047F8B504460D46002900F097800028EB
:1048740000F094800026C670012301F1780C0370C7
:10488400071DBCE80F000FC79CE80F0087E80F0066
:1048940084F82460D5F89830C4F8CC30D5F89C302E
:1048A400C4F8D03004F130074FF6FF73A4F8C830D1
:1048B400C4F825603146A6623C2238460AF03EFE22
:1048C4002B7884F83030AB7884F83230EB7884F885
:1048D40033306B7884F83130D5E9040104F14003B6
:1048E40083E80300D5E9020104F1380383E80300F7
:1048F400D5E9060104F1480383E8030095F82D3057
:1049040084F85D306B6AB3B9AA6A52BB2B6A43B1AF
:1049140004F1C40222655A881B88A4F8C620A4F8AE
:10492400C4306B6803B1636305F13C013846BDE8EC
:10493400F840FFF75CBF04F16C02626504F1780291
:1049440062671A88A4F86C209A88A4F8702004F18D
:104954007701B242D8D99868805D01F8010F013619
:10496400F7E704F1A403C4F8A03004F19803918894
:10497400A3651388A4F89830A4F89C1004F1A3004C
:104984000023994204D895F82C3084F85C30BDE7B4
:104994009668F65C00F8016F0133F2E70E20F8BD6B
:1049A400F0B5067885B004460D46002E00F0CC80A4
:1049B400C170002008F012F920B1012363700020B7
:1049C40005B0F0BDE388C4F8250004F12507A06212
:1049D40013B1E378012B04D0E37953B1E378022BCC
:1049E40007D1D4F8CC30A3B1012284F82C200820BC
:1049F40098473B4604F12B0113F8012F12B9994251
:104A0400FAD116466B1E032B31D8DFE803F00508F4
:104A14000B0D84F82C30ECE7A37903B13EB9E379AC
:104A240003B136BB237A33BB657AAD00EDB2D4F85B
:104A3400CC30E5700BB3033D012D1ED86279E2B191
:104A440094F8D420CAB984F8D620012284F8D52059
:104A5400072098471022002168460AF06FFDE3788A
:104A6400042B13D8DFE803F0660D1C294800002549
:104A7400DDE70225DBE70325D9E7002384F8D530F9
:104A8400E8E70123A37001978DF80030E378002B49
:104A940052D1D4F8CC30002B91D0A07898478EE72F
:104AA4000223A37001238DF800302369ADF80C3084
:104AB400E3680197ADF80A30E8E76369ADF80A30B6
:104AC400A369ADF80C306379A3B194F8D41089B913
:104AD40094F8D63073B102238DF80830042384F897
:104AE400333004F13000FFF782FE0028CED10523D5
:104AF400A370CBE70323FBE7E369ADF80A30236A2D
:104B0400ADF80C3063799BB194F8D41081B994F862
:104B1400D6306BB102238DF80830042384F8333087
:104B240004F13000FFF763FE0028AFD10623DFE76E
:104B34000423DDE70023DBE794F824106846FFF73D
:104B440089FE0028A5D03BE7082039E70388112B0C
:104B540010B50C460AD01B2B20D0102B05D1C27BDC
:104B64008388012A01D1A1F8C83010BD00228388AE
:104B740081F8D420B1F8C8209A42F6D10B79002BE1
:104B8400F3D101212046FFF70BFF0028EDD0D4F824
:104B9400D030002BE9D0BDE810401847037A002B31
:104BA400E3D1C97805230131B1FBF3F303EB8303AC
:104BB400C91AC9B2E6E70238012810B50C460ED866
:104BC4004B7863B100234B702046C978FFF7E8FEA9
:104BD40028B1D4F8D03013B1BDE81040184710BD47
:104BE40038B50446FFF738FE012384F8D430002199
:104BF400062384F8D61084F8333004F13000FFF72C
:104C0400F6FD054640B9E1782046FFF7C9FE18B124
:104C1400D4F8D03003B19847284638BD034B1A88DE
:104C240082420CBF18460020704700BFA438002001
:104C3400024B9B6903B11847704700BF88380020B6
:104C440013B50B46497A02460E4871B9D0E90141C1
:104C5400187A002808BF2146586804F07BFC78B114
:104C640002B0BDE81040FFF7E3BF002119724369A9
:104C740033B101218DF80410ADF8062001A898473E
:104C840002B010BD883800204B8802889A4212D89E
:104C940042889A420FD380888B8840F2F31188426D
:104CA40094BF021A421A9A4205D80844984234BF63
:104CB4000020012070470020704700000388122B59
:104CC40070B5014659D004D8102B1ED0112B44D0F6
:104CD40070BD502BFCD12F4BC288DB899A42F7D18F
:104CE400038A022BF4D186883046FFF797FF0546E6
:104CF4000028EDD001F1120000F04CF938BB6868CF
:104D040004F070FC0028E3D00AE0C37B8688012B02
:104D1400DED14FF6FF70FFF781FF054620B904206E
:104D2400BDE87040FFF784BF1B4A0680002303726E
:104D34001368C0F80A305368C0F80E3010310A30D6
:104D4400FFF7A2FF134B6872DB89002BC0D1294601
:104D54003046BDE87040FFF773BF8088FFF75EFF01
:104D640004460028B4D0406804F03CFC08B1FFF7C6
:104D74005FFF4FF6FF732380AAE786883046FFF76C
:104D84004DFF05460028A3D008310A30FFF77CFF09
:104D94006872DCE788380020803800202DE9F04371
:104DA4000388112B95B004464DD01A2B51D0102BEB
:104DB40064D1344DD5E91132291D23EA020203A836
:104DC40008F0A6FC00260DF10E07B04605F14409D3
:104DD400039B9E420ED3686CA688C04308F046FC31
:104DE4004FF6FF73984210D1042015B0BDE8F0438C
:104DF40004F0D0B8CDF8008037F8023F22481D22D5
:104E0400494608F049FC0136E2E7204905EB400534
:104E14000123A1F144003246AE8008F05CFC1C4939
:104E24000123A1F14000324608F055FCE37B194907
:104E34009A1E53425341A288A1F1480015B0BDE81F
:104E4400F04308F048BC114982880023A1F14400D2
:104E5400F4E7037A104982881F2B94BF00230123AF
:104E6400A1F14C0008F037FC237A0C49A2882F2BBF
:104E740094BF00230123A1F15000DFE715B0BDE882
:104E8400F08300BFB8380020BC380020003900206F
:104E9400FC38002004390020083900200C39002097
:104EA40038B5084C05460246616C201D08F01CFC10
:104EB40030B1E16C2A46201D08F016FC0130C0B266
:104EC40038BD00BFB838002002460248016D0430E6
:104ED40008F00ABCB838002010B5044904464A6CEE
:104EE400043108F015FC204610BD00BFB83800207E
:104EF4000B490B6813F0010030B50AD001241828BF
:104F04000AD004FA00F21A4200F1010505D1C0B238
:104F140000E0012213430B6030BD2846EFE700BFD9
:104F2400B838002010B4094C0246012320688B4095
:104F3400184007D004EB8101201D896D5DF8044BF6
:104F440008F0D2BB5DF8044B704700BFB8380020AE
:104F540030B4084C1346256801228A402A4207D0FF
:104F64001631024604EB8101201D30BC08F0B3BBAE
:104F740030BC7047B8380020054A012301468340FD
:104F8400106818401CBF02EB8102906D704700BF8F
:104F9400B8380020008800F0010070470B780370D7
:104FA4004B7843700220704738B5044608460D46D6
:104FB4000AF0F9F96560208038BD10B504464088D0
:104FC40000F028FCA0802046BDE8104001F0D2BCCF
:104FD40030B587B005460C461422002101A80AF01A
:104FE400ADFA072301A88DF80430ADF806500394F8
:104FF400FFF7E3FF07B030BD10B586B004461422B6
:10500400002101A80AF09AFA4FF6FF739C42ADF80A
:10501400064017D0204600F076FA112801461CD02D
:1050240006D888B10B2816D02046FFF7D1FF03E03D
:1050340043F202039842F7D10022094B2046197823
:10504400FFF786FF06B010BD0E2301A88DF80430CB
:10505400FFF7B3FFF0E70F23F7E70122EDE700BF07
:10506400723900202DE9F04F97B00546FFF784FF11
:1050740048B105A8FFF730FF0DF116094FF00008FD
:10508400059B984502D317B0BDE8F08F39F8024F5D
:1050940029462046FFF746FF064630B14A4B1B78A7
:1050A400AB4205D12046FFF7A7FF08F10108E7E767
:1050B400464B1B78AB423AD14548002101F0CCFE67
:1050C40006460028F1D0204600F0D2F98628014691
:1050D4001AD006D830B3112827D02046FFF778FF1E
:1050E40003E043F202039842F7D100273E46374BD0
:1050F400324619782046FFF72BFF002FC3D13448DE
:10510400394601F0B6FED0E71422002168460AF0C1
:1051140015FA062368468DF80030ADF80240FFF713
:105124004CFFE2E737460646E1E70027DFE7DFF812
:10513400A4B09BF80030AB42B7D1DFF89CA0204666
:105144009AF80010FFF7EEFE07460028ADD120467E
:1051540000F03AFA1128014622D008D806282CD0AB
:1051640008282AD078B12046FFF732FF18E043F22E
:105174000203984214D043F201439842F3D12046EB
:10518400FFF73AFF0CE0142268460AF0D7F910231F
:1051940068468DF80030ADF80240FFF70EFF374641
:1051A4009BF8001032462046FFF7D2FE9AF8001012
:1051B4003A462046FFF7CCFE77E7204600F02AFB6C
:1051C40000F01CFA0026EBE7723900207339002046
:1051D40074390020713900207039002010B503782B
:1051E400044673B94088FFF707FF608800F0DAF9D6
:1051F40038B1044B60881978BDE810400122FFF7EC
:10520400A7BE10BD7139002073B503781E4E082B5C
:10521400044608D1417A31B9057A072D09D0082D01
:105224002ED0012D11D0307802B0BDE87040FFF7C8
:1052340019BF808800F014FB4FF6FF739842F2D038
:1052440031780122FFF784FEEDE780886A4629461B
:1052540001F07EF90028E6D1019B1B78002BE2D0F7
:10526400A08800F0FDFA4FF6FF739842DBD0074C9C
:105274002A462178FFF76CFE2078FFF7F3FED2E789
:10528400034801F0F6FDCEE77339002071390020A0
:105294007439002070B5FFF72BFE104E104D30709E
:1052A400FFF726FE2870FFF723FE0E4C2070FFF751
:1052B4001FFE0D4B18703378182B0DD02B78182B3C
:1052C4000AD02378182B07D0182805D007480121C5
:1052D40001F0BBFD002070BD0320FCE77339002002
:1052E400723900207139002070390020743900208F
:1052F40070B503888488254D522B86B00DD0542B6D
:105304000FD0502B2DD0224B1878FFF7ABFE287806
:1053140006B0BDE87040FFF7A5BE2046FFF76CFE5F
:10532400F1E71422002101A80AF008F9112320460C
:105334008DF80430ADF8064000F06CFAADF80800C2
:1053440000F05CF9134B204619780022FFF700FEA9
:10535400204629780022FFF7FBFD01A8FFF72DFE68
:10536400D1E7037B012BCED1827A012ACBD10189EB
:1053740042F602139942C6D1074E20463178FFF710
:10538400E7FD3078FFF76EFEBDE700BF71390020FE
:10539400723900207039002073390020F0B593B0C1
:1053A40000F0F2F801A8FFF797FD104F00244FF624
:1053B400FF76019AA3B29A4206D80C4B187813B020
:1053C400BDE8F040FFF74EBE12AA02EB430333F8E8
:1053D400405C284600F01EFAB04204D1397801221C
:1053E4002846FFF7B5FD0134E3E700BF713900201B
:1053F400A7DF7047A9DF7047AADF7047ABDF7047AC
:1054040073B50F4B0F4D93E803006C4684E803001B
:1054140000222888214601F0C2F94FF6FF760346A0
:105424002888B04201D0112B01D102B070BD01F027
:10543400A8F900222146288001F0B1F90346EFE7DC
:105444007C11030078390020044B1A884FF6FF734F
:105454009A4201D0FFF7D4BF704700BF78390020CB
:10546400024B4FF6FF721A800020704778390020F3
:105474002DE9F347814600F0CDF94FF6FF739842CA
:1054840006463DD001274FF0030A3A466B460821F1
:10549400304601F061F80137BFB2044658BB0199A8
:1054A4000A46032342F804AB06314846FFF7A4FF3B
:1054B400054648B932460821304601F04FF9044602
:1054C400204602B0BDE8F0870C280ED005280FD086
:1054D400A0460821304601F0DBF800280CBF2C461A
:1054E4000324B8F1000FD0D1EAE74FF00108F0E748
:1054F4002546A046EDE7072814BF04460C24DFE741
:1055040043F20204DCE72DE9F341074600F082F997
:105514004FF6FF73984218D10024032526464FF016
:1055240001082B46224631463846FFF763FF04281C
:1055340016D008281AD00B2813D115F0020317D15E
:10554400D6B9ECB902B0BDE8F0816A46082100F092
:10555400FFFF0028E0D1019B9C881D689E1DDEE7AB
:105564001120B8F1000F08BF0B20EBE70020F8E78B
:1055740001254FF00008D4E703251C461E46F8E732
:1055840003253446F5E7000008B54FF6FF7001F037
:10559400F8F8034B1880BDE80840FFF731BF00BF9F
:1055A400783900201FB50DF10703039300F032F999
:1055B40002AA012100F0CCFF20B9039B187805B0A2
:1055C4005DF804FB0020FAE770B505460A48FFF7CA
:1055D40015FF70B9084C43F2030621884FF6FF7299
:1055E4002846FFF705FFB04204D123880133238006
:1055F400F3E7032070BD00BF7639002013B5074AD6
:10560400044692E803006B4683E80300002219462F
:10561400204601F0C4F802B010BD00BF841103009D
:1056240043DF704770B5084D084E00243178688810
:10563400FFF778FC08B9E0B270BD0134142C05F111
:105644000C05F3D1FF20F7E77C3900207A390020DC
:1056540010B50A4B19780446FFF764FC58B1084AA0
:1056640000235188A14201D1D8B210BD0133142BBB
:1056740002F10C02F5D1FF20F7E700BF7A390020D0
:105684007C39002010B50C46FFF7E2FFFF281FBF4E
:105694000C235843014B1C5210BD00BF7C39002021
:1056A40038B505460C4609B9FF2038BD4FF6FF73DF
:1056B4009842F9D00E4B01221978FFF749FC28468D
:1056C400FFF7C6FFFF2803D1FFF7ACFFFF28EBD09D
:1056D40008490C2242438B185D804FF6FF758D52AA
:1056E40022685A60A2881A81A2799A72DDE700BF03
:1056F4007A3900207C390020421E00F10F0312F891
:10570400010F10B99A42FAD170470120704708B5C9
:1057140068B169B103780A785340012B08D806228E
:105724000131013009F01AFEB0FA80F0400908BDD9
:105734000020FCE72DE9F04100F101084D1C06466C
:105744000F4610222946404609F008FE044610BBC5
:105754004046FFF7D1FF18B12846FFF7CDFF0446B6
:10576400737C03F0FC03042B19D07B7C03F0FE054F
:10577400042D14D007F1110106F11100FFF7C7FF42
:1057840058B9AB1F18BF01230CB183F0010404F016
:105794000100BDE8F0810024E2E7062D01D10023D9
:1057A400F2E70124F3E77FB505460E4600F0B0FCAE
:1057B40002AA0DF10601072000F0B2FC10B94FF661
:1057C400FF7409E0BDF80640B442F1D003992846BD
:1057D400FFF7B0FF0028EBD0204604B070BD0000F6
:1057E40038B50A4D18232B70094B14244FF6FF7259
:1057F400013C5A8003F10C03FAD1FFF779FB2870BE
:10580400182814BF2046032038BD00BF7A39002071
:105814007C39002008B5FFF71BFFFF281DBF0C23B0
:105824005843034B4FF6FF7018BF185A08BD00BF0A
:105834007C39002010B50C46FFF70AFFFF280BD077
:10584400064B0C2202FB0030436823600389A380CB
:10585400837AA371002010BD0520FCE77C39002069
:10586400084A30B500230C2404FB03F18D18515A67
:10587400814201D1688830BD0133142BF4D14FF635
:10588400FF70F8E77C390020038843B9421C00F11B
:10589400090312F8010F10B99A42FAD17047012096
:1058A400704710B50446FFF7EFFF58B122880B8804
:1058B4009A4208D108220231A01C09F04FFDB0FA27
:1058C40080F0400910BD0020FCE730B585B00446E7
:1058D40000F01EFC02AA0DF10601072000F020FCD6
:1058E40010B94FF6FF7008E0039D204605F146010C
:1058F400FFF7D7FF18B1BDF8060005B030BD05F1BC
:105904002A012046FFF7CDFF0028E3D0F3E7FFF795
:10591400B9BE38B50446FFF7A3FF0546204600F09C
:10592400CCFE4FF6FF718D42044603D010B92846D1
:10593400FFF7A8FE204638BD70B58CB014466A4601
:105944000D4600F11003164613F8011D02F8011B61
:105954009842F9D10D22002104A809F0EFFD2B781B
:105964008DF81F306B788DF81E303046AB788DF88B
:105974001D30FFF755FE9DF82F3023709DF82E3013
:1059840063709DF82D30A3700CB070BD1FB5034635
:1059940008461A7802F0FE02042A1BD1DA78B3F81A
:1059A40001108DF806209A88ADF804109B79ADF8A3
:1059B4000C2003A902AA8DF80E30FFF7BDFF0322C5
:1059C40002A901A809F0CAFCB0FA80F0400905B0A8
:1059D4005DF804FB0020FAE730B50388102B95B07E
:1059E4004CD1041D0FCC07AD0FC50FCC0FC50FCC88
:1059F4000FC523682B609DF8203003F0FE03062BAF
:105A040046D000F085FB9DF82030032B4FEA53026B
:105A140036D9022A3CD102AA0DF10601072000F072
:105A24007FFB002834D0039908A80131FFF7AEFFAB
:105A34000028F0D005E0039908A81131FFF767FEAC
:105A4400F0B1BDF80640BDF81C5008A92846FFF780
:105A540027FE4FF6FF739C4210D021462846FFF7DD
:105A640011FE002302A8ADF80A50ADF80C408DF8E1
:105A7400083000F081FF02A8FFF7B0FB15B030BD7D
:105A840002AA0DF10601072000F04AFB0028D2D13A
:105A94004FF6FF74D7E790DF70479EDF7047ADDFA6
:105AA400704780B14FF0F7130360FB230371F723B2
:105AB400C3801723038141F6FB3200230161438134
:105AC4008281184670470E20704718B109B90089C1
:105AD40070470020704700002DE9F0430C46818890
:105AE40085B00546002940F0C3810388242B00F0CB
:105AF400098126D8112B00F0D780232B00F0708168
:105B0400102B66D0A37A002B00F0B281E18800202C
:105B1400FFF7C3FF0346002840F09A814FF48072D8
:105B240062819F4A5168032940F2A28110889D49ED
:105B3400E288000440F0040005B0BDE8F04308F03A
:105B44002ABD3A2B00F0B980552BDBD1944EC58881
:105B54007368032B08D9308800040A462B469249FF
:105B640040F0040008F017FDE3887068172D2A46FA
:105B740038BF17229A4228BF1A46002103282281DF
:105B8400A17207D9308800910004884940F00400CC
:105B940008F00BFDE1880020FFF781FF024640B1C9
:105BA400736833B130888249000440F0010008F082
:105BB400E9FCE37A002BA5D12369002BA2D040F69F
:105BC400772202922289ADF80C2002A92046984738
:105BD40098E7C37B22792273012B48D0022B49D04A
:105BE400E2882389934214D26D4D6B68032B07D945
:105BF400288870490004002340F0040008F0CBFC1E
:105C0400E1880020FFF749FF0246002834D1012330
:105C1400E372227B637B9342BFF474AF604E73687C
:105C2400032B07D9308864490004002340F00400A2
:105C340008F0B1FC0025237BADF808302A4602A900
:105C44002846ADF80A300395FFF725FF03460028E0
:105C54003FF458AF7268002A3FF454AF3088574974
:105C640000042A4640F0010008F095FC4AE7238826
:105C7400E380B5E76388FBE711286B680CD1012248
:105C8400032BA272C5D928884D490004002240F094
:105C9400040008F077FCBCE7002BBAD028884949F7
:105CA400000440F00100F4E7F723E3801723238185
:105CB40041F6FB336181A38124E74289E3889A4258
:105CC40028BF1A46364B5868172A38BF17220328AC
:105CD400228107D9188800040B4640F004003A4991
:105CE40008F059FC236953B1E27A42B140F67722B5
:105CF40002922289ADF80C2002A92046984700237D
:105D04006381FFE6264D027A6B68B0F80880B0F82C
:105D14000A908689C7896273032B33D928880004C3
:105D24000B4640F00400294908F035FC6B68032B4E
:105D340028D92888264900044A4640F0040008F07F
:105D440021FC6B68032B1DD9288822490004424694
:105D540040F0040008F016FC6B68032B12D9288865
:105D64001D4900043A4640F0040008F00BFC6B683F
:105D7400032B07D9288819490004324640F004004F
:105D840008F000FC2369002B3FF4BCAE00228DF820
:105D94000D204DF67A220292627B8DF80C2014E7D6
:105DA400982E002086FE02009EFC0200D8FC020011
:105DB40017FD0200F8FA0200CBFB020006FC020009
:105DC40035FB020087FB020063FC020059FD020060
:105DD40088FD02009AFD0200ACFD0200BCFD020039
:105DE400254E077A7368032B08D9308800040A46C5
:105DF4003B46224940F0040008F0CDFB227B0023FF
:105E040003937368BA4228BF3A46032BADF80820BF
:105E1400ADF80A2007D93088AB881949000440F04E
:105E2400040008F0B8FB0022A88802A9FFF733FE9B
:105E3400024600283FF466AE7368002B3FF462AE5E
:105E440030881049000440F0010008F09BFB59E63B
:105E540011280DD0084A516851B110880A4900042C
:105E64001A4640F0010005B0BDE8F04308F08ABBD3
:105E740005B0BDE8F08300BF982E0020CCFD0200E1
:105E840009FE02003EFE020087FB0200031F042BF2
:105E940003D9431E584258417047012070474FF6BA
:105EA400FF73438000F0B4BA2DE9F04100238AB0B7
:105EB4004FF6FF70CDE9003300F018FD4FF6FF7583
:105EC4000446AC4218D11E4F3E7896B94FF6FF7384
:105ED4009C420ED0A4F580404FF0010880B287F8B0
:105EE400008004F063FA0828054616D1154B83F8A0
:105EF40000800AB0BDE8F081A4F580406A4602A99A
:105F040080B204F0B7FA0A28DDD1204600F094FCF0
:105F1400204600F0EBFC0446D3E70028E9D0142225
:105F240031460DEB02003E7009F008FB072305A87B
:105F34008DF81430ADF818400795FFF7B0FFD8E797
:105F4400743A0020753A002070B5044686B01422D5
:105F5400002101A809F0F2FAA08923782E4D00F55A
:105F6400804080B2042BADF808003CD00AD85A1EF9
:105F7400022A11D92B781BB100232B70FFF794FF51
:105F840006B070BD052BF5D113238DF804304FF600
:105F9400FF73ADF808301DE043F6FE76B042E189A8
:105FA40004D901F5804292B2B242E3D8DA1E5342D8
:105FB40053418DF80D30A368049363688DF80C1079
:105FC40063B908238DF804309DF8143043F00103BD
:105FD4008DF8143001A8FFF762FFCBE709228DF892
:105FE40004200593F6E743F6FE739842C2D8E3898A
:105FF400002BBFD163685BB90A238DF8043000F02D
:106004001BFC064A00232B701370FFF74DFFE1E7DA
:106014000B238DF80430F4E7753A0020743A00201D
:1060240007B50023A1F58041A0F58040CDE90033F8
:1060340089B26B4680B204F003FA002818BF052029
:1060440003B05DF804FB000030B5154889B003F0D7
:10605400F9FF08BB04F012F80446F8B900F0BEFBDF
:10606400CDE9034403AA05A94CF2070004F0F5F9AD
:1060740010B1204609B030BD01A905A804F0FAF812
:10608400019B9D8805F58045ADB205A804F01AF979
:10609400284600F0B9FBE5E70324EAE78624E8E7AD
:1060A4004D5F0200F0B5FF2887B004460F46154641
:1060B4001E4629D80846FFF7E9FE28B303AA20465E
:1060C400FFF7AEFF18B10524204607B0F0BD01A9C3
:1060D40003A804F0CFF804460028F4D1019BAF7064
:1060E4005B882B802EB9029B6B6003A804F0EAF84E
:1060F400EAE73168B1EB830F4FEA830206D30299D2
:10610400686809F0E9F9F0E70724DDE70424DBE730
:10611400024B0022C3E90022704700BF6C3A002002
:1061240070B586B005460E461446FFF7AFFEE8B1DB
:10613400A5F580400E4A03A980B204F08EF910B18F
:10614400002006B070BD01A903A804F093F800284C
:10615400F6D1019BA5705A889B88228003F5804361
:10616400029A626003A8338004F0ACF80120E8E7E7
:106174006C3A002010B5024680780C46FFF786FE84
:1061840040B11188204604F0BFF8092804D8034B15
:10619400185C10BD0720FCE70320FAE78C1103000C
:1061A40007B5019001A804F0C9F8002818BF03201E
:1061B40003B05DF804FB70B588B0FF2804460D46B3
:1061C40001921E4643D889780846FFF75FFE0028EF
:1061D4003DD0A4F58043ADF80830A1F58043ADF877
:1061E4000A306B68039305AA2B8804932046FFF7B3
:1061F40017FF0528019B13D163B902A905A804F070
:10620400C3F80728044624D013D8C8B10324204671
:1062140008B070BD01AA02A905A804F0B9F8F0E716
:1062240013B101A804F08AF802A905A804F0B6F88D
:10623400E7E708280FD00E2814BF03241124E6E74B
:10624400002EE4D0314605A804F021F9DFE7072445
:10625400DDE78624DBE71124D9E74FF6FF7000F071
:10626400D3BAFF2808B505D800F0D4FAFFF71CFE0E
:10627400002008BD0720FCE700F0F2BA00F01CBBC8
:1062840000F034BB30B50B68074D0246012B01D931
:10629400002006E01C0105EB03102C5B944201D1A5
:1062A4000B6030BD0133F1E71C3B002037B5002300
:1062B4000D460446019301A9FFF7E4FF38B1837842
:1062C400AB4206D1837B9B0703D183680BB903B030
:1062D40030BD019B0133019301A92046ECE710B5C1
:1062E400044600F07BFC204601F028FB2046FFF723
:1062F400ABF82046BDE81040FEF786BF8378013B2B
:10630400072B07D8DFE803F007060606060704098B
:106314001423038070470123FBE743689B880933F8
:106324009B08F6E770B50E4E04460025237BAB426E
:106334000ED84FF6FF732380A3700023C4E9013302
:106344004FF47F43A381A37B23F00303A37370BDA6
:10635400617B2944C9B2304600F013FD0135E5E7FD
:106364003C3B002037B50023CDE90033417B8378E3
:106374008DF802300446244800F0ECFC20B3237B63
:10638400A278019003EB83039B0068468DF80220FA
:10639400ADF80030FFF7B2FF2346626833F8085BBC
:1063A40001462846FFF707FFA37B03F00303032BF3
:1063B40001BF164A136803F1FF331360112819D083
:1063C40005D888B1072800D0032003B030BD862843
:1063D400FAD10E4A136801331360A37B23F003033D
:1063E40043F00103A373F0E7A37B23F00303A37338
:1063F4000020EAE7054A136801331360A37B23F006
:10640400030343F00203F2E73C3B0020183B002067
:10641400F0B5324EC368B268934287B0054617D0D0
:10642400B269934216D1012306EB03102B782C4F4B
:10643400092B11D0132B3DD0082B04D16B7A13B93F
:1064440008B1FFF76FFF00242846FFF748FF10E06C
:106454000023E9E70020E9E76C7A002CF3D1002857
:10646400F1D03B68846001333B60837B43F00203DB
:1064740083733B68E3B1B37B98071DD51748FFF7D7
:1064840071FFE8B100231B018628F35AADF80830E8
:106494004FF6FF720EBF06230723039001A8ADF841
:1064A40006200CBF8DF804308DF80430FFF717FF79
:1064B40007B0F0BD0124C7E7D90701D5002CDDD111
:1064C400B37F9A0703D4DB07F2D5002CF0D005483C
:1064D400FFF748FF0028EBD00123D4E71C3B002042
:1064E400183B00202C3B00201FB5144B0022987B46
:1064F400C3E90122C3E905229A7F4FF6FF714FF4E5
:106504007F4420F0030022F00302198099709C81DB
:106514009873198299749C839A7702235022CDE947
:106524000132012300930649064B0748A02200F0DC
:10653400F3FB002818BF032004B010BD1C3B00204F
:10654400783A0020763A00203C3B0020FFF785BED5
:106554000023FFF7A7BD00002DE9F84F81460E4642
:1065640015461F46002B00F08D80CB1F012B02D94E
:106574000720BDE8F88F531E012BF9D8FFF77CFEE6
:1065840080460028F4D031464846FFF78FFE044683
:10659400002840D0037BAB4249D307D9DFF8ECA0F5
:1065A4005FFA85F9237B617B4B4545D8637BFF2BE1
:1065B4004CD13648294600F0F8FBFF28607347D1D8
:1065C4004FF6FF7323800023C4E901334FF47F4364
:1065D400A381A37BA07023F00303A3731120C8E756
:1065E400637B1944C9B2504600F0CBFB0BF1010B9D
:1065F400237B5FFA8BF18B42F2D84FF6FF73238033
:10660400A3700023C4E901334FF47F43A381A37B28
:1066140023F00303A373FF214FF6FF70FFF746FE39
:1066240004460028DAD0A0F800908670BEE7DFF8B0
:106634005CA04FF0000BDBE74944C9B2504609F1B6
:10664400010900F09EFB5FFA89F9ABE74FF00008FF
:10665400617B0E48257300F07DFBA8B105EB850531
:106664002D010335C5F38D05BE7078603D80B8F10A
:10667400000F01D0082E01D000207AE7AD00063DBE
:106684008580F9E70E2074E7032072E73C3B002085
:1066940038B5FFF70BFE044668B1406828B90025F9
:1066A4002046FFF73FFE284638BDFFF779FD002856
:1066B400F5D00325F4E70525F5E737B500240546AD
:1066C400019401A9FFF7DEFD58B93CB92846FFF74C
:1066D400C8FD044610B1072818BF0324204603B0A0
:1066E40030BD81782846FFF7D3FF10B1052818BFC5
:1066F4000324019B0133019301A92846E2E700002A
:10670400CB1F012B73B50D4620D8FFF7CFFD0446F0
:10671400F0B14668F6B9417B0F4800F01BFBCDE9A8
:1067240000668DF8025070B1237B019003EB830364
:106734009B006846211DADF80030FFF7DFFDFFF731
:1067440019FD092800D1032002B070BD0720FBE722
:106754000520F9E70020F7E73C3B002038B5CB1FC4
:10676400012B0C46154608D8FFF7A0FD38B18470FC
:106774000580BDE83840FFF7F5BD072038BD05208A
:10678400FCE7FFF77BBDFFF77BBD07B513889B00D4
:10679400019301ABFFF786FC03B05DF804FB1346DD
:1067A4000022FFF708BD10B54FF6FF7304469C4264
:1067B40008460BD14FF4807100F078FBB0F5807F70
:1067C400044601D14FF6FF74204610BDFF2CF9D8C2
:1067D400214600F041FB0028F6D1F3E710B5094C3F
:1067E40040220021204608F0A9FE20464FF4807183
:1067F40000F02BFB04F120004FF48071BDE8104041
:1068040000F023BB4C3B00200149FFF7CCBF00BF85
:106814004C3B00204FF6FF73984210B5044606D057
:106824000449FFF7C0FF231A5842584110BD002005
:10683400FCE700BF6C3B0020FF2810B5044609D8D4
:106844000146054800F015FB21460448BDE8104008
:1068540000F00FBB10BD00BF4C3B00206C3B002080
:10686400FF28014602D8024800F03CBB00207047D4
:106874004C3B0020FF28014602D8024800F032BBFE
:10688400002070476C3B002038B54FF6FF739842E8
:106894000D4602D0441CA4B200E00024FF2C03D90E
:1068A4004FF6FF74204638BD2146284600F01AFBF7
:1068B4000028F7D10134EEE770B50B490A4EFFF713
:1068C400E3FF4FF6FF750446AC4201D1204670BD8C
:1068D4002046FFF7CFFF0028F8D020463146FFF7C7
:1068E400D3FF0446F0E700BF4C3B00200149FFF70B
:1068F400CBBF00BF6C3B0020F8B5074E074F0546E1
:1069040000243B78A34200DCF8BD56F8043B28463B
:1069140098470134F5E700BF903B00208D3B0020F1
:10692400074B1B7810B504464BB1FFF755F82046CA
:1069340001F04EF82046BDE81040FEF7D9BC10BD6A
:10694400AA3B002010B5044680B10378022B08D17D
:10695400027A4088531E5A425A41054B1978FEF771
:10696400F7FA2046BDE81040FFF7C6BF10BD00BFD0
:106974008C3B0020FFF7C0BF10B5037804462BB949
:10698400054B408819780122FEF7E2FA2046BDE85B
:106994001040FFF7B1BF00BF8C3B002038B5FFF7B4
:1069A40053FB10B10324204638BDFFF79DFD00289A
:1069B400F8D100F0E7FF0028F4D100F095FB00289F
:1069C400F0D1FEF767FC0028ECD1FEF749FD002862
:1069D400E8D1FEF705FF04460028E3D1094B0A4D30
:1069E4004FF6FF721A80094B186018232B70FEF7BC
:1069F4007FFA18282870D5D0054B1C70054B01224E
:106A04001A70D0E79C3B00208C3B0020A43B002064
:106A1400A93B0020AA3B0020084B1B7853B1084A2D
:106A24001378022B08D8074941F823000133137067
:106A3400002070470820704704207047AA3B0020BC
:106A44008D3B0020903B0020034B1B780BB100F0E2
:106A5400CBBF0820704700BFAA3B002009B100F05B
:106A6400E1BF7047024B1B780BB1FEF797BC704730
:106A7400AA3B0020034B1B780BB1FEF74ABF08204A
:106A8400704700BFAA3B002070B5194B1B7886B035
:106A94004BB3184E01234FF6FF703370FFF771FEAE
:106AA4004FF6FF75A842044612D10021142201A812
:106AB400317008F043FD0C2301A88DF80430ADF8C3
:106AC4000840ADF80640FFF717FF002006B070BD80
:106AD4002046FFF7CFFF40B92046FFF752FEA842F9
:106AE4000446F5D1F1E70820F0E70320EEE700BF04
:106AF400AA3B0020A83B00202DE9F04F1F462B4B5A
:106B04001B7887B0824689469046002B4CD04FF6BE
:106B1400FF70FFF736FE00250123CDE9035304AAD5
:106B240003AB062104460593FFF72FFE072837D051
:106B34004FF6FF7B5B464FF0FF32E0B1052818D0DB
:106B44004FF6FF718C422DD1BAF1000F01D0AAF893
:106B54000030B9F1000F01D0C9F80050B8F1000FAE
:106B640001D0A8F800B007B13A60002007B0BDE832
:106B7400F08F00210391039EAE4224BF2346354685
:106B8400204696422CBF1646A3460193FFF7F9FD13
:106B940004AA06210446FFF7F8FD019B3246CCE720
:106BA4000520E3E70320E1E70820DFE7AA3B002014
:106BB40008B50023064907481A46FFF79DFF28B188
:106BC400431F58425841044B187008BD0120FAE78E
:106BD400A03B00209C3B0020A93B0020F0B50446CC
:106BE40087B08088FEF73CFE23786080083B032B47
:106BF40020D8DFE803F002253569637A5BB9414A9E
:106C0400116851B1E068814207D113603E4AA188FE
:106C14001180E3600EE0012B0CD13C4B1B784BB18F
:106C2400394BA2881B889A4204D1237A062B01D1BE
:106C3400FFF7BEFF204607B0BDE8F040FFF75CBE9B
:106C4400637A002BF6D12F4A11680029F2D0E0684C
:106C54008142EFD12E4913600A68013A0A60D8E7ED
:106C64002C4F3B786BB90125284B1B7833B1264B4D
:106C7400A2881B889A4201D1FFF79AFF002D3ED0CB
:106C8400D8E74FF6FF70FFF77CFD4FF6FF7398428D
:106C94000546E8D1FFF777FDA8420646E3D1002573
:106CA4001422294601A83D7008F048FC0C23204614
:106CB4008DF80430ADF80860ADF80660FFF71CFEEF
:106CC40001A8FFF719FECFE7124B1A78002AB1D0BA
:106CD4000021142201A8197008F030FC0D238DF84E
:106CE40004304FF6FF73ADF80830ADF80630204697
:106CF400A3680393FFF700FE01A8FFF7FDFD07B0AB
:106D0400F0BD00BFA43B00209C3B0020A93B002019
:106D1400A03B0020A83B002070B504461846DDE9DE
:106D24000535ACB1A1B198B105FB03F696420FD875
:106D3400049ADE1DB2EBD60F0AD34BB145B1C4E9B8
:106D44000010C4E9023599B200F07FF8002070BD4C
:106D54000720FCE738B50D46044608B9002038BDC5
:106D64000368002BFAD040680028F7D0FF29F5D03B
:106D740000F0B8F80028F1D0E368206803FB0500B0
:106D8400EDE738B50D46044670B1036863B1406859
:106D940050B1FF2908D000F0A5F828B16068294651
:106DA400BDE8384000F065B838BD2DE9F8438846A1
:106DB400064618B9FF242046BDE8F8830368002B73
:106DC400F8D04368002BF5D04FF00009FF25B368D5
:106DD4005FFA89F49C422746ECD27068214600F0A1
:106DE4003BF850B1FF2D18BF2C463F1B01374745D8
:106DF400E1D009F101092546E9E7FF2D07D1FF2478
:106E0400F7E729463046FFF7BCFF0135EDB2A5424E
:106E1400F7D3F4E773B504780C4006460D4612D157
:106E24000DF107008DF8074002F0F2FB33789DF86E
:106E340007001D4202BF1D433570012402F00CFC03
:106E4400204602B070BD0024FAE720B10731CA0819
:106E5400002108F073BB70470A46034640B101F0B5
:106E6400070001218140C9B203EBD200FFF7D2BF72
:106E7400704773B50546B8B1C1F3C70401F0070301
:106E840001269E40035D33420ED000230DF107001E
:106E94008DF8073002F0BCFB2B5D9DF8070023EA58
:106EA40006032B5502F0D8FB02B070BD2DE9F0416A
:106EB4000D46074618B92C462046BDE8F081002649
:106EC4004FF00108AE42B4B2F5D004F0070108FA5D
:106ED40001F1C9B207EBD400FFF79CFF013600288B
:106EE400F0D0E9E750B1CB0801F00701C25C0123FF
:106EF4008B401A4214BF01200020704701207047C4
:106F04007EDF70477FDF704786DF704710B5044629
:106F14004088FEF77FFCA0802046BDE8104000F0CA
:106F2400DDBC10B586B004461422002101A808F087
:106F340005FB04230DEB03008DF80430ADF8064087
:106F4400FFF7E4FF06B010BD30B587B005460C4628
:106F54001422002101A808F0F1FA072301A88DF8F2
:106F64000430ADF806500394FFF7D0FF07B030BDEE
:106F7400F0B587B004460F4616460021142201A836
:106F84001D4608F0DBFA03238DF80430094BADF8F5
:106F9400064019788DF80C7000222046ADF80E607A
:106FA4008DF81050FDF7D4FF01A8FFF7AFFF07B02D
:106FB400F0BD00BFBC2F002010B50378182B044689
:106FC40002D1FDF795FF207010BD000030B5174BBE
:106FD40087B00D46012219780446FDF7B9FF144B1A
:106FE4002A1E1978204618BF0122FDF7B1FF6B1E37
:106FF4005A425A410F4B20461978FDF7A9FF0E4B10
:10700400204619780022FDF7A3FF1422002101A8CD
:1070140008F094FA012301A88DF80430ADF8064075
:107024008DF80C50FFF772FF07B030BDBC2F002065
:10703400BB2F0020BA2F0020B92F00202DE9F041EA
:10704400214B0F46197804469046FDF76BFF002844
:1070540037D01E4B20461978FDF764FF014668B30C
:107064002046FEF7D7FB1A4B064619782046FDF753
:1070740059FF184BC0F1020519782046EDB2FDF70F
:1070840051FF50B13046FEF744FC43463A46294688
:107094002046BDE8F041FFF76BBF4FF6FF739E42F9
:1070A400F3D007213046FFF7F3FA01460028ECD06D
:1070B4000528EAD02046FFF747FFE6E743463A466D
:1070C400E6E7BDE8F08100BFBC2F0020BB2F002005
:1070D400BA2F0020B92F0020024B0A781978FDF747
:1070E40037BF00BFB82F00202DE9F041DFF86480DE
:1070F400144F154E154D164C4046FFF75DFF3846AC
:10710400FFF75AFF3046FFF757FF2846FFF754FFB3
:107114002046FFF751FF98F80030182B0FD03B782A
:10712400182B0CD03378182B09D02B78182B06D0B9
:107134002378182B0CBF03200020BDE8F081032026
:10714400FBE700BFBB2F0020BA2F0020B92F00207F
:10715400B82F0020BC2F00202DE9F04F8DB006463B
:1071640001928946FDF79CFEDFF854B107469BF86F
:1071740000103046FDF7D6FE20228046002104A8E8
:1071840008F0DCF9012F14D14B4B0022197830465A
:10719400FDF7DEFEB9F1000F55D099F8001011F09B
:1071A400010A0BD1019B0793444B0B934FF6FF75D8
:1071B4007CE0002FEED143F2020440E03046FEF7BB
:1071C40029FB4FF6FF739842054604460CD1FFF79E
:1071D400BDF9A042054639D10324B8F1000F2ED0E1
:1071E4002846FEF796FB2AE0012F31D1324C304677
:1071F4002178FDF797FE58BB3046FFF792FE2178C1
:107204003046FDF78FFE18BB4FF0850A04AB4A46A3
:1072140051463046FFF776FE04460028DDD1BAF128
:10722400000FDAD1B8F1000F09D09BF800103046F6
:107234000122FDF78DFE29463046FEF768FB204605
:107244000DB0BDE8F08F4FF0850AAFE74FF00108AD
:1072540002AB012207212846FFF77EF911280446D4
:10726400BBD0002CB8D121460398502208F066F90F
:1072740003990B46304603F8347B0493019B079330
:1072840001F1180308934B1C099311310B4B0B9319
:10729400FEF7D0FA00289FD107212846FFF730FADD
:1072A4000528044698D0002897D18246012FADD0F6
:1072B40004AB0022ACE700BFB82F0020AB3B00209A
:1072C400B92F002038B505460C46FDF7E9FD012825
:1072D40006D144B121462846BDE83840FFF710BE28
:1072E40043F2020038BD2046FCE700002DE9F041DE
:1072F4000388113B88B00446092B5CD8DFE813F0FF
:107304000A005B00190039005B005B005B005B0056
:107314008200F900037A80883D2B41F23D014FF051
:10732400000218BF4FF4885108B0BDE8F041FFF7E0
:1073340085BE8088FDF7B4FD012808D1217AA08894
:1073440001F00101C1F10201C9B2FFF73FFE34F8B7
:10735400045F1422002103A808F0F0F80434052384
:107364008DF80C30ADF80E50059403A8FFF7CEFD50
:1073740021E000F110063046FEF7A7FA4FF6FF733E
:1073840098420546A08819D1FEF744FA0546A0881C
:107394000021FFF71BFE4FF6FF739D4212D100251B
:1073A40000232946A0881A46FFF7AEFD0146F8B12E
:1073B400A088FFF7C9FD08B0BDE8F0812946FEF7B3
:1073C400A6FAE4E703AA07212846FFF7C1F8002834
:1073D400E5D1049D95F84430DA0701D53435DFE76B
:1073E400314605F14600FEF75CFA0028F6D1D6E7EF
:1073F400002DE0D1A0882B4641F206022946FFF772
:10740400B7FDD8E7067A8588002E6CD12846FDF7AB
:1074140047FD80462846FEF7FDF94E4B074619788E
:1074240032462846FDF794FDB8F1000FC3D0637AC5
:107434005B074DD5072101AB01223846FFF78CF8D5
:10744400014620B12846FFF77FFD002630E0029870
:107454004FF6FF71FEF7A7F94FF6FF739842804687
:1074640076D03D4E01462846FEF751FA317828463B
:10747400FDF758FD002861D12846FFF752FD317809
:107484002846FDF74FFD0646002857D1334B2846C2
:107494001978FDF747FD58B13846FEF73AFA07E088
:1074A4002846FFF751FD00264FF6FF739845EDD1AE
:1074B40002238DF80C30637AADF80E5013F0040FEC
:1074C4000CBF022301238DF814308DF815604CE7AE
:1074D400224B28461978FDF725FD0028B5D03846FB
:1074E400FEF717FAB1E7427A314602F00302284662
:1074F4001AE71B4B80881978FDF714FD0546002810
:107504007FF459AFA088FDF7DFFC0146A08839B9A4
:10751400012341F2060208B0BDE8F041FFF728BD9F
:107524000C4B2A461978FDF713FD02238DF80C3015
:10753400A388ADF80E30ADF8145016E74246072183
:107544003846FFF70BF901460028A9D10126ABE71D
:107554003A46F4E7BC2F0020B82F0020B92F0020B2
:10756400BB2F0020034660B3027802F08201802919
:1075740027D0C2F30211042923D802F0F2013229E0
:107584001FD04078997888421BD8062819D9102929
:1075940017D8D97811F0040013D11B7913F0040F14
:1075A40010D141EA030001070BD4D30700F0030014
:1075B40003D4B0FA80F040097047003818BF0120A6
:1075C400704700207047FFF7BDB9000070B511295E
:1075D40086B006460C46154603D81B4BCB40DB074A
:1075E40023D41422002101A807F0A8FF3046ADF8E7
:1075F4000660FEF70FF90D2CADF8080019D103232E
:107604008DF804309DB12B7803F00103C3F102031C
:10761400DBB28DF80C3000238DF8103041F20113E9
:10762400ADF80E3001A8FFF7CEFF06B070BD0223FF
:10763400EFE7862C0BBF062307238DF804308DF863
:10764400043018BF0394EDE70101020010B503787C
:10765400182B044602D1FDF74BFC207010BD00002E
:107664002DE9F041264B88B00025CDE904551B686F
:10767400039303AE0446884696E807006F4687E8FE
:107684000700052320468DF80C30ADF80E40FEF7B8
:10769400C1F8ADF810003046CDE90587FFF793FF38
:1076A400184B00991A682046FFF756FD86280646AF
:1076B40023D0A0F111035F425F412A46124B2046BA
:1076C4001978FDF745FC114B3A4619782046FDF729
:1076D4003FFC0F4B204619780022FDF739FC0D4B77
:1076E400204619780022FDF733FC009A31462046E3
:1076F400FFF76CFF08B0BDE8F0812F460122DDE7FB
:10770400F43B0020EC3B0020BD2F0020BE2F0020C6
:10771400C12F0020C22F0020F0B593B00546FDF71D
:107724002BFC40B101A8FDF7D7FB0DF106060024A0
:10773400019B9C4201D313B0F0BD36F8027F294669
:107744003846FDF7EFFB18B100213846FFF788FFF4
:107754000134EDE72DE9F047054688B09246994695
:107764000F4629BB3C4BCDE904111B68039303AEC0
:1077740096E80700E84688E80700052428468DF8BF
:107784000C40ADF80E50FEF745F8ADF81000304649
:10779400CDE90578FFF717FF304BDDF800801B7843
:1077A40043B99DF809302BB9204608B0BDE8F087ED
:1077B4004FF00008524641462846FFF783FD8628CD
:1077C400064622D0A0F111035C425C410022244B06
:1077D40028461978FDF7BCFB224B22461978284627
:1077E400FDF7B6FB112E1BD012D836F0080331D0AA
:1077F4000D2E14BF03240D24B9F1000FD4D042463A
:1078040031462846FFF7E2FECEE700240122DEE7F8
:10781400862E13D043F20204A64218BF0324EBE7DA
:10782400114B3A4619782846FDF792FB0F4B524606
:1078340019782846FDF78CFB0024DDE70A4B3A460D
:1078440019782846FDF784FB084B524619782846D8
:10785400FDF77EFB3446CFE7F43B0020F03B0020ED
:10786400C12F0020C22F0020BF2F0020C02F0020D6
:107874002DE9F04792B00646FDF77EFB60B101A802
:10788400FDF72AFBDFF84C90DFF84CA00DF1060859
:107894000025019B9D4202D312B0BDE8F08738F861
:1078A400024F31462046FDF73DFB80B199F80010A8
:1078B4002046FDF737FB9AF8001007462046FDF7EF
:1078C40031FB012301463A462046FFF743FF0135C9
:1078D400DFE700BFC02F0020BF2F002010B50378C2
:1078E400052B044606D0122B0AD02046BDE81040D2
:1078F400FFF769BE81684088BDE81040FFF7B0BE5D
:107904000C4B1B689BB10C4B017A1B7803F00102F2
:1079140091420CD8417AC3F34003994294BF0021A9
:107924000121608801230022FFF714FFDDE7012114
:10793400F7E700BFF43B0020F83B002008B50378CC
:107944000B2B02D8072B0AD808BD132BFCD1094BEB
:107954001878FFF7E1FE084B1878FFF789FF074B0B
:107964001878FFF7D9FE064B1878BDE80840FFF7F2
:107974007FBF00BFBD2F0020C12F0020BE2F0020DD
:10798400C22F002010B50C480C4CFFF75FFE0C48CA
:10799400FFF75CFE0B48FFF759FE0B48FFF756FE56
:1079A4000A48FFF753FE2046FFF750FE2378182BB2
:1079B4000CBF0320002010BDC22F0020BD2F0020CB
:1079C400C12F0020C02F0020BF2F0020BE2F002079
:1079D40008B5FFF78BFC034B1878BDE80840FFF7A8
:1079E40047BF00BFC22F002010B5044630B90A4B70
:1079F40018600A4B01221A70002010BDFFF7B2FD77
:107A040038B1074B22681A6022791A71024A13604E
:107A1400EFE70720F1E700BFF43B0020F03B002034
:107A2400F83B0020FFF758BBA0DF7047A2DF704788
:107A3400A3DF7047A4DF7047A6DF704713B50C4679
:107A440049B140B10388112B07D0502B08D0102B1B
:107A540001D18388638202B010BD4FF6FF73F9E74A
:107A64000B7D002BF7D0C2884B899A42F3D1038A4D
:107A7400022BF0D10B68002BEDD01230FDF78AFAFF
:107A840080F001008DF80400236801A9204698477E
:107A9400E1E72DE9F043884693B00546002800F05D
:107AA4009780002900F094800B680A79036001270D
:107AB4004FF6FF73438202750374021D41F60F03F0
:107AC40004A938468DF81270ADF81030FFF7ACFFFA
:107AD4000446002876D12E7D56B111238DF8083046
:107AE40067F3420498F80D308DF809308DF80A4098
:107AF4001C2200210BA807F021FD4FF0020366F3BE
:107B040004138DF82C3006B102AE42F61923ADF8F9
:107B1400143098F80E308DF80C3098F80F308DF83A
:107B24000D3002238DF80E3098F80C308DF80330A8
:107B34000023CDF82230ADF826300DF103034FF0C9
:107B4400010910960A93A8888DF8169005AF03AE24
:107B5400AB1D06AA0BA906970796ADF82090ADF8C1
:107B64002490FFF763FF044660BBD8F8081069B39C
:107B740042F60813ADF80D00ADF8143098F8103043
:107B84008DF80C309DF80E308DF816900DF1040828
:107B940069F3420340468DF80E30FDF7FFF9CDF846
:107BA4002240ADF82000ADF8240005F10E02E8886B
:107BB400ADF8264006A9CDE90676CDF82880FFF772
:107BC40037FF0446204613B0BDE8F083E881F9E7A7
:107BD4000E24F7E770B588B004468DF80710002826
:107BE40034D0027CCBB29A424FF000002CD002ADCC
:107BF400ADF80A0001260DF10703E188608AADF8AB
:107C040008602A460393FFF715FFE8B99DF807308B
:107C14002374638A4FF6FF72934219D0227DBAB15E
:107C2400E288ADF81020BDF80A20CDF813008DF8D5
:107C34001700ADF8142004A9039A8DF812601846B1
:107C440006950792FFF7F8FE08B070BD0E20FBE71B
:107C54000820F9E7A0DF7047A2DF7047F0B50746B8
:107C64008FB014461E460D4611B9084601F092F92C
:107C740014B9204601F08EF91C220DEB02000021FC
:107C840007F05CFC02238DF81C3001238DF80630CC
:107C940033788DF8003073788DF8013002238DF835
:107CA40002300C48ADF804700023CDF81230ADF862
:107CB400163001AB029302AA149B0088CDF80CD0B5
:107CC40007A9ADF81040ADF814400695FFF7C4FFBE
:107CD4000FB0F0BD463C002030B587B041F60A0332
:107CE4005E4AADF80C30044603A901208DF80E005D
:107CF400FFF7B0FF0546002849D12288002A49D160
:107D0400228952B1564B0093E16804F13C0342F6D8
:107D14002420FFF7A3FF002847D1228A52B1514BF8
:107D24000093616904F13C0342F62520FFF796FFB6
:107D340000283AD1228B52B14B4B0093E16904F1F4
:107D44003C0342F62720FFF789FF00282DD1228C1F
:107D54004AB1464B0093616A04F13C0342F6262083
:107D6400FFF77CFF08BB228D4AB1414B0093E16AC7
:107D740004F13C0342F62820FFF770FFA8B9236BF7
:107D8400ABB9616B002938D1A36B002B42D12846D3
:107D940007B030BD374B0093616804F13C0342F6F1
:107DA4002920FFF75BFF0028AAD00546EFE71A68F1
:107DB4008DF810201A68120A8DF811205A888DF84F
:107DC4001220DA788DF813205A688DF814209B68F5
:107DD4008DF815301A0A1B0C8DF81730264B8DF8C8
:107DE40016200093082204F13C0304A942F6232040
:107DF400FFF734FF0028C4D0D7E7204B0A7900935B
:107E0400096804F13C0342F62A20FFF727FF002803
:107E1400BAD0CAE71A788DF810205A888DF8112044
:107E2400120A8DF812209A888DF81320120A8DF800
:107E34001420DB888DF815301B0A8DF81630104B92
:107E44000093072204F13C0304A942F65020FFF7F3
:107E540005FF002818BF054699E700BF463C0020EF
:107E6400363C00202E3C0020263C00201E3C0020F6
:107E7400163C00203E3C00200E3C0020063C002026
:107E8400FE3B0020A0DF7047A2DF7047A6DF7047EB
:107E940062DF70471FB50C4641B138B10388502BDF
:107EA40018D005D8102B0FD0112B10D004B010BD52
:107EB400572BFBD110220021684607F03FFB01231A
:107EC4008DF80030019417E08388A382EEE74FF623
:107ED400FF73FAE7C3880A8901919A420ED1028A94
:107EE400022A0BD11230FDF755F8002814BF0223E3
:107EF4000323A0758DF80030A3690EE0A2899A428D
:107F0400D4D1A369002BD1D000F112020292028ACB
:107F1400ADF80C2000228DF8002068469847C5E78C
:107F24002DE9F04F534B95B004AC05460A4603F1D6
:107F3400100C274618685968264603C6083363455B
:107F44003446F7D1002D00F09280002A00F08F8093
:107F54004FF6FF73AB821368AB610023AB75294600
:107F64003846FFF795FF044600287CD12A464FF097
:107F7400010812F8023B8DF80A3002A94046ADF818
:107F84000880FFF77FFF044600286CD101461C22BD
:107F94000DA807F0D3FA9DF834306888CDF82A404C
:107FA40023F00C0343F00C038DF834302B4601AE60
:107FB40013F80C2B8DF80E200222ADF80C2004F0DF
:107FC400F80242F003028DF8062041F2111A03AFC1
:107FD4004FF0F40B08AA0DA9CDF82E40ADF83240AD
:107FE400CDE90876ADF804A0ADF82880ADF82CB042
:107FF400FFF74AFFA1460446A8BB4B4668F3420379
:1080040001461C220DA88DF80230ADF800A007F03F
:1080140095FA9DF834306888CDF82A4043F010036F
:108024008DF834302B460DA913F8042B8DF80E204F
:108034000322ADF80C2009F0F80242F003028DF897
:10804400062008AACDF82E40CDE90876CDF848D010
:10805400ADF804A0ADF83290ADF82880ADF82CB09E
:10806400FFF712FF0446204615B0BDE8F08F0E243A
:10807400F9E700BF961103001FB50346D8B1808A03
:108084004FF6FF74A04218D09C7DB4B11488F42C30
:1080940015D89B88ADF800300024CDE902210123D6
:1080A4006946CDF803408DF807408DF80230FFF79C
:1080B400EDFE04B010BD0E20FBE70820F9E7072011
:1080C400F7E70000012907B5034604D0816891F859
:1080D4004111890707D500221146184603B05DF8FF
:1080E40004EB03F023BF536800931368034A02218F
:1080F40002F048FF03B05DF804FB00BFD4FE0200A9
:108104002DE9F04F836893F841319C0785B006460A
:10811400C3F3400706D50022114605B0BDE8F04F71
:1081240003F004BFDFF82882724AD8F89030DFF8F1
:1081340024A2DFF824B2C3F30729D8F89430CDF889
:10814400009013F0010F4FF008016B4B08BF13466A
:108154006A4A02F017FF4F4502D105B0BDE8F08F1F
:1081640000230DF10F008DF80F3001F051FAC8F81B
:108174009870D8F8A0509DF80F00D8F89C4001F0F2
:108184006BFAE9073B4606D45D4A0821304602F003
:10819400F9FE0137DFE752460821304602F0F2FECD
:1081A400C5F34402013201239340621E0193134438
:1081B40000935A4623460821304602F0E3FEC5F3F5
:1081C4000263013B062B96BF4E4A4F4B52F82330B5
:1081D4004E4A0821304605F47C1402F0D3FEB4F56F
:1081E400A02F40D00ED8B4F5803F3CD03DD9B4F593
:1081F400802F3AD013D805F47813B3F5003F0ED18D
:10820400434B14E0B4F5702F31D025D8B4F5002FCA
:10821400F6D01BD805F47813B3F5C02F27D0AA02E3
:1082240027D53B4A3B4B15F4802F08BF13463A4AE7
:108234000821304602F0A6FEB4F5403F52D01AD8C9
:10824400B4F5003F50D024D82F4B31E0B4F5302F93
:10825400D6D0B4F5402FE1E705F46C13B3F5801FD5
:10826400DDD12E4BE3E72E4BE1E72E4BDFE7294B25
:10827400DDE72D4BDBE7B4F5302F37D025D8B4F547
:10828400C02FE1D0E0D9B4F5E02FDDD0B4F5002F54
:10829400DAD0AB022CD56B0C2A0C02F0020203F0EC
:1082A4000C031343C5F300421343204A52F823300E
:1082B4001F4A0821304602F065FE1E4A1E4B15F087
:1082C400805F08BF13461D4A5FE7B4F5801FBBD02B
:1082D40005D8B4F5402FB7D0B4F5702FD8E7B4F56E
:1082E400A01FD5E7164BE3E7164BE1E7164BDFE794
:1082F400164BDDE7F8FE0200F0FE020099FF0200D3
:10830400C8FF0200A811030001FF020021000300BE
:1083140035FF02003CFF0200310003004EFF020063
:1083240023FF020007FF020055FF0200C4110300EF
:108334004000030004FF020096FF02005100030006
:108344007EFF020078FF020084FF02008EFF02001D
:1083540000ED00E0DEFF0200F3FF02002DE9F04F24
:108364008368264E93F84131D6F89070C3F34004E5
:108374009B0785B0054606D50022114605B0BDE829
:10838400F04F03F0D3BDD6F890301D4ADFF8788063
:10839400DFF87890082102F0F5FDD6F89430194AF8
:1083A4000821284602F0EEFDC7F30727BC4202D19C
:1083B40005B0BDE8F08F00230DF10F008DF80F30EC
:1083C40001F026F9C6F89840D6F8A0A09DF80F0051
:1083D400D6F89CB001F040F92346424608212846CD
:1083E400CDF800B002F0CEFD2346CDF800A04A46F9
:1083F4000821284602F0C6FD0134D7E700ED00E06D
:10840400620003007500030088000300A10003005C
:108414002DE9F74FDFF884901F2AD9F890600746BA
:108424008A4614469B4635D9013A02EA04059BB2B2
:108434001D430A4015432DD10DF107008DF8075057
:1084440001F0E6F8C6F30726A846B04514D0C9F8EB
:108454009880D9F8A030DB0702D508F10108F4E7C9
:10846400B4FA84F4C4F11E044BEA440444F0010455
:10847400C9F89CA0C9F8A0409DF8070001F0ECF8E9
:10848400B04509D2BFF34F8F87F80080284603B068
:10849400BDE8F08F0725F9E70425F7E700ED00E0D4
:1084A40073B5104DD5F89030C3F3072398420646B0
:1084B40015D200240DF107008DF8074001F0A8F84B
:1084C400C5F89860C5F8A040C5F89C409DF8070021
:1084D40001F0C2F8BFF34F8F204602B070BD0720F1
:1084E400FBE700BF00ED00E030B5184C184B85B039
:1084F40024F07F04802221460DF10F00FFF788FF4E
:10850400144B05465A6888B9022A0CD91888124BAC
:1085140012491B1B00040093224604F17F0340F020
:10852400030006F042F8284605B030BD002AFAD010
:108534001C8805F091F8240444F00104034608491A
:108544002A46204606F027F8EDE700BF7FF8002012
:1085540000002917102F002080FF00209001030045
:10856400C901030038B5074C051EA4F1080308BF70
:108574001C4623682BB11A6822605B68284698471A
:10858400F7E738BD583C002008B9FFF7EBBF704748
:108594004FF080420123D360D2F8183413F48033AF
:1085A400FAD1014A93707047483C002010B50E4C34
:1085B4002378BBB96360A360E36023610B4B186845
:1085C40010F0010002D1072100F0CEF806F06EFB96
:1085D40020B94FF080430122C3F8182501232370EA
:1085E400002010BD8520FCE7483C002000E100E0AD
:1085F40037B51F4CA378054603F0FF0293B110B1C1
:10860400436801209847002301A88DF8043000F046
:10861400FFFFE3689DF804000133E36001F01CF8F8
:1086240003B030BD0DF103008DF8032000F0F0FF1E
:1086340025B122691346B3B92A602561E26862B99B
:108644004FF08043C3F80421D3F804210192019A26
:108654000222C3F8042301229A60E3689DF8030010
:108664000133E360DAE79D42E8D01B68E3E700BF2B
:10867400483C002007B500230DF107008DF80730B2
:1086840000F0C6FF074BDA68013ADA60DB680BB921
:10869400FFF77EFF9DF8070000F0DEFF03B05DF8F2
:1086A40004FB00BF483C0020012813B508D0032870
:1086B4001CD018B9124B0122C3F8802002B010BD9F
:1086C400104C00230DF107008DF8073000F0A0FFD7
:1086D40023780BB9FFF76AFFE3689DF807000133BD
:1086E400E3600123A37000F0B7FFE7E70721002050
:1086F40000F03AF802B0BDE81040FFF7BBBF00BF7E
:1087040000E100E0483C00204FF0804307B5D3F877
:1087140000216AB10020C3F80001D3F800210092BF
:10872400009A0122C3F808230E4B5A70FFF71AFF70
:108734004FF08043D3F804218AB10022C3F8042106
:10874400D3F804210192019A0222C3F80823054BAD
:108754000120987003B05DF804EBFFF703BF03B08A
:108764005DF804FB483C00200028ADBF00F16043E5
:108774000C4B00F00F0203F561434FEA4111C9B2FB
:10878400B4BF995483F80013012200F01F039A40E8
:1087940043099B0003F1604303F56143C3F880215F
:1087A4001A60704714ED00E000F1804000F5C0400D
:1087B400002382B0036003680193019B02B07047F9
:1087C400800000F1A040D0F8003723F44033C0F813
:1087D4000037D0F8003743EA0143C0F80037704748
:1087E400054B4FF0FF32072843F8202084BF1B18A5
:1087F40083F84820704700BF5C3C002038B5124D18
:1088040095F85440ECB92022FF2105F1300006F020
:1088140095FEE0B20134FFF7E3FF0C2CF9D10620FA
:108824000721FFF7A1FF4FF4BE70FFF7BDFF074B11
:108834004FF00042C3F80423012385F8543000208C
:1088440038BD0820FCE700BF5C3C0020006000400D
:10885400034B93F85400003818BF0120704700BF41
:108864005C3C0020F0B5314E331893F93030002BC6
:108874005ADACF78002F0BBF082300234FF00C0CDB
:108884004FF0080C634501D10420F0BD56F8235085
:1088940001354FEA830431D106EB000C5DB246F892
:1088A40023208CF8305017B9334483F848008B7870
:1088B40033B3830003F1A043D3F8002722F002026C
:1088C400C3F800270A7827B304F1804303F5C043B3
:1088D4000002D3F8101521F4473121F44071C3F894
:1088E40010151204D3F8101500F4F85002F44032B5
:1088F40010430843C3F810050020C6E70133C1E75D
:108904004A7800F5E0734FF0A04C92004CF8232015
:10891400D8E7A5F1080346FA83F393F8501041EA27
:10892400821283F85020E7E70820AEE75C3C002081
:1089340010B51D4C231893F93020072A16DD144472
:1089440094F848309B09032B0BD14FF0A043D3F884
:108954001015C14001F001010231BDE81040FFF7DC
:108964002FBF012B0CBF02210321F6E7D3B2072B43
:1089740019D8930003F1804303F5C043D3F81005DD
:1089840040F00100C3F8100502F14000800080B2FD
:10899400FFF70AFF39B154F8223023B10123934081
:1089A400024AC2F8043310BD5C3C00200060004061
:1089B4004FF0A043D3F8103523FA00F000F0010083
:1089C400704700002DE9F04F85B000245C4D019400
:1089D4004FF48072012102F1804303F5C0431B6808
:1089E400012B07D1D5F804330B4203D090B2FFF723
:1089F400DBFE0C430432B2F5907F4FEA4101EAD129
:108A04004F4BD3F87C31012B0AD14FF4BE70FFF7E2
:108A1400CBFE4FF0A04344F00044D3F8103501934B
:108A2400E3B2D3B1474F00250126344210D0AB0046
:108A340003F1804303F5C043D3F81005D3F81015B0
:108A440057F8253023B1C1F30141C0F304209847FE
:108A54000135082D4FEA4606E7D1002C6DDA0021D6
:108A64004FF0FF33CDE90213364D01264FF00009D4
:108A7400354CC8464FF0A04714F9013F5A1C49D061
:108A8400C3F3C20101F110006844DAB210F804CC57
:108A940003F03F0A03F0070306FA03F31CEA030F8B
:108AA40038D005EB0A0C92099CF930C055F82CB06B
:108AB400BBF1000F0AD1032A2CD10DF1080E1EF8C8
:108AC40001C04CEA030C0EF801C001E0032AF4D003
:108AD4000AF5E07110F80C0C57F821101842C1F394
:108AE400014105D0022915D1032A0DD1114604E014
:108AF40003290FD1032A07D102215046FFF760FE54
:108B040008F101085FFA88F8BBF1000F02D01146A2
:108B14005046D84709F10109B9F1040FACD1B8F1B5
:108B2400000F0AD04FF0A043019AD3F810359A42AF
:108B340003D00193029B039398E705B0BDE8F08F3F
:108B4400006000405C3C0020AB3C0020002382B06D
:108B5400435043580193019B02B070470A4610B535
:108B64004FF48E71FFF7F2FF938A91689BB2C95C50
:108B7400938A01339BB29382C0F81C1510BD1FB5B4
:108B840082688DF8081000238DF8003083750192F7
:108B9400D0E900136846984705B05DF804FB10B5AA
:108BA400CB7D0A464FF4847123B9FFF7CFFFD0F889
:108BB400183510BDFFF7CAFF537ED168D0F81805E9
:108BC400C854537E0133DBB25376F2E71FB5012359
:108BD4008DF80030054B8DF8080001916846D3E903
:108BE4000012904705B05DF804FB00BFB43C0020C0
:108BF4007FB57A4C7A4A237F002B67D0D2F8246160
:108C0400002E42D04FF492711046FFF79FFF0223CB
:108C14008DF80030D2F88034C2F880340393D2F84F
:108C24003C358DF80830E36801930023E37523761F
:108C34006846D4E9001398476948D0F844316BB1C9
:108C44004FF4A271FFF782FFE37D3BB10023E3758C
:108C5400D0F83C05E168C0B2FFF7B8FF6048D0F82F
:108C64002031002B00F0B7804FF49071FFF76EFFB6
:108C7400A37D002B00F0AF80D0F84C155748C9B243
:108C840004B0BDE87040FFF77ABFD2F81031002B72
:108C9400D2D010464FF48871FFF758FFD2F83C3514
:108CA400E07DDBB29842C7D1237EE16863B1D2F89C
:108CB400005225F02005C2F80052E3752369E360F1
:108CC4002676FFF783FFB7E7E375FAE7D2F80433B4
:108CD40099054AD5D2F82431002B46D04FF492712D
:108CE4001046FFF733FF4FF40173C2F80833A37E35
:108CF4000BB9012353603A4A02238DF80030D2F8AD
:108D04008034C2F880340393E37D8DF80830E3683F
:108D140001930023E37523766846D4E9001398474A
:108D24002F48D0F81C313BB1A38AA27D9BB2934259
:108D340046D22A49FFF712FF2948D0F84431002BC4
:108D440049D04FF4A271FFF701FFA37E0BB10123B9
:108D54000360E37D002B3ED0607EE1680023E37571
:108D640004B0BDE87040FFF731BF1D4DD5F80433A2
:108D74005B07D5D5D5F80831002BD1D01749284643
:108D8400FFF70DFF637EE27D9A42C9D1237EE1683D
:108D94004BB1E3752369E3600023607E2376637639
:108DA400FFF714FFBCE7A37E0BB901236B600C4BE8
:108DB4004FF40172C3F808230023607EE375EFE7E4
:108DC4004FF48E71FFF7C2FE002AB5D00348114656
:108DD400FFF7D5FEB0E704B070BD00BFB43C00207F
:108DE400002000402DE9F84F1B4FDFF878801B4E20
:108DF4004FF000093B785FFA89F5AB4201D8BDE832
:108E0400F88FD8F800B033681BF83500012404FA51
:108E140000F213420BEBC50A1BD023EA02033360B2
:108E2400FFF7C6FD0E4A03461BF83500126884405E
:108E3400144003FA00F294420BD1DAF804209AF8B1
:108E4400011032B14C1E61426141CD1A694269413F
:108E5400904709F10109CDE7003D0020D43C0020F2
:108E6400D83C0020043D002070B50646114800F0AF
:108E7400B9FBF0B9104D01242B68B440234215D13D
:108E84003046FFF795FD0D4A136860B12343136024
:108E94002B68084823432B60094BBDE870401968D0
:108EA400002200F057BB23EA0403F0E723EA04039B
:108EB4002B6070BDDC3C0020D43C0020D83C00205A
:108EC400FC3C0020042A2DE9F34105460C461646D5
:108ED40037D9FFF7BDFCC8B11B4BDFF888801D6094
:108EE4001A4B1C701A4B1E601A4B00261E601A4B3C
:108EF400013C1E60E4B20327FF2C0ED1174A184828
:108F0400002102B0BDE8F04100F012BBFFF776FC8F
:108F14000028E1D002B0BDE8F08105EBC40315F8E8
:108F240034009B788DF80470424601A9ADF80660C0
:108F34008DF80530FFF796FC013CE4B20028DBD045
:108F4400E8E70720E6E700BF043D0020003D0020DD
:108F5400FC3C0020D83C0020D43C0020E98D0200D9
:108F64004C1203006D8E020070B5084D084E0024AB
:108F74002B789C4201D3002070BD3368012113F883
:108F84003400FFF7D5FC0134F2E700BF003D0020B8
:108F9400043D00201FB50021CDE9021001AA44F2CE
:108FA4000100ADF8041000F003F805B05DF804FB0F
:108FB40010B505F061FB05F079F90028FBD1134CDD
:108FC400636833B120881249000440F0010005F0C1
:108FD400D5FA104BD3F8F030DB0700D5FFDE636819
:108FE400012B06D920880C49000440F0020005F04A
:108FF400C5FABFF34F8F0749084BCA6802F4E06211
:109004001343CB60BFF34F8F00BFFDE7802E0020DA
:109014001102030000ED00E01D0203000400FA0544
:10902400094B5A7899780132D2B2914208BF002292
:10903400197891421FBF02705A78182101FB02303F
:1090440014BF0430002070471C3D002073B5054652
:1090540000240DF107000E468DF8074000F0D8FA01
:109064000DF10600FFF7DCFF90B10A4B9DF80620D6
:10907400067045605A709DF8070000F0EDFA24B9B7
:10908400054B4FF48012C3F80021204602B070BD96
:109094000424F0E71C3D002000E100E0204B2149BE
:1090A4001A682F2300BF00BF00BF00BF00BF00BF6E
:1090B40000BF00BF8A422FD000BF00BF00BF00BF67
:1090C40000BF00BF00BF00BF00BF00BF00BF00BFA4
:1090D40000BF00BF00BF00BF00BF00BF00BF00BF94
:1090E40000BF00BF00BF00BF00BF00BF00BF00BF84
:1090F40000BF00BF00BF00BF00BF00BF00BF00BF74
:1091040000BF00BF00BF00BF00BF00BF00BF00BF63
:1091140000BF00BF00BF00BF013BC3D1704700BF09
:10912400B42F00200024F4000C4B0D484FF40032FF
:1091340010B5C3F8802001244FF48033C0F84833BD
:10914400C0F808334460FFF7A9FF064B8460002091
:109154001860FFF7A3FF044B187010BD00E100E096
:1091640000100140143D0020093D0020F8B51F4BBC
:109174001F491B680025C1F84051C1F84451C1F88A
:109184004851C1F84C51C1F80051C1F804514BB3D6
:10919400D1F8044517490968641A24F07F442F461E
:1091A4001A68A24209D8A41A15441A7CDE691AB1B5
:1091B400D3E905201F749047AEB90F4A0F4B1178BD
:1091C4001B788B4205D10133DBB2022B08BF00238D
:1091D400137012780A4B43F822500A4B4FF4801252
:1091E400C3F80021F8BD3346DAE700BF183D00207C
:1091F40000100140143D00200A3D00200B3D0020DA
:109204000C3D002000E100E02DE9F74FA549A64AF6
:109214000B781278A54C9A4200F091800133DBB2AE
:10922400022B08BF0023A24A0B70A249176851F809
:1092340023003B1823F07F43136000222368154664
:109244001646944613B942B1236006E01968814278
:1092540063D902B12360091A19604FF00108236829
:10926400954EDFF864A2009300277378002D69D12E
:1092740032789A4240F0828023682FB9009A9A4249
:1092840002D1B8F1000F42D0002B00F00781D3F8CF
:1092940000908A4C864BD4F804651868884F351AB8
:1092A4003B7825F07F4503359BB94FF48033C4F8F0
:1092B4004433C4F80433834B4FF400324FF00108B5
:1092C400C3F880211A60C4F80080FFF7E7FE87F82E
:1092D4000080A9452CBF4844401920F07F40C4F8C1
:1092E4004005D4F804359B1B23F07F43801B0333D4
:1092F40020F07F4083420AD9D4F80435C4F84035BD
:10930400FFF7CCFE6F4B4FF40032C3F800216E4BD5
:1093140000221A7003B0BDE8F08F401A0E44D968D9
:10932400D3F81CE0C3F800C031B1BA1922F07F426F
:10933400C3E90121DD611D467346012282E7002550
:10934400A8468CE72846ED69594BD0F804C01A6842
:10935400DFF878E18368ACEB020121F07F417145CD
:1093640072D80B4401210174216803600022C0E912
:109374000122C261002970D1206076E7531CB178C4
:10938400D4F800B0DBB2994208BF0023337018232D
:1093940003FB026213799068022B1FD0032B50D079
:1093A400012B7FF462AF037C002B7FF45EAFD2E924
:1093B400031383605369C36093699AF8002083613F
:1093C400002A18BF29464160BEE7904209D0914661
:1093D400D269002AF9D10023037446E75A46D946D4
:1093E400F7E7484512D1DBF81C10216071B9DFF8AA
:1093F400CCE001920123CEF80830DFF8B4E0CEF8D7
:10940400001031490B70FFF749FE019A1168D269C7
:10941400C9F81C2012B113680B44136023685B4520
:1094240018BF0127D7E78BF81020DBF81CB0012305
:10943400BBF1000FF7D1002B3FF417AFC4F800B015
:1094440013E72B462A46F3E7A2EB0C0222F07F42F5
:109454009A4234BF9B1A002384E70A689A421BD3BA
:10946400D21A0A60C16187E7A3EB0C03D2F81CC0CF
:109474001146BCF1000F0AD06246D2F800C0634521
:10948400F2D8ACEB030CC2F800C094460A46036061
:10949400C0F81CC0D061E8E60A46EEE7FFF744FED8
:1094A40035E700BF0B3D00200A3D0020183D002099
:1094B400143D00200C3D00201C3D00200010014004
:1094C400093D002000E100E0083D0020FEFF7F0090
:1094D40008B5FFF729FE104B00200B2218809A7064
:1094E4000E4B18600E4B18700E4B18700E4B4FF449
:1094F4008012E021C3F8802183F814131A6002F16A
:109504008042A2F56F22C2F8080583F81113074BB5
:10951400D2F804251A6008BD1C3D0020183D002027
:109524000B3D00200A3D002000E100E0143D002036
:10953400074B9B784BB132B128B10368187C20B932
:1095440059745A617047072070470820704700BF5C
:109554001C3D00202DE9F743DFF8848098F80230A1
:1095640005460E461746ABB3A0B3042930D9436968
:1095740083B3437C0024012B0DF107000CBF894603
:10958400A1468DF8074000F043F80DF10600FFF7FF
:1095940047FDD8B1012303700F4B4560D3F8043560
:1095A400C0E90497C0E902369DF8063088F8013016
:1095B4009DF8070000F050F824B9084B4FF48012CE
:1095C400C3F80021204603B0BDE8F0830424EFE78C
:1095D4000724F7E70824F5E70010014000E100E064
:1095E4001C3D0020064A92783AB130B1426922B15A
:1095F400002202740221FFF729BD0820704700BF32
:109604001C3D0020014BD3F80405704700100140B5
:1096140070B5EFF3108672B60C4A9468012384B9CE
:1096240093600B4B0B4DD3F8801029401160C3F8A5
:109634008050D3F8841051604FF0FF32C3F8842077
:109644002346037006B962B670BD00BF283E0020F1
:1096540000E100E0FC06FFBD084B9A6810B55AB162
:1096640050B9EFF3108172B6054A1C6814605C6847
:109674005460986001B962B610BD00BF283E002056
:1096840000E100E070B5064E0546002456F8043BA0
:109694000BB1284698470134042CF7D170BD00BFA4
:1096A400343F00204388033300EB8303994209D3FA
:1096B40082884FF6FF739A4206D00088B0FA80F091
:1096C40040097047022070470120704768B1026862
:1096D400084B9A4209D14068074B984207D001339E
:1096E400984214BF032001207047032070470020D4
:1096F400704700BFDEC0ADDEFE011EF1C21C92B297
:1097040040F2FD339A4230B51ED8114B187838B95F
:109714001C895D892C441444A4B2B4F5806F0AD327
:10972400187D98B9988BDC8B2044104480B2B0F536
:10973400806F0BD201200880142101FB003300202C
:1097440059890A445A8130BD0920FCE70720FAE709
:109754006C3E00200B4A0C495388142000FB031173
:10976400CB6833B90420496810700122074803F01C
:109774000FBA07490523137002238B80012209685D
:109784000023F3E7543E00206C3E0020342F0020D9
:10979400643E002007B5002305490093054A096883
:1097A4000548082303F0C2F903B05DF804FB00BFC9
:1097B400643E00205C120300342F002007B5002310
:1097C40001460093034A0448082303F0AFF903B0A9
:1097D4005DF804FB54120300342F002013B500235A
:1097E4000C4600930146084A0848042303F09EF9F6
:1097F40038B90749142202FB041101230B7402B087
:1098040010BD0E20FBE700BF50120300342F0020D0
:109814006C3E002037B50A480A4B42689C88196898
:1098240053880325033305709BB2002000909B00EE
:1098340001EB8401044803F079F903B030BD00BFA3
:10984400543E0020643E0020342F002010B5014611
:10985400044800F059FE1C220446002105F06EFE67
:10986400204610BD943E00202DE9F0410D46022310
:10987400154F2B80164600F5805100F108044FF077
:1098840001088C420ED2236801330BD02046FFF727
:1098940009FF48B10EB186F80080022809D14FF4BF
:1098A40080632B80BDE8F081A3683A68934200D9B5
:1098B4003B602B886288033313442B806388033313
:1098C40004EB8304DDE700BF303F002038B5144BC0
:1098D40014220D4602FB00335C682B6804F58051AA
:1098E400A3B15C88033403EB84048C4215D223684F
:1098F400013312D02046FFF7D5FE012808D00228F4
:109904000BD00028F1D12C60012038BD0834ECE7DD
:109914006388033304EB8304E7E70020F5E700BF23
:109924006C3E00204368F7B505460E4633B9002463
:109934000027022C34802ED1002026E01F4AD16853
:109944008B42F4D312699342F1D813F00304EED19D
:109954001B4A018912899142EAD101689A689142AD
:10996400E6D118494A68934203D902F580529342DA
:109974000DD38A6993420CD902F58052934208D2DE
:1099840001233380B4FA84F0400903B0F0BD2346C8
:10999400F7E70A24F6E7019701A92046FFF796FFA7
:1099A40010B90134A4B2C4E7019B2A6899689142B2
:1099B400F2D16B60024B1B892B81E6E7342F002028
:1099C400543E00206C3E00202DE9F0471C461D4B00
:1099D4001B780746884616467BB382B37CB3DFF810
:1099E4006C904FF0140AA588012D01D90A2022E0B9
:1099F4000AFB05F319F803302BB921462846FFF773
:109A040065FF18B920600135A580ECE723681FB114
:109A140099883A889142F0D1B8F1000F04D019889E
:109A2400B8F800209142E8D19A68C6E90023064BB1
:109A34001B8933810020BDE8F0870220FBE7052065
:109A4400F9E700BF4C3F0020543E00206C3E00204C
:109A540008B5074B5888191DFFF738FF18B1BDE842
:109A64000840FFF7D7BEBDE80840FFF773BE00BF4C
:109A7400543E00202DE9F043A24EA34F89B0044682
:109A8400336823B9A148394600F078FD3060356861
:109A94002B785A1E052A00F20281DFE812F0060034
:109AA40079007900F600F6005001ECB1984B0022E1
:109AB4005A6001241422002103A805F03FFD41F659
:109AC4001D539C42336818BF04941A78A2F1020211
:109AD40008BF0024042A00F2E781DFE812F0C8017D
:109AE400D401FD0105020C022B79032B1CD8DFE8FD
:109AF40003F014022934874A1378022B19D0137DFA
:109B0400022B4FF0010316D114214B43D11800202E
:109B1400D0544868FFF752FE03E001232B71FFF78E
:109B240039FE002800F0AB80794B00225A600E24E5
:109B3400C0E70023E8E7764A13700023536041F638
:109B44001D54B7E774497548002302222B718A809B
:109B54000968012203F01CF8E3E76F4C4FF000089A
:109B640085F804802068FFF729FE6D4BDFF8A4C157
:109B74005B882568142253430CEB03020CF8038022
:109B840051685560A588158102222160A280C8E72A
:109B9400B5F81490DFF87C81142202FB0982118944
:109BA40054B1EB88D81C01441181C3F57F4351891A
:109BB400FD330B4453817CE75468AA7D04EB810494
:109BC400062A05D8DFE802F01E442C3A14505E0041
:109BD4000F24142202FB0982EB881089D91C01444A
:109BE4001181C3F57F435189FD330B44538161E7F0
:109BF4004C484D4900234360AB690360FFF792FE74
:109C040000285AD00223AB75002300930423EA18DA
:109C14002146424802F08AFF002830D00E24D8E7BB
:109C24002B69002B0CBF01230323AB750023009386
:109C340005F10C02042304F10801EAE70123AB75E2
:109C44000022EB8800922A699B0004F10C01E0E7F2
:109C5400032B14BF06230523AB75002300930423B1
:109C640005F10802E118D4E70623AB752E4B1988D9
:109C74002C4B5868FFF7B2FD04460028A9D109B05F
:109C8400BDE8F08341F61D54A3E7002C7FF411AF27
:109C94002B79012B1ED0022B3FF451AF0BB10F24B3
:109CA40008E702232B710DF10A01EB68039303A863
:109CB400CDE90444FFF736FE08B90A24FAE604980D
:109CC400BDF80A108388EB8003882B81FFF786FD9B
:109CD400044612E0DFF854802146434603AAA81D37
:109CE400FFF772FE044618BBB8F804100498FFF797
:109CF40075FD0A2804463FF422AF002C7FF4DAAE47
:109D0400BDE700BF503E00204C3E0020943E0020A2
:109D14004C3F00206C3E0020643E0020342F002085
:109D2400543E0020403E00203C3E0020343E0020B3
:109D340000230A28C8E900337FF4BCAEFFE6002CF8
:109D44007FF4B7AE6E4B197B1A78A9B11C731A78DD
:109D5400013A062AA3D801A151F822F0079E020075
:109D64002D9E02004B9E0200519E0200A39C020005
:109D7400579E0200699E0200072AE8D801A151F803
:109D840022F000BFA99D0200539D0200539D0200D2
:109D9400CF9D0200E39D0200039E0200039E020089
:109DA400CB9D02001A89574901321A8100225A8038
:109DB4001A730A78B2FA82F252099A720A7DB2FAD6
:109DC40082F25209DA72012207E04F4958688A8800
:109DD4004088033202448A8002221A70B7E75C8802
:109DE400484A4949142505FB042208685468506010
:109DF4008888108102228A800C600622EDE70722FF
:109E0400EBE79A7A32B9DA7A8AB900221A705A8060
:109E14005A6094E63B4900229A72CA68002AF2D139
:109E2400097C0029EFD05A80FFF712FE50E7002288
:109E3400DA72344A116A0029E7D192F82420002A00
:109E4400E3D00122EFE7FFF7E5FC41E7FFF782FCEF
:109E54003EE75A882B4B142101FB02335868FFF765
:109E6400ADFC35E700225A60FFF794FC30E701228D
:109E74008DF80C201A89ADF818209A88DB68ADF8A3
:109E84001A20059310E002228DF80C201A89ADF8EF
:109E940018209A88ADF81A20DA689B7D05929A1FDB
:109EA400534253418DF81C3003A8FFF7EBFB00230A
:109EB40039461648336000F08CFB154B012253E8F9
:109EC400000FA0EB020143E8001595F0000FF6D156
:109ED40000297FF4D5ADD2E603228DF80C20DA8870
:109EE400ADF818201A89C9E704228DF80C20DB8804
:109EF400ADF81830D8E705238DF80C30D4E700BF4F
:109F0400543E00206C3E0020643E0020943E00201D
:109F1400483F00204068FFF7ADBD000010B4094B76
:109F2400012253E8000F00EB020143E8001494F00F
:109F3400000FF6D118B95DF8044BFFF79BBD5DF82F
:109F4400044B7047483F00202DE9F3411F46384B2E
:109F54001B7806460D46002B62D0002962D0098882
:109F64004FF6FF7399425FD06B88002B5CD06B680F
:109F74009B075BD152B9B5F808800DF10201404648
:109F8400FFF7BCFB38B102B0BDE8F0811388B2F82A
:109F94000280ADF8023001A8FFF758FCBDF802209A
:109FA400044650B9234B142101FB0233588903386A
:109FB400A0EB080058810820E5E7077000238375AB
:109FC4006B688282036101221B4B53E8000F00EB94
:109FD400020143E8001C9CF0000FF6D12B8823817A
:109FE400032F6B88A38004BF0423A3754FF00005DF
:109FF40008BF3368E16008BFA3611048A4F8068075
:10A00400658101A900F0AAFA36B1E36833600C4B0C
:10A0140075601B89B5723381FFF780FF0020B2E7BA
:10A024000220B0E70520AEE70420ACE70320AAE74E
:10A034004C3F00206C3E0020303F0020943E002026
:10A04400543E00200B4B1A68042A10B50FD019682F
:10A05400094A42F82100012253E8001F01EB0200E3
:10A0640043E8000494F0000FF6D1002010BD0C204A
:10A07400FCE700BF443F0020343F00202DE9F04FAF
:10A08400DFF8E89187B01422002101A805F056FA00
:10A0940099F8003003F0FF0B1BB101A8FFF7F2FAA7
:10A0A4000CE009F10403012253E8001F41EA020015
:10A0B40043E8000494F0000FF6D121B100242046B7
:10A0C40007B0BDE8F08F4FF010234FF080525B696A
:10A0D40011695269DFF898A1581C08BF02FB01F30B
:10A0E400CAF810305A49A3F5405300225046CAF822
:10A0F4000C3002F00DFD04460028E0D155495648C5
:10A104001C238C2200F0CBF9A04603272546DAF85D
:10A114000C6046443046FFF7D9FA0128314645D051
:10A12400032810D078B308F58058B8F5405FEED115
:10A13400012F06D9E4B2062C58D05ED814F0FD0FD6
:10A144005BD10B24BBE706F580530A68013274D156
:10A1540004318B42F9D1414B1A682AB902221E609C
:10A164009A804FF0010B0BE014236B433C4802210F
:10A17400C218C1543B4B56605D8001351181ADB2AC
:10A1840044F00104CFE7364914236B43CA18C8547A
:10A19400566003F1100208330A4430461944FFF7AD
:10A1A40063FB44F002040135ADB2BCE72B4BBBF1B9
:10A1B400000F0DD0DFF8A8C014226A430CEB020193
:10A1C40002200CF8020001351A684A600881ADB219
:10A1D40025491E6000223046FFF746FB1F4B9B8833
:10A1E400022B14BF082304231C439CE7012389F892
:10A1F40000300023C9F804304FE76846FFF726FB18
:10A20400C8B10123013C03700A2C09D8DFE804F02B
:10A2140006080608070807080F110F00002303713A
:10A2240069460D4800F09AF9FFF778FE46E70323E4
:10A23400F5E70223F3E7082441E7094A14236B43B3
:10A24400D118013F4E600321D154BFB2ABE700BF28
:10A2540044140300A43E0020943E0020643E0020E9
:10A264006C3E0020543E0020683E00204C3F0020FD
:10A27400342F0020F7B50D460446E8B1E1B10DF1E5
:10A284000601FFF74FFBC8B1BDF806200C4B61680F
:10A29400142000FB0233012253E8000F00EB0206F6
:10A2A40043E8006797F0000FF6D129600C3169602C
:10A2B4000020A27203B0F0BD0520FBE70A20F9E7F5
:10A2C400783E002013B50446A8B10DF10601FFF74E
:10A2D40029FB90B1BDF806200A4B142101FB02337F
:10A2E400DA6862B1A27A52B1DA680020013ADA601F
:10A2F400A07202B010BD0520FBE70A20F9E7062092
:10A30400F7E700BF6C3E00200B4B1B7837B50446C3
:10A314000D4663B168B10DF106012846FFF7EEF969
:10A3240018B9BDF806302380658003B030BD022023
:10A33400FBE70520F9E700BF4C3F0020104A1278E4
:10A3440010B50346AAB1B0B10088022815D80D494A
:10A354005A88142404FB0011941C488984420CDAA2
:10A36400C2F57F42FD321044488100201880588095
:10A3740010BD0220FCE70520FAE70420F8E700BF3F
:10A384004C3F00206C3E002002230022FFF7DCBD7E
:10A3940012B10223FFF7D8BD0520704718B103237B
:10A3A4000022FFF7D1BD052070470000104B1B7839
:10A3B40013B50446ABB14FF6FF73984213D001A80E
:10A3C400FFF744FA88B10523037001230371C480A5
:10A3D40001A9084800F0C2F8FFF7A0FD002002B070
:10A3E40010BD0220FBE70420F9E70820F7E700BFCF
:10A3F4004C3F0020943E00200E4B1B7807B5A3B1C0
:10A4040001A8FFF723FA90B10623037001A90A48B3
:10A4140000F0A4F8094B1A780AB101221A73FFF765
:10A424007DFD002003B05DF804FB0220FAE708205C
:10A43400F8E700BF4C3F0020943E0020543E00202B
:10A4440007B5ADF80600ADF804100DF1060001A93A
:10A45400FFF7BAFA03B05DF804FB07B51346ADF88D
:10A4640006000A4600200DF10601FFF7ADFA03B01D
:10A474005DF804FB07B51346ADF806000A460DF176
:10A4840006000021FFF7A0FA03B05DF804FB20B139
:10A4940019B103680B60002070470520704710B5A0
:10A4A40061B1B2FBF3F403FB1424A4B244B9C0E9D0
:10A4B400001484608281C381204610BD0E20FCE715
:10A4C4000920FAE782B050E8022FC188B2EB324F7C
:10A4D4004FF0000317BF92B241EA014142EA014141
:10A4E40004E04268B2EB324F08BF012340E8021295
:10A4F400002AE8D18DF807309DF80730002B0CBFF7
:10A504001120002002B0704737B550E8013F9DB2DA
:10A51400C48925448489A54228BF2D1B0489A542EA
:10A5240002BFBFF32F8F002207E0C5EA030540E80E
:10A534000154002CE9D14FF001028DF8032001935E
:10A54400019A0A609DF8031001F0FF0321B100682D
:10A5540010FA82F003B030BD1846FBE70A884B8836
:10A564009A4209D150E8012FC2EA024240E801238D
:10A57400002BF7D1012070470020704737B550E811
:10A58400023F1FFAA3F5C488A54202BFBFF32F8F71
:10A5940000220DE0C48925448489A54228BF2D1BCF
:10A5A400C3EA054540E80254002CE8D14FF001020B
:10A5B4008DF803200193019A0A609DF8031001F0BD
:10A5C400FF0321B1006800EB124003B030BD184610
:10A5D400FBE70A884B889A4209D150E8022FC2EA65
:10A5E400224240E80223002BF7D1012070470020CB
:10A5F400704710B590B1D0E9012301689B1ADBB212
:10A604000A60013BDBB2FF2B026802D1002010710B
:10A6140010BD11684C1C14600B70F2E70E20F7E7B4
:10A6240037B5054600240DF107008DF80740FEF705
:10A63400EFFF2A68696813688B420ED9591E1160AE
:10A6440013F8013C288AEC6800FB0344AB685B1AEE
:10A654001179DBB2994238BF13719DF80700FEF7F8
:10A66400FBFF204603B030BD37B5054600230DF18E
:10A6740007000C468DF80730FEF7CAFF2A681368F6
:10A68400591C1160EA68A41A2A8AB4FBF2F41C70FB
:10A694009DF80700FEF7E0FF03B030BD704710B52A
:10A6A40044696068036801219B689847A36810B9EE
:10A6B40003221A7010BD0422FBE77FB58368D3F828
:10A6C40038610546EEB10023092201A9304602F0A3
:10A6D400CAFCAB68029AC3F8382100242346092235
:10A6E40001A93046CDE901448DF80C4002F092FCFA
:10A6F400304602F02DFCAB68D3F8380118B9C3F822
:10A70400340104B070BD234601A9092202F0ABFC58
:10A71400A8680194D0F838012346092201A902F05F
:10A7240079FCEEE70968006804F08ABE2DE9F84375
:10A73400089C06461F4610460D46C9B9144E1549D5
:10A74400891BB2EBD10F4FEAD1080DD2124B53F84B
:10A754002290043656F835404846216804F070FECD
:10A7640018B10135A845F5D100243C60BDE8F88353
:10A77400002EF9D0327873682AB1214698472368AD
:10A78400002BF2D1F0E7020103EB00149B58F7E72A
:10A79400FCF602004CF70200582E00208B680028BB
:10A7A40018BF4FF4002193F8300108BF4FF4801113
:10A7B40003F07CB908B104F0F6BD704710B58468A5
:10A7C4000068FFF7F7FFE37C1844637BB0FBF3F208
:10A7D40003FB1200B0FA80F0400910BD10B5846884
:10A7E4000068FFF7E7FFE37C627BA07353FA80F312
:10A7F400B3FBF2F102FB113301332372A37C53FA4E
:10A8040080F00131B0FBF2F302FB1300A1720130BE
:10A81400591C6072E17204F1080010BD10B584681F
:10A824000068FFF7C7FFA37C1844637BB0FBF3F217
:10A8340003FB1200B0FA80F0400910BD07B583682D
:10A84400B9B1DA7B8A4211D00E4A009233228DF8D4
:10A85400042001F12F02D9738DF805206D22ADF883
:10A864000620094900696A4601F07DFF03B05DF8DE
:10A8740004FBD973054A0449006903B05DF804EB8D
:10A8840001F071BF1B5B313BF80203009F12030010
:10A8940007B583681A7C8A4213D045F61B32ADF89B
:10A8A400002034228DF8022001F12F0219748DF852
:10A8B40003206D22ADF80420034900696A4601F0C3
:10A8C40052FF03B05DF804FBF80203002DE9F74FD3
:10A8D40000268046894614460660B246207840B178
:10A8E40004F07DFE70B104F801ABD8F800300B2BF6
:10A8F400F4D9D8F800300022304649F8232003B0B8
:10A90400BDE8F08FD8F800305A1CC8F8002049F888
:10A91400234006462578002DE7D0002E40F08580A0
:10A92400272D03D05C2D0DD0222D76D12046FFF7A4
:10A9340041FF611C0246204604F0E0FC2E462746F7
:10A944003C46E7E7671C2046FFF734FF39460246DA
:10A95400204604F0D3FCF3E75C2D64D16278964280
:10A96400F1D0302A22D102230025E25CA2F1300189
:10A97400C9B2072917D8ED000133EDB2052B45EA1A
:10A984000105F2D1204603F1FF3B0193FFF712FFCB
:10A99400019BA344C3F102031A185946204604F04C
:10A9A400ADFC2570CCE7DBB2022BEBD1782A3AD18F
:10A9B40002220025A35CA3F13001C9B2092915D8EC
:10A9C4002D01EDB20D43022A0ED04FF0040B0BF112
:10A9D400FF31214420460191FFF7ECFECBF1020B3D
:10A9E40001990BEB0002D9E70322E3E7A3F161012C
:10A9F400052905D82D01EDB2573B1D43EDB2E2E721
:10AA0400A3F14101052903D82D01EDB2373BF4E749
:10AA1400022A08D04FF0030BD9E7284604F0DFFDE3
:10AA240000287FF462AF671C8AE7B54204F101078E
:10AA340092D12046FFF7BEFE39460246204604F076
:10AA44005DFC274600267BE72DE9F34105460F46CA
:10AA54001446002614B902B0BDE8F08168680368A2
:10AA64002246D3F80C80B91901ABC047019B1E44A0
:10AA7400E41A002BEED1AB681B78032BEED04FF415
:10AA8400002002F0E1FFE9E72DE9F743054680687D
:10AA94005E4FDFF8808100248022214694308DF8B7
:10AAA400034004F04BFD5A49286901F05CFE286913
:10AAB40001F04EFE4FF47A76686803680122D3F8F9
:10AAC40010900DF1030101ABC847019B002B46D147
:10AAD4003A6840F2E73300BF00BF00BF00BF00BFC9
:10AAE40000BF00BF00BF42452FD000BF00BF00BF62
:10AAF40000BF00BF00BF00BF00BF00BF00BF00BF5A
:10AB040000BF00BF00BF00BF00BF00BF00BF00BF49
:10AB140000BF00BF00BF00BF00BF00BF00BF00BF39
:10AB240000BF00BF00BF00BF00BF00BF00BF00BF29
:10AB340000BF00BF00BF00BF00BF00BF00BF00BF19
:10AB440000BF00BF00BF00BF00BF013BC3D1013E37
:10AB5400B6B2002EB0D10D2003B0BDE8F0839DF84D
:10AB64000330A9681B2B43D091F894201B2AA3D14E
:10AB7400522B3DD10C44002384F8943091F8952055
:10AB84005B2A1CD101F19500022510F8012F013533
:10AB94003B2AEDB217D12C061DD405F193040C44C5
:10ABA400002214F8010FC0B9FA2A28BFFA22FA2B9E
:10ABB40028BFFA230A728B7281F89400CCE781F8DB
:10ABC40094300B20C8E703EB8303303A02EB4302D3
:10ABD400802D93B2D9D10C20BEE702EB820230382B
:10ABE4006E1C00EB420082B23006F5B2F3D4D8E713
:10ABF4000A190134E4B2092C82F894307FF65CAF70
:10AC0400002381F894300420A6E700BFB42F00206D
:10AC14006A1203000024F4000A46014901F0A3BDAE
:10AC24003102030011B10069FFF7F6BF704700005D
:10AC3400014A024901F097BD9C120300F802030087
:10AC44002DE9F04F054685B00E4690460024305D50
:10AC540004F0C5FC20BB5FFA88F301933046FFF78C
:10AC6400A9FDAB6893F80DA0001BAAEB080B58458F
:10AC740006EB040916D94A46002712F8011B039271
:10AC84000846029104F0ABFC039A18B102990A2910
:10AC94002FD0BB4608EB07018A4529D90137ECE7D9
:10ACA4000134D4E74B460027B84215D013F8012BE2
:10ACB4000A2A1BD1286901F04BFD49463A46284629
:10ACC400FFF7C2FE2869FFF7B3FF01345FFA88F18A
:10ACD40028463C44FFF7A6FF2869311901F043FDDB
:10ACE400286905B0BDE8F04FFFF7A2BF0137DBE7E5
:10ACF4005F46286901F02CFD3A4649462846FFF78D
:10AD0400A3FE3C44305D04F06AFC38B92869FFF7BF
:10AD14008FFF01992846FFF785FF9FE70134F1E78C
:10AD2400014A024901F01FBD8E120300F80203001C
:10AD3400014A024901F017BD95120300F80203000D
:10AD4400014A024901F00FBD91120300F802030009
:10AD54000A4619B10249006901F005BD704700BFF8
:10AD6400370203000A4619B10249006901F0FBBC2D
:10AD7400704700BF3D02030038B50546FFF72EFDBE
:10AD840083790278817801339A42044601D10129FA
:10AD940013D0012904D90139C9B22846FFF7D8FFD5
:10ADA4002178A379994209D90139C91AC9B2284627
:10ADB400FFF7D8FFAB680022DA7438BD0133591AA3
:10ADC400C9B22846FFF72EFFF4E7F8B50546FFF7AA
:10ADD40005FD8778C67804462846FFF7EFFC18B9C6
:10ADE4002846FFF71BFD10B12869FFF721FFB74282
:10ADF40008D161782378C91A2846C9B2BDE8F84059
:10AE0400FFF7B0BFA378E178C91AC9B22846FFF7A3
:10AE14009FFF21786378994206D9C91A2846C9B296
:10AE2400BDE8F840FFF7FEBE591AE5E738B5054618
:10AE3400FFF7D4FC027843789A4204468378C278B8
:10AE440001D1934213D09A4205D9D21A0B492869E9
:10AE5400D2B201F088FC21786378994208D9C91AE2
:10AE6400C9B22846FFF77EFFAB689A7CDA7438BD16
:10AE7400591AC9B22846FFF7D5FEF5E74302030085
:10AE8400F8B51F46C368054658614068036816460E
:10AE94001C68264A2B46A047044600283CD1686912
:10AEA40002F054F80446002836D101464FF4A27249
:10AEB400A86804F043FBAB681D4893F84121B60031
:10AEC40046F0080622F00C0206F00C060121164397
:10AED40045F2180283F8401119709A8183F8416190
:10AEE400144A154B9B1A4FEAD30C21460432614590
:10AEF40014D1072B04D9114B0D48042204F048F84F
:10AF040057B19DF81810E86803F06AFB0028A3BF46
:10AF1400EB6801225A7204242046F8BD52F83160CD
:10AF2400366840F8046B0131E1E700BFA1A70200D5
:10AF3400582E0020FCF602004CF7020029A702005C
:10AF440038B50168856804460246074802F0AAFC41
:10AF540085F83001A36893F83001A0F1FF0358424B
:10AF64005841800038BD00BFD5BE020008B58368D3
:10AF74004FF4000193F8300102F098FD002008BD61
:10AF8400FFF762BD0CB473B506AB044653F8046B0B
:10AF94000193836893F841516D0719D5DD7B8D4288
:10AFA40016D0B3F80F50FFF749FC206901AA3146C7
:10AFB40001F050FCE9B22046FFF740FC290A02D018
:10AFC4002046FFF765FC02B0BDE8704002B0704750
:10AFD400206901AA314601F03DFCF4E7F8B50446C6
:10AFE4008068867CC37C1546B2187F2A0F4636DCFF
:10AFF400ADB3F61A03F114012B441433F6B2014431
:10B00400721C184404F07AF9A068C37C14332A46ED
:10B014003946184404F072F9A76807F11400FFF7E1
:10B02400C9FBFB7C0E4AB87414333B442046082108
:10B03400FFF7A8FFA368DA7C1544DD742046FFF708
:10B04400BDFB18B92046FFF7E9FB10B12069FFF7F3
:10B05400EFFD26B12046BDE8F840FFF7B6BEF8BDC7
:10B06400F80203002DE9F8430446806890F8417122
:10B07400827CC37CC7F30009D61A17F001078846FF
:10B08400F6B23BD17E2A3DD83EB103F1140115330B
:10B0940001443246184404F031F9A568EB7C2B4492
:10B0A40083F81480002F69D1AB7C0133DBB2AB741D
:10B0B4002B4483F81490002E68D02046FFF78EFBB3
:10B0C4008278C3789A421FD1EB7C334A1433082127
:10B0D40020462B44FFF756FFF11BC9B22046FFF769
:10B0E40041FEA268D37C0133D3742046FFF766FB8C
:10B0F400F0B12069BDE8F843FFF79ABD7E2ACCD9A8
:10B10400002ECAD1BDE8F8832069FFF711FEA268BA
:10B11400D37C1433134408211F4A2046FFF732FF1F
:10B124002069FFF7FDFD20690121FFF775FDD8E7D0
:10B134002046FFF773FB0028E4D02046FFF74EFBC0
:10B14400C2788378013AD21A12F0FF02054603D07E
:10B154001249206901F007FB2069FFF769FDE978CE
:10B16400AB78C91A2046C9B2FFF7F2FD2978013934
:10B174002046C9B2BDE8F843FFF754BD002E9CD168
:10B18400AB7C0133DBB2AB742B441E7504492069DC
:10B19400424601F0E8FAA4E7F80203004302030080
:10B1A40049020300F0B5836885B00025CDE9015557
:10B1B400D3F83C218DF80C5004460E46002943D1A7
:10B1C400002A3DD0FFF7D8FDA0683346D0F83C01F3
:10B1D400092201A901F047FFA668029BB57CC6F8C5
:10B1E4003C31002B4FD106F194073846FFF7E2FAC1
:10B1F40040B3394606F1140004F056F9A06814303F
:10B20400FFF7D8FA8DF80C009DF80C30A268AB4219
:10B21400D374937402D22069FFF792FDA3682B4A7A
:10B22400204614330821FFF7ADFE2046FFF7C6FA87
:10B2340018B92046FFF7F2FA10B12069FFF7F8FCBD
:10B2440005B0F0BD3075D9E7D3F838119142F7D085
:10B25400D3F83431002BF3D0FFF78EFDA668D6F86F
:10B264003C0138BB06F114073846FFF7A3FAD6F8B9
:10B274003431C6F83C3110F0FF0518D0394606F1D8
:10B28400940004F011F9A06801A9D0F83C0100234E
:10B29400092201F0E8FEA0689DF80C2000F11401D9
:10B2A4000923D0F83C01013201F0DDFEACE786F859
:10B2B4009450E8E72B46092201A901F0D4FEA368C3
:10B2C400019A9DF80C50C3F83C21DCE7F802030016
:10B2D400F0B5C36891B004460D46D868002203A9AE
:10B2E40002F059F8002840F08F8065B1039801F00E
:10B2F4007EFEA268D2F82C310133C2F82C3103F05F
:10B304000703012B1CD12046FFF768FA8178012935
:10B31400064604D90139C9B22046FFF719FD317830
:10B32400012904D90139C9B22046FFF71BFD206960
:10B33400FFF706FD3DB1354A02212046FFF722FE04
:10B34400012011B0F0BD00230C22039804A901F0E0
:10B354008AFE069B0793059BADF8203001238DF8E8
:10B3640024309DF8103003F00302012A28D1C3F3DE
:10B37400C2028DF82220BDF81020049D0398C3F367
:10B384008003C2F383168DF82330B2000C230AA97C
:10B3940001F069FEC5F3952523690093324607AB96
:10B3A4000AA9284603F0C8F9039801F020FEE368CF
:10B3B4000022D86803A901F0EEFF0028C3D0BFE73C
:10B3C400022AF1D1BDF81250C3F3C202C3F38003C1
:10B3D400C5F389158DF822208DF823300C27082D0C
:10B3E4002E4628BF08263B46039832460AA901F098
:10B3F4003AFEAD1B236907AA31460AA8374403F075
:10B4040001FA002DEBD1CFE700209AE74C020300AC
:10B41400F7B546690191B3681F78042F05460ED02D
:10B42400E86801A901F05AFF044650B9019801F0F7
:10B43400D1FD032F0CD121463046FFF749FF03B05D
:10B44400F0BDF91E18BF01213046FFF741FFE7E7C1
:10B45400287C4FF4001102F029FBF0E72DE9F04FAE
:10B4640083681B78022BA7B0044648D100230D93B0
:10B474006068036801221D690DF133010DABA84713
:10B484000D9B3BB39DF93330002BF1DB01F066FEDD
:10B49400A6687578012D00F03F84022D00F04384E6
:10B4A400002D40F0D8849DF83370237EBB4240F0D9
:10B4B400BB81B77C4FBB2069FFF7BAFBA3680222AC
:10B4C4001A7000225A821A752368B34A032120464F
:10B4D400FFF758FD00212046FFF7FAFE78B12368F4
:10B4E400AD4A03212046FFF74DFDA368AA4A204632
:10B4F40014330821FFF746FD2046FFF766FC206958
:10B5040027B0BDE8F04F01F023B9337D002B40F0A4
:10B51400AC80A66806F11400FFF74CF9002710F080
:10B52400FF05C6F83C7123D0D6F83401002800F09A
:10B53400D7803B46092219A901F095FD9DF86C308E
:10B544009D4240F0CD80A068092300F194016A1C5B
:10B55400D0F8340101F087FDA66806F1940106F1E4
:10B56400140003F06DFF002840F0B88086F89400C2
:10B57400A26819A9143210A8FFF7A8F9DDF84080D1
:10B584000346B8F1000F96D0002840F0ED808349BF
:10B59400834ADDF86490521AD60800F0ED8005461F
:10B5A40001F1040A5AF835704846396803F048FF37
:10B5B40018B10135B54240F2DD8000231193FB68D8
:10B5C40003930BB1A3685F600025BB680493AA468C
:10B5D4002F460126A946B04518D926AB03EB8603AE
:10B5E400704953F834BC0593584603F029FF30B131
:10B5F4006D49584603F024FF002840F0DF80A2681C
:10B6040092F8413143F0020382F841312046FFF7BA
:10B614000DFC2046FFF7D2F810B92069FFF708FBAC
:10B62400002D00F0F68015AB0093524611AB39465D
:10B634002846FFF77BF8119BA268536019AADB68C0
:10B6440002EB8702A8EB070120469847A26892F80C
:10B65400413123F0020382F841312FE70135B5F57A
:10B66400807F02D10023337553E77319187D03F0EB
:10B67400B6FF0028F2D115F0FF080DD006F1140032
:10B684007A1C521B411903F039FEA268937CA3EB88
:10B694000803DBB29374D374D4F8088098F812705A
:10B6A40007F113064644B1464D4609F1FF3928789F
:10B6B40003F095FF0028F7D1AE423FF42AAFF6B26B
:10B6C400EDB2731BDBB2FB1A4344AD1B18757B1937
:10B6D400DBB288F8123088F813301AE786F89470D1
:10B6E400082705F10A066069314601F047FC054662
:10B6F400002833D0A368D3F83401A8B9C3E94D5561
:10B70400CDE919009B7C8DF86C3019A928460023DB
:10B71400092201F07FFCA1688A7C092301321431DB
:10B72400284601F077FC23E70023092219A901F038
:10B734009AFCA0681A9500230922D0F8340119A9AB
:10B7440001F068FC00231A93A368D3F834211992FA
:10B754009A7C8DF86C20C3F83451D6E72046FEF766
:10B76400ACFF013FBFD103E7104A02212046FFF797
:10B7740009FCA3E67FF416AF2046FFF71FF80C4B35
:10B7840000934B4628B10B4A02212046FFF7FAFBEF
:10B7940094E6094AF8E700BFF8020300FCF6020049
:10B7A4004CF702009B0203009E0203007B0203008D
:10B7B400E0130300940203009202030015AB09F1A5
:10B7C400010B0093049811AB4A463146FEF7AEFFD5
:10B7D400BBF1000F3FF41AAF119B002B3FF416AFDF
:10B7E40019680693059B53F8340C03F029FE70B9CD
:10B7F400069BDA689B68002A049A04930CBF2A46C5
:10B804003746154606F1010618BFCA468346D9468F
:10B81400E1E6039B13B119AA414615E7AF4A022199
:10B824002046FFF7AFFB11E7092F4BD013D8002FA9
:10B834003FF41EAE082F00F00782384603F0DFFE07
:10B8440000283FF415AE96F8413113F0080100F0DA
:10B854005382394675E11B2F31D07F2FEDD196F8F5
:10B86400413119077FF504AEF07CB57C2D1A15F033
:10B87400FF053FF4FDAD00F1150114302A463144B3
:10B88400304403F03BFDA668B37C013BB37420460F
:10B89400FEF7A4FF8278C3789A4240F01982F37CC1
:10B8A4008F4A1433334408212046FFF76BFB8C493D
:10B8B4008C4A206900F057FF691EC9B2FCE10123DC
:10B8C4007370D5E596F841311F077FF5D1ADB37C90
:10B8D400C3F17F0313F0FF0304933FF4C9ADF27C7B
:10B8E40006F1140106F1940003F0F6FDA668F37C5A
:10B8F4003344A946D87C83F8945003F070FE031EA9
:10B9040018BF012306F194020790C6F83C5119A907
:10B914000EA80893FEF7DAFF1998FEF74BFFCDE95E
:10B924000F555FFA80F82E46039505950E9B0693F6
:10B934002BB1089A013B1344B34200F2D780079B12
:10B94400002B7AD126AB03EB860353F8340CFEF7B5
:10B9540031FF5FFA80F826AB03EB86034FF0000A51
:10B964000A930AF10103099311AB009303980FABF7
:10B9740052463146FEF7DAFEDDF83CB0BBF1000F6B
:10B984000FD00A9BDBF8001053F8340C0B9142469D
:10B9940003F01FFD109B0B990746002855D0002B80
:10B9A40050D0039B4BB1BBF1000F06D0069B089A05
:10B9B4000136F6B213449E42B8D3DDF840A0BAF182
:10B9C400000F3FF455AD059B994540F0D880039B8B
:10B9D4001B783BB111AB0093039810AB4A46314638
:10B9E400FEF7A4FE109B1D682846FEF7E3FE4045C3
:10B9F40005D0049A05EB08012046FFF7EFFAA56885
:10BA0400EE7CAB19187D03F0EAFD002840F09D8020
:10BA140095F84131DE0740F1938060F3000385F827
:10BA2400413120212046FFF71DFBA26892F84131E5
:10BA340043F0010382F841311AE54FF000088AE728
:10BA4400CDF814A0DDF824A08BE708465BB9FEF717
:10BA5400B1FE049AC5B2A5EB08039A4201DDDBB23C
:10BA64000493D1461EE0FEF7A5FE049BC0B28542B6
:10BA740038BF0546B3B115AB03980093059A10ABD4
:10BA84003146FEF753FE109BDBF80000D3F800C0EC
:10BA940008EB0701FBB2425CB2B9049A9A4228BF90
:10BAA4001A460492099BCDF840B0002BC8D10E4A27
:10BAB40004212046FFF766FA4FF0FF330593039BFA
:10BAC400002B7FF473AF78E71CF801109142E4D1A6
:10BAD4000137B7F5807FDBD1FF23DEE7A502030042
:10BAE400F80203008A120300C202030026AB4FF0DF
:10BAF400000A03EB860711AB009303980FAB524681
:10BB04003146FEF713FEBAF1FF3F05D1B04A0421D6
:10BB14002046FFF737FAABE4DDF83CB0BBF1000F89
:10BB24003FF4A6ACDBF8001057F8340C03F088FCA3
:10BB34000AF1010A0028DED1DBF808300393BEE7DE
:10BB440020212046FFF78EFA92E4AB7CB3427FF6C5
:10BB54008FAC2046FEF742FEEB7C86780133EB7413
:10BB64002046FEF73BFE8378B34204D120690121CD
:10BB7400FFF752F87CE42069FFF75AF878E4A368E9
:10BB840000225A74059B994517D92368914A204687
:10BB94000321FFF7F7F9A3688F4A143308212046DD
:10BBA400FFF7F0F92046FFF710F9DAF80010049ACD
:10BBB40041442046FFF712FA5AE411AB009303986C
:10BBC4000FAB4A463146FEF7B1FD0F9BD3F800B0E8
:10BBD400BBF1000F05D1A26882F811B009F1010987
:10BBE400D0E77E48FEF7E6FDA16807914A7B2F184F
:10BBF400FFB2121A5846B2FBF7F2D2B20692FEF71F
:10BC0400D9FD0799069A3F1A487C00F1010C81F886
:10BC140011C0B0FBF2F102FB1100C0B2FFB260B977
:10BC24006E4B6F4ACDF800B007212046FFF7AAF902
:10BC340039462046FEF7F6FFD0E7674A5B46072100
:10BC44002046FFF79FF9F3E796F8413118077FF58F
:10BC54000FACB57C002D3FF40BACF07C00283FF416
:10BC640007AC2D1A00F11401EDB213306A1C3144F3
:10BC7400304403F043FBA368DA7C013ADA749A7C1B
:10BC8400013A9A74EDB108225649206900F06BFD1F
:10BC94002046FEF7A3FD8278C3789A4218D1A268A1
:10BCA400D37C1433134408214B4A2046FFF76AF926
:10BCB4002069FFF745F829462046FFF753F8FFF7B8
:10BCC400D7BB494A4449206900F04DFDFFF7D0BB7A
:10BCD4002069FFF72DF82069FFF732F8A268D37CBA
:10BCE4001433134420463C4A0821FFF74BF92069DA
:10BCF400FFF716F8FFF7BCBBB27C7E2A3FF6B8AB61
:10BD0400F07C431CDBB2F3743044334401320775D6
:10BD14001975B274FFF7ACBB9DF833305B2B40F060
:10BD24009A800223CCE50023737096F841311A07F8
:10BD34007FF5D0AB9DF83320413A0B2A3FF698AB00
:10BD440001A151F822F000BF7DBD020089BD0200AF
:10BD54008DBD0200F5BD020075B4020035BE0200BF
:10BD640075B402003FBE020075B4020075B402004F
:10BD740075B4020049BE020001212046FFF712FA01
:10BD8400FFF776BB0021F8E72046FEF727FD03788E
:10BD940042789A42054604D18178C27891423FF4B0
:10BDA40067AB6A7920699A420DD11049012200F0EB
:10BDB400DAFC69792046FEF7D5FFA268D37C01330B
:10BDC400D374FFF755BB0121FEF726FFF5E700BF4B
:10BDD400C2020300F6020300F8020300790D030017
:10BDE400EF02030049020300981203004302030018
:10BDF4002046FEF7F3FC8379027801339A42054624
:10BE040003D18378012B3FF433AB012A20690AD193
:10BE1400124900F0A8FC69792046FEF703FFA268E6
:10BE2400D37C013BCCE70E49012200F09CFCF6E7F1
:10BE34002046FEF7FBFFFFF71BBB2046FEF79CFFE7
:10BE4400FFF716BB96F84121DB4363F3000286F843
:10BE54004121FFF70DBB002332E500BF3702030089
:10BE64003D02030070B583681E78012E044629D173
:10BE740001F050FEE36818616068036800219B6864
:10BE84009847054601F046FE4FF4801101F00EFE7E
:10BE9400B5B908212046FEF7D1FC31462046FEF70D
:10BEA400F7FC0949206900F05EFCA36802221A70BD
:10BEB4005D821D752368054A03212046FFF762F859
:10BEC400284670BD0825FBE7FB020300F8020300C7
:10BED40070B50446FFF7C6FF08B1FDF75BF800260E
:10BEE4004FF4780001F0B0FD03021BD5E06810B1F7
:10BEF400467202F0AFFB606803685B68984750B90C
:10BF0400A068D0F838514DB94FF4A272294603F015
:10BF140015FBA3681D7001F0EDFDE1E72046FEF777
:10BF2400CCFBEDE72046FFF799FAD9E72DE9F04F6E
:10BF340083688BB05B6817466F4A009204466F4A69
:10BF44001B680D460821FFF71DF8A3685E6830687A
:10BF5400FEF730FC7168C21C92B211B12046FEF7A4
:10BF64006FFE674A08212046FFF70CF8002F52D0D5
:10BF7400002D50D04FF00C0AA9460AFB075A082698
:10BF8400D9F80400FEF716FC8046D9F80000FEF745
:10BF940011FC4044B04209F10C0988BF86B2CA457D
:10BFA400EED106F10408574B574A00931FFA88F85C
:10BFB40006F107090821204643461FFA89F9FEF7CE
:10BFC400E1FF52494A462046FEF73AFE2DB1DFF81A
:10BFD40038B14FF0000ABA451FD1A3685B68D3F8A3
:10BFE4000880B8F1000F00F083800022174606AEE7
:10BFF400009605AB0121404602F10109FEF796FBCC
:10C00400059D002D43D02868FEF7D4FBB84200D923
:10C0140087B24A46ECE70826C3E7D5E9002373B3A1
:10C024002AB301923A4A009208213A4A2046FEF77E
:10C03400A9FF6868FEF7BEFB03902868FEF7BAFB09
:10C04400039BB11CC91A091AC9B22046FEF7EAFDBE
:10C05400314920693A2200F086FBA96899B14A4621
:10C064002046FEF7EDFD0AF1010A0C35B3E7009313
:10C0740043465A4608212046FEF784FFEDE7002A8E
:10C08400EBD00092F4E72069FEF7D2FDEBE7B9F1BB
:10C09400010F2DD0214ADFF870A008212046FEF7B9
:10C0A40071FF2A46BD1CADB2009605AB0121404686
:10C0B40002F10109FEF73AFBDDF814B0BBF1000F01
:10C0C40016D0DBF80030009308212B465246204658
:10C0D400FEF758FFDBF8041031B17A1D92B2204606
:10C0E400FEF7AEFD4A46DFE72069FEF7A1FDF9E75A
:10C0F4000BB0BDE8F08F00BF78120300F10203001B
:10C10400FF0203007F1203000A030300120303006B
:10C114007C12030025030300490203002E030300DD
:10C12400022910B504460AD1836893F841319B076C
:10C1340005D50022BDE810401146FFF7F7BE20697F
:10C14400054A064900F00FFB2069054A0349BDE88A
:10C15400104000F008BB00BF74120300F802030093
:10C164006F12030008B5836893F84121920706D53E
:10C1740000221146FFF7DAFE0121084608BD002916
:10C18400FBD05B68024A1B680221FEF7FBFEF3E763
:10C194003D030300013910B518BF01210446FFF720
:10C1A400E1FF40B9044A0549206900F0DCFAA368BC
:10C1B40045F218029A8110BD64120300F8020300CC
:10C1C4000129F7B50446154633D18568FEF75CFCB2
:10C1D40018BBA36820691F7A9E7AFA21FEF71CFD1A
:10C1E40020691D49FA2200F0BEFA2046FEF74CFCF5
:10C1F40098B9A368197A6973A368C91B9B7A2B73CE
:10C204002046C9B2FEF7AEFD297B891BC9B2204680
:10C2140003B0BDE8F040FEF79BBDA36845F21802E9
:10C224009A810E4A0421204603B0BDE8F040FEF78F
:10C23400A9BE022994BF00210121FFF793FF48B949
:10C244006B680193064B00932B68064A0221204633
:10C25400FEF798FE03B0F0BD43020300570303004A
:10C26400F41303009AF902002DE9F041013986B074
:10C2740018BF01210546FFF775FF044638BBAB68BC
:10C28400DFF85080D3F83861EEB1082C1BD030466B
:10C294000023092203A900F0E6FE9DF81420A968F2
:10C2A400304609230132943100F0DDFEAB68049E70
:10C2B40094330093671C2346424608212846FEF720
:10C2C40061FE3C46E0E7AB68002283F8942006B0A8
:10C2D400BDE8F08194030300013910B518BF0121B2
:10C2E4000446FFF73FFF30B9A36893F8412160F398
:10C2F400C30283F8412110BD013910B518BF0121D3
:10C304000446FFF72FFF30B9A26892F8413143F099
:10C31400080382F8413110BD022973B50D4694BF5C
:10C324000021012104461646FFF71CFF58B9022DCF
:10C334000BD1736801930D4B009333680C4A294663
:10C344002046FEF71FFE02B070BDA368094A93F8A9
:10C35400413113F0080F084B08BF1346074A082160
:10C36400204602B0BDE87040FEF70CBEF413030093
:10C374009AF90200CEFA0200BEFA02009F030300FB
:10C38400013910B518BF01210446FFF7EBFE30B99F
:10C39400A36893F8412160F3820283F8412110BD20
:10C3A400013910B518BF01210446FFF7DBFE30B98F
:10C3B400A26892F8413143F0040382F8413110BD80
:10C3C400013910B518BF01210446FFF7CBFE40B96F
:10C3D400A368C3F82C01E368BDE81040D86801F0F5
:10C3E40022B810BD1FB5013918BF01210446FFF75B
:10C3F400B9FEB8B9E368D86801F012F8E268A16838
:10C40400D2689268C3B2CDE9013264204343B3FBDE
:10C41400F2F3DBB20093D1F82C31034A0821204611
:10C42400FEF7B0FD04B010BDB1030300012907B548
:10C4340006D10022114603B05DF804EBFFF776BD88
:10C4440002290AD153680193084B00931368084AE0
:10C45400FEF798FD03B05DF804FB8CBF01210021B9
:10C4640003B05DF804EBFFF77DBE00BFF4130300D7
:10C474009AF90200012937B50546144606D100226F
:10C48400114603B0BDE83040FFF750BD023918BF74
:10C494000121FFF767FE48B963680193044B0093D9
:10C4A4002368044A02212846FEF76CFD03B030BD20
:10C4B400F41303009AF9020083681868FDF792B830
:10C4C400436873B504460E4640691989F9F7FDFAC5
:10C4D400033801900123206901AA694600F0FEFF98
:10C4E400054680B9019BB3420FD30099084801AABD
:10C4F400FBF7C2FD20F00200112808BF0195019945
:10C50400206901F06AF802B070BD0146F8E700BF87
:10C51400543F002013B51E4B1C680378032B0FD81F
:10C52400DFE803F00210212E83898168E06801931B
:10C5340001AA00F091FF63680020D3E9002190472D
:10C5440002B010BD636860691989F9F7BEFAC11EAB
:10C554002046FFF7B5FF6368D3E90021012002B04C
:10C56400BDE81040104763680122DA72A3681868B6
:10C57400224640F2666102B0BDE81040FCF7EABF13
:10C58400A3681868FDF72EF863680022DA72D7E70B
:10C59400703F0020074B10B51C6801212046FFF7AF
:10C5A4008FFFA36822461868BDE8104040F2666118
:10C5B400FCF7D0BF703F00201A60C0681A4600F034
:10C5C400C4BF000038B5044640680025C0E9002314
:10C5D4000B880381C572E06800F035FF206900F024
:10C5E40032FF024B28461C6038BD00BF703F00205C
:10C5F40038B514461A464368DD7A146025B1BDE89F
:10C604003840006900F028BFD3E900210120904799
:10C61400284638BD10B50446084651B963689B7A6C
:10C6240033B9054AA068FCF783FF636801229A7254
:10C6340010BD0620FCE700BF99C5020007B5044BF6
:10C644000448019301A9FBF76BFC03B05DF804FBFC
:10C6540019C50200543F002010B500201C4602F00A
:10C66400EBF92060002010BD83681868FCF7BABF9E
:10C6740010B541680024C1E900230C7202F04AFAA3
:10C68400204610BD10B50446002002F039FA20B14E
:10C6940063680020D3E90021904763680120D3E94F
:10C6A40000219047A36822461868BDE810404FF463
:10C6B400A471FCF74FBF0000F8B51D460B4BD3F82F
:10C6C400F030DB070F46144602D42A600020F8BD80
:10C6D400002622463946002002F0F2F9241A0644C4
:10C6E400F7D1002DF2D02E60F0E700BF00ED00E09E
:10C6F40043681B7A70B505460E46CBB1836818684B
:10C70400FCF770FF30F00803044601D116B1002491
:10C71400204670BD6B681B7A63B1AB682A46186803
:10C724004FF4A471FCF716FF044602F0F3F9EFE7A7
:10C734000029ECD1054AA8680021FCF7F9FE6B68D2
:10C7440001221A7204460028E7D0E1E789C60200F4
:10C75400826810B504462AB14369016800699847A4
:10C764000023A36010BD0EB403B5039921B104AB3B
:10C7740001AA019300F06EF802B05DF804EB03B077
:10C784007047826830B40468551C8560A154D0E9B0
:10C7940001329A4202D330BCFFF7DABF30BC704793
:10C7A4002DE9F84F9946DDE90A4315468246884645
:10C7B4000A460127AA420FD24F4538BF4F4613F00D
:10C7C400010B01D164B900240126B9F1010F1CD970
:10C7D40009F1FF396E43F8E70137B2FBF5F2E9E7F7
:10C7E4009B0710D5B9F1000F0CBF30262026BC42A0
:10C7F400EAD9013C31465046FFF7C3FF002CE2D092
:10C80400BC42F6D1E0E72026F1E7B8FBF6F39D42FF
:10C81400E0D9DFF83C90B8FBF6F3504619F8031062
:10C8240006FB1388FFF7ADFF3346AB42B6FBF5F6C4
:10C83400F1D2BBF1000F00D034B9BDE8F88F20214C
:10C844005046013CFFF79DFFBC42F8D8F5E700BF16
:10C85400341403002DE9F74F064690460F4600298D
:10C8640000F0528117F8011B49B9337B002B00F00B
:10C874004B81304603B0BDE8F04FFFF769BF25296F
:10C8840040F0BC8000253A4612F8013B2D2B25D000
:10C89400302B27D02B2B28D000242A2B07F1010280
:10C8A40026D1D8F80030191D1B68C8F800101C44A4
:10C8B40017463B782E2B27D101374FF0000A0A2068
:10C8C400394611F8012BA2F1300CBCF1090F1DD827
:10C8D40000FB0A22A2F1300A0F46F1E745F00105F8
:10C8E4001746D0E745F00205FAE745F00405F7E7F7
:10C8F40012F8013CA3F130010929DAD80A2101FB1D
:10C904000434303C1746C8E74FF0000A3A4612F8A0
:10C91400011B01F0FB0068281746F8D0782909D8D4
:10C924006F290BD8632963D020D8252966D05829CC
:10C9340000F094803B78002B94D196E77039082955
:10C94400F8D801A252F821F0E3CA020039C9020062
:10C9540039C9020075CA020039C902004BCA020073
:10C9640039C9020039C9020061CA0200642901D030
:10C974006929DFD1D8F80020D2F800B0111D8BEA64
:10C98400EB72C8F80010A2EBEB724FF001090A2118
:10C99400092A37DCD14538BFD1462CB1BBF1000F91
:10C9A40001DB6A0700D5013CAB0702D5BAF1000FE1
:10C9B40003D0E80701D454BB0024BBF1000F32DAE2
:10C9C400CBF1000B2D213046FFF7DBFE05F003020F
:10C9D400022A04D1BAF1000F01D144BB0024CDE9ED
:10C9E400004553460A2259463046FFF7D9FEA1E7CF
:10C9F400D8F800301A1D1978C8F800203046FFF71F
:10CA0400C0FE97E709F10109B2FBF1F2C0E7A145C5
:10CA1400D3D2013C20213046FFF7B3FE002CCBD00B
:10CA2400A145F6D1C9E76907D0D52B21CBE7A145AC
:10CA3400D5D2013C30213046FFF7A3FE002CCDD0E7
:10CA4400A145F6D1CBE7D8F800100A1DC8F800209C
:10CA5400CDE9004553460A220968C5E7D8F8001015
:10CA64000A1DC8F800205346CDE900451022F3E71B
:10CA7400D8F800301A1DC8F8002015F00105D3F8C5
:10CA8400009024D1B9F1000F03D0484602F08BFC8A
:10CA94000546AC421DD809F1FF3919F8011F0029D8
:10CAA4003FF448AF3046FFF76CFEF6E730460135F9
:10CAB400FFF767FE19F805100029F7D1A542BFF466
:10CAC40039AF20213046013CFFF75BFEF6E7002535
:10CAD400F0E720213046013CFFF753FED9E7D8F8B0
:10CAE40000301A1DC8F80020302130461C68FFF7BA
:10CAF40048FE78213046FFF744FE00220823CDE9A2
:10CB04000032214610226FE703B0BDE8F08F00BF6A
:10CB14000B4610B4114628B123B103605DF8044BF1
:10CB24001B6818470E205DF8044B70472DE9F0434D
:10CB3400DDF81C8018B312B3D0F800E0BEF1000F8A
:10CB440020D00BB34768D7F80490B3FBF9F709FB7F
:10CB54001737CFB942EA010C1CF0030F16D1C7688E
:10CB6400B94213D305694C1E1C44AC420ED8CDF80F
:10CB74001C80DEF80C40A446BDE8F04360470E205C
:10CB8400BDE8F0830820FBE70920F9E71020F7E768
:10CB9400F0B5D8B1D0F800C0BCF1000F18D0CAB1BC
:10CBA4004768D7F800E00EF1FF370F4214D1C76889
:10CBB400B94211D305694C1E02FB0E44AC420BD89A
:10CBC400DCF81040A446BDE8F04060470E20F0BDFC
:10CBD4000820FCE70920FAE71020F8E770B550B9FF
:10CBE4000E4D0F4C0026641B1423B4FBF3F4B44223
:10CBF40008D1002010E00368002BF1D0BDE870409C
:10CC0400DB6918472B6813B901361435EFE7DB6984
:10CC1400284698470028F7D070BD00BF342F002065
:10CC2400482F002029DF704728DF704770B503685C
:10CC34009E6886B004460D466EB11022002101A8FC
:10CC440002F07CFCA3680593237902952BB1012B98
:10CC54000BD001A8B04706B070BD01238DF8043095
:10CC64002369039363690493F3E702238DF8043083
:10CC7400E3681B03F5E7084670470020704700008F
:10CC8400024B187A003818BF012070477C3F0020FF
:10CC9400034B187A0122B0FA80F05A7440097047A5
:10CCA4007C3F002008B510461A4602F015FC00200F
:10CCB40008BD000008B514220021044802F03EFC1F
:10CCC4000348FDF7FFFB002008BD00BF7C3F0020A8
:10CCD400903F002038B50C4C012354E8002F42EA61
:10CCE400030144E8001595F0000FF6D152B9074B43
:10CCF400436001F0DBFF064920741C2305488C22A5
:10CD0400FDF7CDFB002038BD7C3F002064140300F8
:10CD1400A03F0020903F002038B5254C237A012BFA
:10CD240005D0022B42D1022808D0032831D0637CDD
:10CD3400002B37D1BDE8384000F042B81D4B00222B
:10CD44001B68E2601A793AB1012AF0D11A690132FA
:10CD54001A615B699A420AE0D3E905128D1AB5F5A6
:10CD6400805F94BF521902F580529A619142DED1DC
:10CD740002284FF0000308BF194623720D4B18BF59
:10CD84000D211868FFF752FF0B490C48FDF721FCF1
:10CD9400CDE7E3680133082B01D8E360C7E700233C
:10CDA400E360E5E7BDE8384001F070BF38BD00BF7F
:10CDB4007C3F0020783F0020743F0020903F0020FB
:10CDC40038B5214C214D237A3BB921492148FDF73F
:10CDD400D5FB286008B9606038BD022323722B6834
:10CDE4001A794AB1012A20D028680321FFF71EFFCF
:10CDF400002323726360EFE7D3E90520121AB2F52A
:10CE0400805FD3E9031328BF4FF480529208012AAC
:10CE1400014438BF01221844FFF704FF014650B112
:10CE24001128E1D101232372D6E7D3E9030318447F
:10CE3400FFF7FAFEF2E7237C002BCDD1BDE83840A2
:10CE44000220FFF769BF00BF7C3F0020783F00202D
:10CE5400743F0020903F002000F0FD03012B08D117
:10CE6400044B00225A74421E504250411874FFF77A
:10CE7400A7BF70477C3F002017B40C4B012253E836
:10CE8400001F104643E8000494F0000FF7D101910D
:10CE9400019A32B95B7B23B903B05DF8044BFFF709
:10CEA4008FBF03B05DF8044B704700BF803F002084
:10CEB4002DE9F34180460D46104801A916461F4648
:10CEC400FDF722FB0446B0B117220021053002F021
:10CED40035FB2D0B0123237101A90848C4F80080F8
:10CEE400A760E5606661FDF739FBFFF7C5FF002029
:10CEF40002B0BDE8F0810420FAE700BF903F0020B3
:10CF04002DE9F34180460F460F4801A916461D46F8
:10CF1400FDF7FAFA0446A8B118220021043002F001
:10CF24000DFB089BA36001A9C4E903670648C4F884
:10CF340000806561FDF712FBFFF79EFF002002B041
:10CF4400BDE8F0810420FAE7903F0020FDF751BBD3
:10CF5400F8B546790146721E0546002393422D68B2
:10CF640003D30024A64202D8F8BD0133F6E70F68C4
:10CF74002846FDF779FB01343946F3E72DE9F04102
:10CF8400078ACD1C0646FDF74BFB043F3D4404468F
:10CF9400B5FBF7F5D0B14FF48073EDB2C780838051
:10CFA400013D066080460027AF4210D23046FDF7AF
:10CFB40037FB40B16379013363710137C8F800006E
:10CFC40006608046F0E72046FFF7C2FF00242046B3
:10CFD400BDE8F08110B50430012350E8002F02EBC6
:10CFE400030140E8001494F0000FF6D110BD30B4F2
:10CFF400031D012153E8004FA4EB010243E800257F
:10D0040095F0000FF6D1D2B212B930BCFFF7A0BF31
:10D0140030BC70472DE9F843B0F806800433054668
:10D02400B3FBF8F40F46164608FB14333CB9A8EBDF
:10D034000309B14528BFB14626B9BDE8F8832D6878
:10D04400013CF3E70433E818A6EB09064A4639190C
:10D0540002F042FAB0454C442D68C1464FF000033B
:10D0640028BFB146E8E72DE9F843B0F80680043359
:10D074000546B3FBF8F40F46164608FB14333CB9D7
:10D08400A8EB0309B14528BFB14626B9BDE8F8832A
:10D094002D68013CF3E70433E918A6EB09064A4678
:10D0A400381902F019FAB0454C442D68C1464FF0C6
:10D0B400000328BFB146E8E732DF70473EDF704720
:10D0C4000C4B5A68022A10B506D918880A4900047C
:10D0D40040F0030001F052FA084B00241C70084B86
:10D0E4001C60BFF35F8F0749074800F087FA2046AA
:10D0F40010BD00BF042F00203C0603003440002074
:10D1040038400020701403002C40002007B5002391
:10D114000DF107008DF80730FCF77AFAF1EE103ABA
:10D1240023F09F03E1EE103ABFF35F8F0A4B4022D6
:10D13400C3F884219DF80700FCF78EFA01F0B6FDD0
:10D1440020B103B05DF804EBFFF7B8BF20BF40BFC8
:10D1540020BF03B05DF804FB00E100E0704700006D
:10D164002DE9F8430246454D012355E8000F1946C1
:10D1740045E8001494F0000FF7D1BFF35F8F38B97E
:10D18400042A0AD03E490C7824B1BFF35F8F28608B
:10D19400BDE8F8833B480B7002703B4C6368022B7C
:10D1A40012D920883949000440F0030001F0EAF95B
:10D1B4006368022B08D92088324B35491A78000459
:10D1C40040F0030001F0DEF9324FDFF8B880DFF8F9
:10D1D400D8907E680EBB6368022B06D920882E493E
:10D1E400000440F0030001F0C9F901F045FA01F030
:10D1F4005DF80028FBD1234B1B78023B012B2FD871
:10D20400BFF34F8F2549264BCA6802F4E0621343EB
:10D21400CB60BFF34F8F00BFFDE7336898F8000081
:10D224009847636868B1022B07D9208832680004E4
:10D23400494640F0030001F0A5F9384600F0E6F94C
:10D24400C7E7022B07D9208832681649000440F04A
:10D25400030001F097F9BFF35F8F00232B6097E77A
:10D2640001F024FD08B1FFF727FF4FF080430122AE
:10D27400C3F80025BFF34F8F20BFFDE738400020DF
:10D28400344000203C400020042F002041060300CD
:10D29400550603002C400020B006030000ED00E01A
:10D2A4000400FA058E0603006F0603000268136883
:10D2B40051688B4283BF826801325218C81A88BFF2
:10D2C400D01A7047036881681A685B688B4234BF60
:10D2D40001330023D31A58425841704773B50023D1
:10D2E40004460DF107000D468DF80730FCF790F960
:10D2F4002046FFF7E7FF10B1237C002B42D12368BF
:10D30400A1685E685A688A4234BF013200225A60BA
:10D3140028B11A688A4234BF013200221A60E268D6
:10D324006368511E072925D8DFE801F00415241984
:10D334002424241D2A789A552046FFF7B7FF236832
:10D344009A6882421CD300249DF80700FCF784F9F4
:10D35400204602B070BD2A8823F81620ECE72A681C
:10D3640043F82620E8E7D5E9000103EBC603C3E947
:10D374000001E1E7294606FB023002F0ADF8DBE7E5
:10D384009860E0E70424DFE7036818685B68C31A61
:10D3940058425841704773B5002305460DF1070004
:10D3A4000C4616468DF80730FCF732F92846FFF78D
:10D3B400EBFF002832D12B6819682EB91A68A868C7
:10D3C400824238BF561C1E60EA686B68501E0728EC
:10D3D4001ED8DFE800F0040E1D121D1D1D165B5C37
:10D3E400237000249DF80700FCF736F9204602B0AC
:10D3F40070BD33F811302380F3E753F821302360F4
:10D40400EFE703EBC103D3E90023C4E90023E8E712
:10D4140001FB0231204602F05FF8E2E70524E1E770
:10D42400036898687047036800229A60704710B5D3
:10D43400002350E8002F02EA030140E8001494F0AE
:10D44400000FF6D110BD836800225A60C3E904229C
:10D454009A60DA601A6070472DE9F84F9046836845
:10D4640006468946012253E8007F47EA020043E862
:10D47400000494F0000FF6D177BB75681C699A68B4
:10D48400D8F8003005F1010A5444A41A9C4205EA74
:10D49400020528BF1C46AAEB050B5C45C8F80040F2
:10D4A40009D930685A46284402F016F8A5EB0A0355
:10D4B4001C44D9443D46306822464946284402F07B
:10D4C4000BF8B068D8F80020836813448360FFF732
:10D4D400AEFF3846BDE8F88F1127FAE7F8B584683F
:10D4E4005BB1251D012655E8007F47EA060C45E897
:10D4F40000CE9EF0000FF6D12FBBA5686669B5EB90
:10D50400060C07D1C2F800C013B1201DFFF78FFF2E
:10D514000020F8BD4368D2F800E006EA03071D4086
:10D52400AF420AD2E64501D9C2F800C003683B44C1
:10D534000B60136833446361EAE70133DB1B9E45E8
:10D5440088BF1360F2E71120E3E72DE9F843914621
:10D5540082680F460546131D012153E8008F48EAEF
:10D56400010043E8000494F0000FF6D1B8F1000F75
:10D5740030D1936810696C68D9F800201E1A96425D
:10D5840000EA040003EA040328BF164698422ABFAF
:10D5940001341C1A241AA642C9F8006008D92B6861
:10D5A40039462246184401F097FF361B27440020D1
:10D5B400296832460144384601F08EFFA868D9F83C
:10D5C40000200369134403610430FFF730FF404631
:10D5D400BDE8F8834FF01108F9E7806808B5826860
:10D5E4000369D21A8A4207D31944C0E904110430EA
:10D5F400FFF71DFF002008BD0420FCE7D1E900323D
:10D60400934208BF0023016043607047436843B1FD
:10D614000268916852680B449342436004BF00233C
:10D624004360704710B50B4AA2F1F0039A4201D847
:10D6340000200CE0D11A091103EBC10453F8311096
:10D64400814205D802D204F10803EFE7606810BDF7
:10D654002246EBE76C15030008B5FFF7E3FF024B26
:10D66400002808BF184608BD6C150300C30710B591
:10D6740010D401231A46202B02D14FF6FF7006E086
:10D6840002FA03F4044203F1010101D098B210BD7F
:10D694000B46F0E70020FAE770B59DF8105098B1FA
:10D6A40091B18AB1002430F814609E420FD1012058
:10D6B400A040C44301EB820251F8043B2DB1034363
:10D6C400914241F8043CF7D170BD2340F8E701349E
:10D6D400202CE8D1F8E707B5009313460122FFF7A1
:10D6E400DBFF03B05DF804FB10B558B1002330F83C
:10D6F4001340944207D1012202FA03F30B4214BFF0
:10D704001046002010BD0133202BF0D10020F9E792
:10D71400F0B599B100231C46012505FA03F616421B
:10D724001EBF00EB440631F81370B78003F1010308
:10D7340018BF0134202BF0D10460F0BD0C46FBE788
:10D74400D1E90023097B00290ABF134600220122E4
:10D7540003600271704703684A68896810B5D41A77
:10D764008C428BBF5B1800230360026098BF037177
:10D7740010BD03680A68896810B59C1A8C428BBF77
:10D784005B1A01230360026098BF037110BD037923
:10D7940010B504461BB1FFF7DEFF206810BDFFF78C
:10D7A400E8FFFAE710B5084C084B4FF4A06101FB01
:10D7B40000414FF480720648FAF72AFE18B1BDE81A
:10D7C4001040FBF7E7BB10BD004100200000291703
:10D7D400005000202DE9F041294ADFF8C48082B0CE
:10D7E40002230D4613702749274B284AC8F81C30DA
:10D7F40002AF0446FF23013B42F8041DFBD2022082
:10D80400FFF7D0FF2249234E4B68022B18D91C4B3B
:10D814001A784FF4A06353430C2000FB0288088855
:10D82400F11803F5807301F2FF41334401910004C0
:10D834000093D8F80430184940F0030000F0C1FE0A
:10D8440072B60F4B1A784FF4A06302FB03331E44E5
:10D8540086F30988114B83F30888EFF3148303F0EC
:10D86400040343F0020383F3148862B600F008FA59
:10D874002846A0470020BD46BDE8F041FBF78ABB1F
:10D884003D4000200ED0ADDEB3090300005000205F
:10D894001C2F002000410020BD09030000000120CE
:10D8A400444000202DE9F0430F4685B09146804660
:10D8B40020B9FF24204605B0BDE8F08300250DF112
:10D8C4000F008DF80F50FBF7A3FE2D4B1C681CB105
:10D8D400DA68002A52D101242A4A0C214FF4A066A6
:10D8E400614304FB06666542164405F00C055E5070
:10D8F4001D449DF80F00FBF7AFFE002DD9D0214A3F
:10D904002148661C4FF4A063F6B203FB0626A6F575
:10D914008061334643F8040D8B42FBD12B68A3F19D
:10D924003001C5E900170021A960022143E9028101
:10D9340043F8309C4FF000431449E34051E8000F92
:10D9440040EA030541E8005C9CF0000FF6D1104B5F
:10D9540059680229AED918880E494FF4A06303FB15
:10D964000422013E02F580720004009201963B46B7
:10D97400224640F0030000F024FE9BE70224B8E7AF
:10D9840044400020004100200ED0ADDE4040002085
:10D994001C2F0020BD090300F8B5244B0746187856
:10D9A400FAF77EFD08B1FBF7F5FA214D214C2A78F0
:10D9B400214E0C21514304EB010CDCF80830002B00
:10D9C40015DB6750306878B32B78013310FA03F213
:10D9D4001DBFB2FA82F29B18D8B2B0FA80F0287058
:10D9E400FFF7E0FE2B780C225343E058F8BD4FF0CC
:10D9F4000043D340DB4356E8000F00EA030746E840
:10DA0400007E9EF0000FF6D1002363500B4B596843
:10DA14000229D7D918880A49DCF80430000440F0F8
:10DA2400030000F0B8FDCDE70220D8E70050002045
:10DA34003D40002044400020404000201C2F002096
:10DA4400F109030000F01CB9F8B5154F154E164D39
:10DA540004463B780C2101FB03629068204010D1FE
:10DA64004FF0004222FA03F3DB4355E8002F02EAA9
:10DA7400030145E8001090F0000FF6D100F000F922
:10DA8400E7E701FB03630833C24353E8001F01EADD
:10DA9400020443E8004595F0000FF6D1F8BD00BF3D
:10DAA4003D400020444000204040002008220C2338
:10DAB40013FB00230D4A30B5134453E8002F42EA08
:10DAC400010443E8004595F0000FF6D14FF0004300
:10DAD40023FA00F0064B53E8002F42EA000143E822
:10DAE400001494F0000FF6D130BD00BF4440002074
:10DAF40040400020054B1A78054B0C2101FB0233F2
:10DB04004FF000429A6000F0BBB800BF3D400020D7
:10DB140044400020014B1878704700BF3D4000206E
:10DB24000C4A4FF4A06300FB03339918A3F58063F8
:10DB340030B51344084C1846884203D303F5806378
:10DB4400181A30BD024652F8045BA542F6D11046BD
:10DB5400F2E700BF004100200ED0ADDE2DE9F04F0A
:10DB6400DFF81491DFF8148187B005460026CB4610
:10DB740000230DF117008DF81730FBF749FDD9F894
:10DB840000702FB1D9F804702F4B002F08BF1F4627
:10DB94009DF81700FBF760FD002F40D05FFA86FA6E
:10DBA4005046FFF7BDFF294A33460821044628465C
:10DBB400FDF7E8F93B46264A08212846FDF7E2F935
:10DBC40008F2FF33002C34D04FF48062CDE90242D6
:10DBD40064225443A40ACDE900341E4A4346082172
:10DBE4002846FDF7CFF91C4B1B78534529D01B4B16
:10DBF4001A684FF00043F3401342194A194B18BFF7
:10DC04001346194A08212846FDF7BCF90C2303FBE7
:10DC140006B3164A9B6808212846FDF7B3F9013676
:10DC2400032E09F10C0908F5A068A1D107B0BDE8DD
:10DC3400F08F00930E4A434608212846FDF7A2F9C7
:10DC4400D1E70C4BDDE700BF120A0300340A0300DE
:10DC54003F0A03004D0A03003D40002040400020DD
:10DC64002B0A0300190A03009F0A0300AC0A0300ED
:10DC7400870A0300230A03004440002000420020D6
:10DC8400EFF3148010F0040F1EBFF1EE101A2DE90B
:10DC940003002DED200A4DF8040D20F0040080F35C
:10DCA40014882DE9F15F6846084988478546BDE830
:10DCB400F85F01BC80F3148810F0040F1EBFBDECA4
:10DCC400200A03BCE1EE101A184670479DD90200E1
:10DCD40030B509B9002030BD094A0A4B0A499B1ADC
:10DCE400DB0800229A4201D10520F4E74D8804683C
:10DCF400A54201F10C0101D10260EBE70132F1E729
:10DD04004CF70200C4F70200802E002000230428F0
:10DD1400CB604B6098BF044B044A98BF53F8203043
:10DD24008A600B60704700BF40160300381603007A
:10DD3400C36800225A727047C36801225A7270473E
:10DD4400012907B5034604D0816891F84111890778
:10DD540007D500221146184603B05DF804EBFEF720
:10DD6400E5B853680193054B00931368044A0221F4
:10DD7400FDF708F903B05DF804FB00BFA4F9020045
:10DD84009AF902002DE9F04F89B0002501900DF1B8
:10DD940013000F468DF81350FBF73AFC434A1468FE
:10DDA4003C60D2E90170E31C0393019BC1194FF05D
:10DDB400010C0131063300EB0C09091B029302F23A
:10DDC400144EA846A9EB0409029B994215D305B148
:10DDD400576004400334019E12F824309DF8130068
:10DDE40043F0030302F82430039B1E441660FBF740
:10DDF40033FC012009B0BDE8F08F2D4E56E8003FFA
:10DE040043EA0C0146E8001A9AF0000FF6D15EE8E6
:10DE1400003F43EA0C014EE8001A9AF0000FF6D1D5
:10DE240000EA0701033102EB81013B4691F800A0AF
:10DE34001AF0030F03F1010B24D000EA030102EBF3
:10DE440081010333C968059101F00301012927D039
:10DE5400022906D1BDF81610C1F38911033103EB71
:10DE640091035EE8001F01EA080A4EE800AB9BF04C
:10DE7400000FF6D100290CBF3B46012509EB030135
:10DE84001F46A1E70B88B1F802A0C3F3891303EB83
:10DE94009A135B4400EA0301033102EB8101C5E7F5
:10DEA400BDF81410C1F383110B44DAE704500020C9
:10DEB4001C5400202DE9F84F002840D0214BFF22AC
:10DEC4009A600022C3F81824C3E90022C3F814247A
:10DED400C3F80C0401221C4883F81C24FFF736F80D
:10DEE400044650B9DFF86CA0184D194FA5EB0A058C
:10DEF400ED0806460346AE4202D12046BDE8F88F3F
:10DF04004FF00009C8460AEBC60B46450CD05AF838
:10DF14003810DBF80000142201F05BFA00284FF0FF
:10DF24000003C8BF09F1010908F101084545ECD116
:10DF34003E807B60A7F8029001360C37DBE70724AC
:10DF4400DBE700BF0450002068160300C4F702009A
:10DF5400802E00204CF7020007B5019001A8FFF7BE
:10DF6400B7FE30B9019A044B53F8320003B05DF8A0
:10DF740004FB0020FAE700BF4CF70200002310B5B1
:10DF8400CB604B60034B8B600C460121FFF7E4FF31
:10DF9400206010BD38160300094B013903EBC000A3
:10DFA400032909D8DFE801F0020A040602207047B9
:10DFB400007970474079704700207047042070470B
:10DFC4004CF70200114B10B50C2404FB013100EB9B
:10DFD40040008B680724844002F00702824023EA51
:10DFE40004031343C3F3C202C3F38210824238BF53
:10DFF4000246C3F3422082428B6038BF024603F0DC
:10E0040007039A422CBF4A604B6010BD802E00204B
:10E0140013B50446019101A811468BB1FFF758FED0
:10E0240010B1002002B010BD019A0A4B0C2101FB73
:10E03400023304EB44049868E04000F00700F1E781
:10E04400FFF746FE0028ECD1019A034B03EBC20311
:10E054009879E7E7802E00204CF702002DE9F04F75
:10E06400264B274EF61AC36893F808805B7A85B06E
:10E074000546F6081BB9234A0221FCF783FF224B0D
:10E08400224ADFF89C9008212846FCF77BFF204AAF
:10E0940008212846FCF776FF0024B44202D105B0DB
:10E0A400BDE8F08F01231A4621464046FFF7B0FF32
:10E0B40000232146074601224046FFF7A9FF042812
:10E0C400024628BF04225FFA82FA834601212046D1
:10E0D400FFF742FF0F4A104959F82A3059F82770C0
:10E0E4000097D34588BF1146CDE901310B4A034659
:10E0F40008212846FCF746FF0134CEE74CF702001E
:10E10400C4F70200F30A0300060B0300120B03001A
:10E114002F0B0300F10A0300FE0203005C0B030053
:10E12400541603002DE9F74FC368054691460F4680
:10E13400002976D016684E4993F808A0304601F0BD
:10E144007FF90446F0B9012F07D14A4A0221284633
:10E1540003B0BDE8F04FFCF715BFBA1E5642D9F81C
:10E164000480DFF830B156415BF8041B0A224046B4
:10E1740001F02FF9002877D00134052CF4D13E4A60
:10E18400434632E03D49304601F05AF9044650BB5B
:10E194007B1E5E425E414FF00108394B394A9B1A9F
:10E1A4004FEAD30B002E45D1B8453AD259F828305E
:10E1B400019300265E4540D1019B334A0221284643
:10E1C400FCF7E0FE002600231A4631465046FFF7CE
:10E1D4001FFF84423DD8224631465046FFF7F2FEE7
:10E1E40008F10108E0E7294A33460221284603B032
:10E1F400BDE8F04FFCF7C6BE00231A463146504630
:10E20400FFF706FF84420FD900213046FFF7A4FE32
:10E214003A46034602212846FCF7B4FE01365E4521
:10E22400EAD103B0BDE8F08F224631465046FFF7ED
:10E23400C9FEF3E7164F0026F1E700213046FFF749
:10E244008BFE0199202201F0C4F80028BBD00136CE
:10E25400B0E700213046FFF77FFE0D4A0346022156
:10E264002846FCF78FFEBBE7E4B24FF0020894E7C0
:10E27400720B0300790B0300E40B0300900B030003
:10E28400C4F702004CF70200D00B0300980B030004
:10E29400AD0B030054160300034BD3E90030C31A3B
:10E2A40058425841704700BF045000202DE9F04FF8
:10E2B40085B0FFF7F1FF18B1002005B0BDE8F08F7D
:10E2C400DFF81082C8F81804BFF34F8FD8E901347F
:10E2D40004EA0302033208EB8202591C1078800717
:10E2E4007FD0214008EB810103EA0402C96802914E
:10E2F40008EB8202991CD2680192214008EB81014B
:10E30400DF1C02F00303C9680391022B7DD1BDF821
:10E3140006306E489DF80460C3F38919B9F1500FB3
:10E32400CA4628BF4FF0500A6AF38F130AF10C0152
:10E33400ADF80630FEF722FEC6F3C20605460028F5
:10E3440000F0A480FEF746FE00230C2201A9284613
:10E35400FEF760FE24EA07020132BAEB820F4FEAAD
:10E3640082034AD95FFA8AFA002B42D004EA0701F1
:10E37400DCB2AAEB040B0331A246554C08EB810135
:10E384005FFA8BFB0C2352462846FEF743FE34B15A
:10E394000AF10C035A4621462846FEF73BFE09F1D2
:10E3A400030907EB9909D8F81834D8F81044002B5E
:10E3B40072D1DFF824A10C27002C71D12846FEF776
:10E3C40016FE0DF103008DF80340FBF721F9D8F890
:10E3D40018340BB9C8F804909DF80300FBF73CF916
:10E3E40054E013885088C3F3891303EB90130B4450
:10E3F4006EE737491C469B46C4E704EA070103312C
:10E404000C23524608EB8101C6E7012B37D1BDF836
:10E4140004602E48C6F38311062928BF062161F340
:10E424008916033101F00F018900ADF80460FEF78D
:10E43400A5FDC6F3C206054640B3FEF7CBFD002397
:10E444000C2201A92846FEF7E5FD4FF0000ABDF8AD
:10E454000420C2F383124FEA8A03524503F10C03EA
:10E464000AEB07099FD909EA04010331042208EBE6
:10E4740081012846FEF7CEFD0AF1010AE7E7032BE6
:10E4840004D1D8F81834002B3FF416AFFFF704FF7B
:10E4940080F00100C0B210E72846FEF7A8FDF5E7BA
:10E4A400637A83B1029B07FB03A1237A03EB430244
:10E4B4008B68D34003F00703B34204D3236829468F
:10E4C4001B6820469847646876E700BF6816030017
:10E4D4001050002004500020802E00202DE9F74F1A
:10E4E400254F04460E46184601A9D7F808A09146C0
:10E4F4009B46FFF747FC58B3019D4FF00008EB1C07
:10E50400D84508EB03012DD16B1C03EA0A0307EB82
:10E514008303220CDA60D7F80C349847A30803F07D
:10E524000403E40005F1020943F0010304F0380494
:10E5340009EA0A0905EA0A05234307EB89090335B1
:10E5440043EA881343EA8623C9F80C0047F82530C8
:10E5540097F81C341BB1FFF7A9FE0028FBD103B0C8
:10E56400BDE8F08F01EA0A0107EB810159F8282080
:10E57400CA6008F10108C3E70450002000231A46CA
:10E58400FFF7ACBF07B50123019201AAFFF7A6FF6D
:10E5940003B05DF804FB07B5CDE9002302236A4606
:10E5A400FFF79CFF03B05DF804FB1FB5CDE9012321
:10E5B400069B039301AA0323FFF790FF05B05DF8C0
:10E5C40004FB1FB5CDE90023069B0293079B03932D
:10E5D4006A460423FFF782FF05B05DF804FB0000E0
:10E5E400F8B50F461849D1F8103400241A46DAB9A0
:10E5F40004722BBBC1F810044360144D144BED1A84
:10E60400ED080026AE4219D000231A4631462046B2
:10E61400FFF7FEFCB84228BF3846C2B23146204656
:10E62400FFF7D0FC0136EDE7157AA54201D0526818
:10E63400DDE701340A2CD9D14FF0FF342046F8BD70
:10E644005A6842605860D8E704500020C4F70200BA
:10E654004CF702000749D1F810340022834203D159
:10E664002AB15B68536070471A465B68F6E7C1F8E5
:10E67400102470470450002038B5074B0125D3F807
:10E68400104483F81C5404B938BD236865722046CD
:10E694005B6898476468F6E704500020C37910B5B6
:10E6A4000C467BB9037A23B1084A09492046FEF790
:10E6B4005AF808492046FEF756F82046BDE81040AF
:10E6C400FEF746B8002AF8D0F3E700BF5A0D03005E
:10E6D400F8020300C5FF020070B5037A04460D4634
:10E6E40053B181798088FFF757FC0E4B0E4953F8DC
:10E6F40020202846FEF737F822680C492846FEF702
:10E7040032F8A2790A4BA08853F822600021FFF75F
:10E7140023FC3246034607492846BDE87040FEF70D
:10E7240022B800BF7C160300F80203005F0D03004B
:10E73400A0160300680D03002DE9F04385B01F46C1
:10E744000C9D002395F80C902B73FB7906460C4620
:10E7540090461BB929463846FFF7BEFFB8F1060FAD
:10E7640009D8DFE808F00412181F283340003146A6
:10E774002846FDF7F8FF002229463846FFF78EFFAA
:10E7840085F80C9005B0BDE8F08322683146284630
:10E79400FDF7E9FFEFE7D4E9002331462846FDF70A
:10E7A400E2FFE8E7A3680093D4E900233146284652
:10E7B400FDF7D9FFDFE7E3680193A3680093D4E989
:10E7C400002331462846FDF7CEFFD4E723690293A0
:10E7D400E3680193A3680093D4E9002331462846F3
:10E7E400FDF7C1FFC7E76369039323690293E368F5
:10E7F4000193A3680093D4E9002331462846FDF72A
:10E80400B2FFB8E708292DE9F84F80460F461546B0
:10E814001C4639D893F80C9000232373D3791BB981
:10E8240021461046FFF758FFDFF87CA0DFF87CB0E4
:10E834000026B7422AD918F8062059462046FDF783
:10E8440092FF0136082EF4D11549DFF864B0204652
:10E85400FDF789FF0026B7421DD918F806A05046D7
:10E8640000F0CDFE002814BF52462E225946204601
:10E87400FDF779FF0136082EEDD101222146284605
:10E88400FFF70CFF84F80C90BDE8F88F5146204642
:10E89400FDF769FFD5E703492046FDF764FFE9E783
:10E8A4007C0D03007A0D0300780D0300720D030044
:10E8B400490203000369C26893429CBF81685B18E4
:10E8C400013B981A70472DE9F041D0E902840546CE
:10E8D400A8EB04064068964220440F46144404D929
:10E8E40000F0FAFDEC60BDE8F0813246A4EB0804C8
:10E8F40000F0F2FD68682246B919F1E72DE9F84302
:10E90400C5680646894617464FF000083369B4685F
:10E9140070689D4228BF1B19641BBC4203F1FF337E
:10E9240028BF3C465B1B9C4228BF1C4649462844E2
:10E93400224600F0D1FDB3682544AB4208BF002550
:10E944003F1BA044A144F560E0D14046BDE8F883F4
:10E9540010B5114C114AA2610223C4E90433104BCF
:10E96400E361A2644FF400730E4A0F492362E26428
:10E9740000231022E01DA3626362E362A365636562
:10E98400E365226500F090FD0849204600F08CFD07
:10E994002023A37110BD00BF04570020BE0D030047
:10E9A40004550020F4540020C70D0300CB0D0300D0
:10E9B4002DE9F84FDFF87C8098F8003082468946CC
:10E9C40016460BB9FFF7C4FF182707FB0A87BD6D6E
:10E9D400D7F854B05D452BD93C6DF96C641BB44237
:10E9E40028BF344629444846224600F075FD3B6D55
:10E9F4002544A144361BAB4208BF0025ABEB050BF5
:10EA04005E4528BF5E4656B1182303FB0A8332468F
:10EA1400D96C4846294400F05FFD3444354424B1A0
:10EA2400182303FB0A88C8F858502046BDE8F88F1D
:10EA34000024E3E70457002073B5002304460D4681
:10EA440016460DF107008DF80730FAF7E1FD32465E
:10EA540029462046FFF7ACFF04469DF80700FAF765
:10EA6400FBFD204602B070BDF8B5144B182700FB1F
:10EA740007751D4407FB00330E46DB6A012B144661
:10EA84000AD0022B14D023B92846FFF713FF84427F
:10EA940008D900242046F8BD2846FFF70BFF84421E
:10EAA40028BF0446224631462846FFF70CFFF1E70B
:10EAB4002846BDE8F840FFF721BF00BF04570020F7
:10EAC40073B50E4B1B7804460D4616460BB9FFF77B
:10EAD4003FFF00230DF107008DF80730FAF798FD8A
:10EAE400324629462046FFF7BFFF04469DF807003B
:10EAF400FAF7B2FD204602B070BD00BF04570020F3
:10EB0400034B182202FB0033586D9B6DC01A7047EB
:10EB140004570020FFF71CBF10DF704711DF704758
:10EB240013B5044609496846FEF768FD019808B91B
:10EB340002B010BDD0E900312046984718B16846AC
:10EB4400FEF764FDF2E71120F2E700BFCC160300E4
:10EB540013B5044607496846FEF750FD019B0BB9FF
:10EB640002B010BD2046D3E9002190476846FEF765
:10EB74004DFDF3E7C01603000B4991F81623132348
:10EB84005209D340DB0706D4084B9A683AB94FF4CC
:10EB940080030B60704742F20200FAF7FBB91A686F
:10EBA40042F480021A60704700E100E0283E002031
:10EBB400064B9A6822B11A6822F480021A607047E0
:10EBC400034B4FF48002C3F880207047283E002096
:10EBD40000E100E0F7B5154F3C782CBB144E01253D
:10EBE40020463570FFF79CFF11281AD02046FFF706
:10EBF400AFFF104B10491868019001A8FFF78CFF74
:10EC0400044670B90D4B307018700D4B3D70E02206
:10EC140083F8162383F81523FFF7AEFF2846FFF782
:10EC240097FF204603B0F0BD0824FAE77E57002082
:10EC34007C570020D8160300B58F02007D570020B2
:10EC440000E100E070B50F4E3378B3B10E4D0120F2
:10EC54002870FFF765FF112811D00220FFF778FF15
:10EC6400FFF75CFF044630B9307028700320FFF7CB
:10EC74009FFFFFF76DFF204670BD0824FBE70024CB
:10EC8400F9E700BF7E5700207C570020054B1B7816
:10EC940033B1054B1B780BB1FFF7D4BFFFF79ABF15
:10ECA400082070477C5700207E570020014B1878BD
:10ECB400704700BF7E57002007B508496846FEF735
:10ECC4009DFC019B13B903B05DF804FBD3E900205C
:10ECD40090476846FEF79AFCF3E700BFB4160300BA
:10ECE400FFF7EABF60DF704769DF704761DF704795
:10ECF40030B5124DEBB04FF4CE740DF1020103A800
:10ED0400ADF80240FFF7F2FF70B9294601A8FEF7FB
:10ED140075FC029B002BF0D003A8D3E90021904797
:10ED240001A8FEF773FCF4E7052804D06BB0BDE836
:10ED34003040FAF72FB96BB030BD00BFDC160300CA
:10ED44007FB506460C46002900F0AC800023CDE9CF
:10ED54000133554A039301230A608DF804008DF8AA
:10ED6400063001A903232020ADF80830FFF7BCFFCB
:10ED740068B14E4B5A6852B11D88FEF76DFC2D04E4
:10ED840045F0010502464A492846FFF7FBFB0023EC
:10ED9400CDE9013303932268012301A940208DF8B2
:10EDA4000430FFF7A1FF68B1404B5A6852B11D8887
:10EDB400FEF752FC2D0445F0010502463D49284664
:10EDC400FFF7E0FB0023CDE90133039322688DF8BC
:10EDD4000460F72301A92320ADF80630FFF784FF70
:10EDE40068B1324B5A6852B11D88FEF735FC2D04C8
:10EDF40045F00105024630492846FFF7C3FB0023CE
:10EE040001202268039301A9CDE901338DF80400A0
:10EE1400FFF76AFF68B1254B5A6852B11D88FEF7A7
:10EE24001BFC2D0445F00105024624492846FFF742
:10EE3400A9FB0023CDE9023322684FF4B06301A992
:10EE4400A1200193FFF750FF68B1184B5A6852B1E3
:10EE54001D88FEF701FC2D0445F001050246184902
:10EE64002846FFF78FFB0023CDE901330393226883
:10EE7400012301A9A0208DF80430FFF735FF10B15C
:10EE84000A4B5A6812B9002004B070BD1C88FEF702
:10EE9400E3FB240444F0010402460A492046FFF738
:10EEA40071FBF0E70E20EFE7582E0020EC2E002037
:10EEB400DA0D0300200E03006C0E0300B30E0300F2
:10EEC400FF0E0300500F0300F8B505460768FFF76F
:10EED40009FF2B68BB4204461ED0184E7268012AF3
:10EEE4001AD93088164900043A4640F00200FFF768
:10EEF40052FB7368012B0FD94FF080533088D3F83D
:10EF04000C312A680F499B0203F1005300049A1A3A
:10EF140040F00200FFF736FB74B1084B5A685AB14F
:10EF24001D882046FEF798FB2D0445F00105024696
:10EF340005492846FFF726FB2046F8BDEC2E0020A5
:10EF4400A30F0300D00F0300F20F030048DF704744
:10EF54001FB50E4C01A8FFF7F9FF70B9214602A8AE
:10EF6400FEF74CFB039B002BF4D00198D3E900215E
:10EF7400904702A8FEF74AFBF4E7052804D004B042
:10EF8400BDE81040FAF706B804B010BDE816030057
:10EF94002DE9F04FC9B05FEA0209039000F0078140
:10EFA4009B460B29C9F10008C0F0C180299001914A
:10EFB4000991500004900120013809A9029051F8E8
:10EFC400207029A951F820607042059007967910A5
:10EFD40001FB09F530460C4601FB09660697F90763
:10EFE4004F4618BF00273146D847012808DB48465A
:10EFF40007994A5D0B780A704B5501310138F8D1F5
:10F004000897E81B06EB000A30465146D84701280A
:10F0140027461BDB07985146D84701280CDB049888
:10F024007843DDE90721401A4946135C14781370CC
:10F03400145401320139F8D15046494632780378E4
:10F0440006F8013B00F8012B0139F7D14FF0FF30EE
:10F0540000EB470009FB00F00AEB0807DDE9076154
:10F06400A0EB010A50464946325C735D7255335435
:10F07400013501300139F7D134463E4608944C44F9
:10F08400002560193946D84700284D44F9D408981A
:10F094004419464430463946D8470028F9DCA6428C
:10F0A40008D90020315C225C21543254013081455E
:10F0B400F8D1E3E748462146DDE9067616F80A204A
:10F0C4000B7801F8012B06F80A300AF1010A01381D
:10F0D400F4D10598089908442844B0FBF9F1781A4A
:10F0E4004F1E874205DD0A280BDC0A2F3FF76FAF5E
:10F0F40018E00A2F13DC0A28264607463FF764AFB8
:10F1040010E031463A4626460746029809AB43F8D2
:10F11400202029AA42F820100130029054E7214609
:10F124000246F2E7029800287FF446AF0199481E90
:10F1340000FB09F101293ADB039E00FB09600890FA
:10F14400B9F1010FCA4698BF4FF0010A06EB090C4A
:10F15400644606EB090503988642374608D33846C9
:10F164002946D847012803DB474403988742F6D24F
:10F1740007EB09000021A44622466F1807EB080399
:10F1840083426B5C08D30027F45DD455A7EB0907D1
:10F19400F4198442F8D217443B700136013201312C
:10F1A4005145EAD1CC44089885422E46D0D349B083
:10F1B400BDE8F08F002B35D129B9B0FBF2FC0CFB74
:10F1C400120260467047914215D22DE9F041B2FA1D
:10F1D40082F39A409940D3F1200C30FA0CFC51EAA6
:10F1E4000C01984000F04EF8280036FA03F2002192
:10F1F4000023BDE8F081F0B5B1FBF2FC0CFB121169
:10F20400B2FA82F39A409940D3F1200630FA06F616
:10F214003143984000F036F8614628003200DA4065
:10F224000023F0BDF3B5B3FA83FC49085FEA30006C
:10F2340013FA0CF3DCF1200432FA04F423430CB483
:10F244001A0000F01FF80CBC33FA0CF3DCF11F0CAD
:10F2540035FA0CF518BF013D03BCA5FB026705FB9D
:10F264000377801BB941904271EB030C05D3821ADA
:10F2740071EB0303681C0021F0BD02000B002800A1
:10F284000021F0BD940D4FF6C2752D02B5FBF4F4C8
:10F29400D60A013604FB04F5A5FB0656F64306EB35
:10F2A4000416550832BF00277708013505FB167789
:10F2B400A6FB07477F0807EBC63714001500E7FBDA
:10F2C40002457F1B4D1C0400E7FB014505FB1206AC
:10F2D400A64284BF013DB618964224BF0135B61A32
:10F2E400704700BF082938BF7047416045F28071FC
:10F2F400C2F200010860002101607047884211D207
:10F304008446042A06D351F8043B4CF8043B043ADF
:10F31400032AF8D80AB311F8013B0CF8013B013A6F
:10F32400F9D1704719D9042A09D38B1800EB020CC0
:10F3340053F8043C4CF8043C043A032AF5D811442D
:10F344008318002A08BF7047A3F1010C013911F892
:10F3540001390CF80139013AF9D1704700B5042A92
:10F364008E4609D350F8043B5EF804CB634505D1BF
:10F37400043A032A7146F5D89AB10368086880EA0A
:10F38400030191FAA1F1B1FA81F1B2EBD10F08D9DD
:10F3940001F0380123FA01F2C840C0B2D1B2081A10
:10F3A40000BD002000BD0178002904BF0020704783
:10F3B40000214FF001324358C2FA53F30431002BB9
:10F3C400F9D093FAA3F0B0FA80F001EBD00004383E
:10F3D40070479AB391F800C0037863451CBFA3EB50
:10F3E4000C00704753B310B5042A12D34FF0013CFC
:10F3F400D0F800E00B689E450BD1CCFA5EF343B91C
:10F40400043A04310430032AF2D8002A04BF00204D
:10F4140010BD013A0ED001EB020C00EB020E037892
:10F4240043B10C78A34205D101310130013AF6D140
:10F434007046614609780078401A10BD0020704774
:10F444004FF0013C50F8042B51F8043B9A421ED172
:10F45400CCFA52F2DAB950F8042B51F8043B9A4230
:10F4640015D1CCFA52F292B950F8042B51F8043B5E
:10F474009A420CD1CCFA52F24AB950F8042B51F802
:10F48400043B9A4203D1CCFA52F2002ADAD004386F
:10F49400043910F8012B11F8013BD21A01D1002BC9
:10F4A400F7D11046704700BF0246F0B44FF0013761
:10F4B400FB0151F8044BE51BA5431D4002D142F862
:10F4C400044BF6E70439F0BC11F8013B02F8013BA8
:10F4D400002BF9D1704700BF5AB3844690EA010368
:10F4E4009B071FD1830707D011F8013B00F8013BAC
:10F4F400013AF7D11CE08446203A09D32DE9F007FC
:10F50400B1E8F807A0E8F807203AF9D2BDE8F00717
:10F514001C3205D451F8043B40F8043B043AF9D2B8
:10F52400043205D011F8013B00F8013B013AF9D14E
:10F534006046704700220B0011001A0084465AB33B
:10F54400830704D000F8011B013AF9D124E0C9B2C1
:10F5540041EA012141EA0141202A11D3203A2DE94F
:10F56400F0030B460C460D460E460F468846894668
:10F57400A0E8FA03203AFBD2BDE8F00320320BD016
:10F58400042A05D340F8041B043A05D0042AF9D20E
:10F5940000F8011B013AFBD1604670478446002005
:10F5A400002918BF002A00D17047097848B2002802
:10F5B40044BF6FF001007047BCF1000F18BFCCF8D6
:10F5C40000100021C3E90011002818BF0120704772
:10F5D4007F298EBF6FF0010001700120704745F252
:10F5E4008471C2F200010968002904BF42F6C471A3
:10F5F400C2F20001496889680A680821104745F287
:10F604008471C2F200010968002904BF42F6C47182
:10F61400C2F20001496889680A68092110477F28F5
:10F6240084BF0020704741F60812C0F20302515C07
:10F6340041F68802C0F20302105C08407047A0F152
:10F6440061011A2938BF20387047A0F141011A29F5
:10F6540038BF40F0200070477F2884BF00207047E7
:10F6640041F60812C0F20302515C41F68802C0F26E
:10F674000302105C08407047A0F161011A2938BFE9
:10F6840020387047A0F141011A2938BF40F020000A
:02F694007047BD
:10F698008D850200000000001DCD02000000000062
:08F6A800BB4B0200F03600200C
:10F6B000A14D020000000000514B0200F036002076
:10F6C000DD5A0200C837002001400200000000009F
:10F6D000C14C02000000000025690200000000008B
:10F6E000417A0200DC370020997E0200543F00205E
:08F6F0001D33020000000000C0
:04F6F800DD350200FA
:10F6FC0000000000281003000000000004120300AA
:10F70C0000000000A412030000000000EC12030033
:10F71C000000000024130300000000003413030059
:10F72C00000000007C13030000000000C413030061
:10F73C00000000008015030000000000B815030055
:10F74C00560D0300000004002A0203000000000014
:10F75C00CBFE0200000004002B060300000000009A
:10F76C003306030000000000040203000000000048
:10F77C000A020300000000008801030000000000E2
:10F78C00D20D0300000003000F1003000000030063
:10F79C001B10030000000300C3060300030003005A
:10F7AC00F801030000000400BF0A0300000004007D
:08F7BC00370603000000000005
:08F7C40095CC020000000000DA
:10F7CC00AD860200000000005DCE020000000000CB
:10F7DC00F5EC02000000000055EF020000000000F4
:10F7EC00000000000000000000000000000000000D
:10F7FC0000000000000000000000000000000000FD
:08F80C000000000000000000F4
:10F8140000000000000000000000000000000000E4
:10F8240000000000000000000000000000000000D4
:10F8340000000000000000000000000000000000C4
:10F8440000000000000000000000000000000000B4
:10F8540000000000000000000000000000000000A4
:10F864000000000000000000000000000000000094
:10F874000000000000000000000000000000000084
:10F884000000000000000000000000000000000074
:10F894000000000000000000000000000000000064
:10F8A4000000000000000000000000000000000054
:10F8B4000000000000000000000000000000000044
:04F8C4000000000040
:10F8C8000000000000000000199F02000000000076
:04F8D800000000002C
:10F8DC00436F6E6E65637465642E00446973636F69
:10F8EC006E6E65637465642C20726561736F6E2037
:10F8FC0025642E005048592075706461746520721F
:10F90C006571756573742E004741545420436C69BE
:10F91C00656E742054696D656F75742E0047415483
:10F92C0054205365727665722054696D656F7574D9
:10F93C002E004C4544207475726E6564206F6666AB
:10F94C002E0D0A004C4544207475726E6564206F50
:10F95C006E2E0D0A0042617474657279206C6576A6
:10F96C00656C207570646174653A202564004743AA
:10F97C0020636F6D706C657465640A004661737406
:10F98C00206164766572746973696E672E002573E5
:10F99C003A257325730D0A0020756E6B6E6F776EAA
:10F9AC0020706172616D657465723A2000436F6EF0
:10F9BC006E656374656420746F2061207072657667
:10F9CC00696F75736C7920626F6E64656420646511
:10F9DC00766963652E00436F6E6E656374696F6E36
:10F9EC0020736563757265643A20726F6C653A209A
:10F9FC0025642C20636F6E6E5F68616E646C653A73
:10FA0C0020307825782C2070726F63656475726570
:10FA1C003A2025642E00504D5F4556545F504545A5
:10FA2C0052535F44454C4554455F535543434545FC
:10FA3C0044454400415454204D5455206578636826
:10FA4C00616E676520636F6D706C657465642E20E4
:10FA5C0063656E7472616C203078257820706572E5
:10FA6C006970686572616C20307825780045726128
:10FA7C00736520626F6E647321004E6F72646963EC
:10FA8C005F434C49004E6F7264696353656D6963E3
:10FA9C006F6E647563746F7200436F6D6D616E642D
:10FAAC007320666F72204C454420636F6E74726FC6
:10FABC006C006F6E005475726E204C4544206F6E56
:10FACC002E006F6666005475726E204C4544206F94
:10FADC0066662E00626C655F636C693A7E2420005A
:10FAEC007274745F636C693A7E2420005265717580
:10FAFC00657374696E6720746F20757064617465CA
:10FB0C0020415454204D545520746F20257520628B
:10FB1C0079746573206F6E20636F6E6E65637469A4
:10FB2C006F6E20307825782E0073645F626C655F91
:10FB3C0067617474635F65786368616E67655F6D38
:10FB4C0074755F726571756573742829206F6E20EA
:10FB5C00636F6E6E656374696F6E203078257820E4
:10FB6C0072657475726E656420627573792C20777A
:10FB7C00696C6C2072657472792E0073645F626CB0
:10FB8C00655F67617474635F65786368616E6765F0
:10FB9C005F6D74755F726571756573742829207259
:10FBAC00657475726E656420756E657870656374C6
:10FBBC0065642076616C756520307825782E00524E
:10FBCC00657175657374696E6720746F20757064E8
:10FBDC006174652064617461206C656E6774682063
:10FBEC00746F202575206F6E20636F6E6E65637465
:10FBFC00696F6E20307825782E0073645F626C65B7
:10FC0C005F6761705F646174615F6C656E67746877
:10FC1C005F7570646174652829202872657175653B
:10FC2C00737429206F6E20636F6E6E656374696FD9
:10FC3C006E20307825782072657475726E6564203C
:10FC4C00756E65787065637465642076616C756536
:10FC5C0020307825782E00415454204D5455207571
:10FC6C0070646174656420746F20257520627974EA
:10FC7C006573206F6E20636F6E6E656374696F6E53
:10FC8C0020307825782028726573706F6E73652923
:10FC9C002E0050656572206F6E20636F6E6E65630B
:10FCAC0074696F6E20307825782072657175657374
:10FCBC0074656420616E20415454204D5455206F5E
:10FCCC00662025752062797465732E005570646109
:10FCDC0074696E6720415454204D545520746F2024
:10FCEC002575206279746573202864657369726563
:10FCFC00643A20257529206F6E20636F6E6E6563E4
:10FD0C0074696F6E20307825782E0073645F626C96
:10FD1C00655F67617474735F65786368616E67654E
:10FD2C005F6D74755F7265706C79282920726574CB
:10FD3C0075726E656420756E657870656374656444
:10FD4C002076616C756520307825782E00446174BE
:10FD5C0061206C656E67746820757064617465648D
:10FD6C0020746F202575206F6E20636F6E6E656337
:10FD7C0074696F6E2030782530782E006D61785F55
:10FD8C0072785F6F63746574733A202575006D61CA
:10FD9C00785F74785F6F63746574733A20257500AF
:10FDAC006D61785F72785F74696D653A20257500B6
:10FDBC006D61785F74785F74696D653A20257500A4
:10FDCC0050656572206F6E20636F6E6E656374692B
:10FDDC006F6E203078257820726571756573746547
:10FDEC006420612064617461206C656E67746820A6
:10FDFC006F662025752062797465732E00557064CA
:10FE0C006174696E672064617461206C656E6774DF
:10FE1C006820746F202575206279746573206F6E6D
:10FE2C0020636F6E6E656374696F6E203078257811
:10FE3C002E0073645F626C655F6761705F646174F0
:10FE4C00615F6C656E6774685F757064617465285A
:10FE5C002920287265706C79292072657475726E10
:10FE6C00656420756E657870656374656420766171
:10FE7C006C756520307825782E0052657175657328
:10FE8C0074696E6720746F207570646174652041AD
:10FE9C005454204D545520746F202575206279746C
:10FEAC006573206F6E20636F6E6E656374696F6E21
:10FEBC00203078257820287265747279292E00629A
:10FECC006C655F676174740025733A20756E6B6E98
:10FEDC006F776E20706172616D657465723A202562
:10FEEC00730D0A00456E61626C6564004469736150
:10FEFC00626C6564002D2D2F2D2D005374726F6E66
:10FF0C00676C792D6F7264657265642C205368611F
:10FF1C00726561626C65004465766963652C20537B
:10FF2C006861726561626C65004E6F726D616C0028
:10FF3C004E6F726D616C2C20536861726561626CDE
:10FF4C006500446576696365005265736572766514
:10FF5C0064206F7220496D706C656D656E74617490
:10FF6C00696F6E20446566696E65640057542F573F
:10FF7C00540057422F574200574257412F57425770
:10FF8C004100556E6B6E6F776E00584E004D50559C
:10FF9C002053746174653A2025732C2025752075C7
:10FFAC006E696669656420726567696F6E7320613E
:10FFBC00766961626C652E0D0A0D0A0052656769DF
:10FFCC006F6E2025753A2044697361626C65640D0F
:10FFDC000A00526567696F6E2025753A20456E617F
:10FFEC00626C65640D0A00092D204C6F63617469A5
:04FFFC006F6E3A09E1
:020000023000CC
:100000003078253038582D307825303858202873EE
:10001000697A653A202575206279746573290D0A1D
:1000200000092D204163636573733A0925730D0A36
:1000300000092D20547970653A090925730D0A00CD
:10004000092D2043616368696E673A0925730D0ABB
:1000500000092D20466C6167733A0925730D0A0D5E
:100060000A004D50555F545950453A0930782530B3
:1000700038580D0A004D50555F4354524C3A0930E0
:1000800078253038580D0A000D0A4D50555F524200
:1000900041525B25755D3A093078253038580D0A94
:1000A000004D50555F524153525B25755D3A093002
:1000B00078253038580D0A0052572F2D2D005257F1
:1000C0002F524F0052572F5257003F3F2F3F3F00B4
:1000D000524F2F2D2D00524F2F524F005742574154
:1000E0002F2D2D0057542F2D2D0057422F2D2D0031
:1000F0002D2D2F574257410057542F57425741003B
:1001000057422F57425741002D2D2F575400574229
:1001100057412F57540057422F5754002D2D2F571A
:100120004200574257412F57420057542F57420021
:10013000436F6D6D616E647320666F72204D505514
:10014000206D616E6167656D656E740064756D70BC
:100150000044756D70204D50552072656769737449
:100160006572732E005072696E7420696E666F72CC
:100170006D6174696F6E2061626F7574204D5055AA
:100180002073746174652E006E72665F6D70750009
:10019000537461636B2047756172643A203078252F
:1001A0003038582D307825303858202875736162E2
:1001B0006C6520737461636B20617265613A202500
:1001C00075206279746573290043616E6E6F7420C7
:1001D00063726561746520737461636B2067756118
:1001E0007264207061676521204572726F723A20D7
:1001F0002575205B25735D00737461636B5F6775A4
:1002000061726400636C6F636B006770696F746523
:1002100000466174616C206572726F72005379736D
:1002200074656D2072657365740062616C6C6F63D8
:10023000001B5B256443001B5B256441001B5B25A1
:100240006444001B5B256442002563004C6F73749B
:10025000204C4F4773202D20696E63726561736572
:10026000204C4F47206261636B656E642071756539
:1002700075652073697A652E0D0A000D0A6E6F741C
:10028000207465726D696E617465643A2025630D32
:100290000A000D0A257325730D0A002D68002D2D07
:1002A00068656C7000506C65617365207370656380
:1002B00069667920737562636F6D6D616E642E0D72
:1002C0000A005461622066756E6374696F6E3A202D
:1002D000636F6D6D616E647320636F756E746572AC
:1002E000206F766572666C6F7765642E0D0A000D5F
:1002F0000A25732573000D0A2573000D0A0A004FA5
:100300007074696F6E733A0D0A002020252D2A73D0
:100310003A0053686F7720636F6D6D616E6420687B
:10032000656C702E0020202573257325730053758E
:1003300062636F6D6D616E64733A0D0A0025733AE6
:100340002062616420706172616D65746572206302
:100350006F756E740D0A006E6F20726573706F6E2C
:1003600073652066726F6D207465726D696E616C65
:100370002C20617373756D656420383078323420B9
:1003800063686172732073637265656E2073697A46
:10039000650D0A005B2533645D2025730D0A004559
:1003A00063686F207374617475733A2025730D0A46
:1003B000004C6F7374204C4F47733A2025750D0A1B
:1003C0004D6178204C4F47207175657565207574B7
:1003D000696C697A6174696F6E3A202575252520EC
:1003E0005B25752F25755D0D0A00636C695F73745D
:1003F00061747300434C4920737461746973746948
:1004000063732E006765740047657420434C492070
:100410007374617469737469637320666F72204CBE
:100420004F47206D6F64756C652E0052657365745F
:1004300020434C4920737461746973746963732039
:10044000666F72204C4F47206D6F64756C652E008F
:10045000726573697A6500436F6E736F6C652067B0
:10046000657473207465726D696E616C207363725C
:1004700065656E2073697A65206F7220617373758C
:100480006D657320383020696E206361736520725A
:100490006561646F7574206661696C732E204974A0
:1004A000206D757374206265206578656375746569
:1004B000642061667465722065616368207465728A
:1004C0006D696E616C207769647468206368616E21
:1004D000676520746F20656E7375726520636F7237
:1004E00072656374207465787420646973706C61DC
:1004F000792E0064656661756C7400417373756D67
:10050000652038302063686172732073637265659B
:100510006E20776964746820616E642073656E6410
:1005200020746869732073657474696E67732074CE
:100530006F20746865207465726D696E616C2E0041
:10054000686973746F727900436F6D6D616E6420BA
:10055000686973746F72792E006563686F00546FF9
:1005600067676C6520434C49206563686F2E0044C3
:10057000697361626C6520434C49206563686F2E26
:100580002045736361706520636F646573206172D9
:1005900065206E6F742068616E646C65642E004522
:1005A0006E61626C6520434C49206563686F2E2044
:1005B00045736361706520636F6465732061726564
:1005C0002068616E646C65642E00636F6C6F72737B
:1005D00000546F67676C6520636F6C6F7265642091
:1005E00073796E7461782E0044697361626C652062
:1005F000636F6C6F7265642073796E7461782E001E
:10060000456E61626C6520636F6C6F726564207308
:10061000796E7461782E00636C65617200436C655D
:1006200061722073637265656E2E00636C695F6230
:100630006C6500636C695F7561727400496E697402
:100640000053687574646F776E2072657175657399
:10065000742025640053687574646F776E2073741A
:1006600061727465642E205479706520256400538E
:1006700079734F66662068616E646C6572203078AD
:1006800025303858203D3E207265616479005379E9
:10069000734F66662068616E646C657220307825E1
:1006A000303858203D3E20626C6F636B696E670086
:1006B00053687574646F776E20636F6D706C6574CA
:1006C000652E007077725F6D676D74004E52465FE5
:1006D00053554343455353004E52465F4552524F84
:1006E000525F5356435F48414E444C45525F4D491B
:1006F0005353494E47004E52465F4552524F525F48
:10070000534F46544445564943455F4E4F545F4509
:100710004E41424C4544004E52465F4552524F5264
:100720005F494E5445524E414C004E52465F455231
:10073000524F525F4E4F5F4D454D004E52465F4502
:1007400052524F525F4E4F545F464F554E44004EEB
:1007500052465F4552524F525F4E4F545F53555071
:10076000504F52544544004E52465F4552524F52EC
:100770005F494E56414C49445F504152414D004EF5
:1007800052465F4552524F525F494E56414C494482
:100790005F5354415445004E52465F4552524F52AA
:1007A0005F494E56414C49445F4C454E47544800C2
:1007B0004E52465F4552524F525F494E56414C4948
:1007C000445F464C414753004E52465F4552524F9C
:1007D000525F494E56414C49445F44415441004E9A
:1007E00052465F4552524F525F444154415F534914
:1007F0005A45004E52465F4552524F525F54494D42
:10080000454F5554004E52465F4552524F525F4E2F
:10081000554C4C004E52465F4552524F525F464F28
:100820005242494444454E004E52465F4552524F53
:10083000525F494E56414C49445F41444452004E38
:1008400052465F4552524F525F42555359004E52E5
:10085000465F4552524F525F4D4F44554C455F4E97
:100860004F545F494E495449414C5A4544004E52F9
:10087000465F4552524F525F4D555445585F494E61
:1008800049545F4641494C4544004E52465F4552EB
:10089000524F525F4D555445585F4C4F434B5F4646
:1008A00041494C4544004E52465F4552524F525FBB
:1008B0004D555445585F554E4C4F434B5F4641494B
:1008C0004C4544004E52465F4552524F525F4D5583
:1008D0005445585F434F4E445F494E49545F46412B
:1008E000494C4544004E52465F4552524F525F4D6F
:1008F0004F44554C455F414C52454144595F494E28
:10090000495449414C495A4544004E52465F45526C
:10091000524F525F53544F524147455F46554C4CDE
:10092000004E52465F4552524F525F4150495F4E12
:100930004F545F494D504C454D454E544544004E33
:1009400052465F4552524F525F46454154555245BB
:100950005F4E4F545F454E41424C4544004E524617
:100960005F4552524F525F4452565F5457495F455C
:1009700052525F4F56455252554E004E52465F45B9
:1009800052524F525F4452565F5457495F4552523C
:100990005F414E41434B004E52465F4552524F52CB
:1009A0005F4452565F5457495F4552525F444E412F
:1009B000434B0049646C65205461736B0054617350
:1009C0006B202575206372656174656420286E61F3
:1009D0006D653A20272573272C20737461636B3A69
:1009E000203078253038582D307825303858292E49
:1009F000005461736B202575207465726D696E619A
:100A000074656420286E616D653A20272573272957
:100A10002E003C4E554C4C3E0053757370656E6411
:100A200065640052756E6E696E670052756E6E6118
:100A3000626C65005461736B2025753A0D0A0009DC
:100A40004E616D653A09272573270D0A0009537415
:100A500061636B3A093078253038582D307825306D
:100A60003858207573656420696E2025752525200A
:100A7000282575206F7574206F6620257520627992
:100A8000746573290D0A0009537461636B3A093068
:100A900078253038582D3078253038580D0A00091F
:100AA00053746174653A0925730D0A0009466C6137
:100AB00067733A093078253038580D0A0D0A0074EA
:100AC00061736B5F6D616E6167657200636F6D6D01
:100AD000616E647320666F72207461736B206D6148
:100AE0006E61676572007461736B7320696E666F07
:100AF000002A004C6F6773206172652068616C7416
:100B00006564210D0A006D6F64756C655F6E616DC3
:100B10006500252D323473207C2063757272656EFA
:100B200074207C206275696C64696E200D0A002D4A
:100B30002D2D2D2D2D2D2D2D2D2D2D2D2D2D2D2DE5
:100B40002D2D2D2D2D2D2D2D2D2D2D2D2D2D2D2DD5
:100B50002D2D2D2D2D2D2D2D2D0D0A00252D323431
:100B600073207C20252D3773207C20257325730D61
:100B70000A00656E61626C6500426164207061729A
:100B8000616D6574657220636F756E742E0D0A0059
:100B900064697361626C6500556E6B6E6F776E2071
:100BA0006F7074696F6E3A2025730D0A004C65767C
:100BB000656C20756E617661696C61626C6520663A
:100BC0006F72206D6F64756C653A2025730D0A0095
:100BD000556E6B6E6F776E206D6F64756C653A2520
:100BE000730D0A00556E6B6E6F776E2073657665B8
:100BF00072697479206C6576656C3A2025730D0AEC
:100C0000006C6F6700436F6D6D616E647320666F7B
:100C10007220636F6E74726F6C6C696E67206C6F9C
:100C20006767657200276C6F672064697361626C27
:100C300065203C6D6F64756C655F303E202E2E2004
:100C40003C6D6F64756C655F6E3E272064697361EF
:100C5000626C6573206C6F677320696E20737065BA
:100C6000636966696564206D6F64756C65732028BF
:100C7000616C6C206966206E6F206D6F64756C65A9
:100C80007320737065636966696564292E00276C3B
:100C90006F6720656E61626C65203C6C6576656C83
:100CA0003E203C6D6F64756C655F303E202E2E2EAD
:100CB00020203C6D6F64756C655F6E3E2720656E0D
:100CC00061626C6573206C6F677320757020746F40
:100CD00020676976656E206C6576656C20696E208C
:100CE000737065636966696564206D6F64756C65B2
:100CF000732028616C6C206966206E6F206D6F64B4
:100D0000756C657320737065636966696564292E07
:100D100000676F00526573756D65206C6F6767695A
:100D20006E670068616C740048616C74206C6F675A
:100D300067696E67004C6F676765722073746174D2
:100D40007573006465627567006E6F6E650077612C
:100D5000726E696E6700617070001B5B306D005BC6
:100D60002530386C755D20003C25733E2025733A94
:100D70002000202530327800202020007C001B5BE2
:100D8000313B33306D001B5B313B33316D001B5BFE
:100D9000313B33326D001B5B313B33336D001B5BEA
:100DA000313B33346D001B5B313B33356D001B5BD6
:100DB000313B33366D001B5B313B33376D0054657F
:100DC000726D696E616C005254540053454747453B
:100DD00052006E72665F7364680073645F626C6574
:100DE0005F6366675F736574282920726574757226
:100DF0006E6564202573207768656E206174746564
:100E00006D7074696E6720746F2073657420424C36
:100E1000455F434F4E4E5F4346475F4741502E006C
:100E200073645F626C655F6366675F7365742829CE
:100E30002072657475726E6564202573207768650D
:100E40006E20617474656D7074696E6720746F20B4
:100E500073657420424C455F4741505F4346475F8E
:100E6000524F4C455F434F554E542E0073645F62A2
:100E70006C655F6366675F736574282920726574AB
:100E800075726E6564202573207768656E206174C5
:100E900074656D7074696E6720746F20736574205B
:100EA000424C455F434F4E4E5F4346475F47415478
:100EB000542E0073645F626C655F6366675F736581
:100EC0007428292072657475726E656420257320FC
:100ED0007768656E20617474656D7074696E6720E3
:100EE000746F2073657420424C455F434F4D4D4FE6
:100EF0004E5F4346475F56535F555549442E007336
:100F0000645F626C655F6366675F73657428292040
:100F100072657475726E6564202573207768656EDE
:100F200020617474656D7074696E6720746F2073CE
:100F3000657420424C455F47415454535F434647D4
:100F40005F415454525F5441425F53495A452E0009
:100F500073645F626C655F6366675F73657428299D
:100F60002072657475726E656420257320776865DC
:100F70006E20617474656D7074696E6720746F2083
:100F800073657420424C455F47415454535F434658
:100F9000475F534552564943455F4348414E474595
:100FA000442E0052414D2073746172747320617439
:100FB00020307825782C2063616E20626520616482
:100FC0006A757374656420746F20307825782E00FC
:100FD00052414D2073697A652063616E20626520FD
:100FE00061646A757374656420746F203078257845
:100FF0002E0073645F626C655F656E61626C65286C
:10100000292072657475726E65642025732E006EDA
:1010100072665F7364685F626C65006E72665F73B0
:1010200064685F736F630000F4FE0200A5FA0200BB
:1010300038100300FD3502000000000040100300DE
:10104000BEFA0200C1FA020000000000A53402004E
:10105000CEFA0200D2FA0200000000008934020039
:101060000000000000000000000000000000000080
:10107000F02F00207831002080310020F82F002050
:1010800030000000803100208C310020080000007A
:101090000400000001000000E0FA0200F810030064
:1010A000B0310020542F00206C2F0020701003005E
:1010B0000D000000F43200207C3400208434002035
:1010C000FC320020300000008434002090340020E6
:1010D000040000000400000001000000ECFA02001F
:1010E0002C110300A4340020842F00209C2F00200A
:1010F000B41003000D0000000C140300E8350020BC
:1011000028110300101103001C110300C837002030
:101110000C3600201F000000F4350020443600206B
:101120003F0000002C3600208436002020140300ED
:10113000A436002038110300B0360020D03600203D
:101140000D0E0F101E1F160E0D000300813B020036
:101150000E000300813B02000F000300813B0200F0
:1011600010000300813B0200FC3700202C380020D7
:101170004C380020000000000100000001000100C8
:101180007811030001000100741103000003030340
:101190000303038603099ECADC240EE5A9E093F34A
:1011A000A3B50000406E0000B8000300BE000300BD
:1011B000C4000300CA000300D0000300D6000300EF
:1011C000D600030001FF0200DC000300E40003007E
:1011D000EA000300F000030084FF0200F8000300AF
:1011E00000010300080103000E01030078FF020064
:1011F000160103001C010300220103002A01030061
:101200007EFF02008C010300300103001412030072
:10121000C9800200000000001C1203004C01030002
:10122000510103000000000061830200EC0A03008A
:1012300065010300000000000581020000000000BD
:10124000000000000000000000000000DC3C002066
:101250000000FFFFDEC0ADDEFE011EF1DEC0ADDE30
:10126000FF011EF11B5B3F336C001B5B366E001BE6
:101270005B324A001B5B4800202D20002C20002DF3
:10128000682C202D2D68656C70001B5B4B001B3893
:10129000001B5B4A001B3700082008001B45001B91
:1012A0005B6D0000EA030300F4030300B4120300C3
:1012B00031C4020000000000BC120300040403005B
:1012C0000804030000000000E9C302002402030038
:1012D0002B04030000000000C5C302000000000052
:1012E00000000000000000000000000050040300A7
:1012F00057040300FC120300C5C1020000000000F7
:1013000004130300F3040300FB04030000000000C7
:1013100099C1020000000000000000000000000071
:101320000000000040050300480503000000000025
:101330006DC20200590503005E050300441303005B
:101340001DC30200000000004C130300CEFA02008F
:101350006F05030000000000DDC20200BEFA0200BB
:101360009F05030000000000FDC202000000000015
:10137000000000000000000000000000CA0503009B
:10138000D10503008C13030079C4020000000000A3
:1013900094130300CEFA0200E805030000000000E9
:1013A00085C30200BEFA0200000603000000000030
:1013B000A5C30200000000000000000000000000C3
:1013C00000000000170603001D06030000000000D7
:1013D00025C1020015B40200A3A60200A1A60200C6
:1013E0003A20636F6D6D616E64206E6F7420666F5E
:1013F000756E640020756E6B6E6F776E2070617213
:10140000616D657465723A2000000000C9C5020074
:10141000BDC4020019C60200F5C50200BDC5020028
:1014200075C602006DC60200F5C60200BDC6020008
:101430005DC60200303132333435363738394142F7
:1014400043444546D9CC0200B9CC0200A9CC0200E5
:1014500005CF0200B5CE02007BCC02007FCC02009B
:1014600085CC020000100000040000000100000014
:10147000F8F60200FCF60200040000000000000084
:10148000CC06030001000000D806030002000000A3
:10149000F606030003000000170703000400000025
:1014A0002A070300050000003B07030006000000B8
:1014B0004F07030007000000670703000800000053
:1014C0007F07030009000000970703000A000000DF
:1014D000B00703000B000000C80703000C00000069
:1014E000DF0703000D000000F30703000E000000FB
:1014F000050803000F00000014080300100000009E
:1015000028080300110000003F08030080000000CD
:101510004E080300810000006E08030082000000F6
:101520008A08030083000000A6080300840000006E
:10153000C408030085000000E508030086000000E1
:101540000A09030090000000210903009100000037
:101550003F090300008200005D09030001820000D2
:101560007B0903000282000097090300556E6B6E31
:101570006F776E206572726F7220636F6465000012
:10158000BF0A0300CC0A030090150300000000000E
:101590000000000098150300EC0A0300E60A0300AF
:1015A0000000000061DB02000000000000000000FD
:1015B0000000000000000000010C0300050C030007
:1015C000C815030045DD020000000000D01503002F
:1015D000900B0300250C03003816030029E10200DC
:1015E000720B03008E0C03003016030029E1020089
:1015F000110D0300140D0300000000003DDD02008A
:10160000230D0300280D03000000000035DD02005B
:101610003C0D0300350D03000000000061E00200F6
:1016200000000000000000000000000000000000BA
:101630000100000011DD02000100000081DF020056
:10164000430D030017020300EC0A0300490D0300D9
:101650004E0D0300490D0300170203004E0D030059
:10166000EC0A0300430D030024540020EC54002036
:10167000F45400202C540020180000005A0D0300E0
:101680007E0D0300860D03008E0D0300960D0300F2
:101690009E0D0300A60D0300AE0D0300B60D030062
:1016A00000000000170203004E0D0300EC0A0300C7
:1016B000430D0300DCF70200ECF702000800000015
:1016C000CCF70200DCF7020008000000C4F70200BB
:1016D000CCF702000800000001000007B0F602008D
:1016E000F8F602000800000098F60200B0F60200CA
:1016F00008000000B917030030180300BC170300EE
:1017000053756E646179004D6F6E64617900547534
:101710006573646179005765646E6573646179000F
:101720005468757273646179004672696461790006
:10173000536174757264617900004A616E756172FB
:1017400079004665627275617279004D61726368F5
:1017500000417072696C004D6179004A756E6500D8
:101760004A756C79004175677573740053657074C0
:10177000656D626572004F63746F626572004E6FD3
:1017800076656D62657200446563656D62657200C1
:1017900000414D00504D0000256D2F25642F257907
:1017A0000025483A254D3A25530025612025622021
:1017B00025652025542025590043000023F602000A
:1017C00043F602004FF602005DF602007DF60200CD
:1017D00089F60200D5F50200A1F5020053756E00EE
:1017E0004D6F6E0054756500576564005468750050
:1017F0004672690053617400004A616E004665627A
:10180000004D617200417072004D6179004A756E41
:10181000004A756C0041756700536570004F637432
:10182000004E6F760044656300002E00000000004B
:101830002A1803002C1803002C1803002C1803008E
:101840002C1803002C1803002C1803002C1803007C
:101850002C1803002C180300FFFFFFFFFFFFFFFF02
:10186000FFFFFFFFFFFF000000170300DC1703006E
:101870003A170300F91703009117030098170300A4
:10188000A1170300AA1703002020202020202020D9
:1018900020682828282820202020202020202020E0
:1018A0002020202020202020481010101010101080
:1018B0001010101010101010848484848484848488
:1018C0008484101010101010108181818181810199
:1018D00001010101010101010101010101010101F8
:1018E0000101011010101010108282828282820287
:1018F00002020202020202020202020202020202C8
:101900000202021010101020000703200417020129
:051910000857104080A3
:101918000F1801000A180100FFFF0000D41303008C
:101928000000000000000000841003000000000018
:1019380000000000C4320020170000000000000072
:10194800000000009810030085AF0200D4130300C4
:101958000000000000000000C810030000000000A4
:1019680000000000B835002017000000000000004B
:1019780000000000DC10030085AF02000090D003D7
:10198800181818181818181818181800F41603003A
:10199800F4160300F4160300F4160300F41603000B
:040000032000313D6B
:00000001FF
