:020000022000DC
:106000000000012019620200016202000362020026
:10601000056202000762020009620200000000003F
:106020000000000000000000000000000B62020001
:106030000D620200000000000F6202001162020007
:1060400045F3020013620200A9000300136202007C
:10605000990C030013620200A5FF02001362020004
:106060001362020013620200136202001362020054
:106070001362020013620200136202001362020044
:106080001362020061460300136202001362020001
:10609000136202001362020071F503001362020032
:1060A0001362020013620200136202001362020014
:1060B00013620200136202000000000000000000F2
:1060C00013620200136202001362020013620200F4
:1060D000136202001362020013620200000000005B
:1060E00000000000000000000000000000000000B0
:1060F00000000000000000000000000000000000A0
:10610000000000000000000000000000000000008F
:10611000000000000000000000000000000000007F
:10612000000000000000000000000000000000006F
:10613000000000000000000000000000000000005F
:10614000000000000000000000000000000000004F
:10615000000000000000000000000000000000003F
:10616000000000000000000000000000000000002F
:10617000000000000000000000000000000000001F
:10618000000000000000000000000000000000000F
:1061900000000000000000000000000000000000FF
:1061A00000000000000000000000000000000000EF
:1061B00000000000000000000000000000000000DF
:1061C00000000000000000000000000000000000CF
:1061D00000000000000000000000000000000000BF
:1061E00000000000000000000000000000000000AF
:1061F000000000000000000000000000000000009F
:10620000FEE7FEE7FEE7FEE7FEE7FEE7FEE7FEE766
:10621000FEE7FEE700F002B8FFF7FCBF0F484FF0C3
:106220000701884385460E4880470E48016841F4BF
:1062300070010160BFF34F8FBFF36F8F00F01AB88A
:1062400009480A490A4A884207D0521A05D00378F9
:1062500001300B700131013AF9D170470000012083
:106260000DB8020088ED00E010150400D82A0020C7
:10627000202B00203A493B480A1A02D007229143BA
:106280008D46394939480A1A06D00722914381F3CD
:106290000988022282F3148835483649364A00F0CC
:1062A00041F836483649374A00F03CF83648374915
:1062B000374A00F037F837483749384A00F032F8A3
:1062C00037483849384A00F02DF838483849394AB3
:1062D00000F028F838483949394A00F023F839489D
:1062E0003949002200F036F838483949002200F0D8
:1062F00031F838483849091A1AF0E4FD374A90470E
:1063000025482649884205D00268043003B49047E6
:1063100003BCF7E700208646EC4600200021304A07
:106320009047FEE7884214D0521A12D003460B431E
:1063300013430324234206D1036804300B60043165
:10634000043AF9D17047037801300B700131013AFA
:10635000F9D17047884202D002700130FAE77047E5
:106360000000012000E000200000012000000120CA
:10637000C4590400202B00207C2D0020E46302007F
:10638000E463020036130400C4590400202B0020EB
:10639000202B00205815040058150400581504003F
:1063A0005815040058150400581504005815040029
:1063B00058150400C1590400205C04007C2D002005
:1063C0007C2D00207C2D0020944C0020944C00203B
:1063D000984C0020984C0020986C002041620200EC
:0463E000A98102008D
:1063E40033DF704700BF184641DF704700BF1846CF
:1063F40076DF704700BF18467ADF704700BF184643
:106404007CDF704700BF18467FDF704700BF184627
:106414008FDF704700BF1846B1DF704700BF1846D2
:1064240000B583B003460091ADF80630BDF80630E0
:10643400009A194603480CF087FE00BF03B05DF8CC
:1064440004FB00BFEFBEADDE00B583B00DF0AAFAC9
:106454000190019B0093009B002B04D0044A9021DF
:1064640000980CF071FE00BF03B05DF804FB00BFA0
:106474005815040000B587B09DF80030012262F37E
:1064840003038DF800309DF80030012262F30713F6
:106494008DF800306B460B221A491846FFF7B0FFFF
:1064A4000590059B0493049B002B04D0164AA3215A
:1064B40004980CF049FE01AB0822002118461AF09A
:1064C40051FE1023ADF804303C23ADF80630002310
:1064D400ADF808304FF4C873ADF80A3001AB184674
:1064E400FFF78AFF0590059B0393039B002B04D0C1
:1064F400054AAD2103980CF027FE00BF07B05DF8F4
:1065040004FB00BFB41504005815040000B583B0A3
:106514000190044ABA2101980CF016FE00BF03B0A2
:106524005DF804FB5815040000B587B00190019B89
:106534001B78002B5CD1304A304BD31ADB081B0488
:1065440043F004032E49184617F0E2FA2A4A2B4B6B
:10655400D31ADB081B0443F00400019B1969019B57
:106564009B8A1A4617F038FB002305932AE0019B07
:106574001A69059B13441B7818460DF09FFB049081
:10658400049B002B18D0049B112B15D01A4A1B4BCB
:10659400D31ADB081B0443F00103049A1949184673
:1065A40017F0C4FA049B0393039B002B04D0164AF0
:1065B400D82103980CF0C8FD049B112BD7D0059B60
:1065C40001330593019B9B8A1A46059B9342CED3C4
:1065D400019B1A69019B9B8A013B13441B780D2B79
:1065E40006D100BF0A200DF069FB0346112BF9D038
:1065F40000BF07B05DF804FB8814040058140400BD
:10660400C0150400F41504005815040000B587B043
:1066140000230193164B019301AB1946154807F06B
:1066240083FF0590059B0493049B002B04D0124A1E
:10663400F22104980CF088FD02AB042200211846D4
:106644001AF090FD0D4B029302AB19460C4808F06A
:10665400A7F90590059B0393039B002B04D0064ADE
:10666400FA2103980CF070FD00BF07B05DF804FB3D
:1066740011650200942D0020581504002D650200B8
:10668400282B002000B585B00190019B1B78002BBE
:1066940011D10B4B1B883B211846FFF7A9FE039031
:1066A400039B0293029B002B05D0064A4FF488718A
:1066B40002980CF049FD00BF05B05DF804FB00BF73
:1066C400442B00205815040000B583B00190054AFE
:1066D40040F21B1101980CF037FD00BF03B05DF8C8
:1066E40004FB00BF5815040000B58BB001AB1C229D
:1066F400002118461AF036FD002301934FF4A0330D
:1067040002934FF4F023039303238DF810300023F6
:10671400ADF8123000238DF814300C4B06930C4B5B
:10672400079301AB184606F0ADFD0990099B089349
:10673400089B002B05D0074A4FF4997108980CF078
:1067440003FD00BF0BB05DF804FB00BF89660200C7
:10675400CD6602005815040000B585B0002003F092
:10676400E9F80390039B0293029B002B05D0134A84
:1067740040F23D1102980CF0E7FC03F064FA039038
:10678400039B0193019B002B05D00C4A40F241115D
:1067940001980CF0D9FCFFF723FE0390039B0093B0
:1067A400009B002B05D0054A40F2451100980CF0DF
:1067B400CBFC00BF05B05DF804FB00BF5815040016
:1067C40000B585B003468DF807309DF80730002BDF
:1067D40011D0032B12D1022003F0ACF80390039BD9
:1067E4000293029B002B0BD0084A40F257110298E7
:1067F4000CF0AAFC04E0FFF7F7FD02E000BF00E0A4
:1068040000BF00BF05B05DF804FB00BF58150400CD
:1068140000B58DB001900091019B1B88562B00F0B0
:10682400DF80562B00F3EF80522B00F0B280522B06
:1068340000F3E980212B2DDC102BC0F2E480103B07
:10684400112B00F2E08001A252F823F0A1680200AB
:10685400056902000B6A02006F6902000B6A0200FC
:106864000B6A02000B6A02000B6A02000B6A020048
:106874000B6A02000B6A02000B6A02000B6A020038
:106884000B6A02000B6A02000B6A02000B6A020028
:10689400256902003B2B00F09080B4E0624A634B10
:1068A400D31ADB081B0443F003036149184617F0AD
:1068B4002FF9072003F03EF80B900B9B0593059BE3
:1068C400002B05D05B4A40F2711105980CF03CFC9A
:1068D400019B9A88584B1A80574B1B881946574876
:1068E40007F044FE0B900B9B0493049B002B00F0D9
:1068F4008C80504A4FF4BA7104980CF025FC84E063
:10690400494A4A4BD31ADB081B0443F003034C499E
:10691400184617F0FDF8484B4FF6FF721A807FE0D7
:10692400414A424BD31ADB081B0443F00403454994
:10693400184617F0EDF800238DF80C3000238DF87D
:106944000D30019B9B8803AA11461846FFF760FD92
:106954000B900B9B0793079B002B58D0354A4FF4A1
:10696400C37107980CF0F0FB51E0334B18880023F7
:1069740000228521FFF748FD0B900B9B0693069B95
:10698400002B46D02B4A4FF4C67106980CF0DCFB62
:106994003FE0294B1888002300220021FFF73CFD2B
:1069A4000B900B9B0993099B002B34D0214A4FF485
:1069B400C97109980CF0C8FB2DE0019B9B88132139
:1069C4001846FFF715FD0B900B9B0893089B002BB3
:1069D40023D0184A40F2991108980CF0B5FB1CE03A
:1069E400019B9B8813211846FFF702FD0B900B9B1C
:1069F4000A930A9B002B12D00E4A4FF4D0710A98C6
:106A04000CF0A2FB0BE000BF0AE000BF08E000BFEF
:106A140006E000BF04E000BF02E000BF00E000BFEA
:106A240000BF0DB05DF804FB881404005814040082
:106A34002016040058150400442B0020942D002037
:106A44002C1604003C16040000B587B018F0AEFC08
:106A54000590059B0493049B002B05D0164A40F235
:106A6400B31104980CF070FB0023019301AB194699
:106A7400012018F0B1FD0590059B0393039B002BA7
:106A840005D00D4A40F2B91103980CF05DFB01AB3F
:106A9400184618F0BFFE0590059B0293029B002B3D
:106AA40005D0054A40F2BD1102980CF04DFB00BF21
:106AB40007B05DF804FB00BF5815040000B583B0AF
:106AC40001900091009B5A88184B1B889A421AD156
:106AD400009B1B8840F67722934214D1009B9B882D
:106AE400033B9AB2124B1A80124A134BD31ADB0897
:106AF4001B0443F003000E4B1B881A460C4B1B88E7
:106B04000E4917F024F80B4A0B4BD31ADB081B046D
:106B140043F00400019B5B881A46019B1B880849CB
:106B240017F015F800BF03B05DF804FB442B0020F8
:106B3400462B002088140400581404005016040046
:106B44006C16040000B585B01149124807F0D6FB55
:106B54000390039B0293029B002B05D00E4A4FF433
:106B6400EC7102980CF0F0FAF7210A4807F0F1FBF7
:106B74000390039B0193019B002B05D0064A40F22E
:106B8400DB1101980CF0E0FA00BF05B05DF804FBDE
:106B9400C16A0200802D00205815040000B587B09A
:106BA40003468DF807309DF807300A2B06D00A2BD0
:106BB40036DC042B05D0072B19D031E0FFF7CCFDD0
:106BC40033E01C4B1B8813211846FFF711FC05907A
:106BD400059B082B26D0059B0393039B002B21D0F8
:106BE400154A4FF4F87103980CF0AEFA1AE0114B01
:106BF4001B884FF6FF72934216D1104806F0C3F972
:106C04000590059B082B0FD0059B0493049B002B38
:106C14000AD0094A4FF4FD7104980CF095FA03E088
:106C240000BF02E000BF00E000BF00BF07B05DF896
:106C340004FB00BF442B002058150400A02D0020A5
:106C440000B5AFB001ABAC22002118461AF08AFAA5
:106C540002238DF8043000238DF8063005238DF8C7
:106C640007300123ADF85030124B159301238DF8F2
:106C740080304023239344F2506324930E4B2A9391
:106C840001AB19460D4805F063FF2D902D9B2C9305
:106C94002C9B002B05D00A4A40F277212C980CF04B
:106CA40053FA0121054805F046FF00BF2FB05DF8F7
:106CB40004FB00BF482B0020C5670200A02D002064
:106CC4005815040000B587B001901749032002F05D
:106CD4004BFE0590059B0493049B002B05D0134A9F
:106CE40040F2862104980CF02FFA0DF10B0319469B
:106CF400002003F00BF80590059B0393039B002BE6
:106D040005D00A4A40F2892103980CF01DFA9DF837
:106D14000B30022B0CBF01230023DAB2019B1A7043
:106D240000BF07B05DF804FBA16B02005815040016
:106D340000B583B04FF48041002016F0D7FB0190DA
:106D4400019B0093009B002B05D0064A4FF425714C
:106D540000980CF0F9F916F055FB00BF03B05DF88C
:106D640004FB00BF5815040000B583B015F078FB90
:106D74000190019B0093009B002B05D0044A4FF423
:106D8400287100980CF0E0F900BF03B05DF804FB33
:106D94005815040000B583B00321094805F0B0FF7D
:106DA4000190019B0093009B002B05D0054A40F203
:106DB400B62100980CF0C8F900BF03B05DF804FBDD
:106DC400A02D00205815040000B583B0FFF7B0FFD4
:106DD400FFF73AFB0DF107031846FFF773FFFFF7C0
:106DE400C3FFFFF731FEFFF745FBFFF7ABFEFFF7ED
:106DF4000DFCFFF725FFFFF777FCFFF7CBFF00BF84
:106E040003B05DF804FB82B00190019B9B68D3F84A
:106E14004831C3F34003DBB2002B14BF012300232A
:106E2400DBB2184602B0704730B58DB0124B02ACDD
:106E34001D460FCD0FC495E80F0084E80F0005230D
:106E440002930B23039300238DF81C3002A9032320
:106E5400009301230122094812F032FC0B900B9B92
:106E64000A930A9B002B04D0054A6A210A980CF065
:106E74006BF900BF0DB030BDC4170400081F040037
:106E84006C17040000B583B0084812F057FC019059
:106E9400019B0093009B002B04D0054A71210098AC
:106EA4000CF052F900BF03B05DF804FB081F0400A6
:106EB4006C17040008B5024812F08CFC00BF08BD32
:106EC400081F040000B587B0059004910392039B4A
:106ED4000193049B0093039B044A0221059812F03A
:106EE40009FD00BF07B05DF804FB00BFE417040010
:106EF40000B585B003900291029B0093029B044A63
:106F04000221039812F0F6FC00BF05B05DF804FB03
:106F14001818040000B58DB00790069105920493EB
:106F2400069B9BB2ADF82030059B9BB2ADF8223096
:106F3400049B09930E9B03339B080A930E9B0293B5
:106F4400049B0193059B0093069B0D4A002107981F
:106F540012F0D0FC08AB194600200FF07DF90B901D
:106F64000B9B002B08D00B9800F014FD0346054A38
:106F74000221079812F0BEFC00BF0DB05DF804FBBF
:106F84004C1804009418040000B58DB001900091D1
:106F940008AB00221A605A609A6006AB00221A609D
:106FA4005A6006AB08AA47F2100148F210000FF02D
:106FB400EEF90346002B1FD148F21003ADF80C3054
:106FC40047F21003ADF80E30009B0493062305939B
:106FD40003AA08AB114618460FF04DF90B900B9B12
:106FE400002B0ED00B9800F0D5FC0346074A022173
:106FF400019812F07FFC04E0054A0221019812F086
:1070040079FC00BF0DB05DF804FB00BFBC180400A0
:10701400E818040000B58DB005900491039209AB03
:1070240000221A605A6006AB00221A605A609A6005
:10703400039B0093049B184A0021059812F05AFC04
:10704400049B98B2039B99B209AB06AA0FF09FF96F
:107054000346002B18D106AB18460FF021F90B900C
:107064000B9B002B09D00B9800F094FC03460B4AB1
:107074000221059812F03EFC0BE0069B084A002111
:10708400059812F037FC04E0064A0221059812F034
:1070940031FC0DB05DF804FB0C1904003819040030
:1070A400641904007819040000B587B003AB00220A
:1070B4001A605A606B4600221A605A609A6003AAEA
:1070C4006B46114618460FF053F90346002B0BD1BB
:1070D4006B4618460FF0E4F80590059B002B01D091
:1070E400002302E0012300E00023184607B05DF806
:1070F40004FB000000B585B003900291019203984F
:10710400FFF781FE0346002B05D0002200210398DF
:1071140012F01CFD0FE0029B022B04D008490398D7
:10712400FFF7E6FE07E0019B04331B68044A194697
:107134000398FFF7C7FE00BF05B05DF804FB00BF6E
:107144009419040000B593B00790069105920CAB16
:1071540000221A605A609A600AAB00221A605A60D0
:1071640061E008AB00221A605A6008AA0CAB114611
:1071740018460EF0E7FF1190119B48F20C629342FF
:107184000DD0119B48F20C62934214D8119B002B32
:107194001BD0119B48F20962934206D00BE02A4AA5
:1071A4000221079812F0A6FB3DE0284A0221079825
:1071B40012F0A0FB37E0119800F0ECFB0346244AE0
:1071C4000221079812F096FB2DE000BF099B109353
:1071D400109B1B7D002B01D01E4800E01E48109B15
:1071E4005B7D002B01D01B4B00E01B4B109A1268F7
:1071F400109904310291019200930346174A002129
:10720400079812F077FB0CAB18460EF0D9FF1190DB
:10721400119B0F930F9B002B05D0114A40F245118F
:107224000F980BF091FF0AAB0CAA47F2100148F239
:1072340010000FF0ACF80346002B92D000BF00BF43
:1072440013B05DF804FB00BF9C1904007819040016
:10725400B8190400D4190400D8190400DC19040076
:107264006C170400F0B597B00B900A91099210AB1B
:1072740000221A605A609A600EAB00221A605A60AB
:10728400F9E00CAB00221A605A600CAA10AB11464C
:1072940018460EF057FF1590159B48F20C62934266
:1072A4000DD0159B48F20C62934214D8159B002B09
:1072B4001BD0159B48F20962934206D00BE0764A34
:1072C40002210B9812F016FBD5E0744A02210B98A8
:1072D40012F010FBCFE0159800F05CFB0346704AF7
:1072E40002210B9812F006FBC5E000BF0D9B14931E
:1072F4006C4A00210B9812F0FDFA149B1B786A4A21
:1073040000210B9812F0F6FA149B5B78184601F0F2
:1073140013FC0346654A00210B9812F0EBFA149B08
:107324009B78184601F038FC0346614A00210B980B
:1073340012F0E0FA149BDB79184601F0E1FB0346F6
:107344005C4A00210B9812F0D5FA149B1B795A4A17
:1073540000210B9812F0CEFA149BDB78184601F04A
:10736400FDFB0346554A00210B9812F0C3FA149B07
:107374009B79534A00210B9812F0BCFA149B1B7A98
:10738400504A00210B9812F0B5FA149B1B8B9BB248
:107394004D4A00210B9812F0ADFA149B93F8223059
:1073A4004A4A00210B9812F0A5FA149BD3F86330D3
:1073B400474A00210B9812F09DFA149BD3F86730CA
:1073C400444A00210B9812F095FA149BD3F86B30C1
:1073D400414A00210B9812F08DFA149BD3F86F30B8
:1073E4003E4A00210B9812F085FA149BD3F87330AF
:1073F4003B4A00210B9812F07DFA149BD3F87730A6
:10740400384A00210B9812F075FA149B93F8213036
:107414001F46149B93F820301A46149BDB7F1946B1
:10742400149B9B7F1846149B5B7F1C46149B1B7FFD
:107434001D46149BDB7E1E46149B9B7E069305967D
:10744400049503940290019100923B46264A002140
:107454000B9812F04FFA10AB18460EF0B1FE1590CF
:10746400159B1393139B002B05D0204A40F28311E4
:1074740013980BF069FE0EAB10AA41F201014DF610
:10748400CA600EF084FF0346002B3FF4FAAE00BF3F
:1074940000BF17B0F0BD00BF9C19040078190400A8
:1074A400B8190400141A0400281A0400381A040035
:1074B400441A0400541A0400681A0400781A0400D8
:1074C400841A0400941A0400A41A0400B81A0400CC
:1074D400CC1A0400E01A0400F01A0400001B040093
:1074E400101B0400201B0400341B04006C17040050
:1074F40000B593B00790069105920DAB00221A6077
:107504005A600AAB00221A605A609A60384A002115
:10751400079812F0EFF95AE008AB00221A605A609B
:1075240008AA0AAB114618460EF00CFE1190119BE6
:1075340048F20C6293420DD0119B48F20C629342C4
:1075440014D8119B002B1BD0119B48F20962934263
:1075540006D00BE0274A0221079812F0CBF936E057
:10756400254A0221079812F0C5F930E0119800F07D
:1075740011FA0346214A0221079812F0BBF926E0CA
:1075840000BF089B5B889B001093089B9A68089B2C
:107594009B881946089B1B881846109B02930190F0
:1075A40000911346164A0021079812F0A3F90AAB7A
:1075B40018460EF005FE1190119B0F930F9B002BA4
:1075C40005D0104A4FF4DE710F980BF0BDFD0DAAE3
:1075D4000AAB114618460EF0CBFE034648F2096288
:1075E400934299D100BF00BF13B05DF804FB00BF04
:1075F400641B04009C19040078190400B8190400E1
:10760400881B04006C17040000B589B00590049130
:1076140003920598FFF7F7FB0346002B05D00022E1
:107624000021059812F092FA49E0049B042B04D03F
:1076340025490598FFF75CFC41E0039B04331B6874
:1076440010220021184618F0F3F90346ADF81E3055
:10765400039B08331B6810220021184618F0E8F930
:107664000346ADF81C30039B0C331B68184619F015
:1076740088FC0346FF2B07D8039B0C331B68184672
:1076840019F07FFC034601E04FF4807306934FF436
:10769400807200210D4819F065FD039B0C331B68B3
:1076A400069A1946094819F02BFDBDF81E10BDF8BD
:1076B4001C20069B0093054B0598FFF72BFC00BF8D
:1076C40009B05DF804FB00BFB01B04007C3500204A
:1076D40000B58BB00790069105920798FFF793FBCE
:1076E4000346002B05D000220021079812F02EFA41
:1076F40072E0069B052B04D039490798FFF7F8FB85
:107704006AE018220021374819F02CFD059B043348
:107714001B683549184619F0A7FC0346002B0CBF1B
:1077240001230023DAB22F4B1A75059B08331B681B
:107734002D49184619F098FC0346002B0CBF012371
:107744000023DAB2274B5A75059B0C331B680A22B7
:107754000021184618F06CF903461A46214B1A60AA
:10776400059B10331B68184619F00BFC03460F2BBE
:1077740008D8059B10331B68184619F002FC034611
:107784009BB200E01023ADF82630059B10331B6834
:10779400BDF826201946154819F0B2FC114B1B7D83
:1077A400002B01D0104900E011490E4B5B7D002BEA
:1077B40001D00D4B00E00E4B0A4A12680B480290B0
:1077C400019200930B460B4A0021079812F092F89D
:1077D40004490798FFF7D8FB00BF0BB05DF804FB22
:1077E400B81B04007C360020D41904008036002025
:1077F400D8190400C01B040000B587B0039002919F
:1078040001920398FFF7FFFA0346002B05D00022EC
:107814000021039812F09AF920E0029B022B04D86D
:1078240010490398FFF764FB18E0019B04331B68BD
:1078340010220021184618F0FBF803460593019B1B
:1078440008331B6810220021184618F0F1F803468B
:107854000493049A05990398FFF7DCFB00BF07B073
:107864005DF804FB041C040000B585B0039002918C
:1078740001920398FFF7C7FA0346002B05D00022B4
:107884000021039812F062F909E0029B012B04D055
:1078940005490398FFF72CFB01E000F045F900BF10
:1078A40005B05DF804FB00BF0C1C040070B592B079
:1078B4000990089107920998FFF7A5FA0346002B4F
:1078C40005D000220021099812F040F93AE00BABF0
:1078D40000221A605A609A60DA601A820BAB18466A
:1078E4000EF06CFD1190119B1093109B002B05D092
:1078F400164A40F2372110980BF026FCBDF82C30C4
:107904001E46BDF830301A46BDF832301344BDF877
:1079140030201146BDF832201046BDF838201446F8
:10792400BDF83A201546BDF83A2092000592049518
:1079340003940290019100933346054A002109986B
:1079440011F0D8FF00BF12B070BD00BF6C17040067
:10795400181C040000B587B00390029101920EF048
:10796400D5FC0590059B002B09D0059800F012F872
:107974000346054A0221039811F0BCFF00E000BF52
:1079840000BF07B05DF804FB901C040041DF7047A2
:1079940000BF184682B00190019BA3F50643034A39
:1079A40052F82330184602B0704700BFCC2B002099
:1079B40030B583B00190019B5B68002B11D1504A14
:1079C400504BD31ADB081B0443F00300019B1B78C4
:1079D4001A464D4B53F822301A464C4916F0A6F875
:1079E40018E0474A474BD31ADB081B0443F003044F
:1079F400019B1B781A46444B53F822301D46019BC9
:107A04005B681846FFF7C6FF03462A4640492046EE
:107A140016F09DF8019B1B78032B3AD0032B67DCEF
:107A2400002B02D0012B08D062E0019B5B68002B85
:107A340060D1384B01221A705CE0019B5B68002B1B
:107A44005AD12F4A2F4BD31ADB081B0443F00300EF
:107A5400019B9B681A46304916F068F8284A294B5E
:107A6400D31ADB081B0443F00300019B9B891A46CD
:107A74002A4916F05BF8224A224BD31ADB081B046E
:107A840043F00300019BDB891A46254916F04EF8A2
:107A940032E0019B5B68002B26D1194A194BD31A9B
:107AA400DB081B0443F00300019B9B681A461A4938
:107AB40016F03CF8124A134BD31ADB081B0443F0AC
:107AC4000300019B9B891A46144916F02FF80C4AAF
:107AD4000C4BD31ADB081B0443F00300019BDB8926
:107AE4001A460F4916F022F80E4B00225A7004E091
:107AF40000BF02E000BF00E000BF00BF03B030BD24
:107B040088140400581404009C2B0020B82004009E
:107B1400E020040012370020002104001421040096
:107B24002421040010370020024B01221A7000BFE8
:107B3400704700BF1037002008B5184B1B781A4651
:107B4400164B5B7883F00103DBB21340002B22D089
:107B5400134A144BD31ADB081B0443F003031249E2
:107B6400184615F0D5FFFFF79FFA03461A460B4B4C
:107B74001A700A4B1B7883F00103DBB2002B0AD086
:107B8400074A084BD31ADB081B0443F003030749D5
:107B9400184615F0BDFF00BF08BD00BF1037002018
:107BA40088140400581404003821040050210400EF
:107BB40008B5FFF7EBFE00BF08BD000008B501E003
:107BC400FFF7F6FF054B1B78DBB283F00103DBB252
:107BD400002BF5D100BF00BF08BD00BF1237002045
:107BE40000B5A1B0FFF720F9A04AA14BD31ADB08D6
:107BF4001B0443F003039F49184615F089FF9E4870
:107C04000EF08CF9994A9A4BD31ADB081B0443F003
:107C140003039A49184615F07BFF0EF0FBF91F90F9
:107C24001F9B1E931E9B002B05D0954A4FF4937106
:107C34001E980BF089FAFFF7C1FF8C4A8C4BD31ABC
:107C4400DB081B0443F003038E49184615F060FF5C
:107C5400864A874BD31ADB081B0443F003038A4983
:107C6400184615F055FF814A814BD31ADB081B04D3
:107C740043F003038549184615F04AFF7B4A7C4BC1
:107C8400D31ADB081B0443F003038149184615F09B
:107C94003FFF764A764BD31ADB081B0443F00303F9
:107CA4007C49184615F034FF704A714BD31ADB082F
:107CB4001B0443F003037849184615F029FF6B4A67
:107CC4006B4BD31ADB081B0443F0030373491846B8
:107CD40015F01EFF654A664BD31ADB081B0443F0FC
:107CE40003036F49184615F013FF604A604BD31A1B
:107CF400DB081B0443F003036A49184615F008FF28
:107D04005A4A5B4BD31ADB081B0443F0030366494E
:107D1400184615F0FDFE12AB00221A605A609A60F4
:107D2400DA601A8212AB18460EF048FB1F901F9BB4
:107D34001D931D9B002B05D0514A4FF49D711D9836
:107D44000BF002FA494A4A4BD31ADB081B0443F0EE
:107D54000303BDF84C205549184615F0E7FE434A85
:107D6400434BD31ADB081B0443F00303BDF84E2036
:107D74004F49184615F0DAFE0FAB00221A605A601C
:107D84009A600DAB00221A605A600DAB0FAA47F23D
:107D9400100148F210000EF0FAFA1F901F9B002BFE
:107DA4003ED106AB00221A605A6006AA0FAB1146F8
:107DB40018460EF0C7F91F901F9B1B931B9B002BAB
:107DC40005D02F4A40F24B111B980BF0BDF9079BCD
:107DD40018221946374819F093F9244A244BD31A28
:107DE400DB081B0443F00303324A12683249184685
:107DF40015F09CFE2F4B1B6801332E4A13600FAB0A
:107E040018460EF0DDF91F901F9B1A931A9B002B46
:107E140065D01B4A40F257111A980BF095F95EE0B1
:107E2400124A134BD31ADB081B0443F00303234900
:107E3400184615F06DFE0FAB214918460EF00CFAEA
:107E44001F901F9B002B3FD01F9B48F2066293425A
:107E54003AD1064A064BD31ADB081B0443F003034A
:107E64001849184615F054FE39E000BF8814040080
:107E740058140400D4210400B5790200EC21040054
:107E8400742104000022040014220400302204009F
:107E940054220400742204008C220400A82204004A
:107EA400C4220400E4220400042304002823040060
:107EB40040230400B42B002078230400A8230400EA
:107EC400CC250400C02304001F9B1C931C9B002B87
:107ED40005D0554A4FF4B8711C980BF035F90AAB2C
:107EE40000221A605A609A6008AB00221A605A6035
:107EF40008AB0AAA41F201014DF6CA600EF047FA36
:107F04001F901F9B002B39D104AB00221A605A60CA
:107F140004AA0AAB114618460EF014F91F901F9BD1
:107F24001893189B002B05D03F4A40F27F111898F4
:107F34000BF00AF9059B3D4A104619467B231A4665
:107F440019F0DEF83A4A3B4BD31ADB081B0443F022
:107F540003033949184615F0DBFD0AAB18460EF049
:107F64002FF91F901F9B1793179B002B56D02E4A57
:107F74004FF4C67117980BF0E7F84FE02B4A2F4BDC
:107F8400104619467B231A4619F0BAF8284A294B99
:107F9400D31ADB081B0443F003032949184615F0E0
:107FA400B7FD234A234BD31ADB081B0443F0030316
:107FB4002449184615F0ACFD4DF6CA63ADF80430FB
:107FC40041F20103ADF806301C4B02931F230393C7
:107FD40001AA0FAB114618460EF03EF91F901F9BE5
:107FE400002B10D01F9B48F2066293420BD1104A1B
:107FF400104BD31ADB081B0443F003031249184641
:1080040015F086FD0AE01F9B1993199B002B05D0E0
:10801400054A4FF4D97119980BF096F8FEF732FF20
:1080240000BF21B05DF804FB7421040094360020E5
:10803400881404005814040004240400D81F040005
:108044002024040048240400C02304004FF080438B
:10805400D3F800341846704782B001904FF0804244
:10806400019BC2F8003400BF02B0704700B583B072
:10807400FFF7ECFF0190414A414BD31ADB081B0484
:1080840043F00303019A3F49184615F04FFD019B45
:1080940003F00103002B0AD0384A394BD31ADB080A
:1080A4001B0443F003033849184615F031FD019BC6
:1080B40003F00203002B0AD0304A314BD31ADB08F9
:1080C4001B0443F003033149184615F021FD019BBD
:1080D40003F00403002B0AD0284A294BD31ADB08E7
:1080E4001B0443F003032A49184615F011FD019BB4
:1080F40003F00803002B0AD0204A214BD31ADB08D3
:108104001B0443F003032349184615F001FD019BAA
:1081140003F48033002B0AD0184A194BD31ADB0816
:108124001B0443F003031C49184615F0F1FC019BA2
:1081340003F40033002B0AD0104A114BD31ADB0886
:108144001B0443F003031549184615F0E1FC019B99
:1081540003F48023002B0AD0084A094BD31ADB0806
:108164001B0443F003030E49184615F0D1FC019893
:10817400FFF772FF00BF03B05DF804FB881404002E
:1081840058140400D8250400F02504000426040033
:10819400182604003426040048260400642604003B
:1081A4007C26040008B5FFF761FFFEF70DFEFFF71C
:1081B40017FD0C4817F002FD0B4A0C4BD31ADB08D1
:1081C4001B0443F003030A49184615F0A1FC00F010
:1081D400B5FA15F0B3FDFEF76DFEFFF7ADFC00F048
:1081E40083F8F6E79C26040088140400581404005D
:1081F400B026040000B583B00190019B1B681846AB
:1082040000F052F80346002B04D105494FF4F670F0
:10821400FEF706F94FF0A043184603B05DF804FBDF
:10822400DC26040000B585B00190084611461A46C4
:1082340003468DF803300B468DF8023013468DF853
:10824400013001AB1846FFF7D5FF03909DF80320DA
:108254009DF802305B001A439DF801309B001A43DD
:108264009DF818301B0242EA03019DF81C301B04E0
:10827400019A1943039B02F5E07243F8221000BFF0
:1082840005B05DF804FB00B585B0039000230193AD
:10829400002300930023012201210398FFF7C2FF6A
:1082A40000BF05B05DF804FB84B00190019B5B093D
:1082B400029300230393029B002B03D14FF0FF335F
:1082C400039300BF019B03F01F030193039A019BD7
:1082D40022FA03F303F00103002B14BF012300234C
:1082E400DBB2184604B070472DE9F04FADF5377D89
:1082F4007D4B1B78002B00F0F1800023B5931CE02C
:108304007A49B59A13465B0013441B010B440433AA
:1083140019687648B59A13465B0013441B0103445D
:108324002833D3E9002362A8CDE900230A46704923
:1083340018F005FBB59B0133B5936E4B1B68B59ADA
:108344009A42DDDB0023B49344E0B49B5A1C674992
:1083540013465B0013441B010B442833D3E9002369
:1083640010466249B49A13465B0013441B010B4444
:108374002833D3E900231346C11AB49B5A1C5B4823
:1083840013465B0013441B01034418331868574B0E
:108394004F93B49A13465B0013441B014F9A134442
:1083A40018331B68C31A1B02CB1A1946B6ABA3F5C4
:1083B400BC73B49A43F82210B6ABA3F5BC73B49A59
:1083C40053F8223062A8B49A4B4918F0B8FAB49B17
:1083D4000133B493474B1B68013BB49A9A42B4DB14
:1083E4000023B3935BE04149B39A13465B00134403
:1083F4001B010B440C331B68DA171C461546B6AB3D
:10840400A3F5A871B39A13465B001344DB000B4435
:10841400C3E900453549B39A13465B0013441B0175
:108424000B4410331B68DA171E461746B6ABA3F588
:10843400A871B39A13465B001344DB000B44083362
:10844400C3E900672949B39A13465B0013441B012F
:108454000B4414331B68DA1798469146B6ABA3F560
:10846400A871B39A13465B001344DB000B4410332A
:10847400C3E90089B6ABA3F5BC73B39A53F82230B1
:10848400DA179A469346B6ABA3F5A872B39B1E338C
:10849400DB001344C3E900ABB39B0133B393154B27
:1084A4001B68B39A9A429EDB124B1B681E46B6ABFE
:1084B400A3F5CC75B6ABA3F5A874684604F108031C
:1084C4004FF49C72194618F01BFE94E80C003146D8
:1084D400284600F079FA044B00221A7000BF0DF50B
:1084E400377DBDE8F08F00BFA4370020B0370020EF
:1084F4000C270400A837002020270400F0B587B01B
:108504004FF000024FF00003CDE9042301AB1846FD
:1085140001F0A6FE042303931EE0DDE904014FF0FD
:1085240000024FF000030B0243EA10630202CDE99C
:10853400042301AA039B13441B78DBB200221C46CC
:108544001546DDE9042342EA040643EA0507CDE9BA
:108554000467039B013B0393039B002BDDDADDE9F6
:1085640004231046194607B0F0BD000010B59CB0B6
:108574000190284B01221A600021102001F036FFDF
:10858400034603F07F031B931B9B7E2B06D81B9B88
:108594009BB200221946204801F04DFE4FF47A7038
:1085A40002F09EFA002002F053FA1C4817F006FB72
:1085B40004221B49184818F0BFFC0346002B25D1A0
:1085C400184B1A6813465B0013441B01164A1344E4
:1085D40024221149184618F093FD124B1C68FFF72A
:1085E4008DFF114A23465B0023441B0113442833A7
:1085F400C3E900010B4B1B6801330A4A1360094BA2
:108604001B68132B02DD074B00221A6000BF1CB04D
:1086140010BD00BF98370020143700203027040015
:10862400EC270400703B0020B037002000B583B075
:1086340001900D4B01221A60002002F051FA002033
:1086440002F006FA094817F0B9FA094B1B68094AFF
:108654001360074B00221A60074B01221A7000BFF7
:1086640003B05DF804FB00BF9C37002048270400DA
:10867400703B0020A8370020A437002000B583B049
:108684000190054B01221A60002002F0E1F900BFBD
:1086940003B05DF804FB00BFA037002082B0019056
:1086A400024B01221A6000BF02B0704794370020C9
:1086B40000B583B001900B468DF8033001F0D4FF70
:1086C40000BF03B05DF804FB00B585B007F0AAFA5B
:1086D4000346002B03D0154817F070FA01E007F0A9
:1086E4003DFA134A01AB1268114619800233120C89
:1086F4001A7000238DF8053001AB0E4A1946132079
:1087040007F09CFA0390039B0293029B002B05D075
:10871400094A40F2B51102980AF016FD012113200E
:1087240007F00AFB00BF05B05DF804FB60270400F6
:10873400E8270400B58602008827040000B583B04A
:10874400002301930EE00122019B02FA03F31A466F
:10875400244B1340002B02D00198FFF794FD019B9A
:1087640001330193019B1F2BEDD94FF0A0431D4A08
:10877400C3F80C254FF0A0430022C3F80825FFF7E7
:10878400A3FF02F0B7FC02F0C9FC012001F0DEFAFD
:108794000346B3F1FF3F00D1FEE702F0E7FC1248C5
:1087A40001F0A6FB114B124A1249134801F042FF93
:1087B4000121124802F0DCF944F2480001F01AFDEC
:1087C40044F2480001F027FD642001F017FF002067
:1087D40002F086F9002002F03BF900BF03B05DF817
:1087E40004FB00BF000040C0082C0020818602006A
:1087F4003186020071850200A186020080D0230424
:10880400F0B589B08DED060B8DED041B8DED022BBB
:108814008DED003BDDE90223DDE9060117F08CFD57
:1088240002460B4614461D46DDE90223DDE9060136
:1088340017F082FD02460B462046294617F080FDBC
:1088440002460B4614461D46DDE90023DDE904011A
:1088540017F072FD02460B4616461F46DDE900235B
:10886400DDE9040117F068FD02460B46304639463F
:1088740017F066FD02460B462046294617F03CFCDD
:1088840002460B4643EC172BB0EE470AF0EE670A9C
:1088940017F0C4F9B0EE407AF0EE607AB0EE470A11
:1088A400F0EE670A09B0F0BD0000000000B593B017
:1088B4008DED040B8DED021B0190424B93ED007B7B
:1088C400404B93ED026BB0EE463AF0EE663AB0EEF2
:1088D400472AF0EE672A9DED021B9DED040BFFF77E
:1088E4008FFF8DED0C0B4FF000024FF00003CDE92C
:1088F400102301230F9353E0324A0F9B1B011344AF
:1089040093ED007B2F4A0F9B1B011344083393ED17
:10891400006BB0EE463AF0EE663AB0EE472AF0EE5F
:10892400672A9DED021B9DED040BFFF769FF8DED9A
:108934000A0BDDE90C23DDE90A0117F0FDFC024610
:108944000B46104619461DA3D3E9002317F090FDEA
:1089540002460B46CDE908230F9B03F10053013B6C
:10896400DB00019A1344D3E90023DDE9080117F081
:10897400E3FC02460B46CDE90623DDE90623DDE9E7
:10898400060117F0DDFC02460B46DDE9100117F085
:10899400B3FB02460B46CDE910230F9B01330F9323
:1089A4000F9B022BA8DDDDE9102343EC172BB0EE5F
:1089B400470AF0EE670A13B05DF804FB00000000FC
:1089C40000707540182C002082B030B597B001902B
:1089D40000911AA981E80C004FF000024FF0000347
:1089E400CDE914234FF000024FF00003CDE9122328
:1089F4004FF0FF323F4BCDE910234FF000024FF010
:108A04000003CDE90E2345E04FF000024FF00003D0
:108A1400CDE90C2329E056AB18469DED0C1B9DEDCA
:108A24000E0BFFF743FF8DED0A0BDDE91023DDE9A3
:108A34000A0117F01DFE0346002B0BD0DDE90A23C3
:108A4400CDE91023DDE90E23CDE91423DDE90C2360
:108A5400CDE912234FF00002274BDDE90C0117F09A
:108A64004BFB02460B46CDE90C234FF00002234B8F
:108A7400DDE90C0117F0DEFD0346002BCBD14FF0EE
:108A840000021D4BDDE90E0117F036FB02460B46D2
:108A9400CDE90E234FF00002184BDDE90E0117F06B
:108AA400C9FD0346002BAFD1DDE9140117F0FCFD2D
:108AB40002460B46CDE90223DDE9120117F0F4FD6D
:108AC40002460B46CDE904234FF000024FF00003A9
:108AD400CDE90623019B1D4602AC0FCC0FC594E8DB
:108AE4000F0085E80F00019817B0BDE8304002B0D0
:108AF400704700BFFFFFEF7F0000F03F00005940C8
:108B040082B00190019B022B0ED0019B022B0EDC44
:108B1400019B002B03D0019B012B02D007E06E23A5
:108B240007E040F2523304E041F69A2301E04FF0AB
:108B3400FF33184602B0704782B00190019B012BAD
:108B440003D0019B022B02D003E0102303E0402357
:108B540001E04FF0FF33184602B0704782B0019035
:108B6400019B032B12D801A252F823F0818B02003F
:108B7400858B0200898B02008D8B0200082307E09D
:108B8400102305E0202303E0402301E04FF0FF33EE
:108B9400184602B0704700BF82B00190019B043BAD
:108BA400302B78D801A252F823F000BF978C020032
:108BB4009B8C02009B8C02009B8C0200818C020027
:108BC4009B8C02009B8C02009B8C02009B8C0200FD
:108BD4009B8C02009B8C02009B8C02009B8C0200ED
:108BE4009B8C02009B8C02009B8C0200938C0200E5
:108BF4009B8C02009B8C02009B8C02007B8C0200ED
:108C04009B8C02009B8C02009B8C02009B8C0200BC
:108C14009B8C02009B8C02009B8C02009B8C0200AC
:108C24009B8C02009B8C02009B8C02008D8C0200AA
:108C34009B8C02009B8C02009B8C0200758C0200B2
:108C44009B8C02009B8C02009B8C02009B8C02007C
:108C54009B8C02009B8C02009B8C02009B8C02006C
:108C64009B8C02009B8C02009B8C0200878C020070
:108C74004FF4006311E04FF4C0630EE04FF48063DF
:108C84000BE04FF4007308E04FF4807305E0802399
:108C940003E0402301E04FF0FF33184602B0704771
:108CA40000B583B00190019B1B68184600F011F9D0
:108CB4000346002B04D105494FF4F670FDF7B0FBD1
:108CC4004FF0A043184603B05DF804FBF0270400FE
:108CD40000B585B00190084611461A4603468DF842
:108CE40003300B468DF8023013468DF8013001AB8A
:108CF4001846FFF7D5FF03909DF803209DF8023036
:108D04005B001A439DF801309B001A439DF818300C
:108D14001B0242EA03019DF81C301B04019A19430B
:108D2400039B02F5E07243F8221000BF05B05DF822
:108D340004FB00B585B00390002301930023009346
:108D44000023012201210398FFF7C2FF00BF05B0F1
:108D54005DF804FB00B585B003900B468DF80B302D
:108D64009DF80B3000220192002200920022002183
:108D74000398FFF7ADFF00BF05B05DF804FB00B535
:108D840085B0019001AB1846FFF78AFF0390019B61
:108D9400012202FA03F31946039800F086F800BF93
:108DA40005B05DF804FB00B585B0019001AB184631
:108DB400FFF776FF0390019B012202FA03F31946A1
:108DC400039800F07CF800BF05B05DF804FB00B523
:108DD40085B0019001AB1846FFF762FF0390039B37
:108DE400D3F804350293029BDA43019B012101FA73
:108DF40003F31A40039BC3F80825019B01229A4000
:108E0400029B1A40039BC3F80C2500BF05B05DF814
:108E140004FB00B583B001900091009B002B03D1AB
:108E24000198FFF7C0FF02E00198FFF7A8FF00BF19
:108E340003B05DF804FB00B585B0019001AB1846A2
:108E4400FFF72EFF0390039800F01FF80246019BE2
:108E540022FA03F303F00103184605B05DF804FB9E
:108E640000B585B0019001AB1846FFF719FF0390D8
:108E7400039800F012F80246019B22FA03F303F070
:108E84000103184605B05DF804FB82B00190019B14
:108E9400D3F81035184602B0704782B00190019B98
:108EA400D3F80435184602B0704782B0019000919F
:108EB400019B009AC3F8082500BF02B0704782B036
:108EC40001900091019B009AC3F80C2500BF02B0E9
:108ED400704784B00190019B5B09029300230393C4
:108EE400029B002B03D14FF0FF33039300BF019B80
:108EF40003F01F030193039A019B22FA03F303F087
:108F04000103002B14BF01230023DBB2184604B075
:108F14007047000000B585B00190019B032B03D975
:108F240011493A20FDF77CFA104A019B13441B783F
:108F34001846FFF795FF0346002B14BF01230023B7
:108F44008DF80F309DF80F30002B14BF0123002340
:108F5400DBB283F00103DBB203F00103DBB218469A
:108F640005B05DF804FB00BF202804006828040055
:108F740000B583B00190019B032B03D9074941201D
:108F8400FDF74EFA064A019B13441B78002118464C
:108F9400FFF73FFF00BF03B05DF804FB2028040087
:108FA4006828040000B583B00190019B032B03D90A
:108FB40007494720FDF734FA064A019B13441B78FE
:108FC40001211846FFF725FF00BF03B05DF804FB3D
:108FD400202804006828040000B583B0002301930E
:108FE40005E00198FFF7DEFF019B01330193019B2C
:108FF400032BF6D900BF00BF03B05DF804FB00B536
:1090040083B00023019305E00198FFF7B1FF019BB2
:1090140001330193019B032BF6D900BF00BF03B0BA
:109024005DF804FB00B583B00190019B032B03D9C9
:1090340007495F20FDF7F4F9064A019B13441B78A6
:109044001846FFF7C4FE00BF03B05DF804FB00BF81
:10905400202804006828040000B583B0002301938D
:1090640009E0094A019B13441B781846FFF761FE87
:10907400019B01330193019B032BF2D9FFF7ACFF52
:1090840000BF03B05DF804FB6828040000B585B098
:109094000190019B032B03D91149AC20FDF7C0F9C2
:1090A400104A019B13441B781846FFF7C4FE03467D
:1090B400002B14BF012300238DF80F309DF80F30CF
:1090C400002B14BF01230023DBB283F00103DBB2C6
:1090D40003F00103DBB2184605B05DF804FB00BFE2
:1090E400202804006C28040000B583B000230193F9
:1090F4000AE0094A019B13441B7803211846FFF731
:1091040029FE019B01330193019B032BF1D900BF7D
:1091140000BF03B05DF804FB6C28040084B0019028
:109124004FF0FF330293002303930DE00A4A039B9D
:1091340013441B781A46019B934202D1039B02936A
:1091440005E0039B01330393039B032BEED9029B9E
:10915400184604B0704700BF6C28040000B583B003
:109164000190019B032B03D90549CB20FDF758F946
:10917400044A019B13441B78184603B05DF804FBB2
:10918400202804006C28040000B583B00190019BE2
:1091940003F00103002B01D0FFF75EFF019B03F0F6
:1091A4000203002B01D0FFF79FFF00BF03B05DF85F
:1091B40004FB000000B583B00190019B1B681846B6
:1091C40000F03DF80346002B04D105494FF4F67036
:1091D400FDF726F94FF0A043184603B05DF804FBF1
:1091E4007028040000B585B001900B468DF803305B
:1091F40001AB1846FFF7DEFF0390019A039B02F5CB
:10920400E07253F82230019A23F44031039B02F5B3
:10921400E07243F82210019A039B02F5E07253F8BE
:1092240022109DF803301B04019A1943039B02F595
:10923400E07243F8221000BF05B05DF804FB84B06F
:109244000190019B5B09029300230393029B002B73
:1092540003D14FF0FF33039300BF019B03F01F03BF
:109264000193039A019B22FA03F303F00103002BF9
:1092740014BF01230023DBB2184604B0704700B5C5
:1092840083B00190019B032B04D80198FFF7FEFEE5
:10929400034600E00023184603B05DF804FB000019
:1092A40000B587B003460A468DF8073013468DF89B
:1092B400063000238DF81730002304939DF80730FF
:1092C4001846FFF72BFF0490049B032B62D89DF8EC
:1092D4000630022B52D0022B5CDC002B31D0012B48
:1092E40058D13549049A13465B0013440B441B7848
:1092F4008DF817303049049A13465B0013440B442D
:1093040001331B78002B0ED02C4B2D4A4FF4804197
:1093140018460AF0BFFB0390039B002B03D1284A95
:109324009DF8073013702449049A13465B001344D4
:109334000B4402331978234A049B13440A461A70D7
:1093440028E01E4B18460AF0FDFB1E4A049B1344FA
:1093540019781948049A13465B00134403440233F2
:109364001B78994215D11449049A13465B0013449F
:109374000B4402331B788DF817300AE00E49049A27
:1093840013465B0013440B4401331B788DF81730EC
:1093940000E000BF9DF81730002B09D00A4B1B6872
:1093A400002B05D0084B1B689DF8172010469847E2
:1093B40000BF07B05DF804FB843B0020882C00202C
:1093C400903B0020943B0020803B002000B583B0FC
:1093D4000190019B1B7802211846FFF761FF00BF33
:1093E40003B05DF804FB000000B583B00C4B1B78A0
:1093F400002B0FD00023019308E0019B022B02D025
:109404000198FFF7CFFD019B01330193019B032BCF
:10941400F3D901E0FFF7E0FD00BF03B05DF804FB02
:109424007C3B00202DE9D04F92B003468DF83F30AD
:109434000023119300231093CC4B1B78002B04D0F2
:10944400CA4A00231370FFF7CFFF9DF83F30172B54
:1094540000F23F8201A252F823F000BFC19402003F
:10946400D9940200D9940200759502001196020065
:109474008D96020021970200419702005197020045
:109484007D9702009B970200B9970200D7970200CC
:10949400E5970200E5970200E5970200E5970200D0
:1094A400E597020079980200879802009B980200D1
:1094B400AF980200C9980200C9980200FFF794FF10
:1094C400AB4B18460AF03EFB1190AA4A9DF83F3078
:1094D4001370FFE10020FFF71DFD0346002B0DD0A4
:1094E4000020FFF75FFD9DF83F30022B02D14FF4BF
:1094F400E16301E04FF47A6310930BE00020FFF77F
:1095040037FD9DF83F30022B01D1C82301E04FF411
:10951400C8731093974A9DF83F301370944C109B76
:109524000022009301924FF000024FF00003DDE9A6
:1095340000673946CB03314643EA51433146CA03F7
:1095440012F57A71029143F1000303934FF4FA6226
:109554004FF00003DDE9020117F0E6F802460B467E
:1095640013460022194620460AF094FA1190B1E1FC
:109574000020FFF7CFFC0346002B0DD00020FFF79F
:1095840011FD9DF83F30032B02D14FF4487301E0E5
:109594004FF47A6310930BE00020FFF7E9FC9DF889
:1095A4003F30032B01D1C82301E04FF4C87310935B
:1095B400704A9DF83F3013706D4C109B0022049349
:1095C40005924FF000024FF00003DDE904673946CD
:1095D400CB03314643EA51433146CA0312F57A714B
:1095E400069143F1000307934FF4FA624FF000032E
:1095F400DDE9060117F098F802460B4613460022EF
:10960400194620460AF046FA119063E10020FFF75C
:1096140081FC0346002B06D00020FFF7C3FC4FF467
:109624007A63109305E00020FFF7A2FC4FF4C8739F
:109634001093504A9DF83F3013704D4C109B0022FC
:109644009A4693464FF000024FF000034FEACB33A3
:1096540043EA5A434FEACA3212F57A71089143F148
:10966400000309934FF4FA624FF00003DDE90801A7
:1096740017F05AF802460B461346002219462046B4
:109684000AF008FA119025E10020FFF743FC034695
:10969400002B0CD00020FFF785FC9DF83F30052BF4
:1096A40001D1C82301E04FF47A6310930BE000204A
:1096B400FFF75EFC9DF83F30052B01D1C82301E084
:1096C4004FF4C87310932B4A9DF83F301370284C05
:1096D400109B0022984691464FF000024FF0000381
:1096E4004FEAC93343EA58434FEAC83212F57A7154
:1096F4000A9143F100030B934FF4FA624FF0000315
:10970400DDE90A0117F010F802460B461346002261
:10971400194620460AF0BEF91190DBE00020FFF75D
:1097240081FC144A9DF83F301370114B002240F223
:10973400666118460AF0AEF91190CBE00020FFF7FD
:1097440017FC0C4A9DF83F301370C3E0074B01220D
:109754001A700120FFF766FC054B002240F2666197
:1097640018460AF097F91190B4E000BF753B002049
:10977400482C0020743B0020594B01221A70012010
:10978400FFF750FC574B00224FF4005118460AF0E3
:1097940081F911909EE0524B01221A700120FFF7CB
:1097A40041FC504B002240F2666118460AF072F9FF
:1097B40011908FE04A4B01221A700120FFF732FC0E
:1097C400484B00224FF4005118460AF063F91190F7
:1097D40080E0FFF714FC444A9DF83F30137079E0B1
:1097E400424B18460AF0AEF911909DF83F30C3F190
:1097F40011031093109B002B35D0119B002B32D1F9
:10980400109B012B28D9394C109B9BB21A46C823B4
:1098140002FB03F3DA171E4617464FF000024FF01F
:109824000003FB0343EA5643F20312F57A710C91E9
:1098340043F100030D934FF4FA624FF00003DDE9A6
:109844000C0116F071FF02460B461346002219461E
:1098540020460AF01FF911900220FFF789FB244BE0
:1098640001221A7036E00220FFF79CFB204B0022F5
:109874001A702FE0FFF7B8FD1B4A9DF83F301370B4
:1098840028E0FFF7B1FD0020FFF772FB164A9DF8B0
:109894003F3013701EE0FFF7A7FD0120FFF768FBC0
:1098A400114A9DF83F30137014E0FFF79DFD00202E
:1098B400FFF75EFB0120FFF75BFB0B4A9DF83F308F
:1098C400137007E0FFF79BFB074A9DF83F301370C6
:1098D40000E000BF119B184612B0BDE8D08F00BF56
:1098E400753B0020482C0020743B0020682C00208D
:1098F4007C3B002000B583B00190074B1B6803F04C
:109904000103002B04D0054B1B781846FFF78AFD92
:1099140000BF03B05DF804FB783B0020743B0020DB
:1099240000B583B001900220FFF77CFB00BF03B0B9
:109934005DF804FB00B585B003468DF807300023BD
:109944000393084B1B6803F00103002B05D09DF81B
:1099540007301846FFF766FD0390039B184605B0D1
:109964005DF804FB783B002000B585B001900091C0
:10997400002303932A4A019B13602A4A009B136025
:10998400019B03F00203002B2AD00023029308E07A
:1099940001220121029800F055F80390029B013343
:1099A4000293029B032B02D8039B002BF0D0039B52
:1099B400002B06D140F2333204211B4809F0C4FACB
:1099C4000390039B002B02D109F046FB0390039BF9
:1099D400002B05D1154A002115480AF021F80390FF
:1099E400019B03F00103002B14D00120FFF7CCFBF3
:1099F400039B002B05D10F4A00210F480AF010F8F1
:109A04000390039B002B05D10C4A01210C480AF05A
:109A140007F80390039B184605B05DF804FB00BFEC
:109A2400783B0020803B0020AC280400D193020046
:109A3400A8280400F9980200A0280400259902002F
:109A4400A428040084B001900B468DF8033013461B
:109A54008DF8023000230393019B032B3CD89DF81F
:109A64000230012B0BD19DF80330012B04D1019B53
:109A7400DBB20E33DBB200E000238DF802309DF838
:109A84000330022B0FD0022B23DC002B16D0012B2A
:109A94001FD11449019A13465B0013440B449DF8EB
:109AA40002201A701AE00F49019A13465B0013440E
:109AB4000B4401339DF802201A700FE00949019A02
:109AC40013465B0013440B4402339DF802201A70C2
:109AD40004E00723039301E007230393039B184641
:109AE40004B07047843B002000B585B001900B465C
:109AF4008DF80330019B032B14D89DF80330002B01
:109B040001D0032300E000238DF80F300198FFF704
:109B140025FB02469DF80F3019461046FFF762FBFD
:109B2400002300E00623184605B05DF804FB00B5E9
:109B340083B0019001210198FFF7D6FF0346184630
:109B440003B05DF804FB00B583B0012200210020BE
:109B5400FFF778FF0190019B002B04D0019B072B9A
:109B640001D0019B1CE0072202210120FFF76AFFBC
:109B74000190019B002B04D0019B072B01D0019B7A
:109B84000EE0042202210020FFF75CFF0190019BFC
:109B9400002B04D0019B072B01D0019B00E0002384
:109BA400184603B05DF804FB00B583B0012202211E
:109BB4000020FFF747FF0190019B002B04D0019B7D
:109BC400072B01D0019B1CE0072202210120FFF793
:109BD40039FF0190019B002B04D0019B072B01D07E
:109BE400019B0EE00A2200210020FFF72BFF0190C9
:109BF400019B002B04D0019B072B01D0019B00E0AB
:109C04000023184603B05DF804FB00B583B001904F
:109C14000120FFF734FB0346002B03D0019B0222F3
:109C24001A700CE00020FFF72AFB0346002B03D038
:109C3400019B0B221A7002E0019B00221A7000BFE4
:109C440003B05DF804FB00B583B00020FFF76FFF9D
:109C54000190019B002B04D0019B062B01D0019B9A
:109C64000CE00120FFF763FF0190019B002B04D05F
:109C7400019B062B01D0019B00E00023184603B092
:109C84005DF804FB00B585B001900091019B1B8831
:109C9400102B02D0112B18D02FE01A4B1B68002B6D
:109CA4000DD1FFF750FF0390039B002B07D0164BF9
:109CB4001B68002B03D0144B1B6803989847114B67
:109CC4001B6801330F4A136017E00E4B1B68013BFE
:109CD4000C4A13600B4B1B68002B0DD1FFF764FF7C
:109CE4000390039B002B07D0074B1B68002B03D06A
:109CF400054B1B680398984700BF00BF05B05DF88B
:109D040004FB00BF9C3B0020983B002000B585B0BD
:109D140001900091002303930A4A019B1360009B66
:109D2400002B02D00098FFF770FF074B1B68002B35
:109D340002D1FFF739FF0390039B184605B05DF885
:109D440004FB00BF983B00209C3B002030B589B049
:109D54000346ADF806300023ADF81E300023069309
:109D64005D4B1B6800225A745B4B1B6800229A7679
:109D7400594B1B6800221A83574B1B6800229A62B6
:109D8400554B1B680022DA62534B1B6800221A638E
:109D9400514B1B6800225A6300F0A2F803460022CC
:109DA4001C461546CDE90445DDE904234B4911441D
:109DB4000B4302D04FF0FF338AE000F00FFF002086
:109DC40000F042FD04220021242000F064FB1E2048
:109DD40000F0B8FB0346ADF81E30BDF81E301B0A78
:109DE4009AB23D4B1B68D2B25A72042000F0AAFB0F
:109DF4000690069BDBB2002B0DD0022212212D20EF
:109E040000F049FB344B1B681A8B334B1B6842F43C
:109E1400805292B21A83304B1C68062000F092FBE9
:109E2400034623602C4B1C68072000F08BFB034681
:109E34006360BDF81E30DAB2274B1B6802F01F02C4
:109E4400D2B21A74244B1B681B7C002B03D1224B07
:109E54001B6810221A74204B1B681B7C184600F0E8
:109E6400E1FEBDF8063003F00103002B0BD000F037
:109E7400B3FB194B1B681A8B174B1B6842F4006227
:109E840092B21A8313E00521362000F0D3FA034678
:109E9400ADF80E30BDF80E3023F40073ADF80E307B
:109EA400BDF80E301A460521362000F008FB0120CB
:109EB40000F0CAFC00220A212C2000F0ECFA064B28
:109EC4001C680021042000F091FA0346636100231A
:109ED400184609B030BD00BFA82C0020D0FE3521A3
:109EE40008B50021002000F081FA0346184608BD99
:109EF40000B587B0019000238DF8173000238DF84A
:109F04001630019B1B788DF81330019B5B791A4640
:109F1400AC4B33F81230ADF81430019B5B78013B45
:109F24008DF812309DF81330042B03D09DF81330B4
:109F3400072B01D1012300E000238DF81130019B90
:109F4400DB79002B0DD1A04B1B685A699E4B1B6813
:109F540042F480025A61BDF81430DB08ADF81430C5
:109F640007E0994B1B685A69974B1B6822F48002DF
:109F74005A61954B1B68019A127A1A72924B1B68AC
:109F84005A69914B1B6822F440325A618E4B1B680C
:109F94005969019B1B7A1B0403F440328A4B1B68EA
:109FA4000A435A61884B1B685B691A4600210420E6
:109FB40000F0A4FABDF814301A4642F604012E202B
:109FC40000F07DFA9DF81230184600F0E6FA9DF88C
:109FD40013307E4AD35C1A467D4B53F822301A461E
:109FE40007212B2000F08AFA9DF81330774AD35CBE
:109FF4001A46784B9B5C1A460B212B2000F04BFA37
:10A004009DF81130744AD35C1A460B21282000F0C5
:10A0140042FA9DF813306D4AD35C1A466F4B53F8DD
:10A0240022301A460C21282000F068FA019BDB79C3
:10A034001846019B9B791946694A43000B4432F840
:10A0440013301A460221272000F039FA9DF8123005
:10A05400644A32F813301A460421272000F02FFAFC
:10A06400019BDB79002B05D164220621272000F017
:10A0740026FA18E0019B9B78042B0AD110220621B2
:10A08400272000F01CFA10222621272000F003FAD2
:10A0940009E020220621272000F011FA2822262197
:10A0A400272000F0F8F99DF81230019AD278114671
:10A0B4004D4A9B000B4452F823301A4608212720AE
:10A0C40000F01CFA019B5B89002B03D1019B41F238
:10A0D40041025A81019B5B891A462021272000F006
:10A0E400EEF9424B1B681A460C21232000F006FAB5
:10A0F4009DF812303D4A5B0013449B881A460421A4
:10A10400232000F0DCF9019B9B79002B0FD0019BED
:10A11400DB791A46364B9B5C1A460021212000F05D
:10A12400BAF903238DF8173001238DF816309DF802
:10A13400133003F00F029DF813301B01DBB21A43F6
:10A14400019B5B789B0403F440231A439DF817306A
:10A154001B0503F440131A439DF816305B0403F403
:10A1640000331A43019B1B799B0503F0F8631A43E0
:10A17400019B5B79DB0613430393039A00211F20A1
:10A1840000F0BCF9019B9A78019B5B781343DBB226
:10A194001A04019BDB795B031A430B4B1B68DA60DF
:10A1A400094B1B68DB681A460021082000F0A6F959
:10A1B400422200210D2000F06EF900BF07B05DF8C7
:10A1C40004FB00BF4C290400A82C0020CC28040068
:10A1D400EC280400042904000C290400D4280400F9
:10A1E4001C290400282904002C2904001029040037
:10A1F4001829040000B583B00346ADF80630BDF855
:10A2040006301A4641F604012E2000F058F900BF2A
:10A2140003B05DF804FB00B583B00346ADF8063027
:10A22400BDF806301A460021182000F048F900BF96
:10A2340003B05DF804FB00B583B001900B46ADF8A4
:10A2440002301346ADF80030BDF80220BDF800100E
:10A25400019B112000F06FF800BF03B05DF804FB10
:10A2640000B583B00190019B05220021152000F068
:10A2740062F800BF03B05DF804FB00B587B002923A
:10A2840001930346ADF80E300B46ADF80C300023B5
:10A294000593BDF80C30002B0DD1BDF80E30DAB2A9
:10A2A400059B591C059162F07F02D2B218336B44AE
:10A2B40003F8082C34E0BDF80E30DAB2059B591CC3
:10A2C400059162F03F02D2B218336B4403F8082CB4
:10A2D400BDF80C307F2B0AD8059B5A1C0592BDF89B
:10A2E4000C20D2B218336B4403F8082C18E0BDF8E4
:10A2F4000C30DAB2059B591C059162F07F02D2B290
:10A3040018336B4403F8082CBDF80C30DB0999B200
:10A31400059B5A1C0592CAB218336B4403F8082CE7
:10A32400059B98B204A9019B029A00F04BFE00BF62
:10A3340007B05DF804FB00B587B0029201930346B1
:10A34400ADF80E300B46ADF80C3000230593BDF884
:10A354000C30002B0AD1059B5A1C0592BDF80E2027
:10A36400D2B218336B4403F8082C34E0BDF80E3035
:10A37400DAB2059B591C059142F04002D2B218335F
:10A384006B4403F8082CBDF80C307F2B0AD8059BCE
:10A394005A1C0592BDF80C20D2B218336B4403F852
:10A3A400082C18E0BDF80C30DAB2059B591C059155
:10A3B40062F07F02D2B218336B4403F8082CBDF864
:10A3C4000C30DB0999B2059B5A1C0592CAB21833AA
:10A3D4006B4403F8082C059B98B204A9019B029ACC
:10A3E40000F04EFD00BF07B05DF804FB00B587B078
:10A3F4000190009100230593019B98B2009B99B2B0
:10A4040003AB0422FFF797FF032304930AE0059BA1
:10A414001B0203A9049A0A44127813440593049B6B
:10A42400013B0493049B002BF1DA059B184607B00B
:10A434005DF804FB00B585B0019000910023ADF8F0
:10A444000E30019B98B2009B99B203AB0222FFF736
:10A4540072FF9DF80D301B029BB29DF80C20134433
:10A46400ADF80E30BDF80E30184605B05DF804FBAB
:10A4740000B585B001900091019B98B2009B99B200
:10A484000DF10F030122FFF756FF9DF80F30184618
:10A4940005B05DF804FB00B585B003900291134646
:10A4A4008DF80730039B98B2029B99B20DF1070314
:10A4B4000122FFF7E2FE00BF05B05DF804FB00B522
:10A4C40087B0039002911346ADF80630BDF806300C
:10A4D400DBB28DF81430BDF806301B0A9BB2DBB238
:10A4E4008DF81530039B98B2029B99B205AB0222FA
:10A4F400FFF7C3FE00BF07B05DF804FB00B587B0EB
:10A50400039002910192002305930CE0019BD9B2C0
:10A5140004AA059B13440A461A70019B1B0A019363
:10A52400059B01330593059B032BEFDD039B98B239
:10A53400029B99B204AB0422FFF79FFE00BF07B051
:10A544005DF804FB00B585B00190019B9BB21A46EF
:10A5540004212D20FFF7B3FF032206212D20FFF74E
:10A564009AFF002206212D20FFF795FF0A212D20B6
:10A57400FFF73CFF0390039B184605B05DF804FB0E
:10A5840008B5002202212C20FFF785FF02220221B8
:10A594002C20FFF780FF00BF08BD00B583B00190F9
:10A5A4006D2240F606012E20FFF775FF019B002B5C
:10A5B40007D040F2076241F606012E20FFF77FFF25
:10A5C40006E041F2076241F606012E20FFF777FF0D
:10A5D40000BF03B05DF804FB08B50E2000F034F9A9
:10A5E4004FF4004206212D20FFF769FF012000F0FF
:10A5F400E7FD012000F028F900BF08BD00B585B0D3
:10A60400019000211A20FFF7F1FE0390039B1B0D1C
:10A614001B050393019BC3F31303039A134303938F
:10A62400039A00211A20FFF769FF00BF05B05DF807
:10A6340004FB000084B00390029101920093094B43
:10A644001B68039A9A62074B1B68029ADA62054BED
:10A654001B68019A1A63034B1B68009A5A6300BF74
:10A6640004B07047A82C002010B584B0744B1C684B
:10A6740000210F20FFF7BAFE0346E361E36902936A
:10A68400029B03F48043002B73D04FF4DE4200217D
:10A694000F20FFF733FF6A4B1B68002283F8242046
:10A6A40000211020FFF7C6FE0346ADF80630BDF8C2
:10A6B4000630C3F30903ADF80E30614B1B681B7AF7
:10A6C400002B05D1BDF80E3003F07F03ADF80E303A
:10A6D4005B4B1B68BDF80E201A84BDF90630002BB5
:10A6E4000ADA574B1B6893F82420554B1B6842F039
:10A6F4000102D2B283F82420514B1B682233022278
:10A7040000211120FFF717FE029B03F00803002B22
:10A7140018D04B4B1B6893F8223003F02003002B16
:10A7240010D1082200210F20FFF7E8FE444B1B68DC
:10A73400DA69434B1B6822F00802DA61404B1B685C
:10A7440000229A763E4B1B68DB6A002B07D03C4BF9
:10A754001B68DB6A3A4A12681C3210469847384B29
:10A764001B685B7C002B04D0012203210D20FFF722
:10A7740092FE029B03F08003002B1FD0F8220021DD
:10A784000F20FFF7BBFE029B03F00803002B08D049
:10A794002B4B1B689B7E002B03D000F00DF900F0BF
:10A7A4000FFA274B1B689B6A002B07D0244B1B68AE
:10A7B4009B6A234A12681C3210469847029B03F492
:10A7C4000813002B1AD04FF4003200210F20FFF79A
:10A7D40095FE1B4B1B6800229A7600F0EDF800F002
:10A7E400EFF9174B1B681B6B002B07D0144B1B682E
:10A7F4001B6B134A12681C3210469847029A114B7D
:10A804001340002B19D00F4A00210F20FFF776FECA
:10A814000B4B1B6800229A7600F0CEF800F0D0F9BA
:10A82400074B1B685B6B002B07D0054B1B685B6BEE
:10A83400034A12681C321046984700BF04B010BD8A
:10A84400A82C00200090052400B585B0019003AB2E
:10A85400022200213620FFF76EFD019B0E2B00F231
:10A864008D8001A252F823F0BFA80200A9A802001B
:10A87400D9A8020081A9020081A9020081A90200CD
:10A8840081A90200F3A802001BA9020081A9020009
:10A8940081A9020039A9020049A9020059A90200AC
:10A8A40073A9020000238DF80C309DF80D3023F0BD
:10A8B4000103DBB28DF80D3061E09DF80C305BB222
:10A8C40023F003035BB243F001035BB2DBB28DF808
:10A8D4000C3054E09DF80C305BB223F003035BB200
:10A8E40043F002035BB2DBB28DF80C3047E09DF815
:10A8F4000C305BB223F04C035BB243F048035BB211
:10A90400DBB28DF80C309DF80D3063F07F03DBB2C1
:10A914008DF80D3033E09DF80C3023F04C03DBB29E
:10A924008DF80C309DF80D3003F07F03DBB28DF809
:10A934000D3024E09DF80D3043F00203DBB28DF8B6
:10A944000D301CE09DF80D3023F00203DBB28DF8CE
:10A954000D3014E09DF80C305BB223F030035BB291
:10A9640043F020035BB2DBB28DF80C3007E0012327
:10A974008DF80C3003238DF80D3000E000BF03ABDD
:10A98400012200213620FFF778FC03AB01330122BA
:10A9940001213620FFF771FC00BF05B05DF804FB10
:10A9A40008B50020FFF750FF002204213620FFF7EE
:10A9B40086FD00BF08BD000000B583B000210E2055
:10A9C400FFF714FD019000F005FC00900022002127
:10A9D4000E20FFF793FD402200210D20FFF75BFDC1
:10A9E4000B4A00210F20FFF789FD00F015F8019AAA
:10A9F40000210E20FFF782FD009800F0EEFB054BCE
:10AA04001B6800229A7600BF03B05DF804FB00BF08
:10AA1400F8FF2724A82C002000B583B003210F20C1
:10AA2400FFF726FD03468DF807309DF807209DF8B3
:10AA340007305B00534003F08003002B04D0012255
:10AA440003210D20FFF727FD00BF03B05DF804FBD1
:10AA540000B585B00190019B03F00403002B01D1E4
:10AA6400FFF7DAFF4FF48073ADF80E30019B03F06B
:10AA74000103002B05D0BDF80E3043F40073ADF88C
:10AA84000E30BDF80E301A4600210D20FFF717FDD9
:10AA9400019B03F00103002B1CD003210F20FFF7BF
:10AAA400E7FC03468DF80D309DF80D3003F00803E4
:10AAB400002B0FD0FFF780FF019B03F00203002B54
:10AAC40005D14FF4807200210D20FFF7F8FC4FF000
:10AAD400FF3300E00023184605B05DF804FB0000D6
:10AAE40000B585B00346ADF8063003210420FFF716
:10AAF400BFFC03468DF80F30BDF80630002B1CD088
:10AB0400BDF806301A4600210C20FFF7D8FC9DF84A
:10AB14000F3043F010038DF80F30144B1B685A6943
:10AB2400124B1B6842F080525A619DF80F301A464E
:10AB340003210420FFF7AFFC14E09DF80F3023F04D
:10AB440010038DF80F30094B1B685A69074B1B68BB
:10AB540022F080525A619DF80F301A4603210420D6
:10AB6400FFF799FC00BF05B05DF804FBA82C00209A
:10AB740000B585B001900B468DF8033000F02AFB38
:10AB8400029000210E20FFF731FC03909DF8033062
:10AB9400002B04D0039A019B1343039304E0019B0D
:10ABA400DB43039A13400393039A00210E20FFF71B
:10ABB400A5FC029800F011FB00BF05B05DF804FB92
:10ABC40008B5E02203213620FFF765FCF0220321BB
:10ABD4003620FFF760FC00BF08BD000008B5FFF792
:10ABE400DFFE002200212C20FFF769FC0022062151
:10ABF4002C20FFF750FCFFF7C3FC00220321362072
:10AC0400FFF749FC012000F0DBFAF0220321362093
:10AC1400FFF741FC024B1B6800229A7600BF08BD77
:10AC2400A82C002000B585B003468DF807309DF9A7
:10AC3400073003F01F035BB243F060035BB28DF88F
:10AC44000F309DF80F301A460E212B20FFF723FCFE
:10AC540000BF05B05DF804FB00B585B00190019B11
:10AC6400002B0AD0074B43F001030393019B9B0184
:10AC74000293039B0298984700E000BF05B05DF87B
:10AC840004FB00BF202A040000B583B00190019B9F
:10AC94000433184605F008FE00BF03B05DF804FB5A
:10ACA40000B58FB003900291009313468DF80730DE
:10ACB40000230D93029B09939DF807300A93009B90
:10ACC4000B939DF840300C93039B043309A9002295
:10ACD400184605F037FF0D900D9B18460FB05DF830
:10ACE40004FB000000B583B00190019B1B6818466B
:10ACF40000F085F80346002B04D105494FF4F670A3
:10AD0400FBF78EFB4FF0A043184603B05DF804FB3D
:10AD14008029040000B585B00190084611461A4602
:10AD240003468DF803300B468DF8023013468DF838
:10AD3400013001AB1846FFF7D5FF03909DF80320BF
:10AD44009DF802305B001A439DF801309B001A43C2
:10AD54009DF818301B0242EA03019DF81C301B04C5
:10AD6400019A1943039B02F5E07243F8221000BFD5
:10AD740005B05DF804FB00B585B003900023019392
:10AD8400002300930023012201210398FFF7C2FF4F
:10AD940000BF05B05DF804FB00B585B003900B4619
:10ADA4008DF80B309DF80B300022019200220092A6
:10ADB400002200210398FFF7ADFF00BF05B05DF846
:10ADC40004FB00B585B0019001AB1846FFF78AFF7C
:10ADD4000390019B012202FA03F31946039800F041
:10ADE40004F800BF05B05DF804FB82B00190009147
:10ADF400019B009AC3F80C2500BF02B0704784B0D1
:10AE04000190019B5B09029300230393029B002B97
:10AE140003D14FF0FF33039300BF019B03F01F03E3
:10AE24000193039A019B22FA03F303F00103002B1D
:10AE340014BF01230023DBB2184604B0704700B5E9
:10AE440083B00190019B002B0AD04FF47A70FFF776
:10AE540003FF019B013B0193019B002BF5D100E013
:10AE640000BF03B05DF804FB82B001900091034B76
:10AE740001221A7000BF02B0704700BFD83B002007
:10AE84002DE9F04F8FB002AF3961FA60BB60034621
:10AE9400FB826B461E460023FB62FB8AFA6813445E
:10AEA400FB62F96A0B46013BBB62002339607B609D
:10AEB4004FF000024FF000037868C300386843EA9B
:10AEC40050733868C20000238A469B464FF0000244
:10AED4004FF000034FEACB0343EA5A734FEACA0226
:10AEE400CB1DDB08DB00ADEB030D02AB00337B6253
:10AEF400F96A0B46013B3B620023884699464FF0B2
:10AF040000024FF000034FEAC90343EA58734FEAC3
:10AF1400C80200230C461D464FF000024FF0000308
:10AF2400EB0043EA5473E200CB1DDB08DB00ADEB1E
:10AF3400030D02AB0033FB61FA6A0021786A16F054
:10AF440011F9FA6A0021F86916F00CF97B6ABB6101
:10AF5400FB8A1A463969B86916F0D2F8FB8ABA69CD
:10AF64001344BB61FA680021B86916F0FBF8134B6F
:10AF740000221A70FB6ADAB2FB6ADBB20093FB6947
:10AF8400796A0F48FFF78CFE00BF0C4B1B78DBB2CD
:10AF940083F00103DBB2002BF7D1FB8AFA69134477
:10AFA400BB61FA68B969B86816F0AAF80023B54617
:10AFB40018463437BD46BDE8F08F00BFD83B0020AB
:10AFC4000C2A04002DE9F04F8FB002AF3961FA600A
:10AFD400BB600346FB826B461E460023FB62FB8A72
:10AFE400FA681344FB62F96A0B46013BBB62002317
:10AFF40039607B604FF000024FF000037868C300B3
:10B00400386843EA50733868C20000238A469B4676
:10B014004FF000024FF000034FEACB0343EA5A73A8
:10B024004FEACA02CB1DDB08DB00ADEB030D02AB1C
:10B0340000337B62F96A0B46013B3B62002388467E
:10B0440099464FF000024FF000034FEAC90343EA68
:10B0540058734FEAC80200230C461D464FF0000205
:10B064004FF00003EB0043EA5473E200CB1DDB080E
:10B07400DB00ADEB030D02AB0033FB61FA6A002188
:10B08400786A16F06FF8FA6A0021F86916F06AF81F
:10B094007B6ABB61FB8A1A463969B86916F030F8D5
:10B0A400FB8ABA691344BB61FA68B968B86916F0D7
:10B0B40027F80E4B00221A70FB6ADAB2FB6ADBB285
:10B0C4000093FB69796A0A48FFF7EAFD00BF074B62
:10B0D4001B78DBB283F00103DBB2002BF7D1002332
:10B0E400B54618463437BD46BDE8F08FD83B00203E
:10B0F4000C2A040008B51820FFF73DFE1820FFF7BE
:10B1040060FE0220FFF79BFE00211820FFF744FE9B
:10B114000220FFF794FE00BF08BD000010B586B002
:10B124000E4B01AC0FCB84E80F0011238DF80730D0
:10B1340001A900230A4A0B4803F078FE0590059BF9
:10B14400002B04D0084AD421059807F0FDFF022003
:10B15400FFF775FE00BF06B010BD00BFEC29040068
:10B164006DAE02000C2A0400B029040010B586B0AC
:10B174000F48FFF789FD0F4B01AC0FCB84E80F009C
:10B1840011238DF8073001A900230B4A084803F066
:10B194004DFE0590059B002B04D0084AE02105983C
:10B1A40007F0D2FF0220FFF74AFE00BF06B010BD31
:10B1B4000C2A0400FC2904006DAE0200B02904002E
:10B1C40000B583B001900198FFF739FE00BF03B0CA
:10B1D4005DF804FB00231846704782B0019000BF5D
:10B1E40002B07047BFF34F8F00BF064BDB6803F418
:10B1F400E0620449044B1343CB60BFF34F8F00BF9D
:10B2040000BFFDE700ED00E00400FA0582B01D4B2D
:10B214001B68B3F1FF3F0AD11B4B1B68DBB20193E0
:10B224001A4B1B681B0903F00F03009305E0154B31
:10B234001B680193164B1B680093019B062B1DD1C1
:10B24400009B033B042B17D801A252F823F000BF44
:10B2540069B202006DB2020071B2020075B202005E
:10B2640079B2020001230AE0012308E0012306E089
:10B27400012304E0012302E0012300E00023184637
:10B2840002B0704730010010E00F00F0E80F00F04A
:10B294003401001082B0174B1B68DBB20193164BCC
:10B2A4001B681B0903F00F030093019B062B1DD1A0
:10B2B400009B033B042B17D801A252F823F000BFD4
:10B2C400D9B20200DDB20200E1B20200E5B202002E
:10B2D400E9B2020001230AE0002308E0002306E0AB
:10B2E400002304E0002302E0002300E000231846CA
:10B2F40002B07047E00F00F0E80F00F082B01D4B81
:10B304001B68B3F1FF3F0AD11B4B1B68DBB20193EF
:10B314001A4B1B681B0903F00F03009305E0154B40
:10B324001B680193164B1B680093019B062B1DD1D0
:10B33400009B033B042B17D801A252F823F000BF53
:10B3440059B302005DB3020061B3020065B30200A9
:10B3540069B3020001230AE0012308E0012306E0A7
:10B36400012304E0012302E0012300E00023184646
:10B3740002B0704730010010E00F00F0E80F00F059
:10B384003401001082B0174B1B68DBB20193164BDB
:10B394001B681B0903F00F030093019B062B1DD1AF
:10B3A400009B033B042B17D801A252F823F000BFE3
:10B3B400C9B30200CDB30200D1B30200D5B3020079
:10B3C400D9B3020001230AE0002308E0002306E0C9
:10B3D400002304E0002302E0002300E000231846D9
:10B3E40002B07047E00F00F0E80F00F082B01D4B90
:10B3F4001B68B3F1FF3F0AD11B4B1B68DBB20193FF
:10B404001A4B1B681B0903F00F03009305E0154B4F
:10B414001B680193164B1B680093019B062B1DD1DF
:10B42400009B033B042B17D801A252F823F000BF62
:10B4340049B402004DB4020051B4020055B40200F4
:10B4440059B4020001230AE0012308E0012306E0C5
:10B45400012304E0012302E0012300E00023184655
:10B4640002B0704730010010E00F00F0E80F00F068
:10B474003401001082B0174B1B68DBB20193164BEA
:10B484001B681B0903F00F030093019B062B1DD1BE
:10B49400009B033B042B17D801A252F823F000BFF2
:10B4A400B9B40200BDB40200C1B40200C5B40200C4
:10B4B400C9B4020001230AE0002308E0002306E0E7
:10B4C400002304E0002302E0002300E000231846E8
:10B4D40002B07047E00F00F0E80F00F082B0174BA5
:10B4E4001B68DBB20193164B1B681B0903F00F03A7
:10B4F4000093019B062B1DD1009B033B042B17D803
:10B5040001A252F823F000BF21B5020025B50200C4
:10B5140029B502002DB5020031B5020001230AE06D
:10B52400002308E0002306E0002304E0002302E0F7
:10B53400002300E00023184602B07047E00F00F03B
:10B54400E80F00F082B01D4B1B68B3F1FF3F0AD136
:10B554001B4B1B68DBB201931A4B1B681B0903F0DE
:10B564000F03009305E0154B1B680193164B1B68F2
:10B574000093019B062B1DD1009B033B042B17D882
:10B5840001A252F823F000BFA1B50200A5B5020044
:10B59400A9B50200ADB50200B1B5020000230AE06E
:10B5A400002308E0012306E0012304E0012302E074
:10B5B400012300E00023184602B070473001001058
:10B5C400E00F00F0E80F00F03401001082B01D4BD2
:10B5D4001B68B3F1FF3F0AD11B4B1B68DBB201931D
:10B5E4001A4B1B681B0903F00F03009305E0154B6E
:10B5F4001B680193164B1B680093019B062B1DD1FE
:10B60400009B033B042B17D801A252F823F000BF80
:10B6140029B602002DB6020031B6020035B602008A
:10B6240039B6020001230AE0012308E0012306E001
:10B63400012304E0012302E0012300E00023184673
:10B6440002B0704730010010E00F00F0E80F00F086
:10B654003401001082B01D4B1B68B3F1FF3F0AD1C7
:10B664001B4B1B68DBB201931A4B1B681B0903F0CD
:10B674000F03009305E0154B1B680193164B1B68E1
:10B684000093019B062B1DD1009B033B042B17D871
:10B6940001A252F823F000BFB1B60200B5B6020011
:10B6A400B9B60200BDB60200C1B6020001230AE029
:10B6B400012308E0012306E0012304E0012302E062
:10B6C400012300E00023184602B070473001001047
:10B6D400E00F00F0E80F00F03401001082B0154BC9
:10B6E4001B680193144B1B680093019B062B1DD10F
:10B6F400009B033B042B17D801A252F823F000BF90
:10B7040019B702001DB7020021B7020025B70200D5
:10B7140029B7020000230AE0002308E0002306E022
:10B72400012304E0012302E0012300E00023184682
:10B7340002B07047300100103401001082B0154B84
:10B744001B680193144B1B680093019B062B1DD1AE
:10B75400009B033B042B17D801A252F823F000BF2F
:10B7640079B702007DB7020081B7020085B70200F5
:10B7740089B7020000230AE0002308E0002306E062
:10B78400002304E0012302E0012300E00023184623
:10B7940002B07047300100103401001008B5FFF703
:10B7A400CDFF0346002B07D04FF010234FF080420B
:10B7B400D3F80832C2F8583500BF08BD00BF044BA7
:10B7C400D3F80034002BFAD000BF00BF704700BF8D
:10B7D40000E0014000B583B00190054A019BC2F826
:10B7E4000435FFF7EBFF00BF03B05DF804FB00BFB7
:10B7F40000E00140024B034A1A6000BF704700BFDB
:10B80400AC2C00200090D00308B5FFF7FFFC0346E2
:10B81400002B06D0964B1B681B0A964A03F01F03A5
:10B824001360FFF737FD0346002B02D0924B934A77
:10B834001A60FFF763FD0346002B06D0904B1B688C
:10B844005B0B904A03F007031360FFF79BFD03466D
:10B85400002B05D08C4BDB688B4A23F08073D360BC
:10B86400FFF7C4FD0346002B0ED04FF080430022A7
:10B87400C3F80C214FF080430022C3F810214FF08D
:10B8840080430022C3F83825FFF7F4FD0346002B5C
:10B8940002D07E4B03221A60FFF720FE0346002BE2
:10B8A4000BD07B4B05221A607A4B01221A607A4B2B
:10B8B40000221A60794B3F221A60FFF743FE0346C9
:10B8C400002B76D04FF08053754AD3F80434C2F875
:10B8D40020354FF08053724AD3F80834C2F8243527
:10B8E4004FF080536E4AD3F80C34C2F828354FF029
:10B8F40080536B4AD3F81034C2F82C354FF0805380
:10B90400674AD3F81434C2F830354FF08053644A90
:10B91400D3F81834C2F834354FF08053604AD3F862
:10B924001C34C2F840354FF080535D4AD3F82034BC
:10B93400C2F844354FF08053594AD3F82434C2F83E
:10B9440048354FF08053564AD3F82834C2F84C3562
:10B954004FF08053524AD3F82C34C2F850354FF08C
:10B9640080534F4AD3F83034C2F854354FF08053E3
:10B974004B4AD3F83434C2F860354FF08053484A08
:10B98400D3F83834C2F864354FF08053444AD3F8BE
:10B994003C34C2F868354FF08053414AD3F8403400
:10B9A400C2F86C354FF080533D4AD3F84434C2F8A2
:10B9B4007035FFF70BFE0346002B05D0394B1B688F
:10B9C400394A03F04F031360FFF744FE0346002B8C
:10B9D4000DD04FF08043D3F8003403F00103002B63
:10B9E40005D04FF080436FF00102C3F80024FFF745
:10B9F40075FE0346002B05D02C4B1B682B4A43F4E1
:10BA0400806313602A4BD3F88830294A43F47003C7
:10BA1400C2F88830BFF34F8F00BFBFF36F8F00BFF2
:10BA2400FFF7BCFE4FF01023D3F80032002B05DBE8
:10BA34004FF01023D3F80432002B15DA0120FFF75E
:10BA4400C9FE4FF010231522C3F80022FFF7B6FEFB
:10BA54004FF010231522C3F80422FFF7AFFE002095
:10BA6400FFF7B8FEFFF7BEFBFFF7C4FE00BF08BD3B
:10BA7400240300104035014074C007400DF0ADBAF6
:10BA8400440200103C050040F0ED00E0A005004039
:10BA94001056004088560040185600401456004086
:10BAA40000C0004058020010E40E00403C17004063
:10BAB40000ED00E06DDF704700BF184679DF704786
:10BAC40000BF18467DDF704700BF184664DF70472B
:10BAD40000BF184682B003460091ADF80630BDF8A9
:10BAE4000630DAB2009B1A70BDF806301B0A9AB20F
:10BAF400009B0133D2B21A700223184602B0704779
:10BB040000B589B0039002911346ADF80630029B4C
:10BB14001B8803F10902BDF806309A4201D90C23AF
:10BB240053E004AB1846FFF7C5FF0790079B069345
:10BB3400069B002B01D0069B47E0029B1B881A46FC
:10BB4400039B134408221A70029B1B8801339AB288
:10BB5400029B1A80029B1B881A46039B13441B22D8
:10BB64001A70029B1B8801339AB2029B1A80029BB3
:10BB74001B881A46039B981804AB01330622194606
:10BB840015F0BEFA029B1B8806339AB2029B1A80F8
:10BB94009DF8103023F00103DBB2002B07D1029B88
:10BBA4001B881A46039B134400221A7006E0029B6A
:10BBB4001B881A46039B134401221A70029B1B889C
:10BBC40001339AB2029B1A800023184609B05DF82B
:10BBD40004FB00B589B0039002910192ADF80230E4
:10BBE400039B1B78012B05D1039B5B78002B01D1B0
:10BBF400072391E0019B1B889A1CBDF802309A42EE
:10BC04000ED8039B1B78012B0CD1019B1B881A4671
:10BC1400039B5B7813449A1CBDF802309A4201D905
:10BC24000C2379E0019B1B88BDF80220D31A9BB238
:10BC3400023BADF81C30BDF81C30ADF81230019B4E
:10BC44001B880233029A13440DF11202114618465E
:10BC5400FFF738FF0690069B0593059B002B01D048
:10BC6400059B59E0039B1B78022B06D0039B5B7852
:10BC74001A46BDF812309A4209D3BDF81230BDF805
:10BC84001C209A4203D309238DF81F3016E00823A1
:10BC94008DF81F30039B1B78012B0BD1039B5B7822
:10BCA4001A46BDF81C30934204D3039B5B78ADF86D
:10BCB400123003E0BDF81C30ADF81230BDF812307C
:10BCC400FE2B01D90C2327E0BDF81230DAB2019B18
:10BCD4001B881946029B0B440132D2B21A70019B95
:10BCE4001B8801339AB2019B1A80019B1B881A4658
:10BCF400029B13449DF81F201A70019B1B8801337B
:10BD04009AB2019B1A80019B1A88BDF81230134421
:10BD14009AB2019B1A800023184609B05DF804FB0F
:10BD240000B589B0039002911346ADF80630029B2A
:10BD34001B881A1DBDF806309A4201D90C233AE03B
:10BD44000DF116031846FFF7B9FE0790079B0693FB
:10BD5400069B002B01D0069B2DE0029B1B881A46F4
:10BD6400039B134403221A70029B1B8801339AB26B
:10BD7400029B1A80029B1B881A46039B13441922B8
:10BD84001A70029B1B8801339AB2029B1A80BDF879
:10BD94001620029B1B881946039B0B441946104628
:10BDA400FFF798FE03461A46029B1B8813449AB277
:10BDB400029B1A800023184609B05DF804FB84B086
:10BDC400029101921A4603468DF80F301346ADF8DE
:10BDD4000C30019B1B88DA1CBDF80C309A4201D947
:10BDE4000C2328E0019B1B881A46029B1344022261
:10BDF4001A70019B1B8801339AB2019B1A80019B24
:10BE04001B881A46029B134401221A70019B1B884B
:10BE140001339AB2019B1A80019B1B881A46029B2C
:10BE240013449DF80F201A70019B1B8801339AB2AA
:10BE3400019B1A800023184604B0704784B0029115
:10BE440001921A4603468DF80F301346ADF80C30B4
:10BE5400019B1B88DA1CBDF80C309A4201D90C23D3
:10BE640028E0019B1B881A46029B134402221A7085
:10BE7400019B1B8801339AB2019B1A80019B1B888A
:10BE84001A46029B13440A221A70019B1B88013331
:10BE94009AB2019B1A80019B1B881A46029B134489
:10BEA4009DF80F201A70019B1B8801339AB2019BE5
:10BEB4001A800023184604B0704700B58FB0039071
:10BEC40001930B468DF80B3013468DF80A3000238E
:10BED4008DF83330109B1B88ADF8303000230D9360
:10BEE40070E0039B5A680D9B9B001A4405AB1068D5
:10BEF40018600DF11B0105AB00221846FFF7E6FDA3
:10BF04000A900A9B0993099B002B01D0099B7BE0B3
:10BF14009DF81B309DF80A209A4250D19DF8333089
:10BF2400002B01D0002300E002238DF82330109B66
:10BF34001B881A469DF81B301A449DF823301A4476
:10BF4400BDF844309A4201DD0C235DE09DF83330A6
:10BF540083F00103DBB2002B16D0109B1B88013346
:10BF64009AB2109B1A80109B1B881A46019B13449B
:10BF74009DF80B201A70109B1B8801339AB2109BFA
:10BF84001A8001238DF83330109B1B881A46019BBD
:10BF94001A440DF11B0105AB1846FFF797FD0A90F3
:10BFA4000A9B0793079B002B01D0079B2CE0109B57
:10BFB4001B889DF81B2013449AB2109B1A800D9B7A
:10BFC40001330D93039B1B881A460D9B934288DB18
:10BFD4009DF83330002B16D0109B1A88BDF83030F2
:10BFE400D31A9BB2013BADF82E30BDF82E30FF2B97
:10BFF40001D90C2308E0BDF83030019A1344BDF890
:10C004002E20D2B21A70002318460FB05DF804FB3C
:10C0140000B58BB0059003930B468DF8133013468F
:10C024008DF812309DF81310BDF8343001930C9B39
:10C034000093039B02220598FFF73FFF0990099B99
:10C044000893089B002B01D0089B14E09DF8121064
:10C05400BDF8343001930C9B0093039B1022059888
:10C06400FFF72BFF0990099B0793079B002B01D037
:10C07400079B00E0002318460BB05DF804FB82B078
:10C084000190019B1B88052B0AD9019B1B88B3F5E2
:10C09400486F07D9019B1B884FF6FF72934201D06A
:10C0A400072325E0019B5B88052B0AD9019B5B884C
:10C0B400B3F5486F07D9019B5B884FF6FF72934233
:10C0C40001D0072314E0019B1B884FF6FF729342B3
:10C0D4000DD0019B5B884FF6FF72934207D0019B02
:10C0E4001A88019B5B889A4201D9072300E0002348
:10C0F400184602B0704700B587B0039002910192D0
:10C10400ADF80230019B1B889A1DBDF802309A429B
:10C1140001D90C234BE00398FFF7B1FF0590059B71
:10C124000493049B002B01D0049B40E0019B1B88DB
:10C134001A46029B134405221A70019B1B88013383
:10C144009AB2019B1A80019B1B881A46029B1344D6
:10C1540012221A70019B1B8801339AB2019B1A8028
:10C16400039B1A88019B1B881946029B0B441946A2
:10C174001046FFF7AFFC03461A46019B1B88134485
:10C184009AB2019B1A80039B5A88019B1B8819460B
:10C19400029B0B4419461046FFF79CFC03461A46C3
:10C1A400019B1B8813449AB2019B1A8000231846F2
:10C1B40007B05DF804FB00B587B0039002910192CB
:10C1C400ADF80230039B9B8802330593019B1B88C7
:10C1D4001A46059B13449A1CBDF802309A4201D9B1
:10C1E4000C2353E0059BFE2B01D90C234EE0059B49
:10C1F400DAB2019B1B881946029B0B440132D2B26E
:10C204001A70019B1B8801339AB2019B1A80019B0F
:10C214001B881A46029B1344FF221A70019B1B8839
:10C2240001339AB2019B1A80039B1A88019B1B88D5
:10C234001946029B0B4419461046FFF74BFC034674
:10C244001A46019B1B8813449AB2019B1A80039BD4
:10C254009B88002B19D0039B9B68002B01D10723DB
:10C2640014E0019B1B881A46029B9818039B99684B
:10C27400039B9B881A4614F043FF019B1A88039B77
:10C284009B8813449AB2019B1A800023184607B076
:10C294005DF804FB00B589B0039002910192ADF8FA
:10C2A4000230039B9B6A002B01D1072371E000231A
:10C2B4008DF81F3065E0039B996A9DF81F20134693
:10C2C4005B0013449B000B440693069B9B8802333C
:10C2D4000593059BFE2B01D90C235AE0059BDAB28A
:10C2E400019B1B881946029B0B440132D2B21A707F
:10C2F400019B1B8801339AB2019B1A80019B1B8806
:10C304001A46029B134416221A70019B1B880133A0
:10C314009AB2019B1A80069B1A88019B1B881946B6
:10C32400029B0B4419461046FFF7D4FB03461A46FA
:10C33400019B1B8813449AB2019B1A80069B9B881D
:10C34400002B19D0069B9B68002B01D1072320E00A
:10C35400019B1B881A46029B9818069B9968069BAA
:10C364009B881A4614F0CCFE019B1A88069B9B8876
:10C3740013449AB2019B1A809DF81F3001338DF843
:10C384001F30039B93F82C309DF81F209A4292D3C0
:10C394000023184609B05DF804FB00B595B005907C
:10C3A4000491039200231393039B1B88ADF84A3036
:10C3B400039B00221A80059B93F82D30002B0ED08E
:10C3C400BDF84A301A4603990498FFF799FB139075
:10C3D400139B1193119B002B01D0119BD8E0059B5B
:10C3E4009B78002B0ED0BDF84A301A460399049866
:10C3F400FFF796FC1390139B1093109B002B01D016
:10C40400109BC5E0059BDB78002B10D0059BDB78E7
:10C4140058B2BDF84A30039A0499FFF7D0FC139040
:10C42400139B0F930F9B002B01D00F9BB0E0059B38
:10C434005B68002B11D0059B5B6893F90000BDF885
:10C444004A30039A0499FFF7F9FC1390139B0E9357
:10C454000E9B002B01D00E9B9AE0059B1B89002BA1
:10C4640014D0059B03F10800BDF84A300193039BE7
:10C474000093049B06220221FFF7CAFD1390139B2D
:10C484000D930D9B002B01D00D9B81E0059B1B8A16
:10C49400002B14D0059B03F11000BDF84A30019322
:10C4A400039B0093049B07220321FFF7B1FD139024
:10C4B400139B0C930C9B002B01D00C9B68E0059BF9
:10C4C4001B8B002B14D0059B03F11800BDF84A30D8
:10C4D4000193039B0093049B15221421FFF798FDFD
:10C4E4001390139B0B930B9B002B01D00B9B4FE0E2
:10C4F400059B1B6A002B0FD0059B186ABDF84A30B8
:10C50400039A0499FFF7F7FD1390139B0A930A9B70
:10C51400002B01D00A9B3BE0059B5B6A002B0FD0EC
:10C52400059B586ABDF84A30039A0499FFF743FE05
:10C534001390139B0993099B002B01D0099B27E0BF
:10C54400059B93F82C30002B0ED0BDF84A30039A8B
:10C5540004990598FFF79EFE1390139B0893089B7C
:10C56400002B01D0089B13E0059B1B78002B0ED0F9
:10C57400BDF84A30039A04990598FFF72AFB1390F3
:10C58400139B0793079B002B01D0079B00E0139B91
:10C59400184615B05DF804FB86B0039001921A4664
:10C5A4000B46ADF80A3013468DF80930039B002B77
:10C5B40002D0019B002B01D100235BE00023ADF8E6
:10C5C40016300CE0BDF81630039A13441B781A4653
:10C5D400BDF8163013449BB20133ADF81630BDF8E4
:10C5E40016305A1CBDF80A309A420FDA019B1B8898
:10C5F400BDF816209A42E5D3BDF816300133039AEC
:10C6040013441B789DF809209A42DBD1BDF816200B
:10C61400BDF80A309A4201D300232BE0BDF816304E
:10C624000233ADF81430BDF81630039A13441B7866
:10C63400002B07D0BDF81630039A13441B78013B36
:10C644009BB200E00023ADF81230BDF81230002B8D
:10C6540008D0BDF81420BDF812301A44BDF80A30D1
:10C664009A4201DD002305E0019BBDF814201A80E5
:10C67400BDF81230184606B0704700B585B0019079
:10C684000B46ADF8023013468DF801300023ADF8A7
:10C694000C309DF8013003AABDF802100198FFF791
:10C6A4007BFF0346ADF80E30BDF80E30002B01D1F0
:10C6B400002304E0BDF80C301A46019B13441846CD
:10C6C40005B05DF804FB72DF704700BF184673DFE6
:10C6D400704700BF184674DF704700BF184682B029
:10C6E4000190019B93F83034184602B0704784B02F
:10C6F4000190002303930AE0019A039B13441B78DF
:10C70400002B01D0012306E0039B01330393039B19
:10C71400052BF1D90023184604B0704782B00346B4
:10C724008DF807309DF807305A1C074B83FB021322
:10C734005910D317C91A0B469B000B44D11ACBB21C
:10C74400184602B0704700BF6766666682B0019003
:10C754000091009BDB7B012B04D1009B9A88019BF9
:10C76400A3F8242400BF02B0704700B585B001903F
:10C774000091019B002283F82E24009B9A88019B40
:10C78400B3F824349A4216D1019B1B7983F0010338
:10C79400DBB2002B0FD00121019800F0B1FA039015
:10C7A400039B002B07D0019B9B6B002B03D0019BA9
:10C7B4009B6B0398984700BF05B05DF804FB00B578
:10C7C40085B001900091009B1B88262B1ED1009BF5
:10C7D4001B7A012B03D0009B1B7A022B17D1019BE0
:10C7E4009B781846FFF79AFF03461946019800F014
:10C7F40087FA0390039B002B09D0019B9B6B002BB2
:10C8040005D0019B9B6B0398984700E000BF05B0DF
:10C814005DF804FB00B585B001900B468DF803303C
:10C82400019B03F227431846FFF761FF03468DF887
:10C834000F309DF80330013B032B33D801A252F88B
:10C8440023F000BF59C802007DC8020091C802004D
:10C854009DC80200019B9B79002B0DD0019B93F88E
:10C86400243083F00103DBB2002B05D09DF80F3098
:10C87400002B01D0012316E0019BDB79002B05D0AE
:10C884009DF80F30002B01D002230CE0019B1B7A92
:10C89400002B01D0032306E0019B5B7A002B01D01F
:10C8A400042300E00023184605B05DF804FB00BF34
:10C8B40082B001900091019B012283F83120019BF9
:10C8C4000022C3F82024019B03F22642009B5A60F5
:10C8D400009B00229A60009B02221A70009B802217
:10C8E4009A810023184602B0704782B001900091EB
:10C8F400019B022283F83120019B93F82430002B02
:10C9040003D0009B07221A7002E0009B03221A70D6
:10C91400019B1B699AB2009B9A81019B0022C3F878
:10C924002024019B03F22642009B5A60019BDA6893
:10C93400009B9A600023184602B0704700B583B08C
:10C944000190019B5B79002B0FD0019B93F82E344F
:10C9540083F00103DBB2002B07D00198FFF7BFFE81
:10C964000346002B01D0012300E0002303F0010360
:10C97400DBB2184603B05DF804FB00B585B0019046
:10C984000B468DF80330019BD3F81004019BB3F8D8
:10C99400143401221946FFF770FE0390039B002B09
:10C9A40003D0039B9DF803201A70019B03F15400EC
:10C9B400019B03F58261019B3C331A46FFF783FE1A
:10C9C4000346184605B05DF804FB00B585B0019038
:10C9D4000091019B5A69009B9A60019B9B699AB2E2
:10C9E400009B9A81019B93F82430002B04D0019B77
:10C9F400062283F83C2003E0019B012283F83C20BB
:10CA04000198FFF79BFF0346002B13D0009B0222E3
:10CA14001A7504210198FFF7B0FF0390039B02935A
:10CA2400029B002B01D0029B0FE0019B052283F89F
:10CA3400312003E0019B032283F83120019B03F59D
:10CA44008262019BC3F820240023184605B05DF8D8
:10CA540004FB00B585B001900091019BDA69009B4D
:10CA64009A60019B1B6A9AB2009B9A81019B93F87E
:10CA74002430002B04D0019B062283F83C2003E0E1
:10CA8400019B012283F83C200198FFF757FF0346DE
:10CA9400002B13D0009B02221A7504210198FFF782
:10CAA4006CFF0390039B0293029B002B01D0029B1B
:10CAB4000FE0019B062283F8312003E0019B04224E
:10CAC40083F83120019B03F58262019BC3F8202483
:10CAD4000023184605B05DF804FB82B00190019B69
:10CAE4009B78002B06D0019B93F82030002B01D0BB
:10CAF40000230AE0019B9B6A042B03D0019B5B6A21
:10CB0400042B01D1002300E00123184602B0704732
:10CB140084B00190019B93F82430002B03D0EE23C2
:10CB2400ADF80E3002E01F23ADF80E30BDF80E3024
:10CB3400184604B0704782B001900B468DF803305C
:10CB4400019B9DF8032083F8302000BF02B070479A
:10CB540030B587B001900091009B002B02D0019B5F
:10CB6400002B01D10E23B8E0009B78331846FFF761
:10CB7400B4FF034683F00103DBB2002B01D007238B
:10CB8400ABE0019B00229A70019A009B141D03F1F3
:10CB940078050FCD0FC40FCD0FC495E8070084E8C6
:10CBA4000700019B002283F83020009BD3F8A420C7
:10CBB400019B5A63009BD3F8A820019B9A63019BB5
:10CBC4004FF6FF72A3F82424019B03F58262019BB4
:10CBD400C3F82024019B03F22643072200211846B0
:10CBE40014F0C0FA019B1B7883F00103DBB2002B25
:10CBF40003D0019BFF2283F85420019B03F15502CB
:10CC0400019BC3F810240198FFF782FF03461A46DC
:10CC1400019BA3F814240098019B03F15501019B87
:10CC240003F214431A46FFF7B8FB0590059B0493DF
:10CC3400049B002B01D0049B4FE0019B03F23122A3
:10CC4400019BC3F818240198FFF762FF03461A46B4
:10CC5400019BA3F81C24009B03F13C00019BD3F827
:10CC64001814019B03F21C431A46FFF796FB059028
:10CC7400059B0393039B002B01D0039B2DE0019B99
:10CC8400012283F85120019B9B699AB2019BA3F86E
:10CC94004820019B012283F83C20019B00221A6456
:10CCA400019B002283F85020019B5A69019B5A641E
:10CCB400019B03F15400019B3C331A460021FFF70A
:10CCC40002FD0590059B0293029B002B01D0029B61
:10CCD40003E0019B01221A70059B184607B030BD82
:10CCE40082B00190019B1B68012B03D0019B1B6840
:10CCF400022B01D1012300E00023184602B0704743
:10CD040000B585B001900B468DF80330019B1B786C
:10CD140083F00103DBB2002B01D0082309E1019B5E
:10CD24009DF803209A70019B03F2264307220021F9
:10CD3400184614F017FA019B9B79002B03D0019B32
:10CD44009B78012B0FD0019BDB79002B03D0019B37
:10CD54009B78012B07D0019BDB79002B14D0019B1E
:10CD64009B78022B10D1019B5B6B002B08D0019B9D
:10CD7400012283F82D24019B5B6B0820984703E074
:10CD8400019B002283F82D249DF803301946019855
:10CD9400FFF740FD03461A46019B9A70019B5B6BAB
:10CDA400002B20D0019B9B78032B03D0019B9B7805
:10CDB400042B18D1019B5B79002B14D0019B93F8B1
:10CDC4002E3483F00103DBB2002B0CD0019B002234
:10CDD40083F83024019B012283F82F24019B5B6B91
:10CDE4000720984703E0019B002283F82F24019B2E
:10CDF4003C3318220021184614F0B4F9019B012297
:10CE040083F83C20019B2C331846FFF769FF034647
:10CE1400002B06D0019BDB6ADAB2019B83F8512018
:10CE240003E0019B012283F85120019B93F82430F5
:10CE3400002B12D0019B28331846FFF751FF0346FD
:10CE4400002B06D0019B9B6ADAB2019B83F8522027
:10CE540003E0019B012283F85220019B002283F806
:10CE64005020019B9B78042B31D801A252F823F067
:10CE7400C9CE020089CE020099CE0200A9CE0200DA
:10CE8400B9CE0200019B3C3319460198FFF710FD0F
:10CE940003901DE0019B3C3319460198FFF725FDE3
:10CEA400039015E0019B3C3319460198FFF78DFD73
:10CEB40003900DE0019B3C3319460198FFF7C9FD2F
:10CEC400039005E0019B002283F8312000E000BFBD
:10CED400019B9B78002B20D0019B03F15400019B04
:10CEE400D3F82014019B3C331A46FFF7ECFB039064
:10CEF400039B002B01D0039B1BE0019B93F8542060
:10CF0400019B93F8303019461046FFF7E0FB03907D
:10CF1400039B002B01D0039B0BE0019B5B6B002B5D
:10CF240006D0019B5B6B019A92F83120104698471A
:10CF34000023184605B05DF804FB00BF00B585B0BA
:10CF440001900091009B0393019B1B88262B10D01A
:10CF5400262B13DC102B02D0112B05D00EE00199E7
:10CF64000398FFF7F3FB0AE001990398FFF7FDFB31
:10CF740005E001990398FFF722FC00E000BF00BF21
:10CF840005B05DF804FB00B585B00190019B93F8F2
:10CF940054301846FFF79FFB019B012283F82E248F
:10CFA400019B002283F83024019B002283F8502047
:10CFB40006210198FFF7E1FC0390039B0293029B77
:10CFC400002B01D0029B12E0019B9B78194601982B
:10CFD400FFF796FE0390039B002B07D0019B9B6BEE
:10CFE400002B03D0019B9B6B0398984700231846A2
:10CFF40005B05DF804FB75DF704700BF184676DFA7
:10D00400704700BF18467ADF704700BF18467BDFC1
:10D01400704700BF1846000084B00346ADF80630E0
:10D024000023039316E00F49039A13469B0013440D
:10D034009B000B441B88BDF806209A4207D1039A33
:10D0440013469B0013449B00064A134406E0039BCB
:10D0540001330393039B002BE5D00023184604B04F
:10D06400704700BF003C002082B001900B46ADF831
:10D074000230019BBDF802201A80019B00221A7223
:10D08400019B054903F10A020B4603CB1060516072
:10D0940000BF02B0704700BF303C002082B0019056
:10D0A400019B4FF6FF721A8000BF02B0704788B030
:10D0B4000390029111461A460B46ADF8063013460A
:10D0C400ADF80430039B9B881A46BDF80630134420
:10D0D4000793039B9B881946039B9B88BDF80620F6
:10D0E400934228BF13469BB2CB1A0693039BDB885B
:10D0F4001A46BDF8043013440593039BDB88194694
:10D10400039BDB88BDF80420934228BF13469BB2DF
:10D11400CB1A0493029B5A88039B1B889A4205D31B
:10D12400029B5A88039B5B889A4201D900231CE026
:10D13400029B9B881A46069B934205D8029B9B88B8
:10D144001A46079B934201D200230EE0029BDB8820
:10D154001A46049B934205D8029BDB881A46059B1A
:10D16400934201D2002300E00123184608B070471F
:10D1740000B583B00190064B9B69002B03D0044B90
:10D184009B690198984700BF03B05DF804FB00BF9A
:10D19400143C002000B585B003460091ADF806307C
:10D1A400BDF8063000991846FFF725FF0390039B4E
:10D1B400002B05D0039B112B02D00398FFF7D8FF57
:10D1C400039B002B0CBF01230023DBB2184605B0E0
:10D1D4005DF804FB00B589B00190019B0793079BA0
:10D1E4009BB21846FFF718FF0690069B002B42D00F
:10D1F400069B1A7A224B1B7B9A4215D2079B9AB242
:10D20400069B0A3319461046FFF7C4FF03468DF800
:10D2140013309DF81330002B2DD0069B1B7A01335D
:10D22400DAB2069B1A7226E0069B00221A72144B8D
:10D234001B7C002B0FD0079B9BB23B211846FFF7AA
:10D24400DEFE0590059B002B05D0059B082B02D024
:10D254000598FFF78DFF0A4B5B69002B0BD0002369
:10D264008DF80C30079B9BB2ADF80E30044B5B6914
:10D2740003AA1046984700BF09B05DF804FB00BF3D
:10D28400143C002030B587B00190019B002B01D1E4
:10D294000E2353E02B4A019B14461D460FCD0FC4A9
:10D2A40095E8070084E80700264B274A1A60019B8B
:10D2B4001B68002B11D0019B1B681846FFF7A3FEC7
:10D2C4000490049B002B01D0049B37E0019B1A6857
:10D2D4001D4B1068516803C308E01B48FFF797FE15
:10D2E4000490049B002B01D0049B27E000230593AA
:10D2F40020E0059A13469B0013449B00134A1344F1
:10D3040003930398FFF7CAFE059B5B01104A1A4476
:10D31400039B5A60039B04330E4A0021184606F00F
:10D324007FFB0490049B002B01D0032306E0059BA4
:10D3340001330593059B002BDBD00023184607B06F
:10D3440030BD00BF143C0020303C0020003C0020D5
:10D35400E03B0020D9D1020000B587B0034600911C
:10D36400ADF80630009B5B7A002B1AD1009B1B7A28
:10D37400002B03D1164B5B68059302E0144B9B68AA
:10D384000593009B5B68BDF806200599184606F0D6
:10D3940081FB0490049B002B16D00498FFF7E8FE51
:10D3A40012E0009B00221A72094B5B69002B0BD020
:10D3B40001238DF80C30BDF80630ADF80E30044B67
:10D3C4005B6903AA1046984700BF07B05DF804FBE9
:10D3D400143C002000B585B00190019BDB7B8DF8E7
:10D3E4000F30019B9B88ADF80C309DF80F30012B5A
:10D3F4002CD14FF6FF70FFF70FFE0290029B002B1B
:10D4040003D10420FFF7B4FE21E0BDF80C30194627
:10D414000298FFF729FE029B03F10A00019B03F126
:10D4240010014FF6FF7340F2F312FFF740FE03467C
:10D434001A46029B5A72074BDB89002B07D1BDF8B1
:10D444000C3002991846FFF787FF00E000BF05B0D3
:10D454005DF804FB143C002000B587B00190019BEB
:10D464009B88ADF81630BDF816301846FFF7D4FD8A
:10D474000490049B002B0ED0049B5B68184606F0B6
:10D4840061FB0390039B002B02D00398FFF770FE0F
:10D494000498FFF703FE00BF07B05DF804FB00002B
:10D4A40000B587B00190019B06330593059B1A884C
:10D4B400194BDB899A422BD1059B5B89022B27D11F
:10D4C400019B9B88ADF81230BDF812301846FFF767
:10D4D400A3FD0390039B002B1AD0059B0C33184625
:10D4E40000F075FA0346002B06D0BDF812300399FC
:10D4F4001846FFF731FF0BE0039B5B68184606F004
:10D5040021FB0290029B002B02D00298FFF730FE11
:10D5140000BF07B05DF804FB143C002000B585B0E3
:10D524000190019B9B88ADF80E30BDF80E30184673
:10D53400FFF772FD0290029B002B15D0029B03F1B2
:10D544000A00019B03F108014FF6FF7340F2F31246
:10D55400FFF7ADFD03461A46029B5A72BDF80E3022
:10D5640002991846FFF7F8FE00BF05B05DF804FB0A
:10D5740000B583B001900091019B1B88502B12D001
:10D58400502B18DC122B12D0122B14DC102B02D0CF
:10D59400112B04D00FE00198FFF71CFF0CE0019859
:10D5A400FFF75AFF08E00198FFF77AFF04E00198BB
:10D5B400FFF7B4FF00E000BF00BF03B05DF804FB59
:10D5C40030B58FB00190009100230293009B002B93
:10D5D4001AD000230D9314E06B460D99184609F0F8
:10D5E40006F90346002B09D0029B5A1C02920D9A9D
:10D5F40092B25B0038336B4423F82C2C0D9B01331F
:10D604000D930D9B132BE7D9019B1D4602AC0FCC48
:10D614000FC50FCC0FC594E8070085E807000198F3
:10D624000FB030BD00B583B00346ADF80630BDF889
:10D634000630132B01D900230CE0BDF8063019463F
:10D64400064809F0A3F8BDF806301946044809F065
:10D654009DF80123184603B05DF804FB403C00200C
:10D664003C3C002000B585B00346ADF806300023ED
:10D6740003930DE0039B9B00094A13440433BDF854
:10D6840006201146184609F099F8039B01330393C9
:10D69400039B1D2BEED900BF00BF05B05DF804FB52
:10D6A400383C002000B583B00346ADF80630BDF821
:10D6B40006301946034809F081F800BF03B05DF84D
:10D6C40004FB00BF403C002030B59BB0184B9B6866
:10D6D400DB431893164B5A6818AB1146184609F0E9
:10D6E400FDF8189A6B4611461846FFF769FF0DAC12
:10D6F4006D460FCD0FC40FCD0FC495E8070084E825
:10D704000700002319930BE0199B5B0068336B44FB
:10D7140033F8303C1846FFF7A5FF199B01331993E2
:10D724000D9B199A9A42EFD300BF00BF1BB030BDC6
:10D73400383C002000B583B001900B46ADF80230B0
:10D7440013468DF801309DF80130002B06D0BDF84A
:10D7540002301946019809F019F805E0BDF80230C5
:10D764001946019809F02AF800BF03B05DF804FBDC
:10D7740000B585B001900091019B9B88ADF80E30F7
:10D78400019B1B88103B0A2B00F2888001A252F8EF
:10D7940023F000BFC5D7020001D80200A1D80200BF
:10D7A400A1D80200A1D80200A1D80200A1D8020089
:10D7B400A1D80200A1D802006BD802000DD8020043
:10D7C400FFF782FFBDF80E301846FFF72BFF034624
:10D7D40083F00103DBB2002B05D0324AF021042090
:10D7E40005F0B2FC57E0019BDB7B022B53D1BDF863
:10D7F4000E3019462C4808F0C9FF4CE0BDF80E3035
:10D804001846FFF74FFF49E0019B1B7AC3F303134C
:10D81400DBB28DF80D309DF80D30032B8CBF012346
:10D824000023DAB2BDF80E3019462048FFF782FF14
:10D834009DF80D30022B8CBF01230023DAB2BDF812
:10D844000E3019461A48FFF775FF9DF80D30012B6D
:10D854008CBF01230023DAB2BDF80E3019461548F7
:10D86400FFF768FF1AE0019B1B7A002B15D1019B7F
:10D874005B7AC3F3C003DBB2002B14BF0123002384
:10D884008DF80C309DF80C20BDF80E301946074871
:10D89400FFF750FF01E000BF00E000BF00BF05B08C
:10D8A4005DF804FB282A0400443C0020503C00207E
:10D8B4004C3C0020483C002000B583B00346ADF842
:10D8C4000630BDF80630132B01D9002306E0BDF85D
:10D8D40006301946034808F08AFF0346184603B089
:10D8E4005DF804FB3C3C002000B583B00346ADF872
:10D8F4000630BDF806301846FFF7DEFF0346002B5E
:10D9040002D0BDF8063000E01423184603B05DF8D9
:10D9140004FB00B587B003900B460192ADF80A30C2
:10D92400019B002B01D10E2338E0019B00221A60D9
:10D93400039B002B01D10E2330E0039B1B68002BBB
:10D9440001D10E232AE0039BDB8803F003039BB27F
:10D95400002B01D0072321E0BDF80A301846FFF759
:10D96400C3FF03468DF817309DF81730142B01D1EF
:10D97400052313E0039B1B799DF817209A4201D3DA
:10D9840004230BE0039B1B689DF817200399C988A7
:10D9940001FB02F21A44019B1A600023184607B0E7
:10D9A4005DF804FB82B00190019B1B781AB2019BC5
:10D9B40001331B781BB21B021BB213431BB29BB275
:10D9C400184602B07047AADF704700BF184600B57A
:10D9D40085B001900198FFF7E5FF0346ADF80E30DE
:10D9E400BDF80E3003F00103002B14BF0123002304
:10D9F400DBB2184605B05DF804FB000082B00346B4
:10DA040000918DF80730009A137823F00F031370F8
:10DA1400009A137823F0F00313709DF80730052B58
:10DA24005BD801A252F823F045DA02005BDA020067
:10DA340075DA02008FDA0200A9DA0200C3DA020002
:10DA4400009A137823F00F031370009A137823F0CD
:10DA5400F003137040E0009A1378012161F303038B
:10DA64001370009A1378012161F30713137033E0E4
:10DA7400009A1378012161F303031370009A137859
:10DA8400022161F30713137026E0009A1378012131
:10DA940061F303031370009A1378032161F30713EE
:10DAA400137019E0009A1378022161F303031370D1
:10DAB400009A1378012161F3071313700CE0009AA4
:10DAC4001378022161F303031370009A137802217F
:10DAD40061F30713137000BF00BF00BF02B07047AB
:10DAE40000B595B0034602910192ADF80E30029B49
:10DAF4009B78002B03D101238DF81E3003E0029B99
:10DB04009B788DF81E30029B1B88ADF81C3006AB49
:10DB140003220021184613F025FB029B5B7C06AA16
:10DB240011461846FFF76AFF029B9A7C06AB013345
:10DB340019461046FFF762FF029BDA7B9DF81A3004
:10DB440062F3C3038DF81A30029B1A7C9DF81A30D5
:10DB540062F304138DF81A30029B1A7B9DF81A3075
:10DB640062F300038DF81A30029B1B7D002B01D059
:10DB7400022200E001229DF81A3062F342038DF87C
:10DB84001A300DAB1C220021184613F0EBFA029B4D
:10DB94005B7B03F01003DBB2002B06D1029B5B7BA3
:10DBA40003F02003DBB2002B24D004AB03220021BA
:10DBB400184613F0D7FA029BDA7C04AB01331946FA
:10DBC4001046FFF71BFF9DF81030012262F3030398
:10DBD4008DF810309DF81030012262F307138DF890
:10DBE40010309DF81230012262F342038DF8123096
:10DBF40004AB1293029B5B7B8DF83430029B9B7BBE
:10DC04008DF8353008AB14220021184613F0AAFA17
:10DC140007AB089306AB0993029B9B88ADF82C30A5
:10DC2400029B9B68002B06D0029BDB88ADF8283052
:10DC3400029B9B680C93029B9B69002B4FD005AB06
:10DC440003220021184613F08DFA029B9B691B885E
:10DC5400ADF83C30029B9B695B88ADF83E30029B7B
:10DC64009B695B680E9305AB1193029B9B691B7BBD
:10DC740005AA11461846FFF7C1FE029B9B695A7B11
:10DC840005AB013319461046FFF7B8FE029B9B69AA
:10DC94009A7A9DF8163062F3C3038DF81630029B0E
:10DCA4009B69DA7A9DF8163062F304138DF8163006
:10DCB400029B9B691A7A9DF8163062F300038DF873
:10DCC4001630029B9B699B7B002B01D0022200E053
:10DCD40001229DF8163062F342038DF81630029B40
:10DCE400DB69002B02D0029BDB69109308AA0DA903
:10DCF400BDF80E00019BFFF766FE0346184615B0FB
:10DD04005DF804FB90DF704700BF1846A5DF70473D
:10DD140000BF1846B5DF704700BF184682B00190B7
:10DD2400019BF7221A80019B17225A80019B002233
:10DD34001A71019B00225A71019BFB229A71019B6B
:10DD44001B22DA7100BF02B07047000030B589B001
:10DD540003460A46ADF806301346ADF80430344A9B
:10DD6400344BD31ADB081B0443F00400BDF8042031
:10DD7400BDF8063030490FF0EAFEBDF80430ADF8C6
:10DD84001430BDF80430ADF816300023ADF8183067
:10DD94000023ADF81A3003AB00221A609A8003AA5C
:10DDA40005A9BDF806301846FFF7ACFF0790079B9E
:10DDB400002B39D01E4A1F4BD31ADB081B0443F037
:10DDC4000104BDF8065007980FF0A6F903462A4649
:10DDD4001A4920460FF0BBFEBDF80C30002B03D1CE
:10DDE400BDF80E30002B0ED0114A124BD31ADB08AB
:10DDF4001B0443F00100BDF80C301A46BDF80E3088
:10DE04000F490FF0A4FEBDF81030002B0CD0084AC7
:10DE1400084BD31ADB081B0443F00103BDF81020A0
:10DE2400084918460FF082FE079B184609B030BD1A
:10DE3400B8140400581404008C2A0400BC2A0400FA
:10DE4400082B0400482B040010B586B00190009103
:10DE5400009B9B88ADF81630BDF81630DB00019AA4
:10DE6400134406330493019B1A79049B9A71009B13
:10DE7400DB7B012B02D0022B05D009E0019B1A8821
:10DE8400049B1A8004E0019B5A88049B1A8000BFFB
:10DE9400049B1A88049B5B889A4242D92A4A2B4BDA
:10DEA400D31ADB081B0443F00400049B1B881A46A6
:10DEB400BDF8163026490FF04AFE049B1A88BDF8B7
:10DEC400163011461846FFF721FF0390039B002BE1
:10DED40003D1049B01225A7123E0039B112B10D11F
:10DEE400049B01221A71184A184BD31ADB081B042D
:10DEF40043F00403BDF81620164918460FF016FE29
:10DF04000FE0114A114BD31ADB081B0443F0010440
:10DF140003980FF001F903461A460F4920460FF003
:10DF240005FE049B9A79049BDB799A4208D9049BE9
:10DF34009B791A46BDF8163011461846FFF706FFBE
:10DF440000BF06B010BD00BFB8140400581404008C
:10DF5400A02B0400E02B0400342C040000B583B093
:10DF640001900091009B9B88DB00019A13440633C7
:10DF74001846FFF7D3FE00BF03B05DF804FB0000B2
:10DF840000B587B001900091009B9B88ADF81630D6
:10DF9400009B5B89ADF81430BDF81630DB00019AA4
:10DFA400134406330493049B1B88BDF81420934246
:10DFB40028BF13469AB2049B5A80049B5B88172B94
:10DFC40038BF17239AB2049B5A80194A194BD31AA3
:10DFD400DB081B0443F00400049B5B881A46BDF86D
:10DFE400163015490FF0B3FD019B1B69002B15D0AA
:10DFF400049B5B79002B11D040F67723ADF80830F1
:10E00400BDF81630ADF80A30049B5B88ADF80C30CF
:10E01400019B1B6902AA114601989847049B0022A0
:10E024005A71049B00221A7100BF07B05DF804FB0B
:10E03400B814040058140400682C040010B58AB005
:10E0440003900291029B9B88ADF82630029BDB88EB
:10E05400ADF82430BDF82630DB00039A13440633B0
:10E064000893384A384BD31ADB081B0443F00400E6
:10E07400BDF82620BDF8243034490FF068FDBDF802
:10E084002430172B38BF1723ADF82430089B1B8886
:10E09400BDF82420934228BF13469AB2089B5A80A5
:10E0A400089B00221A71274A274BD31ADB081B044A
:10E0B40043F00400089B5B881A46089B1B8819469A
:10E0C400BDF8263000930B4621490FF054FD089B00
:10E0D4001A88BDF8263011461846FFF71BFE079034
:10E0E400079B002B0FD0174A174BD31ADB081B04CE
:10E0F40043F0010407980FF00FF803461A46154938
:10E1040020460FF013FD089B5B79002B16D1039B6F
:10E114001B69002B13D040F67723ADF81430BDF8FB
:10E124002630ADF81630089B5B88ADF81830039B99
:10E134001B6905AA11460398984700E000BF0AB07E
:10E1440010BD00BFB814040058140400A42C04002B
:10E15400E02C0400202D040030B591B00190009112
:10E16400009B04AC1D1D0FCD0FC40FCD0FC495E84B
:10E17400070084E80700BDF81030ADF83E30BDF864
:10E184001420BDF83E30D1B2019ADB0013440A4694
:10E194005A73344A344BD31ADB081B0443F004008B
:10E1A400BDF83E30019ADB0013445B7B1A46BDF890
:10E1B4003E302E490FF0CBFC2A4A2B4BD31ADB08F6
:10E1C4001B0443F00403BDF81620294918460FF038
:10E1D400ADFC244A244BD31ADB081B0443F004038C
:10E1E400BDF81420234918460FF0A0FC1D4A1E4B0D
:10E1F400D31ADB081B0443F00403BDF81A201E499C
:10E2040018460FF093FC174A174BD31ADB081B046C
:10E2140043F00403BDF81820184918460FF086FC93
:10E22400019B1B69002B19D002AB00221A609A8053
:10E234004DF67A23ADF80830BDF83E30ADF80A301B
:10E24400BDF83E30019ADB0013445B7B8DF80C3043
:10E25400019B1B6902AA11460198984700BF11B09F
:10E2640030BD00BFB814040058140400502D04003D
:10E27400802D0400942D0400A82D0400B82D040062
:10E2840000B587B001900091009B04330593059B72
:10E294001B88DB00019A134406330493059B9B8877
:10E2A4008DF80F30124A134BD31ADB081B0443F0CA
:10E2B4000400059B1B881A469DF80F300E490FF089
:10E2C40046FC049B9B799DF80F20934228BF13467C
:10E2D4008DF80E30059B1B889DF80E2092B21146D6
:10E2E4001846FFF733FD00BF07B05DF804FB00BF1D
:10E2F400B814040058140400C82D040000B585B0F7
:10E3040001900091019B002B01D10E231DE0019B84
:10E31400009A1A61019BF7221A80019BF7225A8006
:10E32400019BFB221A71002303930AE0039BDB0089
:10E33400019A134406331846FFF7F0FC039B01339C
:10E344000393039B002BF1D00023184605B05DF81E
:10E3540004FB82B001900B46ADF80230019B002B08
:10E3640001D10E230EE0BDF80230162B03D9BDF8FF
:10E374000230F72B01D9072304E0019BBDF80220EA
:10E384001A800023184602B07047000010B586B00A
:10E3940001900091009B0593019B9B88ADF812307E
:10E3A400BDF81230002B40F0AB80019B1B88552B2D
:10E3B40048D0552B55DC242B32DC102B51DB103B81
:10E3C400142B4ED801A252F823F000BF2BE4020014
:10E3D40035E4020067E4020067E4020067E4020037
:10E3E40067E4020067E4020067E4020067E40200F5
:10E3F40067E4020067E4020067E4020067E40200E5
:10E4040067E4020067E4020067E4020067E40200D4
:10E4140067E4020067E402005DE4020053E40200E2
:10E424003A2B0AD01DE001990598FFF70DFD19E07C
:10E4340001990598FFF792FD14E001990598FFF7FB
:10E444009FFD0FE001990598FFF7F8FD0AE0019997
:10E454000598FFF781FE05E001990598FFF710FF85
:10E4640000E000BFBDF81230059ADB0013449B7A2C
:10E47400002B46D0BDF81230059ADB001344DA882D
:10E48400BDF8123011461846FFF740FC0390039B79
:10E49400002B21D1BDF81230059ADB001344002271
:10E4A4009A72BDF81230059ADB0013440122DA7225
:10E4B400154A164BD31ADB081B0443F00400BDF8BD
:10E4C4001230059ADB001344DB881A46BDF812307B
:10E4D4000F490FF03CFB14E0039B112B11D00A4AA7
:10E4E4000A4BD31ADB081B0443F0010403980EF013
:10E4F40013FE03461A46074920460FF017FB00E0B7
:10E5040000BF06B010BD00BFB814040058140400C6
:10E51400082E0400342C0400B0DF704700BF1846F6
:10E5240066DF704700BF184682B001900091019BDE
:10E53400002B01D10E2316E0009B002B01D10E23EA
:10E5440011E0019B1B78DE2B01D108230BE0009B1B
:10E554001A68019B5A60019BDE221A70019B4FF6D8
:10E56400FF725A800023184602B0704782B00190AF
:10E574000B46ADF80230019B002B01D10E230AE0BB
:10E58400019B1B78DE2B01D0082304E0019BBDF81E
:10E5940002205A800023184602B0704700B585B0A7
:10E5A4000190019B1B7A002B18D0019B5B880021F2
:10E5B4001846FFF7B5FF0390039B002B03D1019B83
:10E5C40000221A720AE0039B112B03D1019B012242
:10E5D4001A7203E0019B5B680398984700BF05B07B
:10E5E4005DF804FB00B583B001900091009B1B799A
:10E5F400012B0BD1009B1A88019B5B889A4205D1A1
:10E60400019B01221A720198FFF7C8FF00BF03B0F3
:10E614005DF804FB82B00190009100BF02B0704726
:10E6240000B589B001900091009B1A88019B5B881A
:10E634009A4236D1009B02330793079B1B78022B27
:10E6440031D1079B1B7A042B07D0079B1B7A062B1F
:10E6540003D0079B1B7A052B27D102AB00221A603B
:10E664005A609A60DA6002238DF808304FF4C07360
:10E67400ADF80C30079B1B7A052B02D10023ADF8B3
:10E684000C30009B1B8802AA11461846FFF744FF72
:10E694000690069B002B09D0019B5B68069898475F
:10E6A40004E000BF02E000BF00E000BF09B05DF875
:10E6B40004FB00B585B001900091009B002B43D072
:10E6C400019B002B40D0009B0393039B1B78DE2B04
:10E6D4003AD1019B9A88039B5B889A4202D10398A2
:10E6E400FFF75CFF019B1B88512B18D0512B28DCB2
:10E6F400112B1BD0112B24DC012B02D0022B07D0B1
:10E704001FE0019B043319460398FFF76BFF1BE0DE
:10E71400019B043319460398FFF77CFF14E0019B27
:10E72400043319460398FFF77BFF0DE0019B9A8899
:10E73400039B5B889A4206D1039B4FF6FF725A8073
:10E7440001E000BF00E000BF05B05DF804FBA8DFF6
:10E75400704700BF1846ADDF704700BF184662DF40
:10E76400704700BF184600B58FB001900091002398
:10E774000393019B5869009B9B8803AA1946FFF7E2
:10E78400C8F80D9005AB08220021184612F0EAFCE7
:10E7940004AB06930223ADF814300023ADF8163011
:10E7A400009B9888019B1B8905AA1946FFF7D3FF94
:10E7B4000D900D9B002B26D1019B9B69002B22D031
:10E7C400069B1846FFF703F90346002B1BD0039B57
:10E7D400002B02D0039B01221A7007AB18220021E0
:10E7E400184612F0BFFC02238DF81C30019B0893DD
:10E7F400009B9B88ADF82430039B0A93019B9B6983
:10E8040007AA1046984700BF0FB05DF804FB00B597
:10E814008DB001900091009B06330B93019B5869C6
:10E82400009B9B8803AA1946FFF773F80A9004AB70
:10E8340018220021184612F095FC019B0593009BB9
:10E844009B88ADF81830039B07930B9B1A88019B98
:10E854001B899A4225D10B9B5B89022B21D1039BF7
:10E86400002B38D00B9B0C331846FFF7B0F8034647
:10E87400002B06D0039B01221A7002238DF810305E
:10E8840005E0039B00221A7003238DF81030019BCE
:10E894009B69002B1FD0019B9B6904AA10469847D3
:10E8A40019E00B9B1A88019B9B899A4214D1019B06
:10E8B4009B69002B10D000238DF810300B9B0C3378
:10E8C40008930B9B5B89ADF82430019B9B6904AAD8
:10E8D4001046984700E000BF00BF0DB05DF804FB90
:10E8E40000B58BB001900091019B5869009B9B88F7
:10E8F40002AA1946FFF70DF80990099B002B1ED1B7
:10E90400029B1B78002B1BD0019B9B69002B17D00B
:10E9140003AB18220021184612F024FC01238DF8C1
:10E924000C30019B0493009B9B88ADF81430029B30
:10E934000693019B9B6903AA1046984700E000BF19
:10E944000BB05DF804FB00B585B001900091009B0D
:10E95400002B1ED0019B002B1BD0009B0393019B1B
:10E964001B88572B10D0572B15DC102B02D0502BA3
:10E9740005D010E001990398FFF7F5FE0CE001992A
:10E984000398FFF744FF07E001990398FFF7A8FFF6
:10E9940002E000BF00E000BF05B05DF804FB00002A
:10E9A40010B592B0019000914F4B0AAC0FCB84E8A4
:10E9B4000F00019B002B01D10E2391E0009B002B43
:10E9C40001D10E238CE0009B1A68019B9A61019A85
:10E9D4000AAB11461846FFF7C2FE1190119B109323
:10E9E400109B002B01D0109B7AE0019B1B788DF8C3
:10E9F4003A300123ADF83830019B9A1C0EAB19460E
:10EA04000120FFF7A4FE1190119B0F930F9B002B85
:10EA140001D00F9B64E002AB20220021184612F0C3
:10EA2400A1FB0223ADF80830019B1B788DF80A3056
:10EA3400F423ADF80C300123ADF80E3001238DF82A
:10EA440014309DF8153043F008038DF815309DF807
:10EA5400153043F004038DF8153001238DF8193077
:10EA640001238DF81A30019B5888019B03F10C0295
:10EA740002AB1946FFF734F81190119B002B01D01B
:10EA8400119B2DE002AB20220021184612F06AFBF4
:10EA94000323ADF80830019B1B788DF80A30F4236A
:10EAA400ADF80C300123ADF80E3001238DF814308D
:10EAB4009DF8153043F010038DF8153001238DF8BF
:10EAC400193001238DF81A3001238DF81B30019B76
:10EAD4005888019B1A1D02AB1946FFF701F803463B
:10EAE400184612B010BD00BF582E040082B0034671
:10EAF4008DF807309DF90730002B13DB9DF80730A4
:10EB040003F01F0209499DF907305B09012000FA4F
:10EB140002F2203341F82320BFF34F8F00BFBFF32D
:10EB24006F8F00BF00BF02B0704700BF00E100E07C
:10EB3400044BD3F80034002B14BF01230023DBB2B1
:10EB4400184670470000014008B510F0E1FC034688
:10EB540083F00103DBB2002B03D109497B20F7F7D3
:10EB64005FFCFFF7E5FF034683F00103DBB2002BF4
:10EB740004D000F0C5FB034B00229A7000BF08BD0F
:10EB8400702E0400B43C002000B583B00023019330
:10EB9400184B1B78002B02D0852301931CE0154BE6
:10EBA40000229A60134B00225A60124B00221A6111
:10EBB400104B0022DA60104800F068FB019010F05E
:10EBC400A7FC034683F00103DBB2002B01D000F065
:10EBD40083FB084B01221A70FFF7AAFF0346002BA0
:10EBE40002D0044B01229A70019B184603B05DF8D1
:10EBF40004FB00BFB43C0020D5EC020084B00190BB
:10EC0400019B1B680393039B002B03D0039B1A688F
:10EC1400019B1A60039B184604B0704700B583B08B
:10EC2400164B1B78002B04D1154940F21710F7F747
:10EC3400F7FB124BDB68002B04D111494FF48C70A5
:10EC4400F7F7EEFB00238DF807300DF107031846A4
:10EC540005F0D8F8094BDB68013B084AD360074B41
:10EC6400DB68002B01D1FFF76FFF9DF807301846D2
:10EC740005F0DEF800BF03B05DF804FBB43C0020EF
:10EC8400702E040000B585B003468DF807309DF85A
:10EC94000730002B02D10C4B039301E00B4B039381
:10ECA4000398FFF7ABFF0290029B002B06D0029B58
:10ECB4005B689DF8072010469847F1E700BF00BF46
:10ECC40005B05DF804FB00BFBC3C0020C43C002040
:10ECD40000B583B003468DF807309DF80730002B4C
:10ECE40005D10A4B01225A700020FFF7CBFF9DF893
:10ECF4000730012B05D1054B01229A700120FFF743
:10ED0400C1FF00BF03B05DF804FB00BFB43C0020AA
:10ED140000B583B001900091019B002B05D1054BF8
:10ED240001225A700020FFF7ADFF00BF03B05DF869
:10ED340004FB00BFB43C002000B585B0034600913D
:10ED44008DF807309DF80730032B29D0032B35DCD1
:10ED5400002B02D0012B04D030E00020FFF7C6FEC8
:10ED64002DE000238DF80F300DF10F03184605F048
:10ED740049F8154B1B7883F00103DBB2002B01D05B
:10ED8400FFF702FF104BDB6801330F4AD3600E4BD1
:10ED940001229A709DF80F30184605F049F80EE0EC
:10EDA400094B1B78002B04D1084940F25220F7F795
:10EDB40037FB00F091FAFFF731FF00E000BF00BF1E
:10EDC40005B05DF804FB00BFB43C0020702E0400C5
:10EDD40000B589B001900091009B0793019B1B78BB
:10EDE4008DF80830019B5B680393019B9B68DBB241
:10EDF4008DF81030019BDB680593019B1B69DBB226
:10EE04008DF81830074A079B52F823300649079AB1
:10EE140051F8221002AA1046984700BF09B05DF8C5
:10EE240004FB00BFC83C0020D43C002010B58AB0CD
:10EE34000390029101920093039B1B78099322494A
:10EE4400099B019A41F823202049099B009A41F823
:10EE54002320002308931E4B04AC0FCB84E80F003F
:10EE6400029B1B788DF81030029B5B788DF8113073
:10EE7400029B9B788DF81230029BDB788DF813305F
:10EE8400029B1B798DF81530029B5B798DF8163047
:10EE9400029B9B680693029B1B7B8DF81C30029B94
:10EEA4005B7B8DF81D30039B181D019B002B01D04B
:10EEB400084A00E00022099B04A901F00DFC089017
:10EEC400089B18460AB010BDC83C0020D43C002062
:10EED400C42E0400D5ED020000B589B00190009164
:10EEE400009B0793019B1B788DF80C30019B5B689A
:10EEF4000493019B9B68DBB28DF81430019BDB68A3
:10EF04000693074A079B52F823300649079A51F89B
:10EF1400221003AA1046984700BF09B05DF804FB0D
:10EF2400E03C0020E43C002000B589B00190009151
:10EF3400009B0793019B1B788DF80C30019B5B6849
:10EF44000493019B9B68DBB28DF81430019BDB6852
:10EF54000693074A079B52F823300649079A51F84B
:10EF6400221003AA1046984700BF09B05DF804FBBD
:10EF7400E03C0020E43C002030B58FB003900291C7
:10EF84000192039B1B780C9326490C9B019A41F830
:10EF94002320029B1A6924490C9B41F82320029BDD
:10EFA4005B7F1946214A0C9B13440A461A70029B44
:10EFB40004AC1D460FCD0FC495E80F0084E80F0084
:10EFC4000C9B089300230D93039B1B781A46174B45
:10EFD4009B5C002B0DD0039B181D019B002B01D0C3
:10EFE400134A00E0002204AB194603F09BF90D908C
:10EFF40014E0039B1B781A460C4B9B5C002B0DD131
:10F00400039B03F10C00019B002B01D0094A00E093
:10F01400002204AB194602F0B9F90D900D9B184675
:10F024000FB030BDE03C0020E43C0020E83C002070
:10F03400DDEE02002DEF020082B003468DF80730AA
:10F044009DF90730002B0CDB9DF8073003F01F02FD
:10F0540005499DF907305B09012000FA02F241F8E5
:10F06400232000BF02B0704700E100E082B00346F5
:10F0740000918DF807309DF90730002B0ADB009BC7
:10F08400DAB20C499DF907305201D2B20B4483F82D
:10F0940000230BE0009BDAB207499DF8073003F028
:10F0A4000F03043B5201D2B20B441A7600BF02B0E4
:10F0B400704700BF00E100E000ED00E082B0019085
:10F0C400019B1B0B5BB2184602B0704700B583B0BE
:10F0D40003460A468DF8073013468DF806309DF82E
:10F0E4000630012B03D99DF80630032B0BD99DF86C
:10F0F4000630042B03D99DF80630072B03D90849A1
:10F104006B20F7F78DF99DF806209DF9073011461D
:10F114001846FFF7ABFF00BF03B05DF804FB00BF68
:10F12400D42E040000B583B003468DF807309DF952
:10F1340007301846FFF780FF00BF03B05DF804FBFB
:10F1440082B003468DF807300F4A9DF90730002B33
:10F1540000DA1F335B115BB252F823209DF90730AC
:10F16400594203F01F0301F01F0158BF4B425BB229
:10F1740022FA03F303F00103002B14BF012300233D
:10F18400DBB2184602B0704700E100E082B00190A3
:10F194004FF08042019BC2F8083300BF02B07047B1
:10F1A40082B003468DF807309DF8073003F18043A1
:10F1B40001221A6000BF02B0704784B00346ADF864
:10F1C4000630BDF8063003F1804300221A60BDF812
:10F1D400063003F180431B680393039B00BF04B014
:10F1E400704782B00346ADF80630BDF8063003F12F
:10F1F40080431B68002B14BF01230023DBB2184695
:10F2040002B0704782B001904FF08042019BC2F877
:10F21400183500BF02B070474FF08043D3F818345C
:10F224001B0C03F00103002B14BF01230023DBB2EA
:10F234001846704700B583B006238DF807304FF0A9
:10F244008040FFF73BFF03461846FFF779FF03466C
:10F2540083F00103DBB2002B13D04FF08040FFF7A3
:10F264002DFF03461A469DF8073019461046FFF74E
:10F274002DFF4FF08040FFF721FF03461846FFF7AC
:10F2840051FF00BF03B05DF804FB000000B585B07A
:10F294000190019B002B03D10D49A420F7F7C0F87E
:10F2A400002303930B4B1B79002B02D0852303937C
:10F2B40008E0084A019B1360064B01221A71054BB2
:10F2C40000225A71039B184605B05DF804FB00BF89
:10F2D4000C2F0400EC3C002008B5074B1B79002BD5
:10F2E40003D10649BD20F7F79BF8FFF7A3FF0120E0
:10F2F400FFF788FF00BF08BDEC3C00200C2F040082
:10F3040008B50D4B1B79002B03D10C49F720F7F7F7
:10F3140087F80220FFF73AFF4FF48270FFF74DFFA2
:10F324000C20FFF73DFF00BFFFF776FF0346002BDD
:10F33400FAD100BF00BF08BDEC3C00200C2F040034
:10F3440008B54FF48070FFF74CFF0346002B14D030
:10F354004FF48070FFF731FF0120FFF717FF114BC7
:10F364005B7983F00103DBB2002B06D00D4B012245
:10F374005A710C4B1B68002098474FF48270FFF7BA
:10F3840030FF0346002B0AD04FF48270FFF715FFBD
:10F394000220FFF7FBFE034B1B680120984700BFC8
:10F3A40008BD00BFEC3C002082B003468DF8073056
:10F3B4009DF90730002B0CDB9DF8073003F01F028A
:10F3C40005499DF907305B09012000FA02F241F872
:10F3D400232000BF02B0704700E100E082B0034682
:10F3E40000918DF807309DF90730002B0ADB009B54
:10F3F400DAB20C499DF907305201D2B20B4483F8BA
:10F4040000230BE0009BDAB207499DF8073003F0B4
:10F414000F03043B5201D2B20B441A7600BF02B070
:10F42400704700BF00E100E000ED00E082B0019011
:10F43400019B1B0B5BB2184602B0704700B583B04A
:10F4440003460A468DF8073013468DF806309DF8BA
:10F454000630012B03D99DF80630032B0BD99DF8F8
:10F464000630042B03D99DF80630072B03D908492D
:10F474006B20F6F7D5FF9DF806209DF9073011465D
:10F484001846FFF7ABFF00BF03B05DF804FB00BFF5
:10F49400602F040000B583B003468DF807309DF952
:10F4A40007301846FFF780FF00BF03B05DF804FB88
:10F4B40000B583B00346ADF80630BDF806301846F3
:10F4C40000F026F803461B68012B0CBF0123002320
:10F4D400DBB2184603B05DF804FB00B585B0034603
:10F4E400ADF80630BDF80630184600F011F80346B2
:10F4F4001A4600231360BDF80630184600F008F8D9
:10F5040003461B680393039B00BF05B05DF804FB2F
:10F5140082B00346ADF80630BDF8063003F18043EF
:10F5240003F5C043184602B07047000082B0019052
:10F53400034A019BC2F8043300BF02B0704700BF06
:10F544000060004082B00190034BD3F80423019B78
:10F554001340184602B070470060004082B001902A
:10F56400084A019B03F5A27352F82330054943F07E
:10F574000102019B03F5A27341F8232000BF02B0EE
:10F58400704700BF0060004084B0039002911346AE
:10F594008DF80730144A039B03F5A27352F8233005
:10F5A400114923F4473323F44073039A02F5A272FA
:10F5B40041F822300C4A039B03F5A27352F823202E
:10F5C400029B1B0203F4F8519DF807301B0403F45B
:10F5D40040330B4304491A43039B03F5A27341F8D8
:10F5E400232000BF04B070470060004082B0019047
:10F5F400054A019B03F5A27352F823301B0A03F05A
:10F604001F03184602B070470060004082B00190AA
:10F61400064A019B03F5A27352F823301B0C03F036
:10F624000303DBB2184602B0704700BF006000401D
:10F6340000B583B00190019B1B68184600F014F9D3
:10F644000346002B04D105494FF4F670F6F7E8FEA3
:10F654004FF0A043184603B05DF804FB902F04005C
:10F6640000B585B00190084611461A4603468DF848
:10F6740003300B468DF8023013468DF8013001AB90
:10F684001846FFF7D5FF03909DF803209DF802303C
:10F694005B001A439DF801309B001A439DF8183013
:10F6A4001B0242EA03019DF81C301B04019A194312
:10F6B400039B02F5E07243F8221000BF05B05DF829
:10F6C40004FB00B585B003900B468DF80B309DF814
:10F6D4000B300022019200220092002200210398A4
:10F6E400FFF7BEFF00BF05B05DF804FB00B585B0B1
:10F6F400019001AB1846FFF79BFF0390019A039B0F
:10F7040002F5E07253F8223023F002030293019AC7
:10F71400039B02F5E072029943F8221000BF05B082
:10F724005DF804FB00B585B001900B468DF80330FD
:10F7340001AB1846FFF77CFF0390019A039B02F587
:10F74400E07253F82230019A23F44031039B02F50E
:10F75400E07243F82210019A039B02F5E07253F819
:10F7640022109DF803301B04019A1943039B02F5F0
:10F77400E07243F8221000BF05B05DF804FB00B549
:10F7840085B0019001AB1846FFF752FF0390039830
:10F7940000F020F80246019B22FA03F303F0010370
:10F7A400184605B05DF804FB00B585B0019001ABC7
:10F7B4001846FFF73DFF0390019A039B02F5E072A0
:10F7C40053F822301B0C03F00303DBB2184605B0D8
:10F7D4005DF804FB82B00190019BD3F81035184604
:10F7E40002B0704786B00390029101924FF0A0439B
:10F7F4000493039B059319E0059B9B0018336B440A
:10F8040053F8083CD3F82025019B1A60059B9B0004
:10F8140018336B4453F8083C019A1268C3F8202546
:10F82400019B04330193059B01330593039A029BC7
:10F834001344059A9A42DFD300BF00BF06B0704755
:10F8440000B585B0019001AB1846FFF7F1FE0390B7
:10F85400019B012202FA03F31A46039BC3F82025F5
:10F8640000BF05B05DF804FB84B00190019B5B0907
:10F87400029300230393029B002B03D14FF0FF3329
:10F88400039300BF019B03F01F030193039A019BA1
:10F8940022FA03F303F00103002B14BF0123002316
:10F8A400DBB2184604B0704784B001900091009B0D
:10F8B4000393019BDB080293019B03F0070301936D
:10F8C4000122019B02FA03F30399029A0A44127873
:10F8D4001340184604B0704784B001900091009B17
:10F8E4000393019BDB080293019B03F0070301933D
:10F8F400039A029B13441B785AB20121019B01FA1B
:10F9040003F35BB2134359B2039A029B1344CAB282
:10F914001A7000BF04B0704782B001900C4A019B7A
:10F924001344303393F90030002B09DB084A019B60
:10F934001344303393F90030072B01DC012300E03A
:10F94400002303F00103DBB2184602B0704700BF86
:10F95400F43C002082B00190064A019B13443033EA
:10F9640093F90030072BCCBF01230023DBB21846E8
:10F9740002B07047F43C002082B00190064A019B1B
:10F984001344303393F90030DB43DBB2DB09DBB2E1
:10F99400184602B0704700BFF43C002084B00390C6
:10F9A400029101928DF80330029B59B20E4A039BD7
:10F9B400134430330A461A700B49029B019A41F8EA
:10F9C40023209DF8033083F00103DBB2002B08D021
:10F9D400029B083B039A51B2034A13440A4683F834
:10F9E400502000BF04B07047F43C002082B0019066
:10F9F400044A019B13443033FF221A7000BF02B043
:10FA0400704700BFF43C002000B583B00190044966
:10FA14000198FFF761FF00BF03B05DF804FB00BF6E
:10FA2400483D002082B00190044A019B13443033C6
:10FA340093F90030184602B0704700BFF43C002030
:10FA440082B00190034A019B52F82330184602B059
:10FA5400704700BFF43C002084B00190074A019B2A
:10FA64001344503393F900308DF80F309DF80F3064
:10FA740023F0C003184604B0704700BFF43C0020D4
:10FA840084B00190074A019B1344503393F900302A
:10FA94008DF80F309DF80F309B09DBB2184604B087
:10FAA400704700BFF43C002000B589B00390029178
:10FAB40013468DF80730FF238DF81F309DF807306B
:10FAC400002B01D0002300E0082305939DF80730A4
:10FAD400002B01D0082300E00C230493059B06931C
:10FAE40014E00F4A069B52F82330B3F1FF3F0AD1CA
:10FAF4009DF80730029A06990398FFF74FFF069B7B
:10FB04008DF81F3006E0069B01330693069A049B8A
:10FB14009A42E6D39DF91F30184609B05DF804FBFC
:10FB2400F43C002082B003468DF807309DF807307E
:10FB3400094A4FF0FF3142F823109DF80730072B94
:10FB440007D99DF80730083B034A1344FF2283F882
:10FB5400502000BF02B07047F43C002000B583B0D1
:10FB64002D4B93F85830002B03D008230093009BAF
:10FB74004EE000238DF8073011E09DF80730184659
:10FB8400FFF772FE0346002B04D09DF80730184699
:10FB9400FFF72CFF9DF8073001338DF807309DF8EF
:10FBA40007301F2BE9D900238DF8073009E09DF8B1
:10FBB40007301846FFF7B6FF9DF8073001338DF87C
:10FBC40007309DF807300B2BF1D90422002113488C
:10FBD40011F0C8FA1248FFF729FC0346062118461B
:10FBE400FFF72CFC0E48FFF721FC03461846FFF7ED
:10FBF40051FC4FF4BE70FFF770FC4FF00040FFF76C
:10FC040095FC054B012283F8582000230093009BA8
:10FC1400184603B05DF804FBF43C0020483D002086
:10FC240000600040044B93F85830002B14BF0123AC
:10FC34000023DBB218467047F43C002000B587B0BF
:10FC44000390029101920398FFF70EFE0346002BE6
:10FC540004D137494FF40C70F6F7E2FB0023059307
:10FC64000398FFF789FE0346002B02D0082305936F
:10FC740058E0029B9B78C3F34003DBB21A46019918
:10FC84000398FFF711FF03468DF813309DF91330E5
:10FC9400B3F1FF3F44D0029B9B78C3F38003DBB2F4
:10FCA40083F00103DBB2002B13D0029B9B7803F09B
:10FCB4000103DBB2002B03D00398FFF717FD05E027
:10FCC400029B5B7819460398FFF7FBFC0398FFF748
:10FCD4009BFE029B9B7803F00203DBB2002B08D04F
:10FCE4009DF91300029B1B781A460399FFF74CFCFD
:10FCF40018E09DF91330083B0E4A134493F9501051
:10FD0400029B1B785BB29B015AB29DF91330083BEE
:10FD14000A4351B2074A13440A4683F8502001E0CB
:10FD240004230593059B184607B05DF804FB00BF48
:10FD3400C82F0400F43C002000B589B001900B46A4
:10FD44008DF803300198FFF78FFD0346002B04D193
:10FD54003A494FF41870F6F763FB0198FFF70CFE6D
:10FD64000346002B04D1354940F26120F6F758FBD5
:10FD74000198FFF7EFFD0346002B2AD00198FFF707
:10FD840051FE0346083B1846FFF77AFE03468DF8FA
:10FD94000F309DF80F30032B0BD10198FFF7EFFCC8
:10FDA4000346002B01D0032300E002238DF81F300B
:10FDB40008E09DF80F30012B01D1022300E003235A
:10FDC4008DF81F309DF81F3019460198FFF7AAFCE3
:10FDD40030E00198FFF7A0FD0346002B2AD00198DC
:10FDE400FFF720FE03460693069B9BB240339BB26B
:10FDF4009B00ADF81630069B1846FFF7AFFBBDF825
:10FE040016301846FFF769FB9DF80330002B11D01C
:10FE14000198FFF707FE03461846FFF711FE04900A
:10FE2400049B002B06D00122069B02FA03F318461A
:10FE3400FFF77CFB00BF09B05DF804FBC82F04008A
:10FE440000B583B001900198FFF70EFD0346002B27
:10FE540004D1094940F2B220F6F7E2FA0198FFF71B
:10FE64008EFC0346002B14BF01230023DBB218468B
:10FE740003B05DF804FB00BFC82F040000B585B0D3
:10FE84000190019A01210020FFF7ACFC00230393A9
:10FE94000BE0039B9B00019A13441B68002B01D0C9
:10FEA400012306E0039B01330393039B002BF0D053
:10FEB4000023184605B05DF804FB000000B587B0C8
:10FEC4000190002305935BE0344A059B13445033AF
:10FED40093F90030B3F1FF3F4ED00598FFF7BCFD16
:10FEE400049001990498FFF7DFFC0346002B44D0EB
:10FEF4000598FFF7C5FD03468DF80F300498FFF70A
:10FF040053FC03468DF80E309DF80E30022B01D1C0
:10FF1400032300E002238DF80D309DF80D301946BF
:10FF24000498FFF7FFFB0498FFF78AFC0498FFF797
:10FF340079FD03461846FFF783FD0290029B002BD0
:10FF44001BD09DF80F30032B0FD09DF80E30022BE1
:10FF540003D19DF80F30012B07D09DF80E30032BF1
:10FF64000BD19DF80F30022B07D19DF80F20029B77
:10FF740011460498984700E000BF059B01330593A0
:10FF8400059B032BA0D90198FFF778FF0346002BAC
:10FF940097D100BF00BF07B05DF804FBF43C00201C
:10FFA40000B589B000230693002300934FF48073B7
:10FFB400ADF81230012307930023059321E0BDF827
:10FFC40012301846FFF774FA0346002B0ED0079838
:10FFD400FFF7B8FA0346002B08D0BDF812301846D4
:10FFE400FFF77BFA069A079B13430693079B5B0074
:0CFFF4000793BDF812300433ADF8123052
:020000023000CC
:10000000059B01330593059B072BDAD94FF4BE708E
:10001000FFF750FA0346002B0DD04FF4BE70FFF7E8
:100020005EFA069B43F0004306936B461A46012195
:100030000020FFF7D9FB069BDBB2002B29D0012360
:1000400007930023059321E0079A069B1340002B9A
:1000500016D00598FFF7CCFA03900598FFF7D8FA69
:1000600003468DF80B300598FFF7ECFC0190019BDF
:10007000002B05D09DF80B20019B11460398984753
:10008000079B5B000793059B01330593059B072B9B
:10009000DAD9069B002B03DA6B461846FFF710FFF0
:1000A00000BF09B05DF804FB08B5064B1B68002BC8
:1000B00003D105495120F6F7B5F9024B1B68984763
:1000C00008BD00BF503D00202030040082B00190E8
:1000D000019B044A934201D1034B00E000231846E0
:1000E00002B0704700200040503D002000B587B0AE
:1000F00001900091019B002B03D11C497720F6F75A
:1001000091F90198FFF7E2FF0590059B002B25D0A0
:1001100000238DF8133000238DF80B300DF10B0305
:10012000184603F071FE059B1B79002B03D00123B9
:100130008DF8133005E0059B009A1A60059B01229B
:100140001A719DF80B30184603F074FE9DF81330B9
:10015000002B03D011230393039B02E0002303939E
:10016000039B184607B05DF804FB00BF2030040075
:1001700000B585B00190019B002B03D10A499B205B
:10018000F6F750F90198FFF7A1FF0390039B002BAE
:1001900005D0039B00221A60039B00221A7100BF46
:1001A00005B05DF804FB00BF2030040082B00346B8
:1001B0008DF807309DF90730002B0CDB9DF80730D8
:1001C00003F01F0205499DF907305B09012000FA81
:1001D00002F241F8232000BF02B0704700E100E0C6
:1001E00082B003468DF807309DF90730002B13DBF2
:1001F0009DF8073003F01F0209499DF907305B099C
:10020000012000FA02F2203341F82320BFF34F8F80
:1002100000BFBFF36F8F00BF00BF02B0704700BFC9
:1002200000E100E082B0034600918DF807309DF9AF
:100230000730002B0ADB009BDAB20C499DF907302E
:100240005201D2B20B4483F800230BE0009BDAB2D8
:1002500007499DF8073003F00F03043B5201D2B267
:100260000B441A7600BF02B0704700BF00E100E007
:1002700000ED00E082B00190019B03F06043B3F118
:10028000005F0CBF01230023DBB2184602B07047A9
:1002900082B00190019B1B0B5BB2184602B0704705
:1002A00000B583B003460A468DF8073013468DF833
:1002B00006309DF80630012B03D99DF80630032B3C
:1002C0000BD99DF80630042B03D99DF80630072B77
:1002D00003D908496B20F6F7A5F89DF806209DF98B
:1002E000073011461846FFF79DFF00BF03B05DF8C9
:1002F00004FB00BF7430040000B583B003468DF8E2
:1003000007309DF907301846FFF750FF00BF03B0D4
:100310005DF804FB00B583B003468DF807309DF906
:1003200007301846FFF75CFF00BF03B05DF804FB21
:1003300082B001900B468DF803309DF80330019A8E
:10034000134401221A6000BF02B0704784B00190CC
:100350000B46ADF80230BDF80230019A134400227A
:100360001A60BDF80230019A13441B680393039B83
:1003700000BF04B0704782B001900B46ADF8023068
:10038000BDF80230019A13441B68002B14BF0123EF
:100390000023DBB2184602B0704782B00190009192
:1003A000019B009AC3F8042300BF02B0704782B0DB
:1003B00001900091019B009AC3F8082300BF02B08E
:1003C000704782B00190019B0722C3F8002500BF4F
:1003D00002B0704782B00190019B0022C3F8002553
:1003E00000BF02B0704784B0039002910192009365
:1003F000039B029AC3F80825039B019AC3F80C25B6
:10040000039B009AC3F8102500BF04B0704782B068
:1004100001900091009A019BC3F8242500BF02B00F
:10042000704784B0039002910192029A039BC3F833
:100430004425039B019AC3F8482500BF04B07047C8
:1004400084B0039002910192029A039BC3F8342571
:10045000039B019AC3F8382500BF04B0704784B0ED
:1004600001900B468DF8033013468DF802309DF84D
:100470000230002B14BF01230023DBB203939DF84D
:100480000330032B10D0032B13DC012B02D0022BE3
:1004900005D00EE0039B43F0020303930AE0039BA5
:1004A00043F00403039305E0039B43F00603039327
:1004B00000E000BF019B039AC3F8542500BF04B0BD
:1004C000704782B001900B468DF803309DF80320F1
:1004D000019BC3F8C02500BF02B0704782B00190F5
:1004E000019B0122C3F8502500BF02B0704782B0C3
:1004F0000190019B0022C3F8502500BF02B0704755
:1005000082B00190019B0122C3F8402500BF02B0D8
:10051000704782B00190019B0022C3F8402500BFC4
:1005200002B0704700B583B00190019B1B6818466C
:1005300000F0B4F80346002B04D105494FF4F670DF
:10054000F5F770FF4FF0A043184603B05DF804FBC9
:10055000A430040000B585B00190084611461A4643
:1005600003468DF803300B468DF8023013468DF8A4
:10057000013001AB1846FFF7D5FF03909DF803202B
:100580009DF802305B001A439DF801309B001A432E
:100590009DF818301B0242EA03019DF81C301B0431
:1005A000019A1943039B02F5E07243F8221000BF41
:1005B00005B05DF804FB00B585B0039000230193FE
:1005C000002300930023012201210398FFF7C2FFBB
:1005D00000BF05B05DF804FB00B585B003900B4685
:1005E0008DF80B309DF80B30002201920022009212
:1005F000002200210398FFF7ADFF00BF05B05DF8B2
:1006000004FB00B585B00390002301930023009301
:100610000023012200210398FFF79CFF00BF05B0D3
:100620005DF804FB00B585B0019001AB1846FFF7FB
:1006300079FF0390019B012202FA03F31946039804
:1006400000F018F800BF05B05DF804FB00B585B0F8
:10065000019001AB1846FFF765FF0390019B012253
:1006600002FA03F31946039800F00EF800BF05B034
:100670005DF804FB82B001900091019B009AC3F8E1
:10068000082500BF02B0704782B001900091019B25
:10069000009AC3F80C2500BF02B0704784B00190E7
:1006A000019B5B09029300230393029B002B03D160
:1006B0004FF0FF33039300BF019B03F01F0301932F
:1006C000039A019B22FA03F303F00103002B14BFEA
:1006D00001230023DBB2184604B0704700B58DB08B
:1006E0000590049103920293049B002B03D16C4963
:1006F000AD20F5F797FE059B1B791A461346DB00E4
:1007000013449B00674A13440A930A9B1B7F002BE8
:1007100003D008230793079BBDE0059B1B68099343
:10072000059B1A68059B1B7919465F4B53F82130CE
:1007300019461046FFF7DAFC0346002B03D01123BD
:100740000793079BA7E00A9B039A1A600A9B029AE9
:100750005A60049B1B7B012B05D8049B1B78184611
:10076000FFF774FF04E0049B1B781846FFF75AFF5D
:10077000049B1B7818460023019300230093002359
:1007800000220121FFF7E6FE049B5B78FF2B09D0D6
:10079000049B5B780B930B98FFF758FF0B98FFF7C0
:1007A0000AFF02E04FF0FF330B93049B9B78FF2B73
:1007B00007D0049B9B78089301210898FFF70CFF52
:1007C00002E04FF0FF330893049B9A780A9B83F86A
:1007D0002020049BDA780A9BDA77049BDB78FF2BD6
:1007E00017D0049B1B79002B05D0049BDB7818469F
:1007F000FFF72CFF04E0049BDB781846FFF712FF9D
:10080000049BDB781846FFF7D6FE049B1A790A9BF7
:100810009A77049B1B781946089B0B9A0998FFF757
:10082000E2FD049B9B6819460998FFF7F0FD049BC5
:10083000197B049B5B7B1A460998FFF710FE049B0B
:100840009B7919460998FFF73CFE0998FFF7B9FD17
:100850000A9B1B68002B15D0059B1B681846FFF7E9
:1008600017FD03461A46049B5B7919461046FFF7AD
:1008700017FD059B1B681846FFF70AFD034618463F
:10088000FFF73AFD0A9B00225A770A9B01221A774A
:1008900000230793079B18460DB05DF804FB00BFCB
:1008A000DC300400583D00202C31040000B585B038
:1008B0000190019B1B791A461346DB0013449B00F1
:1008C0002A4A13440393039B1B7F002B04D128491E
:1008D0004FF4AE70F5F7A6FD039B1B68002B08D004
:1008E000019B1B681846FFF7D3FC03461846FFF729
:1008F00011FD019B1B680293039B1B68002B1BD0FF
:100900001C490298FFF753FD039B5B7FDBB2002B72
:1009100012D014210298FFF70BFD00BF4FF4827133
:100920000298FFF728FD034683F00103DBB2002B9A
:10093000F4D1039B00225A77039B93F82030FF2BBE
:1009400005D0039B93F820301846FFF75AFE029813
:10095000FFF740FD019B1B681846FFF709FC039B4E
:1009600000221A7700BF05B05DF804FB583D002057
:10097000DC3004005201080000B583B00190019BF7
:10098000DB7FFF2B0ED0019B9B7F002B05D0019BB3
:10099000DB7F1846FFF75AFE04E0019BDB7F184619
:1009A000FFF740FE019B00225A77019B00221A723A
:1009B000019B1B68019A02F10800019A52681146D6
:1009C000984700BF03B05DF804FB00B583B0019009
:1009D0000B468DF803309DF8033083F00103DBB242
:1009E000002B04D040210198FFF7E1FC03E04021F7
:1009F0000198FFF7D2FC00BF03B05DF804FB00B51F
:100A000083B001900091009B03F00103002B03D001
:100A10000198FFF763FD02E00198FFF768FD009B76
:100A200003F00203002B03D00198FFF769FD02E0F9
:100A30000198FFF76EFD00BF03B05DF804FB00B541
:100A400087B00390029101920093019B1B68002BD9
:100A50000AD0019B1B681846FFF70CFC034683F085
:100A60000103DBB2002B0ED1019B9B68002B11D040
:100A7000019B9B681846FFF7FDFB034683F00103CB
:100A8000DBB2002B06D0029B00225A77102305937D
:100A9000059B54E0019B1968019B5B681A4603980B
:100AA000FFF7BFFC019B9968019BDB681A4603981E
:100AB000FFF7C6FC4FF48C710398FFF747FC0099D1
:100AC0000398FFF79CFF009B03F00803002B03D162
:100AD00010210398FFF72CFC029B1B68002B1FD1F1
:100AE00000BF4FF48C710398FFF745FC034683F079
:100AF0000103DBB2002BF4D1029BDB7FFF2B1BD069
:100B0000029B9B7F002B05D0029BDB7F1846FFF7E3
:100B10009DFD11E0029BDB7F1846FFF783FD0BE094
:100B2000009B03F00403002B0CBF01230023DBB266
:100B300019460398FFF749FF00230593059B1846C4
:100B400007B05DF804FB000010B586B00390029179
:100B50000192039B1B791A461346DB0013449B004A
:100B6000394A13440593059B1B7F002B04D1374959
:100B700040F22D20F5F756FC029B1B68002B08D194
:100B8000029B5B68002B04D0304940F22E20F5F721
:100B900049FC029B9B68002B08D1029BDB68002B61
:100BA00004D02A4940F22F20F5F73CFC039B1B7927
:100BB000002B07D1029BDB68FF2B03D8029B5B68ED
:100BC000FF2B04D921494FF40C70F5F72BFC0023BF
:100BD0000493059B5B7FDBB2002B03D011230493AE
:100BE000049B2EE0059B1B68002B07D0019B03F0A4
:100BF0001403002B02D1059B01225A77059B029A10
:100C000003F10C0413460FCB84E80F00059BDB7F38
:100C1000FF2B0ED0059B9B7F002B05D0059BDB7F18
:100C20001846FFF7FFFC04E0059BDB7F1846FFF743
:100C30000DFD039B1868019B029A0599FFF7FFFEC3
:100C40000346184606B010BD583D0020DC300400B5
:100C500000B583B0019000914FF48C710198FFF7BB
:100C60008AFB0346002B10D04FF48C710198FFF7DC
:100C70006DFB009B1B68002B04D1064940F29720B6
:100C8000F5F7D0FB0098FFF777FE00BF03B05DF8E3
:100C900004FB00BFDC30040008B503494FF04020DE
:100CA000FFF7D6FF00BF08BD583D002082B00346C5
:100CB0008DF807309DF90730002B0CDB9DF80730CD
:100CC00003F01F0205499DF907305B09012000FA76
:100CD00002F241F8232000BF02B0704700E100E0BB
:100CE00082B003468DF807309DF90730002B13DBE7
:100CF0009DF8073003F01F0209499DF907305B0991
:100D0000012000FA02F2203341F82320BFF34F8F75
:100D100000BFBFF36F8F00BF00BF02B0704700BFBE
:100D200000E100E082B0034600918DF807309DF9A4
:100D30000730002B0ADB009BDAB20C499DF9073023
:100D40005201D2B20B4483F800230BE0009BDAB2CD
:100D500007499DF8073003F00F03043B5201D2B25C
:100D60000B441A7600BF02B0704700BF00E100E0FC
:100D700000ED00E082B00190019B1B0B5BB21846B6
:100D800002B0704700B583B003460A468DF80730BD
:100D900013468DF806309DF80630012B03D99DF8D7
:100DA0000630032B0BD99DF80630042B03D99DF890
:100DB0000630072B03D908496B20F5F733FB9DF864
:100DC00006209DF9073011461846FFF7ABFF00BF1C
:100DD00003B05DF804FB00BF3031040000B583B000
:100DE00003468DF807309DF907301846FFF75EFF80
:100DF00000BF03B05DF804FB00B583B003468DF877
:100E000007309DF907301846FFF76AFF00BF03B0AF
:100E10005DF804FB84B001900B46ADF80230BDF8DC
:100E20000230019A134400221A60BDF80230019A80
:100E300013441B680393039B00BF04B0704782B048
:100E400001900B46ADF80230BDF80230019A134410
:100E50001B68002B14BF01230023DBB2184602B02D
:100E6000704782B001900091019B009AC3F804235F
:100E700000BF02B0704782B001900091019BD3F88F
:100E80000423009B1340002B14BF01230023DBB27B
:100E9000184602B0704782B001900091019B009A01
:100EA000C3F8082300BF02B0704784B00190019BD3
:100EB000D3F880340393019B039AC3F88024039BE7
:100EC000184604B0704782B00190019B0422C3F819
:100ED000002500BF02B0704782B00190019B002244
:100EE000C3F8002500BF02B0704784B003900291A0
:100EF0000192039B019AC3F81425039B029AC3F83D
:100F00000C2500BF04B0704700B583B001904FF0CE
:100F1000FF324FF0FF310198FFF7E7FF00BF03B04A
:100F20005DF804FB82B00190019BD3F80C351846A4
:100F300002B0704782B00190019BD3F81435184677
:100F400002B0704782B00190019BD3F80835184673
:100F500002B0704782B00190019BD3F8103518465B
:100F600002B0704784B0039002910192039B029AF1
:100F7000C3F80825039B019AC3F8102500BF04B0ED
:100F8000704700B583B001904FF0FF324FF0FF3152
:100F90000198FFF7E7FF00BF03B05DF804FB82B0E4
:100FA0000190019BD3F81835DBB2184602B07047A8
:100FB00082B001900B468DF803309DF80320019B11
:100FC000C3F81C2500BF02B0704782B001900B46E9
:100FD0008DF803309DF80330019A134401221A6002
:100FE00000BF02B0704782B001900B468DF803300D
:100FF00013468DF802309DF803209DF8023013430C
:10100000DBB21A46019BC3F86C2500BF02B07047E3
:1010100082B001900091019B009AC3F8242500BF83
:1010200002B0704700B583B00190019B1B68184661
:1010300000F096F80346002B04D105494FF4F670F2
:10104000F5F7F0F94FF0A043184603B05DF804FB44
:101050006031040000B585B00190084611461A467B
:1010600003468DF803300B468DF8023013468DF899
:10107000013001AB1846FFF7D5FF03909DF8032020
:101080009DF802305B001A439DF801309B001A4323
:101090009DF818301B0242EA03019DF81C301B0426
:1010A000019A1943039B02F5E07243F8221000BF36
:1010B00005B05DF804FB00B585B0039000230193F3
:1010C000002300930023012201210398FFF7C2FFB0
:1010D00000BF05B05DF804FB00B585B003900B467A
:1010E0008DF80B309DF80B30002201920022009207
:1010F000002200210398FFF7ADFF00BF05B05DF8A7
:1011000004FB00B585B003900023019300230093F6
:101110000023012200210398FFF79CFF00BF05B0C8
:101120005DF804FB00B585B0019001AB1846FFF7F0
:1011300079FF0390019B012202FA03F319460398F9
:1011400000F004F800BF05B05DF804FB82B0019028
:101150000091019B009AC3F8082500BF02B07047B8
:1011600084B00190019B5B09029300230393029BCF
:10117000002B03D14FF0FF33039300BF019B03F01B
:101180001F030193039A019B22FA03F303F0010367
:10119000002B14BF01230023DBB2184604B07047B4
:1011A00000B583B001900091009B1B68B3F1FF3F35
:1011B00009D0009B1B681846FFF7B4FF009B1B6813
:1011C0001846FFF778FF009B5B68B3F1FF3F05D03F
:1011D000009B5B6800211846FFF77EFF019B1A68A1
:1011E000009B9B6919461046FFF712FF019B186888
:1011F000009B597D009B1B7D1A46FFF7F4FE019B67
:101200001868009B1968009B5B681A46FFF76DFE23
:10121000009B1B7D012B22D1009B9B68B3F1FF3FFC
:1012200005D0009B9B6800211846FFF755FF009BE7
:10123000DB68B3F1FF3F09D0009BDB681846FFF77E
:1012400071FF009BDB681846FFF735FF019B1868AC
:10125000009BD968009B9B681A46FFF783FE00BF7E
:1012600003B05DF804FB000000B583B001900B46AD
:101270008DF80330019B1B684FF48E711846FFF701
:10128000C9FD019B1B684FF4A2711846FFF7C2FD10
:10129000019B1B680E491846FFF7E3FD019B1B6885
:1012A0001846FFF767FD03461A469DF803301946B6
:1012B0001046FFF767FD019B1B681846FFF75AFDB4
:1012C00003461846FFF78AFD00BF03B05DF804FB34
:1012D0008000020000B583B00190019B1B680849A3
:1012E0001846FFF7D8FD019B1B681846FFF742FD23
:1012F00003461846FFF780FD00BF03B05DF804FB0E
:101300008402020000B587B00190019B1B6818465B
:10131000FFF708FE0590019B1B681846FFF70AFEC1
:101320000490019B1B681846FFF70CFE0390019B7D
:101330001B681846FFF70EFE0290019B1B681846BB
:10134000FFF7E2FD019B1B681846FFF71AFE059B9D
:10135000B3F1FF3F02D00598FFF7D3FE049BB3F132
:10136000FF3F02D00498FFF7CCFE029BB3F1FF3F92
:1013700002D00298FFF7C5FE039BB3F1FF3F02D0F6
:101380000398FFF7BEFE00BF07B05DF804FB000046
:1013900000B587B0039002910192029B002B03D10C
:1013A0002D49AA20F5F73EF8039B1B791A462C23FA
:1013B00002FB03F3294A1344049300230593049B7F
:1013C00093F82A30002B03D008230593059B3EE0B9
:1013D000039B1A68039B1B791946214B53F8213054
:1013E00019461046FEF782FE0346002B03D0112358
:1013F0000593059B2BE002990398FFF7D1FE049B10
:10140000019A5A60029B1A69049B1A60049B5B68EC
:10141000002B05D0029B1B7F19460398FFF724FF82
:10142000039B1B681846FFF74EFD049B00229A6140
:10143000049B0022DA61049B002283F82920049B8C
:1014400000225A61049B012283F82A20059B18463A
:1014500007B05DF804FB00BF983104007C3D00201C
:10146000E831040000B585B00190019B1B791A4654
:101470002C2302FB03F3114A13440393019B1B68C3
:101480001846FFF729FD039B5B68002B02D00198EB
:10149000FFF720FF0198FFF735FF019B1B681846F7
:1014A000FEF766FE039B002283F82A20039B00229E
:1014B0005A6000BF05B05DF804FB00BF7C3D002012
:1014C00000B585B0019000914FF48E710198FFF73F
:1014D000A1FC009B9A68009B1B6A13441B788DF843
:1014E0000F30009B1B6A5A1C009B1A629DF80F303C
:1014F00019460198FFF75CFD00BF05B05DF804FBDD
:1015000000B585B001900091009B5B69039316E0E4
:10151000009B93F82830DBB2002B01D0002314E0AD
:101520004FF48E710198FFF78AFC034683F00103A4
:10153000DBB2002BECD100990198FFF7C1FF009BB3
:101540001B6A039A9A42EBD80123184605B05DF84E
:1015500004FB000000B587B0039002910192039B49
:101560001B791A462C2302FB03F33C4A13440493D1
:10157000049B93F82A30012B04D039494FF48C7026
:10158000F4F750FF029B002B04D1354940F21910AB
:10159000F4F748FF019B002B04D131494FF48D70C3
:1015A000F4F740FF039800F05DF80346002B03D0EA
:1015B00011230593059B4CE0049B019A5A61049BFF
:1015C000029A9A60049B00221A62049B002283F80C
:1015D000282000230593039B1B684FF48E71184647
:1015E000FFF718FC039B1B6808211846FFF7EDFC6A
:1015F000039B1B6804991846FFF762FF049B5B6816
:10160000002B25D1039B1B6804991846FFF778FF30
:10161000034683F00103DBB2002B02D00F230593B6
:1016200013E000BF039B1B684FF48E711846FFF751
:1016300006FC034683F00103DBB2002BF2D1039BCF
:101640001B680C211846FFF7C0FC049B00225A615E
:10165000059B184607B05DF804FB00BF7C3D0020E9
:101660009831040082B00190019B1B791946074A0A
:101670002C2301FB03F3134414331B68002B14BF0A
:1016800001230023DBB2184602B070477C3D0020E6
:1016900000B583B00190019B1B684FF4927118460E
:1016A000FFF7B8FB019B1B684FF484711846FFF7E6
:1016B000B1FB019B1B6800211846FFF786FC00BFA9
:1016C00003B05DF804FB10B582B001900091009B5F
:1016D0009B69002B08D14FF484710198FFF79AFBA6
:1016E0000198FFF75CFC13E04FF484710198FFF759
:1016F00091FB009BDA68009B5B6AD4180198FFF7A6
:101700004EFC03462370009B5B6A5A1C009B5A6286
:1017100002B010BD00B589B0039002910192039B05
:101720001B791A462C2302FB03F37F4A13440593CB
:10173000039B1B7919467C4A2C2301FB03F31344BA
:101740002A331B78012B04D078494FF4B670F4F794
:1017500069FE029B002B04D1744940F26D10F4F72E
:1017600061FE019B002B04D170494FF4B770F4F770
:1017700059FE00238DF81C30059B5B68002B06D0BA
:10178000039B1B684FF401711846FFF784FB059B10
:101790009B69002B15D0059BDB69002B0ED0059BA8
:1017A0005B68002B06D0039B1B684FF40171184641
:1017B000FFF757FB11230693069BB0E001238DF83A
:1017C0001C309DF81C3083F00103DBB2002B0CD0E1
:1017D000059B019A9A61059B029ADA60059B00229B
:1017E0005A62059B0022DA6105E0059B029A1A61A4
:1017F000059B019ADA61059B93F8293083F0010378
:10180000DBB2002B09D09DF81C3083F00103DBB262
:10181000002B02D00398FFF73BFF059B5B68002B72
:1018200073D1039B1B684FF4A2711846FFF7F2FABD
:10183000039B1B684FF492711846FFF700FB0346A9
:101840008DF81F30039B1B684FF484711846FFF717
:10185000F6FA03468DF81E30039B1B684FF4A27105
:101860001846FFF7ECFA03468DF81D309DF81E3040
:1018700083F00103DBB2002B0DD09DF81D3083F007
:101880000103DBB2002B06D09DF81F3083F001036B
:10189000DBB2002BCCD19DF81F30002B0FD19DF86F
:1018A0001D30002B0BD1039B1B6805991846FFF7D1
:1018B0000AFF059B9A69059B5B6A9A42B8D8059B0B
:1018C00000229A619DF81F30002B03D0032306935A
:1018D000069B24E09DF81D30002B03D00F230693B8
:1018E000069B1CE0059B93F82930002B06D0039B38
:1018F0001B6800211846FFF768FB0DE0039B1B687F
:1019000004211846FFF761FB06E0039B1B684FF4B8
:1019100001711846FFF7A5FA00230693069B1846A7
:1019200009B05DF804FB00BF7C3D00209831040045
:1019300000B589B003900291019201238DF8103017
:10194000029B0693019B0593039B5B68039A1168B6
:1019500004AA1046984700BF09B05DF804FB00B523
:1019600087B00190009100238DF80830009B04930C
:10197000019B9B680393019B00225A61019B5B685A
:10198000019A116802AA1046984700BF07B05DF897
:1019900004FB00B583B00190019B1B684FF40171FB
:1019A0001846FFF778FA019B1B6804211846FFF7D9
:1019B0000CFB00BF03B05DF804FB00B58BB00190D9
:1019C00000914FF400710198FFF755FA0346002B80
:1019D00039D04FF492710198FFF731FA0346002B8A
:1019E00031D04FF492710198FFF714FA4FF401715E
:1019F0000198FFF750FA009B93F8293083F0010318
:101A0000DBB2002B03D004210198FFF7DEFA02239A
:101A10008DF80C300198FFF748FA03460693009BB7
:101A20009B690593009BDB680493009B00229A61ED
:101A3000009B0022DA61009B5B68009A116803AA90
:101A40001046984752E004210198FFF714FA034624
:101A5000002B4BD04FF484710198FFF7F0F9034647
:101A6000002B43D000990198FFF72DFE009B9A6947
:101A7000009B5B6A9A4239D1009BDB69002B19D02D
:101A8000009BDB680993009B5B6A0893009BDA6903
:101A9000009B9A61009B1A69009BDA60009B002200
:101AA000DA61009B00225A62099A08990098FFF7B0
:101AB0003FFF1BE0009B93F8293083F00103DBB26A
:101AC000002B03D004210198FFF77FFA4FF4017136
:101AD0000198FFF7E0F9009B00229A61009B596A88
:101AE000009BDB681A460098FFF722FF4FF48E71C7
:101AF0000198FFF7A4F90346002B24D0009B5B69F3
:101B00000793009B1B6A079A9A420DD9009B93F892
:101B10002830DBB283F00103DBB2002B04D0009944
:101B20000198FFF7CDFC0EE04FF48E710198FFF79E
:101B300071F9009B5B69002B05D0009B5B6919461E
:101B40000098FFF70CFF4FF4A2710198FFF777F9A7
:101B50000346002B1CD04FF4A2710198FFF75AF9ED
:101B6000009B93F82930002B03D000210198FFF748
:101B70002CFA009B9B69002B0AD0009B00229A61E3
:101B8000009B596A009BDB681A460098FFF7D0FE5D
:101B900000BF0BB05DF804FB08B503490348FFF72D
:101BA0000CFF00BF08BD00BF7C3D002000200040AE
:101BB00082B003468DF807309DF90730002B0CDB0F
:101BC0009DF8073003F01F0205499DF907305B09B6
:101BD000012000FA02F241F8232000BF02B0704752
:101BE00000E100E082B003468DF807309DF9073030
:101BF000002B13DB9DF8073003F01F0209499DF904
:101C000007305B09012000FA02F2203341F823205B
:101C1000BFF34F8F00BFBFF36F8F00BF00BF02B095
:101C2000704700BF00E100E082B0034600918DF8EC
:101C300007309DF90730002B0ADB009BDAB20C4914
:101C40009DF907305201D2B20B4483F800230BE018
:101C5000009BDAB207499DF8073003F00F03043BFD
:101C60005201D2B20B441A7600BF02B0704700BFD7
:101C700000E100E000ED00E082B00190019B03F084
:101C80006043B3F1005F0CBF01230023DBB21846B1
:101C900002B0704782B00190019B1B0B5BB21846EB
:101CA00002B0704700B583B003460A468DF807308E
:101CB00013468DF806309DF80630012B03D99DF8A8
:101CC0000630032B0BD99DF80630042B03D99DF861
:101CD0000630072B03D908496B20F4F7A3FB9DF8C6
:101CE00006209DF9073011461846FFF79DFF00BFFB
:101CF00003B05DF804FB00BFEC31040000B583B015
:101D000003468DF807309DF907301846FFF750FF5E
:101D100000BF03B05DF804FB00B583B003468DF847
:101D200007309DF907301846FFF75CFF00BF03B08E
:101D30005DF804FB84B001900B46ADF80230BDF8AD
:101D40000230019A134400221A60BDF80230019A51
:101D500013441B680393039B00BF04B0704782B019
:101D600001900B46ADF80230BDF80230019A1344E1
:101D70001B68002B14BF01230023DBB2184602B0FE
:101D8000704782B001900091019BD3F80022009B24
:101D90001A43019BC3F8002200BF02B0704782B013
:101DA00001900091019BD3F80022009BDB431A4075
:101DB000019BC3F8002200BF02B0704782B00190BF
:101DC0000091019B009AC3F8042300BF02B0704742
:101DD00082B001900091019B009AC3F8082300BFD4
:101DE00002B0704784B00190019BD3F88034039314
:101DF000019B039AC3F88024039B184604B07047E4
:101E000082B00190019B0822C3F8002500BF02B0F8
:101E1000704782B00190019B0022C3F8002500BFEB
:101E200002B0704784B0039002910192039B029A22
:101E3000C3F80C25039B019AC3F8142500BF04B016
:101E4000704700B583B001904FF0FF324FF0FF3183
:101E50000198FFF7E7FF00BF03B05DF804FB82B015
:101E60000190019BD3F80C35184602B0704782B040
:101E70000190019BD3F81435184602B0704782B028
:101E80000190019BD3F80835184602B0704782B024
:101E90000190019BD3F81035184602B0704784B00A
:101EA000039002910192039B029AC3F80825039BB9
:101EB000019AC3F8102500BF04B0704700B583B085
:101EC00001904FF0FF324FF0FF310198FFF7E7FF2D
:101ED00000BF03B05DF804FB82B001900B468DF8A3
:101EE00003309DF80330019A134401221A6000BFA9
:101EF00002B0704782B001900B468DF80330134654
:101F00008DF802309DF803209DF802301343DBB2B8
:101F10001A46019BC3F86C2500BF02B0704782B01F
:101F200001900091019B009AC3F8242500BF02B0E4
:101F3000704784B0039002910192029A039BC3F808
:101F40004425039B019AC3F8482500BF04B070479D
:101F500082B00190019BD3F84C35184602B070470F
:101F600084B0039002910192029A039BC3F8342536
:101F7000039B019AC3F8382500BF04B0704782B0B4
:101F80000190019BD3F83C35184602B07047000021
:101F900000B583B00190019B1B68184600F096F8CD
:101FA0000346002B04D105494FF4F670F4F73AFAD2
:101FB0004FF0A043184603B05DF804FB1C32040048
:101FC00000B585B00190084611461A4603468DF8C3
:101FD00003300B468DF8023013468DF8013001AB0B
:101FE0001846FFF7D5FF03909DF803209DF80230B7
:101FF0005B001A439DF801309B001A439DF818308E
:102000001B0242EA03019DF81C301B04019A19438C
:10201000039B02F5E07243F8221000BF05B05DF8A3
:1020200004FB00B585B003900023019300230093C7
:102030000023012201210398FFF7C2FF00BF05B072
:102040005DF804FB00B585B003900B468DF80B30AE
:102050009DF80B3000220192002200920022002104
:102060000398FFF7ADFF00BF05B05DF804FB00B5B6
:1020700085B00390002301930023009300230122E5
:1020800000210398FFF79CFF00BF05B05DF804FB3B
:1020900000B585B0019001AB1846FFF779FF0390BA
:1020A000019B012202FA03F31946039800F004F899
:1020B00000BF05B05DF804FB82B001900091019B68
:1020C000009AC3F8082500BF02B0704784B00190A1
:1020D000019B5B09029300230393029B002B03D116
:1020E0004FF0FF33039300BF019B03F01F030193E5
:1020F000039A019B22FA03F303F00103002B14BFA0
:1021000001230023DBB2184604B0704700B583B04A
:1021100001900091009B1B68B3F1FF3F09D0009B29
:102120001B681846FFF7B4FF009B1B681846FFF7B3
:1021300078FF009B5B68B3F1FF3F05D0009B5B68B5
:1021400000211846FFF77EFF019B1A68009B9B69E0
:1021500019461046FFF7E3FE019B1868009B597D66
:10216000009B1B7D1A46FFF7C5FE019B1868009B6C
:102170001968009B5B681A46FFF754FE009B1B7DA5
:10218000012B22D1009B9B68B3F1FF3F05D0009B40
:102190009B6800211846FFF755FF009BDB68B3F1F1
:1021A000FF3F09D0009BDB681846FFF771FF009BDB
:1021B000DB681846FFF735FF019B1868009BD9685C
:1021C000009B9B681A46FFF76AFE00BF03B05DF8EC
:1021D00004FB000000B583B001900B468DF803307E
:1021E000019B1B684FF488711846FFF7A3FD019B04
:1021F0001B684FF490711846FFF79CFD019B1B680C
:102200004FF492711846FFF795FD019B1B684FF440
:10221000A2711846FFF78EFD019B1B684FF4AC714D
:102220001846FFF787FD019B1B680F491846FFF70B
:10223000C5FD019B1B681846FFF72CFD03461A4697
:102240009DF8033019461046FFF72CFD019B1B68D3
:102250001846FFF71FFD03461846FFF74FFD00BF66
:1022600003B05DF804FB00BF1003420000B583B06B
:102270000190019B1B6808491846FFF7A9FD019BC7
:102280001B681846FFF706FD03461846FFF744FD96
:1022900000BF03B05DF804FB1003420000B587B037
:1022A0000190019B1B681846FFF7D9FD0590019B23
:1022B0001B681846FFF7DBFD0490019B1B6818465E
:1022C000FFF7DDFD0390019B1B681846FFF7DFFD5C
:1022D0000290019B1B681846FFF7B3FD019B1B682A
:1022E0001846FFF7EBFD059BB3F1FF3F02D00598C1
:1022F000FFF7BDFE049BB3F1FF3F02D00498FFF748
:10230000B6FE029BB3F1FF3F02D00298FFF7AFFE8B
:10231000039BB3F1FF3F02D00398FFF7A8FE00BF75
:1023200007B05DF804FB000000B587B00390029190
:102330000192029B002B03D12B49CF20F4F772F8B6
:10234000039B1B791A461346DB0013449B00274A64
:102350001344049300230593049B93F82030002B2F
:1023600003D008230593059B3AE0039B1A68039B5F
:102370001B7919461E4B53F8213019461046FDF7BC
:10238000B5FE0346002B03D011230593059B27E0E0
:1023900002990398FFF7BAFE049B019A5A60029BC8
:1023A0001A69049B1A60049B5B68002B05D0029B92
:1023B0001B7F19460398FFF70DFF039B1B68184608
:1023C000FFF71EFD049B00229A61049B0022DA6144
:1023D000049B00225A61049B012283F82020059B64
:1023E000184607B05DF804FB54320400A83D0020F5
:1023F000A832040000B585B00190019B1B791A46F4
:102400001346DB0013449B002A4A13440393019BA9
:102410001B680293039B5B68002B02D00198FFF7B7
:1024200025FF20210298FFF7BAFC039B9B69002B34
:1024300008D04FF4A2710298FFF77CFC04210298A7
:10244000FFF74AFD4FF4AC710298FFF773FC0C21C3
:102450000298FFF741FD00BF4FF4AC710298FFF7FF
:102460007EFC034683F00103DBB2002BF4D1039B17
:102470009B69002B0AD04FF4A2710298FFF76FFC02
:10248000034683F00103DBB2002BE5D10298FFF78E
:10249000C0FC0198FFF702FF0298FDF769FE039B5D
:1024A000002283F82020039B00225A6000BF05B061
:1024B0005DF804FBA83D002000B589B003900291AF
:1024C0000192039B1B791A461346DB0013449B00C1
:1024D000564A13440593059B93F82030012B04D0F2
:1024E000534940F25310F3F79DFF029B002B04D198
:1024F0004F494FF4AA70F3F795FF019B002B04D1CD
:102500004B4940F25510F3F78DFF039B1B79002BCD
:1025100002D1019BFF2B04D945494FF4AB70F3F76F
:1025200081FF0298FFF7A8FB034683F00103DBB2AB
:10253000002B03D010230793079B73E0039800F050
:1025400079F80346002B03D011230793079B69E01A
:10255000059B019A5A61059B029A9A600023079392
:10256000039B1B684FF490711846FFF7E3FB039B36
:102570001B684FF4AC711846FFF7DCFB039B18682F
:10258000059B9968059B5B691A46FFF7D2FC039B84
:102590001B6808211846FFF79FFC059B5B68002B12
:1025A0003FD1039B1B684FF490711846FFF7D7FB90
:1025B00003468DF81B30039B1B684FF4AC71184623
:1025C000FFF7CDFB03468DF81A309DF81B3083F0E2
:1025D0000103DBB2002B06D09DF81A3083F0010313
:1025E000DBB2002BDDD19DF81A30002B02D00F2377
:1025F000079313E0039B1B680C211846FFF76CFC44
:1026000000BF039B1B684FF4AC711846FFF7A7FB94
:10261000034683F00103DBB2002BF2D1059B0022BD
:102620005A61079B184609B05DF804FBA83D0020DD
:102630005432040082B00190019B1B791946084A6C
:102640000B46DB000B449B00134414331B68002B28
:1026500014BF01230023DBB2184602B0704700BF4D
:10266000A83D002000B589B0039002910192039B20
:102670001B791A461346DB0013449B00864A134419
:102680000593039B1B791946834A0B46DB000B44D9
:102690009B00134420331B78012B04D07F494FF457
:1026A000D370F3F7BFFE029B002B04D17B4940F2AD
:1026B000A710F3F7B7FE019B002B04D177494FF425
:1026C000D470F3F7AFFE039B1B79002B02D1019B63
:1026D000FF2B04D9714940F2A910F3F7A3FE029829
:1026E000FFF7CAFA034683F00103DBB2002B03D0E5
:1026F00010230693069BCAE000238DF81F30059B2C
:102700005B68002B06D0039B1B684FF404711846CE
:10271000FFF75EFB059B9B69002B15D0059BDB69D2
:10272000002B0ED0059B5B68002B06D0039B1B681B
:102730004FF404711846FFF741FB11230693069BE3
:10274000A5E001238DF81F309DF81F3083F00103B1
:10275000DBB2002B09D0059B019A9A61059B029A76
:10276000DA60059B0022DA6105E0059B029A1A6196
:10277000059B019ADA6100230693039B1B684FF4C3
:1027800088711846FFF7D6FA039B1B684FF4A271B5
:102790001846FFF7CFFA039B1B68019A0299184667
:1027A000FFF7DEFB9DF81F3083F00103DBB2002B47
:1027B00006D0039B1B6800211846FFF78DFB05E040
:1027C000039B1B6820211846FFF7DBFA039B1B794C
:1027D0001946314A0B46DB000B449B00134404337B
:1027E0001B68002B4BD1039B1B684FF48871184664
:1027F000FFF7B5FA03468DF81330039B1B684FF4BF
:10280000A2711846FFF7ABFA03468DF81230039B0E
:102810001B684FF492711846FFF7A1FA03468DF832
:1028200011309DF8133083F00103DBB2002B0DD083
:102830009DF8123083F00103DBB2002B06D09DF827
:10284000113083F00103DBB2002BCCD1039B1B7949
:102850001946114A0B46DB000B449B001344183306
:1028600000221A609DF81130002B01D0032306933B
:102870009DF81230002B09D00F23069306E0039B2E
:102880001B684FF404711846FFF798FA069B184628
:1028900009B05DF804FB00BFA83D002054320400DD
:1028A00000B589B003900291019201238DF8103098
:1028B000029B0693019B0593039B5B68039A116837
:1028C00004AA1046984700BF09B05DF804FB00B5A4
:1028D00087B00190009100238DF80830009B04938D
:1028E000019B9B680393019B00225A61019B5B68DB
:1028F000019A116802AA1046984700BF07B05DF818
:1029000004FB000000B585B00190019B1B791A46BD
:102910001346DB0013449B000B4A13440393039BB1
:10292000DB69002B05D0019B1B6820211846FFF7AF
:1029300036FA019B1B6804211846FFF7CDFA00BF49
:1029400005B05DF804FB00BFA83D002000B589B0CC
:10295000019000914FF492710198FFF700FA03463D
:10296000002B22D04FF492710198FFF7E3F9022374
:102970008DF808300198FFF735FA03460593019862
:10298000FFF7FDFA03460493009BDB680393009B6B
:1029900000229A61009B0022DA61009B5B68009A2A
:1029A000116802AA104698473BE04FF488710198DD
:1029B000FFF7D5F90346002B33D04FF48871019807
:1029C000FFF7B8F90198FFF7DAFA0790009B9B69C7
:1029D000079A9A4225D1009BDB69002B17D0009BF8
:1029E000DB68069320210198FFF7D9F9009BDA698B
:1029F000009B9A61009B1A69009BDA60009B002291
:102A0000DA61069A07990098FFF74AFF09E0009BF0
:102A100000229A61009BDB681A4607990098FFF72D
:102A20003FFF4FF4A2710198FFF799F90346002B7D
:102A300018D04FF4A2710198FFF77CF9009B9B69B5
:102A4000002B0FD0009B00229A61009B0022DA61CC
:102A50000198FFF794FA0146009BDB681A4600983C
:102A6000FFF71EFF4FF490710198FFF778F90346C6
:102A7000002B14D04FF490710198FFF75BF90C21F3
:102A80000198FFF729FA009B5B69002B07D001989A
:102A9000FFF75EFA034619460098FFF718FF4FF458
:102AA000AC710198FFF75BF90346002B10D04FF48F
:102AB000AC710198FFF73EF9009B5B69002B07D0D2
:102AC0000198FFF745FA034619460098FFF7FFFE05
:102AD00000BF09B05DF804FB08B503490348FFF7E0
:102AE00035FF00BF08BD00BFA83D0020002000400A
:102AF00084B003468DF807309DF807305B08DBB2E1
:102B00001A460D4B9B5C8DF80F309DF8073003F093
:102B10000103002B04D09DF80F301B09DBB204E049
:102B20009DF80F3003F00F03DBB28DF80E309DF8E7
:102B30000E30184604B07047E03D002084B00346D4
:102B40000A468DF8073013468DF806309DF8073099
:102B500003F00103002B01D00F2300E0F0238DF8D8
:102B60000F309DF8073003F00103002B04D09DF8CF
:102B700006301B01DBB201E09DF806308DF80E3007
:102B80009DF807305B08DBB21A46114B9A5C9DF842
:102B900007305B08DBB219469DF80F301340DAB2FC
:102BA0000B4B5A549DF807305B08DBB21A46084BB2
:102BB0009A5C9DF807305B08DBB219469DF80E3031
:102BC0001343DAB2024B5A5400BF04B0704700BF3F
:102BD000E03D002000B585B003468DF807300023A6
:102BE000039310E00F4B1A68039BDB00134402931E
:102BF000029B1B789DF807209A4201D1029B0DE0B1
:102C0000039B01330393084B1B781A46039B9342A3
:102C1000E8DB06498820F3F705FC0023184605B0D9
:102C20005DF804FBCC3D0020D03D0020B83204000C
:102C300000B585B003460A468DF8073013468DF877
:102C400006309DF807301846FFF7C4FF0390039B3A
:102C5000002B0BD0039B5B68002B07D0039B5B68AA
:102C60009DF806109DF807201046984700BF05B054
:102C70005DF804FB2DE9F04F87B003460A468DF856
:102C80000F3013468DF80E309DF80F301846FFF7C1
:102C90002FFF0346042B00F2C28001A252F823F05A
:102CA000B52C0300292D0300452D0300752D0300CD
:102CB0008B2D03009DF80E30002B00F0AD809DF8A9
:102CC0000F3001211846FFF739FF00238DF8173028
:102CD0000DF11703184601F097F89DF80F104FF00B
:102CE00001024FF00003A1F12004C1F1200003FA1A
:102CF00001F702FA04F4274322FA00F0074302FA2C
:102D000001F6494BD3E9002346EA020100913B4317
:102D10000193454BDDE90012C3E900129DF817301D
:102D2000184601F087F877E09DF80E30002B01D0AF
:102D3000022200E000229DF80F3011461846FFF7EE
:102D4000FDFE6CE09DF80E30002B0CD09DF80F308E
:102D500003211846FFF7F2FE9DF80F3001211846B7
:102D6000FFF766FF5BE09DF80F3001211846FFF783
:102D7000E5FE54E09DF80E30002B4FD19DF80F304A
:102D800004211846FFF7DAFE48E09DF80E30002BCC
:102D900006D09DF80F3003211846FFF7CFFE3EE026
:102DA0009DF80F3000211846FFF7C8FE9DF80F3040
:102DB00000211846FFF73CFF00238DF816300DF177
:102DC0001603184601F020F89DF80F104FF001028D
:102DD0004FF00003A1F12006C1F1200003FA01F534
:102DE00002FA06F6354322FA00F0054302FA01F42E
:102DF0006FEA04086FEA05090B4BD3E9002308EAE0
:102E0000020A09EA030B084BC3E900AB9DF8163030
:102E1000184601F00FF802E000BF00E000BF00BF5D
:102E200007B0BDE8F08F00BFD83D002000B583B0EB
:102E30000648074B1B685B080022194600F02CFE71
:102E4000019000BF03B05DF804FB00BFB02C002070
:102E5000D43D002000B587B001900023059328E001
:102E60001C4B1A68059BDB0013440493049B1B78DE
:102E70001846FCF7E7FF03468DF80F30049B5B789C
:102E8000012B0CBF01230023DBB21A469DF80F3043
:102E90009A420CBF012300238DF80E30049B1B784F
:102EA0009DF80E2011461846FFF7E4FE059B0133FE
:102EB0000593094B1B781A46059B9342D0DB074BC1
:102EC000D3E90023134301D0FFF7B0FF00BF07B0E1
:102ED0005DF804FBCC3D0020D03D0020D83D002013
:102EE00000B585B001900B468DF80330019BDBB235
:102EF0001846FFF76FFE0390039B1B781846FCF7FC
:102F0000A1FF03468DF80B30039B5B78012B0CBFB0
:102F100001230023DBB21A469DF80B309A420CBF06
:102F2000012300238DF80A309DF80A30002B06D0CB
:102F3000054BD3E90023134301D1FFF777FF00BF0F
:102F400005B05DF804FB00BFD83D002000B58BB094
:102F500003900B4601928DF80B30019B092B01D891
:102F6000072367E0FCF760FE034683F00103DBB252
:102F7000002B09D0FCF7F4FD0990099B0893089BEE
:102F8000002B01D0089B55E02C4A039B13602C4A70
:102F90009DF80B3013702B4A019B13601022002107
:102FA00029480EF0E1F829494FF000024FF00003E4
:102FB000C1E9002331E09DF80B30DB00039A134494
:102FC000079303238DF8143000238DF815309DF8F6
:102FD000163023F001038DF816309DF8163023F0DB
:102FE00002038DF816309DF8163023F004038DF897
:102FF0001630079B9B788DF81530079B1B78184679
:1030000005AB134A1946FCF71BFE0990099B069372
:10301000069B002B01D0069B0CE09DF80B305A1E3E
:103020008DF80B20002BC6D10A4A00210A4800F077
:10303000F9FC034618460BB05DF804FBCC3D0020BC
:10304000D03D0020D43D0020E03D0020D83D0020B0
:10305000E12E0300552E03000C33040000B583B0AD
:10306000114B1B68002B04D1104940F23510F3F7C7
:10307000D9F9002301930CE00B4B1A68019BDB008C
:1030800013441B7801211846FCF758FE019B0133BD
:103090000193074B1B781A46019B9342ECD3002304
:1030A000184603B05DF804FBCC3D0020B8320400A4
:1030B000D03D002086B003900291019201238DF84B
:1030C00017309DF81730204A039B13601E4A029B5D
:1030D00053601D4A019B9360039B44F2010293429B
:1030E00012D0039B44F20202934220D1019B164A64
:1030F000D360154BDB681B68134A9361124BDB6886
:103100005B68114AD36112E0019B0F4A13610E4BB9
:103110001B699B680C4A53610B4B1B691B680A4A6D
:103120009361094B1B695B68074AD36100BF72B6A4
:1031300000BF00BF9DF81730DBB2002BFAD162B69A
:1031400000BF00BF06B07047F03D002000B583B05F
:1031500002900091019244F2010071466A4600F02B
:1031600003F803B000BD00BF30B58BB007900691E7
:10317000059272B600BF0BF025F80AF0E1FD034698
:10318000002BFAD1079B44F2020293422FD0079BF7
:1031900044F20202934269D8079B44F2010293422F
:1031A00037D0079B44F2010293425FD8079B012B63
:1031B00005D0079B41F2010293420CD056E0394AF8
:1031C000394BD31ADB081B0443F001033749184677
:1031D0000AF0A0FC57E0334A334BD31ADB081B0438
:1031E00043F00103324918460AF094FC4BE0059B7A
:1031F00009932C4A2C4BD31ADB081B0443F0010023
:10320000099B5B681A46099B1B682A490AF0A1FCC6
:1032100039E0059B0893234A234BD31ADB081B0490
:1032200043F00104089B9D68089B9B68184609F0C1
:1032300075FF03461846089B5B681946089B1B6888
:10324000069A02920193009103462A461A492046A3
:103250000AF0A9FC134A144BD31ADB081B0443F0F1
:103260000103164918460AF055FC0CE00D4A0E4BB6
:10327000D31ADB081B0443F00103069A10491846D1
:103280000AF056FC00BF0F4B1B6803F00103002B34
:1032900000D000BE059A06990798FFF70BFF00BF04
:1032A0000BB030BD8814040058140400103304001F
:1032B00030330400543304007033040098330400A6
:1032C000AC330400F0ED00E084B00190019B9B68FA
:1032D0000393019BDA68039BD31A184604B0704726
:1032E00082B001900B468DF80330019B1A68019B58
:1032F000DB68019989880B4013449DF803201A70FC
:10330000019BDB685A1C019BDA6000BF02B070476A
:1033100084B003900B460192ADF80A30039B1A6803
:10332000039B9968BDF80A300B44039989880B40C8
:1033300013441A78019B1A7000BF04B0704700B59F
:1033400083B001900091009A00210198FFF7E0FFFF
:10335000019B9B685A1C019B9A6000BF03B05DF8FB
:1033600004FB00B583B001900B468DF80330019843
:10337000FFF7AAFF0246019B9B889A4207D89DF857
:10338000033019460198FFF7ABFF002300E0042348
:10339000184603B05DF804FB00B583B001900091BE
:1033A0000198FFF791FF0346002B05D00099019883
:1033B000FFF7C5FF002300E00523184603B05DF8C2
:1033C00004FB00002DE9F04383B0144801F02DF90F
:1033D000034600221C461546114BD3E9002314EB8B
:1033E000020845EB0309CDE900890E4BD3E9002320
:1033F000DDE90001904271EB030307D2DDE9002310
:1034000012F1807643F10007CDE90067DDE9002382
:103410001046194603B0BDE8F08300BFD02C002051
:10342000183E0020203E002088B001900091019BB2
:103430000793009B0693079BD3E90223CDE904235E
:10344000069BD3E90223CDE90223DDE90423DDE96C
:103450000201904271EB03032CBF01230023DBB276
:10346000184608B070470000F0B585B00190019B88
:103470005B69002B03D14349A520F2F7D3FF00235A
:103480008DF80F30404B1B78002B75D0019B002B23
:1034900072D0FFF797FF019BD3E90223904271EBB3
:1034A000030358D300238DF80D300DF10D0318469A
:1034B00000F0AAFC019B1B69002B06D101994FF07B
:1034C000FF324FF0FF33C1E902239DF80D3018465B
:1034D00000F0B0FC019B5B69019A92691046984725
:1034E00000238DF80C3003AB184600F08DFC019BD7
:1034F0001B69002B1AD0019BD3E90223B3F1FF3FD4
:1035000008BFB2F1FF3F11D0019BD3E9022301991B
:10351000096900200C460546161943EB0507019B77
:10352000C3E9026701238DF80E3002E000238DF815
:103530000E309DF80C30184600F07CFC9DF80E30E3
:10354000002B19D0019B1946104809F041FD0123B9
:103550008DF80F3010E0019BD3E90223B3F1FF3F58
:1035600008BFB2F1FF3F07D0019B1946074809F099
:103570002FFD01238DF80F309DF80F30184605B050
:10358000F0BD00BFD0330400143E002028340400F6
:1035900030B58BB0019000910D230993009B002260
:1035A0001A70019BD3E90223CDE90623FFF70AFF36
:1035B000DDE90623141A63EB0105CDE90445DDE9D5
:1035C0000423012A73F1000318DB049BB3F5350FC4
:1035D00005D300F00BFB0246144B134400E0069B9E
:1035E00003934FF49603039A0021114800F010FF53
:1035F0000990099B002B05D1012314E000210C4800
:1036000000F0DEFF099B0D2B07D10198FFF72CFF7F
:1036100003461A46009B1A7004E006494FF4867070
:10362000F2F700FF002318460BB030BDFFFFB400D7
:10363000D02C0020D033040000B583B0044809F03A
:1036400001FD0190019B184603B05DF804FB00BF2B
:103650002834040000B583B0044809F015FD01903A
:10366000019B184603B05DF804FB00BF283404003A
:1036700000B583B0FFF7E0FF0190019B002B06D05F
:1036800001994FF0FF324FF0FF33C1E90223019B54
:10369000002BEFD100BF00BF03B05DF804FB0000BA
:1036A000054BD3E9002312F1807043F10001024B76
:1036B000C3E9000100BF7047183E002010B582B07A
:1036C0000190124B1B68002B1DD0019800F0ADFF3C
:1036D00004460021019800F099FF03461946204650
:1036E00000F078FA0346B3F5960F04D3084940F288
:1036F0004110F2F797FE054B1B681846FFF7B4FE22
:10370000024B00221A6000BF02B010BD103E002024
:10371000D033040000B583B00190FFF753FE02469A
:103720000B460349C1E9002300BF03B05DF804FB69
:10373000203E002000B587B00190FFF78BFF04907A
:1037400000238DF81730049B002B58D0049BD3E93D
:103750000223B3F1FF3F08BFB2F1FF3F02D1FFF7F1
:103760006BFF54E02E4B1B68002B03D101238DF817
:1037700017301DE0049BD3E90201294B1B68D3E9F4
:103780000223904271EB030312D201238DF817300C
:10379000234B1B68D3E90223B3F1FF3F08BFB2F10B
:1037A000FF3F05D01E4B1B6819461E4809F010FC50
:1037B0009DF81730002B2BD0FFF73EFF04900DF142
:1037C0000F0319460498FFF7E3FE0346002B12D0BF
:1037D000134B1B68002B02D1019800F025FD104A05
:1037E000049B13609DF80F3083F00103DBB2002BC4
:1037F000A3D000BF0FE00A4B00221A609DE7084BE0
:103800001B68002B06D1019800F024FD02E094E72C
:1038100000BF00E000BF00BF07B05DF804FB00BFC1
:10382000103E00202834040000B587B001902B4AD8
:1038300003AB1946104602F07EFF049045E0049B5E
:103840001B78022B2BD0022B2FDC002B02D0012B5C
:1038500011D02AE0049B5B68D3E90223B3F1FF3F58
:1038600008BFB2F1FF3F22D0049B5B6819461C4899
:1038700009F0AEFB1BE0049B5A681A4B1B689A4286
:1038800003D1184B00221A6012E0049B5B681946B2
:10389000134809F00DFC03468DF8173008E0FFF7D8
:1038A000E7FE114B01221A7002E000BF00E000BFEA
:1038B0000A4A03AB1946104602F056FF074A03AB0B
:1038C0001946104602F037FF0490049B002BB6D136
:1038D00000BF00BF07B05DF804FB00BF803E0020C2
:1038E00028340400103E0020143E002000B583B0B0
:1038F0000190019800F057FE0346002B01D0FFF71E
:10390000CFFE0021019800F06CFE0346002B02D090
:103910000198FFF7D3FE0121019800F062FE0346F3
:10392000002B02D00198FFF7F5FE0198FFF77CFF0E
:103930000198FFF7FFFE00BF03B05DF804FB000035
:1039400008B5024800F07EFE00BF08BDD02C002064
:1039500000B585B0034600918DF80730114A02ABDF
:103960001946104602F0BAFE0390039B002B13D0B9
:10397000039B9DF807201A70039B009A5A60094A1E
:1039800002AB1946104602F0C2FE0346002B01D0DE
:10399000FFF7D6FF002300E00423184605B05DF8CA
:1039A00004FB00BF803E002000B583B0164B1B68AF
:1039B0000093164808235822154902F048FE01904A
:1039C000019B002B01D0019B19E06B46114A19465F
:1039D000114800F0ABFB0190019B002B01D0019B33
:1039E0000DE001210C4800F0CDFD01230B4A01211F
:1039F000094800F045FC0A4B01221A70019B184649
:103A000003B05DF804FB00BF24340400803E0020B6
:103A1000283E0020ED380300D02C0020FFFF7F005F
:103A2000143E002000B587B003900B4601928DF83C
:103A30000B30039B002B04D1164940F25A20F2F7B9
:103A4000F1FC019B002B04D1124940F25B20F2F7FC
:103A5000E9FC019B002B01D1072317E0039B1B68A6
:103A6000059305994FF0FF324FF0FF33C1E9022370
:103A7000059B019A5A619DF80B30012B0CBF012365
:103A80000023DBB21A46059B1A610023184607B0D3
:103A90005DF804FBD0330400F0B589B003900291C7
:103AA0000192039B002B04D1264940F26B20F2F7D0
:103AB000B9FC039B069300238DF817300DF1170313
:103AC000184600F0A1F9069BD3E90223B3F1FF3FAA
:103AD00008BFB2F1FF3F11D1FFF774FC02460B465D
:103AE000029900200C460546161943EB0507069B74
:103AF000C3E9026701238DF81F3002E000238DF82F
:103B00001F309DF81730184600F094F99DF81F30CB
:103B100083F00103DBB2002B01D000230EE0069BF3
:103B2000019A9A61069B1B69002B02D0069B029AA0
:103B30001A6106990020FFF70BFF0346184609B0EB
:103B4000F0BD00BFD033040000B587B00190019BE9
:103B5000002B04D11E4940F29320F2F763FC019B35
:103B6000049300238DF80F300DF10F03184600F079
:103B70004BF9049BD3E90223B3F1FF3F08BFB2F135
:103B8000FF3F03D100238DF8173009E004994FF06F
:103B9000FF324FF0FF33C1E9022301238DF81730C4
:103BA0009DF80F30184600F045F99DF8173083F066
:103BB0000103DBB2002B01D0002304E004990120B3
:103BC000FFF7C6FE0346184607B05DF804FB00BFCA
:103BD000D033040082B001900091019A009BD31A67
:103BE00023F07F43184602B07047000008B5034831
:103BF00000F01BFD0346184608BD00BFD02C002076
:103C000000B587B00390029113468DF8073000236A
:103C10000593039B1B781A46114B9B5C002B09D024
:103C2000039B04339DF8072002991846FEF744FCD5
:103C300005900FE0039B1B781A46094B9B5C002BF9
:103C400008D1039B0C339DF8072002991846FDF715
:103C500081FC0590059B184607B05DF804FB00BF8A
:103C6000E83C002000B585B0019000238DF80F30AE
:103C7000019B1B781A46114B9B5C002B08D0019BC3
:103C800004331846FEF7D6FC03468DF80F300EE0DD
:103C9000019B1B781A46094B9B5C002B07D1019BAB
:103CA0000C331846FDF7DEFC03468DF80F309DF807
:103CB0000F30184605B05DF804FB00BFE83C00205B
:103CC00000B585B003468DF807309DF807301946DA
:103CD0001048FFF746FB0390039B002B15D10E48BD
:103CE000FFF7C0FF034683F00103DBB2002B0CD0CB
:103CF0000A490848FFF750FB0346002B05D1012273
:103D000006490548FFF77CFF0390039B184605B062
:103D10005DF804FB983E0020D82C0020943E002043
:103D200082B0EFF310830093009B019372B600BF43
:103D3000019B184602B0704762B600BF00BF7047D3
:103D400000B585B00190FFF7EBFF0390164B9B6821
:103D5000002B1BD1144B01229A60144BD3F8802006
:103D6000134B1340104A1360104B114AC3F88020C4
:103D70000E4BD3F884300C4A53600C4B4FF0FF329B
:103D8000C3F88420019B00221A7002E0019B0122EB
:103D90001A70039B002B01D1FFF7CEFF00231846BA
:103DA00005B05DF804FB00BFA83E002000E100E084
:103DB000FC06FFBD00B585B003468DF80730104BFB
:103DC0009B68002B16D09DF80730002B12D1FFF70F
:103DD000A7FF03900B4A0A4B1B681360094A084B64
:103DE0005B685360064B00229A60039B002B01D155
:103DF000FFF7A2FF0023184605B05DF804FB00BFE3
:103E0000A83E002000E100E000B583B0019000F082
:103E10002BF80346012B03D005494320F2F702FBA0
:103E20000198FFF78DFF00BF03B05DF804FB00BFF2
:103E30003434040000B583B003468DF8073000F039
:103E400013F80346012B03D006495120F2F7EAFA92
:103E50009DF807301846FFF7ADFF00BF03B05DF8CF
:103E600004FB00BF3434040084B0EFF305830193F6
:103E7000019BC3F308030393039B002B0DD1EFF3C6
:103E800014830093009B0293029B03F00103002B19
:103E90000CBF01230023DBB200E00123184604B06D
:103EA0007047000082B003468DF807309DF9073057
:103EB000002B0CDB9DF8073003F01F0205499DF92C
:103EC00007305B09012000FA02F241F8232000BF0D
:103ED00002B0704700E100E082B003468DF8073081
:103EE0009DF90730002B0DDB9DF8073003F01F0212
:103EF00006499DF907305B09012000FA02F24033C0
:103F000041F8232000BF02B0704700BF00E100E08D
:103F100082B0034600918DF807309DF90730002BE1
:103F20000ADB009BDAB20C499DF907305201D2B28C
:103F30000B4483F800230BE0009BDAB207499DF89D
:103F4000073003F00F03043B5201D2B20B441A7640
:103F500000BF02B0704700BF00E100E000ED00E0EC
:103F600000B583B003460A468DF8073013468DF836
:103F700006309DF80630012B03D99DF80630032B3F
:103F80000BD99DF80630042B03D99DF80630072B7A
:103F900003D908496B20F2F745FA9DF806209DF9F0
:103FA000073011461846FFF7B3FF00BF03B05DF8B6
:103FB00004FB00BF9034040000B583B003468DF8C5
:103FC00007309DF907301846FFF76CFF00BF03B0BC
:103FD0005DF804FB00B585B00190019B002B0AD071
:103FE000074B43F001030393019B9B010293039B47
:103FF0000298984700E000BF05B05DF804FB00BFE1
:104000009035040084B0039002910192039B029AC0
:1040100002F5A872019943F8221000BF04B070475E
:1040200082B001900091019B009A02F5A87253F8AA
:104030002230184602B0704782B001900091019B77
:10404000009AC3F8042300BF02B0704782B0019009
:104050000091019B009AC3F8082300BF02B070478B
:1040600082B001900B46ADF80230BDF80230019AE3
:1040700013441B68184602B0704784B001900B4689
:10408000ADF80230BDF80230019A134400221A60E4
:10409000BDF80230019A13441B680393039B00BFD1
:1040A00004B0704782B00190019BD3F804351846E4
:1040B00002B0704700B583B001900091009BB3F54A
:1040C000805F04D306494FF4BE70F2F7ABF9019B51
:1040D000009AC3F8082500BF03B05DF804FB00BFD9
:1040E000C034040082B001900B468DF803309DF877
:1040F0000320019B13441A460123136000BF02B042
:10410000704782B001900091019B009AC3F844234C
:1041100000BF02B0704782B001900091019B009AED
:10412000C3F8482300BF02B07047000000B587B055
:10413000039002910192039B002B03D13349552038
:10414000F2F770F9029B002B03D130495620F2F7A9
:1041500069F9019B002B03D12C495720F2F762F932
:10416000039B5B7919462A4A019B42F82130039B45
:104170005B79284ADB0013441B79002B0ED00823FF
:104180000593254A254BD31ADB081B0443F0020391
:104190002349184609F0BEFC059B32E0039B1A68D0
:1041A000029B1B8819461046FFF784FF039B93F977
:1041B0000420029B9B7819461046FFF7D1FE039B13
:1041C00093F904301846FFF7F7FE039B5B79114A19
:1041D000DB00134401221A71039B5B7919460D4AD7
:1041E000039B42F83130002305930B4A0B4BD31A43
:1041F000DB081B0443F003030A49184609F08AFC54
:10420000059B184607B05DF804FB00BFF0340400BE
:10421000B43E0020B83E0020981404005814040056
:10422000403504006435040000B583B00190019B63
:10423000002B03D106498720F2F7F4F8019B1B6895
:1042400000211846FFF74EFF00BF03B05DF804FBE6
:10425000F034040000B583B00190019B002B03D122
:1042600006498D20F2F7DEF8019B1B6804211846F1
:10427000FFF738FF00BF03B05DF804FBF034040023
:1042800000B587B00390029101928DF80330039B33
:10429000002B03D121499620F2F7C4F84FF4803265
:1042A000029B02FA03F30593029B50339BB29B00DF
:1042B000ADF81230019B23F07F430193039B1B68F1
:1042C00005991846FFF7C2FE039B1B68059918461F
:1042D000FFF721FF039B1B68BDF81220114618460B
:1042E000FFF7CBFE039B1B68019A02991846FFF764
:1042F00089FE039B1B6805991846FFF702FF9DF88E
:104300000330002B05D0039B1B6805991846FFF767
:1043100093FE00BF07B05DF804FB00BFF03404005B
:1043200000B585B00390029113468DF80730039BCA
:10433000002B03D10B49A920F2F774F8039B1B68EB
:1043400002991846FFF7DDFE9DF80730002B05D0D7
:10435000039B1B6802991846FFF76EFE00BF05B06D
:104360005DF804FBF034040000B583B001900091C7
:10437000019B002B03D10A49B320F2F753F8019BAC
:104380001B6800991846FFF7C6FE019B1B68009941
:104390001846FFF75BFE00BF03B05DF804FB00BFEB
:1043A000F034040000B583B001900B46ADF8023044
:1043B000019B002B03D10F49BA20F2F733F8019B80
:1043C0001B68BDF8022011461846FFF749FE034658
:1043D000002B09D0019B1B68BDF80220114618462E
:1043E000FFF74BFE012300E00023184603B05DF801
:1043F00004FB00BFF034040082B001900091019AE8
:10440000009BD31A23F07F43184602B07047000088
:1044100000B58BB00390029101920093039B002B97
:1044200003D15749CD20F1F7FDFF4FF48032029BB5
:1044300002FA03F30993029B50339BB29B00ADF841
:104440002230019B23F07F43019309990398FFF7E2
:104450008BFF039B1B681846FFF724FE0790039B06
:104460001B6802991846FFF7DBFD0690039B1B684B
:10447000079A02991846FFF7C5FD039B1B68BDF814
:10448000222011461846FFF7F8FD07990698FFF716
:10449000B3FF0346012B0AD11020FFF79BFD039BBE
:1044A0001B68BDF8222011461846FFF7E6FD039B66
:1044B0001B681846FFF7F6FD079007990198FFF76C
:1044C0009BFF0590039B1B6809991846FFF719FE8F
:1044D000059B012B15D1039B1868019B01331A46DC
:1044E0000299FFF78FFD1020FFF774FD039B1B68F7
:1044F0001846FFF7D7FD0246079B934235D00D23A0
:1045000039E0039B1B68019A02991846FFF77AFD70
:10451000039B1B681846FFF7C5FD0790019B013BF5
:1045200007991846FFF768FF0590009BC3F1FF133A
:1045300003F57F43059A9A4201D90D231BE0059BA1
:10454000002B12D1039B1868019B01331A46029974
:10455000FFF758FD039B1B681846FFF7A3FD0246B3
:10456000079B934201D00D2305E00122099903988E
:10457000FFF7D6FE002318460BB05DF804FB00BF22
:10458000F034040000B583B001900B468DF8033081
:104590009DF803301A4602210198FFF7C1FE00BFC3
:1045A00003B05DF804FB00B583B001904FF4827155
:1045B0000198FFF7F7FE0346184603B05DF804FBC9
:1045C00000B583B0019000914FF48032009B02FA55
:1045D00003F319460198FFF7C7FE00BF03B05DF86B
:1045E00004FB00B585B001900091009B50339BB255
:1045F0009B00ADF80E30BDF80E3019460198FFF75C
:10460000D1FE0346184605B05DF804FB00B583B043
:1046100001900091019B1B6800991846FFF700FD6F
:104620000346184603B05DF804FB00B583B0019063
:10463000019B1B681846FFF735FD0346184603B07B
:104640005DF804FB00B583B00190019B93F9043041
:104650001846FFF741FC00BF03B05DF804FB000003
:1046600008B5044B1B68044A12681046984700BFFF
:1046700008BD00BFB43E0020B83E002082B00190CB
:10468000019B03F00303002B0CBF01230023DBB2CB
:10469000184602B07047000000B585B001900023B5
:1046A00003930EE00B4A039B52F82330002B05D0F6
:1046B000084A039B52F8233001989847039B013323
:1046C0000393039B032BEDD900BF00BF05B05DF83A
:1046D00004FB00BFD03E002082B001900091019BFE
:1046E0001B78013B052B61D801A252F823F000BFD3
:1046F00009470300114703003747030069470300D8
:1047000089470300A5470300009B00221A704EE072
:10471000009B01221A70019B1A89009B9A81019BC0
:104720009A88009BDA81019BDA68009B9A60009B63
:1047300000221A743BE0009B02221A70019B1A8926
:10474000009B9A81019B9A88009BDA81019BDA6821
:10475000009B9A60019B9B7D062B0CBF01230023CD
:10476000DAB2009B1A7422E0009B03221A70019BAC
:10477000DA88009B9A81019B1A89009BDA81019B50
:10478000DA68009B9A6012E0009B04221A70019B79
:10479000DA88009B9A81009B0022DA81009B00222C
:1047A0009A6004E0009B05221A7000E000BF00BF81
:1047B00002B0704784B001900091019B0393039A6B
:1047C000009B9A4206D2039B1B68B3F1FF3F01D0C6
:1047D000012300E0002303F00103DBB2184604B01C
:1047E000704782B00190019B5B8803339B00019A64
:1047F0001344184602B0704700B583B00190009191
:104800000198FFF7EEFF0246009B934201D202237C
:1048100011E0019B9B884FF6FF72934208D0019BE9
:104820001B88002B04D0019B9B68B3F1FF3F01D193
:10483000012300E00023184603B05DF804FB0000EC
:1048400000B583B00190019B002B13D00D4BDB68AA
:104850001A46019B93420DD30A4B1B691A46019BD2
:10486000934207D80198FFF709FF0346002B01D0B8
:10487000012300E0002303F00103DBB2184603B07C
:104880005DF804FB0C2B002082B00190019B002BF3
:1048900004D0019B1B680B4A934201D003230DE017
:1048A000019B04331B68084A934204D0074A934291
:1048B00003D1012302E0002300E00323184602B0E5
:1048C000704700BFDEC0ADDEFE011EF1FF011EF12C
:1048D00084B00190019B1B68B3F1FF3F06D0019BA0
:1048E0001B680E4A934201D0002314E00123039376
:1048F0000CE0039B9B00019A13441B68B3F1FF3F3C
:1049000001D0002307E0039B01330393039BB3F51E
:10491000806FEED30123184604B07047DEC0ADDED1
:1049200082B003460A46ADF806301346ADF80430AF
:10493000BDF80620134913469B0013449B000B440B
:1049400008331A88BDF804301344ADF80430BDF8BC
:1049500006200C4913469B0013449B000B440A336A
:104960001A88BDF804301344ADF80430BDF80430A3
:10497000B3F5806F94BF01230023DBB2184602B069
:10498000704700BF803F002084B00190009148F242
:10499000096303930023ADF80A3027E0BDF80A202D
:1049A000164913469B0013449B000B4404331B68B9
:1049B000009A9A4215D9BDF80A20104913469B0067
:1049C00013449B000B4404331B6803F58053009A87
:1049D0009A4206D200230393019BBDF80A201A8055
:1049E00008E0BDF80A300133ADF80A30BDF80A30EE
:1049F000012BD3D9039B184604B07047803F002099
:104A000000B589B0039002910192039B03F5805396
:104A10000693039B08330393029B02221A80039B95
:104A2000079332E006990798FFF7E6FE03468DF8F4
:104A300017309DF81730002B0AD1079B9A68184B46
:104A40001B689A4213D9079B9B68154A13600EE0B6
:104A5000019B002B02D0019B01221A709DF8173098
:104A6000022B04D1029B4FF480621A8014E0029B57
:104A70001A88079B5B8813449BB203339AB2029B4C
:104A80001A800798FFF7ADFE079006990798FFF781
:104A900091FE0346002BC5D109B05DF804FB00BFB1
:104AA000E03E002082B001900091009B9B7D022B94
:104AB00009D9019B1A89009BDB8813449BB20333FD
:104AC0009AB2019B1A81019B5A89009BDB88D31AF9
:104AD0009BB2033B9AB2019B5A8100BF02B0704760
:104AE00000B583B0074B1B681946002300930823C9
:104AF000054A064806F078FE0346184603B05DF8FE
:104B000004FB00BFA83F0020E43504000C2B00206C
:104B100000B585B003900399002300930823044A4D
:104B2000044806F061FE0346184605B05DF804FB34
:104B3000EC3504000C2B002000B585B00346009135
:104B4000ADF8063000238DF80F30BDF80630033382
:104B5000ADF80A30BDF80A3040F2FE32934202D975
:104B600048F208634BE00023ADF80C303BE0BDF8A1
:104B70000C20254913469B0013449B000B441B78D3
:104B8000002B2BD1BDF80A20BDF80C301146184679
:104B9000FFF7C6FE0346002B20D001238DF80F300F
:104BA000009BBDF80C201A80BDF80C201649134656
:104BB0009B0013449B000B440A331988BDF80C205A
:104BC000BDF80A300B4498B20F4913469B001344BA
:104BD0009B000B440A3302461A8008E0BDF80C30F3
:104BE0000133ADF80C30BDF80C30012BBFD99DF866
:104BF0000F30002B01D0002301E048F20663184675
:104C000005B05DF804FB00BF803F002082B0034682
:104C10000A46ADF806301346ADF80430BDF804205E
:104C20000D4913469B0013449B000B440A331A881A
:104C3000BDF80630D31A9BB2BDF80420033B98B2EE
:104C4000054913469B0013449B000B440A3302465C
:104C50001A8000BF02B07047803F002008B50121D4
:104C6000024801F06DFE0346184608BDE03E0020F4
:104C700000B585B003460091ADF80630BDF80620BA
:104C8000244913469B0013449B000B4404331B68C8
:104C900003F580530293009B1B680393039B002B37
:104CA00004D00398FFF79DFD039026E0BDF8062091
:104CB000184913469B0013449B000B4404331B68A4
:104CC0000833039319E002990398FFF795FD034613
:104CD000022B10D0022B10DC002B02D0012B05D0B0
:104CE0000BE0009B039A1A6001230EE00398FFF784
:104CF00078FD039001E0002307E002990398FFF795
:104D000059FD0346002BDED10023184605B05DF89F
:104D100004FB00BF803F002000B585B001900091EA
:104D2000019B5B681846FFF78BFD0346002B19D0EB
:104D3000019B1A89244B1B899A4213D1019B1A6843
:104D4000019B5B689B689A420CD1019B5B6819468A
:104D50000098FFF719FE0346002B0CBF0123002328
:104D6000DBB22CE0009B00221A8023E00023029398
:104D700010E0029B0393039B9A68019B1B689A4275
:104D800008D1029A019B5A600F4B1A89019B1A8124
:104D9000012314E0009B1B8802AA11461846FFF766
:104DA00067FF0346002BE4D1009B1B8801339AB2B6
:104DB000009B1A80009B1B88012BD7D90023184623
:104DC00005B05DF804FB00BFB03F002000B587B020
:104DD0000390029101920093324B1B78DBB283F077
:104DE0000103DBB2002B02D048F2016355E0019BC6
:104DF000002B02D0009B002B49D148F204634CE009
:104E0000009B9B881946284A0B469B000B449B003D
:104E100013441B78002B33D124E0009B1B680593BF
:104E2000039B002B06D0059B9A88039B1B889A4204
:104E300000D017E0029B002B06D0059B1A88029B2E
:104E40001B889A4200D00DE0059B9A68019B1A606E
:104E5000009B1A68019B5A60144B1A89019B1A81A6
:104E600000231AE0009B9B88009A11461846FFF722
:104E7000FFFE0346002BD0D1009B00221A6000E009
:104E800000BF009B9B8801339AB2009B9A80009BD5
:104E90009B88012BB4D948F20963184607B05DF826
:104EA00004FB00BFC03E0020803F0020B03F002038
:104EB00000B587B00291019200930346ADF80E3021
:104EC000BDF80E20324913469B0013449B000B444F
:104ED00004331B6808330593BDF80E202C49134694
:104EE0009B0013449B000B4404331B6803F5805361
:104EF000049342E004990598FFF77EFC0346022BD9
:104F000025D0022B38DC002B16D0012B34D1019B8D
:104F10001B8801339AB2019B1A80009B1A88059B5B
:104F20005B8813449BB203339AB2009B1A800598A6
:104F3000FFF757FC059020E0029B1B8801339AB2D3
:104F4000029B1A800598FFF74CFC059015E0019B29
:104F50001B8801339AB2019B1A80009B1A8804991E
:104F6000059BCB1A9B109BB213449AB2009B1A80EC
:104F7000089B01221A7007E000BF04990598FFF70B
:104F800019FC0346002BB5D107B05DF804FB00BF48
:104F9000803F002000B585B00190084B019918466C
:104FA00001F09CFB03901C22002103980CF0DCF81C
:104FB000039B184605B05DF804FB00BF703F00205E
:104FC00000B583B00190044B0199184601F09FFB96
:104FD00000BF03B05DF804FB703F002000B583B054
:104FE0000190054B0199184601F0A5FB03461846B0
:104FF00003B05DF804FB00BF703F002000B583B034
:105000000190044B0199184601F0AEFB00BF03B0BC
:105010005DF804FB703F002008B50A4B1B68002BAD
:1050200004D109494FF42470F1F7FCF90121054836
:1050300001F09EFC0346002B14BF01230023DBB2CA
:10504000184608BDC83E00209835040000B587B05A
:10505000002305930023ADF812300323ADF8103080
:1050600000238DF80F300023ADF80C30F7E0BDF8C9
:105070000C301A03824BDB68134402930298FFF74B
:1050800003FC03468DF807309DF80730032B08D04A
:10509000032B00F3DE80002B65D0012B00F09880FD
:1050A000D7E00298FFF714FC0346002B3BD0754B6A
:1050B0001B68002B29D0BDF81220734913469B00B2
:1050C00013449B000B4402221A70BDF812206E4953
:1050D00013469B0013449B000B440433029A1A604E
:1050E000BDF81220684913469B0013449B000B44F3
:1050F000083302221A80654ABDF812305380BDF889
:1051000012300133ADF8123008E05E4A029B1360A2
:105110005C4B02229A8001238DF80F30059B43F0EF
:105120000103059396E0BDF81030013BADF8103057
:10513000BDF81220544913469B0013449B000B44B6
:105140000433029A1A60BDF812204F4913469B009F
:1051500013449B000B4403221A70BDF81230013334
:10516000ADF8123076E0BDF81220474913469B0097
:1051700013449B000B4400221A70BDF812204249D0
:1051800013469B0013449B000B440433029A1A609D
:10519000BDF8122013469B0013449B0008333A4A83
:1051A0009918BDF8122013469B0013449B0010333E
:1051B000354A13441A460298FFF722FC059B43F038
:1051C00002030593BDF812300133ADF8123041E00F
:1051D0009DF80F30002B29D0BDF812202A49134624
:1051E0009B0013449B000B4402221A70BDF812204E
:1051F000244B1968244813469B0013449B00034426
:1052000004331960BDF812201F4913469B00134454
:105210009B000B44083302221A801C4ABDF812304E
:105220005380BDF812300133ADF81230154A029B9D
:105230001360002216490298FFF7E2FB114B9B888E
:10524000022B01D1042300E00823059A13430593A0
:1052500000E000BFBDF80C300133ADF80C30BDF8F4
:105260000C30022B7FF603AFBDF81030012B01D8B4
:1052700000230593059BDBB2184607B05DF804FBDD
:105280000C2B0020A83F0020803F0020B03F0020D2
:10529000AC3F002000B587B003900291039B02222F
:1052A0009A750299039B1A1D002300930423074853
:1052B00006F09AFA0590059B002B01D1002301E02E
:1052C00048F20D63184607B05DF804FB0C2B002074
:1052D00000B587B003900291039B1B69002B01D09E
:1052E000032200E00122039B9A75029B08331946B2
:1052F000039B03F10C02002300930423074806F0EC
:1053000073FA0590059B002B01D1002301E048F2C0
:105310000D63184607B05DF804FB00BF0C2B00209E
:1053200000B587B003900291039B1B78032B01D13A
:10533000052200E00622039B9A75029B043319465E
:10534000039B03F10802002300930423074806F09F
:105350004BFA0590059B002B01D1002301E048F298
:105360000D63184607B05DF804FB00BF0C2B00204E
:1053700000B587B003900B46ADF80A3003990023BF
:10538000009304230D4A0E4806F02EFA0590059B63
:10539000002B02D048F20D630BE0BDF80A2009494A
:1053A00013469B0013449B000B44103301221A70D8
:1053B0000023184607B05DF804FB00BFF435040075
:1053C0000C2B0020803F002000B589B0019002AB7B
:1053D00000221A605A609A60019BDB6802930DF10B
:1053E000160202AB11461846FFF796FC0346002B47
:1053F00012D0039B0693069B9A88019BDA80069B3A
:105400001A88019B1A81039BBDF816201146184685
:10541000FFF7AEFF079002E048F209630793079B8E
:10542000184609B05DF804FB00B587B00190019BF8
:10543000981D02AA0D4B0021FFF7C8FC0590059BA3
:10544000002B08D1039B094A928811461846FFF7A2
:105450008FFF059004E00822002104480BF084FE31
:10546000059B184607B05DF804FB00BFC03F002055
:1054700000B587B003900291039B01229A75029BAD
:105480000C331846039B1A69039BDB889B000021A1
:1054900000910146074806F0A7F90590059B002BEF
:1054A00001D1002301E048F20D63184607B05DF812
:1054B00004FB00BF0C2B002082B0184B1B8901336A
:1054C0009AB2164B1A81154B00225A80134B0022B8
:1054D0001A730023ADF8063018E0BDF80620104915
:1054E00013469B0013449B000B441A78BDF806300A
:1054F000002A0CBF01220022D1B2084A13440A46F6
:105500009A72BDF806300133ADF80630BDF80630AA
:10551000012BE2D900BF00BF02B07047B03F0020AE
:10552000803F002084B0019000238DF80F300023CD
:10553000ADF80C3031E0BDF80C301C4A13449B7AB6
:10554000002B25D0BDF80C30184A134400229A7263
:10555000BDF80C20164913469B0013449B000B44D6
:105560000C331B68002B13D1BDF80C2010491346D7
:105570009B0013449B000B4410331B78002B07D077
:10558000019BBDF80C201A8001238DF80F3008E034
:10559000BDF80C300133ADF80C30BDF80C30012BE8
:1055A000C9D99DF80F30184604B07047B03F0020AD
:1055B000803F002008B5084B05221A70074B0222D5
:1055C0009A80064B1B68194600230122044806F006
:1055D000EDF90346184608BDB03F0020A83F002063
:1055E0000C2B002000B583B0164B5B88ADF8023061
:1055F000BDF80220144913469B0013449B000B4442
:105600000C331B68002B14D10E4B04221A70BDF80A
:1056100002200D4913469B0013449B000B440433A6
:105620001B68194600230122084806F0BFF90190C3
:1056300002E0FFF7BFFF0190019B184603B05DF841
:1056400004FB00BFB03F0020803F00200C2B002057
:1056500000B587B0104B5B680593104B1A680F4B71
:105660009B889B0013440493059B5B880333ADF830
:105670000E30094B03221A700499074B5A68BDF883
:105680000E309B0000200090054806F0ADF8034660
:10569000184607B05DF804FBB03F0020A83F00208B
:1056A0000C2B002000B583B00A4B5B880A491846D2
:1056B000FFF7DEFA0346002B03D0FFF7C9FF019086
:1056C00002E0FFF78FFF0190019B184603B05DF8E1
:1056D00004FB00BFB03F0020B43F002008B50A4BD8
:1056E00006221A70084B5B881946084A0B469B0035
:1056F0000B449B00134404331B681846FFF708FA59
:105700000346184608BD00BFB03F0020803F002080
:1057100008B5054B07221A70034B00225A60FFF7A9
:10572000DFF90346184608BDB03F002008B50D4814
:10573000FFF7F8FE034683F00103DBB2002B0BD02A
:10574000094B00221A70084B00225A80064B002297
:105750005A6041F61D5302E0FFF7A4FF03461846C6
:1057600008BD00BFB23F0020B03F002082B0094B0F
:105770005B680193019B5B880333ADF80230064BF5
:105780009A88BDF8023013449AB2034B9A8000BF46
:1057900002B07047B03F0020A83F002082B01E4BEF
:1057A0001B6801931D4B5B8819461D4A0B469B00E5
:1057B0000B449B00134404331B68174A1360174BB8
:1057C0005B881946164A0B469B000B449B0013440A
:1057D0000433019A1A60114B5B8819460E4B988866
:1057E0000F4A0B469B000B449B00134408330246B0
:1057F0001A80094B02229A80084B5B881946084A96
:105800000B469B000B449B001344103300221A707C
:1058100000BF02B0704700BFA83F0020B03F00208B
:10582000803F002008B51A4B1B78072B2CD801A20B
:1058300052F823F055580300895803008958030093
:10584000615803006D58030079580300795803002C
:1058500081580300FFF730FE0D4B01221A7014E04F
:10586000FFF784FF0A4B02221A700EE0FFF796FF43
:10587000074B06221A7008E0054B07221A7004E055
:10588000034B01221A7000E000BF00BF08BD00BF3B
:10589000B03F002000B587B00190009148F20E6340
:1058A0000593019B002B05D0624B00225A604FF4F8
:1058B0000643BAE0009B1B79032B00F2A98001A2EA
:1058C00052F823F0D5580300E35803007159030040
:1058D00091590300009B01221A71FFF701F905900D
:1058E00099E000238DF813300023ADF810302BE041
:1058F000BDF81020504913469B0013449B000B44F5
:105900001B78022B1BD1BDF810204B4913469B007E
:1059100013449B000B4400221A7001238DF81330AE
:10592000BDF81020444913469B0013449B000B44D0
:1059300004331B681846FFF7EBF8059008E0BDF844
:1059400010300133ADF81030BDF81030012BCFD935
:105950009DF8133083F00103DBB2002B5AD0354B96
:1059600001221A70334B00225A6041F61D535CE04D
:10597000009B00221A71314B02229A802F4B1B6828
:105980001946002301222E4806F010F8059042E047
:10599000009B00221A712B4B5B88ADF80E30274B11
:1059A0001B680293BDF80E20234913469B00134445
:1059B0009B000B4404331B68204A1360BDF80E2083
:1059C0001D4913469B0013449B000B440433029A69
:1059D0001A60BDF80E20194B9888174913469B0092
:1059E00013449B000B44083302461A80134B0222D7
:1059F0009A80BDF80E20104913469B0013449B006B
:105A00000B4400221A700298FFF782F8059002E01A
:105A100000BF00E000BF059B002B05D0054B002216
:105A20005A6048F20D6300E00023184607B05DF8A5
:105A300004FB00BFC03E0020803F0020A83F0020A4
:105A40000C2B0020B03F002000B587B001900091E2
:105A5000009B9B8A1A4613469B0013449B003B4ABB
:105A600013440493019B002B06D000990498FFF780
:105A700019F84FF4064364E0049B5A68049B1B89A1
:105A80009B0013440393009B9B7D062B4DD801A2E2
:105A900052F823F0D95A0300FD5A0300E55A0300D7
:105AA000F15A0300B15A0300095B0300235B0300B2
:105AB000274B00225A60009B9B69254A13602549A9
:105AC0002348FFF729F9034683F00103DBB2002BDB
:105AD00002D048F2096334E003990098FFF7DAFB3B
:105AE000059026E003990098FFF7F2FB059020E06F
:105AF00003990098FFF7BCFC05901AE00399009801
:105B0000FFF70EFC059014E0009B06229A75104BDF
:105B10005B68104A128811461846FFF729FC059069
:105B200007E041F61D53059303E048F20E63059329
:105B300000BF059B002B03D000990498FEF7B2FF2D
:105B4000059B184607B05DF804FB00BF803F0020AE
:105B5000C83F0020D43F002000B585B001900091DF
:105B6000019B002B02D04FF4064329E0009B1B79D8
:105B7000022B1BD0022B1DDC002B02D0012B08D0E6
:105B800018E0009B02221A710098FFF71DFC039099
:105B900015E00098FFF748FC0390039B48F2096268
:105BA00093420BD141F61D53039307E041F61D5379
:105BB000039304E048F20E63039300E000BF039BED
:105BC000184605B05DF804FB00B585B00190019B57
:105BD000002B02D04FF406433DE0214B1B7B002BF2
:105BE00003D01F4B00221A7301E0FFF71BFE1C4B72
:105BF0001B78013B062B29D801A252F823F000BFE5
:105C00001D5C0300255C03002D5C0300355C030074
:105C10004D5C03003D5C0300455C0300FFF786FD1F
:105C2000039017E0FFF73EFD039013E0FFF710FD30
:105C300003900FE0FFF7D6FC03900BE0FFF74EFD5B
:105C4000039007E0FFF764FD039003E048F20E6362
:105C5000039300BF039B184605B05DF804FB00BF2B
:105C6000B03F002000B589B00190404B1B68002B6D
:105C700005D13F48FFF7B2F903463C4A13603B4B5E
:105C80001B68002B04D13B494FF4B460F0F7CAFB0A
:105C9000364B1B681B78013B052B2CD801A252F810
:105CA00023F000BFBD5C0300CD5C0300CD5C0300AE
:105CB000DD5C0300DD5C0300ED5C03002B4B1B6827
:105CC00019460198FFF7E6FD019018E0274B1B6885
:105CD00019460198FFF7B8FE019010E0234B1B68AE
:105CE00019460198FFF738FF019008E00198FFF787
:105CF0006BFF019003E048F20E63019300BF019B2C
:105D0000002B2BD003AB00221A605A609A60DA6035
:105D10001A61019B41F61D52934201D0019B00E0A4
:105D200000230493114B1B6803AA11461846FEF783
:105D3000D3FC03AB1846FEF7AFFC0C4B00221A60F5
:105D4000002301930A48FFF759F9FFF765F9034665
:105D500083F00103DBB2002B02D186E700BF00E035
:105D600000BF00BF09B05DF804FB00BFD83F0020B2
:105D7000DC3F00209835040008B50121054800F0FB
:105D8000C7FD0346002B02D10020FFF76BFF00BFC9
:105D900008BD00BFC83E002000B583B00190019B44
:105DA0005B681846FFF75EFF00BF03B05DF804FBB9
:105DB00000B58BB00390029101928DF8033000235F
:105DC000ADF824300023ADF82630534B1B78DBB2FE
:105DD00083F00103DBB2002B02D048F2016397E0AD
:105DE000029B002B02D148F2046391E0029B1B88C6
:105DF0004FF6FF72934203D0029B5B88002B02D1C7
:105E000048F2036384E0029B5B681846FEF736FCA9
:105E1000034683F00103DBB2002B02D048F2026399
:105E200076E0019B002B11D1029B9B68ADF82630D8
:105E30000DF11A02BDF8263011461846FEF77CFE19
:105E40000890089B002B09D0089B61E0019B1B88F0
:105E5000ADF81A30019B5B88ADF8263005AB1846CB
:105E6000FFF798F80790079B002B0AD1BDF81A207E
:105E7000BDF8263011461846FEF7C8FE48F2076303
:105E800046E0079B9DF803201A70079B00229A7535
:105E9000BDF81A20079B9A82029B5A68079B1A61D9
:105EA000FEF7DCFE0246079BDA60029B1A88079B1E
:105EB0001A81029B5A88079B9A80079BBDF826206F
:105EC000DA809DF80330032B06D1079B04229A75D4
:105ED000039B1A68079B9A61079BBDF824205A818F
:105EE00005AB1846FFF76CF8039B002B0DD0039B06
:105EF00000225A60079BDA68039B1A60039B00220A
:105F00009A72064B1A89039B1A81FFF735FF00230B
:105F100018460BB05DF804FBC03E0020B03F0020E7
:105F200000B585B001900C4B1B68042B03D148F2DF
:105F30000B6303930BE0084B1B680849019A41F877
:105F400023200121044800F0FBFC00230393039B62
:105F5000184605B05DF804FBCC3E0020D03E002082
:105F600084B040F6F8731B68B3F1FF3F02D10F4BCA
:105F70001B6802E040F6F8731B6803934FF08053F0
:105F80001B6902934FF080535B690193039BB3F14C
:105F9000FF3F04D1019B029A02FB03F300E0039B45
:105FA0000093009B184604B0704700BF1410001007
:105FB00000B583B04FF440530193FFF7D1FF034680
:105FC000054A1361044B1A69019BD31A024AD36034
:105FD00000BF03B05DF804FB0C2B002008B5FFF7F1
:105FE000E7FF00220349044805F0B6FB03461846C4
:105FF00008BD00BF504004000C2B002008B5044829
:106000001C238C22034900F022FB00BF08BD00BF07
:10601000703F0020E43E002000B58BB002AB0022B0
:106020001A605A609A60DA601A61454B1B78DBB2DD
:10603000002B05D002AB1846FEF72EFB00237BE0B9
:10604000404800F0ADFC0346002B01D0002373E074
:10605000FFF7C4FF0990099B002B01D0099B6BE05F
:10606000FFF7CCFFFEF7F2FF03468DF823309DF8D3
:106070002330062B0ED0062B18DC002B01D0022B70
:1060800014D12F4B00221A702D4B00225A6048F277
:106090000A6351E02A4B01221A70294B00225A60F0
:1060A00002AB1846FEF7F8FA002345E000BF01AB4B
:1060B0001846FEF76FFF0790079B002B02D148F2AE
:1060C000076339E0079B01221A709DF82330013BDA
:1060D0000A2B29D801A252F823F000BF096103005E
:1060E00029610300096103002961030021610300A4
:1060F000296103002161030029610300116103008C
:106100001961030011610300079B00221A710CE062
:10611000079B03221A7108E0079B02221A7104E010
:10612000079B01221A7100E000BF01AB1846FEF781
:1061300047FFFFF721FE002318460BB05DF804FB74
:10614000C03E0020C43E002000B585B00190009103
:10615000019B002B02D0009B002B02D148F204636C
:106160002AE00DF10A0319460198FEF7D5FD034612
:10617000002B1FD0019B5B680393BDF80A301A46C1
:1061800013469B0013449B0008330D4A1344043309
:106190000121184600F0D4FB009B039A1A60019B72
:1061A0005B6803F10C02009B5A60019B01229A720A
:1061B000002301E048F20963184605B05DF804FBCE
:1061C000803F002000B585B00190019B002B02D1DB
:1061D00048F204633BE00DF10A0319460198FEF70B
:1061E0009BFD0346002B2ED0BDF80A3019461A4AF3
:1061F0000B469B000B449B0013440C331B68002B85
:106200001DD0019B9B7A002B19D0BDF80A301A468D
:10621000114913469B0013449B000B440C331B682D
:10622000591E0D4813469B0013449B0003440C3336
:106230001960019B00229A720023039306E048F242
:106240000563039302E048F209630393039B184636
:1062500005B05DF804FB00BF803F002000B583B0AF
:10626000019000910223002200990198FFF7A0FD00
:106270000346184603B05DF804FB00B583B00190F7
:106280000091019B002B02D148F2046306E0032336
:10629000002200990198FFF78BFD0346184603B0D2
:1062A0005DF804FB00B585B00190184B1B78DBB29C
:1062B00083F00103DBB2002B02D048F2016321E03E
:1062C000019B002B02D148F204631BE002AB18468D
:1062D000FEF760FE0390039B002B02D148F2076398
:1062E00010E0039B04221A70039B00221A71019B89
:1062F0001A68039BDA6002AB1846FEF761FEFFF7EF
:106300003BFD0023184605B05DF804FBC03E0020AD
:1063100000B583B0154B1B78DBB283F00103DBB211
:10632000002B02D048F201631BE06B461846FEF7D3
:1063300031FE0190019B002B02D148F2076310E06F
:10634000019B06221A706B461846FEF739FE084B71
:106350001B78002B02D0064B01221A73FFF70CFDAD
:106360000023184603B05DF804FB00BFC03E0020C8
:10637000B03F002000B583B001900091009B019ACE
:1063800000210020FEF722FD0346184603B05DF809
:1063900004FB00B585B0029201930346ADF80E30C0
:1063A0000B46ADF80C3003A90DF10E00019B029ACB
:1063B000FEF70CFD0346184605B05DF804FB00002F
:1063C00010B586B003904FF48063ADF8143000230D
:1063D000ADF812304F4B1B78DBB283F00103DBB218
:1063E000002B02D048F2016391E0039B002B02D105
:1063F00048F204638BE01222002103980AF0B4FEF5
:10640000039B03221A800023ADF816307AE0BDF812
:106410001620414913469B0013449B000B4408334C
:106420001988BDF816203C4813469B0013449B0076
:1064300003440A331B880B44ADF81030BDF8162016
:10644000354913469B0013449B000B4404331B68DF
:106450001846FEF719FA0346032B05D1039B1B8848
:10646000013B9AB2039B1A80BDF816202A491346B5
:106470009B0013449B000B440C331968039B5A8800
:106480008BB213449AB2039B5A80039B1989BDF8BF
:106490001620214813469B0013449B0003440A33F3
:1064A0001B880B449AB2039B1A81039B5A89BDF83F
:1064B000103013449AB2039B5A81BDF81420BDF8E2
:1064C0001030D31AADF81230039B9B89BDF812200F
:1064D0009A4203D9039BBDF812209A81039B191D90
:1064E000039B9A1D039B03F10E04039B1033BDF81D
:1064F000160000932346FEF7DBFCBDF8163001338F
:10650000ADF81630BDF81630012B80D9002318469F
:1065100006B010BDC03E0020803F002086B0019034
:106520000091019B53E8011F8AB2D88902449889DF
:10653000824228BF121A1889824202BFBFF32F8FEE
:10654000002307E0C2EA010243E801200028E9D164
:106550004FF001038DF80F30059002910492029ADA
:10656000009B1A609DF80F30DBB2184606B07047EA
:1065700084B00190019951E8013FC3EA034341E827
:106580000132002AF7D10392029300BF04B0704792
:1065900086B001900091019B53E8021F1FFAA1F2FF
:1065A000D888824202BFBFF32F8F00230DE0D88925
:1065B00002449889824228BF121AC1EA024243E883
:1065C00002200028E8D14FF001038DF80F3005902C
:1065D00002910492029A009B1A609DF80F30DBB280
:1065E000184606B0704784B00190019951E8023F07
:1065F000C3EA234341E80232002AF7D1039202930F
:1066000000BF04B0704786B00190019B53E8021FA1
:10661000DA88B1EB314F4FF0000017BF89B242EA80
:10662000024241EA024204E05968B1EB314F08BF2F
:10663000012043E802210029E8D18DF80F000591DF
:1066400004929DF80F30DBB2184606B0704784B054
:106650000390029111461A460B46ADF806301346D8
:10666000ADF80430029B002B01D10E231FE0BDF8D2
:106670000630BDF80420B3FBF2F101FB02F29B1AD5
:106680009BB2002B01D0092311E0039B029A1A60F0
:10669000039B00225A60039B00229A60039BBDF873
:1066A00006209A81039BBDF80420DA810023184656
:1066B00004B0704700B585B001900198FFF7A3FFC3
:1066C00003468DF80F309DF80F30002B01D00023CA
:1066D00000E01123184605B05DF804FB00B585B055
:1066E00001900091009B19460198FFF717FF0346A0
:1066F000002B07D0019B1B68009A12881344039358
:10670000039B00E00023184605B05DF804FB00B5CC
:1067100083B001900091009B1A88009B5B889A428D
:1067200004D10198FFF724FF012300E0002318465D
:1067300003B05DF804FB00B585B001900091009BAB
:1067400019460198FFF724FF0346002B07D0019B51
:106750001B68009A528813440393039B00E00023B4
:10676000184605B05DF804FB00B583B001900091B8
:10677000009B1A88009B5B889A4204D10198FFF71E
:1067800032FF012300E00023184603B05DF804FB4C
:1067900000B585B001900091009B5B099B00019AB8
:1067A0001A44009B03F01F03012101FA03F3194669
:1067B000104600F065F8039000BF05B05DF804FBDB
:1067C00000B585B001900091009B5B099B00019A88
:1067D0001A44009B03F01F03012101FA03F3DB437A
:1067E0001946104600F07CF8039000BF05B05DF834
:1067F00004FB82B001900091009B5B099B00019A11
:1068000013441A68009B03F01F0322FA03F303F0FA
:106810000103002B14BF01230023DBB2184602B092
:10682000704710B487B001900091019B009A53E823
:10683000004F104643E8000191F0000FF7D1059496
:1068400004900391059B184607B05DF8044B704710
:1068500010B487B001900091019B009A53E8004F5B
:1068600044EA020043E8000191F0000FF6D10594DC
:1068700004900391059B184607B05DF8044B7047E0
:1068800010B487B001900091019B009A53E8004F2B
:1068900044EA020043E8000191F0000FF6D10594AC
:1068A00004900391049B184607B05DF8044B7047B1
:1068B00010B487B001900091019B009A53E8004FFB
:1068C00004EA020043E8000191F0000FF6D10594BC
:1068D00004900391059B184607B05DF8044B704780
:1068E00010B487B001900091019B009A53E8004FCB
:1068F00004EA020043E8000191F0000FF6D105948C
:1069000004900391049B184607B05DF8044B704750
:1069100010B487B001900091019B009A53E8004F9A
:1069200004EB020043E8000191F0000FF6D105945A
:1069300004900391059B184607B05DF8044B70471F
:1069400010B487B001900091019B009A53E8004F6A
:1069500004EB020043E8000191F0000FF6D105942A
:1069600004900391049B184607B05DF8044B7047F0
:1069700010B487B001900091019B009A53E8004F3A
:10698000A4EB020043E8000191F0000FF6D105945A
:1069900004900391049B184607B05DF8044B7047C0
:1069A00000B583B0019001210198FFF751FF034624
:1069B000184603B05DF804FB00B583B001900121D7
:1069C0000198FFF75DFF0346184603B05DF804FB2E
:1069D00000B583B0019000210198FFF769FF0346DD
:1069E000184603B05DF804FB00B583B001900021A8
:1069F0000198FFF775FF0346184603B05DF804FBE6
:106A000000B583B001900B468DF80330019B002B3D
:106A100003D10849E820EFF705FD019BDA689DF8EE
:106A200003300199098A01FB03F31344184603B0AC
:106A30005DF804FBF835040000B583B001900091C7
:106A4000019B002B03D10849F520EFF7EBFC009BDD
:106A5000019AD2689B1A019A128AB3FBF2F3DBB255
:106A6000184603B05DF804FBF835040000B585B0A6
:106A70000190019B002B01D10E234CE0019B1B6870
:106A8000002B03D12649FF20EFF7CCFC019B5B686C
:106A9000002B04D122494FF48070EFF7C3FC019B17
:106AA0009B68002B04D11E4940F20110EFF7BAFC9D
:106AB000019BDB68002B04D119494FF48170EFF77B
:106AC000B1FC019B1B8A002B04D1154940F2031035
:106AD000EFF7A8FC019B9A68019B5B68D31A8DF8BD
:106AE0000F30019B1B68019A52681A6007E0019BF6
:106AF0001A681368591C11609DF80F201A709DF8D0
:106B00000F305A1E8DF80F20002BF0D1019B1B680F
:106B100000221A710023184605B05DF804FB00BF7F
:106B2000F835040000B585B00190019B002B04D11D
:106B30001F494FF49270EFF775FC00230393002375
:106B40008DF80A300DF10A031846FDF75DF9019B37
:106B50001B681A68019B5B689A421FD9019B1B68DE
:106B60001A68013A1A601B681B7819460198FFF7EA
:106B700047FF0390019B9A68019B1B681B68D31A0F
:106B80008DF80B30019B1B681B799DF80B209A42F6
:106B900004D9019B1B689DF80B201A719DF80A30DF
:106BA0001846FDF747F9039B184605B05DF804FB4E
:106BB000F835040010B584B001900091019B002BC2
:106BC00004D1154940F24710EFF72CFC009B002B35
:106BD00004D111494FF4A470EFF724FC009B0393F8
:106BE00000238DF80B300DF10B031846FDF70CF95F
:106BF000019B1B681C68621C1A6003990198FFF7CF
:106C00001BFF034623709DF80B301846FDF712F961
:106C100000BF04B010BD00BFF835040082B0019081
:106C2000019BDB6801225A7100BF02B0704782B03D
:106C30000190019B9B68D3F84831C3F34003DBB25A
:106C4000002B14BF01230023DBB2184602B07047AB
:106C500000B585B00190019B002B0AD0074B43F093
:106C600001030393019B9B010293039B02989847A6
:106C700000E000BF05B05DF804FB00BFE03C04008D
:106C800000B583B00190019B1B69184604F096F98A
:106C900000BF03B05DF804FB82B00190019B9A68CD
:106CA000B2F8483143F00203A2F8483100BF02B005
:106CB000704782B00190019B9A68B2F8483123F086
:106CC0000203A2F8483100BF02B0704782B00190C1
:106CD000019B9A68B2F8483143F00803A2F84831A2
:106CE00000BF02B0704782B00190019B9A68B2F871
:106CF000483123F00803A2F8483100BF02B07047C2
:106D000082B00190019B9B68D3F84831C3F3C00364
:106D1000DBB2184602B0704782B00190019B9B68BD
:106D2000D3F84831C3F38713DBB2184602B070477B
:106D300082B001900B468DF80330019B9A689DF854
:106D40000310B2F8483161F38D13A2F8483100BF47
:106D500002B0704782B001900B468DF80330019B62
:106D60009B689DF803205A7000BF02B0704700B5C1
:106D700083B00190019B002B04D001980AF003F925
:106D8000034600E00023184603B05DF804FB82B020
:106D90000190019B9B68002283F82020019B9B6847
:106DA0000022DA77019B9B6800229A7700BF02B02D
:106DB000704710B582B00190019B9B68DB7F1C4639
:106DC000019B1B681846FFF7D2FF03462344019A34
:106DD0009268527EB3FBF2F101FB02F29B1A002B88
:106DE0000CBF01230023DBB2184602B010BD10B562
:106DF00082B00190019B9B689B7F1C46019B1B6896
:106E00001846FFF7B4FF03462344019A9268527E66
:106E1000B3FBF2F101FB02F29B1A002B0CBF012322
:106E20000023DBB2184602B010BD000010B588B0D8
:106E30000390029101920093039B002B02D0029BCE
:106E4000002B03D12D49F420EFF7ECFA039B5B688C
:106E50001B68002B03D12949F520EFF7E3FA002343
:106E600007933EE0039B5B681B68DC68039B5868E4
:106E7000029A079BD11805AB019AA0470690069B82
:106E8000002B03D01D49FF20EFF7CCFA059B019A98
:106E90009A4204D219494FF48070EFF7C3FA059B68
:106EA000079A13440793059B019AD31A0193059BF4
:106EB000002B16D1039B9B681B78032B11D000BFBE
:106EC000039B9B68D3F84831C3F34013DBB2002B1C
:106ED000F6D0039B9A68B2F8483123F02003A2F859
:106EE0004831019B002BBDD1009B002B02D0059A9D
:106EF000009B1A6000BF08B010BD00BF4C360400F4
:106F000000B583B001900B468DF80330019B1B69DF
:106F10009DF803200349184604F072F800BF03B03F
:106F20005DF804FB9C36040010B586B00390029116
:106F300001920093039B002B02D0029B002B04D1F3
:106F40000D4940F22310EFF76DFA039B5B68002BAD
:106F500004D109494FF49270EFF764FA039B5B6820
:106F60001B681C69039B5868009B019A0299A04703
:106F7000059000BF06B010BD4C36040000B589B0C6
:106F80000390029101920093009B002B04D13B4996
:106F90004FF49C70EFF746FA0A9B002B04D1374957
:106FA00040F23910EFF73EFA029B002B34D1344AFD
:106FB000344BD31ADB08019A9A4229D20023069354
:106FC000314B0593002307931BE0079BDB002D4A01
:106FD00013440693019B9B00059A13441A68069B71
:106FE0005B681B68194610460AF040F80346002B00
:106FF00004D1069B5A68009B1A603CE0079B013352
:1070000007931F4A1F4BD31ADB08079A9A42DCD317
:10701000009B00221A602EE0039B002B03D1009BF3
:1070200000221A6027E0039B1B78002B10D0039BE3
:107030005B680A99019898470A9B1B68002B03D14B
:10704000009B00221A6016E0009B0A9A1A6012E068
:10705000039B5A68019B1B0113441B68002B07D03C
:10706000039B5A68019B1B011A44009B1A6002E0B3
:10707000009B00221A6009B05DF804FB4C36040046
:1070800058140400F0130400D82A002000B585B07D
:107090000190019B9B680393019B9B6814330293AF
:1070A000019B1B681846FFF762FE0346DAB2029B9B
:1070B0009A71039BDB7F1A46029B9B791344029AC9
:1070C000527993FBF2F101FB02F29B1ADBB201331E
:1070D000DAB2029B1A70039BDB7F1A46029B9B79F4
:1070E0001344029A527993FBF2F3DBB20133DAB222
:1070F000029B9A70039B9B7F1A46029B9B791344C9
:10710000029A527993FBF2F3DBB20133DAB2029BBB
:10711000DA70039B9B7F1A46029B9B791344029A69
:10712000527993FBF2F101FB02F29B1ADBB20133BD
:10713000DAB2029B5A70029B184605B05DF804FB58
:1071400000B583B00190019B002B04D10C494FF492
:10715000EA70EFF767F9019B1B69002B04D108491E
:107160004FF4EA70EFF75EF9019B1B69054A064987
:10717000184603F045FF00BF03B05DF804FB00BFF5
:107180004C360400F83C0400A036040000B583B07F
:107190000190019B002B04D10C494FF4ED70EFF7E7
:1071A00041F9019B1B69002B04D108494FF4ED7094
:1071B000EFF738F9019B1B69054A0649184603F0A9
:1071C0001FFF00BF03B05DF804FB00BF4C36040096
:1071D000EC3C0400A036040000B583B00190019B94
:1071E000002B04D10C494FF4F070EFF71BF9019B11
:1071F0001B69002B04D108494FF4F070EFF712F926
:10720000019B1B69054A0649184603F0F9FE00BFB9
:1072100003B05DF804FB00BF4C360400F03C0400F2
:10722000A036040000B583B00190019B1B6904499E
:10723000184603F0E5FE00BF03B05DF804FB00BF95
:10724000A436040000B583B001900B468DF80330DE
:107250009DF80330002B07D0019B1B699DF803208C
:107260000349184603F0CCFE00BF03B05DF804FBF1
:10727000A836040000B583B001900B468DF80330AA
:107280009DF80330002B07D0019B1B699DF803205C
:107290000349184603F0B4FE00BF03B05DF804FBD9
:1072A000B036040000B583B001900B468DF8033072
:1072B0009DF80330002B07D0019B1B699DF803202C
:1072C0000349184603F09CFE00BF03B05DF804FBC1
:1072D000B836040000B583B001900B468DF803303A
:1072E0009DF80330002B07D0019B1B699DF80320FC
:1072F0000349184603F084FE00BF03B05DF804FBA9
:10730000C036040000B585B00190019B9B68DA7F10
:10731000019B9B689B7F9A4220D20198FFF7B6FEA3
:107320000390039B9B788DF80B30019B9B68DA7F61
:107330000132D2B2DA770198FFF7A8FE0390039BDF
:107340009B789DF80B209A4204D101210198FFF708
:1073500091FF04E00198FFF765FF00E000BF05B072
:107360005DF804FB00B585B001900198FFF78EFE33
:107370000390039B9A78039BDB789A420CBF01230E
:1073800000238DF80B300198FFF713FD0346002B07
:1073900005D10198FFF72BFD0346002B02D0019881
:1073A000FFF740FF9DF80B30002B0AD0039B5A7863
:1073B000039B1B78D31ADBB219460198FFF742FFF3
:1073C00024E0039BDA78039B9B78D31ADBB219463F
:1073D0000198FFF767FF039B1A78039B5B789A423B
:1073E0000AD9039B1A78039B5B78D31ADBB2194640
:1073F0000198FFF73FFF09E0039B5A78039B1B7836
:10740000D31ADBB219460198FFF71CFF00BF05B085
:107410005DF804FB00B585B001900198FFF736FEDA
:107420000390039B1B781A46039B9B7901339A4276
:1074300003D1039B9B78012B2FD0039B9B78012BBF
:1074400007D9039B9B78013BDBB219460198FFF7F4
:1074500029FF039B1A78039B9B799A420CD9039BC3
:107460001A78039B9B79D31ADBB2013BDBB2194636
:107470000198FFF7E7FE0BE0039B9A79039B1B78CB
:10748000D31ADBB20133DBB219460198FFF7F2FEE3
:10749000019B9B680022DA7700E000BF05B05DF831
:1074A00004FB00B585B001900198FFF7EFFD039054
:1074B000039B1A78039B5B789A4205D1039B9A78C9
:1074C000039BDB789A4231D0039BDA78039B9B784D
:1074D0009A4209D9039BDA78039B9B78D31ADBB2D3
:1074E00019460198FFF7F6FE039B1A78039B5B7819
:1074F0009A420AD9039B1A78039B5B78D31ADBB2B2
:1075000019460198FFF79EFE09E0039B5A78039BFA
:107510001B78D31ADBB219460198FFF7ABFE019B2B
:107520009A68019B9B68927FDA7700E000BF05B004
:107530005DF804FB00B587B001900023ADF816306C
:107540000023ADF8143000238DF80B3000238DF8A4
:107550001330019B9B68A03380220021184609F05C
:1075600003FE019B1B697649184603F049FD01980B
:10757000FFF786FB0023ADF81030D5E003AB0DF12B
:107580000B0101220198FFF7CFFC039B002B04D1D4
:1075900040F2E730FFF75CFBBDE09DF80B301B2BA2
:1075A00006D0019B9B6893F8A0301B2B40F0B28063
:1075B0009DF80B30522B40F09380019B9A689DF808
:1075C00013301344002283F8A020019B9B6893F89A
:1075D000A1305B2B06D0019B9B68002283F8A02082
:1075E0000B23A8E002238DF813301BE0BDF8143004
:1075F0001A46920013445B009AB2019B99689DF869
:107600001330581C8DF813000B4493F8A03013442A
:107610009BB2303BADF814309DF91330002B01DAEA
:107620000C2388E0019B9A689DF81330134493F86B
:10763000A0303B2BDAD19DF8133001338DF8133095
:107640009DF91330002B1DDA0C2374E0BDF81630C1
:107650001A46920013445B009AB2019B99689DF808
:107660001330581C8DF813000B4493F8A0301344CA
:107670009BB2303BADF816309DF91330002B01DA88
:107680000C2358E0019B9A689DF81330134493F83B
:10769000A030002BDAD1BDF81630FA2B04D9019BAB
:1076A0009B68FA221A7505E0019B9B68BDF81620BD
:1076B000D2B21A75BDF81430FA2B04D9019B9B681D
:1076C000FA229A7505E0019B9B68BDF81420D2B29E
:1076D0009A75019B9B68002283F8A02000232AE072
:1076E000019B9A689DF813309DF80B1013440A46CD
:1076F00083F8A0209DF8133001338DF813309DF8E6
:107700001330092B07D9019B9B68002283F8A02026
:10771000042310E000BF039B002B7FF42FAFBDF8C4
:1077200010300133ADF81030BDF81030B3F57A7F6A
:10773000FFF424AF0D23184607B05DF804FB00BF2B
:10774000CC3C040000B587B0039002910192029BEB
:10775000002B04D12A4940F24930EEF763FE019B29
:10776000002B04D1264940F24A30EEF75BFE039825
:10777000FFF7E0FE0346002B18D1039B9B681B7D9F
:10778000ADF81630039B9B689B7DADF81430FA2151
:107790000398FFF76FFDFA210398FFF79BFD03980D
:1077A000FFF7C8FE0346002B24D101E0062322E0A8
:1077B000039B9B681A7D029B1A70039B9B689A7DB2
:1077C000019B1A70029B1A78BDF81630DBB2D31AEF
:1077D000DBB219460398FFF735FD019B1A78BDF817
:1077E0001430DBB2D31ADBB219460398FFF75AFD07
:1077F000002300E00623184607B05DF804FB00BF35
:107800004C36040000B585B001900B468DF803306E
:107810009DF80330002B2ED0019B9B68DB7E9DF8EA
:1078200003209A4234D01B238DF808305B238DF857
:10783000093031238DF80A303B238DF80B30332388
:107840008DF80C309DF803302F33DBB28DF80D30FE
:107850006D238DF80E3000238DF80F30019B9B684F
:107860009DF80320DA76019B1B6902AA0A49184693
:1078700003F0C6FB0DE0019B9B689DF80320DA76C0
:10788000019B1B69054A0449184603F0B9FB00E057
:1078900000BF05B05DF804FBA0360400E83C04001E
:1078A00000B585B001900B468DF803309DF803308C
:1078B000002B29D0019B9B681B7F9DF803209A42D7
:1078C00021D01B238DF808305B238DF80930342339
:1078D0008DF80A309DF803302F33DBB28DF80B3072
:1078E0006D238DF80C3000238DF80D30019B9B68C3
:1078F0009DF803201A77019B1B6902AA04491846C8
:1079000003F07EFB00E000BF05B05DF804FB00BFA4
:10791000A036040082B001900091019B9B681B334C
:107920001B889AB2009B1A8000BF02B0704700B556
:1079300083B001900091009B1B7819460198FFF7D6
:1079400061FF009B5B7819460198FFF7A9FF00BF14
:1079500003B05DF804FB00B585B001900198FFF716
:1079600095FB0390039B1B781A46039B9B7901337D
:107970009A4203D1039B9B78012B1FD0039B1B785A
:10798000012B10D101210198FFF78CFC039B5B793F
:1079900019460198FFF76EFC019B9B68DA7F013A5C
:1079A000D2B2DA770BE001210198FFF74BFC019B83
:1079B0009B68DA7F013AD2B2DA7700E000BF05B007
:1079C0005DF804FB00B585B001900198FFF75EFB00
:1079D0000390039B1A78039B5B789A4205D1039B23
:1079E0009A78039BDB789A4221D0039B1A78039BF9
:1079F0005B799A4210D101210198FFF76BFC039B40
:107A00005B7919460198FFF71DFC019B9B68DA7FA3
:107A10000132D2B2DA770BE001210198FFF72AFC9C
:107A2000019B9B68DA7F0132D2B2DA7700E000BFB7
:107A300005B05DF804FB82B001900B468DF8033071
:107A4000019B9B689B7F7E2B1DD8019B9968019BA6
:107A50009B68DA7F501CC0B2D87713460B449DF860
:107A6000032083F82020019B9B68019A9268D27FB3
:107A70001344002283F82020019B9B689A7F0132E7
:107A8000D2B29A7700E000BF02B0704700B587B06D
:107A900001900B468DF80330019B9B68D3F8483169
:107AA000C3F30003DBB28DF81730019B9B689A7F0C
:107AB000019B9B68DB7FD31A8DF816309DF8173039
:107AC00083F00103DBB2002B1ED0019B9B689B7FE0
:107AD0007E2B00F2D8809DF81630002B1ED0019B23
:107AE0009A68019B9B68DB7F01332033D018019B90
:107AF0009A68019B9B68DB7F203313449DF8162016
:107B0000194609F0EBF909E0019B9B689B7F7E2BEE
:107B100004D99DF81630002B00F0B780019B9B68BC
:107B2000019A9268D27F13449DF8032083F82020A5
:107B30009DF8173083F00103DBB2002B0CD0019BC2
:107B40009A68019B9B68997F0131C9B299779B7FA5
:107B50001344002283F820209DF81630002B3FD0DC
:107B60000198FFF793FA0490049B9A78049BDB78C2
:107B70009A420CBF012300238DF80F309DF80F307F
:107B8000002B16D0019B9A68019B9B68DB7F2033FA
:107B90001344404A0821019801F0AEFE9DF81730C9
:107BA0009DF81620D31ADBB219460198FFF74AFB5D
:107BB0002DE00198FFF7EAFA019B9A68019B9B6808
:107BC000DB7F20331344334A0821019801F094FEEF
:107BD0000198FFF701FB01210198FFF74BFB16E02D
:107BE0009DF81730002B0CD0019B9A68019B9B6875
:107BF000997F0131C9B299779B7F1344002283F8A2
:107C000020209DF8033019460198FFF779F9019B70
:107C10009B68DA7F0132D2B2DA770198FFF7C9F8B0
:107C20000346002B03D00198FFF7FCFA2EE00198E1
:107C3000FFF7DDF80346002B28D00198FFF726FA5E
:107C40000290029BDA78029B9B78D31ADBB2013B4D
:107C5000DBB219460198FFF73DFB0198FFF7E2FA06
:107C6000029BDA78029B9B78D31ADBB21946019803
:107C7000FFF718FB029B1B78013BDBB2194601980A
:107C8000FFF7F8FA02E000BF00E000BF07B05DF8C0
:107C900004FB00BFA036040000B587B00190019B33
:107CA0009B689B7F002B7CD0019B9B68DB7F002B1C
:107CB00077D0019B9B689A7F019B9B68DB7FD31ADF
:107CC0008DF81730019B9A68019B9B68DB7F013B15
:107CD0002033D018019B9A68019B9B68DB7F20337F
:107CE000D1189DF8173001331A4609F0F7F8019BB7
:107CF0009B68DA7F013AD2B2DA77019B9B689A7F60
:107D0000013AD2B29A779DF81730002B41D0082162
:107D10000198FFF7F5F80198FFF7B8F90490049B74
:107D20009A78049BDB789A420CBF012300238DF8DC
:107D30000F309DF80F30002B15D0019B9A68019BE6
:107D40009B68DB7F20331344184A0821019801F017
:107D5000D3FD0198FFF7F4F99DF817301946019803
:107D6000FFF770FA1EE00198FFF710FA0198FFF78D
:107D7000E7F9019B9A68019B9B68DB7F20331344E2
:107D80000A4A0821019801F0B7FD0198FFF724FA8B
:107D900008E0019B1B69064A0449184603F030F9C4
:107DA00000E000BF07B05DF804FB00BFA036040090
:107DB000F43C040000B587B00190019B9B689A7F5A
:107DC000019B9B68DB7FD31A8DF817309DF8173025
:107DD000002B71D0019B9A68019B9B68DB7F20334D
:107DE000D018019B9A68019B9B68DB7F013320338D
:107DF00013449DF81720194609F070F8019B9B6801
:107E00009A7F013AD2B29A770198FFF73FF904902E
:107E1000049B9A78049BDB789A420CBF01230023D1
:107E20008DF80F309DF80F30002B2FD0019B9A68F2
:107E3000019B9B68DB7F20331344214A0821019872
:107E400001F05AFD019B002B04D11E4940F28F40E6
:107E5000EEF7E8FA019B1B69002B04D1194940F2A7
:107E60008F40EEF7DFFA019B1B69174A1449184649
:107E700003F0C6F89DF81730013B8DF817309DF8D8
:107E8000173019460198FFF7DDF916E00198FFF762
:107E90007DF90198FFF754F9019B9A68019B9B6853
:107EA000DB7F20331344064A0821019801F024FDAA
:107EB0000198FFF791F900E000BF07B05DF804FBFF
:107EC000A03604004C360400FC3C040010B586B01B
:107ED0000390029101928DF8033000238DF8173042
:107EE000039B00221A60019B1B788DF811309DF8CE
:107EF0001130002B00F06C819DF81130184609F00C
:107F0000C0F90346002B05D0019B5A1C01920022A8
:107F10001A7055E1039B1B68591C039A11609B0062
:107F2000029A1344019A1A6000238DF81730019BBE
:107F30001B788DF811309DF81130002B00F03D8139
:107F40009DF81730002B2AD19DF811305C2B06D0FC
:107F50005C2B23DC222B11D0272B0FD01EE0019BA2
:107F60005C1C0198FEF703FF03461A462146019860
:107F700008F0B4FF019B013301931DE1019B5C1CE0
:107F80000198FEF7F4FE03461A462146019808F0D0
:107F9000A5FF9DF811308DF817300DE100BF9DF859
:107FA00017209DF811309A420ED1019B5C1C01985C
:107FB000FEF7DDFE03461A462146019808F08EFFC3
:107FC00000238DF81730F7E09DF81730002B00F0F4
:107FD000E4809DF811305C2B40F0DF80019B5B78E2
:107FE0008DF816309DF816209DF817309A420ED164
:107FF000019B5C1C0198FEF7BAFE03461A46214617
:10800000019808F06BFF019B01330193D4E09DF8C8
:108010001630302B48D100238DF8143002238DF810
:10802000153020E09DF81530019A13441B788DF827
:1080300016309DF816302F2B19D99DF81630372B96
:1080400015D89DF91430DB005AB29DF81630303B3C
:10805000DBB25BB213435BB28DF814309DF8153080
:1080600001338DF815309DF81530042BDAD99DF8C1
:108070001530022B18D99DF81530013B019AD41800
:108080000198FEF774FE02469DF81530D31A0233AC
:108090001A462146019808F021FF019B5A1C0192C3
:1080A0009DF814201A7087E09DF81630782B74D153
:1080B00000238DF8123002238DF813304CE09DF828
:1080C0001330019A13441B788DF816309DF8163042
:1080D0002F2B11D99DF81630392B0DD89DF9123060
:1080E0001B015AB29DF81630303BDBB25BB2134332
:1080F0005BB28DF812302AE09DF81630602B11D952
:108100009DF81630662B0DD89DF912301B015AB21E
:108110009DF81630573BDBB25BB213435BB28DF870
:10812000123014E09DF81630402B19D99DF8163006
:10813000462B15D89DF912301B015AB29DF8163006
:10814000373BDBB25BB213435BB28DF812309DF864
:10815000133001338DF813309DF81330032BAED953
:108160009DF81330022B18D99DF81330013B019A6A
:10817000D4180198FEF7FBFD02469DF81330D31A80
:1081800002331A462146019808F0A8FE019B5A1CAA
:1081900001929DF812201A700EE09DF81730002B06
:1081A00007D19DF81130184609F06BF80346002BF3
:1081B00005D1019B01330193B9E600BF00E000BF88
:1081C000039B1A689DF803309A42FFF48CAE00E0DE
:1081D00000BF039B1B680C2B04D9084940F22A50AE
:1081E000EEF720F9039B1B689B00029A13440022C0
:1081F0001A609DF81730184606B010BD4C360400C2
:1082000000B583B001900B468DF80330019B9B684D
:108210009DF803201A709DF80330022B09D10198B4
:10822000FEF7B5FD019B1B68044A0321019801F08C
:1082300063FB00BF03B05DF804FB00BFA036040081
:1082400082B00190019B9B680022C3F8442100BFCB
:1082500002B0704700B587B001900B468DF803302F
:10826000002303930023049300238DF8143000238C
:108270008DF816309DF8033083F00103DBB2002B3C
:108280004AD0019B9B68D3F84431002B00F0E28078
:108290000198FFF7BFF8019B9B68D3F8440103A93D
:1082A0000023092204F0A8F8019B9B68049AC3F8F4
:1082B0004421019B9B689B7F8DF81730019B9B6835
:1082C000D3F84431002B7BD1019B9B68A033184627
:1082D000FEF74DFD0346002B0BD0019B9B6803F17D
:1082E0002002019B9B68A0331946104608F0F2FE5D
:1082F00004E0019B9B68002283F82020019B9B687F
:1083000020331846FEF733FD0346DBB28DF81430F8
:1083100001238DF8163053E0019B9B68D3F844216C
:10832000019B9B68D3F840319A4200F09580019BF5
:108330009B68D3F83C31002B00F08E800198FFF74A
:1083400069F8019B9B68D3F84431002B26D1019B2F
:108350009B6820331846FEF70AFD03468DF8173058
:10836000019B9A68019B9B68D2F83C21C3F8442189
:108370009DF81730002B0BD0019B9B6803F1A002E6
:10838000019B9B6820331946104608F0A3FE17E0B6
:10839000019B9B68002283F8A02011E0019B9B6851
:1083A000D3F8440103A90023092204F025F89DF81D
:1083B00014308DF81730019B9B68039AC3F8442151
:1083C0009DF8163083F00103DBB2002B17D0019B20
:1083D0009B68D3F8440103A90023092204F00CF898
:1083E000019B9B68D3F84401019B9B6803F120012A
:1083F0009DF8143001331A46092303F0FDFF019B59
:108400009B689DF81420DA77019B9B689DF81420E7
:108410009A779DF814309DF817209A4202D9019856
:10842000FEF78EFE019B9B6820330D4A08210198C0
:1084300001F062FA0198FEF7BCFC0346002B05D15F
:108440000198FEF7D4FC0346002B06D00198FEF7F6
:10845000E9FE02E000BF00E000BF07B05DF804FBEA
:10846000A036040000B587B001900091009B002B5E
:1084700004D12D4940F2AA50EDF7D4FF019B9B682F
:10848000D3F83C31002B13D1019B9B68009AC3F8B1
:108490003C21019B9B68009AC3F840210023039371
:1084A00000230493019B9B689B7F8DF8143024E08C
:1084B000019B9B68D3F83C0103A90023092203F028
:1084C0009BFF009B0493019B9B68D3F83C0103A98D
:1084D0000023092203F072FF00230493019B9B6891
:1084E000D3F83C310393019B9B689B7F8DF814303C
:1084F000019B9B68009AC3F83C2103A90023092231
:10850000009803F05BFF019B9B6803F12001019B36
:108510009B689B7F01331A460923009803F04EFFA6
:1085200000BF07B05DF804FB4C36040000B587B00F
:108530000190019B9B68D3F84031002B3FD0019BF9
:108540009B68D3F84031059302A9002309220598BE
:1085500003F052FF019B9B68039AC3F8402102ABD2
:1085600009220021184608F0FFFD02A90023092274
:10857000059803F023FF059803F02AFE019B9B68F2
:10858000D3F84031002B05D1019B9B680022C3F832
:108590003C2115E0019B9B68D3F8400102A9002310
:1085A000092203F029FF00230293019B9B68D3F863
:1085B000400102A90023092203F000FF00E000BFF0
:1085C00007B05DF804FB00B589B00190019B9B6882
:1085D00020331846FEF7CBFB03468DF81B3001987D
:1085E000FFF72EFE9DF81B30002B5BD0019B9B6894
:1085F000D3F83C31002B36D0019B9B68D3F83C016B
:1086000002A90023092203F0F7FE9DF810309DF81F
:108610001B209A4227D1019B9B68D3F83C01019B08
:108620009B6803F1A0019DF8103001331A4609231D
:1086300003F0E2FE019B9B6803F12002019B9B6813
:10864000A0331946104608F011FD0346002B05D152
:10865000019B9B68002283F8A02024E0019B9B687B
:10866000002283F8A0200023079317E0019B5A699A
:108670009DF81B300A331946104603F052FD059051
:10868000059B002B04D005990198FFF7EBFE0AE04B
:108690000198FFF74BFF079B01330793079B072BBD
:1086A000E4D900E000BF09B05DF804FB84B001909C
:1086B000009100238DF80F301FE09DF80F30019AD4
:1086C00013441A789DF80F3000990B441B789A4296
:1086D00002D09DF80F3019E09DF80F3001338DF86E
:1086E0000F309DF80F30002B07D19DF80F30013B64
:1086F0008DF80F309DF80F3008E09DF80F30019A8B
:1087000013441B78002BD8D19DF80F30184604B0C5
:108710007047000000B587B00390029113468DF8B2
:108720000730029B002B04D13D4940F25360EDF726
:1087300079FE039B9B689A7F039B9B68DB7FD31A20
:108740008DF81730039B9B689B7F1A469DF8073076
:1087500013447F2B60DC9DF80730002B5CD0039B1B
:108760009A68039B9B68DB7F19469DF807300B4492
:108770002033D018039B9A68039B9B68DB7F2033D0
:10878000D1189DF8173001331A4608F0A7FB039B58
:108790009A68039B9B68DB7F203313449DF8072076
:1087A0000299184608F09AFB039B9B6820331846F1
:1087B000FEF7DDFA0246039B9B68D2B29A77039BD1
:1087C0009A68039B9B68DB7F20331344154A08217A
:1087D000039801F091F8039B9B68D97F039B9B68EA
:1087E0009DF807200A44D2B2DA770398FEF7E1FA3F
:1087F0000346002B05D10398FEF7F9FA0346002B38
:1088000002D00398FEF70EFD9DF81730002B04D020
:108810000398FEF7A7FD00E000BF07B05DF804FB7A
:108820004C360400A036040010B588B005900491C1
:1088300013468DF80F30049B002B04D1059B9B68D9
:1088400000225A774DE0284B1B681846FEF78FFA36
:108850000346DAB29DF80F3013448DF80F30059BB4
:108860009B685B7E1C46204B1B681846FEF77FFA10
:108870000346E21A9DF80F30B2FBF3F38DF81F3078
:108880000498FEF774FA0346DBB29DF80F20D31A62
:108890008DF81E30059B9A68537F591CC9B25177D9
:1088A0009DF81F20B3FBF2F101FB02F29B1ADBB231
:1088B000002B0AD10C4B1A68049B009313460B4AF9
:1088C0000721059801F018F805E0049B084A0721E4
:1088D000059801F011F89DF81E3019460598FEF72D
:1088E000C9FC08B010BD00BFEC2C0020C836040045
:1088F000A036040000B585B0039002910192019A60
:108900000299039808F055FB0346002B0CBF012386
:108910000023DBB2184605B05DF804FB00B5A5B036
:10892000039000232293002321930023209300230C
:108930008DF87F3000238DF87E30039B9B689B7FF2
:10894000C3F17F038DF87D309DF87D30002B00F062
:10895000F881039B9B6803F1A000039B9B6803F1D4
:108960002001039B9B68DB7F1A4608F0CBFB039B2F
:108970009B68039A9268D27F1344002283F8A02058
:10898000039B9A68039B9B68DB7F013B134493F82E
:108990002030184608F075FC0346002B14BF012355
:1089A00000238DF877300398FFF74AFC039B9B6800
:1089B00003F1A0020FA91CA80C23FFF787FA9DF86A
:1089C0007F309B0090336B4453F8543C1846FEF7BD
:1089D000CEF903468DF87C3000231E9300230A93C2
:1089E000002309931C9B002B09D09DF87F209DF844
:1089F00077101C9B0B44013B9A42C0F0AA809DF863
:108A00007730002B03D000238DF87C300CE09DF8EC
:108A10007F309B0090336B4453F8543C1846FEF76C
:108A2000A6F903468DF87C30002323939DF87F1030
:108A3000239A531C23930AA80BAB009303461E985A
:108A4000FEF79CFA0A9B002B00F081809DF87F3096
:108A50009B0090336B4453F8540C0A9B1B689DF8A1
:108A60007C201946FFF746FF034683F00103DBB283
:108A7000002B6AD1209B01332093099B002B1BD133
:108A8000239B013B21930A9B1B681846FEF76FF955
:108A900003468DF87E309DF87D209DF87E109DF870
:108AA0007C30CB1A9A4241DD9DF87E209DF87C30C7
:108AB000D31A8DF87D3039E00A9B1B681846FEF703
:108AC00056F903468DF876309DF876209DF87E3075
:108AD0009A4203D99DF876308DF87E309DF87D302E
:108AE000002B23D09DF87F1009AA05AB00931346F5
:108AF000229A1E98FEF742FA0A9B1A689DF87C306B
:108B0000D018099B1A689DF87C3013441946FFF76A
:108B1000CDFD03468DF876309DF87D209DF87630AA
:108B20009A4203D99DF876308DF87D30239B013B26
:108B300022930A9B0993239B002B7FF477AF854AEE
:108B40000421039800F0D8FE02E000BF6EE700BFEA
:108B50002DE0002323939DF87F10239A531C239329
:108B60000AA80BAB009303461E98FEF707FA239B57
:108B7000002B05D1774A0421039800F0BDFEE5E003
:108B80000A9B002B00F0DF809DF87F309B00903324
:108B90006B4453F8542C0A9B1B681946104608F086
:108BA00065FA0346002BD6D10A9B9B681E931E9B39
:108BB000002B10D00A9B002B0DD09DF87F30013385
:108BC0008DF87F309DF87F209DF877101C9B0B441B
:108BD0009A42FFF407AF209B002B00F0B680209B49
:108BE000012B57D11E9B1B78002B09D09DF87F10BD
:108BF00009AA0BAB00931346229A1E98FEF7BEF902
:108C0000099B1B681846FEF7B2F802469DF87C30B7
:108C10009A420AD0099B1A689DF87C3013449DF84B
:108C20007D2019460398FFF775FD039B9B68039A07
:108C30009268D27F134493F82030184608F021FB45
:108C40000346002B22D1039B9B68D3F84831C3F322
:108C50000003DBB2002B14D0039B9A68B2F84831B2
:108C600023F00103A2F8483120210398FEF70EFFFC
:108C7000039B9A68B2F8483143F00103A2F84831E7
:108C800064E020210398FEF701FF5FE00398FEF700
:108C900039FB5BE09DF87E301A4600210398FFF710
:108CA000C3FD219B23932BE09DF87F10239A531C37
:108CB00023930AA80BAB009303461E98FEF75EF9B8
:108CC0009DF87F309B0090336B4453F8540C0A9B03
:108CD0001B689DF87C201946FFF70CFE034683F0C5
:108CE0000103DBB2002B00D00AE0209B013B209364
:108CF0000A9B1B689DF87E2019460398FFF794FD98
:108D0000209B002BD0D1039B1B68134A032103989F
:108D100000F0F2FD039B9B682033104A0821039862
:108D200000F0EAFD0398FEF71DFB099B1A689DF809
:108D30007C3013449DF87D2019460398FFF7EAFC28
:108D400004E000BF02E000BF00E000BF25B05DF816
:108D500004FB00BFD0360400FC360400A03604003B
:108D600000B583B001900B468DF803309DF80330B9
:108D70000D2B09D09DF803300A2B05D00021019856
:108D8000FDF7D6FF002317E00198FDF7C5FF034666
:108D9000002B08D00198FDF7BFFF03461A469DF847
:108DA0000330934207D19DF8033019460198FDF72F
:108DB000BFFF012300E00023184603B05DF804FB69
:108DC00082B003468DF807309DF90730002B01DA99
:108DD0000B2300E00023184602B0704700B585B0B1
:108DE00001900023039303AB0DF10B0101220198C5
:108DF000FEF79AF8039B002B00F07D819DF80B3065
:108E00001846FFF7DDFF0346002B40F0728103F0A8
:108E10003FFB019B9B685B78032B00F2658101A2FD
:108E200052F823F0358E03008D8F0300A98F0300C5
:108E3000DF9003009DF80B3019460198FFF790FF73
:108E40000346002B13D0019B9B689B7F002B06D110
:108E50000198FFF7F5F90198FEF7E4F902E00198AF
:108E600000F0F0F902210198FFF7CAF946E19DF8F8
:108E70000B301B2B3EDC002B62DB1B2B60D801A2CE
:108E800052F823F0798F0300418F0300418F0300D4
:108E9000418F0300418F0300418F0300418F030086
:108EA000418F0300198F0300058F0300418F0300DA
:108EB000418F0300418F0300418F0300418F030066
:108EC000418F0300418F0300418F0300418F030056
:108ED000418F0300418F0300418F0300418F030046
:108EE000418F0300418F0300418F0300418F030036
:108EF000FB8E03007F2B19D022E001210198FDF7A2
:108F000029FF42E00198FDF7FBFE0346002B35D018
:108F10000198FFF703FD31E00198FDF7F1FE0346EC
:108F2000002B2DD00198FEF7B7FE29E00198FDF740
:108F3000E7FE0346002B25D00198FEF73BFF21E01A
:108F40009DF80B30184608F0ACF90346002B1BD0F7
:108F50000198FDF7D5FE0346002B06D09DF80B3097
:108F600019460198FEF792FD0EE09DF80B30194668
:108F70000198FEF760FD07E000BFBBE000BFB9E06D
:108F800000BFB7E000BFB5E000BFB3E09DF80B3015
:108F90005B2B04D102210198FDF7DCFEAAE0002141
:108FA0000198FDF7D7FEA5E000210198FDF7D2FE5C
:108FB0000198FDF7A5FE034683F00103DBB2002B09
:108FC00040F09B809DF80B30313B1B2B00F28380DF
:108FD00001A252F823F000BF7D9003008D900300A2
:108FE000BB9003006D900300D7900300D79003005F
:108FF000D7900300D7900300D7900300D7900300C9
:10900000D7900300D7900300D7900300D7900300B8
:10901000D7900300D79003004990030053900300BA
:109020005D90030065900300D790030075900300E6
:10903000D790030085900300D7900300D7900300DA
:10904000D79003009590030001210198FFF702F9E2
:1090500044E000210198FFF7FDF83FE00198FEF79A
:10906000B1FC3BE00198FEF776FC37E00321019864
:10907000FDF770FE0198FEF714FA2FE00321019826
:10908000FDF768FE0198FEF7C5F927E00321019876
:10909000FDF760FE019B9B68D3F84831C3F30003E2
:1090A000DBB2019A926883F00103D9B2B2F8483179
:1090B00061F30003A2F8483110E003210198FDF7A5
:1090C00049FE0198FDF71CFE0346002B05D00198D0
:1090D000FEF770FE01E000BF0CE000BF0AE00021D7
:1090E0000198FDF737FE05E000210198FDF732FEFB
:1090F00000E000BF77E600BF00E000BF05B05DF80C
:1091000004FB00BF00B585B0019000238DF80F303F
:10911000019B9B6893F82030002B00F08F8009E0C2
:109120009DF80F30002B05D1019B9B68002283F82E
:10913000202084E0019B9A689DF80F30591C8DF81F
:109140000F10134493F82030184608F09AF803469D
:10915000002BE5D19DF80F30013B8DF80F309DF8C5
:109160000F30002B24D0019B9B6803F12000019B52
:109170009B6803F120029DF80F30D118019B9B687A
:109180009B7F5A1C9DF80F30D31A1A4607F0A6FE93
:10919000019B9B68997F019B9B689DF80F208A1A11
:1091A000D2B29A77019B9A68019B9B68927FDA778B
:1091B000019B9A68019B9B689B7F013B2033134472
:1091C000029300238DF80F3007E09DF80F30013334
:1091D0008DF80F30029B013B0293029B1B781846CF
:1091E00008F04FF80346002BEFD1019B9A68019BD2
:1091F0009B689B7F013B20331344029A9A421ED006
:10920000019B9A68019B9B689B7F19469DF80F30D4
:10921000CB1A1344002283F82020019B9B68997F7E
:10922000019B9B689DF80F208A1AD2B29A77019B06
:109230009A68019B9B68927FDA7700E000BF05B0D7
:109240005DF804FB10B59CB0039000231A93002333
:109250001993002318930398FFF754FF0398FFF71F
:10926000B2F90398FEF71DF90398FDF7A2FD034636
:1092700083F00103DBB2002B02D00398FDF7D2FF8D
:10928000039B9B6803F1200209A916A80C23FEF793
:109290001DFE03468DF85F30169B002B03D103980B
:1092A000FDF7C0FFE2E09DF85F30002B07D09DF88E
:1092B0005F306F4A0221039800F01EFBD6E00023C6
:1092C0001B9328E06B4A6C4BD31ADB081B9A9A421B
:1092D00008D3099B694A0092694A0221039800F069
:1092E0000BFBC3E01B9BDB00634A134418931A9BE0
:1092F0009B0070336B4453F84C2C189B5B681B68C5
:109300001946104607F0B2FE0346002B0BD000BFF3
:109310001B9B01331B93574A574BD31ADB081B9AED
:109320009A42CFD900E000BF189B1B7883F001035D
:10933000DBB2002B04D1534940F6A510EDF772F8CB
:1093400000230493039B9B680433102200211846DA
:1093500007F00AFF189B5B68DB68002B08D0189B9E
:109360005A68039B9B681C1D13460FCB84E80F00B3
:10937000189B5B689B6818931A9B01331A93002310
:109380001B93169B1A9A9A4254D21A9B9B007033D5
:109390006B4453F84C3C3C49184607F067FE0346C3
:1093A000002B0CD01A9B9B0070336B4453F84C3C41
:1093B0003649184607F05AFE0346002B03D103989E
:1093C000FDF76AFC37E01B9A531C1B9304A905ABFD
:1093D00000930B461A991898FDF7D0FD1B9B002BA4
:1093E00029D0049B002B26D01A9B9B0070336B4422
:1093F00053F84C2C049B1B681946104607F036FEA8
:109400000346002BBDD1049BDB68002B09D01A9BBF
:109410001993049A039B9B681C1D13460FCB84E889
:109420000F001A9B01331A9300231B93049B9B6824
:109430001893A6E700BF039B9B681B69002B0DD008
:10944000039B9B681B691699199A881A09A9199A8E
:1094500092000A4401460398984704E00C4A02210E
:10946000039800F049FA0398FDF723FC1CB010BDE7
:109470000037040058140400F01304001C370400E3
:10948000143704004C36040030370400343704002D
:109490003C37040000B585B001900091019B002B82
:1094A00004D10F4940F62520ECF7BCFF009B002BB0
:1094B00004D10B4940F62620ECF7B4FF019B03933F
:1094C000009B0293039B1A68029B1B681946104677
:1094D00007F0CCFD0346184605B05DF804FB00BF5D
:1094E0004C36040000B585B0034600918DF8073076
:1094F000009B0393039B002B04D10A4940F63120C3
:10950000ECF790FF9DF80730002B07D0039B9A687B
:10951000B2F8483143F02003A2F8483100BF05B04B
:109520005DF804FB4C36040010B588B0039002913E
:1095300013468DF80730039B002B04D15B4940F69E
:109540004720ECF76FFF039B9B68002B07D0039B22
:109550005B68002B03D0039B1B68002B04D153498D
:1095600040F64820ECF75EFF039BDB685B68039ADC
:109570009A60039B5B681B681C68039B5868039B8D
:109580004B4A0299A0470690069B002B01D0069BF0
:1095900088E0039B5B69002B04D1444940F65720C7
:1095A000ECF740FF039B5B69184602F0AFFD0690A5
:1095B000069B002B01D0069B74E0039B9B68002256
:1095C000C3F83C21039B9B680022C3F84021039B06
:1095D0009B684FF4A6720021184607F0C5FD039B57
:1095E0009A68B2F8483143F02003A2F84831039B4F
:1095F0009A689DF80710B2F8483161F38203A2F827
:109600004831039B9A68B2F8483143F00803A2F846
:109610004831039B9B6801221A70039B9B68502270
:109620005A76039B9B6818221A76224B05930023D7
:10963000079321E0079BDB001F4A13440493049B1C
:10964000002B04D1194940F67320ECF7EBFE049B84
:109650005B681B68002B04D1144940F67420ECF7BA
:10966000E1FE049B5A68079B9B0005990B44126816
:109670001A60079B01330793104A0F4BD31ADB087C
:10968000079A9A42D6D30D4A0B4BD31A072B08D907
:109690000A4A094BD31AD908094B0422059806F047
:1096A000FCFB0023184608B010BD00BF4C36040078
:1096B000E5940300D82A0020F01304005814040095
:1096C0009594030000B587B00390029111461A46A5
:1096D0000B468DF8073013468DF80630039B002BA0
:1096E00004D1164940F6A420ECF79CFE9DF8073003
:1096F0001A4602990398FFF717FF0590059B002B68
:1097000016D19DF80630002B12D0039BDB689DF824
:1097100020201146184604F01DFD0490049B002BE8
:1097200001DA042305E0039BDB681846FDF776FAAF
:10973000059B184607B05DF804FB00BF4C360400DB
:1097400000B585B00190019B002B04D1204940F663
:10975000FA20ECF767FE019B9B68002B07D0019B6A
:109760005B68002B03D0019B1B68002B04D11849B8
:1097700040F6FB20ECF756FE019B9B681B78012B03
:1097800001D008231FE0019B5B681B689B68019A5E
:1097900052680021104698470390039B002B11D17B
:1097A00008210198FEF72EF801210198FEF778F8BC
:1097B000019B1B690749184601F022FC0221019810
:1097C000FEF71EFD039B184605B05DF804FB00BFC5
:1097D0004C3604005C37040000B585B00190019B55
:1097E000002B04D13A4940F62B30ECF71BFE019BCD
:1097F0009B68002B07D0019B5B68002B03D0019B6B
:109800001B68002B04D1324940F62C30ECF70AFEDD
:10981000002302939DF8083043F010038DF80830C0
:10982000019B9B6803F5A473029A11461846FDF745
:1098300027F8019B9B681B78012B02DC002B2ADA9E
:109840002CE0022B00D029E00198FFF7C7FA002195
:10985000019800F0D7FB03468DF80F309DF80F30CC
:10986000002B1AD0019B1B681A4A0321019800F0B3
:1098700043F80198FDF744FA0346002B0DD0019BF5
:109880009B682033134A0821019800F035F80198AD
:10989000FDF768FD01E000BF00E000BF0198FDF7A3
:1098A000EFF94FF0FF3302939DF8083023F01003D7
:1098B0008DF80830019B9B6803F5A473029A11464A
:1098C0001846FDF70DF800BF05B05DF804FB00BFBA
:1098D0004C360400A036040000B585B00390029118
:1098E00001920023019A02990398FDF79FFA00BFA5
:1098F00005B05DF804FB00000CB400B585B0019024
:109900000B468DF80330069B002B04D12B4940F603
:109910006130ECF787FD019B002B04D1274940F60D
:109920006230ECF77FFD019B9B68002B07D0019B09
:109930005B68002B03D0019B1B68002B04D11F49DF
:1099400040F66330ECF76EFD0023039307AB0393FF
:10995000019B9B68D3F84831C3F38003DBB2002B33
:109960001ED0019B9B68DB7E9DF803209A4217D096
:1099700002AB19460198FDF7CDFF9DF8033019465B
:109980000198FDF73FFF019B1B6903AA0699184642
:1099900001F01EFD02AB19460198FDF7C8FF07E074
:1099A000019B1B6903AA0699184601F011FD00BF2F
:1099B00000BF05B05DF804EB02B070474C36040000
:1099C00000B589B00390029101928DF80330029B9B
:1099D000002B00F0B8809DF80330002B05D0019BD0
:1099E000DBB219460398FDF745FC0023069302E01D
:1099F000069B01330693029A069B13441B78184674
:109A000007F03FFC0346002BF2D100230593029898
:109A1000FDF7ADF90246069BD31A0793039B9B689B
:109A20005B7E1A46019BD31A079A9A4238D80023C4
:109A3000059324E0069A059B1344029A13441B786D
:109A40000A2B19D10398FDF71BF9029A069BD1182E
:109A50000023059A0398FDF7E9F9059A069B13443C
:109A6000013306930398FDF7DDFB019BDBB219463A
:109A70000398FDF7FFFB06E0059B01330593059A6C
:109A8000079B9A42D6D3039B1869029A069B1344FC
:109A9000194601F0B5FA00BF0398FDF7C3FB53E088
:109AA000039B9B685B7E1A46019BD31A0793069A19
:109AB000059B1344029A13441B78184607F0E1FBF8
:109AC0000346002B09D0059B0793069A059B134478
:109AD000029A13441B780A2B0BD0059A019B13445E
:109AE000039A9268527E934205D2059B01330593F7
:109AF000DDE700BF00E000BF0398FDF7C1F8029A60
:109B0000069BD1180023079A0398FDF78FF9069A50
:109B1000079B1344069302E0069B01330693029AC7
:109B2000069B13441B78184607F0ABFB0346002B3B
:109B3000F2D10398FDF776FB019BDBB2194603983F
:109B4000FDF798FB61E700BF09B05DF804FB00007A
:109B500030B591B0059004910392059B002B04D180
:109B6000B34940F6E230ECF75DFC059B9B68002BA7
:109B700007D0059B5B68002B03D0059B1B68002B5F
:109B800004D1AB4940F6E330ECF74CFC0023ADF8D0
:109B90003E30A848FDF7EBF803469CB2A648FDF717
:109BA000E6F803469BB2E31AADF83C30059B9B6890
:109BB0005B68A24A0092A24A08210598FFF79CFE22
:109BC000059B9B685B681846FDF7D1F803469CB27D
:109BD0009A48FDF7CCF803469BB22344ADF83E30DB
:109BE000059B9B689968BDF83E2000230598FFF708
:109BF000E7FE944A00210598FFF77EFE039B002BA9
:109C00004AD0049B002B47D000230E9340E00E9ACD
:109C100013465B0013449B001A46049B13445B6885
:109C20001846FDF7A4F804460E9A13465B00134449
:109C30009B001A46049B13441B681846FDF797F8CF
:109C40000346E218BDF83C309A421ED90E9A1346DC
:109C50005B0013449B001A46049B13445B68184640
:109C6000FDF785F803469CB20E9A13465B00134439
:109C70009B001A46049B13441B681846FDF777F8AF
:109C800003469BB22344ADF83C300E9B01330E9348
:109C90000E9A039B9A42BAD36748FDF768F80346C9
:109CA000694A127813449AB2BDF83C301344ADF8B7
:109CB0003C30BDF83C305F4A0092644A0821059868
:109CC000FFF71AFE604B1B781A46BDF83C30134470
:109CD0009BB20133ADF83E30BDF83E2000235C4915
:109CE0000598FFF76DFE049B002B00F00281002316
:109CF0000D93F9E00D9A13465B0013449B001A463E
:109D0000049B13445B68002B69D00D9A13465B00DB
:109D100013449B001A46049B13441B68002B5ED01F
:109D20000D9A13465B0013449B001A46049B134490
:109D300059680D9A13465B0013449B001A46049B16
:109D400013441B6801933C4B00930B46414A082186
:109D50000598FFF7D1FD3C4B1B781A46BDF83C3007
:109D60001344ADF83E30BDF83E30DCB20D9A1346D8
:109D70005B0013449B001A46049B13445B6818461F
:109D8000FCF7F5FF0346DDB20D9A13465B00134462
:109D90009B001A46049B13441B681846FCF7E7FF18
:109DA0000346DBB22B44DAB2274B1B781344DDB2F7
:109DB0002148FCF7DCFF0346DBB22B44DBB2E31A9D
:109DC000DBB219460598FDF755FA3A210598FDF7DB
:109DD00097F8BDF83E300133ADF83E3063E00D9AA0
:109DE00013465B0013449B001A46049B13445B68B4
:109DF000002B31D0BDF83C100D9A13465B00134484
:109E00009B001A46049B13445B6800930B460F4A61
:109E100008210598FFF770FD0B4B1B781A46BDF81B
:109E20003C3013449BB20133ADF83E303BE000BF01
:109E30004C360400003D04000C3D0400103D0400BD
:109E40006037040068370400143D040074370400D0
:109E50007C370400903704000D9A13465B001344CE
:109E60009B001A46049B13441B68002B1BD0BDF8B3
:109E70003C100D9A13465B0013449B001A46049B4A
:109E800013441B6800930B465B4A08210598FFF7B3
:109E900033FD5A4B1B781A46BDF83C3013449BB235
:109EA0000133ADF83E300D9A13465B0013449B001E
:109EB0001A46049B13449B68002B0FD00D9A13463F
:109EC0005B0013449B001A46049B13449968BDF839
:109ED0003E2000230598FFF773FD02E00598FDF78B
:109EE000A1F90D9B01330D930D9A039B9A42FFF448
:109EF00001AF059B9B68DB68002B75D0059B9B68B9
:109F0000DB680B93002306930023ADF83E3000235B
:109F1000ADF83C3000230C930C9A531C0C9306A90B
:109F200007AB00930B4601210B98FDF727F8069B22
:109F3000002B12D0069B1B681846FCF718FF024640
:109F4000BDF83C309A42E7D9069B1B681846FCF7DF
:109F50000EFF0346ADF83C30DEE700BF0C9B012B43
:109F600044D0274A00210598FFF7C6FC00230C9334
:109F70000C9A531C0C9306A907AB00930B460121C6
:109F80000B98FCF7FBFF069B002B31D01B4B1B787B
:109F90001A46BDF83C301344ADF83E30BDF83E20C3
:109FA000069B1B6800931346134A08210598FFF788
:109FB000A3FC124B1B781A46BDF83E3013449BB2EB
:109FC0000133ADF83E30069B5B68002B08D0069B42
:109FD0005968BDF83E2000230598FFF7F1FCC7E75C
:109FE0000598FDF71FF9C3E700BF02E000BF00E0DE
:109FF00000BF11B030BD00BF74370400143D040031
:10A000009C37040000B59BB003900B468DF80B30D5
:10A0100000238DF86730039BDB685B681B6812A91F
:10A020000022184602F0EAFB0346002B01D0002371
:10A03000CAE09DF80B30002B18D0129B184602F096
:10A0400010F9039B9B68D3F838210132C3F83821FB
:10A05000039B9B68D3F8383103F00703012B03D12E
:10A0600001238DF8673001E00123ADE00398FDF78F
:10A070000DF81690169B9B78012B07D9169B9B78A1
:10A08000013BDBB219460398FDF70CF9169B1B78D0
:10A09000012B07D9169B1B78013BDBB219460398AD
:10A0A000FDF7D0F80398FDF74BF89DF86730002BCB
:10A0B00006D0474A02210398FFF71EFC012383E0E4
:10A0C0000023189312980FA9189B082202F094F904
:10A0D00008231893119B0C93BDF84030ADF8343031
:10A0E000BDF84230ADF8363000238DF839309DF898
:10A0F0003C3003F00303DBB2012B22D10F9BC3F3EF
:10A10000952314939DF83C30C3F3C203DBB28DF862
:10A110003830BDF83C30C3F38313DBB2139312988D
:10A12000139B9A0006A9189B02F066F9039B1B6912
:10A130000CAA06A900931346139A149804F0DEFCA7
:10A1400030E09DF83C3003F00303DBB2022B29D151
:10A15000BDF83E30C3F389139BB217939DF83C3092
:10A16000C3F3C203DBB28DF83830179B082B28BF2E
:10A1700008231593129804A9189B159A02F03CF92C
:10A18000189A159B13441893179A159BD31A179373
:10A19000039B1B690CAA04A8159904F051FD179B99
:10A1A000002BE2D1129B184602F05BF8039BDB68A0
:10A1B0005B681B6812A90022184602F01FFB0346C9
:10A1C000002B3FF47DAF012318461BB05DF804FB64
:10A1D000AC37040000B587B001900091019B5B682B
:10A1E0000493049B9B680393039B9B681B78042B3D
:10A1F00031D0039B9B681B78032B0CBF01230023EA
:10A200008DF80B30049B1B686A461146184602F015
:10A210003DFA059010E09DF80B3083F00103DBB2AE
:10A2200019460398FFF7EEFE049B1B686A46114629
:10A23000184602F02BFA0590059B002BEBD1009BF2
:10A24000184601F0FFFF9DF80B30002B03D00021D2
:10A250000398FFF7D7FE00BF07B05DF804FB00B519
:10A2600085B00190019B5B680393039B9B680293FD
:10A2700001210298FFF7C6FE00BF05B05DF804FBA0
:10A2800000B585B00190019B5B680393039B9B68BD
:10A290000293029B5B681B689B68029A52680121CB
:10A2A000104698470346002B04D1029B9B6803226B
:10A2B0001A7003E0029B9B6804221A7000BF05B06D
:10A2C0005DF804FB00B585B00390019200930B4646
:10A2D0008DF80B300398FCF7AAFC0346002B06D040
:10A2E000009A01990398FFF733FC01230EE09DF8D3
:10A2F0000B30002B09D0039B9B685B68054A022149
:10A300000398FFF7F9FA012300E00023184605B08F
:10A310005DF804FBDC37040000B585B003900291C2
:10A320000192039B002B04D12B4940F65F50ECF7C0
:10A3300079F8039B9B68002B07D0039B5B68002B7D
:10A3400003D0039B1B68002B04D123494FF45660B4
:10A35000ECF768F8029B022B0BD10398FCF767FC23
:10A360000346002B05D0002200210398FFF7F0FBE5
:10A370002FE0039B002B04D1174940F66850ECF7FF
:10A3800051F8039B1B69002B04D1134940F6685018
:10A39000ECF748F8039B1B69104A1149184600F076
:10A3A0002FFE039B002B04D10B4940F66950ECF7BC
:10A3B00039F8039B1B69002B04D1074940F669500B
:10A3C000ECF730F8039B1B69064A0549184600F074
:10A3D00017FE05B05DF804FB4C360400183D040080
:10A3E000A03604001C3D040000B585B00390029126
:10A3F0000192039B002B04D1174940F66E50ECF7F5
:10A4000011F8039B9B68002B07D0039B5B68002B14
:10A4100003D0039B1B68002B04D10F4940F66F50FB
:10A42000ECF700F8029B012B08D0029B022B0BD10A
:10A430000398FCF7FCFB0346002B05D0002200210B
:10A440000398FFF785FB04E0044A02210398FFF715
:10A4500053FA05B05DF804FB4C3604003C370400A9
:10A4600000B585B0039002910192029B012B14BFAD
:10A4700001230023D9B2002300220398FFF722FF13
:10A480000346002B08D1039B9A68B2F8483123F0A9
:10A490000403A2F8483100E000BF05B05DF804FBFA
:10A4A00000B585B0039002910192029B012B14BF6D
:10A4B00001230023D9B2002300220398FFF702FFF3
:10A4C0000346002B08D1039B9A68B2F8483143F049
:10A4D0000403A2F8483100E000BF05B05DF804FBBA
:10A4E00000B587B0059004910392059B002B04D121
:10A4F0001F4940F68F50EBF795FF059B9B68002B9B
:10A5000007D0059B5B68002B03D0059B1B68002BC5
:10A5100004D117494FF45960EBF784FF049B012BDA
:10A5200005D1002200210598FFF712FB1DE0049BD6
:10A53000022B14BF01230023D9B200230022059867
:10A54000FFF7C0FE0346002B0ED1039B1A68039B46
:10A5500004331B680193074B00931346064A0221FC
:10A560000598FFF7C9F900E000BF07B05DF804FBEC
:10A570004C36040004380400F837040000B587B0F6
:10A58000059004910392049B022B8CBF01230023AE
:10A59000D9B2002300220598FFF794FE0346002B52
:10A5A00020D1049B022B0ED1039B1A68039B04331A
:10A5B0001B6801930D4B009313460D4A0221059829
:10A5C000FFF79AF90FE00598FCF79AFB0346002B7A
:10A5D00001D0084B00E0084B084A00210598FFF71E
:10A5E0008BF900E000BF07B05DF804FB04380400FD
:10A5F000F83704001C380400203804002438040014
:10A6000000B585B0039002910192029B012B14BF0B
:10A6100001230023D9B2002300220398FFF752FE42
:10A620000346002B03D10398FCF75DFB00E000BF5D
:10A6300005B05DF804FB00B585B00390029101926E
:10A64000029B012B14BF01230023D9B20023002257
:10A650000398FFF737FE0346002B03D10398FCF75E
:10A6600035FB00E000BF05B05DF804FB00B58DB020
:10A67000059004910392059B002B04D12D4940F6CF
:10A68000C750EBF7CFFE059B9B68002B07D0059BBF
:10A690005B68002B03D0059B1B68002B04D1254968
:10A6A00040F6C850EBF7BEFE049B012B14BF0123FC
:10A6B0000023D9B2002300220598FFF703FE0346CA
:10A6C000002B33D100230B93059B9B68D3F84031BB
:10A6D0000A930A9B002B23D00B9B072B20D807A99A
:10A6E000002309220A9801F087FE059B9B6803F16D
:10A6F000A0019DF8243001331A4609230A9801F07D
:10A700007BFE089B0A930B9B5A1C0B92059A92683E
:10A71000A0320092084A00210598FFF7EDF8D8E72B
:10A72000059B9B68002283F8A02000E000BF0DB0CD
:10A730005DF804FB4C3604003838040000B587B0DF
:10A74000059004910392049B012B05D10022002166
:10A750000598FFF7FDF91CE0049B022B0ED1039B2B
:10A760001A68039B04331B6801930B4B0093134639
:10A770000A4A02210598FFF7BFF80AE0049B022B62
:10A780008CBF01230023D9B2002300220598FFF7D4
:10A7900099FD07B05DF804FB04380400F8370400A5
:10A7A00000B58BB0079006910592069B012B14BF54
:10A7B00001230023D9B2002300220798FFF782FD6E
:10A7C0000346002B29D1079BDB685B681B68099354
:10A7D000099802F0F1F803468DF823309DF82330F4
:10A7E000642203FB02F2099B9B68B2FBF3F38DF832
:10A7F0002230079B9B68D3F838019DF822309DF8E2
:10A800002320099989680291019200930346054A21
:10A8100000210798FFF770F800E000BF0BB05DF86B
:10A8200004FB00BF4438040000B585B003900291DA
:10A830000192029B012B14BF01230023D9B20023F4
:10A8400000220398FFF73EFD0346002B0CD1039B2B
:10A850009B680022C3F83821039BDB685B681B6898
:10A86000184602F0BDF800E000BF05B05DF804FB3B
:10A8700000B585B0039002910192029B012B14BF99
:10A8800001230023D9B2002300220398FFF71AFD09
:10A890000346002B20D1039B002B04D1104940F626
:10A8A0002160EBF7BFFD039B1B69002B04D10C4912
:10A8B00040F62160EBF7B6FD039B1B69094A0A4984
:10A8C000184600F09DFB039B9B6850225A76039B21
:10A8D0009B6818221A7600E000BF05B05DF804FB03
:10A8E0004C360400243D0400A036040000B587B0B7
:10A8F000059004910392059B002B04D12B4940F64F
:10A900002860EBF78FFD059B9B68002B07D0059B0C
:10A910005B68002B03D0059B1B68002B04D12349E7
:10A9200040F62960EBF77EFD049B012B1BD1059BB4
:10A930009B6803F11901059B9B6818331A4605981B
:10A94000FCF700FF0346002B2AD0059B9B68502292
:10A950005A76059B9B6818221A76154A0421059899
:10A96000FEF7CAFF1CE0049B022B8CBF01230023CF
:10A97000D9B2002300220598FFF7A4FC0346002B60
:10A9800010D1039B1A68039B04331B680193094B86
:10A9900000931346084A02210598FEF7ADFF02E036
:10A9A00000BF00E000BF07B05DF804FB4C360400B8
:10A9B0007C38040004380400F837040000B583B084
:10A9C0000190019B1B781A460C4B9B5C002B05D019
:10A9D000019B04331846F7F70DFD0BE0019B1B7834
:10A9E0001A46064B9B5C002B04D1019B0C33184686
:10A9F000F6F738FD00BF03B05DF804FBE83C00202B
:10AA000000B587B00390029113468DF807300023FC
:10AA10000593039B1B781A46114B9B5C002B09D0B6
:10AA2000039B04339DF8072002991846F7F744FD6D
:10AA300005900FE0039B1B781A46094B9B5C002B8B
:10AA400008D1039B0C339DF8072002991846F6F7AE
:10AA500081FD0590059B184607B05DF804FB00BF1B
:10AA6000E83C002000B585B0019000238DF80F3040
:10AA7000019B1B781A46114B9B5C002B08D0019B55
:10AA800004331846F7F7D6FD03468DF80F300EE075
:10AA9000019B1B781A46094B9B5C002B07D1019B3D
:10AAA0000C331846F6F7DEFD03468DF80F309DF89F
:10AAB0000F30184605B05DF804FB00BFE83C0020ED
:10AAC00000B587B00390029113468DF8073000233C
:10AAD0000593039B1B781A46114B9B5C002B09D0F6
:10AAE000039B04339DF8072002991846F7F7BAFD37
:10AAF00005900FE0039B1B781A46094B9B5C002BCB
:10AB000008D1039B0C339DF8072002991846F6F7ED
:10AB100001FE0590059B184607B05DF804FB00BFD9
:10AB2000E83C002000B583B00190019B1B781A46D9
:10AB30000C4B9B5C002B05D0019B04331846F7F7A8
:10AB4000E1FE0BE0019B1B781A46064B9B5C002B39
:10AB500004D1019B0C331846F6F71BFF00BF03B06E
:10AB60005DF804FBE83C002000B587B00190FF23AE
:10AB70000493019BD86804AA03A9012301F064FF90
:10AB80000590059B002B03D012494020EBF74AFCAF
:10AB9000059B002B18D1049B002B15D0019B5B69F2
:10ABA0000399049AD2B21846FFF78AFF0590059BD5
:10ABB000002B09D1019B9B681B68019A40F26661DA
:10ABC0001846F8F769FF0590059B184607B05DF831
:10ABD00004FB00BF383D040000B587B00190009130
:10ABE000009B049300230593FF230293019B1B7892
:10ABF000022B07D0022B00F38E80002B4DD0012BAF
:10AC00001FD088E0049BDA68019B1B7A1946104626
:10AC100001F09AFF0590059B002B06D0059B042BA5
:10AC200003D043495F20EBF7FDFB0498FFF79CFF3F
:10AC30000590059B002B73D03D496120EBF7F2FB9B
:10AC40006EE0049BDA68019B1B7A1946104601F0FE
:10AC50007BFF0590059B002B06D0059B042B03D0A2
:10AC600033496720EBF7DEFB019B1B7A002B08D0F2
:10AC7000049B5B681B68049A526852681146002066
:10AC800098470498FFF770FF0590059B002B49D06B
:10AC900027497320EBF7C6FB44E0049B1A69019B2C
:10ACA0001B7A1946104602F00BF90590059B002B04
:10ACB00003D01F497920EBF7B5FBFF230293049BD8
:10ACC000186902AA03A9012301F0EEFF0590059B74
:10ACD000002B03D016497C20EBF7A4FB029B002B32
:10ACE0000FD0049B5B690399029AD2B21846FFF712
:10ACF00087FE0590059B002B03D00D498120EBF7C3
:10AD000091FB049B5B681B68049A52685268114669
:10AD10000120984707E006498B20EBF783FB02E010
:10AD200000BF00E000BF00BF07B05DF804FB00BF3C
:10AD3000383D040000B585B00190019B0393039B4F
:10AD40005B691846FFF7EEFE00BF05B05DF804FB37
:10AD500000B589B00390029101920093039B079381
:10AD6000079B5B68019A1A60079B5B68009A5A60B0
:10AD7000079B5B68002283F82820079B5B68002202
:10AD800083F82920029B0693079B5B6808332022E7
:10AD90000699184606F0B6F9069B079A1A61079BB2
:10ADA0005B690C4A06991846F4F7E8F80590059B8C
:10ADB000002B09D1079BDB68184601F027FE079B93
:10ADC0001B69184601F022FE059B184609B05DF884
:10ADD00004FB00BFD9AB030000B585B00190019B17
:10ADE0000393039B5B691846FFF7E8FD039B9B6891
:10ADF0001B681846F8F7A8FE0346184605B05DF82C
:10AE000004FB000000B585B001900B468DF80330BF
:10AE1000019B029300230393029B5B6893F8283005
:10AE2000002B10D0029B9B681B681846F8F78CFE1D
:10AE30000390039B002B04D0039B082B01D0039BA2
:10AE40003EE0002303939DF80330002B1AD0029BB1
:10AE50005B691846FFF7B2FD029B5869029B5B686D
:10AE6000083300221946F4F789F80390039B002B5E
:10AE700006D1029B5B68012283F8292000231FE092
:10AE800006231DE0029B5B6893F8283083F00103E2
:10AE9000DBB2002B0CD0029B9B680B4A00211846AA
:10AEA000F8F7C0FD0390029B5B68012283F828201D
:10AEB000039B002B03D10298FFF756FE0390039BE0
:10AEC000184605B05DF804FB35AD030000B587B04A
:10AED0000390029101920093009B002B03D10B4938
:10AEE000F820EBF79FFA039B0593009B019A1A60E9
:10AEF000059BDB68009A0299184601F057FF049001
:10AF0000049B184607B05DF804FB00BF383D040001
:10AF100000B589B00390029101920093009B002B31
:10AF200004D125494FF48670EBF77CFA039B069316
:10AF3000009B019A1A60069B1B69009A02991846A9
:10AF400001F036FE0790079B002B2FD1069B5B6913
:10AF50001846FFF787FD034683F00103DBB2002BA1
:10AF600024D0FF230493069B186904AA05A9012392
:10AF700001F09AFE0346002B18D1069B5B690599E8
:10AF8000049AD2B21846FFF73BFD0790069B5B6818
:10AF900093F82930002B09D0079B002B06D1069B84
:10AFA0001B69049A1146184601F08AFF079B184650
:10AFB00009B05DF804FB00BF383D040000B583B064
:10AFC0000190019B002B03D10C493120EBF72AFAA9
:10AFD000019B9B68002B0CD0019B5B69019A106957
:10AFE000019A1168019A92689847019B00229A6021
:10AFF00000E000BF03B05DF804FB00BFA43D040007
:10B000000EB400B584B00190019B002B03D1184908
:10B010004220EBF707FA019B5B69002B03D114492F
:10B020004320EBF7FFF9019B1B68002B03D110496C
:10B030004420EBF7F7F9019B5B68002B03D10C4927
:10B040004520EBF7EFF9059B002B0AD00023039373
:10B0500006AB039303AB1A460599019800F0B8F9C3
:10B0600000E000BF04B05DF804EB03B0704700BF20
:10B07000A43D040000B583B001900B468DF8033069
:10B080009DF803300A2B03D10D210198FFF7F2FF41
:10B09000019B1A68019B9B68581C019988601344A6
:10B0A0009DF803201A70019B9A68019B5B689A4285
:10B0B00002D30198FFF782FF00BF03B05DF804FBE5
:10B0C00000B587B00390029101920093002305938D
:10B0D000009B03F00103002B24D00BE0029B013303
:10B0E0000293059B013305939DF81330194603988D
:10B0F000FFF7C0FF029B1B788DF813309DF81330CB
:10B10000002BEBD106E0019B013B0193202103982A
:10B11000FFF7B0FF019A059B9A422ED9019B002BA5
:10B12000F1D12AE0029B002B0BD0029805F02BFFF7
:10B13000059006E0019B013B019320210398FFF756
:10B1400099FF019A059B9A420FD9019B002BF1D1DF
:10B150000BE0029B01330293059B013305939DF89D
:10B16000133019460398FFF785FF029B1B788DF873
:10B1700013309DF81330002BEBD100BF07B05DF802
:10B1800004FB000000B589B0039002910192009386
:10B19000029B07930123069307E0079A019BB2FBEA
:10B1A000F3F30793069B01330693079A019B9A4298
:10B1B000F3D2009A069B9A4201D9009B06930B9BFF
:10B1C00003F00103002B22D10A9B002B1FD00B9B05
:10B1D00003F00203002B06D0009B002B03D1302389
:10B1E0008DF8173002E020238DF8173008E00A9B15
:10B1F000013B0A939DF8173019460398FFF73AFF71
:10B200000A9B002B03D0069A0A9B9A42EFD3012394
:10B210000793009B012B03D9009B013B009309E09E
:10B22000029A079BB2FBF3F30493049A019B9A42A0
:10B2300000D205E0079B019A02FB03F30793E8E7BE
:10B24000029A079BB2FBF3F30493049B079A02FB59
:10B2500003F3029AD31A0293154A049B13441B78F2
:10B2600019460398FFF706FF079A019BB2FBF3F319
:10B270000793079B002BE3D10B9B03F00103002BEB
:10B2800011D00A9B002B0ED006E00A9B013B0A93CB
:10B2900020210398FFF7EEFE0A9B002B03D0069AAD
:10B2A0000A9B9A42F1D300BF09B05DF804FB00BFCE
:10B2B000443E040000B589B00590049103920293C6
:10B2C000049B002BB8BF5B4206930123079307E062
:10B2D000039B069A92FBF3F30693079B01330793B4
:10B2E000039B069A9A42F3DA029A079B9A4201D983
:10B2F000029B07930A9B002B0AD0049B002B04DBC4
:10B300000B9B03F00403002B02D00A9B013B0A9322
:10B310000B9B03F00203002B02D0029B002B16D0E4
:10B320000B9B03F00103002B11D10A9B002B0ED0C5
:10B3300006E00A9B013B0A9320210598FFF79AFE3D
:10B340000A9B002B03D0079A0A9B9A42F1D3049BD5
:10B35000002B07DA049B5B4204932D210598FFF72D
:10B3600089FE08E00B9B03F00403002B03D02B2184
:10B370000598FFF77FFE0B9B03F00203002B19D00B
:10B380000B9B03F00103002B14D1029B002B11D166
:10B390000A9B002B0ED006E00A9B013B0A9330214A
:10B3A0000598FFF767FE0A9B002B03D0079A0A9BBC
:10B3B0009A42F1D304990B9B01930A9B0093029B41
:10B3C000039A0598FFF7DEFE00BF09B05DF804FBA5
:10B3D00000B58FB0059004910392059B002B04D11A
:10B3E000AD4940F25220EBF71DF8059B5B69002B3D
:10B3F00004D1A9494FF41570EBF714F8059B1B68AD
:10B40000002B04D1A44940F25520EBF70BF8059B23
:10B410005B68002B04D1A04940F25620EBF702F8FC
:10B42000049B002B00F09381049B1B788DF8373030
:10B43000049B013304939DF83730002B00F07E818C
:10B440009DF83730252B40F06D8100230A930123AE
:10B450000C93049B1B788DF837309DF83730302BD8
:10B460000DD0302B1BDC2B2B11D02D2B17D10A9B91
:10B4700043F001030A93049B0133049312E00A9BF7
:10B4800043F002030A93049B013304930AE00A9BEE
:10B4900043F004030A93049B0133049302E0002366
:10B4A0000C9300BF0C9B002BD3D1002309939DF874
:10B4B00037302A2B0CD1039B1B68191D039A11608E
:10B4C0001B68099A13440993049B013304931AE0FF
:10B4D000049B1B788DF837309DF837302F2B12D90D
:10B4E0009DF83730392B0ED8049B01330493099A09
:10B4F00013469B0013445B001A469DF837301344F3
:10B50000303B0993D3E700230B93049B1B788DF802
:10B5100037309DF837302E2B1DD1049B0133049317
:10B52000049B1B788DF837309DF837302F2B12D9BC
:10B530009DF83730392B0ED8049B013304930B9AB6
:10B5400013469B0013445B001A469DF837301344A2
:10B55000303B0B93E4E7049B1B788DF837309DF864
:10B5600037306C2B03D09DF83730682B07D1049B04
:10B5700001330493049B1B788DF83730EFE79DF877
:10B580003730252B00F0C480252BC0F2C680782BE5
:10B5900000F3C380582BC0F2C080583B202B00F230
:10B5A000BC8001A252F823F09DB603001BB7030034
:10B5B0001BB703001BB703001BB703001BB7030037
:10B5C0001BB703001BB703001BB703001BB7030027
:10B5D0001BB703002DB603004FB603001BB70300D3
:10B5E0001BB703001BB703001BB703004FB60300D4
:10B5F0001BB703001BB703001BB703001BB70300F7
:10B600001BB703001BB70300DDB603001BB7030025
:10B610001BB70300C1B603001BB7030073B60300DA
:10B620001BB703001BB703009DB60300039B1B68F9
:10B63000191D039A11601B680C930C9B8DF81F3029
:10B640009DF81F3019460598FFF714FD66E0039B2F
:10B650001B68191D039A11601B680C930A9B0193C8
:10B66000099B00930B9B0A220C990598FFF722FE79
:10B6700054E0039B1B68191D039A11601B680C930F
:10B680000C990A9B0193099B00930B9B0A22059836
:10B69000FFF778FD42E000BFF03D0400039B1B680C
:10B6A000191D039A11601B680C930C990A9B019356
:10B6B000099B00930B9B10220598FFF763FD2DE07B
:10B6C000039B1B68191D039A11601B6808930A9B52
:10B6D000099A08990598FFF7F3FC1FE0039B1B6884
:10B6E000191D039A11601B680C9330210598FFF710
:10B6F000C1FC78210598FFF7BDFC0C99002301934C
:10B7000008230093082310220598FFF73BFD05E06E
:10B7100025210598FFF7AEFC00E000BF049B013334
:10B72000049305E09DF8373019460598FFF7A2FC11
:10B73000049B1B78002B7FF477AE00E000BF059BD5
:10B740001B7B002B04D00598FFF738FC00E000BFFE
:10B750000FB05DF804FB00BF00B587B00590049101
:10B760000392059B002B10D1194A1A4BD31ADB0800
:10B770001B0443F00100184A18490E2300930B469E
:10B78000174902F0FAF90E231DE0049B002B10D19B
:10B790000F4A104BD31ADB081B0443F00100114A77
:10B7A0000E490E2300930B460D4902F0E6F90E23D5
:10B7B00009E0059B049A1A60059B1B681B680399A6
:10B7C000059898470346184607B05DF804FB00BF8C
:10B7D000C014040058140400643E0400084004002F
:10B7E0006C3E0400983E040010B586B005900491AC
:10B7F00003920293059B002B10D1604A604BD31A31
:10B80000DB081B0443F001005E4A5F490E230093EE
:10B810000B465E4902F0B1F90E23ABE0039B002B0F
:10B8200010D1564A564BD31ADB081B0443F00100D3
:10B83000574A55490E2300930B46544902F09DF98F
:10B840000E2397E0059B1B68002B10D14B4A4C4BF5
:10B85000D31ADB081B0443F001004E4A4A4908236F
:10B8600000930B46494902F088F9082382E0029BC5
:10B87000002B10D1414A424BD31ADB081B0443F082
:10B880000100454A4049092300930B463F4902F015
:10B8900074F909236EE0059B5B685A68029BB3FB51
:10B8A000F2F101FB02F29B1A002B10D0334A344B09
:10B8B000D31ADB081B0443F00100384A324909233C
:10B8C00000930B46314902F058F9092352E00498DD
:10B8D00000F01EF90346002B10D1284A284BD31A3A
:10B8E000DB081B0443F001002D4A27491023009375
:10B8F0000B46264902F041F910233BE0039B184612
:10B9000000F006F90346002B10D11C4A1C4BD31A39
:10B91000DB081B0443F00100224A1B49102300935B
:10B920000B461A4902F029F9102323E0029A0499E0
:10B93000059800F0D3F80346002B10D10F4A104BA6
:10B94000D31ADB081B0443F00100174A0E491023E9
:10B9500000930B460D4902F010F910230AE0059BF5
:10B960001B68DC68089B0093029B039A0499059866
:10B97000A0470346184606B010BD00BFC01404001F
:10B9800058140400643E04001C4004006C3E040093
:10B99000F83E0400A03E0400B43E0400003F040052
:10B9A0002C3F0400443F0400683F040010B586B0FB
:10B9B0000590049103920293059B002B10D13E4AFF
:10B9C0003E4BD31ADB081B0443F001003C4A3D49BF
:10B9D0000E2300930B463C4902F0CFF80E2368E09B
:10B9E000059B1B68002B10D1334A344BD31ADB085C
:10B9F0001B0443F00100354A3249082300930B46EB
:10BA0000314902F0BAF8082353E0039B002B10D110
:10BA1000294A2A4BD31ADB081B0443F001002C4AA5
:10BA20002849092300930B46274902F0A6F8092369
:10BA30003FE00499059800F078F80346002B10D1F8
:10BA40001D4A1E4BD31ADB081B0443F00100214A98
:10BA50001C49102300930B461B4902F08EF810235B
:10BA600027E0059B5B681B68039A02FB03F31A46F9
:10BA70000499059800F032F80346002B10D10E4AC5
:10BA80000E4BD31ADB081B0443F00100124A0D4988
:10BA9000102300930B460C4902F06FF8102308E0C6
:10BAA000059B1B681C69029B039A04990598A04793
:10BAB0000346184606B010BDC01404005814040014
:10BAC000643E0400304004006C3E0400A03E0400CC
:10BAD000B43E0400903F0400B83F040084B00390DB
:10BAE00002910192039BDB68029A9A4209D3029A5F
:10BAF000019B13445A1E039B1B699A4201D80123E0
:10BB000000E0002303F00103DBB2184604B07047E5
:10BB100082B00190019B03F00303002B0CBF0123B3
:10BB20000023DBB2184602B0704782B0019000914A
:10BB3000019B5B681B685A1E009B1340002B0CBFC7
:10BB400001230023DBB2184602B0704729DF70479B
:10BB500000BF184628DF704700BF184600B589B0FF
:10BB600001900091019B1B689B68002B35D002ABB4
:10BB700000221A605A609A60DA601A615A61009B6A
:10BB80000393019B9B680793019B1B79002B02D0B9
:10BB9000012B0DD01AE001238DF80830019B1B69A1
:10BBA0000493019BDB680593019B5B6906930DE0A1
:10BBB00002238DF80830019BDB684FF4805202FBB2
:10BBC00003F30493019B5B69069300BF019B1B6811
:10BBD0009B6802AA1046984700E000BF09B05DF8D4
:10BBE00004FB00B587B00190019B5A69019B9B69DA
:10BBF000D31AB3F5805F28BF4FF480530593042216
:10BC0000059BB3FBF2F3012B38BF01230593019B86
:10BC10001A69019B9B6913440493019BDB681A46D4
:10BC2000019B9B6913440393059A03990498FFF7BA
:10BC30008DFF0346184607B05DF804FB00B583B0DE
:10BC40000190019BDA68019B1B6913441846FFF7BA
:10BC500081FF0346184603B05DF804FB08B5034BAB
:10BC600003491846FAF780FD00BF08BD6C4000206C
:10BC70009440002008B5084B08491846FAF75BFDC8
:10BC80000346074A1360064B1B68002B14BF0123B1
:10BC90000023DBB2184608BD6C4000209440002011
:10BCA0009040002000B583B02A4B1B7A002B0BD1AB
:10BCB000FFF7E0FF034683F00103DBB2002B03D064
:10BCC000244B00225A6042E0224B02221A72224B7D
:10BCD0001B681B79002B02D0012B07D00DE01E4BF7
:10BCE0001B681846FFF77DFF019009E01A4B1B689F
:10BCF0001846FFF7A3FF019002E00323019300BF62
:10BD0000019B002B03D0019B112B0CD00FE0114B9A
:10BD10001B7C83F00103DBB2002B17D00021022033
:10BD200000F060F912E00B4B01221A720FE00A4B8F
:10BD30001B6803211846FFF711FF064B00221A72F9
:10BD4000044B00225A60FFF789FF00E000BF03B0F8
:10BD50005DF804FB7C4000209040002008B50848B6
:10BD6000FAF71EFE0346002B08D1064B5B7C83F0DE
:10BD70000103DBB2002B01D0FFF794FF00BF08BD29
:10BD8000804000207C40002084B001901B4B0022AA
:10BD9000DA60019B1B79002B02D0012B19D028E01F
:10BDA000019B5A69019B9B69D31AB3F5805F28BF39
:10BDB0004FF480530393019B9A69039B1A44019BA0
:10BDC0009A61019B9A69019B5B699A420ED101239A
:10BDD00010E0019B1B695A1C019B1A61019B1A69A7
:10BDE000019B5B699A4203D1012303E000BF00E09D
:10BDF00000BF0023184604B0704700BF7C400020FD
:10BE000082B00190084BDB680133074AD360064BD0
:10BE1000DB68082B04D9044B0022DA60012300E020
:10BE20000023184602B070477C40002000B583B064
:10BE300001900091019B0C4A5A600C48FAF7B0FD42
:10BE40000346002B0BD103F065FB03461A46074B54
:10BE50001A7407481C238C220649FAF7F8FB0023C2
:10BE6000184603B05DF804FB444004007C40002009
:10BE70006C400020E03F002000B583B001900091AD
:10BE800014220021054805F06FF9054B1846FAF712
:10BE900011FC0023184603B05DF804FB7C40002031
:10BEA0006C40002000B587B003900291019200938E
:10BEB000174A04AB19461046FAF710FC0590059B8B
:10BEC000002B01D104231FE01C220021059805F05E
:10BED0004BF9059B00221A71059B039A1A60059B7A
:10BEE000089A9A60059B029A1A61059B019ADA608A
:10BEF000059B009A5A61064A04AB19461046FAF7A8
:10BF000006FCFFF72BFF0023184607B05DF804FB83
:10BF10006C40002000B585B003900291019200931F
:10BF2000029B009A1946019805F0ECF80023184688
:10BF300005B05DF804FB000000B587B003900291E6
:10BF400001920093184A04AB19461046FAF7C6FB53
:10BF50000590059B002B01D1042320E01C22002129
:10BF6000059805F001F9059B01221A71059B039ABA
:10BF70001A60059B009A9A604FF48052029BB3FBB3
:10BF8000F2F2059BDA60059B019A5A61064A04ABFE
:10BF900019461046FAF7BBFBFFF7E0FE00231846F0
:10BFA00007B05DF804FB00BF6C40002082B0019038
:10BFB0000091009B184602B0704782B0019000913A
:10BFC0000023184602B0704782B00190044B1B7AE0
:10BFD000002B14BF01230023DBB2184602B07047C8
:10BFE0007C40002000B585B001900091019B022BA0
:10BFF00002D0019B032B48D1274B1B7A022B05D083
:10C00000022B35DC002B42D0012B31E000238DF8D0
:10C010000F30019B022B03D0019B032B09D011E0B1
:10C020001E4B1B681846FFF7AFFE03468DF80F3016
:10C0300008E01A4B1B681846FFF7E2FE03468DF82E
:10C040000F3000BF9DF80F30002B10D0124B002294
:10C050001A72124B1A68019B022B01D1002300E0D7
:10C060000D2319461046FFF779FDFFF7F7FD00BFD6
:10C07000094B5B7C83F00103DBB2002B02D0FFF79E
:10C0800011FE05E003F02AFA02E000BF00E000BF65
:10C0900005B05DF804FB00BF7C400020904000200C
:10C0A00082B0034600918DF80730064B01225A7486
:10C0B000044B1B7A002B0CBF01230023DBB2184674
:10C0C00002B070477C40002000B583B00346009169
:10C0D0008DF807309DF80730012B03D09DF807300D
:10C0E000032B0DD1084B00225A749DF80730012B09
:10C0F0000CBF01230023DAB2034B1A74FFF7D2FD01
:10C1000000BF03B05DF804FB7C40002000B583B0A5
:10C1100001900198FAF7AAFC0346184603B05DF8AF
:10C1200004FB00B58BB001900091019B1B8A043B7E
:10C130000793009A079B1344DA1C079BB2FBF3F3A7
:10C140008DF81B300198FAF7EDFC0590059B002B4C
:10C1500001D1002338E0059B00221A71059B0122C2
:10C160005A71079B9AB2059BDA80059B09939DF84B
:10C170001B30013B0493099B019A1A60002308932A
:10C180001DE00198FAF7CEFC0390039B002B0ED024
:10C19000059B5B790133DAB2059B5A71099B039ABF
:10C1A0001A60039B019A1A60039B099304E00598A7
:10C1B00000F00EF8002307E0089B01330893089A6B
:10C1C000049B9A42DDD3059B18460BB05DF804FB37
:10C1D00000B58BB00190019B0793079B5B798DF8AD
:10C1E0001B30019B08939DF81B30013B05930023F6
:10C1F000099305E0089B1B680893099B0133099389
:10C20000099A059B9A42F5D3089B1B680493019BEE
:10C210000893002309930BE0089B1B68039308997C
:10C220000498FAF7C7FC039B0893099B0133099311
:10C230009DF81B30099A9A42EED300BF00BF0BB0A5
:10C240005DF804FB00B585B00190019B0393039B4F
:10C25000043301211846FAF773FB00BF05B05DF8FF
:10C2600004FB00B587B00190019B0593059B043347
:10C2700001211846FAF77CFB0346039303AB0493B2
:10C28000049B1B78002B02D10198FFF7A1FF00BF90
:10C2900007B05DF804FB000000B591B00390029177
:10C2A00001920093039B002B03D14349B620EAF788
:10C2B000B9F8039B0993039B0F93099BDB881A46EC
:10C2C000099B5B7902FB03F3043B0893009A089BEC
:10C2D0009A4203D33849C420EAF7A4F8099BDB88C3
:10C2E0000793009B1A1D079BB2FBF3F30E93009B71
:10C2F0000433079AB3FBF2F2079901FB02F29B1A8F
:10C300000D93019B1A68009B1344089A9A4203D22A
:10C31000089A009BD31A01E0019B1B680C93019BB8
:10C320000C9A1A6005E00F9B1B680F930E9B013B54
:10C330000E930E9B002BF6D100230B93079A0D9BB7
:10C34000D31A0A930A9A0C9B934228BF13460A9366
:10C350002AE0029A0B9B134406930F9A0D9B1344F9
:10C36000043305939DF84830002B05D00A9A0599AF
:10C37000069804F0C7FE04E00A9A0699059804F0AE
:10C38000C1FE00230D930F9B1B680F930C9A0A9B11
:10C39000D31A0C930B9A0A9B13440B93079A0C9B8A
:10C3A000934228BF13460A930C9B002BD1D100BFA8
:10C3B00000BF11B05DF804FB7040040000B589B007
:10C3C0000590049103920293039B079307AA00230D
:10C3D0000093029B04990598FFF75EFF079B039A61
:10C3E0009A4203D00349F620EAF71CF800BF09B0CF
:10C3F0005DF804FB7040040000B589B0059004911D
:10C4000003920293039B079307AA01230093029BC5
:10C4100004990598FFF740FF079B039A9A4204D0BE
:10C4200004494FF48070E9F7FDFF00BF09B05DF8E3
:10C4300004FB00BF7040040000B583B00190019B75
:10C44000002B03D106497220E9F7ECFF019B002283
:10C450001A60BFF35F8F00BF00BF03B05DF804FB3D
:10C460001841040008B5064B00221A700548FFF772
:10C47000E3FF0549054800F04FFD0023184608BDBD
:10C480009C40002098400020B4410400A0400020BF
:10C4900000BF704782B00190019B9B68D3F8483180
:10C4A000C3F34003DBB2002B14BF01230023DBB234
:10C4B000184602B07047000000B595B00B900A9185
:10C4C00009920B98FFF7E6FF0346002B05D00022E8
:10C4D00000210B98FDF73CFB5CE00A9B012B05D982
:10C4E0002E4A02210B98FDF707FA53E02C4A2D4BF8
:10C4F000D31A2D4AA2FB03231B0912930023139383
:10C5000044E0139A13465B001344DB001A46254BA4
:10C5100013441193119BDB681093119B9B680F933D
:10C52000119800F049FA0E90119800F001FA0D9060
:10C53000119B5B690C930D9B642203FB02F20F9B22
:10C54000B2FBF3F30E9A642102FB01F10F9AB1FBE7
:10C55000F2F21199097C002901D1144900E0144933
:10C5600007910F9906910E99059104920F9A0392E3
:10C570000D9A02920193109B00930C9B0D4A082187
:10C580000B98FDF7B9F9139B01331393139A129B80
:10C590009A42B6D315B05DF804FB00BFC041040059
:10C5A000C8130400B0130400ABAAAAAAD441040023
:10C5B000E0410400EC41040082B00190019B9B68C3
:10C5C000024A12781344184602B0704748430400E8
:10C5D00000B583B001900091019B002B03D1084965
:10C5E0008320E9F71FFF019B9B68009A9A4202D2C1
:10C5F000009B013300E00023184603B05DF804FB04
:10C60000BC42040000B585B00190019B1B681B680B
:10C610000393019B1B685B680293029A039B9A42F7
:10C6200003D3029A039BD31A07E00198FFF7C4FFD4
:10C630000246039BD21A029B1344184605B05DF8CC
:10C6400004FB000000B585B00190019B002B03D1D5
:10C650000D499820E9F7E6FE019B1B681B680393D0
:10C66000019B1B685B68029302990198FFF7B0FF7A
:10C670000246039B93420CBF01230023DBB2184602
:10C6800005B05DF804FB00BFBC42040010B588B0E3
:10C690000190009100230793019B002B03D1564981
:10C6A000A320E9F7BFFE009B002B03D15249A42031
:10C6B000E9F7B8FE00238DF80F300DF10F0318468F
:10C6C000F7F7A2FB0198FFF7BDFF03468DF81B307B
:10C6D0009DF81B3083F00103DBB2002B03D1019BDB
:10C6E0001B7C002B7BD1019B1B685B680593019B26
:10C6F0001B685A68019B1C6811460198FFF768FF88
:10C70000034663609DF81B30002B0AD0019B1B6819
:10C710001A68019B1C6811460198FFF759FF0346F0
:10C720002360019BDB68013B072B38D801A252F83C
:10C7300023F000BF55C7030065C703009FC7030070
:10C7400077C703009FC703009FC703009FC703006D
:10C7500089C70300019B5A68059B1344009A12780D
:10C760001A702DE0019B5A68059B5B001344009AE8
:10C7700012881A8024E0019B5A68059B9B00134491
:10C78000009A12681A601BE0019B5A68059BDB0047
:10C79000D118009BD3E90023C1E9002310E0019BDD
:10C7A0005B681946019BDB68059A02FB03F30B44A7
:10C7B0001846019BDB681A46009904F0A3FC00BFF1
:10C7C0000198FFF71FFF0490019B1B689B68049A68
:10C7D0009A4207D9019B1B68049A9A6002E00423DD
:10C7E000079300E000BF9DF80F301846F7F722FBD3
:10C7F000079B184608B010BDBC42040010B588B0B5
:10C800000390029113468DF8073000230793039B92
:10C81000002B03D14549E720E9F704FE029B002BDA
:10C8200003D14249E820E9F7FDFD00238DF81730D8
:10C830000DF117031846F7F7E7FA039800F09CF894
:10C84000034683F00103DBB2002B63D0039B1B681C
:10C850001B6806939DF8073083F00103DBB2002BC1
:10C860000AD0039B1B681A68039B1C681146039837
:10C87000FFF7AEFE03462360039BDB68013B072BFB
:10C8800037D801A252F823F0A9C80300B9C80300A1
:10C89000F3C80300CBC80300F3C80300F3C80300C8
:10C8A000F3C80300DDC80300039B5A68069B1344CA
:10C8B0001A78029B1A702FE0039B5A68069B5B0054
:10C8C00013441A88029B1A8026E0039B5A68069B31
:10C8D0009B0013441A68029B1A601DE0039B5A6870
:10C8E000069BDB001344D3E900230299C1E900232E
:10C8F00012E0039B5B681946039BDB68069A02FB08
:10C9000003F30B441946039BDB681A46029804F0B4
:10C91000F9FB01E0052307939DF817301846F7F758
:10C9200089FA079B184608B010BD00BFBC4204003E
:10C9300000B585B00190019B002B04D10D4940F258
:10C940001E20E9F76FFD00238DF80B300DF10B036E
:10C950001846F7F759FA0198FFF754FE03909DF82F
:10C960000B301846F7F766FA039B184605B05DF8DA
:10C9700004FB00BFBC42040000B585B00190019BE0
:10C98000002B04D10B4940F22B20E9F74BFD019B12
:10C990001B681B680393019B1B685B680293039AE7
:10C9A000029B9A420CBF01230023DBB2184605B05C
:10C9B0005DF804FBBC42040000B583B00190019B0C
:10C9C000002B04D1054940F23920E9F72BFD019BEA
:10C9D0001B689B68184603B05DF804FBBC4204006A
:10C9E00000B583B00190019B002B04D1064940F2B1
:10C9F0003F20E9F717FD019B1B6800229A6000BFEA
:10CA000003B05DF804FB00BFBC42040082B001909B
:10CA1000019B9B6800229A60019B9B6800221A611F
:10CA2000019B9B6800225A61019B9B680022DA608F
:10CA3000019B9B6800225A60019B9B6800221A6040
:10CA400000BF02B07047000000B589B003900291AA
:10CA500001928DF80330029B002B03D139493B2012
:10CA6000E9F7E0FC019B002B03D136493C20E9F7B4
:10CA7000D9FC9DF80330002B09D0039B9B68184616
:10CA8000F9F78EFF0346002B01D0112355E0039BDD
:10CA90009B68DA68039B9B681B69D21A039B5B68DF
:10CAA00001339A420DD1019B00221A609DF8033098
:10CAB000002B04D0039B9B681846F9F795FF0023D1
:10CAC0003BE0039B9B68DA68039B5B68134007931A
:10CAD000039B9B681A69039B5B6813400693079A44
:10CAE000069B9A4205D3039B5A68079BD31A0133CE
:10CAF0000AE0039B9B681A69039B5968039B9B6828
:10CB0000DB68CB1A134401330593019B1A68059B1C
:10CB10009A4228BF1A46019B1A60039B1A68079B1A
:10CB20001A44029B1A60039B9B68D968019B1A6890
:10CB3000039B9B680A44DA600023184609B05DF83D
:10CB400004FB00BF4C43040000B585B00190009188
:10CB5000019B5A68019B9B681969019B9B689B68B4
:10CB6000CB1A134401330393009A039B9A4201D9D1
:10CB7000042318E0019B9B689968019B9B68009ABD
:10CB80000A449A60019B9A68019B9B689268DA60EC
:10CB9000019B9B681846F9F71BFF0346002B01D148
:10CBA000082300E00023184605B05DF804FB0000F0
:10CBB00000B589B0039002910192029B002B03D132
:10CBC00038497220E9F72EFC019B002B03D135492F
:10CBD0007320E9F727FC039B9B681846F9F7E0FEF2
:10CBE0000346002B01D0112358E0039B5A68039B96
:10CBF0009B681969039B9B689B68CB1A134401339C
:10CC00000593019B1A68059B9A4228BF1A46019B0F
:10CC10001A60019B1B680793039B9B689A68039BA0
:10CC20005B6813400693039B5A68069BD31A013333
:10CC30000493079A049B9A4212D9039B1A68069B95
:10CC40001344049A0299184604F05CFA079A049B6C
:10CC5000D31A079300230693029A049B134402936A
:10CC6000039B1A68069B1344079A0299184604F01E
:10CC700049FA039B9B689968019B1A68039B9B6810
:10CC80000A449A60039B9A68039B9B689268DA60E7
:10CC9000039B9B681846F9F7A7FE0023184609B0C6
:10CCA0005DF804FB4C43040000B589B00390029189
:10CCB00001928DF80330029B002B03D13A49932057
:10CCC000E9F7B0FB019B002B03D137499420E9F72A
:10CCD000A9FB9DF80330002B0AD0039B9B6804330B
:10CCE0001846F9F75DFE0346002B01D0112356E0EC
:10CCF000039B9B689A68039B9B685B69D31A0793A5
:10CD0000079B002B0ED1019B00221A609DF8033077
:10CD1000002B05D0039B9B6804331846F9F764FE8B
:10CD200000233CE0039B9B685A69039B5B681340AC
:10CD30000693039B9B689A68039B5B68134005936B
:10CD4000059A069B9A4208D9019B1B68079A9A424A
:10CD500003D2019B079A1A6011E0059A069B9A423A
:10CD60000DD8039B5A68069BD31A01330493019B89
:10CD70001B68049A9A4202D2019B049A1A60039B90
:10CD80001A68069B1A44029B1A60039B9B685969A8
:10CD9000019B1A68039B9B680A445A61002318464A
:10CDA00009B05DF804FB00BF4C43040000B58BB034
:10CDB000039002910192029B002B03D13F49C220B4
:10CDC000E9F730FB019B002B03D13C49C320E9F775
:10CDD00029FB039B9B6804331846F9F7E1FD0346E2
:10CDE000002B01D0112364E0039B9B689A68039B8E
:10CDF0009B681B69D31A0793019B1A68079B9A4289
:10CE000028BF1A46019B1A60019B1B680993039B6C
:10CE10009B681A69039B5B6813400893039B9B689C
:10CE20009A68039B5B6813400693069A089B9A4294
:10CE300003D9069A089BD31A04E0039B5A68089BFF
:10CE4000D31A01330593099A059B9A4212D9039B81
:10CE50001A68089B1344059A1946029804F052F97F
:10CE6000099A059BD31A099300230893029A059BFC
:10CE700013440293039B1A68089B1344099A1946AA
:10CE8000029804F03FF9039B9B681969019B1A689B
:10CE9000039B9B680A441A61039B9A68039B9B68E7
:10CEA00012695A61039B9B6804331846F9F79CFD8D
:10CEB000002318460BB05DF804FB00BF4C43040090
:10CEC00000B585B001900091019B9B689A68019B19
:10CED0009B681B69D31A0393009A039B9A4201D95A
:10CEE000042314E0019B9B681969019B9B68009ACD
:10CEF0000A441A61019B9A68019B9B6812695A61F6
:10CF0000019B9B6804331846F9F76EFD0023184611
:10CF100005B05DF804FB000000B583B001900091FE
:10CF2000019B002B03D110495020E9F77BFA009BAD
:10CF3000002B03D10C495120E9F774FA019B009AA8
:10CF40001A60019B1B681A68019B5A60019B5A6812
:10CF5000019B1B685B689A4202D1019B00225A60C8
:10CF600000BF03B05DF804FBA443040000B583B028
:10CF70000190019B002B03D114496320E9F752FA79
:10CF8000019B1B68002B03D110496420E9F74AFA82
:10CF9000019B5B68002B14D0019B5B681A46019BC8
:10CFA0001B689B6813441A46019B5A60019B5A6890
:10CFB000019B1B685B689A4204D1019B00225A6066
:10CFC00000E000BF03B05DF804FB00BFA443040011
:10CFD00000B585B001900091019B002B03D1184949
:10CFE0003A20E9F71FFA009B002B03D114493B209C
:10CFF000E9F718FA019B5B6803930FE0019B9B68BC
:10D00000039A1268009910469847034683F001037B
:10D01000DBB2002B07D1039B1B680393039B1B68A8
:10D02000002BEBD100E000BF039B1A68009B1A6045
:10D03000039B009A1A6000BF05B05DF804FB00BFB7
:10D040002044040000B585B00190019B002B03D162
:10D050000C495120E9F7E6F9019B5B681B680393D3
:10D06000019B5B681B68002B06D0019B5B681A68FC
:10D07000019B5B6812681A60039B184605B05DF857
:10D0800004FB00BF2044040000B583B00190019B65
:10D09000002B03D105495D20E9F7C4F9019B5B68CA
:10D0A0001B68184603B05DF804FB00BF2044040071
:10D0B00000B585B001900091019B002B03D116496A
:10D0C0006920E9F7AFF9009B002B03D112496A20D0
:10D0D000E9F7A8F900238DF80B30019B5B680393F7
:10D0E0000FE0039B1B68009A9A4207D1009B1A68C5
:10D0F000039B1A6001238DF80B3006E0039B1B682D
:10D100000393039B1B68002BEBD19DF80B30184653
:10D1100005B05DF804FB00BF2044040000B585B0F5
:10D120000190019800F00EF80390039B002B01D0B2
:10D13000039B00E0024B184605B05DF804FB00BFFE
:10D140007844040086B00190164B0593164B049367
:10D150001FE0049A059BD31ADB10DA0F13445B100F
:10D16000DB00059A13440393039B1B680293029A06
:10D17000019B9A4202D9039B04930AE0029A019B05
:10D180009A4203D2039B0833059302E0039B5B683A
:10D1900004E0059A049B9A42DBD30023184606B0AC
:10D1A000704700BF78480400A049040000B585B06E
:10D1B0000190019B002B0AD0074B43F0010303931E
:10D1C000019B9B010293039B0298984700E000BFDC
:10D1D00005B05DF804FB00BFB049040000B583B0A2
:10D1E0000190019B002B0AD04FF47A70FFF7DEFF0D
:10D1F000019B013B0193019B002BF5D100E000BF97
:10D2000003B05DF804FB08B501F00CFF00BF08BDDA
:10D2100000B589B0039002910192019B002B33D09D
:10D220000023079303230693029A079B1344019A52
:10D230001946002001F080FE0590079A059B1344D3
:10D240000793019A059BD31A0193059B002B13D1D9
:10D250000F4B1B7883F00103DBB2002B13D10120AD
:10D26000FFF7BCFF069B013B0693069B002B03D1F7
:10D27000074B00221A7007E0054B01221A70019B30
:10D28000002BD1D100E000BF00BF09B05DF804FB66
:10D29000A840002000B585B003900291054B009393
:10D2A0004023054A0299039800F012F800BF05B028
:10D2B0005DF804FB11D20300AC40002082B0019065
:10D2C00000BF02B0704782B0019000BF02B070474B
:10D2D00000B5A1B005900491039202930498FEF763
:10D2E000B1FF039B1593029B169300231793002312
:10D2F0008DF8603000231993229B1A9300231F930B
:10D300000FA91F9B08220498FFF776F808231F93A4
:10D31000119B1293BDF84030ADF84C30BDF842304F
:10D32000ADF84E3000238DF851309DF83C3003F0BD
:10D330000303DBB2012B26D10F9BC3F395231C9370
:10D340009DF83C30C3F3C203DBB28DF85030BDF81A
:10D350003C30C3F38313DBB21B931B9B9A0009A9D8
:10D360001F9B0498FFF748F81B9B9B001F9A1344D0
:10D370001F9312AA09A915AB009313461B9A1C9878
:10D3800001F0BCFB2FE09DF83C3003F00303DBB25F
:10D39000022B28D1BDF83E30C3F389139BB21E93F4
:10D3A0009DF83C30C3F3C203DBB28DF850301E9BB6
:10D3B000082B28BF08231D9307A91F9B1D9A0498BB
:10D3C000FFF71AF81F9A1D9B13441F931E9A1D9B6B
:10D3D000D31A1E9315AB12AA07A81D9901F030FCB1
:10D3E0001E9B002BE3D10498FEF73BFF00BF21B04A
:10D3F0005DF804FB82B00190019BDB6801225A7149
:10D4000000BF02B07047000000B583B04FF0FF339B
:10D410000193FFF7F8FE0421084800F09BFE0190FD
:10D42000019B002B03DA06494120E8F7FBFF034884
:10D43000FFF7E0FF00BF03B05DF804FB0015040038
:10D44000C849040000B583B001900091019B1B689E
:10D450001B6800990198984700BF03B05DF804FB72
:10D4600000B583B00190019B1B685B6801989847E9
:10D4700000BF03B05DF804FB00B583B00190019BD1
:10D480001B689B680198984700BF03B05DF804FBD8
:10D4900082B001900B468DF80330019BDB689DF84C
:10D4A00003201A7100BF02B0704782B00190019B47
:10D4B000DB681B79184602B0704782B00190019B6F
:10D4C000DB6801225A7100BF02B0704782B0019040
:10D4D000019BDB6800225A7100BF02B0704782B026
:10D4E0000190019BDB685B79184602B07047000031
:10D4F00000B585B0019000910C4B00221A700C48C9
:10D50000FEF704FE0390039B002B01D0039B08E071
:10D510000848FFF77BFA084A084BD31ADB08029346
:10D520000023184605B05DF804FB00BFD445002079
:10D53000DC1304002C4A0400F01404005814040006
:10D54000024A034BD31ADB0818467047F014040054
:10D550005814040000B587B001900B468DF80330D5
:10D560009DF80330002B1FD0FFF7EAFF0490002343
:10D57000059313E0059B9B000E4A13440393039B02
:10D580001B881A46019B1B689A4204D1019B059A8D
:10D590001A60002309E0059B01330593059A049B5B
:10D5A0009A42E7D3052300E00023184607B05DF850
:10D5B00004FB00BF202B002000B585B001900B4676
:10D5C0008DF803309DF8032001AB11461846FFF794
:10D5D000C1FF0346002B07D1019BDB00054A134422
:10D5E0000393039B1B6800E00023184605B05DF819
:10D5F00004FB00BF5814040084B001900B468DF862
:10D600000330019BDB00174A134402939DF803305B
:10D61000013B032B1CD801A252F823F02DD60300A6
:10D6200035D603003DD6030047D6030002238DF80C
:10D630000F3011E004238DF80F300DE0029B1B79B1
:10D640008DF80F3008E0029B5B798DF80F3003E016
:10D6500000238DF80F3000BF9DF80F30184604B03E
:10D66000704700BF5814040084B003900291134621
:10D670008DF8073000BF04B07047000000B587B0D8
:10D680000390029111461A460B468DF80730134657
:10D690008DF8063000238DF817309DF8063083F0A2
:10D6A0000103DBB2002B12D09DF8072002AB11461C
:10D6B0001846FFF74FFF0346002B08D1029BDB0003
:10D6C000064A13440493049B9B798DF817309DF808
:10D6D0001730184607B05DF804FB00BF581404006B
:10D6E00084B00190009100238DF80F30019B1B78CE
:10D6F00003F00403DBB2002B24D0019B1B78C3F39F
:10D700000103DBB2012B02D0022B0CD017E0009BEF
:10D710001B68019A1288C2F38312D2B213449A1C76
:10D72000009B1A600BE0009B1B68019A5288C2F3B1
:10D73000891292B213449A1C009B1A6000BF012305
:10D740008DF80F309DF80F30184604B07047000078
:10D7500000B58BB00023ADF826303E48F9F72CF920
:10D760003D48F9F729F93D4B9B6804933C4B1B68F6
:10D770000693049A069B134002339B00374A1344D6
:10D780000433089304AB19460898FFF7A9FF034632
:10D79000002B09D0049A069B134002339B002F4AAA
:10D7A000134404330893EDE700BF0023079311E00F
:10D7B000049B5A1C0492069A1340079A920001A9EE
:10D7C0000A44264902339B000B445B681360079BA5
:10D7D00001330793079B012BEAD99DF80430C3F36B
:10D7E0000103DBB2012B10D0022B1CD1BDF80A3093
:10D7F000ADF82630BDF80630C3F389139BB203336E
:10D800009A08049B1344049313E0BDF80A30ADF862
:10D810002630BDF80430C3F38313DBB21A46049BF1
:10D820001344049305E00F494FF4C270E8F7FAFD82
:10D8300000BF0948F9F7CCF80590059B002B02D0F2
:10D84000049B064A9360BDF8263018460BB05DF87D
:10D8500004FB00BFEC490020E8490020D44500202B
:10D86000F82C00203C4A040000B585B00021074890
:10D87000F8F7D7FF0390039B0293029B83F31003F7
:10D880000193019B184605B05DF804FBF0490020A8
:10D8900000B589B00390029101920093039B1B0C89
:10D8A0000793FFF7E1FF0690FFF74AFE0246079B4A
:10D8B000934204D3214940F2A910E8F7B3FD069B37
:10D8C0001904009B5A1C0A9B1340079A0A431C49DF
:10D8D00002339B000B445A60009A0A9B13400233A8
:10D8E0009B00174A134404330593039B03F007037B
:10D8F000D9B2059A137861F3C5031370019B03F045
:10D900000F03D9B2059A138861F389131380029B20
:10D91000C3F31501059A136861F39F231360059AF9
:10D920001378012161F301031370059A137823F032
:10D930000403137000BF09B05DF804FB3C4A040007
:10D94000D445002000BF704700B58DB00390029110
:10D9500013468DF80730039B02330A9301238DF899
:10D96000273000238DF81B300DF11B031846F6F706
:10D970004BFA404B5A68029B1A603F4B1A683D4B6A
:10D9800099683C4B5B68CB1A134401330B9314E04A
:10D9900001213A48F8F7D4FFFFF7DAFE079007991C
:10D9A0003648F8F7CDFF344B1A68324B9968314B43
:10D9B0005B68CB1A134401330B930A9A0B9B9A4270
:10D9C000E6D89DF82730002B48D0002305939DF81A
:10D9D0000730002B17D09DF81430012262F30103A9
:10D9E0008DF814309DF8143043F004038DF8143092
:10D9F000039B03F00F03DAB2BDF8143062F389130E
:10DA0000ADF8143016E09DF81430022262F30103E1
:10DA10008DF814309DF8143043F004038DF8143061
:10DA2000039BC3F309039AB2BDF8163062F38F1358
:10DA3000ADF816300F4B5A680F4B1B68134002337A
:10DA40009B000C4A134404330893059A089B1A6000
:10DA5000084B5A680A9B1344064A53609DF81B30D2
:10DA60001846F6F7E7F99DF8273018460DB05DF82F
:10DA700004FB00BFD4450020F82C0020F049002012
:10DA800000B58BB005900491039202931F4B1B6865
:10DA9000079306AB012219460298FFF755FF03468C
:10DAA000002B24D0069B023309930023089311E036
:10DAB000089B9B00039A1A44099B591C09910799DA
:10DAC0000B401268124902339B000B445A60089BBA
:10DAD00001330893089A029B9A42E9D3069A079B5E
:10DAE00000931346029A04990598FFF7D1FE084B5C
:10DAF0001B78002B04D000F023F90346002BFAD149
:10DB0000FFF720FF00BF0BB05DF804FBF82C0020EE
:10DB1000D445002000B583B001900091002300227D
:10DB200000990198FFF7ACFF00BF03B05DF804FB5C
:10DB300000B587B0039002910192019B059305AA5D
:10DB4000012302990398FFF79BFF00BF07B05DF820
:10DB500004FB00B587B00390029101920093019BF2
:10DB60000493009B059304AA022302990398FFF7EC
:10DB700087FF00BF07B05DF804FB00B589B00390D4
:10DB8000029101920093019B0593009B06930A9BCF
:10DB9000079305AA032302990398FFF771FF00BFBB
:10DBA00009B05DF804FB00B58BB0039002910192BF
:10DBB0000093019B0593009B06930C9B07930D9B81
:10DBC00008930E9B099305AA052302990398FFF772
:10DBD00057FF00BF0BB05DF804FB000000B58DB02F
:10DBE000039002911346ADF806304B4B1B680B9324
:10DBF000BDF8063003339B0805A900221846FFF73D
:10DC0000A3FE0346002B78D0059B0A93059B0233A5
:10DC10000593414B1A6805990B9B0B40D31A0133AE
:10DC20009B000993BDF80630099A9A420ED3059AD3
:10DC30000B9B134002339B00384A13440433BDF856
:10DC400006200299184603F05DFA17E0059A0B9B2F
:10DC5000134002339B00314A13440433099A02995A
:10DC6000184603F04FFA029A099BD118BDF8062016
:10DC7000099BD31A1A462A4803F044FA039B1B0C4B
:10DC80000893FFF7F1FD0790079B19040A9B5A1CA4
:10DC90000B9B1340089A0A43204902339B000B4414
:10DCA0005A600A9A0B9B134002339B001B4A134491
:10DCB00004330693039B03F00703D9B2069A137843
:10DCC00061F3C5031370069A13886FF38F131380E3
:10DCD000BDF80630C3F3090399B2069A538861F37D
:10DCE0008F135380069A1378022161F30103137096
:10DCF000069A137823F004031370084B1B78002B4B
:10DD000004D000F01DF80346002BFAD1FFF71AFEED
:10DD100000BF0DB05DF804FBF82C0020D4450020B6
:10DD2000E0450020054B9A68044B5B689A420CBFA3
:10DD300001230023DBB21846704700BFD445002002
:10DD400000B599B0FFF7EEFF0346002B01D000238A
:10DD5000C0E19B4B0022C3F81824BFF34F8F00BFD4
:10DD6000974B9B680493974B1B681093049A109BE6
:10DD7000134002339B00924A13440433119300234F
:10DD800017930023169300230F9304AB19461198A1
:10DD9000FFF7A6FC0346002B19D0894BD3F81834A3
:10DDA000002B14D1864B5A68049B9A4205D8844BA9
:10DDB0005B68834A936000238CE1049A109B1340B4
:10DDC00002339B007E4A134404331193DDE70023A2
:10DDD000159311E0049B5A1C0492109A1340159A53
:10DDE000920001A90A44764902339B000B445B6808
:10DDF0001360159B01331593159B012BEAD99DF8F0
:10DE0000043003F00303DBB2022B40F09C80BDF82A
:10DE10000630C3F389139BB20D93BDF80630C3F3EC
:10DE200089139BB2502B28BF50239BB20C930C9BA1
:10DE3000C3F309039AB2BDF8063062F38F13ADF84D
:10DE400006300C9B08330B939DF80430C3F3C203D8
:10DE5000DBB20F930B995C48FEF763F91790179BA1
:10DE6000002B00F0D3801798FEF7ECF901A9169B60
:10DE700008221798FEF7A2FA169B08331693049B04
:10DE8000DA43109B134001339B000A930C9A0A9BC0
:10DE90009A4242D90A9B002B08D0049A109B134047
:10DEA00002339B00464A1344043300E0474B089377
:10DEB0000A9B002B02D00A9BDBB201E00C9BDBB279
:10DEC0008DF81F300A9B002B01D0404B00E000234F
:10DED00006930A9B002B06D00C9BDAB20A9BDBB29E
:10DEE000D31ADBB200E000238DF817309DF81F2015
:10DEF000169B08991798FEF761FA9DF81F30169A3D
:10DF000013441693069B002B16D09DF81720169BE2
:10DF100006991798FEF752FA0EE0049A109B1340E8
:10DF200002339B00264A134404330993169B0C9A30
:10DF300009991798FEF742FA0D9B03339A08049B40
:10DF40001344049362E09DF8043003F00303DBB252
:10DF5000012B5BD1BDF80430C3F38313DBB2062B76
:10DF600028BF0623DAB2BDF8043062F38913ADF896
:10DF70000430BDF80430C3F38313DBB202330E93D5
:10DF80009DF80430C3F3C203DBB20F930E9B9B00DA
:10DF900019460D48FEF7C5F81790179B002B35D092
:10DFA0001798FEF74FF901A9169B08221798FEF75C
:10DFB00005FA169B08331693002315931DE000BF46
:10DFC000D4450020F82C0020DC130400E04500209C
:10DFD000049B5A1C0492109A134002339B003F4A40
:10DFE0001344191D169B04221798FEF7E7F9169B98
:10DFF00004331693159B01331593BDF80430C3F316
:10E000008313DBB21A46159B9342E1D3179B002B77
:10E0100040D0324BD3F810341493304BD3F818342B
:10E02000002B1BD01798FEF71CF94DE000238DF84C
:10E030004F301498FFF753FA0346002B02D0012308
:10E040008DF84F309DF84F30002B03D0179914985E
:10E05000FFF7F8F9149BDB681B681493149B002BE3
:10E06000E4D11798FEF7FDF800238DF803300DF189
:10E0700003031846F5F7C8FE184BD3F81834002BE5
:10E0800002D1049B154A93609DF803301846F5F7BA
:10E09000D1FE19E0114BD3F81034129306E0129818
:10E0A000FFF7EAF9129BDB681B681293129B002BA7
:10E0B000F5D10B4A0B4BD31ADB081B0443F00203C8
:10E0C00009491846FFF726FDFFF72CFE034683F0AB
:10E0D0000103DBB2184619B05DF804FBD4450020FB
:10E0E0008814040058140400984A040000B585B050
:10E0F0000023039323E0164BD3F81034029301233B
:10E100008DF807300FE00298FFF7CFF903461A4663
:10E11000039B934203D100238DF8073006E0029B56
:10E12000DB681B680293029B002BECD19DF8073043
:10E13000002B01D0039B07E0039B01330393039B58
:10E14000092BD8DD4FF0FF33184605B05DF804FB0E
:10E15000D445002000B585B001900B468DF8033002
:10E16000FFF7C4FF0390039BB3F1FF3F01D1039B73
:10E1700022E0039BDBB219460198FFF789F9104BA7
:10E18000D3F81034002B08D10D4A019BC2F810348B
:10E19000019BDB6800221A600DE0094BD3F81034B4
:10E1A000DA68019BDB6812681A60054BD3F81034FB
:10E1B000DB68019A1A60039B184605B05DF804FB02
:10E1C000D445002000B583B00C4BD3F81034019334
:10E1D0000A4B01221A7009E00198FFF76EF90198C5
:10E1E000FFF73EF9019BDB681B680193019B002B45
:10E1F000F2D100BF00BF03B05DF804FBD44500209E
:10E2000082B00190019B9B68D3F84831C3F340036F
:10E21000DBB2002B14BF01230023DBB2184602B08F
:10E220007047000000B587B00190124A124BD31A14
:10E230001B0904930023059312E0059B1B010E4A62
:10E2400013440393039B9B681946019802F00EFF49
:10E250000346002B01D1039B07E0059B0133059387
:10E26000059A049B9A42E8D30023184607B05DF84C
:10E2700004FB00BF10150400F014040010B586B0B4
:10E280000390029101920093019B53F8043C059383
:10E290000598FFF7C7FF0490049B002B06D0009C55
:10E2A000019B029A04990398A04705E0059B044A44
:10E2B00002210398FBF720FB00BF06B010BD00BF92
:10E2C000D44A040010B58CB00790069105920493CF
:10E2D000FFF736F90A900698FFF701F9034683F035
:10E2E0000103DBB2002B04D02D4A02210798FBF773
:10E2F00003FB2C4B2C4A08210798FBF7FDFA2B4A0D
:10E3000008210798FBF7F8FA00230B9340E0069BDF
:10E31000DB681B790993012301220B990998FFF708
:10E32000ADF903468DF82330002301220B9909989B
:10E33000FFF7A4F903468DF822309DF82230042B14
:10E3400028BF04238DF8213001210B98FFF734F901
:10E3500004469DF82330164A52F823309DF82120B8
:10E36000134951F822209DF821009DF8221088427F
:10E3700001D2104900E01049029101920093234616
:10E380000E4A08210798FBF7B7FA0B9B01330B9352
:10E390000B9A0A9B9A42BAD300BF00BF0CB010BDC3
:10E3A000EC4A0400004B04000C4B04002C4B04000E
:10E3B000FC2C00206C4B0400704B0400744B0400D8
:10E3C00000B585B0039002910192039BD968019B2F
:10E3D000029A0398FFF776FF00BF05B05DF804FBD3
:10E3E00000B585B0039002910192054B019A029904
:10E3F0000398FFF743FF00BF05B05DF804FB00BFC3
:10E40000C5E2030000B587B001900091FFF798F8CE
:10E4100004900023059313E000210598FFF7CCF842
:10E42000039020220199039802F0C3FD0346002BBC
:10E4300003D1009B059A1A6006E0059B0133059302
:10E44000059A049B9A42E7D3059A049B9A4214BF0B
:10E4500001230023DBB2184607B05DF804FB00B5CA
:10E4600087B00390029113468DF8073000230022F5
:10E4700002990398FFF702F903468DF817309DF8CB
:10E4800007209DF817309A4201D9002307E09DF834
:10E4900007301A4602990398FFF7E6F80123184659
:10E4A00007B05DF804FB000000B58BB0039002914B
:10E4B0000192009300238DF81B30029BDB681B79CF
:10E4C0000593019B002B00F0C780009B1B686449EB
:10E4D000184602F0CBFD0346002B39D1019B012BDE
:10E4E00005D1604A02210398FBF706FAB4E0019BCC
:10E4F000022B02D101238DF81B300023079310E07B
:10E50000009B04331868584A079B52F823300A22AC
:10E51000194602F04EFD0346002B06D0079B01333F
:10E520000793079B042BEBD900E000BF079B052B4B
:10E5300008D1009B04331B684C4A02210398FBF767
:10E54000DBF989E0079B8DF82730022308931CE054
:10E55000009B1B684649184602F088FD0346002BC5
:10E560000BD1019B012B02D101238DF81B3000231D
:10E570008DF827300123089307E0009B1B683D4A74
:10E5800002210398FBF7B8F966E09DF81B30002BD9
:10E5900023D00023079319E09DF827301A460799E6
:10E5A0000598FFF75CFF034683F00103DBB2002B05
:10E5B00009D000210798FEF7FFFF03462E4A0221EB
:10E5C0000398FBF799F9079B01330793FEF7B8FF10
:10E5D0000246079B9342DFD33EE0089B079337E058
:10E5E00000230493079B9B00009A13441B6804AA12
:10E5F00011461846FFF706FF034683F00103DBB21E
:10E60000002B0AD0079B9B00009A13441B681B4AEF
:10E6100002210398FBF770F917E0049B9DF827206F
:10E6200019460598FFF71BFF034683F00103DBB291
:10E63000002B0AD0049B00211846FEF7BDFF0346BD
:10E640000D4A02210398FBF757F9079B0133079303
:10E65000079A019B9A42C3D30BB05DF804FB00BF3D
:10E660008C4B0400944B0400FC2C0020AC4B0400A9
:10E67000CC4B0400D44B0400EC4B0400104C0400C1
:10E6800000B585B0039002910192039BD968019B6C
:10E69000029A0398FFF708FF00BF05B05DF804FB7E
:10E6A00000B585B0039002910192054B019A029941
:10E6B0000398FFF7E3FD00BF05B05DF804FB00BF62
:10E6C000A9E4030000B583B001900091009B0022F3
:10E6D000DA60009B00225A60009B064A9A60012182
:10E6E0000198FEF769FF0246009B1A6000BF03B065
:10E6F0005DF804FBF44E040082B001900091009B91
:10E700000022DA60009B00225A60009B074A9A6050
:10E71000019B042B04D8064A019B52F8233000E0E9
:10E720000023009A136000BF02B07047F44E04004B
:10E73000102D002000B585B0039002910192009346
:10E740000298FEF7C3FE00BF05B05DF804FB0000B1
:10E7500000B585B0039002910192054B019A029990
:10E760000398FFF78BFD00BF05B05DF804FB00BF09
:10E7700035E7030000B585B0039002910192039B39
:10E78000D968019B029A0398FFF7D4FF00BF05B038
:10E790005DF804FB00B585B00390029101920093EF
:10E7A0000298FEF78AFE00BF05B05DF804FB00008A
:10E7B00000B585B0039002910192054B019A029930
:10E7C0000398FFF75BFD00BF05B05DF804FB00BFD9
:10E7D00095E7030000B585B0039002910192039B79
:10E7E000D968019B029A0398FFF7D4FF00BF05B0D8
:10E7F0005DF804FB00B58BB0059004910392059879
:10E80000FFF7FEFC0346002B05D0002200210598EF
:10E81000FBF79EF935E01C4A1C4BD31A1B090893E1
:10E820000023099329E0099B1B01184A134407930D
:10E83000079BDB681B79FF2B07D1079B9B68144A5A
:10E8400008210598FBF758F814E0079B9968079B87
:10E85000DB685B79002B01D00E4B00E00E4B079A72
:10E86000D2681279019200930B460C4A0821059850
:10E87000FBF742F8099B01330993099A089B9A42D6
:10E88000D1D30BB05DF804FB10150400F0140400A4
:10E89000244C0400444C04004C4C0400584C04002C
:10E8A00086B001900091009B0022DA60009B00225C
:10E8B0005A60009B164A9A60009B00221A6000234F
:10E8C00005930023049318E0049B1B01114A134491
:10E8D0000393039BDB681B79FF2B0BD0019A059BED
:10E8E0009A4204D1039B9A68009B1A600DE0059B35
:10E8F00001330593049B01330493074A054BD31A54
:10E900001B09049A9A42DFD300BF00BF06B07047CC
:10E91000644F0400F01404001015040000B585B025
:10E920000390029101920398FFF76AFC0346002BC3
:10E9300005D0002200210398FBF70AF904E0044AFD
:10E9400002210398FAF7D8FF05B05DF804FB00BF79
:10E95000B04D040000B585B0039002910192039878
:10E96000FFF74EFC0346002B05D000220021039840
:10E97000FBF7EEF804E0044A02210398FAF7BCFF23
:10E9800005B05DF804FB00BFB04D040000B587B0D2
:10E99000059004910392049B012B05D00598FFF785
:10E9A0002FFC0346002B05D0002200210598FBF721
:10E9B000CFF80DE0039B1A68039B04331B68019397
:10E9C000054B00931346054A02210598FAF794FF78
:10E9D00007B05DF804FB00BFB84E0400AC4E040065
:10E9E00082B00190009100BF02B0704710B584B0B2
:10E9F00003900291039BDB88002B0AD0039BDB88EA
:10EA00001A461F4B009313461E4A1F490298FCF7F3
:10EA1000F7FA039B1B7A052B2ED0039B5B7A002B06
:10EA200012D0039B9B881A46039B1B7A19461046FB
:10EA3000FEF7E2FD03461A46144B53F822301A46FD
:10EA400013490298FCF7DCFA039B1B6819460298ED
:10EA5000FFF7C6FF039B1B7A1A460E4B53F8224062
:10EA6000039B9B8800211846FEF7A6FD034622461D
:10EA700009490298FCF7C4FA00BF04B010BD00BFFA
:10EA80007450040084500400BC500400382D002051
:10EA9000D4500400242D0020D850040000B585B0C7
:10EAA0000390029113468DF80730039B1B7A052BC8
:10EAB0000FD0039B5B7A002B06D00D4B1B681A46C8
:10EAC0000C490298FCF79CFA0B490298FCF798FA5B
:10EAD00007E09DF80730002B03D007490298FCF7A8
:10EAE0008FFA0298FCF76AFA00BF05B05DF804FBE4
:10EAF000382D0020D4500400E450040030B58BB011
:10EB000007900691059204930E9B1B7B8DF827308E
:10EB10000E9B00221A730E990498FFF767FF059B5E
:10EB2000062B7FD801A252F823F000BF49EB030067
:10EB300053EB030063EB030077EB030095EB03005B
:10EB4000BDEB0300EDEB030007990E98FCF758FAB4
:10EB500069E0069B1B681A4607990E98FCF750FA65
:10EB600061E0069B1A68069B04331B6807990E98A0
:10EB7000FCF746FA57E0069B1A68069B04331968AF
:10EB8000069B08331B6800930B4607990E98FCF709
:10EB900037FA48E0069B1968069B04331868069B01
:10EBA00008331B68069A0C321268019200930346E0
:10EBB0000A4607990E98FCF723FA34E0069B18687A
:10EBC000069B04331C68069B08331B68069A0C32AC
:10EBD0001268069910310968029101920093234648
:10EBE000024607990E98FCF70BFA1CE0069B1C687E
:10EBF000069B04331D68069B08331B68069A0C327B
:10EC0000126806991031096806981430006803905C
:10EC10000291019200932B46224607990E98FCF729
:10EC2000EFF900E000BF00220E990498FFF736FFCD
:10EC30000E9B9DF827201A7300BF0BB030BD00BF9C
:10EC400000B587B00390029101920093029B082BBC
:10EC500060D8009B1B7B8DF81330009B00221A7339
:10EC600000990198FFF7C2FE0023059314E0059A6E
:10EC7000029B9A4209D2039A059B13441B781A46B9
:10EC800026490098FCF7BCF903E025490098FCF7F9
:10EC9000B7F9059B01330593059B072BE7D921495C
:10ECA0000098FCF7ADF90023059326E0059A029B36
:10ECB0009A421BD2039A059B13441B788DF812309D
:10ECC0009DF812307E2B0AD89DF81230184602F0BB
:10ECD000E8FA0346002B02D09DF8123000E02E2304
:10ECE0001A4611490098FCF78BF903E00F49009888
:10ECF000FCF786F9059B01330593059B072BD5D9B6
:10ED0000012200990198FFF7C9FE009B9DF813208E
:10ED10001A7300E000BF07B05DF804FBE850040080
:10ED2000F0500400F4500400F8500400FC500400BB
:10ED300082B0204B0193019B02221A61019B0222A7
:10ED40005A61019B1C4A9A61019B1C4ADA61019B32
:10ED50004FF400721A62019B00229A62019B00220A
:10ED60005A62019B0022DA62019B134A9A64019B5A
:10ED7000134ADA64019B10221A65019B00229A65EE
:10ED8000019B00225A65019B0022DA65019B073333
:10ED90000C4A10681860019B0B4A10681860918833
:10EDA000927999809A71019B20229A7100BF02B0DA
:10EDB000704700BFF4490020005104006C4A002055
:10EDC0006C4C00200C5104001051040000B589B0B7
:10EDD00003900291019200230693039BDB68059345
:10EDE000039B1B690493049A059B9A4205D9049AD4
:10EDF000059BD31A013B079307E0039B9A6804998C
:10EE0000059BCB1A1344013B0793039B9A68059B10
:10EE1000D31A079A934228BF13460793079A019B78
:10EE2000934228BF13460793039B5A68059B1344DC
:10EE3000079A0299184602F065F9069A079B13444F
:10EE40000693029A079B13440293019A079BD31AD5
:10EE50000193059A079B13440593039B9B68059AAE
:10EE60009A4201D100230593039B059ADA60019B26
:10EE7000002BB5D1069B184609B05DF804FB00B520
:10EE800089B0039002910192039BDB680793039B77
:10EE90009A68079BD31A0693069A019B9A420ED949
:10EEA000039B5A68079B1344019A0299184602F083
:10EEB00029F9079A019B1A44039BDA601AE0069B22
:10EEC0000593039B5A68079B1344059A02991846B9
:10EED00002F018F9019A069BD31A0593039B586810
:10EEE000029A069B1344059A194602F00BF9039BFC
:10EEF000059ADA6000BF09B05DF804FB86B00190A6
:10EF0000019B1B690493019BDB680393049A039B99
:10EF10009A4208D8019B9A68039BD21A049B134417
:10EF2000013B059304E0049A039BD31A013B05932C
:10EF3000059B184606B0704700B589B00390029152
:10EF40000192029B0693039B5A1C13465B001344D9
:10EF5000DB00204A13440593059B5B69022B29D0F3
:10EF6000022B2ED8002B02D0012B13D029E00598BC
:10EF7000FFF7C4FF0490049A019B9A4202D2002337
:10EF8000079321E0019B0793019A06990598FFF7E3
:10EF900076FF19E00598FFF7B1FF0490019A049BF2
:10EFA000934228BF13460793079A06990598FFF7DF
:10EFB00066FF09E0019A06990598FFF707FF079099
:10EFC00002E00023079300BF079B184609B05DF8D5
:10EFD00004FB00BFF449002000B587B00390029104
:10EFE00001920F4B1B78002B01D1FFF7A1FE0023EC
:10EFF0008DF813300DF113031846F4F705FF019A4D
:10F0000002990398FFF798FF05909DF81330184672
:10F01000F4F710FF059B184607B05DF804FB00BF2E
:10F02000F449002008B5FFF783FE00BF08BD0000CB
:10F0300082B003468DF807309DF90730002B0CDBBA
:10F040009DF8073003F01F0205499DF907305B0961
:10F05000012000FA02F241F8232000BF02B07047FD
:10F0600000E100E082B003468DF807309DF90730DB
:10F07000002B13DB9DF8073003F01F0209499DF9AF
:10F0800007305B09012000FA02F2203341F8232007
:10F09000BFF34F8F00BFBFF36F8F00BF00BF02B041
:10F0A000704700BF00E100E082B003468DF80730F2
:10F0B0009DF90730002B09DB0B4A9DF907301344FB
:10F0C00093F80033DBB25B09DBB20AE0074A9DF834
:10F0D000073003F00F03043B13441B7EDBB25B09D4
:10F0E000DBB2184602B0704700E100E000ED00E03E
:10F0F00000B583B00190019B002B03D10449C420CB
:10F10000E7F790F9019B5B68184603B05DF804FBD4
:10F110001851040010DF704700BF184611DF704718
:10F1200000BF184682B003468DF807309DF90730BE
:10F130001F2B0CDC9DF907300F4A22FA03F303F072
:10F140000103002B14BF01230023DBB210E09DF963
:10F1500007303F2B0BDC9DF90730203B012202FAE0
:10F1600003F3002B14BF01230023DBB200E00123D3
:10F17000184602B0704700BFFC06FFBD82B0019088
:10F18000019B072B07D8EC22019B42FA03F303F003
:10F190000103002B01D1002300E00123184602B037
:10F1A0007047000000B583B003468DF807309DF925
:10F1B00007301846FFF7B6FF0346002B02D142F294
:10F1C00001032EE09DF907301846FFF76DFF034657
:10F1D0001846FFF7D3FF0346002B02D142F2020389
:10F1E0001FE0124B9B68002B15D09DF907305B097F
:10F1F0000E4A52F823209DF8073003F01F03012127
:10F2000001FA03F319469DF907305B090A430749E0
:10F2100041F8232004E09DF907301846FFF708FF66
:10F220000023184603B05DF804FB00BFA83E002091
:10F2300000B583B003468DF807309DF907301846B6
:10F24000FFF770FF0346002B02D142F201031FE0DB
:10F25000114B9B68002B15D09DF907305B090E4AB6
:10F2600052F823109DF8073003F01F03012202FA21
:10F2700003F3DA439DF907305B090A40064941F878
:10F28000232004E09DF907301846FFF7EBFE00232A
:10F29000184603B05DF804FBA83E002000B587B017
:10F2A00003468DF8073002AB14491846FDF734FECB
:10F2B00017E002AB1846FFF71BFF0590059B1B6884
:10F2C0000493059B59689DF80720049B10469847B6
:10F2D0000346002B01D111230BE002AB1846FDF7CA
:10F2E00045FE02AB1846FFF703FF0346002BE0D1B3
:10F2F0000023184607B05DF804FB00BFCC510400A2
:10F3000000B587B003468DF8073002AB11491846A7
:10F31000FDF702FE12E002AB1846FFF7E9FE05908A
:10F32000059B1B680493059B59689DF80720049B67
:10F330001046984702AB1846FDF718FE02AB184678
:10F34000FFF7D6FE0346002BE5D100BF00BF07B094
:10F350005DF804FBD851040000B583B01620FFF718
:10F3600021FF0190019B0093009B002B04D0044AD5
:10F37000A1210098F3F7EAFE00BF03B05DF804FB9B
:10F380007451040000B583B01620FFF751FF0190BF
:10F39000019B0093009B002B04D0044AAD210098F0
:10F3A000F3F7D4FE00BF03B05DF804FB7451040012
:10F3B00000B585B0234B1B78002B01D008233CE01F
:10F3C000214B01221A700020FFF768FF0346112B22
:10F3D00001D1002331E00020FFF792FF1B4B1B6897
:10F3E000029300238DF807300DF107031846F4F758
:10F3F0000BFD02AB16491846FFF78CFE0390039BEA
:10F40000002B0CBF01230023DAB20E4B1A709DF8BB
:10F4100007301846F4F70EFD039B002B01D0039B29
:10F420000BE0094B00221A700A4B00221A70FFF7FA
:10F4300093FF0120FFF764FF0023184605B05DF835
:10F4400004FB00BF7C4C00207E4C0020C85104000F
:10F45000693103007D4C002000B583B01D4B1B7843
:10F4600083F00103DBB2002B01D008232EE01A4BFE
:10F4700001221A700120FFF711FF0346112B01D161
:10F48000002323E00220FFF73BFF00238DF8033029
:10F490000DF103031846F4F7B7FCFFF73FFE0190A8
:10F4A0000C4B00221A709DF803301846F4F7C2FC8A
:10F4B000019B002B01D0019B08E0074B00221A7032
:10F4C000FFF760FF0320FFF71BFF0023184603B080
:10F4D0005DF804FB7C4C00207E4C002008B50B4BF3
:10F4E0001B7883F00103DBB2002B01D008230AE074
:10F4F000074B1B78002B03D0FFF7AEFF034602E05B
:10F50000FFF756FF0346184608BD00BF7E4C00209B
:10F510007C4C0020014B1B78184670477C4C002027
:10F5200000B585B06B4611491846FDF7F5FC10E0B3
:10F530006B461846FFF7DCFD0390039B1B680293A4
:10F54000039B5A68029B104698476B461846FDF786
:10F550000DFD6B461846FFF7CBFD0346002BE7D1A8
:10F5600000BF00BF05B05DF804FB00BFE45104001C
:10F5700008B5FFF7D5FF00BF08BD60DF704700BFCB
:10F58000184669DF704700BF184661DF704700BF4B
:10F590001846000000B583B00190019B002B03D1F9
:10F5A0000449C420E6F73EFF019B5B68184603B0A0
:10F5B0005DF804FBF051040082B00190019B002B28
:10F5C00001D10E2304E0044B1A46019B1A6000236C
:10F5D000184602B0704700BFD82A002010B586B088
:10F5E000034600918DF807300098FFF7E5FF05907E
:10F5F000059B002B01D0059BECE002AB0C22002107
:10F60000184601F0B1FD9DF807308DF80830012350
:10F610008DF80A300623ADF80C30009B1A6802AB57
:10F6200019462020FFF7ADFF0590059B002B0FD05A
:10F630006A4A6B4BD31ADB081B0443F0010405989C
:10F64000FDF76CFD03461A4666492046FEF770FA40
:10F6500002AB0C220021184601F086FD01238DF833
:10F66000093000238DF80A3000238DF80B30009B01
:10F670001A6802AB19464020FFF783FF0590059BEF
:10F68000002B0FD0554A564BD31ADB081B0443F00E
:10F6900001040598FDF742FD03461A4652492046EB
:10F6A000FEF746FA02AB0C220021184601F05CFD81
:10F6B0009DF807308DF80830F723ADF80A30009B2D
:10F6C0001A6802AB19462320FFF75BFF0590059BE4
:10F6D000002B0FD0414A424BD31ADB081B0443F0E6
:10F6E00001040598FDF71AFD03461A463F492046D6
:10F6F000FEF71EFA02AB0C220021184601F034FD81
:10F7000001238DF80830009B1A6802AB19460120CE
:10F71000FFF737FF0590059B002B0FD02F4A304B8A
:10F72000D31ADB081B0443F001040598FDF7F6FC2F
:10F7300003461A462E492046FEF7FAF902AB0C2280
:10F740000021184601F010FD4FF4B0630293009BB6
:10F750001A6802AB1946A120FFF713FF0590059B1D
:10F76000002B0FD01D4A1E4BD31ADB081B0443F09D
:10F7700001040598FDF7D2FC03461A461D492046B0
:10F78000FEF7D6F902AB0C220021184601F0ECFC82
:10F790009DF8083023F001038DF80830009B1A68AB
:10F7A00002AB1946A020FFF7ECFE0590059B002B4D
:10F7B0000FD00A4A0A4BD31ADB081B0443F001049A
:10F7C0000598FDF7ABFC03461A460B492046FEF7A9
:10F7D000AFF90023184606B010BD00BFD0140400D6
:10F7E000581404005052040098520400E4520400DB
:10F7F0002C53040078530400CC53040082B04FF023
:10F800008053D3F80C319B020193019B03F1005309
:10F81000184602B07047000010B584B00190019BFB
:10F820001B6803930198FFF7A8FE0290019B1B68D9
:10F83000039A9A4229D2224A224BD31ADB081B048C
:10F8400043F0020320491846FEF764F91C4A1D4B99
:10F85000D31ADB081B0443F00200019B1B68039AC8
:10F860001A49FEF776F9164A164BD31ADB081B0421
:10F8700043F00204FFF7C2FF0246019B1B68D31A44
:10F880001A4613492046FEF753F9029B002B03D179
:10F89000104B01221A700FE0094A0A4BD31ADB08F9
:10F8A0001B0443F001040298FDF738FC03461A4696
:10F8B00009492046FEF73CF9029B184604B010BDEA
:10F8C000D0140400581404002054040050540400C0
:10F8D000845404007F4C0020B054040000B5ADF502
:10F8E000077D86ABA3F505731860244B1B7883F066
:10F8F0000103DBB2002B3BD14FF4FA73ADF80632B3
:10F900000DF2062202AB11461846FFF73EFE859027
:10F91000859B002B03D0859B052B22D129E002ABD0
:10F9200084937FAB16491846FDF7F6FA11E07FABDA
:10F930001846FFF72FFE8390839B1B688293839B5F
:10F940005A68829B1146849898477FAB1846FDF70A
:10F950000DFB7FAB1846FFF71DFE0346002BE6D1DB
:10F96000CAE7084A40F23B118598F3F7EFFB00E045
:10F9700000BF0DF5077D5DF804FB00BF7F4C002044
:10F9800028550400D054040000B583B00190019BB9
:10F99000002B03D10449C420E6F744FD019B5B68BA
:10F9A000184603B05DF804FB345504004BDF704784
:10F9B00000BF184600B589B0019004AB1846FFF7A8
:10F9C000F5FF0790079B002B03D0079B052B20D149
:10F9D00024E002AB13491846FDF79EFA11E002AB92
:10F9E0001846FFF7D1FF0690069B1B680593049A03
:10F9F000069B5968059B1046984702AB1846FDF7D1
:10FA0000B5FA02AB1846FFF7BFFF0346002BE6D15D
:10FA1000D3E7054A6B210798F3F798FB00BF09B0BD
:10FA20005DF804FBEC550400945504000048704751
:10FA30008C4C00202DE9F84390460F460546814640
:10FA40004C46267866B104F10109304601F019FCF4
:10FA50000028F5D12D2E05D02B2E01D1012602E054
:10FA6000012601E000264C4669462046424600F049
:10FA700023F827B10099A14218BF0D463D605EB141
:10FA80000028A8BFBDE8F88300F07AF803210160E0
:10FA90006FF00040BDE8F883B0F1004FFAD00028C5
:10FAA0005CBF4042BDE8F88300F06AF803210160C2
:10FAB0004FF00040BDE8F8832DE9F0471446884632
:10FAC00081460130824610F8017CBFB1384601F012
:10FAD000D8FB00280AF10100F4D1302F0ED110F824
:10FAE000017C07F0DF0158290DD16FF010010C42A5
:10FAF0000CD1102410F8017B012508E0002C08BF70
:10FB00000A24012504E0002C08BF082400258246B1
:10FB10003846214600F0D3FA0027002818D40026E2
:10FB2000002507FB040106FB04F000EB1146300C36
:10FB30001AF8010B18BF01258FB2214600F0BFFA59
:10FB40000028EEDA3004B5FA85F14909002501E014
:10FB500000200121B8F1000F05D0002D08BFAAF147
:10FB60000109C8F8009000291CBF3843BDE8F087A0
:10FB700000F006F803210160081FBDE8F0870000CF
:10FB800000B50249FFF752FF084400BD080000001D
:10FB900042F66051C2F20001096800F000B880B579
:10FBA0000B468DF803000DF103000121012200F046
:10FBB00020F800289DF8030008BF4FF0FF3008BD73
:10FBC00038B5044642F66050C2F20000056820468F
:10FBD00001F0D9F902462846214601F070F90130BA
:10FBE0001EBF0A20BDE83840FFF7D2BF4FF0FF30FC
:10FBF00038BDF8B51D4617460C460646184601F0B6
:10FC000042F9002803D407FB04F2A24201D20020EB
:10FC1000F8BD2846314601F052F9B0FBF4F0F8BDCA
:10FC2000F0B583B052EC106B8DED000B4FF0FF3050
:10FC300000EB125040F2FD71884200F2D98000F0D2
:10FC40000101D40245F2F85EC0F2040EC2F347325D
:10FC50001EF802C00EEB546244EA5654F60292F8C3
:10FC600000E181F001021E31D640650005FA01F184
:10FC700046EA010344F0004626FA02F70CFB0CF6B4
:10FC8000A7EB06461D0A45EA0665360AA5FB0E5493
:10FC900006FB0E4606EB0C66A6FB0541CC0F4900A1
:10FCA000E6FB0614591A67EB0404090A41EA0461E9
:10FCB000A1FB0E12240A04FB0E2249197241A2FB79
:10FCC0000165EE0F6D00E2FB02565D1B67EB060659
:10FCD0002D0A45EA0665A5FB0E54360A06FB0E46BC
:10FCE00049197241A2FB0165EE0F6D00E2FB02565D
:10FCF0005D1B67EB06062D0A45EA0665A5FB0E545B
:10FD0000360A06FB0E4649197241A2FB0165EE0F49
:10FD10006D00E2FB02565D1B67EB06062D0A45EA05
:10FD20000665A5FB0E54360A06FB0E4649197241BC
:10FD3000A2FB0165EE0F6D00E2FB02565D1B67EB57
:10FD400006062D0A45EA0665A5FB0E54360A06FB93
:10FD50000E4649197241A2FB0165EE0F6D00E2FBF0
:10FD600002565D1B67EB06062D0A45EA0665A5FBF4
:10FD70000E54360A06FB0E4649197241A2FB016574
:10FD8000EE0F6D00E2FB02565D1B67EB06062D0AC7
:10FD900045EA0665A5FB0E54360A06FB0E4E4919C8
:10FDA00042EB0E024FF4806ECE0A6EF30A01A2FB04
:10FDB000011E4FEADE714FEA4E0EE2FB02E1BEEB9E
:10FDC000030EB941894149424FEAD22E46EA4252D6
:10FDD00020F0010000F2FE30571C4EEBC046002917
:10FDE00004BF0EEBC046174646EC107B03B0F0BDD7
:10FDF000110D40F2FF7081421ED35CEC101B2CF001
:10FE000000440C43F2D000244FF0604040F0FF5318
:10FE1000500040EAD670B4EB460E73EB0000804110
:10FE20004042604614BF0C460A48002AA4BF0C4654
:10FE3000604640EC104BD9E756EA0200D6D068463F
:10FE400000F00AF810F00101DDE9006218BF22F4A9
:10FE50008012F6E60000F87F10B5D0E900C2B2FAD1
:10FE600082FEBCFA8CF3002A08BF03F1200EAEF12B
:10FE70000B039A40CEF12B042CFA04F41443BEF188
:10FE80002B0E58BF0CFA0EF40CFA03FC58BF4FF0BF
:10FE9000000CC0E900C4C81A10BD2DE9F04FC9B06C
:10FEA0005FEA0209039000F007819B460B29C9F124
:10FEB0000008C0F0C1802990019109915000049080
:10FEC0000120013809A9029051F8207029A951F8A0
:10FED0002060704205900796791001FB09F53046C5
:10FEE0000C4601FB09660697F9074F4618BF002725
:10FEF0003146D847012808DB484607994A5D0B7808
:10FF00000A704B5501310138F8D10897E81B06EB10
:10FF1000000A30465146D847012827461BDB079880
:10FF20005146D84701280CDB04987843DDE90721C6
:10FF3000401A4946135C1478137014540132013985
:10FF4000F8D1504649463278037806F8013B00F86C
:10FF5000012B0139F7D14FF0FF3000EB470009FBCF
:10FF600000F00AEB0807DDE90761A0EB010A504643
:10FF70004946325C735D72553354013501300139A5
:10FF8000F7D134463E4608944C4400256019394662
:10FF9000D84700284D44F9D40898441946443046BF
:10FFA0003946D8470028F9DCA64208D90020315C40
:10FFB000225C2154325401308145F8D1E3E74846B0
:10FFC0002146DDE9067616F80A200B7801F8012BA8
:10FFD00006F80A300AF1010A0138F4D105980899A7
:10FFE00008442844B0FBF9F1781A4F1E874205DD1A
:10FFF0000A280BDC0A2F3FF76FAF18E00A2F13DC3B
:020000024000BC
:100000000A28264607463FF764AF10E031463A46D5
:1000100026460746029809AB43F8202029AA42F851
:1000200020100130029054E721460246F2E7029880
:1000300000287FF446AF0199481E00FB09F1012911
:100040003ADB039E00FB09600890B9F1010FCA4634
:1000500098BF4FF0010A06EB090C644606EB090550
:1000600003988642374608D338462946D8470128A0
:1000700003DB474403988742F6D207EB09000021CF
:10008000A44622466F1807EB080383426B5C08D333
:100090000027F45DD455A7EB0907F4198442F8D280
:1000A00017443B700136013201315145EAD1CC444D
:1000B000089885422E46D0D349B0BDE8F08F38B5B8
:1000C0000C46054601F0CDF810B1A5F130000FE067
:1000D000284601F0B6F810B1A5F1570008E028460F
:1000E00001F09FF8010014BFA5F137004FF0FF3079
:1000F000A042A8BF4FF0FF3038BD000030B591EAF4
:10010000030F00F18280841A71EB030C05D21219DF
:1001100053EB0C03001B71EB0C0140F2000CCFF60B
:10012000E07C1CEA430F52D0BCEB410F5FD90C0DB1
:10013000A4EB135E5FF0010C6CF31F516CF31F53C3
:10014000DEF1200C2AD303FA0CF5401941F100012D
:1001500022FA0EF5401923FA0EF5694112FA0CF253
:10016000CD0208D349085FEA30005FEA320228BFB7
:1001700042F001020134013C5FEA500C72F100428E
:1001800050F1000051EB04514FF4001313EB410FF9
:1001900038BF30BD6FF31301002030BDBEF1200E1B
:1001A000BEF1200F1ED223FA0EF5401941F10001D5
:1001B000CEF1200C124218BF012203FA0CF52A439B
:1001C000CEE711EA5C0F04BF0020002130BD1CEA1D
:1001D000410F04BF01F00041002030BD01F000419B
:1001E000002030BD21F4801101EB045130BD0042EC
:1001F00018BF41F00101BCEB410F08BF30BD4FF00B
:10020000FE4141F47801002030BD83F00043841AA0
:1002100071EB030E07D28EF0004E001B71EB0E0146
:10022000121953EB0E0340F2000CCFF6E07C1CEAEF
:10023000430FC6D0BCEB410F72D90C0DA4EB135E7B
:10024000C90241EA5051C00241F00041DB0243EAD9
:100250005253D20243F00043DEF1200C41D312FA94
:100260000CF522FA0EF203FA0CF542EA050218BF69
:1002700042F0010223FA0EF3801A9941E30AC4F313
:100280000A0411F0404F03D418D0013C400049410A
:10029000013C23D44205C00A40EA4150C90A51EA50
:1002A000C3715FEA500C72F1004250F1000051EB53
:1002B000045130BD01002FD00020203C0029F9D08E
:1002C000B1FA81FCDCF1200E11FA0CF130FA0EF5D6
:1002D00010FA0CF02943A4EB0C04D9E70020D9074D
:1002E00030BDAEF1200EBEF1200F0DD2CEF1200CAC
:1002F00003FA0CF533FA0EF32A4318BF43F0010357
:10030000C01A61F10001B9E721F00041C00A40EADA
:100310004150C90A01EB045130BD0020002130BD1D
:10032000004218BF41F00101BCEB410F7FF467AF01
:10033000BCEB430F3FF463AF30BD00BF83F000431D
:10034000FFF7DCBEF0B540F2FF7681EA030C16EA57
:10035000115E1EBFB64516EA1355B54252D021EACA
:10036000465141F48011A1FB024723EA465343F46E
:100370008013AE44A0FB03650CF0004C36197D41A0
:10038000A1FB034747F10003A0FB0217F6196541E3
:1003900053F10003094218BF46F0010640F2FE7413
:1003A000B3F5007F13D2AEF5806EA64523D24CEA9A
:1003B0000331280341EA155140EA1650320345083B
:1003C00072F1004250F1000051EB0E51F0BDAEF25F
:1003D000FF3EA6450FD24CEAC321E80241EA55513F
:1003E00040EA5650F202450872F1004250F1000016
:1003F00051EB0E51F0BD1EEA0E0F2DD50CF0004151
:100400000020F0BD16EA115F04BF01F0004100209A
:10041000004218BF41F0010116EA135F04BF03F068
:1004200000430022124218BF43F0010306EA1354AE
:10043000B44218BFB64503D00CF000410020F0BD17
:1004400021F0004123F00043B1EB065F0CD8B3EB81
:10045000065F09D841B13BB10CF0004141F0FE41CB
:1004600041F470010020F0BD40F20001C7F6F871C0
:100470000020F0BD2DE9F04391EA030E0EF0004E8E
:1004800040F20007CFF6E07717EA41051EBFBD42F4
:1004900017EA4305BD4200F09F807F0D17EA13560F
:1004A00023EA475343F4801317EA115521EA4751D1
:1004B00041F48011AD1B05F2FD354FEAD31C1CF150
:1004C000010C4FF00047B7FBFCF77F01A2FB079C34
:1004D0000024E3FB07C4D9F100096CEB4C0CA0FB32
:1004E00007620020E1FB072000275FEAC628E0FB47
:1004F0000987760D46EAC226520DF61900277A4181
:10050000E0FB0C625FEAC823E2FB09375FEA585858
:1005100048EAC628760D18EB070800214E41E2FB99
:100520000C8602EBC020DA02E6FB09215B0D43EAF0
:10053000C8235FEA58585B18002758EB0708E6FB0A
:100540000C38D102E8FB0917520D42EAC3225B0DB9
:10055000D21900277B41E8FB0C2308EBC6265FEA93
:10056000C128E3FB0987490D41EAC221520DC9198F
:1005700042F10002E3FB0C12470019EB08095CEBA7
:10058000010C72EB040453EBC62047EB56530026D4
:10059000B3F5000F7641AD190236D6F1200910FAF5
:1005A00009F4F04013FA09F21043F340E40F001984
:1005B00043F10003B3F5001F24BF5B08013540F28F
:1005C000FE77BD4204D24EEA05511944BDE8F083DE
:1005D0002D4224D5714626E0004218BF41F00101AA
:1005E000124218BF43F00103B7EB410F2CBFB7EB2A
:1005F000430F1BE0B7EB410F04BFB7EB430F15E010
:1006000017EA410F04BF17EA430F0FE017EA410F43
:10061000E0D017EA430F02D0B7EB430FDAD04EF029
:10062000FE4141F470010020BDE8F08340F200017A
:10063000C7F6F871F7E700BF4FF4001C1CEB410F41
:1006400098BF1CEB430F11D851EA030C50EA4C0C35
:100650005CEA020C0CD004D282428B418041013012
:1006600070479042994180410130704700207047A7
:10067000012070474FF4001C1CEB410F98BF1CEB8E
:10068000430F11D851EA030C50EA4C0C5CEA020CFF
:100690000AD004D290429941804140427047824240
:1006A0008B4180414042704700207047C1F30A529D
:1006B00040F21E439A1A15DA203225DDCB17C90203
:1006C00041EA5051C00241F00041D141D040484080
:1006D0009140D1404840013318BF7047404263EB1E
:1006E00001017047CB17C90241EA5051C00241F0E5
:1006F0000041202A28BF202231FA02F0190008BF49
:1007000070474042894170474B00004218BF43F098
:10071000010313F5001F88BF21F00041002011F0F4
:1007200000415CBF6FF00041C0437047002B35D1E2
:1007300029B9B0FBF2FC0CFB1202604670479142F3
:1007400015D22DE9F041B2FA82F39A409940D3F1E3
:10075000200C30FA0CFC51EA0C01984000F04EF8E5
:10076000280036FA03F200210023BDE8F081F0B53D
:10077000B1FBF2FC0CFB1211B2FA82F39A409940E1
:10078000D3F1200630FA06F63143984000F036F8EF
:10079000614628003200DA400023F0BDF3B5B3FA19
:1007A00083FC49085FEA300013FA0CF3DCF1200403
:1007B00032FA04F423430CB41A0000F01FF80CBC06
:1007C00033FA0CF3DCF11F0C35FA0CF518BF013DC0
:1007D00003BCA5FB026705FB0377801BB941904270
:1007E00071EB030C05D3821A71EB0303681C002123
:1007F000F0BD02000B0028000021F0BD940D4FF663
:10080000C2752D02B5FBF4F4D60A013604FB04F5DB
:10081000A5FB0656F64306EB0416550832BF002723
:100820007708013505FB1677A6FB07477F0807EB1E
:10083000C63714001500E7FB02457F1B4D1C040062
:10084000E7FB014505FB1206A64284BF013DB61831
:10085000964224BF0135B61A704700BF10B582B06A
:10086000044600698DF8071078B1D4E900239A4254
:1008700031D26269531C63618154D4E90501884215
:1008800029D1204600F02CF825E0E06850B1D4E9E9
:10089000002C62451FD2531CB3EB0C0318BF0B4650
:1008A000835418E0A06858B1D4E9002C624512D2F4
:1008B000531CB3EB0C0318BFCBB240F822300AE054
:1008C000236A43B1D4E90001884204D20DF1070143
:1008D00020460122984720680130206002B010BDF8
:1008E0004269002A08BF704710B50446036A002B0E
:1008F0001CBF216998470020606110BD012AB8BF64
:10090000704770B514460D46064630462946FFF737
:10091000A5FF013CF9D870BDCB0648BF70478905DB
:100920004CBF30212021FFF7E9BF38B5044600F065
:100930004BFC054620460021242200F015FCE56111
:1009400038BD82B030B58BB00C460546CDE90E23DC
:100950000EA8009001A8FFF7E8FF6FF0004002909A
:10096000009A049501A8214600F006F80BB0BDE8F6
:10097000304002B0704700002DE9F04F8BB01446B4
:10098000894682460020CAF800000DF1160CACF131
:100990000100019019F8011B252908D0002900F059
:1009A0005B825046FFF75AFF0DF1160CF2E7002765
:1009B000494619F8012BA2F12003102B0DD88020F5
:1009C000DFE803F0091B1B191B1B1B151B1B32182F
:1009D0001B101B1B120040200DE05E2A0DD14FF4AE
:1009E000805008E0102006E04FF4007003E04FF460
:1009F000004000E020200743DAE701F10109A2F1FD
:100A00003000C0B209284FF000001AD819F8011BB5
:100A100000EB800002EB40003038A1F13002D2B28E
:100A20000A2A0A46F2D30CE054F8042B002A104696
:100A300048BF5042102303EAD26217434A7801F1BB
:100A400002092E2A0BD1494611F8012B2A2A09D175
:100A500099F8012054F804BB09F1020918E04FF09D
:100A6000000B1EE0A2F13003DBB2092B4FF0000BAC
:100A700014D811F8013B0BEB8B0902EB4902A2F1F0
:100A8000300BA3F13002D2B20A2A1A46F1D38946BA
:100A9000BBF1000F58BF47F4807702E047F480773E
:100AA0008946A2F16801CBB2C90141EA5301C9B23A
:100AB00009292AD8DFE801F0121E08292929052969
:100AC000290519F8012B20E0494611F8012B6C2A61
:100AD00015D199F8012009F102090DE0494611F8F4
:100AE000012B682A0ED199F8012009F1020947F07B
:100AF00008070AE019F8012B47F0020705E047F064
:100B0000010701E047F00407894620EAE076622AFF
:100B100015DDA2F1630015283FF63CAFDFE800F0D9
:100B2000330C0B0B0B0B0C0B0B0B0BA2404A0B0BE0
:100B3000240B580B0B172DE747F480474CE0252A70
:100B400000F09D80582A40F05E8147F40057F80578
:100B50004FEA076048BF27F4007743F25801782A2C
:100B600008BF43F2780122E0A0462468002C04BFAD
:100B700045F29874C0F20404F805204600F147815C
:100B800000F001FA46E1A0462478013E504639467D
:100B90003246FFF7C1FE50462146FFF75FFE4AE1AD
:100BA000F8054FEA076048BF27F40077302101EAD3
:100BB000E07012E002963806232101EAE07004900A
:100BC00047F48077002154F8040B4FF0080BB5E090
:100BD000F80548BF27F400770020049078044FEA16
:100BE0008770029604D4002808D4231D00210BE04E
:100BF000002812D454F8040BC11714E0E01D20F0B3
:100C0000070404F10803616820687D0713D417F016
:100C100008051CBFC0B200210FE0E01D20F0070452
:100C2000616854F8080B7B0709D43B0744BF40F3C5
:100C3000C01140B206E080B200211C4623E040F320
:100C4000C03100B2002907DBBB061AD47B06049D25
:100C500048BF2025049516E00023404263EB0101C4
:100C60002D230FE054F8040B3907DAF8001000F1D7
:100C7000F180BA0752BF0160002206C08AE6252132
:100C80008FE62B230493FB0548BF27F40077FB0571
:100C900058BF4FF0010B00266E2A22DD6F3A092A59
:100CA00000F26E80DFE802F0054A6C6C6C6C236C1D
:100CB0006C4A50EA010263D0C20842EA417206253A
:100CC000134665F3DF000CF80600013652EAD10046
:100CD0004FEAD1014FEAD20040EA41721846EFD103
:100CE0004EE0582A2AD0642A18BF692A48D150EA0F
:100CF000010245D003940C460546380407D506F09A
:100D00000300032802BF2C200CF806000136E04641
:100D100028460A220023FFF709FD00EB8002A5EB1D
:100D2000420242F0300208F806200136D5F10902ED
:100D30000022A241C446DED3039C21E0002650EAF3
:100D400001021DD0BA0445F27872C0F204025CBF01
:100D500045F28872C0F20402030943EA017500F00B
:100D60000F002B46105C0CF80600013655EA1110F6
:100D70004FEA11114FEA151040EA01751846EED1FD
:100D80000394049D029A4FF0FF30FF2D88BF013875
:100D9000ABEB060121EAE17806EB0801A2EB010BBF
:100DA000002D18BF8344B80506D4504639465A462C
:100DB000FFF7B2FD4FF0000BFF2D019C04D9290A6B
:100DC0005046FFF74BFD00E01DB150462946FFF7A6
:100DD00045FD504639465A46FFF79EFD50463021A4
:100DE0004246FFF78BFD012E05DBA15D5046FFF764
:100DF00035FD013EF9D8F8060DF1160C039C7FF580
:100E0000C9AD5A461FE0002A7FF4C4AD35E059460B
:100E100000F006F9054627F40077361A50463946A1
:100E20003246FFF779FD35B114F8011B5046FFF744
:100E300015FD013DF8D108F10404F8060DF1160C7A
:100E40007FF5A8AD324650462021FFF757FD0DF142
:100E5000160C9FE501709DE5DAF80C0028B1DAE97F
:100E6000001291423CBF002242545046FFF738FD29
:100E7000DAF800000BB0BDE8F08F5046FFF730FD08
:100E80004FF0FF30F6E742F66051C2F2000142F641
:100E90005C520968091AC2F2000218BF01211268E7
:100EA000121A18BF0122114042F66452C2F2000227
:100EB0001268101A18BF01200840404270470068AD
:100EC000FEF78AB8082938BF7047416044F68C4164
:100ED000C2F200010860002101607047884211D20F
:100EE0008446042A06D351F8043B4CF8043B043AE8
:100EF000032AF8D80AB311F8013B0CF8013B013A78
:100F0000F9D1704719D9042A09D38B1800EB020CC8
:100F100053F8043C4CF8043C043A032AF5D8114435
:100F20008318002A08BF7047A3F1010C013911F89A
:100F300001390CF80139013AF9D1704700B5042A9A
:100F40008E4609D350F8043B5EF804CB634505D1C7
:100F5000043A032A7146F5D89AB10368086880EA12
:100F6000030191FAA1F1B1FA81F1B2EBD10F08D9E5
:100F700001F0380123FA01F2C840C0B2D1B2081A18
:100F800000BD002000BD0178002904BF002070478B
:100F900000214FF001324358C2FA53F30431002BC1
:100FA000F9D093FAA3F0B0FA80F001EBD000043846
:100FB00070479AB391F800C0037863451CBFA3EB58
:100FC0000C00704753B310B5042A12D34FF0013C04
:100FD000D0F800E00B689E450BD1CCFA5EF343B924
:100FE000043A04310430032AF2D8002A04BF002056
:100FF00010BD013A0ED001EB020C00EB020E03789B
:1010000043B10C78A34205D101310130013AF6D148
:101010007046614609780078401A10BD002070477C
:1010200000291CBF0278002A01D10020704700B5BA
:10103000D0F800E00429034609D34FF0013CCCFA74
:101040005EF222B9043953F804EF0329F7D8181ACD
:101050004FF00132C2FA5EF292FAA2F2B2FA82F2D2
:10106000B1EBD20F88BFD108084400BD4FF0013C5E
:1010700050F8042B51F8043B9A421ED1CCFA52F29C
:10108000DAB950F8042B51F8043B9A4215D1CCFA46
:1010900052F292B950F8042B51F8043B9A420CD109
:1010A000CCFA52F24AB950F8042B51F8043B9A4258
:1010B00003D1CCFA52F2002ADAD00438043910F8FD
:1010C000012B11F8013BD21A01D1002BF7D11046A8
:1010D000704700BF0246F0B44FF00137FB0151F8F2
:1010E000044BE51BA5431D4002D142F8044BF6E733
:1010F0000439F0BC11F8013B02F8013B002BF9D197
:10110000704700BF5AB3844690EA01039B071FD182
:10111000830707D011F8013B00F8013B013AF7D1F2
:101120001CE08446203A09D32DE9F007B1E8F8071E
:10113000A0E8F807203AF9D2BDE8F0071C3205D440
:1011400051F8043B40F8043B043AF9D2043205D08C
:1011500011F8013B00F8013B013AF9D160467047B4
:1011600000220B0011001A0084465AB3830704D0F2
:1011700000F8011B013AF9D124E0C9B241EA01218A
:1011800041EA0141202A11D3203A2DE9F0030B4610
:101190000C460D460E460F4688468946A0E8FA03DF
:1011A000203AFBD2BDE8F00320320BD0042A05D34D
:1011B00040F8041B043A05D0042AF9D200F8011BB8
:1011C000013AFBD16046704744F69040C2F20000FD
:1011D0000068002804BF42F66850C2F20000704761
:1011E00084460020002918BF002A00D170470978E2
:1011F00048B2002844BF6FF001007047BCF1000FF7
:1012000018BFCCF800100021C3E90011002818BF56
:10121000012070477F298EBF6FF00100017001200F
:10122000704744F69041C2F200010968002904BFEA
:1012300042F66851C2F20001496889680A680721CC
:10124000104744F69041C2F200010968002904BF2A
:1012500042F66851C2F20001496889680A680621AD
:10126000104744F69041C2F200010968002904BF0A
:1012700042F66851C2F20001496889680A6804218F
:10128000104744F69041C2F200010968002904BFEA
:1012900042F66851C2F20001496889680A6808216B
:1012A000104744F69041C2F200010968002904BFCA
:1012B00042F66851C2F20001496889680A6809214A
:1012C00010477F2884BF0020704745F6B412C0F253
:1012D0000402515C45F63412C0F20402105C08406E
:1012E0007047A0F161011A2938BF20387047A0F17A
:1012F00041011A2938BF40F0200070477F2884BF81
:101300000020704745F6B412C0F20402515C45F665
:101310003412C0F20402105C08407047A0F1610171
:101320001A2938BF20387047A0F141011A2938BF67
:0613300040F020007047B0
:1013380015ED020000000000E5BF030000000000FA
:1013480075D702000000000091E30200802D002004
:1013580041CF0200A02D0020899C0200000000005F
:1013680075D50200000000004BE90200282B002080
:10137800B7E60200942D0020156802000000000066
:08138800A1C0030000000000F9
:101390003DED020000000000C9C003000000000095
:1013A000DDF8030000000000B5F9030000000000B4
:1013B000E0330020CC3300200400000004000000D3
:0813C0000100000034170400D5
:1013C80074350020EC330020F4330020F43300207F
:1013D80030000000B4410020EC400020F440002020
:0813E800F44000201800000091
:1013F00000000000681F040000000000781F0400C7
:1014000000000000881F040000000000981F040076
:1014100000000000A81F040000000000B81F040026
:1014200000000000C81F0400000000008C3C040005
:10143000000000009C3C040000000000AC3C0400E4
:1014400000000000BC3C0400000000003843040021
:081450000000000044500400FC
:10145800042F040000000000C02F0400000000005A
:101468001C30040000000000D4300400000000001C
:1014780090310400000000004C320400000000001D
:10148800384A040000000404AC32040000000000E4
:10149800C433040000000000502E040000000000C7
:1014A8002C3D040000000000682E0400000000002D
:1014B8007C2A040000000404543E040000000404D4
:1014C8006C510400000003034452040000000303AD
:1014D8008855040000000303504104000000000088
:0814E8001444040000000000A0
:1014F000683B0400882B002054170400942B002024
:10150000A049040000000000B8490400F02C0020AD
:1015100000000000000000000000000000000000CB
:1015200000000000000000000000000000000000BB
:1015300000000000000000000000000000000000AB
:0415400000000000A7
:101544000000000000000000995D0300000000009E
:041554000000000093
:101558002F686F6D652F736A6F2F64776D31303028
:10156800312D6578616D706C65732F6E5246355FED
:1015780053444B5F31372E312E302F6578616D70B3
:101588006C65732F626C655F7065726970686572EF
:10159800616C2F626C655F6170705F756172742F2A
:1015A800626C655F6D61696E2E6300004E6F7264D8
:1015B80069635F5541525400526563656976656495
:1015C80020646174612066726F6D20424C45204E24
:1015D80055532E2057726974696E6720646174616F
:1015E800206F6E20554152542E0000004661696CF0
:1015F800656420726563656976696E67204E555328
:10160800206D6573736167652E204572726F722055
:10161800307825782E200000436F6E6E6563746500
:1016280064000000446973636F6E6E65637465647B
:10163800000000005048592075706461746520727C
:101648006571756573742E0044617461206C656EF4
:101658002069732073657420746F203078255828AA
:1016680025642900415454204D54552065786368F9
:10167800616E676520636F6D706C657465642E209C
:1016880063656E7472616C2030782578207065729D
:101698006970686572616C203078257800000000F8
:1016A800526561647920746F2073656E642064618B
:1016B8007461206F76657220424C45204E55530068
:1016C8000B000000050000000600000007000000F5
:1016D8000000000000E0D701502B0020D43100208A
:1016E8003F000000143200202C3200200F000000C0
:1016F8003C320020000000000020004000000000F4
:101708000020004000000000903D040054320020FA
:10171800E0160400F0160400E4160400FC160400A9
:1017280044574D313030313A7E2420006D5F636C70
:10173800695F756172745F6C6F675F6261636B6527
:101748006E645F7175657565000000006D5F636CA0
:10175800695F756172745F6C6F675F6261636B6507
:101768006E6400002F686F6D652F736A6F2F647742
:101778006D313030312D6578616D706C65732F6E09
:101788005246355F53444B5F31372E312E302F652B
:1017980078616D706C65732F626C655F70657269D6
:1017A80070686572616C2F626C655F6170705F75DF
:1017B8006172742F636C692E63000000FFFFFFFFE6
:1017C800FFFFFFFFFFFFFFFFFFFFFFFF000000001D
:1017D800000000000000D6010601000025733A2031
:1017E800756E6B6E6F776E20706172616D65746572
:1017F8007220272573270A54727920272573202DF4
:10180800682720666F722068656C702E0A000000D9
:1018180025733A2077726F6E6720706172616D650B
:1018280074657220636F756E742E0A54727920275E
:101838002573202D682720666F722068656C702ECE
:101848000A00000077726974696E67207265636FB9
:10185800726420746F20666C6173682E2E2E0A667F
:10186800696C653A20307825782C206B65793A20A8
:10187800307825782C20222573222C206C656E3A2E
:101888002025752062797465730A00006572726F8D
:10189800723A206664735F7265636F72645F777211
:1018A80069746528292072657475726E65642025CF
:1018B800732E0A006572726F723A206664735F72E3
:1018C80065636F72645F757064617465282920723E
:1018D800657475726E65642025732E0A0000000019
:1018E8006572726F723A20636F756C64206E6F74E4
:1018F8002066696E6420636F6E6669672066696C2E
:10190800652E0A0064656C6574696E67207265638C
:101918006F72642E2E2E0A66696C653A203078251F
:10192800782C206B65793A20307825780A000000F9
:101938006572726F723A206664735F7265636F7264
:10194800645F64656C6574652829207265747572B6
:101958006E65642025732E0A000000007265636FAF
:1019680072642069643A20307825780A0000000003
:101978006572726F723A207265636F7264206E6F5F
:101988007420666F756E64210A0000007072696EBB
:10199800740000006572726F723A204352432063EC
:1019A8006865636B206661696C6564210A000000E4
:1019B8006572726F723A20756E65787065637465CA
:1019C800206572726F722025732E0A006F6E0000F8
:1019D8006F666600636F6E666967313A0925730A38
:1019E800636F6E666967323A0925730A626F6F74AE
:1019F80020636F756E743A0925750A6465766963A4
:101A080065206E616D653A0925730A007B2255577A
:101A18004220504152414D223A7B0D0A00000000FD
:101A2800224348414E223A25642C0D0A000000004A
:101A380022505246223A25642C0D0A0022504C4569
:101A48004E223A25642C0D0A00000000224441541D
:101A58004152415445223A25642C0D0A00000000E9
:101A6800225458434F4445223A25642C0D0A00005D
:101A780022504143223A25642C0D0A00224E53532A
:101A88004644223A25642C0D0A0000002250485290
:101A98004D4F4445223A25642C0D0A0022534D41EE
:101AA8005254504F574552223A25642C0D0A0000D3
:101AB800225441474944534554223A25642C0D0A7F
:101AC8000000000022414E43484F524944223A2523
:101AD800642C0D0A0000000022414E43484F525822
:101AE800223A25642C0D0A0022414E43484F525990
:101AF800223A25642C0D0A0022414E43484F525A7F
:101B0800223A25642C0D0A0022545844454C415968
:101B1800223A25642C0D0A002253594E4344454C61
:101B28004159223A25642C0D0A00000022544147ED
:101B38004944223A307825303278253032782530B9
:101B48003278253032782530327825303278253091
:101B58003278253032787D7D0D0A00007265632E5B
:101B6800206964090966696C6520696409097265F8
:101B7800632E206B6579096C656E6774680A0000CE
:101B880020307825303478090920307825303478A9
:101B98000909203078253034780909202534752042
:101BA80062797465730A00007772697465000000D1
:101BB80075706461746500007570646174696E673E
:101BC80020636F6E66696775726174696F6E3A201B
:101BD80025732C2025732C20626F6F745F636F75DB
:101BE8006E743D25752C206465766963655F6E614A
:101BF8006D653D222573220A0000000064656C654E
:101C08007465000064656C6574655F616C6C0000E8
:101C1800746F74616C2070616765733A0925750A81
:101C2800746F74616C207265636F7264733A09250E
:101C3800750A76616C6964207265636F7264733AC1
:101C48000925750A6469727479207265636F726414
:101C5800733A0925750A6C61726765737420636F3E
:101C68006E7469673A0925750A6672656561626C02
:101C78006520776F7264733A0925752028257520C9
:101C88006279746573290A006572726F723A206707
:101C980061726261676520636F6C6C656374696FFC
:101CA8006E2072657475726E65642025730A000073
:101CB800616C6C007072696E7420616C6C20726566
:101CC800636F7264730A75736167653A207072692D
:101CD8006E7420616C6C0000636F6E66696700004B
:101CE8007072696E7420636F6E666967757261746D
:101CF800696F6E0A75736167653A207072696E74F0
:101D080020636F6E666967006465636100000000A8
:101D18007072696E74204445434120636F6E666932
:101D28006775726174696F6E0A75736167653A20C9
:101D38007072696E74206465636100007072696E08
:101D480074207265636F7264730A75736167653AAC
:101D5800207072696E7420616C6C7C636F6E66694A
:101D68006700000077726974652061207265636F8F
:101D780072640A75736167653A20777269746520C1
:101D880066696C655F6964206B657920226461749B
:101D980061220A2D2066696C655F69643A09666983
:101DA8006C652049442C20696E204845580A2D202E
:101DB8006B65793A097265636F7264206B65792C7B
:101DC80020696E204845580A2D20646174613A09DB
:101DD8007265636F726420636F6E74656E747300EE
:101DE80075706461746520636F6E6669677572618A
:101DF80074696F6E0A75736167653A2075706461FE
:101E08007465206F6E7C6F6666206F6E7C6F666689
:101E180020626F6F745F636F756E74206465766996
:101E280063655F6E616D650064656C6574652061EE
:101E3800207265636F72640A75736167653A20641E
:101E4800656C6574652066696C655F6964206B659F
:101E5800790A2D2066696C655F69643A0966696C60
:101E6800652049442C20696E204845580A2D206B6E
:101E780065793A097265636F7264206B65792C2005
:101E8800696E204845580A0064656C657465206170
:101E98006C6C207265636F7264730A757361676531
:101EA8003A2064656C6574655F616C6C00000000C5
:101EB8006763000072756E206761726261676520F2
:101EC800636F6C6C656374696F6E0A7573616765BF
:101ED8003A2067630000000073746174000000001A
:101EE8007072696E74207374617469737469637352
:101EF8000A75736167653A207374617400000000A5
:101F0800281704001017040080320020F014040081
:101F1800702B0020C8130400B81C0400BC1C04006B
:101F280000000000F5740200E01C0400E81C040036
:101F38000000000049710200101D0400181D040073
:101F480000000000697202000000000000000000AC
:101F5800000000000000000000000000201F040036
:101F680094190400441D0400601F0400F970020065
:101F7800B01B04006C1D0400000000000D76020078
:101F8800B81B0400E81D040000000000D57602001C
:101F9800041C0400301E040000000000FD7702004D
:101FA8000C1C0400901E0400000000006D78020064
:101FB800B81E0400BC1E040000000000597902008D
:101FC800E01E0400E81E040000000000B1780200D2
:101FD800050214000A0A0002000041106400000013
:101FE800881300000A000000010000000000000043
:101FF800000000445731303030204465766963650D
:10200800204472697665722056657273696F6E2016
:1020180030342E30302E3036000000000000000032
:1020280000000000000000000000000000000000A8
:10203800000000010000000200000003000000048E
:1020480000000000E8030006000000004644535F5B
:102058004556545F494E4954000000004644535FBA
:102068004556545F57524954450000004644535F53
:102078004556545F55504441544500004644535F0B
:102088004556545F44454C5F5245434F5244000007
:102098004644535F4556545F44454C5F46494C455A
:1020A800000000004644535F4556545F4743000014
:1020B8001B5B313B33326D4576656E743A20257370
:1020C80020726563656976656420284E52465F53C1
:1020D80055434345535329001B5B313B33326D4510
:1020E80076656E743A202573207265636569766536
:1020F80064202825732900005265636F72642049A3
:10210800443A0930782530347800000046696C6517
:102118002049443A09307825303478005265636F95
:102128007264206B65793A0930782530347800007C
:1021380044656C6574696E67206E65787420726595
:10214800636F72642E0000001B5B313B33366D4EAB
:102158006F207265636F726473206C656674207497
:102168006F2064656C6574652E0000002F686F6DC4
:10217800652F736A6F2F64776D313030312D657834
:10218800616D706C65732F6E5246355F53444B5FBB
:1021980031372E312E302F6578616D706C65732F55
:1021A800626C655F7065726970686572616C2F62D8
:1021B8006C655F6170705F756172742F636C6966BE
:1021C80064735F6D61696E2E63000000464453209E
:1021D8006578616D706C6520737461727465642EC6
:1021E80000000000496E697469616C697A696E67FC
:1021F800206664732E2E2E00417661696C61626CD4
:102208006520636F6D6D616E64733A002D20707286
:10221800696E7420616C6C09097072696E74207241
:1022280065636F72647300002D207072696E74208C
:10223800636F6E666967097072696E7420636F6E8A
:1022480066696775726174696F6E00002D2075701C
:1022580064617465090975706461746520636F6EE3
:1022680066696775726174696F6E00002D207374FA
:102278006174090973686F77207374617469737482
:10228800696373002D20777269746509097772692B
:1022980074652061206E6577207265636F726400D3
:1022A8002D2064656C657465090964656C657465E1
:1022B8002061207265636F72640000002D206465E0
:1022C8006C6574655F616C6C0964656C6574652028
:1022D800616C6C207265636F726473002D20676394
:1022E800090972756E206761726261676520636FA4
:1022F8006C6C656374696F6E000000005265616400
:10230800696E6720666C6173682075736167652004
:10231800737461746973746963732E2E2E000000E0
:10232800466F756E642025642076616C696420723E
:1023380065636F7264732E00466F756E6420256442
:10234800206469727479207265636F7264732028DF
:10235800726561647920746F2062652067617262BA
:1023680061676520636F6C6C6563746564292E0012
:10237800436F6E6669672066696C6520666F756E67
:10238800642C207570646174696E6720626F6F7465
:1023980020636F756E7420746F2025642E00000012
:1023A80057726974696E6720636F6E666967206625
:1023B800696C652E2E2E00004E6F20737061636568
:1023C80020696E20666C6173682C2064656C657486
:1023D8006520736F6D65207265636F726473207416
:1023E8006F207570646174652074686520636F6E12
:1023F8006669672066696C652E000000436F6E662B
:1024080069672066696C6520666F756E642C207537
:1024180070646174696E670043757272656E7420CA
:10242800506172616D20697320736574204465661C
:1024380061756C74436F6E6669670D0A0000000071
:1024480057726974696E672044656661756C74209B
:10245800636F6E6669672066696C652E2E2E0000B4
:102468004644535F4552525F4F5045524154494F7D
:102478004E5F54494D454F55540000004644535F44
:102488004552525F4E4F545F494E495449414C4959
:102498005A4544004644535F4552525F554E414C9D
:1024A80049474E45445F4144445200004644535F07
:1024B8004552525F494E56414C49445F415247008C
:1024C8004644535F4552525F4E554C4C5F4152470C
:1024D800000000004644535F4552525F4E4F5F4F25
:1024E80050454E5F5245434F524453004644535F54
:1024F8004552525F4E4F5F53504143455F494E5FCF
:10250800464C4153480000004644535F4552525FD1
:102518004E4F5F53504143455F494E5F51554555B6
:10252800455300004644535F4552525F5245434F5E
:1025380052445F544F4F5F4C4152474500000000E2
:102548004644535F4552525F4E4F545F464F554E77
:10255800440000004644535F4552525F4E4F5F505F
:1025680041474553000000004644535F4552525FBF
:10257800555345525F4C494D49545F524541434874
:10258800454400004644535F4552525F4352435FFF
:10259800434845434B5F4641494C454400000000D1
:1025A8004644535F4552525F42555359000000005C
:1025B8004644535F4552525F494E5445524E414C32
:1025C8000000000010801070B42B002006000000EE
:1025D800526573657420726561736F6E3A20307846
:1025E8002530387800000000526561736F6E3A201C
:1025F80052657365742070696E00000052656173DE
:102608006F6E3A205761746368646F67000000005A
:10261800526561736F6E3A20536F667420726573EA
:102628006574202853524551290000005265617392
:102638006F6E3A20435055206C6F636B75700000C5
:10264800526561736F6E3A2057616B652066726FD1
:102658006D204F4646206D6F6465000052656173BA
:102668006F6E3A204C50434F4D502077616B657523
:1026780070000000526561736F6E3A2044656275A0
:102688006720696E746572666163652077616B6542
:10269800757000000D0A55415254207374617274AC
:1026A80065642E0D000000004465627567206C6F3C
:1026B8006767696E6720666F722055415254206FB4
:1026C8007665722052545420737461727465642E56
:1026D800000000002E2E2F2E2E2F2E2E2F2E2E2FC6
:1026E8002E2E2F2E2E2F6D6F64756C65732F6E72C4
:1026F80066782F68616C2F6E72665F6770696F2EDF
:10270800680000004169642025642C20547320254A
:102718006C6C750D0A00000064656C74615B25645F
:102728005D3D2025640D0A006477745F73657472DB
:102738007874696D656F75742831303030290D00F3
:102748006477745F736574727874696D656F757496
:102758002830290D000000006E72665F6472765F93
:102768006770696F74655F696E697420616C726502
:1027780061647920696E7374616C6C656400000033
:102788002F686F6D652F736A6F2F64776D313030E6
:10279800312D6578616D706C65732F6E5246355FAB
:1027A80053444B5F31372E312E302F6578616D7071
:1027B8006C65732F626C655F7065726970686572AD
:1027C800616C2F626C655F6170705F756172742FE8
:1027D80073735F696E69745F6D61696E2E63000063
:1027E80001000200C5AABBCC2E2E2F2E2E2F2E2E76
:1027F8002F2E2E2F2E2E2F2E2E2F6D6F64756C657B
:10280800732F6E7266782F68616C2F6E72665F67C1
:1028180070696F2E680000002F686F6D652F736AEE
:102828006F2F64776D313030312D6578616D706C44
:1028380065732F6E5246355F53444B5F31372E31E7
:102848002E302F636F6D706F6E656E74732F626FAD
:10285800617264732F626F617264732E630000008B
:102868001E1F160E0D0E0F102E2E2F2E2E2F2E2E53
:102878002F2E2E2F2E2E2F2E2E2F6D6F64756C65FA
:10288800732F6E7266782F68616C2F6E72665F6741
:1028980070696F2E68000000482C0020682C00200A
:1028A800882C00200D000300A59202000E000300F2
:1028B800A59202000F000300A59202001000030079
:1028C800A59202000000010203040005405C00001C
:1028D800A05C0400C06C0800805C0400E03F1E009F
:1028E800E07D1E000704000908054008091040089B
:1028F800080540081D0400081D0400081E26562669
:10290800BEBE0000D8BC000007A9022570889B88BD
:10291800401008000A00160001000600010002002D
:1029280087008D002D001A3152001A339A001A358B
:102938001D011A376B003B31BE003B335E013B354E
:1029480096023B37000098599859EA518E421E4525
:10295800142E0080EA51F4283233E03A703DE03A10
:10296800C235842BC2353233C235C235AE47E03A60
:102978005038A230503800002E2E2F2E2E2F2E2EFB
:102988002F2E2E2F2E2E2F2E2E2F6D6F64756C65E9
:10299800732F6E7266782F68616C2F6E72665F6730
:1029A80070696F2E680000002F686F6D652F736A5D
:1029B8006F2F64776D313030312D6578616D706CB3
:1029C80065732F646563615F6472697665722F70E1
:1029D8006F72742F706F72745F706C6174666F724F
:1029E8006D2E6300101412FF06FF00000000002087
:1029F80000000000101412FF06FF00000000008015
:102A0800000000000100000000400040000000003D
:102A180001000000000000000338FDD870470000E6
:102A28002F686F6D652F736A6F2F64776D31303043
:102A3800312D6578616D706C65732F6E5246355F08
:102A480053444B5F31372E312E302F636F6D706FCB
:102A58006E656E74732F626C652F636F6D6D6F6E2C
:102A68002F626C655F636F6E6E5F73746174652E41
:102A7800630000006E72665F626C655F6761747404
:102A8800000000005570646174696E6720646174A9
:102A980061206C656E67746820746F202575206FDF
:102AA8006E20636F6E6E656374696F6E2030782573
:102AB800782E000073645F626C655F6761705F64A5
:102AC8006174615F6C656E6774685F75706461746A
:102AD80065282920287265717565737429206F6EC1
:102AE80020636F6E6E656374696F6E203078257829
:102AF8002072657475726E65642025732E0000005F
:102B080054686520726571756573746564205458DE
:102B18002F5258207061636B6574206C656E677402
:102B28006820697320746F6F206C6F6E67206279FC
:102B38002025752F2575206F63746574732E00002A
:102B48005468652072657175657374656420636F78
:102B58006D62696E6174696F6E206F6620545820CB
:102B6800616E64205258207061636B6574206C65D7
:102B78006E6774687320697320746F6F206C6F6E52
:102B880067206279202575206D6963726F736563AC
:102B98006F6E64732E0000005265717565737469F9
:102BA8006E6720746F207570646174652041545499
:102BB800204D545520746F202575206279746573F3
:102BC800206F6E20636F6E6E656374696F6E203060
:102BD8007825782E0000000073645F626C655F677B
:102BE800617474635F65786368616E67655F6D744F
:102BF800755F726571756573742829206F6E20631F
:102C08006F6E6E656374696F6E20307825782072F8
:102C1800657475726E656420627573792C207769A6
:102C28006C6C2072657472792E00000073645F62A8
:102C38006C655F67617474635F65786368616E670C
:102C4800655F6D74755F7265717565737428292089
:102C580072657475726E65642025732E000000001D
:102C6800415454204D545520757064617465642036
:102C7800746F202575206279746573206F6E2063E8
:102C88006F6E6E656374696F6E20307825782028C2
:102C9800726573706F6E7365292E000050656572DA
:102CA800206F6E20636F6E6E656374696F6E20307F
:102CB8007825782072657175657374656420616E16
:102CC80020415454204D5455206F662025752062AC
:102CD800797465732E0000005570646174696E67BD
:102CE80020415454204D545520746F20257520627E
:102CF800797465732028646573697265643A202560
:102D08007529206F6E20636F6E6E656374696F6ED0
:102D180020307825782E000073645F626C655F67E9
:102D2800617474735F65786368616E67655F6D74FD
:102D3800755F7265706C7928292072657475726E7A
:102D480065642025732E000044617461206C656EF3
:102D5800677468207570646174656420746F2025D9
:102D680075206F6E20636F6E6E656374696F6E2079
:102D780030782530782E00006D61785F72785F6F4B
:102D880063746574733A2025750000006D61785F7F
:102D980074785F6F63746574733A2025750000005A
:102DA8006D61785F72785F74696D653A202575008A
:102DB8006D61785F74785F74696D653A2025750078
:102DC80050656572206F6E20636F6E6E65637469FF
:102DD8006F6E20307825782072657175657374651B
:102DE8006420612064617461206C656E677468207A
:102DF8006F662025752062797465732E00000000C7
:102E080052657175657374696E6720746F2075708B
:102E18006461746520415454204D545520746F20CA
:102E28002575206279746573206F6E20636F6E6EEE
:102E3800656374696F6E2030782578202872657410
:102E48007279292E00000000626C655F6E75730050
:102E58009ECADC240EE5A9E093F3A3B50000406EFA
:102E6800636C6F636B0000002F686F6D652F736A6A
:102E78006F2F64776D313030312D6578616D706CEE
:102E880065732F6E5246355F53444B5F31372E3191
:102E98002E302F696E746567726174696F6E2F6E5C
:102EA8007266782F6C65676163792F6E72665F64EE
:102EB80072765F636C6F636B2E630000FFFFFFFF2A
:102EC8000006FF0000000040000000002E2E2F2EFC
:102ED8002E2F2E2E2F2E2E2F2E2E2F2E2E2F696E8A
:102EE800746567726174696F6E2F6E7266782F6E83
:102EF8007266785F676C75652E680000434C4F43B7
:102F08004B0000002F686F6D652F736A6F2F647711
:102F18006D313030312D6578616D706C65732F6E51
:102F28005246355F53444B5F31372E312E302F6D6B
:102F38006F64756C65732F6E7266782F647269762C
:102F48006572732F7372632F6E7266785F636C6F2E
:102F5800636B2E63000000002E2E2F2E2E2F2E2E98
:102F68002F2E2E2F2E2E2F2E2E2F696E7465677200
:102F78006174696F6E2F6E7266782F6E7266785FF5
:102F8800676C75652E6800002E2E2F2E2E2F2E2E84
:102F98002F2E2E2F2E2E2F2E2E2F6D6F64756C65D3
:102FA800732F6E7266782F68616C2F6E72665F671A
:102FB80070696F2E680000004750494F5445000063
:102FC8002F686F6D652F736A6F2F64776D3130309E
:102FD800312D6578616D706C65732F6E5246355F63
:102FE80053444B5F31372E312E302F6D6F64756C23
:102FF80065732F6E7266782F647269766572732FA7
:103008007372632F6E7266785F6770696F74652E6E
:1030180063000000505253002F686F6D652F736A6C
:103028006F2F64776D313030312D6578616D706C3C
:1030380065732F6E5246355F53444B5F31372E31DF
:103048002E302F6D6F64756C65732F6E7266782FD6
:10305800647269766572732F7372632F7072732F3F
:103068006E7266785F7072732E6300002E2E2F2E9C
:103078002E2F2E2E2F2E2E2F2E2E2F2E2E2F696EE8
:10308800746567726174696F6E2F6E7266782F6EE1
:103098007266785F676C75652E6800002E2E2F2E7D
:1030A8002E2F2E2E2F2E2E2F2E2E2F2E2E2F6D6FB3
:1030B80064756C65732F6E7266782F68616C2F6EFD
:1030C80072665F6770696F2E680000005350494D43
:1030D800000000002F686F6D652F736A6F2F64778B
:1030E8006D313030312D6578616D706C65732F6E80
:1030F8005246355F53444B5F31372E312E302F6D9A
:103108006F64756C65732F6E7266782F647269765A
:103118006572732F7372632F6E7266785F7370694E
:103128006D2E6300990C03002E2E2F2E2E2F2E2E7F
:103138002F2E2E2F2E2E2F2E2E2F696E746567722E
:103148006174696F6E2F6E7266782F6E7266785F23
:10315800676C75652E6800002E2E2F2E2E2F2E2EB2
:103168002F2E2E2F2E2E2F2E2E2F6D6F64756C6501
:10317800732F6E7266782F68616C2F6E72665F6748
:1031880070696F2E6800000055415254000000001D
:103198002F686F6D652F736A6F2F64776D313030CC
:1031A800312D6578616D706C65732F6E5246355F91
:1031B80053444B5F31372E312E302F6D6F64756C51
:1031C80065732F6E7266782F647269766572732FD5
:1031D8007372632F6E7266785F756172742E630006
:1031E800991B03002E2E2F2E2E2F2E2E2F2E2E2FF4
:1031F8002E2E2F2E2E2F696E746567726174696F7B
:103208006E2F6E7266782F6E7266785F676C756562
:103218002E6800002E2E2F2E2E2F2E2E2F2E2E2FE4
:103228002E2E2F2E2E2F6D6F64756C65732F6E7278
:1032380066782F68616C2F6E72665F6770696F2E93
:103248006800000055415254450000002F686F6D1A
:10325800652F736A6F2F64776D313030312D657843
:10326800616D706C65732F6E5246355F53444B5FCA
:1032780031372E312E302F6D6F64756C65732F6E5C
:103288007266782F647269766572732F7372632F12
:103298006E7266785F75617274652E630000000057
:1032A800D92A03006170705F627574746F6E0000D4
:1032B8002F686F6D652F736A6F2F64776D313030AB
:1032C800312D6578616D706C65732F6E5246355F70
:1032D80053444B5F31372E312E302F636F6D706F33
:1032E8006E656E74732F6C69627261726965732F93
:1032F800627574746F6E2F6170705F627574746F2D
:103308006E2E6300B02C0020534F46544445564956
:1033180043453A20415353455254494F4E20464164
:10332800494C454400000000534F46544445564913
:1033380043453A20494E56414C4944204D454D4F4E
:1033480052592041434345535300000041535345CC
:103358005254494F4E204641494C454420617420FF
:1033680025733A25750000004552524F52202575A5
:10337800205B25735D2061742025733A25750D0A3D
:1033880050432061743A20307825303878000000A6
:10339800456E64206F66206572726F722072657068
:1033A8006F727400554E4B4E4F574E204641554C48
:1033B8005420617420307825303858006170705F6F
:1033C80074696D65720000002F686F6D652F736AF0
:1033D8006F2F64776D313030312D6578616D706C89
:1033E80065732F6E5246355F53444B5F31372E312C
:1033F8002E302F636F6D706F6E656E74732F6C69EE
:10340800627261726965732F74696D65722F61707C
:10341800705F74696D6572322E63000001000600EA
:1034280000000000903E0020293403002F686F6DD3
:10343800652F736A6F2F64776D313030312D657861
:10344800616D706C65732F6E5246355F53444B5FE8
:1034580031372E312E302F636F6D706F6E656E743D
:10346800732F6C69627261726965732F7574696C08
:103478002F6170705F7574696C5F706C6174666FD2
:10348800726D2E63000000002E2E2F2E2E2F2E2E52
:103498002F2E2E2F2E2E2F2E2E2F696E74656772CB
:1034A8006174696F6E2F6E7266782F6E7266785FC0
:1034B800676C75652E6800002E2E2F2E2E2F2E2E4F
:1034C8002F2E2E2F2E2E2F2E2E2F6D6F64756C659E
:1034D800732F6E7266782F68616C2F6E72665F72DA
:1034E80074632E68000000002F686F6D652F736A83
:1034F8006F2F64776D313030312D6578616D706C68
:1035080065732F6E5246355F53444B5F31372E310A
:103518002E302F636F6D706F6E656E74732F6C69CC
:10352800627261726965732F74696D65722F647256
:10353800765F7274632E630052544320696E73740D
:10354800616E636520616C726561647920696E697A
:103558007469616C697A65642E0000005254433ABC
:1035680020696E697469616C697A65642E0000006F
:103578005254433A20556E696E697469616C697A70
:1035880065642E00000000000338FDD87047000075
:103598002F686F6D652F736A6F2F64776D313030C8
:1035A800312D6578616D706C65732F6E5246355F8D
:1035B80053444B5F31372E312E302F636F6D706F50
:1035C8006E656E74732F6C69627261726965732FB0
:1035D8006664732F6664732E63000000DEC0ADDE80
:1035E800FF011EF1DEC0ADDEFE011EF10000FFFF8F
:1035F8002F686F6D652F736A6F2F64776D31303068
:10360800312D6578616D706C65732F6E5246355F2C
:1036180053444B5F31372E312E302F636F6D706FEF
:103628006E656E74732F6C69627261726965732F4F
:1036380062616C6C6F632F6E72665F62616C6C6F37
:10364800632E63002F686F6D652F736A6F2F647721
:103658006D313030312D6578616D706C65732F6E0A
:103668005246355F53444B5F31372E312E302F632E
:103678006F6D706F6E656E74732F6C6962726172B4
:103688006965732F636C692F6E72665F636C692E50
:103698006300000025630000257300000A00000095
:1036A8001B5B2564440000001B5B2564430000008D
:1036B8001B5B2564410000001B5B25644200000081
:1036C8000A257325730000005461622066756E63D5
:1036D80074696F6E3A20636F6D6D616E64732063F9
:1036E8006F756E746572206F766572666C6F77653C
:1036F800642E0A000A2573006E6F74207465726D5B
:10370800696E617465643A2025630A002573257320
:103718000A0000003A20636F6D6D616E64206E6F61
:103728007420666F756E64002D6800002D2D686525
:103738006C700000506C6561736520737065636917
:103748006679206120737562636F6D6D616E642E9A
:103758000A0000000A0A0000257325730000000013
:103768004F7074696F6E733A0A0000002020252D8F
:103778002A733A0053686F7720636F6D6D616E64CA
:103788002068656C702E0000202025732573257332
:1037980000000000537562636F6D6D616E64733A6B
:1037A8000A0000004C6F7374206C6F6773202D2023
:1037B800696E637265617365206C6F67206261630F
:1037C8006B656E642071756575652073697A652E01
:1037D8000A00000025733A2077726F6E67207061C7
:1037E80072616D6574657220636F756E740A00008E
:1037F80025733A257325730A0000000020756E6B47
:103808006E6F776E20706172616D657465723A20B3
:10381800000000006F6E00006F6666004563686F09
:10382800207374617475733A2025730A00000000D0
:103838005B2533645D2025730A0000004C6F7374A8
:10384800206C6F67733A2025750A4D6178206C6F7C
:1038580067207175657565207574696C697A61741E
:10386800696F6E3A2025752525205B25752F2575EE
:103878005D0A00004E6F20726573706F6E7365206D
:1038880066726F6D20746865207465726D696E610B
:103898006C2C20617373756D656420383078323410
:1038A8002073637265656E2073697A650A0000008B
:1038B80044697361626C6520636F6C6F7265642024
:1038C80073796E7461782E00456E61626C65206351
:1038D8006F6C6F7265642073796E7461782E000066
:1038E80044697361626C6520434C49206563686F65
:1038F8002E204172726F777320616E642062757436
:10390800746F6E733A204261636B73706163652CE8
:103918002044656C6574652C20456E642C20486FC6
:103928006D652C20496E7365727420617265206E16
:103938006F742068616E646C65642E00456E616208
:103948006C6520434C49206563686F2E00000000B9
:103958007265736574000000526573657420434C8A
:1039680049207374617469737469637320666F7234
:1039780020746865204C6F67676572206D6F647589
:103988006C652E0073686F7700000000476574202F
:10399800434C492073746174697374696373206656
:1039A8006F7220746865204C6F67676572206D6F51
:1039B80064756C652E000000636F6C6F7273000095
:1039C800546F67676C6520636F6C6F7265642073F2
:1039D800796E7461782E00006563686F00000000DE
:1039E800546F67676C6520434C49206563686F2E88
:1039F800000000007374617473000000434C492098
:103A0800737461746973746963732E0064656661A5
:103A1800756C7400417373756D6520383020636868
:103A28006172732073637265656E20776964746868
:103A380020616E642073656E6420746869732073F6
:103A4800657474696E6720746F2074686520746586
:103A5800726D696E616C2E00636C656172000000A6
:103A6800436C6561722073637265656E2E00000099
:103A7800636C690055736566756C2C206E6F7420D5
:103A8800556E69782D6C696B6520434C4920636FCE
:103A98006D6D616E64732E00686973746F7279005E
:103AA800436F6D6D616E6420686973746F72792EEF
:103AB80000000000726573697A650000436F6E73D9
:103AC8006F6C652067657473207465726D696E61CB
:103AD8006C2073637265656E2073697A65206F72F6
:103AE80020617373756D657320383020696E2063AB
:103AF8006173652074686520726561646F757420F0
:103B08006661696C732E204974206D757374206228
:103B1800652065786563757465642061667465728F
:103B28002065616368207465726D696E616C2077C9
:103B380069647468206368616E676520746F2065C6
:103B48006E7375726520636F727265637420746535
:103B5800787420646973706C61792E0020200000ED
:103B6800D5A1030081A203005FA20300203804004E
:103B7800B83804000000000061A403001C380400E9
:103B8800D038040000000000A1A4030000000000D9
:103B9800000000000000000000000000000000001D
:103BA800743B040020380400E838040000000000DA
:103BB80001A603001C38040044390400000000007A
:103BC80037A603000000000000000000000000000D
:103BD8000000000000000000AC3B0400583904005D
:103BE800603904000000000029A803008C39040093
:103BF8009439040000000000A1A7030000000000A1
:103C080000000000000000000000000000000000AC
:103C1800E43B0400C0390400C8390400A43B040094
:103C2800E1A40300E0390400E8390400DC3B0400A7
:103C38007DA50300FC390400043A0400143C040088
:103C48003DA7030000000000000000000000000085
:103C580000000000000000001C3C0400143A0400AE
:103C68001C3A04000000000071A8030000000000D6
:103C7800000000000000000000000000000000003C
:103C8800643C0400603A0400683A04000000000044
:103C980019A30300783A04007C3A04005C3C040051
:103CA800E9A30300A03A0400A83A040000000000B9
:103CB8006DA60300BC3A0400C43A0400843C040026
:103CC800EDA803001B5B366E00000000000000003A
:103CD80000000000000000000338FDD87047000015
:103CE8001B5B6D001B3700001B3800000820080014
:103CF8001B5B4A001B5B4B002D682C202D2D686533
:103D08006C7000002C200000202D20000200000014
:103D18001B5B48001B5B324A000000001B5B3F3303
:103D28006C000000636C695F7561727400000000CC
:103D38002F686F6D652F736A6F2F64776D31303020
:103D4800312D6578616D706C65732F6E5246355FE5
:103D580053444B5F31372E312E302F636F6D706FA8
:103D68006E656E74732F6C69627261726965732F08
:103D7800636C692F756172742F6E72665F636C690C
:103D88005F756172742E630051AD0300D9AD0300F5
:103D980005AE030011AF0300CDAE03002F686F6DB1
:103DA800652F736A6F2F64776D313030312D6578E8
:103DB800616D706C65732F6E5246355F53444B5F6F
:103DC80031372E312E302F65787465726E616C2F05
:103DD800667072696E74662F6E72665F667072695D
:103DE8006E74662E630000002F686F6D652F736A0E
:103DF8006F2F64776D313030312D6578616D706C5F
:103E080065732F6E5246355F53444B5F31372E3101
:103E18002E302F65787465726E616C2F66707269CA
:103E28006E74662F6E72665F667072696E74665F16
:103E3800666F726D61742E6300000000303132339A
:103E48003435363738394142434445466E72665FE9
:103E58006673746F7261676500000000705F667357
:103E680000000000257320636865636B2066616944
:103E78006C656420696E2025732829207769746829
:103E88002076616C756520307825782E000000005A
:103E9800705F617069000000705F66732D3E705F2F
:103EA80061706900705F6465737400006C656E0012
:103EB800616464725F69735F616C69676E656433BE
:103EC8003228737263290000616464725F69735FEA
:103ED80077697468696E5F626F756E647328705F66
:103EE80066732C207372632C206C656E29000000A9
:103EF800705F73726300000021286C656E202520B6
:103F0800705F66732D3E705F666C6173685F696E83
:103F1800666F2D3E70726F6772616D5F756E697442
:103F280029000000616464725F69735F616C69678E
:103F38006E65643332286465737429006164647241
:103F48005F69735F616C69676E65643332282875D1
:103F5800696E7433325F7429705F7372632900006D
:103F6800616464725F69735F77697468696E5F62C0
:103F78006F756E647328705F66732C206465737444
:103F88002C206C656E290000616464725F69735F40
:103F9800706167655F616C69676E656428705F66EC
:103FA800732C20706167655F61646472290000008A
:103FB800616464725F69735F77697468696E5F6270
:103FC8006F756E647328705F66732C207061676507
:103FD8005F616464722C20286C656E202A20705FF3
:103FE80066732D3E705F666C6173685F696E666F9D
:103FF8002D3E65726173655F756E697429290000CD
:104008006E72665F6673746F726167655F696E6909
:10401800740000006E72665F6673746F7261676524
:104028005F777269746500006E72665F6673746F9D
:10403800726167655F65726173650000001000005A
:1040480004000000010000002DBE030079BE03003B
:1040580015BF0300A5BE030039BF0300ADBF0300B1
:10406800BBBF0300C9BF03002F686F6D652F736A5C
:104078006F2F64776D313030312D6578616D706CDC
:1040880065732F6E5246355F53444B5F31372E317F
:104098002E302F636F6D706F6E656E74732F6C6941
:1040A800627261726965732F6D656D6F626A2F6EDA
:1040B80072665F6D656D6F626A2E63002E2E2F2EFD
:1040C8002E2F2E2E2F2E2E2F2E2E2F2E2E2F636F8D
:1040D8006D706F6E656E74732F6C69627261726950
:1040E80065732F6578706572696D656E74616C5F54
:1040F80073656374696F6E5F766172732F6E726633
:104108005F73656374696F6E5F697465722E6800AA
:104118002E2E2F2E2E2F2E2E2F2E2E2F2E2E2F2EB2
:104128002E2F636F6D706F6E656E74732F6C69627E
:104138007261726965732F6D757465782F6E72661A
:104148005F6D74782E6800007077725F6D676D74AC
:10415800000000002F686F6D652F736A6F2F6477FA
:104168006D313030312D6578616D706C65732F6EEF
:104178005246355F53444B5F31372E312E302F6313
:104188006F6D706F6E656E74732F6C696272617299
:104198006965732F7077725F6D676D742F6E7266C5
:1041A8005F7077725F6D676D742E6300881304000B
:1041B800881304000400000042616420617267757E
:1041C8006D656E7420636F756E7400004F7665724E
:1041D800666C6F77000000004E6F206F7665726620
:1041E8006C6F770025730D0A092D20456C656D6588
:1041F8006E742073697A653A0925640D0A092D20C1
:1042080055736167653A0925752525202825752088
:104218006F7574206F6620257520656C656D656EF9
:104228007473290D0A092D204D6178696D756D3AF1
:10423800092575252520282575206F7574206F663A
:1042480020257520656C656D656E7473290D0A09E6
:104258002D204D6F64653A090925730D0A0D0A0072
:1042680073746174757300005072696E742073748E
:1042780061747573206F6620717565756520696E48
:104288007374616E6365732E000000007175657547
:1042980065000000436F6D6D616E647320666F7218
:1042A8002042414C4C4F43206D616E6167656D65DE
:1042B8006E7400002F686F6D652F736A6F2F6477B7
:1042C8006D313030312D6578616D706C65732F6E8E
:1042D8005246355F53444B5F31372E312E302F63B2
:1042E8006F6D706F6E656E74732F6C696272617238
:1042F8006965732F71756575652F6E72665F717567
:104308006575652E63000000684204007042040071
:1043180000000000B9C40300000000000000000015
:10432800000000000000000000000000104304002E
:10433800944204009C42040030430400B9C40300C2
:10434800010000002F686F6D652F736A6F2F647707
:104358006D313030312D6578616D706C65732F6EFD
:104368005246355F53444B5F31372E312E302F6321
:104378006F6D706F6E656E74732F6C6962726172A7
:104388006965732F72696E676275662F6E72665FF4
:1043980072696E676275662E630000002F686F6D24
:1043A800652F736A6F2F64776D313030312D6578E2
:1043B800616D706C65732F6E5246355F53444B5F69
:1043C80031372E312E302F636F6D706F6E656E74BE
:1043D800732F6C69627261726965732F6578706595
:1043E80072696D656E74616C5F73656374696F6E15
:1043F8005F766172732F6E72665F73656374696F3F
:104408006E5F697465722E6300000000736F7274CA
:104418006C697374000000002F686F6D652F736AF4
:104428006F2F64776D313030312D6578616D706C28
:1044380065732F6E5246355F53444B5F31372E31CB
:104448002E302F636F6D706F6E656E74732F6C698D
:10445800627261726965732F736F72746C697374B9
:104468002F6E72665F736F72746C6973742E63005B
:10447800556E6B6E6F776E206572726F7220636F08
:10448800646500004E52465F5355434345535300FD
:104498004E52465F4552524F525F5356435F484112
:1044A8004E444C45525F4D495353494E4700000016
:1044B8004E52465F4552524F525F534F4654444501
:1044C800564943455F4E4F545F454E41424C454423
:1044D800000000004E52465F4552524F525F494E0F
:1044E8005445524E414C00004E52465F4552524F81
:1044F800525F4E4F5F4D454D000000004E52465FE3
:104508004552524F525F4E4F545F464F554E4400EE
:104518004E52465F4552524F525F4E4F545F53556D
:1045280050504F52544544004E52465F4552524FE8
:10453800525F494E56414C49445F504152414D00EB
:104548004E52465F4552524F525F494E56414C4972
:10455800445F5354415445004E52465F4552524FB2
:10456800525F494E56414C49445F4C454E4754486A
:10457800000000004E52465F4552524F525F494E6E
:1045880056414C49445F464C414753004E52465FA2
:104598004552524F525F494E56414C49445F44413F
:1045A800544100004E52465F4552524F525F4441BB
:1045B80054415F53495A45004E52465F4552524F47
:1045C800525F54494D454F55540000004E52465FC6
:1045D8004552524F525F4E554C4C00004E52465F6A
:1045E8004552524F525F464F5242494444454E004D
:1045F8004E52465F4552524F525F494E56414C49C2
:10460800445F4144445200004E52465F4552524F67
:10461800525F4255535900004E52465F4552524F21
:10462800525F434F4E4E5F434F554E5400000000BB
:104638004E52465F4552524F525F5245534F555264
:10464800434553004E52465F4552524F525F4D4FBD
:1046580044554C455F4E4F545F494E495449414C6F
:10466800495A4544000000004E52465F4552524F99
:10467800525F4D555445585F494E49545F4641492C
:104688004C4544004E52465F4552524F525F4D557D
:104698005445585F4C4F434B5F4641494C45440095
:1046A8004E52465F4552524F525F4D555445585FE2
:1046B800554E4C4F434B5F4641494C454400000022
:1046C8004E52465F4552524F525F4D555445585FC2
:1046D800434F4E445F494E49545F4641494C454417
:1046E800000000004E52465F4552524F525F4D4FF8
:1046F80044554C455F414C52454144595F494E49E8
:104708005449414C495A4544000000004E52465F06
:104718004552524F525F53544F524147455F465599
:104728004C4C00004E52465F4552524F525F41502A
:10473800495F4E4F545F494D504C454D454E544589
:10474800440000004E52465F4552524F525F464564
:1047580041545552455F4E4F545F454E41424C457A
:10476800440000004E52465F4552524F525F494F37
:104778005F50454E44494E47000000004E52465F88
:104788004552524F525F4452565F5457495F455203
:10479800525F4F56455252554E0000004E52465FEA
:1047A8004552524F525F4452565F5457495F4552E3
:1047B800525F414E41434B004E52465F4552524F65
:1047C800525F4452565F5457495F4552525F444EB8
:1047D80041434B004E52465F4552524F525F424C46
:1047E800455F495053505F52585F504B545F545285
:1047F800554E4341544544004E52465F4552524F30
:10480800525F424C455F495053505F4348414E4EBA
:10481800454C5F414C52454144595F4558495354B2
:10482800530000004E52465F4552524F525F424C71
:10483800455F495053505F4C494E4B5F4449534381
:104848004F4E4E4543544544000000004E52465FCB
:104858004552524F525F424C455F495053505F504A
:104868004545525F52454A454354454400000000BF
:10487800000000008C44040001000000984404007B
:1048880002000000B844040003000000DC440400F7
:1048980004000000F0440400050000000445040082
:1048A8000600000018450400070000003045040019
:1048B80008000000484504000900000060450400A5
:1048C8000A0000007C4504000B0000009445040029
:1048D8000C000000AC4504000D000000C0450400B9
:1048E8000E000000D44504000F000000E445040059
:1048F80010000000F84504001100000010460400F4
:10490800120000002046040013000000384604008E
:10491800800000004C46040081000000704604003E
:10492800820000008C46040083000000A8460400B2
:1049380084000000C846040085000000EC4604001E
:104948008600000014470400900000002C47040073
:10495800910000004C470400920000006C470400DE
:10496800008200008447040001820000A44704007C
:1049780002820000C047040000840000DC470400F5
:104988000184000000480400028400002C48040050
:10499800038400005448040095D20300C7D20300E2
:1049A800BDD20300000000000338FDD870470000A6
:1049B8007274745F6C6F675F6261636B656E6400CD
:1049C8002F686F6D652F736A6F2F64776D31303084
:1049D800312D6578616D706C65732F6E5246355F49
:1049E80053444B5F31372E312E302F636F6D706F0C
:1049F8006E656E74732F6C69627261726965732F6C
:104A08006C6F672F7372632F6E72665F6C6F675F70
:104A180064656661756C745F6261636B656E64730F
:104A28002E630000BC410020FF030000BC450020AD
:104A3800617070002F686F6D652F736A6F2F6477D0
:104A48006D313030312D6578616D706C65732F6E06
:104A58005246355F53444B5F31372E312E302F632A
:104A68006F6D706F6E656E74732F6C6962726172B0
:104A78006965732F6C6F672F7372632F6E72665F31
:104A88006C6F675F66726F6E74656E642E6300008C
:104A98004261636B656E647320666C7573686564E8
:104AA800000000006E6F6E65000000006572726F96
:104AB800720000007761726E696E6700696E666FDA
:104AC800000000006465627567000000496E766149
:104AD8006C6964206261636B656E643A2025730DAE
:104AE8000A0000004C6F6773206172652068616C72
:104AF800746564210D0A00006D6F64756C655F6EE6
:104B0800616D6500252D343073207C2063757272C9
:104B1800656E74207C206275696C742D696E200D39
:104B28000A0000002D2D2D2D2D2D2D2D2D2D2D2D57
:104B38002D2D2D2D2D2D2D2D2D2D2D2D2D2D2D2D9D
:104B48002D2D2D2D2D2D2D2D2D2D2D2D2D2D2D2D8D
:104B58002D2D2D2D2D2D2D2D2D2D2D2D2D2D0D0AC0
:104B6800000000002A00000000000000252D34305D
:104B780073207C20252D3773207C20257325730D09
:104B88000A000000656E61626C6500004261642085
:104B9800706172616D6574657220636F756E742ED5
:104BA8000D0A0000556E6B6E6F776E207365766523
:104BB80072697479206C6576656C3A2025730D0AE4
:104BC8000000000064697361626C6500556E6B6E6D
:104BD8006F776E206F7074696F6E3A2025730D0AB7
:104BE800000000004C6576656C20756E6176616921
:104BF8006C61626C6520666F72206D6F64756C65A0
:104C08003A2025730D0A0000556E6B6E6F776E2083
:104C18006D6F64756C653A25730D0A0025730D0A6E
:104C2800092D205374617475733A20646561637447
:104C38006976617465640D0A0D0A0000656E61622B
:104C48006C65640064697361626C656400000000EF
:104C580025730D0A092D205374617475733A202544
:104C6800730D0A092D2049443A2025640D0A0D0ABE
:104C780000000000276C6F672064697361626C65CF
:104C8800203C6D6F64756C655F303E202E2E203C95
:104C98006D6F64756C655F6E3E2720646973616231
:104CA8006C6573206C6F677320696E207370656321
:104CB8006966696564206D6F64756C657320286129
:104CC8006C6C206966206E6F206D6F64756C6573FF
:104CD80020737065636966696564292E00000000A9
:104CE800276C6F6720656E61626C65203C6C657629
:104CF800656C3E203C6D6F64756C655F303E202EA0
:104D08002E2E20203C6D6F64756C655F6E3E2720EB
:104D1800656E61626C6573206C6F677320757020B7
:104D2800746F20676976656E206C6576656C20699E
:104D38006E20737065636966696564206D6F64755C
:104D48006C65732028616C6C206966206E6F206D1D
:104D58006F64756C657320737065636966696564F3
:104D6800292E0000676F0000526573756D65206C11
:104D78006F6767696E67000068616C740000000007
:104D880048616C74206C6F6767696E67000000008B
:104D980073746174757300004C6F67676572207374
:104DA80074617475730000004E6F742073757070B1
:104DB8006F727465642E0D0A000000006C6F6164E8
:104DC800000000004C6F616420636F6E6669677550
:104DD800726174696F6E2073746F72656420696E96
:104DE800206E6F6E2D766F6C6174696C65206D65D1
:104DF8006D6F72792E00000073746F726500000089
:104E080053746F72652063757272656E7420636F78
:104E18006E66696775726174696F6E20696E206E5F
:104E28006F6E2D766F6C6174696C65206D656D6F42
:104E380072792E006261636B656E64004C6F676700
:104E48006572206261636B656E647320636F6D6D5C
:104E5800616E64732E000000636F6E666967000000
:104E68004D616E616765206C6F6767657220636F5F
:104E78006E66696775726174696F6E006C697374C8
:104E88005F6261636B656E64730000004C697374E4
:104E980073206C6F67676572206261636B656E640F
:104EA800732E000025733A257325730D0A00000040
:104EB80020756E6B6E6F776E20706172616D6574B0
:104EC80065723A20000000006C6F6700436F6D6DDB
:104ED800616E647320666F7220636F6E74726F6C9C
:104EE8006C696E67206C6F6767657200010000006F
:104EF800C5E6030001000000F9E60300CC4B0400FE
:104F08007C4C0400F44E0400A1E603008C4B040022
:104F1800E84C0400FC4E0400A1E603006C4D0400BC
:104F2800704D040000000000B1E70300804D04004C
:104F3800884D04000000000051E70300984D04006C
:104F4800A04D040000000000E1E3030000000000A1
:104F58000000000000000000000000000000000049
:104F6800044F040001000000A1E80300C44D040040
:104F7800CC4D0400000000001DE90300004E0400B1
:104F8800084E04000000000055E90300000000007E
:104F98000000000000000000000000000000000009
:104FA800744F04003C4E0400444E04006C4F04004F
:104FB80000000000604E0400684E0400A44F040086
:104FC80000000000CC4B04007C4C0400F44E0400AC
:104FD80081E603008C4B0400E84C0400FC4E0400FE
:104FE80081E603006C4D0400704D040000000000D1
:104FF800D5E70300804D0400884D04000000000040
:1050080075E70300844E0400944E0400000000007D
:10501800F5E70300984D0400A04D040000000000CF
:10502800C1E30300000000000000000000000000D1
:105038000000000000000000AC4F0400D04E040047
:10504800D44E04003C5004008DE903006572726F71
:10505800720000007761726E696E6700696E666F34
:105068000000000064656275670000001B5B306D1E
:10507800000000001B5B313B33306D001B5B313B94
:1050880033316D001B5B313B33326D001B5B313BB1
:1050980033336D001B5B313B33346D001B5B313B9D
:1050A80033356D001B5B313B33366D001B5B313B89
:1050B80033376D0025734C6F67732064726F70709F
:1050C8006564202825642925730D0A0025730000CE
:1050D8003C25733E2025733A200000000D0A00008D
:1050E8002025303278000000202020007C000000BD
:1050F80025630000200000005465726D696E616CC4
:1051080000000000525454005345474745520000E0
:105118002E2E2F2E2E2F2E2E2F2E2E2F2E2E2F2EA2
:105128002E2F636F6D706F6E656E74732F6C69626E
:105138007261726965732F6578706572696D656EE5
:1051480074616C5F73656374696F6E5F76617273A7
:105158002F6E72665F73656374696F6E5F697465DD
:10516800722E68006E72665F736468002F686F6DD8
:10517800652F736A6F2F64776D313030312D657804
:10518800616D706C65732F6E5246355F53444B5F8B
:1051980031372E312E302F636F6D706F6E656E74E0
:1051A800732F736F66746465766963652F636F6DBB
:1051B8006D6F6E2F6E72665F7364682E63000000F9
:1051C8000100000788130400901304000800000081
:1051D80090130400A013040008000000A0130400AA
:1051E800B0130400080000002E2E2F2E2E2F2E2E76
:1051F8002F2E2E2F2E2E2F2E2E2F636F6D706F6E4B
:10520800656E74732F6C69627261726965732F655C
:1052180078706572696D656E74616C5F73656374CF
:10522800696F6E5F766172732F6E72665F73656306
:1052380074696F6E5F697465722E68006E72665F5E
:105248007364685F626C650073645F626C655F635A
:1052580066675F73657428292072657475726E6558
:1052680064202573207768656E20617474656D709D
:1052780074696E6720746F2073657420424C455FB3
:10528800434F4E4E5F4346475F4741502E00000054
:1052980073645F626C655F6366675F736574282912
:1052A8002072657475726E65642025732077686551
:1052B8006E20617474656D7074696E6720746F20F8
:1052C80073657420424C455F4741505F4346475FD2
:1052D800524F4C455F434F554E542E0073645F62E6
:1052E8006C655F6366675F736574282920726574EF
:1052F80075726E6564202573207768656E20617409
:1053080074656D7074696E6720746F20736574209E
:10531800424C455F434F4E4E5F4346475F474154BB
:10532800542E000073645F626C655F6366675F7329
:10533800657428292072657475726E6564202573FA
:10534800207768656E20617474656D7074696E6726
:1053580020746F2073657420424C455F434F4D4D58
:105368004F4E5F4346475F56535F555549442E009D
:1053780073645F626C655F6366675F736574282931
:105388002072657475726E65642025732077686570
:105398006E20617474656D7074696E6720746F2017
:1053A80073657420424C455F47415454535F4346EC
:1053B800475F415454525F5441425F53495A452E06
:1053C8000000000073645F626C655F6366675F730B
:1053D800657428292072657475726E65642025735A
:1053E800207768656E20617474656D7074696E6786
:1053F80020746F2073657420424C455F47415454B4
:10540800535F4346475F534552564943455F4348B8
:10541800414E4745442E0000496E737566666963C0
:1054280069656E742052414D20616C6C6F636174C4
:10543800656420666F722074686520536F667444D3
:1054480065766963652E00004368616E6765207440
:1054580068652052414D207374617274206C6F63CB
:105468006174696F6E2066726F6D203078257820C0
:10547800746F20307825782E000000004D6178691F
:105488006D756D2052414D2073697A6520666F7283
:10549800206170706C69636174696F6E2069732034
:1054A800307825782E00000073645F626C655F6554
:1054B8006E61626C6528292072657475726E656408
:1054C8002025732E000000002F686F6D652F736A0A
:1054D8006F2F64776D313030312D6578616D706C68
:1054E80065732F6E5246355F53444B5F31372E310B
:1054F8002E302F636F6D706F6E656E74732F736FC0
:1055080066746465766963652F636F6D6D6F6E2F62
:105518006E72665F7364685F626C652E630000007C
:105528004813040088130400080000002E2E2F2EB4
:105538002E2F2E2E2F2E2E2F2E2E2F2E2E2F636F08
:105548006D706F6E656E74732F6C696272617269CB
:1055580065732F6578706572696D656E74616C5FCF
:1055680073656374696F6E5F766172732F6E7266AE
:105578005F73656374696F6E5F697465722E680026
:105588006E72665F7364685F736F63002F686F6D18
:10559800652F736A6F2F64776D313030312D6578E0
:1055A800616D706C65732F6E5246355F53444B5F67
:1055B80031372E312E302F636F6D706F6E656E74BC
:1055C800732F736F66746465766963652F636F6D97
:1055D8006D6F6E2F6E72665F7364685F736F632E94
:1055E800630000003813040048130400080000009A
:1055F800B5B5B6B7B7B8B9B9BABBBBBCBDBDBEBF08
:10560800C0C0C1C1C2C3C3C4C5C5C6C7C7C8C9C94C
:10561800CACBCBCCCCCDCECECFD0D0D1D1D2D3D398
:10562800D4D4D5D6D6D7D7D8D9D9DADADBDBDCDDEE
:10563800DDDEDEDFE0E0E1E1E2E2E3E3E4E5E5E64A
:10564800E6E7E7E8E8E9EAEAEBEBECECEDEDEEEEAD
:10565800EFF0F0F1F1F2F2F3F3F4F4F5F5F6F6F712
:10566800F7F8F8F9F9FAFAFBFBFCFCFDFDFEFEFF82
:1056780080808081818282838384848585868687F1
:1056880087888889898A8A8B8B8B8C8C8D8D8E8E66
:105698008F8F9090909191929293939394949595E3
:1056A800969696979798989999999A9A9B9B9B9C66
:1056B8009C9D9D9D9E9E9F9FA0A0A0A1A1A1A2A2EE
:1056C800A3A3A3A4A4A5A5A5A6A6A7A7A7A8A8A879
:1056D800A9A9AAAAAAABABABACACADADADAEAEAE08
:1056E800AFAFB0B0B0B1B1B1B2B2B2B3B3B3B4B49A
:1056F800B3B2B0AFAEADABAAA9A8A7A6A5A3A2A105
:10570800A09F9E9E9D9C9B9A9998979696959493F8
:1057180093929190908F8E8E8D8C8B8B8A8A8988AC
:105728008887878685858484838382828181808037
:10573800FEFCFAF8F6F4F3F1EFEEECEAE9E7E6E45A
:10574800E3E2E0DFDEDCDBDAD9D7D6D5D4D3D2D1B9
:10575800CFCECDCCCBCAC9C8C7C6C5C5C4C3C2C1C4
:10576800C0BFBEBEBDBCBBBABAB9B8B7B7B6B5B58F
:10577800303132333435363738394142434445467F
:1057880030313233343536373839616263646566AF
:10579800286E756C6C29000065580400DC580400FC
:1057A8006858040053756E646179004D6F6E6461CA
:1057B800790054756573646179005765646E657323
:1057C800646179005468757273646179004672691E
:1057D80064617900536174757264617900004A618B
:1057E8006E75617279004665627275617279004DF5
:1057F8006172636800417072696C004D6179004A9A
:10580800756E65004A756C7900417567757374002B
:1058180053657074656D626572004F63746F62657D
:1058280072004E6F76656D62657200446563656DE2
:105838006265720000414D00504D0000256D2F2516
:10584800642F25790025483A254D3A2553002561CE
:105858002025622025652025542025590043000075
:10586800C3120400E3120400EF120400FD12040046
:105878001D1304002913040015120400E11104008B
:1058880053756E004D6F6E00547565005765640062
:10589800546875004672690053617400004A616E6D
:1058A80000466562004D617200417072004D617979
:1058B800004A756E004A756C004175670053657043
:1058C800004F6374004E6F760044656300002E003D
:1058D80000000000D6580400D8580400D858040026
:1058E800D8580400D8580400D8580400D8580400E0
:1058F800D8580400D8580400D8580400FFFFFFFF08
:10590800FFFFFFFFFFFFFFFFFFFF0000AC57040092
:1059180088580400E6570400A55804003D580400C0
:10592800445804004D5804005658040020202020F4
:1059380020202020206828282828202020202020F7
:105948002020202020202020202020204810101057
:10595800101010101010101010101010848484846F
:105968008484848484841010101010101081818124
:10597800818181010101010101010101010101018F
:105988000101010101010110101010101082828222
:10599800828282020202020202020202020202025F
:1059A8000202020202020210101010200007032057
:0959B80004170201085710408099
:1059C4007C2D002001000400000000000000000005
:1059D400000000000000000000000000202B002058
:1059E40000000000FFFF140001000200000000009E
:1059F4000000000000000000FFFFFFFFFFFFFFFFAB
:105A04000000000000000000000000000000000092
:105A1400A033002017000000000000000000000078
:105A2400081F0400D9980300B0130400000000000C
:105A34000000000000000000FF00000054200400EB
:105A440064200400742004008420040098200400CE
:105A5400AC2004000000000064756D6D7900000046
:105A640000000000000000000001000068240400A1
:105A7400842404009C240400B4240400C8240400E6
:105A8400DC240400F4240400102504002C25040064
:105A9400482504005C250400702504008C250400BE
:105AA400A8250400B8250400050214000A0A00020F
:105AB4000000810000000000000000000000000061
:105AC4000000000000000000000000000000594039
:105AD40000000000000000000000000000000000C2
:105AE4000000000000005940000000000000000019
:105AF400FFFFFFFFFFFFFFFF0000000000000000AA
:105B04000000000000000000000000000000000091
:105B1400FFFFFFFFFFFFFFFF000000000000000089
:105B24000000000000000000000000000000000071
:105B3400FFFFFFFFFFFFFFFF000000000000000069
:105B44000000000000000000A03B00200090D003F3
:105B54000000000000000000FFFFFFFFFFFFFFFF49
:105B64000000000000000000000000000000000031
:105B7400001001401100040000000000002000405B
:105B8400000000000020004000000000643B04000E
:105B940000000000FF000000FF000000AC4A040009
:105BA400B44A0400BC4A0400C44A0400CC4A0400B9
:105BB400CC4A0400B44A0400C44A0400AC4A0400B9
:105BC400BC4A040000000000545004005C5004006F
:105BD400645004006C500400745004007C500400B1
:105BE400845004008C500400945004009C50040021
:105BF400A4500400AC500400B4500400804C0020B5
:105C0400844C0020884C0020A0570400A0570400B6
:0C5C1400A0570400A0570400A057040093
:04000003200062195E
:00000001FF
