:10000000000001203D010000DD000000DF000000D5
:10001000E1000000E3000000E50000000000000037
:10002000000000000000000000000000E7000000E9
:10003000E900000000000000EB000000ED000000FF
:10004000B11A0000F300000095320000F700000034
:10005000F9000000FB000000FD000000FF000000B0
:10006000010100000301000005010000070100007C
:10007000090100000B0100000D0100000F0100004C
:10008000110100009D3F0000150100001701000054
:10009000DD3F00001B0100001D0100001F010000EA
:1000A00021010000230100002501000027010000BC
:1000B000290100002B010000EF000000EF0000000C
:1000C0002D0100002F01000031010000330100006C
:0C00D0003501000037010000390100007C
:1000DC00FEE7FEE7FEE7FEE7FEE7FEE7FEE7FEE7EC
:1000EC00FEE7FEE7FEE7FEE7FEE7FEE7FEE7FEE7DC
:1000FC00FEE7FEE7FEE7FEE7FEE7FEE7FEE7FEE7CC
:10010C00FEE7FEE7FEE7FEE7FEE7FEE7FEE7FEE7BB
:10011C00FEE7FEE7FEE7FEE7FEE7FEE7FEE7FEE7AB
:10012C00FEE7FEE7FEE7FEE7FEE7FEE7FEE700BFC1
:10013C000F484FF00701884385460E4880470E480C
:10014C00016841F470010160BFF34F8FBFF36F8FF3
:10015C0000F01AB809480A490A4A884207D0521ACC
:10016C0005D0037801300B700131013AF9D1704799
:10017C00000001207512000088ED00E080DC00001A
:10018C0000000020940000203A493B480A1A02D093
:10019C00072291438D46394939480A1A06D007225D
:1001AC00914381F30988022282F314883548364939
:1001BC00364A00F041F836483649374A00F03CF8E8
:1001CC0036483749374A00F037F837483749384A04
:1001DC0000F032F837483849384A00F02DF83848E2
:1001EC003849394A00F028F838483949394A00F07A
:1001FC0023F839483949002200F036F83848394993
:10020C00002200F031F838483849091A0DF0FEFA8E
:10021C00374A904725482649884205D00268043061
:10022C0003B4904703BCF7E700208646EC46002059
:10023C000021304A9047FEE7884214D0521A12D05F
:10024C0003460B4313430324234206D103680430B3
:10025C000B600431043AF9D17047037801300B700C
:10026C000131013AF9D17047884202D00270013055
:10027C00FAE770470000012000F800200000012080
:10028C00000001207000010094000020B00100204B
:10029C000403000004030000DEDB0000700001001A
:1002AC00940000209400002014DD000014DD0000F8
:1002BC0014DD000014DD000014DD000014DD00006E
:1002CC0014DD000014DD00006D0001008C01010044
:1002DC00B0010020B0010020B00100201C0E002055
:1002EC001C0E0020200E0020200E002020100020CC
:0802FC0061010000C90E0000C1
:1003040082B00190019B9B6893F83D31C3F3400395
:10031400DBB2002B14BF01230023DBB2184602B06A
:100324007047000030B58DB0124B02AC1D460FCDA6
:100334000FC495E80F0084E80F00052302930B23F4
:10034400039300238DF81C3002A903230093012397
:100354000122094808F036FE0B900B9B0A930A9B76
:10036400002B04D0054A67210A9803F00BF800BF5C
:100374000DB030BDB0DD00009CE3000060DD000086
:1003840000B583B0084808F05BFE0190019B009320
:10039400009B002B04D0054A6E21009802F0F2FF66
:1003A40000BF03B05DF804FB9CE3000060DD0000C7
:1003B40008B5024808F090FE00BF08BD9CE30000A9
:1003C40000B587B0059004910392039B0193049BAD
:1003D4000093039B044A0221059808F0E5FE00BF40
:1003E40007B05DF804FB00BFD0DD000000B585B0A8
:1003F40003900291029B0093029B044A02210398FA
:1004040008F0D2FE00BF05B05DF804FB04DE000076
:1004140000B58DB00790069105920493069B9BB29C
:10042400ADF82030059B9BB2ADF82230049B0993B4
:100434000E9B03339B080A930E9B0293049B019328
:10044400059B0093069B0D4A0021079808F0ACFE1B
:1004540008AB1946002005F095FD0B900B9B002B73
:1004640008D0074A0B9B52F82330064A022107980A
:1004740008F09AFE00BF0DB05DF804FB38DE000002
:10048400C400002084DE000000B58DB0019000910E
:1004940008AB00221A605A609A6006AB00221A6008
:1004A4005A6006AB08AA47F210014FF2100005F09B
:1004B40000FE0346002B1FD14FF21003ADF80C30A1
:1004C40047F21003ADF80E30009B04930623059306
:1004D40003AA08AB1146184605F063FD0B900B9B6D
:1004E400002B0ED0094A0B9B52F82330084A0221F4
:1004F400019808F059FE04E0064A0221019808F028
:1005040053FE00BF0DB05DF804FB00BFC400002023
:10051400B0DE0000DCDE000000B58DB00590049173
:10052400039209AB00221A605A6006AB00221A60DB
:100534005A609A60039B0093049B184A0021059813
:1005440008F032FE049B98B2039B99B209AB06AA49
:1005540005F0AFFD0346002B18D106AB184605F095
:1005640035FD0B900B9B002B09D00D4A0B9B52F8C9
:1005740023300C4A0221059808F016FE0BE0069B76
:10058400094A0021059808F00FFE04E0074A0221F9
:10059400059808F009FE0DB05DF804FB04DF0000C7
:1005A400C400002030DF00005CDF000070DF0000CA
:1005B40000B587B003AB00221A605A606B46002274
:1005C4001A605A609A6003AA6B461146184605F0F1
:1005D40061FD0346002B0BD16B46184605F0F6FC73
:1005E4000590059B002B01D0002302E0012300E0CD
:1005F4000023184607B05DF804FB000000B585B081
:100604000390029101920398FFF77AFE0346002BB0
:1006140005D000220021039808F0F6FE0FE0029BAB
:10062400022B04D008490398FFF7E0FE07E0019B82
:1006340004331B68044A19460398FFF7C1FE00BF40
:1006440005B05DF804FB00BF8CDF000000B593B07B
:100654000790069105920CAB00221A605A609A60CA
:100664000AAB00221A605A605BE008AB00221A60F1
:100674005A6008AA0CAB1146184605F0EDFB119020
:10068400119B0D2B09D0119B0D2B12D8119B002B04
:1006940019D0119B0A2B06D00BE02A4A0221079895
:1006A40008F082FD3DE0284A0221079808F07CFD0D
:1006B40037E0264A119B52F82330254A0221079835
:1006C40008F072FD2DE000BF099B1093109B1B7D69
:1006D400002B01D01F4800E01F48109B5B7D002BBE
:1006E40001D01C4B00E01C4B109A12681099043185
:1006F4000291019200930346184A0021079808F0DA
:1007040053FD0CAB184605F0F5FB1190119B0F93AC
:100714000F9B002B05D0124A4FF4A1710F9802F0E1
:1007240031FE0AAB0CAA47F210014FF2100005F09B
:10073400C0FC0346002B98D000BF00BF13B05DF887
:1007440004FB00BF94DF000070DF0000C400002041
:10075400B0DF0000D0DF0000D4DF0000D8DF0000ED
:1007640060DD000000B593B00790069105920DABD3
:1007740000221A605A600AAB00221A605A609A601A
:10078400344A0021079808F00FFD54E008AB00221A
:100794001A605A6008AA0AAB1146184605F05CFBB9
:1007A4001190119B0D2B09D0119B0D2B12D8119B6D
:1007B400002B19D0119B0A2B06D00BE0264A0221EC
:1007C400079808F0F1FC36E0244A0221079808F063
:1007D400EBFC30E0224A119B52F82330214A0221DB
:1007E400079808F0E1FC26E000BF089B5B889B00AB
:1007F4001093089B9A68089B9B881946089B1B8842
:100804001846109B0293019000911346164A00214A
:10081400079808F0C9FC0AAB184605F06BFB119069
:10082400119B0F930F9B002B05D0104A4FF4BE7100
:100834000F9802F0A7FD0DAA0AAB1146184605F061
:1008440029FC03460A2BA1D100BF00BF13B05DF8F9
:1008540004FB00BF14E0000094DF000070DF000020
:10086400C4000020B0DF000038E0000060DD0000BC
:1008740000B589B00590049103920598FFF740FDF7
:100884000346002B05D000220021059808F0BCFD8A
:1008940049E0049B042B04D025490598FFF7A6FDE5
:1008A40041E0039B04331B681022002118460CF01E
:1008B400D3FD0346ADF81E30039B08331B6810229A
:1008C400002118460CF0C8FD0346ADF81C30039B0C
:1008D4000C331B6818460CF0D9FF0346FF2B07D8CE
:1008E400039B0C331B6818460CF0D0FF034601E051
:1008F4004FF4807306934FF4807200210D480DF07D
:1009040091F8039B0C331B68069A194609480DF0AD
:1009140057F8BDF81E10BDF81C20069B0093054B2C
:100924000598FFF775FD00BF09B05DF804FB00BF33
:1009340060E000006C05002000B58BB007900691C4
:1009440005920798FFF7DCFC0346002B05D0002234
:100954000021079808F058FD6DE0069B052B04D094
:1009640037490798FFF742FD65E0059B04331B6890
:10097400344918460CF0D8FF0346002B0CBF012362
:100984000023DAB2304B1A75059B08331B682D49D6
:1009940018460CF0C9FF0346002B0CBF01230023AB
:1009A400DAB2294B5A75059B0C331B680A220021C5
:1009B40018460CF051FD03461A46234B1A60059B5A
:1009C40010331B6818460CF061FF03460F2B08D840
:1009D400059B10331B6818460CF058FF03469BB266
:1009E40000E01023ADF82630059B10331B68BDF8DA
:1009F4002620194615480CF0E3FF134B1B7D002BF2
:100A040001D0104900E012490F4B5B7D002B01D04F
:100A14000C4B00E00E4B0C4A12680C4802900192F9
:100A240000930B460B4A0021079808F0BDFB0649CA
:100A34000798FFF729FD00BF0BB05DF804FB00BF6A
:100A440068E00000D0DF00006C0600207006002083
:100A5400D4DF000070E0000000B587B0039002917D
:100A640001920398FFF74CFC0346002B05D00022AB
:100A74000021039808F0C8FC20E0029B022B04D854
:100A840010490398FFF7B2FC18E0019B04331B687C
:100A94001022002118460CF0DFFC03460593019B4D
:100AA40008331B681022002118460CF0D5FC0346BD
:100AB4000493049A05990398FFF72EFD00BF07B02D
:100AC4005DF804FBB4E0000000B585B0039002912A
:100AD40001920398FFF714FC0346002B05D0002273
:100AE4000021039808F090FC09E0029B012B04D03C
:100AF40005490398FFF77AFC01E000F039F900BFDB
:100B040005B05DF804FB00BFBCE0000070B592B016
:100B14000990089107920998FFF7F2FB0346002B0E
:100B240005D000220021099808F06EFC3AE00BABD6
:100B340000221A605A609A60DA601A820BAB184677
:100B440005F0CEFA1190119B1093109B002B05D049
:100B5400164A40F2F511109802F014FCBDF82C303E
:100B64001E46BDF830301A46BDF832301344BDF885
:100B740030201146BDF832201046BDF83820144606
:100B8400BDF83A201546BDF83A2092000592049526
:100B940003940290019100933346054A0021099879
:100BA40008F002FB00BF12B070BD00BF60DD0000A2
:100BB400C8E0000000B587B003900291019205F0EF
:100BC40039FA0590059B002B09D0074A059B52F87A
:100BD4002330064A0221039808F0E6FA00E000BF39
:100BE40000BF07B05DF804FBC400002048E100002A
:100BF4004FF08043D3F818341B0C03F00103002B8F
:100C040014BF01230023DBB21846704700B583B03C
:100C140001904E4B5B68022B14D94C4B1B881B0470
:100C240043F00300019B1B781A46494B53F82230CA
:100C34001946019B5B68474A52F823300A464649E5
:100C44000BF067FD019B1B78032B40D0032B73DC57
:100C5400002B02D0012B08D06EE0019B5B68002BB7
:100C64006CD13E4B01221A7068E0019B5B68002B3B
:100C740066D1364B5B68022B0AD9344B1B881B04A4
:100C840043F00300019B9B681A4635490BF030FD85
:100C94002E4B5B68022B0AD92C4B1B881B0443F098
:100CA4000300019B9B891A462E490BF021FD274B1B
:100CB4005B68022B44D9254B1B881B0443F00300BB
:100CC400019BDB891A4628490BF012FD38E0019B91
:100CD4005B68002B2CD11D4B5B68022B0AD91B4B84
:100CE4001B881B0443F00300019B9B681A461C49A4
:100CF4000BF0FEFC154B5B68022B0AD9134B1B88C7
:100D04001B0443F00300019B9B891A4615490BF011
:100D1400EFFC0E4B5B68022B0AD90C4B1B881B049F
:100D240043F00300019BDB891A460F490BF0E0FCFA
:100D34000E4B00225A7004E000BF02E000BF00E046
:100D440000BF00BF03B05DF804FB00BF4C000020EF
:100D540004010020C40000205CE600008606002098
:100D64007CE6000090E60000A0E600008406002077
:100D7400024B01221A7000BF704700BF8406002096
:100D840008B51A4B1B781A46184B5B7883F001039D
:100D9400DBB21340002B26D0154B5B68022B08D91D
:100DA400134B1B881B0443F00303124918460BF032
:100DB40091FCFFF7FDFB03461A460C4B1A700B4BD4
:100DC4001B7883F00103DBB2002B0CD0084B5B686B
:100DD400022B08D9064B1B881B0443F00303064966
:100DE40018460BF077FC00BF08BD00BF8406002046
:100DF4004C000020B4E60000CCE6000000B583B04F
:100E040000F08EFD0190019B0093009B002B04D009
:100E14000A4ADB21009802F0B5FA002000F0D2FD66
:100E240000BFFFF7E5FE034683F00103DBB2002BAE
:100E3400F7D100BF00BF03B05DF804FBF0E600008B
:100E440000B583B003F0CEF80190019B0093009BA2
:100E5400002B04D0044AE921009802F093FA00BF61
:100E640003B05DF804FB00BFF0E6000000B583B0FA
:100E740000200BF0E5F80190019B0093009B002BF0
:100E840004D0044AF121009802F07CFA00BF03B0B8
:100E94005DF804FBF0E6000020BF00BF00BF704710
:100EA40008B501E0FFF7F8FF054B1B78DBB283F0D0
:100EB4000103DBB2002BF5D100BF00BF08BD00BFAA
:100EC4008606002000B595B0FFF798FFFFF7B8FF3E
:100ED400FFF7CCFFFFF726FAA34B5B68022B08D978
:100EE400A14B1B881B0443F00303A04918460BF0D5
:100EF400F1FB9F4804F0B2FE9B4B5B68022B08D9C0
:100F0400994B1B881B0443F003039A4918460BF0C2
:100F1400E1FB04F011FF1390139B1293129B002B1F
:100F240005D0954A4FF49071129802F02BFAFFF70E
:100F3400B7FF8D4B5B68022B08D98B4B1B881B04B6
:100F440043F003038D4918460BF0C4FB864B5B68E2
:100F5400022B08D9844B1B881B0443F003038849E4
:100F640018460BF0B7FB804B5B68022B08D97E4B0D
:100F74001B881B0443F00303824918460BF0AAFBA9
:100F8400794B5B68022B08D9774B1B881B0443F011
:100F940003037D4918460BF09DFB734B5B68022BE2
:100FA40008D9714B1B881B0443F003037749184687
:100FB4000BF090FB6C4B5B68022B08D96A4B1B88C7
:100FC4001B0443F00303724918460BF083FB664B82
:100FD4005B68022B08D9644B1B881B0443F0030392
:100FE4006C4918460BF076FB5F4B5B68022B08D903
:100FF4005D4B1B881B0443F00303674918460BF041
:1010040069FB594B5B68022B08D9574B1B881B049F
:1010140043F00303614918460BF05CFB524B5B68D9
:10102400022B08D9504B1B881B0443F003035C4973
:1010340018460BF04FFB08AB00221A605A609A6006
:10104400DA601A8208AB184605F04AF81390139B2D
:101054001193119B002B05D0474A4FF49A711198B4
:1010640002F090F9404B5B68022B0AD93E4B1B8877
:101074001B0443F00303BDF824204A4918460BF02F
:1010840037FB394B5B68022B0AD9374B1B881B048F
:1010940043F00303BDF82620434918460BF028FB10
:1010A40005AB00221A605A609A6003AB00221A60F2
:1010B4005A6003AB05AA47F210014FF2100004F086
:1010C400F8FF1390139B002B7AD101AB00221A6016
:1010D4005A6001AA05AB1146184604F0BDFE1390F0
:1010E400139B0F930F9B002B05D0234A40F245110D
:1010F4000F9802F047F9029B182219462B480CF06E
:101104005FFC194B5B68022B0AD9174B1B881B0425
:1011140043F00303254A1268254918460BF0E8FA00
:10112400224B1B680133214A136005AB184604F0B7
:10113400E1FE1390139B0E930E9B002B05D00E4AD9
:1011440040F251110E9802F01DF905AB19491846E9
:1011540004F027FF1390139B0D930D9B002B4DD090
:10116400054A40F2551127E04C00002040E70000FA
:10117400110C000058E70000F0E600006CE70000E6
:1011840080E700009CE70000C0E70000E0E7000003
:10119400F8E7000014E8000030E8000050E8000020
:1011A40070E8000094E80000ACE800001C01002096
:1011B400E4E800002CE900000D9802F0E3F81DE0DB
:1011C400174B5B68022B08D9154B1B881B0443F093
:1011D4000303144918460BF07DFA05AB124918466F
:1011E40004F0D0FE1390139B1093109B002B05D09A
:1011F4000E4A40F25D11109802F0C4F8FFF7C0F8EF
:101204000BF0C2FA034683F00103DBB2002B01D0DA
:10121400FFF742FEFFF7CCF8FFF7B2FDF0E700BF9F
:101224004C00002014E900002CE90000F0E6000066
:10123400BFF34F8F00BF074BDB6803F4E06205493F
:10124400054B1343CB60BFF34F8F00BF00BF00BFFC
:10125400FCE700BF00ED00E00400FA05024B034A7E
:101264001A6000BF704700BF340100200090D00313
:1012740008B500F05DF90346002B06D09B4B1B68B4
:101284001B0A9B4A03F01F03136000F07DF9034619
:10129400002B02D0974B984A1A6000F091F903464C
:1012A400002B06D0954B1B685B0B954A03F0070394
:1012B400136000F0B1F90346002B05D0914BDB68B5
:1012C400904A23F08073D36000F0C2F90346002BE8
:1012D4000ED04FF080430022C3F80C214FF080431E
:1012E4000022C3F810214FF080430022C3F83825B0
:1012F40000F0DAF90346002B02D0834B03221A6074
:1013040000F0EEF90346002B0BD0804B05221A6047
:101314007F4B01221A607F4B00221A607E4B3F22D2
:101324001A6000F0F9F90346002B76D04FF0805391
:101334007A4AD3F80434C2F820354FF08053774A00
:10134400D3F80834C2F824354FF08053734AD3F8E5
:101354000C34C2F828354FF08053704AD3F8103457
:10136400C2F82C354FF080536C4AD3F81434C2F8C9
:1013740030354FF08053694AD3F81834C2F8343505
:101384004FF08053654AD3F81C34C2F840354FF00F
:101394008053624AD3F82034C2F844354FF0805366
:1013A4005E4AD3F82434C2F848354FF080535B4A80
:1013B400D3F82834C2F84C354FF08053574AD3F849
:1013C4002C34C2F850354FF08053544AD3F830349B
:1013D400C2F854354FF08053504AD3F83434C2F82D
:1013E40060354FF080534D4AD3F83834C2F8643531
:1013F4004FF08053494AD3F83C34C2F868354FF073
:101404008053464AD3F84034C2F86C354FF08053C9
:10141400424AD3F84434C2F8703500F099F90346CF
:10142400002B05D03E4B1B683E4A03F04F0313606C
:1014340000F0BAF90346002B0DD04FF08043D3F8E7
:10144400003403F00103002B05D04FF080436FF00C
:101454000102C3F80024344BD3F88830324A43F4F1
:101464007003C2F88830BFF34F8F00BFBFF36F8F94
:1014740000BF4FF01023D3F80032002B05DB4FF0F0
:101484001023D3F80432002B2BDA284B0122C3F8A3
:10149400042500BF254BD3F80034002BFAD04FF0BD
:1014A40010231522C3F8002200BF204BD3F80034C8
:1014B400002BFAD04FF010231522C3F8042200BFEA
:1014C4001A4BD3F80034002BFAD0184B0022C3F87F
:1014D400042500BF154BD3F80034002BFAD0FFF7D6
:1014E400A7FEFFF7BBFE00BF08BD00BF240300102A
:1014F4004035014074C007400DF0ADBA44020010FD
:101504003C050040F0ED00E0A0050040105600400E
:1015140088560040185600401456004000C0004051
:1015240058020010E40E004000ED00E000E001402D
:10153400124B1B68DBB2062B1DD1114B1B6803F049
:101544000F03002B17D10F4B1B6803F0F003302B54
:1015540001D1012310E00B4B1B6803F0F003402B77
:1015640001D1012308E0074B1B6803F0F003502B63
:1015740001D1012300E0002318467047E00F00F07A
:10158400E40F00F0E80F00F00A4B1B68DBB2062BF7
:101594000DD1094B1B6803F00F03002B07D1074B38
:1015A4001B6803F0F003302B01D1012300E000237A
:1015B40018467047E00F00F0E40F00F0E80F00F069
:1015C400124B1B68DBB2062B1DD1114B1B6803F0B9
:1015D4000F03002B17D10F4B1B6803F0F003302BC4
:1015E40001D1012310E00B4B1B6803F0F003402BE7
:1015F40001D1012308E0074B1B6803F0F003502BD3
:1016040001D1012300E0002318467047E00F00F0E9
:10161400E40F00F0E80F00F00A4B1B68DBB2062B66
:101624000DD1094B1B6803F00F03002B07D1074BA7
:101634001B6803F0F003302B01D1012300E00023E9
:1016440018467047E00F00F0E40F00F0E80F00F0D8
:10165400124B1B68DBB2062B1DD1114B1B6803F028
:101664000F03002B17D10F4B1B6803F0F003302B33
:1016740001D1012310E00B4B1B6803F0F003402B56
:1016840001D1012308E0074B1B6803F0F003502B42
:1016940001D1012300E0002318467047E00F00F059
:1016A400E40F00F0E80F00F00A4B1B68DBB2062BD6
:1016B4000DD1094B1B6803F00F03002B07D1074B17
:1016C4001B6803F0F003302B01D1012300E0002359
:1016D40018467047E00F00F0E40F00F0E80F00F048
:1016E4000A4B1B68DBB2062B0DD1094B1B6803F0B8
:1016F4000F03002B07D1074B1B6803F0F003302BBB
:1017040001D1012300E0002318467047E00F00F0E8
:10171400E40F00F0E80F00F00A4B1B68DBB2062B65
:101724000DD1094B1B6803F00F03002B07D1074BA6
:101734001B6803F0F003502B01D1012300E00023C8
:1017440018467047E00F00F0E40F00F0E80F00F0D7
:10175400124B1B68DBB2062B1DD1114B1B6803F027
:101764000F03002B17D10F4B1B6803F0F003302B32
:1017740001D1012310E00B4B1B6803F0F003402B55
:1017840001D1012308E0074B1B6803F0F003502B41
:1017940001D1012300E0002318467047E00F00F058
:1017A400E40F00F0E80F00F0124B1B68DBB2062BCD
:1017B4001DD1114B1B6803F00F03002B17D10F4BE6
:1017C4001B6803F0F003302B01D1012310E00B4B15
:1017D4001B6803F0F003402B01D1012308E0074B01
:1017E4001B6803F0F003502B01D1012300E0002318
:1017F40018467047E00F00F0E40F00F0E80F00F027
:1018040082B001904FF08042019BC2F8043300BFC4
:1018140002B0704782B001904FF08042019BC2F841
:10182400083300BF02B0704782B003468DF807301A
:101834009DF8073003F1804301221A6000BF02B013
:10184400704784B00346ADF80630BDF8063003F1A6
:10185400804300221A60BDF8063003F180431B6800
:101864000393039B00BF04B0704782B00346ADF8F6
:101874000630BDF8063003F180431B68002B14BF0B
:1018840001230023DBB2184602B0704782B003463E
:101894008DF807309DF807304FF0804203F00303C2
:1018A400C2F8183500BF02B07047000082B003468A
:1018B4008DF807300A4A9DF907305B0952F8232056
:1018C4009DF8073003F01F0322FA03F303F001032A
:1018D400002B14BF01230023DBB2184602B070476B
:1018E40000E100E008B50020FFF7E0FF034683F0C5
:1018F4000103DBB2002B03D00721002000F05AF9CA
:1019040000BF08BD08B54FF48270FFF79AFF0220AC
:10191400FFF776FF0820FFF787FF00BF08BD000030
:1019240000B583B0002301930F4B1B78002B02D02A
:101934008523019313E00C4B00229A600A4B00228A
:101944005A60094B00221A61074B0022DA60FFF744
:10195400C9FF0120FFF79AFF034B01221A70019B74
:10196400184603B05DF804FB8806002084B001909B
:101974000091019B1B68039306E0039A009B9A4223
:101984000DD0039B1B680393039B002BF5D1019B94
:101994001A68009B1A60019B009A1A6000E000BF5D
:1019A40004B0704784B00190019B1B680393039BB0
:1019B400002B03D0039B1A68019B1A60039B1846F3
:1019C40004B0704700B583B00190224B1B78002B04
:1019D40003D12149FB2004F02FFC1E4B9B78DBB282
:1019E400002B12D0019B002B03D0019B5B680120CC
:1019F4009847002002F0CAFB164BDB680133154AF6
:101A0400D360002002F0D6FB17E0002002F0BEFBFA
:101A1400019B002B03D001991048FFF7A7FF0D4B42
:101A2400DB68002B01D1FFF76DFF0A4BDB68013344
:101A3400084AD360002002F0BDFB064BDB68002B94
:101A440004D1054940F2171004F0F6FB00BF03B0BF
:101A54005DF804FB8806002040E900009806002099
:101A640000B585B003468DF807309DF80730002B8C
:101A740002D10C4B039301E00B4B03930398FFF744
:101A840091FF0290029B002B06D0029B5B689DF89D
:101A9400072010469847F1E700BF00BF05B05DF886
:101AA40004FB00BF900600209806002008B54FF400
:101AB4008070FFF7DAFE0346002B0CD04FF48070E1
:101AC400FFF7BFFE0120FFF7A5FE0E4B01225A705F
:101AD4000020FFF7C5FF4FF48270FFF7C6FE0346F0
:101AE400002B0CD04FF48270FFF7ABFE0220FFF7FF
:101AF40091FE044B01229A700120FFF7B1FF00BF51
:101B040008BD00BF8806002082B003468DF8073068
:101B14009DF8073003F01F0205499DF907305B0962
:101B2400012000FA02F241F8232000BF02B07047FE
:101B340000E100E082B003468DF807309DF80730DD
:101B440003F01F0206499DF907305B09012000FAE2
:101B540002F2603341F8232000BF02B0704700BF97
:101B640000E100E082B0034600918DF807309DF952
:101B74000730002B0CDA009BDAB20C499DF80730D1
:101B840003F00F03043B5201D2B20B441A7609E06E
:101B9400009BDAB206499DF907305201D2B20B44D8
:101BA40083F8002300BF02B0704700BF00ED00E0DF
:101BB40000E100E000B583B003460A468DF8073023
:101BC40013468DF806309DF80630072B04D90D49CD
:101BD4004FF4927004F030FB9DF806209DF9073015
:101BE40011461846FFF7BEFF9DF907301846FFF768
:101BF400A1FF9DF907301846FFF786FF00BF03B029
:101C04005DF804FB98E9000082B003468DF80730C4
:101C14009DF8073003F01F0206499DF907305B0960
:101C2400012000FA02F2203341F8232000BF02B061
:101C3400704700BF00E100E084B001900B46ADF8AE
:101C44000230BDF80230019A134400221A60BDF834
:101C54000230019A13441B680393039B00BF04B032
:101C6400704782B001900B46ADF80230BDF80230E7
:101C7400019A13441B68002B14BF01230023DBB219
:101C8400184602B0704782B001900091019B009AFF
:101C9400C3F8042300BF02B0704782B001900091E2
:101CA400019BD3F80423009B1340002B14BF012392
:101CB4000023DBB2184602B0704782B00190009155
:101CC400019B009AC3F8082300BF02B0704784B098
:101CD4000190019BD3F880340393019B039AC3F8CA
:101CE4008024039B184604B0704782B00190019B86
:101CF4000422C3F8002500BF02B0704782B00190EF
:101D0400019B0022C3F8002500BF02B0704784B0D5
:101D1400039002910192039B019AC3F81425039B3B
:101D2400029AC3F80C2500BF04B0704700B583B015
:101D340001904FF0FF324FF0FF310198FFF7E7FFBA
:101D440000BF03B05DF804FB82B00190019BD3F89F
:101D54000C35184602B0704782B00190019BD3F84D
:101D64001435184602B0704782B00190019BD3F835
:101D74000835184602B0704782B00190019BD3F831
:101D84001035184602B0704784B003900291019256
:101D9400039B029AC3F80825039B019AC3F81025F4
:101DA40000BF04B0704700B583B001904FF0FF321C
:101DB4004FF0FF310198FFF7E7FF00BF03B05DF874
:101DC40004FB82B00190019BD3F81835DBB21846AE
:101DD40002B0704782B001900B468DF803309DF835
:101DE4000320019BC3F81C2500BF02B0704782B0DA
:101DF40001900B468DF803309DF80330019A13448B
:101E040001221A6000BF02B0704782B001900B46F5
:101E14008DF8033013468DF802309DF803209DF8A9
:101E240002301343DBB21A46019BC3F86C2500BF92
:101E340002B0704782B001900091019B009AC3F8F0
:101E4400242500BF02B0704784B001900B46ADF862
:101E54000230BDF80230019A134400221A60BDF822
:101E64000230019A13441B680393039B00BF04B020
:101E7400704782B001900B46ADF80230BDF80230D5
:101E8400019A13441B68002B14BF01230023DBB207
:101E9400184602B0704782B001900091019BD3F8BC
:101EA4000022009B1A43019BC3F8002200BF02B02A
:101EB400704782B001900091019BD3F80022009BEF
:101EC400DB431A40019BC3F8002200BF02B07047F5
:101ED40082B001900091019B009AC3F8042300BFD3
:101EE40002B0704782B001900091019B009AC3F840
:101EF400082300BF02B0704784B00190019BD3F85F
:101F040080340393019B039AC3F88024039B1846EF
:101F140004B0704782B00190019B0822C3F80025E9
:101F240000BF02B0704782B00190019B0022C3F849
:101F3400002500BF02B0704784B003900291019263
:101F4400039B029AC3F80C25039B019AC3F814253A
:101F540000BF04B0704700B583B001904FF0FF326A
:101F64004FF0FF310198FFF7E7FF00BF03B05DF8C2
:101F740004FB82B00190019BD3F80C35184602B0E3
:101F8400704782B00190019BD3F81435184602B013
:101F9400704782B00190019BD3F80835184602B00F
:101FA400704782B00190019BD3F81035184602B0F7
:101FB400704784B0039002910192039B029AC3F884
:101FC4000825039B019AC3F8102500BF04B070478D
:101FD40000B583B001904FF0FF324FF0FF3101980C
:101FE400FFF7E7FF00BF03B05DF804FB82B0019088
:101FF4000B468DF803309DF80330019A13440122F7
:102004001A6000BF02B0704782B001900B468DF891
:10201400033013468DF802309DF803209DF80230FA
:102024001343DBB21A46019BC3F86C2500BF02B010
:10203400704782B001900091019B009AC3F8242557
:1020440000BF02B0704784B00390029113468DF82C
:102054000730029A039BC3F844259DF80720039B8D
:10206400C3F8482500BF04B0704782B00190019BBB
:10207400D3F84C35184602B0704784B003900291EF
:1020840013468DF80730029A039BC3F834259DF854
:102094000720039BC3F8382500BF04B0704782B003
:1020A4000190019BD3F83C35184602B0704700B547
:1020B40083B003468DF807309DF907301846FFF7C3
:1020C400A3FD00BF03B05DF804FB84B00190019B45
:1020D4001B0B8DF80F309DF90F30184604B0704774
:1020E40082B00190019B03F06043B3F1005F0CBF29
:1020F40001230023DBB2184602B0704700B583B059
:102104000190019B1B681F2B04D905494FF4E8700B
:1021140004F092F84FF0A043184603B05DF804FBB6
:10212400F4E9000000B585B00190084611461A464E
:1021340003468DF803300B468DF8023013468DF8B4
:10214400013001AB1846FFF7D9FF03909DF8032037
:102154009DF802305B001A439DF801309B001A433E
:102164009DF818301B0242EA03019DF81C301B0441
:10217400019A1943039B02F5E07243F8221000BF51
:1021840005B05DF804FB00B585B00390002301930E
:10219400002300930023012201210398FFF7C2FFCB
:1021A40000BF05B05DF804FB00B585B003900B4695
:1021B4008DF80B309DF80B30002201920022009222
:1021C400002200210398FFF7ADFF00BF05B05DF8C2
:1021D40004FB00B585B00390002301930023009312
:1021E4000023012200210398FFF79CFF00BF05B0E4
:1021F4005DF804FB00B585B0019001AB1846FFF70C
:102204007DFF0390019B012202FA03F31946039810
:1022140000F004F800BF05B05DF804FB82B0019043
:102224000091019B009AC3F8082500BF02B07047D3
:1022340000B583B001900091009B1B68B3F1FF3F90
:1022440009D0009B1B681846FFF7D4FF009B1B684E
:102254001846FFF798FF009B5B68B3F1FF3F05D07A
:10226400009B5B6800211846FFF79EFF019B1B79CA
:10227400464A5B0113441C331B78002B41D0019B5D
:102284001A68009B9B6919461046FFF7D2FE019B12
:102294001868009B597D009B1B7D1A46FFF7B4FE0E
:1022A400019B1868009B1968009B5B681A46FFF73E
:1022B40043FE009B1B7D012B64D1009B9B68B3F103
:1022C400FF3F05D0009B9B6800211846FFF76CFF79
:1022D400009BDB68B3F1FF3F09D0009BDB68184625
:1022E400FFF788FF009BDB681846FFF74CFF019B54
:1022F4001868009BD968009B9B681A46FFF759FE33
:1023040040E0019B1A68009B9B6919461046FFF741
:1023140091FD019B1868009B597D009B1B7D1A460B
:10232400FFF773FD019B1868009B1968009B5B68AD
:102334001A46FFF7ECFC009B1B7D012B22D1009B6E
:102344009B68B3F1FF3F05D0009B9B6800211846B2
:10235400FFF72AFF009BDB68B3F1FF3F09D0009B26
:10236400DB681846FFF746FF009BDB681846FFF75B
:102374000AFF019B1868009BD968009B9B681A465A
:10238400FFF702FD00BF03B05DF804FB9C060020CC
:1023940000B583B001900B468DF80330019B1B7987
:1023A4002D4A5B0113441C331B78002B2FD0019B57
:1023B4001B684FF488711846FFF746FD019B1B68A4
:1023C4004FF490711846FFF73FFD019B1B684FF4D3
:1023D40092711846FFF738FD019B1B684FF4A271F8
:1023E4001846FFF731FD019B1B681C491846FFF78F
:1023F4006FFD019B1B681846FFF767FE03461A46EC
:102404009DF8033019461046FFF7D4FB20E0019BEA
:102414001B684FF48E711846FFF70EFC019B1B6876
:102424004FF4A2711846FFF707FC019B1B680C4987
:102434001846FFF728FC019B1B681846FFF745FE6A
:1024440003461A469DF8033019461046FFF7B2FBBF
:1024540000BF03B05DF804FB9C06002010030200DB
:102464008000020000B583B00190019B1B79154ADE
:102474005B0113441C331B78002B0FD0019B1B689A
:1024840011491846FFF72EFD019B1B681846FFF7FC
:102494001CFE03461846FFF70AFE0EE0019B1B686C
:1024A4000A491846FFF709FC019B1B681846FFF709
:1024B4000CFE03461846FFF7FAFD00BF03B05DF8B3
:1024C40004FB00BF9C0600201003020084020200EB
:1024D40000B587B00190019B1B79364A5B01134418
:1024E4001C331B78002B22D0019B1B681846FFF776
:1024F40040FD0590019B1B681846FFF742FD0490C0
:10250400019B1B681846FFF744FD0390019B1B6861
:102514001846FFF746FD0290019B1B681846FFF71B
:102524001AFD019B1B681846FFF752FD21E0019B31
:102534001B681846FFF708FC0590019B1B681846AA
:10254400FFF70AFC0490019B1B681846FFF70CFC7C
:102554000390019B1B681846FFF70EFC0290019B39
:102564001B681846FFF7E2FB019B1B681846FFF740
:102574001AFC059BB3F1FF3F02D00598FFF729FE33
:10258400049BB3F1FF3F02D00498FFF722FE029BA5
:10259400B3F1FF3F02D00298FFF71BFE039BB3F198
:1025A400FF3F02D00398FFF714FE00BF07B05DF8A9
:1025B40004FB00BF9C06002000B583B00190019B82
:1025C4001B790B4A5B0113441C331B78002B05D089
:1025D400019B1B681846FFF79DFC04E0019B1B68E8
:1025E4001846FFF782FB00BF03B05DF804FB00BF91
:1025F4009C06002000B583B00190019B1B790B4A17
:102604005B0113441C331B78002B05D0019B1B6812
:102614001846FFF788FC04E0019B1B681846FFF787
:102624006DFB00BF03B05DF804FB00BF9C060020F7
:1026340000B587B0039002910192029B002B04D154
:1026440022494FF4887003F0F7FD039B1B795B016B
:102654001F4A1344059300230493059BDB7E002B40
:1026640003D008230493049B2BE0029B5A7F059B11
:102674001A7702990398FFF7DBFD059B019A5A60CC
:10268400029B1A69059B1A60059B5B68002B05D0A9
:10269400029B1B7F19460398FFF77AFE0398FFF706
:1026A4008BFF059B0022DA75059B00221A76059B99
:1026B40000229A75059B0122DA76059B00229A7600
:1026C400049B184607B05DF804FB00BF34EA000021
:1026D4009C06002000B585B00190019B1B795B012D
:1026E4000C4A134403930198FFF784FF039B5B6830
:1026F400002B02D00198FFF7B5FE0198FFF7E8FE22
:10270400039B0022DA76039B00225A6000BF05B0C7
:102714005DF804FB9C06002000B585B00190009193
:102724004FF48E710198FFF787FA009B9B68009A1B
:10273400928A92B213441B788DF80F30009B9B8AC7
:102744009BB201339AB2009B9A829DF80F301946CE
:102754000198FFF73FFB00BF05B05DF804FB0000E4
:1027640000B585B00190019B1B795B01344A134489
:10277400029300230393019B1B684FF48E71184648
:10278400FFF75AFA019B1B6808211846FFF72FFB35
:10279400019B1B6802991846FFF7BEFF029B5B680A
:1027A400002B47D11FE000BF019B1B684FF48E71C3
:1027B4001846FFF756FA034683F00103DBB2002BF9
:1027C40005D0029B9B8A9BB2B3F5807FECD1029B20
:1027D4009B8A9BB2B3F5807F05D0019B1B6802994D
:1027E4001846FFF799FF029B9B8A9BB2029A927D3F
:1027F4009342D8D3029B9B8A9BB2B3F5807F02D1CC
:102804000F23039313E000BF019B1B684FF48E71E9
:102814001846FFF726FA034683F00103DBB2002BC8
:10282400F2D1019B1B680C211846FFF7E0FA029BCA
:1028340000229A75039B184605B05DF804FB00BF9F
:102844009C06002000B587B00190019B1B795B01B9
:102854002A4A1344049300230593019B1B684FF4F5
:1028640090711846FFF7F0FA019B1B684FF4AC71A6
:102874001846FFF7E9FA019B1868049B9968049BC2
:102884009B7D1A46FFF7DFFB019B1B680821184656
:10289400FFF7ACFB049B5B68002B2AD1019B1B68F0
:1028A4004FF490711846FFF7E4FA03468DF80F30A1
:1028B400019B1B684FF4AC711846FFF7DAFA034624
:1028C4008DF80E309DF80F3083F00103DBB2002B3E
:1028D40006D09DF80E3083F00103DBB2002BDDD16E
:1028E4009DF80E30002B01D00F230593049B00228A
:1028F4009A75059B184607B05DF804FB9C060020FA
:1029040000B587B00390029113468DF80730039BFE
:102914001B795B012E4A13440493049BDB7E012B39
:1029240004D02C494FF4CC7003F086FC9DF807309A
:10293400002B04D1274940F2991003F07DFC029B3F
:10294400002B04D123494FF4CD7003F075FC039B95
:102954001B791F4A5B0113441C331B78002B0CD0DA
:102964000298FFF7BDFB034683F00103DBB2002BA3
:1029740003D010230593059B25E0039800F02CF861
:102984000346002B03D011230593059B1BE0049BF6
:102994009DF807209A75049B029A9A60049B002272
:1029A4009A82039B1B790A4A5B0113441C331B78EC
:1029B400002B04D00398FFF745FF034603E0039878
:1029C400FFF7CEFE0346184607B05DF804FB00BFD0
:1029D4009C06002034EA000082B00190019B1B7920
:1029E400064A5B01134416331B78002B14BF0123E2
:1029F4000023DBB2184602B0704700BF9C060020DB
:102A040000B583B00190019B1B684FF49271184686
:102A1400FFF712F9019B1B684FF484711846FFF706
:102A24000BF9019B1B6800211846FFF7E0F900BF72
:102A340003B05DF804FB10B582B001900091009BD7
:102A4400DB7D002B08D14FF484710198FFF7F4F873
:102A54000198FFF7B6F916E04FF484710198FFF777
:102A6400EBF8009BDB68009A527ED2B29C18019866
:102A7400FFF7A7F903462370009B5B7EDBB20133AB
:102A8400DAB2009B5A7602B010BD000000B589B0DE
:102A94000390029111461A460B468DF807301346EF
:102AA4008DF80630039B1B795B014D4A1344079351
:102AB400079B9B7E83F00103DBB2002B09D09DF8BA
:102AC400063083F00103DBB2002B02D00398FFF73A
:102AD40097FF079B5B68002B73D1039B1B684FF424
:102AE400A2711846FFF7A8F8039B1B684FF4927174
:102AF4001846FFF7B6F803468DF81B30039B1B6896
:102B04004FF484711846FFF7ACF803468DF81A3079
:102B1400039B1B684FF4A2711846FFF7A2F8034603
:102B24008DF819309DF81A3083F00103DBB2002BC5
:102B34000DD09DF8193083F00103DBB2002B06D0D1
:102B44009DF81B3083F00103DBB2002BCCD19DF840
:102B54001B30002B10D19DF81930002B0CD1039B96
:102B64001B6807991846FFF766FF079BDA7D079BEA
:102B74005B7EDBB29A42B7D8079B0022DA759DF8D8
:102B84001B30002B03D003230593059B23E09DF802
:102B94001930002B03D00F230593059B1BE0079BE3
:102BA4009B7E002B06D0039B1B6800211846FFF771
:102BB4001EF90DE0039B1B6804211846FFF717F963
:102BC40006E0039B1B684FF401711846FFF75BF89E
:102BD40000230593059B184609B05DF804FB00BF6C
:102BE4009C06002000B587B00390029111461A4656
:102BF4000B468DF8073013468DF8063000230593F5
:102C0400039B1B684FF488711846FFF71DF9039B5B
:102C14001B684FF4A2711846FFF716F9039B1B6853
:102C24009DF8072002991846FFF727FA9DF8063009
:102C340083F00103DBB2002B06D0039B1B68002149
:102C44001846FFF7D3F905E0039B1B6820211846BB
:102C5400FFF721F9039B1B792D4A5B0113440433CD
:102C64001B68002B47D1039B1B684FF488711846DF
:102C7400FFF7FFF803468DF81330039B1B684FF4EE
:102C8400A2711846FFF7F5F803468DF81230039B3E
:102C94001B684FF492711846FFF7EBF803468DF862
:102CA40011309DF8133083F00103DBB2002B0DD0FB
:102CB4009DF8123083F00103DBB2002B06D09DF89F
:102CC400113083F00103DBB2002BCCD1039B1B79C1
:102CD4000F4A5B011344173300221A709DF8113018
:102CE400002B01D0032305939DF81230002B09D04B
:102CF4000F23059306E0039B1B684FF404711846E9
:102D0400FFF7E6F8059B184607B05DF804FB00BF23
:102D14009C06002000B589B00390029113468DF8FB
:102D24000730039B1B795B015A4A13440593039BA9
:102D34001B79584A5B0113441B331B78012B04D0C5
:102D440055494FF4167003F077FA9DF80730002BBD
:102D540004D1514940F2592003F06EFA039B1B79C8
:102D64004C4A5B0113441C331B78002B0CD0029893
:102D7400FFF7B6F9034683F00103DBB2002B03D05F
:102D840010230793079B81E000238DF81B30059BDC
:102D94005B68002B17D0039B1B793E4A5B011344ED
:102DA4001C331B78002B07D0039B1B684FF4047162
:102DB4001846FFF797F806E0039B1B684FF4017170
:102DC4001846FEF77AFF059BDB7D002B26D0059B7A
:102DD4001B7E002B1FD0059B5B68002B17D0039B29
:102DE4001B792C4A5B0113441C331B78002B07D03E
:102DF400039B1B684FF404711846FFF769F806E05B
:102E0400039B1B684FF401711846FEF73CFF112326
:102E14000793079B3AE001238DF81B309DF81B3084
:102E240083F00103DBB2002B0DD0059B9DF8072036
:102E3400DA75059B029ADA60059B00225A76059B97
:102E440000221A7606E0059B029A1A61059B9DF8FA
:102E540007201A76039B1B790E4A5B0113441C332B
:102E64001B78002B09D09DF81B309DF80720029990
:102E74000398FFF7B7FE034608E09DF81B309DF862
:102E8400072002990398FFF701FE0346184609B08C
:102E94005DF804FB9C06002034EA000000B589B00C
:102EA40003900B4601928DF80B3001238DF81030FE
:102EB4009DF80B308DF81830019B0593039B5B68DC
:102EC400039A116804AA1046984700BF09B05DF838
:102ED40004FB00B587B001900B468DF80330002346
:102EE4008DF808309DF803308DF81030019B9B68F5
:102EF4000393019B00229A75019B5B68019A1168F8
:102F040002AA1046984700BF07B05DF804FB000012
:102F140000B583B00190019B1B790F4A5B011344F8
:102F24001C331B78002B06D0019B1B680421184618
:102F3400FFF75CF80CE0019B1B684FF40171184625
:102F4400FEF7BBFE019B1B6804211846FEF74FFFEA
:102F540000BF03B05DF804FB9C06002000B589B0F7
:102F6400019000914FF400710198FEF796FE03461C
:102F7400002B39D04FF492710198FEF772FE03468C
:102F8400002B31D04FF492710198FEF755FE4FF4A7
:102F940001710198FEF791FE009B9B7E83F0010373
:102FA400DBB2002B03D004210198FEF720FF02239B
:102FB4008DF808300198FEF78AFE03460593009BBE
:102FC400DB7D8DF81030009BDB680393009B0022AF
:102FD400DA75009B00221A76009B5B68009A1168E0
:102FE40002AA1046984756E004210198FEF755FEC0
:102FF4000346002B4FD04FF484710198FEF731FE45
:103004000346002B47D000990198FFF714FD009B5D
:10301400DA7D009B5B7EDBB29A423CD1009B1B7E37
:10302400002B1CD0009BDB680793009B5B7E8DF814
:103034001B30009B1A7E009BDA75009B1A69009B6B
:10304400DA60009B00221A76009B00225A769DF8D3
:103054001B30079A19460098FFF720FF1BE0009BDE
:103064009B7E83F00103DBB2002B03D00421019883
:10307400FEF7BDFE4FF401710198FEF71EFE009BA2
:103084000022DA75009B5B7ED9B2009BDB681A468E
:103094000098FFF703FF4FF48E710198FEF7E1FDEE
:1030A4000346002B1AD0009B9B8A9BB2009A927D08
:1030B400934204D200990198FFF72EFB0EE04FF4DF
:1030C4008E710198FEF7B8FD009B9B7D002B05D007
:1030D400009B9B7D19460098FFF7FBFE4FF4A271FD
:1030E4000198FEF7BEFD0346002B1CD04FF4A271DD
:1030F4000198FEF7A1FD009B9B7E002B03D00021CD
:103104000198FEF774FE009BDB7D002B0BD0009B27
:103114000022DA75009B5B7ED9B2009BDB681A46FD
:103124000098FFF7BBFE00BF09B05DF804FB00B5D3
:1031340089B0019000914FF492710198FEF799FEC5
:103144000346002B24D04FF492710198FEF77CFEC5
:1031540002238DF808300198FEF7CEFE034605934E
:103164000198FEF79CFF0346DBB28DF81030009BFC
:10317400DB680393009B0022DA75009B00221A7619
:10318400009B5B68009A116802AA1046984741E0C8
:103194004FF488710198FEF76CFE0346002B39D07A
:1031A4004FF488710198FEF74FFE0198FEF777FF00
:1031B40003468DF81F30009BDB7D9DF81F209A424B
:1031C40028D1009B1B7E002B19D0009BDB68069343
:1031D40020210198FEF76DFE009B1A7E009BDA7594
:1031E400009B1A69009BDA60009B00221A769DF806
:1031F4001F30069A19460098FFF750FE0AE0009B1C
:103204000022DA75009BDA689DF81F301946009891
:10321400FFF744FE4FF4A2710198FEF72AFE03461D
:10322400002B16D04FF4A2710198FEF70DFE009BFF
:10323400DB7D002B0DD0009B0022DA750198FEF790
:103244002EFF0346D9B2009BDB681A460098FFF7AD
:1032540025FE4FF490710198FEF70BFE0346002BF8
:1032640011D04FF490710198FEF7EEFD009B9B7D09
:10327400002B08D00198FEF7F8FE0346DBB219468E
:103284000098FFF726FE00BF09B05DF804FB0000BC
:1032940008B5074B1B7F002B04D005490548FFF7F1
:1032A40046FF03E002490348FFF758FE00BF08BD8C
:1032B4009C0600200020004000BF044BD3F80034DB
:1032C400002BFAD000BF00BF704700BF00E00140F0
:1032D40000B583B001900F4B0222C3F80425BFF35D
:1032E4006F8F00BFBFF34F8F00BF0A4A019BC2F824
:1032F4000835FFF7E1FF074B0022C3F80425BFF3AD
:103304006F8F00BFBFF34F8F00BF00BF03B05DF8E6
:1033140004FB00BF00E0014000B587B003900291B8
:103324000192174B0122C3F80425BFF36F8F00BF2E
:10333400BFF34F8F00BF002305930EE0059B9B0056
:10334400029A1344059A9100039A0A441B68136075
:10335400FFF7B2FF059B01330593059A019B9A423F
:10336400ECD3074B0022C3F80425BFF36F8F00BFD3
:10337400BFF34F8F00BF00BF07B05DF804FB00BF71
:1033840000E0014000B589B0039002910192029BD4
:103394009BB2ADF81430019B0693039B079305ABD6
:1033A4001A46002144F2010000F052F800BF09B0AF
:1033B4005DF804FB86B003900291019201238DF81D
:1033C40017309DF81730214A039B13601F4A029B54
:1033D40053601E4A019B9360039B44F20102934293
:1033E40013D0039B44F20202934222D1019B174A59
:1033F400D360164BDB681B881A46144B9A61134B37
:10340400DB685B68114AD36113E0019B0F4A1361C7
:103414000E4B1B699B680D4A53610C4B1B691B883F
:103424001A460A4B9A61094B1B695B68074AD361C8
:1034340000BF72B600BF00BF9DF81730DBB2002B8F
:10344400FAD162B600BF00BF06B07047BC060020C8
:1034540030B589B005900491039209F005FC09F098
:1034640093F90346002BFAD1059B44F201029342DF
:1034740018D0059B44F20202934235D1039B079373
:103484002B4B5B68002B3ED0294B1B881B0443F05D
:103494000100079B5B681A46079B1B88254909F0B6
:1034A40038F930E0039B0693214B5B68002B2CD04A
:1034B4001F4B1B881B0443F00104069B9D68069B5D
:1034C4009B68184608F0E8FC03461946069B5B68AF
:1034D4001A46069B1B88019300920B462A461649FE
:1034E400204609F02AF910E0114B5B68002B0ED03E
:1034F4000F4B1B881B0443F00103049A0F49184621
:1035040009F0F6F803E000BF02E000BF00E000BFEE
:103514000B4B1B6803F00103002B00D0FFDE039A62
:1035240004990598FFF746FF00BF09B030BD00BFFE
:103534004C0000208CEA0000A8EA0000C0EA000069
:10354400F0ED00E082B003468DF807309DF80730B7
:1035540003F01F0205499DF907305B09012000FAB9
:1035640002F241F8232000BF02B0704700E100E0FE
:1035740082B003468DF807309DF8073003F01F0230
:1035840006499DF907305B09012000FA02F2203355
:1035940041F8232000BF02B0704700BF00E100E003
:1035A40082B003468DF807309DF8073003F01F0200
:1035B40006499DF907305B09012000FA02F2403305
:1035C40041F8232000BF02B0704700BF00E100E0D3
:1035D40082B003468DF807309DF8073003F01F02D0
:1035E40006499DF907305B09012000FA02F26033B5
:1035F40041F8232000BF02B0704700BF00E100E0A3
:1036040082B0034600918DF807309DF90730002BF6
:103614000CDA009BDAB20C499DF8073003F00F0373
:10362400043B5201D2B20B441A7609E0009BDAB291
:1036340006499DF907305201D2B20B4483F80023A6
:1036440000BF02B0704700BF00ED00E000E100E001
:1036540084B00190244B0393019B002B40D0234B57
:103664001A680399019B00BF00BF00BF00BF00BFE1
:1036740000BF00BF00BF8A422FD000BF00BF00BF01
:1036840000BF00BF00BF00BF00BF00BF00BF00BF3E
:1036940000BF00BF00BF00BF00BF00BF00BF00BF2E
:1036A40000BF00BF00BF00BF00BF00BF00BF00BF1E
:1036B40000BF00BF00BF00BF00BF00BF00BF00BF0E
:1036C40000BF00BF00BF00BF00BF00BF00BF00BFFE
:1036D40000BF00BF00BF00BF00BF013BC3D10193C7
:1036E40000BF04B0704700BF0024F4003401002080
:1036F40000B583B00190064A019BC2F80835072142
:103704001120FFF77DFF00BF03B05DF804FB00BF8D
:103714000010014008B50D4B4FF48032C3F8442328
:103724000A4B4FF48032C3F804231120FFF750FFF3
:103734001120FFF707FF054B01221A602F20FFF726
:1037440087FF034B01221A7000BF08BD001001401F
:10375400FA07002008B51120FFF70AFF0E4B4FF4BB
:103764008032C3F848230C4B4FF48032C3F808234B
:10377400094B01225A602F20FFF76AFF064B0122F2
:103784009A60064B00221A602F20FFF761FF044B5A
:1037940000221A7000BF08BD00100140EC07002091
:1037A400FA070020024BD3F804351846704700BFCF
:1037B4000010014082B001900091019A009BD31A3D
:1037C40023F07F43184602B07047000082B0019096
:1037D400034A019BC2F8403500BF02B0704700BFE6
:1037E4000010014086B00190284B1B68002B03D1C8
:1037F400264A019B136045E0019B1A68234B1B6812
:103804001B689A4210D8214B1B681968019B1A68DF
:103814001E4B1B688A1A1A601C4B1A68019BDA61DA
:103824001A4A019B13602DE0019B1B680393174BFD
:103834001B680593154B1B68049309E0049B1B68E4
:10384400039AD31A0393049B0593049BDB690493A3
:10385400049B002B04D0049B1B68039A9A42EDD866
:10386400049B002B05D0049B1A68039BD21A049B6B
:103874001A60019B039A1A60019B049ADA61059B02
:10388400019ADA6100BF06B0704700BFE807002064
:1038940000B587B001902A4B1B680393284B1B6823
:1038A4000593059B049308E0049A019B9A4208D06F
:1038B400049B0593049BDB690493049B002BF3D1C5
:1038C40000E000BF049B002B01D1002333E0059AE4
:1038D400049B9A4214D11A4B1B68DB69184A136083
:1038E400174B1B68002B0BD1164B01229A60164B09
:1038F40000221A60154B01221A702F20FFF7A8FE30
:10390400049B1B680293049BDA69059BDA61059B9F
:10391400DB690493049B002B05D0049B1A68029B6B
:103924001A44049B1A60064B1B68039A9A4214BFFC
:1039340001230023DBB2184607B05DF804FB00BF87
:10394400E807002000100140EC070020FB070020DE
:1039540008B51120FFF724FE00BF08BD08B51420E8
:10396400FFF71EFE00BF08BD00B583B00190019BA8
:103974005B69019A92691046984700BF03B05DF8ED
:1039840004FB000000B585B02B4B1B68002B4ED008
:1039940000230193FFF706FF0246284B1B681946D4
:1039A4001046FFF707FF0290234B1B6803931DE0AB
:1039B400039B1B68029A9A421CD3039B1B68029ABE
:1039C400D31A0293039B1B68019A13440193039B2C
:1039D4000093039BDB690393009B1B7C002B05D0A6
:1039E400009B00221A740098FFF7BEFF039B002B74
:1039F400DED100E000BF124B1A78124B1B789A42BA
:103A04000CD1104B1B780133DAB20E4B1A700D4BEC
:103A14001B78022B02D10B4B00221A70094B1B7826
:103A24001946094A019B42F82130FFF797FF00BF6E
:103A340005B05DF804FB00BFE8070020EC07002098
:103A4400F8070020F9070020F007002082B0019059
:103A5400184B1A78184B1B789A4223D0154B1B78B5
:103A64000133DAB2134B1A70124B1B78022B02D1BA
:103A7400104B00221A700F4B1B781A460F4B53F849
:103A84002220019B1A60019B1A680D4B1B6813448A
:103A94000B4A13600A4B1B6823F07F43084A1360E8
:103AA400012303E0019B00221A600023184602B0A0
:103AB400704700BFF8070020F9070020F007002036
:103AC400EC07002088B00390029101920023079331
:103AD40038E0204B1B680693069B1B68039A9A42A6
:103AE40006D2069B1A68039BD21A069B1A602EE024
:103AF400069B1B68039AD31A0393069B1B68079AB9
:103B040013440793069B00221A60124B1B6805930B
:103B1400069BDB690F4A1360069BDB68002B11D000
:103B2400029A079B134423F07F42069B5A60069B2C
:103B3400DA68069B9A60019B1A68069BDA61019B0E
:103B4400059A1A60034B1B68002BC2D100BF00BF4B
:103B540008B07047E807002000B589B00190002341
:103B64008DF81F30664B1B680593AAE0019B002B60
:103B740005D0019B0693069BDB69019361E0614BD1
:103B84001B781A4613465B001344DB005D4A13445A
:103B9400043304935B4B1B780133DAB2594B1A702C
:103BA400584B1A78574B9B789A4202D1554B0022B6
:103BB4001A70049B5B680693049B1B78032B1ED02E
:103BC400032B7EDC012B1FD0022B7AD1049B5B6874
:103BD4001846FFF75DFE0346002B02D001238DF843
:103BE4001F30069B00221A746BE0454B1B6803933D
:103BF400039B00221A74039BDB69414A1360404B08
:103C04001B68002BF1D15CE000BF069B1B7C002BE2
:103C140000D056E0049B9A68069B5A60049BDA68BD
:103C2400069B9A60049B1A69069BDA60049B5A6996
:103C3400069B9A61344B1B78002B02D0069B002212
:103C44005A60069B5A68314B1B68D31A23F07F4392
:103C54002F4A93420ED8069B5B682C4A1268114681
:103C64001846FFF7A7FD0246069B9B681A44069B6D
:103C74001A6017E0254B1A68069B5B6819461046C4
:103C8400FFF798FD0290069B9B68029A9A4206D21F
:103C9400069B9A68029BD21A069B1A6002E0069B56
:103CA40000221A60069B00225A60069B00229A603A
:103CB400069B01221A74069B0022DA610698FFF71C
:103CC40091FD019B002B7FF451AF0E4B1A780D4BE5
:103CD4005B789A427FF44AAF9DF81F30002B04D1E1
:103CE400074B1B68059A9A4201D0012300E0002388
:103CF40003F00103DBB2184609B05DF804FB00BF12
:103D0400E8070020DC060020FB070020EC07002069
:103D1400FEFF7F0010B588B00190274B1B68002B75
:103D240044D0254B1B681B680793FFF73BFD0690A7
:103D3400224B1B68059305990698FFF73BFD034644
:103D4400033304931E4B1B7883F00103DBB2002B77
:103D540001D0FFF7DFFC049A079B934238BF134658
:103D6400059A13440593059B23F07F430593059817
:103D7400FFF72CFDFFF716FD039006990398FFF754
:103D840019FD0346DC1C06990598FFF713FD03464D
:103D94009C420DD9FFF706FD03461846FFF716FDB2
:103DA4002F20FFF755FCFFF7D3FD01E0FFF7D2FC0E
:103DB40000BF08B010BD00BFE8070020EC070020DA
:103DC400FA07002000B587B00023019300238DF883
:103DD4001730194B1B680493184B1B6803936B46ED
:103DE4001846FFF733FE03468DF80B309DF80B3071
:103DF400002B08D0009B01AA04991846FFF762FE25
:103E040001238DF81730019B1846FFF7A5FE0346E2
:103E1400002B02D001238DF817309DF81730002BAA
:103E240002D00398FFF776FF054B00221A7000BFFB
:103E340007B05DF804FB00BFEC070020E807002092
:103E4400FB07002082B003468DF80730034A9DF833
:103E54000730537000BF02B0704700BFDC0600207B
:103E640084B00190144B5B7801338DF80F30124B02
:103E74009B789DF80F209A4202D100238DF80F30D1
:103E84000D4B1B789DF80F209A4201D100230FE0BF
:103E9400019B9DF80F201A70074B5B781A46134656
:103EA4005B001344DB00044A134404330293029B73
:103EB400184604B0704700BFDC06002000B589B086
:103EC400039002910192009300230793002000F0D5
:103ED4005DF90DF117031846FFF7C2FF0690069B24
:103EE400002B02D10423079318E0069B01221A70C9
:103EF400069B039A5A60FFF755FC0246069B9A609C
:103F0400069B029ADA60069B019A1A61069B009A44
:103F14005A619DF817301846FFF794FF002000F00F
:103F240049F9079B002B01D1FFF718FD079B1846A1
:103F340009B05DF804FB00B587B001900B468DF81D
:103F4400033000230593002000F020F90DF10F0346
:103F54001846FFF785FF0490049B002B02D104232D
:103F640005930BE0049B9DF803201A70049B019AAF
:103F74005A609DF80F301846FFF764FF002000F0E8
:103F840019F9059B002B01D1FFF7E8FC059B1846A6
:103F940007B05DF804FB000008B50E4B0022C3F81F
:103FA40040210C4B0022C3F844210A4B0022C3F8E1
:103FB4004821084B0022C3F84C21064B0022C3F8C9
:103FC4000021044B0022C3F80421FFF7DBFC00BFEF
:103FD40008BD00BF0010014008B5FFF7F3FE00BFA5
:103FE40008BD000008B5FFF7B5FB134B00221A709B
:103FF400114B00225A70104B0B229A700F4B002267
:104004001A600F4B00221A700E4B00221A701420F3
:10401400FFF7DEFA07211420FFF7F2FA1420FFF766
:1040240091FA0020FFF764FBFFF7BCFB0346064A46
:1040340013600023184608BDDC060020E8070020B2
:10404400F8070020F9070020EC07002086B0039051
:104054000B4601928DF80B30134B9B78002B01D14A
:1040640008231EE0019B002B01D1072319E0039BC9
:10407400002B01D1072314E0039B1B681B7C002B3E
:1040840001D008230DE0039B1B680593059B0022C8
:104094001A74059B9DF80B205A74059B019A5A616A
:1040A4000023184606B07047DC06002000B587B030
:1040B400039002910192039B0593144B9B78002B70
:1040C40001D108231EE0039B002B01D1082319E032
:1040D400029B042B01D8072314E0059B5B69002B8A
:1040E40001D108230EE0059B5B7C012B01D1029BCF
:1040F40000E000230493019B049A02990598FFF7BA
:10410400DDFE0346184607B05DF804FBDC0600201C
:1041140000B585B00190019B03930D4B9B78002B58
:1041240001D1082310E0019B002B03D0039B5B69A2
:10413400002B01D1082307E0039B00221A740221FB
:104144000398FFF7F8FE0346184605B05DF804FB34
:10415400DC06002072B600BF034B1B680133024A21
:10416400136000BF704700BFFC070020064B1B68AC
:10417400013B054A1360044B1B68002B01D162B656
:1041840000BF00BF704700BFFC07002000B583B02C
:10419400019000F025F80346012B03D00449432085
:1041A40002F04AF8FFF7D6FF00BF03B05DF804FB46
:1041B400D8EA000000B583B003468DF8073000F05C
:1041C4000FF80346012B03D00449512002F034F8C0
:1041D400FFF7CCFF00BF03B05DF804FBD8EA000092
:1041E40084B0EFF305830193019BC3F308030393A6
:1041F400039B002B0DD1EFF314830093009B0293D8
:10420400029B03F00103002B0CBF01230023DBB24C
:1042140000E00123184604B0704786B00390029171
:104224000192019B002B02D0019B1B8801E04FF6F9
:10423400FF73ADF81630002304933CE0BDF816304C
:104244001B0A9BB2DBB21AB2BDF916301B021BB2B9
:1042540013431BB2ADF81630039A049B13441B7826
:104264001A46BDF816305340ADF81630BDF8163076
:10427400DBB21B09DBB21A46BDF816305340ADF869
:104284001630BDF916301B031AB2BDF9163053406F
:104294001BB2ADF81630BDF916305B011BB203F446
:1042A400FF531AB2BDF9163053401BB2ADF81630A5
:1042B400049B01330493049A029B9A42BED3BDF833
:1042C4001630184606B0704782B00190019B03F087
:1042D4000303002B0CBF01230023DBB2184602B0FA
:1042E400704710B487B001900091019B009A53E885
:1042F400004F44EA020043E8000191F0000FF6D1B8
:10430400059404900391059B184607B05DF8044B8F
:10431400704710B487B001900091019B009A53E854
:10432400004F04EB020043E8000191F0000FF6D1C6
:10433400059404900391059B184607B05DF8044B5F
:10434400704710B487B001900091019B009A53E824
:10435400004F04EB020043E8000191F0000FF6D196
:10436400059404900391049B184607B05DF8044B30
:10437400704710B487B001900091019B009A53E8F4
:10438400004FA4EB020043E8000191F0000FF6D1C6
:10439400059404900391049B184607B05DF8044B00
:1043A400704700B583B0019001210198FFF799FF90
:1043B4000346184603B05DF804FB000000B585B061
:1043C4000190002303930EE00B4A039B52F8233021
:1043D400002B05D0084A039B52F8233001989847D4
:1043E400039B01330393039B032BEDD900BF00BF51
:1043F40005B05DF804FB00BF1008002082B00190F6
:104404000091019B1B78013B052B61D801A252F856
:1044140023F000BF31440000394400005F44000031
:1044240091440000B1440000CD440000009B0022F0
:104434001A704EE0009B01221A70019B1A89009B9E
:104444009A81019B9A88009BDA81019BDA68009B20
:104454009A60009B00221A743BE0009B02221A70AF
:10446400019B1A89009B9A81019B9A88009BDA819F
:10447400019BDA68009B9A60019B9B7D062B0CBF15
:1044840001230023DAB2009B1A7422E0009B03226A
:104494001A70019BDA88009B9A81019B1A89009B00
:1044A400DA81019BDA68009B9A6012E0009B042287
:1044B4001A70019BDA88009B9A81009B0022DA81A2
:1044C400009B00229A6004E0009B05221A7000E021
:1044D40000BF00BF02B0704784B001900091019BFF
:1044E4000393039A009B9A4206D2039B1B68B3F181
:1044F400FF3F01D0012300E0002303F00103DBB2FE
:10450400184604B0704782B00190019B5B88033366
:104514009B00019A1344184602B0704700B583B05B
:10452400019000910198FFF7EEFF0246009B934231
:1045340001D202230CE0019B9B884FF6FF72934249
:1045440003D0019B1B88002B01D1012300E0002331
:10455400184603B05DF804FB00B583B00190019BDD
:10456400002B13D00D4BDB681A46019B93420DD3ED
:104574000A4B1B691A46019B934207D80198FFF71F
:10458400A3FE0346002B01D0012300E0002303F027
:104594000103DBB2184603B05DF804FB38000020C9
:1045A40082B00190019B002B04D0019B1B680B4A35
:1045B400934201D003230DE0019B04331B68084A96
:1045C400934204D0074A934203D1012302E000231B
:1045D40000E00323184602B0704700BFDEC0ADDE22
:1045E400FE011EF1FF011EF184B00190002303932C
:1045F4000CE0039B9B00019A13441B68B3F1FF3F3B
:1046040001D0002307E0039B01330393039BB3F51D
:10461400806FEED30123184604B0704782B003467E
:104624000A46ADF806301346ADF80430BDF806204E
:10463400134913469B0013449B000B4408331A8808
:10464400BDF804301344ADF80430BDF806200C491D
:1046540013469B0013449B000B440A331A88BDF88D
:1046640004301344ADF80430BDF8043040F2FF3296
:10467400934294BF01230023DBB2184602B0704773
:10468400C008002084B0019000910A230393002302
:10469400ADF80A3027E0BDF80A20174913469B00FD
:1046A40013449B000B4404331B68009A9A4215D9A7
:1046B400BDF80A20104913469B0013449B000B4489
:1046C40004331B6803F58053009A9A4206D20023F0
:1046D4000393019BBDF80A201A8008E0BDF80A3054
:1046E4000133ADF80A30BDF80A30012BD3D9039B4E
:1046F400184604B0704700BFC008002000B589B058
:10470400039002910192039B03F580530693039B4C
:1047140008330393029B02221A80039B079332E01F
:1047240006990798FFF7FAFE03468DF817309DF8AF
:104734001730002B0AD1079B9A68184B1B689A42C2
:1047440013D9079B9B68154A13600EE0019B002B4D
:1047540002D0019B01221A709DF81730022B04D15C
:10476400029B4FF480621A8014E0029B1A88079B14
:104774005B8813449BB203339AB2029B1A80079856
:10478400FFF7C1FE079006990798FFF7A5FE0346B9
:10479400002BC5D109B05DF804FB00BF2008002040
:1047A40082B001900B46ADF80230019B1A89BDF826
:1047B400023013449BB203339AB2019B1A81019BCA
:1047C4005A89BDF80230D31A9BB2033B9AB2019BBB
:1047D4005A8100BF02B0704700B583B0074B1B6815
:1047E4001946002300930823054A064806F025FBD2
:1047F4000346184603B05DF804FB00BFE808002038
:1048040080EB00003800002000B585B003900399C8
:10481400002300930823044A044806F00EFB0346D1
:10482400184605B05DF804FB88EB00003800002052
:1048340000B585B003460091ADF8063000238DF82D
:104844000F30BDF806300333ADF80A30BDF80A3036
:1048540040F2FD32934201D909234AE00023ADF826
:104864000C303BE0BDF80C20244913469B00134454
:104874009B000B441B78002B2BD1BDF80A20BDF8FC
:104884000C3011461846FFF7C9FE0346002B20D012
:1048940001238DF80F30009BBDF80C201A80BDF861
:1048A4000C20164913469B0013449B000B440A3307
:1048B4001988BDF80C20BDF80A300B4498B20F4992
:1048C40013469B0013449B000B440A3302461A8090
:1048D40008E0BDF80C300133ADF80C30BDF80C30F5
:1048E400012BBFD99DF80F30002B01D0002300E02D
:1048F4000723184605B05DF804FB00BFC00800207C
:1049040082B003460A46ADF806301346ADF80430CB
:10491400BDF804200D4913469B0013449B000B442F
:104924000A331A88BDF80630D31A9BB2BDF80420A6
:10493400033B98B2054913469B0013449B000B4468
:104944000A3302461A8000BF02B07047C008002034
:1049540008B501210248FFF7F4FC0346184608BDD8
:104964002008002000B585B003460091ADF806305C
:10497400BDF80620244913469B0013449B000B44B6
:1049840004331B6803F580530293009B1B68039355
:10499400039B002B04D00398FFF7B5FD039026E09A
:1049A400BDF80620184913469B0013449B000B4492
:1049B40004331B680833039319E002990398FFF743
:1049C400ADFD0346022B10D0022B10DC002B02D0CD
:1049D400012B05D00BE0009B039A1A6001230EE023
:1049E4000398FFF790FD039001E0002307E002998C
:1049F4000398FFF771FD0346002BDED10023184610
:104A040005B05DF804FB00BFC008002000B585B008
:104A140001900091019B5B681846FFF79DFD0346DA
:104A2400002B19D0019B1A89244B1B899A4213D15C
:104A3400019B1A68019B5B689B689A420CD1019B9D
:104A44005B6819460098FFF71DFE0346002B0CBF58
:104A540001230023DBB22CE0009B00221A8023E018
:104A64000023029310E0029B0393039B9A68019B2B
:104A74001B689A4208D1029A019B5A600F4B1A890B
:104A8400019B1A81012314E0009B1B8802AA114692
:104A94001846FFF767FF0346002BE4D1009B1B88F1
:104AA40001339AB2009B1A80009B1B88012BD7D933
:104AB4000023184605B05DF804FB00BFF008002091
:104AC40000B587B00390029101920093304B1B789C
:104AD400DBB283F00103DBB2002B01D0022353E0ED
:104AE400019B002B02D0009B002B48D105234BE0F7
:104AF400009B9B881946274A0B469B000B449B004E
:104B040013441B78002B33D124E0009B1B680593CE
:104B1400039B002B06D0059B9A88039B1B889A4213
:104B240000D017E0029B002B06D0059B1A88029B3D
:104B34001B889A4200D00DE0059B9A68019B1A607D
:104B4400009B1A68019B5A60134B1A89019B1A81B6
:104B5400002319E0009B9B88009A11461846FFF732
:104B640001FF0346002BD0D1009B00221A6000E015
:104B740000BF009B9B8801339AB2009B9A80009BE4
:104B84009B88012BB4D90A23184607B05DF804FBAF
:104B940000080020C0080020F008002000B587B0FD
:104BA4000291019200930346ADF80E30BDF80E2039
:104BB400324913469B0013449B000B4404331B6887
:104BC40008330593BDF80E202C4913469B0013446B
:104BD4009B000B4404331B6803F58053049342E0A9
:104BE40004990598FFF79AFC0346022B25D0022B63
:104BF40038DC002B16D0012B34D1019B1B880133E8
:104C04009AB2019B1A80009B1A88059B5B88134407
:104C14009BB203339AB2009B1A800598FFF773FC8A
:104C2400059020E0029B1B8801339AB2029B1A80F4
:104C34000598FFF768FC059015E0019B1B8801337C
:104C44009AB2019B1A80009B1A880499059BCB1A7F
:104C54009B109BB213449AB2009B1A80089B0122BA
:104C64001A7007E000BF04990598FFF735FC034666
:104C7400002BB5D107B05DF804FB00BFC0080020CD
:104C840000B585B00190084B0199184601F093FBDB
:104C940003901C220021039808F0C4FE039B1846CD
:104CA40005B05DF804FB00BFB008002000B583B078
:104CB4000190044B0199184601F094FB00BF03B026
:104CC4005DF804FBB008002000B583B00190054BEB
:104CD4000199184601F09AFB0346184603B05DF8A3
:104CE40004FB00BFB008002000B583B00190044B62
:104CF4000199184601F0A1FB00BF03B05DF804FB65
:104D0400B008002008B50A4B1B68002B04D10949E0
:104D140040F2712001F090FA01210548FFF729FBC8
:104D24000346002B14BF01230023DBB2184608BD41
:104D34000808002034EB000000B587B00023059379
:104D44000023ADF812300323ADF8103000238DF8A2
:104D54000F300023ADF80C30F3E0BDF80C301A032B
:104D6400804BDB68134402930298FFF719FC034657
:104D74008DF807309DF80730032B08D0032B00F380
:104D8400DA80002B65D0012B00F09880D3E00298E4
:104D9400FFF72AFC0346002B3BD0734B1B68002B08
:104DA40029D0BDF81220714913469B0013449B007F
:104DB4000B4402221A70BDF812206C4913469B0062
:104DC40013449B000B440433029A1A60BDF812206A
:104DD400664913469B0013449B000B44083302228C
:104DE4001A80634ABDF812305380BDF81230013383
:104DF400ADF8123008E05C4A029B13605A4B022261
:104E04009A8001238DF80F30059B43F0010305932D
:104E140092E0BDF81030013BADF81030BDF812201F
:104E2400524913469B0013449B000B440433029ADB
:104E34001A60BDF812204D4913469B0013449B0091
:104E44000B4403221A70BDF812300133ADF812304E
:104E540072E0BDF81220454913469B0013449B00A1
:104E64000B4400221A70BDF81220404913469B00DF
:104E740013449B000B440433029A1A60BDF81220B9
:104E840013469B0013449B000833384A9918BDF815
:104E9400122013469B0013449B001033334A1344DF
:104EA4001A460298FFF72AFC059B43F00203059378
:104EB400BDF812300133ADF812303DE09DF80F30EB
:104EC400002B25D0BDF81220284913469B0013441B
:104ED4009B000B4402221A70BDF81220224B196861
:104EE400224813469B0013449B0003440433196077
:104EF400BDF812201D4913469B0013449B000B442C
:104F0400083302221A80BDF812300133ADF8123092
:104F1400154A029B1360002216490298FFF7EEFB24
:104F2400114B9B88022B01D1042300E00823059A2E
:104F34001343059300E000BFBDF80C300133ADF816
:104F44000C30BDF80C30022B7FF607AFBDF81030E3
:104F5400012B01D800230593059BDBB2184607B04B
:104F64005DF804FB38000020E8080020C008002099
:104F7400F0080020EC08002000B587B003900291EF
:104F8400039B02229A750299039B1A1D0023009326
:104F94000423074805F051FF0590059B002B01D120
:104FA400002300E00E23184607B05DF804FB00BFA1
:104FB4003800002000B587B003900291039B1B6961
:104FC400002B01D0032200E00122039B9A75029B6F
:104FD40008331946039B03F10C02002300930423B6
:104FE400064805F02AFF0590059B002B01D10023FC
:104FF40000E00E23184607B05DF804FB38000020DB
:1050040000B587B003900291039B1B78032B01D159
:10501400052200E00622039B9A75029B043319467D
:10502400039B03F10802002300930423064805F0C0
:1050340004FF0590059B002B01D1002300E00E2303
:10504400184607B05DF804FB3800002000B587B0AF
:1050540003900B46ADF80A30039900230093042310
:105064000C4A0D4805F0E9FE0590059B002B01D084
:105074000E230BE0BDF80A20084913469B00134495
:105084009B000B44103301221A700023184607B00A
:105094005DF804FB90EB000038000020C0080020FD
:1050A40000B589B0019002AB00221A605A609A6080
:1050B400019BDB6802930DF1160202AB1146184600
:1050C400FFF7A4FC0346002B12D0039B0693069B18
:1050D4009A88019BDA80069B1A88019B1A81039B9C
:1050E400BDF8162011461846FFF7B0FF079001E0FF
:1050F4000A230793079B184609B05DF804FB0000D8
:1051040000B587B00190019B981D02AA0D4B0021A8
:10511400FFF7D6FC0590059B002B08D1039B094A99
:10512400928811461846FFF791FF059004E0082283
:105134000021044808F076FC059B184607B05DF88A
:1051440004FB00BF0009002000B587B00390029162
:10515400039B01229A75029B0C331846039B1A6920
:10516400039BDB889B00002100910146064805F063
:1051740064FE0590059B002B01D1002300E00E2363
:10518400184607B05DF804FB3800002000B585B070
:1051940003460092ADF806300B46ADF80430002209
:1051A40006210098FFF739F80346ADF80E30009B4E
:1051B40003F10800BDF8043001339B000DF10E0229
:1051C4001946FFF72AF80346ADF80E30BDF80E3045
:1051D400BDF806209A420CBF01230023DBB2184617
:1051E40005B05DF804FB000082B0184B1B89013345
:1051F4009AB2164B1A81154B00225A80134B002287
:105204001A730023ADF8063018E0BDF806201049E3
:1052140013469B0013449B000B441A78BDF80630D8
:10522400002A0CBF01220022D1B2084A13440A46C4
:105234009A72BDF806300133ADF80630BDF8063079
:10524400012BE2D900BF00BF02B07047F008002074
:10525400C008002084B0019000238DF80F30002393
:10526400ADF80C3031E0BDF80C301C4A13449B7A85
:10527400002B25D0BDF80C30184A134400229A7232
:10528400BDF80C20164913469B0013449B000B44A5
:105294000C331B68002B13D1BDF80C2010491346A6
:1052A4009B0013449B000B4410331B78002B07D046
:1052B400019BBDF80C201A8001238DF80F3008E003
:1052C400BDF80C300133ADF80C30BDF80C30012BB7
:1052D400C9D99DF80F30184604B07047F008002073
:1052E400C008002008B5084B05221A70074B02229B
:1052F4009A80064B1B68194600230122044805F0D6
:10530400EEFD0346184608BDF0080020E80800201A
:105314003800002000B583B0164B5B88ADF802302E
:10532400BDF80220144913469B0013449B000B4410
:105334000C331B68002B14D10E4B04221A70BDF8D9
:1053440002200D4913469B0013449B000B44043375
:105354001B68194600230122084805F0C0FD01908E
:1053640002E0FFF7BFFF0190019B184603B05DF810
:1053740004FB00BFF0080020C00800203800002013
:1053840000B587B0104B5B680593104B1A680F4B40
:105394009B889B0013440493059B5B880333ADF8FF
:1053A4000E30094B03221A700499074B5A68BDF852
:1053B4000E309B0000200090054805F03EFD03469A
:1053C400184607B05DF804FBF0080020E808002048
:1053D4003800002000B583B00A4B5B880A491846A0
:1053E400FFF7C0FA0346002B03D0FFF7C9FF019073
:1053F40002E0FFF78FFF0190019B184603B05DF8B0
:1054040004FB00BFF0080020F408002008B50A4B94
:1054140006221A70084B5B881946084A0B469B0003
:105424000B449B00134404331B681846FFF7ECF944
:105434000346184608BD00BFF0080020C00800203D
:1054440008B5054B07221A70034B00225A60FFF778
:10545400C3F90346184608BDF008002008B50D48F6
:10546400FFF7F8FE034683F00103DBB2002B0BD0F9
:10547400094B00221A70084B00225A80064B002266
:105484005A6041F61D5302E0FFF7A4FF0346184695
:1054940008BD00BFF2080020F008002082B0094BCC
:1054A4005B680193019B5B880333ADF80230064BC4
:1054B4009A88BDF8023013449AB2034B9A8000BF15
:1054C40002B07047F0080020E808002082B0184BB2
:1054D4001B680193174B5B881946174A0B469B00C0
:1054E4000B449B00134404331B68114A1360114B93
:1054F4005B881946104A0B469B000B449B001344DF
:105504000433019A1A600B4B5B881946084B988840
:10551400094A0B469B000B449B0013440833024684
:105524001A80034B02229A8000BF02B0704700BF6A
:10553400E8080020F0080020C008002008B51A4B35
:105544001B78072B2CD801A252F823F071550000C8
:10555400A5550000A55500007D55000089550000A3
:1055640095550000955500009D550000FFF73CFE41
:105574000D4B01221A7014E0FFF790FF0A4B022230
:105584001A700EE0FFF7A2FF074B06221A7008E01C
:10559400054B07221A7004E0034B01221A7000E045
:1055A40000BF00BF08BD00BFF008002000B587B0F1
:1055B400019000910F230593019B002B04D0624BB3
:1055C40000225A600123BBE0009B1B79032B00F2ED
:1055D400AB8001A252F823F0ED550000FB5500000A
:1055E40089560000A9560000009B01221A71FFF79A
:1055F400F3F805909BE000238DF813300023ADF8F9
:1056040010302BE0BDF81020504913469B00134482
:105614009B000B441B78022B1BD1BDF810204B4977
:1056240013469B0013449B000B4400221A70012371
:105634008DF81330BDF81020444913469B001344E1
:105644009B000B4404331B681846FFF7DDF80590F4
:1056540008E0BDF810300133ADF81030BDF810305B
:10566400012BCFD99DF8133083F00103DBB2002B5B
:105674005CD0354B01221A70334B00225A6041F63C
:105684001D535DE0009B00221A71314B02229A8067
:105694002F4B1B681946002301222E4805F01FFCDE
:1056A400059044E0009B00221A71294B1B681846A0
:1056B400FFF7AAF80590284B5B88ADF80E30244B11
:1056C4001B680293BDF80E20204913469B00134427
:1056D4009B000B4404331B681D4A1360BDF80E2065
:1056E4001A4913469B0013449B000B440433029A4B
:1056F4001A60BDF80E20164B9888144913469B0077
:1057040013449B000B44083302461A80104B0222B8
:105714009A80BDF80E200D4913469B0013449B004C
:105724000B4400221A7002E000BF00E000BF059B9A
:10573400002B04D0044B00225A600E2300E0002307
:10574400184607B05DF804FB00080020C0080020DC
:10575400E808002038000020F008002000B587B0D9
:1057640001900091009B9B8A1A4613469B001344A8
:105774009B003C4A13440493019B002B07D0009BDD
:10578400DB8819460498FFF70BF8012365E0049BB6
:105794005A68049B1B899B0013440393009B9B7DC5
:1057A400062B4DD801A252F823F000BFF357000096
:1057B40017580000FF5700000B580000CD57000099
:1057C400235800003D580000274B00225A60009BDC
:1057D4009B69254A136025492348FFF717F90346B7
:1057E40083F00103DBB2002B01D00A2335E00399D7
:1057F4000098FFF7C1FB059025E003990098FFF797
:10580400D9FB05901FE003990098FFF79DFC0590D4
:1058140019E003990098FFF7F3FB059013E0009B50
:1058240006229A75104B5B68104A12881146184676
:10583400FFF70CFC059006E041F61D53059302E0CA
:105844000F23059300BF059B002B05D0009BDB882D
:1058540019460498FEF7A4FF059B184607B05DF8A7
:1058640004FB00BFC0080020080900201409002020
:1058740000B585B001900091019B002B01D001235C
:1058840026E0009B1B79022B19D0022B1BDC002B7A
:1058940002D0012B08D016E0009B02221A71009856
:1058A400FFF7FEFB039012E00098FFF729FC03903A
:1058B400039B0A2B0AD141F61D53039306E041F6DC
:1058C4001D53039303E00F23039300E000BF039BE6
:1058D400184605B05DF804FB00B585B00190019B46
:1058E400002B01D001233BE01F4B1B7B002B03D07B
:1058F4001D4B00221A7301E0FFF720FE1A4B1B78A0
:10590400013B062B28D801A252F823F02D590000A0
:10591400355900003D590000455900005D5900000B
:105924004D59000055590000FFF798FD039016E00B
:10593400FFF750FD039012E0FFF722FD03900EE005
:10594400FFF7E8FC03900AE0FFF760FD039006E030
:10595400FFF776FD039002E00F23039300BF039B40
:10596400184605B05DF804FBF008002000B589B0C6
:1059740001903F4B1B68002B05D13E48FFF7A4F96B
:1059840003463B4A13603A4B1B68002B04D13A4947
:1059940040F2795000F050FC354B1B681B78013BFA
:1059A400052B2CD801A252F823F000BFC9590000DE
:1059B400D9590000D9590000E9590000E9590000FB
:1059C400F95900002A4B1B6819460198FFF7EEFDB0
:1059D400019017E0264B1B6819460198FFF7BEFE9D
:1059E40001900FE0224B1B6819460198FFF740FF16
:1059F400019007E00198FFF76FFF019002E00F2389
:105A0400019300BF019B002B2BD003AB1422002178
:105A1400184608F007F8019B41F61D52934204D141
:105A2400002304930023019301E0019B0493104B92
:105A34001B6803AA11461846FEF7E0FC03AB1846A0
:105A4400FEF7BCFC0A4B00221A600A48FFF74CF927
:105A5400FFF758F9034683F00103DBB2002B02D1B0
:105A640087E700BF00E000BF00BF09B05DF804FB9A
:105A7400180900201C09002034EB000008B501219E
:105A84000548FEF746FC0346002B02D10020FFF731
:105A94006DFF00BF08BD00BF0808002000B583B03B
:105AA4000190019B5B681846FFF760FF00BF03B0DD
:105AB4005DF804FB00B58BB00390029101928DF860
:105AC40003300023ADF818300023ADF82630614BC5
:105AD4001B78DBB283F00103DBB2002B01D002237D
:105AE400B3E0029B002B01D10523AEE0029B1B888F
:105AF4004FF6FF72934203D0029B5B88002B01D1C7
:105B04000423A2E0029B5B681846FEF7DDFB034614
:105B140083F00103DBB2002B01D0032395E0019B4A
:105B2400002B11D1029B9B68ADF826300DF11A02AF
:105B3400BDF8263011461846FEF77AFE0890089BF9
:105B4400002B09D0089B80E0019B1B88ADF81A301C
:105B5400019B5B88ADF8263005AB1846FFF790F83B
:105B64000790079B002B09D1BDF81A20BDF82630F9
:105B740011461846FEF7C4FE082366E0079B9DF80D
:105B840003201A70079B00229A75BDF81A20079B00
:105B94009A82029B5A68079B1A61FEF7D9FE024655
:105BA400079BDA60029B1A88079B1A81029B5A881A
:105BB400079B9A80079BBDF82620DA809DF8033066
:105BC400032B06D1079B04229A75039B1A68079B33
:105BD4009A61079B0433002206211846FEF71DFB39
:105BE4000346ADF81830079B0C3306AA0421184667
:105BF400FEF713FB0346ADF81830029B5868029B6E
:105C04009B689B0006AA1946FEF707FB0346ADF8FE
:105C14001830BDF81820079B5A8105AB1846FFF7CA
:105C240045F8039B002B0DD0039B00225A60079B71
:105C3400DA68039B1A60039B00229A72064B1A8946
:105C4400039B1A81FFF71AFF002318460BB05DF877
:105C540004FB00BF00080020F008002000B585B058
:105C640001900C4B1B68042B02D10C2303930BE013
:105C7400084B1B680849019A41F823200121054873
:105C8400FEF75FFB00230393039B184605B05DF802
:105C940004FB00BF0C0800201008002084B04FF063
:105CA40010235B6903934FF080531B6902934FF0F9
:105CB40080535B690193039BB3F1FF3F04D1019BC4
:105CC400029A02FB03F300E0039B184604B07047FA
:105CD40000B583B04FF440530193FFF7DFFF034651
:105CE400054A1361044B1A69019BD31A024AD36013
:105CF40000BF03B05DF804FB3800002008B5FFF7CF
:105D0400E7FF00220349044805F07CF803461846DF
:105D140008BD00BFA0F300003800002008B5044807
:105D24001C238C22034900F013FB00BF08BD00BFF5
:105D3400B00800202408002000B58BB002AB00227C
:105D44001A605A609A60DA601A61414B1B78DBB2C0
:105D5400002B05D002AB1846FEF730FB002373E09E
:105D64003C48FEF71EFB0346002B01D000236BE0EA
:105D7400FFF7C4FF0990099B002B01D0099B63E046
:105D8400FFF7CCFFFEF7D8FF03468DF823309DF8CC
:105D94002330062B07D0062B11DC002B01D0022B5D
:105DA4000DD10B2350E02A4B01221A70284B0022FC
:105DB4005A6002AB1846FEF701FB002344E000BF23
:105DC40001AB1846FEF75CFF0790079B002B01D13F
:105DD400082339E0079B01221A709DF82330013B08
:105DE4000A2B29D801A252F823F000BF1D5E00003F
:105DF4003D5E00001D5E00003D5E0000355E00005B
:105E04003D5E0000355E00003D5E0000255E000042
:105E14002D5E0000255E0000079B00221A710CE035
:105E2400079B03221A7108E0079B02221A7104E0FF
:105E3400079B01221A7100E000BF01AB1846FEF770
:105E440035FFFFF71BFE002318460BB05DF804FB7B
:105E5400000800200408002000B585B001900091DE
:105E6400019B002B02D0009B002B01D105233AE0BB
:105E74000DF10A0319460198FEF7C8FD0346002BED
:105E840030D0019B5B680393039BD888039B59889C
:105E9400019B5B681A46FFF779F9034683F0010317
:105EA400DBB2002B01D00D231DE0BDF80A301A46E9
:105EB40013469B0013449B0008330D4A13440433D8
:105EC40001211846FEF73DFA009B039A1A60019BD4
:105ED4005B6803F10C02009B5A60019B01229A72D9
:105EE400002300E00A23184605B05DF804FB00BF58
:105EF400C008002000B585B00190019B002B01D1A2
:105F0400052339E00DF10A0319460198FEF77EFDD9
:105F14000346002B2DD0BDF80A301946184A0B460B
:105F24009B000B449B0013440C331B68002B1DD0B7
:105F3400019B9B7A002B19D0BDF80A301A461049F0
:105F440013469B0013449B000B440C331B68591EDF
:105F54000B4813469B0013449B0003440C33196005
:105F6400019B00229A720023039304E00623039307
:105F740001E00A230393039B184605B05DF804FB74
:105F8400C008002000B583B00190009102230022D4
:105F940000990198FFF78EFD0346184603B05DF89B
:105FA40004FB00B583B001900091019B002B01D14B
:105FB400052306E00323002200990198FFF77AFDE8
:105FC4000346184603B05DF804FB000000B585B035
:105FD4000190174B1B78DBB283F00103DBB2002B7B
:105FE40001D002231FE0019B002B01D105231AE0FD
:105FF40002AB1846FEF744FE0390039B002B01D12D
:10600400082310E0039B04221A70039B00221A71D8
:10601400019B1A68039BDA6002AB1846FEF746FE42
:10602400FFF72CFD0023184605B05DF804FB00BF04
:106034000008002000B583B0144B1B78DBB283F05A
:106044000103DBB2002B01D002231AE06B46184691
:10605400FEF716FE0190019B002B01D1082310E0EE
:10606400019B06221A706B461846FEF71FFE084B6A
:106074001B78002B02D0064B01221A73FFF7FEFC9B
:106084000023184603B05DF804FB00BF000800209D
:10609400F008002000B583B001900091009B019AA4
:1060A40000210020FEF70CFD0346184603B05DF8FE
:1060B40004FB00B585B0029201930346ADF80E309F
:1060C4000B46ADF80C3003A90DF10E00019B029AAA
:1060D400FEF7F6FC0346184605B05DF804FB000025
:1060E40010B586B003904FF48063ADF814300023EC
:1060F400ADF812304E4B1B78DBB283F00103DBB2F8
:10610400002B01D0022390E0039B002B01D1052337
:106114008BE012220021039807F084FC039B0322E6
:106124001A800023ADF816307AE0BDF816204149F4
:1061340013469B0013449B000B4408331988BDF895
:1061440016203C4813469B0013449B0003440A3327
:106154001B880B44ADF81030BDF8162035491346A2
:106164009B0013449B000B4404331B681846FEF742
:1061740017FA0346032B05D1039B1B88013B9AB2F4
:10618400039B1A80BDF816202A4913469B0013442A
:106194009B000B440C331968039B5A888BB213443D
:1061A4009AB2039B5A80039B1989BDF81620214893
:1061B40013469B0013449B0003440A331B880B447F
:1061C4009AB2039B1A81039B5A89BDF81030134479
:1061D4009AB2039B5A81BDF81420BDF81030D31A2B
:1061E400ADF81230039B9B89BDF812209A4203D963
:1061F400039BBDF812209A81039B191D039B9A1DD2
:10620400039B03F10E04039B1033BDF816000093A7
:106214002346FEF7C3FCBDF816300133ADF8163043
:10622400BDF81630012B80D90023184606B010BDE6
:1062340000080020C008002000B585B00346009186
:10624400ADF80630BDF80630ADF80830009B039376
:1062540002AB1A46002144F20200FDF7F9F800BF30
:1062640005B05DF804FB86B001900091019B53E8F2
:10627400011F8AB2D88902449889824228BF121A1F
:106284001889824202BFBFF32F8F002307E0C2EABE
:10629400010243E801200028E9D14FF001038DF801
:1062A4000F30059002910492029A009B1A609DF8A7
:1062B4000F30DBB2184606B0704784B001900199E4
:1062C40051E8013FC3EA034341E80132002AF7D110
:1062D4000392029300BF04B0704786B0019000910E
:1062E400019B53E8021F1FFAA1F2D888824202BF21
:1062F400BFF32F8F00230DE0D8890244988982428E
:1063040028BF121AC1EA024243E802200028E8D159
:106314004FF001038DF80F30059002910492029A18
:10632400009B1A609DF80F30DBB2184606B0704728
:1063340084B00190019951E8023FC3EA234341E844
:106344000232002AF7D10392029300BF04B07047CF
:1063540084B00390029111461A460B46ADF80630FC
:106364001346ADF80430029B002B01D10E231FE02D
:10637400BDF80630BDF80420B3FBF2F101FB02F2D4
:106384009B1A9BB2002B01D0092311E0039B029AB4
:106394001A60039B00225A60039B00229A60039BAD
:1063A400BDF806209A81039BBDF80420DA810023FE
:1063B400184604B0704700B583B001900091009B6B
:1063C40019460198FFF74FFF0346002B05D0019BA8
:1063D4001B68009A1288134400E00023184603B097
:1063E4005DF804FB00B583B001900091009B1A880E
:1063F400009B5B889A4204D10198FFF75EFF01235A
:1064040000E00023184603B05DF804FB00B583B038
:1064140001900091009B19460198FFF75EFF034627
:10642400002B05D0019B1B68009A5288134400E09E
:106434000023184603B05DF804FB00B583B0019057
:106444000091009B1A88009B5B889A4204D10198B2
:10645400FFF76EFF012300E00023184603B05DF848
:1064640004FB000000B583B001900B468DF80330A7
:10647400019B002B03D10849AF20FFF7DDFE019BF0
:10648400DA689DF803300199098A01FB03F3134488
:10649400184603B05DF804FB9CEB000000B583B024
:1064A40001900091019B002B03D10849BC20FFF708
:1064B400C3FE009B019AD2689B1A019A128AB3FB0D
:1064C400F2F3DBB2184603B05DF804FB9CEB00006A
:1064D40000B585B00190019B002B01D10E2348E04B
:1064E400019B1B68002B03D12449C620FFF7A4FE9F
:1064F400019B5B68002B03D12049C720FFF79CFE5A
:10650400019B9B68002B03D11C49C820FFF794FE14
:10651400019BDB68002B03D11849C920FFF78CFECF
:10652400019B1B8A002B03D11449CA20FFF784FE68
:10653400019B9A68019B5B68D31A8DF80F30019B0D
:106544001B68019A52681A6007E0019B1A68136875
:10655400591C11609DF80F201A709DF80F305A1EB7
:106564008DF80F20002BF0D1019B1B6800221A71BB
:106574000023184605B05DF804FB00BF9CEB000047
:1065840000B585B00190019B002B03D11B49EC2081
:10659400FFF752FE002303930020FDF7F7FD019B54
:1065A4001B681A68019B5B689A421FD9019B1B6890
:1065B4001A68013A1A601B681B7819460198FFF79C
:1065C40051FF0390019B9A68019B1B681B68D31AB7
:1065D4008DF80B30019B1B681B799DF80B209A42A8
:1065E40004D9019B1B689DF80B201A710020FDF74C
:1065F400E1FD039B184605B05DF804FB9CEB00002D
:1066040010B584B001900091019B002B04D1114975
:106614004FF48870FFF710FE009B002B04D10D4946
:1066240040F21110FFF708FE009B03930020FDF7D2
:10663400ADFD019B1B681C68621C1A6003990198DC
:10664400FFF72CFF034623700020FDF7B3FD00BFC6
:1066540004B010BD9CEB000082B00190019B0122AC
:106664005A7200BF02B0704782B00190019B9B68D0
:1066740093F83D31C3F34003DBB2002B14BF012375
:106684000023DBB2184602B07047000084B00190CA
:10669400244B0393019B002B40D0234B1A6803998E
:1066A400019B00BF00BF00BF00BF00BF00BF00BF11
:1066B40000BF8A422FD000BF00BF00BF00BF00BF91
:1066C40000BF00BF00BF00BF00BF00BF00BF00BFCE
:1066D40000BF00BF00BF00BF00BF00BF00BF00BFBE
:1066E40000BF00BF00BF00BF00BF00BF00BF00BFAE
:1066F40000BF00BF00BF00BF00BF00BF00BF00BF9E
:1067040000BF00BF00BF00BF00BF00BF00BF00BF8D
:1067140000BF00BF00BF013BC3D1019300BF04B061
:10672400704700BF0024F4003401002000B583B09A
:106734000190019B002B04D0019807F0A7F80346B1
:1067440000E00023184603B05DF804FB10B582B0E6
:106754000190019B9B68DB7C1C46019B1B681846CF
:10676400FFF7E4FF03462344019A9268527BB3FB8C
:10677400F2F101FB02F29B1A002B0CBF0123002350
:10678400DBB2184602B010BD10B582B00190019B77
:106794009B689B7C1C46019B1B681846FFF7C6FF41
:1067A40003462344019A9268527BB3FBF2F101FB46
:1067B40002F29B1A002B0CBF01230023DBB2184604
:1067C40002B010BD10B588B00390029101920093FD
:1067D400039B002B02D0029B002B03D12B49912059
:1067E400FFF72AFD039B5B681B68002B03D1274935
:1067F4009220FFF721FD002307933BE0039B5B6896
:106804001B68DC68039B5868029A079BD11805AB88
:10681400019AA0470690069B002B03D01B499C209D
:10682400FFF70AFD059B019A9A4203D217499D205E
:10683400FFF702FD059B079A13440793059B019AF2
:10684400D31A0193059B002B14D1039B9B681B78DF
:10685400032B0FD000BF039B9B6893F83C31DBB242
:1068640083F00103DBB2002BF5D1039B9B6800226C
:1068740083F83C21019B002BC0D1009B002B02D04C
:10688400059A009B1A6000BF08B010BD1CEC000004
:1068940000B583B001900B468DF80330019B1B6952
:1068A4009DF803200349184603F008FF00BF03B016
:1068B4005DF804FB6CEC000010B586B00390029107
:1068C40001920093039B002B02D0029B002B03D167
:1068D4000C49C020FFF7B0FC039B5B68002B03D17D
:1068E4000849C120FFF7A8FC039B5B681B681C696F
:1068F400039B5868009B019A0299A047059000BF2A
:1069040006B010BD1CEC000000B589B003900291E4
:1069140001920093009B002B03D13A49D520FFF745
:106924008BFC0A9B002B03D13649D620FFF784FC4D
:10693400029B002B34D1344A344BD31ADB08019A1E
:106944009A4229D200230693314B059300230793DF
:106954001BE0079BDB002D4A13440693019B9B001D
:10696400059A13441A68069B5B681B68194610460F
:1069740006F0DAFF0346002B04D1069B5A68009BFD
:106984001A603CE0079B013307931F4A1F4BD31A3D
:10699400DB08079A9A42DCD3009B00221A602EE09F
:1069A400039B002B03D1009B00221A6027E0039B6A
:1069B4001B78002B10D0039B5B680A9901989847B9
:1069C4000A9B1B68002B03D1009B00221A6016E06F
:1069D400009B0A9A1A6012E0039B5A68019B1B01F0
:1069E40013441B68002B07D0039B5A68019B1B01AF
:1069F4001A44009B1A6002E0009B00221A6009B04E
:106A04005DF804FB1CEC000050DC0000E0DB00003F
:106A14000000002000B585B00190019B9B680393A2
:106A2400019B9B6808330293019B1B681846FFF780
:106A34007DFE0346DAB2029B9A71039BDB7C1A4605
:106A4400029B9B791344029A527993FBF2F101FB66
:106A540002F29B1ADBB20133DAB2029B1A70039B77
:106A6400DB7C1A46029B9B791344029A527993FB6E
:106A7400F2F3DBB20133DAB2029B9A70039B9B7C84
:106A84001A46029B9B791344029A527993FBF2F3C0
:106A9400DBB20133DAB2029BDA70039B9B7C1A46A9
:106AA400029B9B791344029A527993FBF2F101FB06
:106AB40002F29B1ADBB20133DAB2029B5A70029BD8
:106AC400184605B05DF804FB00B583B00190019B46
:106AD400002B04D10C494FF49D70FFF7ADFB019BD3
:106AE4001B69002B04D108494FF49D70FFF7A4FBE8
:106AF400019B1B69054A0649184603F0DFFD00BFE8
:106B040003B05DF804FB00BF1CEC000038F2000089
:106B140070EC000000B583B00190019B002B04D100
:106B24000C494FF4A070FFF787FB019B1B69002BF6
:106B340004D108494FF4A070FFF77EFB019B1B6949
:106B4400054A0649184603F0B9FD00BF03B05DF8D5
:106B540004FB00BF1CEC00002CF2000070EC0000F1
:106B640000B583B00190019B002B04D10C494FF474
:106B7400A370FFF761FB019B1B69002B04D108493B
:106B84004FF4A370FFF758FB019B1B69054A0649A4
:106B9400184603F093FD00BF03B05DF804FB00BF8B
:106BA4001CEC000030F2000070EC000000B583B073
:106BB4000190019B002B04D10C494FF4A670FFF700
:106BC4003BFB019B1B69002B04D108494FF4A670C1
:106BD400FFF732FB019B1B69054A0649184603F07F
:106BE4006DFD00BF03B05DF804FB00BF1CEC0000AA
:106BF4001CF2000070EC000000B583B001900B465D
:106C04008DF803309DF80330002B07D0019B1B69DE
:106C14009DF803200349184603F050FD00BF03B05C
:106C24005DF804FB74EC000000B583B001900B46E2
:106C34008DF803309DF80330002B07D0019B1B69AE
:106C44009DF803200349184603F038FD00BF03B044
:106C54005DF804FB7CEC000000B583B001900B46AA
:106C64008DF803309DF80330002B07D0019B1B697E
:106C74009DF803200349184603F020FD00BF03B02C
:106C84005DF804FB84EC000000B583B001900B4672
:106C94008DF803309DF80330002B07D0019B1B694E
:106CA4009DF803200349184603F008FD00BF03B014
:106CB4005DF804FB8CEC000000B585B00190019BED
:106CC4009B68DA7C019B9B689B7C9A4220D201984A
:106CD400FFF7A0FE0390039B9B788DF80B30019B7C
:106CE4009B68DA7C0132D2B2DA740198FFF792FE23
:106CF4000390039B9B789DF80B209A4204D10121B9
:106D04000198FFF791FF04E00198FFF74FFF00E0BF
:106D140000BF05B05DF804FB00B585B00190019893
:106D2400FFF778FE0390039B9A78039BDB789A42E3
:106D34000CBF012300238DF80B300198FFF706FDEB
:106D44000346002B05D10198FFF71EFD0346002BD7
:106D540002D00198FFF72AFF9DF80B30002B0AD0D0
:106D6400039B5A78039B1B78D31ADBB2194601980C
:106D7400FFF742FF24E0039BDA78039B9B78D31A46
:106D8400DBB219460198FFF767FF039B1A78039B50
:106D94005B789A420AD9039B1A78039B5B78D31ACF
:106DA400DBB219460198FFF73FFF09E0039B5A78CD
:106DB400039B1B78D31ADBB219460198FFF71CFF1B
:106DC40000BF05B05DF804FB00B585B001900198E3
:106DD400FFF720FE0390039B1B781A46039B9B79C5
:106DE40001339A4203D1039B9B78012B2FD0039B41
:106DF4009B78012B07D9039B9B78013BDBB2194697
:106E04000198FFF729FF039B1A78039B9B799A4209
:106E14000CD9039B1A78039B9B79D31ADBB2013BF1
:106E2400DBB219460198FFF7E7FE0BE0039B9A7962
:106E3400039B1B78D31ADBB20133DBB219460198EA
:106E4400FFF7F2FE019B9B680022DA7400E000BFAA
:106E540005B05DF804FB00B585B001900198FFF71B
:106E6400D9FD0390039B1A78039B5B789A4205D162
:106E7400039B9A78039BDB789A4231D0039BDA78A0
:106E8400039B9B789A4209D9039BDA78039B9B78EE
:106E9400D31ADBB219460198FFF7F6FE039B1A7862
:106EA400039B5B789A420AD9039B1A78039B5B780D
:106EB400D31ADBB219460198FFF79EFE09E0039B43
:106EC4005A78039B1B78D31ADBB219460198FFF753
:106ED400ABFE019B9A68019B9B68927CDA7400E08C
:106EE40000BF05B05DF804FB00B587B00190002336
:106EF400ADF816300023ADF8143000238DF81330AC
:106F040000238DF80B30019B9B6894338022002171
:106F1400184606F087FD019B1B697749184603F064
:106F2400CDFB019B1B69184603F0A6FB0023ADF8BB
:106F34001030D5E003AB0DF10B0101220198FFF7EE
:106F4400BBFC039B002B04D140F2E730FFF79EFB10
:106F5400BDE09DF80B301B2B06D0019B9B6893F87A
:106F640094301B2B40F0B2809DF80B30522B40F034
:106F74009380019B9A689DF813301344002283F890
:106F84009420019B9B6893F895305B2B06D0019B62
:106F94009B68002283F894200B23A8E002238DF839
:106FA40013301BE0BDF814301A46920013445B0002
:106FB4009AB2019B99689DF81330581C8DF8130000
:106FC4000B4493F8943013449BB2303BADF8143027
:106FD4009DF91330002B01DA0C2388E0019B9A6899
:106FE4009DF81330134493F894303B2BDAD19DF879
:106FF400133001338DF813309DF91330002B1DDA53
:107004000C2374E0BDF816301A46920013445B005A
:107014009AB2019B99689DF81330581C8DF813009F
:107024000B4493F8943013449BB2303BADF81630C4
:107034009DF91330002B01DA0C2358E0019B9A6868
:107044009DF81330134493F89430002BDAD1BDF833
:107054001630FA2B04D9019B9B68FA221A7205E0B8
:10706400019B9B68BDF81620D2B21A72BDF8143089
:10707400FA2B04D9019B9B68FA229A7205E0019BC2
:107084009B68BDF81420D2B29A72019B9B680022BF
:1070940083F8942000232AE0019B9A689DF813301A
:1070A4009DF80B1013440A4683F894209DF813307E
:1070B40001338DF813309DF81330092B07D9019B48
:1070C4009B68002283F89420042310E000BF039BF4
:1070D400002B7FF42FAFBDF810300133ADF8103022
:1070E400BDF81030B3F57A7FFFF424AF0D231846B2
:1070F40007B05DF804FB00BF20F2000000B587B0C4
:10710400039002910192029B002B04D12A4940F280
:107114004F20FFF791F8019B002B04D126494FF42F
:107124001470FFF789F80398FFF7DEFE0346002B7F
:1071340018D1039B9B681B7AADF81630039B9B68A0
:107144009B7AADF81430FA210398FFF76DFDFA210C
:107154000398FFF799FD0398FFF7C6FE0346002B3B
:1071640024D101E0062322E0039B9B681A7A029B48
:107174001A70039B9B689A7A019B1A70029B1A7877
:10718400BDF81630DBB2D31ADBB219460398FFF709
:1071940033FD019B1A78BDF81430DBB2D31ADBB28D
:1071A40019460398FFF758FD002300E0062318460C
:1071B40007B05DF804FB00BF1CEC000000B585B00F
:1071C40001900B468DF803309DF80330002B2ED030
:1071D400019B9B68DB7B9DF803209A4234D01B23E0
:1071E4008DF808305B238DF8093031238DF80A308F
:1071F4003B238DF80B3033238DF80C309DF803308E
:107204002F33DBB28DF80D306D238DF80E30002353
:107214008DF80F30019B9B689DF80320DA73019B66
:107224001B6902AA0A49184603F048FA0DE0019BBB
:107234009B689DF80320DA73019B1B69054A044986
:10724400184603F03BFA00E000BF05B05DF804FB0C
:1072540070EC000028F2000000B585B001900B46E8
:107264008DF803309DF80330002B29D0019B9B68D7
:107274001B7C9DF803209A4221D01B238DF80830F3
:107284005B238DF8093034238DF80A309DF80330E0
:107294002F33DBB28DF80B306D238DF80C300023C7
:1072A4008DF80D30019B9B689DF803201A74019B97
:1072B4001B6902AA0449184603F000FA00E000BF63
:1072C40005B05DF804FB00BF70EC000082B00190D3
:1072D4000091019B9B680F331B889AB2009B1A8014
:1072E40000BF02B0704700B583B001900091009BCD
:1072F4001B7819460198FFF761FF009B5B781946DC
:107304000198FFF7A9FF00BF03B05DF804FB00B5C7
:1073140085B001900198FFF77DFB0390039B1B78D8
:107324001A46039B9B7901339A4203D1039B9B78B2
:10733400012B1FD0039B1B78012B10D10121019835
:10734400FFF78AFC039B5B7919460198FFF76CFCF5
:10735400019B9B68DA7C013AD2B2DA740BE001211A
:107364000198FFF749FC019B9B68DA7C013AD2B291
:10737400DA7400E000BF05B05DF804FB00B585B029
:1073840001900198FFF746FB0390039B1A78039B37
:107394005B789A4205D1039B9A78039BDB789A42E7
:1073A40021D0039B1A78039B5B799A4210D1012167
:1073B4000198FFF769FC039B5B7919460198FFF775
:1073C4001BFC019B9B68DA7C0132D2B2DA740BE0BD
:1073D40001210198FFF728FC019B9B68DA7C0132AC
:1073E400D2B2DA7400E000BF05B05DF804FB82B0ED
:1073F40001900B468DF80330019B9B689B7C7E2B90
:107404001BD8019B9968019B9B68DA7C501CC0B215
:10741400D87413460B449DF803201A75019B9B688E
:10742400019A9268D27C134400221A75019B9B68CE
:107434009A7C0132D2B29A7400E000BF02B0704765
:1074440000B587B001900B468DF80330019B9B6813
:1074540093F83D31C3F30003DBB2002B14BF0123C7
:1074640000238DF81730019B9B689A7C019B9B68D5
:10747400DB7CD31A8DF816309DF8173083F00103A6
:10748400DBB2002B20D0019B9B689B7C7E2B00F2FF
:10749400D9809DF81630002B20D0019B9A68019B5F
:1074A4009B68DB7C013310331344181D019B9A68DD
:1074B400019B9B68DB7C1033134404339DF8162036
:1074C400194606F0B3F909E0019B9B689B7C7E2B6F
:1074D40004D99DF81630002B00F0B680019B9B6800
:1074E400019A9268D27C13449DF803201A759DF882
:1074F400173083F00103DBB2002B0BD0019B9A6899
:10750400019B9B68997C0131C9B299749B7C13449B
:1075140000221A759DF81630002B41D00198FFF710
:1075240079FA0490049B9A78049BDB789A420CBF06
:10753400012300238DF80F309DF80F30002B17D056
:10754400019B9A68019B9B68DB7C103313440433D2
:107554003F4A0821019801F027FE9DF817309DF855
:107564001620D31ADBB219460198FFF745FB2DE02C
:107574000198FFF7CFFA019B9A68019B9B68DB7C1B
:10758400103313440433324A0821019801F00CFEED
:107594000198FFF7E5FA01210198FFF745FB15E093
:1075A4009DF81730002B0BD0019B9A68019B9B68B8
:1075B400997C0131C9B299749B7C134400221A75D9
:1075C4009DF8033019460198FFF762F9019B9B6807
:1075D400DA7C0132D2B2DA740198FFF7B7F80346C5
:1075E400002B03D00198FFF7E1FA2EE00198FFF792
:1075F400CBF80346002B28D00198FFF70BFA029032
:10760400029BDA78029B9B78D31ADBB2013BDBB294
:1076140019460198FFF738FB0198FFF7C7FA029B58
:10762400DA78029B9B78D31ADBB219460198FFF7EC
:1076340013FB029B1B78013BDBB219460198FFF751
:10764400F3FA02E000BF00E000BF07B05DF804FBFE
:1076540070EC000000B587B00190019B9B689B7C97
:10766400002B00F08180019B9B68DB7C002B7BD08E
:10767400019B9B689A7C019B9B68DB7CD31A8DF8E9
:107684001730019B9A68019B9B68DB7C013B10339C
:107694001344181D019B9A68019B9B68DB7C103383
:1076A4001344191D9DF8173001331A4606F0BEF82D
:1076B400019B9B68DA7C013AD2B2DA74019B9B6825
:1076C4009A7C013AD2B29A749DF81730002B43D0B9
:1076D40008210198FFF7DCF80198FFF79BF9049063
:1076E400049B9A78049BDB789A420CBF0123002305
:1076F4008DF80F309DF80F30002B16D0019B9A683F
:10770400019B9B68DB7C103313440433184A082123
:10771400019801F049FD0198FFF7D6F99DF817305B
:1077240019460198FFF768FA1FE00198FFF7F2F98C
:107734000198FFF7C9F9019B9A68019B9B68DB7C60
:107744001033134404330A4A0821019801F02CFD34
:107754000198FFF705FA08E0019B1B69054A0449F3
:10776400184602F0ABFF00E000BF07B05DF804FB71
:1077740070EC000034F2000000B587B00190019B6A
:107784009B689A7C019B9B68DB7CD31A8DF817302D
:107794009DF81730002B75D0019B9A68019B9B685C
:1077A400DB7C10331344181D019B9A68019B9B6872
:1077B400DB7C01331033134404339DF8172019463E
:1077C40006F034F8019B9B689A7C013AD2B29A7411
:1077D4000198FFF71FF90490049B9A78049BDB78C7
:1077E4009A420CBF012300238DF80F309DF80F300F
:1077F400002B30D0019B9A68019B9B68DB7C103383
:1078040013440433214A0821019801F0CDFC019B63
:10781400002B04D11E4940F29530FEF70DFD019B6B
:107824001B69002B04D11A4940F29530FEF704FD80
:10783400019B1B69174A1549184602F03FFF9DF842
:107844001730013B8DF817309DF817301946019811
:10785400FFF7D2F917E00198FFF75CF90198FFF7F9
:1078640033F9019B9A68019B9B68DB7C10331344BA
:107874000433064A0821019801F096FC0198FFF7A9
:107884006FF900E000BF07B05DF804FB70EC000086
:107894001CEC00003CF2000010B586B0039002918D
:1078A40001928DF8033000238DF81730039B0022DA
:1078B4001A60019B1B788DF811309DF81130002B54
:1078C40000F06C819DF81130184606F02CF903463F
:1078D400002B05D0019B5A1C019200221A7055E11D
:1078E400039B1B68591C039A11609B00029A134462
:1078F400019A1A6000238DF81730019B1B788DF8CC
:1079040011309DF81130002B00F03D819DF81730A7
:10791400002B2AD19DF811305C2B06D05C2B23DC84
:10792400222B11D0272B0FD01EE0019B5C1C019849
:10793400FEF7FCFE03461A462146019805F076FF41
:10794400019B013301931DE1019B5C1C0198FEF72F
:10795400EDFE03461A462146019805F067FF9DF89F
:1079640011308DF817300DE100BF9DF817209DF8F8
:1079740011309A420ED1019B5C1C0198FEF7D6FE91
:1079840003461A462146019805F050FF00238DF85E
:107994001730F7E09DF81730002B00F0E4809DF8D5
:1079A40011305C2B40F0DF80019B5B788DF8163042
:1079B4009DF816209DF817309A420ED1019B5C1C4D
:1079C4000198FEF7B3FE03461A462146019805F0D6
:1079D4002DFF019B01330193D4E09DF81630302B29
:1079E40048D100238DF8143002238DF8153020E09F
:1079F4009DF81530019A13441B788DF816309DF8C4
:107A040016302F2B19D99DF81630372B15D89DF920
:107A14001430DB005AB29DF81630303BDBB25BB257
:107A240013435BB28DF814309DF8153001338DF893
:107A340015309DF81530042BDAD99DF81530022B3A
:107A440018D99DF81530013B019AD4180198FEF716
:107A54006DFE02469DF81530D31A02331A462146AC
:107A6400019805F0E3FE019B5A1C01929DF8142035
:107A74001A7087E09DF81630782B74D100238DF8A6
:107A8400123002238DF813304CE09DF81330019A24
:107A940013441B788DF816309DF816302F2B11D90E
:107AA4009DF81630392B0DD89DF912301B015AB2AE
:107AB4009DF81630303BDBB25BB213435BB28DF8FA
:107AC40012302AE09DF81630602B11D99DF816303B
:107AD400662B0DD89DF912301B015AB29DF8163051
:107AE400573BDBB25BB213435BB28DF8123014E048
:107AF4009DF81630402B19D99DF81630462B15D811
:107B04009DF912301B015AB29DF81630373BDBB297
:107B14005BB213435BB28DF812309DF8133001331E
:107B24008DF813309DF81330032BAED99DF8133024
:107B3400022B18D99DF81330013B019AD4180198EF
:107B4400FEF7F4FD02469DF81330D31A02331A46A9
:107B54002146019805F06AFE019B5A1C01929DF88A
:107B640012201A700EE09DF81730002B07D19DF8F3
:107B74001130184605F0D7FF0346002B05D1019BB1
:107B840001330193B9E600BF00E000BF039B1A680C
:107B94009DF803309A42FFF48CAE00E000BF039BD3
:107BA4001B680C2B04D908494FF48660FEF744FB8C
:107BB400039B1B689B00029A134400221A609DF8E1
:107BC4001730184606B010BD1CEC000000B583B099
:107BD40001900B468DF80330019B9B689DF80320B0
:107BE4001A709DF80330022B12D1019B9B6800226E
:107BF4001A75019B9B680022DA74019B9B68002222
:107C04009A74019B1B68044A0321019801F0CCFA81
:107C140000BF03B05DF804FB70EC000082B001907B
:107C2400019B9B680022C3F8382100BF02B0704753
:107C340000B587B001900B468DF803300023039301
:107C44000023049300238DF8143000238DF816309C
:107C54009DF8033083F00103DBB2002B49D0019B74
:107C64009B68D3F83831002B00F0E1800198FFF7CE
:107C7400ABF8019B9B68D3F8380103A900230922C0
:107C840003F02CFC019B9B68049AC3F83821019BE8
:107C94009B689B7C8DF81730019B9B68D3F8383127
:107CA400002B7AD1019B9B6894331846FEF73EFD66
:107CB4000346002B0BD0019B9B6803F11402019B2C
:107CC4009B6894331946104605F062FE03E0019B5D
:107CD4009B6800221A75019B9B6814331846FEF7B3
:107CE40025FD0346DBB28DF8143001238DF81630E0
:107CF40053E0019B9B68D3F83821019B9B68D3F820
:107D040034319A4200F09580019B9B68D3F830315E
:107D1400002B00F08E800198FFF756F8019B9B68BA
:107D2400D3F83831002B26D1019B9B6814331846B5
:107D3400FEF7FCFC03468DF81730019B9A68019B03
:107D44009B68D2F83021C3F838219DF81730002BF6
:107D54000BD0019B9B6803F19402019B9B68143335
:107D64001946104605F014FE17E0019B9B6800229B
:107D740083F8942011E0019B9B68D3F8380103A990
:107D84000023092203F0AAFB9DF814308DF8173064
:107D9400019B9B68039AC3F838219DF8163083F041
:107DA4000103DBB2002B17D0019B9B68D3F8380189
:107DB40003A90023092203F091FB019B9B68D3F8DC
:107DC4003801019B9B6803F114019DF814300133C1
:107DD4001A46092303F082FB019B9B689DF814203B
:107DE400DA74019B9B689DF814209A749DF81430F2
:107DF4009DF817209A4202D90198FEF765FE019B6F
:107E04009B6814330D4A0821019801F0CDF90198BB
:107E1400FEF79CFC0346002B05D10198FEF7B4FC49
:107E24000346002B06D00198FEF7C0FE02E000BF17
:107E340000E000BF07B05DF804FB00BF70EC000079
:107E440000B587B001900091009B002B04D12D490F
:107E540040F2B240FEF7F0F9019B9B68D3F8303151
:107E6400002B13D1019B9B68009AC3F83021019B1E
:107E74009B68009AC3F834210023039300230493DE
:107E8400019B9B689B7C8DF8143024E0019B9B68CC
:107E9400D3F8300103A90023092203F01FFB009B40
:107EA4000493019B9B68D3F8300103A900230922A2
:107EB40003F002FB00230493019B9B68D3F8303149
:107EC4000393019B9B689B7C8DF81430019B9B68FA
:107ED400009AC3F8302103A900230922009803F073
:107EE400EBFA019B9B6803F11401019B9B689B7C4B
:107EF40001331A460923009803F0DEFA00BF07B0E5
:107F04005DF804FB1CEC000000B587B00190019BF8
:107F14009B68D3F83431002B3FD0019B9B68D3F886
:107F24003431059302A900230922059803F0D6FAF7
:107F3400019B9B68039AC3F8342102AB09220021F8
:107F4400184605F06FFD02A900230922059803F0E5
:107F5400B3FA059803F0CAF9019B9B68D3F834314E
:107F6400002B05D1019B9B680022C3F8302115E04A
:107F7400019B9B68D3F8340102A90023092203F072
:107F8400ADFA00230293019B9B68D3F8340102A944
:107F94000023092203F090FA00E000BF07B05DF867
:107FA40004FB00B589B00190019B9B68143318460B
:107FB400FEF7BCFB03468DF81B300198FFF72EFE3D
:107FC4009DF81B30002B5BD0019B9B68D3F83031AC
:107FD400002B36D0019B9B68D3F8300102A9002303
:107FE400092203F07BFA9DF810309DF81B209A4279
:107FF40027D1019B9B68D3F83001019B9B6803F157
:1080040094019DF8103001331A46092303F066FAEF
:10801400019B9B6803F11402019B9B6894331946EE
:10802400104605F081FC0346002B05D1019B9B689B
:10803400002283F8942024E0019B9B68002283F8AB
:1080440094200023079317E0019B5A699DF81B3085
:108054000A331946104603F0F2F80590059B002BED
:1080640004D005990198FFF7EBFE0AE00198FFF7A9
:108074004BFF079B01330793079B072BE4D900E0D1
:1080840000BF09B05DF804FB84B0019000910023A7
:108094008DF80F301FE09DF80F30019A13441A78C1
:1080A4009DF80F3000990B441B789A4202D09DF83A
:1080B4000F3019E09DF80F3001338DF80F309DF823
:1080C4000F30002B07D19DF80F30013B8DF80F3096
:1080D4009DF80F3008E09DF80F30019A13441B7887
:1080E400002BD8D19DF80F30184604B0704700001B
:1080F40000B587B00390029113468DF80730029BB8
:10810400002B04D13F4940F25B50FEF795F8039BE6
:108114009B689A7C039B9B68DB7CD31A8DF8173091
:10812400039B9B689B7C1A469DF8073013447F2B66
:1081340064DC9DF80730002B60D0039B9A68039B96
:108144009B68DB7C19469DF807300B4410331344BD
:10815400181D039B9A68039B9B68DB7C10331344B4
:10816400191D9DF8173001331A4605F05FFB039B78
:108174009A68039B9B68DB7C1033134404339DF89B
:1081840007200299184605F051FB039B9B681433A2
:108194001846FEF7CBFA0246039B9B68D2B29A7448
:1081A400039B9A68039B9B68DB7C10331344043362
:1081B400154A0821039800F0F7FF039B9B68D97CBC
:1081C400039B9B689DF807200A44D2B2DA74039893
:1081D400FEF7BCFA0346002B05D10398FEF7D4FA48
:1081E4000346002B02D00398FEF7E0FC9DF81730FD
:1081F400002B04D00398FEF78FFD00E000BF07B00A
:108204005DF804FB1CEC000070EC000010B588B0B5
:108214000590049113468DF80F30049B002B04D174
:10822400059B9B6800225A744DE0284B1B68184636
:10823400FEF77CFA0346DAB29DF80F3013448DF84A
:108244000F30059B9B685B7B1C46204B1B681846C4
:10825400FEF76CFA0346E21A9DF80F30B2FBF3F313
:108264008DF81F300498FEF761FA0346DBB29DF8DF
:108274000F20D31A8DF81E30059B9A68537C591C25
:10828400C9B251749DF81F20B3FBF2F101FB02F255
:108294009B1ADBB2002B0AD10C4B1A68049B009387
:1082A40013460B4A0721059800F07EFF05E0049B66
:1082B400084A0721059800F077FF9DF81E301946FB
:1082C4000598FEF7B1FC08B010BD00BF38010020CE
:1082D40094EC000070EC000000B5A3B00390002300
:1082E400209300231F9300238DF87B3000238DF807
:1082F4007A30039B9B689B7CC3F17F038DF87930B4
:108304009DF87930002B00F0DE81039B9B6803F11C
:108314009400039B9B6803F11401039B9B68DB7C23
:108324001A4605F04DFB039B9B68039A9268D27C26
:108334001344002283F89420039B9A68039B9B6850
:10834400DB7C013B13441B7D184605F0ECFB034624
:10835400002B14BF012300238DF873300398FFF71B
:108364005DFC039B9B6803F194020EA91BA80C23DC
:10837400FFF792FA9DF87B309B0088336B4453F8E7
:10838400503C1846FEF7D2F903468DF878300023A6
:108394001D9300230993002308931B9B002B09D0F2
:1083A4009DF87B209DF873101B9B0B44013B9A4264
:1083B400C0F0A7809DF87330002B03D000238DF804
:1083C40078300CE09DF87B309B0088336B4453F885
:1083D400503C1846FEF7AAF903468DF8783000237E
:1083E40021939DF87B10219A531C219309A80AAB71
:1083F400009303461D98FEF787FA099B002B7ED055
:108404009DF87B309B0088336B4453F8500C099BD8
:108414001B689DF87820194605F04EFA0346002B98
:1084240003D0089B002B68D06AE0089B002B1BD16B
:10843400219B013B1F93099B1B681846FEF776F9A5
:1084440003468DF87A309DF879209DF87A109DF8CE
:108454007830CB1A9A4241DD9DF87A209DF8783025
:10846400D31A8DF8793039E0099B1B681846FEF75A
:108474005DF903468DF872309DF872209DF87A30CC
:108484009A4203D99DF872308DF87A309DF879308C
:10849400002B23D09DF87B1008AA04AB009313464D
:1084A400209A1D98FEF730FA099B1A689DF87830D7
:1084B400D018089B1A689DF8783013441946FFF7C2
:1084C400E3FD03468DF872309DF879209DF87230F3
:1084D4009A4203D99DF872308DF87930219B013B83
:1084E4002093099B0893219B002B7FF47AAF7A4A4F
:1084F4000421039800F058FE02E000BF71E700BFBA
:108504002DE0002321939DF87B10219A531C219385
:1085140009A80AAB009303461D98FEF7F5F9219BC1
:10852400002B05D16C4A0421039800F03DFECFE0F6
:10853400099B002B00F0C9809DF87B309B00883399
:108544006B4453F8502C099B1B681946104605F0E0
:10855400EBF90346002BD6D1099B9B681D931D9B09
:10856400002B10D0099B002B0DD09DF87B300133DC
:108574008DF87B309DF87B209DF873101B9B0B447A
:108584009A42FFF40AAF089B002B00F0A0801F9AC8
:10859400209B9A4256D11D9B1B78002B09D09DF835
:1085A4007B1008AA0AAB00931346209A1D98FEF785
:1085B400ABF9089B1B681846FEF7B8F802469DF80D
:1085C40078309A420AD0089B1A689DF87830134490
:1085D4009DF8792019460398FFF78AFD039B9B6851
:1085E400039A9268D27C13441B7D184605F09BFACB
:1085F4000346002B22D1039B9B6893F83D3103F083
:108604000103DBB2002B14D0039B9A6892F83D312E
:1086140023F0010382F83D3120210398FEF710FF77
:10862400039B9A6892F83D3143F0010382F83D318F
:108634004EE020210398FEF703FF49E00398FEF77C
:108644003BFB45E09DF87A301A4600210398FFF77A
:10865400DDFD1F9B219314E09DF87B1009AA0AAB52
:1086640000931346219A1D98FEF74EF9099B1B6847
:108674009DF87A2019460398FFF7C8FD219B013322
:108684002193219A209B9A42E6D9039B1B68134AA3
:108694000321039800F088FD039B9B681433104A60
:1086A4000821039800F080FD0398FEF735FB089B32
:1086B4001A689DF8783013449DF879201946039878
:1086C400FFF716FD04E000BF02E000BF00E000BFBA
:1086D40023B05DF804FB00BF9CEC0000CCEC000070
:1086E40070EC000082B003468DF807309DF9073026
:1086F400002B01DA0B2300E00023184602B0704778
:1087040000B585B001900023039303AB0DF10B0179
:1087140001220198FEF7D0F8039B002B00F0408162
:108724009DF80B301846FFF7DDFF0346002B40F0A1
:10873400358102F0E5FE019B9B685B78022B00F01B
:10874400C980022B00F32581002B03D0012B00F0FC
:10875400B3801EE1019B1A7E9DF80B309A4210D122
:10876400019B9B689B7C002B03D10198FEF71EFAAA
:1087740002E0019800F0B8F902210198FFF726FA07
:1087840011E19DF80B301B2B3EDC002B6BDB1B2B0C
:1087940069D801A252F823F0A98800006B88000070
:1087A4006B8800006B8800006B8800006B880000F9
:1087B4006B8800006B880000378800001D8800006B
:1087C4006B8800006B8800006B8800006B880000D9
:1087D4006B8800006B8800006B8800006B880000C9
:1087E4006B8800006B8800006B8800006B880000B9
:1087F4006B8800006B8800006B8800006B880000A9
:108804006B880000138800007F2B1FD02BE0019B96
:108814009B6801225A704EE0019B9B6893F83D319E
:1088240003F00803DBB2002B3ED00198FFF754FDA0
:108834003AE0019B9B6893F83D3103F00803DBB2F7
:10884400002B33D00198FEF705FF2FE0019B9B68B6
:1088540093F83D3103F00803DBB2002B28D00198D4
:10886400FEF78AFF24E09DF80B30184605F06BF9FB
:108874000346002B1ED0019B9B6893F83D3103F007
:108884000803DBB2002B06D09DF80B301946019883
:10889400FEF7D6FD0EE09DF80B3019460198FEF761
:1088A400A6FD07E000BF7AE000BF78E000BF76E0F5
:1088B40000BF74E000BF72E09DF80B305B2B04D165
:1088C400019B9B6802225A7069E0019B9B6800220D
:1088D4005A7064E0019B9B6800225A70019B9B685C
:1088E40093F83D3103F00803DBB2002B5AD09DF816
:1088F4000B30413B0B2B4AD801A252F823F000BFA6
:10890400358900003F890000498900005189000031
:10891400938900005989000093890000618900004F
:1089240093890000938900009389000069890000FD
:1089340001210198FFF77CF92AE000210198FFF753
:1089440077F925E00198FEF719FD21E00198FEF77B
:10895400DEFC1DE00198FEF77EFA19E00198FEF7AF
:1089640033FA15E0019B9B6893F83D3103F0010352
:10897400DBB2019A9268002B0CBF01230023D9B209
:1089840092F83D3161F3000382F83D3100E000BF0D
:1089940005E0019B9B6800225A7000E000BFB4E62A
:1089A40000BF00E000BF05B05DF804FB00B585B072
:1089B400019000238DF80F30019B9B681B7D002BD9
:1089C40000F08E8008E09DF80F30002B04D1019B4D
:1089D4009B6800221A7584E0019B9A689DF80F3009
:1089E400591C8DF80F1013441B7D184605F09BF895
:1089F4000346002BE7D19DF80F30013B8DF80F3073
:108A04009DF80F30002B24D0019B9B6803F11400C8
:108A1400019B9B6803F114029DF80F30D118019B50
:108A24009B689B7C5A1C9DF80F30D31A1A4604F09D
:108A3400FDFE019B9B68997C019B9B689DF80F2020
:108A44008A1AD2B29A74019B9A68019B9B68927CA1
:108A5400DA74019B9A68019B9B689B7C013B1033F1
:108A640013440433029300238DF80F3007E09DF87C
:108A74000F3001338DF80F30029B013B0293029BB0
:108A84001B78184605F04FF80346002BEFD1019BE5
:108A94009A68019B9B689B7C013B1033134404330D
:108AA400029A9A421DD0019B9A68019B9B689B7C09
:108AB40019469DF80F30CB1A134400221A75019BF6
:108AC4009B68997C019B9B689DF80F208A1AD2B2FF
:108AD4009A74019B9A68019B9B68927CDA7400E00B
:108AE40000BF05B05DF804FB00B5A1B003900023FE
:108AF4001E9300231D9300231C9300231B930398B0
:108B0400FFF754FF0398FFF74CFA039B9B6803F1AC
:108B140014020AA917A80C23FEF7BEFE03468DF81B
:108B24006730179B002B03D10398FEF73FF814E13D
:108B34009DF86730002B07D09DF86730884A0221E2
:108B4400039800F031FB08E100231F9337E0854AC6
:108B5400854BD31ADB081F9A9A4217D30398FDF763
:108B6400F5FD0346002B08D00A9B804A0092804AF8
:108B74000221039800F018FBEFE00A9B7B4A009265
:108B84007C4A0221039800F00FFBE6E01F9BDB0008
:108B9400754A13441B931E9B9B0080336B4453F80C
:108BA400582C1B9B5B681B681946104604F0BCFEDE
:108BB4000346002B0BD000BF1F9B01331F93694A50
:108BC400694BD31ADB081F9A9A42C0D900E000BF50
:108BD4001B9B1B7883F00103DBB2002B04D1664995
:108BE40040F28770FDF728FB00231A9300230593B6
:108BF4001B9B5B68DB681893189B002B04D0039BBA
:108C04009B681B9A52685A601B9B5B689B681B930A
:108C14001E9B01331E9300231F93179B1E9A9A4297
:108C240056D21E9B9B0080336B4453F8583C5349E7
:108C3400184604F079FE0346002B0CD01E9B9B00C3
:108C440080336B4453F8583C4D49184604F06CFE8D
:108C54000346002B08D1039B9A6892F83D3143F0F8
:108C6400020382F83D3134E01F9A531C1F9305A977
:108C740006AB00930B461E991B98FDF745FE1F9B00
:108C8400002B26D0059B002B23D01E9B9B008033FA
:108C94006B4453F8582C059B1B681946104604F086
:108CA40043FE0346002BB8D1059BDB68002B06D09E
:108CB4001E9B1D931F9B013B1C931B9B1A931E9B86
:108CC40001331E9300231F93059B9B681B93A4E70A
:108CD40000BF0398FEF7BFF80398FDF737FD03467E
:108CE40083F00103DBB2002B02D00398FDF75EFF93
:108CF4001A9B002B1BD005AA06AB009313461C9AA3
:108D04001D991A98FDF700FE039B9B68059A5A600B
:108D1400039B9B685B68DB6817991D9A881A0AA9EC
:108D24001D9A92000A440146039898470DE0189B47
:108D3400002B05D017990AAA189B0398984704E0BA
:108D4400104A0221039800F02FFA039B9A6892F8C4
:108D54003D3123F0020382F83D3121B05DF804FB7C
:108D6400D4EC000050DC0000E0DB000008EC000064
:108D7400ECEC0000F4EC00001CEC000000ED000042
:108D840004ED00000CED000000B585B001900091E9
:108D9400019B002B04D10F4940F2E670FDF74CFA19
:108DA400009B002B04D10B4940F2E770FDF744FA15
:108DB400019B0393009B0293039B1A68029B1B680D
:108DC4001946104604F0B0FD0346184605B05DF898
:108DD40004FB00BF1CEC000000B585B00346009105
:108DE4008DF80730009B0393039B002B04D10949A2
:108DF40040F2F270FDF720FA9DF80730002B04D002
:108E0400039B9B68012283F83C2100BF05B05DF8F9
:108E140004FB00BF1CEC000010B588B00390029165
:108E240013468DF80730039B002B04D15F4940F6AD
:108E34000800FDF701FA039B9B68002B07D0039BF6
:108E44005B68002B03D0039B1B68002B04D157499C
:108E540040F60900FDF7F0F9039B1B7E0A2B08D0AE
:108E6400039B1B7E0D2B04D0504940F60A00FDF7EE
:108E7400E3F9039BDB68039A5A61039B5B681B68F5
:108E84001C68039B5868039B494A0299A0470690B3
:108E9400069B002B01D0069B85E0039B5B69002B9E
:108EA40004D1424940F61900FDF7C6F9039B5B69FA
:108EB400184602F0B9F90690069B002B01D0069BD8
:108EC40071E0039B9B680022C3F83021039B9B68DD
:108ED4000022C3F83421039B9B684FF4A072002145
:108EE400184604F09FFD039B9B68012283F83C21F4
:108EF400039B9A6892F83D319DF8071061F3820351
:108F040082F83D31039B9A6892F83D3143F008039F
:108F140082F83D31039B9B6801221A70039B9B6876
:108F240050225A73039B9B6818221A73214B059392
:108F34000023079321E0079BDB001F4A134404939B
:108F4400049B002B04D1194940F63500FDF774F950
:108F5400049B5B681B68002B04D1144940F636005F
:108F6400FDF76AF9049B5A68079B9B0005990B441B
:108F740012681A60079B01330793104A0E4BD31AE9
:108F8400DB08079A9A42D6D30C4A0B4BD31A072B09
:108F940008D90A4A084BD31AD908094B0422059860
:108FA40004F008FB0023184608B010BD1CEC0000B8
:108FB400DD8D000000000020E0DB000050DC00003C
:108FC4008D8D000000B587B00390029111461A46BA
:108FD4000B468DF8073013468DF80630039B002BA3
:108FE40004D1164940F66600FDF726F99DF80730CE
:108FF4001A4602990398FFF70FFF0590059B002B73
:1090040017D19DF80630002B13D0039BDB681A465A
:109014009DF820301946104603F0C8FD0490049BC7
:10902400002B01DA042305E0039BDB681846FDF7F7
:1090340013FB059B184607B05DF804FB1CEC00000D
:1090440000B585B00190019B002B04D1204940F666
:10905400B300FDF7F1F8019B9B68002B07D0019B3F
:109064005B68002B03D0019B1B68002B04D11849BB
:1090740040F6B400FDF7E0F8019B9B681B78012BD8
:1090840001D008231FE0019B5B681B689B68019A61
:1090940052680021104698470390039B002B11D17E
:1090A40008210198FEF78AF801210198FEF7D4F807
:1090B400019B1B690749184601F000FB0221019836
:1090C400FEF784FD039B184605B05DF804FB00BF62
:1090D4001CEC00002CED000000B585B00190019B54
:1090E400002B04D1264940F6E400FDF7A5F8019BC6
:1090F4009B68002B07D0019B5B68002B03D0019B6E
:109104001B68002B04D11E4940F6E500FDF794F8D6
:10911400019B9B681B78012B02DC002B24DA26E0E0
:10912400022B00D023E00198FFF7EAFA002101980E
:1091340000F0C8FB03468DF80F309DF80F30002B6C
:1091440014D0019B1B680F4A0321019800F02CF8EE
:10915400019B9B6814330B4A0821019800F024F802
:109164000198FDF7D9FD01E000BF00E000BF019BBD
:109174001B69184601F080FA00BF05B05DF804FBD6
:109184001CEC000070EC000000B585B00390029167
:1091940001920023019A02990398FDF713FB00BF83
:1091A40005B05DF804FB00000CB400B585B0019077
:1091B4000B468DF80330069B002B04D12B4940F657
:1091C4000D10FDF739F8019B002B04D1274940F617
:1091D4000E10FDF731F8019B9B68002B07D0019B13
:1091E4005B68002B03D0019B1B68002B04D11F4933
:1091F40040F60F10FDF720F80023039307AB039309
:10920400019B9B6893F83D3103F00403DBB2002B10
:109214001ED0019B9B68DB7B9DF803209A4217D0EC
:1092240002AB19460198FEF751F89DF80330194630
:109234000198FDF7C3FF019B1B6903AA0699184611
:1092440001F01CFC02AB19460198FEF74CF807E04C
:10925400019B1B6903AA0699184601F00FFC00BF85
:1092640000BF05B05DF804EB02B070471CEC0000D1
:1092740000B589B00390029101928DF80330029BEE
:10928400002B00F0BC809DF80330002B05D0019B1F
:10929400DBB219460398FDF7C7FC0023069302E0EE
:1092A400069B01330693029A069B13441B781846C7
:1092B40004F039FC0346002BF2D1002305930298F5
:1092C400FDF734FA0246069BD31A0793039B9B6867
:1092D4005B7B1A46019BD31A079A9A423AD8002319
:1092E400059326E0069A059B1344029A13441B78BF
:1092F4000A2B1BD1039B1B69184601F0BDF9029A86
:10930400069BD1180023059A0398FDF75BFA059A8A
:10931400069B1344013306930398FDF747FC019B16
:10932400DBB219460398FDF77FFC06E0059B013389
:109334000593059A079B9A42D4D3039B1869029A12
:10934400069B1344194601F0B9F900BF0398FDF7D1
:109354002DFC55E0039B9B685B7B1A46019BD31A4B
:109364000793069A059B1344029A13441B781846E4
:1093740004F0D9FB0346002B09D0059B0793069AFA
:10938400059B1344029A13441B780A2B0BD0059AAD
:10939400019B1344039A9268527B934205D2059B26
:1093A40001330593DDE700BF00E000BF039B1B69A9
:1093B400184601F061F9029A069BD1180023079A16
:1093C4000398FDF7FFF9069A079B1344069302E0FE
:1093D400069B01330693029A069B13441B78184696
:1093E40004F0A1FB0346002BF2D10398FDF7DEFB4A
:1093F400019BDBB219460398FDF716FC5DE700BF3D
:1094040009B05DF804FB000030B591B005900491FB
:109414000392059B002B04D1B44940F68D10FCF750
:109424000BFF059B9B68002B07D0059B5B68002BFB
:1094340003D0059B1B68002B04D1AC4940F68E1069
:10944400FCF7FAFE0023ADF83E30A948FDF76EF9AB
:1094540003469CB2A748FDF769F903469BB2E31A99
:10946400ADF83C30059B9B685B681B68A24A009280
:10947400A24A08210598FFF797FE059B9B685B6845
:109484001B681846FDF752F903469CB29A48FDF74B
:109494004DF903469BB22344ADF83E30059B9B68CF
:1094A4005B685968BDF83E2000230598FFF7E0FE8D
:1094B400934A08210598FFF777FE039B002B4AD0B7
:1094C400049B002B47D000230E9340E00E9A1346D2
:1094D4005B0013449B001A46049B13445B681846C4
:1094E400FDF724F904460E9A13465B0013449B00CF
:1094F4001A46049B13441B681846FDF717F90346E4
:10950400E218BDF83C309A421ED90E9A13465B000D
:1095140013449B001A46049B13445B681846FDF7EA
:1095240005F903469CB20E9A13465B0013449B0054
:109534001A46049B13441B681846FDF7F7F80346C4
:109544009BB22344ADF83C300E9B01330E930E9A2C
:10955400039B9A42BAD36748FDF7E8F80346694A81
:10956400127813449AB2BDF83C301344ADF83C3041
:10957400BDF83C305E4A0092634A08210598FFF723
:1095840013FE604B1B781A46BDF83C3013449BB263
:109594000133ADF83E30BDF83E2000235B49059809
:1095A400FFF766FE049B002B00F0018100230D935E
:1095B400F8E00D9A13465B0013449B001A46049B83
:1095C40013445B68002B69D00D9A13465B00134467
:1095D4009B001A46049B13441B68002B5ED00D9A13
:1095E40013465B0013449B001A46049B13445968BA
:1095F4000D9A13465B0013449B001A46049B1344C4
:109604001B6801933B4B00930B46414A0821059884
:10961400FFF7CAFD3B4B1B781A46BDF83C30134498
:10962400ADF83E30BDF83E30DCB20D9A13465B0017
:1096340013449B001A46049B13445B681846FDF7C9
:1096440075F80346DDB20D9A13465B0013449B0084
:109654001A46049B13441B681846FDF767F8034633
:10966400DBB22B44DAB2274B1B781344DDB221481A
:10967400FDF75CF80346DBB22B44DBB2E31ADBB242
:1096840019460598FDF7D0FA3A210598FDF700F937
:10969400BDF83E300133ADF83E3062E00D9A13461A
:1096A4005B0013449B001A46049B13445B68002B25
:1096B40030D0BDF83C100D9A13465B0013449B0058
:1096C4001A46049B13445B6800930B460E4A082118
:1096D4000598FFF769FD0B4B1B781A46BDF83C3023
:1096E40013449BB20133ADF83E303AE01CEC000069
:1096F40040F200004CF2000050F2000030ED000097
:1097040038ED000054F2000044ED00004CED000080
:1097140060ED00000D9A13465B0013449B001A464B
:10972400049B13441B68002B1BD0BDF83C100D9AFE
:1097340013465B0013449B001A46049B13441B68A6
:1097440000930B465C4A08210598FFF72DFD5B4BFF
:109754001B781A46BDF83C3013449BB20133ADF874
:109764003E300D9A13465B0013449B001A46049B3B
:1097740013449B68002B0FD00D9A13465B001344CF
:109784009B001A46049B13449968BDF83E200023AD
:109794000598FFF76DFD02E00598FDF707FA0D9BAC
:1097A40001330D930D9A039B9A42FFF402AF059B7C
:1097B4009B685B689B68002B76D0059B9B685B6805
:1097C4009B680B93002306930023ADF83E300023DF
:1097D400ADF83C3000230C930C9A531C0C9306A94F
:1097E40007AB00930B4601210B98FDF78DF8069B00
:1097F400002B12D0069B1B681846FCF797FF024605
:10980400BDF83C309A42E7D9069B1B681846FCF722
:109814008DFF0346ADF83C30DEE700BF0C9B012B07
:1098240044D0274A08210598FFF7BEFC00230C9377
:109834000C9A531C0C9306A907AB00930B46012109
:109844000B98FDF761F8069B002B31D01B4B1B785E
:109854001A46BDF83C301344ADF83E30BDF83E2006
:10986400069B1B6800931346134A08210598FFF7CB
:109874009BFC124B1B781A46BDF83E3013449BB236
:109884000133ADF83E30069B5B68002B08D0069B85
:109894005968BDF83E2000230598FFF7E9FCC7E7A7
:1098A4000598FDF783F9C3E700BF02E000BF00E0BD
:1098B40000BF11B030BD00BF44ED000054F2000001
:1098C4006CED000000B59BB003900B468DF80B3097
:1098D40000238DF86730039BDB68DB6812A9002244
:1098E400184601F019FF0346002B01D00023DDE0E8
:1098F4009DF80B30002B18D0129B184601F03FFD49
:10990400039B9B68D3F82C210132C3F82C21039BC1
:109914009B68D3F82C3103F00703012B03D10123F7
:109924008DF8673001E00123C0E00398FDF772F879
:109934001690169B9B78012B07D9169B9B78013BAD
:10994400DBB219460398FDF787F9169B1B78012BA8
:1099540007D9169B1B78013BDBB219460398FDF728
:109964004BF90398FDF7B0F89DF86730002B06D04B
:10997400504A02210398FFF717FC012396E00023C5
:10998400189312980FA9189B082201F0A7FD082329
:109994001893119B0C93109B9BB2ADF834300023A9
:1099A4008DF838309DF83C3003F00303DBB2012B13
:1099B4002ED10F9BC3F3952314939DF83C30C3F32E
:1099C400C203DBB28DF836309DF83C30C3F380031C
:1099D400DBB2002B14BF01230023DBB28DF8373038
:1099E400BDF83C30C3F38313DBB213931298139B7B
:1099F4009A0006A9189B01F071FD039B1B690CAA30
:109A040006A900931346139A149803F00BFC3CE048
:109A14009DF83C3003F00303DBB2022B35D1BDF8D3
:109A24003E30C3F389139BB217939DF83C30C3F3C4
:109A3400C203DBB28DF836309DF83C30C3F38003AB
:109A4400DBB2002B14BF01230023DBB28DF83730C7
:109A5400179B082B28BF08231593129804A9189B59
:109A6400159A01F03BFD189A159B13441893179A05
:109A7400159BD31A1793039B1B690CAA04A8159969
:109A840003F072FC179B002BE2D1129B184601F0E5
:109A940076FC039BDB68DB6812A90022184601F000
:109AA4003BFE0346002B3FF46AAF012318461BB06C
:109AB4005DF804FB7CED000000B587B001900091D7
:109AC400019B0493049B5B690393039B9B681B7832
:109AD400042B31D0039B9B681B78032B0CBF012301
:109AE40000238DF80B30049BDB686A461146184648
:109AF40001F062FD059010E09DF80B3083F0010346
:109B0400DBB219460398FFF7DDFE049BDB686A4667
:109B14001146184601F050FD0590059B002BEBD132
:109B2400009B184601F01CFC9DF80B30002B03D061
:109B340000210398FFF7C6FE00BF07B05DF804FBE1
:109B440082B0019000BF02B0704700B585B00190AB
:109B5400019B0393039B5B690293029B5B681B68F5
:109B64009B68029A52680121104698470346002BCD
:109B740004D1029B9B6803221A7003E0029B9B683A
:109B840004221A7000BF05B05DF804FB00B585B06F
:109B94000390019200930B468DF80B300398FCF769
:109BA40063FD0346002B06D0009A01990398FFF742
:109BB4002BFC01230FE09DF80B30002B0AD0039BF4
:109BC4009B685B681B68064A02210398FFF7ECFA5E
:109BD400012300E00023184605B05DF804FB00BF34
:109BE400ACED000000B585B0039002910192039B97
:109BF400002B04D12B4940F60730FCF71DFB039BD7
:109C04009B68002B07D0039B5B68002B03D0039B4E
:109C14001B68002B04D1234940F60830FCF70CFBE9
:109C2400029B022B0BD10398FCF71EFD0346002B6D
:109C340005D0002200210398FFF7E6FB2FE0039BE9
:109C4400002B04D117494FF43160FCF7F5FA039B5C
:109C54001B69002B04D113494FF43160FCF7ECFA73
:109C6400039B1B69104A1149184600F027FD039B0A
:109C7400002B04D10B4940F61130FCF7DDFA039BAD
:109C84001B69002B04D1074940F61130FCF7D4FAC4
:109C9400039B1B69064A0549184600F00FFD05B0F1
:109CA4005DF804FB1CEC000058F2000070EC0000AE
:109CB4005CF2000000B585B0039002910192029B12
:109CC400012B14BF01230023D9B2002300220398DF
:109CD400FFF75CFF0346002B08D1039B9A6892F8B8
:109CE4003D3123F0040382F83D3100E000BF05B0AC
:109CF4005DF804FB00B585B0039002910192029BCC
:109D0400012B14BF01230023D9B20023002203989E
:109D1400FFF73CFF0346002B08D1039B9A6892F897
:109D24003D3143F0040382F83D3100E000BF05B04B
:109D34005DF804FB00B587B0059004910392059B80
:109D4400002B04D11F4940F62930FCF775FA059B16
:109D54009B68002B07D0059B5B68002B03D0059BF9
:109D64001B68002B04D1174940F62A30FCF764FA2B
:109D7400049B012B05D1002200210598FFF744FB29
:109D84001DE0049B022B14BF01230023D9B200233E
:109D940000220598FFF7FAFE0346002B0ED1039B21
:109DA4001A68039B04331B680193074B0093134603
:109DB400064A02210598FFF7F7F900E000BF07B053
:109DC4005DF804FB1CEC0000F0EB0000C8ED0000A3
:109DD40000B587B0059004910392049B022B8CBFBD
:109DE40001230023D9B2002300220598FFF7CEFEF9
:109DF4000346002B23D1049B022B0ED1039B1A682C
:109E0400039B04331B6801930F4B009313460F4AC3
:109E140002210598FFF7C8F912E0059B9B6893F8A7
:109E24003D3103F00803DBB2002B01D0084B00E006
:109E3400084B094A08210598FFF7B6F900E000BF6E
:109E440007B05DF804FB00BFF0EB0000C8ED0000B4
:109E5400D4ED0000D8ED0000DCED000000B585B0C5
:109E6400039002910192029B012B14BF0123002352
:109E7400D9B2002300220398FFF788FE0346002B83
:109E840008D1039B9A6892F83D3123F0080382F8C5
:109E94003D3100E000BF05B05DF804FB00B585B0BE
:109EA400039002910192029B012B14BF0123002312
:109EB400D9B2002300220398FFF768FE0346002B63
:109EC40008D1039B9A6892F83D3143F0080382F865
:109ED4003D3100E000BF05B05DF804FB00B58DB076
:109EE400059004910392059B002B04D12D4940F663
:109EF4006F30FCF7A1F9059B9B68002B07D0059BED
:109F04005B68002B03D0059B1B68002B04D12549FB
:109F14004FF43760FCF790F9049B012B14BF012325
:109F24000023D9B2002300220598FFF72FFE034631
:109F3400002B33D100230B93059B9B68D3F834315A
:109F44000A930A9B002B23D00B9B072B20D807A92D
:109F5400002309220A9801F0C1FA059B9B6803F1CA
:109F640094019DF8243001331A4609230A9801F01C
:109F7400B5FA089B0A930B9B5A1C0B92059A92689C
:109F840094320092084A08210598FFF70DF9D8E7A2
:109F9400059B9B68002283F8942000E000BF0DB06D
:109FA4005DF804FB1CEC0000F0ED000000B587B088
:109FB400059004910392049B012B05D100220021FA
:109FC4000598FFF721FA1CE0049B022B0ED1039B9A
:109FD4001A68039B04331B6801930B4B00931346CD
:109FE4000A4A02210598FFF7DFF80AE0049B022BD6
:109FF4008CBF01230023D9B2002300220598FFF768
:10A00400C5FD07B05DF804FBF0EB0000C8ED0000EF
:10A0140000B58BB0079006910592069B012B14BFE7
:10A0240001230023D9B2002300220798FFF7AEFDD5
:10A034000346002B2BD1079BDB68DB68184601F035
:10A044001FFC03468DF827309DF82730642203FB5C
:10A0540002F2079BDB68DB689B68B2FBF3F38DF8C5
:10A064002630079B9B68D3F82C019DF826309DF879
:10A0740027200799C968C9688968029101920093E9
:10A084000346054A08210798FFF78EF800E000BF51
:10A094000BB05DF804FB00BFFCED000000B585B01B
:10A0A400039002910192029B012B14BF0123002310
:10A0B400D9B2002300220398FFF768FD0346002B62
:10A0C4000BD1039B9B680022C3F82C21039BDB6804
:10A0D400DB68184601F0E8FB00E000BF05B05DF85E
:10A0E40004FB000000B585B0039002910192029B2D
:10A0F400012B14BF01230023D9B2002300220398AB
:10A10400FFF744FD0346002B20D1039B002B04D111
:10A11400104940F6CE30FCF78FF8039B1B69002BE7
:10A1240004D10C4940F6CE30FCF786F8039B1B693A
:10A13400094A0A49184600F0C1FA039B9B68502259
:10A144005A73039B9B6818221A7300E000BF05B082
:10A154005DF804FB1CEC000064F2000070EC0000ED
:10A1640000B587B0059004910392059B002B04D1A0
:10A174002B4940F6D530FCF75FF8059B9B68002B14
:10A1840007D0059B5B68002B03D0059B1B68002B45
:10A1940004D1234940F6D630FCF74EF8049B012B3A
:10A1A4001BD1059B9B6803F10D01059B9B680C3338
:10A1B4001A460598FCF7A2FF0346002B2AD0059BFC
:10A1C4009B6850225A73059B9B6818221A73154A80
:10A1D40004210598FEF7E8FF1CE0049B022B8CBFCA
:10A1E40001230023D9B2002300220598FFF7CEFCF7
:10A1F4000346002B10D1039B1A68039B04331B688E
:10A204000193094B00931346084A02210598FEF76F
:10A21400CBFF02E000BF00E000BF07B05DF804FB25
:10A224001CEC000038EE0000F0EB0000C8ED00006C
:10A2340000B587B00190FF230493019BD86804AA5A
:10A2440003A9012301F0D0FB0590059B002B03D04B
:10A2540012494020FBF7F0FF059B002B18D1049B0B
:10A26400002B15D0019B5B690399049AD2B218465E
:10A27400F8F750FD0590059B002B09D1019B9B68C5
:10A284001B68019A40F6CD411846F9F70FFF059077
:10A29400059B184607B05DF804FB00BF78F2000088
:10A2A40000B587B001900091009B049300230593AF
:10A2B400FF230293019B1B78022B07D0022B00F390
:10A2C4008880002B47D0012B1CD082E0049BDA68E5
:10A2D400019B1B7A1946104601F002FC0590059B70
:10A2E400002B03D041495F20FBF7A6FF0498FFF73A
:10A2F4009FFF0590059B002B70D03C496120FBF724
:10A304009BFF6BE0049BDA68019B1B7A194610469D
:10A3140001F0E6FB0590059B002B03D03349672031
:10A32400FBF78AFF019B1B7A002B08D0049B5B6818
:10A334001B68049A52685268114600209847049892
:10A34400FFF776FF0590059B002B49D02749732022
:10A35400FBF772FF44E0049B1A69019B1B7A1946C0
:10A36400104601F06DFD0590059B002B03D01F499D
:10A374007920FBF761FFFF230293049B186902AA6B
:10A3840003A9012301F056FC0590059B002B03D083
:10A3940016497C20FBF750FF029B002B0FD0049B37
:10A3A4005B690399029AD2B21846F8F7A9FA0590A4
:10A3B400059B002B03D00D498120FBF73DFF049B37
:10A3C4005B681B68049A52685268114601209847DA
:10A3D40007E006498B20FBF72FFF02E000BF00E0F7
:10A3E40000BF00BF07B05DF804FB00BF78F20000B7
:10A3F40000B585B00190019B0393039B5B691846EC
:10A40400F8F786FD00BF05B05DF804FB00B589B020
:10A414000390029101920093039B0793079B5B684F
:10A42400019A1A60079B5B68009A5A60079B5B68F5
:10A43400002283F82820079B5B68002283F82920E8
:10A44400029B0693079B5B680833202206991846F3
:10A4540003F0B6FA069B079A1A61079B5B690C4ADC
:10A4640006991846F8F7E4F80590059B002B09D1E6
:10A47400079BDB68184601F099FA079B1B6918468D
:10A4840001F094FA059B184609B05DF804FB00BF7F
:10A49400A5A2000000B585B00190019B0393039B26
:10A4A4005B691846F8F716F9039B9B681B68184606
:10A4B400F9F72EFE0346184605B05DF804FB0000CC
:10A4C40000B585B001900B468DF80330019B0293D3
:10A4D40000230393029B5B6893F82830002B10D071
:10A4E400029B9B681B681846F9F712FE0390039BB6
:10A4F400002B04D0039B082B01D0039B3EE00023D8
:10A5040003939DF80330002B1AD0029B5B69184615
:10A51400F8F7E0F8029B5869029B5B680833002255
:10A524001946F8F785F80390039B002B06D1029B8C
:10A534005B68012283F8292000231FE006231DE025
:10A54400029B5B6893F8283083F00103DBB2002B95
:10A554000CD0029B9B680B4A00211846F9F776FD44
:10A564000390029B5B68012283F82820039B002B45
:10A5740003D10298FFF75CFE0390039B184605B0D5
:10A584005DF804FBF5A3000000B587B003900291C9
:10A5940001920093009B002B03D10B49F820FBF799
:10A5A4004BFE039B0593009B019A1A60059BDB6895
:10A5B400009A0299184601F0BFFB0490049B1846C8
:10A5C40007B05DF804FB00BF78F2000000B589B065
:10A5D4000390029101920093009B002B04D1254922
:10A5E4004FF48670FBF728FE039B0793009B019AA8
:10A5F4001A60079B1B69009A0299184601F0A4FA95
:10A604000690069B002B2FD1079B5B691846F8F731
:10A61400E3F9034683F00103DBB2002B24D0FF23CC
:10A624000493079B186904AA05A9012301F002FBFE
:10A634000346002B18D1079B5B690599049AD2B293
:10A644001846F8F75DF90690079B5B6893F8293084
:10A65400002B09D0069B002B06D1079B1B69049A8B
:10A664001146184601F0ECFB069B184609B05DF84C
:10A6740004FB00BF78F2000000B583B00190019B99
:10A68400002B03D10C493120FBF7D6FD019B9B68BD
:10A69400002B0CD0019B5B69019A1069019A116827
:10A6A400019A92689847019B00229A6000E000BFDB
:10A6B40003B05DF804FB00BFE4F200000EB400B583
:10A6C40084B00190019B002B03D118494220FBF771
:10A6D400B3FD019B5B69002B03D114494320FBF7B5
:10A6E400ABFD019B1B68002B03D110494420FBF7F1
:10A6F400A3FD019B5B68002B03D10C494520FBF7AC
:10A704009BFD059B002B0AD00023039306AB039308
:10A7140003AB1A460599019800F0B0F900E000BFB8
:10A7240004B05DF804EB03B0704700BFE4F200002E
:10A7340000B583B001900B468DF80330019B1A6875
:10A74400019B9B68581C0199886013449DF8032061
:10A754001A70019B9A68019B5B689A4202D3019824
:10A76400FFF78AFF00BF03B05DF804FB00B587B0B4
:10A77400039002910192009300230593009B03F040
:10A784000103002B24D00BE0029B01330293059BB1
:10A79400013305939DF8133019460398FFF7C8FF5A
:10A7A400029B1B788DF813309DF81330002BEBD1EE
:10A7B40006E0019B013B019320210398FFF7B8FFBA
:10A7C400019A059B9A422ED9019B002BF1D12AE0D4
:10A7D400029B002B0BD0029803F058F8059006E07A
:10A7E400019B013B019320210398FFF7A1FF019AEC
:10A7F400059B9A420FD9019B002BF1D10BE0029BE0
:10A8040001330293059B013305939DF813301946D8
:10A814000398FFF78DFF029B1B788DF813309DF88A
:10A824001330002BEBD100BF07B05DF804FB000030
:10A8340000B589B00390029101920093029B0793A3
:10A844000123069307E0079A019BB2FBF3F30793F6
:10A85400069B01330693079A019B9A42F3D2009A0E
:10A86400069B9A4201D9009B06930B9B03F00103BC
:10A87400002B22D10A9B002B1FD00B9B03F0020359
:10A88400002B06D0009B002B03D130238DF817300A
:10A8940002E020238DF8173008E00A9B013B0A935D
:10A8A4009DF8173019460398FFF742FF0A9B002BC7
:10A8B40003D0069A0A9B9A42EFD301230793009B85
:10A8C400012B03D9009B013B009309E0029A079BEB
:10A8D400B2FBF3F30493049A019B9A4200D205E07D
:10A8E400079B019A02FB03F30793E8E7029A079B8D
:10A8F400B2FBF3F30493049B079A02FB03F3029A5B
:10A90400D31A0293154A049B13441B7819460398DF
:10A91400FFF70EFF079A019BB2FBF3F30793079B24
:10A92400002BE3D10B9B03F00103002B11D00A9BF6
:10A93400002B0ED006E00A9B013B0A9320210398CA
:10A94400FFF7F6FE0A9B002B03D0069A0A9B9A4255
:10A95400F1D300BF09B05DF804FB00BF84F300002D
:10A9640000B589B00590049103920293049B002BD7
:10A97400B8BF5B4206930123079307E0039B069A43
:10A9840092FBF3F30693079B01330793039B069A09
:10A994009A42F3DA029A079B9A4201D9029B0793DF
:10A9A4000A9B002B0AD0049B002B04DB0B9B03F0B7
:10A9B4000403002B02D00A9B013B0A930B9B03F078
:10A9C4000203002B02D0029B002B16D00B9B03F03A
:10A9D4000103002B11D10A9B002B0ED006E00A9B29
:10A9E400013B0A9320210598FFF7A2FE0A9B002B46
:10A9F40003D0079A0A9B9A42F1D3049B002B07DAEF
:10AA0400049B5B4204932D210598FFF791FE08E017
:10AA14000B9B03F00403002B03D02B210598FFF7B5
:10AA240087FE0B9B03F00203002B19D00B9B03F052
:10AA34000103002B14D1029B002B11D10A9B002B84
:10AA44000ED006E00A9B013B0A9330210598FFF7DC
:10AA54006FFE0A9B002B03D0079A0A9B9A42F1D3FC
:10AA640004990B9B01930A9B0093029B039A0598FC
:10AA7400FFF7DEFE00BF09B05DF804FB00B58FB040
:10AA8400059004910392059B002B04D1AD494FF42A
:10AA94009F70FBF7D1FB059B5B69002B04D1A9498F
:10AAA4004FF4A070FBF7C8FB059B1B68002B04D177
:10AAB400A44940F24110FBF7BFFB059B5B68002BE8
:10AAC40004D1A0494FF4A170FBF7B6FB049B002B03
:10AAD40000F09381049B1B788DF83730049B01337D
:10AAE40004939DF83730002B00F07E819DF83730B9
:10AAF400252B40F06D8100230A9301230C93049BC2
:10AB04001B788DF837309DF83730302B0DD0302B33
:10AB14001BDC2B2B11D02D2B17D10A9B43F00103E7
:10AB24000A93049B0133049312E00A9B43F002034B
:10AB34000A93049B013304930AE00A9B43F0040341
:10AB44000A93049B0133049302E000230C9300BF97
:10AB54000C9B002BD3D1002309939DF837302A2B6B
:10AB64000CD1039B1B68191D039A11601B68099A79
:10AB740013440993049B013304931AE0049B1B7848
:10AB84008DF837309DF837302F2B12D99DF8373098
:10AB9400392B0ED8049B01330493099A13469B0066
:10ABA40013445B001A469DF837301344303B099335
:10ABB400D3E700230B93049B1B788DF837309DF863
:10ABC40037302E2B1DD1049B01330493049B1B7837
:10ABD4008DF837309DF837302F2B12D99DF8373048
:10ABE400392B0ED8049B013304930B9A13469B0014
:10ABF40013445B001A469DF837301344303B0B93E3
:10AC0400E4E7049B1B788DF837309DF837306C2BC4
:10AC140003D09DF83730682B07D1049B013304938C
:10AC2400049B1B788DF83730EFE79DF83730252BE0
:10AC340000F0C480252BC0F2C680782B00F3C380BB
:10AC4400582BC0F2C080583B202B00F2BC8001A2DC
:10AC540052F823F04DAD0000CBAD0000CBAD0000A9
:10AC6400CBAD0000CBAD0000CBAD0000CBAD000000
:10AC7400CBAD0000CBAD0000CBAD0000CBAD0000F0
:10AC8400DDAC0000FFAC0000CBAD0000CBAD00009C
:10AC9400CBAD0000CBAD0000FFAC0000CBAD00009D
:10ACA400CBAD0000CBAD0000CBAD0000CBAD0000C0
:10ACB400CBAD00008DAD0000CBAD0000CBAD0000EE
:10ACC40071AD0000CBAD000023AD0000CBAD0000A2
:10ACD400CBAD00004DAD0000039B1B68191D039A0A
:10ACE40011601B680C930C9B8DF81F309DF81F306E
:10ACF40019460598FFF71CFD66E0039B1B68191DA8
:10AD0400039A11601B680C930A9B0193099B00939F
:10AD14000B9B0A220C990598FFF722FE54E0039B33
:10AD24001B68191D039A11601B680C930C990A9BEC
:10AD34000193099B00930B9B0A220598FFF778FD6A
:10AD440042E000BF30F30000039B1B68191D039A07
:10AD540011601B680C930C990A9B0193099B009347
:10AD64000B9B10220598FFF763FD2DE0039B1B68E6
:10AD7400191D039A11601B6808930A9B099A089984
:10AD84000598FFF7F3FC1FE0039B1B68191D039A4A
:10AD940011601B680C9330210598FFF7C9FC7821DA
:10ADA4000598FFF7C5FC0C99002301930823009331
:10ADB400082310220598FFF73BFD05E0252105989F
:10ADC400FFF7B6FC00E000BF049B0133049305E0E9
:10ADD4009DF8373019460598FFF7AAFC049B1B78A9
:10ADE400002B7FF477AE00E000BF059B1B7B002B9C
:10ADF40004D00598FFF740FC00E000BF0FB05DF8F9
:10AE040004FB00BF00B585B0039002910192039B3F
:10AE1400002B02D0029B002B01D10E2309E0039BDF
:10AE2400029A1A60039B1B681B6801990398984750
:10AE34000346184605B05DF804FB10B586B00590CE
:10AE4400049103920293059B002B02D0039B002BD9
:10AE540001D10E2340E0059B1B68002B01D1082380
:10AE64003AE0029B002B0AD0059B5B685A68029B60
:10AE7400B3FBF2F101FB02F29B1A002B01D0092370
:10AE84002AE0049800F082F8034683F00103DBB261
:10AE9400002B14D1039B184600F078F8034683F086
:10AEA4000103DBB2002B0AD1029A0499059800F041
:10AEB40053F8034683F00103DBB2002B01D01023C7
:10AEC4000AE0059B1B68DC68089B0093029B039ABD
:10AED40004990598A0470346184606B010BD10B55E
:10AEE40084B00390029101920093039B002B01D143
:10AEF4000E232EE0039B1B68002B01D1082328E0BE
:10AF0400019B002B01D1092323E0039B5B681B6891
:10AF14005A1E029B1340002B10D1039B5B681B68D5
:10AF2400019A02FB03F31A460299039800F014F8FD
:10AF3400034683F00103DBB2002B01D0102308E0A9
:10AF4400039B1B681C69009B019A02990398A04704
:10AF54000346184604B010BD84B0039002910192D8
:10AF6400039BDB68029A9A4209D3029A019B134419
:10AF74005A1E039B1B699A4201D8012300E0002357
:10AF840003F00103DBB2184604B0704782B00190AD
:10AF9400019B03F00303002B0CBF01230023DBB24E
:10AFA400184602B0704710B487B001900091019B1D
:10AFB400009A53E8004F44EA020043E8000191F08C
:10AFC400000FF6D1059404900391059B184607B031
:10AFD4005DF8044B704710B487B001900091019B59
:10AFE400009A53E8004F04EA020043E8000191F09C
:10AFF400000FF6D1059404900391049B184607B002
:10B004005DF8044B704700B583B0019001210198AD
:10B01400FFF7C9FF0346184603B05DF804FB00B50B
:10B0240083B0019000210198FFF7D5FF034618462D
:10B0340003B05DF804FB00B58BB00390019200935C
:10B044000B468DF80B30039B9B68002B11D09DF8A9
:10B054000B308DF8143000230693019B0793009B5B
:10B0640008930C9B0993039B9B6805AA1046984779
:10B0740000E000BF0BB05DF804FB000082B001905B
:10B084000091019B024A5A600023184602B070479F
:10B0940094F3000000B583B0019000910348FFF7DA
:10B0A400BEFF0023184603B05DF804FB200900200E
:10B0B40000B585B00390029101920093029B009A1F
:10B0C4001946019802F07CFC0023184605B05DF88F
:10B0D40004FB000000B587B005900491039202932D
:10B0E4001048FFF790FF0346002B01D0112314E012
:10B0F4000422029BB3FBF2F31A4603990498F8F76F
:10B104000BF90848FFF78BFF089B0093029B049AF6
:10B1140001210598FFF78FFF0023184607B05DF85B
:10B1240004FB00BF2009002000B589B005900491FC
:10B1340003920293002307931448FFF764FF034626
:10B14400002B0ED011231CE04FF48052079B03FB0D
:10B1540002F2049B13441846F8F7BAF8079B01332C
:10B164000793079A039B9A42EED10848FFF757FFCB
:10B17400029B0093039B049A02210598FFF75BFF4F
:10B184000023184609B05DF804FB00BF2009002025
:10B1940082B001900091009B184602B0704782B0C3
:10B1A400019000910023184602B0704782B00190CC
:10B1B400044B1B68002B14BF01230023DBB2184689
:10B1C40002B070472009002010B487B001900091AC
:10B1D400019B009A53E8004F04EB020043E800018E
:10B1E40091F0000FF6D1059404900391049B184646
:10B1F40007B05DF8044B704710B487B0019000911C
:10B20400019B009A53E8004FA4EB020043E80001BD
:10B2140091F0000FF6D1059404900391049B184615
:10B2240007B05DF8044B704700B583B001900198F6
:10B23400FBF74EF90346184603B05DF804FB00B56E
:10B244008BB001900091019B1B8A043B0793009AE9
:10B25400079B1344DA1C079BB2FBF3F38DF81B30F6
:10B264000198FBF78DF90590059B002B01D1002374
:10B2740038E0059B00221A71059B01225A71079B35
:10B284009AB2059BDA80059B09939DF81B30013B1C
:10B294000493099B019A1A60002308931DE0019806
:10B2A400FBF76EF90390039B002B0ED0059B5B7993
:10B2B4000133DAB2059B5A71099B039A1A60039B06
:10B2C400019A1A60039B099304E0059800F00EF8B4
:10B2D400002307E0089B01330893089A049B9A42D1
:10B2E400DDD3059B18460BB05DF804FB00B58BB0AD
:10B2F4000190019B0793079B5B798DF81B30019BA1
:10B3040008939DF81B30013B05930023099305E046
:10B31400089B1B680893099B01330993099A059BB1
:10B324009A42F5D3089B1B680493019B089300235E
:10B3340009930BE0089B1B68039308990498FBF797
:10B344005FF9039B0893099B013309939DF81B3014
:10B35400099A9A42EED300BF00BF0BB05DF804FB1C
:10B3640000B585B00190019B0393039B0433012135
:10B374001846FFF729FF00BF05B05DF804FB00B5D0
:10B3840087B00190019B0593059B04330121184666
:10B39400FFF732FF0346039303AB0493049B1B782C
:10B3A400002B02D10198FFF7A1FF00BF07B05DF8A1
:10B3B40004FB000000B58DB003900291019200934C
:10B3C400039B0693069BDB880593039B0B93009BCF
:10B3D4001A1D059BB2FBF3F30A93009B0433059AF1
:10B3E400B3FBF2F2059901FB02F29B1A0993009A4E
:10B3F400019B1A44059B1344DA1C059BB2FBF3F32F
:10B404008DF81330069B5B799DF813209A420AD974
:10B414002849BA20FAF710FF05E00B9B1B680B9331
:10B424000A9B013B0A930A9B002BF6D10023089345
:10B43400059A099BD31A0793079A019B934228BF45
:10B44400134607932DE09DF83830002B0BD0029A59
:10B45400089BD0180B9A099B13440433079A194686
:10B4640002F0AEFA0AE00B9A099B1344181D029AE3
:10B47400089B1344079A194602F0A2FA0023099381
:10B484000B9B1B680B93019A079BD31A0193089A91
:10B49400079B13440893059A019B934228BF1346C4
:10B4A4000793019B002BCED100BF00BF0DB05DF808
:10B4B40004FB00BFC0F3000000B587B00590049101
:10B4C4000392029300230093029B039A0499059824
:10B4D400FFF770FF00BF07B05DF804FB00B587B04D
:10B4E400059004910392029301230093029B039A13
:10B4F40004990598FFF75EFF00BF07B05DF804FBF1
:10B5040000BF704700B583B001900091019B002BF0
:10B5140003D108493620FAF78FFE019B9B68009AF5
:10B524009A4202D2009B013300E00023184603B084
:10B534005DF804FB14F5000084B00190019B1B68C6
:10B544001B680393019B1B685B680293029A039B2D
:10B554009A4203D3029A039BD31A06E0019B9A688A
:10B56400039BD21A029B13440133184604B070475C
:10B5740000B585B00190019B002B03D10D494920F2
:10B58400FAF75AFE019B1B681B680393019B1B6817
:10B594005B68029302990198FFF7B4FF0246039B8C
:10B5A40093420CBF01230023DBB2184605B05DF8BB
:10B5B40004FB00BF14F5000010B586B001900091A3
:10B5C40000230593019B002B03D152495420FAF721
:10B5D40033FE009B002B03D14E495520FAF72CFE75
:10B5E4000020F8F7D3FD0198FFF7C2FF03468DF85A
:10B5F40013309DF8133083F00103DBB2002B03D129
:10B60400019B1B7C002B7AD1019B1B685B68039315
:10B61400019B1B685A68019B1C6811460198FFF73F
:10B6240071FF034663609DF81330002B0AD0019B21
:10B634001B681A68019B1C6811460198FFF762FF9A
:10B6440003462360019BDB68013B072B37D801A22B
:10B6540052F823F079B6000089B60000C3B60000A2
:10B664009BB60000C3B60000C3B60000C3B600001A
:10B67400ADB60000019B5A68039B1344009A1278EC
:10B684001A702DE0019B5A68039B5B001344009AD7
:10B6940012881A8024E0019B5A68039B9B00134480
:10B6A400009A12681A601BE0019B5A68039BDB0036
:10B6B400D118009BD3E90023C1E9002310E0019BCA
:10B6C4005B681946019BDB68039A02FB03F30B4496
:10B6D4001846019BDB681A46009902F071F900BF15
:10B6E4000198FFF729FF0290019B1B689B68029A4F
:10B6F4009A4207D9019B1B68029A9A6002E00423CC
:10B70400059300E000BF0020F8F754FD059B1846A0
:10B7140006B010BD14F5000010B586B00390029178
:10B7240013468DF8073000230593039B002B03D1A8
:10B7340042499620FAF780FD029B002B03D13F4932
:10B744009720FAF779FD0020F8F720FD039800F020
:10B7540077F8034683F00103DBB2002B64D0039B2C
:10B764001B681B6804939DF8073083F00103DBB268
:10B77400002B0AD0039B1B681A68039B1C681146A4
:10B784000398FFF7BFFE03462360039BDB68013B7E
:10B79400072B38D801A252F823F000BFC1B700002C
:10B7A400D1B700000BB80000E3B700000BB80000ED
:10B7B4000BB800000BB80000F5B70000039B5A68F3
:10B7C400049B13441A78029B1A702FE0039B5A6857
:10B7D400049B5B0013441A88029B1A8026E0039B97
:10B7E4005A68049B9B0013441A68029B1A601DE06C
:10B7F400039B5A68049BDB001344D3E9002302999A
:10B80400C1E9002312E0039B5B681946039BDB68D4
:10B81400049A02FB03F30B441946039BDB681A46A4
:10B82400029802F0CDF801E0052305930020F8F713
:10B83400C1FC059B184606B010BD00BF14F50000FE
:10B8440000B585B00190019B002B04D10B4940F257
:10B85400B710FAF7F1FC019B1B681B680393019B6B
:10B864001B685B680293039A029B9A420CBF0123F4
:10B874000023DBB2184605B05DF804FB14F50000A4
:10B8840000B583B00190019B002B04D1054940F21F
:10B89400C510FAF7D1FC019B1B689B68184603B0DE
:10B8A4005DF804FB14F5000000B583B00190019B22
:10B8B400002B04D1064940F2CB10FAF7BDFC019BE2
:10B8C4001B6800229A6000BF03B05DF804FB00BF50
:10B8D40014F5000010B487B001900091019B009A08
:10B8E40053E8004F44EA020043E8000191F0000FDE
:10B8F400F6D1059404900391059B184607B05DF8B2
:10B90400044B704710B487B001900091019B009ADA
:10B9140053E8004F04EA020043E8000191F0000FED
:10B92400F6D1059404900391059B184607B05DF881
:10B93400044B704710B487B001900091019B009AAA
:10B9440053E8004F04EA020043E8000191F0000FBD
:10B95400F6D1059404900391049B184607B05DF852
:10B96400044B704700B583B0019001210198FFF7A3
:10B97400B1FF0346184603B05DF804FB00B583B07D
:10B98400019000210198FFF7BDFF0346184603B05C
:10B994005DF804FB00B583B0019000210198FFF726
:10B9A400C9FF0346184603B05DF804FB82B001905A
:10B9B400019B9B6800229A60019B9B6800221A618C
:10B9C400019B9B6800225A61019B9B680022DA60FC
:10B9D400019B9B6800225A60019B9B6800221A60AD
:10B9E40000BF02B07047000000B589B00390029117
:10B9F40001928DF80330029B002B03D137493B2081
:10BA0400FAF71AFC019B002B03D134493C20FAF7C6
:10BA140013FC9DF80330002B09D0039B9B68184648
:10BA2400FFF7A0FF0346002B01D0112351E0039B35
:10BA34009B68DA68039B9B681B69D21A039B5B684B
:10BA440001339A420DD1019B00221A609DF8033004
:10BA5400002B04D0039B9B681846FFF79BFF002331
:10BA640037E0039B9B68DA68039B5B68134007938A
:10BA7400039B9B681A69039B5B6813400693079AB0
:10BA8400069B9A4205D3039B5A68079BD31A01333A
:10BA940006E0039B9B681A69039B9B68DB68D31AC7
:10BAA4000593019B1A68059B9A4228BF1A46019B7D
:10BAB4001A60039B1A68079B1A44029B1A60039B33
:10BAC4009B68D968019B1A68039B9B680A44DA60E7
:10BAD4000023184609B05DF804FB00BF68F50000B8
:10BAE40000B585B001900091019B5A68019B9B6849
:10BAF4001969019B9B689B68CB1A13440133039318
:10BB0400009A039B9A4201D9042318E0019B9B6885
:10BB14009968019B9B68009A0A449A60019B9A6801
:10BB2400019B9B689268DA60019B9B681846FFF74B
:10BB340025FF0346002B01D1082300E0002318460B
:10BB440005B05DF804FB000000B589B003900291D4
:10BB54000192029B002B03D135497320FAF76CFB49
:10BB6400019B002B03D132497420FAF765FB039B38
:10BB74009B681846FFF7F6FE0346002B01D01123FD
:10BB840052E0039B5A68039B9B681969039B9B685B
:10BB94009B68CB1A134401330593019B1A68059BD8
:10BBA4009A4228BF1A46019B1A60019B1B6807939F
:10BBB400039B9B689A68039B5B6813400693039BF3
:10BBC4005A68069BD31A01330493079A049B9A423A
:10BBD40012D9039B1A68069B1344049A02991846C7
:10BBE40001F0EEFE079A049BD31A079300230693F1
:10BBF400029A049B13440293039B1A68069B134402
:10BC0400079A0299184601F0DBFE039B9B6899682A
:10BC1400019B1A68039B9B680A449A60039B9B6878
:10BC24001846FFF7B7FE0023184609B05DF804FB79
:10BC340068F5000000B589B00390029101928DF877
:10BC44000330029B002B03D13A499320FAF7F4FA0C
:10BC5400019B002B03D137499420FAF7EDFA9DF8A4
:10BC64000330002B0AD0039B9B6804331846FFF76C
:10BC740079FE0346002B01D0112356E0039B9B68F9
:10BC84009A68039B9B685B69D31A0793079B002BF5
:10BC94000ED1019B00221A609DF80330002B05D0C1
:10BCA400039B9B6804331846FFF774FE00233CE0B3
:10BCB400039B9B685A69039B5B6813400693039B31
:10BCC4009B689A68039B5B6813400593059A069BDF
:10BCD4009A4208D9019B1B68079A9A4203D2019B96
:10BCE400079A1A6011E0059A069B9A420DD8039BA5
:10BCF4005A68069BD31A01330493019B1B68049A68
:10BD04009A4202D2019B049A1A60039B1A68069B0A
:10BD14001A44029B1A60039B9B685969019B1A6829
:10BD2400039B9B680A445A610023184609B05DF8D6
:10BD340004FB00BF68F5000000B58BB003900291CE
:10BD44000192029B002B03D13C49C220FAF774FAFA
:10BD5400019B002B03D13949C320FAF76DFA039BE9
:10BD64009B6804331846FFF7FDFD0346002B01D002
:10BD740011235EE0039B9B689A68039B9B681B6985
:10BD8400D31A0793019B1A68079B9A4228BF1A4645
:10BD9400019B1A60019B1B680993039B9B681A69AA
:10BDA400039B5B6813400893039B9B689A68039BFF
:10BDB4005B6813400693069A089B9A4203D9069A35
:10BDC400089BD31A04E0039B5A68089BD31A0133D7
:10BDD4000593099A059B9A4212D9039B1A68089BFA
:10BDE4001344059A0299184601F0EAFD099A059B45
:10BDF400D31A099300230893029A059B13440293D0
:10BE0400039B1A68089B1344099A1946029801F087
:10BE1400D7FD039B9B681969019B1A68039B9B6868
:10BE24000A441A61039B9B6804331846FFF7B2FD6A
:10BE3400002318460BB05DF804FB00BF68F5000052
:10BE440000B585B001900091019B9B689A68019BA5
:10BE54009B681B69D31A0393009A039B9A4201D9E6
:10BE6400042314E0019B9B681969019B9B68009A59
:10BE74000A441A61019B9A68019B9B6812695A6182
:10BE8400019B9B6804331846FFF784FD0023184682
:10BE940005B05DF804FB000000B585B00190019881
:10BEA40000F00EF80390039B002B01D0039B00E0ED
:10BEB400024B184605B05DF804FB00BFCCF500004A
:10BEC40086B00190164B0593164B04931FE0049A19
:10BED400059BD31ADB10DA0F13445B10DB00059AC1
:10BEE40013440393039B1B680293029A019B9A4297
:10BEF40002D9039B04930AE0029A019B9A4203D25B
:10BF0400039B0833059302E0039B5B6804E0059AF6
:10BF1400049B9A42DBD30023184606B0704700BF47
:10BF2400E8F80000D8F9000000B583B00190009152
:10BF3400019B1B681B6800990198984700BF03B0D8
:10BF44005DF804FB00B583B00190019B1B685B683E
:10BF54000198984700BF03B05DF804FB82B00190DC
:10BF64000B468DF80330019B9DF803201A7200BF25
:10BF740002B0704782B00190019B1B7A184602B050
:10BF8400704782B00190019B01225A7200BF02B037
:10BF9400704782B00190019B00225A7200BF02B028
:10BFA400704782B00190019B5B7A184602B07047DB
:10BFB40010B487B001900091019B009A53E8004FA0
:10BFC40044EA020043E8000191F0000FF6D1059421
:10BFD40004900391049B184607B05DF8044B704726
:10BFE40010B487B001900091019B009A53E8004F70
:10BFF40004EA020043E8000191F0000FF6D1059431
:10C0040004900391059B184607B05DF8044B7047F4
:10C0140000B583B0019001210198FFF7C9FF0346E1
:10C02400184603B05DF804FB00B583B0019000210D
:10C034000198FFF7D5FF0346184603B05DF804FBEB
:10C0440000B58BB00190364BFF229A60344B00222E
:10C054001A60334B00225A60314B0022C3F8182473
:10C064002F4B0022C3F814242D4B002283F81C24E8
:10C074002C48FFF7D9F80690069B002B01D0069BAD
:10C084004AE0294A294BD31ADB0805930023099374
:10C094003DE000230793002308931DE0099A089BC1
:10C0A4009A4216D0099BDB00204A13441B68039371
:10C0B400089BDB001D4A13441B6802931422029957
:10C0C400039801F0F9FB0346002B02DD079B0133C3
:10C0D4000793089B01330893089A059B9A42DDD382
:10C0E400099A13465B0013449B001A46104B1344F1
:10C0F4000493049B00225A60099B9AB2049B1A8001
:10C10400079B9AB2049B5A80099B01330993099AAD
:10C11400059B9A42BDD3002318460BB05DF804FB7F
:10C12400F4090020D8F9000080DC000050DC000095
:10C134004C000020024A034BD31ADB081846704710
:10C1440080DC000050DC000000B587B001900B4695
:10C154008DF803309DF80330002B23D0FFF7EAFF5E
:10C1640004900023059317E0059A13465B001344DB
:10C174009B001A460E4B13440393039B5B881A4699
:10C18400019B1B689A4204D1019B059A1A60002303
:10C1940009E0059B01330593059A049B9A42E3D376
:10C1A400052300E00023184607B05DF804FB00BF38
:10C1B4004C00002000B585B001900B468DF803308B
:10C1C4009DF8032001AB11461846FFF7BDFF034657
:10C1D400002B07D1019BDB00054A13440393039B07
:10C1E4001B6800E00023184605B05DF804FB00BF9F
:10C1F40050DC000084B001900B468DF80330019BA5
:10C20400DB00174A134402939DF80330013B032BD0
:10C214001CD801A252F823F02DC2000035C2000040
:10C224003DC2000047C2000002238DF80F3011E028
:10C2340004238DF80F300DE0029B1B798DF80F302D
:10C2440008E0029B5B798DF80F3003E000238DF842
:10C254000F3000BF9DF80F30184604B0704700BF80
:10C2640050DC000086B00190002305930023049362
:10C2740011E00722049B9A40019B1A40049B22FA76
:10C2840003F30393039A059B9A4201D9039B0593F5
:10C29400049B03330493049B092BEAD9059B18469A
:10C2A40006B0704700B587B00390029113468DF82D
:10C2B4000730029A13465B0013449B001A46164B40
:10C2C40013440593059B9968039A13465B00134432
:10C2D400072202FA03F3DB4301EA0302059B9A6097
:10C2E400059B99689DF8073003F00700039A1346ED
:10C2F4005B00134400FA03F341EA0302059B9A60CE
:10C30400059B9B681846FFF7ADFF0246059B5A60E4
:10C3140000BF07B05DF804FB4C00002000B589B0F5
:10C324000390029111461A460B468DF807301346C6
:10C334008DF8063000238DF81F309DF80630002B51
:10C3440020D09DF8072002AB11461846FFF7FCFEEB
:10C354000346002B30D1029A13465B0013449B0022
:10C364001A46184B13440593059B9968039A134680
:10C374005B00134421FA03F3DBB203F007038DF8E7
:10C384001F3019E09DF8063083F00103DBB2002B67
:10C3940012D09DF8072002AB11461846FFF7D4FED1
:10C3A4000346002B08D1029BDB00074A1344069383
:10C3B400069B9B798DF81F309DF81F30184609B0F5
:10C3C4005DF804FB4C00002050DC000000B589B08F
:10C3D4004148FFF71DFE4148FFF71AFE404B5B68DA
:10C3E40007933F4B9B680493079A049B13400233C3
:10C3F4009B003B4A1344043306931BE0079B013321
:10C404000793069B5B88C3F389139BB21A46069B6A
:10C414001B88C3F389139BB213441A46079B134426
:10C424000793079A049B134002339B002C4A13443E
:10C4340004330693069B1B7803F00303DBB2002B43
:10C44400DCD00023059311E0079B5A1C0792049A41
:10C454001340059A920069460A44214902339B001D
:10C464000B445B681360059B01330593059B012B0B
:10C47400EAD99DF80030C3F30103DBB2012B0CD0E1
:10C48400022B14D1BDF80230C3F389139BB20333DA
:10C494009B08079A134407930FE0BDF80030C3F3D9
:10C4A4008313DBB21A46079B1344079305E00D4937
:10C4B40040F24D10F9F7C0FE00BF0848FFF7B4FD85
:10C4C4000390039B002B02D0054A079B536000BFD7
:10C4D40009B05DF804FB00BF0C0E0020080E00201C
:10C4E400F4090020FCF9000010B586B00390029115
:10C4F40001920093039B1B0CADF81630BDF8164057
:10C50400FFF718FE03469C4204D323494FF4B2704C
:10C51400F9F792FE009B5A1C089B1340BDF81620A5
:10C524001E4902339B000B445A60009A089B134037
:10C5340002339B00194A134404330493039B1B09DD
:10C5440003F00103D9B2049A137861F382031370E0
:10C55400039B03F00703D9B2049A137861F3C5036C
:10C564001370019B03F00F03D9B2049A138861F38B
:10C5740089131380029BC3F31501049A136861F3B2
:10C584009F231360049A1378012161F3010313704C
:10C5940000BF06B010BD00BFFCF90000F409002084
:10C5A40000B589B001900091019B023306930223E8
:10C5B400059301238DF813300020F7F7E7FD214B95
:10C5C4001A68009B1A601F4B9A681E4B59681D4BD2
:10C5D4001B68CB1A134401330793069A059B134433
:10C5E40003930BE0FFF7F2FE164B9A68154B59685C
:10C5F400144B1B68CB1A134401330793039A079B0C
:10C604009A42EFD80F4B1A680E4B9B6813400233C3
:10C614009B000C4A134404330293029A137843F0A8
:10C6240003031370074B1A68069B1344054A1360EF
:10C634000020F7F7BFFD9DF81330184609B05DF8E8
:10C6440004FB00BFF409002000B58BB005900491F1
:10C65400039202931E4B9B68079306AB19460298FC
:10C66400FFF79EFF0346002B24D0069B0233099359
:10C674000023089311E0089B9B00039A1A44099B2A
:10C68400591C099107990B401268114902339B0008
:10C694000B445A60089B01330893089A029B9A4200
:10C6A400E9D3069A079B00931346029A04990598C6
:10C6B400FFF71AFF064B93F81C34002B04D000F04C
:10C6C40063F80346002BFAD100BF0BB05DF804FBFE
:10C6D400F409002000B583B00190009100230022EA
:10C6E40000990198FFF7B0FF00BF03B05DF804FBA9
:10C6F40000B587B0039002910192019B059305AAAE
:10C70400012302990398FFF79FFF00BF07B05DF86C
:10C7140004FB00B587B00390029101920093019B42
:10C724000493009B059304AA022302990398FFF73C
:10C734008BFF00BF07B05DF804FB00B589B0039020
:10C74400029101920093019B0493009B05930A9B21
:10C7540006930B9B079304AA042302990398FFF7FB
:10C7640073FF00BF09B05DF804FB0000054B5A6875
:10C77400044B1B689A420CBF01230023DBB218460A
:10C78400704700BFF409002000B599B0FFF7EEFF31
:10C794000346002B01D00023CBE19C4B0022C3F8BD
:10C7A4001824BFF34F8F00BF984B5B681793974BC8
:10C7B4009B680F93179A0F9B134002339B00934A75
:10C7C4001344043316930023159300231493002376
:10C7D40013931BE0179B01331793169B5B88C3F3DA
:10C7E40089139BB21A46169B1B88C3F389139BB209
:10C7F40013441A46179B13441793179A0F9B13401D
:10C8040002339B00814A134404331693169B1B780E
:10C8140003F00303DBB2002BDCD00023129311E0FE
:10C82400179B5A1C17920F9A1340129A920069464A
:10C834000A44764902339B000B445B681360129BE5
:10C8440001331293129B012BEAD99DF8003003F0B7
:10C854000303DBB2022B40F09C80BDF80230C3F32B
:10C8640089139BB20D93BDF80230C3F389139BB2B5
:10C87400502B28BF50239BB20C930C9BC3F309038A
:10C884009AB2BDF8023062F38F13ADF802300C9BFC
:10C8940008330B939DF80030C3F3C203DBB2139348
:10C8A4000B995B48FEF7CBFC1590159B002B00F011
:10C8B400E0801598FEF754FD6946149B08221598EC
:10C8C400FEF7FAFD149B08331493179BDA430F9B6E
:10C8D400134001339B000A930C9A0A9B9A4242D953
:10C8E4000A9B002B08D0179A0F9B134002339B001E
:10C8F400464A1344043300E0464B08930A9B002B3A
:10C9040002D00A9BDBB201E00C9BDBB28DF81F3036
:10C914000A9B002B01D03F4B00E0002306930A9BA7
:10C92400002B06D00C9BDAB20A9BDBB2D31ADBB223
:10C9340000E000238DF817309DF81F20149B089900
:10C944001598FEF7B9FD9DF81F30149A13441493FB
:10C95400069B002B16D09DF81720149B069915985A
:10C96400FEF7AAFD0EE0179A0F9B134002339B00BB
:10C97400264A134404330993149B0C9A0999159875
:10C98400FEF79AFD0D9B03339B08179A13441793E4
:10C994006FE09DF8003003F00303DBB2012B5AD1A2
:10C9A400BDF80030C3F38313DBB2062B28BF062384
:10C9B400DAB2BDF8003062F38913ADF80030BDF887
:10C9C4000030C3F38313DBB202330E939DF80030BF
:10C9D400C3F3C203DBB213930E9B9B0019460C48AE
:10C9E400FEF72DFC1590159B002B42D01598FEF7F1
:10C9F400B7FC6946149B08221598FEF75DFD149B4D
:10CA040008331493002312931BE000BFF4090020A1
:10CA1400D8F90000000A0020179B5A1C17920F9A9D
:10CA2400134002339B00454A1344191D149B0422EE
:10CA34001598FEF741FD149B04331493129B0133A4
:10CA44001293BDF80030C3F38313DBB21A46129B72
:10CA54009342E1D30DE09DF8003003F00303DBB211
:10CA6400032B06D1354BD3F81834002B01D1002306
:10CA74005FE0159B002B56D0304BD3F81034119344
:10CA84002E4BD3F81834002B39D01598FEF777FCC9
:10CA940049E000238DF843301198FFF782FA0346EA
:10CAA400002B21D01198FFF765FA03468DF8163054
:10CAB400019A13465B0013449B001A46204B13440F
:10CAC4009B6804939DF8162013465B001344049A54
:10CAD40022FA03F303F007030393039A139B9A4286
:10CAE40002D301238DF843309DF84330002B03D04B
:10CAF40015991198FFF718FA119B5B681193119B14
:10CB0400002BC6D11598FEF73AFC0020F7F73EFB40
:10CB14000A4BD3F81834002B02D1084A179B5360F0
:10CB24000020F7F747FBFFF721FE034683F00103DC
:10CB3400DBB2184619B05DF804FB00BFF40900200D
:10CB44004C00002000B585B00023039322E0164B6F
:10CB5400D3F81034029301238DF807300EE00298C5
:10CB6400FFF708FA03461A46039B934203D10023B6
:10CB74008DF8073005E0029B5B680293029B002B53
:10CB8400EDD19DF80730002B01D0039B07E0039BF8
:10CB940001330393039B092BD9DD4FF0FF33184670
:10CBA40005B05DF804FB00BFF409002000B587B0B0
:10CBB40001900B468DF80330FFF7C4FF0490049BEB
:10CBC400B3F1FF3F01D1049B47E0049BDBB219465C
:10CBD4000198FFF7C3F9234BD3F81034002B07D186
:10CBE400204A019BC2F81034019B00225A600AE0DB
:10CBF4001C4BD3F810345A68019B5A60194BD3F874
:10CC04001034019A5A60002305931FE0049800230E
:10CC140000220599FFF782FB03468DF80F309DF83B
:10CC240003209DF80F30934228BF13468DF80E3031
:10CC34000198FFF79FF9034618469DF80E301A46EF
:10CC44000599FFF72FFB059B01330593FFF772FA54
:10CC54000246059B9342D9D3049B184607B05DF85E
:10CC640004FB00BFF409002000B583B00C4BD3F8DB
:10CC7400103401930A4B012283F81C2408E0019824
:10CC8400FFF77FF90198FFF75DF9019B5B6801935A
:10CC9400019B002BF3D100BF00BF03B05DF804FB80
:10CCA400F409002082B00190019B9B6893F83D3108
:10CCB400C3F34003DBB2002B14BF01230023DBB218
:10CCC400184602B07047000010B58CB0079006916A
:10CCD4000592FFF72FFA0A90079BDB681B7A0993EA
:10CCE400079BDB681846FFF75CF9034683F00103F2
:10CCF400DBB2002B04D02C4A02210798FCF754FA2B
:10CD04002A4B2B4A08210798FCF74EFA294A082196
:10CD14000798FCF749FA00230B933CE00123012216
:10CD24000B990998FFF7FAFA03468DF8233000238C
:10CD340001220B990998FFF7F1FA03468DF8223086
:10CD44009DF82230032B28BF03238DF821300121C5
:10CD54000B98FFF72FFA04469DF82330164A52F831
:10CD640023309DF82120144951F822209DF82100F8
:10CD74009DF82210884201D2104900E01049029126
:10CD84000192009323460F4A08210798FCF70CFAF6
:10CD94000B9B01330B930B9A0A9B9A42BED300BFA1
:10CDA40000BF0CB010BD00BF8CFA0000A0FA000058
:10CDB400ACFA0000CCFA00003C010020FCFA0000B0
:10CDC40000FB000004FB000000B587B00190009157
:10CDD400FFF7B0F904900023059313E000210598B0
:10CDE400FFF7E8F9039020220199039800F064FD0D
:10CDF4000346002B03D1009B059A1A6006E0059BAD
:10CE040001330593059A049B9A42E7D3059A049B40
:10CE14009A4214BF01230023DBB2184607B05DF821
:10CE240004FB00B587B00390029113468DF80730D8
:10CE34000023002202990398FFF770FA03468DF845
:10CE440017309DF807209DF817309A4201D9002326
:10CE540007E09DF807301A4602990398FFF722FA73
:10CE64000123184607B05DF804FB000000B58BB041
:10CE7400039002910192039BDB681B7A05930023C4
:10CE84008DF81B30029B002B00F0C680019B1B68B1
:10CE94006349184600F048FD0346002B39D1029B34
:10CEA400012B05D15F4A02210398FCF77DF9B3E019
:10CEB400029B022B02D101238DF81B300023079320
:10CEC40010E0019B04331868574A079B52F823303B
:10CED4000A22194600F0F0FC0346002B06D0079BFB
:10CEE40001330793079B042BEBD900E000BF079B9A
:10CEF400052B08D1019B04331B684C4A022103987B
:10CF0400FCF752F988E0079B8DF827300223089339
:10CF14001CE0019B1B684649184600F005FD0346CA
:10CF2400002B0BD1029B012B02D101238DF81B3066
:10CF340000238DF827300123089307E0019B1B6829
:10CF44003C4A02210398FCF72FF965E09DF81B3059
:10CF5400002B23D00023079319E09DF827301A46AD
:10CF640007990598FFF75DFF034683F00103DBB2E1
:10CF7400002B09D000210798FFF71CF903462E4A1D
:10CF840002210398FCF710F9079B01330793FFF77D
:10CF9400D1F80246079B9342DFD33DE0089B0793F9
:10CFA40036E000230493079B9B00019A13441B68FB
:10CFB40004AA11461846FFF707FF034683F001034E
:10CFC400DBB2002B09D0079B9B00019A13441B681A
:10CFD4001A4A02210398FCF7E7F8049B9DF82720DE
:10CFE40019460598FFF71DFF034683F00103DBB2E2
:10CFF400002B0AD0049B00211846FFF7DBF80346F8
:10D004000D4A02210398FCF7CFF8079B01330793DD
:10D01400079A029B9A42C4D30BB05DF804FB00BF8D
:10D024001CFB000024FB00003C0100203CFB000032
:10D034005CFB000064FB00007CFB0000A0FB000024
:10D0440000B583B001900091009B0022DA60009B40
:10D0540000225A60009B064A9A6001210198FFF75A
:10D06400A9F80246009B1A6000BF03B05DF804FBF8
:10D0740030FD000082B001900091009B0022DA6034
:10D08400009B00225A60009B074A9A60019B042B74
:10D0940004D8064A019B52F8233000E00023009A8A
:10D0A400136000BF02B0704730FD00005001002043
:10D0B40000B585B0039002910192039BDB6818468A
:10D0C400FEF767FF00BF05B05DF804FB00B585B04F
:10D0D400039002910192039BDB681846FEF751FF0F
:10D0E40000BF05B05DF804FB00B587B0059004915E
:10D0F4000392049B012B05D00598FFF7D3FD03464B
:10D10400002B05D0002200210598FCF77DF90DE0E5
:10D11400039B1A68039B04331B680193054B00931C
:10D124001346054A02210598FCF73EF807B05DF85E
:10D1340004FB00BFF4FC0000E8FC000010B582B062
:10D1440001900091019BDB7983F00103DBB2002B9A
:10D1540028D0019B1B7A002B12D0019B9B881A4676
:10D16400019B9B7919461046FFF744F803461A467B
:10D174000E4B53F822301A460D490098FDF79EFADB
:10D18400019B9B791A460B4B53F82240019B9B88C9
:10D1940000211846FFF70EF8034622460649009878
:10D1A400FDF78CFA00BF02B010BD00BF780100206B
:10D1B40020FE00006401002024FE000000B585B0BC
:10D1C4000390029113468DF80730039BDB7983F0BB
:10D1D4000103DBB2002B0FD0039B1B7A002B06D07C
:10D1E4000D4B1B681A460D490298FDF767FA0C4966
:10D1F4000298FDF763FA07E09DF80730002B03D08F
:10D2040007490298FDF75AFA0298FDF735FA00BF6C
:10D2140005B05DF804FB00BF7801002020FE00008B
:10D2240030FE000030B58BB0079006910592049350
:10D234000E9B1B7B8DF827300E9B00221A730E99D0
:10D244000498FFF77BFF059B062B7FD801A252F8B9
:10D2540023F000BF75D200007FD200008FD20000FF
:10D26400A3D20000C1D20000E9D2000019D300000B
:10D2740007990E98FDF722FA69E0069B1B681A4687
:10D2840007990E98FDF71AFA61E0069B1A68069B47
:10D2940004331B6807990E98FDF710FA57E0069BB4
:10D2A4001A68069B04331968069B08331B680093AD
:10D2B4000B4607990E98FDF701FA48E0069B19689A
:10D2C400069B04331868069B08331B68069A0C32C5
:10D2D40012680192009303460A4607990E98FDF7D7
:10D2E400EDF934E0069B1868069B04331C68069B22
:10D2F40008331B68069A0C321268069910310968C3
:10D304000291019200932346024607990E98FDF775
:10D31400D5F91CE0069B1C68069B04331D68069B1C
:10D3240008331B68069A0C32126806991031096892
:10D3340006981430006803900291019200932B46E2
:10D34400224607990E98FDF7B9F900E000BF0022C4
:10D354000E990498FFF732FF0E9B9DF827201A734D
:10D3640000BF0BB030BD00BF00B587B00390029181
:10D3740001920093029B082B5CD8009B1B7B8DF8C9
:10D384001330009B00221A7300990198FFF7D6FE10
:10D394000023059314E0059A029B9A4209D2039A4A
:10D3A400059B13441B781A4624490098FDF786F917
:10D3B40003E023490098FDF781F9059B01330593A8
:10D3C400059B072BE7D91F490098FDF777F9002340
:10D3D400059322E0059A029B9A4217D2039A059B71
:10D3E40013441B788DF812309DF81230184600F063
:10D3F400AAFB0346002B02D09DF8123000E02E2336
:10D404001A4611490098FDF759F903E00F490098AD
:10D41400FDF754F9059B01330593059B072BD9D9D7
:10D42400012200990198FFF7C9FE009B9DF8132083
:10D434001A7300E000BF07B05DF804FB34FE00007F
:10D444003CFE000040FE000044FE000048FE0000D8
:10D4540000487047140E00202DE9F84390460F460B
:10D46400054681464C46267866B104F101093046EA
:10D4740000F059FB0028F5D12D2E05D02B2E01D11B
:10D48400012602E0012601E000264C4669462046BA
:10D49400424600F023F827B10099A14218BF0D4677
:10D4A4003D605EB10028A8BFBDE8F88300F07AF8BB
:10D4B400032101606FF00040BDE8F883B0F1004F34
:10D4C400FAD000285CBF4042BDE8F88300F06AF857
:10D4D400032101604FF00040BDE8F8832DE9F047D7
:10D4E4001446884681460130824610F8017CBFB15B
:10D4F400384600F018FB00280AF10100F4D1302F5F
:10D504000ED110F8017C07F0DF0158290DD16FF01E
:10D5140010010C420CD1102410F8017B012508E005
:10D52400002C08BF0A24012504E0002C08BF0824AD
:10D53400002582463846214600F04EF9002700288F
:10D5440018D40026002507FB040106FB04F000EBB9
:10D554001146300C1AF8010B18BF01258FB2214671
:10D5640000F03AF90028EEDA3004B5FA85F14909F9
:10D57400002501E000200121B8F1000F05D0002DA5
:10D5840008BFAAF10109C8F8009000291CBF38435C
:10D59400BDE8F08700F006F803210160081FBDE82C
:10D5A400F087000000B50249FFF752FF084400BDB0
:10D5B400080000002DE9F04FC9B05FEA02090390AA
:10D5C40000F007819B460B29C9F10008C0F0C18017
:10D5D400299001910991500004900120013809A972
:10D5E400029051F8207029A951F8206070420590EA
:10D5F4000796791001FB09F530460C4601FB0966D4
:10D604000697F9074F4618BF00273146D847012827
:10D6140008DB484607994A5D0B780A704B5501317F
:10D624000138F8D10897E81B06EB000A304651464A
:10D63400D847012827461BDB07985146D8470128BD
:10D644000CDB04987843DDE90721401A4946135C52
:10D6540014781370145401320139F8D150464946F4
:10D664003278037806F8013B00F8012B0139F7D131
:10D674004FF0FF3000EB470009FB00F00AEB08070E
:10D68400DDE90761A0EB010A50464946325C735D4F
:10D6940072553354013501300139F7D134463E46D1
:10D6A40008944C44002560193946D84700284D4455
:10D6B400F9D408984419464430463946D8470028D6
:10D6C400F9DCA64208D90020315C225C2154325492
:10D6D40001308145F8D1E3E748462146DDE9067685
:10D6E40016F80A200B7801F8012B06F80A300AF123
:10D6F400010A0138F4D10598089908442844B0FB7C
:10D70400F9F1781A4F1E874205DD0A280BDC0A2F2F
:10D714003FF76FAF18E00A2F13DC0A2826460746A6
:10D724003FF764AF10E031463A4626460746029872
:10D7340009AB43F8202029AA42F8201001300290B6
:10D7440054E721460246F2E7029800287FF446AFE8
:10D754000199481E00FB09F101293ADB039E00FBF5
:10D7640009600890B9F1010FCA4698BF4FF0010A49
:10D7740006EB090C644606EB090503988642374616
:10D7840008D338462946D847012803DB4744039881
:10D794008742F6D207EB09000021A44622466F18FF
:10D7A40007EB080383426B5C08D30027F45DD45570
:10D7B400A7EB0907F4198442F8D217443B700136E9
:10D7C400013201315145EAD1CC44089885422E46B4
:10D7D400D0D349B0BDE8F08F38B50C46054600F00B
:10D7E40092F910B1A5F130000FE0284600F07BF962
:10D7F40010B1A5F1570008E0284600F064F90100D3
:10D8040014BFA5F137004FF0FF30A042A8BF4FF07E
:10D81400FF3038BD082938BF7047416040F61461B5
:10D82400C2F200010860002101607047884211D2F1
:10D834008446042A06D351F8043B4CF8043B043ACA
:10D84400032AF8D80AB311F8013B0CF8013B013A5A
:10D85400F9D1704719D9042A09D38B1800EB020CAB
:10D8640053F8043C4CF8043C043A032AF5D8114418
:10D874008318002A08BF7047A3F1010C013911F87D
:10D8840001390CF80139013AF9D1704701780029BE
:10D8940004BF0020704700214FF001324358C2FA00
:10D8A40053F30431002BF9D093FAA3F0B0FA80F0CB
:10D8B40001EBD000043870479AB391F800C00378A4
:10D8C40063451CBFA3EB0C00704753B310B5042A87
:10D8D40012D34FF0013CD0F800E00B689E450BD109
:10D8E400CCFA5EF343B9043A04310430032AF2D883
:10D8F400002A04BF002010BD013A0ED001EB020C37
:10D9040000EB020E037843B10C78A34205D1013138
:10D914000130013AF6D17046614609780078401A20
:10D9240010BD0020704700004FF0013C50F8042B5C
:10D9340051F8043B9A421ED1CCFA52F2DAB950F8AB
:10D94400042B51F8043B9A4215D1CCFA52F292B905
:10D9540050F8042B51F8043B9A420CD1CCFA52F201
:10D964004AB950F8042B51F8043B9A4203D1CCFA3B
:10D9740052F2002ADAD00438043910F8012B11F8D5
:10D98400013BD21A01D1002BF7D11046704700BFDA
:10D994000246F0B44FF00137FB0151F8044BE51B8C
:10D9A400A5431D4002D142F8044BF6E70439F0BC0C
:10D9B40011F8013B02F8013B002BF9D1704700BF7D
:10D9C4005AB3844690EA01039B071FD1830707D00B
:10D9D40011F8013B00F8013B013AF7D11CE0844601
:10D9E400203A09D32DE9F007B1E8F807A0E8F807D1
:10D9F400203AF9D2BDE8F0071C3205D451F8043BB3
:10DA040040F8043B043AF9D2043205D011F8013B42
:10DA140000F8013B013AF9D16046704700220B003F
:10DA240011001A0084465AB3830704D000F8011B7E
:10DA3400013AF9D124E0C9B241EA012141EA0141A4
:10DA4400202A11D3203A2DE9F0030B460C460D464B
:10DA54000E460F4688468946A0E8FA03203AFBD2D0
:10DA6400BDE8F00320320BD0042A05D340F8041B90
:10DA7400043A05D0042AF9D200F8011B013AFBD17B
:10DA84006046704784460020002918BF002A00D150
:10DA94007047097848B2002844BF6FF0010070470E
:10DAA400BCF1000F18BFCCF800100021C3E900112D
:10DAB400002818BF012070477F298EBF6FF0010036
:10DAC40001700120704740F61861C2F20001096834
:10DAD400002904BF40F29C11C2F200014968896820
:10DAE4000A680721104740F61861C2F2000109686C
:10DAF400002904BF40F29C11C2F200014968896800
:10DB04000A680621104740F61861C2F2000109684C
:10DB1400002904BF40F29C11C2F2000149688968DF
:10DB24000A680421104740F61861C2F2000109682E
:10DB3400002904BF40F29C11C2F2000149688968BF
:10DB44000A680821104740F61861C2F2000109680A
:10DB5400002904BF40F29C11C2F20001496889689F
:10DB64000A68092110477F2884BF0020704740F2CB
:10DB74006002C0F20102515C4FF6E072C0F2000292
:10DB8400105C08407047A0F161011A2938BF2038A1
:10DB94007047A0F141011A2938BF40F020007047B6
:10DBA4007F2884BF0020704740F26002C0F2010267
:10DBB400515C4FF6E072C0F20002105C08407047FE
:10DBC400A0F161011A2938BF20387047A0F1410142
:0ADBD4001A2938BF40F02000704706
:10DBE0000000000018E400000000000028E400002D
:10DBF0000000000038E400000000000048E40000DD
:10DC00000000000058E400000000000068E400008C
:10DC10000000000078E4000000000000ECF00000CC
:10DC20000000000034F10000000000007CF1000062
:10DC3000000000008CF1000000000000C4F10000B2
:10DC4000000000000CF2000000000000A8FD000031
:10DC5000F8F900000000030094EB00000000000051
:10DC60006CF200000000000038E900000000000035
:10DC7000B0F40000000000002CEA000000000000EA
:10DC80000000000000000000000000000000000094
:10DC90000000000000000000000000000000000084
:10DCA0000000000000000000000000000000000074
:08DCB00000000000000000006C
:10DCB8000000000000000000A15A00000000000061
:04DCC8000000000058
:10DCCC000000000000000000000000000000000048
:10DCDC000000000000000000000000000000000038
:10DCEC000000000000000000000000000000000028
:10DCFC000000000000000000000000000000000018
:08DD0C0000000000000000000F
:10DD1400B0010020D00100203F00000010020020CC
:10DD2400280200200F0000003802002000200040DC
:10DD340000000000D0F200005002002014DD0000BA
:10DD440024DD000018DD000030DD0000666473206F
:10DD54006578616D706C653A7E2420002F686F6D64
:10DD6400652F736A6F2F64776D313030312D65788C
:10DD7400616D706C65732F6E5246355F53444B5F13
:10DD840031342E322E302F6578616D706C65732FAF
:10DD94007065726970686572616C2F666C61736816
:10DDA4005F6664732F636C692E630000FFFFFFFFDF
:10DDB400FFFFFFFFFFFFFFFFFFFFFFFF000000006B
:10DDC400000000000000D6010701000025733A207E
:10DDD400756E6B6E6F776E20706172616D657465C0
:10DDE4007220272573270D0A547279202725732062
:10DDF4002D682720666F722068656C702E0D0A00EE
:10DE040025733A2077726F6E6720706172616D6559
:10DE140074657220636F756E742E0D0A54727920C6
:10DE2400272573202D682720666F722068656C7023
:10DE34002E0D0A0077726974696E67207265636FCC
:10DE4400726420746F20666C6173682E2E2E0D0A26
:10DE540066696C653A20307825782C206B65793AB0
:10DE640020307825782C20222573222C206C656E96
:10DE74003A2025752062797465730D0A000000004C
:10DE84006572726F723A206664735F7265636F7253
:10DE9400645F777269746528292072657475726E7F
:10DEA40065642025732E0D0A000000006572726FF0
:10DEB400723A206664735F7265636F72645F757033
:10DEC4006461746528292072657475726E656420B6
:10DED40025732E0D0A0000006572726F723A20637A
:10DEE4006F756C64206E6F742066696E6420636F56
:10DEF4006E6669672066696C652E0D0A0000000075
:10DF040064656C6574696E67207265636F72642EF4
:10DF14002E2E0D0A66696C653A20307825782C20FF
:10DF24006B65793A20307825780D0A006572726F36
:10DF3400723A206664735F7265636F72645F6465CE
:10DF44006C65746528292072657475726E65642029
:10DF540025732E0D0A0000007265636F72642069D8
:10DF6400643A20307825780D0A0000006572726FDB
:10DF7400723A207265636F7264206E6F7420666FEC
:10DF8400756E64210D0A00007072696E74000000E1
:10DF94006572726F723A2043524320636865636B03
:10DFA400206661696C6564210D0A00006572726FF8
:10DFB400723A20756E657870656374652065727257
:10DFC4006F722025732E0D0A000000006F6E000092
:10DFD4006F666600636F6E666967313A0925730D73
:10DFE4000A636F6E666967323A0925730D0A626FB8
:10DFF4006F7420636F756E743A0925750D0A646534
:10E0040076696365206E616D653A0925730D0A00B2
:10E014007265632E206964090966696C6520696408
:10E0240009097265632E206B6579096C656E6774E6
:10E03400680D0A00203078253034780909203078BA
:10E0440025303478090920307825303478090920BE
:10E054002534752062797465730D0A0077726974CA
:10E06400650000007570646174650000757064611A
:10E0740074696E6720636F6E66696775726174692F
:10E084006F6E3A2025732C2025732C20626F6F74D9
:10E094005F636F756E743D25752C206465766963C6
:10E0A400655F6E616D653D222573220D0A000000D7
:10E0B40064656C657465000064656C6574655F61B6
:10E0C4006C6C0000746F74616C2070616765733AE6
:10E0D4000925750D0A746F74616C207265636F7223
:10E0E40064733A0925750D0A76616C69642072655A
:10E0F400636F7264733A0925750D0A6469727479E1
:10E10400207265636F7264733A0925750D0A6C6138
:10E11400726765737420636F6E7469673A09257555
:10E124000D0A6672656561626C6520776F7264734F
:10E134003A09257520282575206279746573290D9F
:10E144000A0000006572726F723A20676172626140
:10E15400676520636F6C6C656374696F6E207265AC
:10E164007475726E65642025730D0A00616C6C0011
:10E174007072696E7420616C6C207265636F726476
:10E18400730D0A75736167653A207072696E742045
:10E19400616C6C00636F6E66696700007072696E13
:10E1A4007420636F6E66696775726174696F6E0D52
:10E1B4000A75736167653A207072696E7420636FC3
:10E1C4006E666967000000007072696E7420726583
:10E1D400636F7264730D0A75736167653A207072B8
:10E1E400696E7420616C6C7C636F6E666967000095
:10E1F40077726974652061207265636F72640D0AB9
:10E2040075736167653A2077726974652066696C15
:10E21400655F6964206B6579202264617461220DF5
:10E224000A2D2066696C655F69643A0966696C65E4
:10E234002049442C20696E204845580D0A2D206B36
:10E2440065793A097265636F7264206B65792C2075
:10E25400696E204845580D0A2D20646174613A099D
:10E264007265636F726420636F6E74656E7473009D
:10E2740075706461746520636F6E66696775726139
:10E2840074696F6E0D0A75736167653A2075706401
:10E29400617465206F6E7C6F6666206F6E7C6F663E
:10E2A4006620626F6F745F636F756E742064657649
:10E2B4006963655F6E616D650000000064656C658F
:10E2C40074652061207265636F72640D0A757361F1
:10E2D40067653A2064656C6574652066696C655F82
:10E2E4006964206B65790D0A2D2066696C655F6928
:10E2F400643A0966696C652049442C20696E20489B
:10E3040045580D0A2D206B65793A097265636F7261
:10E3140064206B65792C20696E204845580D0A00ED
:10E3240064656C65746520616C6C207265636F72E2
:10E3340064730D0A75736167653A2064656C65746E
:10E34400655F616C6C0000006763000072756E208D
:10E354006761726261676520636F6C6C6563746981
:10E364006F6E0D0A75736167653A2067630000007C
:10E3740073746174000000007072696E74207374A9
:10E3840061746973746963730D0A75736167653ABF
:10E39400207374617400000050DD000038DD00005B
:10E3A4007C020020AC00002094000020CCE300009C
:10E3B4000D000000D0030020BC0300200400000076
:10E3C400040000000100000064050020DC030020BC
:10E3D400E4030020E40300203000000070E10000AA
:10E3E40074E10000000000006907000098E10000EB
:10E3F400A0E1000000000000510600000000000041
:10E404000000000000000000000000000000000008
:10E41400E0E300008CDF0000CCE1000010E4000029
:10E424000106000060E00000F4E1000000000000CC
:10E434007508000068E0000074E2000000000000BD
:10E444003D090000B4E00000C0E20000000000004C
:10E454005D0A0000BCE0000024E3000000000000AE
:10E46400CD0A00004CE3000050E30000000000006F
:10E47400B90B000074E300007CE30000000000001E
:10E48400110B00004644535F535543434553530017
:10E494004644535F4552525F4F5045524154494F91
:10E4A4004E5F54494D454F55540000004644535F58
:10E4B4004552525F4E4F545F494E495449414C496D
:10E4C4005A4544004644535F4552525F554E414CB1
:10E4D40049474E45445F4144445200004644535F1B
:10E4E4004552525F494E56414C49445F41524700A0
:10E4F4004644535F4552525F4E554C4C5F41524720
:10E50400000000004644535F4552525F4E4F5F4F38
:10E5140050454E5F5245434F524453004644535F67
:10E524004552525F4E4F5F53504143455F494E5FE2
:10E53400464C4153480000004644535F4552525FE5
:10E544004E4F5F53504143455F494E5F51554555CA
:10E55400455300004644535F4552525F5245434F72
:10E5640052445F544F4F5F4C4152474500000000F6
:10E574004644535F4552525F4E4F545F464F554E8B
:10E58400440000004644535F4552525F4E4F5F5073
:10E5940041474553000000004644535F4552525FD3
:10E5A400555345525F4C494D49545F524541434888
:10E5B400454400004644535F4552525F4352435F13
:10E5C400434845434B5F4641494C454400000000E5
:10E5D4004644535F4552525F425553590000000070
:10E5E4004644535F4552525F494E5445524E414C46
:10E5F400000000004644535F4556545F494E495459
:10E60400000000004644535F4556545F5752495436
:10E61400450000004644535F4556545F55504441FD
:10E62400544500004644535F4556545F44454C5F8F
:10E634005245434F524400004644535F4556545F8D
:10E6440044454C5F46494C45000000004644535F36
:10E654004556545F474300001B5B313B33326D45E5
:10E6640076656E743A2025732072656365697665F4
:10E6740064202825732900005265636F7264204961
:10E68400443A0930782530347800000046696C65D6
:10E694002049443A09307825303478005265636F54
:10E6A4007264206B65793A0930782530347800003B
:10E6B40044656C6574696E67206E65787420726554
:10E6C400636F72642E0000001B5B313B33366D4E6A
:10E6D4006F207265636F726473206C656674207456
:10E6E4006F2064656C6574652E0000002F686F6D83
:10E6F400652F736A6F2F64776D313030312D6578F3
:10E70400616D706C65732F6E5246355F53444B5F79
:10E7140031342E322E302F6578616D706C65732F15
:10E724007065726970686572616C2F666C6173687C
:10E734005F6664732F6D61696E2E63006664732077
:10E744006578616D706C65207374617274656421A1
:10E7540000000000496E697469616C697A696E67CA
:10E76400206664732E2E2E00417661696C61626CA2
:10E774006520636F6D6D616E64733A002D20707255
:10E78400696E7420616C6C09097072696E74207210
:10E7940065636F72647300002D207072696E74205B
:10E7A400636F6E666967097072696E7420636F6E59
:10E7B40066696775726174696F6E00002D207570EB
:10E7C40064617465090975706461746520636F6EB2
:10E7D40066696775726174696F6E00002D207374C9
:10E7E4006174090973686F77207374617469737451
:10E7F400696373002D2077726974650909777269FA
:10E8040074652061206E6577207265636F726400A1
:10E814002D2064656C657465090964656C657465AF
:10E824002061207265636F72640000002D206465AE
:10E834006C6574655F616C6C0964656C65746520F6
:10E84400616C6C207265636F726473002D20676362
:10E85400090972756E206761726261676520636F72
:10E864006C6C656374696F6E0000000052656164CE
:10E87400696E6720666C61736820757361676520D3
:10E88400737461746973746963732E2E2E000000AF
:10E89400466F756E642025642076616C696420720D
:10E8A40065636F7264732E00466F756E6420256411
:10E8B400206469727479207265636F7264732028AE
:10E8C400726561647920746F206265206761726289
:10E8D40061676520636F6C6C6563746564292E00E1
:10E8E400436F6E6669672066696C6520666F756E36
:10E8F400642C207570646174696E6720626F6F7434
:10E9040020636F756E7420746F2025642E000000E0
:10E9140057726974696E6720636F6E6669672066F3
:10E92400696C652E2E2E000010F010701C01002062
:10E9340006000000636C6F636B0000002F686F6D4E
:10E94400652F736A6F2F64776D313030312D6578A0
:10E95400616D706C65732F6E5246355F53444B5F27
:10E9640031342E322E302F636F6D706F6E656E747E
:10E97400732F647269766572735F6E72662F636C4F
:10E984006F636B2F6E72665F6472765F636C6F6326
:10E994006B2E63002F686F6D652F736A6F2F64771A
:10E9A4006D313030312D6578616D706C65732F6E0B
:10E9B4005246355F53444B5F31342E322E302F6331
:10E9C4006F6D706F6E656E74732F647269766572A5
:10E9D400735F6E72662F636F6D6D6F6E2F6E7266EE
:10E9E4005F6472765F636F6D6D6F6E2E63000000FF
:10E9F4002E2E2F2E2E2F2E2E2F2E2E2F2E2E2F2E2E
:10EA04002E2F636F6D706F6E656E74732F647269F1
:10EA1400766572735F6E72662F68616C2F6E7266B4
:10EA24005F6770696F2E6800756172740000000082
:10EA34002F686F6D652F736A6F2F64776D31303077
:10EA4400312D6578616D706C65732F6E5246355F3C
:10EA540053444B5F31342E322E302F636F6D706F01
:10EA64006E656E74732F647269766572735F6E720D
:10EA7400662F756172742F6E72665F6472765F754D
:10EA84006172742E63000000415353455254494F40
:10EA94004E204641494C45442061742025733A2553
:10EAA400750000004552524F52202575205B257396
:10EAB4005D2061742025733A25750000554E4B4E38
:10EAC4004F574E204641554C5420617420307825D0
:10EAD400303858002F686F6D652F736A6F2F647715
:10EAE4006D313030312D6578616D706C65732F6ECA
:10EAF4005246355F53444B5F31342E322E302F63F0
:10EB04006F6D706F6E656E74732F6C696272617273
:10EB14006965732F7574696C2F6170705F757469A2
:10EB24006C5F706C6174666F726D2E630000000020
:10EB34002F686F6D652F736A6F2F64776D31303076
:10EB4400312D6578616D706C65732F6E5246355F3B
:10EB540053444B5F31342E322E302F636F6D706F00
:10EB64006E656E74732F6C69627261726965732F5E
:10EB74006664732F6664732E63000000DEC0ADDE2E
:10EB8400FF011EF1DEC0ADDEFE011EF10000FFFF3D
:10EB940062616C6C6F6300002F686F6D652F736A20
:10EBA4006F2F64776D313030312D6578616D706C05
:10EBB40065732F6E5246355F53444B5F31342E32AA
:10EBC4002E302F636F6D706F6E656E74732F6C696A
:10EBD400627261726965732F62616C6C6F632F6E10
:10EBE40072665F62616C6C6F632E630020756E6B7E
:10EBF4006E6F776E20706172616D657465723A2014
:10EC0400000000003A20636F6D6D616E64206E6FCA
:10EC14007420666F756E64002F686F6D652F736A5C
:10EC24006F2F64776D313030312D6578616D706C84
:10EC340065732F6E5246355F53444B5F31342E3229
:10EC44002E302F636F6D706F6E656E74732F6C69E9
:10EC5400627261726965732F636C692F6E72665F8D
:10EC6400636C692E630000002563000025730000B7
:10EC74001B5B2564440000001B5B2564430000000B
:10EC84001B5B2564410000001B5B256442000000FF
:10EC94000D0A2573257300005461622066756E6346
:10ECA40074696F6E3A20636F6D6D616E6473206377
:10ECB4006F756E746572206F766572666C6F7765BA
:10ECC400642E0D0A000000000D0A257300000000E8
:10ECD4000D0A6E6F74207465726D696E617465647B
:10ECE4003A2025630D0A0000257325730D0A0000E0
:10ECF4000D0A257325730D0A000000002D6800001D
:10ED04002D2D68656C700000506C6561736520730F
:10ED140070656369667920737562636F6D6D616E8A
:10ED2400642E0D0A000000000D0A0A0025732573E5
:10ED3400000000004F7074696F6E733A0D0A000092
:10ED44002020252D2A733A0053686F7720636F6D56
:10ED54006D616E642068656C702E00002020257340
:10ED64002573257300000000537562636F6D6D6138
:10ED74006E64733A0D0A00004C6F7374204C4F4755
:10ED840073202D20696E637265617365204C4F4753
:10ED9400206261636B656E642071756575652073AF
:10EDA400697A652E0D0A000025733A206261642099
:10EDB400706172616D6574657220636F756E740D38
:10EDC4000A00000025733A257325730D0A0000001C
:10EDD4006F6E00006F6666004563686F2073746130
:10EDE4007475733A2025730D0A0000005B253364A3
:10EDF4005D2025730D0A00004C6F7374204C4F473F
:10EE0400733A2025750D0A4D6178204C4F472071C7
:10EE140075657565207574696C697A6174696F6E5E
:10EE24003A2025752525205B25752F25755D0D0A4E
:10EE3400000000006E6F20726573706F6E73652042
:10EE440066726F6D207465726D696E616C2C2061E1
:10EE54007373756D6564203830783234206368616B
:10EE640072732073637265656E2073697A650D0A27
:10EE740000000000636C656172000000436C656112
:10EE8400722073637265656E2E00000044697361BD
:10EE9400626C6520636F6C6F7265642073796E7445
:10EEA40061782E00456E61626C6520636F6C6F72D1
:10EEB40065642073796E7461782E0000636F6C6FE3
:10EEC40072730000546F67676C6520636F6C6F72B8
:10EED40065642073796E7461782E000044697361EF
:10EEE400626C6520434C49206563686F2E2045732E
:10EEF4006361706520636F64657320617265206E61
:10EF04006F742068616E646C65642E00456E616286
:10EF14006C6520434C49206563686F2E20457363FC
:10EF240061706520636F6465732061726520686138
:10EF34006E646C65642E00006563686F00000000F9
:10EF4400546F67676C6520434C49206563686F2E76
:10EF540000000000686973746F727900436F6D6D0F
:10EF6400616E6420686973746F72792E000000000A
:10EF740064656661756C7400417373756D652038E2
:10EF8400302063686172732073637265656E2077E5
:10EF94006964746820616E642073656E64207468AB
:10EFA40069732073657474696E677320746F207459
:10EFB4006865207465726D696E616C2E00000000D6
:10EFC400726573697A650000436F6E736F6C6520B8
:10EFD40067657473207465726D696E616C20736308
:10EFE4007265656E2073697A65206F722061737330
:10EFF400756D657320383020696E206361736520F8
:10F00400726561646F7574206661696C732E204942
:10F0140074206D75737420626520657865637574FA
:10F024006564206166746572206561636820746537
:10F03400726D696E616C20776964746820636861BD
:10F044006E676520746F20656E7375726520636FDB
:10F054007272656374207465787420646973706C6B
:10F0640061792E006765740047657420434C49201C
:10F074007374617469737469637320666F72204C6E
:10F084004F47206D6F64756C652E00007265736563
:10F0940074000000526573657420434C49207374F6
:10F0A400617469737469637320666F72204C4F478F
:10F0B400206D6F64756C652E00000000636C695FE1
:10F0C4007374617473000000434C49207374617459
:10F0D4006973746963732E0020200000BD9A0000D8
:10F0E4004F9B0000459B000078EE000080EE00007E
:10F0F40000000000E99B0000D8ED000090EE000045
:10F1040000000000B99C0000D4ED0000A8EE00004F
:10F1140000000000F99C0000000000000000000056
:10F12400000000000000000000000000FCF00000EF
:10F13400C0EE0000C8EE00002CF10000399D000074
:10F14400D8ED0000E0EE000000000000619E000029
:10F15400D4ED000010EF000000000000A19E0000AC
:10F16400000000000000000000000000000000009B
:10F174000000000044F100003CEF000044EF0000F8
:10F1840074F10000D59D000058EF000060EF00000E
:10F1940000000000E19E000074EF00007CEF00001E
:10F1A40000000000E9A000000000000000000000D2
:10F1B4000000000000000000000000009CF10000BE
:10F1C400C4EF0000CCEF0000BCF1000065A100001A
:10F1D40068F000006CF000000000000015A00000C2
:10F1E40090F0000098F0000000000000A1A00000D2
:10F1F400000000000000000000000000000000000B
:10F2040000000000D4F10000C0F00000CCF00000C9
:10F2140004F20000B19F00001B4500001B5B366E2A
:10F22400000000001B5B6D001B3700001B38000052
:10F23400082008001B5B4A001B5B4B002D682C2038
:10F244002D2D68656C7000002C200000202D2000FE
:10F25400020000001B5B48001B5B324A00000000F8
:10F264001B5B3F336C000000636C695F75617274F3
:10F27400000000002F686F6D652F736A6F2F64772D
:10F284006D313030312D6578616D706C65732F6E22
:10F294005246355F53444B5F31342E322E302F6348
:10F2A4006F6D706F6E656E74732F6C6962726172CC
:10F2B4006965732F636C692F756172742F6E726642
:10F2C4005F636C695F756172742E630011A4000042
:10F2D40099A40000C5A40000D1A500008DA50000DC
:10F2E4002F686F6D652F736A6F2F64776D313030BF
:10F2F400312D6578616D706C65732F6E5246355F84
:10F3040053444B5F31342E322E302F65787465723E
:10F314006E616C2F667072696E74662F6E72665FB2
:10F32400667072696E74662E630000002F686F6DDC
:10F33400652F736A6F2F64776D313030312D6578A6
:10F34400616D706C65732F6E5246355F53444B5F2D
:10F3540031342E322E302F65787465726E616C2FC5
:10F36400667072696E74662F6E72665F667072691B
:10F374006E74665F666F726D61742E6300000000C8
:10F3840030313233343536373839414243444546D7
:10F3940000100000040000000100000081B0000023
:10F3A40099B00000B5B00000D9B000002DB1000044
:10F3B40095B10000A3B10000B1B100002F686F6DDA
:10F3C400652F736A6F2F64776D313030312D657816
:10F3D400616D706C65732F6E5246355F53444B5F9D
:10F3E40031342E322E302F636F6D706F6E656E74F4
:10F3F400732F6C69627261726965732F65787065C9
:10F4040072696D656E74616C5F6D656D6F626A2F94
:10F414006E72665F6D656D6F626A2E630000000038
:10F424002E2E2F2E2E2F2E2E2F2E2E2F2E2E2F2EF3
:10F434002E2F636F6D706F6E656E74732F6C6962BF
:10F444007261726965732F6578706572696D656E36
:10F4540074616C5F73656374696F6E5F76617273F8
:10F464002F6E72665F73656374696F6E5F6974652E
:10F47400722E68002E2E2F2E2E2F2E2E2F2E2E2F54
:10F484002E2E2F2E2E2F636F6D706F6E656E74731C
:10F494002F6C69627261726965732F6D757465781A
:10F4A4002F6E72665F6D74782E6800007077725FDD
:10F4B4006D676D74000000002F686F6D652F736AAF
:10F4C4006F2F64776D313030312D6578616D706CDC
:10F4D40065732F6E5246355F53444B5F31342E3281
:10F4E4002E302F636F6D706F6E656E74732F6C6941
:10F4F400627261726965732F7077725F6D676D7484
:10F504002F6E72665F7077725F6D676D742E630025
:10F514002F686F6D652F736A6F2F64776D3130308C
:10F52400312D6578616D706C65732F6E5246355F51
:10F5340053444B5F31342E322E302F636F6D706F16
:10F544006E656E74732F6C69627261726965732F74
:10F5540071756575652F6E72665F71756575652E5B
:10F56400630000002F686F6D652F736A6F2F6477D7
:10F574006D313030312D6578616D706C65732F6E2F
:10F584005246355F53444B5F31342E322E302F6355
:10F594006F6D706F6E656E74732F6C6962726172D9
:10F5A4006965732F6578706572696D656E74616CD9
:10F5B4005F72696E676275662F6E72665F72696EDE
:10F5C400676275662E630000556E6B6E6F776E20F2
:10F5D4006572726F7220636F646500004E52465FFD
:10F5E40053554343455353004E52465F4552524F81
:10F5F400525F5356435F48414E444C45525F4D4918
:10F604005353494E470000004E52465F4552524FF5
:10F61400525F534F46544445564943455F4E4F54F9
:10F624005F454E41424C4544000000004E52465F47
:10F634004552524F525F494E5445524E414C000080
:10F644004E52465F4552524F525F4E4F5F4D454DAD
:10F65400000000004E52465F4552524F525F4E4FDB
:10F66400545F464F554E44004E52465F4552524FEA
:10F67400525F4E4F545F535550504F5254454400BF
:10F684004E52465F4552524F525F494E56414C4985
:10F69400445F504152414D004E52465F4552524FD5
:10F6A400525F494E56414C49445F535441544500BE
:10F6B4004E52465F4552524F525F494E56414C4955
:10F6C400445F4C454E475448000000004E52465F8C
:10F6D4004552524F525F494E56414C49445F464C45
:10F6E400414753004E52465F4552524F525F494E76
:10F6F40056414C49445F4441544100004E52465FD8
:10F704004552524F525F444154415F53495A450058
:10F714004E52465F4552524F525F54494D454F55E4
:10F72400540000004E52465F4552524F525F4E55B0
:10F734004C4C00004E52465F4552524F525F464F6A
:10F744005242494444454E004E52465F4552524F40
:10F75400525F494E56414C49445F41444452000073
:10F764004E52465F4552524F525F42555359000024
:10F774004E52465F4552524F525F4D4F44554C4591
:10F784005F4E4F545F494E495449414C5A454400D9
:10F794004E52465F4552524F525F4D555445585F45
:10F7A400494E49545F4641494C4544004E52465FD8
:10F7B4004552524F525F4D555445585F4C4F434B41
:10F7C4005F4641494C4544004E52465F4552524FB4
:10F7D400525F4D555445585F554E4C4F434B5F4611
:10F7E40041494C45440000004E52465F4552524F39
:10F7F400525F4D555445585F434F4E445F494E49FF
:10F80400545F4641494C4544000000004E52465F57
:10F814004552524F525F4D4F44554C455F414C52F7
:10F82400454144595F494E495449414C495A45441C
:10F83400000000004E52465F4552524F525F5354EF
:10F844004F524147455F46554C4C00004E52465F6F
:10F854004552524F525F4150495F4E4F545F494D9C
:10F86400504C454D454E5445440000004E52465FB1
:10F874004552524F525F464541545552455F4E4F93
:10F88400545F454E41424C45440000004E52465F91
:10F894004552524F525F4452565F5457495F455246
:10F8A400525F4F56455252554E0000004E52465F2D
:10F8B4004552524F525F4452565F5457495F455226
:10F8C400525F414E41434B004E52465F4552524FA8
:10F8D400525F4452565F5457495F4552525F444EFB
:10F8E40041434B0000000000E0F50000010000006F
:10F8F400ECF50000020000000CF60000030000001C
:10F9040030F600000400000044F60000050000008A
:10F9140058F60000060000006CF600000700000026
:10F9240084F60000080000009CF6000009000000B6
:10F93400B4F600000A000000D0F600000B0000003E
:10F94400E8F600000C00000000F700000D000000C5
:10F9540014F700000E00000028F700000F0000005C
:10F9640038F70000100000004CF700001100000000
:10F9740064F700008000000074F7000081000000BC
:10F9840094F7000082000000B0F70000830000003C
:10F99400CCF7000084000000ECF7000085000000B4
:10F9A40010F800008600000038F800009000000005
:10F9B40050F800009100000070F800000082000080
:10F9C40090F8000001820000B0F8000002820000FC
:10F9D400CCF80000EC090020240900202C090020A8
:10F9E4002C090020180000004F766572666C6F7752
:10F9F40000000000617070002F686F6D652F736ADE
:10FA04006F2F64776D313030312D6578616D706C96
:10FA140065732F6E5246355F53444B5F31342E323B
:10FA24002E302F636F6D706F6E656E74732F6C69FB
:10FA3400627261726965732F6578706572696D654C
:10FA44006E74616C5F6C6F672F7372632F6E726676
:10FA54005F6C6F675F66726F6E74656E642E6300B1
:10FA64006E6F6E65000000006572726F72000000B8
:10FA74007761726E696E6700696E666F00000000E0
:10FA840064656275670000004C6F6773206172657E
:10FA94002068616C746564210D0A00006D6F6475E3
:10FAA4006C655F6E616D6500252D323473207C209A
:10FAB40063757272656E74207C206275696C64690A
:10FAC4006E200D0A000000002D2D2D2D2D2D2D2D25
:10FAD4002D2D2D2D2D2D2D2D2D2D2D2D2D2D2D2D52
:10FAE4002D2D2D2D2D2D2D2D2D2D2D2D2D2D2D2D42
:10FAF4002D2D0D0A000000002A0000000000000067
:10FB0400252D323473207C20252D3773207C20252D
:10FB14007325730D0A000000656E61626C65000058
:10FB240042616420706172616D6574657220636FF7
:10FB3400756E742E0D0A0000556E6B6E6F776E2015
:10FB44007365766572697479206C6576656C3A20A4
:10FB540025730D0A0000000064697361626C65001E
:10FB6400556E6B6E6F776E206F7074696F6E3A208E
:10FB740025730D0A000000004C6576656C20756ED7
:10FB8400617661696C61626C6520666F72206D6F6D
:10FB940064756C653A2025730D0A0000556E6B6E12
:10FBA4006F776E206D6F64756C653A25730D0A006E
:10FBB400276C6F672064697361626C65203C6D6FAC
:10FBC40064756C655F303E202E2E203C6D6F64752D
:10FBD4006C655F6E3E272064697361626C65732097
:10FBE4006C6F677320696E207370656369666965FD
:10FBF40064206D6F64756C65732028616C6C20697A
:10FC040066206E6F206D6F64756C6573207370650C
:10FC1400636966696564292E00000000276C6F67BC
:10FC240020656E61626C65203C6C6576656C3E2077
:10FC34003C6D6F64756C655F303E202E2E2E202047
:10FC44003C6D6F64756C655F6E3E2720656E616206
:10FC54006C6573206C6F677320757020746F2067F8
:10FC64006976656E206C6576656C20696E207370AC
:10FC740065636966696564206D6F64756C6573207E
:10FC840028616C6C206966206E6F206D6F64756CE2
:10FC9400657320737065636966696564292E000065
:10FCA400676F0000526573756D65206C6F676769D7
:10FCB4006E67000068616C740000000048616C7439
:10FCC400206C6F6767696E6700000000737461746D
:10FCD400757300004C6F6767657220737461747587
:10FCE4007300000025733A257325730D0A00000084
:10FCF40020756E6B6E6F776E20706172616D6574C6
:10FD040065723A20000000006C6F6700436F6D6DF0
:10FD1400616E647320666F7220636F6E74726F6CB1
:10FD24006C696E67206C6F67676572000100000084
:10FD340045D000000100000079D000005CFB000009
:10FD4400B4FB000030FD000071CE00001CFB00007D
:10FD540020FC000038FD000071CE0000A4FC00006F
:10FD6400A8FC000000000000D1D00000B8FC000096
:10FD7400C0FC000000000000B5D00000D0FC000072
:10FD8400D8FC000000000000CDCC00000000000002
:10FD9400000000000000000000000000000000005F
:10FDA40040FD00000CFD000010FD0000A0FD00005F
:10FDB400EDD000006572726F720000007761726EA0
:10FDC400696E6700696E666F0000000064656275A5
:10FDD400670000001B5B306D000000001B5B313BC3
:10FDE40033306D001B5B313B33316D001B5B313BAA
:10FDF40033326D001B5B313B33336D001B5B313B96
:10FE040033346D001B5B313B33356D001B5B313B81
:10FE140033366D001B5B313B33376D0025730000B7
:10FE24003C25733E2025733A200000000D0A000093
:10FE34002025303278000000202020007C000000C3
:10FE4400256300002000000011FF000088FF00006F
:10FE540014FF000053756E646179004D6F6E646128
:10FE6400790054756573646179005765646E6573D0
:10FE740064617900546875727364617900467269CB
:10FE840064617900536174757264617900004A6138
:10FE94006E75617279004665627275617279004DA2
:10FEA4006172636800417072696C004D6179004A47
:10FEB400756E65004A756C790041756775737400D9
:10FEC40053657074656D626572004F63746F62652B
:10FED40072004E6F76656D62657200446563656D90
:10FEE4006265720000414D00504D0000256D2F25C4
:10FEF400642F25790025483A254D3A25530025617C
:10FF04002025622025652025542025590043000022
:10FF14006BDB00008BDB000097DB0000A5DB00003F
:10FF2400C5DB0000D1DB0000BDDA000089DA000087
:10FF340053756E004D6F6E0054756500576564000F
:10FF4400546875004672690053617400004A616E1A
:10FF540000466562004D617200417072004D617926
:10FF6400004A756E004A756C0041756700536570F0
:10FF7400004F6374004E6F760044656300002E00EA
:10FF84000000000082FF000084FF000084FF0000E6
:10FF940084FF000084FF000084FF000084FF000051
:10FFA40084FF000084FF000084FF0000FFFFFFFFC8
:10FFB400FFFFFFFFFFFFFFFFFFFF000058FE0000F1
:10FFC40034FF000092FE000051FF0000E9FE000033
:10FFD400F0FE0000F9FE000002FF000020202020B7
:10FFE40020202020206828282828202020202020A5
:0CFFF40020202020202020202020202081
:020000021000EC
:1000000048101010101010101010101010101010B8
:100010008484848484848484848410101010101058
:1000200010818181818181010101010101010101B1
:100030000101010101010101010101101010101065
:100040001082828282828202020202020202020282
:10005000020202020202020202020210101010202A
:0D006000000703200417020108571040801C
:1000700090030020170000000000000000000000B6
:100080009CE300008D910000E0F000000000000003
:1000900000000000B8E300000000000000000000C5
:1000A00088E4000094E40000B0E40000C8E400002C
:1000B000E0E40000F4E4000008E5000020E50000B2
:1000C0003CE5000058E5000074E5000088E500000C
:1000D0009CE50000B8E50000D4E50000E4E5000080
:1000E000F8E5000008E6000018E6000028E6000039
:1000F0003CE6000050E600000000000064756D6DF5
:100100007900000000000000000000000001000075
:100110000090D003DCF0000064FA00006CFA0000EC
:1001200074FA00007CFA000084FA000084FA0000EF
:100130006CFA00007CFA000064FA000074FA000017
:1001400000000000B8FD0000C0FD0000C8FD000078
:10015000D0FD0000D8FD0000E0FD0000E8FD00003B
:10016000F0FD0000F8FD000000FE000008FE0000A9
:1001700010FE000018FE00004CFE00004CFE0000C7
:0C0180004CFE00004CFE00004CFE000095
:040000030000013DBB
:00000001FF
