:020000022000DC
:10300000000001204D320200A5320200A73202006A
:10301000A9320200AB320200AD3202000000000013
:10302000000000000000000000000000AF320200BD
:10303000B132020000000000B3320200B5320200DB
:10304000BD960200BB32020009B60200BF32020088
:10305000C1320200C332020079A10200C73202006D
:10306000C9320200CB320200CD320200CF32020060
:10307000D1320200D3320200D5320200D732020030
:10308000D93202009D530200DD320200DF3202001D
:10309000DD530200E3320200254C0300E732020058
:1030A000E9320200EB320200ED320200EF320200A0
:1030B000F1320200F3320200B7320200B7320200EE
:1030C000F5320200F7320200F9320200FB32020050
:0C30D000FD320200FF320200013302005A
:1030DC003A493B480A1A02D0072291438D46394996
:1030EC0039480A1A06D00722914381F30988022233
:1030FC0082F3148835483649364A00F041F8364890
:10310C003649374A00F03CF836483749374A00F020
:10311C0037F837483749384A00F032F837483849D9
:10312C00384A00F02DF838483849394A00F028F868
:10313C0038483949394A00F023F8394839490022CE
:10314C0000F036F838483949002200F031F8384898
:10315C003849091A11F0F6FF374A90472548264995
:10316C00884205D00268043003B4904703BCF7E7EB
:10317C0000208646EC4600200021304A9047FEE7AE
:10318C00884214D0521A12D003460B431343032423
:10319C00234206D1036804300B600431043AF9D1A0
:1031AC007047037801300B700131013AF9D1704747
:1031BC00884202D002700130FAE77047000001200B
:1031CC0000F800200000012000000120486C0300E2
:1031DC006C210020E821002004330200043302009B
:1031EC007A530300486C03006C2100206C210020F2
:1031FC00D8540300D8540300D8540300D854030007
:10320C00D8540300D8540300D8540300D8540300F6
:10321C00456C0300C46C0300E8210020E821002069
:10322C00E821002078300020783000207830002011
:10323C0078300020783200207132020031CB02004D
:10324C000F484FF00701884385460E4880470E48CB
:10325C00016841F470010160BFF34F8FBFF36F8FB2
:10326C00FFF736BF09480A490A4A884207D0521A62
:10327C0005D0037801300B700131013AF9D1704758
:10328C0000000120BD40030088ED00E04C54030019
:10329C00E02000206C210020FEE7FEE7FEE7FEE7C1
:1032AC00FEE7FEE7FEE7FEE7FEE7FEE7FEE7FEE7EA
:1032BC00FEE7FEE7FEE7FEE7FEE7FEE7FEE7FEE7DA
:1032CC00FEE7FEE7FEE7FEE7FEE7FEE7FEE7FEE7CA
:1032DC00FEE7FEE7FEE7FEE7FEE7FEE7FEE7FEE7BA
:1032EC00FEE7FEE7FEE7FEE7FEE7FEE7FEE7FEE7AA
:0832FC00FEE7FEE7FEE700BF5C
:1033040000B5A1B00590049103920293049805F0CE
:10331400CBFB039B1593029B169300231793002367
:103324008DF8603000231993229B1A9300231F9376
:103334000FA91F9B0822049805F074FC08231F930F
:10334400119B1293109B9BB2ADF84C3000238DF867
:1033540050309DF83C3003F00303DBB2012B32D133
:103364000F9BC3F395231C939DF83C30C3F3C20316
:10337400DBB28DF84E309DF83C30C3F38003DBB2F2
:10338400002B14BF01230023DBB28DF84F30BDF8AE
:103394003C30C3F38313DBB21B931B9B9A0009A934
:1033A4001F9B049805F03EFC1B9B9B001F9A134433
:1033B4001F9312AA09A915AB009313461B9A1C98D4
:1033C40000F048FF3BE09DF83C3003F00303DBB220
:1033D400022B34D1BDF83E30C3F389139BB21E9344
:1033E4009DF83C30C3F3C203DBB28DF84E309DF838
:1033F4003C30C3F38003DBB2002B14BF0123002352
:10340400DBB28DF84F301E9B082B28BF08231D9379
:1034140007A91F9B1D9A049805F004FC1F9A1D9B85
:1034240013441F931E9A1D9BD31A1E9315AB12AA05
:1034340007A81D9900F0B0FF1E9B002BE3D1049850
:1034440005F041FB00BF21B05DF804FB82B00190A0
:103454000091034B01221A7000BF02B0704700BFF5
:103464002822002030B58DB003468DF807301A4B62
:1034740002AC1D460FCD0FC495E80F0084E80F0081
:10348400062302934FF0FF3303934FF0FF3304936B
:103494004FF0FF3305934FF0EB7308939DF807301B
:1034A400002B01D00D4A00E0002202AB19460C4863
:1034B40007F0C4FC0B900B9B0A930A9B002B04D0CF
:1034C400084A43210A9801F035F9074A9DF8073064
:1034D400137000BF0DB030BD4455030051340200D9
:1034E4006C210020D85403002922002000B583B0A9
:1034F40001238DF807309DF807301846FFF7B2FF17
:1035040000BF03B05DF804FB00B589B003900291DD
:103514000192019B8DF81F30124B00221A709DF806
:103524001F301A460299104807F0F0FD0690069BDA
:103534000593059B002B04D00C4A5321059801F0F8
:10354400F9F800BF0A4B1B78002B07D0054B1B78FA
:10355400DBB283F00103DBB2002BF3D100BF09B06F
:103564005DF804FB282200206C210020D8540300BD
:103574002922002000B585B003900291054B0093E9
:103584004023054A02990398FFF7BAFE00BF05B02D
:103594005DF804FB0D350200E821002082B00190A3
:1035A40000BF02B07047000000B583B00190054829
:1035B40007F096FC0020FFF755FF00BF03B05DF84D
:1035C40004FB00BF6C21002082B00190019B01220A
:1035D4005A7200BF02B0704700B583B04FF0FF339A
:1035E4000193FFF783FF0421084800F06DFD01906B
:1035F400019B002B03DA0649482008F0ABFD034881
:10360400FFF7E2FF00BF03B05DF804FB7421002064
:103614007055030000B583B001900091019B1B68B5
:103624001B6800990198984700BF03B05DF804FB3C
:1036340000B583B00190019B1B685B6801989847B3
:1036440000BF03B05DF804FB82B001900B468DF817
:103654000330019B9DF803201A7200BF02B070472B
:1036640082B00190019B1B7A184602B0704782B069
:103674000190019B01225A7200BF02B0704782B0D0
:103684000190019B5B7A184602B0704710B487B072
:1036940001900091019B009A53E8004F44EA020014
:1036A40043E8000191F0000FF6D1059404900391D2
:1036B400049B184607B05DF8044B704710B487B0FC
:1036C40001900091019B009A53E8004F04EA020024
:1036D40043E8000191F0000FF6D1059404900391A2
:1036E400059B184607B05DF8044B704700B583B0DE
:1036F400019001210198FFF7C9FF0346184603B062
:103704005DF804FB00B583B0019000210198FFF738
:10371400D5FF0346184603B05DF804FB00B587B037
:1037240001901F4BFF229A601D4B00221A601C4B14
:1037340000225A601A4B0022C3F81824184B0022A6
:10374400C3F81424164B002283F81C24154805F0F2
:103754000FF90490049B002B01D0049B1CE0124A37
:10376400124BD31ADB080393002305930FE0059A49
:1037740013465B0013449B001A460D4B13440293FB
:10378400059B9AB2029B1A80059B01330593059A07
:10379400039B9A42EBD30023184607B05DF804FB61
:1037A400FC220020E055030024540300D4530300FA
:1037B400E0200020024A034BD31ADB081846704766
:1037C40024540300D453030000B587B001900B4682
:1037D4008DF803309DF80330002B23D0FFF7EAFF68
:1037E40004900023059317E0059A13465B001344E5
:1037F4009B001A460E4B13440393039B5B881A46A3
:10380400019B1B689A4204D1019B059A1A6000230C
:1038140009E0059B01330593059A049B9A42E3D37F
:10382400052300E00023184607B05DF804FB00BF41
:10383400E020002000B585B001900B468DF80330E0
:103844009DF8032001AB11461846FFF7BDFF034660
:10385400002B07D1019BDB00054A13440393039B10
:103864001B6800E00023184605B05DF804FB00BFA8
:10387400D453030084B001900B468DF80330019BB0
:10388400DB00174A134402939DF80330013B032BDA
:103894001CD801A252F823F0AD380200B53802005A
:1038A400BD380200C738020002238DF80F3011E042
:1038B40004238DF80F300DE0029B1B798DF80F3037
:1038C40008E0029B5B798DF80F3003E000238DF84C
:1038D4000F3000BF9DF80F30184604B0704700BF8A
:1038E400D453030000B589B04148FFF7FFFE4148B7
:1038F400FFF7FCFE404B5B6807933F4B9B680493C8
:10390400079A049B134002339B003B4A134404333D
:1039140006931BE0079B01330793069B5B88C3F365
:1039240089139BB21A46069B1B88C3F389139BB267
:1039340013441A46079B13440793079A049B1340A6
:1039440002339B002C4A134404330693069B1B78D2
:1039540003F00303DBB2002BDCD00023059311E05A
:10396400079B5A1C0792049A1340059A92006946D1
:103974000A44214902339B000B445B681360059B96
:1039840001330593059B012BEAD99DF80030C3F35D
:103994000103DBB2012B0CD0022B14D1BDF8023091
:1039A400C3F389139BB203339B08079A1344079309
:1039B4000FE0BDF80030C3F38313DBB21A46079B54
:1039C4001344079305E00D4940F24D1008F0C2FB83
:1039D40000BF0848FFF796FE0390039B002B02D01C
:1039E400054A079B536000BF09B05DF804FB00BFA4
:1039F4001427002010270020FC2200200456030076
:103A040010B586B00390029101920093039B1B0CA6
:103A1400ADF81630BDF81640FFF7CCFE03469C42C5
:103A240004D323494FF4B27008F094FB009B5A1C52
:103A3400089B1340BDF816201E4902339B000B441B
:103A44005A60009A089B134002339B00194A13449E
:103A540004330493039B1B0903F00103D9B2049AB2
:103A6400137861F382031370039B03F00703D9B245
:103A7400049A137861F3C5031370019B03F00F03D9
:103A8400D9B2049A138861F389131380029BC3F398
:103A94001501049A136861F39F231360049A137841
:103AA400012161F30103137000BF06B010BD00BF14
:103AB40004560300FC22002000B58BB00190009155
:103AC400019B023308930223079301238DF81B30D3
:103AD40000238DF80F300DF10F03184601F0AEFDF1
:103AE400214B1A68009B1A601F4B9A681E4B596839
:103AF4001D4B1B68CB1A134401330993089A079B87
:103B0400134405930BE0FFF7EDFE174B9A68164B31
:103B14005968154B1B68CB1A134401330993059A52
:103B2400099B9A42EFD8104B1A680F4B9B681340BD
:103B340002339B000C4A134404330493049A13780D
:103B440043F003031370084B1A68089B1344064A96
:103B540013609DF80F30184601F086FD9DF81B3068
:103B640018460BB05DF804FBFC22002000B58BB0B6
:103B740005900491039202931E4B9B68079306AB36
:103B840019460298FFF798FF0346002B24D0069BA2
:103B9400023309930023089311E0089B9B00039AC6
:103BA4001A44099B591C099107990B401268114941
:103BB40002339B000B445A60089B01330893089A14
:103BC400029B9A42E9D3069A079B00931346029AF2
:103BD40004990598FFF714FF064B93F81C34002B47
:103BE40004D000F079F80346002BFAD100BF0BB0E3
:103BF4005DF804FBFC22002000B583B00190009125
:103C04000023002200990198FFF7B0FF00BF03B022
:103C14005DF804FB00B587B0039002910192019B0B
:103C2400059305AA012302990398FFF79FFF00BF9C
:103C340007B05DF804FB00B587B0039002910192D0
:103C44000093019B0493009B059304AA0223029909
:103C54000398FFF78BFF00BF07B05DF804FB00B5C6
:103C640089B00390029101920093019B0593009BFC
:103C740006930A9B079305AA032302990398FFF767
:103C840075FF00BF09B05DF804FB00B589B003906F
:103C9400029101920093019B0493009B05930A9B5C
:103CA40006930B9B079304AA042302990398FFF736
:103CB4005DFF00BF09B05DF804FB0000054B5A68C6
:103CC400044B1B689A420CBF01230023DBB2184645
:103CD400704700BFFC22002000B599B0FFF7EEFF4B
:103CE4000346002B01D00023B3E19C4B0022C3F810
:103CF4001824BFF34F8F00BF984B5B681793974B03
:103D04009B681093179A109B134002339B00934AAD
:103D140013440433169300231593002314930023B0
:103D24000F931BE0179B01331793169B5B88C3F318
:103D340089139BB21A46169B1B88C3F389139BB243
:103D440013441A46179B13441793179A109B134056
:103D540002339B00814A134404331693169B1B7849
:103D640003F00303DBB2002BDCD00023139311E038
:103D7400179B5A1C1792109A1340139A920002A987
:103D84000A44764902339B000B445B681360139B1F
:103D940001331393139B012BEAD99DF8083003F0E8
:103DA4000303DBB2022B40F09C80BDF80A30C3F35E
:103DB40089139BB20D93BDF80A30C3F389139BB2E8
:103DC400502B28BF50239BB20C930C9BC3F30903C5
:103DD4009AB2BDF80A3062F38F13ADF80A300C9B27
:103DE40008330B939DF80830C3F3C203DBB20F937F
:103DF4000B995B4804F0C7FD1590159B002B00F050
:103E0400E080159804F050FE02A9149B082215982E
:103E140004F0F6FE149B08331493179BDA43109BAB
:103E2400134001339B000A930C9A0A9B9A4242D98D
:103E34000A9B002B08D0179A109B134002339B0057
:103E4400464A1344043300E0464B08930A9B002B74
:103E540002D00A9BDBB201E00C9BDBB28DF81F3071
:103E64000A9B002B01D03F4B00E0002306930A9BE2
:103E7400002B06D00C9BDAB20A9BDBB2D31ADBB25E
:103E840000E000238DF817309DF81F20149B08993B
:103E9400159804F0B5FE9DF81F30149A134414933A
:103EA400069B002B16D09DF81720149B0699159895
:103EB40004F0A6FE0EE0179A109B134002339B00F9
:103EC400264A134404330993149B0C9A09991598B0
:103ED40004F096FE0D9B03339B08179A1344179323
:103EE4006FE09DF8083003F00303DBB2012B5AD1D5
:103EF400BDF80830C3F38313DBB2062B28BF0623B7
:103F0400DAB2BDF8083062F38913ADF80830BDF8B1
:103F14000830C3F38313DBB202330E939DF80830E9
:103F2400C3F3C203DBB20F930E9B9B0019460C48EC
:103F340004F029FD1590159B002B42D0159804F030
:103F4400B3FD02A9149B0822159804F059FE149B92
:103F540008331493002313931BE000BFFC220020BA
:103F6400E055030008230020179B5A1C1792109A4F
:103F7400134002339B00394A1344191D149B042235
:103F8400159804F03DFE149B04331493139B0133E2
:103F94001393BDF80830C3F38313DBB21A46139BA3
:103FA4009342E1D30DE09DF8083003F00303DBB244
:103FB400032B06D1294BD3F81834002B01D100234D
:103FC40047E0159B002B3ED0244BD3F810341293BA
:103FD400224BD3F81834002B1AD0159804F073FD33
:103FE40031E000238DF847301298FFF748FB034671
:103FF400002B02D001238DF847309DF84730002B69
:1040040003D015991298FFF705FB129B5B68129376
:10401400129B002BE5D1159804F055FD00238DF873
:1040240007300DF10703184601F008FB0B4BD3F8DA
:104034001834002B02D1094A179B53609DF80730AE
:10404400184601F011FBFFF739FE034683F0010324
:10405400DBB2184619B05DF804FB00BFFC22002057
:1040640000B585B00023039322E0164BD3F8103437
:10407400029301238DF807300EE00298FFF7F0FA5F
:1040840003461A46039B934203D100238DF807305D
:1040940005E0029B5B680293029B002BEDD19DF827
:1040A4000730002B01D0039B07E0039B01330393EC
:1040B400039B092BD9DD4FF0FF33184605B05DF89B
:1040C40004FB00BFFC22002000B585B001900B4624
:1040D4008DF80330FFF7C4FF0390039BB3F1FF3F58
:1040E40001D1039B1EE0039BDBB219460198FFF745
:1040F400ABFA0E4BD3F81034002B07D10B4A019BBB
:10410400C2F81034019B00225A600AE0074BD3F82E
:1041140010345A68019B5A60044BD3F81034019A46
:104124005A60039B184605B05DF804FBFC2200208E
:1041340000B583B00C4BD3F8103401930A4B012221
:1041440083F81C2408E00198FFF791FA0198FFF71F
:104154006FFA019B5B680193019B002BF3D100BFB5
:1041640000BF03B05DF804FBFC22002010B582B050
:1041740001900091019BDB7983F00103DBB2002BFA
:1041840028D0019B1B7A002B12D0019B9B881A46D6
:10419400019B9B7919461046FFF76CFB03461A46B0
:1041A4000E4B53F822301A460D49009803F0E6FBF3
:1041B400019B9B791A460B4B53F82240019B9B8829
:1041C40000211846FFF736FB0346224606490098AD
:1041D40003F0D4FB00BF02B010BD00BF9421002047
:1041E400D456030080210020D856030000B585B0C2
:1041F4000390029113468DF80730039BDB7983F01B
:104204000103DBB2002B0FD0039B1B7A002B06D0DB
:104214000D4B1B681A460D49029803F0AFFB0C497D
:10422400029803F0ABFB07E09DF80730002B03D0A6
:104234000749029803F0A2FB029803F07DFB00BF3C
:1042440005B05DF804FB00BF94210020D4560300A0
:10425400E456030030B58BB00790069105920493A1
:104264000E9B1B7B8DF827300E9B00221A730E9930
:104274000498FFF77BFF059B062B7FD801A252F819
:1042840023F000BFA5420200AF420200BF42020079
:10429400D3420200F14202001943020049430200E2
:1042A40007990E9803F06AFB69E0069B1B681A469F
:1042B40007990E9803F062FB61E0069B1A68069B5F
:1042C40004331B6807990E9803F058FB57E0069BCC
:1042D4001A68069B04331968069B08331B6800930D
:1042E4000B4607990E9803F049FB48E0069B1968B2
:1042F400069B04331868069B08331B68069A0C3225
:1043040012680192009303460A4607990E9803F037
:1043140035FB34E0069B1868069B04331C68069B37
:1043240008331B68069A0C32126806991031096822
:104334000291019200932346024607990E9803F0D6
:104344001DFB1CE0069B1C68069B04331D68069B32
:1043540008331B68069A0C321268069910310968F2
:1043640006981430006803900291019200932B4642
:10437400224607990E9803F001FB00E000BF0022DB
:104384000E990498FFF732FF0E9B9DF827201A73AD
:1043940000BF0BB030BD00BF00B587B003900291E1
:1043A40001920093029B082B5CD8009B1B7B8DF829
:1043B4001330009B00221A7300990198FFF7D6FE70
:1043C4000023059314E0059A029B9A4209D2039AAA
:1043D400059B13441B781A462449009803F0CEFA2F
:1043E40003E02349009803F0C9FA059B01330593C0
:1043F400059B072BE7D91F49009803F0BFFA002358
:10440400059322E0059A029B9A4217D2039A059BD0
:1044140013441B788DF812309DF81230184610F0B2
:1044240060FF0346002B02D09DF8123000E02E23DB
:104434001A461149009803F0A1FA03E00F490098C5
:1044440003F09CFA059B01330593059B072BD9D9EF
:10445400012200990198FFF7C9FE009B9DF81320E3
:104464001A7300E000BF07B05DF804FBE8560300D0
:10447400F0560300F4560300F8560300FC560300FC
:1044840000B589B0019000238DF81F3051E02E4B08
:104494001A689DF81F30DB0013440693069B1B78B3
:1044A4001A46012393400593284B1A68059B134031
:1044B400002B39D0059BDA43244B1B681340234A55
:1044C4001360069B1B78184605F03AFE03468DF8E8
:1044D4001330069B1B781A46012393401A461C4B43
:1044E4001B6813409DF81320069909788A4093426B
:1044F4001AD19DF81330069A5278012A0CBF012272
:104504000022D2B293420CBF01230023DBB20393F7
:10451400069B5B68002B07D0069B5B68069A1278A3
:104524000399C9B2104698479DF81F3001338DF89E
:104534001F30084B1B789DF81F209A42A7D300BF59
:1045440000BF09B05DF804FB1C2700204C270020A5
:10455400482700202027002000B585B001900B4695
:104564008DF803300122019B02FA03F303931E4BDF
:10457400184600F0CDFF0290029B002B30D11B4B5C
:104584001A68039B1340002B22D1019805F0D8FD33
:104594000346002B06D0164B1A68039B1343144A98
:1045A400136006E0039BDA43114B1B681340104A67
:1045B40013600E4B1A68039B13430C4A13600A489A
:1045C4000C4B1B680022194600F070FF029008E0B3
:1045D400039BDA43054B1B681340044A136000E055
:1045E40000BF05B05DF804FB282700204C270020FD
:1045F400482700202427002000B589B003900B46EB
:1046040001928DF80B30019B042B01D8072351E054
:1046140005F09EFC034683F00103DBB2002B07D0B8
:1046240005F04EFC0790079B002B01D0079B41E04F
:10463400224A039B1360224A9DF80B301370214ACF
:10464400019B1360204B00221A60204B00221A6049
:1046540023E09DF80B30DB00039A134406930323F5
:104664008DF8143000238DF8153000238DF81630A2
:1046740000238DF81730069B9B788DF81530069B28
:104684001B78184605AB124A194605F06DFC0790D5
:10469400079B002B01D0079B0CE09DF80B305A1EA2
:1046A4008DF80B20002BD4D10A4A00210A4800F0CF
:1046B400CDFE0346184609B05DF804FB1C27002014
:1046C4002027002024270020482700204C270020F2
:1046D4005D450200854402000057030000B583B025
:1046E400114B1B68002B03D11049B62007F032FD93
:1046F400002301930CE00C4B1A68019BDB0013446C
:104704001B780121184605F093FC019B01330193AA
:10471400074B1B781A46019B9342ECD3002318469F
:1047240003B05DF804FB00BF1C27002004570300FE
:104734002027002000B589B0039002910192029BCA
:104744009BB2ADF81430019B0693039B079305AB12
:104754001A46002144F2010000F052F800BF09B0EB
:104764005DF804FB86B003900291019201238DF859
:1047740017309DF81730214A039B13601F4A029B90
:1047840053601E4A019B9360039B44F201029342CF
:1047940013D0039B44F20202934222D1019B174A95
:1047A400D360164BDB681B881A46144B9A61134B73
:1047B400DB685B68114AD36113E0019B0F4A136104
:1047C4000E4B1B699B680D4A53610C4B1B691B887C
:1047D4001A460A4B9A61094B1B695B68074AD36105
:1047E40000BF72B600BF00BF9DF81730DBB2002BCC
:1047F400FAD162B600BF00BF06B070475027002050
:1048040030B589B0059004910392FFF791FCFFF74E
:1048140063FA0346002BFAD1059B44F20202934249
:104824002BD0059B44F20202934254D8059B44F2D8
:104834000102934231D0059B44F2010293424AD8CB
:10484400059B012B05D0059B41F2010293420AD03E
:1048540041E02E4B1B881B0443F001032C491846EE
:10486400FFF7CAF942E0294B1B881B0443F00103FC
:1048740028491846FFF7C0F938E0039B0793234BF8
:104884001B881B0443F00100079B5B681A46079BC7
:104894001B882149FFF7CFF928E0039B06931B4BA4
:1048A4001B881B0443F00104069B9D68069B9B68C0
:1048B400184604F025FA03461946069B5B681A4617
:1048C400069B1B88019300920B462A4613492046F7
:1048D400FFF7DBF90AE00D4B1B881B0443F00103CF
:1048E400049A0F491846FFF795F900BF0D4B1B6852
:1048F40003F00103002B00D0FFDE039A049905980E
:10490400FFF730FF00BF09B030BD00BFE02000203A
:1049140058570300785703009C570300B857030007
:10492400D0570300F0ED00E082B003468DF8073065
:104934009DF8073003F01F0205499DF907305B0914
:10494400012000FA02F241F8232000BF02B07047B0
:1049540000E100E082B003468DF807309DF807308F
:1049640003F01F0206499DF907305B09012000FA94
:1049740002F2203341F8232000BF02B0704700BF89
:1049840000E100E082B003468DF807309DF807305F
:1049940003F01F0206499DF907305B09012000FA64
:1049A40002F2403341F8232000BF02B0704700BF39
:1049B40000E100E082B003468DF807309DF807302F
:1049C40003F01F0206499DF907305B09012000FA34
:1049D40002F2603341F8232000BF02B0704700BFE9
:1049E40000E100E082B0034600918DF807309DF9A4
:1049F4000730002B0CDA009BDAB20C499DF8073023
:104A040003F00F03043B5201D2B20B441A7609E0BF
:104A1400009BDAB206499DF907305201D2B20B4429
:104A240083F8002300BF02B0704700BF00ED00E030
:104A340000E100E084B00190244B0393019B002B20
:104A440040D0234B1A680399019B00BF00BF00BFED
:104A540000BF00BF00BF00BF00BF8A422FD000BF0D
:104A640000BF00BF00BF00BF00BF00BF00BF00BF4A
:104A740000BF00BF00BF00BF00BF00BF00BF00BF3A
:104A840000BF00BF00BF00BF00BF00BF00BF00BF2A
:104A940000BF00BF00BF00BF00BF00BF00BF00BF1A
:104AA40000BF00BF00BF00BF00BF00BF00BF00BF0A
:104AB40000BF00BF00BF00BF00BF00BF00BF013B7D
:104AC400C3D1019300BF04B0704700BF0024F400B9
:104AD400D021002000B583B00190064A019BC2F8A2
:104AE400083507211120FFF77DFF00BF03B05DF8F3
:104AF40004FB00BF0010014008B50D4B4FF4803299
:104B0400C3F844230A4B4FF48032C3F80423112022
:104B1400FFF750FF1120FFF707FF054B01221A6032
:104B24002F20FFF787FF034B01221A7000BF08BD37
:104B3400001001408E28002008B51120FFF70AFF5D
:104B44000E4B4FF48032C3F848230C4B4FF48032A1
:104B5400C3F80823094B01225A602F20FFF76AFF8C
:104B6400064B01229A60064B00221A602F20FFF7A1
:104B740061FF044B00221A7000BF08BD0010014001
:104B8400802800208E280020024BD3F804351846D4
:104B9400704700BF0010014082B001900091019A5B
:104BA400009BD31A23F07F43184602B070470000DD
:104BB40082B00190034A019BC2F8403500BF02B0A5
:104BC400704700BF0010014086B00190284B1B685D
:104BD400002B03D1264A019B136045E0019B1A6810
:104BE400234B1B681B689A4210D8214B1B68196819
:104BF400019B1A681E4B1B688A1A1A601C4B1A68A0
:104C0400019BDA611A4A019B13602DE0019B1B682A
:104C14000393174B1B680593154B1B68049309E01A
:104C2400049B1B68039AD31A0393049B0593049B68
:104C3400DB690493049B002B04D0049B1B68039A38
:104C44009A42EDD8049B002B05D0049B1A68039B61
:104C5400D21A049B1A60019B039A1A60019B049A5E
:104C6400DA61059B019ADA6100BF06B0704700BFA4
:104C74007C28002000B587B001902A4B1B68039361
:104C8400284B1B680593059B049308E0049A019B39
:104C94009A4208D0049B0593049BDB690493049B0C
:104CA400002BF3D100E000BF049B002B01D10023B3
:104CB40033E0059A049B9A4214D11A4B1B68DB69B2
:104CC400184A1360174B1B68002B0BD1164B01229B
:104CD4009A60164B00221A60154B01221A702F207D
:104CE400FFF7A8FE049B1B680293049BDA69059BEB
:104CF400DA61059BDB690493049B002B05D0049BBC
:104D04001A68029B1A44049B1A60064B1B68039A98
:104D14009A4214BF01230023DBB2184607B05DF8A2
:104D240004FB00BF7C2800200010014080280020E4
:104D34008F28002008B51120FFF724FE00BF08BD0E
:104D440008B51420FFF71EFE00BF08BD00B583B0F0
:104D54000190019B5B69019A92691046984700BFD4
:104D640003B05DF804FB000000B585B02B4B1B6855
:104D7400002B4ED000230193FFF706FF0246284B79
:104D84001B6819461046FFF707FF0290234B1B6868
:104D940003931DE0039B1B68029A9A421CD3039B56
:104DA4001B68029AD31A0293039B1B68019A13444B
:104DB4000193039B0093039BDB690393009B1B7C80
:104DC400002B05D0009B00221A740098FFF7BEFF49
:104DD400039B002BDED100E000BF124B1A78124B6C
:104DE4001B789A420CD1104B1B780133DAB20E4B6C
:104DF4001A700D4B1B78022B02D10B4B00221A7038
:104E0400094B1B781946094A019B42F82130FFF7E8
:104E140097FF00BF05B05DF804FB00BF7C280020AD
:104E2400802800208C2800208D2800208428002041
:104E340082B00190184B1A78184B1B789A4223D0F1
:104E4400154B1B780133DAB2134B1A70124B1B78D3
:104E5400022B02D1104B00221A700F4B1B781A46FA
:104E64000F4B53F82220019B1A60019B1A680D4BCB
:104E74001B6813440B4A13600A4B1B6823F07F43DF
:104E8400084A1360012303E0019B00221A600023F7
:104E9400184602B0704700BF8C2800208D280020DF
:104EA400842800208028002088B003900291019279
:104EB4000023079338E0204B1B680693069B1B686E
:104EC400039A9A4206D2069B1A68039BD21A069B3F
:104ED4001A602EE0069B1B68039AD31A0393069B61
:104EE4001B68079A13440793069B00221A60124B0F
:104EF4001B680593069BDB690F4A1360069BDB68FE
:104F0400002B11D0029A079B134423F07F42069B87
:104F14005A60069BDA68069B9A60019B1A68069B96
:104F2400DA61019B059A1A60034B1B68002BC2D1FE
:104F340000BF00BF08B070477C28002000B589B0CE
:104F4400019000238DF81F30664B1B680593AAE07F
:104F5400019B002B05D0019B0693069BDB69019303
:104F640061E0614B1B781A4613465B001344DB0077
:104F74005D4A1344043304935B4B1B780133DAB268
:104F8400594B1A70584B1A78574B9B789A4202D156
:104F9400554B00221A70049B5B680693049B1B7894
:104FA400032B1ED0032B7EDC012B1FD0022B7AD1C6
:104FB400049B5B681846FFF75DFE0346002B02D096
:104FC40001238DF81F30069B00221A746BE0454BB9
:104FD4001B680393039B00221A74039BDB69414AF9
:104FE4001360404B1B68002BF1D15CE000BF069BB3
:104FF4001B7C002B00D056E0049B9A68069B5A60E9
:10500400049BDA68069B9A60049B1A69069BDA6023
:10501400049B5A69069B9A61344B1B78002B02D07F
:10502400069B00225A60069B5A68314B1B68D31AB0
:1050340023F07F432F4A93420ED8069B5B682C4A89
:10504400126811461846FFF7A7FD0246069B9B68A7
:105054001A44069B1A6017E0254B1A68069B5B6886
:1050640019461046FFF798FD0290069B9B68029A2A
:105074009A4206D2069B9A68029BD21A069B1A6031
:1050840002E0069B00221A60069B00225A60069BDF
:1050940000229A60069B01221A74069B0022DA61A0
:1050A4000698FFF791FD019B002B7FF451AF0E4B47
:1050B4001A780D4B5B789A427FF44AAF9DF81F3003
:1050C400002B04D1074B1B68059A9A4201D0012397
:1050D40000E0002303F00103DBB2184609B05DF8D9
:1050E40004FB00BF7C280020702700208F280020AC
:1050F40080280020FEFF7F0010B588B00190274B68
:105104001B68002B44D0254B1B681B680793FFF7D3
:105114003BFD0690224B1B68059305990698FFF703
:105124003BFD0346033304931E4B1B7883F00103BA
:10513400DBB2002B01D0FFF7DFFC049A079B9342FC
:1051440038BF1346059A13440593059B23F07F4308
:1051540005930598FFF72CFDFFF716FD03900699BC
:105164000398FFF719FD0346DC1C06990598FFF721
:1051740013FD03469C420DD9FFF706FD034618466E
:10518400FFF716FD2F20FFF755FCFFF7D3FD01E0D5
:10519400FFF7D2FC00BF08B010BD00BF7C28002080
:1051A400802800208E28002000B587B000230193BA
:1051B40000238DF81730194B1B680493184B1B6898
:1051C40003936B461846FFF733FE03468DF80B3006
:1051D4009DF80B30002B08D0009B01AA04991846B7
:1051E400FFF762FE01238DF81730019B1846FFF785
:1051F400A5FE0346002B02D001238DF817309DF83D
:105204001730002B02D00398FFF776FF054B0022DE
:105214001A7000BF07B05DF804FB00BF80280020AF
:105224007C2800208F28002082B003468DF80730A8
:10523400034A9DF80730537000BF02B0704700BFA7
:105244007027002084B00190144B5B7801338DF8F3
:105254000F30124B9B789DF80F209A4202D1002305
:105264008DF80F300D4B1B789DF80F209A4201D119
:1052740000230FE0019B9DF80F201A70074B5B7809
:105284001A4613465B001344DB00044A13440433F8
:105294000293029B184604B0704700BF7027002099
:1052A40000B589B003900291019200930023079303
:1052B40000238DF816300DF11603184600F0BEF9E0
:1052C4000DF117031846FFF7BDFF0690069B002B50
:1052D40002D10423079318E0069B01221A70069B4F
:1052E400039A5A60FFF750FC0246069B9A60069B9D
:1052F400029ADA60069B019A1A61069B009A5A6127
:105304009DF817301846FFF78FFF9DF816301846A2
:1053140000F0AAF9079B002B01D1FFF711FD079BB1
:10532400184609B05DF804FB00B587B001900B4640
:105334008DF803300023059300238DF80E300DF112
:105344000E03184600F07AF90DF10F031846FFF723
:1053540079FF0490049B002B02D1042305930BE0F6
:10536400049B9DF803201A70049B019A5A609DF8CF
:105374000F301846FFF758FF9DF80E30184600F01E
:1053840073F9059B002B01D1FFF7DAFC059B184646
:1053940007B05DF804FB000008B50E4B0022C3F80B
:1053A40040210C4B0022C3F844210A4B0022C3F8CD
:1053B4004821084B0022C3F84C21064B0022C3F8B5
:1053C4000021044B0022C3F80421FFF7CDFC00BFE9
:1053D40008BD00BF0010014008B5FFF7E5FE00BF9F
:1053E40008BD000008B5FFF7A7FB134B00221A7095
:1053F400114B00225A70104B0B229A700F4B002253
:105404001A600F4B00221A700E4B00221A701420DF
:10541400FFF7D0FA07211420FFF7E4FA1420FFF76E
:1054240083FA0020FFF756FBFFF7AEFB0346064A5C
:1054340013600023184608BD702700207C28002034
:105444008C2800208D2800208028002086B003901E
:105454000B4601928DF80B30134B9B78002B01D136
:1054640008231EE0019B002B01D1072319E0039BB5
:10547400002B01D1072314E0039B1B681B7C002B2A
:1054840001D008230DE0039B1B680593059B0022B4
:105494001A74059B9DF80B205A74059B019A5A6156
:1054A4000023184606B070477027002000B587B067
:1054B400039002910192039B0593144B9B78002B5C
:1054C40001D108231EE0039B002B01D1082319E01E
:1054D400029B042B01D8072314E0059B5B69002B76
:1054E40001D108230EE0059B5B7C012B01D1029BBB
:1054F40000E000230493019B049A02990598FFF7A6
:10550400CFFE0346184607B05DF804FB7027002061
:1055140000B585B00190019B03930D4B9B78002B44
:1055240001D1082310E0019B002B03D0039B5B698E
:10553400002B01D1082307E0039B00221A740221E7
:105544000398FFF7F1FE0346184605B05DF804FB27
:105554007027002082B0EFF310830093009B019327
:1055640072B600BF019B184602B0704762B600BF16
:1055740000BF704700B585B00190FFF7EBFF0390C3
:10558400164B9B68002B1BD1144B01229A60144BC1
:10559400D3F88020134B1340104A1360104B114A68
:1055A400C3F880200E4BD3F884300C4A53600C4B64
:1055B4004FF0FF32C3F88420019B00221A7002E0EE
:1055C400019B01221A70039B002B01D1FFF7CEFF30
:1055D4000023184605B05DF804FB00BF90280020A6
:1055E40000E100E0FC06FFBD00B585B003468DF880
:1055F4000730104B9B68002B16D09DF80730002B0A
:1056040012D1FFF7A7FF03900B4A0A4B1B681360E4
:10561400094A084B5B685360064B00229A60039B5F
:10562400002B01D1FFF7A2FF0023184605B05DF857
:1056340004FB00BF9028002000E100E000B583B027
:10564400019000F02BF80346012B03D005494320B9
:1056540006F080FD0198FFF78DFF00BF03B05DF8F1
:1056640004FB00BFE857030000B583B003468DF880
:10567400073000F013F80346012B03D006495120EC
:1056840006F068FD9DF807301846FFF7ADFF00BF30
:1056940003B05DF804FB00BFE857030084B0EFF3E8
:1056A40005830193019BC3F308030393039B002B1E
:1056B4000DD1EFF314830093009B0293029B03F03C
:1056C4000103002B0CBF01230023DBB200E0012304
:1056D400184604B0704782B00190019B03F00303A5
:1056E400002B0CBF01230023DBB2184602B0704725
:1056F40010B487B001900091019B009A53E8004FC9
:1057040044EA020043E8000191F0000FF6D1059449
:1057140004900391059B184607B05DF8044B70474D
:1057240010B487B001900091019B009A53E8004F98
:1057340004EB020043E8000191F0000FF6D1059458
:1057440004900391059B184607B05DF8044B70471D
:1057540010B487B001900091019B009A53E8004F68
:1057640004EB020043E8000191F0000FF6D1059428
:1057740004900391049B184607B05DF8044B7047EE
:1057840010B487B001900091019B009A53E8004F38
:10579400A4EB020043E8000191F0000FF6D1059458
:1057A40004900391049B184607B05DF8044B7047BE
:1057B40000B583B0019001210198FFF799FF0346DA
:1057C400184603B05DF804FB00B585B001900023D2
:1057D40003930EE00B4A039B52F82330002B05D0B1
:1057E400084A039B52F8233001989847039B0133DE
:1057F4000393039B032BEDD900BF00BF05B05DF8F5
:1058040004FB00BFAC28002082B001900091019BF2
:105814001B78013B052B61D801A252F823F000BF8D
:105824003D580200455802006B5802009D58020082
:10583400BD580200D9580200009B00221A704EE0A5
:10584400009B01221A70019B1A89009B9A81019B7B
:105854009A88009BDA81019BDA68009B9A60009B1E
:1058640000221A743BE0009B02221A70019B1A89E1
:10587400009B9A81019B9A88009BDA81019BDA68DC
:10588400009B9A60019B9B7D062B0CBF0123002388
:10589400DAB2009B1A7422E0009B03221A70019B67
:1058A400DA88009B9A81019B1A89009BDA81019B0B
:1058B400DA68009B9A6012E0009B04221A70019B34
:1058C400DA88009B9A81009B0022DA81009B0022E7
:1058D4009A6004E0009B05221A7000E000BF00BF3C
:1058E40002B0704784B001900091019B0393039A26
:1058F400009B9A4206D2039B1B68B3F1FF3F01D081
:10590400012300E0002303F00103DBB2184604B0D6
:10591400704782B00190019B5B8803339B00019A1E
:105924001344184602B0704700B583B0019000914B
:105934000198FFF7EEFF0246009B934201D2022337
:105944000CE0019B9B884FF6FF72934203D0019BAE
:105954001B88002B01D1012300E00023184603B06B
:105964005DF804FB00B583B00190019B002B13D0BC
:105974000D4BDB681A46019B93420DD30A4B1B69FE
:105984001A46019B934207D80198FFF7A4FE0346E9
:10599400002B01D0012300E0002303F00103DBB25C
:1059A400184603B05DF804FB5821002082B0019032
:1059B400019B002B04D0019B1B680B4A934201D02E
:1059C40003230DE0019B04331B68084A934204D06F
:1059D400074A934203D1012302E0002300E003239A
:1059E400184602B0704700BFDEC0ADDEFE011EF1F6
:1059F400FF011EF184B00190002303930CE0039B8C
:105A04009B00019A13441B68B3F1FF3F01D00023AC
:105A140007E0039B01330393039BB3F5806FEED33D
:105A24000123184604B0704782B003460A46ADF815
:105A340006301346ADF80430BDF80620134913466A
:105A44009B0013449B000B4408331A88BDF80430B0
:105A54001344ADF80430BDF806200C4913469B00EE
:105A640013449B000B440A331A88BDF804301344D2
:105A7400ADF80430BDF8043040F2FF32934294BFD5
:105A840001230023DBB2184602B070475C290020D2
:105A940084B0019000910A2303930023ADF80A30E7
:105AA40027E0BDF80A20174913469B0013449B00C6
:105AB4000B4404331B68009A9A4215D9BDF80A2096
:105AC400104913469B0013449B000B4404331B688A
:105AD40003F58053009A9A4206D200230393019B54
:105AE400BDF80A201A8008E0BDF80A300133ADF889
:105AF4000A30BDF80A30012BD3D9039B184604B0F1
:105B0400704700BF5C29002000B589B00390029162
:105B14000192039B03F580530693039B083303937D
:105B2400029B02221A80039B079332E0069907988E
:105B3400FFF7FAFE03468DF817309DF81730002B57
:105B44000AD1079B9A68184B1B689A4213D9079B82
:105B54009B68154A13600EE0019B002B02D0019B49
:105B640001221A709DF81730022B04D1029B4FF4C6
:105B740080621A8014E0029B1A88079B5B88134496
:105B84009BB203339AB2029B1A800798FFF7C1FEB7
:105B9400079006990798FFF7A5FE0346002BC5D189
:105BA40009B05DF804FB00BFBC28002082B001905E
:105BB4000B46ADF80230019B1A89BDF8023013443C
:105BC4009BB203339AB2019B1A81019B5A89BDF897
:105BD4000230D31A9BB2033B9AB2019B5A8100BF95
:105BE40002B0704700B583B0074B1B681946002309
:105BF40000930823054A064802F07FFA0346184634
:105C040003B05DF804FB00BF842900209058030012
:105C14005821002000B585B0039003990023009318
:105C24000823044A044802F068FA0346184605B0FB
:105C34005DF804FB985803005821002000B585B096
:105C440003460091ADF8063000238DF80F30BDF8FF
:105C540006300333ADF80A30BDF80A3040F2FD32A5
:105C6400934201D909234AE00023ADF80C303BE00C
:105C7400BDF80C20244913469B0013449B000B449D
:105C84001B78002B2BD1BDF80A20BDF80C3011462F
:105C94001846FFF7C9FE0346002B20D001238DF8D8
:105CA4000F30009BBDF80C201A80BDF80C2016495B
:105CB40013469B0013449B000B440A331988BDF818
:105CC4000C20BDF80A300B4498B20F4913469B00D0
:105CD40013449B000B440A3302461A8008E0BDF8C3
:105CE4000C300133ADF80C30BDF80C30012BBFD9AA
:105CF4009DF80F30002B01D0002300E00723184645
:105D040005B05DF804FB00BF5C29002082B00346A7
:105D14000A46ADF806301346ADF80430BDF8042049
:105D24000D4913469B0013449B000B440A331A8805
:105D3400BDF80630D31A9BB2BDF80420033B98B2D9
:105D4400054913469B0013449B000B440A33024647
:105D54001A8000BF02B070475C29002008B50121F9
:105D64000248FFF7F5FC0346184608BDBC2800208E
:105D740000B585B003460091ADF80630BDF80620A5
:105D8400244913469B0013449B000B4404331B68B3
:105D940003F580530293009B1B680393039B002B22
:105DA40004D00398FFF7B5FD039026E0BDF8062064
:105DB400184913469B0013449B000B4404331B688F
:105DC4000833039319E002990398FFF7ADFD0346E6
:105DD400022B10D0022B10DC002B02D0012B05D09B
:105DE4000BE0009B039A1A6001230EE00398FFF76F
:105DF40090FD039001E0002307E002990398FFF768
:105E040071FD0346002BDED10023184605B05DF872
:105E140004FB00BF5C29002000B585B0019000910F
:105E2400019B5B681846FFF79DFD0346002B19D0C4
:105E3400019B1A89244B1B899A4213D1019B1A682E
:105E4400019B5B689B689A420CD1019B5B68194675
:105E54000098FFF71DFE0346002B0CBF012300230F
:105E6400DBB22CE0009B00221A8023E00023029383
:105E740010E0029B0393039B9A68019B1B689A4260
:105E840008D1029A019B5A600F4B1A89019B1A810F
:105E9400012314E0009B1B8802AA11461846FFF751
:105EA40067FF0346002BE4D1009B1B8801339AB2A1
:105EB400009B1A80009B1B88012BD7D9002318460E
:105EC40005B05DF804FB00BF8C29002000B587B045
:105ED4000390029101920093304B1B78DBB283F064
:105EE4000103DBB2002B01D0022353E0019B002B02
:105EF40002D0009B002B48D105234BE0009B9B88DC
:105F04001946274A0B469B000B449B0013441B78FD
:105F1400002B33D124E0009B1B680593039B002BCB
:105F240006D0059B9A88039B1B889A4200D017E0F1
:105F3400029B002B06D0059B1A88029B1B889A4261
:105F440000D00DE0059B9A68019B1A60009B1A68BB
:105F5400019B5A60134B1A89019B1A81002319E093
:105F6400009B9B88009A11461846FFF701FF0346E1
:105F7400002BD0D1009B00221A6000E000BF009BE0
:105F84009B8801339AB2009B9A80009B9B88012BCB
:105F9400B4D90A23184607B05DF804FB9C280020F6
:105FA4005C2900208C29002000B585B00190084BA5
:105FB4000199184601F05FFB03901C22002103980D
:105FC4000FF03EF9039B184605B05DF804FB00BFD3
:105FD4004C29002000B583B00190044B0199184668
:105FE40001F060FB00BF03B05DF804FB4C29002006
:105FF40000B583B00190054B0199184601F066FB8A
:106004000346184603B05DF804FB00BF4C2900208A
:1060140000B583B00190044B0199184601F06DFB63
:1060240000BF03B05DF804FB4C29002008B50A4BFF
:106034001B68002B04D1094940F2712006F08AF84C
:1060440001210548FFF79CFB0346002B14BF0123E5
:106054000023DBB2184608BDA428002044580300DE
:1060640000B587B0002305930023ADF81230032355
:10607400ADF8103000238DF80F300023ADF80C304C
:10608400F3E0BDF80C301A03804BDB681344029331
:106094000298FFF78BFC03468DF807309DF8073014
:1060A400032B08D0032B00F3DA80002B65D0012BDF
:1060B40000F09880D3E00298FFF79CFC0346002B85
:1060C4003BD0734B1B68002B29D0BDF812207149BB
:1060D40013469B0013449B000B4402221A70BDF824
:1060E40012206C4913469B0013449B000B44043359
:1060F400029A1A60BDF81220664913469B001344A5
:106104009B000B44083302221A80634ABDF8123004
:106114005380BDF812300133ADF8123008E05C4A08
:10612400029B13605A4B02229A8001238DF80F3090
:10613400059B43F00103059392E0BDF81030013B49
:10614400ADF81030BDF81220524913469B00134499
:106154009B000B440433029A1A60BDF812204D4987
:1061640013469B0013449B000B4403221A70BDF892
:1061740012300133ADF8123072E0BDF812204549F7
:1061840013469B0013449B000B4400221A70BDF875
:106194001220404913469B0013449B000B440433D4
:1061A400029A1A60BDF8122013469B0013449B0008
:1061B4000833384A9918BDF8122013469B0013443B
:1061C4009B001033334A13441A460298FFF79CFC91
:1061D400059B43F002030593BDF812300133ADF87B
:1061E40012303DE09DF80F30002B25D0BDF8122071
:1061F400284913469B0013449B000B4402221A7047
:10620400BDF81220224B1968224813469B00134400
:106214009B00034404331960BDF812201D49134642
:106224009B0013449B000B44083302221A80BDF8E0
:1062340012300133ADF81230154A029B136000226C
:1062440016490298FFF760FC114B9B88022B01D181
:10625400042300E00823059A1343059300E000BFDC
:10626400BDF80C300133ADF80C30BDF80C30022B06
:106274007FF607AFBDF81030012B01D8002305933A
:10628400059BDBB2184607B05DF804FB58210020DB
:10629400842900205C2900208C29002088290020E2
:1062A40000B587B003900291039B02229A7502996C
:1062B400039B1A1D002300930423074801F01DFFCC
:1062C4000590059B002B01D1002300E00E23184606
:1062D40007B05DF804FB00BF5821002000B587B06B
:1062E40003900291039B1B69002B01D0032200E061
:1062F4000122039B9A75029B08331946039B03F101
:106304000C02002300930423064801F0F6FE0590D6
:10631400059B002B01D1002300E00E23184607B093
:106324005DF804FB5821002000B587B0039002916A
:10633400039B1B78032B01D1052200E00622039B5B
:106344009A75029B04331946039B03F10802002348
:1063540000930423064801F0D0FE0590059B002B12
:1063640001D1002300E00E23184607B05DF804FBBA
:106374005821002000B587B003900B46ADF80A30D1
:1063840003990023009304230C4A0D4801F0B5FE41
:106394000590059B002B01D00E230BE0BDF80A20CD
:1063A400084913469B0013449B000B4410330122FD
:1063B4001A700023184607B05DF804FBA0580300C8
:1063C400582100205C29002000B589B0019002AB5F
:1063D40000221A605A609A60019BDB6802930DF1F7
:1063E400160202AB11461846FFF716FD0346002BB2
:1063F40012D0039B0693069B9A88019BDA80069B26
:106404001A88019B1A81039BBDF816201146184671
:10641400FFF7B0FF079001E00A230793079B184694
:1064240009B05DF804FB000000B587B00190019B42
:10643400981D02AA0D4B0021FFF748FD0590059B0E
:10644400002B08D1039B094A928811461846FFF78E
:1064540091FF059004E00822002104480EF0F0FEAC
:10646400059B184607B05DF804FB00BF9C2900207B
:1064740000B587B003900291039B01229A75029B99
:106484000C331846039B1A69039BDB889B0000218D
:1064940000910146064801F030FE0590059B002B53
:1064A40001D1002300E00E23184607B05DF804FB79
:1064B4005821002082B0184B1B8901339AB2164B25
:1064C4001A81154B00225A80134B00221A730023A1
:1064D400ADF8063018E0BDF80620104913469B00BD
:1064E40013449B000B441A78BDF80630002A0CBFF5
:1064F40001220022D1B2084A13440A469A72BDF816
:1065040006300133ADF80630BDF80630012BE2D970
:1065140000BF00BF02B070478C2900205C29002016
:1065240084B0019000238DF80F300023ADF80C30B7
:1065340031E0BDF80C301C4A13449B7A002B25D063
:10654400BDF80C30184A134400229A72BDF80C208E
:10655400164913469B0013449B000B440C331B68E1
:10656400002B13D1BDF80C20104913469B00134493
:106574009B000B4410331B78002B07D0019BBDF804
:106584000C201A8001238DF80F3008E0BDF80C3080
:106594000133ADF80C30BDF80C30012BC9D99DF88E
:1065A4000F30184604B070478C2900205C29002065
:1065B40008B5084B05221A70074B02229A80064B35
:1065C4001B68194600230122044801F0E8FD034634
:1065D400184608BD8C290020842900205821002059
:1065E40000B583B0164B5B88ADF80230BDF80220CD
:1065F400144913469B0013449B000B440C331B6843
:10660400002B14D10E4B04221A70BDF802200D4940
:1066140013469B0013449B000B4404331B68194628
:1066240000230122084801F0BAFD019002E0FFF7BF
:10663400BFFF0190019B184603B05DF804FB00BF47
:106644008C2900205C2900205821002000B587B047
:10665400104B5B680593104B1A680F4B9B889B008B
:1066640013440493059B5B880333ADF80E30094B48
:1066740003221A700499074B5A68BDF80E309B0028
:1066840000200090054801F038FD0346184607B085
:106694005DF804FB8C290020842900205821002067
:1066A40000B583B00A4B5B880A491846FFF760FBC4
:1066B4000346002B03D0FFF7C9FF019002E0FFF768
:1066C4008FFF0190019B184603B05DF804FB00BFE7
:1066D4008C2900209029002008B50A4B06221A7044
:1066E400084B5B881946084A0B469B000B449B00E9
:1066F400134404331B681846FFF78CFA0346184604
:1067040008BD00BF8C2900205C29002008B5054B7A
:1067140007221A70034B00225A60FFF763FA0346FC
:10672400184608BD8C29002008B50D48FFF7F8FE6F
:10673400034683F00103DBB2002B0BD0094B00228C
:106744001A70084B00225A80064B00225A6041F608
:106754001D5302E0FFF7A4FF0346184608BD00BF1F
:106764008E2900208C29002082B0094B5B6801939C
:10677400019B5B880333ADF80230064B9A88BDF861
:10678400023013449AB2034B9A8000BF02B07047A0
:106794008C2900208429002082B0184B1B680193A7
:1067A400174B5B881946174A0B469B000B449B000A
:1067B400134404331B68114A1360114B5B88194658
:1067C400104A0B469B000B449B0013440433019A6C
:1067D4001A600B4B5B881946084B9888094A0B468C
:1067E4009B000B449B001344083302461A80034B5E
:1067F40002229A8000BF02B0704700BF84290020A3
:106804008C2900205C29002008B51A4B1B78072B23
:106814002CD801A252F823F03D68020071680200EE
:10682400716802004968020055680200616802004C
:106834006168020069680200FFF73CFE0D4B01220B
:106844001A7014E0FFF790FF0A4B02221A700EE050
:10685400FFF7A2FF074B06221A7008E0054B072238
:106864001A7004E0034B01221A7000E000BF00BF5D
:1068740008BD00BF8C29002000B587B001900091AD
:106884000F230593019B002B04D0624B00225A6016
:106894000123BBE0009B1B79032B00F2AB8001A218
:1068A40052F823F0B9680200C76802005569020073
:1068B40075690200009B01221A71FFF793F9059094
:1068C4009BE000238DF813300023ADF810302BE04B
:1068D400BDF81020504913469B0013449B000B4401
:1068E4001B78022B1BD1BDF810204B4913469B008B
:1068F40013449B000B4400221A7001238DF81330BB
:10690400BDF81020444913469B0013449B000B44DC
:1069140004331B681846FFF77DF9059008E0BDF8BD
:1069240010300133ADF81030BDF81030012BCFD941
:106934009DF8133083F00103DBB2002B5CD0354BA0
:1069440001221A70334B00225A6041F61D535DE058
:10695400009B00221A71314B02229A802F4B1B6834
:106964001946002301222E4801F019FC059044E049
:10697400009B00221A71294B1B681846FFF74AF93D
:106984000590284B5B88ADF80E30244B1B680293AE
:10699400BDF80E20204913469B0013449B000B4472
:1069A40004331B681D4A1360BDF80E201A491346B0
:1069B4009B0013449B000B440433029A1A60BDF8F5
:1069C4000E20164B9888144913469B0013449B00D1
:1069D4000B44083302461A80104B02229A80BDF8F9
:1069E4000E200D4913469B0013449B000B440022C8
:1069F4001A7002E000BF00E000BF059B002B04D02A
:106A0400044B00225A600E2300E00023184607B00E
:106A14005DF804FB9C2800205C29002084290020C8
:106A2400582100208C29002000B587B001900091E6
:106A3400009B9B8A1A4613469B0013449B003C4AC6
:106A440013440493019B002B07D0009BDB88194659
:106A54000498FFF7ABF8012365E0049B5A68049B94
:106A64001B899B0013440393009B9B7D062B4DD8ED
:106A740001A252F823F000BFBF6A0200E36A0200D9
:106A8400CB6A0200D76A0200996A0200EF6A020028
:106A9400096B0200274B00225A60009B9B69254A20
:106AA400136025492348FFF7B7F9034683F0010330
:106AB400DBB2002B01D00A2335E003990098FFF7DD
:106AC400EFFB059025E003990098FFF707FC05907C
:106AD4001FE003990098FFF7CBFC059019E0039998
:106AE4000098FFF721FC059013E0009B06229A759D
:106AF400104B5B68104A128811461846FFF73AFC9F
:106B0400059006E041F61D53059302E00F2305931B
:106B140000BF059B002B05D0009BDB881946049819
:106B2400FFF744F8059B184607B05DF804FB00BF67
:106B34005C290020A4290020B029002000B585B0DC
:106B440001900091019B002B01D0012326E0009BC2
:106B54001B79022B19D0022B1BDC002B02D0012B3A
:106B640008D016E0009B02221A710098FFF72CFC53
:106B7400039012E00098FFF757FC0390039B0A2B45
:106B84000AD141F61D53039306E041F61D530393C6
:106B940003E00F23039300E000BF039B184605B0F6
:106BA4005DF804FB00B585B00190019B002B01D07A
:106BB40001233BE01F4B1B7B002B03D01D4B00220A
:106BC4001A7301E0FFF720FE1A4B1B78013B062BDA
:106BD40028D801A252F823F0F96B0200016C0200DC
:106BE400096C0200116C0200296C0200196C02008D
:106BF400216C0200FFF798FD039016E0FFF750FDAB
:106C0400039012E0FFF722FD03900EE0FFF7E8FC8B
:106C140003900AE0FFF760FD039006E0FFF776FDBE
:106C2400039002E00F23039300BF039B184605B0B3
:106C34005DF804FB8C29002000B589B001903F4B1E
:106C44001B68002B05D13E48FFF7D2F903463B4AA7
:106C540013603A4B1B68002B04D13A4940F2795037
:106C640005F078FA354B1B681B78013B052B2CD8B3
:106C740001A252F823F000BF956C0200A56C02003B
:106C8400A56C0200B56C0200B56C0200C56C020074
:106C94002A4B1B6819460198FFF7EEFD019017E097
:106CA400264B1B6819460198FFF7BEFE01900FE0C2
:106CB400224B1B6819460198FFF740FF019007E03B
:106CC4000198FFF76FFF019002E00F23019300BFCB
:106CD400019B002B2BD003AB1422002118460EF08D
:106CE400AFFA019B41F61D52934204D10023049351
:106CF4000023019301E0019B0493104B1B6803AA3A
:106D040011461846FEF780FD03AB1846FEF75CFDFE
:106D14000A4B00221A600A48FFF77AF9FFF786F94E
:106D2400034683F00103DBB2002B02D187E700BFE7
:106D340000E000BF00BF09B05DF804FBB4290020E7
:106D4400B82900204458030008B501210548FEF77E
:106D5400E7FC0346002B02D10020FFF76DFF00BFC4
:106D640008BD00BFA428002000B583B00190019B9A
:106D74005B681846FFF760FF00BF03B05DF804FBD3
:106D840000B58BB00390029101928DF8033000237B
:106D9400ADF824300023ADF82630514B1B78DBB21C
:106DA40083F00103DBB2002B01D0022393E0029BAA
:106DB400002B01D105238EE0029B1B884FF6FF7246
:106DC400934203D0029B5B88002B01D1042382E011
:106DD400029B5B681846FEF77EFC034683F00103C2
:106DE400DBB2002B01D0032375E0019B002B11D1F2
:106DF400029B9B68ADF826300DF11A02BDF82630CF
:106E040011461846FEF71AFF0890089B002B09D07C
:106E1400089B60E0019B1B88ADF81A30019B5B88DE
:106E2400ADF8263005AB1846FFF7BEF80790079B70
:106E3400002B09D1BDF81A20BDF82630114618469A
:106E4400FEF764FF082346E0079B9DF803201A70B1
:106E5400079B00229A75BDF81A20079B9A82029B11
:106E64005A68079B1A61FEF779FF0246079BDA60AE
:106E7400029B1A88079B1A81029B5A88079B9A8057
:106E8400079BBDF82620DA809DF80330032B06D13A
:106E9400079B04229A75039B1A68079B9A61079BB8
:106EA400BDF824205A8105AB1846FFF793F8039BDD
:106EB400002B0DD0039B00225A60079BDA68039BCA
:106EC4001A60039B00229A72064B1A89039B1A814B
:106ED400FFF73AFF002318460BB05DF804FB00BF30
:106EE4009C2800208C29002000B585B001900C4B13
:106EF4001B68042B02D10C2303930BE0084B1B6883
:106F04000849019A41F8232001210548FEF720FC95
:106F140000230393039B184605B05DF804FB00BFF0
:106F2400A8280020AC28002084B04FF010235B690F
:106F340003934FF080531B6902934FF080535B69B6
:106F44000193039BB3F1FF3F04D1019B029A02FB1F
:106F540003F300E0039B184604B0704700B583B008
:106F64004FF440530193FFF7DFFF0346054A1361D3
:106F7400044B1A69019BD31A024AD36000BF03B0C1
:106F84005DF804FB5821002008B5FFF7E7FF002255
:106F94000349044801F096F80346184608BD00BFAB
:106FA400BC5903005821002008B504481C238C2236
:106FB400034900F019FB00BF08BD00BF4C290020A5
:106FC400C028002000B58BB002AB00221A605A60C2
:106FD4009A60DA601A61414B1B78DBB2002B05D052
:106FE40002AB1846FEF7F0FB002373E03C48FEF7C3
:106FF400DFFB0346002B01D000236BE0FFF7C4FF47
:107004000990099B002B01D0099B63E0FFF7CCFF9B
:10701400FFF726F803468DF823309DF82330062B1E
:1070240007D0062B11DC002B01D0022B0DD10B2332
:1070340050E02A4B01221A70284B00225A6002ABFE
:107044001846FEF7C1FB002344E000BF01AB18461D
:10705400FEF7AAFF0790079B002B01D1082339E014
:10706400079B01221A709DF82330013B0A2B29D873
:1070740001A252F823F000BFA9700200C9700200F7
:10708400A9700200C9700200C1700200C970020038
:10709400C1700200C9700200B1700200B970020030
:1070A400B1700200079B00221A710CE0079B0322B7
:1070B4001A7108E0079B02221A7104E0079B01225F
:1070C4001A7100E000BF01AB1846FEF783FFFFF71B
:1070D4003BFE002318460BB05DF804FB9C280020FF
:1070E400A028002000B585B001900091019B002BE1
:1070F40002D0009B002B01D1052329E00DF10A03E6
:1071040019460198FEF788FE0346002B1FD0019B09
:107114005B680393BDF80A301A4613469B00134478
:107124009B0008330C4A1344043301211846FEF72C
:107134000FFB009B039A1A60019B5B6803F10C022E
:10714400009B5A60019B01229A72002300E00A23EB
:10715400184605B05DF804FB5C29002000B585B035
:107164000190019B002B01D1052339E00DF10A03A5
:1071740019460198FEF750FE0346002B2DD0BDF8AA
:107184000A301946184A0B469B000B449B001344D3
:107194000C331B68002B1DD0019B9B7A002B19D04C
:1071A400BDF80A301A46104913469B0013449B004D
:1071B4000B440C331B68591E0B4813469B001344A5
:1071C4009B0003440C331960019B00229A72002334
:1071D400039304E00623039301E00A230393039B30
:1071E400184605B05DF804FB5C29002000B585B0A5
:1071F40001900B46ADF80230134B1B78DBB283F0E1
:107204000103DBB2002B01D0022319E0019B002B08
:1072140001D1052314E00DF10A02BDF80230114634
:107224001846FEF70BFD0390039B002B07D1BDF816
:107234000A20019B1A80019BBDF802205A80039BFF
:10724400184605B05DF804FB9C28002000B585B005
:1072540001901F4B1B78DBB283F00103DBB2002BE0
:1072640001D002232FE0019B002B01D105232AE04A
:10727400019B1B88022B01D9042324E0019B1B885A
:107284001A4613469B0013449B00124A134402936C
:10729400019B5B880233029A5289934210DA019B64
:1072A4005A88019B1B8819461046FEF72FFD019B47
:1072B40000221A80019B00225A800023039301E0DC
:1072C40004230393039B184605B05DF804FB00BF39
:1072D4009C2800205C29002000B583B00190009117
:1072E4000223002200990198FFF74AFD034618463D
:1072F40003B05DF804FB00B585B0039002910192E0
:10730400019B002B01D1052306E00223019A029977
:107314000398FFF735FD0346184605B05DF804FBF6
:1073240000B583B001900091019B002B01D105238E
:1073340006E00323002200990198FFF721FD03468C
:10734400184603B05DF804FB00B585B00346ADF8FC
:107354000630184B1B78DBB283F00103DBB2002B41
:1073640001D0022322E0BDF806304FF6FF729342AB
:1073740001D104231AE002AB1846FEF715FE039070
:10738400039B002B01D1082310E0039B05221A70F4
:10739400039B01221A71039BBDF80620DA8002AB1D
:1073A4001846FEF717FEFFF7CFFC0023184605B07A
:1073B4005DF804FB9C28002000B583B0144B1B78B7
:1073C400DBB283F00103DBB2002B01D002231AE00D
:1073D4006B461846FEF7E8FD0190019B002B01D196
:1073E400082310E0019B06221A706B461846FEF72C
:1073F400F1FD084B1B78002B02D0064B01221A73B7
:10740400FFF7A2FC0023184603B05DF804FB00BF9D
:107414009C2800208C29002000B585B0029201939D
:107424000346ADF80E300B46ADF80C3003A90DF150
:107434000E00019B029AFEF749FD0346184605B06B
:107444005DF804FB00B585B0034602910192ADF8E6
:107454000E300DF10E01019B029A0020FEF736FD5D
:107464000346184605B05DF804FB00B585B0034635
:1074740002910192ADF80E300DF10E00019B029ABB
:107484000021FEF723FD0346184605B05DF804FB12
:1074940082B001900091019B002B02D0009B002B35
:1074A40001D1052304E0019B1A68009B1A600023A4
:1074B400184602B0704786B001900091019B53E8D2
:1074C400011F8AB2D88902449889824228BF121ABD
:1074D4001889824202BFBFF32F8F002307E0C2EA5C
:1074E400010243E801200028E9D14FF001038DF89F
:1074F4000F30059002910492029A009B1A609DF845
:107504000F30DBB2184606B0704784B00190019981
:1075140051E8013FC3EA034341E80132002AF7D1AD
:107524000392029300BF04B0704786B001900091AB
:10753400019B53E8021F1FFAA1F2D888824202BFBE
:10754400BFF32F8F00230DE0D8890244988982422B
:1075540028BF121AC1EA024243E802200028E8D1F7
:107564004FF001038DF80F30059002910492029AB6
:10757400009B1A609DF80F30DBB2184606B07047C6
:1075840084B00190019951E8023FC3EA234341E8E2
:107594000232002AF7D10392029300BF04B070476D
:1075A40086B00190019B53E8021FDA88B1EB314F9A
:1075B4004FF0000017BF89B242EA024241EA024298
:1075C40004E05968B1EB314F08BF012043E80221C0
:1075D4000029E8D18DF80F00059104929DF80F3031
:1075E400DBB2184606B0704784B00390029111468E
:1075F4001A460B46ADF806301346ADF80430029B2C
:10760400002B01D10E231FE0BDF80630BDF8042085
:10761400B3FBF2F101FB02F29B1A9BB2002B01D0E7
:10762400092311E0039B029A1A60039B00225A600B
:10763400039B00229A60039BBDF806209A81039B5A
:10764400BDF80420DA810023184604B0704700B561
:1076540085B001900198FFF7A3FF03468DF80F3022
:107664009DF80F30002B01D0002300E011231846B1
:1076740005B05DF804FB00B583B001900091009B58
:1076840019460198FFF717FF0346002B05D0019B0D
:107694001B68009A1288134400E00023184603B0C4
:1076A4005DF804FB00B583B001900091009B1A883B
:1076B400009B5B889A4204D10198FFF726FF0123BF
:1076C40000E00023184603B05DF804FB00B583B066
:1076D40001900091009B19460198FFF726FF03468D
:1076E400002B05D0019B1B68009A5288134400E0CC
:1076F4000023184603B05DF804FB00B583B0019085
:107704000091009B1A88009B5B889A4204D10198DF
:10771400FFF736FF012300E00023184603B05DF8AD
:1077240004FB000000B583B001900B468DF80330D4
:10773400019B002B03D10849AF2004F00BFD019BF2
:10774400DA689DF803300199098A01FB03F31344B5
:10775400184603B05DF804FBAC58030000B583B0D1
:1077640001900091019B002B03D10849BC2004F037
:10777400F1FC009B019AD2689B1A019A128AB3FB0E
:10778400F2F3DBB2184603B05DF804FBAC58030017
:1077940000B585B00190019B002B01D10E2348E078
:1077A400019B1B68002B03D12449C62004F0D2FCA2
:1077B400019B5B68002B03D12049C72004F0CAFC5D
:1077C400019B9B68002B03D11C49C82004F0C2FC18
:1077D400019BDB68002B03D11849C92004F0BAFCD3
:1077E400019B1B8A002B03D11449CA2004F0B2FC6C
:1077F400019B9A68019B5B68D31A8DF80F30019B3B
:107804001B68019A52681A6007E0019B1A681368A2
:10781400591C11609DF80F201A709DF80F305A1EE4
:107824008DF80F20002BF0D1019B1B6800221A71E8
:107834000023184605B05DF804FB00BFAC580300F4
:1078440000B585B00190019B002B03D11F49EC20AA
:1078540004F080FC0023039300238DF80A300DF11B
:107864000A031846FDF7EAFE019B1B681A68019B90
:107874005B689A421FD9019B1B681A68013A1A6017
:107884001B681B7819460198FFF74CFF0390019B76
:107894009A68019B1B681B68D31A8DF80B30019BF7
:1078A4001B681B799DF80B209A4204D9019B1B6825
:1078B4009DF80B201A719DF80A301846FDF7D4FE86
:1078C400039B184605B05DF804FB00BFAC580300E9
:1078D40010B584B001900091019B002B04D115498F
:1078E4004FF4887004F036FC009B002B04D111493E
:1078F40040F2111004F02EFC009B039300238DF83A
:107904000B300DF10B031846FDF798FE019B1B6825
:107914001C68621C1A6003990198FFF71FFF034655
:1079240023709DF80B301846FDF79EFE00BF04B08F
:1079340010BD00BFAC58030000B583B00190019B9B
:10794400002B03D10C49312004F004FC019B9B68FB
:10795400002B0CD0019B5B69019A1069019A116894
:10796400019A92689847019B00229A6000E000BF48
:1079740003B05DF804FB00BF005903000EB400B56A
:1079840084B00190019B002B03D11849422004F0DC
:10799400E1FB019B5B69002B03D11449432004F0F4
:1079A400D9FB019B1B68002B03D11049442004F030
:1079B400D1FB019B5B68002B03D10C49452004F0EB
:1079C400C9FB059B002B0AD00023039306AB03934A
:1079D40003AB1A460599019800F0B0F900E000BF26
:1079E40004B05DF804EB03B0704700BF0059030016
:1079F40000B583B001900B468DF80330019B1A68E3
:107A0400019B9B68581C0199886013449DF80320CE
:107A14001A70019B9A68019B5B689A4202D3019891
:107A2400FFF78AFF00BF03B05DF804FB00B587B021
:107A3400039002910192009300230593009B03F0AD
:107A44000103002B24D00BE0029B01330293059B1E
:107A5400013305939DF8133019460398FFF7C8FFC7
:107A6400029B1B788DF813309DF81330002BEBD15B
:107A740006E0019B013B019320210398FFF7B8FF27
:107A8400019A059B9A422ED9019B002BF1D12AE041
:107A9400029B002B0BD002980DF089FB059006E0A9
:107AA400019B013B019320210398FFF7A1FF019A59
:107AB400059B9A420FD9019B002BF1D10BE0029B4D
:107AC40001330293059B013305939DF81330194646
:107AD4000398FFF78DFF029B1B788DF813309DF8F8
:107AE4001330002BEBD100BF07B05DF804FB00009E
:107AF40000B589B00390029101920093029B079311
:107B04000123069307E0079A019BB2FBF3F3079363
:107B1400069B01330693079A019B9A42F3D2009A7B
:107B2400069B9A4201D9009B06930B9B03F0010329
:107B3400002B22D10A9B002B1FD00B9B03F00203C6
:107B4400002B06D0009B002B03D130238DF8173077
:107B540002E020238DF8173008E00A9B013B0A93CA
:107B64009DF8173019460398FFF742FF0A9B002B34
:107B740003D0069A0A9B9A42EFD301230793009BF2
:107B8400012B03D9009B013B009309E0029A079B58
:107B9400B2FBF3F30493049A019B9A4200D205E0EA
:107BA400079B019A02FB03F30793E8E7029A079BFA
:107BB400B2FBF3F30493049B079A02FB03F3029AC8
:107BC400D31A0293154A049B13441B78194603984D
:107BD400FFF70EFF079A019BB2FBF3F30793079B92
:107BE400002BE3D10B9B03F00103002B11D00A9B64
:107BF400002B0ED006E00A9B013B0A932021039838
:107C0400FFF7F6FE0A9B002B03D0069A0A9B9A42C2
:107C1400F1D300BF09B05DF804FB00BFA059030015
:107C240000B589B00590049103920293049B002B44
:107C3400B8BF5B4206930123079307E0039B069AB0
:107C440092FBF3F30693079B01330793039B069A76
:107C54009A42F3DA029A079B9A4201D9029B07934C
:107C64000A9B002B0AD0049B002B04DB0B9B03F024
:107C74000403002B02D00A9B013B0A930B9B03F0E5
:107C84000203002B02D0029B002B16D00B9B03F0A7
:107C94000103002B11D10A9B002B0ED006E00A9B96
:107CA400013B0A9320210598FFF7A2FE0A9B002BB3
:107CB40003D0079A0A9B9A42F1D3049B002B07DA5C
:107CC400049B5B4204932D210598FFF791FE08E085
:107CD4000B9B03F00403002B03D02B210598FFF723
:107CE40087FE0B9B03F00203002B19D00B9B03F0C0
:107CF4000103002B14D1029B002B11D10A9B002BF2
:107D04000ED006E00A9B013B0A9330210598FFF749
:107D14006FFE0A9B002B03D0079A0A9B9A42F1D369
:107D240004990B9B01930A9B0093029B039A059869
:107D3400FFF7DEFE00BF09B05DF804FB00B58FB0AD
:107D4400059004910392059B002B04D1AD494FF497
:107D54009F7004F0FFF9059B5B69002B04D1A949CE
:107D64004FF4A07004F0F6F9059B1B68002B04D1B6
:107D7400A44940F2411004F0EDF9059B5B68002B27
:107D840004D1A0494FF4A17004F0E4F9049B002B42
:107D940000F09381049B1B788DF83730049B0133EA
:107DA40004939DF83730002B00F07E819DF8373026
:107DB400252B40F06D8100230A9301230C93049B2F
:107DC4001B788DF837309DF83730302B0DD0302BA1
:107DD4001BDC2B2B11D02D2B17D10A9B43F0010355
:107DE4000A93049B0133049312E00A9B43F00203B9
:107DF4000A93049B013304930AE00A9B43F00403AF
:107E04000A93049B0133049302E000230C9300BF04
:107E14000C9B002BD3D1002309939DF837302A2BD8
:107E24000CD1039B1B68191D039A11601B68099AE6
:107E340013440993049B013304931AE0049B1B78B5
:107E44008DF837309DF837302F2B12D99DF8373005
:107E5400392B0ED8049B01330493099A13469B00D3
:107E640013445B001A469DF837301344303B0993A2
:107E7400D3E700230B93049B1B788DF837309DF8D0
:107E840037302E2B1DD1049B01330493049B1B78A4
:107E94008DF837309DF837302F2B12D99DF83730B5
:107EA400392B0ED8049B013304930B9A13469B0081
:107EB40013445B001A469DF837301344303B0B9350
:107EC400E4E7049B1B788DF837309DF837306C2B32
:107ED40003D09DF83730682B07D1049B01330493FA
:107EE400049B1B788DF83730EFE79DF83730252B4E
:107EF40000F0C480252BC0F2C680782B00F3C38029
:107F0400582BC0F2C080583B202B00F2BC8001A249
:107F140052F823F00D8002008B8002008B80020057
:107F24008B8002008B8002008B8002008B80020019
:107F34008B8002008B8002008B8002008B80020009
:107F44009D7F0200BF7F02008B8002008B800200B5
:107F54008B8002008B800200BF7F02008B800200B6
:107F64008B8002008B8002008B8002008B800200D9
:107F74008B8002004D8002008B8002008B80020007
:107F8400318002008B800200E37F02008B800200BC
:107F94008B8002000D800200039B1B68191D039A4D
:107FA40011601B680C930C9B8DF81F309DF81F30DB
:107FB40019460598FFF71CFD66E0039B1B68191D15
:107FC400039A11601B680C930A9B0193099B00930D
:107FD4000B9B0A220C990598FFF722FE54E0039BA1
:107FE4001B68191D039A11601B680C930C990A9B5A
:107FF4000193099B00930B9B0A220598FFF778FDD8
:1080040042E000BF4C590300039B1B68191D039AEF
:1080140011601B680C930C990A9B0193099B0093B4
:108024000B9B10220598FFF763FD2DE0039B1B6853
:10803400191D039A11601B6808930A9B099A0899F1
:108044000598FFF7F3FC1FE0039B1B68191D039AB7
:1080540011601B680C9330210598FFF7C9FC782147
:108064000598FFF7C5FC0C9900230193082300939E
:10807400082310220598FFF73BFD05E0252105980C
:10808400FFF7B6FC00E000BF049B0133049305E056
:108094009DF8373019460598FFF7AAFC049B1B7816
:1080A400002B7FF477AE00E000BF059B1B7B002B09
:1080B40004D00598FFF740FC00E000BF0FB05DF866
:1080C40004FB00BF00B585B0039002910192039BAD
:1080D400002B02D0029B002B01D10E2309E0039B4D
:1080E400029A1A60039B1B681B68019903989847BE
:1080F4000346184605B05DF804FB10B586B005903C
:10810400049103920293059B002B02D0039B002B46
:1081140001D10E2340E0059B1B68002B01D10823ED
:108124003AE0029B002B0AD0059B5B685A68029BCD
:10813400B3FBF2F101FB02F29B1A002B01D00923DD
:108144002AE0049800F0C6F8034683F00103DBB28A
:10815400002B14D1039B184600F0BCF8034683F0AF
:108164000103DBB2002B0AD1029A0499059800F0AE
:1081740097F8034683F00103DBB2002B01D01023F0
:108184000AE0059B1B68DC68089B0093029B039A2A
:1081940004990598A0470346184606B010BD10B5CB
:1081A40084B00390029101920093039B002B01D1B0
:1081B4000E232EE0039B1B68002B01D1082328E02B
:1081C400019B002B01D1092323E0039B5B681B68FF
:1081D4005A1E029B1340002B10D1039B5B681B6843
:1081E400019A02FB03F31A460299039800F058F827
:1081F400034683F00103DBB2002B01D0102308E017
:10820400039B1B681C69009B019A02990398A04771
:108214000346184604B010BD00B585B00190019B1B
:10822400002B03D0019B1B68002B28D10023039350
:1082340019E0039A13469B0013449B001A46154BFE
:1082440013440193019B1B68002B09D0019B1B68FD
:10825400DB69019898470346002B01D0012314E001
:10826400039B013303930C4A0A4BD31A0B4AA2FB18
:1082740003231B09039A9A42DBD3002305E0019BE5
:108284001B68DB69019898470346184605B05DF8FA
:1082940004FB00BF582100206C210020CDCCCCCCA5
:1082A40084B0039002910192039BDB68029A9A4284
:1082B40009D3029A019B13445A1E039B1B699A42D9
:1082C40001D8012300E0002303F00103DBB21846C8
:1082D40004B0704782B00190019B03F00303002BAC
:1082E4000CBF01230023DBB2184602B0704729DF1C
:1082F400704700BF184628DF704700BF184610B407
:1083040087B001900091019B009A53E8004F1046FA
:1083140043E8000191F0000FF7D105940490039114
:10832400059B184607B05DF8044B704710B487B03E
:1083340001900091019B009A53E8004F44EA020027
:1083440043E8000191F0000FF6D1059404900391E5
:10835400059B184607B05DF8044B704700B583B021
:10836400019001210198FFF7E1FF0346184603B08D
:108374005DF804FB00B589B001900091019B1B6876
:108384009B68002B31D003AB00221A605A609A60BC
:10839400DA601A61009B0493019B9B680793019B1D
:1083A4001B79002B02D0012B0AD017E001238DF892
:1083B4000C30019B1B690593019B5B6906930DE0DF
:1083C40002238DF80C30019BDB684FF4805202FBD2
:1083D40003F30593019B5B69069300BF019B1B6834
:1083E4009B6803AA1046984700E000BF09B05DF8F7
:1083F40004FB00B587B00190019B5A69019B9B69FE
:10840400D31AB3F5805F28BF4FF480530593042239
:10841400059BB3FBF2F3012B38BF01230593019BAA
:108424001A69019B9B6913440493019BDB681A46F8
:10843400019B9B6913440393059A03990498FFF7DE
:1084440056FF0346184607B05DF804FB00B583B039
:108454000190019BDA68019B1B6913441846FFF7DE
:108464004AFF0346184603B05DF804FB08B5034B06
:1084740003491846FFF741F900BF08BD482A002008
:10848400702A002008B5084B08491846FFF71EF962
:108494000346074A1360064B1B68002B14BF0123D5
:1084A4000023DBB2184608BD482A0020702A0020A9
:1084B4006C2A002000B583B0294B1B7A002B0BD10A
:1084C400FFF7E0FF034683F00103DBB2002B03D088
:1084D400234B00225A6040E0214B02221A72214BA6
:1084E4001B681B79002B02D0012B07D00DE01D4B1C
:1084F4001B681846FFF77DFF019009E0194B1B68C4
:108504001846FFF7A3FF019002E00323019300BF85
:10851400019B002B03D0019B112B0CD00FE0104BBF
:108524001B7C83F00103DBB2002B15D00021022059
:1085340000F064F910E00A4B01221A720DE0094BB5
:108544001B6803211846FFF715FF054B00221A721A
:10855400034B00225A6000E000BF03B05DF804FB47
:10856400582A00206C2A002000B583B001210A4853
:10857400FFF7C5FE03460193019B002B08D1074B6F
:108584005B7C83F00103DBB2002B01D0FFF792FF89
:1085940000BF03B05DF804FB5C2A0020582A0020C9
:1085A40084B001901B4B0022DA60019B1B79002BE5
:1085B40002D0012B19D028E0019B5A69019B9B69C9
:1085C400D31AB3F5805F28BF4FF480530393019B04
:1085D4009A69039B1A44019B9A61019B9A69019BC6
:1085E4005B699A420ED1012310E0019B1B695A1C5E
:1085F400019B1A61019B1A69019B5B699A4203D131
:10860400012303E000BF00E000BF0023184604B0CC
:10861400704700BF582A002082B00190084BDB68E5
:108624000133074AD360064BDB68082B04D9044B9B
:108634000022DA60012300E00023184602B07047EC
:10864400582A002000B583B0019000910C48FFF730
:1086540085FE0346002B0ED1019B0A4A5A600CF09A
:10866400B1FA03461A46064B1A7407481C238C2297
:108674000649FEF7B9FF0023184603B05DF804FB72
:10868400582A0020B0590300482A0020BC290020A1
:1086940000B583B0019000911422002105480CF02C
:1086A400CFFD054B1846FEF7D2FF0023184603B052
:1086B4005DF804FB582A0020482A002000B587B042
:1086C4000390029101920093174A04AB1946104695
:1086D400FEF7D1FF0590059B002B01D104231FE079
:1086E4001C22002105980CF0ABFD059B00221A7199
:1086F400059B039A1A60059B089A9A60059B029A47
:108704001A61059B019ADA60059B009A5A61064A30
:1087140004AB19461046FEF7C5FFFFF725FF0023FB
:10872400184607B05DF804FB482A002000B585B060
:108734000390029101920093029B009A19460198BA
:108744000CF04CFD0023184605B05DF804FB000056
:1087540000B587B00390029101920093184A04ABCC
:1087640019461046FEF787FF0590059B002B01D1A3
:10877400042320E01C22002105980CF061FD059BD8
:1087840001221A71059B039A1A60059B009A9A604C
:108794004FF48052029BB3FBF2F2059BDA60059B17
:1087A400019A5A61064A04AB19461046FEF77AFF4D
:1087B400FFF7DAFE0023184607B05DF804FB00BF9C
:1087C400482A002082B001900091009B184602B014
:1087D400704782B0019000910023184602B07047A0
:1087E40082B00190044B1B7A002B14BF0123002399
:1087F400DBB2184602B07047582A002000B585B095
:1088040001900091254B1B7A012B33D0022B41D1CF
:1088140000238DF80F30019B022B03D0019B032B07
:1088240009D011E01E4B1B681846FFF7B9FE03463A
:108834008DF80F3008E01A4B1B681846FFF7ECFE62
:1088440003468DF80F3000BF9DF80F30002B13D076
:10885400124B00221A72124B1A68019B022B01D18F
:10886400002300E00D2319461046FFF783FDFFF7B0
:10887400FDFD01E000BF00E000BF084B5B7C83F01E
:108884000103DBB2002B02D0FFF714FE03E00CF06F
:108894007DF900E000BF05B05DF804FB582A002014
:1088A4006C2A002082B0034600918DF80730064BF5
:1088B40001225A74044B1B7A002B0CBF01230023A2
:1088C400DBB2184602B07047582A002000B583B0C6
:1088D400034600918DF807309DF80730012B03D033
:1088E4009DF80730032B0DD1084B00225A749DF8D4
:1088F4000730012B0CBF01230023DAB2034B1A7497
:10890400FFF7D8FD00BF03B05DF804FB582A002030
:1089140010B487B001900091019B009A53E8004F76
:1089240004EB020043E8000191F0000FF6D1059436
:1089340004900391049B184607B05DF8044B7047FC
:1089440010B487B001900091019B009A53E8004F46
:10895400A4EB020043E8000191F0000FF6D1059466
:1089640004900391049B184607B05DF8044B7047CC
:1089740000B583B001900198FEF70AFF034618463C
:1089840003B05DF804FB00B58BB001900091019B2E
:108994001B8A043B0793009A079B1344DA1C079B2A
:1089A400B2FBF3F38DF81B300198FEF749FF0590F5
:1089B400059B002B01D1002338E0059B00221A718E
:1089C400059B01225A71079B9AB2059BDA80059B8D
:1089D40009939DF81B30013B0493099B019A1A608B
:1089E400002308931DE00198FEF72AFF0390039BE0
:1089F400002B0ED0059B5B790133DAB2059B5A71CB
:108A0400099B039A1A60039B019A1A60039B0993BA
:108A140004E0059800F00EF8002307E0089B0133FA
:108A24000893089A049B9A42DDD3059B18460BB021
:108A34005DF804FB00B58BB00190019B0793079B85
:108A44005B798DF81B30019B08939DF81B30013B2B
:108A540005930023099305E0089B1B680893099B71
:108A640001330993099A059B9A42F5D3089B1B6825
:108A74000493019B0893002309930BE0089B1B6854
:108A8400039308990498FEF723FF039B0893099B1B
:108A9400013309939DF81B30099A9A42EED300BF23
:108AA40000BF0BB05DF804FB00B585B00190019BDD
:108AB4000393039B043301211846FFF729FF00BFEA
:108AC40005B05DF804FB00B587B00190019B0593E8
:108AD400059B043301211846FFF732FF0346039335
:108AE40003AB0493049B1B78002B02D10198FFF77E
:108AF400A1FF00BF07B05DF804FB000000B58DB016
:108B04000390029101920093039B0693069BDB88DA
:108B14000593039B0B93009B1A1D059BB2FBF3F378
:108B24000A93009B0433059AB3FBF2F2059901FB07
:108B340002F29B1A0993009A019B1A44059B134461
:108B4400DA1C059BB2FBF3F38DF81330069B5B79BB
:108B54009DF813209A420AD92849BA2003F0FAFA58
:108B640005E00B9B1B680B930A9B013B0A930A9B32
:108B7400002BF6D100230893059A099BD31A079377
:108B8400079A019B934228BF134607932DE09DF853
:108B94003830002B0BD0029A089BD0180B9A099BF3
:108BA40013440433079A19460CF018FB0AE00B9A95
:108BB400099B1344181D029A089B1344079A1946EB
:108BC4000CF00CFB002309930B9B1B680B93019A7D
:108BD400079BD31A0193089A079B13440893059A99
:108BE400019B934228BF13460793019B002BCED1D0
:108BF40000BF00BF0DB05DF804FB00BFDC590300EB
:108C040000B587B00590049103920293002300936A
:108C1400029B039A04990598FFF770FF00BF07B001
:108C24005DF804FB00B587B00590049103920293AC
:108C340001230093029B039A04990598FFF75EFFB2
:108C440000BF07B05DF804FB00B583B0019000914C
:108C5400019B002B03D11049502003F07BFA009BA9
:108C6400002B03D10C49512003F074FA019B009AA4
:108C74001A60019B1B681A68019B5A60019B5A6821
:108C8400019B1B685B689A4202D1019B00225A60D7
:108C940000BF03B05DF804FB385B030000B583B08C
:108CA4000190019B002B03D11449632003F052FA75
:108CB400019B1B68002B03D11049642003F04AFA7E
:108CC400019B5B68002B14D0019B5B681A46019BD7
:108CD4001B689B6813441A46019B5A60019B5A689F
:108CE400019B1B685B689A4204D1019B00225A6075
:108CF40000E000BF03B05DF804FB00BF385B030075
:108D040000B585B00190019800F00EF80390039B24
:108D1400002B01D0039B00E0024B184605B05DF820
:108D240004FB00BFA85B030086B00190164B0593BB
:108D3400164B04931FE0049A059BD31ADB10DA0F39
:108D440013445B10DB00059A13440393039B1B68D5
:108D54000293029A019B9A4202D9039B04930AE06C
:108D6400029A019B9A4203D2039B0833059302E0C3
:108D7400039B5B6804E0059A049B9A42DBD30023BF
:108D8400184606B0704700BFC45E0300B45F03001A
:108D940082B001900B46ADF80230019B1A68BDF811
:108DA4000230012101FA03F31A43019B1A6000BF48
:108DB40002B0704782B001900B46ADF80230019BBF
:108DC4001A68BDF80230012101FA03F3DB431A40AB
:108DD400019B1A6000BF02B0704782B001900B463D
:108DE400ADF80230BDF80230012202FA03F31A464C
:108DF400019B1340002B14BF01230023DBB2184650
:108E040002B0704700B585B001900023ADF80E3074
:108E140010E0BDF80E3019460198FFF7DEFF034657
:108E2400002B02D0BDF80E300AE0BDF80E3001333D
:108E3400ADF80E30BDF80E301F2BEAD94FF6FF7394
:108E4400184605B05DF804FB00B587B005900491A1
:108E540011461A460B46ADF80E3013468DF80D3008
:108E6400BDF80E209DF80D3000931346012204999D
:108E7400059800F004F800BF07B05DF804FB00B5E6
:108E840087B0039002910192ADF80230039B002B4E
:108E94003BD0029B002B38D0019B002B35D0002304
:108EA40005932FE0059B5B00039A13441B88BDF8D0
:108EB40002209A4223D1002304931BE09DF8203022
:108EC400002B0AD0049B9B00029A1344059A92B289
:108ED40011461846FFF75CFF09E0049B9B00029AC9
:108EE4001344059A92B211461846FFF763FF049B98
:108EF40001330493049A019B9A42DFD305E0059B56
:108F040001330593059B1F2BCCD907B05DF804FBF7
:108F140000B587B0039002911346ADF80630039B69
:108F2400002B19D00023059313E0059B5B00039AE3
:108F340013441B88BDF806209A4207D1059B9BB2B7
:108F440019460298FFF749FF034606E0059B0133E3
:108F54000593059B1F2BE8D90023184607B05DF83D
:108F640004FB00B597B0039002910192002304938F
:108F7400029B002B1ED00023159318E0159B9BB277
:108F840019460198FFF729FF0346002B0CD0159BC7
:108F94005B00029A1A44049B591C049112885B00DA
:108FA40058336B4423F8442C159B01331593159BBC
:108FB4001F2BE3D9039B184604AB442219460CF03B
:108FC4000DF9039817B05DF804FB000000B583B0F9
:108FD4000190019B1B681F2B04D905494FF4E870CD
:108FE40003F0B8F84FF0A043184603B05DF804FB53
:108FF400B45F030000B585B00190084611461A46D7
:1090040003468DF803300B468DF8023013468DF875
:10901400013001AB1846FFF7D9FF03909DF80320F8
:109024009DF802305B001A439DF801309B001A43FF
:109034009DF818301B0242EA03019DF81C301B0402
:10904400019A1943039B02F5E07243F8221000BF12
:1090540005B05DF804FB00B585B0039000230193CF
:10906400002300930023012201210398FFF7C2FF8C
:1090740000BF05B05DF804FB00B585B0019001ABFD
:109084001846FFF7A3FF0390019B012202FA03F3A2
:109094001946039800F086F800BF05B05DF804FB9C
:1090A40000B585B0019001AB1846FFF78FFF039020
:1090B400019B012202FA03F31946039800F07CF89D
:1090C40000BF05B05DF804FB00B585B0019001ABAD
:1090D4001846FFF77BFF0390039BD3F804350293F4
:1090E400029BDA43019B012101FA03F31A40039B1B
:1090F400C3F80825019B01229A40029B1A40039B56
:10910400C3F80C2500BF05B05DF804FB00B583B0BF
:1091140001900091009B002B03D10198FFF7C0FF41
:1091240002E00198FFF7A8FF00BF03B05DF804FB5D
:1091340000B585B0019001AB1846FFF747FF0390D7
:10914400039800F01FF80246019B22FA03F303F090
:109154000103184605B05DF804FB00B585B0019025
:1091640001AB1846FFF732FF0390039800F012F8A2
:109174000246019B22FA03F303F00103184605B0EB
:109184005DF804FB82B00190019BD3F810351846BA
:1091940002B0704782B00190019BD3F804351846A1
:1091A40002B0704782B001900091019B009AC3F80D
:1091B400082500BF02B0704782B001900091019B66
:1091C400009AC3F80C2500BF02B0704700B585B003
:1091D4000190019B032B03D91149372002F0BAFFF8
:1091E400104A019B13441B781846FFF7B6FF034649
:1091F400002B14BF012300238DF80F309DF80F308E
:10920400002B14BF01230023DBB283F00103DBB284
:1092140003F00103DBB2184605B05DF804FB00BFA0
:10922400F05F03003860030000B583B00190019B38
:10923400032B03D907493E2002F08CFF064A019B09
:1092440013441B7800211846FFF760FF00BF03B0EA
:109254005DF804FBF05F03003860030000B583B0E1
:109264000190019B032B03D90749442002F072FFAC
:10927400064A019B13441B7801211846FFF746FF59
:1092840000BF03B05DF804FBF05F03003860030027
:1092940000B583B00023019305E00198FFF7DEFFDA
:1092A400019B01330193019B032BF6D900BF00BF3F
:1092B40003B05DF804FB00B583B00023019305E01F
:1092C4000198FFF7B1FF019B01330193019B032B2D
:1092D400F6D900BF00BF03B05DF804FB00B583B04E
:1092E4000190019B032B03D907495C2002F032FF54
:1092F400064A019B13441B781846FFF7E5FE00BF9E
:1093040003B05DF804FB00BFF05F030038600300A6
:1093140000B583B00023019309E0094A019B13447B
:109324001B781846FFF797FE019B01330193019BBD
:10933400032BF2D9FFF7ACFF00BF03B05DF804FBC9
:109344003860030000B585B00190019B032B03D95D
:109354001149832002F0FEFE104A019B13441B783E
:109364001846FFF7E5FE0346002B14BF0123002334
:109374008DF80F309DF80F30002B14BF012300230C
:10938400DBB283F00103DBB203F00103DBB2184666
:1093940005B05DF804FB00BFF05F03003C60030010
:1093A40084B001904FF0FF330293002303930DE048
:1093B4000A4A039B13441B781A46019B934202D129
:1093C400039B029305E0039B01330393039B032B4D
:1093D400EED9029B184604B0704700BF3C600300FE
:1093E40000B583B00190019B032B03D90549A2204A
:1093F40002F0B0FE044A019B13441B78184603B0E4
:109404005DF804FBF05F03003C60030082B0034698
:109414008DF807309DF8073003F01F0206499DF9C7
:1094240007305B09012000FA02F2203341F82320BF
:1094340000BF02B0704700BF00E100E082B00190BD
:109444004FF08042019BC2F8083300BF02B070475E
:1094540082B003468DF807309DF8073003F180434E
:1094640001221A6000BF02B0704784B00346ADF811
:109474000630BDF8063003F1804300221A60BDF8BF
:10948400063003F180431B680393039B00BF04B0C1
:10949400704782B00346ADF80630BDF8063003F1DC
:1094A40080431B68002B14BF01230023DBB2184642
:1094B40002B0704782B003468DF807309DF807303C
:1094C4004FF0804203F00303C2F8183500BF02B026
:1094D40070474FF08043D3F818341B0C03F001039A
:1094E400002B14BF01230023DBB218467047000091
:1094F40082B003468DF807300A4A9DF907305B09AC
:1095040052F823209DF8073003F01F0322FA03F3D7
:1095140003F00103002B14BF01230023DBB2184620
:1095240002B0704700E100E008B50020FFF7E0FF5B
:10953400034683F00103DBB2002B03D00721002094
:1095440000F09AF900BF08BD08B50BF03BFB0346D9
:1095540083F00103DBB2002B03D10949842002F01C
:10956400F9FD0C20FFF774FF00BFFFF7B2FF0346BD
:10957400002BFAD1034B00229A7000BF08BD00BF34
:1095840048600300742A002000B583B000230193CF
:10959400134B1B78002B02D0852301931BE0104B47
:1095A40000229A600E4B00225A600D4B00221A6171
:1095B4000B4B0022DA60FFF7B7FF0BF003FB034607
:1095C40083F00103DBB2002B02D00120FFF772FF0E
:1095D400034B01221A70019B184603B05DF804FB8B
:1095E400742A002084B00190019B1B680393039BA1
:1095F400002B03D0039B1A68019B1A60039B184637
:1096040004B0704700B583B0164B1B78002B04D10F
:1096140015494FF48E7002F09DFD124BDB68002B50
:1096240004D1114940F21D1002F094FD00238DF87D
:1096340007300DF107031846FCF700F8094BDB6807
:10964400013B084AD360074BDB68002B01D1FFF7CD
:109654007BFF9DF807301846FCF706F800BF03B0FF
:109664005DF804FB742A00204860030000B585B04F
:1096740003468DF807309DF80730002B02D10C4BC0
:10968400039301E00B4B03930398FFF7ABFF0290A6
:10969400029B002B06D0029B5B689DF807201046B6
:1096A4009847F1E700BF00BF05B05DF804FB00BFB9
:1096B4007C2A0020842A002008B54FF48070FFF72C
:1096C400E8FE0346002B0CD04FF48070FFF7CDFE6C
:1096D4000120FFF7B3FE0E4B01225A700020FFF762
:1096E400C5FF4FF48270FFF7D4FE0346002B0CD065
:1096F4004FF48270FFF7B9FE0220FFF79FFE044B80
:1097040001229A700120FFF7B1FF00BF08BD00BF1E
:10971400742A002000B583B001900091019B002BB6
:1097240002D10020FFF7A2FF00BF03B05DF804FBE5
:1097340000B585B0034600918DF807309DF80730D9
:10974400032B29D0032B37DC002B02D0012B04D0B0
:1097540032E00020FFF75AFE2FE000238DF80F308F
:109764000DF10F031846FBF769FF164B1B7883F0C6
:109774000103DBB2002B01D0FFF706FF114BDB68BE
:109784000133104AD3600F4B01229A709DF80F30B9
:109794001846FBF769FF10E00A4B1B78002B04D135
:1097A400094940F25B2002F0D5FC0721002000F0BB
:1097B40063F8FFF727FF00E000BF00BF05B05DF8C6
:1097C40004FB00BF742A00204860030082B00346F3
:1097D4008DF807309DF8073003F01F0205499DF905
:1097E40007305B09012000FA02F241F8232000BF90
:1097F40002B0704700E100E082B003468DF8073004
:109804009DF8073003F01F0206499DF907305B09F4
:10981400012000FA02F2603341F8232000BF02B0B5
:10982400704700BF00E100E082B0034600918DF86C
:1098340007309DF90730002B0CDA009BDAB20C4993
:109844009DF8073003F00F03043B5201D2B20B44DE
:109854001A7609E0009BDAB206499DF907305201F5
:10986400D2B20B4483F8002300BF02B0704700BF9C
:1098740000ED00E000E100E000B583B003460A46D5
:109884008DF8073013468DF806309DF80630012B0D
:1098940003D99DF80630032B0CD99DF80630042B10
:1098A40003D99DF80630072B04D90D494FF4927063
:1098B40002F050FC9DF806209DF907301146184629
:1098C400FFF7B2FF9DF907301846FFF795FF9DF9A2
:1098D40007301846FFF77AFF00BF03B05DF804FBBA
:1098E400A060030000B583B00346ADF80630BDF8B0
:1098F4000630184600F026F803461B68012B0CBFFF
:1099040001230023DBB2184603B05DF804FB00B565
:1099140085B00346ADF80630BDF80630184600F0B1
:1099240011F803461A4600231360BDF806301846A2
:1099340000F008F803461B680393039B00BF05B0BF
:109944005DF804FB82B00346ADF80630BDF806307E
:1099540003F1804303F5C043184602B0704700008A
:1099640082B00190034A019BC2F8043300BF02B0E5
:10997400704700BF0060004082B00190034BD3F8F1
:109984000423019B1340184602B070470060004056
:1099940082B00190084A019B03F5A27352F8233068
:1099A400054943F00102019B03F5A27341F823200A
:1099B40000BF02B0704700BF0060004084B0039055
:1099C400029113468DF80730144A039B03F5A273E2
:1099D40052F82330114923F4473323F44073039A94
:1099E40002F5A27241F822300C4A039B03F5A273DC
:1099F40052F82320029B1B0203F4F8519DF8073010
:109A04001B0403F440330B4304491A43039B03F53B
:109A1400A27341F8232000BF04B0704700600040E7
:109A240082B00190054A019B03F5A27352F82330DA
:109A34001B0A03F01F03184602B070470060004081
:109A440082B00190064A019B03F5A27352F82330B9
:109A54001B0C03F00303DBB2184602B0704700BFCF
:109A64000060004000B583B00190019B1B681F2B70
:109A740004D905494FF4E87002F06CFB4FF0A043A1
:109A8400184603B05DF804FBFC60030000B585B024
:109A94000190084611461A4603468DF803300B46DA
:109AA4008DF8023013468DF8013001AB1846FFF7EC
:109AB400D9FF03909DF803209DF802305B001A4300
:109AC4009DF801309B001A439DF818301B0242EAAE
:109AD40003019DF81C301B04019A1943039B02F5F2
:109AE400E07243F8221000BF05B05DF804FB00B536
:109AF40085B003900B468DF80B309DF80B30002297
:109B0400019200220092002200210398FFF7BEFF79
:109B140000BF05B05DF804FB00B585B0019001AB52
:109B24001846FFF79FFF0390019A039B02F5E0722A
:109B340053F8223023F002030293019A039B02F5A7
:109B4400E072029943F8221000BF05B05DF804FBEF
:109B540000B585B001900B468DF8033001AB184673
:109B6400FFF780FF0390019A039B02F5E07253F81C
:109B74002230019A23F44031039B02F5E07243F84A
:109B84002210019A039B02F5E07253F822109DF80B
:109B940003301B04019A1943039B02F5E07243F856
:109BA400221000BF05B05DF804FB00B585B001903C
:109BB40001AB1846FFF756FF0390039800F020F816
:109BC4000246019B22FA03F303F00103184605B091
:109BD4005DF804FB00B585B0019001AB1846FFF7B2
:109BE40041FF0390019A039B02F5E07253F822307F
:109BF4001B0C03F00303DBB2184605B05DF804FB4D
:109C040082B00190019BD3F81035184602B070471A
:109C140000B587B00390029101924FF0A0430493E2
:109C2400039A029B1344012B04D912494FF43A704E
:109C340002F090FA039B059311E0059B9B001833F7
:109C44006B4453F8083C1846FFF7DAFF0246019BC1
:109C54001A60019B04330193059B01330593039A16
:109C6400029B1344059A9A42E7D300BF00BF07B092
:109C74005DF804FBFC60030084B001900091009B3C
:109C84000393019BDB080293019B03F007030193F9
:109C94000122019B02FA03F30399029A0A441278FF
:109CA4001340184604B0704784B001900091009BA3
:109CB4000393019BDB080293019B03F007030193C9
:109CC400039A029B13441B785AB20121019B01FAA7
:109CD40003F35BB2134359B2039A029B1344CAB20F
:109CE4001A7000BF04B0704782B001900C4A019B07
:109CF4001344303393F90030002B09DB084A019BED
:109D04001344303393F90030072B01DC012300E0C6
:109D1400002303F00103DBB2184602B0704700BF12
:109D2400882A002082B00190064A019B13443033F4
:109D340093F90030072BCCBF01230023DBB2184674
:109D440002B07047882A002082B00190064A019B25
:109D54001344303393F90030DB43DBB2DB09DBB26D
:109D6400184602B0704700BF882A002084B00390D0
:109D7400029101928DF80330029B59B20E4A039B63
:109D8400134430330A461A700B49029B019A41F876
:109D940023209DF8033083F00103DBB2002B08D0AD
:109DA400029B083B039A51B2034A13440A4683F8C0
:109DB400502000BF04B07047882A002082B0019070
:109DC400044A019B13443033FF221A7000BF02B0CF
:109DD400704700BF882A002082B00190044A019B8A
:109DE4001344303393F90030184602B0704700BF73
:109DF400882A002082B00190034A019B52F8233044
:109E0400184602B0704700BF882A002000B589B008
:109E14000390029113468DF80730FF238DF81F300D
:109E24009DF80730002B01D0002300E008230593A0
:109E34009DF80730002B01D0082300E00C23049385
:109E4400059B069314E00F4A069B52F82330B3F1A6
:109E5400FF3F0AD19DF80730029A06990398FFF74D
:109E640085FF069B8DF81F3006E0069B01330693A1
:109E7400069A049B9A42E6D39DF91F30184609B00E
:109E84005DF804FB882A002082B003468DF8073071
:109E94009DF80730094A4FF0FF3142F823109DF82E
:109EA4000730072B07D99DF80730083B034A1344B2
:109EB400FF2283F8502000BF02B07047882A002098
:109EC40000B583B0214B93F85430002B03D0082302
:109ED4000093009B36E000238DF8073009E09DF8DD
:109EE40007301846FFF76AFF9DF8073001338DF8F5
:109EF40007309DF807301F2BF1D900238DF8073068
:109F040009E09DF807301846FFF7BEFF9DF80730BB
:109F140001338DF807309DF807300B2BF1D9072159
:109F24000620FFF7A9FC4FF4BE70FFF7F0FC4FF0DA
:109F34000040FFF715FD054B012283F85420002350
:109F44000093009B184603B05DF804FB882A0020A8
:109F5400044B93F85430002B14BF01230023DBB2CD
:109F640018467047882A002000B587B003900291F4
:109F74000192039B1F2B04D92B4940F2F71002F0E6
:109F8400E9F8002305930398FFF7DEFE0346002B50
:109F940002D00823059342E0029BDB781A4601991C
:109FA4000398FFF733FF03468DF813309DF9133000
:109FB400B3F1FF3F31D0029B9B78002B03D0039871
:109FC400FFF7AAFD05E0029B5B7819460398FFF7AB
:109FD4008EFD029BDB78002B08D09DF91300029BB9
:109FE4001B781A460399FFF7E9FC18E09DF9133032
:109FF400083B0E4A134493F95010029B1B785BB242
:10A004009B015AB29DF91330083B0A4351B2074AE7
:10A0140013440A4683F8502001E004230593059B6A
:10A02400184607B05DF804FB40610300882A00204D
:10A0340000B589B001900B468DF80330019B1F2BAE
:10A0440004D93D4940F2252002F084F80198FFF735
:10A054007BFE0346002B04D1374940F2262002F050
:10A0640079F80198FFF75EFE0346002B2FD0019884
:10A07400FFF7B2FE0346083B304A134493F95030CD
:10A084008DF80F309DF80F309B098DF80E309DF838
:10A094000E30032B0BD10198FFF787FD0346002BED
:10A0A40001D0032300E002238DF81F3008E09DF85F
:10A0B4000E30012B01D1022300E003238DF81F3061
:10A0C4009DF81F3019460198FFF742FD30E00198D2
:10A0D400FFF70AFE0346002B2AD00198FFF77CFE07
:10A0E40003460693069B9BB240339BB29B00ADF89C
:10A0F4001630069B1846FFF74BFCBDF81630184681
:10A10400FFF705FC9DF80330002B11D00198FFF7F1
:10A1140063FE03461846FFF76DFE0490049B002B74
:10A1240006D00122069B02FA03F31846FFF718FC37
:10A1340000BF09B05DF804FB40610300882A0020D9
:10A1440000B583B00190019B1F2B04D9084940F24C
:10A15400722001F0FFFF0198FFF727FD0346002B53
:10A1640014BF01230023DBB2184603B05DF804FBDF
:10A174004061030000B597B00023109300230493BB
:10A184004FF48073ADF84A300123119300231393E5
:10A1940021E0BDF84A301846FFF7A4FB0346002B24
:10A1A4000ED01198FFF7E8FB0346002B08D0BDF84A
:10A1B4004A301846FFF7ABFB109A119B13431093D8
:10A1C400119B5B001193BDF84A300433ADF84A305B
:10A1D400139B01331393139B072BDAD94FF4BE70EF
:10A1E400FFF780FB0346002B0DD04FF4BE70FFF742
:10A1F4008EFB109B43F00043109304AB1A460121DD
:10A204000020FFF705FD109BDBB2002B29D00123B2
:10A2140011930023139321E0119A109B1340002BF8
:10A2240016D01398FFF7FCFB0E901398FFF708FC69
:10A2340003468DF837301398FFF7DCFD0C900C9B28
:10A24400002B05D09DF837200C9B11460E9898479B
:10A25400119B5B001193139B01331393139B072BE7
:10A26400DAD9109B002B80F2EE8000238DF8533056
:10A2740000230393002315930AE0159B9B00583396
:10A284006B444FF0FF3243F8502C159B0133159368
:10A29400159B002BF1D000238DF85330002313932A
:10A2A40078E06B4A139B1344503393F900308DF8D4
:10A2B4002F309DF82F3023F0C0030A93644A139B78
:10A2C4001344503393F90030B3F1FF3F5FD002AB36
:10A2D40019460A98FFF7D0FC0346002B57D09DF887
:10A2E4002F309B098DF827300A98FFF775FD034638
:10A2F4001846FFF77FFD0890089B002B03D19DF8BB
:10A304002730032B43D19DF82730032B04D103AB13
:10A3140019460A98FFF7C8FC0A98FFF75BFC034646
:10A324008DF81F3004AB19460A98FFF7A5FC069078
:10A33400069B002B03D09DF81F30022B06D0069BF2
:10A34400002B24D19DF81F30032B20D19DF82730FA
:10A35400032B13D19DF81F30022B01D1032300E0FE
:10A3640002238DF817309DF8173019460A98FFF725
:10A37400EFFB9DF8533001338DF85330089B002BCD
:10A3840005D09DF82720089B11460A989847139BEF
:10A3940001331393139B032B83D99DF85330002B64
:10A3A4004CD001238DF83F3001AB1A460121002027
:10A3B400FFF72EFC0023159314E0159B9B005833E4
:10A3C4006B4453F8542C159B9B0058336B4453F83F
:10A3D400483C9A4203D000238DF83F3005E0159B9A
:10A3E40001331593159B002BE7D09DF83F30002BCC
:10A3F40003D000238DF8533020E0002315931AE096
:10A40400159B9B0058336B4453F8542C159B9B00AD
:10A4140058336B4443F8482C159B9B0058336B44CA
:10A4240053F84C2C159B9B0058336B4443F8502C29
:10A43400159B01331593159B002BE1D09DF85330E8
:10A44400002B7FF428AF00BF17B05DF804FB00BFFA
:10A45400882A002082B003468DF807309DF8073023
:10A4640003F01F0206499DF907305B09012000FA39
:10A4740002F2203341F8232000BF02B0704700BF2E
:10A4840000E100E084B001900B46ADF80230BDF865
:10A494000230019A134400221A60BDF80230019A76
:10A4A40013441B680393039B00BF04B0704782B03E
:10A4B40001900B46ADF80230BDF80230019A134406
:10A4C4001B68002B14BF01230023DBB2184602B023
:10A4D400704782B001900091019B009AC3F8042355
:10A4E40000BF02B0704782B001900091019BD3F885
:10A4F4000423009B1340002B14BF01230023DBB271
:10A50400184602B0704782B001900091019B009AF6
:10A51400C3F8082300BF02B0704784B00190019BC8
:10A52400D3F880340393019B039AC3F88024039BDC
:10A53400184604B0704782B00190019B0422C3F80E
:10A54400002500BF02B0704782B00190019B002239
:10A55400C3F8002500BF02B0704784B00390029195
:10A564000192039B019AC3F81425039B029AC3F832
:10A574000C2500BF04B0704700B583B001904FF0C4
:10A58400FF324FF0FF310198FFF7E7FF00BF03B040
:10A594005DF804FB82B00190019BD3F80C3518469A
:10A5A40002B0704782B00190019BD3F8143518466D
:10A5B40002B0704782B00190019BD3F80835184669
:10A5C40002B0704782B00190019BD3F81035184651
:10A5D40002B0704784B0039002910192039B029AE7
:10A5E400C3F80825039B019AC3F8102500BF04B0E3
:10A5F400704700B583B001904FF0FF324FF0FF3148
:10A604000198FFF7E7FF00BF03B05DF804FB82B0D9
:10A614000190019BD3F81835DBB2184602B070479D
:10A6240082B001900B468DF803309DF80320019B06
:10A63400C3F81C2500BF02B0704782B001900B46DE
:10A644008DF803309DF80330019A134401221A60F7
:10A6540000BF02B0704782B001900B468DF8033002
:10A6640013468DF802309DF803209DF80230134301
:10A67400DBB21A46019BC3F86C2500BF02B07047D9
:10A6840082B001900091019B009AC3F8242500BF79
:10A6940002B0704784B001900B46ADF80230BDF8AB
:10A6A4000230019A134400221A60BDF80230019A64
:10A6B40013441B680393039B00BF04B0704782B02C
:10A6C40001900B46ADF80230BDF80230019A1344F4
:10A6D4001B68002B14BF01230023DBB2184602B011
:10A6E400704782B001900091019BD3F80022009B37
:10A6F400DB431A40019BC3F8002200BF02B070473D
:10A7040082B001900091019B009AC3F8042300BF1A
:10A7140002B0704782B001900091019B009AC3F887
:10A72400082300BF02B0704784B00190019BD3F8A6
:10A7340080340393019B039AC3F88024039B184637
:10A7440004B0704782B00190019B0822C3F8002531
:10A7540000BF02B0704782B00190019B0022C3F891
:10A76400002500BF02B0704784B0039002910192AB
:10A77400039B029AC3F80C25039B019AC3F8142582
:10A7840000BF04B0704700B583B001904FF0FF32B2
:10A794004FF0FF310198FFF7E7FF00BF03B05DF80A
:10A7A40004FB82B00190019BD3F80C35184602B02B
:10A7B400704782B00190019BD3F81435184602B05B
:10A7C400704782B00190019BD3F80835184602B057
:10A7D400704782B00190019BD3F81035184602B03F
:10A7E400704784B0039002910192039B029AC3F8CC
:10A7F4000825039B019AC3F8102500BF04B07047D5
:10A8040000B583B001904FF0FF324FF0FF31019853
:10A81400FFF7E7FF00BF03B05DF804FB82B00190CF
:10A824000B468DF803309DF80330019A134401223E
:10A834001A6000BF02B0704782B001900B468DF8D9
:10A84400033013468DF802309DF803209DF8023042
:10A854001343DBB21A46019BC3F86C2500BF02B058
:10A86400704782B001900091019B009AC3F824259F
:10A8740000BF02B0704784B00390029113468DF874
:10A884000730029A039BC3F844259DF80720039BD5
:10A89400C3F8482500BF04B0704782B00190019B03
:10A8A400D3F84C35184602B0704782B00190019B32
:10A8B400D3F83C35184602B0704700B583B0034660
:10A8C4008DF807309DF907301846FFF7C3FD00BF28
:10A8D40003B05DF804FB84B00190019B1B0B8DF861
:10A8E4000F309DF90F30184604B0704782B00190C4
:10A8F400019B03F06043B3F1005F0CBF012300230D
:10A90400DBB2184602B0704700B583B00190019BDA
:10A914001B681F2B04D905494FF4E87001F01AFC99
:10A924004FF0A043184603B05DF804FB9C6103009C
:10A9340000B585B00190084611461A4603468DF8C5
:10A9440003300B468DF8023013468DF8013001AB0D
:10A954001846FFF7D9FF03909DF803209DF80230B5
:10A964005B001A439DF801309B001A439DF8183090
:10A974001B0242EA03019DF81C301B04019A19438F
:10A98400039B02F5E07243F8221000BF05B05DF8A6
:10A9940004FB00B585B003900023019300230093CA
:10A9A4000023012201210398FFF7C2FF00BF05B075
:10A9B4005DF804FB00B585B003900B468DF80B30B1
:10A9C4009DF80B3000220192002200920022002107
:10A9D4000398FFF7ADFF00BF05B05DF804FB00B5B9
:10A9E40085B00390002301930023009300230122E8
:10A9F40000210398FFF79CFF00BF05B05DF804FB3E
:10AA040000B585B0019001AB1846FFF77DFF0390B8
:10AA1400019B012202FA03F31946039800F004F89B
:10AA240000BF05B05DF804FB82B001900091019B6A
:10AA3400009AC3F8082500BF02B0704700B583B080
:10AA440001900091009B1B68B3F1FF3F09D0009B6C
:10AA54001B681846FFF7D4FF009B1B681846FFF7D6
:10AA640098FF009B5B68B3F1FF3F05D0009B5B68D8
:10AA740000211846FFF79EFF019B1B79464A5B01A4
:10AA840013441C331B78002B41D0019B1A68009B94
:10AA94009B6919461046FFF7E4FE019B1868009B6A
:10AAA400597D009B1B7D1A46FFF7C6FE019B186863
:10AAB400009B1968009B5B681A46FFF755FE009BD4
:10AAC4001B7D012B64D1009B9B68B3F1FF3F05D034
:10AAD400009B9B6800211846FFF76CFF009BDB6816
:10AAE400B3F1FF3F09D0009BDB681846FFF788FFEE
:10AAF400009BDB681846FFF74CFF019B1868009B1E
:10AB0400D968009B9B681A46FFF76BFE40E0019BE7
:10AB14001A68009B9B6919461046FFF7B1FD019B1B
:10AB24001868009B597D009B1B7D1A46FFF793FD17
:10AB3400019B1868009B1968009B5B681A46FFF725
:10AB44000CFD009B1B7D012B22D1009B9B68B3F164
:10AB5400FF3F05D0009B9B6800211846FFF72AFFA2
:10AB6400009BDB68B3F1FF3F09D0009BDB6818460C
:10AB7400FFF746FF009BDB681846FFF70AFF019BBF
:10AB84001868009BD968009B9B681A46FFF722FD52
:10AB940000BF03B05DF804FBE02A002000B583B0D9
:10ABA40001900B468DF80330019B1B792D4A5B0104
:10ABB40013441C331B78002B2FD0019B1B684FF4CC
:10ABC40088711846FFF766FD019B1B684FF490716E
:10ABD4001846FFF75FFD019B1B684FF492711846FE
:10ABE400FFF758FD019B1B684FF4A2711846FFF74D
:10ABF40051FD019B1B681C491846FFF781FD019B11
:10AC04001B681846FFF767FE03461A469DF8033093
:10AC140019461046FEF730FE20E0019B1B684FF4F6
:10AC24008E711846FFF72EFC019B1B684FF4A2712E
:10AC34001846FFF727FC019B1B680C491846FFF7D1
:10AC440048FC019B1B681846FFF745FE03461A465D
:10AC54009DF8033019461046FEF70EFE00BF03B000
:10AC64005DF804FBE02A00201003020080000200CB
:10AC740000B583B00190019B1B79154A5B01134415
:10AC84001C331B78002B0FD0019B1B6811491846FD
:10AC9400FFF740FD019B1B681846FFF71CFE0346A7
:10ACA4001846FFF70AFE0EE0019B1B680A49184686
:10ACB400FFF729FC019B1B681846FFF70CFE0346AF
:10ACC4001846FFF7FAFD00BF03B05DF804FB00BFB0
:10ACD400E02A0020100302008402020000B587B0BD
:10ACE4000190019B1B79364A5B0113441C331B788A
:10ACF400002B22D0019B1B681846FFF752FD0590DC
:10AD0400019B1B681846FFF754FD0490019B1B68C8
:10AD14001846FFF756FD0390019B1B681846FFF782
:10AD240058FD0290019B1B681846FFF72CFD019B00
:10AD34001B681846FFF764FD21E0019B1B68184659
:10AD4400FFF728FC0590019B1B681846FFF72AFCB7
:10AD54000490019B1B681846FFF72CFC0390019B91
:10AD64001B681846FFF72EFC0290019B1B681846CF
:10AD7400FFF702FC019B1B681846FFF73AFC059B92
:10AD8400B3F1FF3F02D00598FFF729FE049BB3F10E
:10AD9400FF3F02D00498FFF722FE029BB3F1FF3F6E
:10ADA40002D00298FFF71BFE039BB3F1FF3F02D0D2
:10ADB4000398FFF714FE00BF07B05DF804FB00BF63
:10ADC400E02A002000B583B00190019B1B790B4A57
:10ADD4005B0113441C331B78002B05D0019B1B68BB
:10ADE4001846FFF7AFFC04E0019B1B681846FFF709
:10ADF400A2FB00BF03B05DF804FB00BFE02A002003
:10AE040000B583B00190019B1B790B4A5B0113448D
:10AE14001C331B78002B05D0019B1B681846FFF7D9
:10AE24009AFC04E0019B1B681846FFF78DFB00BFEA
:10AE340003B05DF804FB00BFE02A002000B587B032
:10AE4400039002910192029B002B04D122494FF4FA
:10AE5400887001F07FF9039B1B795B011F4A13443F
:10AE6400059300230493059BDB7E002B03D008236A
:10AE74000493049B2BE0029B5A7F059B1A7702994B
:10AE84000398FFF7DBFD059B019A5A60029B1A6940
:10AE9400059B1A60059B5B68002B05D0029B1B7FFA
:10AEA40019460398FFF77AFE0398FFF78BFF059B7B
:10AEB4000022DA75059B00221A76059B00229A75FA
:10AEC400059B0122DA76059B00229A76049B18469C
:10AED40007B05DF804FB00BFE0610300E02A002036
:10AEE40000B585B00190019B1B795B010C4A1344AA
:10AEF40003930198FFF784FF039B5B68002B02D048
:10AF04000198FFF7B5FE0198FFF7E8FE039B0022C6
:10AF1400DA76039B00225A6000BF05B05DF804FB9B
:10AF2400E02A002000B585B0019000914FF48E71A5
:10AF34000198FFF7A7FA009B9B68009A928A92B245
:10AF440013441B788DF80F30009B9B8A9BB201330E
:10AF54009AB2009B9A829DF80F3019460198FFF728
:10AF64005FFB00BF05B05DF804FB000000B585B0D1
:10AF74000190019B1B795B01344A13440293002323
:10AF84000393019B1B684FF48E711846FFF77AFAFE
:10AF9400019B1B6808211846FFF74FFB019B1B68A8
:10AFA40002991846FFF7BEFF029B5B68002B47D14E
:10AFB4001FE000BF019B1B684FF48E711846FFF71A
:10AFC40076FA034683F00103DBB2002B05D0029B23
:10AFD4009B8A9BB2B3F5807FECD1029B9B8A9BB288
:10AFE400B3F5807F05D0019B1B6802991846FFF7D3
:10AFF40099FF029B9B8A9BB2029A927D9342D8D37B
:10B00400029B9B8A9BB2B3F5807F02D10F230393EB
:10B0140013E000BF019B1B684FF48E711846FFF7C5
:10B0240046FA034683F00103DBB2002BF2D1019B05
:10B034001B680C211846FFF700FB029B00229A753F
:10B04400039B184605B05DF804FB00BFE02A00200E
:10B0540000B587B00190019B1B795B012A4A134418
:10B06400049300230593019B1B684FF490711846C9
:10B07400FFF710FB019B1B684FF4AC711846FFF7F8
:10B0840009FB019B1868049B9968049B9B7D1A46E5
:10B09400FFF7F1FB019B1B6808211846FFF7BEFB75
:10B0A400049B5B68002B2AD1019B1B684FF49071B1
:10B0B4001846FFF704FB03468DF80F30019B1B680D
:10B0C4004FF4AC711846FFF7FAFA03468DF80E30C8
:10B0D4009DF80F3083F00103DBB2002B06D09DF8FE
:10B0E4000E3083F00103DBB2002BDDD19DF80E306E
:10B0F400002B01D00F230593049B00229A75059B16
:10B10400184607B05DF804FBE02A002000B587B0BC
:10B114000390029113468DF80730039B1B795B0162
:10B124002E4A13440493049BDB7E012B04D02C4948
:10B134004FF4CC7001F00EF89DF80730002B04D1C9
:10B14400274940F2991001F005F8029B002B04D125
:10B1540023494FF4CD7000F0FDFF039B1B791F4A78
:10B164005B0113441C331B78002B0CD00298FFF7AF
:10B17400BDFB034683F00103DBB2002B03D0102395
:10B184000593059B25E0039800F02CF80346002B5B
:10B1940003D011230593059B1BE0049B9DF8072016
:10B1A4009A75049B029A9A60049B00229A82039BDC
:10B1B4001B790A4A5B0113441C331B78002B04D00F
:10B1C4000398FFF745FF034603E00398FFF7CEFE1D
:10B1D4000346184607B05DF804FB00BFE02A0020D0
:10B1E400E061030082B00190019B1B79064A5B0178
:10B1F400134416331B78002B14BF01230023DBB246
:10B20400184602B0704700BFE02A002010B582B093
:10B2140001900091009BDB7D002B08D14FF48471D9
:10B224000198FFF72FF90198FFF7F1F916E04FF4B1
:10B2340084710198FFF726F9009BDB68009A527E1F
:10B24400D2B29C180198FFF7E2F903462370009BE1
:10B254005B7EDBB20133DAB2009B5A7602B010BDDA
:10B2640000B589B003900B4601928DF80B30012391
:10B274008DF810309DF80B308DF81830019B059334
:10B28400039B5B68039A116804AA1046984700BFA1
:10B2940009B05DF804FB00B587B001900B468DF84A
:10B2A400033000238DF808309DF803308DF81030FA
:10B2B400019B9B680393019B00229A75019B5B6829
:10B2C400019A116802AA1046984700BF07B05DF8BA
:10B2D40004FB00B589B0019000914FF4007101980E
:10B2E400FFF701F90346002B39D04FF4927101980E
:10B2F400FFF7DDF80346002B31D04FF4927101982B
:10B30400FFF7C0F84FF401710198FFF7FCF8009BB8
:10B314009B7E83F00103DBB2002B03D00421019850
:10B32400FFF78BF902238DF808300198FFF7F5F841
:10B3340003460593009BDB7D8DF81030009BDB6892
:10B344000393009B0022DA75009B00221A76009B6F
:10B354005B68009A116802AA1046984756E00421D7
:10B364000198FFF7C0F80346002B4FD04FF48471C7
:10B374000198FFF79CF80346002B47D000990198E9
:10B38400FFF744FF009BDA7D009B5B7EDBB29A42B1
:10B394003CD1009B1B7E002B1CD0009BDB680793D9
:10B3A400009B5B7E8DF81B30009B1A7E009BDA7538
:10B3B400009B1A69009BDA60009B00221A76009BAE
:10B3C40000225A769DF81B30079A19460098FFF719
:10B3D40047FF1BE0009B9B7E83F00103DBB2002B45
:10B3E40003D004210198FFF728F94FF40171019863
:10B3F400FFF789F8009B0022DA75009B5B7ED9B2C7
:10B40400009BDB681A460098FFF72AFF4FF48E7101
:10B414000198FFF74CF80346002B1AD0009B9B8A37
:10B424009BB2009A927D934204D200990198FFF74F
:10B4340079FD0EE04FF48E710198FFF723F8009B1D
:10B444009B7D002B05D0009B9B7D19460098FFF740
:10B4540022FF4FF4A2710198FFF729F80346002B4D
:10B464001CD04FF4A2710198FFF70CF8009B9B7E4F
:10B47400002B03D000210198FFF7DFF8009BDB7D50
:10B48400002B0BD0009B0022DA75009B5B7ED9B2A7
:10B49400009BDB681A460098FFF7E2FE00BF09B084
:10B4A4005DF804FB00B589B0019000914FF49271EE
:10B4B4000198FFF704F90346002B24D04FF492714E
:10B4C4000198FFF7E7F802238DF808300198FFF799
:10B4D4002BF9034605930198FFF7E7F90346DBB21E
:10B4E4008DF81030009BDB680393009B0022DA7513
:10B4F400009B00221A76009B5B68009A116802AADE
:10B504001046984741E04FF488710198FFF7D7F847
:10B514000346002B39D04FF488710198FFF7BAF82D
:10B524000198FFF7C2F903468DF81F30009BDB7DBD
:10B534009DF81F209A4228D1009B1B7E002B19D016
:10B54400009BDB68069320210198FFF7CAF8009B53
:10B554001A7E009BDA75009B1A69009BDA60009BD7
:10B5640000221A769DF81F30069A19460098FFF7B4
:10B5740077FE0AE0009B0022DA75009BDA689DF8EA
:10B584001F3019460098FFF76BFE4FF4A271019823
:10B59400FFF795F80346002B16D04FF4A2710198DB
:10B5A400FFF778F8009BDB7D002B0DD0009B002279
:10B5B400DA750198FFF779F90346D9B2009BDB6885
:10B5C4001A460098FFF74CFE4FF490710198FFF76C
:10B5D40076F80346002B11D04FF490710198FFF7D1
:10B5E40059F8009B9B7D002B08D00198FFF755F973
:10B5F4000346DBB219460098FFF74DFE00BF09B0C1
:10B604005DF804FB08B5074B1B7F002B04D00549EC
:10B614000548FFF747FF03E002490348FFF759FED7
:10B6240000BF08BDE02A00200020004000B583B020
:10B634000190019B1B681F2B04D905494FF4E87046
:10B6440000F088FD4FF0A043184603B05DF804FBFA
:10B654003862030000B585B001900B468DF80330C5
:10B6640001AB1846FFF7E2FF0390019A039B02F532
:10B67400E07253F82230019A23F44031039B02F51F
:10B68400E07243F82210019A039B02F5E07253F82A
:10B6940022109DF803301B04019A1943039B02F501
:10B6A400E07243F8221000BF05B05DF804FB00B55A
:10B6B40083B001900198FDF745FE0346184603B098
:10B6C4005DF804FB00B587B003460A468DF80730E1
:10B6D40013468DF8063000238DF8173000230493A9
:10B6E4009DF807301846FDF75BFE0490049B032B7E
:10B6F40062D89DF80630022B52D0022B5CDC002B62
:10B7040031D0012B58D13549049A13465B001344B8
:10B714000B441B788DF817303049049A13465B00AC
:10B7240013440B4401331B78002B0ED02C4B2D4AB1
:10B734004FF400411846F9F7B9FE0390039B002B20
:10B7440003D1284A9DF8073013702449049A1346FC
:10B754005B0013440B4402331978234A049B1344BB
:10B764000A461A7028E01E4B1846F9F7D1FE1E4A05
:10B77400049B134419781948049A13465B00134434
:10B78400034402331B78994215D11449049A134691
:10B794005B0013440B4402331B788DF817300AE026
:10B7A4000E49049A13465B0013440B4401331B787F
:10B7B4008DF8173000E000BF9DF81730002B09D03A
:10B7C4000A4B1B68002B05D0084B1B689DF81720FB
:10B7D4001046984700BF07B05DF804FB502B0020CB
:10B7E4005C2B00207C2B0020802B00204C2B002085
:10B7F40000B583B00190019B1B7802211846FFF726
:10B8040061FF00BF03B05DF804FB000000B583B026
:10B814000C4B1B78002B0FD00023019308E0019BF5
:10B82400022B02D00198FDF719FD019B013301930E
:10B83400019B032BF3D901E0FDF72AFD00BF03B000
:10B844005DF804FB082B00202DE9D04F92B003468D
:10B854008DF83F300023119300231093C94B1B78BC
:10B86400002B04D0C74A00231370FFF7CFFF9DF8C5
:10B874003F30172B00F2398201A252F823F000BFA7
:10B88400E5B80200F3B80200F3B802008FB9020071
:10B894002BBA0200A7BA02003BBB02005BBB02004A
:10B8A4006BBB020095BB0200B3BB0200D1BB02001C
:10B8B400EFBB0200FDBB0200FDBB0200FDBB0200AA
:10B8C400FDBB0200FDBB020091BC02009FBC020054
:10B8D400B3BC0200C7BC0200E1BC0200E1BC020030
:10B8E400FFF794FFA84A9DF83F301370FEE1002053
:10B8F400FDF76CFC0346002B0DD00020FDF7AEFCD9
:10B904009DF83F30022B02D14FF4E16301E04FF484
:10B914007A6310930BE00020FDF786FC9DF83F301E
:10B92400022B01D1C82301E04FF4C8731093964A47
:10B934009DF83F301370954C109B002200930192A8
:10B944004FF000024FF00003DDE900673946CB03F6
:10B95400314643EA51433146CA0312F5FA71029162
:10B9640043F1000303934FF47A724FF00003DDE9CF
:10B97400020109F053FB02460B4613460022194606
:10B984002046F9F793FD1190B0E10020FDF71EFC6D
:10B994000346002B0DD00020FDF760FC9DF83F30DE
:10B9A400032B02D14FF4487301E04FF47A631093F0
:10B9B4000BE00020FDF738FC9DF83F30032B01D14C
:10B9C400C82301E04FF4C87310936F4A9DF83F30C9
:10B9D40013706E4C109B0022049305924FF00002EA
:10B9E4004FF00003DDE904673946CB03314643EAEF
:10B9F40051433146CA0312F5FA71069143F100032B
:10BA040007934FF47A724FF00003DDE9060109F061
:10BA140005FB02460B461346002219462046F9F759
:10BA240045FD119062E10020FDF7D0FB0346002B99
:10BA340006D00020FDF712FC4FF47A63109305E062
:10BA44000020FDF7F1FB4FF4C87310934E4A9DF8A4
:10BA54003F3013704D4C109B00229A4693464FF092
:10BA640000024FF000034FEACB3343EA5A434FEA54
:10BA7400CA3212F5FA71089143F1000309934FF4A5
:10BA84007A724FF00003DDE9080109F0C7FA0246B3
:10BA94000B461346002219462046F9F707FD11907C
:10BAA40024E10020FDF792FB0346002B0CD000207C
:10BAB400FDF7D4FB9DF83F30052B01D1C82301E0ED
:10BAC4004FF47A6310930BE00020FDF7ADFB9DF873
:10BAD4003F30052B01D1C82301E04FF4C873109304
:10BAE400294A9DF83F301370284C109B0022984639
:10BAF40091464FF000024FF000034FEAC93343EA86
:10BB040058434FEAC83212F5FA710A9143F100031F
:10BB14000B934FF47A724FF00003DDE90A0109F048
:10BB24007DFA02460B461346002219462046F9F7D1
:10BB3400BDFC1190DAE00020FDF7D0FB124A9DF81D
:10BB44003F301370114B002240F6CD411846F9F7EF
:10BB5400ADFC1190CAE00020FDF766FB0A4A9DF88F
:10BB64003F301370C2E0074B01221A700120FDF729
:10BB7400B5FB064B002240F6CD411846F9F796FC7A
:10BB84001190B3E0012B0020002B00200C2B00208F
:10BB9400594B01221A700120FDF7A0FB574B0022DC
:10BBA4004FF480411846F9F781FC11909EE0524B06
:10BBB40001221A700120FDF791FB504B002240F640
:10BBC400CD411846F9F772FC11908FE04A4B0122DF
:10BBD4001A700120FDF782FB484B00224FF480418C
:10BBE4001846F9F763FC119080E0FDF764FB444AC2
:10BBF4009DF83F30137079E0424B1846F9F788FC02
:10BC040011909DF83F30C3F111031093109B002B4A
:10BC140035D0119B002B32D1109B012B28D9394CE4
:10BC2400109B9BB21A46C82302FB03F3DA171E4685
:10BC340017464FF000024FF00003FB0343EA56435C
:10BC4400F20312F5FA710C9143F100030D934FF4D2
:10BC54007A724FF00003DDE90C0109F0DFF90246C6
:10BC64000B461346002219462046F9F71FFC119093
:10BC74000220FDF7D9FA244B01221A7036E0022083
:10BC8400FDF7ECFA204B00221A702FE0FFF7BEFDFF
:10BC94001B4A9DF83F30137028E0FFF7B7FD0020E2
:10BCA400FDF7C2FA164A9DF83F3013701EE0FFF705
:10BCB400ADFD0120FDF7B8FA114A9DF83F3013702D
:10BCC40014E0FFF7A3FD0020FDF7AEFA0120FDF715
:10BCD400ABFA0B4A9DF83F30137007E0FDF7EBFA1F
:10BCE400074A9DF83F30137000E000BF119B1846CF
:10BCF40012B0BDE8D08F00BF012B00200C2B002018
:10BD0400002B00202C2B0020082B002000B583B032
:10BD14000190074B1B6803F00103002B04D0054B73
:10BD24001B781846FFF790FD00BF03B05DF804FBD5
:10BD3400042B0020002B002000B583B001900220CA
:10BD4400FDF7CCFA00BF03B05DF804FB00B585B085
:10BD540003468DF8073000230393084B1B6803F058
:10BD64000103002B05D09DF807301846FFF76CFD42
:10BD74000390039B184605B05DF804FB042B0020D8
:10BD840000B585B00190009100230393294A019BDB
:10BD94001360294A009B1360019B03F00203002BEC
:10BDA4002AD00023029308E001220121029800F026
:10BDB40053F80390029B01330293029B032B02D896
:10BDC400039B002BF0D0039B002B06D140F266624C
:10BDD40004211A48F8F710FC0390039B002B02D1AE
:10BDE400F8F77CFC0390039B002B05D1144A002137
:10BDF4001448F9F72BFB0390019B03F00103002B7C
:10BE040001D0FDF785FA039B002B05D10E4A0021D2
:10BE14000E48F9F71BFB0390039B002B05D10C4A3A
:10BE240001210C48F9F712FB0390039B184605B057
:10BE34005DF804FB042B00204C2B002080620300DF
:10BE4400F5B702007C62030011BD020074620300B6
:10BE54003DBD02007862030084B001900B468DF86A
:10BE6400033013468DF8023000230393019B032B08
:10BE74003CD89DF80230012B0BD19DF80330012BE7
:10BE840004D1019BDBB20E33DBB200E000238DF85A
:10BE940002309DF80330022B0FD0022B23DC002B41
:10BEA40016D0012B1FD11449019A13465B00134489
:10BEB4000B449DF802201A701AE00F49019A1346A8
:10BEC4005B0013440B4401339DF802201A700FE009
:10BED4000949019A13465B0013440B4402339DF84D
:10BEE40002201A7004E00723039301E0072303935D
:10BEF400039B184604B07047502B002000B583B054
:10BF040001900198FDF76CFA034603211846FFF7E8
:10BF1400A1FB0023184603B05DF804FB00B583B011
:10BF2400012200210020FFF797FF0190019B002BC5
:10BF340004D0019B072B01D0019B1CE007220221A6
:10BF44000120FFF789FF0190019B002B04D0019B86
:10BF5400072B01D0019B0EE0042202210020FFF7F1
:10BF64007BFF0190019B002B04D0019B072B01D088
:10BF7400019B00E00023184603B05DF804FB00B504
:10BF840083B0012202210020FFF766FF0190019B8C
:10BF9400002B04D0019B072B01D0019B1CE007223E
:10BFA40002210120FFF758FF0190019B002B04D0D0
:10BFB400019B072B01D0019B0EE00A2200210020E7
:10BFC400FFF74AFF0190019B002B04D0019B072B34
:10BFD40001D0019B00E00023184603B05DF804FB88
:10BFE40000B583B001900120FFF761FB0346002BED
:10BFF40003D0019B02221A700CE00020FFF757FBCC
:10C004000346002B03D0019B0B221A7002E0019B14
:10C0140000221A7000BF03B05DF804FB00B583B0C2
:10C024000020FFF76BFF0190019B002B04D0019BC4
:10C03400062B01D0019B0CE00120FFF75FFF01906C
:10C04400019B002B04D0019B062B01D0019B00E037
:10C054000023184603B05DF804FB000000B585B06A
:10C0640001900091019B1B88102B02D0112B18D03A
:10C074002FE01A4B1B68002B0DD1FFF74FFF0390E5
:10C08400039B002B07D0164B1B68002B03D0144BCB
:10C094001B6803989847114B1B6801330F4A1360C0
:10C0A40017E00E4B1B68013B0C4A13600B4B1B68DB
:10C0B400002B0DD1FFF763FF0390039B002B07D0E8
:10C0C400074B1B68002B03D0054B1B68039898474C
:10C0D40000BF00BF05B05DF804FB00BF882B002043
:10C0E400842B002000B585B00190009100230393B8
:10C0F4000A4A019B1360009B002B02D00098FFF7B3
:10C104006FFF074B1B68002B02D1FFF738FF03902A
:10C11400039B184605B05DF804FB00BF842B002088
:10C12400882B002076DF704700BF18467ADF7047FF
:10C1340000BF18467CDF704700BF18468FDF70478A
:10C1440000BF184632DF704700BF18463EDF704715
:10C1540000BF184600B583B003460091ADF8063021
:10C16400BDF80630009A19460348F8F7E3FA00BF11
:10C1740003B05DF804FB00BFEFBEADDE00B583B0D5
:10C184000190019B1B78052B08D1064B1B881B04CF
:10C1940043F0030304491846F7F72EFD00BF03B02C
:10C1A4005DF804FBE0200020A062030000B583B02A
:10C1B400F9F718F90190019B0093009B002B04D020
:10C1C400044AA4210098F8F7B5FA00BF03B05DF85B
:10C1D40004FB00BFB062030000B587B09DF80030D7
:10C1E400012262F303038DF800309DF80030012230
:10C1F40062F307138DF800306B460A221A49184679
:10C20400FFF798FF0590059B0493049B002B04D033
:10C21400164AC0210498F8F78DFA01AB08220021D0
:10C22400184609F00DF85023ADF80430A023ADF8FA
:10C2340006300023ADF808304FF4C873ADF80A3067
:10C2440001AB1846FFF772FF0590059B0393039B10
:10C25400002B04D0054ACE210398F8F76BFA00BFEF
:10C2640007B05DF804FB00BF1C630300B062030069
:10C2740000B583B00021094803F0D2FF0190019B6F
:10C284000093009B002B04D0054AD7210098F8F7AF
:10C2940051FA00BF03B05DF804FB00BFD02B0020AF
:10C2A400B062030000B589B001AB1022002118462A
:10C2B40008F0C6FF0023ADF80C300023029301AB55
:10C2C40019460F4804F08AF80790079B0693069BCB
:10C2D400002B04D00B4AE8210698F8F72BFA00F05B
:10C2E4006DFC0790079B0593059B002B04D0054A22
:10C2F400EB210598F8F71EFA00BF09B05DF804FBBE
:10C304008C2B0020B062030000B585B00190019B26
:10C314001B78002B11D10B4B1B883B211846FFF7D0
:10C3240001FF0390039B0293029B002B05D0064A56
:10C334004FF480710298F8F7FDF900BF05B05DF87D
:10C3440004FB00BFB8210020B062030000B583B035
:10C354000190054A40F20B110198F8F7EBF900BF80
:10C3640003B05DF804FB00BFB062030000B58BB0FE
:10C3740001AB1C220021184608F062FF0023019340
:10C384004FF4203302934FF47023039303238DF867
:10C3940010300023ADF8123000238DF814300C4B0C
:10C3A40006930C4B079301AB184601F039FF099033
:10C3B400099B0893089B002B05D0074A4FF4917101
:10C3C4000898F8F7B7F900BF0BB05DF804FB00BF9D
:10C3D4000DC3020051C30200B062030000BF7047E6
:10C3E40000B585B00020FFF7B1FC0390039B0293D6
:10C3F400029B002B05D0134A4FF49D710298F8F765
:10C4040099F9FFF70BFE0390039B0193019B002B0B
:10C4140005D00C4A4FF49F710198F8F78BF9FFF798
:10C4240091FE0390039B0093009B002B05D0054ACB
:10C434004FF4A1710098F8F77DF900BF05B05DF8DD
:10C4440004FB00BFB062030000B585B003468DF85D
:10C4540007309DF80730002B1AD0032B1BD1114B4A
:10C464001B881B0443F003030F491846F7F7C4FB6A
:10C474000220FFF76BFC0390039B0293029B002BAB
:10C484000BD00A4A40F255110298F8F753F904E028
:10C49400FFF7A6FF02E000BF00E000BF00BF05B049
:10C4A4005DF804FBE020002028630300B062030071
:10C4B40000B589B001900091019B1B88562B66D072
:10C4C400562B77DC3B2B4FD03B2B73DC212B31D00D
:10C4D400212B6FDC102B02D0112B1DD06AE03C4BBA
:10C4E4001B881B0443F003033A491846F7F784FBFF
:10C4F4000720FFF72BFC0790079B0393039B002B5C
:10C5040005D0354A4FF4B8710398F8F713F9019B35
:10C514009A88324B1A8054E02D4B1B881B0443F03D
:10C5240003032F491846F7F767FB2C4B4FF6FF72AE
:10C534001A8046E000238DF8083000238DF8093076
:10C54400019B9B8802AA11461846FFF7F7FD079046
:10C55400079B0493049B002B2ED01F4A40F28311A7
:10C564000498F8F7E7F827E0019B9B881321184605
:10C57400FFF7D8FD0790079B0593059B002B1DD063
:10C58400154A4FF4C6710598F8F7D4F816E0019BE4
:10C594009B8813211846FFF7C5FD0790079B069358
:10C5A400069B002B0CD00C4A4FF4CA710698F8F77E
:10C5B400C1F805E000BF04E000BF02E000BF00E0F6
:10C5C40000BF019800F0FDFA00BF09B05DF804FB5C
:10C5D400E02000203C630300B0620300B821002087
:10C5E4004863030000B587B008F056FA0590059B30
:10C5F4000493049B002B05D0164A40F2A911049819
:10C60400F8F798F80023019301AB1946012008F0CC
:10C614003DFB0590059B0393039B002B05D00D4A1E
:10C6240040F2AF110398F8F785F801AB184608F00B
:10C6340015FC0590059B0293029B002B05D0054A2F
:10C6440040F2B3110298F8F775F800BF07B05DF82F
:10C6540004FB00BFB062030000B587B003468DF849
:10C6640007309DF807300A2B06D00A2B36DC042B42
:10C6740005D0072B19D031E0FFF7B2FE33E01C4B95
:10C684001B8813211846FFF74DFD0590059B082BC9
:10C6940026D0059B0393039B002B21D0154A4FF40E
:10C6A400E6710398F8F746F81AE0114B1B884FF629
:10C6B400FF72934216D1104801F036FC0590059B99
:10C6C400082B0FD0059B0493049B002B0AD0094A26
:10C6D4004FF4EB710498F8F72DF803E000BF02E083
:10C6E40000BF00E000BF00BF07B05DF804FB00BF5F
:10C6F400B8210020B0620300E42B002010B58CB0F8
:10C704000390039B1B780F2B00F29D8001A252F82B
:10C7140023F000BF59C702004BC802006DC70200D6
:10C724004BC802009DC702004BC80200B3C70200F9
:10C7340031C802004BC80200E3C702004BC8020024
:10C74400FDC702004BC8020017C802004BC8020014
:10C75400DDC70200434B1B881B0443F0030342491B
:10C764001846F7F749FA79E03E4B1B881B0443F05F
:10C774000304039B5B88184602F016F803461A4626
:10C78400039B5B881946039B1B7A00930B4637492E
:10C794002046F7F764FA61E000238DF81430039B18
:10C7A4005B8805AA1146184605F0DEFD56E0FAF747
:10C7B40003FE0790079B0E2B47D0079B082B44D002
:10C7C400079B0693069B002B3FD0294A40F2132176
:10C7D4000698F7F7AFFF38E005F0DAFD3EE0039B7B
:10C7E4001B690993099B002B31D0214A4FF408712E
:10C7F4000998F7F79FFF2AE0039B9B680A930A9B1B
:10C80400002B26D01A4A40F226210A98F7F792FF05
:10C814001FE0039B9B680B930B9B002B1BD0144ABC
:10C824004FF40B710B98F7F785FF14E0039B9B689B
:10C834000893089B002B10D00D4A40F2322108982F
:10C84400F7F778FF09E000BF08E000BF06E000BF8B
:10C8540004E000BF02E000BF00E000BF00BF0CB076
:10C8640010BD00BFE0200020586303008463030070
:10C87400B062030000B58BB003468DF8073005F0B5
:10C88400D9FC0990099B0893089B002B05D0434AC7
:10C8940040F24D210898F7F74DFF9DF80730002B23
:10C8A4000DD005F09DFD0990099B0793079B002B74
:10C8B40005D03A4A40F252210798F7F73BFF02AB02
:10C8C40005220021184608F0BBFC9DF8083043F00F
:10C8D40001038DF808309DF8083023F002038DF829
:10C8E40008309DF80830032262F306138DF80830EF
:10C8F4009DF8083023F080038DF8083007238DF865
:10C90400093010238DF80A309DF80B3043F00103F1
:10C914008DF80B309DF80B3043F002038DF80B308B
:10C924009DF80C3043F001038DF80C309DF80C3069
:10C9340043F002038DF80C3002AB184605F0FCFC02
:10C944000990099B0693069B002B05D0134A4FF4CC
:10C9540019710698F7F7EEFE114805F0C5FC099029
:10C96400099B0593059B002B05D00C4A40F26721D7
:10C974000598F7F7DFFE0B48FAF7B6FA0990099B1A
:10C984000493049B002B05D0044A40F26A210498C6
:10C99400F7F7D0FE00BF0BB05DF804FBB0620300F4
:10C9A40001C7020081C1020000B5ABB06B46A022F2
:10C9B4000021184608F044FC02238DF800300123BE
:10C9C4008DF8023006238DF803300123ADF81030C2
:10C9D400124B059301238DF87C304FF49673229308
:10C9E400B42323930E4B26936B4619460D4801F04E
:10C9F40054F82990299B2893289B002B05D00A4A98
:10CA04004FF421712898F7F795FE0121054801F0AC
:10CA140037F800BF2BB05DF804FB00BFBC21002039
:10CA24004DC40200E42B0020B062030000B587B0BF
:10CA3400019017490320FFF7A3F90590059B049380
:10CA4400049B002B05D0134A4FF425710498F7F783
:10CA540071FE0DF10B0319460020FFF743FB05900F
:10CA6400059B0393039B002B05D00A4A40F29721B0
:10CA74000398F7F75FFE9DF80B30022B0CBF0123E0
:10CA84000023DAB2019B1A7000BF07B05DF804FB03
:10CA94005DC60200B062030000B583B00020F6F763
:10CAA4003DFE0190019B0093009B002B05D0064A9C
:10CAB4004FF428710098F7F73DFEF6F78DFD00BF9F
:10CAC40003B05DF804FB00BFB062030000B583B09F
:10CAD4000321094801F0F0F80190019B0093009BA9
:10CAE400002B05D0054A4FF42A710098F7F722FE6F
:10CAF40000BF03B05DF804FBE42B0020B062030028
:10CB040000B583B0FFF722FB0190019B0093009BCB
:10CB1400002B05D0044A40F2B1210098F7F70AFE31
:10CB240000BF03B05DF804FBB062030000B583B03E
:10CB3400FFF7B2FFFFF73AFB0DF107031846FFF7C3
:10CB440075FFFFF74FFD9DF807301846FFF792FE7B
:10CB54009DF80730002B08D0154B1B881B0443F0AD
:10CB6400030314491846F7F747F8FFF735FBFFF7B7
:10CB74007FFBFFF719FFFFF795FBFFF7F7FBFFF7C5
:10CB84002DFC0B4B1B881B0443F003030A49184676
:10CB9400F7F732F8FFF79AFFF7F79EF8034683F0AA
:10CBA4000103DBB2002BF7D0FFF7AAFFF4E700BFC5
:10CBB400E0200020C4630300D4630300002318466C
:10CBC400704782B0019000BF02B070476DDF7047BC
:10CBD40000BF184672DF704700BF184679DF704700
:10CBE40000BF18467DDF704700BF184664DF7047FA
:10CBF40000BF184682B003460091ADF80630BDF878
:10CC04000630DAB2009B1A70BDF806301B0A9AB2DD
:10CC1400009B0133D2B21A700223184602B0704747
:10CC240000B589B0039002911346ADF80630029B1B
:10CC34001B8803F10902BDF806309A4201D90C237E
:10CC440051E005AB1846FFF7C1FF0790079B002B87
:10CC540001D0079B47E0029B1B881A46039B1344A1
:10CC640008221A70029B1B8801339AB2029B1A8015
:10CC7400029B1B881A46039B13441B221A70029BB7
:10CC84001B8801339AB2029B1A80029B1B881A46A6
:10CC9400039B981805AB01330622194608F09EFA47
:10CCA400029B1B8806339AB2029B1A809DF81430AB
:10CCB40023F00103DBB2002B07D1029B1B881A4629
:10CCC400039B134400221A7006E0029B1B881A4639
:10CCD400039B134401221A70029B1B8801339AB2EE
:10CCE400029B1A800023184609B05DF804FB00B5C6
:10CCF40089B0039002910192ADF80230039B1B7836
:10CD0400012B05D1039B5B78002B01D1072388E01D
:10CD1400019B1B889A1CBDF802309A420ED8039BD3
:10CD24001B78012B0CD1019B1B881A46039B5B7853
:10CD340013449A1CBDF802309A4201D90C2370E0C6
:10CD4400019B1B88BDF80220D31A9BB2023BADF8AD
:10CD54001C30BDF81C30ADF81630019B1B88023323
:10CD6400029A13440DF1160211461846FFF73AFFD2
:10CD74000690069B002B01D0069B52E0039B1B7878
:10CD8400022B09D1BDF81630BDF81C209A4203D3FA
:10CD940009238DF81F3016E008238DF81F30039BFC
:10CDA4001B78012B0BD1039B5B781A46BDF81C3012
:10CDB400934204D3039B5B78ADF8163003E0BDF8CF
:10CDC4001C30ADF81630BDF81630FE2B01D90C23FB
:10CDD40027E0BDF81630DAB2019B1B881946029B86
:10CDE4000B440132D2B21A70019B1B8801339AB2F0
:10CDF400019B1A80019B1B881A46029B13449DF8D1
:10CE04001F201A70019B1B8801339AB2019B1A8060
:10CE1400019B1A88BDF8163013449AB2019B1A80FC
:10CE24000023184609B05DF804FB00B587B00390F1
:10CE340002911346ADF80630029B1B881A1DBDF8FB
:10CE440006309A4201D90C2338E00DF1120318463A
:10CE5400FFF7C4FE0590059B002B01D0059B2DE038
:10CE6400029B1B881A46039B134403221A70029BDD
:10CE74001B8801339AB2029B1A80029B1B881A46B4
:10CE8400039B134419221A70029B1B8801339AB224
:10CE9400029B1A80BDF81220029B1B881946039B33
:10CEA4000B4419461046FFF7A5FE03461A46029B9B
:10CEB4001B8813449AB2029B1A800023184607B0B9
:10CEC4005DF804FB84B0029101921A4603468DF882
:10CED4000F301346ADF80C30019B1B88DA1CBDF8EB
:10CEE4000C309A4201D90C2328E0019B1B881A4676
:10CEF400029B134402221A70019B1B8801339AB2CD
:10CF0400019B1A80019B1B881A46029B1344012231
:10CF14001A70019B1B8801339AB2019B1A80019BF2
:10CF24001B881A46029B13449DF80F201A70019B1C
:10CF34001B8801339AB2019B1A800023184604B05F
:10CF4400704784B0029101921A4603468DF80F305F
:10CF54001346ADF80C30019B1B88DA1CBDF80C306D
:10CF64009A4201D90C2328E0019B1B881A46029B94
:10CF7400134402221A70019B1B8801339AB2019B4D
:10CF84001A80019B1B881A46029B13440A221A70BA
:10CF9400019B1B8801339AB2019B1A80019B1B8859
:10CFA4001A46029B13449DF80F201A70019B1B889C
:10CFB40001339AB2019B1A800023184604B07047CB
:10CFC40000B58BB0039001930B468DF80B301346DC
:10CFD4008DF80A3000238DF823300C9B1B88ADF8A4
:10CFE4002030002309936CE0039B5A68099B9B0043
:10CFF4001A4404AB106818600DF1160104AB00224A
:10D004001846FFF7F3FD0690069B002B01D0069B04
:10D0140079E09DF816309DF80A209A424ED19DF889
:10D024002330002B01D0002300E002238DF81730B9
:10D034000C9B1B881A469DF816301A449DF817302D
:10D044001A44BDF834309A4201DD0C235BE09DF8AC
:10D05400233083F00103DBB2002B16D00C9B1B881A
:10D0640001339AB20C9B1A800C9B1B881A46019BB5
:10D0740013449DF80B201A700C9B1B8801339AB241
:10D084000C9B1A8001238DF823300C9B1B881A46B5
:10D09400019B1A440DF1160104AB1846FFF7A6FDD7
:10D0A4000690069B002B01D0069B2CE00C9B1B8852
:10D0B4009DF8162013449AB20C9B1A80099B0133E5
:10D0C4000993039B1B881A46099B93428CDB9DF8AA
:10D0D4002330002B16D00C9B1A88BDF82030D31AAD
:10D0E4009BB2013BADF81E30BDF81E30FF2B01D9B9
:10D0F4000C2308E0BDF82030019A1344BDF81E202B
:10D10400D2B21A70002318460BB05DF804FB00B5C8
:10D1140089B0059003930B468DF8133013468DF8B0
:10D1240012309DF81310BDF82C3001930A9B009324
:10D13400039B02220598FFF743FF0790079B002BF0
:10D1440001D0079B12E09DF81210BDF82C3001931A
:10D154000A9B0093039B10220598FFF731FF079069
:10D16400079B002B01D0079B00E00023184609B061
:10D174005DF804FB82B00190019B1B88052B0AD942
:10D18400019B1B88B3F5486F07D9019B1B884FF699
:10D19400FF72934201D0072325E0019B5B88052B96
:10D1A4000AD9019B5B88B3F5486F07D9019B5B885B
:10D1B4004FF6FF72934201D0072314E0019B1B88B2
:10D1C4004FF6FF7293420DD0019B5B884FF6FF72BE
:10D1D400934207D0019B1A88019B5B889A4201D92C
:10D1E400072300E00023184602B0704700B587B05B
:10D1F400039002910192ADF80230019B1B889A1DA5
:10D20400BDF802309A4201D90C2349E00398FFF794
:10D21400B1FF0590059B002B01D0059B40E0019BCD
:10D224001B881A46029B134405221A70019B1B8813
:10D2340001339AB2019B1A80019B1B881A46029BF8
:10D24400134412221A70019B1B8801339AB2019B6A
:10D254001A80039B1A88019B1B881946029B0B4466
:10D2640019461046FFF7C6FC03461A46019B1B8865
:10D2740013449AB2019B1A80039B5A88019B1B8812
:10D284001946029B0B4419461046FFF7B3FC0346AC
:10D294001A46019B1B8813449AB2019B1A800023EF
:10D2A400184607B05DF804FB00B587B003900291FF
:10D2B4000192ADF80230039B9B8802330593019BD6
:10D2C4001B881A46059B13449A1CBDF802309A42E7
:10D2D40001D90C2353E0059BFE2B01D90C234EE00E
:10D2E400059BDAB2019B1B881946029B0B44013251
:10D2F400D2B21A70019B1B8801339AB2019B1A8027
:10D30400019B1B881A46029B1344FF221A70019B3F
:10D314001B8801339AB2019B1A80039B1A88019BD4
:10D324001B881946029B0B4419461046FFF762FC02
:10D3340003461A46019B1B8813449AB2019B1A8028
:10D34400039B9B88002B19D0039B9B68002B01D166
:10D35400072314E0019B1B881A46029B9818039B21
:10D364009968039B9B881A4607F038FF019B1A882B
:10D37400039B9B8813449AB2019B1A80002318468E
:10D3840007B05DF804FB00B589B0039002910192E7
:10D39400ADF80230039B9B6A002B01D1072371E097
:10D3A40000238DF81F3065E0039B996A9DF81F20C8
:10D3B40013465B0013449B000B440693069B9B8817
:10D3C40002330593059BFE2B01D90C235AE0059BE0
:10D3D400DAB2019B1B881946029B0B440132D2B27C
:10D3E4001A70019B1B8801339AB2019B1A80019B1E
:10D3F4001B881A46029B134416221A70019B1B8831
:10D4040001339AB2019B1A80069B1A88019B1B88E0
:10D414001946029B0B4419461046FFF7EBFB0346E3
:10D424001A46019B1B8813449AB2019B1A80069BDF
:10D434009B88002B19D0069B9B68002B01D10723E6
:10D4440020E0019B1B881A46029B9818069B99684A
:10D45400069B9B881A4607F0C1FE019B1A88069B0F
:10D464009B8813449AB2019B1A809DF81F300133A4
:10D474008DF81F30039B93F82C309DF81F209A429F
:10D4840092D30023184609B05DF804FB00B589B0B7
:10D4940005900491039200230793039B1B88ADF826
:10D4A4001A30039B00221A80059B93F82D30002B21
:10D4B4000CD0BDF81A301A4603990498FFF7B0FB54
:10D4C4000790079B002B01D0079BC4E0059B9B782A
:10D4D400002B0CD0BDF81A301A4603990498FFF7B4
:10D4E400A4FC0790079B002B01D0079BB3E0059B8E
:10D4F400DB78002B0ED0059BDB7858B2BDF81A30D0
:10D50400039A0499FFF7DEFC0790079B002B01D0D8
:10D51400079BA0E0059B5B68002B0FD0059B5B6815
:10D5240093F90000BDF81A30039A0499FFF709FD36
:10D534000790079B002B01D0079B8CE0059B1B8960
:10D54400002B12D0059B03F10800BDF81A3001939B
:10D55400039B0093049B06220221FFF7D8FD07904A
:10D56400079B002B01D0079B75E0059B1B8A002BB2
:10D5740012D0059B03F11000BDF81A300193039BF0
:10D584000093049B07220321FFF7C1FD0790079B2B
:10D59400002B01D0079B5EE0059B1B8B002B12D058
:10D5A400059B03F11800BDF81A300193039B009307
:10D5B400049B15221421FFF7AAFD0790079B002B5B
:10D5C40001D0079B47E0059B1B6A002B0DD0059BF0
:10D5D400186ABDF81A30039A0499FFF707FE0790FA
:10D5E400079B002B01D0079B35E0059B5B6A002B52
:10D5F4000DD0059B586ABDF81A30039A0499FFF7B9
:10D6040053FE0790079B002B01D0079B23E0059B4B
:10D6140093F82C30002B0CD0BDF81A30039A0499DF
:10D624000598FFF7B0FE0790079B002B01D0079BDE
:10D6340011E0059B1B78002B0CD0BDF81A30039A1F
:10D6440004990598FFF753FB0790079B002B01D023
:10D65400079B00E0079B184609B05DF804FB82B005
:10D664000190019BDB7803F00403002B01D1072315
:10D6740000E00023184602B0704782B00190019B7D
:10D68400DB78002B01D0072300E00023184602B00A
:10D69400704700B597B0019000911F23ADF84A3050
:10D6A4001F23ADF84830019B002B18D00198FFF7D9
:10D6B400D6FF1390139B002B01D0139B3FE00DF179
:10D6C4004A020AAB19460198FFF7E0FE1390139B38
:10D6D400002B01D0139B32E00AAB159304E0002326
:10D6E40015930023ADF84A30009B002B17D0009807
:10D6F400FFF7C3FF1390139B002B01D0139B1EE075
:10D7040012AA02AB19460098FFF7C0FE1390139BB0
:10D71400002B01D0139B12E002AB149304E000230E
:10D7240014930023ADF84830BDF84A30D9B2BDF89F
:10D734004830DBB2149A1598FFF74CFA03461846A2
:10D7440017B05DF804FB73DF704700BF184674DF41
:10D75400704700BF184682B00190019B93F8D63001
:10D76400184602B0704784B00190002303930AE086
:10D77400019A039B13441B78002B01D0012306E07C
:10D78400039B01330393039B052BF1D90023184614
:10D7940004B0704782B003468DF807309DF8073017
:10D7A4005A1C074B83FB02135910D317C91A0B4693
:10D7B4009B000B44D11ACBB2184602B0704700BF8D
:10D7C4006766666682B001900091009BDB7B012B4B
:10D7D40004D1009B9A88019BA3F8C82000BF02B023
:10D7E400704700B585B001900091019B002283F839
:10D7F400D420009B9A88019BB3F8C8309A4218D170
:10D80400019B1B7983F00103DBB2002B11D00121B2
:10D81400019800F051FA0390039B002B09D0019B5F
:10D82400D3F8D030002B04D0019BD3F8D030039828
:10D83400984700BF05B05DF804FB00B585B00190C2
:10D844000091009B1B7A002B18D1019BDB781846B2
:10D85400FFF7A0FF03461946019800F02DFA039044
:10D86400039B002B0BD0019BD3F8D030002B06D0A8
:10D87400019BD3F8D0300398984700E000BF05B06F
:10D884005DF804FB08B50020FAF7C6FC0346184609
:10D8940008BD000000B585B001900B468DF803303B
:10D8A400019B26331846FFF75EFF03468DF80F30C1
:10D8B4009DF80330013B032B2AD801A252F823F030
:10D8C400D5D80200E9D80200FDD8020009D9020027
:10D8D400019B9B79002B05D09DF80F30002B01D0C4
:10D8E400012316E0019BDB79002B05D09DF80F3056
:10D8F400002B01D002230CE0019B1B7A002B01D0EA
:10D90400032306E0019B5B7A002B01D0042300E093
:10D914000023184605B05DF804FB00BF82B00190F7
:10D924000091019B01229A70019B03F12502009B47
:10D934005A60009B01221A70009B00229A81009B6E
:10D9440000225A810023184602B0704782B0019029
:10D954000091019B02229A70019B03F12502009B16
:10D964005A60009B01221A70019B1B699AB2009BAA
:10D974009A81019BDB689AB2009B5A810023184666
:10D9840002B0704700B585B001900091019B5B69BE
:10D994009AB2009B5A81019B9B699AB2009B9A811F
:10D9A400019B5B79002B24D0019B93F8D43083F046
:10D9B4000103DBB2002B1CD00198FFF7CCFE034619
:10D9C400002B16D0009B02221A72019B042283F8BA
:10D9D4003320019B303300211846FFF75AFE039091
:10D9E400039B002B01D0039B07E0019B05229A7047
:10D9F40002E0019B03229A700023184605B05DF8EB
:10DA040004FB00B585B001900091019BDB699AB2DB
:10DA1400009B5A81019B1B6A9AB2009B9A81019BCD
:10DA24005B79002B24D0019B93F8D43083F001035D
:10DA3400DBB2002B1CD00198FFF78DFE0346002BB0
:10DA440016D0009B02221A72019B042283F8332011
:10DA5400019B303300211846FFF71BFE0390039B04
:10DA6400002B01D0039B07E0019B06229A7002E081
:10DA7400019B04229A700023184605B05DF804FB4C
:10DA840082B001900B468DF80330019B9DF8032072
:10DA940083F8242000BF02B0704730B587B00190EE
:10DAA4000091009B002B02D0019B002B01D10E237F
:10DAB400FFE0019B01221A70019B0022DA70019A97
:10DAC400009B141D03F178050FCD0FC495E80F00DA
:10DAD40084E80F00019B002283F82420009BD3F8E4
:10DAE4009820019BC3F8CC20009BD3F89C20019B79
:10DAF400C3F8D020019B4FF6FF72A3F8C820019B06
:10DB0400253307220021184607F09AFB019B303386
:10DB14003C220021184607F093FB009B1A78019BD6
:10DB240083F83020009B9A78019B83F83220009B75
:10DB3400DA78019B83F83320009B5A78019B83F8A1
:10DB44003120019B009A4033103292E8030083E8AD
:10DB54000300019B009A3833083292E8030083E8FB
:10DB64000300019B009A4833183292E8030083E8CB
:10DB74000300009B93F82D20019B83F85D20009BFC
:10DB84005B6A002B2ED0019B03F16C02019B5A654A
:10DB9400019B03F17802019B5A67009B5A6A019B1F
:10DBA4005B6D12881A80009B5A6A019B5B6D928898
:10DBB4009A80002305930EE0009B5B6A9A68059B9C
:10DBC40013441978019A059B134478330A461A7052
:10DBD400059B01330593019B5B6D9B881A46059B4E
:10DBE4009342E9D3009B9B6A002B3AD0019B03F13B
:10DBF400A402019BC3F8A020019B03F19802019B9E
:10DC04009A65019B9B6D019AA4329A60009B9A6A63
:10DC1400019B9B6D92889A80009B9A6A019B9B6DE5
:10DC240012881A80002304930EE0009B9B6A9A6872
:10DC3400049B13441978019A049B1344A4330A46A1
:10DC44001A70049B01330493019B9B6D9B881A46B5
:10DC5400049B9342E9D3009B93F82C20019B83F807
:10DC64005C20009B1B6A002B10D0019B03F1C402B3
:10DC7400019B1A65009B1A6A019B1B6D52885A808E
:10DC8400009B1A6A019B1B6D12881A80009B5B68BB
:10DC9400002B03D0009B5A68019B5A63019B03F13C
:10DCA4003002009B3C3319461046FFF7F2FC039008
:10DCB400039B184607B030BD00B589B001900B46F0
:10DCC4008DF80330019B1B7883F00103DBB2002B3A
:10DCD40001D00823D2E0019B9DF80320DA70FFF7FE
:10DCE400D1FD0346002B04D0019B01225A7000236E
:10DCF400C4E0019B253307220021184607F0A0FA4F
:10DD0400019B9B79002B03D0019BDB78012B0FD067
:10DD1400019BDB79002B03D0019BDB78012B07D01F
:10DD2400019BDB79002B16D0019BDB78022B12D1EF
:10DD3400019BD3F8CC30002B09D0019B012283F83E
:10DD44002C20019BD3F8CC300820984703E0019B9A
:10DD5400002283F82C209DF8033019460198FFF720
:10DD640099FD03461A46019BDA70019BD3F8CC3027
:10DD7400002B21D0019BDB78032B03D0019BDB78A4
:10DD8400042B19D1019B5B79002B15D0019B93F8CF
:10DD9400D43083F00103DBB2002B0DD0019B0022B1
:10DDA40083F8D620019B012283F8D520019BD3F868
:10DDB400CC300720984703E0019B002283F8D5204C
:10DDC40003AB10220021184607F03AFA00238DF81D
:10DDD4000C3000238DF81430019BDB78042B2DD8F4
:10DDE40001A252F823F000BF39DE020001DE020076
:10DDF4000FDE02001DDE02002BDE020003AB19461B
:10DE04000198FFF78BFD079019E003AB19460198C1
:10DE1400FFF79CFD079012E003AB19460198FFF74A
:10DE2400B1FD07900BE003AB19460198FFF7E9FD3C
:10DE3400079004E0019B00229A7000E000BF019B60
:10DE4400DB78002B0DD0019B93F8242003AB114603
:10DE54001846FFF778FC0790079B002B01D0079B1F
:10DE64000CE0019BD3F8CC30002B06D0019BD3F8F7
:10DE7400CC30019A9278104698470023184609B08E
:10DE84005DF804FB00B585B001900091009B0393FD
:10DE9400019B1B881B2B10D01B2B13DC102B02D0D7
:10DEA400112B05D00EE001990398FFF78BFC0AE0D3
:10DEB40001990398FFF795FC05E001990398FFF792
:10DEC400BCFC00E000BF00BF05B05DF804FB00B57A
:10DED40085B001900091009B0393019B023B012BB1
:10DEE4001BD8039B5B78002B19D0039B00225A702C
:10DEF400039BDB7819460398FFF7DEFE0290029B32
:10DF0400002B0CD0039BD3F8D030002B07D0039BFD
:10DF1400D3F8D0300298984701E000BF00E000BF7A
:10DF240000BF05B05DF804FB00B585B00190FFF7B4
:10DF34000EFC019B012283F8D420019B002283F86C
:10DF4400D620019B062283F83320019B3033002125
:10DF54001846FFF79EFB0390039B002B01D0039B05
:10DF640014E0019BDB7819460198FFF7A5FE0390A6
:10DF7400039B002B09D0019BD3F8D030002B04D095
:10DF8400019BD3F8D030039898470023184605B076
:10DF94005DF804FB75DF704700BF184676DF7047F5
:10DFA40000BF18467ADF704700BF18467BDF704712
:10DFB40000BF184684B00346ADF80630002303932F
:10DFC40016E00F49039A13469B0013449B000B442D
:10DFD4001B88BDF806209A4207D1039A13469B007A
:10DFE40013449B00064A134406E0039B0133039346
:10DFF400039B002BE5D00023184604B0704700BFF4
:10E00400DC2C002082B001900B46ADF80230019B5D
:10E01400BDF802201A80019B00221A72019B054957
:10E0240003F10A020B4603CB1060516000BF02B03B
:10E03400704700BF0C2D002082B00190019B4FF669
:10E04400FF721A8000BF02B0704788B0039002913B
:10E0540011461A460B46ADF806301346ADF80430A7
:10E06400039B9B881A46BDF8063013440793039B11
:10E074009B881946039B9B88BDF80620934228BFC2
:10E0840013469BB2CB1A0693039BDB881A46BDF852
:10E09400043013440593039BDB881946039BDB88F8
:10E0A400BDF80420934228BF13469BB2CB1A0493B5
:10E0B400029B5A88039B1B889A4205D3029B5A8869
:10E0C400039B5B889A4201D900231CE0029B9B8836
:10E0D4001A46069B934205D8029B9B881A46079BC7
:10E0E400934201D200230EE0029BDB881A46049B74
:10E0F400934205D8029BDB881A46059B934201D2C2
:10E10400002300E00123184608B0704700B583B02F
:10E114000190064B9B69002B03D0044B9B6901982B
:10E12400984700BF03B05DF804FB00BFF02C00204B
:10E1340000B585B003460091ADF80630BDF8063051
:10E1440000991846FFF726FF0390039B002B05D088
:10E15400039B112B02D00398FFF7D8FF039B002BDE
:10E164000CBF01230023DBB2184605B05DF804FBA5
:10E1740000B589B00190019B0793079B9BB2184699
:10E18400FFF718FF0690069B002B42D0069B1A7AD5
:10E19400224B1B7B9A4215D2079B9AB2069B0A33E9
:10E1A40019461046FFF7C4FF03468DF813309DF857
:10E1B4001330002B2DD0069B1B7A0133DAB2069B59
:10E1C4001A7226E0069B00221A72144B1B7C002B49
:10E1D4000FD0079B9BB23B211846FFF7DFFE05904B
:10E1E400059B002B05D0059B082B02D00598FFF753
:10E1F4008DFF0A4B5B69002B0BD000238DF80C308C
:10E20400079B9BB2ADF80E30044B5B6903AA104622
:10E21400984700BF09B05DF804FB00BFF02C002054
:10E2240030B587B00190019B002B01D10E2353E040
:10E234002B4A019B14461D460FCD0FC495E80700D9
:10E2440084E80700264B274A1A60019B1B68002BB1
:10E2540011D0019B1B681846FFF7A4FE0490049B91
:10E26400002B01D0049B37E0019B1A681D4B1068FA
:10E27400516803C308E01B48FFF798FE0490049B11
:10E28400002B01D0049B27E00023059320E0059A8E
:10E2940013469B0013449B00134A134403930398AF
:10E2A400FFF7CAFE059B5B01104A1A44039B5A60A0
:10E2B400039B04330E4A00211846F7F7C7F804906D
:10E2C400049B002B01D0032306E0059B0133059337
:10E2D400059B002BDBD00023184607B030BD00BFE0
:10E2E400F02C00200C2D0020DC2C0020BC2C002065
:10E2F40075E1020000B587B003460091ADF8063021
:10E30400009B5B7A002B1AD1009B1B7A002B03D154
:10E31400164B5B68059302E0144B9B680593009BC6
:10E324005B68BDF8062005991846F7F7BFF8049016
:10E33400049B002B16D00498FFF7E8FE12E0009B24
:10E3440000221A72094B5B69002B0BD001238DF854
:10E354000C30BDF80630ADF80E30044B5B6903AAEF
:10E364001046984700BF07B05DF804FBF02C00206E
:10E3740000B585B00190019BDB7B8DF80F30019BCC
:10E384009B88ADF80C309DF80F30012B2CD14FF643
:10E39400FF70FFF70FFE0290029B002B03D10420B5
:10E3A400FFF7B4FE21E0BDF80C3019460298FFF7E0
:10E3B40029FE029B03F10A00019B03F110014FF6B1
:10E3C400FF7340F2F312FFF740FE03461A46029B26
:10E3D4005A72074BDB89002B07D1BDF80C30029928
:10E3E4001846FFF787FF00E000BF05B05DF804FBA7
:10E3F400F02C002000B587B00190019B9B88ADF8FC
:10E404001630BDF816301846FFF7D4FD0490049B6F
:10E41400002B0ED0049B5B681846F7F779F803903D
:10E42400039B002B02D00398FFF770FE0498FFF7BC
:10E4340003FE00BF07B05DF804FB000000B587B021
:10E444000190019B06330593059B1A88194BDB89C0
:10E454009A422BD1059B5B89022B27D1019B9B8878
:10E46400ADF81230BDF812301846FFF7A3FD039043
:10E47400039B002B1AD0059B0C33184600F097FA27
:10E484000346002B06D0BDF8123003991846FFF757
:10E4940031FF0BE0039B5B681846F7F739F80290ED
:10E4A400029B002B02D00298FFF730FE00BF07B09A
:10E4B4005DF804FBF02C002000B585B00190019BB1
:10E4C4009B88ADF80E30BDF80E301846FFF772FD8C
:10E4D4000290029B002B15D0029B03F10A00019BC2
:10E4E40003F108014FF6FF7340F2F312FFF7ADFD9D
:10E4F40003461A46029B5A72BDF80E30029918461A
:10E50400FFF7F8FE00BF05B05DF804FB00B583B06B
:10E5140001900091019B1B88502B12D0502B18DCCA
:10E52400122B12D0122B14DC102B02D0112B04D07E
:10E534000FE00198FFF71CFF0CE00198FFF75AFF6A
:10E5440008E00198FFF77AFF04E00198FFF7B4FFB1
:10E5540000E000BF00BF03B05DF804FB00B585B068
:10E564000346ADF80630164B5B6CDB431846FAF7EE
:10E5740049FC0346ADF80E30BDF80E304FF6FF727D
:10E58400934217D0BDF80E300D4A5B001344BDF81A
:10E5940006209A80BDF8062001230A490A48FAF7A2
:10E5A40053FCBDF80620012308490748FAF74CFC40
:10E5B400012300E00023184605B05DF804FB00BF0A
:10E5C400142D00205C2D0020182D0020582D002033
:10E5D40000B585B00346ADF80E30BDF80E3000220C
:10E5E40000921D2203490448FAF749FC00BF05B014
:10E5F4005DF804FB582D0020182D002000B583B0D1
:10E604000346ADF80630BDF806200023034904484C
:10E61400FAF71AFC00BF03B05DF804FB5C2D002080
:10E62400182D002000B5A5B0144B9B6CDA43134B96
:10E634005B6C1A406B4612491846FAF792FC12AB0F
:10E6440069464422184606F0C9FD002323930BE0D3
:10E65400239B5B0090336B4433F8443C1846FFF72C
:10E66400B7FF239B01332393129B239A9A42EFD340
:10E6740000BF00BF25B05DF804FB00BF142D0020CF
:10E68400182D002082B003468DF80730074B1B6815
:10E694009DF80720012101FA02F21340002B14BF58
:10E6A40001230023DBB2184602B07047142D00206A
:10E6B40082B003468DF80730064B1B689DF807208F
:10E6C400012101FA02F21343024A136000BF02B0AF
:10E6D400704700BF142D002000B585B00190009153
:10E6E400019B1B881A2B30D01A2B4FDC102B02D025
:10E6F400112B24D04AE0FFF795FF019B9B88184615
:10E70400FFF72CFF034683F00103DBB2002B05D097
:10E71400204AE5210420F6F70DF837E0019BDB7B66
:10E72400022B0CBF012300238DF80F30019B9A8824
:10E734009DF80F3018491948FAF786FB26E0019B2B
:10E744009B881846FFF75AFF20E0019B9A88019B9B
:10E754001B7AC3F30313DBB2012B8CBF0123002309
:10E76400DBB20F490D48FAF76FFB019B9A88019BB6
:10E774001B7AC3F30313DBB2022B8CBF01230023E8
:10E78400DBB208490548FAF75FFB00BF00BF05B0DC
:10E794005DF804FBFC630300602D0020182D0020AD
:10E7A400642D0020682D002000B585B00346ADF827
:10E7B400063000238DF80F30124B5B6CBDF8062039
:10E7C40019461148FAF7A4FB0346002B13D00D4B4E
:10E7D400DB6CBDF8062019460B48FAF799FB034693
:10E7E4008DF80E309DF80E30002B01D0022300E08E
:10E7F40001238DF80F309DF80F30184605B05DF8F1
:10E8040004FB00BF142D0020182D002000B583B098
:10E814000346ADF80630064B1B6DBDF806201946BD
:10E824000448FAF775FB0346184603B05DF804FB89
:10E83400142D0020182D002000B583B00190054B45
:10E844005A6C019B04491846FAF78BFB019803B0F4
:10E854005DF804FB142D0020182D002000B583B0B2
:10E8640000238DF8073017E09DF807301846FFF7AE
:10E8740009FF034683F00103DBB2002B07D09DF8A8
:10E8840007301846FFF714FF9DF8073009E09DF89C
:10E89400073001338DF807309DF80730172BE3D983
:10E8A4001823184603B05DF804FB000000B583B0DC
:10E8B40003460A46ADF8063013468DF805309DF838
:10E8C40005301846FFF7DEFE0346002B0ED09DF8F8
:10E8D4000530094A14339B0013449B68BDF8062095
:10E8E40019460648FAF714FB034600E000231846CD
:10E8F40003B05DF804FB00BF142D0020182D002088
:10E9040000B583B00346ADF806300B468DF80530EC
:10E9140013468DF804309DF805301846FFF7B2FE13
:10E924000346002B0ED09DF8053014339B00074A94
:10E93400134403F108019DF80430BDF8062004488F
:10E94400FAF782FA00BF03B05DF804FB142D00202F
:10E95400182D002000B583B003468DF807309DF8CC
:10E9640007301846FFF78EFE0346002B07D09DF8AC
:10E974000730054A14339B0013449B6800E00023CE
:10E98400184603B05DF804FB142D002082B00190FA
:10E99400019B1B781AB2019B01331B781BB21B022B
:10E9A4001BB213431BB29BB2184602B0704700B5AA
:10E9B40085B001900198FFF7E9FF0346ADF80E30EA
:10E9C400BDF80E3003F00103002B14BF0123002314
:10E9D400DBB2184605B05DF804FB82B00190019BE0
:10E9E400002B14BF01230023DBB2184602B070478A
:10E9F400024B00221A7000BF704700BFCC2D0020CC
:10EA040000B585B00190019B5B88184601F03CF885
:10EA140003461A46019B9A800023039308E0084AA0
:10EA2400039B52F8233001989847039B01330393C7
:10EA3400039B002BF3D000BF00BF05B05DF804FBBF
:10EA4400C021002082B00190019B9B79012B0BD146
:10EA5400019B1B79012B07D1019B5B8842F60212B3
:10EA6400934201D1012300E0002303F00103DBB250
:10EA7400184602B0704700B589B003460091ADF85E
:10EA8400063003AB00221A605A609A60DA601A6199
:10EA940007238DF80C30BDF80630ADF80E30009B1E
:10EAA400059303AB1846FFF7ABFF00BF09B05DF851
:10EAB40004FB000000B58BB00346ADF8063000231C
:10EAC4008DF8273003AB00221A605A609A60DA602E
:10EAD4001A61BDF80630ADF80E30BDF806304FF6B9
:10EAE400FF72934242D0BDF80630184600F043FC52
:10EAF4000890089B43F2020293422CD0089B43F2F5
:10EB04000202934220D8089B112B11D0089B112B91
:10EB14001AD8089B002B03D0089B0B2B0CD013E0B6
:10EB24000E238DF80C3003AB1846FFF769FF13E092
:10EB340001238DF827300FE00F238DF80C3003AB41
:10EB44001846FFF75DFF07E0BDF806300899184640
:10EB5400FFF791FF00E000BF064B19789DF82720CE
:10EB6400BDF806301846FFF7CBFE00E000BF0BB03F
:10EB74005DF804FBCF2D002000B583B003460A46A0
:10EB8400ADF8063013468DF80530064B19789DF81C
:10EB94000520BDF806301846FFF7B2FE00BF03B0EB
:10EBA4005DF804FBCE2D002000B58BB00346ADF814
:10EBB400063000238DF8273000238DF82630BDF869
:10EBC4000630184600F064FB0890089B43F20202EA
:10EBD400934233D0089B43F20202934227D8089B06
:10EBE400862B11D0089B862B21D8089B002B03D0A1
:10EBF400089B112B04D01AE001238DF826301EE067
:10EC040001238DF827301AE003AB00221A605A6002
:10EC14009A60DA601A6106238DF80C30BDF806306C
:10EC2400ADF80E3003AB1846FFF7EAFE07E0BDF877
:10EC3400063008991846FFF71EFF00E000BF9DF854
:10EC44002720BDF8063011461846FFF795FF9DF8BA
:10EC5400263018460BB05DF804FB000000B58BB0FD
:10EC64000346ADF8063001238DF8273000238DF8D4
:10EC74002630BDF80630184600F02AFC0890089BA0
:10EC840043F2014293425AD0089B43F20142934219
:10EC94005BD8089B112B29D8089B112B55D801A2AE
:10ECA40052F823F0FDEC02004FED02004FED02009C
:10ECB4004FED02004FED02004FED020029ED02007E
:10ECC4004FED020029ED02004FED02004FED02006E
:10ECD4004FED02004FED02004FED02004FED020038
:10ECE4004FED02004FED02005DED0200089B43F280
:10ECF4000202934232D028E003AB00221A605A6029
:10ED04009A60DA601A6110238DF80C30BDF8063071
:10ED1400ADF80E3001238DF8263003AB1846FFF70B
:10ED24006FFE1CE000238DF82730BDF8063018462E
:10ED340000F0AAFE0346184600F0FEFB0FE0BDF803
:10ED440006301846FFF7B6FE09E0BDF8063008990C
:10ED54001846FFF790FE02E000BF00E000BF0B4B37
:10ED640019789DF82720BDF806301846FFF7C8FD2E
:10ED7400074B19789DF82620BDF806301846FFF792
:10ED8400BFFD00BF0BB05DF804FB00BFD02D002019
:10ED9400D12D002000B597B003468DF807309DF8BB
:10EDA40007301846FFF7D6FD03461846FFF715FE51
:10EDB4000346002B61D003AB1846FFF73DFD00234B
:10EDC400159354E0159B5B0058336B4433F8483C6F
:10EDD400ADF852309DF80720BDF852301146184660
:10EDE400FFF764FD0346002B3ED0254B1B789DF8AE
:10EDF40007209A4205D1BDF852301846FFF75AFE53
:10EE040032E0204B1B789DF807209A4213D1002151
:10EE14001D4803F020FD0346002B25D0BDF85230D9
:10EE24001846FFF7C1FE0346002B25D100211648E2
:10EE340003F034FD18E0154B1B789DF807209A4227
:10EE440012D1134B1A78BDF8523011461846FFF709
:10EE54002DFD034683F00103DBB2002B04D0BDF883
:10EE640052301846FFF7FAFE159B01331593039BA6
:10EE7400159A9A42A6D300E000BF17B05DF804FBD0
:10EE8400CF2D0020CE2D0020CD2D0020D02D002010
:10EE9400D12D002008B5034B1B781846FFF77AFFE5
:10EEA40000BF08BDCF2D002008B5034B1B781846C2
:10EEB400FFF770FF00BF08BDCE2D002008B5034B3F
:10EEC4001B781846FFF766FF00BF08BDD02D002051
:10EED40000B583B00190019B1B78002B15D1019BD9
:10EEE4005B881846FFF7E6FD019B5B88184600F037
:10EEF400CBFA0346002B0AD0019B5B88064A1178A3
:10EF040001221846FFF7FCFC01E000BF00E000BF4F
:10EF140000BF03B05DF804FBD02D002000B589B01C
:10EF24000190019B1B78082B54D1019B5B7A002B29
:10EF340050D1019B1B7A082B42D0082B45DC012BB6
:10EF440016D0072B41D1019B9B88184600F040FE48
:10EF54000346ADF81E30BDF81E304FF6FF729342E3
:10EF640035D0BDF81E3001211846FFF705FE2EE00E
:10EF7400019B9B8803AA0121184602F02FFC0690EE
:10EF8400069B002B25D1049B1B78002B21D0019BD1
:10EF94009B88184600F01CFE0346ADF81630BDF8F9
:10EFA40016304FF6FF72934213D00D4B1978BDF80B
:10EFB400163001221846FFF7A3FCFFF77FFF08E095
:10EFC4000021084803F06AFC04E000BF02E000BF2F
:10EFD40000E000BFFFF768FF00BF09B05DF804FB65
:10EFE400D02D0020CD2D002008B5FFF701FDFFF73F
:10EFF40035FC03461A46184B1A70FFF72FFC0346DC
:10F004001A46164B1A70FFF729FC03461A46144B8E
:10F014001A70FFF723FC03461A46124B1A700E4B64
:10F024001B78182B0BD00D4B1B78182B07D00C4BCF
:10F034001B78182B03D00B4B1B78182B01D10323FF
:10F0440007E00121084803F0F0FB084B01221A7085
:10F054000023184608BD00BFCE2D0020CF2D002070
:10F06400D02D0020D12D0020CD2D0020CC2D00202E
:10F0740000B589B00190019B9B88ADF81E30019BBF
:10F084001B88542B0BD0542B4ADC502B37D0522BDB
:10F0940046D1BDF81E301846FFF70CFD40E002AB28
:10F0A40000221A605A609A60DA601A6111238DF89E
:10F0B4000830BDF81E30ADF80A30BDF81E301846D1
:10F0C40000F0E2FC0346ADF80C30BDF80C301846F5
:10F0D40000F032FA164B1978BDF81E30002218469B
:10F0E400FFF70EFC134B1978BDF81E3000221846AA
:10F0F400FFF706FC02AB1846FFF782FC10E0019B09
:10F1040006331846FFF79EFC0346002B07D0BDF8D4
:10F114001E3001211846FFF72FFDFFF7C5FE00BF83
:10F12400FFF7B8FEFFF7CAFE00BF09B05DF804FBA5
:10F13400D12D0020D02D002000B593B000F094F91B
:10F144006B461846FFF778FB0023ADF8463021E004
:10F15400BDF846305B0048336B4433F8443C1846F2
:10F1640000F092FC03461A464FF6FF739A420CD104
:10F17400BDF846305B0048336B4433F8443C0B4ADB
:10F18400117801221846FFF7BBFBBDF84630013366
:10F19400ADF84630BDF84620009B9A42D8D3FFF71D
:10F1A4008DFE00BF13B05DF804FB00BFD02D00201E
:10F1B400A7DF704700BF1846A9DF704700BF184695
:10F1C400AADF704700BF1846ABDF704700BF184680
:10F1D400044B00221A70044B4FF6FF721A8000BFD2
:10F1E400704700BFD22D0020D42D002000B585B07B
:10F1F400164A01AB92E8030083E80300144B1B8812
:10F2040001A90022184602F0D8FC039010E0104B2C
:10F214001B88184602F099FC03461A460C4B1A80C8
:10F224000B4B1B8801A90022184602F0C6FC039070
:10F23400074B1B884FF6FF72934202D0039B112B9E
:10F24400E5D100BF05B05DF804FB00BF50640300C6
:10F25400D42D002000B583B00190064B1B884FF6D7
:10F26400FF72934201D0FFF7C1FF00BF03B05DF806
:10F2740004FB00BFD42D002008B5FFF7A9FF034B02
:10F2840001221A700023184608BD00BFD22D0020A9
:10F2940000B58BB00346ADF80630BDF8063018460D
:10F2A40000F0F2FB0346ADF81E30BDF81E304FF6F9
:10F2B400FF72934202D143F2020358E00123ADF8F6
:10F2C400223000238DF8213000238DF82130BDF841
:10F2D40022305A1CADF822201A4603ABBDF81E009A
:10F2E400082102F091FA0990099B002B35D1049B67
:10F2F4000693069B03221A60069B991D069B1A1D02
:10F30400069B1B68BDF80600FFF75AFF0990099B8E
:10F31400002B09D1BDF81E20BDF81E300821184667
:10F3240002F0E0FB09901DE0099B0C2B03D10123A3
:10F334008DF8213004E0099B052B01D100230993AA
:10F34400BDF81E300821184602F040FB0590059BCD
:10F35400002B07D00323099304E0099B072B01D159
:10F364000C2309939DF82130002BADD1099B18463D
:10F374000BB05DF804FB00B58BB00346ADF8063066
:10F38400BDF80630184600F07FFB0346ADF8143094
:10F39400002308930023ADF81E30032306930123B2
:10F3A4008DF81730BDF814304FF6FF72934216D023
:10F3B40002AABDF814300821184602F00FFA099089
:10F3C400099B002B0BD1039B0493049B06330893E6
:10F3D400049B9B88ADF81E30049B1B680693BDF804
:10F3E4001E20BDF80600069B0899FFF7E5FE09906C
:10F3F400099B042B02D11123099324E0099B082BB8
:10F4040002D1002309931EE0099B0B2B1BD100237F
:10F414008DF81730069B03F00203002B02D0012362
:10F42400069310E0089B002B03D1BDF81E30002B7F
:10F4340007D0002308930023ADF81E30032306935E
:10F4440001E003230993099B0B2BC8D09DF81730C7
:10F4540083F00103DBB2002B01D00B230993099B3A
:10F4640018460BB05DF804FB08B54FF6FF7002F0C8
:10F474006CFB03461A46034B1A80FFF7B7FE00BF26
:10F4840008BD00BFD42D002000B589B00346ADF8F7
:10F4940006300DF117030493BDF80630184600F04A
:10F4A400F3FA0346ADF81E3003AABDF81E3001215D
:10F4B400184602F093F90690069B002B01D0002316
:10F4C40001E0049B1B78184609B05DF804FB0000BA
:10F4D40000B585B00346ADF806304FF6FF73ADF8BE
:10F4E4000E301448FFF770FE0290029B002B01D0EF
:10F4F40003231AE00F4B1988BDF80E20BDF806301F
:10F504001846FFF755FE0290029B43F20302934212
:10F5140005D1084B1B8801339AB2064B1A80029B13
:10F5240043F203029342E5D0029B184605B05DF80E
:10F5340004FB00BFD62D002000B585B00346ADF80E
:10F544000630084A02AB92E8030083E8030002A9EC
:10F55400BDF806300022184602F02FFB00BF05B0AC
:10F564005DF804FB5864030043DF704700BF18468E
:10F5740082B00D4B18221A70002301930DE00B4941
:10F58400019A13465B0013449B000B4402334FF66D
:10F59400FF721A80019B01330193019B132BEED957
:10F5A40000BF00BF02B07047CC2E0020DC2D00202D
:10F5B40000B585B001900023039308E0084A039B3B
:10F5C40052F8233001989847039B01330393039B1C
:10F5D400012BF3D900BF00BF05B05DF804FB00BFE9
:10F5E4006864030000B583B0002301931AE0114955
:10F5F400019A13465B0013449B000B4402331B889F
:10F604000D4A127811461846FFF750F9034683F065
:10F614000103DBB2002B02D0019BDBB206E0019BAD
:10F6240001330193019B132BE1D9FF23184603B047
:10F634005DF804FBDC2D0020CC2E002000B585B045
:10F644000346ADF80630144B1A78BDF8063011465F
:10F654001846FFF72BF90346002B18D00023039319
:10F6640012E00E49039A13465B0013449B000B44BB
:10F6740002331B88BDF806209A4202D1039BDBB2F9
:10F6840006E0039B01330393039B132BE9D9FF2368
:10F69400184605B05DF804FBCC2E0020DC2D0020BC
:10F6A40000B585B003460091ADF80630FF238DF810
:10F6B4000F30009B002B49D0BDF806304FF6FF7287
:10F6C400934243D0244B1978BDF8063001221846E2
:10F6D400FFF716F9BDF806301846FFF7AFFF0346EB
:10F6E4008DF80F309DF80F30FF2B04D1FFF77AFF10
:10F6F40003468DF80F309DF80F30FF2B26D09DF870
:10F704000F20164913465B0013449B000B4402333D
:10F71400BDF806201A809DF80F20104913465B009F
:10F7240013449B000B444FF6FF721A809DF80F2080
:10F734000A4913465B0013449B000B44009A0433AC
:10F74400106818609188927999809A719DF80F30A9
:10F75400184605B05DF804FBCC2E0020DC2D0020FB
:10F7640084B00190002303930AE0019A039B13449D
:10F774001B78002B01D0012306E0039B0133039384
:10F78400039B0F2BF1D90023184604B0704700B532
:10F7940083B001900091019B002B02D0009B002BB1
:10F7A40001D100231BE0019B1B78C3F34603DAB2AB
:10F7B400009B1B78C3F34603DBB29A4201D00023BB
:10F7C4000DE0019B581C009B01330622194605F0ED
:10F7D400C9FC0346002B0CBF01230023DBB21846EF
:10F7E40003B05DF804FB30B599B00190019B1B8810
:10F7F400102B40F08780019B0AAC1D1D0FCD0FC458
:10F804000FCD0FC40FCD0FC42B6823604FF6FF73C9
:10F81400ADF85E309DF82C3023F00103DBB2062BEB
:10F8240047D001F0EDFA9DF82C30C3F34603DBB268
:10F83400012B02DC002B15DA3BE0022B2ED038E042
:10F84400089B03F111020AAB043311461846FFF773
:10F854009EFF0346002B05D0BDF82630ADF85E3080
:10F8640000BF26E007AA0DF126031946072001F080
:10F87400D1FA0346002BE3D11BE0089B5A1C0AABC8
:10F8840004331146184600F09FFA0346002B05D0B6
:10F89400BDF82630ADF85E3000BF09E007AA0DF1CF
:10F8A40026031946072001F0B5FA0346002BE4D1DC
:10F8B40000BFBDF828200AAB043319461046FFF7F1
:10F8C400EFFE03468DF85D30BDF85E304FF6FF72F3
:10F8D400934218D0BDF82830BDF85E201146184672
:10F8E40000F0E4F9BDF82830ADF80A30BDF85E3018
:10F8F400ADF80C3000238DF8083002AB1846FFF742
:10F9040057FE00E000BF19B030BD00B587B00190CC
:10F914000091019B11330593009B11330493019BC8
:10F92400581C009B01331022194605F01BFC0346AA
:10F93400002B11D1019B01331846FFF711FF034639
:10F94400002B09D0009B01331846FFF709FF03463B
:10F95400002B01D0012300E000238DF80F309DF827
:10F964000F3003F001038DF80F3004990598FFF769
:10F974000EFF03468DF80E30059B1B7823F0010320
:10F98400DBB2042B16D0059B1B7823F00103DBB2FA
:10F99400062B0FD0049B1B7823F00103DBB2042B4E
:10F9A40008D0049B1B7823F00103DBB2062B01D0A3
:10F9B400012300E000238DF80D309DF80D3003F095
:10F9C40001038DF80D309DF80E30002B03D09DF807
:10F9D4000D30002B0AD19DF80F30002B08D09DF874
:10F9E4000D3083F00103DBB2002B01D0012300E0D2
:10F9F400002303F00103DBB2184607B05DF804FBF3
:10FA040000B587B001900B46ADF8023001F0F8F96B
:10FA140010E0BDF81630BDF802209A420AD0049BCB
:10FA240019460198FFF771FF0346002B02D0BDF879
:10FA340016300BE003AA0DF116031946072001F056
:10FA4400E9F90346002BE4D14FF6FF73184607B0DB
:10FA54005DF804FB08B5FFF78BFDFEF7FFFE0346D8
:10FA64001A46074B1A70064B1B78182B01D1032337
:10FA740003E0044B01221A700023184608BD00BF9E
:10FA8400CC2E0020D82D002000B585B00346ADF85B
:10FA94000630BDF806301846FFF7D0FD03468DF852
:10FAA4000F309DF80F30FF2B09D09DF80F20074928
:10FAB40013465B0013449B000B441B8801E04FF684
:10FAC400FF73184605B05DF804FB00BFDC2D002071
:10FAD40000B585B003460091ADF80630BDF8063098
:10FAE4001846FFF7ABFD03468DF80F309DF80F3035
:10FAF400FF2B12D09DF80F2000980A4913465B0093
:10FB040013449B000B440246043318681060998820
:10FB14009B7991809371002300E00523184605B07A
:10FB24005DF804FBDC2D002000B583B0019000914A
:10FB3400019800F077F8034683F00103DBB2002B51
:10FB440001D0002315E0019B1A88009B1B889A4270
:10FB540001D000230DE0019B981C009B0233082276
:10FB6400194605F0FFFA0346002B0CBF01230023BE
:10FB7400DBB2184603B05DF804FB00B587B0019012
:10FB840001F03EF914E0049B463319460198FFF74F
:10FB9400CBFF0346002B08D1049B2A331946019856
:10FBA400FFF7C2FF0346002B02D0BDF816300BE06E
:10FBB40003AA0DF116031946072001F02BF9034699
:10FBC400002BE0D14FF6FF73184607B05DF804FB35
:10FBD40084B00346ADF806300023039318E01049BF
:10FBE400039A13465B0013449B000B441B88BDF827
:10FBF40006209A4209D10A49039A13465B0013442A
:10FC04009B000B4402331B8807E0039B01330393DF
:10FC1400039B132BE3D94FF6FF73184604B07047C8
:10FC2400DC2D002084B00190019B1B88002B01D0A7
:10FC3400012312E0002303930BE0019A039B134476
:10FC440002331B78002B01D0012306E0039B013310
:10FC54000393039B072BF0D90023184604B0704785
:10FC640000B585B003460A46ADF806301346ADF834
:10FC74000430BDF806301846FFF7E0FC03468DF863
:10FC84000F309DF80F30FF2B0AD09DF80F20064946
:10FC940013465B0013449B000B44BDF804201A80F8
:10FCA40000BF05B05DF804FBDC2D002000B583B077
:10FCB40003460A46ADF806301346ADF80430BDF8E5
:10FCC4000420BDF8063011461846FFF7C9FF00BFEF
:10FCD40003B05DF804FB00B585B00346ADF806300B
:10FCE400BDF806301846FFF773FF0346ADF80E3033
:10FCF400BDF80630184601F025FD0290BDF80E301F
:10FD04004FF6FF72934209D0029B002B06D1BDF837
:10FD14000E304FF6FF711846FFF7A2FF029B1846FC
:10FD240005B05DF804FB00B595B003900291019213
:10FD3400002313930DE0139BC3F10F03039A1344A1
:10FD4400197805AA139B13440A461A70139B0133AE
:10FD54001393139B0F2BEED905AB10330D22002107
:10FD6400184605F06DFA002312930DE0029A129BD7
:10FD74001A44129BC3F10F03127850336B4403F8F7
:10FD84002C2C129B01331293129B022BEED905AB40
:10FD94001846FFF7E9FB002311930DE0119BC3F113
:10FDA4000F020199119B0B4450326A4412F81C2C27
:10FDB4001A70119B01331193119B022BEED900BFD2
:10FDC40000BF15B05DF804FB00B587B00190009149
:10FDD400019B1B7823F00103DBB2042B01D0002329
:10FDE4001FE0019B5A1C05AB1188927819809A7008
:10FDF400019B1A1D03AB1188927819809A70009B9D
:10FE040004AA03A91846FFF78EFF04A905AB032231
:10FE1400184605F0A7F90346002B0CBF0123002365
:10FE2400DBB2184607B05DF804FB90DF704700BFF3
:10FE340018469EDF704700BF1846ADDF704700BF0D
:10FE4400184682B00190019B17221A80019B172249
:10FE54005A80019B00221A71019B00225A71019B56
:10FE64001B229A71019B1B22DA7100BF02B07047FA
:10FE740000B587B003460091ADF80630BDF80630F2
:10FE8400009ADB0013441B7BADF80C30BDF8063040
:10FE9400009ADB0013441B7BADF80E300023ADF851
:10FEA40010300023ADF8123003A9BDF8063000224B
:10FEB4001846FFF7BAFF0590059B002B0AD0074BA5
:10FEC4001B881B0443F00100BDF80620059B044970
:10FED400F3F7B1FE00BF07B05DF804FBF820002083
:10FEE4007C64030000B587B001900091009B9B885F
:10FEF400ADF81630BDF81630DB00019A1344063312
:10FF04000493019B1A79049B9A71009BDB7B012B60
:10FF140002D0022B05D009E0019B1A88049B1A80A9
:10FF240004E0019B5A88049B1A8000BF049B1A8832
:10FF3400049B5B889A4220D9049B1A88BDF816302A
:10FF440011461846FFF775FF0390039B002B03D15E
:10FF5400049B01225A7110E0039B112B03D1049BD3
:10FF640001221A7109E00D4B1B881B0443F00103A5
:10FF7400039A0B491846F3F74DFE049B9A79049BA8
:10FF8400DB799A4205D9BDF8163001991846FFF776
:10FF94006FFF00BF07B05DF804FB00BFF82000202E
:10FFA400DC64030000B583B001900091009B9B8842
:10FFB400DB00019A134406331846FFF742FF00BFE3
:10FFC40003B05DF804FB00B587B001900091009B7D
:10FFD4009B88ADF81630009B5B89ADF81430BDF8F2
:10FFE4001630DB00019A134406330493049B1B88E8
:0CFFF400BDF81420934228BF13469AB2B7
:020000023000CC
:10000000049B5A80049B5B88172B38BF17239AB236
:10001000049B5A80019B1B69002B15D0049B5B79C4
:10002000002B11D040F67723ADF80830BDF816301C
:10003000ADF80A30049B5B88ADF80C30019B1B695E
:1000400002AA114601989847049B00225A71049B0A
:1000500000221A7100BF07B05DF804FB00B589B03B
:1000600001900091009B9B88ADF81A30009BDB88C3
:10007000ADF81830BDF81A30DB00019A134406338E
:100080000593BDF81830172B38BF1723ADF818307B
:10009000059B1B88BDF81820934228BF13469AB2CF
:1000A000059B5A80059B00221A71059B1A88BDF892
:1000B0001A3011461846FFF7C2FE0790079B002B27
:1000C00009D0144B1B881B0443F00103079A124903
:1000D0001846F3F7A1FD059B5B79002B16D1019B18
:1000E0001B69002B13D040F67723ADF80C30BDF818
:1000F0001A30ADF80E30059B5B88ADF81030019BCF
:100100001B6903AA11460198984700E000BF09B097
:100110005DF804FBF82000202065030030B593B0A3
:1001200001900091009B04AC1D1D0FCD0FC40FCD9D
:100130000FC40FCD0FC42B682360BDF81030ADF88D
:100140004630BDF81420BDF84630D1B2019ADB002C
:1001500013440A465A73019B1B69002B19D002AB4A
:1001600000221A609A804DF67A23ADF80830BDF867
:100170004630ADF80A30BDF84630019ADB00134432
:100180005B7B8DF80C30019B1B6902AA114601981C
:10019000984700BF13B030BD00B58BB001900091FF
:1001A000009B04330793079B1B88DB00019A1344D1
:1001B00006330693079B9B888DF81730069B9B7927
:1001C0009DF81720934228BF13468DF8273003ABC4
:1001D00000221A605A609DF827309BB2ADF80C30AF
:1001E0009DF827309BB2ADF80E30079B1B8803A902
:1001F00000221846FFF71BFE0890089B002B09D031
:10020000064B1B881B0443F00103089A0449184657
:10021000F3F702FD00BF0BB05DF804FBF8200020EF
:100220006465030000B585B001900091019B002B2F
:1002300001D10E231DE0019B009A1A61019B172238
:100240001A80019B17225A80019B1B221A710023DE
:1002500003930AE0039BDB00019A1344063318461C
:10026000FFF7F1FD039B01330393039B002BF1D0B8
:100270000023184605B05DF804FB000000B587B008
:1002800001900091009B0593019B9B88ADF8123073
:10029000BDF81230002B40F09280019B1B88552B3B
:1002A00048D0552B55DC242B32DC102B51DB103B76
:1002B000142B4ED801A252F823F000BF17030300FD
:1002C00021030300530303005303030053030300FC
:1002D00053030300530303005303030053030300BA
:1002E00053030300530303005303030053030300AA
:1002F000530303005303030053030300530303009A
:100300005303030053030300490303003F030300A7
:100310003A2B0AD01DE001990598FFF7E5FD19E099
:1003200001990598FFF740FE14E001990598FFF741
:100330004CFE0FE001990598FFF790FE0AE0019945
:100340000598FFF7EBFE05E001990598FFF724FFFC
:1003500000E000BFBDF81230059ADB0013449B7A21
:10036000002B2DD0BDF81230059ADB001344DA883B
:10037000BDF8123011461846FFF75DFD0390039B50
:10038000002B0ED1BDF81230059ADB001344002279
:100390009A72BDF81230059ADB0013440122DA721A
:1003A0000EE0039B112B0BD0074B1B881B0443F063
:1003B0000103039A05491846F3F72EFC00E000BF3D
:1003C00007B05DF804FB00BFF8200020DC640300E8
:1003D000A8DF704700BF184666DF704700BF1846A9
:1003E00000B583B001900091019B002B01D10E2339
:1003F00034E0009B002B01D10E232FE0019B1B78E2
:10040000DE2B01D1082329E0019B023314220021B5
:10041000184604F017FF019B00229A75009B1A688A
:10042000019B9A63019B002283F83C20019B4FF6BD
:10043000FF72DA87019BDE221A70019B009A30332B
:10044000043292E8030083E80300009BDA68019B12
:100450001A64019B002283F82C200023184603B065
:100460005DF804FB00B585B00190019B93F83C302A
:10047000002B1CD0019BDA8F019B303319461046AC
:10048000FFF7AAFF0390039B002B04D1019B0022DE
:1004900083F83C200BE0039B112B04D1019B01222C
:1004A00083F83C2003E0019B9B6B0398984700BFB7
:1004B00005B05DF804FB00B583B001900091009B8E
:1004C0001A88019BDB8F9A420AD1009B1B79012B72
:1004D00006D1019B012283F83C200198FFF7C2FF5F
:1004E00000BF03B05DF804FB82B001900091009B57
:1004F0001A88019BDB8F9A4207D1009B1B79012B45
:1005000003D1019B002283F82C2000BF02B070476A
:1005100000B589B00190009102AB1022002118466D
:1005200004F090FE4FF4C073ADF80C3002238DF848
:100530000830002307930FE0019B079A0C3233F831
:100540001220009B1B889A4203D10023ADF80C3087
:1005500009E0079B01330793019B93F82C301A465F
:10056000079B9342E8D3BDF80C30002B27D0002323
:1005700007931EE0019A079B5B0013445A88009B77
:100580001B889A4212D10023ADF80C30019B93F8DE
:100590002C305A1CD1B2019A82F82C101A46009BBA
:1005A0001988019B0C3223F8121008E0079B0133D5
:1005B0000793019B9B7D1A46079B9342DAD3019BCD
:1005C000DB8F02AA11461846FFF702FF0690069B32
:1005D000002B07D0019B002283F82C20019B9B6BF2
:1005E0000698984700BF09B05DF804FB00B58DB0D0
:1005F0000190009105AB10220021184604F022FE64
:100600000023ADF8183002238DF81430019B93F8C5
:100610002C30002B13D14FF4C073ADF81830019B70
:10062000DB8F05AA11461846FFF7D2FE0A900A9BF7
:10063000002B6ED0019B9B6B0A9898476AE00023C1
:10064000ADF82E3020E001238DF81030BDF82E20BB
:10065000019B0C3233F81230ADF81230019B1B6C49
:1006600004AA1146019898470346ADF82630BDF814
:100670002630002B03D0BDF82630ADF81830BDF879
:100680002E300133ADF82E30019B93F82C301A46F2
:10069000BDF82E309342D6D3019BDB8F05AA1146BD
:1006A0001846FFF795FE0A900A9B002B03D0019B8A
:1006B0009B6B0A989847BDF81830002B24D1002373
:1006C000ADF82C3018E000238DF80C30BDF82C204C
:1006D000019B0C3233F81230ADF80E30019B1B6CCD
:1006E00003AA1146019898470023ADF81830BDF8C9
:1006F0002C300133ADF82C30019B93F82C301A4686
:10070000BDF82C309342DED3019B002283F82C20CD
:1007100000E000BF0DB05DF804FB00B589B00190AA
:10072000009103AB10220021184604F08BFD022338
:100730008DF80C300023ADF81030019BDB8F03AA3D
:1007400011461846FFF744FE0790079B002B03D085
:10075000019B9B6B07989847019B002283F82C20F4
:1007600000BF09B05DF804FB00B585B001900091B1
:10077000009B1A88019BDB8F9A4226D1009B023393
:100780000393039B1B78022B21D1039B1B7A062B1F
:100790000DD0062B1DDC042B02D0052B0ED018E04B
:1007A000039B023319460198FFF7B2FE12E0039B48
:1007B000023319460198FFF719FF0BE0039B023340
:1007C00019460198FFF7A9FF04E000BF02E000BF4F
:1007D00000E000BF05B05DF804FB00B585B00190F6
:1007E0000091009B002B47D0019B002B44D0009B25
:1007F0000393039B1B78DE2B3ED1019B9A88039BBE
:10080000DB8F9A4202D10398FFF72CFE019B1B88D5
:10081000512B18D0512B2CDC112B1BD0112B28DC89
:10082000012B02D0022B07D023E0019B0433194691
:100830000398FFF740FE1FE0019B0433194603981D
:10084000FFF752FE18E0019B043319460398FFF7A7
:100850008BFF11E0019B9A88039BDB8F9A420AD1A0
:10086000039B4FF6FF72DA87039B002283F82C204C
:1008700001E000BF00E000BF05B05DF804FB000030
:1008800000B585B00190019B4FF6FF725A8000239E
:10089000039305E0064B01989847039B01330393AC
:1008A000039B002BF6D000BF00BF05B05DF804FB32
:1008B0004116030082B00346ADF80630BDF806309D
:1008C000A3F580439BB2184602B0704782B003463E
:1008D000ADF80630BDF8063003F580439BB21846EC
:1008E00002B0704782B003468DF807309DF807309C
:1008F0009BB2A3F580439BB2184602B0704782B00A
:100900000346ADF80630BDF80630DBB2184602B03B
:10091000704782B00346ADF80630BDF80630B3F537
:10092000404F07D3BDF806304FF6FF72934201D017
:10093000012300E0002303F00103DBB2184602B0FC
:10094000704782B00346ADF80630BDF80630B3F507
:10095000404F07D3BDF806304FF6FF72934201D0E7
:10096000012300E0002303F00103DBB2184602B0CC
:10097000704782B003468DF807309DF80730072B8B
:1009800013D09DF80730012B0FD09DF80730082BAE
:100990000BD09DF80730052B07D09DF80730062BAC
:1009A00003D09DF80730042B01D1012300E0002380
:1009B00003F00103DBB2184602B0704700B589B0FE
:1009C00003460091ADF8063003AB00221A605A606E
:1009D0009A60DA601A6107238DF80C30BDF8063092
:1009E000ADF81030009B059303AB1846FFF748FFA6
:1009F00000BF09B05DF804FB00B589B001AB082267
:100A00000021184604F01EFC4FF6FF7001F044FA76
:100A10000346ADF81E300CE0BDF81E30184601F05C
:100A20008DF9BDF81E30184601F036FA0346ADF8D0
:100A30001E30BDF81E304FF6FF7293420ED0BDF847
:100A40001E301846FFF736FF0346184601AA03ABCF
:100A50001946F6F70CFD03460A2BDDD01A4B1B781E
:100A600083F00103DBB2002B29D0BDF81E304FF616
:100A7000FF72934223D0144B01221A70BDF81E302E
:100A80001846FFF717FF0346ADF81C30BDF81C30C1
:100A90001846F6F75BFC0690069B082B03D10B4B20
:100AA00001221A700BE0069B002B08D0064B002297
:100AB0001A70BDF81E3006991846FFF77FFF00BF79
:100AC00009B05DF804FB00BFCF2E0020CE2E002021
:100AD00000B587B003460092ADF806300B468DF89E
:100AE00005309DF805301846FFF743FF02AB08229A
:100AF0000021184604F0A6FBBDF806301846FFF7A3
:100B0000D9FE0346ADF816309DF805301846FFF7BC
:100B1000E9FE0346ADF8143002ABBDF81410BDF881
:100B20001600009AF6F77AFC0490049B002B01D083
:100B3000052300E00023184607B05DF804FB00B56C
:100B400089B06B4608220021184604F07BFB072081
:100B5000FFF7C8FE0346ADF81E3016E002AA04AB4C
:100B600011461846F6F7C0FA029B9B881846FFF715
:100B7000ADFE0346ADF81C3004AB1846F6F7F0FAAC
:100B8000BDF81C30184601F0A1F86A4604A9BDF86A
:100B90001E301846F6F758FC0346002BDED000BF87
:100BA00000BF09B05DF804FB00B589B0019003AB4C
:100BB00000221A605A609A60DA601A61019B9B8970
:100BC0001846FFF783FE0346ADF81030019B1B78F3
:100BD000052B6FD0052B79DC032B02DC002B03DC0B
:100BE00074E0042B3DD071E0019B9B891846FFF710
:100BF00090FE0346002B07D1019BDB891846FFF7C7
:100C0000A0FE0346002B63D0019BDB891846FFF74B
:100C100076FE03468DF81430019B1B78032B0CBF26
:100C200001230023DBB28DF81530019B9B680693EE
:100C3000019B5B68002B09D108238DF80C309DF8CF
:100C40001C3043F001038DF81C3005E009238DF8BA
:100C50000C30019B5B68079303AB1846FFF710FE4F
:100C600036E0019B9B891846FFF753FE0346002B95
:100C700030D0019BDB89002B2CD1019B5B68002BC2
:100C800008D10A238DF80C30BDF81030184601F059
:100C900055F802E00B238DF80C30154B00221A702A
:100CA000144B00221A70FFF7A7FE03AB1846FFF79C
:100CB000E7FD0FE013238DF80C304FF6FF73ADF80E
:100CC000103003AB1846FFF7DBFD04E000BF02E085
:100CD00000BF00E000BF064B1B78002B04D0044B84
:100CE00000221A70FFF788FE00BF09B05DF804FB10
:100CF000CE2E0020CF2E002000B583B00E48F6F790
:100D0000F5F80190019B002B01D003230FE0F6F7CB
:100D10005BF90190019B002B01D0862307E000F0D6
:100D20006DFFFFF70CFF054B01221A7000231846D8
:100D300003B05DF804FB00BFA90B0300CD2E00201B
:100D400000B58DB0029201930346ADF80E300B460C
:100D50008DF80D30BDF80E30FF2B01D907234DE083
:100D60009DF80D301846FFF704FE034683F001039B
:100D7000DBB2002B01D0072340E007AA9DF80D103D
:100D8000BDF80E301846FFF7A3FE0B900B9B002B0F
:100D900001D0052332E005AA07AB11461846F6F745
:100DA000A3F90B900B9B002B01D0052326E0029B9F
:100DB0009DF80D209A70059B5A88029B1A80019B12
:100DC000002B03D1069A029B5A6012E0029B1B88FB
:100DD0009B000A93019B1B680A9A9A4207D8029BC0
:100DE0005B6806990A9A184604F0FAF901E00423B0
:100DF00004E007AB1846F6F7B3F9002318460DB028
:100E00005DF804FB08B508220021024804F01AFA34
:100E100000BF08BDD02E002000B58DB00346029162
:100E200001928DF80F309DF80F301846FFF7A1FDA5
:100E3000034683F00103DBB2002B01D0012338E02D
:100E40009DF80F301846FFF74DFD0346ADF82E30E4
:100E500007A9BDF82E30194A1846F6F7F5FA0346E9
:100E6000002B01D0002324E005AA07AB1146184649
:100E7000F6F73AF90A900A9B002B01D0002318E0FC
:100E8000019B9DF80F209A70059B5A88019B1A8040
:100E9000069A019B5A60059B9B881846FFF716FD32
:100EA00003461A46029B1A8007AB1846F6F758F914
:100EB000012318460DB05DF804FB00BFD02E0020C2
:100EC00000B585B001900091019B9B781846FFF713
:100ED00050FD034683F00103DBB2002B01D0072352
:100EE0001AE0019B1B8819460098F6F781F90390D8
:100EF000039B092B0BD0039B092B0CD8039B002BC6
:100F000003D0039B072B04D005E0002304E0092352
:100F100002E0862300E00323184605B05DF804FBD9
:100F200000B585B0019001AB1846F6F791F9039032
:100F3000039B002B01D0032300E00023184605B0DB
:100F40005DF804FB00B58DB0029101920093034659
:100F5000ADF80E30BDF80E30FF2B01D9072382E02B
:100F6000029B9B781846FFF704FD034683F00103BC
:100F7000DBB2002B01D0072375E0BDF80E30184618
:100F8000FFF798FC0346ADF82030029B9B7818468B
:100F9000FFF7A8FC0346ADF82230029B5B6809937B
:100FA000029B1B880A93029B997805AABDF80E3014
:100FB0001846FFF78DFD0B900B9B052B12D1019B63
:100FC000002B07D108AA05AB11461846F6F786F99B
:100FD0000B9015E001AA08A905AB1846F6F78DF9A4
:100FE0000B900DE0019B002B03D001AB1846F6F7E8
:100FF0002FF908AA05AB11461846F6F793F90B909E
:101000000B9B0E2B2ED801A252F823F0491003009F
:1010100065100300651003006510030065100300F0
:101020006510030065100300611003005D100300EC
:1010300065100300651003006510030065100300D0
:10104000651003005D100300009B002B04D005AB6E
:1010500000991846F6F71EFA002304E0112302E077
:10106000862300E0032318460DB05DF804FB00BFA3
:1010700008B54FF6FF7000F029FE0346184608BD7C
:1010800000B583B00346ADF80630BDF80630FF2B3F
:1010900001D9072307E0BDF80630184600F028FE06
:1010A000FFF7AAFC0023184603B05DF804FB00B567
:1010B00083B00346ADF80630BDF80630184600F0A0
:1010C00057FE0346184603B05DF804FB00B583B035
:1010D0000346ADF80630BDF80630184600F0A8FE0D
:1010E0000346184603B05DF804FB00B583B0034621
:1010F000ADF80630BDF80630184600F0CDFE0346C8
:10110000184603B05DF804FB82B00190019B4FF6D6
:10111000FF721A80019BFF229A70019BFF225A7373
:10112000019A937B23F002039373019A937B23F03C
:1011300001039373019B00221A73019B00225A60E2
:10114000019B00229A6000BF02B0704784B0034642
:101150000091ADF80630009B1B68039313E00D4A25
:10116000039B1B0113441B88BDF806209A4207D13C
:10117000009B039A1A60039B1B01064A134406E076
:10118000039B01330393039B012BE8D900231846EB
:1011900004B07047EC2E002000B585B003460A4627
:1011A000ADF8063013468DF805300023029302AAED
:1011B000BDF8063011461846FFF7C8FF03900AE055
:1011C000029B0133029302AABDF80630114618466D
:1011D000FFF7BCFF0390039B002B17D0039B9B786A
:1011E0009DF805209A42EBD1039B9B7B03F0020301
:1011F000DBB2002BE4D1039B9B7B03F00103DBB24A
:10120000002BDDD1039B9B68002BD9D1039B184693
:1012100005B05DF804FB000084B001900023039347
:1012200010E00C4A039B1B01134408331B68019A0E
:101230009A4204D1039B1B01064A134406E0039B18
:1012400001330393039B012BEBDD0023184604B00D
:10125000704700BFEC2E002008B5FF214FF6FF704D
:10126000FFF79AFF0346184608BD000000B585B099
:101270000190002303930CE0019B5A7B039BDBB29C
:101280001344DBB21946094801F06CFA039B0133A1
:101290000393019B1B7B1A46039B9342ECD301985B
:1012A000FFF732FF00BF05B05DF804FBDC2E002025
:1012B00000B583B001900B46ADF8023013468DF8AF
:1012C0000130019B002B13D0FFF7C6FF0246019BA4
:1012D0001A60019B1B68002B0CD0019B1B68BDF89A
:1012E00002201A80019B1B689DF801209A7002E081
:1012F00000BF00E000BF03B05DF804FB00B585B09F
:1013000001900023039308E0084A039B52F823301E
:1013100001989847039B01330393039B032BF3D955
:1013200000BF00BF05B05DF804FB00BFAC65030063
:1013300000B583B00023019309E0019B1B01084A1B
:1013400013441846FFF7E0FE019B01330193019B14
:10135000012BF2D900BF00BF03B05DF804FB00BF52
:10136000EC2E002086B0039001921A460B468DF8B1
:101370000B301346ADF80830BDF808301A4692001D
:1013800013441B01ADF81630039B9DF80B209A7097
:10139000039B019A5A60BDF8163003339B109AB232
:1013A000039B1A8000BF06B0704700B585B003905C
:1013B000019200930B468DF80B30009B9BB29DF879
:1013C0000B10019A0398FFF7CDFF00BF05B05DF841
:1013D00004FB000082B00190019B9B78013B072B2E
:1013E00027D801A252F823F011140300331403008C
:1013F00033140300331403003314030019140300DF
:101400000914030021140300019B14221A8011E027
:10141000019B01221A800DE0019B01221A8009E044
:10142000019B5B689B8809339B089AB2019B1A80D9
:1014300000E000BF00BF02B0704700BF00B587B03A
:1014400001900023059302AB00221A605A60019BB1
:101450009B788DF80A30019B5B7B19463D4801F073
:101460004FF90490049B002B01D103236DE0019BF5
:101470009978019B1B7B02A8049AFFF796FF02ABA9
:101480001846FFF7A7FF019B1888019B5A68019B2C
:10149000083302A9FFF756FD0590019B9B7B03F0E3
:1014A0000203DBB2002B0BD0019B9B7B03F00103FB
:1014B000DBB2002B04D0284B1B68013B264A13608B
:1014C000059B862B2CD0059B862B39D8059B112B91
:1014D00014D0059B112B33D8059B002B03D0059B03
:1014E000072B30D02CE0019A937B23F002039373F7
:1014F000019A937B23F00103937325E0164B1B683D
:101500000133154A1360019A937B43F002039373EE
:10151000019A937B23F0010393730023059313E057
:101520000D4B1B6801330C4A1360019A937B23F027
:1015300002039373019A937B43F00103937303E0D7
:101540000323059300E000BF059B184607B05DF834
:1015500004FB00BFDC2E00200C2F002000B589B05A
:1015600001900198FFF76AFF0790079B002B19D0A5
:101570004FF6FF73ADF80A30019B1B88ADF80C30B5
:10158000079B862B03D106238DF8083004E0072340
:101590008DF80830079B049302AB1846FFF7AEFEA8
:1015A000002300E00123184609B05DF804FB0000A9
:1015B00000B585B003468DF807301F4B1B68002B24
:1015C00034D0002303932DE01C4A039B1B011344DA
:1015D00008339B79C3F34003DBB2002B0ED1174ACB
:1015E000039B1B01134408339B79C3F30003DBB255
:1015F000002B14D09DF80730002B10D0039B1B014B
:101600000E4A13441846FFF7A9FF03468DF80B3026
:101610009DF80B3083F00103DBB2002B08D1039B54
:1016200001330393039B012BCED902E000BF00E0FE
:1016300000BF05B05DF804FB0C2F0020EC2E00204D
:1016400000B585B0019001238DF80F3000238DF88F
:101650000E30019BDB681846FFF7DEFD0290019B10
:101660001B78132B29D0132B2BDC082B02D0092B32
:101670000BD026E0019B5B7A002B24D1029B002B30
:1016800021D00298FFF7F2FD1DE0019B5B7A002B51
:101690001BD1029B002B18D0144B1B680133134A3B
:1016A0001360029B00229A60029A937B43F002032C
:1016B000937300238DF80F3007E001238DF80E306F
:1016C00004E000BF02E000BF00E000BF9DF80F3063
:1016D000002B02D00198FFF711FE9DF80E3018463E
:1016E000FFF766FF00BF05B05DF804FB0C2F00207C
:1016F00000B587B0FFF71CFE50230293022301932D
:1017000001230093094BA02209490A4800F056FF23
:101710000590059B002B01D0032303E0064B01221B
:101720001A700023184607B05DF804FBB02F0020A4
:10173000102F0020DC2E0020D82E002008B5FFF747
:1017400097FC0346184608BD00B587B00346ADF8C0
:10175000063000230393002305930023029302AA7B
:10176000BDF8063011461846FFF7F0FC04901BE068
:10177000049B9A78BDF806301146184600F028F907
:101780000390039B002B04D0039B052B01D0032364
:101790000593029B0133029302AABDF8063011465D
:1017A0001846FFF7D3FC0490049B002BE0D1059B67
:1017B000002B10D1BDF806301846FFF761FC0390EE
:1017C000039B002B07D0039B072B02D10723059314
:1017D00001E003230593059B184607B05DF804FB61
:1017E00000B583B003460092ADF806300B468DF885
:1017F00005309DF80510BDF806000023009AFFF79C
:101800009FFA0346184603B05DF804FB10B588B094
:10181000029201930346ADF80E300B468DF80D3061
:10182000019B002B01D10E23CCE09DF80D30072B3E
:1018300005D09DF80D30082B01D00723C2E0029B94
:10184000002B0DD0029B022B0AD8BDF80E30184693
:10185000FFF72DFC034683F00103DBB2002B01D020
:101860000723AFE000238DF81F3000238DF81E30D2
:101870009DF80D20BDF80E3011461846FFF78CFC80
:1018800003460593059B002B03D101238DF81E30E1
:1018900045E0059B1B7B1A46029B934220D90023FF
:1018A0008DF81D300EE0059B5A7B9DF81D301344CA
:1018B000DBB21946454800F055FF9DF81D30013355
:1018C0008DF81D30059B1B7B9DF81D209A42EAD3A5
:1018D000059B1846FFF718FC01238DF81E301EE00B
:1018E000059B1B7B1A46029B934218D2029B8DF8E4
:1018F0001C300EE0059B5A7B9DF81C301344DBB274
:101900001946324800F02EFF9DF81C3001338DF847
:101910001C30059B1B7B9DF81C209A42EAD39DF846
:101920001E30002B0CD09DF80D20BDF80E1005AB1D
:101930001846FFF7BDFC059B002B01D1112341E0A8
:10194000059B5B7BFF2B13D1059C02991F4800F080
:1019500072FE03466373059B5B7BFF2B05D1059BE2
:101960001846FFF7D1FB11232CE001238DF81F301F
:10197000059B029AD2B21A73059B5B7B19461348EA
:1019800000F0BEFE0690069B002B01D1032319E058
:10199000029B9BB29DF80D10069A0198FFF7E2FC9E
:1019A0009DF81F30002B0CD09DF80D30082B08D16E
:1019B000019B1B889B009AB2019B5B68063A92B21E
:1019C0009A800023184608B010BD00BFDC2E00200E
:1019D00000B585B003460A46ADF8063013468DF8CB
:1019E0000530002303939DF80520BDF8063011460D
:1019F0001846FFF7D1FB0290029B002B01D1052373
:101A000012E0029B5B68002B0AD0029B5B681846C1
:101A1000FFF786FA0390039B002B01D00323039367
:101A20000298FFF723FC039B184605B05DF804FB02
:101A300000B589B003460A46ADF8063013468DF866
:101A400005309DF80530072B05D09DF80530082B93
:101A500001D0072341E0002307939DF80520BDF83E
:101A6000063011461846FFF797FB0690069B002BA1
:101A700001D1052331E0069B5B68002B2CD1069B2E
:101A80005B7B1946174800F03BFE059003AB002234
:101A90001A605A609DF805308DF80E30059B002BBA
:101AA00001D1032319E0069B1B7B9DF8051003A8B9
:101AB000059AFFF77AFC03AB1846FFF78BFC069BF1
:101AC0001A1D03AB11461846FFF7FAF90790079B5A
:101AD000092B01D1032300E0079B184609B05DF8EC
:101AE00004FB00BFDC2E002000B585B00346ADF836
:101AF00006300B468DF805301346ADF802309DF8E0
:101B00000530072B05D09DF80530082B01D00723A1
:101B100019E09DF80520BDF8063011461846FFF77C
:101B20003BFB0390039B002B01D105230BE0039BA0
:101B3000BDF802201A80039B9DF805209A70039837
:101B4000FFF77CFC0346184605B05DF804FB00B5C2
:101B500083B00346ADF80630BDF806301846FFF7EF
:101B6000B5FA0346184603B05DF804FB00B583B030
:101B70000346ADF80630BDF806301846FFF7B5FA53
:101B80000346184603B05DF804FB00B585B0034674
:101B90000092ADF806300B468DF80530009B1B888F
:101BA0009B00039303AB9DF80510BDF80600009A57
:101BB000FFF7C6F80346184605B05DF804FB00B50C
:101BC00085B0034602910192ADF80E30BDF80E00CB
:101BD000019B00220299FFF7B5F90346184605B0AC
:101BE0005DF804FB00B583B001904022002101980C
:101BF00003F028FB00BF03B05DF804FB08B50748FD
:101C0000FFF7F0FF4FF48071044800F010FE4FF42E
:101C10008071034800F00BFE00BF08BDB42F002008
:101C2000D42F002000B585B003460091ADF80630F2
:101C30004FF6FF73ADF80E30BDF806304FF6FF7269
:101C4000934211D14FF48071009800F06FFE03466B
:101C5000ADF80E30BDF80E30B3F5807F1CD14FF6D5
:101C6000FF73ADF80E3017E0BDF80630FF2B13D828
:101C7000BDF806301946009800F0EFFD03468DF8D8
:101C80000D309DF80D30002B02D0BDF8063001E07C
:101C90004FF6FF73ADF80E30BDF80E30184605B0A4
:101CA0005DF804FB00B583B003460091ADF8063043
:101CB000BDF80630FF2B05D8BDF806301946009850
:101CC00000F0EEFD00BF03B05DF804FB00B583B08B
:101CD0000346ADF80630BDF8063004491846FFF754
:101CE000A1FF0346184603B05DF804FBB42F0020A3
:101CF00000B585B00346ADF80630BDF806304FF6A6
:101D0000FF72934201D1002311E0BDF806300A4969
:101D10001846FFF787FF0346ADF80E30BDF80E20DA
:101D2000BDF806309A420CBF01230023DBB21846EF
:101D300005B05DF804FB00BFD42F002000B583B0D0
:101D40000346ADF80630BDF8063007491846FFF7E0
:101D5000A9FFBDF8063005491846FFF7A3FF00BFED
:101D600003B05DF804FB00BFB42F0020D42F002087
:101D700000B583B00346ADF80630BDF80630FF2B42
:101D800007D8BDF806301946044800F006FE0346A1
:101D900000E00023184603B05DF804FBB42F0020D8
:101DA00000B583B00346ADF80630BDF80630FF2B12
:101DB00007D8BDF806301946044800F0EEFD03468A
:101DC00000E00023184603B05DF804FBD42F002088
:101DD00000B585B003460091ADF80630BDF8063079
:101DE0004FF6FF72934204D0BDF8063001339BB228
:101DF00000E00023ADF80E3010E0BDF80E301946BB
:101E0000009800F0CAFD0346002B02D0BDF80E304A
:101E10000AE0BDF80E300133ADF80E30BDF80E30DB
:101E2000FF2BEAD94FF6FF73184605B05DF804FBA7
:101E300000B583B00346ADF80630BDF8063015494D
:101E40001846FFF7C5FF0346ADF8063016E0BDF8AB
:101E500006301846FFF7A4FF034683F00103DBB208
:101E6000002B02D0BDF8063010E0BDF8063009495D
:101E70001846FFF7ADFF0346ADF80630BDF8063053
:101E80004FF6FF729342E2D1BDF80630184603B018
:101E90005DF804FBB42F002000B583B00346ADF815
:101EA0000630BDF8063004491846FFF791FF034697
:101EB000184603B05DF804FBD42F002000B585B0B0
:101EC00001900023039308E0094A039B52F8233052
:101ED00001989847039B01330393064B1B781A46DE
:101EE000039B9342F0DB00BF00BF05B05DF804FB2D
:101EF000043000201030002000B583B00023002201
:101F00000B490C4800F0C4FA0190019B002B02D051
:101F1000019B052B01D1012300E0002303F0010305
:101F2000DAB2054B1A7000BF03B05DF804FB00BFC6
:101F3000FC2F002000300020F52F002000B58FB0CE
:101F4000019001238DF83730019B9B881846FDF7DF
:101F500041FE03461A46019B5A80019B1B78083BB1
:101F6000032B00F2D58001A252F823F07D1F03005D
:101F7000092003003F200300C5200300019B5B7A7A
:101F8000002B28D16C4B1B68002B10D0019BDA680A
:101F9000694B1B689A420AD1674B00221A60019B69
:101FA0009A88664B1A80019B0022DA60B2E0644B8B
:101FB0001B78002B00F0AE80019B9A885F4B1B883A
:101FC0009A4240F0A780019B1B7A062B40F0A2802A
:101FD000FFF792FF9EE0019B5B7A012B40F09A8015
:101FE000574B1B78002B00F09580019B9A88534B30
:101FF0001B889A4240F08E80019B1B7A062B40F092
:102000008980FFF779FF85E0019B5B7A002B40F028
:102010008380494B1B68002B7ED0019BDA68464BBE
:102020001B689A4278D1444B00221A60454B1B68CA
:10203000013B444A1360019B0022DA606CE0424B92
:102040001B78002B31D04FF6FF70FFF780FD034661
:102050001A464FF6FF739A4227D14FF6FF70FFF7EB
:1020600085FD03461A464FF6FF739A421DD1364B43
:1020700000221A7008AB14220021184603F0E2F87F
:102080000C238DF820304FF6FF73ADF824304FF657
:10209000FF73ADF8223000238DF837300198FFF739
:1020A0000DFF08AB1846FFF709FF254B1B78002BE7
:1020B00034D0019B9A88214B1B889A422ED1FFF77E
:1020C0001BFF2BE0204B1B78002B29D01E4B00223E
:1020D0001A7003AB14220021184603F0B3F80D2345
:1020E0008DF80C304FF6FF73ADF810304FF6FF73DC
:1020F000ADF80E30019B9B68059300238DF83730B7
:102100000198FFF7DBFE03AB1846FFF7D7FE07E0A9
:1021100000BF06E000BF04E000BF02E000BF00E037
:1021200000BF9DF83730002B02D00198FFF7C6FEA4
:1021300000BF0FB05DF804FBF82F00200030002036
:10214000F52F0020FC2F0020F62F002000B585B0D1
:102150000190019B002B19D0019B1B78022B11D100
:10216000019B1B7A012B0CBF012300238DF80F303C
:10217000019B5B88074A11789DF80F201846FCF7F1
:10218000C1FB00E000BF0198FFF798FE05B05DF8C5
:1021900004FB00BF1130002000B583B0019001980E
:1021A000FFF78CFE00BF03B05DF804FB00B583B001
:1021B0000190019B1B78002B08D1019B5B88074A8B
:1021C000117801221846FCF79DFB00E000BF019842
:1021D000FFF774FE00BF03B05DF804FB1130002070
:1021E00000B583B001900091094B1B7883F0010387
:1021F000DBB2002B08D10198FDF7F7FA019801F046
:1022000033FE0198FCF736FF03B05DF804FB00BF16
:10221000F42F0020054B4FF6FF721A80044B00226A
:102220001A60044B18221A7000BF7047003000205B
:10223000F82F00201130002000B583B0FEF75CFDC0
:102240000190019B002B01D0032344E0FFF750FADB
:102250000190019B002B01D003233CE001F0D6FD4F
:102260000190019B002B01D0032334E001F06EF8B4
:102270000190019B002B01D003232CE0FCF7B6FE5C
:102280000190019B002B01D0032324E0FCF7F6FF13
:102290000190019B002B01D003231CE0FDF7DCFB28
:1022A0000190019B002B01D0032314E0FFF7B2FF44
:1022B000FCF7D6FA03461A46094B1A70084B1B78EE
:1022C000182B01D1032306E0064B00221A70064B9F
:1022D00001221A700023184603B05DF804FB00BF0A
:1022E00011300020F52F0020F42F002082B0019043
:1022F0000F4B1B7883F00103DBB2002B01D00823C6
:1023000013E00C4B1B78022B01D904230DE0094B81
:102310001B781946084A019B42F82130054B1B786F
:102320000133DAB2034B1A700023184602B070472B
:10233000F42F0020103000200430002000B585B0BC
:102340000190094B1B7883F00103DBB2002B01D015
:10235000082304E0019801F053FE0390039B184604
:1023600005B05DF804FB00BFF42F002000B583B07A
:1023700003460091ADF80630009B002B05D0BDF858
:1023800006300099184601F069FE00BF03B05DF801
:1023900004FB000008B5054B1B7883F00103DBB29A
:1023A000002B01D1FCF7CAFE08BD00BFF42F0020AE
:1023B00000B583B00346ADF80630094B1B7883F0B7
:1023C0000103DBB2002B01D0082305E0BDF8063085
:1023D0001846FDF782FC0346184603B05DF804FB7F
:1023E000F42F002000B589B0274B1B7883F0010340
:1023F000DBB2002B01D0082342E0244B01221A70EB
:102400004FF6FF70FFF7A3FB0346ADF81E30BDF893
:102410001E304FF6FF7293422BD11C4B00221A70D4
:1024200001AB14220021184602F00CFF0C238DF89A
:1024300004304FF6FF73ADF808304FF6FF73ADF878
:10244000063001AB1846FFF739FD12E0BDF81E302B
:102450001846FFF7ADFF0690069B002B01D0032323
:102460000EE0BDF81E301846FFF771FB0346ADF8CD
:102470001E30BDF81E304FF6FF729342E6D10023A6
:10248000184609B05DF804FBF42F0020F62F002059
:1024900000B58DB00390029101920093464B1B78DA
:1024A00083F00103DBB2002B01D0082380E04FF65C
:1024B000FF70FFF74CFB0346ADF82E300023069368
:1024C00004AB00221A605A600123ADF8103006AB4D
:1024D000059304AABDF82E3006211846FFF755FBD8
:1024E0000A90002309934FF0FF3308934FF6FF73D0
:1024F000ADF81E304FF6FF73ADF81C300A9B072B6A
:102500002AD1052354E00A9B052B01D10023069311
:10251000069B099A9A4205D8069B0993BDF82E306E
:10252000ADF81E30069B089A9A4205D9069B08937F
:10253000BDF82E30ADF81C30BDF82E301846FFF730
:1025400006FB0346ADF82E3004AABDF82E30062156
:102550001846FFF71AFB0A900A9B002BD3D00A9B60
:10256000052BD0D0BDF82E304FF6FF7293421CD110
:1025700000230A93039B002B03D0039BBDF81E206E
:102580001A80029B002B02D0029B099A1A60019BC1
:10259000002B03D0019BBDF81C201A80009B002B50
:1025A00005D0009B089A1A6001E003230A930A9B56
:1025B00018460DB05DF804FBF42F002000B585B07F
:1025C0000390029101920093039B002B2ED0029B5B
:1025D000002B2BD0009B002B28D0079B089A02FBD6
:1025E00003F3019A9A4221D3079B0733DB08069A2B
:1025F0009A421BD3079B002B18D0089B002B15D0A9
:10260000039B029A1A60039B009A5A60039B079AE5
:102610009A60039B089ADA60039B5B68079A92B200
:102620001146184600F003F9002300E0072318467E
:1026300005B05DF804FB00B585B001900091019BE9
:10264000002B07D0019B1B68002B03D0019B5B680C
:10265000002B01D1FF234FE0FF238DF80F30002323
:102660008DF80E3041E0019B5B689DF80E2092B220
:102670001146184600F0F1F80346002B13D09DF8E0
:102680000F30FF2B03D19DF80E308DF80F309DF8E1
:102690000E209DF80F30D31A5A1C009B9A421FD16E
:1026A0009DF80F3028E09DF80F30FF2B18D09DF8D3
:1026B0000F308DF80D300AE09DF80D301946019865
:1026C00000F050F89DF80D3001338DF80D309DF875
:1026D0000D209DF80E309A42EED3FF238DF80F3077
:1026E0009DF80E3001338DF80E309DF80E20019BC1
:1026F0009B689A42B7D3FF23184605B05DF804FBE8
:1027000000B583B001900B468DF80330019B002B80
:1027100007D0019B1B68002B03D0019B5B68002B3B
:1027200001D100231AE09DF80330FF2B15D0019B47
:102730005B689DF8032092B21146184600F02DF90F
:102740000346002B09D0019B1A689DF803300199BC
:10275000C96801FB03F3134400E00023184603B0EB
:102760005DF804FB00B583B001900B468DF8033093
:10277000019B002B20D0019B1B68002B1CD0019BD0
:102780005B68002B18D09DF80330FF2B14D0019B01
:102790005B689DF8032092B21146184600F0FDF8E0
:1027A0000346002B08D0019B5B689DF8032092B282
:1027B0001146184600F074F800BF03B05DF804FB42
:1027C00000B585B001900B468DF8033000238DF8DD
:1027D0000F30019B1A789DF803301340DBB2002BB9
:1027E0001FD100238DF80E300DF10E031846F2F7BD
:1027F00027FF019B1A789DF803301340DBB2002BB2
:102800000AD1019B1A789DF803301343DAB2019B79
:102810001A7001238DF80F309DF80E301846F2F72C
:1028200025FF9DF80F30184605B05DF804FB00B594
:1028300083B001900B46ADF80230019B002B08D00D
:10284000BDF802300733DB101A460021019802F070
:10285000F9FC00BF03B05DF804FB00B583B0019044
:102860000B46ADF80230019B002B14D0BDF80230AE
:10287000DB089BB21A46019B1A44BDF8023003F0F4
:102880000703012101FA03F3DBB219461046FFF7F3
:1028900097FF034600E00023184603B05DF804FBF1
:1028A00000B585B001900B46ADF80230BDF802309E
:1028B000DB089BB28DF80F30BDF8023003F0070340
:1028C000012202FA03F38DF80E30019B002B29D070
:1028D0009DF80F30019A13441A789DF80E3013407A
:1028E000DBB2002B1ED000238DF80D300DF10D034F
:1028F0001846F2F7A5FE9DF80F30019A13441B7895
:102900005AB29DF90E30DB435BB2134059B29DF8C9
:102910000F30019A1344CAB21A709DF80D30184650
:10292000F2F7A4FE00BF05B05DF804FB00B585B06A
:1029300001900B46ADF80230019B002B27D00023FD
:10294000ADF80E301DE0BDF80E30DB089BB21A4624
:10295000019B1A44BDF80E3003F00703012101FA70
:1029600003F3DBB219461046FFF72AFF0346002B9C
:1029700002D0BDF80E300CE0BDF80E300133ADF8DA
:102980000E30BDF80E20BDF802309A42DBD3BDF800
:102990000230184605B05DF804FB82B001900B468A
:1029A000ADF80230019B002B16D0BDF80230DB08D9
:1029B0009BB21A46019B13441B781946BDF802309E
:1029C00003F00703012202FA03F30B40002B14BFAC
:1029D00001230023DBB200E00123184602B0704758
:1029E0007EDF704700BF18467FDF704700BF184684
:1029F00086DF704700BF184600B583B00346ADF8C8
:102A00000630064B1A78BDF8063011461846FBF71B
:102A10004FFF0346184603B05DF804FBC4210020B5
:102A200000B583B00346ADF80630064B1A78BDF802
:102A3000063011461846FBF73BFF0346184603B025
:102A40005DF804FBC521002000B583B00346ADF856
:102A50000630064B1A78BDF8063011461846FBF7CB
:102A600027FF0346184603B05DF804FBC62100208B
:102A700000B583B00346ADF80630064B1A78BDF8B2
:102A8000063011461846FBF713FF0346184603B0FD
:102A90005DF804FBC721002000B583B00346ADF804
:102AA0000630064B1A78BDF8063011461846FBF77B
:102AB000FFFE0346184603B05DF804FBC821002062
:102AC00000B585B00190019B5B881846FCF7DEFFDE
:102AD00003461A46019B9A800023039305E0074BA7
:102AE00001989847039B01330393039B002BF6D077
:102AF00000BF00BF05B05DF804FB00BF0D3C030044
:102B000000B589B003460A46ADF8063013468DF885
:102B1000053003AB00221A605A609A60DA601A61CD
:102B200001238DF80C30BDF80630ADF80E309DF85D
:102B300005308DF8143003AB1846FFF7C1FF00BF16
:102B400009B05DF804FB00B589B003460091ADF80B
:102B5000063003AB00221A605A609A60DA601A618C
:102B600007238DF80C30BDF80630ADF80E30009B11
:102B7000059303AB1846FFF7A3FF00BF09B05DF84C
:102B800004FB000010B588B00446084611461A46FA
:102B90002346ADF8063003468DF805300B46ADF8F8
:102BA000023013468DF8043003AB00221A605A60DD
:102BB0009A60DA601A6103238DF80C30BDF8063094
:102BC000ADF80E309DF805308DF81430BDF80230A8
:102BD000ADF816309DF804308DF81830074B197891
:102BE000BDF8063000221846FBF78CFE03AB1846F2
:102BF000FFF766FF00BF08B010BD00BFC421002072
:102C000000B585B00346ADF806300B46ADF804308C
:102C100013468DF8033000230393BDF806301846A1
:102C2000FCF734FF0346ADF80A30BDF8063018460D
:102C3000FFF70AFF0346002B01D0012300E0022327
:102C40008DF80930BDF806301846FFF711FF03462E
:102C5000002B06D0BDF80A301846FDF73EF8039069
:102C600018E0BDF80A304FF6FF72934212D0BDF85B
:102C70000A3007211846FEF7ABFE0390039B002B9A
:102C800008D0039B052B05D0BDF8063003991846E4
:102C9000FFF759FF9DF80330BDF804209DF8091097
:102CA000BDF80600FFF76EFF00BF05B05DF804FB3E
:102CB00000B583B00346ADF806300B46ADF80430DE
:102CC00013468DF803309DF80330BDF80420BDF89D
:102CD00006000021FFF756FF00BF03B05DF804FBBC
:102CE00000B583B00346ADF806300B46ADF80430AE
:102CF00013468DF80330BDF806301846FFF77CFE0A
:102D00000346002B1AD0BDF806301846FFF788FEA0
:102D10000346002B09D09DF80320BDF80410BDF830
:102D200006301846FFF76CFF08E09DF80320BDF859
:102D30000410BDF806301846FFF7BAFF00BF03B015
:102D40005DF804FB00B583B00346ADF806300B46D2
:102D50008DF8053013468DF804301E4B19789DF818
:102D60000520BDF806301846FBF7CCFD9DF8053070
:102D7000002B2BD0184B19789DF80430002B14BF72
:102D800001230023DAB2BDF806301846FBF7BAFD7E
:102D9000124B19789DF80430012B0CBF012300233E
:102DA000DAB2BDF806301846FBF7ACFD0C4B1978CB
:102DB000BDF8063000221846FBF7A4FD9DF804205C
:102DC000BDF8063011461846FFF79AFE00BF03B063
:102DD0005DF804FBC4210020C5210020C62100208D
:102DE000C721002010B584B00446084611461A4693
:102DF0002346ADF806300346ADF804300B468DF897
:102E0000033013468DF802309DF80330002B14D0A8
:102E10009DF80230002B1AD00E4B1978BDF8063001
:102E200001221846FBF76EFDBDF80420BDF8063000
:102E300011461846FCF73CFF09E09DF80230002BD4
:102E400005D0BDF804301846FCF747FF039000BFDB
:102E500004B010BDC721002000B589B00190002347
:102E60000793019B0C331846FCF789FE0346ADF827
:102E70001A30BDF81A304FF6FF72934208D1019B09
:102E80001B881846FCF702FE0346ADF81A3007E02F
:102E9000019B1B88BDF81A2011461846FCF708FF55
:102EA000019B1B88002201211846FFF74BFFBDF84C
:102EB0001A304FF6FF72934222D002AABDF81A30A0
:102EC00007211846FEF78CFC0590059B002B17D1B7
:102ED000039B34330493049B1B7C03F00103DBB29C
:102EE000002B0BD1049B03F11202019B0C331946FA
:102EF0001046FCF71BFE0346002B01D0049B0793F2
:102F0000019B1888002300220799FFF771FD0590A7
:102F1000059B002B0ED0019B1888BDF81A100023CA
:102F20000022FFF75FFF019B1B8805991846FFF7FA
:102F30000AFE13E0079B002B10D1019B1888BDF8F7
:102F40001A1000230022FFF74DFF019B1B8800226F
:102F500041F206011846FFF7ABFE00BF00BF09B003
:102F60005DF804FB00B589B00346ADF8063003AB4D
:102F700014220021184602F065F904238DF80C3064
:102F8000BDF80630ADF80E3003AB1846FFF798FDDC
:102F900000BF09B05DF804FB00B583B003460091A3
:102FA000ADF80630064B1978009B1A78BDF806304C
:102FB0001846FBF7A7FC00BF03B05DF804FB00BF99
:102FC000C821002000B585B00190019B1B793D2BE5
:102FD00002D141F23D0301E04FF48853ADF80E30C9
:102FE000019B1B88BDF80E1000221846FFF778FEE3
:102FF00000BF05B05DF804FB00B589B00346009141
:10300000ADF8063003AB00221A605A609A60DA60AD
:103010001A6105238DF80C30BDF80630ADF80E307E
:10302000009B059303AB1846FFF74AFD00BF09B0AC
:103030005DF804FB00B583B00190019B1B88184626
:10304000FBF7B4FB0346012B0FD1019B1888019BB2
:103050001B7903F00103DBB2002B01D0012300E058
:1030600002231A460121FFF76DFE019B1A88019B7E
:10307000043319461046FFF7BFFF00BF03B05DF8E9
:1030800004FB000000B591B0019000230D93019B5B
:103090001B88ADF83230BDF832301846FBF786FB9E
:1030A00003468DF83130BDF832301846FCF7EEFC9F
:1030B0000346ADF82E30BDF82E30ADF83E3000237B
:1030C0008DF83D30624B1978BDF832300022184639
:1030D000FBF718FC9DF83130002B00F0B580019B08
:1030E0005B7903F00403DBB2002B00F083804FF622
:1030F000FF73ADF83A3001238DF83D3007ABBDF8D2
:103100002E0001220721FEF781FB0D900D9B002B65
:1031100009D0BDF832300D991846FFF714FD002391
:103120008DF83D3008E0089B4FF6FF711846FCF71C
:1031300069FC0346ADF83A30BDF83A304FF6FF72FD
:10314000934229D0BDF83A30ADF83E30BDF83E206C
:10315000BDF8323011461846FCF7AAFDBDF83230F2
:103160001846FFF799FC034683F00103DBB2002BFE
:1031700012D0BDF832301846FFF7F4FEBDF83230F9
:103180001846FFF789FC034683F00103DBB2002BEE
:1031900002D000238DF83D309DF83D30002B14D037
:1031A000BDF83E20BDF82E3007211846FEF79CFCE6
:1031B0000D900D9B002B08D0BDF832300D991846AC
:1031C000FFF7C1FC00238DF83D30BDF83A304FF6D3
:1031D000FF7293421CD0BDF832301846FFF748FC0E
:1031E0000346002B14D0BDF82E301846FCF775FDB1
:1031F00009900DE0BDF832301846FFF739FC034660
:10320000002B05D0BDF82E301846FCF766FD0A905D
:1032100002238DF80830BDF83230ADF80A30019B3A
:103220005B7903F00403DBB2002B01D0012300E043
:1032300002238DF810309DF83D308DF8113002AB2F
:103240001846FFF73DFC00E000BF11B05DF804FB3D
:10325000C421002000B583B00190019B1888019B18
:103260001B791946019B5B79C3F30103DBB21A4654
:10327000FFF736FD00BF03B05DF804FB00B583B077
:103280000190019B1B79002B03D10198FFF7FAFEF7
:1032900003E00198FFF7DEFF00BF00BF03B05DF859
:1032A00004FB000000B589B00190019B1B88184603
:1032B000FFF7B6FB034683F00103DBB2002B2CD0F3
:1032C000019B1B881846FBF7A3FA034683F0010312
:1032D000DBB2002B08D0019B1B88012241F20601C2
:1032E0001846FFF7E5FC18E0019B1B880D4A117892
:1032F00000221846FBF706FB02238DF80C30019BD9
:103300001B88ADF80E3000238DF8143000238DF8A3
:10331000153003AB1846FFF7D3FB00BF09B05DF8CB
:1033200004FB00BFC421002000B583B00190019BC5
:103330001B78182B05D1FBF793FA03461A46019B1D
:103340001A7000BF03B05DF804FB000008B5154813
:10335000FFF7EAFF1448FFF7E7FF1448FFF7E4FF21
:103360001348FFF7E1FF1348FFF7DEFF0D4B1B7813
:10337000182B0FD00C4B1B78182B0BD00B4B1B783A
:10338000182B07D00A4B1B78182B03D0094B1B783E
:10339000182B01D1032303E0074B01221A700023ED
:1033A000184608BDC4210020C5210020C6210020E8
:1033B000C7210020C82100201230002000B589B0AC
:1033C00001930346ADF80E300B46ADF80C301346B2
:1033D0008DF80B300A9B002B01D103234AE005AB8B
:1033E000BDF80C0001220721FEF710FA0790079B99
:1033F000112B3ED0079B002B02D00323079338E00C
:10340000069B50220021184601F01CFF069B9DF8E8
:103410000B201A70069B03F134020A9B1A600A9B68
:10342000019ADA60069B03F118020A9B1A61069B57
:103430005A1C0A9B5A610A9B104ADA61069B03F1E7
:103440001102BDF80E3011461846FCF743FB0790F9
:10345000079B002B01D003230CE0BDF80C300721A3
:103460001846FEF7E5FA0790079B052B01D10323C9
:1034700000E0079B184609B05DF804FB14300020FB
:1034800000B593B0034604910392ADF81630BDF831
:1034900016301846FBF78AF903468DF83D304FF693
:1034A000FF73ADF846300023109300238DF83F30B2
:1034B000BDF816301846FFF7DBFA03468DF83E30AC
:1034C00007AB20220021184601F0BCFE9DF83D30DC
:1034D000012B07D1554B1978BDF81630002218463C
:1034E000FBF710FA9DF83D30002B02D143F20203A6
:1034F00097E0049B002B03D185238DF83F3060E0DB
:10350000049B1B7803F00103DBB2002B04D1039B67
:103510000A93474B0E9354E0BDF816301846FCF75B
:10352000B5FA0346ADF84630BDF846304FF6FF72A7
:10353000934211D1FEF702F90346ADF84630BDF8CB
:1035400046304FF6FF72934203D001238DF83E3090
:1035500024E00323109321E09DF83D30012B1DD181
:10356000BDF816301846FFF797FA034683F00103BB
:10357000DBB2002B12D0BDF816301846FFF7F2FC74
:10358000BDF816301846FFF787FA034683F00103AB
:10359000DBB2002B02D085238DF83F309DF83F3001
:1035A000852B0ED0109B002B0BD19DF83D20BDF834
:1035B0004610BDF8160007AB0093039BFFF7FEFE15
:1035C0001090109B002B16D19DF83D30012B09D196
:1035D00007AB9DF83F10BDF81600049AFFF704FAF8
:1035E000109008E007AB9DF83F10BDF816000022D0
:1035F000FFF7FAF91090109B002B05D19DF83F3092
:10360000002B01D1012300E0002303F00103DAB213
:103610009DF83E30BDF84610BDF81600FFF7E2FBFE
:10362000109B184613B05DF804FB00BFC8210020B2
:103630001430002000B585B003460091ADF8063087
:1036400000230393009B002B06D0BDF806300099A1
:103650001846FFF7C5F90390039B184605B05DF8BF
:1036600004FB00B585B003460091ADF80630134663
:103670008DF80530BDF806301846FBF797F803467D
:103680008DF80F309DF80F30012B07D1BDF80630B3
:1036900000991846FFF7CEFF034601E043F202030C
:1036A000184605B05DF804FB00B583B00190019B9E
:1036B0001B88113B092B35D801A252F823F000BF1B
:1036C000E936030025370300F53603000137030010
:1036D000253703002537030025370300253703006E
:1036E0000D37030019370300019B04331846FFF719
:1036F00069FC17E0019B04331846FFF79BFC11E0BF
:10370000019B04331846FFF7A7FB0BE0019B043332
:103710001846FFF7B3FD05E0019B04331846FFF799
:10372000C1FD00BF00BF03B05DF804FB82B0019093
:10373000019B002B14BF01230023DBB2184602B00B
:103740007047000000B585B001900023039305E0A9
:10375000064B01989847039B01330393039B002B6F
:10376000F6D000BF00BF05B05DF804FB4D2103009B
:1037700000B585B003460091ADF8063013468DF8CC
:10378000053000238DF80F3000238DF80E30009B9C
:10379000862B06D100238DF80E3001238DF80F30D3
:1037A0000FE0009B112B06D101238DF80E30002372
:1037B0008DF80F3005E000238DF80E3000238DF8D2
:1037C0000F309DF80530002B22D01C4B19789DF846
:1037D0000F20BDF806301846FBF794F8184B1978FF
:1037E0009DF80E20BDF806301846FBF78BF8154BF8
:1037F0001978BDF8063000221846FBF783F8124B03
:103800001978BDF8063000221846FBF77BF811E066
:103810000C4B19789DF80F20BDF806301846FBF7C1
:1038200071F8094B19789DF80E20BDF8063018463E
:10383000FBF768F800BF05B05DF804FBCE2100205F
:10384000CD210020CA210020C921002000B58BB065
:10385000034602910192ADF80E30029B002B45D039
:10386000029B112B42D0029B082B3FD005AB0022BC
:103870001A605A609A60DA601A61BDF80E30ADF8CD
:103880001630BDF80E301846FCF700F90346ADF8C7
:103890001830029B0D2B19D103238DF81430019B96
:1038A000002B08D0019B1B7803F00103DBB2002B37
:1038B00001D0012300E002238DF81C3000238DF895
:1038C000203041F20113ADF81E300BE0029B862B35
:1038D00003D106238DF8143004E007238DF814304B
:1038E000029B079305AB1846FFF72CFF00BF0BB0F8
:1038F0005DF804FB00B58BB0034602910192ADF870
:103900000E3005238DF81430BDF80E30ADF81630AA
:10391000BDF80E301846FCF7B9F80346ADF818307C
:10392000029B0793019B089305AB1846FFF70AFF1C
:1039300000BF0BB05DF804FB10B487B0019003AB7F
:1039400000221A605A609A60074B1B680393019B20
:103950001C4603AB93E8070084E80700019807B012
:103960005DF8044B704700BF6030002010B588B090
:103970000446084611461A462346ADF8063003466B
:103980008DF805300B468DF8043013468DF8033062
:103990009DF80530002B02D0002306931CE002ABFB
:1039A0001846FFF7C9FF02AABDF8063000211846E5
:1039B000FFF7A0FF029B06934B4B1B7883F001039C
:1039C000DBB2002B08D09DF8113083F00103DBB28D
:1039D000002B01D0052384E09DF80420BDF80630BB
:1039E00006991846FFF73DFE0590BDF80630002207
:1039F00005991846FFF7BCFE059B43F2020293426D
:103A00005DD0059B43F2020293425BD8059B112BCC
:103A10002AD8059B112B55D801A252F823F000BFDC
:103A2000BF3A0300C53A0300C53A0300C53A030094
:103A3000C53A0300C53A0300C53A0300C53A03007E
:103A4000BF3A0300C53A0300C53A0300C53A030074
:103A5000C53A0300BF3A0300C53A0300C53A030064
:103A6000C53A0300713A0300059B862B15D029E067
:103A70001E4B19789DF80520BDF806301846FAF758
:103A800041FF1B4B19789DF80420BDF806301846FD
:103A9000FAF738FF0023079317E0144B19789DF8C5
:103AA0000520BDF806301846FAF72CFF104B1978A0
:103AB0009DF80420BDF806301846FAF723FF059B51
:103AC000079302E00323079300BF9DF80330002B08
:103AD00006D0BDF80630069A05991846FFF7B6FEDF
:103AE000079B184608B010BD64300020CC21002090
:103AF000CB21002000B587B003460091ADF8063019
:103B000002AB1846FFF718FF02AABDF8063000996D
:103B10001846FFF7EFFE02990C4B1A68BDF8063005
:103B20001846FFF7ADFC0590BDF806300122059957
:103B30001846FFF71DFE029ABDF806300599184693
:103B4000FFF784FE00BF07B05DF804FB683000207B
:103B500000B583B00190019B5A88019B9B68194670
:103B60001046FFF7C7FF00BF03B05DF804FB00007D
:103B700000B585B0019000238DF80F301C4B1B68F9
:103B8000002B03D101238DF80F3024E0194B1B7853
:103B900003F00103DBB2002B14BF01230023DBB2CF
:103BA0001A46019B1B7A9A4203DA01238DF80F30E3
:103BB00011E0104B1B7803F00203DBB2002B14BFA3
:103BC00001230023DBB21A46019B5B7A9A4202DA98
:103BD00001238DF80F30019B58889DF80F100123A9
:103BE0000022FFF7C3FE029000BF05B05DF804FBA2
:103BF000603000205830002000B583B0019001985B
:103C0000FFF7A0FD00BF03B05DF804FB00B583B073
:103C10000190019B1B78052B02D0122B04D006E0EB
:103C20000198FFF795FF06E00198FFF7A1FF0198C3
:103C3000FFF7E2FF00BF00BF03B05DF804FB000028
:103C400000B599B003468DF807309DF80730184647
:103C5000FAF782FE16901698FFF768FD0346002BD0
:103C60004CD003AB1846FAF7E9FD0023179341E067
:103C7000179B5B0060336B4433F8503C9DF8072082
:103C800011461846FAF714FE03468DF857309DF892
:103C90005730002B2BD0179B5B0060336B4433F8FD
:103CA000503C184A127811461846FAF701FE0346AE
:103CB0008DF85630179B5B0060336B4433F8503CF3
:103CC000114A127811461846FAF7F2FD03468DF8AC
:103CD0005530179B5B0060336B4433F8500C9DF8F4
:103CE00056209DF855100123FFF740FE1490179BB6
:103CF00001331793039B179A9A42B9D300BF19B0A7
:103D00005DF804FBCB210020CC21002000B597B04A
:103D100003468DF807309DF807301846FAF71CFE69
:103D200014901498FFF702FD0346002B2AD002AB33
:103D30001846FAF783FD002315931FE0159B5B00DF
:103D400058336B4433F84C3C9DF807201146184615
:103D5000FAF7AEFD03468DF84F309DF84F30002B3B
:103D600009D0159B5B0058336B4433F84C3C002161
:103D70001846FFF7BFFE159B01331593029B159A5A
:103D80009A42DBD300BF17B05DF804FB00B583B0E7
:103D90000190019B1B780B2B02DC082B0CDA16E040
:103DA000132B14D10C4B1B781846FFF7AFFF0B4BAE
:103DB0001B781846FFF744FF094B1B781846FFF79E
:103DC000A5FF084B1B781846FFF73AFF00E000BF3D
:103DD00000BF03B05DF804FBCE210020CA21002003
:103DE000CD210020C921002000B583B00190019BA6
:103DF0001B78182B05D1FAF733FD03461A46019BB1
:103E00001A7000BF03B05DF804FB000008B50F484E
:103E1000FFF7EAFF0E48FFF7E7FF0E48FFF7E4FF62
:103E20000D48FFF7E1FF0D48FFF7DEFF0C48FFF7F5
:103E3000DBFF0B4B1B78182B01D1032303E0094B4D
:103E400001221A700023184608BD00BFC9210020B6
:103E5000CA210020CB210020CC210020CD21002030
:103E6000CE2100205430002000B583B0019001988D
:103E7000FFF71AFC044B1B781846FFF7E1FE00BF62
:103E800003B05DF804FB00BFC921002082B001909F
:103E9000019B002B01D10023AEE0019B1B7803F0B6
:103EA0000203DBB2002B08D1019B1B7823F07F03B8
:103EB000DBB2002B01D000239EE0019B1B78C3F3F3
:103EC0000213DBB2042B01D9002395E0019B1B7880
:103ED00003F00203DBB2002B0FD0019B1B7803F031
:103EE0007003DBB2302B08D1019B1B7823F07F03DA
:103EF000DBB2002B01D100237EE0019B5A78019BAD
:103F00009B789A4201D9002376E0019B5B78062BCF
:103F100001D8002370E0019B9B78102B01D900236E
:103F20006AE0019BDB7803F00403DBB2002B06D1CF
:103F3000019B1B7903F00403DBB2002B01D00023AB
:103F40005AE0019BDB7803F00803DBB2002B06D1BB
:103F5000019B1B7903F00803DBB2002B01D0002387
:103F60004AE0019B1B7803F00103DBB2002B1DD15B
:103F7000019BDB7803F00103DBB2002B14D1019B22
:103F8000DB7803F00203DBB2002B0DD1019B1B7920
:103F900003F00103DBB2002B06D1019B1B7903F078
:103FA0000203DBB2002B01D0002325E0019B1B782C
:103FB00003F00103DBB2002B1DD0019BDB7803F083
:103FC0000103DBB2002B16D1019BDB7803F0020367
:103FD000DBB2002B0FD1019B1B7903F00103DBB295
:103FE000002B08D1019B1B7903F00203DBB2002BED
:103FF00001D1002300E00123184602B07047000001
:1040000000B583B00190019B002B07D1104B00221B
:104010001A60104B01221A70002314E00198FFF778
:1040200035FF0346002B0DD00B4B019A106818602A
:1040300012791A71064B084A1A60064B01221A704F
:10404000002300E00723184603B05DF804FB00BF1F
:1040500060300020643000205830002000B583B06C
:1040600003460091ADF80630BDF8063000991846B9
:10407000FEF792FF00BF03B05DF804FBBFF34F8F64
:1040800000BF074BDB6803F4E0620549054B1343AF
:10409000CB60BFF34F8F00BF00BF00BFFCE700BF86
:1040A00000ED00E00400FA05024B034A1A6000BF6D
:1040B000704700BFD02100200090D00308B500F069
:1040C0005DF90346002B06D09B4B1B681B0A9B4ADD
:1040D00003F01F03136000F07DF90346002B02D0AC
:1040E000974B984A1A6000F091F90346002B06D0CE
:1040F000954B1B685B0B954A03F00703136000F0B8
:10410000B1F90346002B05D0914BDB68904A23F0B0
:104110008073D36000F0C2F90346002B0ED04FF03D
:1041200080430022C3F80C214FF080430022C3F8E3
:1041300010214FF080430022C3F8382500F0DAF94F
:104140000346002B02D0834B03221A6000F0EEF9E5
:104150000346002B0BD0804B05221A607F4B0122B7
:104160001A607F4B00221A607E4B3F221A6000F0DB
:10417000F9F90346002B76D04FF080537A4AD3F8F2
:104180000434C2F820354FF08053774AD3F808340E
:10419000C2F824354FF08053734AD3F80C34C2F878
:1041A00028354FF08053704AD3F81034C2F82C35BC
:1041B0004FF080536C4AD3F81434C2F830354FF0C6
:1041C0008053694AD3F81834C2F834354FF080531D
:1041D000654AD3F81C34C2F840354FF08053624A28
:1041E000D3F82034C2F844354FF080535E4AD3F8F8
:1041F0002434C2F848354FF080535B4AD3F8283452
:10420000C2F84C354FF08053574AD3F82C34C2F8DB
:1042100050354FF08053544AD3F83034C2F85435F7
:104220004FF08053504AD3F83434C2F860354FF021
:1042300080534D4AD3F83834C2F864354FF0805378
:10424000494AD3F83C34C2F868354FF08053464AA7
:10425000D3F84034C2F86C354FF08053424AD3F85B
:104260004434C2F8703500F099F90346002B05D0AC
:104270003E4B1B683E4A03F04F03136000F0BAF94F
:104280000346002B0DD04FF08043D3F8003403F0E9
:104290000103002B05D04FF080436FF00102C3F8FB
:1042A0000024344BD3F88830324A43F47003C2F808
:1042B0008830BFF34F8F00BFBFF36F8F00BF4FF049
:1042C0001023D3F80032002B05DB4FF01023D3F876
:1042D0000432002B2BDA284B0122C3F8042500BF3F
:1042E000254BD3F80034002BFAD04FF010231522C1
:1042F000C3F8002200BF204BD3F80034002BFAD0C3
:104300004FF010231522C3F8042200BF1A4BD3F834
:104310000034002BFAD0184B0022C3F8042500BF4C
:10432000154BD3F80034002BFAD0FFF7A7FEFFF7A8
:10433000BBFE00BF08BD00BF240300104035014094
:1043400074C007400DF0ADBA440200103C050040B7
:10435000F0ED00E0A00500401056004088560040F7
:10436000185600401456004000C00040580200108B
:10437000E40E004000ED00E000E00140124B1B683D
:10438000DBB2062B1DD1114B1B6803F00F03002B72
:1043900017D10F4B1B6803F0F003302B01D1012321
:1043A00010E00B4B1B6803F0F003402B01D10123FD
:1043B00008E0074B1B6803F0F003502B01D10123E9
:1043C00000E0002318467047E00F00F0E40F00F013
:1043D000E80F00F00A4B1B68DBB2062B0DD1094B2E
:1043E0001B6803F00F03002B07D1074B1B6803F07A
:1043F000F003302B01D1012300E000231846704761
:10440000E00F00F0E40F00F0E80F00F0124B1B6823
:10441000DBB2062B1DD1114B1B6803F00F03002BE1
:1044200017D10F4B1B6803F0F003302B01D1012390
:1044300010E00B4B1B6803F0F003402B01D101236C
:1044400008E0074B1B6803F0F003502B01D1012358
:1044500000E0002318467047E00F00F0E40F00F082
:10446000E80F00F00A4B1B68DBB2062B0DD1094B9D
:104470001B6803F00F03002B07D1074B1B6803F0E9
:10448000F003302B01D1012300E0002318467047D0
:10449000E00F00F0E40F00F0E80F00F0124B1B6893
:1044A000DBB2062B1DD1114B1B6803F00F03002B51
:1044B00017D10F4B1B6803F0F003302B01D1012300
:1044C00010E00B4B1B6803F0F003402B01D10123DC
:1044D00008E0074B1B6803F0F003502B01D10123C8
:1044E00000E0002318467047E00F00F0E40F00F0F2
:1044F000E80F00F00A4B1B68DBB2062B0DD1094B0D
:104500001B6803F00F03002B07D1074B1B6803F058
:10451000F003302B01D1012300E00023184670473F
:10452000E00F00F0E40F00F0E80F00F00A4B1B680A
:10453000DBB2062B0DD1094B1B6803F00F03002BD8
:1045400007D1074B1B6803F0F003302B01D1012387
:1045500000E0002318467047E00F00F0E40F00F081
:10456000E80F00F00A4B1B68DBB2062B0DD1094B9C
:104570001B6803F00F03002B07D1074B1B6803F0E8
:10458000F003502B01D1012300E0002318467047AF
:10459000E00F00F0E40F00F0E80F00F0124B1B6892
:1045A000DBB2062B1DD1114B1B6803F00F03002B50
:1045B00017D10F4B1B6803F0F003302B01D10123FF
:1045C00010E00B4B1B6803F0F003402B01D10123DB
:1045D00008E0074B1B6803F0F003502B01D10123C7
:1045E00000E0002318467047E00F00F0E40F00F0F1
:1045F000E80F00F0124B1B68DBB2062B1DD1114BEC
:104600001B6803F00F03002B17D10F4B1B6803F03F
:10461000F003302B01D1012310E00B4B1B6803F09A
:10462000F003402B01D1012308E0074B1B6803F086
:10463000F003502B01D1012300E0002318467047FE
:10464000E00F00F0E40F00F0E80F00F082B0034646
:104650008DF807309DF8073003F01F0205499DF9DA
:1046600007305B09012000FA02F241F8232000BF65
:1046700002B0704700E100E082B003468DF80730D9
:104680009DF8073003F01F0206499DF907305B09CA
:10469000012000FA02F2203341F8232000BF02B0CB
:1046A000704700BF00E100E082B0034600918DF842
:1046B00007309DF90730002B0CDA009BDAB20C4969
:1046C0009DF8073003F00F03043B5201D2B20B44B4
:1046D0001A7609E0009BDAB206499DF907305201CB
:1046E000D2B20B4483F8002300BF02B0704700BF72
:1046F00000ED00E000E100E082B003468DF80730F5
:104700009DF90730002B0BDA0B4A9DF8073003F0B8
:104710000F03043B13441B7EDBB25B09DBB208E0F2
:10472000064A9DF90730134493F80033DBB25B0966
:10473000DBB2184602B0704700ED00E000E100E097
:1047400000B583B00190019B002B03D10449C42024
:10475000F7F702FD019B5B68184603B05DF804FBA8
:10476000BC65030010DF704700BF184611DF7047BB
:1047700000BF184682B003468DF807309DF9073018
:104780001F2B0CDC9DF907300F4A22FA03F303F0CC
:104790000103002B14BF01230023DBB210E09DF9BD
:1047A00007303F2B0BDC9DF90730203B012202FA3A
:1047B00003F3002B14BF01230023DBB200E001232D
:1047C000184602B0704700BFFC06FFBD82B00190E2
:1047D000019B072B01D900230BE0019B002B05D087
:1047E000019B012B02D0019B042B01D1002300E08F
:1047F0000123184602B0704700B583B003468DF818
:1048000007309DF907301846FFF7B4FF0346002B29
:1048100002D142F201032EE09DF907301846FFF75E
:104820006BFF03461846FFF7D1FF0346002B02D16A
:1048300042F202031FE0124B9B68002B15D09DF93A
:1048400007305B090E4A52F823209DF8073003F029
:104850001F03012101FA03F319469DF907305B0993
:104860000A43074941F8232004E09DF90730184620
:10487000FFF7ECFE0023184603B05DF804FB00BF11
:104880009028002000B583B003468DF807309DF9CD
:1048900007301846FFF76EFF0346002B02D142F2A5
:1048A00001031FE0114B9B68002B15D09DF90730C9
:1048B0005B090E4A52F823109DF8073003F01F03DE
:1048C000012202FA03F3DA439DF907305B090A403B
:1048D000064941F8232004E09DF907301846FFF708
:1048E000CBFE0023184603B05DF804FB902800209F
:1048F00000B583B0034600918DF807309DF907306D
:104900001846FFF737FF0346002B02D142F201039E
:104910000FE00098FFF75AFF0346002B02D142F246
:10492000020306E09DF9073000991846FFF7BCFE28
:104930000023184603B05DF804FB000000B587B003
:1049400003468DF8073002AB14491846F4F77EF998
:1049500017E002AB1846FFF7F3FE0590059B1B68B6
:104960000493059B59689DF80720049B10469847BF
:104970000346002B01D111230BE002AB1846F4F7DC
:104980008FF902AB1846FFF7DBFE0346002BE0D1A0
:104990000023184607B05DF804FB00BF74660300EF
:1049A00000B587B003468DF8073002AB11491846B1
:1049B000F4F74CF912E002AB1846FFF7C1FE059080
:1049C000059B1B680493059B59689DF80720049B71
:1049D0001046984702AB1846F4F762F902AB184646
:1049E000FFF7AEFE0346002BE5D100BF00BF07B0C6
:1049F0005DF804FB8066030000B583B01620FFF766
:104A0000FBFE0190019B0093009B002B04D0044A05
:104A100099210098EFF790FE00BF03B05DF804FB0A
:104A20001C66030000B583B01620FFF72BFF019032
:104A3000019B0093009B002B04D0044AA521009801
:104A4000EFF77AFE00BF03B05DF804FB1C660300BD
:104A500000B585B007211620FFF74AFF0390039B9E
:104A60000293029B002B04D00B4AB8210298EFF767
:104A700063FE07211520FFF73BFF0390039B019383
:104A8000019B002B04D0044ABA210198EFF754FE91
:104A900000BF05B05DF804FB1C66030000B583B0E1
:104AA0001B4B1B78002B01D008232CE0194B012253
:104AB0001A700020FFF742FF0346112B01D100239B
:104AC00021E00020FFF76CFF134B1B6800936B463F
:104AD00012491846FFF746FE0190019B002B01D0BA
:104AE000019B10E00A4B01221A700A4B00221A7037
:104AF0000B4B00221A70FFF7ABFFFFF77DFF012081
:104B0000FFF74EFF0023184603B05DF804FB00BF1B
:104B10006C3000206E3000207066030005480200F3
:104B20006D30002000B583B0174B1B7883F0010374
:104B3000DBB2002B01D0082321E0144B01221A70B4
:104B40000120FFF7FBFE0346112B01D1002316E0E5
:104B50000220FFF725FFFFF709FE0190019B002BC4
:104B600001D0019B0BE0084B00221A70074B00227A
:104B70001A70FFF757FF0320FFF712FF00231846B4
:104B800003B05DF804FB00BF6C3000206E300020E5
:104B900008B50B4B1B7883F00103DBB2002B01D06F
:104BA00008230AE0074B1B78002B03D0FFF7BAFF5E
:104BB000034602E0FFF772FF0346184608BD00BF38
:104BC0006E3000206C300020014B1B781846704777
:104BD0006C30002000B585B06B4611491846F4F7DB
:104BE00035F810E06B461846FFF7AAFD0390039BCB
:104BF0001B680293039B5A68029B104698476B46BA
:104C00001846F4F74DF86B461846FFF799FD034632
:104C1000002BE7D100BF00BF05B05DF804FB00BF6B
:104C20008C66030008B5FFF7D5FF00BF08BD60DF45
:104C3000704700BF184669DF704700BF184661DF44
:104C4000704700BF1846000000B583B00190019B7B
:104C5000002B03D10449C420F7F77EFA019B5B685F
:104C6000184603B05DF804FB9866030082B001901B
:104C7000019B002B01D10E2304E0044B1A46019B3B
:104C80001A600023184602B0704700BFE0200020E1
:104C900010B586B0034600918DF807300098FFF7F5
:104CA000E5FF0590059B002B01D0059BBAE002AB08
:104CB0000C220021184600F0C5FA9DF807308DF847
:104CC000083001238DF80A300323ADF80C30009B27
:104CD0001A6802AB19462020FFF7ADFF0590059B2F
:104CE000002B0DD0514B1B881B0443F00104059889
:104CF000F4F708F803461A464D492046EEF78CFFB4
:104D000002AB0C220021184600F09CFA01238DF81A
:104D1000083000238DF8093000238DF80A30009BFD
:104D20001A6802AB19464020FFF785FF0590059BE6
:104D3000002B0DD03D4B1B881B0443F0010405984C
:104D4000F3F7E0FF03461A463A492046EEF764FFC0
:104D500002AB0C220021184600F074FA00238DF8F3
:104D60000830009B1A6802AB19460120FFF763FF69
:104D70000590059B002B0DD02C4B1B881B0443F08A
:104D800001040598F3F7BEFF03461A462A49204658
:104D9000EEF742FF02AB0C220021184600F052FA57
:104DA0004FF4B0630293009B1A6802AB1946A1202E
:104DB000FFF741FF0590059B002B0DD01B4B1B8877
:104DC0001B0443F001040598F3F79CFF03461A46C1
:104DD0001A492046EEF720FF02AB0C2200211846AC
:104DE00000F030FA9DF8083043F001038DF80830E8
:104DF000009B1A6802AB1946A020FFF71CFF059024
:104E0000059B002B0DD0094B1B881B0443F00104AC
:104E10000598F3F777FF03461A4609492046EEF74F
:104E2000FBFE0023184606B010BD00BF282100205D
:104E3000FC6603004467030090670300DC6703001F
:104E40003068030082B04FF08053D3F80C319B02DE
:104E50000193019B03F10053184602B07047000014
:104E600010B584B00190019B1B6803930198FFF774
:104E7000DEFE0290019B1B68039A9A421AD0184BDF
:104E80001B881B0443F00200019B1B68039A154911
:104E9000EEF7D3FE124B1B881B0443F00204FFF70E
:104EA000D1FF0246019B1B68D31A1A460E492046C1
:104EB000EEF7B2FE029B002B0DD0094B1B881B04A2
:104EC00043F001040298F3F71DFF03461A46074911
:104ED0002046EEF7A1FE029B184604B010BD00BFAD
:104EE0002821002084680300B4680300D868030008
:104EF00000B599B001903823ADF84E300DF14E0257
:104F000003AB11461846FFF79AFE1790179B002B2C
:104F100003D0179B052B22D127E003AB169311ABCF
:104F200014491846F3F792FE11E011AB1846FFF74B
:104F30008BFE1590159B1B681493159B5A68149B48
:104F400011461698984711AB1846F3F7A9FE11AB16
:104F50001846FFF779FE0346002BE6D1CBE7064A59
:104F600040F221111798EFF7E7FB00BF19B05DF889
:104F700004FB00BF50690300F868030000B583B06C
:104F80000190019B002B03D10449C420F7F7E4F8FA
:104F9000019B5B68184603B05DF804FB5C69030085
:104FA00048DF704700BF184600B589B0019004ABD8
:104FB0001846FFF7F5FF0790079B002B03D0079BD0
:104FC000052B20D124E002AB13491846F3F73EFE2F
:104FD00011E002AB1846FFF7D1FF0690069B1B6855
:104FE0000593049A069B5968059B1046984702ABA7
:104FF0001846F3F755FE02AB1846FFF7BFFF03460E
:10500000002BE6D1D3E7054A6B210798EFF794FB15
:1050100000BF09B05DF804FB186A0300C069030013
:10502000002B35D129B9B0FBF2FC0CFB1202604613
:105030007047914215D22DE9F041B2FA82F39A40BD
:105040009940D3F1200C30FA0CFC51EA0C01984045
:1050500000F04EF8280036FA03F200210023BDE8E4
:10506000F081F0B5B1FBF2FC0CFB1211B2FA82F345
:105070009A409940D3F1200630FA06F63143984021
:1050800000F036F8614628003200DA400023F0BD17
:10509000F3B5B3FA83FC49085FEA300013FA0CF366
:1050A000DCF1200432FA04F423430CB41A0000F0BB
:1050B0001FF80CBC33FA0CF3DCF11F0C35FA0CF5BD
:1050C00018BF013D03BCA5FB026705FB0377801BEE
:1050D000B941904271EB030C05D3821A71EB0303C3
:1050E000681C0021F0BD02000B0028000021F0BD6B
:1050F000940D4FF6C2752D02B5FBF4F4D60A0136B5
:1051000004FB04F5A5FB0656F64306EB041655080A
:1051100032BF00277708013505FB1677A6FB074746
:105120007F0807EBC63714001500E7FB02457F1B1D
:105130004D1C0400E7FB014505FB1206A64284BF97
:10514000013DB618964224BF0135B61A704700BF1C
:10515000082938BF7047416043F27001C2F2000174
:10516000086000210160704700B5042A8E4609D30B
:1051700050F8043B5EF804CB634505D1043A032A9A
:105180007146F5D89AB10368086880EA030191FA7C
:10519000A1F1B1FA81F1B2EBD10F08D901F03801D8
:1051A00023FA01F2C840C0B2D1B2081A00BD0020F3
:1051B00000BD0178002904BF0020704700214FF096
:1051C00001324358C2FA53F30431002BF9D093FA59
:1051D000A3F0B0FA80F001EBD00004387047000073
:1051E0005AB3844690EA01039B071FD1830707D077
:1051F00011F8013B00F8013B013AF7D11CE084466D
:10520000203A09D32DE9F007B1E8F807A0E8F8073C
:10521000203AF9D2BDE8F0071C3205D451F8043B1E
:1052200040F8043B043AF9D2043205D011F8013BAE
:1052300000F8013B013AF9D16046704700220B00AB
:1052400011001A0084465AB3830704D000F8011BEA
:10525000013AF9D124E0C9B241EA012141EA014110
:10526000202A11D3203A2DE9F0030B460C460D46B7
:105270000E460F4688468946A0E8FA03203AFBD23C
:10528000BDE8F00320320BD0042A05D340F8041BFC
:10529000043A05D0042AF9D200F8011B013AFBD1E7
:1052A0006046704784460020002918BF002A00D1BC
:1052B0007047097848B2002844BF6FF0010070477A
:1052C000BCF1000F18BFCCF800100021C3E9001199
:1052D000002818BF012070477F298EBF6FF00100A2
:1052E00001700120704743F27401C2F200010968A5
:1052F000002904BF42F2D411C2F200014968896852
:105300000A68092110477F2884BF0020704746F6AD
:105310003842C0F20302515C46F6B832C0F20302D2
:10532000105C08407047A0F161011A2938BF20388D
:105330007047A0F141011A2938BF40F020007047A2
:105340007F2884BF0020704746F63842C0F203022F
:10535000515C46F6B832C0F20302105C0840704758
:10536000A0F161011A2938BF20387047A0F141012E
:0A5370001A2938BF40F020007047F2
:10537C0001880200000000001997020000000000E4
:08538C00D3DE0200E42B002037
:10539400DDE602000000000061C002000000000021
:1053A4007D020300D02B002089DE0200E42B0020C4
:1053B40011E5020000000000E121030000000000EC
:1053C400DB0703008C2B0020B5C4020000000000A2
:1053D4000056030000000300A4580300000000006E
:1053E400706403000000030040600300000000003C
:1053F400386103000000000014660300000003008D
:10540400F066030000000300B46903000000030019
:10541400D45A030000000000D8610300000000001B
:08542400A9880200000000004D
:10542C00D188020000000000359702000000000047
:10543C00F14E030000000000A94F03000000000023
:10544C000000000000000000000000000000000050
:10545C000000000000000000000000000000000040
:10546C000000000000000000000000000000000030
:10547C000000000000000000000000000000000020
:10548C000000000000000000000000000000000010
:10549C000000000000000000000000000000000000
:1054AC0000000000000000000000000000000000F0
:0854BC000000000000000000E8
:1054C40000000000000000006D6D020000000000FC
:0454D40000000000D4
:1054D8002F686F6D652F736A6F2F64776D31303069
:1054E800312D6578616D706C65732F6E5246355F2E
:1054F80053444B5F31342E322E302F636F6D706FF3
:105508006E656E74732F6C69627261726965732F50
:105518006578706572696D656E74616C5F6C6F67D4
:105528002F7372632F6E72665F6C6F675F62616361
:105538006B656E645F756172742E6300FFFFFFFF19
:10554800FFFFFFFFFFFFFFFFFFFFFFFF000000005F
:10555800000000000000D6010701000079350200B4
:10556800AD350200A13502002F686F6D652F736A93
:105578006F2F64776D313030312D6578616D706CC7
:1055880065732F6E5246355F53444B5F31342E326C
:105598002E302F636F6D706F6E656E74732F6C692C
:1055A800627261726965732F6578706572696D657D
:1055B8006E74616C5F6C6F672F7372632F6E7266A7
:1055C8005F6C6F675F64656661756C745F62616369
:1055D8006B656E64732E6300F42200202C22002079
:1055E8003422002034220020180000004F76657213
:1055F800666C6F7700000000617070002F686F6D37
:10560800652F736A6F2F64776D313030312D65786F
:10561800616D706C65732F6E5246355F53444B5FF6
:1056280031342E322E302F636F6D706F6E656E744D
:10563800732F6C69627261726965732F6578706522
:1056480072696D656E74616C5F6C6F672F737263DE
:105658002F6E72665F6C6F675F66726F6E74656ED1
:10566800642E63006572726F720000007761726E5B
:10567800696E6700696E666F000000006465627598
:10568800670000001B5B306D000000001B5B313BB6
:1056980033306D001B5B313B33316D001B5B313B9D
:1056A80033326D001B5B313B33336D001B5B313B89
:1056B80033346D001B5B313B33356D001B5B313B75
:1056C80033366D001B5B313B33376D0025730000AB
:1056D8003C25733E2025733A200000000D0A000087
:1056E8002025303278000000202020007C000000B7
:1056F8002563000020000000282700202F686F6D18
:10570800652F736A6F2F64776D313030312D65786E
:10571800616D706C65732F6E5246355F53444B5FF5
:1057280031342E322E302F636F6D706F6E656E744C
:10573800732F6C69627261726965732F6275747414
:105748006F6E2F6170705F627574746F6E2E630078
:10575800534F46544445564943453A2041535345CF
:105768005254494F4E204641494C454400000000E0
:10577800534F46544445564943453A20494E5641AD
:105788004C4944204D454D4F5259204143434553C0
:1057980053000000415353455254494F4E2046414F
:1057A800494C45442061742025733A257500000052
:1057B8004552524F52202575205B25735D20617438
:1057C8002025733A25750000554E4B4E4F574E20F5
:1057D8004641554C542061742030782530385800A3
:1057E8002F686F6D652F736A6F2F64776D31303056
:1057F800312D6578616D706C65732F6E5246355F1B
:1058080053444B5F31342E322E302F636F6D706FDF
:105818006E656E74732F6C69627261726965732F3D
:105828007574696C2F6170705F7574696C5F706CEA
:105838006174666F726D2E63000000002F686F6DD3
:10584800652F736A6F2F64776D313030312D65782D
:10585800616D706C65732F6E5246355F53444B5FB4
:1058680031342E322E302F636F6D706F6E656E740B
:10587800732F6C69627261726965732F6664732F26
:105888006664732E63000000DEC0ADDEFF011EF10A
:10589800DEC0ADDEFE011EF10000FFFF62616C6C30
:1058A8006F6300002F686F6D652F736A6F2F6477C1
:1058B8006D313030312D6578616D706C65732F6E88
:1058C8005246355F53444B5F31342E322E302F63AE
:1058D8006F6D706F6E656E74732F6C696272617232
:1058E8006965732F62616C6C6F632F6E72665F629D
:1058F800616C6C6F632E63002F686F6D652F736A20
:105908006F2F64776D313030312D6578616D706C33
:1059180065732F6E5246355F53444B5F31342E32D8
:105928002E302F65787465726E616C2F667072699F
:105938006E74662F6E72665F667072696E74662E1C
:10594800630000002F686F6D652F736A6F2F64778F
:105958006D313030312D6578616D706C65732F6EE7
:105968005246355F53444B5F31342E322E302F650B
:10597800787465726E616C2F667072696E74662FCA
:105988006E72665F667072696E74665F666F726D5E
:1059980061742E63000000003031323334353637FD
:1059A80038394142434445460010000004000000D5
:1059B8000100000049860200958602003187020036
:1059C800C186020055870200C9870200D7870200F6
:1059D800E58702002F686F6D652F736A6F2F6477F4
:1059E8006D313030312D6578616D706C65732F6E57
:1059F8005246355F53444B5F31342E322E302F637D
:105A08006F6D706F6E656E74732F6C696272617200
:105A18006965732F6578706572696D656E74616C00
:105A28005F6D656D6F626A2F6E72665F6D656D6F13
:105A3800626A2E63000000002E2E2F2E2E2F2E2E8F
:105A48002F2E2E2F2E2E2F2E2E2F2E2E2F636F6DB4
:105A5800706F6E656E74732F6C69627261726965BE
:105A6800732F6578706572696D656E74616C5F73AC
:105A7800656374696F6E5F766172732F6E72665FAD
:105A880073656374696F6E5F697465722E68000070
:105A98002E2E2F2E2E2F2E2E2F2E2E2F2E2E2F2E19
:105AA8002E2F2E2E2F636F6D706F6E656E74732F91
:105AB8006C69627261726965732F6D757465782F90
:105AC8006E72665F6D74782E680000007077725F82
:105AD8006D676D74000000002F686F6D652F736A25
:105AE8006F2F64776D313030312D6578616D706C52
:105AF80065732F6E5246355F53444B5F31342E32F7
:105B08002E302F636F6D706F6E656E74732F6C69B6
:105B1800627261726965732F7077725F6D676D74F9
:105B28002F6E72665F7077725F6D676D742E63009B
:105B38002F686F6D652F736A6F2F64776D31303002
:105B4800312D6578616D706C65732F6E5246355FC7
:105B580053444B5F31342E322E302F636F6D706F8C
:105B68006E656E74732F6C69627261726965732FEA
:105B78006578706572696D656E74616C5F73656375
:105B880074696F6E5F766172732F6E72665F73658C
:105B98006374696F6E5F697465722E63000000003C
:105BA800556E6B6E6F776E206572726F7220636FC1
:105BB800646500004E52465F5355434345535300B6
:105BC8004E52465F4552524F525F5356435F4841CB
:105BD8004E444C45525F4D495353494E47000000CF
:105BE8004E52465F4552524F525F534F46544445BA
:105BF800564943455F4E4F545F454E41424C4544DC
:105C0800000000004E52465F4552524F525F494EC7
:105C18005445524E414C00004E52465F4552524F39
:105C2800525F4E4F5F4D454D000000004E52465F9B
:105C38004552524F525F4E4F545F464F554E4400A7
:105C48004E52465F4552524F525F4E4F545F535526
:105C580050504F52544544004E52465F4552524FA1
:105C6800525F494E56414C49445F504152414D00A4
:105C78004E52465F4552524F525F494E56414C492B
:105C8800445F5354415445004E52465F4552524F6B
:105C9800525F494E56414C49445F4C454E47544823
:105CA800000000004E52465F4552524F525F494E27
:105CB80056414C49445F464C414753004E52465F5B
:105CC8004552524F525F494E56414C49445F4441F8
:105CD800544100004E52465F4552524F525F444174
:105CE80054415F53495A45004E52465F4552524F00
:105CF800525F54494D454F55540000004E52465F7F
:105D08004552524F525F4E554C4C00004E52465F22
:105D18004552524F525F464F5242494444454E0005
:105D28004E52465F4552524F525F494E56414C497A
:105D3800445F4144445200004E52465F4552524F20
:105D4800525F4255535900004E52465F4552524FDA
:105D5800525F4D4F44554C455F4E4F545F494E4935
:105D68005449414C5A4544004E52465F4552524FA1
:105D7800525F4D555445585F494E49545F46414915
:105D88004C4544004E52465F4552524F525F4D5566
:105D98005445585F4C4F434B5F4641494C4544007E
:105DA8004E52465F4552524F525F4D555445585FCB
:105DB800554E4C4F434B5F4641494C45440000000B
:105DC8004E52465F4552524F525F4D555445585FAB
:105DD800434F4E445F494E49545F4641494C454400
:105DE800000000004E52465F4552524F525F4D4FE1
:105DF80044554C455F414C52454144595F494E49D1
:105E08005449414C495A4544000000004E52465FEF
:105E18004552524F525F53544F524147455F465582
:105E28004C4C00004E52465F4552524F525F415013
:105E3800495F4E4F545F494D504C454D454E544572
:105E4800440000004E52465F4552524F525F46454D
:105E580041545552455F4E4F545F454E41424C4563
:105E6800440000004E52465F4552524F525F445222
:105E7800565F5457495F4552525F4F5645525255E7
:105E88004E0000004E52465F4552524F525F4452F8
:105E9800565F5457495F4552525F414E41434B004C
:105EA8004E52465F4552524F525F4452565F5457C6
:105EB800495F4552525F444E41434B000000000089
:105EC800BC5B030001000000C85B03000200000087
:105ED800E85B0300030000000C5C03000400000002
:105EE800205C030005000000345C0300060000008D
:105EF800485C030007000000605C03000800000025
:105F0800785C030009000000905C03000A000000B0
:105F1800AC5C03000B000000C45C03000C00000034
:105F2800DC5C03000D000000F05C03000E000000C4
:105F3800045D03000F000000145D03001000000062
:105F4800285D030011000000405D03008000000090
:105F5800505D030081000000705D030082000000B6
:105F68008C5D030083000000A85D0300840000002E
:105F7800C85D030085000000EC5D0300860000009A
:105F8800145E0300900000002C5E030091000000E6
:105F98004C5E0300008200006C5E0300018200007A
:105FA8008C5E030002820000A85E03002E2E2F2EB6
:105FB8002E2F2E2E2F2E2E2F2E2E2F2E2E2F2E2EF4
:105FC8002F636F6D706F6E656E74732F6472697670
:105FD8006572735F6E72662F68616C2F6E72665F92
:105FE8006770696F2E6800002F686F6D652F736A80
:105FF8006F2F64776D313030312D6578616D706C3D
:1060080065732F6E5246355F53444B5F31342E32E1
:106018002E302F636F6D706F6E656E74732F626FA5
:10602800617264732F626F617264732E6300000083
:106038001E1F160E0D0E0F10636C6F636B000000B1
:106048002F686F6D652F736A6F2F64776D313030ED
:10605800312D6578616D706C65732F6E5246355FB2
:1060680053444B5F31342E322E302F636F6D706F77
:106078006E656E74732F647269766572735F6E7283
:10608800662F636C6F636B2F6E72665F6472765FE8
:10609800636C6F636B2E63002F686F6D652F736A77
:1060A8006F2F64776D313030312D6578616D706C8C
:1060B80065732F6E5246355F53444B5F31342E3231
:1060C8002E302F636F6D706F6E656E74732F6472F0
:1060D80069766572735F6E72662F636F6D6D6F6E32
:1060E8002F6E72665F6472765F636F6D6D6F6E2E72
:1060F800630000002E2E2F2E2E2F2E2E2F2E2E2F09
:106108002E2E2F2E2E2F2E2E2F636F6D706F6E65F5
:106118006E74732F647269766572735F6E72662F20
:1061280068616C2F6E72665F6770696F2E68000019
:106138006770696F746500002F686F6D652F736AEB
:106148006F2F64776D313030312D6578616D706CEB
:1061580065732F6E5246355F53444B5F31342E3290
:106168002E302F636F6D706F6E656E74732F64724F
:1061780069766572735F6E72662F6770696F746592
:106188002F6E72665F6472765F6770696F74652ED2
:10619800630000002E2E2F2E2E2F2E2E2F2E2E2F68
:1061A8002E2E2F2E2E2F2E2E2F636F6D706F6E6555
:1061B8006E74732F647269766572735F6E72662F80
:1061C80068616C2F6E72665F6770696F2E68000079
:1061D80075617274000000002F686F6D652F736A17
:1061E8006F2F64776D313030312D6578616D706C4B
:1061F80065732F6E5246355F53444B5F31342E32F0
:106208002E302F636F6D706F6E656E74732F6472AE
:1062180069766572735F6E72662F756172742F6E20
:1062280072665F6472765F756172742E6300000037
:106238002E2E2F2E2E2F2E2E2F2E2E2F2E2E2F2E71
:106248002E2F2E2E2F636F6D706F6E656E74732FE9
:10625800647269766572735F6E72662F68616C2FFF
:106268006E72665F6770696F2E6800000C2B0020E5
:106278002C2B00205C2B00200D000300C9B6020067
:106288000E000300C9B602000F000300C9B60200E1
:1062980010000300C9B60200474320636F6D706C9D
:1062A800657465640A0000002F686F6D652F736A56
:1062B8006F2F64776D313030312D6578616D706C7A
:1062C80065732F6E5246355F53444B5F31342E321F
:1062D8002E302F6578616D706C65732F626C655F09
:1062E8007065726970686572616C2F657870657227
:1062F800696D656E74616C2F626C7565746F6F740F
:106308006864735F74656D706C6174652F6D616925
:106318006E2E63004E6F726469635F4244530000DF
:1063280046617374206164766572746973696E6717
:106338002E000000436F6E6E65637465642E000066
:10634800446973636F6E6E65637465642E00000044
:10635800436F6E6E656374656420746F206120708E
:10636800726576696F75736C7920626F6E646564A7
:10637800206465766963652E00000000436F6E6EC9
:10638800656374696F6E20736563757265643A201E
:10639800726F6C653A2025642C20636F6E6E5F689F
:1063A800616E646C653A20307825782C2070726FA5
:1063B8006365647572653A2025642E00426F6E64C9
:1063C800732065726173656421000000426C756515
:1063D800746F6F7468204465762053747564696FB0
:1063E800206578616D706C65207374617274656482
:1063F8002E0000002F686F6D652F736A6F2F64770A
:106408006D313030312D6578616D706C65732F6E2C
:106418005246355F53444B5F31342E322E302F6352
:106428006F6D706F6E656E74732F626C652F636F1E
:106438006D6D6F6E2F626C655F636F6E6E5F7374E8
:106448006174652E630000000100010060640300B0
:106458000100010064640300010000000000000066
:10646800AD210300D5EE0200626C655F676174744C
:106478000000000073645F626C655F6761705F6451
:106488006174615F6C656E6774685F757064617470
:1064980065282920287265717565737429206F6EC7
:1064A80020636F6E6E656374696F6E20307825782F
:1064B8002072657475726E656420756E6578706596
:1064C800637465642076616C756520307825782E54
:1064D8000000000073645F626C655F6761747463D9
:1064E8005F65786368616E67655F6D74755F726517
:1064F800717565737428292072657475726E656488
:1065080020756E65787065637465642076616C7556
:106518006520307825782E0073645F626C655F674C
:10652800617474735F65786368616E67655F6D74C5
:10653800755F7265706C7928292072657475726E42
:10654800656420756E65787065637465642076612E
:106558006C756520307825782E00000073645F62C2
:106568006C655F6761705F646174615F6C656E67BD
:1065780074685F7570646174652829202872657075
:106588006C79292072657475726E656420756E6504
:10659800787065637465642076616C756520307801
:1065A80025782E003D1F03008D3D030059F202009F
:1065B80021EF02002E2E2F2E2E2F2E2E2F2E2E2F95
:1065C8002E2E2F2E2E2F2E2E2F636F6D706F6E6531
:1065D8006E74732F6C69627261726965732F657866
:1065E800706572696D656E74616C5F7365637469FB
:1065F8006F6E5F766172732F6E72665F7365637418
:10660800696F6E5F697465722E6800006E72665FEE
:10661800736468002F686F6D652F736A6F2F6477D6
:106628006D313030312D6578616D706C65732F6E0A
:106638005246355F53444B5F31342E322E302F6330
:106648006F6D706F6E656E74732F736F66746465AB
:10665800766963652F636F6D6D6F6E2F6E72665FFF
:106668007364682E630000000100000724540300CF
:106678002C540300080000002C5403003C54030071
:10668800080000003C5403004C54030008000000BC
:106698002E2E2F2E2E2F2E2E2F2E2E2F2E2E2F2E0D
:1066A8002E2F2E2E2F636F6D706F6E656E74732F85
:1066B8006C69627261726965732F65787065726959
:1066C8006D656E74616C5F73656374696F6E5F7618
:1066D8006172732F6E72665F73656374696F6E5F44
:1066E800697465722E6800006E72665F7364685F15
:1066F800626C650073645F626C655F6366675F7395
:10670800657428292072657475726E656420257316
:10671800207768656E20617474656D7074696E6742
:1067280020746F2073657420424C455F434F4E4E72
:106738005F4346475F4741502E00000073645F6225
:106748006C655F6366675F7365742829207265747A
:1067580075726E6564202573207768656E20617494
:1067680074656D7074696E6720746F20736574202A
:10677800424C455F4741505F4346475F524F4C4547
:106788005F434F554E542E0073645F626C655F63C0
:1067980066675F73657428292072657475726E6503
:1067A80064202573207768656E20617474656D7048
:1067B80074696E6720746F2073657420424C455F5E
:1067C800434F4D4D4F4E5F4346475F56535F5555B8
:1067D80049442E0073645F626C655F6366675F732C
:1067E800657428292072657475726E656420257336
:1067F800207768656E20617474656D7074696E6762
:1068080020746F2073657420424C455F474154548F
:10681800535F4346475F415454525F5441425F536C
:10682800495A452E0000000073645F626C655F631F
:1068380066675F73657428292072657475726E6562
:1068480064202573207768656E20617474656D70A7
:1068580074696E6720746F2073657420424C455FBD
:1068680047415454535F4346475F53455256494343
:10687800455F4348414E4745442E000052414D2054
:1068880073746172747320617420307825782C20B9
:1068980063616E2062652061646A75737465642043
:1068A800746F20307825782E0000000052414D206A
:1068B80073697A652063616E2062652061646A7518
:1068C8007374656420746F20307825782E0000007A
:1068D80073645F626C655F656E61626C6528292010
:1068E80072657475726E65642025732E0000000051
:1068F8002F686F6D652F736A6F2F64776D31303035
:10690800312D6578616D706C65732F6E5246355FF9
:1069180053444B5F31342E322E302F636F6D706FBE
:106928006E656E74732F736F6674646576696365DC
:106938002F636F6D6D6F6E2F6E72665F7364685F25
:10694800626C652E6300000094530300D453030067
:10695800080000002E2E2F2E2E2F2E2E2F2E2E2FFB
:106968002E2E2F2E2E2F2E2E2F636F6D706F6E658D
:106978006E74732F6C69627261726965732F6578C2
:10698800706572696D656E74616C5F736563746957
:106998006F6E5F766172732F6E72665F7365637474
:1069A800696F6E5F697465722E6800006E72665F4B
:1069B8007364685F736F63002F686F6D652F736A08
:1069C8006F2F64776D313030312D6578616D706C63
:1069D80065732F6E5246355F53444B5F31342E3208
:1069E8002E302F636F6D706F6E656E74732F736FBB
:1069F80066746465766963652F636F6D6D6F6E2F5E
:106A08006E72665F7364685F736F632E6300000065
:106A18007C5303009453030008000000E96A030054
:106A2800606B0300EC6A030053756E646179004D76
:106A38006F6E646179005475657364617900576598
:106A4800646E657364617900546875727364617902
:106A58000046726964617900536174757264617982
:106A680000004A616E7561727900466562727561EF
:106A78007279004D6172636800417072696C004DF3
:106A88006179004A756E65004A756C7900417567D1
:106A98007573740053657074656D626572004F6339
:106AA800746F626572004E6F76656D626572004440
:106AB8006563656D6265720000414D00504D0000D0
:106AC800256D2F25642F25790025483A254D3A252F
:106AD800530025612025622025652025542025594D
:106AE80000430000075303002753030033530300F8
:106AF80041530300615303006D530300D95203004F
:106B0800A552030053756E004D6F6E0054756500F5
:106B180057656400546875004672690053617400D3
:106B2800004A616E00466562004D617200417072F4
:106B3800004D6179004A756E004A756C00417567B1
:106B480000536570004F6374004E6F7600446563B0
:106B580000002E00000000005A6B03005C6B03006D
:106B68005C6B03005C6B03005C6B03005C6B0300F5
:106B78005C6B03005C6B03005C6B03005C6B0300E5
:106B8800FFFFFFFFFFFFFFFFFFFFFFFFFFFF00000B
:106B9800306A03000C6B03006A6A0300296B030068
:106BA800C16A0300C86A0300D16A0300DA6A0300F5
:106BB8002020202020202020206828282828202065
:106BC80020202020202020202020202020202020BD
:106BD8004810101010101010101010101010101075
:106BE8008484848484848484848410101010101015
:106BF800108181818181810101010101010101016E
:106C08000101010101010101010101101010101021
:106C1800108282828282820202020202020202023E
:106C280002020202020202020202021010101020E6
:0D6C380000070320041702010857104080D8
:106C48000020004000000000645503000000000020
:106C580000000000000000006C560300745603009A
:106C68007C560300845603008C5603009456030098
:106C78009C560300A4560300AC560300B456030008
:106C8800BC560300C4560300CC560300FFFF0000A7
:106C98000A1801009921030018181818181818184C
:106CA800181818000090D003246A0300246A03000F
:0C6CB800246A0300246A0300246A03001D
:040000032000324D5A
:00000001FF
