:020000022000DC
:10300000000001204D320200A5320200A73202006A
:10301000A9320200AB320200AD3202000000000013
:10302000000000000000000000000000AF320200BD
:10303000B132020000000000B3320200B5320200DB
:10304000FD6A0200BB320200498A0200BF32020060
:10305000C1320200C3320200B9750200C732020059
:10306000C9320200CB320200CD320200CF32020060
:10307000D1320200D3320200D5320200D732020030
:10308000D932020071530200DD320200DF32020049
:10309000B1530200E3320200E5AA0200E732020067
:1030A000E9320200EB320200ED320200EF320200A0
:1030B000F1320200F3320200B7320200B7320200EE
:1030C000F5320200F7320200F9320200FB32020050
:0C30D000FD320200FF320200013302005A
:1030DC003A493B480A1A02D0072291438D46394996
:1030EC0039480A1A06D00722914381F30988022233
:1030FC0082F3148835483649364A00F041F8364890
:10310C003649374A00F03CF836483749374A00F020
:10311C0037F837483749384A00F032F837483849D9
:10312C00384A00F02DF838483849394A00F028F868
:10313C0038483949394A00F023F8394839490022CE
:10314C0000F036F838483949002200F031F8384898
:10315C003849091A07F054FF374A90472548264941
:10316C00884205D00268043003B4904703BCF7E7EB
:10317C0000208646EC4600200021304A9047FEE7AE
:10318C00884214D0521A12D003460B431343032423
:10319C00234206D1036804300B600431043AF9D1A0
:1031AC007047037801300B700131013AF9D1704747
:1031BC00884202D002700130FAE77047000001200B
:1031CC0000F800200000012000000120A0C6020031
:1031DC008C1700200818002004330200043302006E
:1031EC00EAB10200A0C602008C1700208C17002048
:1031FC00C0B20200C0B20200C0B20200C0B20200F3
:10320C00C0B20200C0B20200C0B20200C0B20200E2
:10321C009DC602001CC702000818002008180020D8
:10322C0008180020E81F0020E81F0020E81F0020DD
:10323C00E81F0020E821002071320200E99402000E
:10324C000F484FF00701884385460E4880470E48CB
:10325C00016841F470010160BFF34F8FBFF36F8FB2
:10326C00FFF736BF09480A490A4A884207D0521A62
:10327C0005D0037801300B700131013AF9D1704758
:10328C0000000120F1A0020088ED00E054B2020021
:10329C00201700208C170020FEE7FEE7FEE7FEE774
:1032AC00FEE7FEE7FEE7FEE7FEE7FEE7FEE7FEE7EA
:1032BC00FEE7FEE7FEE7FEE7FEE7FEE7FEE7FEE7DA
:1032CC00FEE7FEE7FEE7FEE7FEE7FEE7FEE7FEE7CA
:1032DC00FEE7FEE7FEE7FEE7FEE7FEE7FEE7FEE7BA
:1032EC00FEE7FEE7FEE7FEE7FEE7FEE7FEE7FEE7AA
:0832FC00FEE7FEE7FEE700BF5C
:1033040000B5A1B00590049103920293049802F0D1
:1033140069FF039B1593029B1693002317930023C5
:103324008DF8603000231993229B1A9300231F9376
:103334000FA91F9B0822049803F012F808231F9377
:10334400119B1293109B9BB2ADF84C3000238DF867
:1033540050309DF83C3003F00303DBB2012B32D133
:103364000F9BC3F395231C939DF83C30C3F3C20316
:10337400DBB28DF84E309DF83C30C3F38003DBB2F2
:10338400002B14BF01230023DBB28DF84F30BDF8AE
:103394003C30C3F38313DBB21B931B9B9A0009A934
:1033A4001F9B049802F0DCFF1B9B9B001F9A134495
:1033B4001F9312AA09A915AB009313461B9A1C98D4
:1033C40000F032FF3BE09DF83C3003F00303DBB236
:1033D400022B34D1BDF83E30C3F389139BB21E9344
:1033E4009DF83C30C3F3C203DBB28DF84E309DF838
:1033F4003C30C3F38003DBB2002B14BF0123002352
:10340400DBB28DF84F301E9B082B28BF08231D9379
:1034140007A91F9B1D9A049802F0A2FF1F9A1D9BE7
:1034240013441F931E9A1D9BD31A1E9315AB12AA05
:1034340007A81D9900F09AFF1E9B002BE3D1049866
:1034440002F0DFFE00BF21B05DF804FB82B0019002
:103454000091034B01221A7000BF02B0704700BFF5
:103464004818002030B58DB003468DF807301A4B4C
:1034740002AC1D460FCD0FC495E80F0084E80F0081
:10348400062302934FF0FF3303934FF0FF3304936B
:103494004FF0FF3305934FF0EB7308939DF807301B
:1034A400002B01D00D4A00E0002202AB19460C4863
:1034B40004F0E4FE0B900B9B0A930A9B002B04D0B0
:1034C400084A43210A9801F01FF9074A9DF807307A
:1034D400137000BF0DB030BD2CB302005134020094
:1034E4008C170020C0B202004918002000B583B038
:1034F40001238DF807309DF807301846FFF7B2FF17
:1035040000BF03B05DF804FB00B589B003900291DD
:103514000192019B8DF81F30124B00221A709DF806
:103524001F301A460299104805F010F80690069BC1
:103534000593059B002B04D00C4A5321059801F0F8
:10354400E3F800BF0A4B1B78002B07D0054B1B7810
:10355400DBB283F00103DBB2002BF3D100BF09B06F
:103564005DF804FB481800208C170020C0B202004C
:103574004918002000B585B003900291054B0093D3
:103584004023054A02990398FFF7BAFE00BF05B02D
:103594005DF804FB0D3502000818002082B001908C
:1035A40000BF02B07047000000B583B00190054829
:1035B40004F0B6FE0020FFF755FF00BF03B05DF82E
:1035C40004FB00BF8C17002082B00190019B0122F4
:1035D4005A7200BF02B0704700B583B04FF0FF339A
:1035E4000193FFF783FF0421084800F057FD019081
:1035F400019B002B03DA0649482005F05BFE0348D3
:10360400FFF7E2FF00BF03B05DF804FB941700204E
:1036140058B3020000B583B001900091019B1B6870
:103624001B6800990198984700BF03B05DF804FB3C
:1036340000B583B00190019B1B685B6801989847B3
:1036440000BF03B05DF804FB82B001900B468DF817
:103654000330019B9DF803201A7200BF02B070472B
:1036640082B00190019B1B7A184602B0704782B069
:103674000190019B01225A7200BF02B0704782B0D0
:103684000190019B5B7A184602B0704710B487B072
:1036940001900091019B009A53E8004F44EA020014
:1036A40043E8000191F0000FF6D1059404900391D2
:1036B400049B184607B05DF8044B704710B487B0FC
:1036C40001900091019B009A53E8004F04EA020024
:1036D40043E8000191F0000FF6D1059404900391A2
:1036E400059B184607B05DF8044B704700B583B0DE
:1036F400019001210198FFF7C9FF0346184603B062
:103704005DF804FB00B583B0019000210198FFF738
:10371400D5FF0346184603B05DF804FB00B587B037
:1037240001901F4BFF229A601D4B00221A601C4B14
:1037340000225A601A4B0022C3F81824184B0022A6
:10374400C3F81424164B002283F81C24154802F0F5
:10375400ADFC0490049B002B01D0049B1CE0124A96
:10376400124BD31ADB080393002305930FE0059A49
:1037740013465B0013449B001A460D4B13440293FB
:10378400059B9AB2029B1A80059B01330593059A07
:10379400039B9A42EBD30023184607B05DF804FB61
:1037A4001C190020C8B302003CB20200F4B10200AC
:1037B40020170020024A034BD31ADB08184670472F
:1037C4003CB20200F4B1020000B587B001900B4690
:1037D4008DF803309DF80330002B23D0FFF7EAFF68
:1037E40004900023059317E0059A13465B001344E5
:1037F4009B001A460E4B13440393039B5B881A46A3
:10380400019B1B689A4204D1019B059A1A6000230C
:1038140009E0059B01330593059A049B9A42E3D37F
:10382400052300E00023184607B05DF804FB00BF41
:103834002017002000B585B001900B468DF80330A9
:103844009DF8032001AB11461846FFF7BDFF034660
:10385400002B07D1019BDB00054A13440393039B10
:103864001B6800E00023184605B05DF804FB00BFA8
:10387400F4B1020084B001900B468DF80330019B33
:10388400DB00174A134402939DF80330013B032BDA
:103894001CD801A252F823F0AD380200B53802005A
:1038A400BD380200C738020002238DF80F3011E042
:1038B40004238DF80F300DE0029B1B798DF80F3037
:1038C40008E0029B5B798DF80F3003E000238DF84C
:1038D4000F3000BF9DF80F30184604B0704700BF8A
:1038E400F4B1020000B589B04148FFF7FFFE41483A
:1038F400FFF7FCFE404B5B6807933F4B9B680493C8
:10390400079A049B134002339B003B4A134404333D
:1039140006931BE0079B01330793069B5B88C3F365
:1039240089139BB21A46069B1B88C3F389139BB267
:1039340013441A46079B13440793079A049B1340A6
:1039440002339B002C4A134404330693069B1B78D2
:1039540003F00303DBB2002BDCD00023059311E05A
:10396400079B5A1C0792049A1340059A92006946D1
:103974000A44214902339B000B445B681360059B96
:1039840001330593059B012BEAD99DF80030C3F35D
:103994000103DBB2012B0CD0022B14D1BDF8023091
:1039A400C3F389139BB203339B08079A1344079309
:1039B4000FE0BDF80030C3F38313DBB21A46079B54
:1039C4001344079305E00D4940F24D1005F072FCD5
:1039D40000BF0848FFF796FE0390039B002B02D01C
:1039E400054A079B536000BF09B05DF804FB00BFA4
:1039F400341D0020301D00201C190020ECB30200EF
:103A040010B586B00390029101920093039B1B0CA6
:103A1400ADF81630BDF81640FFF7CCFE03469C42C5
:103A240004D323494FF4B27005F044FC009B5A1CA4
:103A3400089B1340BDF816201E4902339B000B441B
:103A44005A60009A089B134002339B00194A13449E
:103A540004330493039B1B0903F00103D9B2049AB2
:103A6400137861F382031370039B03F00703D9B245
:103A7400049A137861F3C5031370019B03F00F03D9
:103A8400D9B2049A138861F389131380029BC3F398
:103A94001501049A136861F39F231360049A137841
:103AA400012161F30103137000BF06B010BD00BF14
:103AB400ECB302001C19002000B58BB001900091FA
:103AC400019B023308930223079301238DF81B30D3
:103AD40000238DF80F300DF10F03184601F098FD07
:103AE400214B1A68009B1A601F4B9A681E4B596839
:103AF4001D4B1B68CB1A134401330993089A079B87
:103B0400134405930BE0FFF7EDFE174B9A68164B31
:103B14005968154B1B68CB1A134401330993059A52
:103B2400099B9A42EFD8104B1A680F4B9B681340BD
:103B340002339B000C4A134404330493049A13780D
:103B440043F003031370084B1A68089B1344064A96
:103B540013609DF80F30184601F070FD9DF81B307E
:103B640018460BB05DF804FB1C19002000B58BB09F
:103B740005900491039202931E4B9B68079306AB36
:103B840019460298FFF798FF0346002B24D0069BA2
:103B9400023309930023089311E0089B9B00039AC6
:103BA4001A44099B591C099107990B401268114941
:103BB40002339B000B445A60089B01330893089A14
:103BC400029B9A42E9D3069A079B00931346029AF2
:103BD40004990598FFF714FF064B93F81C34002B47
:103BE40004D000F063F80346002BFAD100BF0BB0F9
:103BF4005DF804FB1C19002000B583B0019000910E
:103C04000023002200990198FFF7B0FF00BF03B022
:103C14005DF804FB00B587B0039002910192019B0B
:103C2400059305AA012302990398FFF79FFF00BF9C
:103C340007B05DF804FB00B587B0039002910192D0
:103C44000093019B0493009B059304AA0223029909
:103C54000398FFF78BFF00BF07B05DF804FB00B5C6
:103C640089B00390029101920093019B0493009BFD
:103C740005930A9B06930B9B079304AA04230299BA
:103C84000398FFF773FF00BF09B05DF804FB000061
:103C9400054B5A68044B1B689A420CBF012300234E
:103CA400DBB21846704700BF1C19002000B599B05C
:103CB400FFF7EEFF0346002B01D00023B3E19C4B3A
:103CC4000022C3F81824BFF34F8F00BF984B5B68E2
:103CD4001793974B9B681093179A109B13400233CA
:103CE4009B00934A13440433169300231593002333
:103CF400149300230F931BE0179B01331793169B18
:103D04005B88C3F389139BB21A46169B1B88C3F3C3
:103D140089139BB213441A46179B13441793179A9B
:103D2400109B134002339B00814A134404331693BF
:103D3400169B1B7803F00303DBB2002BDCD00023BB
:103D4400139311E0179B5A1C1792109A1340139A5D
:103D5400920002A90A44764902339B000B445B6833
:103D64001360139B01331393139B012BEAD99DF822
:103D7400083003F00303DBB2022B40F09C80BDF853
:103D84000A30C3F389139BB20D93BDF80A30C3F311
:103D940089139BB2502B28BF50239BB20C930C9BCE
:103DA400C3F309039AB2BDF80A3062F38F13ADF876
:103DB4000A300C9B08330B939DF80830C3F3C203FD
:103DC400DBB20F930B995B4802F07BF91590159BBE
:103DD400002B00F0E080159802F004FA02A9149B6D
:103DE4000822159802F0AAFA149B08331493179B1F
:103DF400DA43109B134001339B000A930C9A0A9BED
:103E04009A4242D90A9B002B08D0179A109B134060
:103E140002339B00464A1344043300E0464B0893A4
:103E24000A9B002B02D00A9BDBB201E00C9BDBB2A5
:103E34008DF81F300A9B002B01D03F4B00E000237C
:103E440006930A9B002B06D00C9BDAB20A9BDBB2CA
:103E5400D31ADBB200E000238DF817309DF81F2041
:103E6400149B0899159802F069FA9DF81F30149A6A
:103E740013441493069B002B16D09DF81720149B13
:103E84000699159802F05AFA0EE0179A109B1340FF
:103E940002339B00264A134404330993149B0C9A5F
:103EA4000999159802F04AFA0D9B03339B08179A57
:103EB400134417936FE09DF8083003F00303DBB25B
:103EC400012B5AD1BDF80830C3F38313DBB2062BA0
:103ED40028BF0623DAB2BDF8083062F38913ADF8BF
:103EE4000830BDF80830C3F38313DBB202330E93FA
:103EF4009DF80830C3F3C203DBB20F930E9B9B0003
:103F040019460C4802F0DDF81590159B002B42D0A1
:103F1400159802F067F902A9149B0822159802F07B
:103F24000DFA149B08331493002313931BE000BF72
:103F34001C190020C8B3020028190020179B5A1C22
:103F44001792109A134002339B00394A1344191DE7
:103F5400149B0422159802F0F1F9149B0433149372
:103F6400139B01331393BDF80830C3F38313DBB2FF
:103F74001A46139B9342E1D30DE09DF8083003F0F9
:103F84000303DBB2032B06D1294BD3F81834002BDF
:103F940001D1002347E0159B002B3ED0244BD3F8DE
:103FA40010341293224BD3F81834002B1AD01598DE
:103FB40002F027F931E000238DF847301298FFF71B
:103FC4005EFB0346002B02D001238DF847309DF899
:103FD4004730002B03D015991298FFF71BFB129B57
:103FE4005B681293129B002BE5D1159802F009F936
:103FF40000238DF807300DF10703184601F008FB84
:104004000B4BD3F81834002B02D1094A179B536089
:104014009DF80730184601F011FBFFF739FE0346FF
:1040240083F00103DBB2184619B05DF804FB00BF4E
:104034001C19002000B585B00023039322E0164B21
:10404400D3F81034029301238DF807300EE0029860
:10405400FFF706FB03461A46039B934203D1002352
:104064008DF8073005E0029B5B680293029B002BEE
:10407400EDD19DF80730002B01D0039B07E0039B93
:1040840001330393039B092BD9DD4FF0FF3318460B
:1040940005B05DF804FB00BF1C19002000B585B015
:1040A40001900B468DF80330FFF7C4FF0390039B88
:1040B400B3F1FF3F01D1039B1EE0039BDBB2194622
:1040C4000198FFF7C1FA0E4BD3F81034002B07D137
:1040D4000B4A019BC2F81034019B00225A600AE08B
:1040E400074BD3F810345A68019B5A60044BD3F839
:1040F4001034019A5A60039B184605B05DF804FB1E
:104104001C19002000B583B00C4BD3F81034019374
:104114000A4B012283F81C2408E00198FFF7A7FA50
:104124000198FFF785FA019B5B680193019B002BC3
:10413400F3D100BF00BF03B05DF804FB1C190020DD
:1041440010B582B001900091019BDB7983F00103EB
:10415400DBB2002B28D0019B1B7A002B12D0019BD1
:104164009B881A46019B9B7919461046FFF782FBF0
:1041740003461A460E4B53F822301A460D4900984E
:1041840001F0C0FB019B9B791A460B4B53F822406C
:10419400019B9B8800211846FFF74CFB03462246EF
:1041A4000649009801F0AEFB00BF02B010BD00BF8D
:1041B400B4170020BCB40200A0170020C0B4020051
:1041C40000B585B00390029113468DF80730039B28
:1041D400DB7983F00103DBB2002B0FD0039B1B7A46
:1041E400002B06D00D4B1B681A460D49029801F0AE
:1041F40089FB0C49029801F085FB07E09DF8073024
:10420400002B03D00749029801F07CFB029801F0CF
:1042140057FB00BF05B05DF804FB00BFB4170020D6
:10422400BCB40200CCB4020030B58BB00790069148
:10423400059204930E9B1B7B8DF827300E9B002266
:104244001A730E990498FFF77BFF059B062B7FD802
:1042540001A252F823F000BF794202008342020017
:1042640093420200A7420200C5420200ED4202004E
:104274001D43020007990E9801F044FB69E0069B78
:104284001B681A4607990E9801F03CFB61E0069BF7
:104294001A68069B04331B6807990E9801F032FBD9
:1042A40057E0069B1A68069B04331968069B08337B
:1042B4001B6800930B4607990E9801F023FB48E016
:1042C400069B1968069B04331868069B08331B6811
:1042D400069A0C3212680192009303460A46079923
:1042E4000E9801F00FFB34E0069B1868069B04331C
:1042F4001C68069B08331B68069A0C3212680699E0
:1043040010310968029101920093234602460799ED
:104314000E9801F0F7FA1CE0069B1C68069B043318
:104324001D68069B08331B68069A0C3212680699AE
:1043340010310968069814300068039002910192C4
:1043440000932B46224607990E9801F0DBFA00E011
:1043540000BF00220E990498FFF732FF0E9B9DF8D0
:1043640027201A7300BF0BB030BD00BF00B587B063
:104374000390029101920093029B082B5CD8009B4E
:104384001B7B8DF81330009B00221A73009901984F
:10439400FFF7D6FE0023059314E0059A029B9A4288
:1043A40009D2039A059B13441B781A4624490098A2
:1043B40001F0A8FA03E02349009801F0A3FA059B51
:1043C40001330593059B072BE7D91F49009801F09A
:1043D40099FA0023059322E0059A029B9A4217D288
:1043E400039A059B13441B788DF812309DF8123004
:1043F400184606F0AEFE0346002B02D09DF812309C
:1044040000E02E231A461149009801F07BFA03E0DC
:104414000F49009801F076FA059B01330593059B3B
:10442400072BD9D9012200990198FFF7C9FE009BF7
:104434009DF813201A7300E000BF07B05DF804FB79
:10444400D0B40200D8B40200DCB40200E0B402002C
:10445400E4B4020000B589B0019000238DF81F3048
:1044640051E02E4B1A689DF81F30DB00134406936D
:10447400069B1B781A46012393400593284B1A6820
:10448400059B1340002B39D0059BDA43244B1B6852
:104494001340234A1360069B1B78184603F070F8F8
:1044A40003468DF81330069B1B781A46012393406C
:1044B4001A461C4B1B6813409DF813200699097873
:1044C4008A4093421AD19DF81330069A5278012AF1
:1044D4000CBF01220022D2B293420CBF012300235D
:1044E400DBB20393069B5B68002B07D0069B5B68DB
:1044F400069A12780399C9B2104698479DF81F305E
:1045040001338DF81F30084B1B789DF81F209A4209
:10451400A7D300BF00BF09B05DF804FB3C1D002019
:104524006C1D0020681D0020401D002000B585B0D2
:1045340001900B468DF803300122019B02FA03F32C
:1045440003931E4B184600F0CDFF0290029B002BF4
:1045540030D11B4B1A68039B1340002B22D10198C6
:1045640003F00EF80346002B06D0164B1A68039B83
:104574001343144A136006E0039BDA43114B1B6890
:104584001340104A13600E4B1A68039B13430C4AE2
:1045940013600A480C4B1B680022194600F070FF98
:1045A400029008E0039BDA43054B1B681340044A5E
:1045B400136000E000BF05B05DF804FB481D002057
:1045C4006C1D0020681D0020441D002000B589B02A
:1045D40003900B4601928DF80B30019B042B01D8FC
:1045E400072351E002F0D4FE034683F00103DBB25B
:1045F400002B07D002F084FE0790079B002B01D00C
:10460400079B41E0224A039B1360224A9DF80B302A
:104614001370214A019B1360204B00221A60204B27
:1046240000221A6023E09DF80B30DB00039A134448
:10463400069303238DF8143000238DF815300023DE
:104644008DF8163000238DF81730069B9B788DF873
:104654001530069B1B78184605AB124A194602F022
:10466400A3FE0790079B002B01D0079B0CE09DF84D
:104674000B305A1E8DF80B20002BD4D10A4A00218E
:104684000A4800F0CDFE0346184609B05DF804FB65
:104694003C1D0020401D0020441D0020681D0020FA
:1046A4006C1D00203145020059440200E8B40200A8
:1046B40000B583B0114B1B68002B03D11049B62001
:1046C40004F0F8FD002301930CE00C4B1A68019BE5
:1046D400DB0013441B780121184602F0C9FE019B3C
:1046E40001330193074B1B781A46019B9342ECD389
:1046F4000023184603B05DF804FB00BF3C1D0020F6
:10470400ECB40200401D002000B589B00390029172
:104714000192029B9BB2ADF81430019B0693039B5C
:10472400079305AB1A46002144F2010000F052F849
:1047340000BF09B05DF804FB86B0039002910192BA
:1047440001238DF817309DF81730214A039B13601D
:104754001F4A029B53601E4A019B9360039B44F2D1
:104764000102934213D0039B44F20202934222D1EA
:10477400019B174AD360164BDB681B881A46144BFF
:104784009A61134BDB685B68114AD36113E0019BA8
:104794000F4A13610E4B1B699B680D4A53610C4B06
:1047A4001B691B881A460A4B9A61094B1B695B6893
:1047B400074AD36100BF72B600BF00BF9DF817302F
:1047C400DBB2002BFAD162B600BF00BF06B070475F
:1047D400701D002030B589B0059004910392FFF755
:1047E40091FCFFF763FA0346002BFAD1059B44F2D0
:1047F400020293422BD0059B44F20202934254D806
:10480400059B44F20102934231D0059B44F201021C
:1048140093424AD8059B012B05D0059B41F2010226
:1048240093420AD041E02E4B1B881B0443F0010342
:104834002C491846FFF7E0F942E0294B1B881B047A
:1048440043F0010328491846FFF7D6F938E0039BE3
:104854000793234B1B881B0443F00100079B5B68F1
:104864001A46079B1B882149FFF7E5F928E0039BBB
:1048740006931B4B1B881B0443F00104069B9D6895
:10488400069B9B68184601F0D9FD03461946069B12
:104894005B681A46069B1B88019300920B462A46C6
:1048A40013492046FFF7DBF90AE00D4B1B881B0474
:1048B40043F00103049A0F491846FFF7ABF900BF10
:1048C4000D4B1B6803F00103002B00D0FFDE039A9D
:1048D40004990598FFF730FF00BF09B030BD00BF51
:1048E4002017002040B5020060B5020084B5020024
:1048F400A0B50200B8B50200F0ED00E082B00346B6
:104904008DF807309DF8073003F01F0205499DF923
:1049140007305B09012000FA02F241F8232000BFAE
:1049240002B0704700E100E082B003468DF8073022
:104934009DF8073003F01F0206499DF907305B0913
:10494400012000FA02F2203341F8232000BF02B014
:10495400704700BF00E100E082B003468DF80730E5
:104964009DF8073003F01F0206499DF907305B09E3
:10497400012000FA02F2403341F8232000BF02B0C4
:10498400704700BF00E100E082B003468DF80730B5
:104994009DF8073003F01F0206499DF907305B09B3
:1049A400012000FA02F2603341F8232000BF02B074
:1049B400704700BF00E100E082B0034600918DF82B
:1049C40007309DF90730002B0CDA009BDAB20C4952
:1049D4009DF8073003F00F03043B5201D2B20B449D
:1049E4001A7609E0009BDAB206499DF907305201B4
:1049F400D2B20B4483F8002300BF02B0704700BF5B
:104A040000ED00E000E100E084B00190244B03934A
:104A1400019B002B40D0234B1A680399019B00BFD4
:104A240000BF00BF00BF00BF00BF00BF00BF8A427D
:104A34002FD000BF00BF00BF00BF00BF00BF00BF3A
:104A440000BF00BF00BF00BF00BF00BF00BF00BF6A
:104A540000BF00BF00BF00BF00BF00BF00BF00BF5A
:104A640000BF00BF00BF00BF00BF00BF00BF00BF4A
:104A740000BF00BF00BF00BF00BF00BF00BF00BF3A
:104A840000BF00BF00BF00BF00BF00BF00BF00BF2A
:104A940000BF013BC3D1019300BF04B0704700BF06
:104AA4000024F400F017002000B583B00190064AFA
:104AB400019BC2F8083507211120FFF77DFF00BFD5
:104AC40003B05DF804FB00BF0010014008B50D4BB6
:104AD4004FF48032C3F844230A4B4FF48032C3F8B6
:104AE40004231120FFF750FF1120FFF707FF054BA8
:104AF40001221A602F20FFF787FF034B01221A704F
:104B040000BF08BD00100140AE1E002008B51120F2
:104B1400FFF70AFF0E4B4FF48032C3F848230C4BC7
:104B24004FF48032C3F80823094B01225A602F2026
:104B3400FFF76AFF064B01229A60064B00221A60B7
:104B44002F20FFF761FF044B00221A7000BF08BD3D
:104B540000100140A01E0020AE1E0020024BD3F81E
:104B640004351846704700BF0010014082B0019020
:104B74000091019A009BD31A23F07F43184602B098
:104B84007047000082B00190034A019BC2F840358F
:104B940000BF02B0704700BF0010014086B0019012
:104BA400284B1B68002B03D1264A019B136045E068
:104BB400019B1A68234B1B681B689A4210D8214B2F
:104BC4001B681968019B1A681E4B1B688A1A1A60B5
:104BD4001C4B1A68019BDA611A4A019B13602DE091
:104BE400019B1B680393174B1B680593154B1B68AC
:104BF400049309E0049B1B68039AD31A0393049B50
:104C04000593049BDB690493049B002B04D0049B51
:104C14001B68039A9A42EDD8049B002B05D0049B91
:104C24001A68039BD21A049B1A60019B039A1A60A8
:104C3400019B049ADA61059B019ADA6100BF06B010
:104C4400704700BF9C1E002000B587B001902A4B1E
:104C54001B680393284B1B680593059B049308E08A
:104C6400049A019B9A4208D0049B0593049BDB6938
:104C74000493049B002BF3D100E000BF049B002BA2
:104C840001D1002333E0059A049B9A4214D11A4BB4
:104C94001B68DB69184A1360174B1B68002B0BD188
:104CA400164B01229A60164B00221A60154B012202
:104CB4001A702F20FFF7A8FE049B1B680293049B25
:104CC400DA69059BDA61059BDB690493049B002B7D
:104CD40005D0049B1A68029B1A44049B1A60064B75
:104CE4001B68039A9A4214BF01230023DBB21846BF
:104CF40007B05DF804FB00BF9C1E002000100140BB
:104D0400A01E0020AF1E002008B51120FFF724FECE
:104D140000BF08BD08B51420FFF71EFE00BF08BD84
:104D240000B583B00190019B5B69019A92691046BA
:104D3400984700BF03B05DF804FB000000B585B0E0
:104D44002B4B1B68002B4ED000230193FFF706FF6B
:104D54000246284B1B6819461046FFF707FF0290CE
:104D6400234B1B6803931DE0039B1B68029A9A4222
:104D74001CD3039B1B68029AD31A0293039B1B68E0
:104D8400019A13440193039B0093039BDB690393F0
:104D9400009B1B7C002B05D0009B00221A740098FA
:104DA400FFF7BEFF039B002BDED100E000BF124BD8
:104DB4001A78124B1B789A420CD1104B1B78013392
:104DC400DAB20E4B1A700D4B1B78022B02D10B4B2F
:104DD40000221A70094B1B781946094A019B42F8B4
:104DE4002130FFF797FF00BF05B05DF804FB00BF5B
:104DF4009C1E0020A01E0020AC1E0020AD1E002022
:104E0400A41E002082B00190184B1A78184B1B780E
:104E14009A4223D0154B1B780133DAB2134B1A7024
:104E2400124B1B78022B02D1104B00221A700F4B2D
:104E34001B781A460F4B53F82220019B1A60019BE2
:104E44001A680D4B1B6813440B4A13600A4B1B680A
:104E540023F07F43084A1360012303E0019B0022EF
:104E64001A600023184602B0704700BFAC1E002031
:104E7400AD1E0020A41E0020A01E002088B00390B8
:104E8400029101920023079338E0204B1B6806939C
:104E9400069B1B68039A9A4206D2069B1A68039BD8
:104EA400D21A069B1A602EE0069B1B68039AD31A3B
:104EB4000393069B1B68079A13440793069B0022DF
:104EC4001A60124B1B680593069BDB690F4A13603B
:104ED400069BDB68002B11D0029A079B134423F036
:104EE4007F42069B5A60069BDA68069B9A60019B88
:104EF4001A68069BDA61019B059A1A60034B1B68CA
:104F0400002BC2D100BF00BF08B070479C1E002018
:104F140000B589B0019000238DF81F30664B1B68E3
:104F24000593AAE0019B002B05D0019B0693069BE9
:104F3400DB69019361E0614B1B781A4613465B0001
:104F44001344DB005D4A1344043304935B4B1B7826
:104F54000133DAB2594B1A70584B1A78574B9B7875
:104F64009A4202D1554B00221A70049B5B68069347
:104F7400049B1B78032B1ED0032B7EDC012B1FD03C
:104F8400022B7AD1049B5B681846FFF75DFE03464B
:104F9400002B02D001238DF81F30069B00221A74C7
:104FA4006BE0454B1B680393039B00221A74039B1D
:104FB400DB69414A1360404B1B68002BF1D15CE074
:104FC40000BF069B1B7C002B00D056E0049B9A6814
:104FD400069B5A60049BDA68069B9A60049B1A69D4
:104FE400069BDA60049B5A69069B9A61344B1B78D2
:104FF400002B02D0069B00225A60069B5A68314B54
:105004001B68D31A23F07F432F4A93420ED8069B82
:105014005B682C4A126811461846FFF7A7FD024642
:10502400069B9B681A44069B1A6017E0254B1A6876
:10503400069B5B6819461046FFF798FD0290069B95
:105044009B68029A9A4206D2069B9A68029BD21ADD
:10505400069B1A6002E0069B00221A60069B00224F
:105064005A60069B00229A60069B01221A74069BD2
:105074000022DA610698FFF791FD019B002B7FF473
:1050840051AF0E4B1A780D4B5B789A427FF44AAFBE
:105094009DF81F30002B04D1074B1B68059A9A42D8
:1050A40001D0012300E0002303F00103DBB2184622
:1050B40009B05DF804FB00BF9C1E0020901D002079
:1050C400AF1E0020A01E0020FEFF7F0010B588B098
:1050D4000190274B1B68002B44D0254B1B681B6891
:1050E4000793FFF73BFD0690224B1B680593059938
:1050F4000698FFF73BFD0346033304931E4B1B78CE
:1051040083F00103DBB2002B01D0FFF7DFFC049A2C
:10511400079B934238BF1346059A13440593059B96
:1051240023F07F4305930598FFF72CFDFFF716FD49
:10513400039006990398FFF719FD0346DC1C0699B2
:105144000598FFF713FD03469C420DD9FFF706FDB2
:1051540003461846FFF716FD2F20FFF755FCFFF70F
:10516400D3FD01E0FFF7D2FC00BF08B010BD00BFC3
:105174009C1E0020A01E0020AE1E002000B587B09B
:105184000023019300238DF81730194B1B680493F7
:10519400184B1B6803936B461846FFF733FE034610
:1051A4008DF80B309DF80B30002B08D0009B01AA22
:1051B40004991846FFF762FE01238DF81730019B0E
:1051C4001846FFF7A5FE0346002B02D001238DF8F5
:1051D40017309DF81730002B02D00398FFF776FFA5
:1051E400054B00221A7000BF07B05DF804FB00BF36
:1051F400A01E00209C1E0020AF1E002082B003468B
:105204008DF80730034A9DF80730537000BF02B091
:10521400704700BF901D002084B00190144B5B7850
:1052240001338DF80F30124B9B789DF80F209A4272
:1052340002D100238DF80F300D4B1B789DF80F2001
:105244009A4201D100230FE0019B9DF80F201A70B0
:10525400074B5B781A4613465B001344DB00044A91
:10526400134404330293029B184604B0704700BFF2
:10527400901D002000B589B0039002910192009323
:105284000023079300238DF816300DF116031846FA
:1052940000F0BEF90DF117031846FFF7BDFF0690A5
:1052A400069B002B02D10423079318E0069B0122DE
:1052B4001A70069B039A5A60FFF750FC0246069B3D
:1052C4009A60069B029ADA60069B019A1A61069B11
:1052D400009A5A619DF817301846FFF78FFF9DF822
:1052E4001630184600F0AAF9079B002B01D1FFF7EE
:1052F40011FD079B184609B05DF804FB00B587B0A3
:1053040001900B468DF803300023059300238DF89C
:105314000E300DF10E03184600F07AF90DF10F036B
:105324001846FFF779FF0490049B002B02D1042355
:1053340005930BE0049B9DF803201A70049B019ACB
:105344005A609DF80F301846FFF758FF9DF80E304D
:10535400184600F073F9059B002B01D1FFF7DAFC26
:10536400059B184607B05DF804FB000008B50E4B1A
:105374000022C3F840210C4B0022C3F844210A4BFD
:105384000022C3F84821084B0022C3F84C21064BE5
:105394000022C3F80021044B0022C3F80421FFF7C4
:1053A400CDFC00BF08BD00BF0010014008B5FFF7E9
:1053B400E5FE00BF08BD000008B5FFF7A7FB134BCF
:1053C40000221A70114B00225A70104B0B229A7053
:1053D4000F4B00221A600F4B00221A700E4B002252
:1053E4001A701420FFF7D0FA07211420FFF7E4FA0B
:1053F4001420FFF783FA0020FFF756FBFFF7AEFBFC
:105404000346064A13600023184608BD901D002079
:105414009C1E0020AC1E0020AD1E0020A01E0020FB
:1054240086B003900B4601928DF80B30134B9B789A
:10543400002B01D108231EE0019B002B01D107237F
:1054440019E0039B002B01D1072314E0039B1B6885
:105454001B7C002B01D008230DE0039B1B680593E4
:10546400059B00221A74059B9DF80B205A74059B1A
:10547400019A5A610023184606B07047901D002017
:1054840000B587B0039002910192039B0593144BDE
:105494009B78002B01D108231EE0039B002B01D134
:1054A400082319E0029B042B01D8072314E0059B71
:1054B4005B69002B01D108230EE0059B5B7C012B6B
:1054C40001D1029B00E000230493019B049A0299FA
:1054D4000598FFF7CFFE0346184607B05DF804FBB6
:1054E400901D002000B585B00190019B03930D4BE6
:1054F4009B78002B01D1082310E0019B002B03D0E3
:10550400039B5B69002B01D1082307E0039B002266
:105514001A7402210398FFF7F1FE0346184605B0FA
:105524005DF804FB901D002082B0EFF3108300931C
:10553400009B019372B600BF019B184602B07047EE
:1055440062B600BF00BF704700B585B00190FFF799
:10555400EBFF0390164B9B68002B1BD1144B0122CD
:105564009A60144BD3F88020134B1340104A1360F5
:10557400104B114AC3F880200E4BD3F884300C4AE8
:1055840053600C4B4FF0FF32C3F88420019B002280
:105594001A7002E0019B01221A70039B002B01D1B7
:1055A400FFF7CEFF0023184605B05DF804FB00BFEB
:1055B400B01E002000E100E0FC06FFBD00B585B090
:1055C40003468DF80730104B9B68002B16D09DF8CE
:1055D4000730002B12D1FFF7A7FF03900B4A0A4BA9
:1055E4001B681360094A084B5B685360064B002232
:1055F4009A60039B002B01D1FFF7A2FF00231846FA
:1056040005B05DF804FB00BFB01E002000E100E01F
:1056140000B583B0019000F02BF80346012B03D0B2
:105624000549432003F046FE0198FFF78DFF00BFB4
:1056340003B05DF804FB00BFD0B5020000B583B031
:1056440003468DF8073000F013F80346012B03D00E
:105654000649512003F02EFE9DF807301846FFF747
:10566400ADFF00BF03B05DF804FB00BFD0B502007E
:1056740084B0EFF305830193019BC3F30803039301
:10568400039B002B0DD1EFF314830093009B029333
:10569400029B03F00103002B0CBF01230023DBB2A8
:1056A40000E00123184604B07047000000B583B041
:1056B40001900B468DF80330019B002B03D1084960
:1056C400AF2003F0F7FD019BDA689DF803300199E0
:1056D400098A01FB03F31344184603B05DF804FB85
:1056E40034B6020000B583B001900091019B002BF9
:1056F40003D10849BC2003F0DDFD009B019AD26868
:105704009B1A019A128AB3FBF2F3DBB2184603B078
:105714005DF804FB34B6020000B585B00190019B2E
:10572400002B01D10E2348E0019B1B68002B03D101
:105734002449C62003F0BEFD019B5B68002B03D106
:105744002049C72003F0B6FD019B9B68002B03D1C1
:105754001C49C82003F0AEFD019BDB68002B03D17C
:105764001849C92003F0A6FD019B1B8A002B03D115
:105774001449CA2003F09EFD019B9A68019B5B6853
:10578400D31A8DF80F30019B1B68019A52681A6076
:1057940007E0019B1A681368591C11609DF80F20DB
:1057A4001A709DF80F305A1E8DF80F20002BF0D17F
:1057B400019B1B6800221A710023184605B05DF88E
:1057C40004FB00BF34B6020000B585B00190019B14
:1057D400002B03D11F49EC2003F06CFD002303933D
:1057E40000238DF80A300DF10A031846FFF710FF65
:1057F400019B1B681A68019B5B689A421FD9019B35
:105804001B681A68013A1A601B681B7819460198CC
:10581400FFF74CFF0390019B9A68019B1B681B6870
:10582400D31A8DF80B30019B1B681B799DF80B2054
:105834009A4204D9019B1B689DF80B201A719DF8AC
:105844000A301846FFF7FAFE039B184605B05DF8C8
:1058540004FB00BF34B6020010B584B0019000917F
:10586400019B002B04D115494FF4887003F022FDED
:10587400009B002B04D1114940F2111003F01AFDD2
:10588400009B039300238DF80B300DF10B03184696
:10589400FFF7BEFE019B1B681C68621C1A6003991B
:1058A4000198FFF71FFF034623709DF80B3018463D
:1058B400FFF7C4FE00BF04B010BD00BF34B6020041
:1058C40000B583B00190019B002B03D10C4931201A
:1058D40003F0F0FC019B9B68002B0CD0019B5B69DF
:1058E400019A1069019A1168019A92689847019B7C
:1058F40000229A6000E000BF03B05DF804FB00BF23
:1059040088B602000EB400B584B00190019B002B50
:1059140003D11849422003F0CDFC019B5B69002BA5
:1059240003D11449432003F0C5FC019B1B68002BE1
:1059340003D11049442003F0BDFC019B5B68002B9C
:1059440003D10C49452003F0B5FC059B002B0AD07C
:105954000023039306AB039303AB1A4605990198FE
:1059640000F0B0F900E000BF04B05DF804EB03B050
:10597400704700BF88B6020000B583B001900B46A3
:105984008DF80330019B1A68019B9B68581C019990
:10599400886013449DF803201A70019B9A68019B48
:1059A4005B689A4202D30198FFF78AFF00BF03B0F5
:1059B4005DF804FB00B587B0039002910192009357
:1059C40000230593009B03F00103002B24D00BE07C
:1059D400029B01330293059B013305939DF8133019
:1059E40019460398FFF7C8FF029B1B788DF8133004
:1059F4009DF81330002BEBD106E0019B013B019392
:105A040020210398FFF7B8FF019A059B9A422ED9EB
:105A1400019B002BF1D12AE0029B002B0BD00298B2
:105A240005F0FEFA059006E0019B013B019320215D
:105A34000398FFF7A1FF019A059B9A420FD9019B96
:105A4400002BF1D10BE0029B01330293059B013340
:105A540005939DF8133019460398FFF78DFF029BB9
:105A64001B788DF813309DF81330002BEBD100BF59
:105A740007B05DF804FB000000B589B00390029103
:105A840001920093029B07930123069307E0079A70
:105A9400019BB2FBF3F30793069B01330693079A2A
:105AA400019B9A42F3D2009A069B9A4201D9009B29
:105AB40006930B9B03F00103002B22D10A9B002BBE
:105AC4001FD00B9B03F00203002B06D0009B002B7E
:105AD40003D130238DF8173002E020238DF81730DE
:105AE40008E00A9B013B0A939DF817301946039876
:105AF400FFF742FF0A9B002B03D0069A0A9B9A42A7
:105B0400EFD301230793009B012B03D9009B013B97
:105B1400009309E0029A079BB2FBF3F30493049AFF
:105B2400019B9A4200D205E0079B019A02FB03F312
:105B34000793E8E7029A079BB2FBF3F30493049BF1
:105B4400079A02FB03F3029AD31A0293154A049BA1
:105B540013441B7819460398FFF70EFF079A019B1D
:105B6400B2FBF3F30793079B002BE3D10B9B03F0EA
:105B74000103002B11D00A9B002B0ED006E00A9BD8
:105B8400013B0A9320210398FFF7F6FE0A9B002BA2
:105B940003D0069A0A9B9A42F1D300BF09B05DF87C
:105BA40004FB00BF28B7020000B589B0059004913A
:105BB40003920293049B002BB8BF5B42069301231C
:105BC400079307E0039B069A92FBF3F30693079B64
:105BD40001330793039B069A9A42F3DA029A079BCE
:105BE4009A4201D9029B07930A9B002B0AD0049B7B
:105BF400002B04DB0B9B03F00403002B02D00A9B55
:105C0400013B0A930B9B03F00203002B02D0029B7F
:105C1400002B16D00B9B03F00103002B11D10A9B20
:105C2400002B0ED006E00A9B013B0A932021059825
:105C3400FFF7A2FE0A9B002B03D0079A0A9B9A4205
:105C4400F1D3049B002B07DA049B5B4204932D21C0
:105C54000598FFF791FE08E00B9B03F00403002B6B
:105C640003D02B210598FFF787FE0B9B03F002035B
:105C7400002B19D00B9B03F00103002B14D1029BC2
:105C8400002B11D10A9B002B0ED006E00A9B013B8E
:105C94000A9330210598FFF76FFE0A9B002B03D06F
:105CA400079A0A9B9A42F1D304990B9B01930A9B8E
:105CB4000093029B039A0598FFF7DEFE00BF09B02C
:105CC4005DF804FB00B58FB0059004910392059B29
:105CD400002B04D1AD494FF49F7003F0EBFA059B00
:105CE4005B69002B04D1A9494FF4A07003F0E2FAD8
:105CF400059B1B68002B04D1A44940F2411003F01A
:105D0400D9FA059B5B68002B04D1A0494FF4A1701C
:105D140003F0D0FA049B002B00F09381049B1B78C2
:105D24008DF83730049B013304939DF83730002BF2
:105D340000F07E819DF83730252B40F06D810023E3
:105D44000A9301230C93049B1B788DF837309DF83C
:105D54003730302B0DD0302B1BDC2B2B11D02D2BBF
:105D640017D10A9B43F001030A93049B0133049364
:105D740012E00A9B43F002030A93049B0133049349
:105D84000AE00A9B43F004030A93049B013304933F
:105D940002E000230C9300BF0C9B002BD3D1002303
:105DA40009939DF837302A2B0CD1039B1B68191DCE
:105DB400039A11601B68099A13440993049B0133E5
:105DC40004931AE0049B1B788DF837309DF8373024
:105DD4002F2B12D99DF83730392B0ED8049B013361
:105DE4000493099A13469B0013445B001A469DF8DA
:105DF40037301344303B0993D3E700230B93049BC0
:105E04001B788DF837309DF837302E2B1DD1049B2D
:105E140001330493049B1B788DF837309DF8373099
:105E24002F2B12D99DF83730392B0ED8049B013310
:105E340004930B9A13469B0013445B001A469DF887
:105E440037301344303B0B93E4E7049B1B788DF805
:105E540037309DF837306C2B03D09DF83730682BE2
:105E640007D1049B01330493049B1B788DF83730CE
:105E7400EFE79DF83730252B00F0C480252BC0F2C6
:105E8400C680782B00F3C380582BC0F2C080583BE7
:105E9400202B00F2BC8001A252F823F0955F02008F
:105EA400136002001360020013600200136002001A
:105EB400136002001360020013600200136002000A
:105EC4001360020013600200255F0200475F0200B6
:105ED40013600200136002001360020013600200EA
:105EE400475F0200136002001360020013600200A7
:105EF400136002001360020013600200D55F020009
:105F04001360020013600200B95F02001360020014
:105F14006B5F02001360020013600200955F0200D1
:105F2400039B1B68191D039A11601B680C930C9B3F
:105F34008DF81F309DF81F3019460598FFF71CFD9A
:105F440066E0039B1B68191D039A11601B680C9380
:105F54000A9B0193099B00930B9B0A220C990598B9
:105F6400FFF722FE54E0039B1B68191D039A11607E
:105F74001B680C930C990A9B0193099B00930B9B40
:105F84000A220598FFF778FD42E000BFD4B602006C
:105F9400039B1B68191D039A11601B680C930C99D1
:105FA4000A9B0193099B00930B9B10220598FFF712
:105FB40063FD2DE0039B1B68191D039A11601B6888
:105FC40008930A9B099A08990598FFF7F3FC1FE0C8
:105FD400039B1B68191D039A11601B680C933021E5
:105FE4000598FFF7C9FC78210598FFF7C5FC0C99C3
:105FF4000023019308230093082310220598FFF738
:106004003BFD05E025210598FFF7B6FC00E000BF45
:10601400049B0133049305E09DF837301946059835
:10602400FFF7AAFC049B1B78002B7FF477AE00E0FB
:1060340000BF059B1B7B002B04D00598FFF740FC99
:1060440000E000BF0FB05DF804FB00BF10B487B0E0
:1060540001900091019B009A53E8004F04EB020069
:1060640043E8000191F0000FF6D1059404900391E8
:10607400049B184607B05DF8044B704710B487B012
:1060840001900091019B009A53E8004FA4EB020099
:1060940043E8000191F0000FF6D1059404900391B8
:1060A400049B184607B05DF8044B704700B583B0F5
:1060B40001900198FFF730FB0346184603B05DF8E2
:1060C40004FB00B58BB001900091019B1B8A043B3B
:1060D4000793009A079B1344DA1C079BB2FBF3F364
:1060E4008DF81B300198FFF76FFB0590059B002B83
:1060F40001D1002338E0059B00221A71059B01227F
:106104005A71079B9AB2059BDA80059B09939DF807
:106114001B30013B0493099B019A1A6000230893E6
:106124001DE00198FFF750FB0390039B002B0ED05A
:10613400059B5B790133DAB2059B5A71099B039A7B
:106144001A60039B019A1A60039B099304E0059863
:1061540000F00EF8002307E0089B01330893089A27
:10616400049B9A42DDD3059B18460BB05DF804FBF3
:1061740000B58BB00190019B0793079B5B798DF869
:106184001B30019B08939DF81B30013B05930023B2
:10619400099305E0089B1B680893099B0133099345
:1061A400099A059B9A42F5D3089B1B680493019BAB
:1061B4000893002309930BE0089B1B680393089939
:1061C4000498FFF749FB039B0893099B0133099348
:1061D4009DF81B30099A9A42EED300BF00BF0BB062
:1061E4005DF804FB00B585B00190019B0393039B0C
:1061F400043301211846FFF729FF00BF05B05DF8FD
:1062040004FB00B587B00190019B0593059B043303
:1062140001211846FFF732FF0346039303AB0493AF
:10622400049B1B78002B02D10198FFF7A1FF00BF4C
:1062340007B05DF804FB000000B58DB00390029137
:1062440001920093039B0693069BDB880593039BB3
:106254000B93009B1A1D059BB2FBF3F30A93009B5F
:106264000433059AB3FBF2F2059901FB02F29B1A7F
:106274000993009A019B1A44059B1344DA1C059B5D
:10628400B2FBF3F38DF81330069B5B799DF8132072
:106294009A420AD92849BA2003F00CF805E00B9B6E
:1062A4001B680B930A9B013B0A930A9B002BF6D1B4
:1062B40000230893059A099BD31A0793079A019B15
:1062C400934228BF134607932DE09DF83830002BE6
:1062D4000BD0029A089BD0180B9A099B13440433E1
:1062E400079A194604F0B2FE0AE00B9A099B13447C
:1062F400181D029A089B1344079A194604F0A6FE37
:10630400002309930B9B1B680B93019A079BD31AD9
:106314000193089A079B13440893059A019B93429F
:1063240028BF13460793019B002BCED100BF00BFAB
:106334000DB05DF804FB00BF38B7020000B587B0AC
:10634400059004910392029300230093029B039A05
:1063540004990598FFF770FF00BF07B05DF804FBD0
:1063640000B587B005900491039202930123009332
:10637400029B039A04990598FFF75EFF00BF07B0DC
:106384005DF804FB00B583B001900091019B002BE4
:1063940003D11049502002F08DFF009B002B03D144
:1063A4000C49512002F086FF019B009A1A60019B60
:1063B4001B681A68019B5A60019B5A68019B1B6801
:1063C4005B689A4202D1019B00225A6000BF03B06D
:1063D4005DF804FB8CB8020000B583B00190019B0A
:1063E400002B03D11449632002F064FF019B1B6856
:1063F400002B03D11049642002F05CFF019B5B6811
:10640400002B14D0019B5B681A46019B1B689B6898
:1064140013441A46019B5A60019B5A68019B1B68EE
:106424005B689A4204D1019B00225A6000E000BFDD
:1064340003B05DF804FB00BF8CB8020000B585B062
:106444000190019800F00EF80390039B002B01D0FB
:10645400039B00E0024B184605B05DF804FB00BF47
:10646400FCB8020086B00190164B0593164B0493BA
:106474001FE0049A059BD31ADB10DA0F13445B1058
:10648400DB00059A13440393039B1B680293029A4F
:10649400019B9A4202D9039B04930AE0029A019B4E
:1064A4009A4203D2039B0833059302E0039B5B6883
:1064B40004E0059A049B9A42DBD30023184606B0F5
:1064C400704700BF18BC020008BD020000B583B0CD
:1064D4000190019B1B681F2B04D905494FF4E870F8
:1064E40002F0E8FE4FF0A043184603B05DF804FB49
:1064F40008BD020000B585B00190084611461A4651
:1065040003468DF803300B468DF8023013468DF8A0
:10651400013001AB1846FFF7D9FF03909DF8032023
:106524009DF802305B001A439DF801309B001A432A
:106534009DF818301B0242EA03019DF81C301B042D
:10654400019A1943039B02F5E07243F8221000BF3D
:1065540005B05DF804FB00B585B0039000230193FA
:10656400002300930023012201210398FFF7C2FFB7
:1065740000BF05B05DF804FB00B585B0019001AB28
:106584001846FFF7A3FF0390019B012202FA03F3CD
:106594001946039800F069F800BF05B05DF804FBE4
:1065A40000B585B0019001AB1846FFF78FFF03904B
:1065B400019B012202FA03F31946039800F05FF8E5
:1065C40000BF05B05DF804FB00B585B0019001ABD8
:1065D4001846FFF77BFF0390039BD3F8043502931F
:1065E400029BDA43019B012101FA03F31A40039B46
:1065F400C3F80825019B01229A40029B1A40039B81
:10660400C3F80C2500BF05B05DF804FB00B583B0EA
:1066140001900091009B002B03D10198FFF7C0FF6C
:1066240002E00198FFF7A8FF00BF03B05DF804FB88
:1066340000B585B0019001AB1846FFF747FF039002
:10664400039800F00AF80246019B22FA03F303F0D0
:106654000103184605B05DF804FB82B00190019B6C
:10666400D3F80435184602B0704782B00190009107
:10667400019B009AC3F8082500BF02B0704782B09E
:1066840001900091019B009AC3F80C2500BF02B051
:106694007047000000B585B00190019B032B03D91E
:1066A4001149372002F006FE104A019B13441B785F
:1066B4001846FFF7BDFF0346002B14BF0123002338
:1066C4008DF80F309DF80F30002B14BF01230023E9
:1066D400DBB283F00103DBB203F00103DBB2184643
:1066E40005B05DF804FB00BF40BD020088BD020098
:1066F40000B583B00190019B032B03D907493E20C9
:1067040002F0D8FD064A019B13441B780021184669
:10671400FFF77CFF00BF03B05DF804FB40BD02003F
:1067240088BD020000B583B00190019B032B03D9FF
:106734000749442002F0BEFD064A019B13441B781E
:1067440001211846FFF762FF00BF03B05DF804FBA8
:1067540040BD020088BD020000B583B00023019350
:1067640005E00198FFF7DEFF019B01330193019BD4
:10677400032BF6D900BF00BF03B05DF804FB00B5DE
:1067840083B00023019305E00198FFF7B1FF019B5B
:1067940001330193019B032BF6D900BF00BF03B063
:1067A4005DF804FB00B583B00190019B032B03D972
:1067B40007495C2002F07EFD064A019B13441B78C6
:1067C4001846FFF701FF00BF03B05DF804FB00BFEC
:1067D40040BD020088BD020000B583B000230193D0
:1067E40009E0094A019B13441B781846FFF7B3FEDE
:1067F400019B01330193019B032BF2D9FFF7ACFFFB
:1068040000BF03B05DF804FB88BD020084B00190B2
:106814004FF0FF330293002303930DE00A4A039BD6
:1068240013441B781A46019B934202D1039B0293A3
:1068340005E0039B01330393039B032BEED9029BD7
:10684400184604B0704700BF8CBD020082B00346F6
:106854008DF807309DF8073003F01F0206499DF9B3
:1068640007305B09012000FA02F2203341F82320AB
:1068740000BF02B0704700BF00E100E082B00190A9
:106884004FF08042019BC2F8083300BF02B070474A
:1068940082B003468DF807309DF8073003F180433A
:1068A40001221A6000BF02B0704784B00346ADF8FD
:1068B4000630BDF8063003F1804300221A60BDF8AB
:1068C400063003F180431B680393039B00BF04B0AD
:1068D400704782B00346ADF80630BDF8063003F1C8
:1068E40080431B68002B14BF01230023DBB218462E
:1068F40002B0704782B003468DF807309DF8073028
:106904004FF0804203F00303C2F8183500BF02B011
:1069140070474FF08043D3F818341B0C03F0010385
:10692400002B14BF01230023DBB21846704700007C
:1069340082B003468DF807300A4A9DF907305B0997
:1069440052F823209DF8073003F01F0322FA03F3C3
:1069540003F00103002B14BF01230023DBB218460C
:1069640002B0704700E100E008B50020FFF7E0FF47
:10697400034683F00103DBB2002B03D00721002080
:1069840000F09AF900BF08BD08B504F07BF803468F
:1069940083F00103DBB2002B03D10949842002F008
:1069A40089FC0C20FFF774FF00BFFFF7B2FF03461A
:1069B400002BFAD1034B00229A7000BF08BD00BF20
:1069C40098BD0200BC1E002000B583B000230193D3
:1069D400134B1B78002B02D0852301931BE0104B33
:1069E40000229A600E4B00225A600D4B00221A615D
:1069F4000B4B0022DA60FFF7B7FF04F043F80346BD
:106A040083F00103DBB2002B02D00120FFF772FFF9
:106A1400034B01221A70019B184603B05DF804FB76
:106A2400BC1E002084B00190019B1B680393039B50
:106A3400002B03D0039B1A68019B1A60039B184622
:106A440004B0704700B583B0164B1B78002B04D1FB
:106A540015494FF48E7002F02DFC124BDB68002BAD
:106A640004D1114940F21D1002F024FC00238DF8DA
:106A740007300DF107031846FEF7CAFD094BDB6822
:106A8400013B084AD360074BDB68002B01D1FFF7B9
:106A94007BFF9DF807301846FEF7D0FD00BF03B01A
:106AA4005DF804FBBC1E002098BD020000B585B053
:106AB40003468DF807309DF80730002B02D10C4BAC
:106AC400039301E00B4B03930398FFF7ABFF029092
:106AD400029B002B06D0029B5B689DF807201046A2
:106AE4009847F1E700BF00BF05B05DF804FB00BFA5
:106AF400C41E0020CC1E002008B54FF48070FFF7A0
:106B0400E8FE0346002B0CD04FF48070FFF7CDFE57
:106B14000120FFF7B3FE0E4B01225A700020FFF74D
:106B2400C5FF4FF48270FFF7D4FE0346002B0CD050
:106B34004FF48270FFF7B9FE0220FFF79FFE044B6B
:106B440001229A700120FFF7B1FF00BF08BD00BF0A
:106B5400BC1E002000B583B001900091019B002B66
:106B640002D10020FFF7A2FF00BF03B05DF804FBD1
:106B740000B585B0034600918DF807309DF80730C5
:106B8400032B29D0032B37DC002B02D0012B04D09C
:106B940032E00020FFF75AFE2FE000238DF80F307B
:106BA4000DF10F031846FEF733FD164B1B7883F0E7
:106BB4000103DBB2002B01D0FFF706FF114BDB68AA
:106BC4000133104AD3600F4B01229A709DF80F30A5
:106BD4001846FEF733FD10E00A4B1B78002B04D156
:106BE400094940F25B2002F065FB0721002000F018
:106BF40063F8FFF727FF00E000BF00BF05B05DF8B2
:106C040004FB00BFBC1E002098BD020082B00346F6
:106C14008DF807309DF8073003F01F0205499DF9F0
:106C240007305B09012000FA02F241F8232000BF7B
:106C340002B0704700E100E082B003468DF80730EF
:106C44009DF8073003F01F0206499DF907305B09E0
:106C5400012000FA02F2603341F8232000BF02B0A1
:106C6400704700BF00E100E082B0034600918DF858
:106C740007309DF90730002B0CDA009BDAB20C497F
:106C84009DF8073003F00F03043B5201D2B20B44CA
:106C94001A7609E0009BDAB206499DF907305201E1
:106CA400D2B20B4483F8002300BF02B0704700BF88
:106CB40000ED00E000E100E000B583B003460A46C1
:106CC4008DF8073013468DF806309DF80630012BF9
:106CD40003D99DF80630032B0CD99DF80630042BFC
:106CE40003D99DF80630072B04D90D494FF492704F
:106CF40002F0E0FA9DF806209DF907301146184687
:106D0400FFF7B2FF9DF907301846FFF795FF9DF98D
:106D140007301846FFF77AFF00BF03B05DF804FBA5
:106D2400F0BD020000B583B00346ADF80630BDF8EF
:106D34000630184600F026F803461B68012B0CBFEA
:106D440001230023DBB2184603B05DF804FB00B551
:106D540085B00346ADF80630BDF80630184600F09D
:106D640011F803461A4600231360BDF8063018468E
:106D740000F008F803461B680393039B00BF05B0AB
:106D84005DF804FB82B00346ADF80630BDF806306A
:106D940003F1804303F5C043184602B07047000076
:106DA40082B00190034A019BC2F8043300BF02B0D1
:106DB400704700BF0060004082B00190034BD3F8DD
:106DC4000423019B1340184602B070470060004042
:106DD40082B00190084A019B03F5A27352F8233054
:106DE400054943F00102019B03F5A27341F82320F6
:106DF40000BF02B0704700BF0060004084B0039041
:106E0400029113468DF80730144A039B03F5A273CD
:106E140052F82330114923F4473323F44073039A7F
:106E240002F5A27241F822300C4A039B03F5A273C7
:106E340052F82320029B1B0203F4F8519DF80730FB
:106E44001B0403F440330B4304491A43039B03F527
:106E5400A27341F8232000BF04B0704700600040D3
:106E640082B00190054A019B03F5A27352F82330C6
:106E74001B0A03F01F03184602B07047006000406D
:106E840082B00190064A019B03F5A27352F82330A5
:106E94001B0C03F00303DBB2184602B0704700BFBB
:106EA4000060004000B583B00190019B1B681F2B5C
:106EB40004D905494FF4E87002F0FCF94FF0A043FF
:106EC400184603B05DF804FB4CBE020000B585B063
:106ED4000190084611461A4603468DF803300B46C6
:106EE4008DF8023013468DF8013001AB1846FFF7D8
:106EF400D9FF03909DF803209DF802305B001A43EC
:106F04009DF801309B001A439DF818301B0242EA99
:106F140003019DF81C301B04019A1943039B02F5DD
:106F2400E07243F8221000BF05B05DF804FB00B521
:106F340085B003900B468DF80B309DF80B30002282
:106F4400019200220092002200210398FFF7BEFF65
:106F540000BF05B05DF804FB00B585B0019001AB3E
:106F64001846FFF79FFF0390019A039B02F5E07216
:106F740053F8223023F002030293019A039B02F593
:106F8400E072029943F8221000BF05B05DF804FBDB
:106F940000B585B001900B468DF8033001AB18465F
:106FA400FFF780FF0390019A039B02F5E07253F808
:106FB4002230019A23F44031039B02F5E07243F836
:106FC4002210019A039B02F5E07253F822109DF8F7
:106FD40003301B04019A1943039B02F5E07243F842
:106FE400221000BF05B05DF804FB00B585B0019028
:106FF40001AB1846FFF756FF0390039800F020F802
:107004000246019B22FA03F303F00103184605B07C
:107014005DF804FB00B585B0019001AB1846FFF79D
:1070240041FF0390019A039B02F5E07253F822306A
:107034001B0C03F00303DBB2184605B05DF804FB38
:1070440082B00190019BD3F81035184602B0704706
:1070540000B587B00390029101924FF0A0430493CE
:10706400039A029B1344012B04D912494FF43A703A
:1070740002F020F9039B059311E0059B9B00183354
:107084006B4453F8083C1846FFF7DAFF0246019BAD
:107094001A60019B04330193059B01330593039A02
:1070A400029B1344059A9A42E7D300BF00BF07B07E
:1070B4005DF804FB4CBE020084B001900091009B7B
:1070C4000393019BDB080293019B03F007030193E5
:1070D4000122019B02FA03F30399029A0A441278EB
:1070E4001340184604B0704784B001900091009B8F
:1070F4000393019BDB080293019B03F007030193B5
:10710400039A029B13441B785AB20121019B01FA92
:1071140003F35BB2134359B2039A029B1344CAB2FA
:107124001A7000BF04B0704782B001900C4A019BF2
:107134001344303393F90030002B09DB084A019BD8
:107144001344303393F90030072B01DC012300E0B2
:10715400002303F00103DBB2184602B0704700BFFE
:10716400D01E002082B00190064A019B13443033A4
:1071740093F90030072BCCBF01230023DBB2184660
:1071840002B07047D01E002082B00190064A019BD5
:107194001344303393F90030DB43DBB2DB09DBB259
:1071A400184602B0704700BFD01E002084B0039080
:1071B400029101928DF80330029B59B20E4A039B4F
:1071C400134430330A461A700B49029B019A41F862
:1071D40023209DF8033083F00103DBB2002B08D099
:1071E400029B083B039A51B2034A13440A4683F8AC
:1071F400502000BF04B07047D01E002082B0019020
:10720400044A019B13443033FF221A7000BF02B0BA
:10721400704700BFD01E002082B00190044A019B39
:107224001344303393F90030184602B0704700BF5E
:10723400D01E002082B00190034A019B52F82330F3
:10724400184602B0704700BFD01E002000B589B0B8
:107254000390029113468DF80730FF238DF81F30F9
:107264009DF80730002B01D0002300E0082305938C
:107274009DF80730002B01D0082300E00C23049371
:10728400059B069314E00F4A069B52F82330B3F192
:10729400FF3F0AD19DF80730029A06990398FFF739
:1072A40085FF069B8DF81F3006E0069B013306938D
:1072B400069A049B9A42E6D39DF91F30184609B0FA
:1072C4005DF804FBD01E002082B003468DF8073021
:1072D4009DF80730094A4FF0FF3142F823109DF81A
:1072E4000730072B07D99DF80730083B034A13449E
:1072F400FF2283F8502000BF02B07047D01E002048
:1073040000B583B0214B93F85430002B03D00823ED
:107314000093009B36E000238DF8073009E09DF8C8
:1073240007301846FFF76AFF9DF8073001338DF8E0
:1073340007309DF807301F2BF1D900238DF8073053
:1073440009E09DF807301846FFF7BEFF9DF80730A7
:1073540001338DF807309DF807300B2BF1D9072145
:107364000620FFF7A9FC4FF4BE70FFF7F0FC4FF0C6
:107374000040FFF715FD054B012283F8542000233C
:107384000093009B184603B05DF804FBD01E002058
:10739400044B93F85430002B14BF01230023DBB2B9
:1073A40018467047D01E002000B587B003900291A4
:1073B4000192039B1F2B04D92B4940F2F71001F0D3
:1073C40079FF002305930398FFF7DEFE0346002BA5
:1073D40002D00823059342E0029BDB781A46019908
:1073E4000398FFF733FF03468DF813309DF91330EC
:1073F400B3F1FF3F31D0029B9B78002B03D003985D
:10740400FFF7AAFD05E0029B5B7819460398FFF796
:107414008EFD029BDB78002B08D09DF91300029BA4
:107424001B781A460399FFF7E9FC18E09DF913301D
:10743400083B0E4A134493F95010029B1B785BB22D
:107444009B015AB29DF91330083B0A4351B2074AD3
:1074540013440A4683F8502001E004230593059B56
:10746400184607B05DF804FB8CBE0200D01E002055
:1074740000B589B001900B468DF80330019B1F2B9A
:1074840004D93D4940F2252001F014FF0198FFF78B
:107494007BFE0346002B04D1374940F2262001F03D
:1074A40009FF0198FFF75EFE0346002B2FD00198D9
:1074B400FFF7B2FE0346083B304A134493F95030B9
:1074C4008DF80F309DF80F309B098DF80E309DF824
:1074D4000E30032B0BD10198FFF787FD0346002BD9
:1074E40001D0032300E002238DF81F3008E09DF84B
:1074F4000E30012B01D1022300E003238DF81F304D
:107504009DF81F3019460198FFF742FD30E00198BD
:10751400FFF70AFE0346002B2AD00198FFF77CFEF2
:1075240003460693069B9BB240339BB29B00ADF887
:107534001630069B1846FFF74BFCBDF8163018466C
:10754400FFF705FC9DF80330002B11D00198FFF7DD
:1075540063FE03461846FFF76DFE0490049B002B60
:1075640006D00122069B02FA03F31846FFF718FC23
:1075740000BF09B05DF804FB8CBE0200D01E0020E1
:1075840000B583B00190019B1F2B04D9084940F238
:10759400722001F08FFE0198FFF727FD0346002BB0
:1075A40014BF01230023DBB2184603B05DF804FBCB
:1075B4008CBE020000B597B00023109300230493FF
:1075C4004FF48073ADF84A300123119300231393D1
:1075D40021E0BDF84A301846FFF7A4FB0346002B10
:1075E4000ED01198FFF7E8FB0346002B08D0BDF836
:1075F4004A301846FFF7ABFB109A119B13431093C4
:10760400119B5B001193BDF84A300433ADF84A3046
:10761400139B01331393139B072BDAD94FF4BE70DA
:10762400FFF780FB0346002B0DD04FF4BE70FFF72D
:107634008EFB109B43F00043109304AB1A460121C8
:107644000020FFF705FD109BDBB2002B29D001239E
:1076540011930023139321E0119A109B1340002BE4
:1076640016D01398FFF7FCFB0E901398FFF708FC55
:1076740003468DF837301398FFF7DCFD0C900C9B14
:10768400002B05D09DF837200C9B11460E98984787
:10769400119B5B001193139B01331393139B072BD3
:1076A400DAD9109B002B80F2EE8000238DF8533042
:1076B40000230393002315930AE0159B9B00583382
:1076C4006B444FF0FF3243F8502C159B0133159354
:1076D400159B002BF1D000238DF853300023139316
:1076E40078E06B4A139B1344503393F900308DF8C0
:1076F4002F309DF82F3023F0C0030A93644A139B64
:107704001344503393F90030B3F1FF3F5FD002AB21
:1077140019460A98FFF7D0FC0346002B57D09DF872
:107724002F309B098DF827300A98FFF775FD034623
:107734001846FFF77FFD0890089B002B03D19DF8A6
:107744002730032B43D19DF82730032B04D103ABFF
:1077540019460A98FFF7C8FC0A98FFF75BFC034632
:107764008DF81F3004AB19460A98FFF7A5FC069064
:10777400069B002B03D09DF81F30022B06D0069BDE
:10778400002B24D19DF81F30032B20D19DF82730E6
:10779400032B13D19DF81F30022B01D1032300E0EA
:1077A40002238DF817309DF8173019460A98FFF711
:1077B400EFFB9DF8533001338DF85330089B002BB9
:1077C40005D09DF82720089B11460A989847139BDB
:1077D40001331393139B032B83D99DF85330002B50
:1077E4004CD001238DF83F3001AB1A460121002013
:1077F400FFF72EFC0023159314E0159B9B005833D0
:107804006B4453F8542C159B9B0058336B4453F82A
:10781400483C9A4203D000238DF83F3005E0159B85
:1078240001331593159B002BE7D09DF83F30002BB7
:1078340003D000238DF8533020E0002315931AE081
:10784400159B9B0058336B4453F8542C159B9B0099
:1078540058336B4443F8482C159B9B0058336B44B6
:1078640053F84C2C159B9B0058336B4443F8502C15
:10787400159B01331593159B002BE1D09DF85330D4
:10788400002B7FF428AF00BF17B05DF804FB00BFE6
:10789400D01E002082B003468DF807309DF80730D3
:1078A40003F01F0206499DF907305B09012000FA25
:1078B40002F2203341F8232000BF02B0704700BF1A
:1078C40000E100E084B001900B46ADF80230BDF851
:1078D4000230019A134400221A60BDF80230019A62
:1078E40013441B680393039B00BF04B0704782B02A
:1078F40001900B46ADF80230BDF80230019A1344F2
:107904001B68002B14BF01230023DBB2184602B00E
:10791400704782B001900091019B009AC3F8042340
:1079240000BF02B0704782B001900091019BD3F870
:107934000423009B1340002B14BF01230023DBB25C
:10794400184602B0704782B001900091019B009AE2
:10795400C3F8082300BF02B0704784B00190019BB4
:10796400D3F880340393019B039AC3F88024039BC8
:10797400184604B0704782B00190019B0422C3F8FA
:10798400002500BF02B0704782B00190019B002225
:10799400C3F8002500BF02B0704784B00390029181
:1079A4000192039B019AC3F81425039B029AC3F81E
:1079B4000C2500BF04B0704700B583B001904FF0B0
:1079C400FF324FF0FF310198FFF7E7FF00BF03B02C
:1079D4005DF804FB82B00190019BD3F80C35184686
:1079E40002B0704782B00190019BD3F81435184659
:1079F40002B0704782B00190019BD3F80835184655
:107A040002B0704782B00190019BD3F8103518463C
:107A140002B0704784B0039002910192039B029AD2
:107A2400C3F80825039B019AC3F8102500BF04B0CE
:107A3400704700B583B001904FF0FF324FF0FF3133
:107A44000198FFF7E7FF00BF03B05DF804FB82B0C5
:107A54000190019BD3F81835DBB2184602B0704789
:107A640082B001900B468DF803309DF80320019BF2
:107A7400C3F81C2500BF02B0704782B001900B46CA
:107A84008DF803309DF80330019A134401221A60E3
:107A940000BF02B0704782B001900B468DF80330EE
:107AA40013468DF802309DF803209DF802301343ED
:107AB400DBB21A46019BC3F86C2500BF02B07047C5
:107AC40082B001900091019B009AC3F8242500BF65
:107AD40002B0704784B001900B46ADF80230BDF897
:107AE4000230019A134400221A60BDF80230019A50
:107AF40013441B680393039B00BF04B0704782B018
:107B040001900B46ADF80230BDF80230019A1344DF
:107B14001B68002B14BF01230023DBB2184602B0FC
:107B2400704782B001900091019BD3F80022009B22
:107B3400DB431A40019BC3F8002200BF02B0704728
:107B440082B001900091019B009AC3F8042300BF06
:107B540002B0704782B001900091019B009AC3F873
:107B6400082300BF02B0704784B00190019BD3F892
:107B740080340393019B039AC3F88024039B184623
:107B840004B0704782B00190019B0822C3F800251D
:107B940000BF02B0704782B00190019B0022C3F87D
:107BA400002500BF02B0704784B003900291019297
:107BB400039B029AC3F80C25039B019AC3F814256E
:107BC40000BF04B0704700B583B001904FF0FF329E
:107BD4004FF0FF310198FFF7E7FF00BF03B05DF8F6
:107BE40004FB82B00190019BD3F80C35184602B017
:107BF400704782B00190019BD3F81435184602B047
:107C0400704782B00190019BD3F80835184602B042
:107C1400704782B00190019BD3F81035184602B02A
:107C2400704784B0039002910192039B029AC3F8B7
:107C34000825039B019AC3F8102500BF04B07047C0
:107C440000B583B001904FF0FF324FF0FF3101983F
:107C5400FFF7E7FF00BF03B05DF804FB82B00190BB
:107C64000B468DF803309DF80330019A134401222A
:107C74001A6000BF02B0704782B001900B468DF8C5
:107C8400033013468DF802309DF803209DF802302E
:107C94001343DBB21A46019BC3F86C2500BF02B044
:107CA400704782B001900091019B009AC3F824258B
:107CB40000BF02B0704784B00390029113468DF860
:107CC4000730029A039BC3F844259DF80720039BC1
:107CD400C3F8482500BF04B0704782B00190019BEF
:107CE400D3F84C35184602B0704782B00190019B1E
:107CF400D3F83C35184602B0704700B583B003464C
:107D04008DF807309DF907301846FFF7C3FD00BF13
:107D140003B05DF804FB84B00190019B1B0B8DF84C
:107D24000F309DF90F30184604B0704782B00190AF
:107D3400019B03F06043B3F1005F0CBF01230023F8
:107D4400DBB2184602B0704700B583B00190019BC6
:107D54001B681F2B04D905494FF4E87001F0AAFAF7
:107D64004FF0A043184603B05DF804FBE8BE0200E0
:107D740000B585B00190084611461A4603468DF8B1
:107D840003300B468DF8023013468DF8013001ABF9
:107D94001846FFF7D9FF03909DF803209DF80230A1
:107DA4005B001A439DF801309B001A439DF818307C
:107DB4001B0242EA03019DF81C301B04019A19437B
:107DC400039B02F5E07243F8221000BF05B05DF892
:107DD40004FB00B585B003900023019300230093B6
:107DE4000023012201210398FFF7C2FF00BF05B061
:107DF4005DF804FB00B585B003900B468DF80B309D
:107E04009DF80B30002201920022009200220021F2
:107E14000398FFF7ADFF00BF05B05DF804FB00B5A4
:107E240085B00390002301930023009300230122D3
:107E340000210398FFF79CFF00BF05B05DF804FB29
:107E440000B585B0019001AB1846FFF77DFF0390A4
:107E5400019B012202FA03F31946039800F004F887
:107E640000BF05B05DF804FB82B001900091019B56
:107E7400009AC3F8082500BF02B0704700B583B06C
:107E840001900091009B1B68B3F1FF3F09D0009B58
:107E94001B681846FFF7D4FF009B1B681846FFF7C2
:107EA40098FF009B5B68B3F1FF3F05D0009B5B68C4
:107EB40000211846FFF79EFF019B1B79464A5B0190
:107EC40013441C331B78002B41D0019B1A68009B80
:107ED4009B6919461046FFF7E4FE019B1868009B56
:107EE400597D009B1B7D1A46FFF7C6FE019B18684F
:107EF400009B1968009B5B681A46FFF755FE009BC0
:107F04001B7D012B64D1009B9B68B3F1FF3F05D01F
:107F1400009B9B6800211846FFF76CFF009BDB6801
:107F2400B3F1FF3F09D0009BDB681846FFF788FFD9
:107F3400009BDB681846FFF74CFF019B1868009B09
:107F4400D968009B9B681A46FFF76BFE40E0019BD3
:107F54001A68009B9B6919461046FFF7B1FD019B07
:107F64001868009B597D009B1B7D1A46FFF793FD03
:107F7400019B1868009B1968009B5B681A46FFF711
:107F84000CFD009B1B7D012B22D1009B9B68B3F150
:107F9400FF3F05D0009B9B6800211846FFF72AFF8E
:107FA400009BDB68B3F1FF3F09D0009BDB681846F8
:107FB400FFF746FF009BDB681846FFF70AFF019BAB
:107FC4001868009BD968009B9B681A46FFF722FD3E
:107FD40000BF03B05DF804FB281F002000B583B088
:107FE40001900B468DF80330019B1B792D4A5B01F0
:107FF40013441C331B78002B2FD0019B1B684FF4B8
:1080040088711846FFF766FD019B1B684FF4907159
:108014001846FFF75FFD019B1B684FF492711846E9
:10802400FFF758FD019B1B684FF4A2711846FFF738
:1080340051FD019B1B681C491846FFF781FD019BFC
:108044001B681846FFF767FE03461A469DF803307F
:1080540019461046FEF730FE20E0019B1B684FF4E2
:108064008E711846FFF72EFC019B1B684FF4A2711A
:108074001846FFF727FC019B1B680C491846FFF7BD
:1080840048FC019B1B681846FFF745FE03461A4649
:108094009DF8033019461046FEF70EFE00BF03B0EC
:1080A4005DF804FB281F002010030200800002007A
:1080B40000B583B00190019B1B79154A5B01134401
:1080C4001C331B78002B0FD0019B1B6811491846E9
:1080D400FFF740FD019B1B681846FFF71CFE034693
:1080E4001846FFF70AFE0EE0019B1B680A49184672
:1080F400FFF729FC019B1B681846FFF70CFE03469B
:108104001846FFF7FAFD00BF03B05DF804FB00BF9B
:10811400281F0020100302008402020000B587B06B
:108124000190019B1B79364A5B0113441C331B7875
:10813400002B22D0019B1B681846FFF752FD0590C7
:10814400019B1B681846FFF754FD0490019B1B68B4
:108154001846FFF756FD0390019B1B681846FFF76E
:1081640058FD0290019B1B681846FFF72CFD019BEC
:108174001B681846FFF764FD21E0019B1B68184645
:10818400FFF728FC0590019B1B681846FFF72AFCA3
:108194000490019B1B681846FFF72CFC0390019B7D
:1081A4001B681846FFF72EFC0290019B1B681846BB
:1081B400FFF702FC019B1B681846FFF73AFC059B7E
:1081C400B3F1FF3F02D00598FFF729FE049BB3F1FA
:1081D400FF3F02D00498FFF722FE029BB3F1FF3F5A
:1081E40002D00298FFF71BFE039BB3F1FF3F02D0BE
:1081F4000398FFF714FE00BF07B05DF804FB00BF4F
:10820400281F002000B583B00190019B1B790B4A05
:108214005B0113441C331B78002B05D0019B1B68A6
:108224001846FFF7AFFC04E0019B1B681846FFF7F4
:10823400A2FB00BF03B05DF804FB00BF281F0020B1
:1082440000B583B00190019B1B790B4A5B01134479
:108254001C331B78002B05D0019B1B681846FFF7C5
:108264009AFC04E0019B1B681846FFF78DFB00BFD6
:1082740003B05DF804FB00BF281F002000B587B0E1
:10828400039002910192029B002B04D122494FF4E6
:10829400887001F00FF8039B1B795B011F4A13449C
:1082A400059300230493059BDB7E002B03D0082356
:1082B4000493049B2BE0029B5A7F059B1A77029937
:1082C4000398FFF7DBFD059B019A5A60029B1A692C
:1082D400059B1A60059B5B68002B05D0029B1B7FE6
:1082E40019460398FFF77AFE0398FFF78BFF059B67
:1082F4000022DA75059B00221A76059B00229A75E6
:10830400059B0122DA76059B00229A76049B184687
:1083140007B05DF804FB00BF28BF0200281F00203F
:1083240000B585B00190019B1B795B010C4A134495
:1083340003930198FFF784FF039B5B68002B02D033
:108344000198FFF7B5FE0198FFF7E8FE039B0022B2
:10835400DA76039B00225A6000BF05B05DF804FB87
:10836400281F002000B585B0019000914FF48E7154
:108374000198FFF7A7FA009B9B68009A928A92B231
:1083840013441B788DF80F30009B9B8A9BB20133FA
:108394009AB2009B9A829DF80F3019460198FFF714
:1083A4005FFB00BF05B05DF804FB000000B585B0BD
:1083B4000190019B1B795B01344A1344029300230F
:1083C4000393019B1B684FF48E711846FFF77AFAEA
:1083D400019B1B6808211846FFF74FFB019B1B6894
:1083E40002991846FFF7BEFF029B5B68002B47D13A
:1083F4001FE000BF019B1B684FF48E711846FFF706
:1084040076FA034683F00103DBB2002B05D0029B0E
:108414009B8A9BB2B3F5807FECD1029B9B8A9BB273
:10842400B3F5807F05D0019B1B6802991846FFF7BE
:1084340099FF029B9B8A9BB2029A927D9342D8D366
:10844400029B9B8A9BB2B3F5807F02D10F230393D7
:1084540013E000BF019B1B684FF48E711846FFF7B1
:1084640046FA034683F00103DBB2002BF2D1019BF1
:108474001B680C211846FFF700FB029B00229A752B
:10848400039B184605B05DF804FB00BF281F0020BD
:1084940000B587B00190019B1B795B012A4A134404
:1084A400049300230593019B1B684FF490711846B5
:1084B400FFF710FB019B1B684FF4AC711846FFF7E4
:1084C40009FB019B1868049B9968049B9B7D1A46D1
:1084D400FFF7F1FB019B1B6808211846FFF7BEFB61
:1084E400049B5B68002B2AD1019B1B684FF490719D
:1084F4001846FFF704FB03468DF80F30019B1B68F9
:108504004FF4AC711846FFF7FAFA03468DF80E30B3
:108514009DF80F3083F00103DBB2002B06D09DF8E9
:108524000E3083F00103DBB2002BDDD19DF80E3059
:10853400002B01D00F230593049B00229A75059B01
:10854400184607B05DF804FB281F002000B587B06B
:108554000390029113468DF80730039B1B795B014E
:108564002E4A13440493049BDB7E012B04D02C4934
:108574004FF4CC7000F09EFE9DF80730002B04D120
:10858400274940F2991000F095FE029B002B04D17C
:1085940023494FF4CD7000F08DFE039B1B791F4AD5
:1085A4005B0113441C331B78002B0CD00298FFF79B
:1085B400BDFB034683F00103DBB2002B03D0102381
:1085C4000593059B25E0039800F02CF80346002B47
:1085D40003D011230593059B1BE0049B9DF8072002
:1085E4009A75049B029A9A60049B00229A82039BC8
:1085F4001B790A4A5B0113441C331B78002B04D0FB
:108604000398FFF745FF034603E00398FFF7CEFE08
:108614000346184607B05DF804FB00BF281F00207E
:1086240028BF020082B00190019B1B79064A5B01BE
:10863400134416331B78002B14BF01230023DBB231
:10864400184602B0704700BF281F002010B582B042
:1086540001900091009BDB7D002B08D14FF48471C5
:108664000198FFF72FF90198FFF7F1F916E04FF49D
:1086740084710198FFF726F9009BDB68009A527E0B
:10868400D2B29C180198FFF7E2F903462370009BCD
:108694005B7EDBB20133DAB2009B5A7602B010BDC6
:1086A40000B589B003900B4601928DF80B3001237D
:1086B4008DF810309DF80B308DF81830019B059320
:1086C400039B5B68039A116804AA1046984700BF8D
:1086D40009B05DF804FB00B587B001900B468DF836
:1086E400033000238DF808309DF803308DF81030E6
:1086F400019B9B680393019B00229A75019B5B6815
:10870400019A116802AA1046984700BF07B05DF8A5
:1087140004FB00B589B0019000914FF400710198F9
:10872400FFF701F90346002B39D04FF492710198F9
:10873400FFF7DDF80346002B31D04FF49271019816
:10874400FFF7C0F84FF401710198FFF7FCF8009BA4
:108754009B7E83F00103DBB2002B03D0042101983C
:10876400FFF78BF902238DF808300198FFF7F5F82D
:1087740003460593009BDB7D8DF81030009BDB687E
:108784000393009B0022DA75009B00221A76009B5B
:108794005B68009A116802AA1046984756E00421C3
:1087A4000198FFF7C0F80346002B4FD04FF48471B3
:1087B4000198FFF79CF80346002B47D000990198D5
:1087C400FFF744FF009BDA7D009B5B7EDBB29A429D
:1087D4003CD1009B1B7E002B1CD0009BDB680793C5
:1087E400009B5B7E8DF81B30009B1A7E009BDA7524
:1087F400009B1A69009BDA60009B00221A76009B9A
:1088040000225A769DF81B30079A19460098FFF704
:1088140047FF1BE0009B9B7E83F00103DBB2002B30
:1088240003D004210198FFF728F94FF4017101984E
:10883400FFF789F8009B0022DA75009B5B7ED9B2B2
:10884400009BDB681A460098FFF72AFF4FF48E71ED
:108854000198FFF74CF80346002B1AD0009B9B8A23
:108864009BB2009A927D934204D200990198FFF73B
:1088740079FD0EE04FF48E710198FFF723F8009B09
:108884009B7D002B05D0009B9B7D19460098FFF72C
:1088940022FF4FF4A2710198FFF729F80346002B39
:1088A4001CD04FF4A2710198FFF70CF8009B9B7E3B
:1088B400002B03D000210198FFF7DFF8009BDB7D3C
:1088C400002B0BD0009B0022DA75009B5B7ED9B293
:1088D400009BDB681A460098FFF7E2FE00BF09B070
:1088E4005DF804FB00B589B0019000914FF49271DA
:1088F4000198FFF704F90346002B24D04FF492713A
:108904000198FFF7E7F802238DF808300198FFF784
:108914002BF9034605930198FFF7E7F90346DBB209
:108924008DF81030009BDB680393009B0022DA75FE
:10893400009B00221A76009B5B68009A116802AAC9
:108944001046984741E04FF488710198FFF7D7F833
:108954000346002B39D04FF488710198FFF7BAF819
:108964000198FFF7C2F903468DF81F30009BDB7DA9
:108974009DF81F209A4228D1009B1B7E002B19D002
:10898400009BDB68069320210198FFF7CAF8009B3F
:108994001A7E009BDA75009B1A69009BDA60009BC3
:1089A40000221A769DF81F30069A19460098FFF7A0
:1089B40077FE0AE0009B0022DA75009BDA689DF8D6
:1089C4001F3019460098FFF76BFE4FF4A27101980F
:1089D400FFF795F80346002B16D04FF4A2710198C7
:1089E400FFF778F8009BDB7D002B0DD0009B002265
:1089F400DA750198FFF779F90346D9B2009BDB6871
:108A04001A460098FFF74CFE4FF490710198FFF757
:108A140076F80346002B11D04FF490710198FFF7BC
:108A240059F8009B9B7D002B08D00198FFF755F95E
:108A34000346DBB219460098FFF74DFE00BF09B0AC
:108A44005DF804FB08B5074B1B7F002B04D00549D8
:108A54000548FFF747FF03E002490348FFF759FEC3
:108A640000BF08BD281F00200020004000B587B0CB
:108A740003460A468DF8073013468DF80630002366
:108A84008DF81730002304939DF807301846FDF73E
:108A9400BDFE0490049B032B62D89DF80630022B84
:108AA40052D0022B5CDC002B31D0012B58D135493C
:108AB400049A13465B0013440B441B788DF817305B
:108AC4003049049A13465B0013440B4401331B786A
:108AD400002B0ED02C4B2D4A4FF400411846FCF7C6
:108AE400CFFC0390039B002B03D1284A9DF8073049
:108AF40013702449049A13465B0013440B44023355
:108B04001978234A049B13440A461A7028E01E4B22
:108B14001846FCF7E7FC1E4A049B134419781948CD
:108B2400049A13465B001344034402331B789942AE
:108B340015D11449049A13465B0013440B440233C1
:108B44001B788DF817300AE00E49049A13465B002F
:108B540013440B4401331B788DF8173000E000BF39
:108B64009DF81730002B09D00A4B1B68002B05D049
:108B7400084B1B689DF817201046984700BF07B0A4
:108B84005DF804FB981F0020A41F0020C41F0020D0
:108B9400C81F0020941F002000B583B00190019BE2
:108BA4001B7802211846FFF761FF00BF03B05DF890
:108BB40004FB000000B583B00C4B1B78002B0FD0D6
:108BC4000023019308E0019B022B02D00198FDF7DA
:108BD400A9FD019B01330193019B032BF3D901E010
:108BE400FDF7BAFD00BF03B05DF804FB501F002081
:108BF4002DE9D04F92B003468DF83F3000231193F6
:108C040000231093C94B1B78002B04D0C74A0023C0
:108C14001370FFF7CFFF9DF83F30172B00F2398216
:108C240001A252F823F000BF8D8C02009B8C02003D
:108C34009B8C0200378D0200D38D02004F8E020000
:108C4400E38E0200038F0200138F02003D8F0200A7
:108C54005B8F0200798F0200978F0200A58F0200BC
:108C6400A58F0200A58F0200A58F0200A58F020028
:108C740039900200479002005B9002006F9002005E
:108C84008990020089900200FFF794FFA84A9DF89A
:108C94003F301370FEE10020FDF7FCFC0346002B7F
:108CA4000DD00020FDF73EFD9DF83F30022B02D190
:108CB4004FF4E16301E04FF47A6310930BE000207A
:108CC400FDF716FD9DF83F30022B01D1C82301E0CA
:108CD4004FF4C8731093964A9DF83F301370954C27
:108CE400109B0022009301924FF000024FF000030A
:108CF400DDE900673946CB03314643EA5143314647
:108D0400CA0312F5FA71029143F1000303934FF47D
:108D14007A724FF00003DDE9020102F0DDF8024649
:108D24000B461346002219462046FCF7A9FB119076
:108D3400B0E10020FDF7AEFC0346002B0DD000206F
:108D4400FDF7F0FC9DF83F30032B02D14FF448733C
:108D540001E04FF47A6310930BE00020FDF7C8FCA8
:108D64009DF83F30032B01D1C82301E04FF4C873B1
:108D740010936F4A9DF83F3013706E4C109B002285
:108D8400049305924FF000024FF00003DDE90467FD
:108D94003946CB03314643EA51433146CA0312F5FF
:108DA400FA71069143F1000307934FF47A724FF07E
:108DB4000003DDE9060102F08FF802460B46134674
:108DC400002219462046FCF75BFB119062E100206B
:108DD400FDF760FC0346002B06D00020FDF7A2FC43
:108DE4004FF47A63109305E00020FDF781FC4FF403
:108DF400C87310934E4A9DF83F3013704D4C109B2E
:108E040000229A4693464FF000024FF000034FEAC7
:108E1400CB3343EA5A434FEACA3212F5FA71089146
:108E240043F1000309934FF47A724FF00003DDE934
:108E3400080102F051F802460B4613460022194677
:108E44002046FCF71DFB119024E10020FDF722FCD5
:108E54000346002B0CD00020FDF764FC9DF83F3046
:108E6400052B01D1C82301E04FF47A6310930BE082
:108E74000020FDF73DFC9DF83F30052B01D1C823B0
:108E840001E04FF4C8731093294A9DF83F301370E2
:108E9400284C109B0022984691464FF000024FF058
:108EA40000034FEAC93343EA58434FEAC83212F584
:108EB400FA710A9143F100030B934FF47A724FF065
:108EC4000003DDE90A0102F007F802460B461346E7
:108ED400002219462046FCF7D3FA1190DAE000206C
:108EE400FDF760FC124A9DF83F301370114B0022CD
:108EF40040F6CD411846FCF7C3FA1190CAE00020B1
:108F0400FDF7F6FB0A4A9DF83F301370C2E0074BA9
:108F140001221A700120FDF745FC064B002240F6A1
:108F2400CD411846FCF7ACFA1190B3E0491F00207C
:108F3400481F0020541F0020594B01221A700120A1
:108F4400FDF730FC574B00224FF480411846FCF7E4
:108F540097FA11909EE0524B01221A700120FDF7FE
:108F640021FC504B002240F6CD411846FCF788FA0C
:108F740011908FE04A4B01221A700120FDF712FC78
:108F8400484B00224FF480411846FCF779FA1190BF
:108F940080E0FDF7F4FB444A9DF83F30137079E01C
:108FA400424B1846FCF79EFA11909DF83F30C3F1EE
:108FB40011031093109B002B35D0119B002B32D141
:108FC400109B012B28D9394C109B9BB21A46C823FD
:108FD40002FB03F3DA171E4617464FF000024FF068
:108FE4000003FB0343EA5643F20312F5FA710C91B2
:108FF40043F100030D934FF47A724FF00003DDE95F
:109004000C0101F069FF02460B4613460022194683
:109014002046FCF735FA11900220FDF769FB244B3A
:1090240001221A7036E00220FDF77CFB204B00225F
:109034001A702FE0FFF7BEFD1B4A9DF83F301370F6
:1090440028E0FFF7B7FD0020FDF752FB164A9DF814
:109054003F3013701EE0FFF7ADFD0120FDF748FB24
:10906400114A9DF83F30137014E0FFF7A3FD002070
:10907400FDF73EFB0120FDF73BFB0B4A9DF83F301B
:10908400137007E0FDF77BFB074A9DF83F30137030
:1090940000E000BF119B184612B0BDE8D08F00BF9E
:1090A400491F0020541F0020481F0020741F002067
:1090B400501F002000B583B00190074B1B6803F0DC
:1090C4000103002B04D0054B1B781846FFF790FDD5
:1090D40000BF03B05DF804FB4C1F0020481F0020B4
:1090E40000B583B001900220FDF75CFB00BF03B024
:1090F4005DF804FB00B585B003468DF80730002306
:109104000393084B1B6803F00103002B05D09DF863
:1091140007301846FFF76CFD0390039B184605B013
:109124005DF804FB4C1F002000B585B00190009150
:1091340000230393294A019B1360294A009B13606F
:10914400019B03F00203002B2AD00023029308E0C2
:1091540001220121029800F053F80390029B01338D
:109164000293029B032B02D8039B002BF0D0039B9A
:10917400002B06D140F2666204211A48FBF726FA56
:109184000390039B002B02D1FBF792FA0390039BFD
:10919400002B05D1144A00211448FCF741F903902F
:1091A400019B03F00103002B01D0FDF715FB039B8A
:1091B400002B05D10E4A00210E48FCF731F903902B
:1091C400039B002B05D10C4A01210C48FCF728F91C
:1091D4000390039B184605B05DF804FB4C1F002068
:1091E400941F00208CBF02009D8B020088BF0200E8
:1091F400B990020080BF0200E590020084BF020023
:1092040084B001900B468DF8033013468DF802307C
:1092140000230393019B032B3CD89DF80230012BC0
:109224000BD19DF80330012B04D1019BDBB20E332B
:10923400DBB200E000238DF802309DF80330022BEE
:109244000FD0022B23DC002B16D0012B1FD1144985
:10925400019A13465B0013440B449DF802201A70D4
:109264001AE00F49019A13465B0013440B4401337F
:109274009DF802201A700FE00949019A13465B0019
:1092840013440B4402339DF802201A7004E00723B0
:10929400039301E007230393039B184604B070472C
:1092A400981F00203EDF704700BF184673DF7047E9
:1092B40000BF184600B583B003460091ADF80630F0
:1092C400BDF80630009A19460348FBF71DFA00BFA3
:1092D40003B05DF804FB00BFEFBEADDE00B597B090
:1092E40004238DF857305923ADF804301D4B0393F4
:1092F4001723ADF8083004AB3C220021184601F0D6
:10930400D7FE00238DF810309DF857308DF81330B8
:1093140001AB0D9304AB0021184600F06CFE1490D1
:10932400149B1393139B002B04D00F4AA72113986B
:10933400FBF7EAF9102200210C4801F0B9FE0B4BAF
:1093440003221A70094B00225A60084B00221A7239
:10935400064BA0225A81054B00229A8100BF17B008
:109364005DF804FBD8170020ACBF0200CC1F00201E
:1093740000B585B001211048FFF798FF0390039BC7
:109384000293029B002B04D00C4ABB210298FBF7EA
:10939400BBF90220FFF7AEFE0390039B0193019BF0
:1093A400002B04D0054ABE210198FBF7ADF900BF9C
:1093B40005B05DF804FB00BFCC1F0020ACBF020069
:1093C40000B587B001F01AFB0590059B0493049B3C
:1093D400002B04D0144ACB210498FBF795F9002301
:1093E400019301AB1946012001F0B0FB0590059BE8
:1093F4000393039B002B04D00B4AD1210398FBF762
:1094040083F901AB184601F087FC0590059B029394
:10941400029B002B04D0044AD5210298FBF774F96F
:1094240000BF07B05DF804FBACBF020000B583B019
:109434000020FAF773F90190019B0093009B002B25
:1094440004D0054ADD210098FBF75EF9FAF7C4F869
:1094540000BF03B05DF804FBACBF020000B583B0ED
:1094640000210120FFF760FE0190019B0093009B07
:10947400002B04D0044AE6210098FBF745F900BF0D
:1094840003B05DF804FB00BFACBF020000B583B0BD
:10949400FBF792FF0190019B0093009B002B04D0EB
:1094A400044AEE210098FBF72FF900BF03B05DF8E2
:1094B40004FB00BFACBF020000B583B0FFF7F2FEAF
:1094C4000190019B0093009B002B04D0044AF621D9
:1094D4000098FBF719F900BF03B05DF804FB00BF67
:1094E400ACBF020008B5FFF7A1FFFFF7CFFFFFF7FE
:1094F400B5FFFFF765FFFFF7F1FEFFF739FF0A4BF2
:109504001B881B0443F0030308491846FAF774FB4D
:10951400FAF7CCFB034683F00103DBB2002BF7D050
:10952400FFF7CAFFF4E700BF2017002008C00200BD
:109534006DDF704700BF184672DF704700BF1846E2
:1095440079DF704700BF18467DDF704700BF1846BB
:1095540064DF704700BF184682B003460091ADF83F
:109564000630BDF80630DAB2009B1A70BDF806303A
:109574001B0A9AB2009B0133D2B21A700223184616
:1095840002B0704700B589B0039002911346ADF85C
:109594000630029B1B8803F10902BDF806309A428B
:1095A40001D90C2351E005AB1846FFF7C1FF079022
:1095B400079B002B01D0079B47E0029B1B881A46A0
:1095C400039B134408221A70029B1B8801339AB22E
:1095D400029B1A80029B1B881A46039B13441B227E
:1095E4001A70029B1B8801339AB2029B1A80029B59
:1095F4001B881A46039B981805AB013306221946AB
:1096040001F024FD029B1B8806339AB2029B1A8048
:109614009DF8143023F00103DBB2002B07D1029B29
:109624001B881A46039B134400221A7006E0029B0F
:109634001B881A46039B134401221A70029B1B8841
:1096440001339AB2029B1A800023184609B05DF8D0
:1096540004FB00B589B0039002910192ADF8023089
:10966400039B1B78012B05D1039B5B78002B01D155
:10967400072388E0019B1B889A1CBDF802309A429C
:109684000ED8039B1B78012B0CD1019B1B881A4617
:10969400039B5B7813449A1CBDF802309A4201D9AB
:1096A4000C2370E0019B1B88BDF80220D31A9BB2E7
:1096B400023BADF81C30BDF81C30ADF81630019BF0
:1096C4001B880233029A13440DF116021146184600
:1096D400FFF73AFF0690069B002B01D0069B52E051
:1096E400039B1B78022B09D1BDF81630BDF81C2052
:1096F4009A4203D309238DF81F3016E008238DF80E
:109704001F30039B1B78012B0BD1039B5B781A46FC
:10971400BDF81C30934204D3039B5B78ADF816303C
:1097240003E0BDF81C30ADF81630BDF81630FE2B42
:1097340001D90C2327E0BDF81630DAB2019B1B884F
:109744001946029B0B440132D2B21A70019B1B884A
:1097540001339AB2019B1A80019B1B881A46029B13
:1097640013449DF81F201A70019B1B8801339AB281
:10977400019B1A80019B1A88BDF8163013449AB2D3
:10978400019B1A800023184609B05DF804FB00B55C
:1097940087B0039002911346ADF80630029B1B88F4
:1097A4001A1DBDF806309A4201D90C2338E00DF198
:1097B40012031846FFF7C4FE0590059B002B01D049
:1097C400059B2DE0029B1B881A46039B134403222E
:1097D4001A70029B1B8801339AB2029B1A80029B67
:1097E4001B881A46039B134419221A70029B1B8878
:1097F40001339AB2029B1A80BDF81220029B1B8887
:109804001946039B0B4419461046FFF7A5FE034671
:109814001A46029B1B8813449AB2029B1A800023A7
:10982400184607B05DF804FB84B0029101921A4611
:1098340003468DF80F301346ADF80C30019B1B889E
:10984400DA1CBDF80C309A4201D90C2328E0019BA4
:109854001B881A46029B134402221A70019B1B8820
:1098640001339AB2019B1A80019B1B881A46029B02
:10987400134401221A70019B1B8801339AB2019B85
:109884001A80019B1B881A46029B13449DF80F20E3
:109894001A70019B1B8801339AB2019B1A80002322
:1098A400184604B0704784B0029101921A460346E8
:1098B4008DF80F301346ADF80C30019B1B88DA1C71
:1098C400BDF80C309A4201D90C2328E0019B1B8877
:1098D4001A46029B134402221A70019B1B8801330F
:1098E4009AB2019B1A80019B1B881A46029B13445F
:1098F4000A221A70019B1B8801339AB2019B1A80B9
:10990400019B1B881A46029B13449DF80F201A7072
:10991400019B1B8801339AB2019B1A8000231846CD
:1099240004B0704700B58BB0039001930B468DF8DB
:109934000B3013468DF80A3000238DF823300C9B2E
:109944001B88ADF82030002309936CE0039B5A6810
:10995400099B9B001A4404AB106818600DF11601B2
:1099640004AB00221846FFF7F3FD0690069B002B7C
:1099740001D0069B79E09DF816309DF80A209A42A2
:109984004ED19DF82330002B01D0002300E00223A8
:109994008DF817300C9B1B881A469DF816301A4414
:1099A4009DF817301A44BDF834309A4201DD0C2377
:1099B4005BE09DF8233083F00103DBB2002B16D06B
:1099C4000C9B1B8801339AB20C9B1A800C9B1B883E
:1099D4001A46019B13449DF80B201A700C9B1B889C
:1099E40001339AB20C9B1A8001238DF823300C9B0F
:1099F4001B881A46019B1A440DF1160104AB184644
:109A0400FFF7A6FD0690069B002B01D0069B2CE0D9
:109A14000C9B1B889DF8162013449AB20C9B1A8049
:109A2400099B01330993039B1B881A46099B9342A4
:109A34008CDB9DF82330002B16D00C9B1A88BDF8C4
:109A44002030D31A9BB2013BADF81E30BDF81E3056
:109A5400FF2B01D90C2308E0BDF82030019A1344F0
:109A6400BDF81E20D2B21A70002318460BB05DF860
:109A740004FB00B589B0059003930B468DF81330B1
:109A840013468DF812309DF81310BDF82C30019355
:109A94000A9B0093039B02220598FFF743FF07905C
:109AA400079B002B01D0079B12E09DF81210BDF814
:109AB4002C3001930A9B0093039B10220598FFF717
:109AC40031FF0790079B002B01D0079B00E0002388
:109AD400184609B05DF804FB82B00190019B1B8815
:109AE400052B0AD9019B1B88B3F5486F07D9019B45
:109AF4001B884FF6FF72934201D0072325E0019B98
:109B04005B88052B0AD9019B5B88B3F5486F07D99D
:109B1400019B5B884FF6FF72934201D0072314E048
:109B2400019B1B884FF6FF7293420DD0019B5B880B
:109B34004FF6FF72934207D0019B1A88019B5B8802
:109B44009A4201D9072300E00023184602B0704767
:109B540000B587B0039002910192ADF80230019BE9
:109B64001B889A1DBDF802309A4201D90C2349E0A2
:109B74000398FFF7B1FF0590059B002B01D0059BCF
:109B840040E0019B1B881A46029B134405221A706D
:109B9400019B1B8801339AB2019B1A80019B1B888D
:109BA4001A46029B134412221A70019B1B8801332C
:109BB4009AB2019B1A80039B1A88019B1B88194641
:109BC400029B0B4419461046FFF7C6FC03461A468F
:109BD400019B1B8813449AB2019B1A80039B5A88E9
:109BE400019B1B881946029B0B4419461046FFF73C
:109BF400B3FC03461A46019B1B8813449AB2019B8B
:109C04001A800023184607B05DF804FB00B587B03E
:109C1400039002910192ADF80230039B9B880233BA
:109C24000593019B1B881A46059B13449A1CBDF897
:109C340002309A4201D90C2353E0059BFE2B01D933
:109C44000C234EE0059BDAB2019B1B881946029B4C
:109C54000B440132D2B21A70019B1B8801339AB2B1
:109C6400019B1A80019B1B881A46029B1344FF2206
:109C74001A70019B1B8801339AB2019B1A80039BC3
:109C84001A88019B1B881946029B0B4419461046EF
:109C9400FFF762FC03461A46019B1B8813449AB2E1
:109CA400019B1A80039B9B88002B19D0039B9B6804
:109CB400002B01D1072314E0019B1B881A46029B49
:109CC4009818039B9968039B9B881A4601F0BEF978
:109CD400019B1A88039B9B8813449AB2019B1A80A8
:109CE4000023184607B05DF804FB00B589B0039063
:109CF40002910192ADF80230039B9B6A002B01D1C3
:109D0400072371E000238DF81F3065E0039B996AF7
:109D14009DF81F2013465B0013449B000B440693DD
:109D2400069B9B8802330593059BFE2B01D90C23CC
:109D34005AE0059BDAB2019B1B881946029B0B442F
:109D44000132D2B21A70019B1B8801339AB2019B73
:109D54001A80019B1B881A46029B134416221A7010
:109D6400019B1B8801339AB2019B1A80069B1A88B7
:109D7400019B1B881946029B0B4419461046FFF7AA
:109D8400EBFB03461A46019B1B8813449AB2019BC2
:109D94001A80069B9B88002B19D0069B9B68002B7E
:109DA40001D1072320E0019B1B881A46029B9818C7
:109DB400069B9968069B9B881A4601F047F9019B0C
:109DC4001A88069B9B8813449AB2019B1A809DF8BB
:109DD4001F3001338DF81F30039B93F82C309DF80E
:109DE4001F209A4292D30023184609B05DF804FB61
:109DF40000B589B005900491039200230793039B57
:109E04001B88ADF81A30039B00221A80059B93F837
:109E14002D30002B0CD0BDF81A301A460399049843
:109E2400FFF7B0FB0790079B002B01D0079BC4E012
:109E3400059B9B78002B0CD0BDF81A301A46039969
:109E44000498FFF7A4FC0790079B002B01D0079B05
:109E5400B3E0059BDB78002B0ED0059BDB7858B272
:109E6400BDF81A30039A0499FFF7DEFC0790079BAC
:109E7400002B01D0079BA0E0059B5B68002B0FD053
:109E8400059B5B6893F90000BDF81A30039A0499A6
:109E9400FFF709FD0790079B002B01D0079B8CE07F
:109EA400059B1B89002B12D0059B03F10800BDF80C
:109EB4001A300193039B0093049B06220221FFF7AF
:109EC400D8FD0790079B002B01D0079B75E0059BED
:109ED4001B8A002B12D0059B03F11000BDF81A3029
:109EE4000193039B0093049B07220321FFF7C1FD09
:109EF4000790079B002B01D0079B5EE0059B1B8B03
:109F0400002B12D0059B03F11800BDF81A30019301
:109F1400039B0093049B15221421FFF7AAFD0790CD
:109F2400079B002B01D0079B47E0059B1B6A002B76
:109F34000DD0059B186ABDF81A30039A0499FFF7EF
:109F440007FE0790079B002B01D0079B35E0059B7C
:109F54005B6A002B0DD0059B586ABDF81A30039A32
:109F64000499FFF753FE0790079B002B01D0079B32
:109F740023E0059B93F82C30002B0CD0BDF81A304D
:109F8400039A04990598FFF7B0FE0790079B002BEE
:109F940001D0079B11E0059B1B78002B0CD0BDF86A
:109FA4001A30039A04990598FFF753FB0790079B0F
:109FB400002B01D0079B00E0079B184609B05DF811
:109FC40004FB82B00190019BDB7803F00403002BB7
:109FD40001D1072300E00023184602B0704782B085
:109FE4000190019BDB78002B01D0072300E00023C4
:109FF400184602B0704700B597B0019000911F2336
:10A00400ADF84A301F23ADF84830019B002B18D01F
:10A014000198FFF7D6FF1390139B002B01D0139BDD
:10A024003FE00DF14A020AAB19460198FFF7E0FE42
:10A034001390139B002B01D0139B32E00AAB1593B2
:10A0440004E0002315930023ADF84A30009B002B55
:10A0540017D00098FFF7C3FF1390139B002B01D078
:10A06400139B1EE012AA02AB19460098FFF7C0FE2C
:10A074001390139B002B01D0139B12E002AB14939B
:10A0840004E0002314930023ADF84830BDF84A30AF
:10A09400D9B2BDF84830DBB2149A1598FFF74CFAE0
:10A0A4000346184617B05DF804FB0000BFF34F8F5A
:10A0B40000BF074BDB6803F4E0620549054B13431B
:10A0C400CB60BFF34F8F00BF00BF00BFFCE700BFF2
:10A0D40000ED00E00400FA05024B034A1A6000BFD9
:10A0E400704700BFF01700200090D00308B500F0BF
:10A0F4005DF90346002B06D09B4B1B681B0A9B4A49
:10A1040003F01F03136000F07DF90346002B02D017
:10A11400974B984A1A6000F091F90346002B06D039
:10A12400954B1B685B0B954A03F00703136000F023
:10A13400B1F90346002B05D0914BDB68904A23F01C
:10A144008073D36000F0C2F90346002B0ED04FF0A9
:10A1540080430022C3F80C214FF080430022C3F84F
:10A1640010214FF080430022C3F8382500F0DAF9BB
:10A174000346002B02D0834B03221A6000F0EEF951
:10A184000346002B0BD0804B05221A607F4B012223
:10A194001A607F4B00221A607E4B3F221A6000F047
:10A1A400F9F90346002B76D04FF080537A4AD3F85E
:10A1B4000434C2F820354FF08053774AD3F808347A
:10A1C400C2F824354FF08053734AD3F80C34C2F8E4
:10A1D40028354FF08053704AD3F81034C2F82C3528
:10A1E4004FF080536C4AD3F81434C2F830354FF032
:10A1F4008053694AD3F81834C2F834354FF0805389
:10A20400654AD3F81C34C2F840354FF08053624A93
:10A21400D3F82034C2F844354FF080535E4AD3F863
:10A224002434C2F848354FF080535B4AD3F82834BD
:10A23400C2F84C354FF08053574AD3F82C34C2F847
:10A2440050354FF08053544AD3F83034C2F8543563
:10A254004FF08053504AD3F83434C2F860354FF08D
:10A2640080534D4AD3F83834C2F864354FF08053E4
:10A27400494AD3F83C34C2F868354FF08053464A13
:10A28400D3F84034C2F86C354FF08053424AD3F8C7
:10A294004434C2F8703500F099F90346002B05D018
:10A2A4003E4B1B683E4A03F04F03136000F0BAF9BB
:10A2B4000346002B0DD04FF08043D3F8003403F055
:10A2C4000103002B05D04FF080436FF00102C3F867
:10A2D4000024344BD3F88830324A43F47003C2F874
:10A2E4008830BFF34F8F00BFBFF36F8F00BF4FF0B5
:10A2F4001023D3F80032002B05DB4FF01023D3F8E2
:10A304000432002B2BDA284B0122C3F8042500BFAA
:10A31400254BD3F80034002BFAD04FF0102315222C
:10A32400C3F8002200BF204BD3F80034002BFAD02E
:10A334004FF010231522C3F8042200BF1A4BD3F8A0
:10A344000034002BFAD0184B0022C3F8042500BFB8
:10A35400154BD3F80034002BFAD0FFF7A7FEFFF714
:10A36400BBFE00BF08BD00BF240300104035014000
:10A3740074C007400DF0ADBA440200103C05004023
:10A38400F0ED00E0A0050040105600408856004063
:10A39400185600401456004000C0004058020010F7
:10A3A400E40E004000ED00E000E00140124B1B68A9
:10A3B400DBB2062B1DD1114B1B6803F00F03002BDE
:10A3C40017D10F4B1B6803F0F003302B01D101238D
:10A3D40010E00B4B1B6803F0F003402B01D1012369
:10A3E40008E0074B1B6803F0F003502B01D1012355
:10A3F40000E0002318467047E00F00F0E40F00F07F
:10A40400E80F00F00A4B1B68DBB2062B0DD1094B99
:10A414001B6803F00F03002B07D1074B1B6803F0E5
:10A42400F003302B01D1012300E0002318467047CC
:10A43400E00F00F0E40F00F0E80F00F0124B1B688F
:10A44400DBB2062B1DD1114B1B6803F00F03002B4D
:10A4540017D10F4B1B6803F0F003302B01D10123FC
:10A4640010E00B4B1B6803F0F003402B01D10123D8
:10A4740008E0074B1B6803F0F003502B01D10123C4
:10A4840000E0002318467047E00F00F0E40F00F0EE
:10A49400E80F00F00A4B1B68DBB2062B0DD1094B09
:10A4A4001B6803F00F03002B07D1074B1B6803F055
:10A4B400F003302B01D1012300E00023184670473C
:10A4C400E00F00F0E40F00F0E80F00F0124B1B68FF
:10A4D400DBB2062B1DD1114B1B6803F00F03002BBD
:10A4E40017D10F4B1B6803F0F003302B01D101236C
:10A4F40010E00B4B1B6803F0F003402B01D1012348
:10A5040008E0074B1B6803F0F003502B01D1012333
:10A5140000E0002318467047E00F00F0E40F00F05D
:10A52400E80F00F00A4B1B68DBB2062B0DD1094B78
:10A534001B6803F00F03002B07D1074B1B6803F0C4
:10A54400F003302B01D1012300E0002318467047AB
:10A55400E00F00F0E40F00F0E80F00F00A4B1B6876
:10A56400DBB2062B0DD1094B1B6803F00F03002B44
:10A5740007D1074B1B6803F0F003302B01D10123F3
:10A5840000E0002318467047E00F00F0E40F00F0ED
:10A59400E80F00F00A4B1B68DBB2062B0DD1094B08
:10A5A4001B6803F00F03002B07D1074B1B6803F054
:10A5B400F003502B01D1012300E00023184670471B
:10A5C400E00F00F0E40F00F0E80F00F0124B1B68FE
:10A5D400DBB2062B1DD1114B1B6803F00F03002BBC
:10A5E40017D10F4B1B6803F0F003302B01D101236B
:10A5F40010E00B4B1B6803F0F003402B01D1012347
:10A6040008E0074B1B6803F0F003502B01D1012332
:10A6140000E0002318467047E00F00F0E40F00F05C
:10A62400E80F00F0124B1B68DBB2062B1DD1114B57
:10A634001B6803F00F03002B17D10F4B1B6803F0AB
:10A64400F003302B01D1012310E00B4B1B6803F006
:10A65400F003402B01D1012308E0074B1B6803F0F2
:10A66400F003502B01D1012300E00023184670476A
:10A67400E00F00F0E40F00F0E80F00F082B00346B2
:10A684008DF807309DF8073003F01F0205499DF946
:10A6940007305B09012000FA02F241F8232000BFD1
:10A6A40002B0704700E100E082B0034600918DF8EB
:10A6B40007309DF90730002B0CDA009BDAB20C4905
:10A6C4009DF8073003F00F03043B5201D2B20B4450
:10A6D4001A7609E0009BDAB206499DF90730520167
:10A6E400D2B20B4483F8002300BF02B0704700BF0E
:10A6F40000ED00E000E100E082B003468DF8073091
:10A704009DF90730002B0BDA0B4A9DF8073003F054
:10A714000F03043B13441B7EDBB25B09DBB208E08E
:10A72400064A9DF90730134493F80033DBB25B0902
:10A73400DBB2184602B0704700ED00E000E100E033
:10A7440000B583B00190019B002B03D10449C420C0
:10A75400FEF7B0FD019B5B68184603B05DF804FB8F
:10A7640020C0020010DF704700BF184682B00346C5
:10A774008DF807309DF907301F2B0CDC9DF907304D
:10A784000F4A22FA03F303F00103002B14BF012341
:10A794000023DBB210E09DF907303F2B0BDC9DF961
:10A7A4000730203B012202FA03F3002B14BF0123DC
:10A7B4000023DBB200E00123184602B0704700BF5B
:10A7C400FC06FFBD82B00190019B072B01D9002339
:10A7D4000BE0019B002B05D0019B012B02D0019BB8
:10A7E400042B01D1002300E00123184602B0704776
:10A7F40000B583B003468DF807309DF9073018463D
:10A80400FFF7B4FF0346002B02D142F201032EE00E
:10A814009DF907301846FFF76FFF03461846FFF708
:10A82400D1FF0346002B02D142F202031FE0124B78
:10A834009B68002B15D09DF907305B090E4A52F82E
:10A8440023209DF8073003F01F03012101FA03F3CD
:10A8540019469DF907305B090A43074941F823204B
:10A8640004E09DF907301846FFF708FF0023184657
:10A8740003B05DF804FB00BFB01E002000B583B038
:10A88400034600918DF807309DF907301846FFF70D
:10A894006DFF0346002B02D142F201030FE0009842
:10A8A400FFF790FF0346002B02D142F2020306E0B9
:10A8B4009DF9073000991846FFF7F6FE0023184665
:10A8C40003B05DF804FB000000B587B003468DF8C3
:10A8D400073002AB14491846FBF754FD17E002ABEE
:10A8E4001846FFF72DFF0590059B1B680493059BF5
:10A8F40059689DF80720049B104698470346002B8F
:10A9040001D111230BE002AB1846FBF765FD02AB46
:10A914001846FFF715FF0346002BE0D10023184625
:10A9240007B05DF804FB00BFD4C0020000B587B0D7
:10A9340003468DF8073002AB11491846FBF722FD98
:10A9440012E002AB1846FFF7FBFE0590059B1B685F
:10A954000493059B59689DF80720049B104698476B
:10A9640002AB1846FBF738FD02AB1846FFF7E8FECA
:10A974000346002BE5D100BF00BF07B05DF804FB20
:10A98400E0C0020000B583B01620FFF731FF01904C
:10A99400019B0093009B002B04D0044A992100984A
:10A9A400F9F7B2FE00BF03B05DF804FB7CC00200FF
:10A9B40000B585B007211620FFF760FF0390039BC5
:10A9C4000293029B002B04D00B4AB8210298F9F79A
:10A9D4009BFE07211520FFF751FF0390039B019372
:10A9E400019B002B04D0044ABA210198F9F78CFE8C
:10A9F40000BF05B05DF804FB7CC0020000B583B065
:10AA04001B4B1B78002B01D008232CE0194B01228F
:10AA14001A700020FFF758FF0346112B01D10023C1
:10AA240021E00020FFF782FF134B1B6800936B4665
:10AA340012491846FFF796FE0190019B002B01D0A6
:10AA4400019B10E00A4B01221A700A4B00221A7073
:10AA54000B4B00221A70FFF7ABFFFFF793FF0120A7
:10AA6400FFF764FF0023184603B05DF804FB00BF42
:10AA7400DC1F0020DE1F0020D0C00200D9470200E6
:10AA8400DD1F0020014B1B7818467047DC1F002097
:10AA940000B585B06B4611491846FBF773FC10E00E
:10AAA4006B461846FFF74CFE0390039B1B6802930A
:10AAB400039B5A68029B104698476B461846FBF75F
:10AAC4008BFC6B461846FFF73BFE0346002BE7D191
:10AAD40000BF00BF05B05DF804FB00BFECC002007E
:10AAE40008B5FFF7D5FF00BF08BD60DF704700BFA2
:10AAF400184669DF704700BF184661DF704700BF22
:10AB04001846000000B583B00190019B002B03D1CF
:10AB14000449C420FEF7CEFB019B5B68184603B0D2
:10AB24005DF804FBF8C0020082B00190019B002B89
:10AB340001D10E2304E0044B1A46019B1A60002342
:10AB4400184602B0704700BF2017002010B586B029
:10AB5400034600918DF807300098FFF7E5FF059054
:10AB6400059B002B01D0059BB9E002AB0C22002110
:10AB7400184600F09DFA9DF807308DF8083001233F
:10AB84008DF80A300323ADF80C30009B1A6802AB31
:10AB940019462020FFF7ADFF0590059B002B0DD033
:10ABA400504B1B881B0443F001040598FBF746FC3B
:10ABB40003461A464C492046F9F72CF802AB0C22FE
:10ABC4000021184600F074FA00238DF808300023A1
:10ABD4008DF8093000238DF80A30009B1A6802AB07
:10ABE40019464020FFF785FF0590059B002B0DD0EB
:10ABF4003C4B1B881B0443F001040598FBF71EFC27
:10AC040003461A4639492046F9F704F802AB0C22E8
:10AC14000021184600F04CFA00238DF80830009B00
:10AC24001A6802AB19460120FFF763FF0590059BE4
:10AC3400002B0DD02B4B1B881B0443F001040598FB
:10AC4400FBF7FCFB03461A4629492046F8F7E2FFC6
:10AC540002AB0C220021184600F02AFAF8230293D2
:10AC6400009B1A6802AB1946A120FFF742FF05902A
:10AC7400059B002B0DD01B4B1B881B0443F00104C8
:10AC84000598FBF7DBFB03461A461A492046F8F7FA
:10AC9400C1FF02AB0C220021184600F009FA9DF80E
:10ACA400083023F001038DF80830009B1A6802ABCA
:10ACB4001946A020FFF71DFF0590059B002B0DD022
:10ACC400084B1B881B0443F001040598FBF7B6FBF3
:10ACD40003461A4608492046F8F79CFF0023184605
:10ACE40006B010BD5C17002058C10200A0C10200CC
:10ACF400ECC1020038C202008CC2020082B04FF0E4
:10AD04008053D3F80C319B020193019B03F1005350
:10AD1400184602B07047000010B584B00190019B42
:10AD24001B6803930198FFF7E0FE0290019B1B68E8
:10AD3400039A9A421AD0184B1B881B0443F0020052
:10AD4400019B1B68039A1549F8F775FF124B1B8882
:10AD54001B0443F00204FFF7D1FF0246019B1B686A
:10AD6400D31A1A460E492046F8F754FF029B002BCB
:10AD74000DD0094B1B881B0443F001040298FBF718
:10AD84005DFB03461A4607492046F8F743FF029B3A
:10AD9400184604B010BD00BF5C170020E0C20200DA
:10ADA40010C3020034C3020000B599B001903823E7
:10ADB400ADF84E300DF14E0203AB11461846FFF7C5
:10ADC4009CFE1790179B002B03D0179B052B22D1B9
:10ADD40027E003AB169311AB14491846FBF7D2FADC
:10ADE40011E011AB1846FFF78DFE1590159B1B68FB
:10ADF4001493159B5A68149B11461698984711ABE7
:10AE04001846FBF7E9FA11AB1846FFF77BFE034639
:10AE1400002BE6D1CBE7064A40F221111798F9F747
:10AE240073FC00BF19B05DF804FB00BFACC30200A3
:10AE340054C3020000B583B00190019B002B03D1E1
:10AE44000449C420FEF736FA019B5B68184603B038
:10AE54005DF804FBB8C3020048DF704700BF184622
:10AE640000B589B0019004AB1846FFF7F5FF0790D1
:10AE7400079B002B03D0079B052B20D124E002ABBA
:10AE840013491846FBF77EFA11E002AB1846FFF7A8
:10AE9400D1FF0690069B1B680593049A069B59688C
:10AEA400059B1046984702AB1846FBF795FA02AB90
:10AEB4001846FFF7BFFF0346002BE6D1D3E7054A48
:10AEC4006B210798F9F720FC00BF09B05DF804FB7B
:10AED40070C4020018C40200002B35D129B9B0FB9C
:10AEE400F2FC0CFB120260467047914215D22DE928
:10AEF400F041B2FA82F39A409940D3F1200C30FA2F
:10AF04000CFC51EA0C01984000F04EF8280036FA87
:10AF140003F200210023BDE8F081F0B5B1FBF2FC9F
:10AF24000CFB1211B2FA82F39A409940D3F1200635
:10AF340030FA06F63143984000F036F861462800AE
:10AF44003200DA400023F0BDF3B5B3FA83FC4908BC
:10AF54005FEA300013FA0CF3DCF1200432FA04F453
:10AF640023430CB41A0000F01FF80CBC33FA0CF3A2
:10AF7400DCF11F0C35FA0CF518BF013D03BCA5FB31
:10AF8400026705FB0377801BB941904271EB030C08
:10AF940005D3821A71EB0303681C0021F0BD020083
:10AFA4000B0028000021F0BD940D4FF6C2752D0250
:10AFB400B5FBF4F4D60A013604FB04F5A5FB0656EA
:10AFC400F64306EB0416550832BF0027770801350F
:10AFD40005FB1677A6FB07477F0807EBC637140067
:10AFE4001500E7FB02457F1B4D1C0400E7FB0145F0
:10AFF40005FB1206A64284BF013DB618964224BF43
:10B004000135B61A704700BF082938BF7047416040
:10B0140041F6E071C2F2000108600021016070474E
:10B024000178002904BF0020704700214FF001324D
:10B034004358C2FA53F30431002BF9D093FAA3F026
:10B04400B0FA80F001EBD000043870475AB384465C
:10B0540090EA01039B071FD1830707D011F8013B36
:10B0640000F8013B013AF7D11CE08446203A09D3A9
:10B074002DE9F007B1E8F807A0E8F807203AF9D27B
:10B08400BDE8F0071C3205D451F8043B40F8043BFA
:10B09400043AF9D2043205D011F8013B00F8013B1F
:10B0A400013AF9D16046704700220B0011001A00E2
:10B0B40084465AB3830704D000F8011B013AF9D13E
:10B0C40024E0C9B241EA012141EA0141202A11D315
:10B0D400203A2DE9F0030B460C460D460E460F466A
:10B0E40088468946A0E8FA03203AFBD2BDE8F0037B
:10B0F40020320BD0042A05D340F8041B043A05D0AF
:10B10400042AF9D200F8011B013AFBD160467047CA
:10B1140084460020002918BF002A00D1704709780E
:10B1240048B2002844BF6FF001007047BCF1000F23
:10B1340018BFCCF800100021C3E90011002818BF83
:10B14400012070477F298EBF6FF00100017001203C
:10B15400704741F6E471C2F200010968002904BF96
:10B1640041F2F471C2F20001496889680A68092150
:10B1740010477F2884BF002070474CF29062C0F2D1
:10B184000202515C4CF21062C0F20202105C0840F0
:10B194007047A0F161011A2938BF20387047A0F127
:10B1A40041011A2938BF40F0200070477F2884BF2E
:10B1B400002070474CF29062C0F20202515C4CF2E3
:10B1C4001062C0F20202105C08407047A0F16101F5
:10B1D4001A2938BF20387047A0F141011A2938BF15
:06B1E40040F0200070475E
:08B1EC00596B02000000000095
:10B1F400E8B30200000003002CB6020000000000C7
:10B2040090BD02000000000084BE020000000000A7
:10B2140074C00200000003004CC1020000000300DF
:10B224000CC402000000030028B802000000000063
:08B2340020BF02000000000031
:08B23C00756B02000000000028
:10B24400ADAD02000000000065AE02000000000089
:10B2540000000000000000000000000000000000EA
:10B2640000000000000000000000000000000000DA
:10B2740000000000000000000000000000000000CA
:10B2840000000000000000000000000000000000BA
:10B2940000000000000000000000000000000000AA
:10B2A400000000000000000000000000000000009A
:0CB2B4000000000000000000000000008E
:10B2C0002F686F6D652F736A6F2F64776D31303023
:10B2D000312D6578616D706C65732F6E5246355FE8
:10B2E00053444B5F31342E322E302F636F6D706FAD
:10B2F0006E656E74732F6C69627261726965732F0B
:10B300006578706572696D656E74616C5F6C6F678E
:10B310002F7372632F6E72665F6C6F675F6261631B
:10B320006B656E645F756172742E6300FFFFFFFFD3
:10B33000FFFFFFFFFFFFFFFFFFFFFFFF0000000019
:10B34000000000000000D60107010000793502006E
:10B35000AD350200A13502002F686F6D652F736A4D
:10B360006F2F64776D313030312D6578616D706C81
:10B3700065732F6E5246355F53444B5F31342E3226
:10B380002E302F636F6D706F6E656E74732F6C69E6
:10B39000627261726965732F6578706572696D6537
:10B3A0006E74616C5F6C6F672F7372632F6E726661
:10B3B0005F6C6F675F64656661756C745F62616323
:10B3C0006B656E64732E6300141900204C18002006
:10B3D0005418002054180020180000004F766572A1
:10B3E000666C6F7700000000617070002F686F6DF1
:10B3F000652F736A6F2F64776D313030312D65782A
:10B40000616D706C65732F6E5246355F53444B5FB0
:10B4100031342E322E302F636F6D706F6E656E7407
:10B42000732F6C69627261726965732F65787065DC
:10B4300072696D656E74616C5F6C6F672F73726398
:10B440002F6E72665F6C6F675F66726F6E74656E8B
:10B45000642E63006572726F720000007761726E15
:10B46000696E6700696E666F000000006465627552
:10B47000670000001B5B306D000000001B5B313B70
:10B4800033306D001B5B313B33316D001B5B313B57
:10B4900033326D001B5B313B33336D001B5B313B43
:10B4A00033346D001B5B313B33356D001B5B313B2F
:10B4B00033366D001B5B313B33376D002573000065
:10B4C0003C25733E2025733A200000000D0A000041
:10B4D0002025303278000000202020007C00000071
:10B4E0002563000020000000481D00202F686F6DBC
:10B4F000652F736A6F2F64776D313030312D657829
:10B50000616D706C65732F6E5246355F53444B5FAF
:10B5100031342E322E302F636F6D706F6E656E7406
:10B52000732F6C69627261726965732F62757474CE
:10B530006F6E2F6170705F627574746F6E2E630032
:10B54000534F46544445564943453A204153534589
:10B550005254494F4E204641494C4544000000009A
:10B56000534F46544445564943453A20494E564167
:10B570004C4944204D454D4F52592041434345537A
:10B5800053000000415353455254494F4E20464109
:10B59000494C45442061742025733A25750000000C
:10B5A0004552524F52202575205B25735D206174F2
:10B5B0002025733A25750000554E4B4E4F574E20AF
:10B5C0004641554C5420617420307825303858005D
:10B5D0002F686F6D652F736A6F2F64776D31303010
:10B5E000312D6578616D706C65732F6E5246355FD5
:10B5F00053444B5F31342E322E302F636F6D706F9A
:10B600006E656E74732F6C69627261726965732FF7
:10B610007574696C2F6170705F7574696C5F706CA4
:10B620006174666F726D2E630000000062616C6C65
:10B630006F6300002F686F6D652F736A6F2F6477DB
:10B640006D313030312D6578616D706C65732F6EA2
:10B650005246355F53444B5F31342E322E302F63C8
:10B660006F6D706F6E656E74732F6C69627261724C
:10B670006965732F62616C6C6F632F6E72665F62B7
:10B68000616C6C6F632E63002F686F6D652F736A3A
:10B690006F2F64776D313030312D6578616D706C4E
:10B6A00065732F6E5246355F53444B5F31342E32F3
:10B6B0002E302F65787465726E616C2F66707269BA
:10B6C0006E74662F6E72665F667072696E74662E37
:10B6D000630000002F686F6D652F736A6F2F6477AA
:10B6E0006D313030312D6578616D706C65732F6E02
:10B6F0005246355F53444B5F31342E322E302F6526
:10B70000787465726E616C2F667072696E74662FE4
:10B710006E72665F667072696E74665F666F726D78
:10B7200061742E6300000000303132333435363717
:10B7300038394142434445462F686F6D652F736A1F
:10B740006F2F64776D313030312D6578616D706C9D
:10B7500065732F6E5246355F53444B5F31342E3242
:10B760002E302F636F6D706F6E656E74732F6C6902
:10B77000627261726965732F6578706572696D6553
:10B780006E74616C5F6D656D6F626A2F6E72665F5D
:10B790006D656D6F626A2E63000000002E2E2F2EE5
:10B7A0002E2F2E2E2F2E2E2F2E2E2F2E2E2F636F3E
:10B7B0006D706F6E656E74732F6C69627261726901
:10B7C00065732F6578706572696D656E74616C5F05
:10B7D00073656374696F6E5F766172732F6E7266E4
:10B7E0005F73656374696F6E5F697465722E68005C
:10B7F0002E2E2F2E2E2F2E2E2F2E2E2F2E2E2F2E64
:10B800002E2F636F6D706F6E656E74732F6C69622F
:10B810007261726965732F6D757465782F6E7266CB
:10B820005F6D74782E6800007077725F6D676D745D
:10B83000000000002F686F6D652F736A6F2F6477AB
:10B840006D313030312D6578616D706C65732F6EA0
:10B850005246355F53444B5F31342E322E302F63C6
:10B860006F6D706F6E656E74732F6C69627261724A
:10B870006965732F7077725F6D676D742F6E726676
:10B880005F7077725F6D676D742E63002F686F6DE8
:10B89000652F736A6F2F64776D313030312D657885
:10B8A000616D706C65732F6E5246355F53444B5F0C
:10B8B00031342E322E302F636F6D706F6E656E7463
:10B8C000732F6C69627261726965732F6578706538
:10B8D00072696D656E74616C5F73656374696F6EB8
:10B8E0005F766172732F6E72665F73656374696FE2
:10B8F0006E5F697465722E6300000000556E6B6E9A
:10B900006F776E206572726F7220636F64650000DE
:10B910004E52465F53554343455353004E52465F84
:10B920004552524F525F5356435F48414E444C4537
:10B93000525F4D495353494E470000004E52465FF7
:10B940004552524F525F534F465444455649434522
:10B950005F4E4F545F454E41424C4544000000004D
:10B960004E52465F4552524F525F494E5445524ED9
:10B97000414C00004E52465F4552524F525F4E4F6F
:10B980005F4D454D000000004E52465F4552524FFC
:10B99000525F4E4F545F464F554E44004E52465FE5
:10B9A0004552524F525F4E4F545F535550504F5275
:10B9B000544544004E52465F4552524F525F494EE5
:10B9C00056414C49445F504152414D004E52465FF2
:10B9D0004552524F525F494E56414C49445F535471
:10B9E000415445004E52465F4552524F525F494EB8
:10B9F00056414C49445F4C454E47544800000000B6
:10BA00004E52465F4552524F525F494E56414C4945
:10BA1000445F464C414753004E52465F4552524F99
:10BA2000525F494E56414C49445F444154410000E5
:10BA30004E52465F4552524F525F444154415F530C
:10BA4000495A45004E52465F4552524F525F544943
:10BA50004D454F55540000004E52465F4552524FDF
:10BA6000525F4E554C4C00004E52465F4552524F6D
:10BA7000525F464F5242494444454E004E52465F43
:10BA80004552524F525F494E56414C49445F4144E2
:10BA9000445200004E52465F4552524F525F42554B
:10BAA000535900004E52465F4552524F525F4D4F20
:10BAB00044554C455F4E4F545F494E495449414CA3
:10BAC0005A4544004E52465F4552524F525F4D55C3
:10BAD0005445585F494E49545F4641494C454400DE
:10BAE0004E52465F4552524F525F4D555445585F36
:10BAF0004C4F434B5F4641494C4544004E52465FD4
:10BB00004552524F525F4D555445585F554E4C4F1C
:10BB1000434B5F4641494C45440000004E52465F4E
:10BB20004552524F525F4D555445585F434F4E4416
:10BB30005F494E49545F4641494C4544000000006E
:10BB40004E52465F4552524F525F4D4F44554C4501
:10BB50005F414C52454144595F494E495449414C1B
:10BB6000495A4544000000004E52465F4552524F2C
:10BB7000525F53544F524147455F46554C4C00006D
:10BB80004E52465F4552524F525F4150495F4E4FB1
:10BB9000545F494D504C454D454E544544000000BE
:10BBA0004E52465F4552524F525F464541545552A0
:10BBB000455F4E4F545F454E41424C4544000000A6
:10BBC0004E52465F4552524F525F4452565F545751
:10BBD000495F4552525F4F56455252554E00000044
:10BBE0004E52465F4552524F525F4452565F545731
:10BBF000495F4552525F414E41434B004E52465FB2
:10BC00004552524F525F4452565F5457495F455216
:10BC1000525F444E41434B000000000010B9020047
:10BC2000010000001CB90200020000003CB9020043
:10BC30000300000060B902000400000074B90200B3
:10BC40000500000088B90200060000009CB902004F
:10BC500007000000B4B9020008000000CCB90200DF
:10BC600009000000E4B902000A00000000BA020066
:10BC70000B00000018BA02000C00000030BA0200ED
:10BC80000D00000044BA02000E00000058BA020085
:10BC90000F00000068BA0200100000007CBA020029
:10BCA0001100000094BA020080000000A4BA020053
:10BCB00081000000C4BA020082000000E0BA020065
:10BCC00083000000FCBA0200840000001CBB0200DC
:10BCD0008500000040BB02008600000068BB020037
:10BCE0009000000080BB020091000000A0BB020099
:10BCF00000820000C0BB020001820000E0BB020025
:10BD000002820000FCBB02002E2E2F2E2E2F2E2E84
:10BD10002F2E2E2F2E2E2F2E2E2F636F6D706F6EC7
:10BD2000656E74732F647269766572735F6E726686
:10BD30002F68616C2F6E72665F6770696F2E680086
:10BD40002F686F6D652F736A6F2F64776D31303098
:10BD5000312D6578616D706C65732F6E5246355F5D
:10BD600053444B5F31342E322E302F636F6D706F22
:10BD70006E656E74732F626F617264732F626F6190
:10BD80007264732E63000000111213140D0E0F1055
:10BD9000636C6F636B0000002F686F6D652F736AB3
:10BDA0006F2F64776D313030312D6578616D706C37
:10BDB00065732F6E5246355F53444B5F31342E32DC
:10BDC0002E302F636F6D706F6E656E74732F64729B
:10BDD00069766572735F6E72662F636C6F636B2F2B
:10BDE0006E72665F6472765F636C6F636B2E630066
:10BDF0002F686F6D652F736A6F2F64776D313030E8
:10BE0000312D6578616D706C65732F6E5246355FAC
:10BE100053444B5F31342E322E302F636F6D706F71
:10BE20006E656E74732F647269766572735F6E727D
:10BE3000662F636F6D6D6F6E2F6E72665F647276C4
:10BE40005F636F6D6D6F6E2E630000002E2E2F2EC0
:10BE50002E2F2E2E2F2E2E2F2E2E2F2E2E2F636F87
:10BE60006D706F6E656E74732F6472697665727330
:10BE70005F6E72662F68616C2F6E72665F677069A5
:10BE80006F2E68006770696F746500002F686F6DB2
:10BE9000652F736A6F2F64776D313030312D65787F
:10BEA000616D706C65732F6E5246355F53444B5F06
:10BEB00031342E322E302F636F6D706F6E656E745D
:10BEC000732F647269766572735F6E72662F677026
:10BED000696F74652F6E72665F6472765F677069F2
:10BEE0006F74652E630000002E2E2F2E2E2F2E2E07
:10BEF0002F2E2E2F2E2E2F2E2E2F636F6D706F6EE6
:10BF0000656E74732F647269766572735F6E7266A4
:10BF10002F68616C2F6E72665F6770696F2E6800A4
:10BF200075617274000000002F686F6D652F736A71
:10BF30006F2F64776D313030312D6578616D706CA5
:10BF400065732F6E5246355F53444B5F31342E324A
:10BF50002E302F636F6D706F6E656E74732F647209
:10BF600069766572735F6E72662F756172742F6E7B
:10BF700072665F6472765F756172742E6300000092
:10BF8000541F0020741F0020A41F00200D00030078
:10BF9000718A02000E000300718A02000F00030084
:10BFA000718A020010000300718A02002F686F6D11
:10BFB000652F736A6F2F64776D313030312D65785E
:10BFC000616D706C65732F6E5246355F53444B5FE5
:10BFD00031342E322E302F6578616D706C65732F81
:10BFE000626C655F7065726970686572616C2F6202
:10BFF0006C655F6170705F626561636F6E2F6D610C
:10C00000696E2E6300000000426561636F6E2065FB
:10C0100078616D706C6520737461727465642E0054
:10C020002E2E2F2E2E2F2E2E2F2E2E2F2E2E2F2E2B
:10C030002E2F636F6D706F6E656E74732F6C6962F7
:10C040007261726965732F6578706572696D656E6E
:10C0500074616C5F73656374696F6E5F7661727330
:10C060002F6E72665F73656374696F6E5F69746566
:10C07000722E68006E72665F736468002F686F6D61
:10C08000652F736A6F2F64776D313030312D65788D
:10C09000616D706C65732F6E5246355F53444B5F14
:10C0A00031342E322E302F636F6D706F6E656E746B
:10C0B000732F736F66746465766963652F636F6D44
:10C0C0006D6F6E2F6E72665F7364682E6300000082
:10C0D000010000073CB202003CB202000800000070
:10C0E0003CB2020044B202000800000044B2020068
:10C0F00054B20200080000002E2E2F2E2E2F2E2EBE
:10C100002F2E2E2F2E2E2F2E2E2F636F6D706F6ED3
:10C11000656E74732F6C69627261726965732F65E5
:10C1200078706572696D656E74616C5F7365637458
:10C13000696F6E5F766172732F6E72665F7365638F
:10C1400074696F6E5F697465722E68006E72665FE7
:10C150007364685F626C650073645F626C655F63E3
:10C1600066675F73657428292072657475726E65E1
:10C1700064202573207768656E20617474656D7026
:10C1800074696E6720746F2073657420424C455F3C
:10C19000434F4E4E5F4346475F4741502E000000DD
:10C1A00073645F626C655F6366675F73657428299B
:10C1B0002072657475726E656420257320776865DA
:10C1C0006E20617474656D7074696E6720746F2081
:10C1D00073657420424C455F4741505F4346475F5B
:10C1E000524F4C455F434F554E542E0073645F626F
:10C1F0006C655F6366675F73657428292072657478
:10C2000075726E6564202573207768656E20617491
:10C2100074656D7074696E6720746F207365742027
:10C22000424C455F434F4D4D4F4E5F4346475F562F
:10C23000535F555549442E0073645F626C655F63BC
:10C2400066675F73657428292072657475726E6500
:10C2500064202573207768656E20617474656D7045
:10C2600074696E6720746F2073657420424C455F5B
:10C2700047415454535F4346475F415454525F54BF
:10C2800041425F53495A452E0000000073645F62CB
:10C290006C655F6366675F736574282920726574D7
:10C2A00075726E6564202573207768656E206174F1
:10C2B00074656D7074696E6720746F207365742087
:10C2C000424C455F47415454535F4346475F534593
:10C2D00052564943455F4348414E4745442E00006E
:10C2E00052414D20737461727473206174203078F0
:10C2F00025782C2063616E2062652061646A757305
:10C3000074656420746F20307825782E000000005A
:10C3100052414D2073697A652063616E2062652009
:10C3200061646A757374656420746F203078257851
:10C330002E00000073645F626C655F656E61626C05
:10C340006528292072657475726E65642025732EC8
:10C35000000000002F686F6D652F736A6F2F647780
:10C360006D313030312D6578616D706C65732F6E75
:10C370005246355F53444B5F31342E322E302F639B
:10C380006F6D706F6E656E74732F736F6674646516
:10C39000766963652F636F6D6D6F6E2F6E72665F6A
:10C3A0007364685F626C652E63000000F4B1020084
:10C3B000F4B10200080000002E2E2F2E2E2F2E2E5C
:10C3C0002F2E2E2F2E2E2F2E2E2F636F6D706F6E11
:10C3D000656E74732F6C69627261726965732F6523
:10C3E00078706572696D656E74616C5F7365637496
:10C3F000696F6E5F766172732F6E72665F736563CD
:10C4000074696F6E5F697465722E68006E72665F24
:10C410007364685F736F63002F686F6D652F736A55
:10C420006F2F64776D313030312D6578616D706CB0
:10C4300065732F6E5246355F53444B5F31342E3255
:10C440002E302F636F6D706F6E656E74732F736F08
:10C4500066746465766963652F636F6D6D6F6E2FAB
:10C460006E72665F7364685F736F632E63000000B3
:10C47000ECB10200F4B102000800000041C5020066
:10C48000B8C5020044C5020053756E646179004D61
:10C490006F6E6461790054756573646179005765E6
:10C4A000646E657364617900546875727364617950
:10C4B00000467269646179005361747572646179D0
:10C4C00000004A616E75617279004665627275613D
:10C4D0007279004D6172636800417072696C004D41
:10C4E0006179004A756E65004A756C79004175671F
:10C4F0007573740053657074656D626572004F6387
:10C50000746F626572004E6F76656D62657200448D
:10C510006563656D6265720000414D00504D00001D
:10C52000256D2F25642F25790025483A254D3A257C
:10C53000530025612025622025652025542025599A
:10C540000043000077B1020097B10200A3B10200DE
:10C55000B1B10200D1B10200DDB1020049B1020067
:10C5600015B1020053756E004D6F6E005475650075
:10C570005765640054687500467269005361740021
:10C58000004A616E00466562004D61720041707242
:10C59000004D6179004A756E004A756C00417567FF
:10C5A00000536570004F6374004E6F7600446563FE
:10C5B00000002E0000000000B2C50200B4C5020059
:10C5C000B4C50200B4C50200B4C50200B4C502007F
:10C5D000B4C50200B4C50200B4C50200B4C502006F
:10C5E000FFFFFFFFFFFFFFFFFFFFFFFFFFFF000059
:10C5F00088C4020064C50200C2C4020081C50200F2
:10C6000019C5020020C5020029C5020032C502007A
:10C6100020202020202020202068282828282020B2
:10C62000202020202020202020202020202020200A
:10C6300048101010101010101010101010101010C2
:10C640008484848484848484848410101010101062
:10C6500010818181818181010101010101010101BB
:10C66000010101010101010101010110101010106F
:10C67000108282828282820202020202020202028C
:10C680000202020202020202020202101010102034
:0DC690000007032004170201085710408026
:10C6A00000200040000000004CB302000000000029
:10C6B000000000000000000054B402005CB402005E
:10C6C00064B402006CB4020074B402007CB40200D2
:10C6D00084B402008CB4020094B402009CB4020042
:10C6E000A4B40200ACB40200B4B4020002150112FA
:10C6F000233445566778899AABBCCDDEEFF0010252
:10C700000304C3000090D0037CC402007CC4020078
:0CC710007CC402007CC402007CC4020057
:040000032000324D5A
:00000001FF
