:020000022000DC
:10300000000001204D320200A5320200A73202006A
:10301000A9320200AB320200AD3202000000000013
:10302000000000000000000000000000AF320200BD
:10303000B132020000000000B3320200B5320200DB
:10304000BD960200BB32020009B60200BF32020088
:10305000C1320200C332020079A10200C73202006D
:10306000C9320200CB320200CD320200CF32020060
:10307000D1320200D3320200D5320200D732020030
:10308000D93202009D530200DD320200DF3202001D
:10309000DD530200E332020025680300E73202003C
:1030A000E9320200EB320200ED320200EF320200A0
:1030B000F1320200F3320200B7320200B7320200EE
:1030C000F5320200F7320200F9320200FB32020050
:0C30D000FD320200FF320200013302005A
:1030DC003A493B480A1A02D0072291438D46394996
:1030EC0039480A1A06D00722914381F30988022233
:1030FC0082F3148835483649364A00F041F8364890
:10310C003649374A00F03CF836483749374A00F020
:10311C0037F837483749384A00F032F837483849D9
:10312C00384A00F02DF838483849394A00F028F868
:10313C0038483949394A00F023F8394839490022CE
:10314C0000F036F838483949002200F031F8384898
:10315C003849091A13F0F6FD374A90472548264995
:10316C00884205D00268043003B4904703BCF7E7EB
:10317C0000208646EC4600200021304A9047FEE7AE
:10318C00884214D0521A12D003460B431343032423
:10319C00234206D1036804300B600431043AF9D1A0
:1031AC007047037801300B700131013AF9D1704747
:1031BC00884202D002700130FAE77047000001200B
:1031CC0000F800200000012000000120408A0300CC
:1031DC0078210020FC21002004330200043302007B
:1031EC007A6F0300408A03007821002078210020A8
:1031FC00F4700300F4700300F4700300F470030027
:10320C00F4700300F4700300F4700300F470030016
:10321C003D8A0300C48A0300FC210020FC2100200D
:10322C00FC2100202C3300202C3300202C330020D8
:10323C002C3300202C3500207132020015D10200F5
:10324C000F484FF00701884385460E4880470E48CB
:10325C00016841F470010160BFF34F8FBFF36F8FB2
:10326C00FFF736BF09480A490A4A884207D0521A62
:10327C0005D0037801300B700131013AF9D1704758
:10328C00000001206D57030088ED00E05C70030026
:10329C00E020002078210020FEE7FEE7FEE7FEE7B5
:1032AC00FEE7FEE7FEE7FEE7FEE7FEE7FEE7FEE7EA
:1032BC00FEE7FEE7FEE7FEE7FEE7FEE7FEE7FEE7DA
:1032CC00FEE7FEE7FEE7FEE7FEE7FEE7FEE7FEE7CA
:1032DC00FEE7FEE7FEE7FEE7FEE7FEE7FEE7FEE7BA
:1032EC00FEE7FEE7FEE7FEE7FEE7FEE7FEE7FEE7AA
:0832FC00FEE7FEE7FEE700BF5C
:1033040000B5A1B00590049103920293049805F0CE
:10331400CBFB039B1593029B169300231793002367
:103324008DF8603000231993229B1A9300231F9376
:103334000FA91F9B0822049805F074FC08231F930F
:10334400119B1293109B9BB2ADF84C3000238DF867
:1033540050309DF83C3003F00303DBB2012B32D133
:103364000F9BC3F395231C939DF83C30C3F3C20316
:10337400DBB28DF84E309DF83C30C3F38003DBB2F2
:10338400002B14BF01230023DBB28DF84F30BDF8AE
:103394003C30C3F38313DBB21B931B9B9A0009A934
:1033A4001F9B049805F03EFC1B9B9B001F9A134433
:1033B4001F9312AA09A915AB009313461B9A1C98D4
:1033C40000F048FF3BE09DF83C3003F00303DBB220
:1033D400022B34D1BDF83E30C3F389139BB21E9344
:1033E4009DF83C30C3F3C203DBB28DF84E309DF838
:1033F4003C30C3F38003DBB2002B14BF0123002352
:10340400DBB28DF84F301E9B082B28BF08231D9379
:1034140007A91F9B1D9A049805F004FC1F9A1D9B85
:1034240013441F931E9A1D9BD31A1E9315AB12AA05
:1034340007A81D9900F0B0FF1E9B002BE3D1049850
:1034440005F041FB00BF21B05DF804FB82B00190A0
:103454000091034B01221A7000BF02B0704700BFF5
:103464003C22002030B58DB003468DF807301A4B4E
:1034740002AC1D460FCD0FC495E80F0084E80F0081
:10348400062302934FF0FF3303934FF0FF3304936B
:103494004FF0FF3305934FF0EB7308939DF807301B
:1034A400002B01D00D4A00E0002202AB19460C4863
:1034B40007F0C4FC0B900B9B0A930A9B002B04D0CF
:1034C400084A43210A9801F035F9074A9DF8073064
:1034D400137000BF0DB030BD6071030051340200A1
:1034E40078210020F47003003D22002000B583B051
:1034F40001238DF807309DF807301846FFF7B2FF17
:1035040000BF03B05DF804FB00B589B003900291DD
:103514000192019B8DF81F30124B00221A709DF806
:103524001F301A460299104807F0F0FD0690069BDA
:103534000593059B002B04D00C4A5321059801F0F8
:10354400F9F800BF0A4B1B78002B07D0054B1B78FA
:10355400DBB283F00103DBB2002BF3D100BF09B06F
:103564005DF804FB3C22002078210020F470030065
:103574003D22002000B585B003900291054B0093D5
:103584004023054A02990398FFF7BAFE00BF05B02D
:103594005DF804FB0D350200FC21002082B001908F
:1035A40000BF02B07047000000B583B00190054829
:1035B40007F096FC0020FFF755FF00BF03B05DF84D
:1035C40004FB00BF7821002082B00190019B0122FE
:1035D4005A7200BF02B0704700B583B04FF0FF339A
:1035E4000193FFF783FF0421084800F06DFD01906B
:1035F400019B002B03DA0649482008F0AFFD03487D
:10360400FFF7E2FF00BF03B05DF804FB8021002058
:103614008C71030000B583B001900091019B1B687D
:103624001B6800990198984700BF03B05DF804FB3C
:1036340000B583B00190019B1B685B6801989847B3
:1036440000BF03B05DF804FB82B001900B468DF817
:103654000330019B9DF803201A7200BF02B070472B
:1036640082B00190019B1B7A184602B0704782B069
:103674000190019B01225A7200BF02B0704782B0D0
:103684000190019B5B7A184602B0704710B487B072
:1036940001900091019B009A53E8004F44EA020014
:1036A40043E8000191F0000FF6D1059404900391D2
:1036B400049B184607B05DF8044B704710B487B0FC
:1036C40001900091019B009A53E8004F04EA020024
:1036D40043E8000191F0000FF6D1059404900391A2
:1036E400059B184607B05DF8044B704700B583B0DE
:1036F400019001210198FFF7C9FF0346184603B062
:103704005DF804FB00B583B0019000210198FFF738
:10371400D5FF0346184603B05DF804FB00B587B037
:1037240001901F4BFF229A601D4B00221A601C4B14
:1037340000225A601A4B0022C3F81824184B0022A6
:10374400C3F81424164B002283F81C24154805F0F2
:103754000FF90490049B002B01D0049B1CE0124A37
:10376400124BD31ADB080393002305930FE0059A49
:1037740013465B0013449B001A460D4B13440293FB
:10378400059B9AB2029B1A80059B01330593059A07
:10379400039B9A42EBD30023184607B05DF804FB61
:1037A40010230020FC71030034700300DC6F03005D
:1037B400E0200020024A034BD31ADB081846704766
:1037C40034700300DC6F030000B587B001900B4632
:1037D4008DF803309DF80330002B23D0FFF7EAFF68
:1037E40004900023059317E0059A13465B001344E5
:1037F4009B001A460E4B13440393039B5B881A46A3
:10380400019B1B689A4204D1019B059A1A6000230C
:1038140009E0059B01330593059A049B9A42E3D37F
:10382400052300E00023184607B05DF804FB00BF41
:10383400E020002000B585B001900B468DF80330E0
:103844009DF8032001AB11461846FFF7BDFF034660
:10385400002B07D1019BDB00054A13440393039B10
:103864001B6800E00023184605B05DF804FB00BFA8
:10387400DC6F030084B001900B468DF80330019B8C
:10388400DB00174A134402939DF80330013B032BDA
:103894001CD801A252F823F0AD380200B53802005A
:1038A400BD380200C738020002238DF80F3011E042
:1038B40004238DF80F300DE0029B1B798DF80F3037
:1038C40008E0029B5B798DF80F3003E000238DF84C
:1038D4000F3000BF9DF80F30184604B0704700BF8A
:1038E400DC6F030000B589B04148FFF7FFFE414893
:1038F400FFF7FCFE404B5B6807933F4B9B680493C8
:10390400079A049B134002339B003B4A134404333D
:1039140006931BE0079B01330793069B5B88C3F365
:1039240089139BB21A46069B1B88C3F389139BB267
:1039340013441A46079B13440793079A049B1340A6
:1039440002339B002C4A134404330693069B1B78D2
:1039540003F00303DBB2002BDCD00023059311E05A
:10396400079B5A1C0792049A1340059A92006946D1
:103974000A44214902339B000B445B681360059B96
:1039840001330593059B012BEAD99DF80030C3F35D
:103994000103DBB2012B0CD0022B14D1BDF8023091
:1039A400C3F389139BB203339B08079A1344079309
:1039B4000FE0BDF80030C3F38313DBB21A46079B54
:1039C4001344079305E00D4940F24D1008F0C6FB7F
:1039D40000BF0848FFF796FE0390039B002B02D01C
:1039E400054A079B536000BF09B05DF804FB00BFA4
:1039F4002827002024270020102300202072030001
:103A040010B586B00390029101920093039B1B0CA6
:103A1400ADF81630BDF81640FFF7CCFE03469C42C5
:103A240004D323494FF4B27008F098FB009B5A1C4E
:103A3400089B1340BDF816201E4902339B000B441B
:103A44005A60009A089B134002339B00194A13449E
:103A540004330493039B1B0903F00103D9B2049AB2
:103A6400137861F382031370039B03F00703D9B245
:103A7400049A137861F3C5031370019B03F00F03D9
:103A8400D9B2049A138861F389131380029BC3F398
:103A94001501049A136861F39F231360049A137841
:103AA400012161F30103137000BF06B010BD00BF14
:103AB400207203001023002000B58BB00190009108
:103AC400019B023308930223079301238DF81B30D3
:103AD40000238DF80F300DF10F03184601F0AEFDF1
:103AE400214B1A68009B1A601F4B9A681E4B596839
:103AF4001D4B1B68CB1A134401330993089A079B87
:103B0400134405930BE0FFF7EDFE174B9A68164B31
:103B14005968154B1B68CB1A134401330993059A52
:103B2400099B9A42EFD8104B1A680F4B9B681340BD
:103B340002339B000C4A134404330493049A13780D
:103B440043F003031370084B1A68089B1344064A96
:103B540013609DF80F30184601F086FD9DF81B3068
:103B640018460BB05DF804FB1023002000B58BB0A1
:103B740005900491039202931E4B9B68079306AB36
:103B840019460298FFF798FF0346002B24D0069BA2
:103B9400023309930023089311E0089B9B00039AC6
:103BA4001A44099B591C099107990B401268114941
:103BB40002339B000B445A60089B01330893089A14
:103BC400029B9A42E9D3069A079B00931346029AF2
:103BD40004990598FFF714FF064B93F81C34002B47
:103BE40004D000F079F80346002BFAD100BF0BB0E3
:103BF4005DF804FB1023002000B583B00190009110
:103C04000023002200990198FFF7B0FF00BF03B022
:103C14005DF804FB00B587B0039002910192019B0B
:103C2400059305AA012302990398FFF79FFF00BF9C
:103C340007B05DF804FB00B587B0039002910192D0
:103C44000093019B0493009B059304AA0223029909
:103C54000398FFF78BFF00BF07B05DF804FB00B5C6
:103C640089B00390029101920093019B0593009BFC
:103C740006930A9B079305AA032302990398FFF767
:103C840075FF00BF09B05DF804FB00B589B003906F
:103C9400029101920093019B0493009B05930A9B5C
:103CA40006930B9B079304AA042302990398FFF736
:103CB4005DFF00BF09B05DF804FB0000054B5A68C6
:103CC400044B1B689A420CBF01230023DBB2184645
:103CD400704700BF1023002000B599B0FFF7EEFF36
:103CE4000346002B01D00023B3E19C4B0022C3F810
:103CF4001824BFF34F8F00BF984B5B681793974B03
:103D04009B681093179A109B134002339B00934AAD
:103D140013440433169300231593002314930023B0
:103D24000F931BE0179B01331793169B5B88C3F318
:103D340089139BB21A46169B1B88C3F389139BB243
:103D440013441A46179B13441793179A109B134056
:103D540002339B00814A134404331693169B1B7849
:103D640003F00303DBB2002BDCD00023139311E038
:103D7400179B5A1C1792109A1340139A920002A987
:103D84000A44764902339B000B445B681360139B1F
:103D940001331393139B012BEAD99DF8083003F0E8
:103DA4000303DBB2022B40F09C80BDF80A30C3F35E
:103DB40089139BB20D93BDF80A30C3F389139BB2E8
:103DC400502B28BF50239BB20C930C9BC3F30903C5
:103DD4009AB2BDF80A3062F38F13ADF80A300C9B27
:103DE40008330B939DF80830C3F3C203DBB20F937F
:103DF4000B995B4804F0C7FD1590159B002B00F050
:103E0400E080159804F050FE02A9149B082215982E
:103E140004F0F6FE149B08331493179BDA43109BAB
:103E2400134001339B000A930C9A0A9B9A4242D98D
:103E34000A9B002B08D0179A109B134002339B0057
:103E4400464A1344043300E0464B08930A9B002B74
:103E540002D00A9BDBB201E00C9BDBB28DF81F3071
:103E64000A9B002B01D03F4B00E0002306930A9BE2
:103E7400002B06D00C9BDAB20A9BDBB2D31ADBB25E
:103E840000E000238DF817309DF81F20149B08993B
:103E9400159804F0B5FE9DF81F30149A134414933A
:103EA400069B002B16D09DF81720149B0699159895
:103EB40004F0A6FE0EE0179A109B134002339B00F9
:103EC400264A134404330993149B0C9A09991598B0
:103ED40004F096FE0D9B03339B08179A1344179323
:103EE4006FE09DF8083003F00303DBB2012B5AD1D5
:103EF400BDF80830C3F38313DBB2062B28BF0623B7
:103F0400DAB2BDF8083062F38913ADF80830BDF8B1
:103F14000830C3F38313DBB202330E939DF80830E9
:103F2400C3F3C203DBB20F930E9B9B0019460C48EC
:103F340004F029FD1590159B002B42D0159804F030
:103F4400B3FD02A9149B0822159804F059FE149B92
:103F540008331493002313931BE000BF10230020A5
:103F6400FC7103001C230020179B5A1C1792109A03
:103F7400134002339B00394A1344191D149B042235
:103F8400159804F03DFE149B04331493139B0133E2
:103F94001393BDF80830C3F38313DBB21A46139BA3
:103FA4009342E1D30DE09DF8083003F00303DBB244
:103FB400032B06D1294BD3F81834002B01D100234D
:103FC40047E0159B002B3ED0244BD3F810341293BA
:103FD400224BD3F81834002B1AD0159804F073FD33
:103FE40031E000238DF847301298FFF748FB034671
:103FF400002B02D001238DF847309DF84730002B69
:1040040003D015991298FFF705FB129B5B68129376
:10401400129B002BE5D1159804F055FD00238DF873
:1040240007300DF10703184601F008FB0B4BD3F8DA
:104034001834002B02D1094A179B53609DF80730AE
:10404400184601F011FBFFF739FE034683F0010324
:10405400DBB2184619B05DF804FB00BF1023002042
:1040640000B585B00023039322E0164BD3F8103437
:10407400029301238DF807300EE00298FFF7F0FA5F
:1040840003461A46039B934203D100238DF807305D
:1040940005E0029B5B680293029B002BEDD19DF827
:1040A4000730002B01D0039B07E0039B01330393EC
:1040B400039B092BD9DD4FF0FF33184605B05DF89B
:1040C40004FB00BF1023002000B585B001900B460F
:1040D4008DF80330FFF7C4FF0390039BB3F1FF3F58
:1040E40001D1039B1EE0039BDBB219460198FFF745
:1040F400ABFA0E4BD3F81034002B07D10B4A019BBB
:10410400C2F81034019B00225A600AE0074BD3F82E
:1041140010345A68019B5A60044BD3F81034019A46
:104124005A60039B184605B05DF804FB1023002079
:1041340000B583B00C4BD3F8103401930A4B012221
:1041440083F81C2408E00198FFF791FA0198FFF71F
:104154006FFA019B5B680193019B002BF3D100BFB5
:1041640000BF03B05DF804FB1023002010B582B03B
:1041740001900091019BDB7983F00103DBB2002BFA
:1041840028D0019B1B7A002B12D0019B9B881A46D6
:10419400019B9B7919461046FFF76CFB03461A46B0
:1041A4000E4B53F822301A460D49009803F0E6FBF3
:1041B400019B9B791A460B4B53F82240019B9B8829
:1041C40000211846FFF736FB0346224606490098AD
:1041D40003F0D4FB00BF02B010BD00BFA02100203B
:1041E400F07203008C210020F472030000B585B046
:1041F4000390029113468DF80730039BDB7983F01B
:104204000103DBB2002B0FD0039B1B7A002B06D0DB
:104214000D4B1B681A460D49029803F0AFFB0C497D
:10422400029803F0ABFB07E09DF80730002B03D0A6
:104234000749029803F0A2FB029803F07DFB00BF3C
:1042440005B05DF804FB00BFA0210020F07203005C
:104254000073030030B58BB0079006910592049368
:104264000E9B1B7B8DF827300E9B00221A730E9930
:104274000498FFF77BFF059B062B7FD801A252F819
:1042840023F000BFA5420200AF420200BF42020079
:10429400D3420200F14202001943020049430200E2
:1042A40007990E9803F06AFB69E0069B1B681A469F
:1042B40007990E9803F062FB61E0069B1A68069B5F
:1042C40004331B6807990E9803F058FB57E0069BCC
:1042D4001A68069B04331968069B08331B6800930D
:1042E4000B4607990E9803F049FB48E0069B1968B2
:1042F400069B04331868069B08331B68069A0C3225
:1043040012680192009303460A4607990E9803F037
:1043140035FB34E0069B1868069B04331C68069B37
:1043240008331B68069A0C32126806991031096822
:104334000291019200932346024607990E9803F0D6
:104344001DFB1CE0069B1C68069B04331D68069B32
:1043540008331B68069A0C321268069910310968F2
:1043640006981430006803900291019200932B4642
:10437400224607990E9803F001FB00E000BF0022DB
:104384000E990498FFF732FF0E9B9DF827201A73AD
:1043940000BF0BB030BD00BF00B587B003900291E1
:1043A40001920093029B082B5CD8009B1B7B8DF829
:1043B4001330009B00221A7300990198FFF7D6FE70
:1043C4000023059314E0059A029B9A4209D2039AAA
:1043D400059B13441B781A462449009803F0CEFA2F
:1043E40003E02349009803F0C9FA059B01330593C0
:1043F400059B072BE7D91F49009803F0BFFA002358
:10440400059322E0059A029B9A4217D2039A059BD0
:1044140013441B788DF812309DF81230184612F0B0
:1044240060FD0346002B02D09DF8123000E02E23DD
:104434001A461149009803F0A1FA03E00F490098C5
:1044440003F09CFA059B01330593059B072BD9D9EF
:10445400012200990198FFF7C9FE009B9DF81320E3
:104464001A7300E000BF07B05DF804FB0473030097
:104474000C73030010730300147303001873030018
:1044840000B589B0019000238DF81F3051E02E4B08
:104494001A689DF81F30DB0013440693069B1B78B3
:1044A4001A46012393400593284B1A68059B134031
:1044B400002B39D0059BDA43244B1B681340234A55
:1044C4001360069B1B78184605F03AFE03468DF8E8
:1044D4001330069B1B781A46012393401A461C4B43
:1044E4001B6813409DF81320069909788A4093426B
:1044F4001AD19DF81330069A5278012A0CBF012272
:104504000022D2B293420CBF01230023DBB20393F7
:10451400069B5B68002B07D0069B5B68069A1278A3
:104524000399C9B2104698479DF81F3001338DF89E
:104534001F30084B1B789DF81F209A42A7D300BF59
:1045440000BF09B05DF804FB30270020602700207D
:104554005C2700203427002000B585B001900B466D
:104564008DF803300122019B02FA03F303931E4BDF
:10457400184600F0CDFF0290029B002B30D11B4B5C
:104584001A68039B1340002B22D1019805F0D8FD33
:104594000346002B06D0164B1A68039B1343144A98
:1045A400136006E0039BDA43114B1B681340104A67
:1045B40013600E4B1A68039B13430C4A13600A489A
:1045C4000C4B1B680022194600F070FF029008E0B3
:1045D400039BDA43054B1B681340044A136000E055
:1045E40000BF05B05DF804FB3C27002060270020D5
:1045F4005C2700203827002000B589B003900B46C3
:1046040001928DF80B30019B042B01D8072351E054
:1046140005F09EFC034683F00103DBB2002B07D0B8
:1046240005F04EFC0790079B002B01D0079B41E04F
:10463400224A039B1360224A9DF80B301370214ACF
:10464400019B1360204B00221A60204B00221A6049
:1046540023E09DF80B30DB00039A134406930323F5
:104664008DF8143000238DF8153000238DF81630A2
:1046740000238DF81730069B9B788DF81530069B28
:104684001B78184605AB124A194605F06DFC0790D5
:10469400079B002B01D0079B0CE09DF80B305A1EA2
:1046A4008DF80B20002BD4D10A4A00210A4800F0CF
:1046B400CDFE0346184609B05DF804FB3027002000
:1046C40034270020382700205C27002060270020A2
:1046D4005D450200854402001C73030000B583B0ED
:1046E400114B1B68002B03D11049B62007F036FD8F
:1046F400002301930CE00C4B1A68019BDB0013446C
:104704001B780121184605F093FC019B01330193AA
:10471400074B1B781A46019B9342ECD3002318469F
:1047240003B05DF804FB00BF3027002020730300B2
:104734003427002000B589B0039002910192029BB6
:104744009BB2ADF81430019B0693039B079305AB12
:104754001A46002144F2010000F052F800BF09B0EB
:104764005DF804FB86B003900291019201238DF859
:1047740017309DF81730214A039B13601F4A029B90
:1047840053601E4A019B9360039B44F201029342CF
:1047940013D0039B44F20202934222D1019B174A95
:1047A400D360164BDB681B881A46144B9A61134B73
:1047B400DB685B68114AD36113E0019B0F4A136104
:1047C4000E4B1B699B680D4A53610C4B1B691B887C
:1047D4001A460A4B9A61094B1B695B68074AD36105
:1047E40000BF72B600BF00BF9DF81730DBB2002BCC
:1047F400FAD162B600BF00BF06B07047642700203C
:1048040030B589B0059004910392FFF791FCFFF74E
:1048140063FA0346002BFAD1059B44F20202934249
:104824002BD0059B44F20202934254D8059B44F2D8
:104834000102934231D0059B44F2010293424AD8CB
:10484400059B012B05D0059B41F2010293420AD03E
:1048540041E02E4B1B881B0443F001032C491846EE
:10486400FFF7CAF942E0294B1B881B0443F00103FC
:1048740028491846FFF7C0F938E0039B0793234BF8
:104884001B881B0443F00100079B5B681A46079BC7
:104894001B882149FFF7CFF928E0039B06931B4BA4
:1048A4001B881B0443F00104069B9D68069B9B68C0
:1048B400184604F025FA03461946069B5B681A4617
:1048C400069B1B88019300920B462A4613492046F7
:1048D400FFF7DBF90AE00D4B1B881B0443F00103CF
:1048E400049A0F491846FFF795F900BF0D4B1B6852
:1048F40003F00103002B00D0FFDE039A049905980E
:10490400FFF730FF00BF09B030BD00BFE02000203A
:104914007473030094730300B8730300D473030027
:10492400EC730300F0ED00E082B003468DF807302D
:104934009DF8073003F01F0205499DF907305B0914
:10494400012000FA02F241F8232000BF02B07047B0
:1049540000E100E082B003468DF807309DF807308F
:1049640003F01F0206499DF907305B09012000FA94
:1049740002F2203341F8232000BF02B0704700BF89
:1049840000E100E082B003468DF807309DF807305F
:1049940003F01F0206499DF907305B09012000FA64
:1049A40002F2403341F8232000BF02B0704700BF39
:1049B40000E100E082B003468DF807309DF807302F
:1049C40003F01F0206499DF907305B09012000FA34
:1049D40002F2603341F8232000BF02B0704700BFE9
:1049E40000E100E082B0034600918DF807309DF9A4
:1049F4000730002B0CDA009BDAB20C499DF8073023
:104A040003F00F03043B5201D2B20B441A7609E0BF
:104A1400009BDAB206499DF907305201D2B20B4429
:104A240083F8002300BF02B0704700BF00ED00E030
:104A340000E100E084B00190244B0393019B002B20
:104A440040D0234B1A680399019B00BF00BF00BFED
:104A540000BF00BF00BF00BF00BF8A422FD000BF0D
:104A640000BF00BF00BF00BF00BF00BF00BF00BF4A
:104A740000BF00BF00BF00BF00BF00BF00BF00BF3A
:104A840000BF00BF00BF00BF00BF00BF00BF00BF2A
:104A940000BF00BF00BF00BF00BF00BF00BF00BF1A
:104AA40000BF00BF00BF00BF00BF00BF00BF00BF0A
:104AB40000BF00BF00BF00BF00BF00BF00BF013B7D
:104AC400C3D1019300BF04B0704700BF0024F400B9
:104AD400E421002000B583B00190064A019BC2F88E
:104AE400083507211120FFF77DFF00BF03B05DF8F3
:104AF40004FB00BF0010014008B50D4B4FF4803299
:104B0400C3F844230A4B4FF48032C3F80423112022
:104B1400FFF750FF1120FFF707FF054B01221A6032
:104B24002F20FFF787FF034B01221A7000BF08BD37
:104B340000100140A228002008B51120FFF70AFF49
:104B44000E4B4FF48032C3F848230C4B4FF48032A1
:104B5400C3F80823094B01225A602F20FFF76AFF8C
:104B6400064B01229A60064B00221A602F20FFF7A1
:104B740061FF044B00221A7000BF08BD0010014001
:104B840094280020A2280020024BD3F804351846AC
:104B9400704700BF0010014082B001900091019A5B
:104BA400009BD31A23F07F43184602B070470000DD
:104BB40082B00190034A019BC2F8403500BF02B0A5
:104BC400704700BF0010014086B00190284B1B685D
:104BD400002B03D1264A019B136045E0019B1A6810
:104BE400234B1B681B689A4210D8214B1B68196819
:104BF400019B1A681E4B1B688A1A1A601C4B1A68A0
:104C0400019BDA611A4A019B13602DE0019B1B682A
:104C14000393174B1B680593154B1B68049309E01A
:104C2400049B1B68039AD31A0393049B0593049B68
:104C3400DB690493049B002B04D0049B1B68039A38
:104C44009A42EDD8049B002B05D0049B1A68039B61
:104C5400D21A049B1A60019B039A1A60019B049A5E
:104C6400DA61059B019ADA6100BF06B0704700BFA4
:104C74009028002000B587B001902A4B1B6803934D
:104C8400284B1B680593059B049308E0049A019B39
:104C94009A4208D0049B0593049BDB690493049B0C
:104CA400002BF3D100E000BF049B002B01D10023B3
:104CB40033E0059A049B9A4214D11A4B1B68DB69B2
:104CC400184A1360174B1B68002B0BD1164B01229B
:104CD4009A60164B00221A60154B01221A702F207D
:104CE400FFF7A8FE049B1B680293049BDA69059BEB
:104CF400DA61059BDB690493049B002B05D0049BBC
:104D04001A68029B1A44049B1A60064B1B68039A98
:104D14009A4214BF01230023DBB2184607B05DF8A2
:104D240004FB00BF902800200010014094280020BC
:104D3400A328002008B51120FFF724FE00BF08BDFA
:104D440008B51420FFF71EFE00BF08BD00B583B0F0
:104D54000190019B5B69019A92691046984700BFD4
:104D640003B05DF804FB000000B585B02B4B1B6855
:104D7400002B4ED000230193FFF706FF0246284B79
:104D84001B6819461046FFF707FF0290234B1B6868
:104D940003931DE0039B1B68029A9A421CD3039B56
:104DA4001B68029AD31A0293039B1B68019A13444B
:104DB4000193039B0093039BDB690393009B1B7C80
:104DC400002B05D0009B00221A740098FFF7BEFF49
:104DD400039B002BDED100E000BF124B1A78124B6C
:104DE4001B789A420CD1104B1B780133DAB20E4B6C
:104DF4001A700D4B1B78022B02D10B4B00221A7038
:104E0400094B1B781946094A019B42F82130FFF7E8
:104E140097FF00BF05B05DF804FB00BF9028002099
:104E240094280020A0280020A128002098280020F1
:104E340082B00190184B1A78184B1B789A4223D0F1
:104E4400154B1B780133DAB2134B1A70124B1B78D3
:104E5400022B02D1104B00221A700F4B1B781A46FA
:104E64000F4B53F82220019B1A60019B1A680D4BCB
:104E74001B6813440B4A13600A4B1B6823F07F43DF
:104E8400084A1360012303E0019B00221A600023F7
:104E9400184602B0704700BFA0280020A1280020B7
:104EA400982800209428002088B003900291019251
:104EB4000023079338E0204B1B680693069B1B686E
:104EC400039A9A4206D2069B1A68039BD21A069B3F
:104ED4001A602EE0069B1B68039AD31A0393069B61
:104EE4001B68079A13440793069B00221A60124B0F
:104EF4001B680593069BDB690F4A1360069BDB68FE
:104F0400002B11D0029A079B134423F07F42069B87
:104F14005A60069BDA68069B9A60019B1A68069B96
:104F2400DA61019B059A1A60034B1B68002BC2D1FE
:104F340000BF00BF08B070479028002000B589B0BA
:104F4400019000238DF81F30664B1B680593AAE07F
:104F5400019B002B05D0019B0693069BDB69019303
:104F640061E0614B1B781A4613465B001344DB0077
:104F74005D4A1344043304935B4B1B780133DAB268
:104F8400594B1A70584B1A78574B9B789A4202D156
:104F9400554B00221A70049B5B680693049B1B7894
:104FA400032B1ED0032B7EDC012B1FD0022B7AD1C6
:104FB400049B5B681846FFF75DFE0346002B02D096
:104FC40001238DF81F30069B00221A746BE0454BB9
:104FD4001B680393039B00221A74039BDB69414AF9
:104FE4001360404B1B68002BF1D15CE000BF069BB3
:104FF4001B7C002B00D056E0049B9A68069B5A60E9
:10500400049BDA68069B9A60049B1A69069BDA6023
:10501400049B5A69069B9A61344B1B78002B02D07F
:10502400069B00225A60069B5A68314B1B68D31AB0
:1050340023F07F432F4A93420ED8069B5B682C4A89
:10504400126811461846FFF7A7FD0246069B9B68A7
:105054001A44069B1A6017E0254B1A68069B5B6886
:1050640019461046FFF798FD0290069B9B68029A2A
:105074009A4206D2069B9A68029BD21A069B1A6031
:1050840002E0069B00221A60069B00225A60069BDF
:1050940000229A60069B01221A74069B0022DA61A0
:1050A4000698FFF791FD019B002B7FF451AF0E4B47
:1050B4001A780D4B5B789A427FF44AAF9DF81F3003
:1050C400002B04D1074B1B68059A9A4201D0012397
:1050D40000E0002303F00103DBB2184609B05DF8D9
:1050E40004FB00BF9028002084270020A328002070
:1050F40094280020FEFF7F0010B588B00190274B54
:105104001B68002B44D0254B1B681B680793FFF7D3
:105114003BFD0690224B1B68059305990698FFF703
:105124003BFD0346033304931E4B1B7883F00103BA
:10513400DBB2002B01D0FFF7DFFC049A079B9342FC
:1051440038BF1346059A13440593059B23F07F4308
:1051540005930598FFF72CFDFFF716FD03900699BC
:105164000398FFF719FD0346DC1C06990598FFF721
:1051740013FD03469C420DD9FFF706FD034618466E
:10518400FFF716FD2F20FFF755FCFFF7D3FD01E0D5
:10519400FFF7D2FC00BF08B010BD00BF902800206C
:1051A40094280020A228002000B587B00023019392
:1051B40000238DF81730194B1B680493184B1B6898
:1051C40003936B461846FFF733FE03468DF80B3006
:1051D4009DF80B30002B08D0009B01AA04991846B7
:1051E400FFF762FE01238DF81730019B1846FFF785
:1051F400A5FE0346002B02D001238DF817309DF83D
:105204001730002B02D00398FFF776FF054B0022DE
:105214001A7000BF07B05DF804FB00BF942800209B
:1052240090280020A328002082B003468DF8073080
:10523400034A9DF80730537000BF02B0704700BFA7
:105244008427002084B00190144B5B7801338DF8DF
:105254000F30124B9B789DF80F209A4202D1002305
:105264008DF80F300D4B1B789DF80F209A4201D119
:1052740000230FE0019B9DF80F201A70074B5B7809
:105284001A4613465B001344DB00044A13440433F8
:105294000293029B184604B0704700BF8427002085
:1052A40000B589B003900291019200930023079303
:1052B40000238DF816300DF11603184600F0BEF9E0
:1052C4000DF117031846FFF7BDFF0690069B002B50
:1052D40002D10423079318E0069B01221A70069B4F
:1052E400039A5A60FFF750FC0246069B9A60069B9D
:1052F400029ADA60069B019A1A61069B009A5A6127
:105304009DF817301846FFF78FFF9DF816301846A2
:1053140000F0AAF9079B002B01D1FFF711FD079BB1
:10532400184609B05DF804FB00B587B001900B4640
:105334008DF803300023059300238DF80E300DF112
:105344000E03184600F07AF90DF10F031846FFF723
:1053540079FF0490049B002B02D1042305930BE0F6
:10536400049B9DF803201A70049B019A5A609DF8CF
:105374000F301846FFF758FF9DF80E30184600F01E
:1053840073F9059B002B01D1FFF7DAFC059B184646
:1053940007B05DF804FB000008B50E4B0022C3F80B
:1053A40040210C4B0022C3F844210A4B0022C3F8CD
:1053B4004821084B0022C3F84C21064B0022C3F8B5
:1053C4000021044B0022C3F80421FFF7CDFC00BFE9
:1053D40008BD00BF0010014008B5FFF7E5FE00BF9F
:1053E40008BD000008B5FFF7A7FB134B00221A7095
:1053F400114B00225A70104B0B229A700F4B002253
:105404001A600F4B00221A700E4B00221A701420DF
:10541400FFF7D0FA07211420FFF7E4FA1420FFF76E
:1054240083FA0020FFF756FBFFF7AEFB0346064A5C
:1054340013600023184608BD84270020902800200C
:10544400A0280020A12800209428002086B00390E2
:105454000B4601928DF80B30134B9B78002B01D136
:1054640008231EE0019B002B01D1072319E0039BB5
:10547400002B01D1072314E0039B1B681B7C002B2A
:1054840001D008230DE0039B1B680593059B0022B4
:105494001A74059B9DF80B205A74059B019A5A6156
:1054A4000023184606B070478427002000B587B053
:1054B400039002910192039B0593144B9B78002B5C
:1054C40001D108231EE0039B002B01D1082319E01E
:1054D400029B042B01D8072314E0059B5B69002B76
:1054E40001D108230EE0059B5B7C012B01D1029BBB
:1054F40000E000230493019B049A02990598FFF7A6
:10550400CFFE0346184607B05DF804FB842700204D
:1055140000B585B00190019B03930D4B9B78002B44
:1055240001D1082310E0019B002B03D0039B5B698E
:10553400002B01D1082307E0039B00221A740221E7
:105544000398FFF7F1FE0346184605B05DF804FB27
:105554008427002082B0EFF310830093009B019313
:1055640072B600BF019B184602B0704762B600BF16
:1055740000BF704700B585B00190FFF7EBFF0390C3
:10558400164B9B68002B1BD1144B01229A60144BC1
:10559400D3F88020134B1340104A1360104B114A68
:1055A400C3F880200E4BD3F884300C4A53600C4B64
:1055B4004FF0FF32C3F88420019B00221A7002E0EE
:1055C400019B01221A70039B002B01D1FFF7CEFF30
:1055D4000023184605B05DF804FB00BFA428002092
:1055E40000E100E0FC06FFBD00B585B003468DF880
:1055F4000730104B9B68002B16D09DF80730002B0A
:1056040012D1FFF7A7FF03900B4A0A4B1B681360E4
:10561400094A084B5B685360064B00229A60039B5F
:10562400002B01D1FFF7A2FF0023184605B05DF857
:1056340004FB00BFA428002000E100E000B583B013
:10564400019000F02BF80346012B03D005494320B9
:1056540006F084FD0198FFF78DFF00BF03B05DF8ED
:1056640004FB00BF0474030000B583B003468DF847
:10567400073000F013F80346012B03D006495120EC
:1056840006F06CFD9DF807301846FFF7ADFF00BF2C
:1056940003B05DF804FB00BF0474030084B0EFF3AF
:1056A40005830193019BC3F308030393039B002B1E
:1056B4000DD1EFF314830093009B0293029B03F03C
:1056C4000103002B0CBF01230023DBB200E0012304
:1056D400184604B0704782B00190019B03F00303A5
:1056E400002B0CBF01230023DBB2184602B0704725
:1056F40010B487B001900091019B009A53E8004FC9
:1057040044EA020043E8000191F0000FF6D1059449
:1057140004900391059B184607B05DF8044B70474D
:1057240010B487B001900091019B009A53E8004F98
:1057340004EB020043E8000191F0000FF6D1059458
:1057440004900391059B184607B05DF8044B70471D
:1057540010B487B001900091019B009A53E8004F68
:1057640004EB020043E8000191F0000FF6D1059428
:1057740004900391049B184607B05DF8044B7047EE
:1057840010B487B001900091019B009A53E8004F38
:10579400A4EB020043E8000191F0000FF6D1059458
:1057A40004900391049B184607B05DF8044B7047BE
:1057B40000B583B0019001210198FFF799FF0346DA
:1057C400184603B05DF804FB00B585B001900023D2
:1057D40003930EE00B4A039B52F82330002B05D0B1
:1057E400084A039B52F8233001989847039B0133DE
:1057F4000393039B032BEDD900BF00BF05B05DF8F5
:1058040004FB00BFC028002082B001900091019BDE
:105814001B78013B052B61D801A252F823F000BF8D
:105824003D580200455802006B5802009D58020082
:10583400BD580200D9580200009B00221A704EE0A5
:10584400009B01221A70019B1A89009B9A81019B7B
:105854009A88009BDA81019BDA68009B9A60009B1E
:1058640000221A743BE0009B02221A70019B1A89E1
:10587400009B9A81019B9A88009BDA81019BDA68DC
:10588400009B9A60019B9B7D062B0CBF0123002388
:10589400DAB2009B1A7422E0009B03221A70019B67
:1058A400DA88009B9A81019B1A89009BDA81019B0B
:1058B400DA68009B9A6012E0009B04221A70019B34
:1058C400DA88009B9A81009B0022DA81009B0022E7
:1058D4009A6004E0009B05221A7000E000BF00BF3C
:1058E40002B0704784B001900091019B0393039A26
:1058F400009B9A4206D2039B1B68B3F1FF3F01D081
:10590400012300E0002303F00103DBB2184604B0D6
:10591400704782B00190019B5B8803339B00019A1E
:105924001344184602B0704700B583B0019000914B
:105934000198FFF7EEFF0246009B934201D2022337
:105944000CE0019B9B884FF6FF72934203D0019BAE
:105954001B88002B01D1012300E00023184603B06B
:105964005DF804FB00B583B00190019B002B13D0BC
:105974000D4BDB681A46019B93420DD30A4B1B69FE
:105984001A46019B934207D80198FFF7A4FE0346E9
:10599400002B01D0012300E0002303F00103DBB25C
:1059A400184603B05DF804FB6421002082B0019026
:1059B400019B002B04D0019B1B680B4A934201D02E
:1059C40003230DE0019B04331B68084A934204D06F
:1059D400074A934203D1012302E0002300E003239A
:1059E400184602B0704700BFDEC0ADDEFE011EF1F6
:1059F400FF011EF184B00190002303930CE0039B8C
:105A04009B00019A13441B68B3F1FF3F01D00023AC
:105A140007E0039B01330393039BB3F5806FEED33D
:105A24000123184604B0704782B003460A46ADF815
:105A340006301346ADF80430BDF80620134913466A
:105A44009B0013449B000B4408331A88BDF80430B0
:105A54001344ADF80430BDF806200C4913469B00EE
:105A640013449B000B440A331A88BDF804301344D2
:105A7400ADF80430BDF8043040F2FF32934294BFD5
:105A840001230023DBB2184602B0704770290020BE
:105A940084B0019000910A2303930023ADF80A30E7
:105AA40027E0BDF80A20174913469B0013449B00C6
:105AB4000B4404331B68009A9A4215D9BDF80A2096
:105AC400104913469B0013449B000B4404331B688A
:105AD40003F58053009A9A4206D200230393019B54
:105AE400BDF80A201A8008E0BDF80A300133ADF889
:105AF4000A30BDF80A30012BD3D9039B184604B0F1
:105B0400704700BF7029002000B589B0039002914E
:105B14000192039B03F580530693039B083303937D
:105B2400029B02221A80039B079332E0069907988E
:105B3400FFF7FAFE03468DF817309DF81730002B57
:105B44000AD1079B9A68184B1B689A4213D9079B82
:105B54009B68154A13600EE0019B002B02D0019B49
:105B640001221A709DF81730022B04D1029B4FF4C6
:105B740080621A8014E0029B1A88079B5B88134496
:105B84009BB203339AB2029B1A800798FFF7C1FEB7
:105B9400079006990798FFF7A5FE0346002BC5D189
:105BA40009B05DF804FB00BFD028002082B001904A
:105BB4000B46ADF80230019B1A89BDF8023013443C
:105BC4009BB203339AB2019B1A81019B5A89BDF897
:105BD4000230D31A9BB2033B9AB2019B5A8100BF95
:105BE40002B0704700B583B0074B1B681946002309
:105BF40000930823054A064802F07FFA0346184634
:105C040003B05DF804FB00BF98290020AC740300C6
:105C14006421002000B585B003900399002300930C
:105C24000823044A044802F068FA0346184605B0FB
:105C34005DF804FBB47403006421002000B585B052
:105C440003460091ADF8063000238DF80F30BDF8FF
:105C540006300333ADF80A30BDF80A3040F2FD32A5
:105C6400934201D909234AE00023ADF80C303BE00C
:105C7400BDF80C20244913469B0013449B000B449D
:105C84001B78002B2BD1BDF80A20BDF80C3011462F
:105C94001846FFF7C9FE0346002B20D001238DF8D8
:105CA4000F30009BBDF80C201A80BDF80C2016495B
:105CB40013469B0013449B000B440A331988BDF818
:105CC4000C20BDF80A300B4498B20F4913469B00D0
:105CD40013449B000B440A3302461A8008E0BDF8C3
:105CE4000C300133ADF80C30BDF80C30012BBFD9AA
:105CF4009DF80F30002B01D0002300E00723184645
:105D040005B05DF804FB00BF7029002082B0034693
:105D14000A46ADF806301346ADF80430BDF8042049
:105D24000D4913469B0013449B000B440A331A8805
:105D3400BDF80630D31A9BB2BDF80420033B98B2D9
:105D4400054913469B0013449B000B440A33024647
:105D54001A8000BF02B070477029002008B50121E5
:105D64000248FFF7F5FC0346184608BDD02800207A
:105D740000B585B003460091ADF80630BDF80620A5
:105D8400244913469B0013449B000B4404331B68B3
:105D940003F580530293009B1B680393039B002B22
:105DA40004D00398FFF7B5FD039026E0BDF8062064
:105DB400184913469B0013449B000B4404331B688F
:105DC4000833039319E002990398FFF7ADFD0346E6
:105DD400022B10D0022B10DC002B02D0012B05D09B
:105DE4000BE0009B039A1A6001230EE00398FFF76F
:105DF40090FD039001E0002307E002990398FFF768
:105E040071FD0346002BDED10023184605B05DF872
:105E140004FB00BF7029002000B585B001900091FB
:105E2400019B5B681846FFF79DFD0346002B19D0C4
:105E3400019B1A89244B1B899A4213D1019B1A682E
:105E4400019B5B689B689A420CD1019B5B68194675
:105E54000098FFF71DFE0346002B0CBF012300230F
:105E6400DBB22CE0009B00221A8023E00023029383
:105E740010E0029B0393039B9A68019B1B689A4260
:105E840008D1029A019B5A600F4B1A89019B1A810F
:105E9400012314E0009B1B8802AA11461846FFF751
:105EA40067FF0346002BE4D1009B1B8801339AB2A1
:105EB400009B1A80009B1B88012BD7D9002318460E
:105EC40005B05DF804FB00BFA029002000B587B031
:105ED4000390029101920093304B1B78DBB283F064
:105EE4000103DBB2002B01D0022353E0019B002B02
:105EF40002D0009B002B48D105234BE0009B9B88DC
:105F04001946274A0B469B000B449B0013441B78FD
:105F1400002B33D124E0009B1B680593039B002BCB
:105F240006D0059B9A88039B1B889A4200D017E0F1
:105F3400029B002B06D0059B1A88029B1B889A4261
:105F440000D00DE0059B9A68019B1A60009B1A68BB
:105F5400019B5A60134B1A89019B1A81002319E093
:105F6400009B9B88009A11461846FFF701FF0346E1
:105F7400002BD0D1009B00221A6000E000BF009BE0
:105F84009B8801339AB2009B9A80009B9B88012BCB
:105F9400B4D90A23184607B05DF804FBB0280020E2
:105FA40070290020A029002000B585B00190084B7D
:105FB4000199184601F05FFB03901C22002103980D
:105FC40010F03EFF039B184605B05DF804FB00BFCC
:105FD4006029002000B583B00190044B0199184654
:105FE40001F060FB00BF03B05DF804FB60290020F2
:105FF40000B583B00190054B0199184601F066FB8A
:106004000346184603B05DF804FB00BF6029002076
:1060140000B583B00190044B0199184601F06DFB63
:1060240000BF03B05DF804FB6029002008B50A4BEB
:106034001B68002B04D1094940F2712006F08EF848
:1060440001210548FFF79CFB0346002B14BF0123E5
:106054000023DBB2184608BDB82800206074030092
:1060640000B587B0002305930023ADF81230032355
:10607400ADF8103000238DF80F300023ADF80C304C
:10608400F3E0BDF80C301A03804BDB681344029331
:106094000298FFF78BFC03468DF807309DF8073014
:1060A400032B08D0032B00F3DA80002B65D0012BDF
:1060B40000F09880D3E00298FFF79CFC0346002B85
:1060C4003BD0734B1B68002B29D0BDF812207149BB
:1060D40013469B0013449B000B4402221A70BDF824
:1060E40012206C4913469B0013449B000B44043359
:1060F400029A1A60BDF81220664913469B001344A5
:106104009B000B44083302221A80634ABDF8123004
:106114005380BDF812300133ADF8123008E05C4A08
:10612400029B13605A4B02229A8001238DF80F3090
:10613400059B43F00103059392E0BDF81030013B49
:10614400ADF81030BDF81220524913469B00134499
:106154009B000B440433029A1A60BDF812204D4987
:1061640013469B0013449B000B4403221A70BDF892
:1061740012300133ADF8123072E0BDF812204549F7
:1061840013469B0013449B000B4400221A70BDF875
:106194001220404913469B0013449B000B440433D4
:1061A400029A1A60BDF8122013469B0013449B0008
:1061B4000833384A9918BDF8122013469B0013443B
:1061C4009B001033334A13441A460298FFF79CFC91
:1061D400059B43F002030593BDF812300133ADF87B
:1061E40012303DE09DF80F30002B25D0BDF8122071
:1061F400284913469B0013449B000B4402221A7047
:10620400BDF81220224B1968224813469B00134400
:106214009B00034404331960BDF812201D49134642
:106224009B0013449B000B44083302221A80BDF8E0
:1062340012300133ADF81230154A029B136000226C
:1062440016490298FFF760FC114B9B88022B01D181
:10625400042300E00823059A1343059300E000BFDC
:10626400BDF80C300133ADF80C30BDF80C30022B06
:106274007FF607AFBDF81030012B01D8002305933A
:10628400059BDBB2184607B05DF804FB64210020CF
:106294009829002070290020A02900209C29002092
:1062A40000B587B003900291039B02229A7502996C
:1062B400039B1A1D002300930423074801F01DFFCC
:1062C4000590059B002B01D1002300E00E23184606
:1062D40007B05DF804FB00BF6421002000B587B05F
:1062E40003900291039B1B69002B01D0032200E061
:1062F4000122039B9A75029B08331946039B03F101
:106304000C02002300930423064801F0F6FE0590D6
:10631400059B002B01D1002300E00E23184607B093
:106324005DF804FB6421002000B587B0039002915E
:10633400039B1B78032B01D1052200E00622039B5B
:106344009A75029B04331946039B03F10802002348
:1063540000930423064801F0D0FE0590059B002B12
:1063640001D1002300E00E23184607B05DF804FBBA
:106374006421002000B587B003900B46ADF80A30C5
:1063840003990023009304230C4A0D4801F0B5FE41
:106394000590059B002B01D00E230BE0BDF80A20CD
:1063A400084913469B0013449B000B4410330122FD
:1063B4001A700023184607B05DF804FBBC74030090
:1063C400642100207029002000B589B0019002AB3F
:1063D40000221A605A609A60019BDB6802930DF1F7
:1063E400160202AB11461846FFF716FD0346002BB2
:1063F40012D0039B0693069B9A88019BDA80069B26
:106404001A88019B1A81039BBDF816201146184671
:10641400FFF7B0FF079001E00A230793079B184694
:1064240009B05DF804FB000000B587B00190019B42
:10643400981D02AA0D4B0021FFF748FD0590059B0E
:10644400002B08D1039B094A928811461846FFF78E
:1064540091FF059004E008220021044810F0F0FCAC
:10646400059B184607B05DF804FB00BFB029002067
:1064740000B587B003900291039B01229A75029B99
:106484000C331846039B1A69039BDB889B0000218D
:1064940000910146064801F030FE0590059B002B53
:1064A40001D1002300E00E23184607B05DF804FB79
:1064B4006421002082B0184B1B8901339AB2164B19
:1064C4001A81154B00225A80134B00221A730023A1
:1064D400ADF8063018E0BDF80620104913469B00BD
:1064E40013449B000B441A78BDF80630002A0CBFF5
:1064F40001220022D1B2084A13440A469A72BDF816
:1065040006300133ADF80630BDF80630012BE2D970
:1065140000BF00BF02B07047A029002070290020EE
:1065240084B0019000238DF80F300023ADF80C30B7
:1065340031E0BDF80C301C4A13449B7A002B25D063
:10654400BDF80C30184A134400229A72BDF80C208E
:10655400164913469B0013449B000B440C331B68E1
:10656400002B13D1BDF80C20104913469B00134493
:106574009B000B4410331B78002B07D0019BBDF804
:106584000C201A8001238DF80F3008E0BDF80C3080
:106594000133ADF80C30BDF80C30012BC9D99DF88E
:1065A4000F30184604B07047A0290020702900203D
:1065B40008B5084B05221A70074B02229A80064B35
:1065C4001B68194600230122044801F0E8FD034634
:1065D400184608BDA0290020982900206421002025
:1065E40000B583B0164B5B88ADF80230BDF80220CD
:1065F400144913469B0013449B000B440C331B6843
:10660400002B14D10E4B04221A70BDF802200D4940
:1066140013469B0013449B000B4404331B68194628
:1066240000230122084801F0BAFD019002E0FFF7BF
:10663400BFFF0190019B184603B05DF804FB00BF47
:10664400A0290020702900206421002000B587B013
:10665400104B5B680593104B1A680F4B9B889B008B
:1066640013440493059B5B880333ADF80E30094B48
:1066740003221A700499074B5A68BDF80E309B0028
:1066840000200090054801F038FD0346184607B085
:106694005DF804FBA0290020982900206421002033
:1066A40000B583B00A4B5B880A491846FFF760FBC4
:1066B4000346002B03D0FFF7C9FF019002E0FFF768
:1066C4008FFF0190019B184603B05DF804FB00BFE7
:1066D400A0290020A429002008B50A4B06221A701C
:1066E400084B5B881946084A0B469B000B449B00E9
:1066F400134404331B681846FFF78CFA0346184604
:1067040008BD00BFA02900207029002008B5054B52
:1067140007221A70034B00225A60FFF763FA0346FC
:10672400184608BDA029002008B50D48FFF7F8FE5B
:10673400034683F00103DBB2002B0BD0094B00228C
:106744001A70084B00225A80064B00225A6041F608
:106754001D5302E0FFF7A4FF0346184608BD00BF1F
:10676400A2290020A029002082B0094B5B68019374
:10677400019B5B880333ADF80230064B9A88BDF861
:10678400023013449AB2034B9A8000BF02B07047A0
:10679400A02900209829002082B0184B1B6801937F
:1067A400174B5B881946174A0B469B000B449B000A
:1067B400134404331B68114A1360114B5B88194658
:1067C400104A0B469B000B449B0013440433019A6C
:1067D4001A600B4B5B881946084B9888094A0B468C
:1067E4009B000B449B001344083302461A80034B5E
:1067F40002229A8000BF02B0704700BF982900208F
:10680400A02900207029002008B51A4B1B78072BFB
:106814002CD801A252F823F03D68020071680200EE
:10682400716802004968020055680200616802004C
:106834006168020069680200FFF73CFE0D4B01220B
:106844001A7014E0FFF790FF0A4B02221A700EE050
:10685400FFF7A2FF074B06221A7008E0054B072238
:106864001A7004E0034B01221A7000E000BF00BF5D
:1068740008BD00BFA029002000B587B00190009199
:106884000F230593019B002B04D0624B00225A6016
:106894000123BBE0009B1B79032B00F2AB8001A218
:1068A40052F823F0B9680200C76802005569020073
:1068B40075690200009B01221A71FFF793F9059094
:1068C4009BE000238DF813300023ADF810302BE04B
:1068D400BDF81020504913469B0013449B000B4401
:1068E4001B78022B1BD1BDF810204B4913469B008B
:1068F40013449B000B4400221A7001238DF81330BB
:10690400BDF81020444913469B0013449B000B44DC
:1069140004331B681846FFF77DF9059008E0BDF8BD
:1069240010300133ADF81030BDF81030012BCFD941
:106934009DF8133083F00103DBB2002B5CD0354BA0
:1069440001221A70334B00225A6041F61D535DE058
:10695400009B00221A71314B02229A802F4B1B6834
:106964001946002301222E4801F019FC059044E049
:10697400009B00221A71294B1B681846FFF74AF93D
:106984000590284B5B88ADF80E30244B1B680293AE
:10699400BDF80E20204913469B0013449B000B4472
:1069A40004331B681D4A1360BDF80E201A491346B0
:1069B4009B0013449B000B440433029A1A60BDF8F5
:1069C4000E20164B9888144913469B0013449B00D1
:1069D4000B44083302461A80104B02229A80BDF8F9
:1069E4000E200D4913469B0013449B000B440022C8
:1069F4001A7002E000BF00E000BF059B002B04D02A
:106A0400044B00225A600E2300E00023184607B00E
:106A14005DF804FBB028002070290020982900208C
:106A240064210020A029002000B587B001900091C6
:106A3400009B9B8A1A4613469B0013449B003C4AC6
:106A440013440493019B002B07D0009BDB88194659
:106A54000498FFF7ABF8012365E0049B5A68049B94
:106A64001B899B0013440393009B9B7D062B4DD8ED
:106A740001A252F823F000BFBF6A0200E36A0200D9
:106A8400CB6A0200D76A0200996A0200EF6A020028
:106A9400096B0200274B00225A60009B9B69254A20
:106AA400136025492348FFF7B7F9034683F0010330
:106AB400DBB2002B01D00A2335E003990098FFF7DD
:106AC400EFFB059025E003990098FFF707FC05907C
:106AD4001FE003990098FFF7CBFC059019E0039998
:106AE4000098FFF721FC059013E0009B06229A759D
:106AF400104B5B68104A128811461846FFF73AFC9F
:106B0400059006E041F61D53059302E00F2305931B
:106B140000BF059B002B05D0009BDB881946049819
:106B2400FFF744F8059B184607B05DF804FB00BF67
:106B340070290020B8290020C429002000B585B0A0
:106B440001900091019B002B01D0012326E0009BC2
:106B54001B79022B19D0022B1BDC002B02D0012B3A
:106B640008D016E0009B02221A710098FFF72CFC53
:106B7400039012E00098FFF757FC0390039B0A2B45
:106B84000AD141F61D53039306E041F61D530393C6
:106B940003E00F23039300E000BF039B184605B0F6
:106BA4005DF804FB00B585B00190019B002B01D07A
:106BB40001233BE01F4B1B7B002B03D01D4B00220A
:106BC4001A7301E0FFF720FE1A4B1B78013B062BDA
:106BD40028D801A252F823F0F96B0200016C0200DC
:106BE400096C0200116C0200296C0200196C02008D
:106BF400216C0200FFF798FD039016E0FFF750FDAB
:106C0400039012E0FFF722FD03900EE0FFF7E8FC8B
:106C140003900AE0FFF760FD039006E0FFF776FDBE
:106C2400039002E00F23039300BF039B184605B0B3
:106C34005DF804FBA029002000B589B001903F4B0A
:106C44001B68002B05D13E48FFF7D2F903463B4AA7
:106C540013603A4B1B68002B04D13A4940F2795037
:106C640005F07CFA354B1B681B78013B052B2CD8AF
:106C740001A252F823F000BF956C0200A56C02003B
:106C8400A56C0200B56C0200B56C0200C56C020074
:106C94002A4B1B6819460198FFF7EEFD019017E097
:106CA400264B1B6819460198FFF7BEFE01900FE0C2
:106CB400224B1B6819460198FFF740FF019007E03B
:106CC4000198FFF76FFF019002E00F23019300BFCB
:106CD400019B002B2BD003AB14220021184610F08B
:106CE400AFF8019B41F61D52934204D10023049353
:106CF4000023019301E0019B0493104B1B6803AA3A
:106D040011461846FEF780FD03AB1846FEF75CFDFE
:106D14000A4B00221A600A48FFF77AF9FFF786F94E
:106D2400034683F00103DBB2002B02D187E700BFE7
:106D340000E000BF00BF09B05DF804FBC8290020D3
:106D4400CC2900206074030008B501210548FEF732
:106D5400E7FC0346002B02D10020FFF76DFF00BFC4
:106D640008BD00BFB828002000B583B00190019B86
:106D74005B681846FFF760FF00BF03B05DF804FBD3
:106D840000B58BB00390029101928DF8033000237B
:106D9400ADF824300023ADF82630514B1B78DBB21C
:106DA40083F00103DBB2002B01D0022393E0029BAA
:106DB400002B01D105238EE0029B1B884FF6FF7246
:106DC400934203D0029B5B88002B01D1042382E011
:106DD400029B5B681846FEF77EFC034683F00103C2
:106DE400DBB2002B01D0032375E0019B002B11D1F2
:106DF400029B9B68ADF826300DF11A02BDF82630CF
:106E040011461846FEF71AFF0890089B002B09D07C
:106E1400089B60E0019B1B88ADF81A30019B5B88DE
:106E2400ADF8263005AB1846FFF7BEF80790079B70
:106E3400002B09D1BDF81A20BDF82630114618469A
:106E4400FEF764FF082346E0079B9DF803201A70B1
:106E5400079B00229A75BDF81A20079B9A82029B11
:106E64005A68079B1A61FEF779FF0246079BDA60AE
:106E7400029B1A88079B1A81029B5A88079B9A8057
:106E8400079BBDF82620DA809DF80330032B06D13A
:106E9400079B04229A75039B1A68079B9A61079BB8
:106EA400BDF824205A8105AB1846FFF793F8039BDD
:106EB400002B0DD0039B00225A60079BDA68039BCA
:106EC4001A60039B00229A72064B1A89039B1A814B
:106ED400FFF73AFF002318460BB05DF804FB00BF30
:106EE400B0280020A029002000B585B001900C4BEB
:106EF4001B68042B02D10C2303930BE0084B1B6883
:106F04000849019A41F8232001210548FEF720FC95
:106F140000230393039B184605B05DF804FB00BFF0
:106F2400BC280020C028002084B04FF010235B69E7
:106F340003934FF080531B6902934FF080535B69B6
:106F44000193039BB3F1FF3F04D1019B029A02FB1F
:106F540003F300E0039B184604B0704700B583B008
:106F64004FF440530193FFF7DFFF0346054A1361D3
:106F7400044B1A69019BD31A024AD36000BF03B0C1
:106F84005DF804FB6421002008B5FFF7E7FF002249
:106F94000349044801F096F80346184608BD00BFAB
:106FA400D87503006421002008B504481C238C22F2
:106FB400034900F019FB00BF08BD00BF6029002091
:106FC400D428002000B58BB002AB00221A605A60AE
:106FD4009A60DA601A61414B1B78DBB2002B05D052
:106FE40002AB1846FEF7F0FB002373E03C48FEF7C3
:106FF400DFFB0346002B01D000236BE0FFF7C4FF47
:107004000990099B002B01D0099B63E0FFF7CCFF9B
:10701400FFF726F803468DF823309DF82330062B1E
:1070240007D0062B11DC002B01D0022B0DD10B2332
:1070340050E02A4B01221A70284B00225A6002ABFE
:107044001846FEF7C1FB002344E000BF01AB18461D
:10705400FEF7AAFF0790079B002B01D1082339E014
:10706400079B01221A709DF82330013B0A2B29D873
:1070740001A252F823F000BFA9700200C9700200F7
:10708400A9700200C9700200C1700200C970020038
:10709400C1700200C9700200B1700200B970020030
:1070A400B1700200079B00221A710CE0079B0322B7
:1070B4001A7108E0079B02221A7104E0079B01225F
:1070C4001A7100E000BF01AB1846FEF783FFFFF71B
:1070D4003BFE002318460BB05DF804FBB0280020EB
:1070E400B428002000B585B001900091019B002BCD
:1070F40002D0009B002B01D1052329E00DF10A03E6
:1071040019460198FEF788FE0346002B1FD0019B09
:107114005B680393BDF80A301A4613469B00134478
:107124009B0008330C4A1344043301211846FEF72C
:107134000FFB009B039A1A60019B5B6803F10C022E
:10714400009B5A60019B01229A72002300E00A23EB
:10715400184605B05DF804FB7029002000B585B021
:107164000190019B002B01D1052339E00DF10A03A5
:1071740019460198FEF750FE0346002B2DD0BDF8AA
:107184000A301946184A0B469B000B449B001344D3
:107194000C331B68002B1DD0019B9B7A002B19D04C
:1071A400BDF80A301A46104913469B0013449B004D
:1071B4000B440C331B68591E0B4813469B001344A5
:1071C4009B0003440C331960019B00229A72002334
:1071D400039304E00623039301E00A230393039B30
:1071E400184605B05DF804FB7029002000B585B091
:1071F40001900B46ADF80230134B1B78DBB283F0E1
:107204000103DBB2002B01D0022319E0019B002B08
:1072140001D1052314E00DF10A02BDF80230114634
:107224001846FEF70BFD0390039B002B07D1BDF816
:107234000A20019B1A80019BBDF802205A80039BFF
:10724400184605B05DF804FBB028002000B585B0F1
:1072540001901F4B1B78DBB283F00103DBB2002BE0
:1072640001D002232FE0019B002B01D105232AE04A
:10727400019B1B88022B01D9042324E0019B1B885A
:107284001A4613469B0013449B00124A134402936C
:10729400019B5B880233029A5289934210DA019B64
:1072A4005A88019B1B8819461046FEF72FFD019B47
:1072B40000221A80019B00225A800023039301E0DC
:1072C40004230393039B184605B05DF804FB00BF39
:1072D400B02800207029002000B583B001900091EF
:1072E4000223002200990198FFF74AFD034618463D
:1072F40003B05DF804FB00B585B0039002910192E0
:10730400019B002B01D1052306E00223019A029977
:107314000398FFF735FD0346184605B05DF804FBF6
:1073240000B583B001900091019B002B01D105238E
:1073340006E00323002200990198FFF721FD03468C
:10734400184603B05DF804FB00B585B00346ADF8FC
:107354000630184B1B78DBB283F00103DBB2002B41
:1073640001D0022322E0BDF806304FF6FF729342AB
:1073740001D104231AE002AB1846FEF715FE039070
:10738400039B002B01D1082310E0039B05221A70F4
:10739400039B01221A71039BBDF80620DA8002AB1D
:1073A4001846FEF717FEFFF7CFFC0023184605B07A
:1073B4005DF804FBB028002000B583B0144B1B78A3
:1073C400DBB283F00103DBB2002B01D002231AE00D
:1073D4006B461846FEF7E8FD0190019B002B01D196
:1073E400082310E0019B06221A706B461846FEF72C
:1073F400F1FD084B1B78002B02D0064B01221A73B7
:10740400FFF7A2FC0023184603B05DF804FB00BF9D
:10741400B0280020A029002000B585B00292019375
:107424000346ADF80E300B46ADF80C3003A90DF150
:107434000E00019B029AFEF749FD0346184605B06B
:107444005DF804FB00B585B0034602910192ADF8E6
:107454000E300DF10E01019B029A0020FEF736FD5D
:107464000346184605B05DF804FB00B585B0034635
:1074740002910192ADF80E300DF10E00019B029ABB
:107484000021FEF723FD0346184605B05DF804FB12
:1074940082B001900091019B002B02D0009B002B35
:1074A40001D1052304E0019B1A68009B1A600023A4
:1074B400184602B0704786B001900091019B53E8D2
:1074C400011F8AB2D88902449889824228BF121ABD
:1074D4001889824202BFBFF32F8F002307E0C2EA5C
:1074E400010243E801200028E9D14FF001038DF89F
:1074F4000F30059002910492029A009B1A609DF845
:107504000F30DBB2184606B0704784B00190019981
:1075140051E8013FC3EA034341E80132002AF7D1AD
:107524000392029300BF04B0704786B001900091AB
:10753400019B53E8021F1FFAA1F2D888824202BFBE
:10754400BFF32F8F00230DE0D8890244988982422B
:1075540028BF121AC1EA024243E802200028E8D1F7
:107564004FF001038DF80F30059002910492029AB6
:10757400009B1A609DF80F30DBB2184606B07047C6
:1075840084B00190019951E8023FC3EA234341E8E2
:107594000232002AF7D10392029300BF04B070476D
:1075A40086B00190019B53E8021FDA88B1EB314F9A
:1075B4004FF0000017BF89B242EA024241EA024298
:1075C40004E05968B1EB314F08BF012043E80221C0
:1075D4000029E8D18DF80F00059104929DF80F3031
:1075E400DBB2184606B0704784B00390029111468E
:1075F4001A460B46ADF806301346ADF80430029B2C
:10760400002B01D10E231FE0BDF80630BDF8042085
:10761400B3FBF2F101FB02F29B1A9BB2002B01D0E7
:10762400092311E0039B029A1A60039B00225A600B
:10763400039B00229A60039BBDF806209A81039B5A
:10764400BDF80420DA810023184604B0704700B561
:1076540085B001900198FFF7A3FF03468DF80F3022
:107664009DF80F30002B01D0002300E011231846B1
:1076740005B05DF804FB00B583B001900091009B58
:1076840019460198FFF717FF0346002B05D0019B0D
:107694001B68009A1288134400E00023184603B0C4
:1076A4005DF804FB00B583B001900091009B1A883B
:1076B400009B5B889A4204D10198FFF726FF0123BF
:1076C40000E00023184603B05DF804FB00B583B066
:1076D40001900091009B19460198FFF726FF03468D
:1076E400002B05D0019B1B68009A5288134400E0CC
:1076F4000023184603B05DF804FB00B583B0019085
:107704000091009B1A88009B5B889A4204D10198DF
:10771400FFF736FF012300E00023184603B05DF8AD
:1077240004FB000000B583B001900B468DF80330D4
:10773400019B002B03D10849AF2004F00FFD019BEE
:10774400DA689DF803300199098A01FB03F31344B5
:10775400184603B05DF804FBC874030000B583B099
:1077640001900091019B002B03D10849BC2004F037
:10777400F5FC009B019AD2689B1A019A128AB3FB0A
:10778400F2F3DBB2184603B05DF804FBC8740300DF
:1077940000B585B00190019B002B01D10E2348E078
:1077A400019B1B68002B03D12449C62004F0D6FC9E
:1077B400019B5B68002B03D12049C72004F0CEFC59
:1077C400019B9B68002B03D11C49C82004F0C6FC14
:1077D400019BDB68002B03D11849C92004F0BEFCCF
:1077E400019B1B8A002B03D11449CA2004F0B6FC68
:1077F400019B9A68019B5B68D31A8DF80F30019B3B
:107804001B68019A52681A6007E0019B1A681368A2
:10781400591C11609DF80F201A709DF80F305A1EE4
:107824008DF80F20002BF0D1019B1B6800221A71E8
:107834000023184605B05DF804FB00BFC8740300BC
:1078440000B585B00190019B002B03D11F49EC20AA
:1078540004F084FC0023039300238DF80A300DF117
:107864000A031846FDF7EAFE019B1B681A68019B90
:107874005B689A421FD9019B1B681A68013A1A6017
:107884001B681B7819460198FFF74CFF0390019B76
:107894009A68019B1B681B68D31A8DF80B30019BF7
:1078A4001B681B799DF80B209A4204D9019B1B6825
:1078B4009DF80B201A719DF80A301846FDF7D4FE86
:1078C400039B184605B05DF804FB00BFC8740300B1
:1078D40010B584B001900091019B002B04D115498F
:1078E4004FF4887004F03AFC009B002B04D111493A
:1078F40040F2111004F032FC009B039300238DF836
:107904000B300DF10B031846FDF798FE019B1B6825
:107914001C68621C1A6003990198FFF71FFF034655
:1079240023709DF80B301846FDF79EFE00BF04B08F
:1079340010BD00BFC874030000B583B00190019B63
:10794400002B03D10C49312004F008FC019B9B68F7
:10795400002B0CD0019B5B69019A1069019A116894
:10796400019A92689847019B00229A6000E000BF48
:1079740003B05DF804FB00BF1C7503000EB400B532
:1079840084B00190019B002B03D11849422004F0DC
:10799400E5FB019B5B69002B03D11449432004F0F0
:1079A400DDFB019B1B68002B03D11049442004F02C
:1079B400D5FB019B5B68002B03D10C49452004F0E7
:1079C400CDFB059B002B0AD00023039306AB039346
:1079D40003AB1A460599019800F0B0F900E000BF26
:1079E40004B05DF804EB03B0704700BF1C750300DE
:1079F40000B583B001900B468DF80330019B1A68E3
:107A0400019B9B68581C0199886013449DF80320CE
:107A14001A70019B9A68019B5B689A4202D3019891
:107A2400FFF78AFF00BF03B05DF804FB00B587B021
:107A3400039002910192009300230593009B03F0AD
:107A44000103002B24D00BE0029B01330293059B1E
:107A5400013305939DF8133019460398FFF7C8FFC7
:107A6400029B1B788DF813309DF81330002BEBD15B
:107A740006E0019B013B019320210398FFF7B8FF27
:107A8400019A059B9A422ED9019B002BF1D12AE041
:107A9400029B002B0BD002980FF089F9059006E0A9
:107AA400019B013B019320210398FFF7A1FF019A59
:107AB400059B9A420FD9019B002BF1D10BE0029B4D
:107AC40001330293059B013305939DF81330194646
:107AD4000398FFF78DFF029B1B788DF813309DF8F8
:107AE4001330002BEBD100BF07B05DF804FB00009E
:107AF40000B589B00390029101920093029B079311
:107B04000123069307E0079A019BB2FBF3F3079363
:107B1400069B01330693079A019B9A42F3D2009A7B
:107B2400069B9A4201D9009B06930B9B03F0010329
:107B3400002B22D10A9B002B1FD00B9B03F00203C6
:107B4400002B06D0009B002B03D130238DF8173077
:107B540002E020238DF8173008E00A9B013B0A93CA
:107B64009DF8173019460398FFF742FF0A9B002B34
:107B740003D0069A0A9B9A42EFD301230793009BF2
:107B8400012B03D9009B013B009309E0029A079B58
:107B9400B2FBF3F30493049A019B9A4200D205E0EA
:107BA400079B019A02FB03F30793E8E7029A079BFA
:107BB400B2FBF3F30493049B079A02FB03F3029AC8
:107BC400D31A0293154A049B13441B78194603984D
:107BD400FFF70EFF079A019BB2FBF3F30793079B92
:107BE400002BE3D10B9B03F00103002B11D00A9B64
:107BF400002B0ED006E00A9B013B0A932021039838
:107C0400FFF7F6FE0A9B002B03D0069A0A9B9A42C2
:107C1400F1D300BF09B05DF804FB00BFBC750300DD
:107C240000B589B00590049103920293049B002B44
:107C3400B8BF5B4206930123079307E0039B069AB0
:107C440092FBF3F30693079B01330793039B069A76
:107C54009A42F3DA029A079B9A4201D9029B07934C
:107C64000A9B002B0AD0049B002B04DB0B9B03F024
:107C74000403002B02D00A9B013B0A930B9B03F0E5
:107C84000203002B02D0029B002B16D00B9B03F0A7
:107C94000103002B11D10A9B002B0ED006E00A9B96
:107CA400013B0A9320210598FFF7A2FE0A9B002BB3
:107CB40003D0079A0A9B9A42F1D3049B002B07DA5C
:107CC400049B5B4204932D210598FFF791FE08E085
:107CD4000B9B03F00403002B03D02B210598FFF723
:107CE40087FE0B9B03F00203002B19D00B9B03F0C0
:107CF4000103002B14D1029B002B11D10A9B002BF2
:107D04000ED006E00A9B013B0A9330210598FFF749
:107D14006FFE0A9B002B03D0079A0A9B9A42F1D369
:107D240004990B9B01930A9B0093029B039A059869
:107D3400FFF7DEFE00BF09B05DF804FB00B58FB0AD
:107D4400059004910392059B002B04D1AD494FF497
:107D54009F7004F003FA059B5B69002B04D1A949C9
:107D64004FF4A07004F0FAF9059B1B68002B04D1B2
:107D7400A44940F2411004F0F1F9059B5B68002B23
:107D840004D1A0494FF4A17004F0E8F9049B002B3E
:107D940000F09381049B1B788DF83730049B0133EA
:107DA40004939DF83730002B00F07E819DF8373026
:107DB400252B40F06D8100230A9301230C93049B2F
:107DC4001B788DF837309DF83730302B0DD0302BA1
:107DD4001BDC2B2B11D02D2B17D10A9B43F0010355
:107DE4000A93049B0133049312E00A9B43F00203B9
:107DF4000A93049B013304930AE00A9B43F00403AF
:107E04000A93049B0133049302E000230C9300BF04
:107E14000C9B002BD3D1002309939DF837302A2BD8
:107E24000CD1039B1B68191D039A11601B68099AE6
:107E340013440993049B013304931AE0049B1B78B5
:107E44008DF837309DF837302F2B12D99DF8373005
:107E5400392B0ED8049B01330493099A13469B00D3
:107E640013445B001A469DF837301344303B0993A2
:107E7400D3E700230B93049B1B788DF837309DF8D0
:107E840037302E2B1DD1049B01330493049B1B78A4
:107E94008DF837309DF837302F2B12D99DF83730B5
:107EA400392B0ED8049B013304930B9A13469B0081
:107EB40013445B001A469DF837301344303B0B9350
:107EC400E4E7049B1B788DF837309DF837306C2B32
:107ED40003D09DF83730682B07D1049B01330493FA
:107EE400049B1B788DF83730EFE79DF83730252B4E
:107EF40000F0C480252BC0F2C680782B00F3C38029
:107F0400582BC0F2C080583B202B00F2BC8001A249
:107F140052F823F00D8002008B8002008B80020057
:107F24008B8002008B8002008B8002008B80020019
:107F34008B8002008B8002008B8002008B80020009
:107F44009D7F0200BF7F02008B8002008B800200B5
:107F54008B8002008B800200BF7F02008B800200B6
:107F64008B8002008B8002008B8002008B800200D9
:107F74008B8002004D8002008B8002008B80020007
:107F8400318002008B800200E37F02008B800200BC
:107F94008B8002000D800200039B1B68191D039A4D
:107FA40011601B680C930C9B8DF81F309DF81F30DB
:107FB40019460598FFF71CFD66E0039B1B68191D15
:107FC400039A11601B680C930A9B0193099B00930D
:107FD4000B9B0A220C990598FFF722FE54E0039BA1
:107FE4001B68191D039A11601B680C930C990A9B5A
:107FF4000193099B00930B9B0A220598FFF778FDD8
:1080040042E000BF68750300039B1B68191D039AB7
:1080140011601B680C930C990A9B0193099B0093B4
:108024000B9B10220598FFF763FD2DE0039B1B6853
:10803400191D039A11601B6808930A9B099A0899F1
:108044000598FFF7F3FC1FE0039B1B68191D039AB7
:1080540011601B680C9330210598FFF7C9FC782147
:108064000598FFF7C5FC0C9900230193082300939E
:10807400082310220598FFF73BFD05E0252105980C
:10808400FFF7B6FC00E000BF049B0133049305E056
:108094009DF8373019460598FFF7AAFC049B1B7816
:1080A400002B7FF477AE00E000BF059B1B7B002B09
:1080B40004D00598FFF740FC00E000BF0FB05DF866
:1080C40004FB00BF00B585B0039002910192039BAD
:1080D400002B02D0029B002B01D10E2309E0039B4D
:1080E400029A1A60039B1B681B68019903989847BE
:1080F4000346184605B05DF804FB10B586B005903C
:10810400049103920293059B002B02D0039B002B46
:1081140001D10E2340E0059B1B68002B01D10823ED
:108124003AE0029B002B0AD0059B5B685A68029BCD
:10813400B3FBF2F101FB02F29B1A002B01D00923DD
:108144002AE0049800F0C6F8034683F00103DBB28A
:10815400002B14D1039B184600F0BCF8034683F0AF
:108164000103DBB2002B0AD1029A0499059800F0AE
:1081740097F8034683F00103DBB2002B01D01023F0
:108184000AE0059B1B68DC68089B0093029B039A2A
:1081940004990598A0470346184606B010BD10B5CB
:1081A40084B00390029101920093039B002B01D1B0
:1081B4000E232EE0039B1B68002B01D1082328E02B
:1081C400019B002B01D1092323E0039B5B681B68FF
:1081D4005A1E029B1340002B10D1039B5B681B6843
:1081E400019A02FB03F31A460299039800F058F827
:1081F400034683F00103DBB2002B01D0102308E017
:10820400039B1B681C69009B019A02990398A04771
:108214000346184604B010BD00B585B00190019B1B
:10822400002B03D0019B1B68002B28D10023039350
:1082340019E0039A13469B0013449B001A46154BFE
:1082440013440193019B1B68002B09D0019B1B68FD
:10825400DB69019898470346002B01D0012314E001
:10826400039B013303930C4A0A4BD31A0B4AA2FB18
:1082740003231B09039A9A42DBD3002305E0019BE5
:108284001B68DB69019898470346184605B05DF8FA
:1082940004FB00BF6421002078210020CDCCCCCC8D
:1082A40084B0039002910192039BDB68029A9A4284
:1082B40009D3029A019B13445A1E039B1B699A42D9
:1082C40001D8012300E0002303F00103DBB21846C8
:1082D40004B0704782B00190019B03F00303002BAC
:1082E4000CBF01230023DBB2184602B0704729DF1C
:1082F400704700BF184628DF704700BF184610B407
:1083040087B001900091019B009A53E8004F1046FA
:1083140043E8000191F0000FF7D105940490039114
:10832400059B184607B05DF8044B704710B487B03E
:1083340001900091019B009A53E8004F44EA020027
:1083440043E8000191F0000FF6D1059404900391E5
:10835400059B184607B05DF8044B704700B583B021
:10836400019001210198FFF7E1FF0346184603B08D
:108374005DF804FB00B589B001900091019B1B6876
:108384009B68002B31D003AB00221A605A609A60BC
:10839400DA601A61009B0493019B9B680793019B1D
:1083A4001B79002B02D0012B0AD017E001238DF892
:1083B4000C30019B1B690593019B5B6906930DE0DF
:1083C40002238DF80C30019BDB684FF4805202FBD2
:1083D40003F30593019B5B69069300BF019B1B6834
:1083E4009B6803AA1046984700E000BF09B05DF8F7
:1083F40004FB00B587B00190019B5A69019B9B69FE
:10840400D31AB3F5805F28BF4FF480530593042239
:10841400059BB3FBF2F3012B38BF01230593019BAA
:108424001A69019B9B6913440493019BDB681A46F8
:10843400019B9B6913440393059A03990498FFF7DE
:1084440056FF0346184607B05DF804FB00B583B039
:108454000190019BDA68019B1B6913441846FFF7DE
:108464004AFF0346184603B05DF804FB08B5034B06
:1084740003491846FFF741F900BF08BD5C2A0020F4
:10848400842A002008B5084B08491846FFF71EF94E
:108494000346074A1360064B1B68002B14BF0123D5
:1084A4000023DBB2184608BD5C2A0020842A002081
:1084B400802A002000B583B0294B1B7A002B0BD1F6
:1084C400FFF7E0FF034683F00103DBB2002B03D088
:1084D400234B00225A6040E0214B02221A72214BA6
:1084E4001B681B79002B02D0012B07D00DE01D4B1C
:1084F4001B681846FFF77DFF019009E0194B1B68C4
:108504001846FFF7A3FF019002E00323019300BF85
:10851400019B002B03D0019B112B0CD00FE0104BBF
:108524001B7C83F00103DBB2002B15D00021022059
:1085340000F064F910E00A4B01221A720DE0094BB5
:108544001B6803211846FFF715FF054B00221A721A
:10855400034B00225A6000E000BF03B05DF804FB47
:108564006C2A0020802A002000B583B001210A482B
:10857400FFF7C5FE03460193019B002B08D1074B6F
:108584005B7C83F00103DBB2002B01D0FFF792FF89
:1085940000BF03B05DF804FB702A00206C2A0020A1
:1085A40084B001901B4B0022DA60019B1B79002BE5
:1085B40002D0012B19D028E0019B5A69019B9B69C9
:1085C400D31AB3F5805F28BF4FF480530393019B04
:1085D4009A69039B1A44019B9A61019B9A69019BC6
:1085E4005B699A420ED1012310E0019B1B695A1C5E
:1085F400019B1A61019B1A69019B5B699A4203D131
:10860400012303E000BF00E000BF0023184604B0CC
:10861400704700BF6C2A002082B00190084BDB68D1
:108624000133074AD360064BDB68082B04D9044B9B
:108634000022DA60012300E00023184602B07047EC
:108644006C2A002000B583B0019000910C48FFF71C
:1086540085FE0346002B0ED1019B0A4A5A600EF098
:10866400B1F803461A46064B1A7407481C238C2299
:108674000649FEF7B9FF0023184603B05DF804FB72
:108684006C2A0020CC7503005C2A0020D02900202D
:1086940000B583B0019000911422002105480EF02A
:1086A400CFFB054B1846FEF7D2FF0023184603B054
:1086B4005DF804FB6C2A00205C2A002000B587B01A
:1086C4000390029101920093174A04AB1946104695
:1086D400FEF7D1FF0590059B002B01D104231FE079
:1086E4001C22002105980EF0ABFB059B00221A7199
:1086F400059B039A1A60059B089A9A60059B029A47
:108704001A61059B019ADA60059B009A5A61064A30
:1087140004AB19461046FEF7C5FFFFF725FF0023FB
:10872400184607B05DF804FB5C2A002000B585B04C
:108734000390029101920093029B009A19460198BA
:108744000EF04CFB0023184605B05DF804FB000056
:1087540000B587B00390029101920093184A04ABCC
:1087640019461046FEF787FF0590059B002B01D1A3
:10877400042320E01C22002105980EF061FB059BD8
:1087840001221A71059B039A1A60059B009A9A604C
:108794004FF48052029BB3FBF2F2059BDA60059B17
:1087A400019A5A61064A04AB19461046FEF77AFF4D
:1087B400FFF7DAFE0023184607B05DF804FB00BF9C
:1087C4005C2A002082B001900091009B184602B000
:1087D400704782B0019000910023184602B07047A0
:1087E40082B00190044B1B7A002B14BF0123002399
:1087F400DBB2184602B070476C2A002000B585B081
:1088040001900091254B1B7A012B33D0022B41D1CF
:1088140000238DF80F30019B022B03D0019B032B07
:1088240009D011E01E4B1B681846FFF7B9FE03463A
:108834008DF80F3008E01A4B1B681846FFF7ECFE62
:1088440003468DF80F3000BF9DF80F30002B13D076
:10885400124B00221A72124B1A68019B022B01D18F
:10886400002300E00D2319461046FFF783FDFFF7B0
:10887400FDFD01E000BF00E000BF084B5B7C83F01E
:108884000103DBB2002B02D0FFF714FE03E00DF06E
:108894007DFF00E000BF05B05DF804FB6C2A0020FA
:1088A400802A002082B0034600918DF80730064BE1
:1088B40001225A74044B1B7A002B0CBF01230023A2
:1088C400DBB2184602B070476C2A002000B583B0B2
:1088D400034600918DF807309DF80730012B03D033
:1088E4009DF80730032B0DD1084B00225A749DF8D4
:1088F4000730012B0CBF01230023DAB2034B1A7497
:10890400FFF7D8FD00BF03B05DF804FB6C2A00201C
:1089140010B487B001900091019B009A53E8004F76
:1089240004EB020043E8000191F0000FF6D1059436
:1089340004900391049B184607B05DF8044B7047FC
:1089440010B487B001900091019B009A53E8004F46
:10895400A4EB020043E8000191F0000FF6D1059466
:1089640004900391049B184607B05DF8044B7047CC
:1089740000B583B001900198FEF70AFF034618463C
:1089840003B05DF804FB00B58BB001900091019B2E
:108994001B8A043B0793009A079B1344DA1C079B2A
:1089A400B2FBF3F38DF81B300198FEF749FF0590F5
:1089B400059B002B01D1002338E0059B00221A718E
:1089C400059B01225A71079B9AB2059BDA80059B8D
:1089D40009939DF81B30013B0493099B019A1A608B
:1089E400002308931DE00198FEF72AFF0390039BE0
:1089F400002B0ED0059B5B790133DAB2059B5A71CB
:108A0400099B039A1A60039B019A1A60039B0993BA
:108A140004E0059800F00EF8002307E0089B0133FA
:108A24000893089A049B9A42DDD3059B18460BB021
:108A34005DF804FB00B58BB00190019B0793079B85
:108A44005B798DF81B30019B08939DF81B30013B2B
:108A540005930023099305E0089B1B680893099B71
:108A640001330993099A059B9A42F5D3089B1B6825
:108A74000493019B0893002309930BE0089B1B6854
:108A8400039308990498FEF723FF039B0893099B1B
:108A9400013309939DF81B30099A9A42EED300BF23
:108AA40000BF0BB05DF804FB00B585B00190019BDD
:108AB4000393039B043301211846FFF729FF00BFEA
:108AC40005B05DF804FB00B587B00190019B0593E8
:108AD400059B043301211846FFF732FF0346039335
:108AE40003AB0493049B1B78002B02D10198FFF77E
:108AF400A1FF00BF07B05DF804FB000000B58DB016
:108B04000390029101920093039B0693069BDB88DA
:108B14000593039B0B93009B1A1D059BB2FBF3F378
:108B24000A93009B0433059AB3FBF2F2059901FB07
:108B340002F29B1A0993009A019B1A44059B134461
:108B4400DA1C059BB2FBF3F38DF81330069B5B79BB
:108B54009DF813209A420AD92849BA2003F0FEFA54
:108B640005E00B9B1B680B930A9B013B0A930A9B32
:108B7400002BF6D100230893059A099BD31A079377
:108B8400079A019B934228BF134607932DE09DF853
:108B94003830002B0BD0029A089BD0180B9A099BF3
:108BA40013440433079A19460EF018F90AE00B9A95
:108BB400099B1344181D029A089B1344079A1946EB
:108BC4000EF00CF9002309930B9B1B680B93019A7D
:108BD400079BD31A0193089A079B13440893059A99
:108BE400019B934228BF13460793019B002BCED1D0
:108BF40000BF00BF0DB05DF804FB00BFF8750300B3
:108C040000B587B00590049103920293002300936A
:108C1400029B039A04990598FFF770FF00BF07B001
:108C24005DF804FB00B587B00590049103920293AC
:108C340001230093029B039A04990598FFF75EFFB2
:108C440000BF07B05DF804FB00B583B0019000914C
:108C5400019B002B03D11049502003F07FFA009BA5
:108C6400002B03D10C49512003F078FA019B009AA0
:108C74001A60019B1B681A68019B5A60019B5A6821
:108C8400019B1B685B689A4202D1019B00225A60D7
:108C940000BF03B05DF804FB4C77030000B583B05C
:108CA4000190019B002B03D11449632003F056FA71
:108CB400019B1B68002B03D11049642003F04EFA7A
:108CC400019B5B68002B14D0019B5B681A46019BD7
:108CD4001B689B6813441A46019B5A60019B5A689F
:108CE400019B1B685B689A4204D1019B00225A6075
:108CF40000E000BF03B05DF804FB00BF4C77030045
:108D040000B585B00190019800F00EF80390039B24
:108D1400002B01D0039B00E0024B184605B05DF820
:108D240004FB00BFBC77030086B00190164B05938B
:108D3400164B04931FE0049A059BD31ADB10DA0F39
:108D440013445B10DB00059A13440393039B1B68D5
:108D54000293029A019B9A4202D9039B04930AE06C
:108D6400029A019B9A4203D2039B0833059302E0C3
:108D7400039B5B6804E0059A049B9A42DBD30023BF
:108D8400184606B0704700BFD87A0300C87B0300BA
:108D940082B001900B46ADF80230019B1A68BDF811
:108DA4000230012101FA03F31A43019B1A6000BF48
:108DB40002B0704782B001900B46ADF80230019BBF
:108DC4001A68BDF80230012101FA03F3DB431A40AB
:108DD400019B1A6000BF02B0704782B001900B463D
:108DE400ADF80230BDF80230012202FA03F31A464C
:108DF400019B1340002B14BF01230023DBB2184650
:108E040002B0704700B585B001900023ADF80E3074
:108E140010E0BDF80E3019460198FFF7DEFF034657
:108E2400002B02D0BDF80E300AE0BDF80E3001333D
:108E3400ADF80E30BDF80E301F2BEAD94FF6FF7394
:108E4400184605B05DF804FB00B587B005900491A1
:108E540011461A460B46ADF80E3013468DF80D3008
:108E6400BDF80E209DF80D3000931346012204999D
:108E7400059800F004F800BF07B05DF804FB00B5E6
:108E840087B0039002910192ADF80230039B002B4E
:108E94003BD0029B002B38D0019B002B35D0002304
:108EA40005932FE0059B5B00039A13441B88BDF8D0
:108EB40002209A4223D1002304931BE09DF8203022
:108EC400002B0AD0049B9B00029A1344059A92B289
:108ED40011461846FFF75CFF09E0049B9B00029AC9
:108EE4001344059A92B211461846FFF763FF049B98
:108EF40001330493049A019B9A42DFD305E0059B56
:108F040001330593059B1F2BCCD907B05DF804FBF7
:108F140000B587B0039002911346ADF80630039B69
:108F2400002B19D00023059313E0059B5B00039AE3
:108F340013441B88BDF806209A4207D1059B9BB2B7
:108F440019460298FFF749FF034606E0059B0133E3
:108F54000593059B1F2BE8D90023184607B05DF83D
:108F640004FB00B597B0039002910192002304938F
:108F7400029B002B1ED00023159318E0159B9BB277
:108F840019460198FFF729FF0346002B0CD0159BC7
:108F94005B00029A1A44049B591C049112885B00DA
:108FA40058336B4423F8442C159B01331593159BBC
:108FB4001F2BE3D9039B184604AB442219460DF03A
:108FC4000DFF039817B05DF804FB000000B583B0F3
:108FD4000190019B1B681F2B04D905494FF4E870CD
:108FE40003F0BCF84FF0A043184603B05DF804FB4F
:108FF400C87B030000B585B00190084611461A46A7
:1090040003468DF803300B468DF8023013468DF875
:10901400013001AB1846FFF7D9FF03909DF80320F8
:109024009DF802305B001A439DF801309B001A43FF
:109034009DF818301B0242EA03019DF81C301B0402
:10904400019A1943039B02F5E07243F8221000BF12
:1090540005B05DF804FB00B585B0039000230193CF
:10906400002300930023012201210398FFF7C2FF8C
:1090740000BF05B05DF804FB00B585B0019001ABFD
:109084001846FFF7A3FF0390019B012202FA03F3A2
:109094001946039800F086F800BF05B05DF804FB9C
:1090A40000B585B0019001AB1846FFF78FFF039020
:1090B400019B012202FA03F31946039800F07CF89D
:1090C40000BF05B05DF804FB00B585B0019001ABAD
:1090D4001846FFF77BFF0390039BD3F804350293F4
:1090E400029BDA43019B012101FA03F31A40039B1B
:1090F400C3F80825019B01229A40029B1A40039B56
:10910400C3F80C2500BF05B05DF804FB00B583B0BF
:1091140001900091009B002B03D10198FFF7C0FF41
:1091240002E00198FFF7A8FF00BF03B05DF804FB5D
:1091340000B585B0019001AB1846FFF747FF0390D7
:10914400039800F01FF80246019B22FA03F303F090
:109154000103184605B05DF804FB00B585B0019025
:1091640001AB1846FFF732FF0390039800F012F8A2
:109174000246019B22FA03F303F00103184605B0EB
:109184005DF804FB82B00190019BD3F810351846BA
:1091940002B0704782B00190019BD3F804351846A1
:1091A40002B0704782B001900091019B009AC3F80D
:1091B400082500BF02B0704782B001900091019B66
:1091C400009AC3F80C2500BF02B0704700B585B003
:1091D4000190019B032B03D91149372002F0BEFFF4
:1091E400104A019B13441B781846FFF7B6FF034649
:1091F400002B14BF012300238DF80F309DF80F308E
:10920400002B14BF01230023DBB283F00103DBB284
:1092140003F00103DBB2184605B05DF804FB00BFA0
:10922400007C0300487C030000B583B00190019BDF
:10923400032B03D907493E2002F090FF064A019B05
:1092440013441B7800211846FFF760FF00BF03B0EA
:109254005DF804FB007C0300487C030000B583B088
:109264000190019B032B03D90749442002F076FFA8
:10927400064A019B13441B7801211846FFF746FF59
:1092840000BF03B05DF804FB007C0300487C0300CE
:1092940000B583B00023019305E00198FFF7DEFFDA
:1092A400019B01330193019B032BF6D900BF00BF3F
:1092B40003B05DF804FB00B583B00023019305E01F
:1092C4000198FFF7B1FF019B01330193019B032B2D
:1092D400F6D900BF00BF03B05DF804FB00B583B04E
:1092E4000190019B032B03D907495C2002F036FF50
:1092F400064A019B13441B781846FFF7E5FE00BF9E
:1093040003B05DF804FB00BF007C0300487C03004D
:1093140000B583B00023019309E0094A019B13447B
:109324001B781846FFF797FE019B01330193019BBD
:10933400032BF2D9FFF7ACFF00BF03B05DF804FBC9
:10934400487C030000B585B00190019B032B03D931
:109354001149832002F002FF104A019B13441B7839
:109364001846FFF7E5FE0346002B14BF0123002334
:109374008DF80F309DF80F30002B14BF012300230C
:10938400DBB283F00103DBB203F00103DBB2184666
:1093940005B05DF804FB00BF007C03004C7C0300B7
:1093A40084B001904FF0FF330293002303930DE048
:1093B4000A4A039B13441B781A46019B934202D129
:1093C400039B029305E0039B01330393039B032B4D
:1093D400EED9029B184604B0704700BF4C7C0300D2
:1093E40000B583B00190019B032B03D90549A2204A
:1093F40002F0B4FE044A019B13441B78184603B0E0
:109404005DF804FB007C03004C7C030082B003463F
:109414008DF807309DF8073003F01F0206499DF9C7
:1094240007305B09012000FA02F2203341F82320BF
:1094340000BF02B0704700BF00E100E082B00190BD
:109444004FF08042019BC2F8083300BF02B070475E
:1094540082B003468DF807309DF8073003F180434E
:1094640001221A6000BF02B0704784B00346ADF811
:109474000630BDF8063003F1804300221A60BDF8BF
:10948400063003F180431B680393039B00BF04B0C1
:10949400704782B00346ADF80630BDF8063003F1DC
:1094A40080431B68002B14BF01230023DBB2184642
:1094B40002B0704782B003468DF807309DF807303C
:1094C4004FF0804203F00303C2F8183500BF02B026
:1094D40070474FF08043D3F818341B0C03F001039A
:1094E400002B14BF01230023DBB218467047000091
:1094F40082B003468DF807300A4A9DF907305B09AC
:1095040052F823209DF8073003F01F0322FA03F3D7
:1095140003F00103002B14BF01230023DBB2184620
:1095240002B0704700E100E008B50020FFF7E0FF5B
:10953400034683F00103DBB2002B03D00721002094
:1095440000F09AF900BF08BD08B50DF03BF90346D9
:1095540083F00103DBB2002B03D10949842002F01C
:10956400FDFD0C20FFF774FF00BFFFF7B2FF0346B9
:10957400002BFAD1034B00229A7000BF08BD00BF34
:10958400587C0300882A002000B583B0002301938F
:10959400134B1B78002B02D0852301931BE0104B47
:1095A40000229A600E4B00225A600D4B00221A6171
:1095B4000B4B0022DA60FFF7B7FF0DF003F9034607
:1095C40083F00103DBB2002B02D00120FFF772FF0E
:1095D400034B01221A70019B184603B05DF804FB8B
:1095E400882A002084B00190019B1B680393039B8D
:1095F400002B03D0039B1A68019B1A60039B184637
:1096040004B0704700B583B0164B1B78002B04D10F
:1096140015494FF48E7002F0A1FD124BDB68002B4C
:1096240004D1114940F21D1002F098FD00238DF879
:1096340007300DF107031846FCF700F8094BDB6807
:10964400013B084AD360074BDB68002B01D1FFF7CD
:109654007BFF9DF807301846FCF706F800BF03B0FF
:109664005DF804FB882A0020587C030000B585B00F
:1096740003468DF807309DF80730002B02D10C4BC0
:10968400039301E00B4B03930398FFF7ABFF0290A6
:10969400029B002B06D0029B5B689DF807201046B6
:1096A4009847F1E700BF00BF05B05DF804FB00BFB9
:1096B400902A0020982A002008B54FF48070FFF704
:1096C400E8FE0346002B0CD04FF48070FFF7CDFE6C
:1096D4000120FFF7B3FE0E4B01225A700020FFF762
:1096E400C5FF4FF48270FFF7D4FE0346002B0CD065
:1096F4004FF48270FFF7B9FE0220FFF79FFE044B80
:1097040001229A700120FFF7B1FF00BF08BD00BF1E
:10971400882A002000B583B001900091019B002BA2
:1097240002D10020FFF7A2FF00BF03B05DF804FBE5
:1097340000B585B0034600918DF807309DF80730D9
:10974400032B29D0032B37DC002B02D0012B04D0B0
:1097540032E00020FFF75AFE2FE000238DF80F308F
:109764000DF10F031846FBF769FF164B1B7883F0C6
:109774000103DBB2002B01D0FFF706FF114BDB68BE
:109784000133104AD3600F4B01229A709DF80F30B9
:109794001846FBF769FF10E00A4B1B78002B04D135
:1097A400094940F25B2002F0D9FC0721002000F0B7
:1097B40063F8FFF727FF00E000BF00BF05B05DF8C6
:1097C40004FB00BF882A0020587C030082B00346B3
:1097D4008DF807309DF8073003F01F0205499DF905
:1097E40007305B09012000FA02F241F8232000BF90
:1097F40002B0704700E100E082B003468DF8073004
:109804009DF8073003F01F0206499DF907305B09F4
:10981400012000FA02F2603341F8232000BF02B0B5
:10982400704700BF00E100E082B0034600918DF86C
:1098340007309DF90730002B0CDA009BDAB20C4993
:109844009DF8073003F00F03043B5201D2B20B44DE
:109854001A7609E0009BDAB206499DF907305201F5
:10986400D2B20B4483F8002300BF02B0704700BF9C
:1098740000ED00E000E100E000B583B003460A46D5
:109884008DF8073013468DF806309DF80630012B0D
:1098940003D99DF80630032B0CD99DF80630042B10
:1098A40003D99DF80630072B04D90D494FF4927063
:1098B40002F054FC9DF806209DF907301146184625
:1098C400FFF7B2FF9DF907301846FFF795FF9DF9A2
:1098D40007301846FFF77AFF00BF03B05DF804FBBA
:1098E400B07C030000B583B00346ADF80630BDF884
:1098F4000630184600F026F803461B68012B0CBFFF
:1099040001230023DBB2184603B05DF804FB00B565
:1099140085B00346ADF80630BDF80630184600F0B1
:1099240011F803461A4600231360BDF806301846A2
:1099340000F008F803461B680393039B00BF05B0BF
:109944005DF804FB82B00346ADF80630BDF806307E
:1099540003F1804303F5C043184602B0704700008A
:1099640082B00190034A019BC2F8043300BF02B0E5
:10997400704700BF0060004082B00190034BD3F8F1
:109984000423019B1340184602B070470060004056
:1099940082B00190084A019B03F5A27352F8233068
:1099A400054943F00102019B03F5A27341F823200A
:1099B40000BF02B0704700BF0060004084B0039055
:1099C400029113468DF80730144A039B03F5A273E2
:1099D40052F82330114923F4473323F44073039A94
:1099E40002F5A27241F822300C4A039B03F5A273DC
:1099F40052F82320029B1B0203F4F8519DF8073010
:109A04001B0403F440330B4304491A43039B03F53B
:109A1400A27341F8232000BF04B0704700600040E7
:109A240082B00190054A019B03F5A27352F82330DA
:109A34001B0A03F01F03184602B070470060004081
:109A440082B00190064A019B03F5A27352F82330B9
:109A54001B0C03F00303DBB2184602B0704700BFCF
:109A64000060004000B583B00190019B1B681F2B70
:109A740004D905494FF4E87002F070FB4FF0A0439D
:109A8400184603B05DF804FB0C7D030000B585B0F7
:109A94000190084611461A4603468DF803300B46DA
:109AA4008DF8023013468DF8013001AB1846FFF7EC
:109AB400D9FF03909DF803209DF802305B001A4300
:109AC4009DF801309B001A439DF818301B0242EAAE
:109AD40003019DF81C301B04019A1943039B02F5F2
:109AE400E07243F8221000BF05B05DF804FB00B536
:109AF40085B003900B468DF80B309DF80B30002297
:109B0400019200220092002200210398FFF7BEFF79
:109B140000BF05B05DF804FB00B585B0019001AB52
:109B24001846FFF79FFF0390019A039B02F5E0722A
:109B340053F8223023F002030293019A039B02F5A7
:109B4400E072029943F8221000BF05B05DF804FBEF
:109B540000B585B001900B468DF8033001AB184673
:109B6400FFF780FF0390019A039B02F5E07253F81C
:109B74002230019A23F44031039B02F5E07243F84A
:109B84002210019A039B02F5E07253F822109DF80B
:109B940003301B04019A1943039B02F5E07243F856
:109BA400221000BF05B05DF804FB00B585B001903C
:109BB40001AB1846FFF756FF0390039800F020F816
:109BC4000246019B22FA03F303F00103184605B091
:109BD4005DF804FB00B585B0019001AB1846FFF7B2
:109BE40041FF0390019A039B02F5E07253F822307F
:109BF4001B0C03F00303DBB2184605B05DF804FB4D
:109C040082B00190019BD3F81035184602B070471A
:109C140000B587B00390029101924FF0A0430493E2
:109C2400039A029B1344012B04D912494FF43A704E
:109C340002F094FA039B059311E0059B9B001833F3
:109C44006B4453F8083C1846FFF7DAFF0246019BC1
:109C54001A60019B04330193059B01330593039A16
:109C6400029B1344059A9A42E7D300BF00BF07B092
:109C74005DF804FB0C7D030084B001900091009B0F
:109C84000393019BDB080293019B03F007030193F9
:109C94000122019B02FA03F30399029A0A441278FF
:109CA4001340184604B0704784B001900091009BA3
:109CB4000393019BDB080293019B03F007030193C9
:109CC400039A029B13441B785AB20121019B01FAA7
:109CD40003F35BB2134359B2039A029B1344CAB20F
:109CE4001A7000BF04B0704782B001900C4A019B07
:109CF4001344303393F90030002B09DB084A019BED
:109D04001344303393F90030072B01DC012300E0C6
:109D1400002303F00103DBB2184602B0704700BF12
:109D24009C2A002082B00190064A019B13443033E0
:109D340093F90030072BCCBF01230023DBB2184674
:109D440002B070479C2A002082B00190064A019B11
:109D54001344303393F90030DB43DBB2DB09DBB26D
:109D6400184602B0704700BF9C2A002084B00390BC
:109D7400029101928DF80330029B59B20E4A039B63
:109D8400134430330A461A700B49029B019A41F876
:109D940023209DF8033083F00103DBB2002B08D0AD
:109DA400029B083B039A51B2034A13440A4683F8C0
:109DB400502000BF04B070479C2A002082B001905C
:109DC400044A019B13443033FF221A7000BF02B0CF
:109DD400704700BF9C2A002082B00190044A019B76
:109DE4001344303393F90030184602B0704700BF73
:109DF4009C2A002082B00190034A019B52F8233030
:109E0400184602B0704700BF9C2A002000B589B0F4
:109E14000390029113468DF80730FF238DF81F300D
:109E24009DF80730002B01D0002300E008230593A0
:109E34009DF80730002B01D0082300E00C23049385
:109E4400059B069314E00F4A069B52F82330B3F1A6
:109E5400FF3F0AD19DF80730029A06990398FFF74D
:109E640085FF069B8DF81F3006E0069B01330693A1
:109E7400069A049B9A42E6D39DF91F30184609B00E
:109E84005DF804FB9C2A002082B003468DF807305D
:109E94009DF80730094A4FF0FF3142F823109DF82E
:109EA4000730072B07D99DF80730083B034A1344B2
:109EB400FF2283F8502000BF02B070479C2A002084
:109EC40000B583B0214B93F85430002B03D0082302
:109ED4000093009B36E000238DF8073009E09DF8DD
:109EE40007301846FFF76AFF9DF8073001338DF8F5
:109EF40007309DF807301F2BF1D900238DF8073068
:109F040009E09DF807301846FFF7BEFF9DF80730BB
:109F140001338DF807309DF807300B2BF1D9072159
:109F24000620FFF7A9FC4FF4BE70FFF7F0FC4FF0DA
:109F34000040FFF715FD054B012283F85420002350
:109F44000093009B184603B05DF804FB9C2A002094
:109F5400044B93F85430002B14BF01230023DBB2CD
:109F6400184670479C2A002000B587B003900291E0
:109F74000192039B1F2B04D92B4940F2F71002F0E6
:109F8400EDF8002305930398FFF7DEFE0346002B4C
:109F940002D00823059342E0029BDB781A4601991C
:109FA4000398FFF733FF03468DF813309DF9133000
:109FB400B3F1FF3F31D0029B9B78002B03D0039871
:109FC400FFF7AAFD05E0029B5B7819460398FFF7AB
:109FD4008EFD029BDB78002B08D09DF91300029BB9
:109FE4001B781A460399FFF7E9FC18E09DF9133032
:109FF400083B0E4A134493F95010029B1B785BB242
:10A004009B015AB29DF91330083B0A4351B2074AE7
:10A0140013440A4683F8502001E004230593059B6A
:10A02400184607B05DF804FB4C7D03009C2A002011
:10A0340000B589B001900B468DF80330019B1F2BAE
:10A0440004D93D4940F2252002F088F80198FFF731
:10A054007BFE0346002B04D1374940F2262002F050
:10A064007DF80198FFF75EFE0346002B2FD0019880
:10A07400FFF7B2FE0346083B304A134493F95030CD
:10A084008DF80F309DF80F309B098DF80E309DF838
:10A094000E30032B0BD10198FFF787FD0346002BED
:10A0A40001D0032300E002238DF81F3008E09DF85F
:10A0B4000E30012B01D1022300E003238DF81F3061
:10A0C4009DF81F3019460198FFF742FD30E00198D2
:10A0D400FFF70AFE0346002B2AD00198FFF77CFE07
:10A0E40003460693069B9BB240339BB29B00ADF89C
:10A0F4001630069B1846FFF74BFCBDF81630184681
:10A10400FFF705FC9DF80330002B11D00198FFF7F1
:10A1140063FE03461846FFF76DFE0490049B002B74
:10A1240006D00122069B02FA03F31846FFF718FC37
:10A1340000BF09B05DF804FB4C7D03009C2A00209D
:10A1440000B583B00190019B1F2B04D9084940F24C
:10A15400722002F003F80198FFF727FD0346002B55
:10A1640014BF01230023DBB2184603B05DF804FBDF
:10A174004C7D030000B597B0002310930023049393
:10A184004FF48073ADF84A300123119300231393E5
:10A1940021E0BDF84A301846FFF7A4FB0346002B24
:10A1A4000ED01198FFF7E8FB0346002B08D0BDF84A
:10A1B4004A301846FFF7ABFB109A119B13431093D8
:10A1C400119B5B001193BDF84A300433ADF84A305B
:10A1D400139B01331393139B072BDAD94FF4BE70EF
:10A1E400FFF780FB0346002B0DD04FF4BE70FFF742
:10A1F4008EFB109B43F00043109304AB1A460121DD
:10A204000020FFF705FD109BDBB2002B29D00123B2
:10A2140011930023139321E0119A109B1340002BF8
:10A2240016D01398FFF7FCFB0E901398FFF708FC69
:10A2340003468DF837301398FFF7DCFD0C900C9B28
:10A24400002B05D09DF837200C9B11460E9898479B
:10A25400119B5B001193139B01331393139B072BE7
:10A26400DAD9109B002B80F2EE8000238DF8533056
:10A2740000230393002315930AE0159B9B00583396
:10A284006B444FF0FF3243F8502C159B0133159368
:10A29400159B002BF1D000238DF85330002313932A
:10A2A40078E06B4A139B1344503393F900308DF8D4
:10A2B4002F309DF82F3023F0C0030A93644A139B78
:10A2C4001344503393F90030B3F1FF3F5FD002AB36
:10A2D40019460A98FFF7D0FC0346002B57D09DF887
:10A2E4002F309B098DF827300A98FFF775FD034638
:10A2F4001846FFF77FFD0890089B002B03D19DF8BB
:10A304002730032B43D19DF82730032B04D103AB13
:10A3140019460A98FFF7C8FC0A98FFF75BFC034646
:10A324008DF81F3004AB19460A98FFF7A5FC069078
:10A33400069B002B03D09DF81F30022B06D0069BF2
:10A34400002B24D19DF81F30032B20D19DF82730FA
:10A35400032B13D19DF81F30022B01D1032300E0FE
:10A3640002238DF817309DF8173019460A98FFF725
:10A37400EFFB9DF8533001338DF85330089B002BCD
:10A3840005D09DF82720089B11460A989847139BEF
:10A3940001331393139B032B83D99DF85330002B64
:10A3A4004CD001238DF83F3001AB1A460121002027
:10A3B400FFF72EFC0023159314E0159B9B005833E4
:10A3C4006B4453F8542C159B9B0058336B4453F83F
:10A3D400483C9A4203D000238DF83F3005E0159B9A
:10A3E40001331593159B002BE7D09DF83F30002BCC
:10A3F40003D000238DF8533020E0002315931AE096
:10A40400159B9B0058336B4453F8542C159B9B00AD
:10A4140058336B4443F8482C159B9B0058336B44CA
:10A4240053F84C2C159B9B0058336B4443F8502C29
:10A43400159B01331593159B002BE1D09DF85330E8
:10A44400002B7FF428AF00BF17B05DF804FB00BFFA
:10A454009C2A002082B003468DF807309DF807300F
:10A4640003F01F0206499DF907305B09012000FA39
:10A4740002F2203341F8232000BF02B0704700BF2E
:10A4840000E100E084B001900B46ADF80230BDF865
:10A494000230019A134400221A60BDF80230019A76
:10A4A40013441B680393039B00BF04B0704782B03E
:10A4B40001900B46ADF80230BDF80230019A134406
:10A4C4001B68002B14BF01230023DBB2184602B023
:10A4D400704782B001900091019B009AC3F8042355
:10A4E40000BF02B0704782B001900091019BD3F885
:10A4F4000423009B1340002B14BF01230023DBB271
:10A50400184602B0704782B001900091019B009AF6
:10A51400C3F8082300BF02B0704784B00190019BC8
:10A52400D3F880340393019B039AC3F88024039BDC
:10A53400184604B0704782B00190019B0422C3F80E
:10A54400002500BF02B0704782B00190019B002239
:10A55400C3F8002500BF02B0704784B00390029195
:10A564000192039B019AC3F81425039B029AC3F832
:10A574000C2500BF04B0704700B583B001904FF0C4
:10A58400FF324FF0FF310198FFF7E7FF00BF03B040
:10A594005DF804FB82B00190019BD3F80C3518469A
:10A5A40002B0704782B00190019BD3F8143518466D
:10A5B40002B0704782B00190019BD3F80835184669
:10A5C40002B0704782B00190019BD3F81035184651
:10A5D40002B0704784B0039002910192039B029AE7
:10A5E400C3F80825039B019AC3F8102500BF04B0E3
:10A5F400704700B583B001904FF0FF324FF0FF3148
:10A604000198FFF7E7FF00BF03B05DF804FB82B0D9
:10A614000190019BD3F81835DBB2184602B070479D
:10A6240082B001900B468DF803309DF80320019B06
:10A63400C3F81C2500BF02B0704782B001900B46DE
:10A644008DF803309DF80330019A134401221A60F7
:10A6540000BF02B0704782B001900B468DF8033002
:10A6640013468DF802309DF803209DF80230134301
:10A67400DBB21A46019BC3F86C2500BF02B07047D9
:10A6840082B001900091019B009AC3F8242500BF79
:10A6940002B0704784B001900B46ADF80230BDF8AB
:10A6A4000230019A134400221A60BDF80230019A64
:10A6B40013441B680393039B00BF04B0704782B02C
:10A6C40001900B46ADF80230BDF80230019A1344F4
:10A6D4001B68002B14BF01230023DBB2184602B011
:10A6E400704782B001900091019BD3F80022009B37
:10A6F400DB431A40019BC3F8002200BF02B070473D
:10A7040082B001900091019B009AC3F8042300BF1A
:10A7140002B0704782B001900091019B009AC3F887
:10A72400082300BF02B0704784B00190019BD3F8A6
:10A7340080340393019B039AC3F88024039B184637
:10A7440004B0704782B00190019B0822C3F8002531
:10A7540000BF02B0704782B00190019B0022C3F891
:10A76400002500BF02B0704784B0039002910192AB
:10A77400039B029AC3F80C25039B019AC3F8142582
:10A7840000BF04B0704700B583B001904FF0FF32B2
:10A794004FF0FF310198FFF7E7FF00BF03B05DF80A
:10A7A40004FB82B00190019BD3F80C35184602B02B
:10A7B400704782B00190019BD3F81435184602B05B
:10A7C400704782B00190019BD3F80835184602B057
:10A7D400704782B00190019BD3F81035184602B03F
:10A7E400704784B0039002910192039B029AC3F8CC
:10A7F4000825039B019AC3F8102500BF04B07047D5
:10A8040000B583B001904FF0FF324FF0FF31019853
:10A81400FFF7E7FF00BF03B05DF804FB82B00190CF
:10A824000B468DF803309DF80330019A134401223E
:10A834001A6000BF02B0704782B001900B468DF8D9
:10A84400033013468DF802309DF803209DF8023042
:10A854001343DBB21A46019BC3F86C2500BF02B058
:10A86400704782B001900091019B009AC3F824259F
:10A8740000BF02B0704784B00390029113468DF874
:10A884000730029A039BC3F844259DF80720039BD5
:10A89400C3F8482500BF04B0704782B00190019B03
:10A8A400D3F84C35184602B0704782B00190019B32
:10A8B400D3F83C35184602B0704700B583B0034660
:10A8C4008DF807309DF907301846FFF7C3FD00BF28
:10A8D40003B05DF804FB84B00190019B1B0B8DF861
:10A8E4000F309DF90F30184604B0704782B00190C4
:10A8F400019B03F06043B3F1005F0CBF012300230D
:10A90400DBB2184602B0704700B583B00190019BDA
:10A914001B681F2B04D905494FF4E87001F01EFC95
:10A924004FF0A043184603B05DF804FBA87D030074
:10A9340000B585B00190084611461A4603468DF8C5
:10A9440003300B468DF8023013468DF8013001AB0D
:10A954001846FFF7D9FF03909DF803209DF80230B5
:10A964005B001A439DF801309B001A439DF8183090
:10A974001B0242EA03019DF81C301B04019A19438F
:10A98400039B02F5E07243F8221000BF05B05DF8A6
:10A9940004FB00B585B003900023019300230093CA
:10A9A4000023012201210398FFF7C2FF00BF05B075
:10A9B4005DF804FB00B585B003900B468DF80B30B1
:10A9C4009DF80B3000220192002200920022002107
:10A9D4000398FFF7ADFF00BF05B05DF804FB00B5B9
:10A9E40085B00390002301930023009300230122E8
:10A9F40000210398FFF79CFF00BF05B05DF804FB3E
:10AA040000B585B0019001AB1846FFF77DFF0390B8
:10AA1400019B012202FA03F31946039800F004F89B
:10AA240000BF05B05DF804FB82B001900091019B6A
:10AA3400009AC3F8082500BF02B0704700B583B080
:10AA440001900091009B1B68B3F1FF3F09D0009B6C
:10AA54001B681846FFF7D4FF009B1B681846FFF7D6
:10AA640098FF009B5B68B3F1FF3F05D0009B5B68D8
:10AA740000211846FFF79EFF019B1B79464A5B01A4
:10AA840013441C331B78002B41D0019B1A68009B94
:10AA94009B6919461046FFF7E4FE019B1868009B6A
:10AAA400597D009B1B7D1A46FFF7C6FE019B186863
:10AAB400009B1968009B5B681A46FFF755FE009BD4
:10AAC4001B7D012B64D1009B9B68B3F1FF3F05D034
:10AAD400009B9B6800211846FFF76CFF009BDB6816
:10AAE400B3F1FF3F09D0009BDB681846FFF788FFEE
:10AAF400009BDB681846FFF74CFF019B1868009B1E
:10AB0400D968009B9B681A46FFF76BFE40E0019BE7
:10AB14001A68009B9B6919461046FFF7B1FD019B1B
:10AB24001868009B597D009B1B7D1A46FFF793FD17
:10AB3400019B1868009B1968009B5B681A46FFF725
:10AB44000CFD009B1B7D012B22D1009B9B68B3F164
:10AB5400FF3F05D0009B9B6800211846FFF72AFFA2
:10AB6400009BDB68B3F1FF3F09D0009BDB6818460C
:10AB7400FFF746FF009BDB681846FFF70AFF019BBF
:10AB84001868009BD968009B9B681A46FFF722FD52
:10AB940000BF03B05DF804FBF42A002000B583B0C5
:10ABA40001900B468DF80330019B1B792D4A5B0104
:10ABB40013441C331B78002B2FD0019B1B684FF4CC
:10ABC40088711846FFF766FD019B1B684FF490716E
:10ABD4001846FFF75FFD019B1B684FF492711846FE
:10ABE400FFF758FD019B1B684FF4A2711846FFF74D
:10ABF40051FD019B1B681C491846FFF781FD019B11
:10AC04001B681846FFF767FE03461A469DF8033093
:10AC140019461046FEF730FE20E0019B1B684FF4F6
:10AC24008E711846FFF72EFC019B1B684FF4A2712E
:10AC34001846FFF727FC019B1B680C491846FFF7D1
:10AC440048FC019B1B681846FFF745FE03461A465D
:10AC54009DF8033019461046FEF70EFE00BF03B000
:10AC64005DF804FBF42A00201003020080000200B7
:10AC740000B583B00190019B1B79154A5B01134415
:10AC84001C331B78002B0FD0019B1B6811491846FD
:10AC9400FFF740FD019B1B681846FFF71CFE0346A7
:10ACA4001846FFF70AFE0EE0019B1B680A49184686
:10ACB400FFF729FC019B1B681846FFF70CFE0346AF
:10ACC4001846FFF7FAFD00BF03B05DF804FB00BFB0
:10ACD400F42A0020100302008402020000B587B0A9
:10ACE4000190019B1B79364A5B0113441C331B788A
:10ACF400002B22D0019B1B681846FFF752FD0590DC
:10AD0400019B1B681846FFF754FD0490019B1B68C8
:10AD14001846FFF756FD0390019B1B681846FFF782
:10AD240058FD0290019B1B681846FFF72CFD019B00
:10AD34001B681846FFF764FD21E0019B1B68184659
:10AD4400FFF728FC0590019B1B681846FFF72AFCB7
:10AD54000490019B1B681846FFF72CFC0390019B91
:10AD64001B681846FFF72EFC0290019B1B681846CF
:10AD7400FFF702FC019B1B681846FFF73AFC059B92
:10AD8400B3F1FF3F02D00598FFF729FE049BB3F10E
:10AD9400FF3F02D00498FFF722FE029BB3F1FF3F6E
:10ADA40002D00298FFF71BFE039BB3F1FF3F02D0D2
:10ADB4000398FFF714FE00BF07B05DF804FB00BF63
:10ADC400F42A002000B583B00190019B1B790B4A43
:10ADD4005B0113441C331B78002B05D0019B1B68BB
:10ADE4001846FFF7AFFC04E0019B1B681846FFF709
:10ADF400A2FB00BF03B05DF804FB00BFF42A0020EF
:10AE040000B583B00190019B1B790B4A5B0113448D
:10AE14001C331B78002B05D0019B1B681846FFF7D9
:10AE24009AFC04E0019B1B681846FFF78DFB00BFEA
:10AE340003B05DF804FB00BFF42A002000B587B01E
:10AE4400039002910192029B002B04D122494FF4FA
:10AE5400887001F083F9039B1B795B011F4A13443B
:10AE6400059300230493059BDB7E002B03D008236A
:10AE74000493049B2BE0029B5A7F059B1A7702994B
:10AE84000398FFF7DBFD059B019A5A60029B1A6940
:10AE9400059B1A60059B5B68002B05D0029B1B7FFA
:10AEA40019460398FFF77AFE0398FFF78BFF059B7B
:10AEB4000022DA75059B00221A76059B00229A75FA
:10AEC400059B0122DA76059B00229A76049B18469C
:10AED40007B05DF804FB00BFE87D0300F42A0020FE
:10AEE40000B585B00190019B1B795B010C4A1344AA
:10AEF40003930198FFF784FF039B5B68002B02D048
:10AF04000198FFF7B5FE0198FFF7E8FE039B0022C6
:10AF1400DA76039B00225A6000BF05B05DF804FB9B
:10AF2400F42A002000B585B0019000914FF48E7191
:10AF34000198FFF7A7FA009B9B68009A928A92B245
:10AF440013441B788DF80F30009B9B8A9BB201330E
:10AF54009AB2009B9A829DF80F3019460198FFF728
:10AF64005FFB00BF05B05DF804FB000000B585B0D1
:10AF74000190019B1B795B01344A13440293002323
:10AF84000393019B1B684FF48E711846FFF77AFAFE
:10AF9400019B1B6808211846FFF74FFB019B1B68A8
:10AFA40002991846FFF7BEFF029B5B68002B47D14E
:10AFB4001FE000BF019B1B684FF48E711846FFF71A
:10AFC40076FA034683F00103DBB2002B05D0029B23
:10AFD4009B8A9BB2B3F5807FECD1029B9B8A9BB288
:10AFE400B3F5807F05D0019B1B6802991846FFF7D3
:10AFF40099FF029B9B8A9BB2029A927D9342D8D37B
:10B00400029B9B8A9BB2B3F5807F02D10F230393EB
:10B0140013E000BF019B1B684FF48E711846FFF7C5
:10B0240046FA034683F00103DBB2002BF2D1019B05
:10B034001B680C211846FFF700FB029B00229A753F
:10B04400039B184605B05DF804FB00BFF42A0020FA
:10B0540000B587B00190019B1B795B012A4A134418
:10B06400049300230593019B1B684FF490711846C9
:10B07400FFF710FB019B1B684FF4AC711846FFF7F8
:10B0840009FB019B1868049B9968049B9B7D1A46E5
:10B09400FFF7F1FB019B1B6808211846FFF7BEFB75
:10B0A400049B5B68002B2AD1019B1B684FF49071B1
:10B0B4001846FFF704FB03468DF80F30019B1B680D
:10B0C4004FF4AC711846FFF7FAFA03468DF80E30C8
:10B0D4009DF80F3083F00103DBB2002B06D09DF8FE
:10B0E4000E3083F00103DBB2002BDDD19DF80E306E
:10B0F400002B01D00F230593049B00229A75059B16
:10B10400184607B05DF804FBF42A002000B587B0A8
:10B114000390029113468DF80730039B1B795B0162
:10B124002E4A13440493049BDB7E012B04D02C4948
:10B134004FF4CC7001F012F89DF80730002B04D1C5
:10B14400274940F2991001F009F8029B002B04D121
:10B1540023494FF4CD7001F001F8039B1B791F4A7A
:10B164005B0113441C331B78002B0CD00298FFF7AF
:10B17400BDFB034683F00103DBB2002B03D0102395
:10B184000593059B25E0039800F02CF80346002B5B
:10B1940003D011230593059B1BE0049B9DF8072016
:10B1A4009A75049B029A9A60049B00229A82039BDC
:10B1B4001B790A4A5B0113441C331B78002B04D00F
:10B1C4000398FFF745FF034603E00398FFF7CEFE1D
:10B1D4000346184607B05DF804FB00BFF42A0020BC
:10B1E400E87D030082B00190019B1B79064A5B0154
:10B1F400134416331B78002B14BF01230023DBB246
:10B20400184602B0704700BFF42A002010B582B07F
:10B2140001900091009BDB7D002B08D14FF48471D9
:10B224000198FFF72FF90198FFF7F1F916E04FF4B1
:10B2340084710198FFF726F9009BDB68009A527E1F
:10B24400D2B29C180198FFF7E2F903462370009BE1
:10B254005B7EDBB20133DAB2009B5A7602B010BDDA
:10B2640000B589B003900B4601928DF80B30012391
:10B274008DF810309DF80B308DF81830019B059334
:10B28400039B5B68039A116804AA1046984700BFA1
:10B2940009B05DF804FB00B587B001900B468DF84A
:10B2A400033000238DF808309DF803308DF81030FA
:10B2B400019B9B680393019B00229A75019B5B6829
:10B2C400019A116802AA1046984700BF07B05DF8BA
:10B2D40004FB00B589B0019000914FF4007101980E
:10B2E400FFF701F90346002B39D04FF4927101980E
:10B2F400FFF7DDF80346002B31D04FF4927101982B
:10B30400FFF7C0F84FF401710198FFF7FCF8009BB8
:10B314009B7E83F00103DBB2002B03D00421019850
:10B32400FFF78BF902238DF808300198FFF7F5F841
:10B3340003460593009BDB7D8DF81030009BDB6892
:10B344000393009B0022DA75009B00221A76009B6F
:10B354005B68009A116802AA1046984756E00421D7
:10B364000198FFF7C0F80346002B4FD04FF48471C7
:10B374000198FFF79CF80346002B47D000990198E9
:10B38400FFF744FF009BDA7D009B5B7EDBB29A42B1
:10B394003CD1009B1B7E002B1CD0009BDB680793D9
:10B3A400009B5B7E8DF81B30009B1A7E009BDA7538
:10B3B400009B1A69009BDA60009B00221A76009BAE
:10B3C40000225A769DF81B30079A19460098FFF719
:10B3D40047FF1BE0009B9B7E83F00103DBB2002B45
:10B3E40003D004210198FFF728F94FF40171019863
:10B3F400FFF789F8009B0022DA75009B5B7ED9B2C7
:10B40400009BDB681A460098FFF72AFF4FF48E7101
:10B414000198FFF74CF80346002B1AD0009B9B8A37
:10B424009BB2009A927D934204D200990198FFF74F
:10B4340079FD0EE04FF48E710198FFF723F8009B1D
:10B444009B7D002B05D0009B9B7D19460098FFF740
:10B4540022FF4FF4A2710198FFF729F80346002B4D
:10B464001CD04FF4A2710198FFF70CF8009B9B7E4F
:10B47400002B03D000210198FFF7DFF8009BDB7D50
:10B48400002B0BD0009B0022DA75009B5B7ED9B2A7
:10B49400009BDB681A460098FFF7E2FE00BF09B084
:10B4A4005DF804FB00B589B0019000914FF49271EE
:10B4B4000198FFF704F90346002B24D04FF492714E
:10B4C4000198FFF7E7F802238DF808300198FFF799
:10B4D4002BF9034605930198FFF7E7F90346DBB21E
:10B4E4008DF81030009BDB680393009B0022DA7513
:10B4F400009B00221A76009B5B68009A116802AADE
:10B504001046984741E04FF488710198FFF7D7F847
:10B514000346002B39D04FF488710198FFF7BAF82D
:10B524000198FFF7C2F903468DF81F30009BDB7DBD
:10B534009DF81F209A4228D1009B1B7E002B19D016
:10B54400009BDB68069320210198FFF7CAF8009B53
:10B554001A7E009BDA75009B1A69009BDA60009BD7
:10B5640000221A769DF81F30069A19460098FFF7B4
:10B5740077FE0AE0009B0022DA75009BDA689DF8EA
:10B584001F3019460098FFF76BFE4FF4A271019823
:10B59400FFF795F80346002B16D04FF4A2710198DB
:10B5A400FFF778F8009BDB7D002B0DD0009B002279
:10B5B400DA750198FFF779F90346D9B2009BDB6885
:10B5C4001A460098FFF74CFE4FF490710198FFF76C
:10B5D40076F80346002B11D04FF490710198FFF7D1
:10B5E40059F8009B9B7D002B08D00198FFF755F973
:10B5F4000346DBB219460098FFF74DFE00BF09B0C1
:10B604005DF804FB08B5074B1B7F002B04D00549EC
:10B614000548FFF747FF03E002490348FFF759FED7
:10B6240000BF08BDF42A00200020004000B583B00C
:10B634000190019B1B681F2B04D905494FF4E87046
:10B6440000F08CFD4FF0A043184603B05DF804FBF6
:10B65400407E030000B585B001900B468DF80330A1
:10B6640001AB1846FFF7E2FF0390019A039B02F532
:10B67400E07253F82230019A23F44031039B02F51F
:10B68400E07243F82210019A039B02F5E07253F82A
:10B6940022109DF803301B04019A1943039B02F501
:10B6A400E07243F8221000BF05B05DF804FB00B55A
:10B6B40083B001900198FDF745FE0346184603B098
:10B6C4005DF804FB00B587B003460A468DF80730E1
:10B6D40013468DF8063000238DF8173000230493A9
:10B6E4009DF807301846FDF75BFE0490049B032B7E
:10B6F40062D89DF80630022B52D0022B5CDC002B62
:10B7040031D0012B58D13549049A13465B001344B8
:10B714000B441B788DF817303049049A13465B00AC
:10B7240013440B4401331B78002B0ED02C4B2D4AB1
:10B734004FF400411846F9F7B9FE0390039B002B20
:10B7440003D1284A9DF8073013702449049A1346FC
:10B754005B0013440B4402331978234A049B1344BB
:10B764000A461A7028E01E4B1846F9F7D1FE1E4A05
:10B77400049B134419781948049A13465B00134434
:10B78400034402331B78994215D11449049A134691
:10B794005B0013440B4402331B788DF817300AE026
:10B7A4000E49049A13465B0013440B4401331B787F
:10B7B4008DF8173000E000BF9DF81730002B09D03A
:10B7C4000A4B1B68002B05D0084B1B689DF81720FB
:10B7D4001046984700BF07B05DF804FB642B0020B7
:10B7E400702B0020902B0020942B0020602B002035
:10B7F40000B583B00190019B1B7802211846FFF726
:10B8040061FF00BF03B05DF804FB000000B583B026
:10B814000C4B1B78002B0FD00023019308E0019BF5
:10B82400022B02D00198FDF719FD019B013301930E
:10B83400019B032BF3D901E0FDF72AFD00BF03B000
:10B844005DF804FB1C2B00202DE9D04F92B0034679
:10B854008DF83F300023119300231093C94B1B78BC
:10B86400002B04D0C74A00231370FFF7CFFF9DF8C5
:10B874003F30172B00F2398201A252F823F000BFA7
:10B88400E5B80200F3B80200F3B802008FB9020071
:10B894002BBA0200A7BA02003BBB02005BBB02004A
:10B8A4006BBB020095BB0200B3BB0200D1BB02001C
:10B8B400EFBB0200FDBB0200FDBB0200FDBB0200AA
:10B8C400FDBB0200FDBB020091BC02009FBC020054
:10B8D400B3BC0200C7BC0200E1BC0200E1BC020030
:10B8E400FFF794FFA84A9DF83F301370FEE1002053
:10B8F400FDF76CFC0346002B0DD00020FDF7AEFCD9
:10B904009DF83F30022B02D14FF4E16301E04FF484
:10B914007A6310930BE00020FDF786FC9DF83F301E
:10B92400022B01D1C82301E04FF4C8731093964A47
:10B934009DF83F301370954C109B002200930192A8
:10B944004FF000024FF00003DDE900673946CB03F6
:10B95400314643EA51433146CA0312F5FA71029162
:10B9640043F1000303934FF47A724FF00003DDE9CF
:10B9740002010BF053F902460B4613460022194606
:10B984002046F9F793FD1190B0E10020FDF71EFC6D
:10B994000346002B0DD00020FDF760FC9DF83F30DE
:10B9A400032B02D14FF4487301E04FF47A631093F0
:10B9B4000BE00020FDF738FC9DF83F30032B01D14C
:10B9C400C82301E04FF4C87310936F4A9DF83F30C9
:10B9D40013706E4C109B0022049305924FF00002EA
:10B9E4004FF00003DDE904673946CB03314643EAEF
:10B9F40051433146CA0312F5FA71069143F100032B
:10BA040007934FF47A724FF00003DDE906010BF05F
:10BA140005F902460B461346002219462046F9F75B
:10BA240045FD119062E10020FDF7D0FB0346002B99
:10BA340006D00020FDF712FC4FF47A63109305E062
:10BA44000020FDF7F1FB4FF4C87310934E4A9DF8A4
:10BA54003F3013704D4C109B00229A4693464FF092
:10BA640000024FF000034FEACB3343EA5A434FEA54
:10BA7400CA3212F5FA71089143F1000309934FF4A5
:10BA84007A724FF00003DDE908010BF0C7F80246B3
:10BA94000B461346002219462046F9F707FD11907C
:10BAA40024E10020FDF792FB0346002B0CD000207C
:10BAB400FDF7D4FB9DF83F30052B01D1C82301E0ED
:10BAC4004FF47A6310930BE00020FDF7ADFB9DF873
:10BAD4003F30052B01D1C82301E04FF4C873109304
:10BAE400294A9DF83F301370284C109B0022984639
:10BAF40091464FF000024FF000034FEAC93343EA86
:10BB040058434FEAC83212F5FA710A9143F100031F
:10BB14000B934FF47A724FF00003DDE90A010BF046
:10BB24007DF802460B461346002219462046F9F7D3
:10BB3400BDFC1190DAE00020FDF7D0FB124A9DF81D
:10BB44003F301370114B002240F6CD411846F9F7EF
:10BB5400ADFC1190CAE00020FDF766FB0A4A9DF88F
:10BB64003F301370C2E0074B01221A700120FDF729
:10BB7400B5FB064B002240F6CD411846F9F796FC7A
:10BB84001190B3E0152B0020142B0020202B002053
:10BB9400594B01221A700120FDF7A0FB574B0022DC
:10BBA4004FF480411846F9F781FC11909EE0524B06
:10BBB40001221A700120FDF791FB504B002240F640
:10BBC400CD411846F9F772FC11908FE04A4B0122DF
:10BBD4001A700120FDF782FB484B00224FF480418C
:10BBE4001846F9F763FC119080E0FDF764FB444AC2
:10BBF4009DF83F30137079E0424B1846F9F788FC02
:10BC040011909DF83F30C3F111031093109B002B4A
:10BC140035D0119B002B32D1109B012B28D9394CE4
:10BC2400109B9BB21A46C82302FB03F3DA171E4685
:10BC340017464FF000024FF00003FB0343EA56435C
:10BC4400F20312F5FA710C9143F100030D934FF4D2
:10BC54007A724FF00003DDE90C010AF0DFFF0246BF
:10BC64000B461346002219462046F9F71FFC119093
:10BC74000220FDF7D9FA244B01221A7036E0022083
:10BC8400FDF7ECFA204B00221A702FE0FFF7BEFDFF
:10BC94001B4A9DF83F30137028E0FFF7B7FD0020E2
:10BCA400FDF7C2FA164A9DF83F3013701EE0FFF705
:10BCB400ADFD0120FDF7B8FA114A9DF83F3013702D
:10BCC40014E0FFF7A3FD0020FDF7AEFA0120FDF715
:10BCD400ABFA0B4A9DF83F30137007E0FDF7EBFA1F
:10BCE400074A9DF83F30137000E000BF119B1846CF
:10BCF40012B0BDE8D08F00BF152B0020202B0020F0
:10BD0400142B0020402B00201C2B002000B583B0F6
:10BD14000190074B1B6803F00103002B04D0054B73
:10BD24001B781846FFF790FD00BF03B05DF804FBD5
:10BD3400182B0020142B002000B583B001900220A2
:10BD4400FDF7CCFA00BF03B05DF804FB00B585B085
:10BD540003468DF8073000230393084B1B6803F058
:10BD64000103002B05D09DF807301846FFF76CFD42
:10BD74000390039B184605B05DF804FB182B0020C4
:10BD840000B585B00190009100230393294A019BDB
:10BD94001360294A009B1360019B03F00203002BEC
:10BDA4002AD00023029308E001220121029800F026
:10BDB40053F80390029B01330293029B032B02D896
:10BDC400039B002BF0D0039B002B06D140F266624C
:10BDD40004211A48F8F710FC0390039B002B02D1AE
:10BDE400F8F77CFC0390039B002B05D1144A002137
:10BDF4001448F9F72BFB0390019B03F00103002B7C
:10BE040001D0FDF785FA039B002B05D10E4A0021D2
:10BE14000E48F9F71BFB0390039B002B05D10C4A3A
:10BE240001210C48F9F712FB0390039B184605B057
:10BE34005DF804FB182B0020602B0020847E030097
:10BE4400F5B70200807E030011BD0200787E030076
:10BE54003DBD02007C7E030084B001900B468DF84A
:10BE6400033013468DF8023000230393019B032B08
:10BE74003CD89DF80230012B0BD19DF80330012BE7
:10BE840004D1019BDBB20E33DBB200E000238DF85A
:10BE940002309DF80330022B0FD0022B23DC002B41
:10BEA40016D0012B1FD11449019A13465B00134489
:10BEB4000B449DF802201A701AE00F49019A1346A8
:10BEC4005B0013440B4401339DF802201A700FE009
:10BED4000949019A13465B0013440B4402339DF84D
:10BEE40002201A7004E00723039301E0072303935D
:10BEF400039B184604B07047642B002000B583B040
:10BF040001900198FDF76CFA034603211846FFF7E8
:10BF1400A1FB0023184603B05DF804FB00B583B011
:10BF2400012200210020FFF797FF0190019B002BC5
:10BF340004D0019B072B01D0019B1CE007220221A6
:10BF44000120FFF789FF0190019B002B04D0019B86
:10BF5400072B01D0019B0EE0042202210020FFF7F1
:10BF64007BFF0190019B002B04D0019B072B01D088
:10BF7400019B00E00023184603B05DF804FB00B504
:10BF840083B0012202210020FFF766FF0190019B8C
:10BF9400002B04D0019B072B01D0019B1CE007223E
:10BFA40002210120FFF758FF0190019B002B04D0D0
:10BFB400019B072B01D0019B0EE00A2200210020E7
:10BFC400FFF74AFF0190019B002B04D0019B072B34
:10BFD40001D0019B00E00023184603B05DF804FB88
:10BFE40000B583B001900120FFF761FB0346002BED
:10BFF40003D0019B02221A700CE00020FFF757FBCC
:10C004000346002B03D0019B0B221A7002E0019B14
:10C0140000221A7000BF03B05DF804FB00B583B0C2
:10C024000020FFF76BFF0190019B002B04D0019BC4
:10C03400062B01D0019B0CE00120FFF75FFF01906C
:10C04400019B002B04D0019B062B01D0019B00E037
:10C054000023184603B05DF804FB000000B585B06A
:10C0640001900091019B1B88102B02D0112B18D03A
:10C074002FE01A4B1B68002B0DD1FFF74FFF0390E5
:10C08400039B002B07D0164B1B68002B03D0144BCB
:10C094001B6803989847114B1B6801330F4A1360C0
:10C0A40017E00E4B1B68013B0C4A13600B4B1B68DB
:10C0B400002B0DD1FFF763FF0390039B002B07D0E8
:10C0C400074B1B68002B03D0054B1B68039898474C
:10C0D40000BF00BF05B05DF804FB00BF9C2B00202F
:10C0E400982B002000B585B00190009100230393A4
:10C0F4000A4A019B1360009B002B02D00098FFF7B3
:10C104006FFF074B1B68002B02D1FFF738FF03902A
:10C11400039B184605B05DF804FB00BF982B002074
:10C124009C2B002076DF704700BF184678DF7047ED
:10C1340000BF18467ADF704700BF18467CDF70479F
:10C1440000BF18468FDF704700BF184632DF7047C4
:10C1540000BF18463EDF704700BF184600B583B0E5
:10C1640003460091ADF80630BDF80630009A194632
:10C174000348F8F7DFFA00BF03B05DF804FB00BF23
:10C18400EFBEADDE00B583B00190044A9E21019854
:10C19400F8F7D0FA00BF03B05DF804FBA87E0300F3
:10C1A40000B583B00190044AA8210198F8F7C2FAB7
:10C1B40000BF03B05DF804FBA87E030000B583B0A4
:10C1C4000C4B1B881B0443F003030B491846F7F779
:10C1D40013FD07F045FC0190019B0093009B002B8D
:10C1E40004D0064AB5210098F8F7A4FA00BF03B0BA
:10C1F4005DF804FBE0200020007F0300A87E03001C
:10C2040000B585B003468DF807309DF80730002B44
:10C2140002D0FFF7D3FF0EE00321094802F020F813
:10C224000390039B0293029B002B04D0054AC72171
:10C234000298F8F77FFA00BF05B05DF804FB00BF71
:10C24400482C0020A87E030000B587B001901A4B4B
:10C254001B884FF6FF72934229D0174B1B8802AA02
:10C264001146184607F01EFB0590059B0493049B9A
:10C27400002B04D0114ADB210498F8F75BFA9DF8EF
:10C28400083003F00203DBB2002B10D10A4B1B88E9
:10C294000021184607F0C2FA0590059B0393039BFF
:10C2A400002B04D0054AE1210398F8F743FA00BFB4
:10C2B40007B05DF804FB00BFC4210020A87E030082
:10C2C40000B585B0F9F78EF80390039B0293029BA7
:10C2D400002B04D00C4AF1210298F8F72BFA0B4AF0
:10C2E40000210B48F9F7B2F80390039B0193019BDB
:10C2F400002B04D0044AF7210198F8F71BFA00BF79
:10C3040005B05DF804FB00BFA87E03004DC2020027
:10C31400A47E030000B589B09DF80430012262F3C5
:10C3240003038DF804309DF80430012262F30713EF
:10C334008DF8043001AB0A2223491846FFF7FEFEAC
:10C344000790079B0693069B002B05D01F4A40F2DB
:10C354000B110698F8F7EEF90020FFF7E7FE0790B7
:10C36400079B0593059B002B05D0184A4FF4877152
:10C374000598F8F7DFF902AB0822002118460AF005
:10C384005FFD0723ADF808304FF4C873ADF80A30E9
:10C394000023ADF80C304FF4C873ADF80E3002AB87
:10C3A4001846FFF7C7FE0790079B0493049B002BD6
:10C3B40005D0064A4FF48C710498F8F7BBF900BF16
:10C3C40009B05DF804FB00BF107F0300A87E0300E2
:10C3D40000B583B00021094805F08AF80190019B5B
:10C3E4000093009B002B05D0054A40F221110098D0
:10C3F400F8F7A0F900BF03B05DF804FB342C00206B
:10C40400A87E030000B587B00190009101238DF848
:10C414001730009B1B78002B27D1009BB3F8823088
:10C424001A46144B1B689A420AD1009B0233114AE4
:10C434001268194610480AF095FC0346002B02D0F6
:10C4440000238DF817309DF8173019460B4804F077
:10C4540031FE0490049B0393039B002B05D0084AF0
:10C464004FF49C710398F8F765F900BF07B05DF8C5
:10C4740004FB00BFD0210020CC210020042C00208C
:10C48400A87E030000B583B001900091009A019941
:10C49400034804F035FD0346184603B05DF804FB79
:10C4A400042C002000B597B001AB184602F0AEFC96
:10C4B4000023159336E0159B5B0058336B4433F827
:10C4C400503CADF852301C4B1A78BDF8523011462E
:10C4D400184602F0D5FC03468DF851309DF85130D2
:10C4E400002B1CD00DF10202BDF852301146184643
:10C4F40007F05CFA1390139B002B10D1BDF80230A7
:10C50400184607F093FA1390139B1293129B002B77
:10C5140005D00A4A40F255111298F8F70BF9159B09
:10C5240001331593019B159A9A42C4D300BF00BFEF
:10C5340017B05DF804FB00BF202F0020A87E030085
:10C5440000B583B001900A4B1B881B0443F003031E
:10C5540008491846F7F750FB019B5B88064A117897
:10C564000122184602F0B6FC00BF03B05DF804FBDC
:10C57400E02000201C7F0300202F002000B589B09C
:10C5840001902C4B1B881B0443F003032A491846D3
:10C59400F7F732FB4FF6FF7007F02CFA0346ADF8BD
:10C5A4001E303BE00DF10E02BDF81E301146184658
:10C5B40007F0D8F90690069B0593059B002B05D040
:10C5C4001E4A4FF4B9710598F8F7B4F8BDF80E3067
:10C5D4004FF6FF72934208D0BDF80E30184A117816
:10C5E4000122184602F076FC10E0BDF81E30184611
:10C5F40007F01CFA0690069B0493049B002B05D0BD
:10C604000E4A4FF4BE710498F8F794F8BDF81E3042
:10C61400184607F0EFF90346ADF81E30BDF81E309A
:10C624004FF6FF729342BDD100BF00BF09B05DF861
:10C6340004FB00BFE0200020547F0300A87E030019
:10C64400202F002000B589B001902F4B1B881B04BC
:10C6540043F003032D491846F7F7CEFA4FF6FF705F
:10C6640007F0C8F90346ADF81E3041E00DF10E02A3
:10C67400BDF81E301146184607F074F90690069B63
:10C684000593059B002B05D0214A40F29111059892
:10C69400F8F750F8019B5A88BDF80E309A421FD023
:10C6A400BDF80E304FF6FF72934208D0BDF80E303D
:10C6B400184A11780122184602F00CFC10E0BDF86B
:10C6C4001E30184607F0B2F90690069B0493049BAB
:10C6D400002B05D00E4A40F29F110498F8F72AF86F
:10C6E400BDF81E30184607F085F90346ADF81E3034
:10C6F400BDF81E304FF6FF729342B7D100BF00BFA2
:10C7040009B05DF804FB00BFE0200020807F030037
:10C71400A87E0300202F002000B5A1B001AB102299
:10C72400002118460AF08CFB4FF40073ADF80C306E
:10C73400474B0293474B049301AB1946464804F018
:10C74400C6FF1F901F9B1E931E9B002B05D0434AC0
:10C7540040F2BB111E98F7F7EDFF05AB1C22002138
:10C7640018460AF06DFB02F063FB03461A463C4B85
:10C774001A703C4B05933C4B06939DF81C3043F0D8
:10C7840008038DF81C309DF81C3043F002038DF82B
:10C794001C309DF81C3043F020038DF81C3002231C
:10C7A4008DF81D3002238DF81E302B4B08932F4B30
:10C7B40009932F4B0A932F4B0B9305AB19462E4825
:10C7C40004F00CFC1F901F9B1D931D9B002B05D098
:10C7D400224A40F2D5111D98F7F7ACFF0CAB40226A
:10C7E400002118460AF02CFB0CAB2449184602F031
:10C7F400E2FB9DF86C30012262F303038DF86C3088
:10C804009DF86C30012262F307138DF86C309DF8AB
:10C814006D3023F00F038DF86D309DF86D3023F0EB
:10C82400F0038DF86D300CAB184609F009FC1F902D
:10C834001F9B1C931C9B002B05D0084A4FF4F071DE
:10C844001C98F7F777FF00BF21B05DF804FB00BF29
:10C85400202D002089C40200C02B0020A87E0300E4
:10C86400202F002009C4020089C1020045C502002E
:10C8740081C5020049C60200042C0020C07F0300C9
:10C8840000B585B00190019B1B78002B11D10B4B97
:10C894001B883B211846FFF745FC0390039B02933A
:10C8A400029B002B05D0064A40F2F5110298F7F7D7
:10C8B40041FF00BF05B05DF804FB00BFC4210020A8
:10C8C400A87E030000B583B00190054A4FF40071BF
:10C8D4000198F7F72FFF00BF03B05DF804FB00BF1A
:10C8E400A87E030000B58BB001AB1C2200211846C2
:10C8F4000AF0A6FA002301934FF4F02302934FF4B5
:10C904002033039303238DF810300023ADF8123045
:10C9140000238DF814300C4B06930C4B079301AB9A
:10C92400184601F01BFF0990099B0893089B002BF4
:10C9340005D0074A40F217210898F7F7FBFE00BF1D
:10C944000BB05DF804FB00BF85C80200C9C8020033
:10C95400A87E030000B585B00020FFF7F7F9039027
:10C96400039B0293029B002B05D0134A4FF40971D9
:10C974000298F7F7DFFEFFF751FB0390039B019347
:10C98400019B002B05D00C4A4FF40A710198F7F76C
:10C99400D1FEFFF7DBFB0390039B0093009B002B6E
:10C9A40005D0054A4FF40B710098F7F7C3FE00BF9A
:10C9B40005B05DF804FB00BFA87E030000B585B098
:10C9C40003468DF807309DF80730002B1AD0032B4F
:10C9D4001BD1114B1B881B0443F003030F4918465A
:10C9E400F7F70AF90220FFF7B1F90390039B0293CA
:10C9F400029B002B0BD00A4A40F23F210298F7F722
:10CA040099FE04E0FFF7A6FF02E000BF00E000BFCC
:10CA140000BF05B05DF804FBE0200020D47F0300D4
:10CA2400A87E030000B58DB00190009100230B9304
:10CA3400019B1B88562B00F0A180562B00F3B1807C
:10CA44003B2B00F088803B2B00F3AB80212B68D07C
:10CA5400212B00F3A680102B02D0112B41D0A0E093
:10CA6400574B1B881B0443F0030356491846F7F73A
:10CA7400C3F80720FFF76AF90B900B9B0693069BFC
:10CA8400002B05D0504A40F259210698F7F752FE80
:10CA9400019B9A884D4B1A804C4B1B8819464C4875
:10CAA40004F089FA0B900B9B0593059B002B05D092
:10CAB400454A4FF417710598F7F73CFE434B1B8822
:10CAC4001946444804F00FFF0B900B9B0493049BFE
:10CAD400002B68D03C4A40F25E210498F7F72AFE06
:10CAE40061E0374B1B881B0443F003033A491846A3
:10CAF400F7F782F8FFF7D6FC344B4FF6FF721A8033
:10CB0400364B1846F8F704FD0B900B9B0793079BD5
:10CB1400002B4AD02C4A40F266210798F7F70AFE08
:10CB240043E000238DF80C3000238DF80D30019B79
:10CB34009B8803AA11461846FFF704FB0B900B9B36
:10CB44000893089B002B32D01F4A40F273210898A7
:10CB5400F7F7F0FD2BE0019B9B8813211846FFF7A4
:10CB6400E1FA0B900B9B0993099B002B21D0164AE9
:10CB74004FF41F710998F7F7DDFD1AE0019B9B88BC
:10CB840013211846FFF7CEFA0B900B9B0A930A9BCE
:10CB9400002B10D00C4A4FF421710A98F7F7CAFD04
:10CBA40009E000BF08E000BF06E000BF04E000BFEA
:10CBB40002E000BF00E000BF00BF0DB05DF804FB61
:10CBC400E0200020E87F0300A87E0300C4210020A9
:10CBD400042C0020C02B0020F47F0300A02B002095
:10CBE40000B587B009F058FD0590059B0493049B9C
:10CBF400002B05D0164A40F297210498F7F79AFDC6
:10CC04000023019301AB1946012009F03FFE059072
:10CC1400059B0393039B002B05D00D4A40F29D21F5
:10CC24000398F7F787FD01AB184609F017FF059045
:10CC3400059B0293029B002B05D0054A40F2A121DB
:10CC44000298F7F777FD00BF07B05DF804FB00BF5B
:10CC5400A87E030000B585B003468DF807309DF823
:10CC64000730042B04D00A2B18D1FFF773FE18E009
:10CC74000E4B1B8813211846FFF754FA0390039BAD
:10CC8400082B0DD0039B0293029B002B08D0084A6B
:10CC940040F2B9210298F7F74DFD01E000BF00E032
:10CCA40000BF00BF05B05DF804FB00BFC421002035
:10CCB400A87E030010B58CB00390039B1B780F2B48
:10CCC40000F2D28001A252F823F000BF11CD02007D
:10CCD4006DCE02004DCD02007DCD020091CD02004B
:10CCE4006DCE0200A7CD020053CE02006DCE02002D
:10CCF40005CE0200D1CD02001FCE0200E5CD020018
:10CD040039CE02006DCE0200FFCD02005E4B1B88BF
:10CD14001B0443F003035D491846F6F76DFF5C4BB3
:10CD240000224FF400311846F8F7C0FB0790079B28
:10CD34000593059B002B00F09980564A40F2D121BF
:10CD44000598F7F7F7FC91E04F4B1B881B0443F061
:10CD54000304039B5B88184601F0C4FF03461A468C
:10CD6400039B5B881946039B1B7A00930B464A4935
:10CD74002046F6F774FF84E0434B1B881B0443F002
:10CD8400030346491846F6F737FF7AE000238DF887
:10CD94001030039B5B8804AA1146184606F060FD18
:10CDA4006FE0FAF709FB0790079B0E2B60D0079BF7
:10CDB400082B5DD0079B0693069B002B58D0354A61
:10CDC40040F2F2210698F7F7B5FC51E02E4B1B8890
:10CDD4001B0443F0030332491846F6F70DFF50E0F5
:10CDE400294B1B881B0443F003032E491846F6F70E
:10CDF40003FF0020FFF704FA43E006F045FD40E09E
:10CE0400039B1B690993099B002B33D0214A40F2F1
:10CE14000A310998F7F78EFC2CE0039B9B680A9370
:10CE24000A9B002B28D01B4A4FF444710A98F7F749
:10CE340081FC21E0039B9B680B930B9B002B1DD073
:10CE4400144A40F216310B98F7F774FC16E0039B72
:10CE54009B680893089B002B12D00E4A4FF447712D
:10CE64000898F7F767FC0BE000BF0AE000BF08E092
:10CE740000BF06E000BF04E000BF02E000BF00E026
:10CE840000BF00BF0CB010BDE020002004800300F0
:10CE9400A02B0020A87E03003080030070800300D4
:10CEA40090800300AC80030000B587B006F01CFC42
:10CEB4000590059B0493049B002B05D0384A40F24F
:10CEC40032310498F7F736FC6B46052200211846E8
:10CED40009F0B6FF9DF8003043F001038DF80030EF
:10CEE4009DF8003023F002038DF800309DF80030E7
:10CEF40023F004038DF800309DF8003023F008037C
:10CF04008DF800309DF80030032262F306138DF88B
:10CF140000309DF8003023F080038DF800300723A3
:10CF24008DF8013010238DF802309DF8033043F062
:10CF340001038DF803309DF8033043F002038DF8AC
:10CF440003309DF8043043F001038DF804309DF85C
:10CF5400043043F002038DF804306B46184606F0A3
:10CF640045FC0590059B0393039B002B05D00C4ABD
:10CF740040F245310398F7F7DDFB0A4806F00EFC52
:10CF84000590059B0293029B002B05D0044A4FF4A5
:10CF940052710298F7F7CEFB00BF07B05DF804FBAF
:10CFA400A87E0300B9CC020000B5ADB001ABA0224D
:10CFB4000021184609F044FF05238DF8AF30022301
:10CFC4008DF8043001238DF806309DF8AF308DF8CC
:10CFD40007300123ADF81430154B069300238DF868
:10CFE4007D3001238DF8803028232393B4232493A8
:10CFF40000238DF881300F4B27930F4B289301ABFF
:10D0040019460E4801F01DF82A902A9B2993299B62
:10D01400002B05D00A4A40F267312998F7F78AFBBA
:10D024000121064801F000F800BF2DB05DF804FBB3
:10D03400C8210020C1C90200A5C10200482C00205B
:10D04400A87E030000B587B0019017490320FEF7BE
:10D0540097FE0590059B0493049B002B05D0134A6F
:10D0640040F277310498F7F765FB0DF10B0319468D
:10D074000020FFF737F80590059B0393039B002BD3
:10D0840005D00A4A40F27A310398F7F753FB9DF82A
:10D094000B30022B0CBF01230023DAB2019B1A7060
:10D0A40000BF07B05DF804FB59CC0200A87E030062
:10D0B40000B583B00020F6F731FB0190019B00938B
:10D0C400009B002B05D0064A40F285310098F7F703
:10D0D40031FBF6F781FA00BF03B05DF804FB00BF33
:10D0E400A87E030000B583B0FFF734F80190019BDC
:10D0F4000093009B002B05D0044A4FF46471009800
:10D10400F7F718FB00BF03B05DF804FBA87E03002B
:10D1140000B583B0FFF7CCFFFFF7D2F80DF107039A
:10D124001846FFF78FFFFFF75BFDFFF7F3F8FFF7F4
:10D134004FF9FFF739FFFFF7EFFAFFF7D3FBFFF7DC
:10D14400B3FE0C4B1B881B0443F003030A49184627
:10D15400F6F752FD9DF807301846FFF751F8F6F739
:10D16400BBFD034683F00103DBB2002BF7D0FFF7CE
:10D17400B9FFF4E7E0200020D08003006DDF7047A2
:10D1840000BF184672DF704700BF184679DF70474A
:10D1940000BF18467DDF704700BF184664DF704744
:10D1A40000BF184682B003460091ADF80630BDF8C2
:10D1B4000630DAB2009B1A70BDF806301B0A9AB228
:10D1C400009B0133D2B21A700223184602B0704792
:10D1D40000B589B0039002911346ADF80630029B66
:10D1E4001B8803F10902BDF806309A4201D90C23C9
:10D1F40051E005AB1846FFF7C1FF0790079B002BD2
:10D2040001D0079B47E0029B1B881A46039B1344EB
:10D2140008221A70029B1B8801339AB2029B1A805F
:10D22400029B1B881A46039B13441B221A70029B01
:10D234001B8801339AB2029B1A80029B1B881A46F0
:10D24400039B981805AB01330622194609F0C6FD65
:10D25400029B1B8806339AB2029B1A809DF81430F5
:10D2640023F00103DBB2002B07D1029B1B881A4673
:10D27400039B134400221A7006E0029B1B881A4683
:10D28400039B134401221A70029B1B8801339AB238
:10D29400029B1A800023184609B05DF804FB00B510
:10D2A40089B0039002910192ADF80230039B1B7880
:10D2B400012B05D1039B5B78002B01D1072388E068
:10D2C400019B1B889A1CBDF802309A420ED8039B1E
:10D2D4001B78012B0CD1019B1B881A46039B5B789E
:10D2E40013449A1CBDF802309A4201D90C2370E011
:10D2F400019B1B88BDF80220D31A9BB2023BADF8F8
:10D304001C30BDF81C30ADF81630019B1B8802336D
:10D31400029A13440DF1160211461846FFF73AFF1C
:10D324000690069B002B01D0069B52E0039B1B78C2
:10D33400022B09D1BDF81630BDF81C209A4203D344
:10D3440009238DF81F3016E008238DF81F30039B46
:10D354001B78012B0BD1039B5B781A46BDF81C305C
:10D36400934204D3039B5B78ADF8163003E0BDF819
:10D374001C30ADF81630BDF81630FE2B01D90C2345
:10D3840027E0BDF81630DAB2019B1B881946029BD0
:10D394000B440132D2B21A70019B1B8801339AB23A
:10D3A400019B1A80019B1B881A46029B13449DF81B
:10D3B4001F201A70019B1B8801339AB2019B1A80AB
:10D3C400019B1A88BDF8163013449AB2019B1A8047
:10D3D4000023184609B05DF804FB00B587B003903C
:10D3E40002911346ADF80630029B1B881A1DBDF846
:10D3F40006309A4201D90C2338E00DF11203184685
:10D40400FFF7C4FE0590059B002B01D0059B2DE082
:10D41400029B1B881A46039B134403221A70029B27
:10D424001B8801339AB2029B1A80029B1B881A46FE
:10D43400039B134419221A70029B1B8801339AB26E
:10D44400029B1A80BDF81220029B1B881946039B7D
:10D454000B4419461046FFF7A5FE03461A46029BE5
:10D464001B8813449AB2029B1A800023184607B003
:10D474005DF804FB84B0029101921A4603468DF8CC
:10D484000F301346ADF80C30019B1B88DA1CBDF835
:10D494000C309A4201D90C2328E0019B1B881A46C0
:10D4A400029B134402221A70019B1B8801339AB217
:10D4B400019B1A80019B1B881A46029B134401227C
:10D4C4001A70019B1B8801339AB2019B1A80019B3D
:10D4D4001B881A46029B13449DF80F201A70019B67
:10D4E4001B8801339AB2019B1A800023184604B0AA
:10D4F400704784B0029101921A4603468DF80F30AA
:10D504001346ADF80C30019B1B88DA1CBDF80C30B7
:10D514009A4201D90C2328E0019B1B881A46029BDE
:10D52400134402221A70019B1B8801339AB2019B97
:10D534001A80019B1B881A46029B13440A221A7004
:10D54400019B1B8801339AB2019B1A80019B1B88A3
:10D554001A46029B13449DF80F201A70019B1B88E6
:10D5640001339AB2019B1A800023184604B0704715
:10D5740000B58BB0039001930B468DF80B30134626
:10D584008DF80A3000238DF823300C9B1B88ADF8EE
:10D594002030002309936CE0039B5A68099B9B008D
:10D5A4001A4404AB106818600DF1160104AB002294
:10D5B4001846FFF7F3FD0690069B002B01D0069B4F
:10D5C40079E09DF816309DF80A209A424ED19DF8D4
:10D5D4002330002B01D0002300E002238DF8173004
:10D5E4000C9B1B881A469DF816301A449DF8173078
:10D5F4001A44BDF834309A4201DD0C235BE09DF8F7
:10D60400233083F00103DBB2002B16D00C9B1B8864
:10D6140001339AB20C9B1A800C9B1B881A46019BFF
:10D6240013449DF80B201A700C9B1B8801339AB28B
:10D634000C9B1A8001238DF823300C9B1B881A46FF
:10D64400019B1A440DF1160104AB1846FFF7A6FD21
:10D654000690069B002B01D0069B2CE00C9B1B889C
:10D664009DF8162013449AB20C9B1A80099B01332F
:10D674000993039B1B881A46099B93428CDB9DF8F4
:10D684002330002B16D00C9B1A88BDF82030D31AF7
:10D694009BB2013BADF81E30BDF81E30FF2B01D903
:10D6A4000C2308E0BDF82030019A1344BDF81E2075
:10D6B400D2B21A70002318460BB05DF804FB00B513
:10D6C40089B0059003930B468DF8133013468DF8FB
:10D6D40012309DF81310BDF82C3001930A9B00936F
:10D6E400039B02220598FFF743FF0790079B002B3B
:10D6F40001D0079B12E09DF81210BDF82C30019365
:10D704000A9B0093039B10220598FFF731FF0790B3
:10D71400079B002B01D0079B00E00023184609B0AB
:10D724005DF804FB82B00190019B1B88052B0AD98C
:10D73400019B1B88B3F5486F07D9019B1B884FF6E3
:10D74400FF72934201D0072325E0019B5B88052BE0
:10D754000AD9019B5B88B3F5486F07D9019B5B88A5
:10D764004FF6FF72934201D0072314E0019B1B88FC
:10D774004FF6FF7293420DD0019B5B884FF6FF7208
:10D78400934207D0019B1A88019B5B889A4201D976
:10D79400072300E00023184602B0704700B587B0A5
:10D7A400039002910192ADF80230019B1B889A1DEF
:10D7B400BDF802309A4201D90C2349E00398FFF7DF
:10D7C400B1FF0590059B002B01D0059B40E0019B18
:10D7D4001B881A46029B134405221A70019B1B885E
:10D7E40001339AB2019B1A80019B1B881A46029B43
:10D7F400134412221A70019B1B8801339AB2019BB5
:10D804001A80039B1A88019B1B881946029B0B44B0
:10D8140019461046FFF7C6FC03461A46019B1B88AF
:10D8240013449AB2019B1A80039B5A88019B1B885C
:10D834001946029B0B4419461046FFF7B3FC0346F6
:10D844001A46019B1B8813449AB2019B1A80002339
:10D85400184607B05DF804FB00B587B00390029149
:10D864000192ADF80230039B9B8802330593019B20
:10D874001B881A46059B13449A1CBDF802309A4231
:10D8840001D90C2353E0059BFE2B01D90C234EE058
:10D89400059BDAB2019B1B881946029B0B4401329B
:10D8A400D2B21A70019B1B8801339AB2019B1A8071
:10D8B400019B1B881A46029B1344FF221A70019B8A
:10D8C4001B8801339AB2019B1A80039B1A88019B1F
:10D8D4001B881946029B0B4419461046FFF762FC4D
:10D8E40003461A46019B1B8813449AB2019B1A8073
:10D8F400039B9B88002B19D0039B9B68002B01D1B1
:10D90400072314E0019B1B881A46029B9818039B6B
:10D914009968039B9B881A4609F060FA019B1A8850
:10D92400039B9B8813449AB2019B1A8000231846D8
:10D9340007B05DF804FB00B589B003900291019231
:10D94400ADF80230039B9B6A002B01D1072371E0E1
:10D9540000238DF81F3065E0039B996A9DF81F2012
:10D9640013465B0013449B000B440693069B9B8861
:10D9740002330593059BFE2B01D90C235AE0059B2A
:10D98400DAB2019B1B881946029B0B440132D2B2C6
:10D994001A70019B1B8801339AB2019B1A80019B68
:10D9A4001B881A46029B134416221A70019B1B887B
:10D9B40001339AB2019B1A80069B1A88019B1B882B
:10D9C4001946029B0B4419461046FFF7EBFB03462E
:10D9D4001A46019B1B8813449AB2019B1A80069B2A
:10D9E4009B88002B19D0069B9B68002B01D1072331
:10D9F40020E0019B1B881A46029B9818069B996895
:10DA0400069B9B881A4609F0E9F9019B1A88069B34
:10DA14009B8813449AB2019B1A809DF81F300133EE
:10DA24008DF81F30039B93F82C309DF81F209A42E9
:10DA340092D30023184609B05DF804FB00B589B001
:10DA440005900491039200230793039B1B88ADF870
:10DA54001A30039B00221A80059B93F82D30002B6B
:10DA64000CD0BDF81A301A4603990498FFF7B0FB9E
:10DA74000790079B002B01D0079BC4E0059B9B7874
:10DA8400002B0CD0BDF81A301A4603990498FFF7FE
:10DA9400A4FC0790079B002B01D0079BB3E0059BD8
:10DAA400DB78002B0ED0059BDB7858B2BDF81A301A
:10DAB400039A0499FFF7DEFC0790079B002B01D023
:10DAC400079BA0E0059B5B68002B0FD0059B5B6860
:10DAD40093F90000BDF81A30039A0499FFF709FD81
:10DAE4000790079B002B01D0079B8CE0059B1B89AB
:10DAF400002B12D0059B03F10800BDF81A300193E6
:10DB0400039B0093049B06220221FFF7D8FD079094
:10DB1400079B002B01D0079B75E0059B1B8A002BFC
:10DB240012D0059B03F11000BDF81A300193039B3A
:10DB34000093049B07220321FFF7C1FD0790079B75
:10DB4400002B01D0079B5EE0059B1B8B002B12D0A2
:10DB5400059B03F11800BDF81A300193039B009351
:10DB6400049B15221421FFF7AAFD0790079B002BA5
:10DB740001D0079B47E0059B1B6A002B0DD0059B3A
:10DB8400186ABDF81A30039A0499FFF707FE079044
:10DB9400079B002B01D0079B35E0059B5B6A002B9C
:10DBA4000DD0059B586ABDF81A30039A0499FFF703
:10DBB40053FE0790079B002B01D0079B23E0059B96
:10DBC40093F82C30002B0CD0BDF81A30039A04992A
:10DBD4000598FFF7B0FE0790079B002B01D0079B29
:10DBE40011E0059B1B78002B0CD0BDF81A30039A6A
:10DBF40004990598FFF753FB0790079B002B01D06E
:10DC0400079B00E0079B184609B05DF804FB82B04F
:10DC14000190019BDB7803F00403002B01D107235F
:10DC240000E00023184602B0704782B00190019BC7
:10DC3400DB78002B01D0072300E00023184602B054
:10DC4400704700B597B0019000911F23ADF84A309A
:10DC54001F23ADF84830019B002B18D00198FFF723
:10DC6400D6FF1390139B002B01D0139B3FE00DF1C3
:10DC74004A020AAB19460198FFF7E0FE1390139B82
:10DC8400002B01D0139B32E00AAB159304E0002370
:10DC940015930023ADF84A30009B002B17D0009851
:10DCA400FFF7C3FF1390139B002B01D0139B1EE0BF
:10DCB40012AA02AB19460098FFF7C0FE1390139BFB
:10DCC400002B01D0139B12E002AB149304E0002359
:10DCD40014930023ADF84830BDF84A30D9B2BDF8EA
:10DCE4004830DBB2149A1598FFF74CFA03461846ED
:10DCF40017B05DF804FB73DF704700BF184682B0AD
:10DD04000190019B93F8D630184602B0704784B056
:10DD14000190002303930AE0019A039B13441B78A8
:10DD2400002B01D0012306E0039B01330393039BE3
:10DD3400052BF1D90023184604B0704782B003467E
:10DD44008DF807309DF807305A1C074B83FB0213EC
:10DD54005910D317C91A0B469B000B44D11ACBB2E6
:10DD6400184602B0704700BF6766666682B00190CD
:10DD74000091009BDB7B012B04D1009B9A88019BC3
:10DD8400A3F8C82000BF02B0704700B585B0019069
:10DD94000091019B002283F8D420009B9A88019B68
:10DDA400B3F8C8309A4218D1019B1B7983F0010360
:10DDB400DBB2002B11D00121019800F051FA03903D
:10DDC400039B002B09D0019BD3F8D030002B04D047
:10DDD400019BD3F8D0300398984700BF05B05DF895
:10DDE40004FB00B585B001900091009B1B7A002BC9
:10DDF40018D1019BDB781846FFF7A0FF03461946AC
:10DE0400019800F02DFA0390039B002B0BD0019B8B
:10DE1400D3F8D030002B06D0019BD3F8D030039830
:10DE2400984700E000BF05B05DF804FB08B500208A
:10DE3400FAF7F2F90346184608BD000000B585B0AC
:10DE440001900B468DF80330019B26331846FFF7EB
:10DE54005EFF03468DF80F309DF80330013B032B22
:10DE64002AD801A252F823F07DDE020091DE0200DE
:10DE7400A5DE0200B1DE0200019B9B79002B05D0D8
:10DE84009DF80F30002B01D0012316E0019BDB79B4
:10DE9400002B05D09DF80F30002B01D002230CE09D
:10DEA400019B1B7A002B01D0032306E0019B5B7AC4
:10DEB400002B01D0042300E00023184605B05DF8D0
:10DEC40004FB00BF82B001900091019B01229A7073
:10DED400019B03F12502009B5A60009B01221A70EA
:10DEE400009B00229A81009B00225A81002318463D
:10DEF40002B0704782B001900091019B02229A7097
:10DF0400019B03F12502009B5A60009B01221A70B9
:10DF1400019B1B699AB2009B9A81019BDB689AB2B0
:10DF2400009B5A810023184602B0704700B585B0A3
:10DF340001900091019B5B699AB2009B5A81019BFD
:10DF44009B699AB2009B9A81019B5B79002B24D038
:10DF5400019B93F8D43083F00103DBB2002B1CD077
:10DF64000198FFF7CCFE0346002B16D0009B02223B
:10DF74001A72019B042283F83320019B3033002161
:10DF84001846FFF75EFE0390039B002B01D0039B12
:10DF940007E0019B05229A7002E0019B03229A701C
:10DFA4000023184605B05DF804FB00B585B0019068
:10DFB4000091019BDB699AB2009B5A81019B1B6A09
:10DFC4009AB2009B9A81019B5B79002B24D0019B20
:10DFD40093F8D43083F00103DBB2002B1CD00198FA
:10DFE400FFF78DFE0346002B16D0009B02221A7207
:10DFF400019B042283F83320019B3033002118460F
:10E00400FFF71FFE0390039B002B01D0039B07E047
:10E01400019B06229A7002E0019B04229A7000235D
:10E02400184605B05DF804FB82B001900B468DF8EC
:10E034000330019B9DF8032083F8242000BF02B025
:10E04400704730B587B001900091009B002B02D03F
:10E05400019B002B01D10E23FFE0019B01221A70CA
:10E06400019B0022DA70019A009B141D03F17805CC
:10E074000FCD0FC495E80F0084E80F00019B002228
:10E0840083F82420009BD3F89820019BC3F8CC206C
:10E09400009BD3F89C20019BC3F8D020019B4FF632
:10E0A400FF72A3F8C820019B2533072200211846DC
:10E0B40008F0C6FE019B30333C220021184608F0CC
:10E0C400BFFE009B1A78019B83F83020009B9A784E
:10E0D400019B83F83220009BDA78019B83F833207C
:10E0E400009B5A78019B83F83120019B009A4033AE
:10E0F400103292E8030083E80300019B009A38334E
:10E10400083292E8030083E80300019B009A483335
:10E11400183292E8030083E80300009B93F82D2053
:10E12400019B83F85D20009B5B6A002B2ED0019B32
:10E1340003F16C02019B5A65019B03F17802019B78
:10E144005A67009B5A6A019B5B6D12881A80009B78
:10E154005A6A019B5B6D92889A80002305930EE0B6
:10E16400009B5B6A9A68059B13441978019A059B86
:10E17400134478330A461A70059B01330593019BB7
:10E184005B6D9B881A46059B9342E9D3009B9B6A6F
:10E19400002B3AD0019B03F1A402019BC3F8A020F9
:10E1A400019B03F19802019B9A65019B9B6D019A67
:10E1B400A4329A60009B9A6A019B9B6D92889A8014
:10E1C400009B9A6A019B9B6D12881A80002304931A
:10E1D4000EE0009B9B6A9A68049B13441978019A89
:10E1E400049B1344A4330A461A70049B013304931A
:10E1F400019B9B6D9B881A46049B9342E9D3009B29
:10E2040093F82C20019B83F85C20009B1B6A002B55
:10E2140010D0019B03F1C402019B1A65009B1A6A8A
:10E22400019B1B6D52885A80009B1A6A019B1B6DCF
:10E2340012881A80009B5B68002B03D0009B5A68ED
:10E24400019B5A63019B03F13002009B3C33194646
:10E254001046FFF7F6FC0390039B184607B030BD49
:10E2640000B589B001900B468DF80330019B1B78F3
:10E2740083F00103DBB2002B01D00823D2E0019B21
:10E284009DF80320DA70FFF7D1FD0346002B04D07C
:10E29400019B01225A700023C4E0019B253307220D
:10E2A4000021184608F0CCFD019B9B79002B03D07C
:10E2B400019BDB78012B0FD0019BDB79002B03D072
:10E2C400019BDB78012B07D0019BDB79002B16D057
:10E2D400019BDB78022B12D1019BD3F8CC30002BAD
:10E2E40009D0019B012283F82C20019BD3F8CC3068
:10E2F4000820984703E0019B002283F82C209DF816
:10E30400033019460198FFF799FD03461A46019B0D
:10E31400DA70019BD3F8CC30002B21D0019BDB7841
:10E32400032B03D0019BDB78042B19D1019B5B7970
:10E33400002B15D0019B93F8D43083F00103DBB29A
:10E34400002B0DD0019B002283F8D620019B0122D3
:10E3540083F8D520019BD3F8CC300720984703E0FD
:10E36400019B002283F8D52003AB1022002118461C
:10E3740008F066FD00238DF80C3000238DF814306E
:10E38400019BDB78042B2DD801A252F823F000BFA7
:10E39400E1E30200A9E30200B7E30200C5E30200DF
:10E3A400D3E3020003AB19460198FFF78BFD0790F6
:10E3B40019E003AB19460198FFF79CFD079012E0A2
:10E3C40003AB19460198FFF7B1FD07900BE003ABCF
:10E3D40019460198FFF7E9FD079004E0019B00222C
:10E3E4009A7000E000BF019BDB78002B0DD0019BED
:10E3F40093F8242003AB11461846FFF77CFC0790E2
:10E40400079B002B01D0079B0CE0019BD3F8CC3079
:10E41400002B06D0019BD3F8CC30019A9278104699
:10E4240098470023184609B05DF804FB00B585B091
:10E4340001900091009B0393019B1B881B2B10D020
:10E444001B2B13DC102B02D0112B05D00EE00199ED
:10E454000398FFF78BFC0AE001990398FFF795FCFA
:10E4640005E001990398FFF7BCFC00E000BF00BF82
:10E4740005B05DF804FB00B585B001900091009BE8
:10E484000393019B023B012B1BD8039B5B78002B5E
:10E4940019D0039B00225A70039BDB78194603981A
:10E4A400FFF7DEFE0290029B002B0CD0039BD3F8F7
:10E4B400D030002B07D0039BD3F8D0300298984774
:10E4C40001E000BF00E000BF00BF05B05DF804FB41
:10E4D40075DF704700BF184676DF704700BF1846E7
:10E4E4007ADF704700BF18467BDF704700BF1846CD
:10E4F40084B00346ADF806300023039316E00F49B9
:10E50400039A13469B0013449B000B441B88BDF8DD
:10E5140006209A4207D1039A13469B0013449B009A
:10E52400064A134406E0039B01330393039B002B29
:10E53400E5D00023184604B0704700BF442F0020E4
:10E5440082B001900B46ADF80230019BBDF8022069
:10E554001A80019B00221A72019B054903F10A02E9
:10E564000B4603CB1060516000BF02B0704700BF80
:10E57400742F002082B00190019B4FF6FF721A8025
:10E5840000BF02B0704788B00390029111461A464A
:10E594000B46ADF806301346ADF80430039B9B8858
:10E5A4001A46BDF8063013440793039B9B8819460B
:10E5B400039B9B88BDF80620934228BF13469BB259
:10E5C400CB1A0693039BDB881A46BDF80430134428
:10E5D4000593039BDB881946039BDB88BDF8042065
:10E5E400934228BF13469BB2CB1A0493029B5A88CA
:10E5F400039B1B889A4205D3029B5A88039B5B8822
:10E604009A4201D900231CE0029B9B881A46069B70
:10E61400934205D8029B9B881A46079B934201D2DA
:10E6240000230EE0029BDB881A46049B934205D824
:10E63400029BDB881A46059B934201D2002300E02B
:10E644000123184608B0704700B583B00190064B0B
:10E654009B69002B03D0044B9B690198984700BF2A
:10E6640003B05DF804FB00BF582F002000B585B04F
:10E6740003460091ADF80630BDF8063000991846FF
:10E68400FFF726FF0390039B002B05D0039B112B60
:10E6940002D00398FFF7D8FF039B002B0CBF012384
:10E6A4000023DBB2184605B05DF804FB00B589B061
:10E6B4000190019B0793079B9BB21846FFF718FF35
:10E6C4000690069B002B42D0069B1A7A224B1B7B9A
:10E6D4009A4215D2079B9AB2069B0A3319461046F2
:10E6E400FFF7C4FF03468DF813309DF81330002B59
:10E6F4002DD0069B1B7A0133DAB2069B1A7226E0F0
:10E70400069B00221A72144B1B7C002B0FD0079B14
:10E714009BB23B211846FFF7DFFE0590059B002BBB
:10E7240005D0059B082B02D00598FFF78DFF0A4BF7
:10E734005B69002B0BD000238DF80C30079B9BB238
:10E74400ADF80E30044B5B6903AA1046984700BF2E
:10E7540009B05DF804FB00BF582F002030B587B026
:10E764000190019B002B01D10E2353E02B4A019B06
:10E7740014461D460FCD0FC495E8070084E8070032
:10E78400264B274A1A60019B1B68002B11D0019B62
:10E794001B681846FFF7A4FE0490049B002B01D0CD
:10E7A400049B37E0019B1A681D4B1068516803C332
:10E7B40008E01B48FFF798FE0490049B002B01D04F
:10E7C400049B27E00023059320E0059A13469B0051
:10E7D40013449B00134A134403930398FFF7CAFEA0
:10E7E400059B5B01104A1A44039B5A60039B043344
:10E7F4000E4A00211846F6F729FE0490049B002BCC
:10E8040001D0032306E0059B01330593059B002BF0
:10E81400DBD00023184607B030BD00BF582F0020BE
:10E82400742F0020442F0020242F0020B1E6020082
:10E8340000B587B003460091ADF80630009B5B7AC3
:10E84400002B1AD1009B1B7A002B03D1164B5B685B
:10E85400059302E0144B9B680593009B5B68BDF82D
:10E86400062005991846F6F721FE0490049B002B18
:10E8740016D00498FFF7E8FE12E0009B00221A72FB
:10E88400094B5B69002B0BD001238DF80C30BDF8CC
:10E894000630ADF80E30044B5B6903AA1046984766
:10E8A40000BF07B05DF804FB582F002000B585B009
:10E8B4000190019BDB7B8DF80F30019B9B88ADF8A9
:10E8C4000C309DF80F30012B2CD14FF6FF70FFF761
:10E8D4000FFE0290029B002B03D10420FFF7B4FE2D
:10E8E40021E0BDF80C3019460298FFF729FE029B7F
:10E8F40003F10A00019B03F110014FF6FF7340F28C
:10E90400F312FFF740FE03461A46029B5A72074B66
:10E91400DB89002B07D1BDF80C3002991846FFF7AC
:10E9240087FF00E000BF05B05DF804FB582F00200E
:10E9340000B587B00190019B9B88ADF81630BDF8F7
:10E9440016301846FFF7D4FD0490049B002B0ED01C
:10E95400049B5B681846F6F7DBFD0390039B002BD2
:10E9640002D00398FFF770FE0498FFF703FE00BF80
:10E9740007B05DF804FB000000B587B00190019B6F
:10E9840006330593059B1A88194BDB899A422BD1D0
:10E99400059B5B89022B27D1019B9B88ADF8123024
:10E9A400BDF812301846FFF7A3FD0390039B002B1C
:10E9B4001AD0059B0C33184600F0E7FA0346002BE7
:10E9C40006D0BDF8123003991846FFF731FF0BE06B
:10E9D400039B5B681846F6F79BFD0290029B002B95
:10E9E40002D00298FFF730FE00BF07B05DF804FBC9
:10E9F400582F002000B585B00190019B9B88ADF88D
:10EA04000E30BDF80E301846FFF772FD0290029BDF
:10EA1400002B15D0029B03F10A00019B03F10801AE
:10EA24004FF6FF7340F2F312FFF7ADFD03461A46AB
:10EA3400029B5A72BDF80E3002991846FFF7F8FE91
:10EA440000BF05B05DF804FB00B583B001900091F0
:10EA5400019B1B88502B12D0502B18DC122B12D088
:10EA6400122B14DC102B02D0112B04D00FE00198D0
:10EA7400FFF71CFF0CE00198FFF75AFF08E001982C
:10EA8400FFF77AFF04E00198FFF7B4FF00E000BF4E
:10EA940000BF03B05DF804FB00B585B00346ADF8D4
:10EAA4000630164B5B6CDB431846FAF7ABF90346AA
:10EAB400ADF80E30BDF80E304FF6FF72934217D00A
:10EAC400BDF80E300D4A5B001344BDF806209A8051
:10EAD400BDF8062001230A490A48FAF7B5F9BDF83A
:10EAE4000620012308490748FAF7AEF9012300E09C
:10EAF4000023184605B05DF804FB00BF7C2F0020FE
:10EB0400C42F0020802F0020C02F002000B585B026
:10EB14000346ADF80E30BDF80E30002200921D22DF
:10EB240003490448FAF7ABF900BF05B05DF804FBEC
:10EB3400C02F0020802F002000B583B00346ADF81D
:10EB44000630BDF80620002303490448FAF77CF98F
:10EB540000BF03B05DF804FBC42F0020802F002009
:10EB640000B5A5B0144B9B6CDA43134B5B6C1A4095
:10EB74006B4612491846FAF7F4F912AB6946442277
:10EB8400184608F02BF9002323930BE0239B5B002A
:10EB940090336B4433F8443C1846FFF7B7FF239B8C
:10EBA40001332393129B239A9A42EFD300BF00BFF1
:10EBB40025B05DF804FB00BF7C2F0020802F0020CF
:10EBC40082B003468DF80730074B1B689DF8072079
:10EBD400012101FA02F21340002B14BF0123002388
:10EBE400DBB2184602B070477C2F002082B0034687
:10EBF4008DF80730064B1B689DF80720012101FAA8
:10EC040002F21343024A136000BF02B0704700BF10
:10EC14007C2F002000B585B001900091019B1B88DA
:10EC24001A2B30D01A2B4FDC102B02D0112B24D0EE
:10EC34004AE0FFF795FF019B9B881846FFF72CFFDE
:10EC4400034683F00103DBB2002B05D0204AE52103
:10EC54000420F5F76FFD37E0019BDB7B022B0CBF33
:10EC6400012300238DF80F30019B9A889DF80F3003
:10EC740018491948FAF7E8F826E0019B9B881846DA
:10EC8400FFF75AFF20E0019B9A88019B1B7AC3F38C
:10EC94000313DBB2012B8CBF01230023DBB20F492A
:10ECA4000D48FAF7D1F8019B9A88019B1B7AC3F3AC
:10ECB4000313DBB2022B8CBF01230023DBB2084910
:10ECC4000548FAF7C1F800BF00BF05B05DF804FBC2
:10ECD400F4800300C82F0020802F0020CC2F0020B8
:10ECE400D02F002000B585B00346ADF806300023D0
:10ECF4008DF80F30124B5B6CBDF806201946114895
:10ED0400FAF706F90346002B13D00D4BDB6CBDF864
:10ED1400062019460B48FAF7FBF803468DF80E3027
:10ED24009DF80E30002B01D0022300E001238DF862
:10ED34000F309DF80F30184605B05DF804FB00BF96
:10ED44007C2F0020802F002000B585B00346ADF84D
:10ED5400063000238DF80F30144B5B6CBDF8062091
:10ED640019461348FAF7D4F803468DF80E309DF887
:10ED74000E30002B13D00D4B9B6CBDF806201946AA
:10ED84000B48FAF7C5F803468DF80D309DF80D30A1
:10ED9400002B01D0022300E001238DF80F309DF8F1
:10EDA4000F30184605B05DF804FB00BF7C2F00202F
:10EDB400802F002000B583B00346ADF80630064B23
:10EDC4001B6DBDF8062019460448FAF7A1F803465E
:10EDD400184603B05DF804FB7C2F0020802F002030
:10EDE40000B583B00346ADF80630064B5B6DBDF845
:10EDF400062019460448FAF78BF80346184603B070
:10EE04005DF804FB7C2F0020802F002000B583B028
:10EE14000190054B5A6C019B04491846FAF7A1F876
:10EE2400019803B05DF804FB7C2F0020802F0020A4
:10EE340000B583B000238DF8073017E09DF8073044
:10EE44001846FFF7BDFE034683F00103DBB2002B37
:10EE540007D09DF807301846FFF7C8FE9DF8073025
:10EE640009E09DF8073001338DF807309DF807302D
:10EE7400172BE3D91823184603B05DF804FB0000F0
:10EE840000B583B003460A46ADF8063013468DF844
:10EE940005309DF805301846FFF792FE0346002B17
:10EEA4000ED09DF80530094A14339B0013449B6827
:10EEB400BDF8062019460648FAF72AF8034600E08A
:10EEC4000023184603B05DF804FB00BF7C2F00202C
:10EED400802F002000B583B00346ADF806300B4602
:10EEE4008DF8053013468DF804309DF8053018462A
:10EEF400FFF766FE0346002B0ED09DF80530143351
:10EF04009B00074A134403F108019DF80430BDF83F
:10EF140006200448F9F798FF00BF03B05DF804FB2E
:10EF24007C2F0020802F002000B583B003468DF88D
:10EF340007309DF807301846FFF742FE0346002BC2
:10EF440007D09DF80730054A14339B0013449B688F
:10EF540000E00023184603B05DF804FB7C2F00207A
:10EF640082B00190019B1B781AB2019B01331B787C
:10EF74001BB21B021BB213431BB29BB2184602B056
:10EF84007047A2DF704700BF184600B585B00190F6
:10EF94000198FFF7E5FF0346ADF80E30BDF80E30DB
:10EFA40003F00103002B14BF01230023DBB2184636
:10EFB40005B05DF804FB00B583B0019000910098A2
:10EFC40007F0F5FE03469AB2019B1A80019B009A52
:10EFD4005A6000BF03B05DF804FB000082B0034632
:10EFE40000918DF80730009A137823F00F03137003
:10EFF400009A137823F0F00313709DF80730052B63
:10F004005BD801A252F823F025F002003BF0020085
:10F0140055F002006FF0020089F00200A3F0020034
:10F02400009A137823F00F031370009A137823F0D7
:10F03400F003137040E0009A1378012161F3030395
:10F044001370009A1378012161F30713137033E0EE
:10F05400009A1378012161F303031370009A137863
:10F06400022161F30713137026E0009A137801213B
:10F0740061F303031370009A1378032161F30713F8
:10F08400137019E0009A1378022161F303031370DB
:10F09400009A1378012161F3071313700CE0009AAE
:10F0A4001378022161F303031370009A1378022189
:10F0B40061F30713137000BF00BF00BF02B07047B5
:10F0C40000B595B0034602910192ADF80E30029B53
:10F0D4009B78002B03D101238DF81E3003E0029BA3
:10F0E4009B788DF81E30029B1B88ADF81C3006AB54
:10F0F40003220021184607F0A3FE029B5B7C06AAAC
:10F1040011461846FFF76AFF029B9A7C06AB01334F
:10F1140019461046FFF762FF029BDA7B9DF81A300E
:10F1240062F3C3038DF81A30029B1A7C9DF81A30DF
:10F1340062F304138DF81A30029B1A7B9DF81A307F
:10F1440062F300038DF81A30029B1B7D002B01D063
:10F15400022200E001229DF81A3062F342038DF886
:10F164001A300DAB1C220021184607F069FE029BE1
:10F174005B7B03F01003DBB2002B06D1029B5B7BAD
:10F1840003F02003DBB2002B24D004AB03220021C4
:10F19400184607F055FE029BDA7C04AB013319468E
:10F1A4001046FFF71BFF9DF81030012262F30303A2
:10F1B4008DF810309DF81030012262F307138DF89A
:10F1C40010309DF81230012262F342038DF81230A0
:10F1D40004AB1293029B5B7B8DF83430029B9B7BC8
:10F1E4008DF8353008AB14220021184607F028FEAC
:10F1F40007AB089306AB0993029B9B88ADF82C30B0
:10F20400029B9B68002B06D0029BDB88ADF828305C
:10F21400029B9B680C93029B9B69002B4FD005AB10
:10F2240003220021184607F00BFE029B9B691B88F2
:10F23400ADF83C30029B9B695B88ADF83E30029B85
:10F244009B695B680E9305AB1193029B9B691B7BC7
:10F2540005AA11461846FFF7C1FE029B9B695A7B1B
:10F2640005AB013319461046FFF7B8FE029B9B69B4
:10F274009A7A9DF8163062F3C3038DF81630029B18
:10F284009B69DA7A9DF8163062F304138DF8163010
:10F29400029B9B691A7A9DF8163062F300038DF87D
:10F2A4001630029B9B699B7B002B01D0022200E05D
:10F2B40001229DF8163062F342038DF81630029B4A
:10F2C400DB69002B02D0029BDB69109308AA0DA90D
:10F2D400BDF80E00019BFFF754FE0346184615B017
:10F2E4005DF804FB82B00190019B002B14BF012345
:10F2F4000023DBB2184602B070470000024B002224
:10F304001A7000BF704700BF3430002000B585B0CC
:10F314000190019B5B88184601F03CF803461A46AD
:10F32400019B9A800023039308E0084A039B52F848
:10F33400233001989847039B01330393039B002BCD
:10F34400F3D000BF00BF05B05DF804FBD42100205A
:10F3540082B00190019B9B79012B0BD1019B1B79FE
:10F36400012B07D1019B5B8842F60212934201D123
:10F37400012300E0002303F00103DBB2184602B0CE
:10F38400704700B589B003460091ADF8063003AB71
:10F3940000221A605A609A60DA601A6107238DF8B5
:10F3A4000C30BDF80630ADF80E30009B059303AB6E
:10F3B4001846FFF7ABFF00BF09B05DF804FB00007F
:10F3C40000B58BB00346ADF8063000238DF8273026
:10F3D40003AB00221A605A609A60DA601A61BDF8C1
:10F3E4000630ADF80E30BDF806304FF6FF7293428A
:10F3F40042D0BDF80630184600F043FC0890089B44
:10F4040043F2020293422CD0089B43F2020293423D
:10F4140020D8089B112B11D0089B112B1AD8089BBC
:10F42400002B03D0089B0B2B0CD013E00E238DF87C
:10F434000C3003AB1846FFF769FF13E001238DF886
:10F4440027300FE00F238DF80C3003AB1846FFF77D
:10F454005DFF07E0BDF8063008991846FFF791FFF5
:10F4640000E000BF064B19789DF82720BDF8063050
:10F474001846FFF72FFD00E000BF0BB05DF804FB5A
:10F484003730002000B583B003460A46ADF8063095
:10F4940013468DF80530064B19789DF80520BDF804
:10F4A40006301846FFF716FD00BF03B05DF804FBF5
:10F4B4003630002000B58BB00346ADF8063000238B
:10F4C4008DF8273000238DF82630BDF80630184615
:10F4D40000F064FB0890089B43F20202934233D08D
:10F4E400089B43F20202934227D8089B862B11D033
:10F4F400089B862B21D8089B002B03D0089B112B3B
:10F5040004D01AE001238DF826301EE001238DF883
:10F5140027301AE003AB00221A605A609A60DA605E
:10F524001A6106238DF80C30BDF80630ADF80E30A4
:10F5340003AB1846FFF7EAFE07E0BDF8063008996A
:10F544001846FFF71EFF00E000BF9DF82720BDF816
:10F55400063011461846FFF795FF9DF826301846E9
:10F564000BB05DF804FB000000B58BB00346ADF8AA
:10F57400063001238DF8273000238DF82630BDF89E
:10F584000630184600F02AFC0890089B43F201421A
:10F5940093425AD0089B43F2014293425BD8089BA2
:10F5A400112B29D8089B112B55D801A252F823F00E
:10F5B40009F602005BF602005BF602005BF602004D
:10F5C4005BF602005BF6020035F602005BF6020011
:10F5D40035F602005BF602005BF602005BF6020001
:10F5E4005BF602005BF602005BF602005BF60200CB
:10F5F4005BF6020069F60200089B43F202029342A2
:10F6040032D028E003AB00221A605A609A60DA60B4
:10F614001A6110238DF80C30BDF80630ADF80E30A9
:10F6240001238DF8263003AB1846FFF76FFE1CE06C
:10F6340000238DF82730BDF80630184600F0AAFEE6
:10F644000346184600F0FEFB0FE0BDF806301846EE
:10F65400FFF7B6FE09E0BDF8063008991846FFF733
:10F6640090FE02E000BF00E000BF0B4B19789DF84C
:10F674002720BDF806301846FFF72CFC074B1978F5
:10F684009DF82620BDF806301846FFF723FC00BF7E
:10F694000BB05DF804FB00BF383000203930002087
:10F6A40000B597B003468DF807309DF8073018462B
:10F6B400FFF73AFC03461846FFF714FE0346002BF7
:10F6C40061D003AB1846FFF7A1FB0023159354E068
:10F6D400159B5B0058336B4433F8483CADF852300B
:10F6E4009DF80720BDF8523011461846FFF7C8FBB5
:10F6F4000346002B3ED0254B1B789DF807209A42E9
:10F7040005D1BDF852301846FFF75AFE32E0204BBF
:10F714001B789DF807209A4213D100211D4804F05C
:10F72400DAFB0346002B25D0BDF852301846FFF70C
:10F73400C1FE0346002B25D10021164804F0EEFB40
:10F7440018E0154B1B789DF807209A4212D1134BF1
:10F754001A78BDF8523011461846FFF791FB03465C
:10F7640083F00103DBB2002B04D0BDF852301846FD
:10F77400FFF7FAFE159B01331593039B159A9A42E2
:10F78400A6D300E000BF17B05DF804FB37300020BB
:10F794003630002035300020383000203930002049
:10F7A40008B5034B1B781846FFF77AFF00BF08BD66
:10F7B4003730002008B5034B1B781846FFF770FF5D
:10F7C40000BF08BD3630002008B5034B1B7818462F
:10F7D400FFF766FF00BF08BD3830002000B583B0D6
:10F7E4000190019B1B78002B15D1019B5B88184667
:10F7F400FFF7E6FD019B5B88184600F0CBFA034651
:10F80400002B0AD0019B5B88064A11780122184616
:10F81400FFF760FB01E000BF00E000BF00BF03B0E2
:10F824005DF804FB3830002000B589B00190019BDD
:10F834001B78082B54D1019B5B7A002B50D1019B80
:10F844001B7A082B42D0082B45DC012B16D0072B42
:10F8540041D1019B9B88184600F040FE0346ADF859
:10F864001E30BDF81E304FF6FF72934235D0BDF8FE
:10F874001E3001211846FFF705FE2EE0019B9B88F0
:10F8840003AA0121184603F003FA0690069B002BF5
:10F8940025D1049B1B78002B21D0019B9B88184603
:10F8A40000F01CFE0346ADF81630BDF816304FF6D6
:10F8B400FF72934213D00D4B1978BDF81630012214
:10F8C4001846FFF707FBFFF77FFF08E00021084811
:10F8D40004F024FB04E000BF02E000BF00E000BF2E
:10F8E400FFF768FF00BF09B05DF804FB3830002063
:10F8F4003530002008B5FFF701FDFFF799FA0346FC
:10F904001A46184B1A70FFF793FA03461A46164B19
:10F914001A70FFF78DFA03461A46144B1A70FFF754
:10F9240087FA03461A46124B1A700E4B1B78182B93
:10F934000BD00D4B1B78182B07D00C4B1B78182BB6
:10F9440003D00B4B1B78182B01D1032307E00121B3
:10F95400084804F0AAFA084B01221A70002318463A
:10F9640008BD00BF3630002037300020383000207A
:10F9740039300020353000203430002000B589B003
:10F984000190019B9B88ADF81E30019B1B88542B72
:10F994000BD0542B4ADC502B37D0522B46D1BDF818
:10F9A4001E301846FFF70CFD40E002AB00221A603F
:10F9B4005A609A60DA601A6111238DF80830BDF834
:10F9C4001E30ADF80A30BDF81E30184600F0E2FCD7
:10F9D4000346ADF80C30BDF80C30184600F032FA8E
:10F9E400164B1978BDF81E3000221846FFF772FA3C
:10F9F400134B1978BDF81E3000221846FFF76AFA37
:10FA040002AB1846FFF782FC10E0019B0633184650
:10FA1400FFF79EFC0346002B07D0BDF81E300121E2
:10FA24001846FFF72FFDFFF7C5FE00BFFFF7B8FE2E
:10FA3400FFF7CAFE00BF09B05DF804FB39300020AF
:10FA44003830002000B593B000F094F96B461846A6
:10FA5400FFF7DCF90023ADF8463021E0BDF846306D
:10FA64005B0048336B4433F8443C184600F092FC86
:10FA740003461A464FF6FF739A420CD1BDF846303E
:10FA84005B0048336B4433F8443C0B4A1178012241
:10FA94001846FFF71FFABDF846300133ADF846307B
:10FAA400BDF84620009B9A42D8D3FFF78DFE00BFD5
:10FAB40013B05DF804FB00BF38300020A7DF7047A7
:10FAC40000BF1846A9DF704700BF1846AADF704779
:10FAD40000BF1846ABDF704700BF1846044B002236
:10FAE4001A70044B4FF6FF721A8000BF704700BFB4
:10FAF4003A3000203C30002000B585B0164A01ABF6
:10FB040092E8030083E80300144B1B8801A9002238
:10FB1400184603F0ACFA039010E0104B1B8818460B
:10FB240003F06DFA03461A460C4B1A800B4B1B88E4
:10FB340001A90022184603F09AFA0390074B1B8888
:10FB44004FF6FF72934202D0039B112BE5D100BF05
:10FB540005B05DF804FB00BF488103003C30002081
:10FB640000B583B00190064B1B884FF6FF72934299
:10FB740001D0FFF7C1FF00BF03B05DF804FB00BF75
:10FB84003C30002008B5FFF7A9FF034B01221A708F
:10FB94000023184608BD00BF3A30002000B58BB0E2
:10FBA4000346ADF80630BDF80630184600F0F2FB07
:10FBB4000346ADF81E30BDF81E304FF6FF72934277
:10FBC40002D143F2020358E00123ADF822300023AE
:10FBD4008DF8213000238DF82130BDF822305A1CD5
:10FBE400ADF822201A4603ABBDF81E00082103F02D
:10FBF40065F80990099B002B35D1049B0693069B5D
:10FC040003221A60069B991D069B1A1D069B1B68FE
:10FC1400BDF80600FFF75AFF0990099B002B09D194
:10FC2400BDF81E20BDF81E300821184603F0B4F9B3
:10FC340009901DE0099B0C2B03D101238DF8213081
:10FC440004E0099B052B01D100230993BDF81E3064
:10FC54000821184603F014F90590059B002B07D0E2
:10FC64000323099304E0099B072B01D10C23099377
:10FC74009DF82130002BADD1099B18460BB05DF8DF
:10FC840004FB00B58BB00346ADF80630BDF8063072
:10FC9400184600F07FFB0346ADF8143000230893A8
:10FCA4000023ADF81E300323069301238DF817308B
:10FCB400BDF814304FF6FF72934216D002AABDF875
:10FCC40014300821184602F0E3FF0990099B002B29
:10FCD4000BD1039B0493049B06330893049B9B88DA
:10FCE400ADF81E30049B1B680693BDF81E20BDF8BA
:10FCF4000600069B0899FFF7E5FE0990099B042B73
:10FD040002D11123099324E0099B082B02D100237B
:10FD140009931EE0099B0B2B1BD100238DF8173090
:10FD2400069B03F00203002B02D00123069310E08C
:10FD3400089B002B03D1BDF81E30002B07D00023F5
:10FD440008930023ADF81E300323069301E0032338
:10FD54000993099B0B2BC8D09DF8173083F001033E
:10FD6400DBB2002B01D00B230993099B18460BB07F
:10FD74005DF804FB08B54FF6FF7003F040F9034645
:10FD84001A46034B1A80FFF7B7FE00BF08BD00BF39
:10FD94003C30002000B589B00346ADF806300DF1C3
:10FDA40017030493BDF80630184600F0F3FA03462F
:10FDB400ADF81E3003AABDF81E300121184602F02A
:10FDC40067FF0690069B002B01D0002301E0049BF3
:10FDD4001B78184609B05DF804FB000000B585B037
:10FDE4000346ADF806304FF6FF73ADF80E301448F5
:10FDF400FFF770FE0290029B002B01D003231AE050
:10FE04000F4B1988BDF80E20BDF806301846FFF7D1
:10FE140055FE0290029B43F20302934205D1084B24
:10FE24001B8801339AB2064B1A80029B43F20302E9
:10FE34009342E5D0029B184605B05DF804FB00BF71
:10FE44003E30002000B585B00346ADF80630084AC0
:10FE540002AB92E8030083E8030002A9BDF8063070
:10FE64000022184603F003F900BF05B05DF804FB57
:10FE74005081030043DF704700BF184682B00D4B2A
:10FE840018221A70002301930DE00B49019A1346BE
:10FE94005B0013449B000B4402334FF6FF721A803D
:10FEA400019B01330193019B132BEED900BF00BFCB
:10FEB40002B07047343100204430002000B585B0D2
:10FEC40001900023039308E0084A039B52F823306F
:10FED40001989847039B01330393039B012BF3D9A8
:10FEE40000BF00BF05B05DF804FB00BF60810300E4
:10FEF40000B583B0002301931AE01149019A134617
:10FF04005B0013449B000B4402331B880D4A127898
:10FF140011461846FEF7B4FF034683F00103DBB233
:10FF2400002B02D0019BDBB206E0019B013301935D
:10FF3400019B132BE1D9FF23184603B05DF804FBA2
:10FF4400443000203431002000B585B00346ADF8BC
:10FF54000630144B1A78BDF8063011461846FEF7E1
:10FF64008FFF0346002B18D00023039312E00E49A1
:10FF7400039A13465B0013449B000B4402331B8813
:10FF8400BDF806209A4202D1039BDBB206E0039B34
:10FF940001330393039B132BE9D9FF23184605B0C0
:10FFA4005DF804FB343100204430002000B585B0F6
:10FFB40003460091ADF80630FF238DF80F30009B07
:10FFC400002B49D0BDF806304FF6FF72934243D060
:10FFD400244B1978BDF8063001221846FEF77AFF43
:10FFE400BDF806301846FFF7AFFF03468DF80F3013
:0CFFF4009DF80F30FF2B04D1FFF77AFFBF
:020000023000CC
:1000000003468DF80F309DF80F30FF2B26D09DF85A
:100010000F20164913465B0013449B000B44023328
:10002000BDF806201A809DF80F20104913465B008A
:1000300013449B000B444FF6FF721A809DF80F206B
:100040000A4913465B0013449B000B44009A043397
:10005000106818609188927999809A719DF80F3094
:10006000184605B05DF804FB343100204430002010
:1000700084B00190002303930AE0019A039B134488
:100080001B78002B01D0012306E0039B013303936F
:10009000039B0F2BF1D90023184604B0704700B51D
:1000A00083B001900091019B002B02D0009B002B9C
:1000B00001D100231BE0019B1B78C3F34603DAB296
:1000C000009B1B78C3F34603DBB29A4201D00023A6
:1000D0000DE0019B581C009B01330622194606F0D7
:1000E00043FE0346002B0CBF01230023DBB218465E
:1000F00003B05DF804FB30B599B00190019B1B88FB
:10010000102B40F08780019B0AAC1D1D0FCD0FC442
:100110000FCD0FC40FCD0FC42B6823604FF6FF73B4
:10012000ADF85E309DF82C3023F00103DBB2062BD6
:1001300047D002F0C1F89DF82C30C3F34603DBB280
:10014000012B02DC002B15DA3BE0022B2ED038E02D
:10015000089B03F111020AAB043311461846FFF75E
:100160009EFF0346002B05D0BDF82630ADF85E306B
:1001700000BF26E007AA0DF126031946072002F06A
:10018000A5F80346002BE3D11BE0089B5A1C0AABE1
:1001900004331146184600F09FFA0346002B05D0A1
:1001A000BDF82630ADF85E3000BF09E007AA0DF1BA
:1001B00026031946072002F089F80346002BE4D1F4
:1001C00000BFBDF828200AAB043319461046FFF7DC
:1001D000EFFE03468DF85D30BDF85E304FF6FF72DE
:1001E000934218D0BDF82830BDF85E20114618465D
:1001F00000F0E4F9BDF82830ADF80A30BDF85E3003
:10020000ADF80C3000238DF8083002AB1846FFF72C
:1002100057FE00E000BF19B030BD00B587B00190B7
:100220000091019B11330593009B11330493019BB3
:10023000581C009B01331022194606F095FD034619
:10024000002B11D1019B01331846FFF711FF034624
:10025000002B09D0009B01331846FFF709FF034626
:10026000002B01D0012300E000238DF80F309DF812
:100270000F3003F001038DF80F3004990598FFF754
:100280000EFF03468DF80E30059B1B7823F001030B
:10029000DBB2042B16D0059B1B7823F00103DBB2E5
:1002A000062B0FD0049B1B7823F00103DBB2042B39
:1002B00008D0049B1B7823F00103DBB2062B01D08E
:1002C000012300E000238DF80D309DF80D3003F080
:1002D00001038DF80D309DF80E30002B03D09DF8F2
:1002E0000D30002B0AD19DF80F30002B08D09DF85F
:1002F0000D3083F00103DBB2002B01D0012300E0BD
:10030000002303F00103DBB2184607B05DF804FBDD
:1003100000B587B001900B46ADF8023001F0CCFF7C
:1003200010E0BDF81630BDF802209A420AD0049BB6
:1003300019460198FFF771FF0346002B02D0BDF864
:1003400016300BE003AA0DF116031946072001F041
:10035000BDFF0346002BE4D14FF6FF73184607B0EC
:100360005DF804FB08B5FFF78BFDFEF763FD034660
:100370001A46074B1A70064B1B78182B01D1032322
:1003800003E0044B01221A700023184608BD00BF89
:10039000343100204030002000B585B00346ADF870
:1003A0000630BDF806301846FFF7D0FD03468DF83D
:1003B0000F309DF80F30FF2B09D09DF80F20074913
:1003C00013465B0013449B000B441B8801E04FF66F
:1003D000FF73184605B05DF804FB00BF44300020F1
:1003E00000B585B003460091ADF80630BDF8063083
:1003F0001846FFF7ABFD03468DF80F309DF80F3020
:10040000FF2B12D09DF80F2000980A4913465B007D
:1004100013449B000B44024604331868106099880B
:100420009B7991809371002300E00523184605B065
:100430005DF804FB4430002000B583B001900091CA
:10044000019800F077F8034683F00103DBB2002B3C
:1004500001D0002315E0019B1A88009B1B889A425B
:1004600001D000230DE0019B981C009B0233082261
:10047000194606F079FC0346002B0CBF012300232C
:10048000DBB2184603B05DF804FB00B587B00190FD
:1004900001F012FF14E0049B463319460198FFF760
:1004A000CBFF0346002B08D1049B2A331946019841
:1004B000FFF7C2FF0346002B02D0BDF816300BE059
:1004C00003AA0DF116031946072001F0FFFE0346AB
:1004D000002BE0D14FF6FF73184607B05DF804FB20
:1004E00084B00346ADF806300023039318E01049AA
:1004F000039A13465B0013449B000B441B88BDF812
:1005000006209A4209D10A49039A13465B00134414
:100510009B000B4402331B8807E0039B01330393CA
:10052000039B132BE3D94FF6FF73184604B07047B3
:100530004430002084B00190019B1B88002B01D027
:10054000012312E0002303930BE0019A039B134461
:1005500002331B78002B01D0012306E0039B0133FB
:100560000393039B072BF0D90023184604B0704770
:1005700000B585B003460A46ADF806301346ADF81F
:100580000430BDF806301846FFF7E0FC03468DF84E
:100590000F309DF80F30FF2B0AD09DF80F20064931
:1005A00013465B0013449B000B44BDF804201A80E3
:1005B00000BF05B05DF804FB4430002000B583B0F7
:1005C00003460A46ADF806301346ADF80430BDF8D0
:1005D0000420BDF8063011461846FFF7C9FF00BFDA
:1005E00003B05DF804FB00B585B00346ADF80630F6
:1005F000BDF806301846FFF773FF0346ADF80E301E
:10060000BDF80630184602F0F9FA0290BDF80E3037
:100610004FF6FF72934209D0029B002B06D1BDF822
:100620000E304FF6FF711846FFF7A2FF029B1846E7
:1006300005B05DF804FB00B595B0039002910192FE
:10064000002313930DE0139BC3F10F03039A13448C
:10065000197805AA139B13440A461A70139B013399
:100660001393139B0F2BEED905AB10330D220021F2
:10067000184606F0E7FB002312930DE0029A129B46
:100680001A44129BC3F10F03127850336B4403F8E2
:100690002C2C129B01331293129B022BEED905AB2B
:1006A0001846FFF7E9FB002311930DE0119BC3F1FE
:1006B0000F020199119B0B4450326A4412F81C2C12
:1006C0001A70119B01331193119B022BEED900BFBD
:1006D00000BF15B05DF804FB00B587B00190009134
:1006E000019B1B7823F00103DBB2042B01D0002314
:1006F0001FE0019B5A1C05AB1188927819809A70F3
:10070000019B1A1D03AB1188927819809A70009B87
:1007100004AA03A91846FFF78EFF04A905AB03221C
:10072000184606F021FB0346002B0CBF01230023D3
:10073000DBB2184607B05DF804FBA0DF704700BFCE
:100740001846A5DF704700BF1846A8DF704700BFF6
:10075000184682B001900091019BDAB2009B1A709A
:10076000019B1A0A009B0133D2B21A70019B1A0C2A
:10077000009B0233D2B21A700323184602B07047AE
:1007800000B583B001900091019B002B02D0009B2B
:100790000198984700BF03B05DF804FB00B58BB02B
:1007A0000190009102AB20220021184606F04AFB7E
:1007B00042F6A423ADF808309DF8153043F0080345
:1007C0008DF8153001238DF8183001238DF8143081
:1007D0008023ADF80C3000238DF81930009B9B7AF4
:1007E0008DF81A30009BDB68002B05D09DF8163081
:1007F00043F001038DF81630019B1888019B03F12B
:10080000160202AB1946FEF75DFC034618460BB014
:100810005DF804FB00B5A5B001900091019B0C337D
:100820002393019B002283F82C20009B1B78032B31
:1008300006D1239B1B7803F00803DBB2002B15D1F4
:10084000009B1B78062B06D1239B1B7803F0020329
:10085000DBB2002B0AD1009B1B78092B32D1239BE2
:100860001B7803F02003DBB2002B2BD0019B5B68CD
:10087000002B23D002AB84220021184606F0E2FAB6
:1008800000238DF80830009BB3F88230ADF88A3031
:10089000009B991C009BB3F882301A4602AB0233CE
:1008A000184606F09DFA019B022283F82C20019B3A
:1008B0005B6802AA11460198984703E0019B012258
:1008C00083F82C2000BF25B05DF804FB00B587B08D
:1008D00003900B460192ADF80A300023ADF81630B4
:1008E000BDF80A30002B01D1092326E0BDF80A30FB
:1008F000802B01D9092320E0BDF816305A1CADF831
:1009000016201A46039B13441A78019B1A70BDF8EF
:100910000A20BDF81630D31A9AB2019BA3F88220A0
:10092000019B981CBDF81630039AD118019BB3F8AF
:1009300082301A4606F054FA0023184607B05DF8D4
:1009400004FB00B583B001900B468DF803309DF891
:100950000330092B10D0092B13DC032B02D0062BFC
:1009600005D00EE0019B1B6A019898470AE0019BA5
:100970005B6A0198984705E0019B9B6A019898473C
:1009800000E000BF00BF03B05DF804FB82B001903F
:100990000091019B1B78092B26D0092B34DC032BFB
:1009A00002D0062B10D02FE0009B1B7803F004032D
:1009B000DBB2002B06D1009B1B7803F00803DBB2EF
:1009C000002B23D0012327E0009B1B7803F00103B9
:1009D000DBB2002B06D1009B1B7803F00203DBB2D5
:1009E000002B15D0012317E0009B1B7803F01003A8
:1009F000DBB2002B06D1009B1B7803F02003DBB297
:100A0000002B07D0012307E000BF04E000BF02E095
:100A100000BF00E000BF0023184602B0704700008E
:100A200000B587B00390029100931346ADF80630ED
:100A3000BDF80630009A19460298FFF747FF059067
:100A4000059B002B0BD01F4B1B881B0443F001039D
:100A50001D491846F3F7D2F840F281132DE0039BAD
:100A60000C3319460098FFF791FF034683F001030A
:100A7000DBB2002B0BD0134B1B881B0443F001038C
:100A800012491846F3F7BAF84FF4C07315E000990D
:100A90000398FFF7BFFE039B93F82C30002B0BD07D
:100AA000084B1B881B0443F0010309491846F3F760
:100AB000A5F84FF4847300E00023184607B05DF8F2
:100AC00004FB00BFF8200020708103009881030020
:100AD000C081030000B585B001900091002303930D
:100AE000019B1B7803F00203DBB2002B03D0039BB6
:100AF00043F400630393019B1B7803F02003DBB2F4
:100B0000002B03D0039B43F400330393019B1B781A
:100B100003F01003DBB2002B03D0039B43F48033BC
:100B20000393019B1B7803F00103DBB2002B03D07E
:100B3000039B43F480630393019B1B7803F008033A
:100B4000DBB2002B03D0039B43F020030393019BF4
:100B50001B7803F00403DBB2002B03D0039B43F0AC
:100B60001003039300990398FFF7F3FD034618461B
:100B700005B05DF804FB00B58DB001900091019BBC
:100B80000C330B930B9B1B7803F00203DBB2002B9F
:100B90000DD10B9B1B7803F02003DBB2002B06D199
:100BA0000B9B1B7803F00803DBB2002B05D0009BE6
:100BB0001B68002B01D10E2372E00B9B1B7803F006
:100BC0000803DBB2002B06D10B9B1B7803F0040358
:100BD000DBB2002B05D0009B1B69002B01D10E233B
:100BE0005EE00B9B1B7803F00103DBB2002B06D108
:100BF0000B9B1B7803F00203DBB2002B05D0009B9C
:100C00005B69002B01D10E234AE00B9B1B7803F09C
:100C10001003DBB2002B06D10B9B1B7803F02003E3
:100C2000DBB2002B05D0009B9B69002B01D10E236A
:100C300036E0019B0C330AAA11461846FFF74AFF1B
:100C400003468DF82B3002AB20220021184606F017
:100C5000F9F842F6A523ADF808309DF8153043F0B9
:100C600002038DF815309DF82B309BB2ADF80C3097
:100C70000AAB04939DF82B309BB2ADF80E30009B6D
:100C80005B7A8DF8193000238DF81A30019B188893
:100C9000019B03F10E0202AB1946FEF713FA03465D
:100CA00018460DB05DF804FB00B5A7B003900291A3
:100CB0000192029B03F10C01029B5A8904AB039839
:100CC000FFF7AEFE03462593259B002B09D0259BFD
:100CD0009AB2019B1A80019A937823F001039370D2
:100CE00016E0019B00221A80019A937843F00103D9
:100CF0009370094B1B881B0443F0030307491846F4
:100D0000F2F77CFF9DF8103019460398FFF719FEA3
:100D100027B05DF804FB00BFF8200020E881030045
:100D200000B589B001900091009B0233079302AB9C
:100D300010220021184606F085F8079B1B78022B2D
:100D400022D1079B1B7A012B1ED1079B5A88019B3E
:100D5000DB8A9A4218D102238DF80830079B991C30
:100D600002AB04331A460198FFF79EFF019B5B8894
:100D700002AA11461846FFF7E8FC0690019B9B6803
:100D800019460698FFF7FCFC00BF09B05DF804FBAC
:100D900000B5C9B048ABA3F58A73186048ABA3F59A
:100DA0008C73196048ABA3F58E731A608023ADF87D
:100DB0001A3148ABA3F58E731B6859880DF58D73F6
:100DC00026AA48A8A0F58C70006800F0F2FC4790B5
:100DD000479B002B0BD00D4B1B881B0443F00103DA
:100DE0000B491846F2F70AFF40F281130AE0BDF8FA
:100DF0001A2105AB26A948A8A0F58A700068FFF75C
:100E00000FFE0346184649B05DF804FBF8200020A9
:100E10007081030000B5CBB04AABA3F58E731860A8
:100E20004AABA3F5907319604AABA3F592731A60AD
:100E30008023ADF826314AABA3F58A7380221A804D
:100E40004AABA3F58A7300225A804AABA3F58A7392
:100E500028AA5A604AABA3F58E731B68DB8AADF8EB
:100E600024314AABA3F58E731B685B8805AABDF8D5
:100E700024111846FFF765FC4890489B002B0BD0C7
:100E80001E4B1B881B0443F001031D491846F2F753
:100E9000B5FE40F281132CE04AABA3F58A735B6880
:100EA00007AABDF826111846FFF710FD4890489B89
:100EB000002B0BD0114B1B881B0443F0010310497E
:100EC0001846F2F79BFE40F2811312E04AABA3F5FD
:100ED00086731A784AABA3F58E7311461868FFF72C
:100EE00030FD4AABA3F58E731B68012283F82C20DA
:100EF000002318464BB05DF804FB00BFF82000202B
:100F00007081030000B585B0039002910192039BAC
:100F1000002B02D14FF4C07330E0029B002B02D1B2
:100F20004FF4C0732AE0019B002B02D14FF4C07331
:100F300024E0019B5A88039BDB8A9A4202D04FF43B
:100F4000C0731BE0019B1B78012B06D1019A02990B
:100F50000398FFF71DFF034610E0019B1B78002B51
:100F60000BD1039B93F82C30002B06D1019A0299E8
:100F70000398FFF74FFF034600E00023184605B033
:100F80005DF804FB00B585B001900091009B002B3B
:100F900010D0019B002B0DD0009B0393019B1B885D
:100FA000512B06D1019B043319460398FFF7B8FE75
:100FB00000E000BF05B05DF804FB82B001900B4675
:100FC000ADF80230019B002B01D10E2304E0019B00
:100FD000BDF802205A800023184602B07047000076
:100FE00000B585B001900091009B002B01D10E232C
:100FF0005AE0019B002B01D10E2355E001238DF80F
:101000000A3041F61E03ADF80830009B1A68019BB8
:101010005A60009B5A68019B9A60019B009A127A61
:101020001A73019B009A2033103207CA83E8070025
:10103000019B4FF6FF725A80019A02AB19460120BC
:10104000FFF77BFB0390039B002B01D0039B2BE05E
:1010500000990198FFF78FFD0390039B002B01D0AF
:10106000039B21E000990198FFF798FB0390039BF5
:10107000002B01D0039B17E0009BDB68002B09D0FD
:10108000009BDA68019BDB8A1946104600F063FB7F
:10109000034609E0064B1B881B0443F00303054984
:1010A0001846F2F7ABFD0023184605B05DF804FBC7
:1010B000F82000200882030082B001900B468DF8D2
:1010C0000330019B002B01D10E2314E0019B93F808
:1010D0002C30022B01D008230DE09DF80330002BAB
:1010E00004D0019B002283F82C2003E0019B012205
:1010F00083F82C200023184602B0704790DF704719
:1011000000BF18469EDF704700BF1846ADDF70472E
:1011100000BF184682B00190019B17221A80019BE4
:1011200017225A80019B00221A71019B00225A71DA
:10113000019B1B229A71019B1B22DA7100BF02B036
:101140007047000000B587B003460091ADF8063047
:10115000BDF80630009ADB0013441B7BADF80C3061
:10116000BDF80630009ADB0013441B7BADF80E304F
:101170000023ADF810300023ADF8123003A9BDF8FC
:10118000063000221846FFF7B9FF0590059B002B9B
:101190000AD0074B1B881B0443F00100BDF8062052
:1011A000059B0449F2F749FD00BF07B05DF804FB59
:1011B000042100202482030000B587B00190009133
:1011C000009B9B88ADF81630BDF81630DB00019A05
:1011D000134406330493019B1A79049B9A71009B74
:1011E000DB7B012B02D0022B05D009E0019B1A8882
:1011F000049B1A8004E0019B5A88049B1A8000BF5C
:10120000049B1A88049B5B889A4220D9049B1A8805
:10121000BDF8163011461846FFF774FF0390039B84
:10122000002B03D1049B01225A7110E0039B112B68
:1012300003D1049B01221A7109E00D4B1B881B048A
:1012400043F00103039A0B491846F2F7E5FC049BAF
:101250009A79049BDB799A4205D9BDF81630019939
:101260001846FFF76FFF00BF07B05DF804FB00BF33
:10127000042100208482030000B583B00190009116
:10128000009B9B88DB00019A134406331846FFF746
:1012900041FF00BF03B05DF804FB00B587B00190CB
:1012A0000091009B9B88ADF81630009B5B89ADF8E0
:1012B0001430BDF81630DB00019A13440633049352
:1012C000049B1B88BDF81420934228BF13469AB292
:1012D000049B5A80049B5B88172B38BF17239AB254
:1012E000049B5A80019B1B69002B15D0049B5B79E2
:1012F000002B11D040F67723ADF80830BDF816303A
:10130000ADF80A30049B5B88ADF80C30019B1B697B
:1013100002AA114601989847049B00225A71049B27
:1013200000221A7100BF07B05DF804FB00B589B058
:1013300001900091009B9B88ADF81A30009BDB88E0
:10134000ADF81830BDF81A30DB00019A13440633AB
:101350000593BDF81830172B38BF1723ADF8183098
:10136000059B1B88BDF81820934228BF13469AB2EC
:10137000059B5A80059B00221A71059B1A88BDF8AF
:101380001A3011461846FFF7C1FE0790079B002B45
:1013900009D0144B1B881B0443F00103079A124920
:1013A0001846F2F739FC059B5B79002B16D1019B9F
:1013B0001B69002B13D040F67723ADF80C30BDF835
:1013C0001A30ADF80E30059B5B88ADF81030019BEC
:1013D0001B6903AA11460198984700E000BF09B0B5
:1013E0005DF804FB04210020C882030030B593B0EF
:1013F00001900091009B04AC1D1D0FCD0FC40FCDBB
:101400000FC40FCD0FC42B682360BDF81030ADF8AA
:101410004630BDF81420BDF84630D1B2019ADB0049
:1014200013440A465A73019B1B69002B19D002AB67
:1014300000221A609A804DF67A23ADF80830BDF884
:101440004630ADF80A30BDF84630019ADB0013444F
:101450005B7B8DF80C30019B1B6902AA1146019839
:10146000984700BF13B030BD00B58BB0019000911C
:10147000009B04330793079B1B88DB00019A1344EE
:1014800006330693079B9B888DF81730069B9B7944
:101490009DF81720934228BF13468DF8273003ABE1
:1014A00000221A605A609DF827309BB2ADF80C30CC
:1014B0009DF827309BB2ADF80E30079B1B8803A91F
:1014C00000221846FFF71AFE0890089B002B09D04F
:1014D000064B1B881B0443F00103089A0449184675
:1014E000F2F79AFB00BF0BB05DF804FB042100206B
:1014F0000C83030000B585B001900091019B002B87
:1015000001D10E231DE0019B009A1A61019B172255
:101510001A80019B17225A80019B1B221A710023FB
:1015200003930AE0039BDB00019A13440633184639
:10153000FFF7F0FD039B01330393039B002BF1D0D6
:101540000023184605B05DF804FB000000B587B025
:1015500001900091009B0593019B9B88ADF8123090
:10156000BDF81230002B40F09280019B1B88552B58
:1015700048D0552B55DC242B32DC102B51DB103B93
:10158000142B4ED801A252F823F000BFE715030038
:10159000F11503002316030023160300231603008E
:1015A000231603002316030023160300231603004B
:1015B000231603002316030023160300231603003B
:1015C000231603002316030023160300231603002B
:1015D0002316030023160300191603000F16030039
:1015E0003A2B0AD01DE001990598FFF7E5FD19E0B7
:1015F00001990598FFF740FE14E001990598FFF75F
:101600004CFE0FE001990598FFF790FE0AE0019962
:101610000598FFF7EBFE05E001990598FFF724FF19
:1016200000E000BFBDF81230059ADB0013449B7A3E
:10163000002B2DD0BDF81230059ADB001344DA8858
:10164000BDF8123011461846FFF75CFD0390039B6E
:10165000002B0ED1BDF81230059ADB001344002296
:101660009A72BDF81230059ADB0013440122DA7237
:101670000EE0039B112B0BD0074B1B881B0443F080
:101680000103039A05491846F2F7C6FA00E000BFC5
:1016900007B05DF804FB00BF042100208482030032
:1016A00082B00190019B1B781AB2019B01331B7819
:1016B0001BB21B021BB213431BB29BB2184602B0F3
:1016C0007047A8DF704700BF184666DF704700BF4D
:1016D000184600B583B001900091019B002B01D109
:1016E0000E2334E0009B002B01D10E232FE0019B41
:1016F0001B78DE2B01D1082329E0019B0233142241
:101700000021184605F09EFB019B00229A75009B64
:101710001A68019B9A63019B002283F83C20019B7D
:101720004FF6FF72DA87019BDE221A70019B009A46
:101730003033043292E8030083E80300009BDA6848
:10174000019B1A64019B002283F82C200023184679
:1017500003B05DF804FB82B001900B46ADF8023097
:10176000019B002B01D10E2320E0019B1B78DE2B77
:1017700001D008231AE0019B9B7D0A2B01D1042391
:1017800014E0BDF80230002B01D107230EE0019BCD
:101790009B7D019A5B001344BDF802205A80019B97
:1017A0009B7D0133DAB2019B9A750023184602B083
:1017B000704700B589B00390019200930B46ADF8D5
:1017C0000A30039B002B01D10E238AE0019B002BE2
:1017D00001D10E2385E0009B002B01D10E2380E078
:1017E000039B1B78DE2B01D008237AE00023ADF8A1
:1017F0001E300023ADF81A300023ADF81830002356
:10180000ADF816300023ADF81C30039B1A6BBDF801
:101810001E3013441846FFF743FF0346ADF81A3055
:10182000BDF81A30002B56D0BDF81E300233ADF88B
:101830001E30039B1A6BBDF81E3013441846FFF789
:101840002FFF0346ADF81630BDF81E300233ADF859
:101850001E30039B1A6BBDF81E3013441846FFF769
:101860001FFF0346ADF81830BDF81E300233ADF847
:101870001E30BDF81A20BDF80A309A421DD1BDF8BD
:101880001620BDF818301344ADF81C30009B1B889F
:10189000BDF81C209A420ED8BDF81630019AD01817
:1018A000039B1A6BBDF81E301344BDF8182019466F
:1018B00005F096FA01E0042313E0BDF81E20BDF800
:1018C00018301344ADF81E30039B9B8EBDF81E20CC
:1018D0009A429AD300E000BF009BBDF81C201A80FA
:1018E0000023184609B05DF804FB82B001900B4656
:1018F000ADF80230019B002B01D10E230AE0019BC1
:101900001B78DE2B01D0082304E0019BBDF80220E8
:10191000DA870023184602B0704700B585B0019001
:10192000019B93F83C30002B1CD0019BDA8F019B6C
:10193000303319461046FFF7C8FE0390039B002B77
:1019400004D1019B002283F83C200BE0039B112B68
:1019500004D1019B012283F83C2003E0019B9B6B97
:101960000398984700BF05B05DF804FB00B583B04D
:1019700001900091009B1A88019BDB8F9A420AD14B
:10198000009B1B79012B06D1019B012283F83C208F
:101990000198FFF7C2FF00BF03B05DF804FB82B0FF
:1019A00001900091009B1A88019BDB8F9A4207D11E
:1019B000009B1B79012B03D1019B002283F82C2073
:1019C00000BF02B0704700B589B00190009102AB32
:1019D00010220021184605F035FA4FF4C073ADF817
:1019E0000C3002238DF80830002307930FE0019B91
:1019F000079A0C3233F81220009B1B889A4203D1BD
:101A00000023ADF80C3009E0079B01330793019BDD
:101A100093F82C301A46079B9342E8D3BDF80C305C
:101A2000002B27D0002307931EE0019A079B5B0041
:101A300013445A88009B1B889A4212D10023ADF8A8
:101A40000C30019B93F82C305A1CD1B2019A82F8C9
:101A50002C101A46009B1988019B0C3223F8121097
:101A600008E0079B01330793019B9B7D1A46079B68
:101A70009342DAD3019BDB8F02AA11461846FFF787
:101A800020FE0690069B002B07D0019B002283F8C6
:101A90002C20019B9B6B0698984700BF09B05DF80E
:101AA00004FB00B58DB00190009105AB1022002120
:101AB000184605F0C7F90023ADF8183002238DF859
:101AC0001430019B93F82C30002B13D14FF4C073CA
:101AD000ADF81830019BDB8F05AA11461846FFF7B9
:101AE000F0FD0A900A9B002B6ED0019B9B6B0A981D
:101AF00098476AE00023ADF82E3020E001238DF8EE
:101B00001030BDF82E20019B0C3233F81230ADF8A6
:101B10001230019B1B6C04AA11460198984703469A
:101B2000ADF82630BDF82630002B03D0BDF82630A6
:101B3000ADF81830BDF82E300133ADF82E30019BD2
:101B400093F82C301A46BDF82E309342D6D3019B21
:101B5000DB8F05AA11461846FFF7B3FD0A900A9BD2
:101B6000002B03D0019B9B6B0A989847BDF8183057
:101B7000002B24D10023ADF82C3018E000238DF881
:101B80000C30BDF82C20019B0C3233F81230ADF82C
:101B90000E30019B1B6C03AA114601989847002345
:101BA000ADF81830BDF82C300133ADF82C30019B66
:101BB00093F82C301A46BDF82C309342DED3019BAB
:101BC000002283F82C2000E000BF0DB05DF804FB7C
:101BD00000B589B00190009103AB10220021184696
:101BE00005F030F902238DF80C300023ADF81030E9
:101BF000019BDB8F03AA11461846FFF762FD079091
:101C0000079B002B03D0019B9B6B07989847019B78
:101C1000002283F82C2000BF09B05DF804FB00B55A
:101C200085B001900091009B1A88019BDB8F9A423E
:101C300026D1009B02330393039B1B78022B21D1F7
:101C4000039B1B7A062B0DD0062B1DDC042B02D028
:101C5000052B0ED018E0039B023319460198FFF7BD
:101C6000B2FE12E0039B023319460198FFF719FFF9
:101C70000BE0039B023319460198FFF7A9FF04E02C
:101C800000BF02E000BF00E000BF05B05DF804FB4C
:101C900000B585B001900091009B002B47D0019BBF
:101CA000002B44D0009B0393039B1B78DE2B3ED17B
:101CB000019B9A88039BDB8F9A4202D10398FFF71E
:101CC0002CFE019B1B88512B18D0512B2CDC112B87
:101CD0001BD0112B28DC012B02D0022B07D023E0D4
:101CE000019B043319460398FFF740FE1FE0019B58
:101CF000043319460398FFF752FE18E0019B0433A2
:101D000019460398FFF78BFF11E0019B9A88039B0C
:101D1000DB8F9A420AD1039B4FF6FF72DA87039B4F
:101D2000002283F82C2001E000BF00E000BF05B0D6
:101D30005DF804FB00B585B00190019B4FF6FF7282
:101D40005A800023039305E0064B01989847039BB4
:101D500001330393039B002BF6D000BF00BF05B0F7
:101D60005DF804FBF52A030082B00346ADF80630A7
:101D7000BDF80630A3F580439BB2184602B0704709
:101D800082B00346ADF80630BDF8063003F5804357
:101D90009BB2184602B0704782B003468DF80730F8
:101DA0009DF807309BB2A3F580439BB2184602B062
:101DB000704782B00346ADF80630BDF80630DBB29E
:101DC000184602B0704782B00346ADF80630BDF841
:101DD0000630B3F5404F07D3BDF806304FF6FF721B
:101DE000934201D0012300E0002303F00103DBB2A2
:101DF000184602B0704782B00346ADF80630BDF811
:101E00000630B3F5404F07D3BDF806304FF6FF72EA
:101E1000934201D0012300E0002303F00103DBB271
:101E2000184602B0704782B003468DF807309DF81F
:101E30000730072B13D09DF80730012B0FD09DF8EA
:101E40000730082B0BD09DF80730052B07D09DF8E5
:101E50000730062B03D09DF80730042B01D1012356
:101E600000E0002303F00103DBB2184602B0704724
:101E700000B589B003460091ADF8063003AB0022EF
:101E80001A605A609A60DA601A6107238DF80C3084
:101E9000BDF80630ADF81030009B059303AB184633
:101EA000FFF748FF00BF09B05DF804FB00B589B03B
:101EB00001AB08220021184604F0C4FF4FF6FF7062
:101EC00001F044FA0346ADF81E300CE0BDF81E30B8
:101ED000184601F08DF9BDF81E30184601F036FAAB
:101EE0000346ADF81E30BDF81E304FF6FF72934228
:101EF0000ED0BDF81E301846FFF736FF03461846D1
:101F000001AA03AB1946F5F7B2FA03460A2BDDD056
:101F10001A4B1B7883F00103DBB2002B29D0BDF8EC
:101F20001E304FF6FF72934223D0144B01221A70D9
:101F3000BDF81E301846FFF717FF0346ADF81C30FA
:101F4000BDF81C301846F5F701FA0690069B082BE1
:101F500003D10B4B01221A700BE0069B002B08D01B
:101F6000064B00221A70BDF81E3006991846FFF77E
:101F70007FFF00BF09B05DF804FB00BF37310020D0
:101F80003631002000B587B003460092ADF8063028
:101F90000B468DF805309DF805301846FFF743FFD6
:101FA00002AB08220021184604F04CFFBDF80630B1
:101FB0001846FFF7D9FE0346ADF816309DF80530F8
:101FC0001846FFF7E9FE0346ADF8143002ABBDF842
:101FD0001410BDF81600009AF5F720FA0490049B3F
:101FE000002B01D0052300E00023184607B05DF860
:101FF00004FB00B589B06B4608220021184604F0A6
:1020000021FF0720FFF7C8FE0346ADF81E3016E09B
:1020100002AA04AB11461846F5F766F8029B9B88A6
:102020001846FFF7ADFE0346ADF81C3004AB18466A
:10203000F5F796F8BDF81C30184601F0A1F86A468D
:1020400004A9BDF81E301846F5F7FEF90346002B2B
:10205000DED000BF00BF09B05DF804FB00B589B059
:10206000019003AB00221A605A609A60DA601A612C
:10207000019B9B891846FFF783FE0346ADF810309D
:10208000019B1B78052B6FD0052B79DC032B02DC21
:10209000002B03DC74E0042B3DD071E0019B9B8995
:1020A0001846FFF790FE0346002B07D1019BDB8902
:1020B0001846FFF7A0FE0346002B63D0019BDB8987
:1020C0001846FFF776FE03468DF81430019B1B7807
:1020D000032B0CBF01230023DBB28DF81530019BCD
:1020E0009B680693019B5B68002B09D108238DF840
:1020F0000C309DF81C3043F001038DF81C3005E0D6
:1021000009238DF80C30019B5B68079303AB1846DD
:10211000FFF710FE36E0019B9B891846FFF753FE40
:102120000346002B30D0019BDB89002B2CD1019B77
:102130005B68002B08D10A238DF80C30BDF81030F5
:10214000184601F055F802E00B238DF80C30154BC2
:1021500000221A70144B00221A70FFF7A7FE03AB7F
:102160001846FFF7E7FD0FE013238DF80C304FF60C
:10217000FF73ADF8103003AB1846FFF7DBFD04E04A
:1021800000BF02E000BF00E000BF064B1B78002B41
:1021900004D0044B00221A70FFF788FE00BF09B07C
:1021A0005DF804FB363100203731002000B583B0E4
:1021B0000E48F4F79BFE0190019B002B01D00323F6
:1021C0000FE0F4F701FF0190019B002B01D0862363
:1021D00007E000F06DFFFFF70CFF054B01221A70BE
:1021E0000023184603B05DF804FB00BF5D20030028
:1021F0003531002000B58DB0029201930346ADF851
:102200000E300B468DF80D30BDF80E30FF2B01D986
:1022100007234DE09DF80D301846FFF704FE0346F6
:1022200083F00103DBB2002B01D0072340E007AAB3
:102230009DF80D10BDF80E301846FFF7A3FE0B9069
:102240000B9B002B01D0052332E005AA07AB1146FA
:102250001846F4F749FF0B900B9B002B01D0052388
:1022600026E0029B9DF80D209A70059B5A88029BE0
:102270001A80019B002B03D1069A029B5A6012E040
:10228000029B1B889B000A93019B1B680A9A9A4237
:1022900007D8029B5B6806990A9A184604F0A0FDCD
:1022A00001E0042304E007AB1846F4F759FF0023CC
:1022B00018460DB05DF804FB08B50822002102485D
:1022C00004F0C0FD00BF08BD3831002000B58DB05E
:1022D0000346029101928DF80F309DF80F30184699
:1022E000FFF7A1FD034683F00103DBB2002B01D011
:1022F000012338E09DF80F301846FFF74DFD0346E7
:10230000ADF82E3007A9BDF82E30194A1846F5F75A
:102310009BF80346002B01D0002324E005AA07AB5D
:1023200011461846F4F7E0FE0A900A9B002B01D0F4
:10233000002318E0019B9DF80F209A70059B5A8896
:10234000019B1A80069A019B5A60059B9B88184640
:10235000FFF716FD03461A46029B1A8007AB184684
:10236000F4F7FEFE012318460DB05DF804FB00BF34
:102370003831002000B585B001900091019B9B7819
:102380001846FFF750FD034683F00103DBB2002B34
:1023900001D007231AE0019B1B8819460098F4F727
:1023A00027FF0390039B092B0BD0039B092B0CD811
:1023B000039B002B03D0039B072B04D005E00023D5
:1023C00004E0092302E0862300E00323184605B059
:1023D0005DF804FB00B585B0019001AB1846F4F739
:1023E00037FF0390039B002B01D0032300E0002361
:1023F000184605B05DF804FB00B58DB0029101925E
:1024000000930346ADF80E30BDF80E30FF2B01D916
:10241000072382E0029B9B781846FFF704FD0346E2
:1024200083F00103DBB2002B01D0072375E0BDF878
:102430000E301846FFF798FC0346ADF82030029B9B
:102440009B781846FFF7A8FC0346ADF82230029BA4
:102450005B680993029B1B880A93029B997805AAE3
:10246000BDF80E301846FFF78DFD0B900B9B052B2A
:1024700012D1019B002B07D108AA05AB11461846C3
:10248000F4F72CFF0B9015E001AA08A905AB18463C
:10249000F4F733FF0B900DE0019B002B03D001AB51
:1024A0001846F4F7D5FE08AA05AB11461846F4F70E
:1024B00039FF0B900B9B0E2B2ED801A252F823F064
:1024C000FD24030019250300192503001925030025
:1024D00019250300192503001925030015250300FC
:1024E00011250300192503001925030019250300F0
:1024F000192503001925030011250300009B002B5B
:1025000004D005AB00991846F4F7C4FF002304E09B
:10251000112302E0862300E0032318460DB05DF886
:1025200004FB00BF08B54FF6FF7000F029FE03461C
:10253000184608BD00B583B00346ADF80630BDF8B7
:102540000630FF2B01D9072307E0BDF806301846F7
:1025500000F028FEFFF7AAFC0023184603B05DF840
:1025600004FB00B583B00346ADF80630BDF8063075
:10257000184600F057FE0346184603B05DF804FB0A
:1025800000B583B00346ADF80630BDF806301846F6
:1025900000F0A8FE0346184603B05DF804FB00B542
:1025A00083B00346ADF80630BDF80630184600F09B
:1025B000CDFE0346184603B05DF804FB82B00190DF
:1025C000019B4FF6FF721A80019BFF229A70019BBC
:1025D000FF225A73019A937B23F002039373019AAB
:1025E000937B23F001039373019B00221A73019BD9
:1025F00000225A60019B00229A6000BF02B070471F
:1026000084B003460091ADF80630009B1B6803932D
:1026100013E00D4A039B1B0113441B88BDF80620E1
:102620009A4207D1009B039A1A60039B1B01064A3A
:10263000134406E0039B01330393039B012BE8D96A
:102640000023184604B070475431002000B585B00F
:1026500003460A46ADF8063013468DF805300023D0
:10266000029302AABDF8063011461846FFF7C8FFCC
:1026700003900AE0029B0133029302AABDF80630E0
:1026800011461846FFF7BCFF0390039B002B17D0A1
:10269000039B9B789DF805209A42EBD1039B9B7B83
:1026A00003F00203DBB2002BE4D1039B9B7B03F01E
:1026B0000103DBB2002BDDD1039B9B68002BD9D13A
:1026C000039B184605B05DF804FB000084B0019040
:1026D0000023039310E00C4A039B1B0113440833AF
:1026E0001B68019A9A4204D1039B1B01064A1344BA
:1026F00006E0039B01330393039B012BEBDD0023D7
:10270000184604B0704700BF5431002008B5FF21BF
:102710004FF6FF70FFF79AFF0346184608BD00000A
:1027200000B585B00190002303930CE0019B5A7B18
:10273000039BDBB21344DBB21946094801F052FB9C
:10274000039B01330393019B1B7B1A46039B93421C
:10275000ECD30198FFF732FF00BF05B05DF804FB32
:102760004431002000B583B001900B46ADF8023033
:1027700013468DF80130019B002B13D0FFF7C6FFE5
:102780000246019B1A60019B1B68002B0CD0019B29
:102790001B68BDF802201A80019B1B689DF8012070
:1027A0009A7002E000BF00E000BF03B05DF804FBD8
:1027B00000B585B001900023039308E0084A039B0D
:1027C00052F8233001989847039B01330393039BEE
:1027D000032BF3D900BF00BF05B05DF804FB00BFB9
:1027E0005483030000B583B00023019309E0019BEB
:1027F0001B01084A13441846FFF7E0FE019B013312
:102800000193019B012BF2D900BF00BF03B05DF81B
:1028100004FB00BF5431002086B0039001921A4699
:102820000B468DF80B301346ADF80830BDF8083074
:102830001A46920013441B01ADF81630039B9DF815
:102840000B209A70039B019A5A60BDF8163003332F
:102850009B109AB2039B1A8000BF06B0704700B568
:1028600085B00390019200930B468DF80B30009BCE
:102870009BB29DF80B10019A0398FFF7CDFF00BFA4
:1028800005B05DF804FB000082B00190019B9B78CD
:10289000013B072B27D801A252F823F0C5280300DB
:1028A000E7280300E7280300E7280300E7280300E0
:1028B000CD280300BD280300D5280300019B142266
:1028C0001A8011E0019B01221A800DE0019B012278
:1028D0001A8009E0019B5B689B8809339B089AB2C8
:1028E000019B1A8000E000BF00BF02B0704700BF2C
:1028F00000B587B001900023059302AB00221A6057
:102900005A60019B9B788DF80A30019B5B7B1946CE
:102910003D4801F035FA0490049B002B01D10323BC
:102920006DE0019B9978019B1B7B02A8049AFFF73D
:1029300096FF02AB1846FFF7A7FF019B1888019B83
:102940005A68019B083302A9FFF756FD0590019BC9
:102950009B7B03F00203DBB2002B0BD0019B9B7B24
:1029600003F00103DBB2002B04D0284B1B68013BB2
:10297000264A1360059B862B2CD0059B862B39D8C5
:10298000059B112B14D0059B112B33D8059B002BD5
:1029900003D0059B072B30D02CE0019A937B23F0CA
:1029A00002039373019A937B23F00103937325E051
:1029B000164B1B680133154A1360019A937B43F051
:1029C00002039373019A937B23F001039373002313
:1029D000059313E00D4B1B6801330C4A1360019AF9
:1029E000937B23F002039373019A937B43F00103DB
:1029F000937303E00323059300E000BF059B184693
:102A000007B05DF804FB00BF4431002074310020A2
:102A100000B589B001900198FFF76AFF0790079B06
:102A2000002B19D04FF6FF73ADF80A30019B1B88BD
:102A3000ADF80C30079B862B03D106238DF80830A8
:102A400004E007238DF80830079B049302AB184677
:102A5000FFF7AEFE002300E00123184609B05DF841
:102A600004FB000000B585B003468DF807301F4B0E
:102A70001B68002B34D0002303932DE01C4A039BDA
:102A80001B01134408339B79C3F34003DBB2002BD3
:102A90000ED1174A039B1B01134408339B79C3F3E0
:102AA0000003DBB2002B14D09DF80730002B10D0B0
:102AB000039B1B010E4A13441846FFF7A9FF034668
:102AC0008DF80B309DF80B3083F00103DBB2002B47
:102AD00008D1039B01330393039B012BCED902E062
:102AE00000BF00E000BF05B05DF804FB74310020BA
:102AF0005431002000B585B0019001238DF80F30CE
:102B000000238DF80E30019BDB681846FFF7DEFDD1
:102B10000290019B1B78132B29D0132B2BDC082B45
:102B200002D0092B0BD026E0019B5B7A002B24D12D
:102B3000029B002B21D00298FFF7F2FD1DE0019BC4
:102B40005B7A002B1BD1029B002B18D0144B1B6807
:102B50000133134A1360029B00229A60029A937B0E
:102B600043F00203937300238DF80F3007E0012335
:102B70008DF80E3004E000BF02E000BF00E000BFAF
:102B80009DF80F30002B02D00198FFF711FE9DF841
:102B90000E301846FFF766FF00BF05B05DF804FB76
:102BA0007431002000B587B0FFF71CFE502302935C
:102BB0000223019301230093094BA02209490A48EB
:102BC00001F03CF80590059B002B01D0032303E0A6
:102BD000064B01221A700023184607B05DF804FB6B
:102BE000183200207831002044310020403100208C
:102BF00008B5FFF797FC0346184608BD00B587B037
:102C00000346ADF806300023039300230593002309
:102C1000029302AABDF8063011461846FFF7F0FCF1
:102C200004901BE0049B9A78BDF8063011461846C4
:102C300000F028F90390039B002B04D0039B052B85
:102C400001D003230593029B0133029302AABDF82E
:102C5000063011461846FFF7D3FC0490049B002B66
:102C6000E0D1059B002B10D1BDF806301846FFF7C8
:102C700061FC0390039B002B07D0039B072B02D121
:102C80000723059301E003230593059B184607B02E
:102C90005DF804FB00B583B003460092ADF8063042
:102CA0000B468DF805309DF80510BDF80600002391
:102CB000009AFFF79FFA0346184603B05DF804FB3D
:102CC00010B588B0029201930346ADF80E300B4662
:102CD0008DF80D30019B002B01D10E23CCE09DF827
:102CE0000D30072B05D09DF80D30082B01D00723A0
:102CF000C2E0029B002B0DD0029B022B0AD8BDF82C
:102D00000E301846FFF72DFC034683F00103DBB2BB
:102D1000002B01D00723AFE000238DF81F300023E4
:102D20008DF81E309DF80D20BDF80E301146184666
:102D3000FFF78CFC03460593059B002B03D1012371
:102D40008DF81E3045E0059B1B7B1A46029B934283
:102D500020D900238DF81D300EE0059B5A7B9DF88D
:102D60001D301344DBB21946454801F03BF89DF88D
:102D70001D3001338DF81D30059B1B7B9DF81D20F8
:102D80009A42EAD3059B1846FFF718FC01238DF8F9
:102D90001E301EE0059B1B7B1A46029B934218D2F5
:102DA000029B8DF81C300EE0059B5A7B9DF81C3071
:102DB0001344DBB21946324801F014F89DF81C3078
:102DC00001338DF81C30059B1B7B9DF81C209A421B
:102DD000EAD39DF81E30002B0CD09DF80D20BDF8D5
:102DE0000E1005AB1846FFF7BDFC059B002B01D16B
:102DF000112341E0059B5B7BFF2B13D1059C0299BE
:102E00001F4800F058FF03466373059B5B7BFF2B55
:102E100005D1059B1846FFF7D1FB11232CE00123B8
:102E20008DF81F30059B029AD2B21A73059B5B7B0B
:102E30001946134800F0A4FF0690069B002B01D111
:102E4000032319E0029B9BB29DF80D10069A01988E
:102E5000FFF7E2FC9DF81F30002B0CD09DF80D30E1
:102E6000082B08D1019B1B889B009AB2019B5B68D1
:102E7000063A92B29A800023184608B010BD00BFEF
:102E80004431002000B585B003460A46ADF806304F
:102E900013468DF80530002303939DF80520BDF8F7
:102EA000063011461846FFF7D1FB0290029B002B1B
:102EB00001D1052312E0029B5B68002B0AD0029B24
:102EC0005B681846FFF786FA0390039B002B01D03E
:102ED000032303930298FFF723FC039B184605B0D6
:102EE0005DF804FB00B589B003460A46ADF806302C
:102EF00013468DF805309DF80530072B05D09DF859
:102F00000530082B01D0072341E0002307939DF8EB
:102F10000520BDF8063011461846FFF797FB0690CE
:102F2000069B002B01D1052331E0069B5B68002B3B
:102F30002CD1069B5B7B1946174800F021FF0590BA
:102F400003AB00221A605A609DF805308DF80E30F0
:102F5000059B002B01D1032319E0069B1B7B9DF8E9
:102F6000051003A8059AFFF77AFC03AB1846FFF794
:102F70008BFC069B1A1D03AB11461846FFF7FAF9A6
:102F80000790079B092B01D1032300E0079B1846FC
:102F900009B05DF804FB00BF4431002000B585B0E6
:102FA0000346ADF806300B468DF805301346ADF8F4
:102FB00002309DF80530072B05D09DF80530082B11
:102FC00001D0072319E09DF80520BDF80630114611
:102FD0001846FFF73BFB0390039B002B01D1052311
:102FE0000BE0039BBDF802201A80039B9DF805208F
:102FF0009A700398FFF77CFC0346184605B05DF80D
:1030000004FB00B583B00346ADF80630BDF80630CA
:103010001846FFF7B5FA0346184603B05DF804FBFF
:1030200000B583B00346ADF80630BDF8063018464B
:10303000FFF7B5FA0346184603B05DF804FB00B588
:1030400085B003460092ADF806300B468DF805308A
:10305000009B1B889B00039303AB9DF80510BDF8F4
:103060000600009AFFF7C6F80346184605B05DF85B
:1030700004FB00B585B0034602910192ADF80E3015
:10308000BDF80E00019B00220299FFF7B5F9034637
:10309000184605B05DF804FB00B583B001904022EE
:1030A0000021019803F0CEFE00BF03B05DF804FBE1
:1030B00008B50748FFF7F0FF4FF48071044800F0AF
:1030C000F6FE4FF48071034800F0F1FE00BF08BD2A
:1030D0001C3200203C32002000B585B00346009130
:1030E000ADF806304FF6FF73ADF80E30BDF8063080
:1030F0004FF6FF72934211D14FF48071009800F0A7
:1031000055FF0346ADF80E30BDF80E30B3F5807FA5
:103110001CD14FF6FF73ADF80E3017E0BDF8063046
:10312000FF2B13D8BDF806301946009800F0D5FEE5
:1031300003468DF80D309DF80D30002B02D0BDF800
:10314000063001E04FF6FF73ADF80E30BDF80E30DB
:10315000184605B05DF804FB00B583B00346009146
:10316000ADF80630BDF80630FF2B05D8BDF80630A7
:103170001946009800F0D4FE00BF03B05DF804FBD0
:1031800000B583B00346ADF80630BDF806300449FB
:103190001846FFF7A1FF0346184603B05DF804FB8D
:1031A0001C32002000B585B00346ADF80630BDF8EE
:1031B00006304FF6FF72934201D1002311E0BDF8B3
:1031C00006300A491846FFF787FF0346ADF80E3070
:1031D000BDF80E20BDF806309A420CBF0123002333
:1031E000DBB2184605B05DF804FB00BF3C3200209E
:1031F00000B583B00346ADF80630BDF80630074988
:103200001846FFF7A9FFBDF8063005491846FFF735
:10321000A3FF00BF03B05DF804FB00BF1C32002019
:103220003C32002000B583B00346ADF80630BDF84F
:103230000630FF2B07D8BDF806301946044800F0C9
:10324000ECFE034600E00023184603B05DF804FBE3
:103250001C32002000B583B00346ADF80630BDF83F
:103260000630FF2B07D8BDF806301946044800F099
:10327000D4FE034600E00023184603B05DF804FBCB
:103280003C32002000B585B003460091ADF8063011
:10329000BDF806304FF6FF72934204D0BDF80630F9
:1032A00001339BB200E00023ADF80E3010E0BDF812
:1032B0000E301946009800F0B0FE0346002B02D0F5
:1032C000BDF80E300AE0BDF80E300133ADF80E3017
:1032D000BDF80E30FF2BEAD94FF6FF73184605B044
:1032E0005DF804FB00B583B00346ADF80630BDF8C9
:1032F000063015491846FFF7C5FF0346ADF80630FE
:1033000016E0BDF806301846FFF7A4FF034683F029
:103310000103DBB2002B02D0BDF8063010E0BDF88F
:10332000063009491846FFF7ADFF0346ADF80630F1
:10333000BDF806304FF6FF729342E2D1BDF8063079
:10334000184603B05DF804FB1C32002000B583B0C2
:103350000346ADF80630BDF8063004491846FFF7BD
:1033600091FF0346184603B05DF804FB3C32002091
:1033700000B585B001900023039308E0094A039B40
:1033800052F8233001989847039B01330393064B6F
:103390001B781A46039B9342F0DB00BF00BF05B0C9
:1033A0005DF804FB6C3200207832002000B583B059
:1033B000002300220B490C4800F0AAFB0190019B5E
:1033C000002B02D0019B052B01D1012300E000233B
:1033D00003F00103DAB2054B1A7000BF03B05DF8C9
:1033E00004FB00BF64320020683200205D32002000
:1033F00000B58FB0019001238DF83730019B9B8879
:103400001846FDF76DF803461A46019B5A80019B4A
:103410001B78083B032B00F2D58001A252F823F061
:1034200031340300BD340300F33403007935030065
:10343000019B5B7A002B28D16C4B1B68002B10D0B2
:10344000019BDA68694B1B689A420AD1674B0022DC
:103450001A60019B9A88664B1A80019B0022DA60F1
:10346000B2E0644B1B78002B00F0AE80019B9A8881
:103470005F4B1B889A4240F0A780019B1B7A062B6A
:1034800040F0A280FFF792FF9EE0019B5B7A012B48
:1034900040F09A80574B1B78002B00F09580019BE1
:1034A0009A88534B1B889A4240F08E80019B1B7A6E
:1034B000062B40F08980FFF779FF85E0019B5B7A5E
:1034C000002B40F08380494B1B68002B7ED0019B72
:1034D000DA68464B1B689A4278D1444B00221A6046
:1034E000454B1B68013B444A1360019B0022DA6094
:1034F0006CE0424B1B78002B31D04FF6FF70FFF78A
:1035000080FD03461A464FF6FF739A4227D14FF6C5
:10351000FF70FFF785FD03461A464FF6FF739A4288
:103520001DD1364B00221A7008AB14220021184618
:1035300003F088FC0C238DF820304FF6FF73ADF8B4
:1035400024304FF6FF73ADF8223000238DF837306A
:103550000198FFF70DFF08AB1846FFF709FF254B51
:103560001B78002B34D0019B9A88214B1B889A42F0
:103570002ED1FFF71BFF2BE0204B1B78002B29D00F
:103580001E4B00221A7003AB14220021184603F0D0
:1035900059FC0D238DF80C304FF6FF73ADF8103049
:1035A0004FF6FF73ADF80E30019B9B680593002327
:1035B0008DF837300198FFF7DBFE03AB1846FFF7B5
:1035C000D7FE07E000BF06E000BF04E000BF02E056
:1035D00000BF00E000BF9DF83730002B02D00198FB
:1035E000FFF7C6FE00BF0FB05DF804FB603200209D
:1035F000683200205D320020643200205E320020FC
:1036000000B585B00190019B002B19D0019B1B7860
:10361000022B11D1019B1B7A012B0CBF012300232C
:103620008DF80F30019B5B88074A11789DF80F20B9
:103630001846FBF751FC00E000BF0198FFF798FE29
:1036400005B05DF804FB00BF7932002000B583B0FF
:1036500001900198FFF78CFE00BF03B05DF804FBFA
:1036600000B583B00190019B1B78002B08D1019B12
:103670005B88074A117801221846FBF72DFC00E011
:1036800000BF0198FFF774FE00BF03B05DF804FBB4
:103690007932002000B583B001900091094B1B786E
:1036A00083F00103DBB2002B08D10198FCF723FD66
:1036B000019801F019FF0198FCF762F903B05DF879
:1036C00004FB00BF5C320020054B4FF6FF721A80EE
:1036D000044B00221A60044B18221A7000BF704776
:1036E00068320020603200207932002000B583B0BB
:1036F000FEF75CFD0190019B002B01D0032344E009
:10370000FFF750FA0190019B002B01D003233CE00E
:1037100001F0BCFE0190019B002B01D0032334E09B
:1037200001F054F90190019B002B01D003232CE000
:10373000FCF7E2F80190019B002B01D0032324E069
:10374000FCF722FA0190019B002B01D003231CE01F
:10375000FCF708FE0190019B002B01D0032314E02D
:10376000FFF7B2FFFBF766FB03461A46094B1A70D8
:10377000084B1B78182B01D1032306E0064B0022CF
:103780001A70064B01221A700023184603B05DF828
:1037900004FB00BF793200205D3200205C32002043
:1037A00082B001900F4B1B7883F00103DBB2002B3A
:1037B00001D0082313E00C4B1B78022B01D9042302
:1037C0000DE0094B1B781946084A019B42F821304D
:1037D000054B1B780133DAB2034B1A7000231846ED
:1037E00002B070475C320020783200206C3200203A
:1037F00000B585B00190094B1B7883F00103DBB263
:10380000002B01D0082304E0019801F039FF039058
:10381000039B184605B05DF804FB00BF5C32002036
:1038200000B585B003460A46ADF8063013468DF85C
:1038300005300B4B1B7883F00103DBB2002B01D06A
:10384000082309E09DF80520BDF80630114618460A
:1038500001F054FF0390039B184605B05DF804FB8C
:103860005C32002000B583B003460091ADF806300D
:10387000009B002B05D0BDF806300099184601F0DA
:103880002DFF00BF03B05DF804FB000008B5054B39
:103890001B7883F00103DBB2002B01D1FCF7D4F8D5
:1038A00008BD00BF5C32002000B585B00346009122
:1038B000ADF806302A4B1B7883F00103DBB2002BF6
:1038C00001D0082347E0009B002B01D10E2342E0EA
:1038D000BDF806301846FBF739FA03468DF80F306D
:1038E0009DF80F30002B02D143F2020333E09DF824
:1038F0000F30022B0CBF01230023D9B2009A13789A
:1039000061F300031370174B1A78BDF806301146A7
:103910001846FBF7B7FA03461946009A137861F385
:10392000C3031370BDF806301846FBF745FA03468B
:103930001946009A137861F341031370BDF80630FD
:103940001846FBF74FFA03461946009A137861F3BD
:10395000820313700023184605B05DF804FB00BF16
:103960005C3200207932002000B583B0034600911C
:10397000ADF806300D4B1B7883F00103DBB2002B52
:1039800001D008230EE0009B002B01D10E2309E09B
:10399000BDF806301846FCF7A3FD03461A46009B07
:1039A0001A800023184603B05DF804FB5C32002047
:1039B00000B583B003460091ADF806300D4B1B787F
:1039C00083F00103DBB2002B01D008230EE0009B43
:1039D000002B01D10E2309E0BDF806301846FCF794
:1039E000DBFC03461A46009B1A800023184603B0EE
:1039F0005DF804FB5C32002000B583B00346ADF8EF
:103A000006300A4B1B7883F00103DBB2002B02D097
:103A10004FF6FF7305E0BDF806301846FFF7F1FAE0
:103A20000346184603B05DF804FB00BF5C3200207B
:103A300000B583B00346ADF80630094B1B7883F020
:103A40000103DBB2002B01D0082305E0BDF80630EE
:103A50001846FCF7C8FD0346184603B05DF804FBA2
:103A60005C32002000B589B0274B1B7883F001033E
:103A7000DBB2002B01D0082342E0244B01221A7054
:103A80004FF6FF70FFF7BDFA0346ADF81E30BDF8E4
:103A90001E304FF6FF7293422BD11C4B00221A703E
:103AA00001AB14220021184603F0CCF90C238DF849
:103AB00004304FF6FF73ADF808304FF6FF73ADF8E2
:103AC000063001AB1846FFF753FC12E0BDF81E307C
:103AD0001846FFF7ADFF0690069B002B01D003238D
:103AE0000EE0BDF81E301846FFF78BFA0346ADF81E
:103AF0001E30BDF81E304FF6FF729342E6D1002310
:103B0000184609B05DF804FB5C3200205E320020EC
:103B100000B58DB00390029101920093464B1B7843
:103B200083F00103DBB2002B01D0082380E04FF6C5
:103B3000FF70FFF766FA0346ADF82E3000230693B8
:103B400004AB00221A605A600123ADF8103006ABB6
:103B5000059304AABDF82E3006211846FFF76FFA28
:103B60000A90002309934FF0FF3308934FF6FF7339
:103B7000ADF81E304FF6FF73ADF81C300A9B072BD3
:103B80002AD1052354E00A9B052B01D1002306937B
:103B9000069B099A9A4205D8069B0993BDF82E30D8
:103BA000ADF81E30069B089A9A4205D9069B0893E9
:103BB000BDF82E30ADF81C30BDF82E301846FFF79A
:103BC00020FA0346ADF82E3004AABDF82E300621A7
:103BD0001846FFF734FA0A900A9B002BD3D00A9BB1
:103BE000052BD0D0BDF82E304FF6FF7293421CD17A
:103BF00000230A93039B002B03D0039BBDF81E20D8
:103C00001A80029B002B02D0029B099A1A60019B2A
:103C1000002B03D0019BBDF81C201A80009B002BB9
:103C200005D0009B089A1A6001E003230A930A9BBF
:103C300018460DB05DF804FB5C32002000B585B07D
:103C40000390029101920093039B002B2ED0029BC4
:103C5000002B2BD0009B002B28D0079B089A02FB3F
:103C600003F3019A9A4221D3079B0733DB08069A94
:103C70009A421BD3079B002B18D0089B002B15D012
:103C8000039B029A1A60039B009A5A60039B079A4F
:103C90009A60039B089ADA60039B5B68079A92B26A
:103CA0001146184600F003F9002300E007231846E8
:103CB00005B05DF804FB00B585B001900091019B53
:103CC000002B07D0019B1B68002B03D0019B5B6876
:103CD000002B01D1FF234FE0FF238DF80F3000238D
:103CE0008DF80E3041E0019B5B689DF80E2092B28A
:103CF0001146184600F0F1F80346002B13D09DF84A
:103D00000F30FF2B03D19DF80E308DF80F309DF84A
:103D10000E209DF80F30D31A5A1C009B9A421FD1D7
:103D20009DF80F3028E09DF80F30FF2B18D09DF83C
:103D30000F308DF80D300AE09DF80D3019460198CE
:103D400000F050F89DF80D3001338DF80D309DF8DE
:103D50000D209DF80E309A42EED3FF238DF80F30E0
:103D60009DF80E3001338DF80E309DF80E20019B2A
:103D70009B689A42B7D3FF23184605B05DF804FB51
:103D800000B583B001900B468DF80330019B002BEA
:103D900007D0019B1B68002B03D0019B5B68002BA5
:103DA00001D100231AE09DF80330FF2B15D0019BB1
:103DB0005B689DF8032092B21146184600F02DF979
:103DC0000346002B09D0019B1A689DF80330019926
:103DD000C96801FB03F3134400E00023184603B055
:103DE0005DF804FB00B583B001900B468DF80330FD
:103DF000019B002B20D0019B1B68002B1CD0019B3A
:103E00005B68002B18D09DF80330FF2B14D0019B6A
:103E10005B689DF8032092B21146184600F0FDF849
:103E20000346002B08D0019B5B689DF8032092B2EB
:103E30001146184600F074F800BF03B05DF804FBAB
:103E400000B585B001900B468DF8033000238DF846
:103E50000F30019B1A789DF803301340DBB2002B22
:103E60001FD100238DF80E300DF10E031846F1F727
:103E7000E7FB019B1A789DF803301340DBB2002B5F
:103E80000AD1019B1A789DF803301343DAB2019BE3
:103E90001A7001238DF80F309DF80E301846F1F797
:103EA000E5FB9DF80F30184605B05DF804FB00B542
:103EB00083B001900B46ADF80230019B002B08D077
:103EC000BDF802300733DB101A460021019802F0DA
:103ED000B9FF00BF03B05DF804FB00B583B00190EB
:103EE0000B46ADF80230019B002B14D0BDF8023018
:103EF000DB089BB21A46019B1A44BDF8023003F05E
:103F00000703012101FA03F3DBB219461046FFF75C
:103F100097FF034600E00023184603B05DF804FB5A
:103F200000B585B001900B46ADF80230BDF8023007
:103F3000DB089BB28DF80F30BDF8023003F00703A9
:103F4000012202FA03F38DF80E30019B002B29D0D9
:103F50009DF80F30019A13441A789DF80E301340E3
:103F6000DBB2002B1ED000238DF80D300DF10D03B8
:103F70001846F1F765FB9DF80F30019A13441B7842
:103F80005AB29DF90E30DB435BB2134059B29DF833
:103F90000F30019A1344CAB21A709DF80D301846BA
:103FA000F1F764FB00BF05B05DF804FB00B585B018
:103FB00001900B46ADF80230019B002B27D0002367
:103FC000ADF80E301DE0BDF80E30DB089BB21A468E
:103FD000019B1A44BDF80E3003F00703012101FADA
:103FE00003F3DBB219461046FFF72AFF0346002B06
:103FF00002D0BDF80E300CE0BDF80E300133ADF844
:104000000E30BDF80E20BDF802309A42DBD3BDF869
:104010000230184605B05DF804FB82B001900B46F3
:10402000ADF80230019B002B16D0BDF80230DB0842
:104030009BB21A46019B13441B781946BDF8023007
:1040400003F00703012202FA03F30B40002B14BF15
:1040500001230023DBB200E00123184602B07047C1
:104060007EDF704700BF18467FDF704700BF1846ED
:1040700086DF704700BF184600B583B00346ADF831
:104080000630064B1A78BDF8063011461846FAF786
:10409000F9FE0346184603B05DF804FBD821002062
:1040A00000B583B00346ADF80630064B1A78BDF86C
:1040B000063011461846FAF7E5FE0346184603B0E7
:1040C0005DF804FBD921002000B583B00346ADF8AC
:1040D0000630064B1A78BDF8063011461846FAF736
:1040E000D1FE0346184603B05DF804FBDA21002038
:1040F00000B583B00346ADF80630064B1A78BDF81C
:10410000063011461846FAF7BDFE0346184603B0BE
:104110005DF804FBDB21002000B583B00346ADF859
:104120000630064B1A78BDF8063011461846FAF7E5
:10413000A9FE0346184603B05DF804FBDC2100200D
:1041400000B585B00190019B5B881846FCF724F907
:1041500003461A46019B9A800023039305E0074B10
:1041600001989847039B01330393039B002BF6D0E0
:1041700000BF00BF05B05DF804FB00BF8D52030017
:1041800000B589B003460A46ADF8063013468DF8EF
:10419000053003AB00221A605A609A60DA601A6137
:1041A00001238DF80C30BDF80630ADF80E309DF8C7
:1041B00005308DF8143003AB1846FFF7C1FF00BF80
:1041C00009B05DF804FB00B589B003460091ADF875
:1041D000063003AB00221A605A609A60DA601A61F6
:1041E00007238DF80C30BDF80630ADF80E30009B7B
:1041F000059303AB1846FFF7A3FF00BF09B05DF8B6
:1042000004FB000010B588B00446084611461A4663
:104210002346ADF8063003468DF805300B46ADF861
:10422000023013468DF8043003AB00221A605A6046
:104230009A60DA601A6103238DF80C30BDF80630FD
:10424000ADF80E309DF805308DF81430BDF8023011
:10425000ADF816309DF804308DF81830074B1978FA
:10426000BDF8063000221846FAF736FE03AB1846B2
:10427000FFF766FF00BF08B010BD00BFD8210020C7
:1042800000B585B00346ADF806300B46ADF80430F6
:1042900013468DF8033000230393BDF8063018460B
:1042A000FCF77AF80346ADF80A30BDF80630184638
:1042B000FFF70AFF0346002B01D0012300E0022391
:1042C0008DF80930BDF806301846FFF711FF034698
:1042D000002B06D0BDF80A301846FCF784F903908D
:1042E00018E0BDF80A304FF6FF72934212D0BDF8C5
:1042F0000A3007211846FEF7C5FD0390039B002BEB
:1043000008D0039B052B05D0BDF80630039918464D
:10431000FFF759FF9DF80330BDF804209DF8091000
:10432000BDF80600FFF76EFF00BF05B05DF804FBA7
:1043300000B583B00346ADF806300B46ADF8043047
:1043400013468DF803309DF80330BDF80420BDF806
:1043500006000021FFF756FF00BF03B05DF804FB25
:1043600000B583B00346ADF806300B46ADF8043017
:1043700013468DF80330BDF806301846FFF77CFE73
:104380000346002B1AD0BDF806301846FFF788FE0A
:104390000346002B09D09DF80320BDF80410BDF89A
:1043A00006301846FFF76CFF08E09DF80320BDF8C3
:1043B0000410BDF806301846FFF7BAFF00BF03B07F
:1043C0005DF804FB00B583B00346ADF806300B463C
:1043D0008DF8053013468DF804301E4B19789DF882
:1043E0000520BDF806301846FAF776FD9DF8053031
:1043F000002B2BD0184B19789DF80430002B14BFDC
:1044000001230023DAB2BDF806301846FAF764FD3E
:10441000124B19789DF80430012B0CBF01230023A7
:10442000DAB2BDF806301846FAF756FD0C4B19788B
:10443000BDF8063000221846FAF74EFD9DF804201C
:10444000BDF8063011461846FFF79AFE00BF03B0CC
:104450005DF804FBD8210020D9210020DA210020BA
:10446000DB21002010B584B00446084611461A46E8
:104470002346ADF806300346ADF804300B468DF800
:10448000033013468DF802309DF80330002B14D012
:104490009DF80230002B1AD00E4B1978BDF806306B
:1044A00001221846FAF718FDBDF80420BDF80630C1
:1044B00011461846FCF782F809E09DF80230002BFF
:1044C00005D0BDF804301846FCF78DF8039000BF06
:1044D00004B010BDDB21002000B589B0019000239D
:1044E0000793019B0C331846FBF7CFFF0346ADF84B
:1044F0001A30BDF81A304FF6FF72934208D1019B73
:104500001B881846FBF748FF0346ADF81A3007E052
:10451000019B1B88BDF81A2011461846FCF74EF87F
:10452000019B1B88002201211846FFF74BFFBDF8B5
:104530001A304FF6FF72934222D002AABDF81A3009
:1045400007211846FEF7A6FB0590059B002B17D107
:10455000039B34330493049B1B7C03F00103DBB205
:10456000002B0BD1049B03F11202019B0C33194663
:104570001046FBF761FF0346002B01D0049B079315
:10458000019B1888002300220799FFF771FD059011
:10459000059B002B0ED0019B1888BDF81A10002334
:1045A0000022FFF75FFF019B1B8805991846FFF764
:1045B0000AFE13E0079B002B10D1019B1888BDF861
:1045C0001A1000230022FFF74DFF019B1B880022D9
:1045D00041F206011846FFF7ABFE00BF00BF09B06D
:1045E0005DF804FB00B589B00346ADF8063003ABB7
:1045F00014220021184602F025FC04238DF80C300B
:10460000BDF80630ADF80E3003AB1846FFF798FD45
:1046100000BF09B05DF804FB00B583B0034600910C
:10462000ADF80630064B1978009B1A78BDF80630B5
:104630001846FAF751FC00BF03B05DF804FB00BF59
:10464000DC21002000B585B00190019B1B793D2B3A
:1046500002D141F23D0301E04FF48853ADF80E3032
:10466000019B1B88BDF80E1000221846FFF778FE4C
:1046700000BF05B05DF804FB00B589B003460091AA
:10468000ADF8063003AB00221A605A609A60DA6017
:104690001A6105238DF80C30BDF80630ADF80E30E8
:1046A000009B059303AB1846FFF74AFD00BF09B016
:1046B0005DF804FB00B583B00190019B1B88184690
:1046C000FAF712FB0346012B0FD1019B1888019BBF
:1046D0001B7903F00103DBB2002B01D0012300E0C2
:1046E00002231A460121FFF76DFE019B1A88019BE8
:1046F000043319461046FFF7BFFF00BF03B05DF853
:1047000004FB000000B591B0019000230D93019BC4
:104710001B88ADF83230BDF832301846FAF7E4FAAB
:1047200003468DF83130BDF832301846FBF734FEC1
:104730000346ADF82E30BDF82E30ADF83E300023E4
:104740008DF83D30624B1978BDF8323000221846A2
:10475000FAF7C2FB9DF83130002B00F0B580019BC9
:104760005B7903F00403DBB2002B00F083804FF68B
:10477000FF73ADF83A3001238DF83D3007ABBDF83B
:104780002E0001220721FEF79BFA0D900D9B002BB6
:1047900009D0BDF832300D991846FFF714FD0023FB
:1047A0008DF83D3008E0089B4FF6FF711846FBF787
:1047B000AFFD0346ADF83A30BDF83A304FF6FF7220
:1047C000934229D0BDF83A30ADF83E30BDF83E20D6
:1047D000BDF8323011461846FBF7F0FEBDF8323016
:1047E0001846FFF799FC034683F00103DBB2002B68
:1047F00012D0BDF832301846FFF7F4FEBDF8323063
:104800001846FFF789FC034683F00103DBB2002B57
:1048100002D000238DF83D309DF83D30002B14D0A0
:10482000BDF83E20BDF82E3007211846FEF7B6FB36
:104830000D900D9B002B08D0BDF832300D99184615
:10484000FFF7C1FC00238DF83D30BDF83A304FF63C
:10485000FF7293421CD0BDF832301846FFF748FC77
:104860000346002B14D0BDF82E301846FBF7BBFED4
:1048700009900DE0BDF832301846FFF739FC0346C9
:10488000002B05D0BDF82E301846FBF7ACFE0A9081
:1048900002238DF80830BDF83230ADF80A30019BA4
:1048A0005B7903F00403DBB2002B01D0012300E0AD
:1048B00002238DF810309DF83D308DF8113002AB99
:1048C0001846FFF73DFC00E000BF11B05DF804FBA7
:1048D000D821002000B583B00190019B1888019B6E
:1048E0001B791946019B5B79C3F30103DBB21A46BE
:1048F000FFF736FD00BF03B05DF804FB00B583B0E1
:104900000190019B1B79002B03D10198FFF7FAFE60
:1049100003E00198FFF7DEFF00BF00BF03B05DF8C2
:1049200004FB000000B589B00190019B1B8818466C
:10493000FFF7B6FB034683F00103DBB2002B2CD05C
:10494000019B1B881846FAF737FA034683F00103E8
:10495000DBB2002B08D0019B1B88012241F206012B
:104960001846FFF7E5FC18E0019B1B880D4A1178FB
:1049700000221846FAF7B0FA02238DF80C30019B9A
:104980001B88ADF80E3000238DF8143000238DF80D
:10499000153003AB1846FFF7D3FB00BF09B05DF835
:1049A00004FB00BFD821002000B583B00190019B1B
:1049B0001B78182B05D1FAF73DFA03461A46019BDE
:1049C0001A7000BF03B05DF804FB000008B515487D
:1049D000FFF7EAFF1448FFF7E7FF1448FFF7E4FF8B
:1049E0001348FFF7E1FF1348FFF7DEFF0D4B1B787D
:1049F000182B0FD00C4B1B78182B0BD00B4B1B78A4
:104A0000182B07D00A4B1B78182B03D0094B1B78A7
:104A1000182B01D1032303E0074B01221A70002356
:104A2000184608BDD8210020D9210020DA21002015
:104A3000DB210020DC2100207A32002000B589B083
:104A400001930346ADF80E300B46ADF80C3013461B
:104A50008DF80B300A9B002B01D103234AE005ABF4
:104A6000BDF80C0001220721FEF72AF90790079BE9
:104A7000112B3ED0079B002B02D00323079338E075
:104A8000069B50220021184602F0DCF9069B9DF897
:104A90000B201A70069B03F134020A9B1A600A9BD2
:104AA000019ADA60069B03F118020A9B1A61069BC1
:104AB0005A1C0A9B5A610A9B104ADA61069B03F151
:104AC0001102BDF80E3011461846FBF789FC07901D
:104AD000079B002B01D003230CE0BDF80C3007210D
:104AE0001846FEF7FFF90790079B052B01D103231A
:104AF00000E0079B184609B05DF804FB7C320020FB
:104B000000B593B0034604910392ADF81630BDF89A
:104B100016301846FAF7E8F803468DF83D304FF6A0
:104B2000FF73ADF846300023109300238DF83F301B
:104B3000BDF816301846FFF7DBFA03468DF83E3015
:104B400007AB20220021184602F07CF99DF83D3089
:104B5000012B07D1554B1978BDF8163000221846A5
:104B6000FAF7BAF99DF83D30002B02D143F2020367
:104B700097E0049B002B03D185238DF83F3060E044
:104B8000049B1B7803F00103DBB2002B04D1039BD1
:104B90000A93474B0E9354E0BDF816301846FBF7C6
:104BA000FBFB0346ADF84630BDF846304FF6FF72CA
:104BB000934211D1FEF71CF80346ADF84630BDF81C
:104BC00046304FF6FF72934203D001238DF83E30FA
:104BD00024E00323109321E09DF83D30012B1DD1EB
:104BE000BDF816301846FFF797FA034683F0010325
:104BF000DBB2002B12D0BDF816301846FFF7F2FCDE
:104C0000BDF816301846FFF787FA034683F0010314
:104C1000DBB2002B02D085238DF83F309DF83F306A
:104C2000852B0ED0109B002B0BD19DF83D20BDF89D
:104C30004610BDF8160007AB0093039BFFF7FEFE7E
:104C40001090109B002B16D19DF83D30012B09D1FF
:104C500007AB9DF83F10BDF81600049AFFF704FA61
:104C6000109008E007AB9DF83F10BDF81600002239
:104C7000FFF7FAF91090109B002B05D19DF83F30FB
:104C8000002B01D1012300E0002303F00103DAB27D
:104C90009DF83E30BDF84610BDF81600FFF7E2FB68
:104CA000109B184613B05DF804FB00BFDC21002008
:104CB0007C32002000B585B003460091ADF8063087
:104CC00000230393009B002B06D0BDF8063000990B
:104CD0001846FFF7C5F90390039B184605B05DF829
:104CE00004FB00B585B003460091ADF806301346CD
:104CF0008DF80530BDF806301846F9F7F5FF034684
:104D00008DF80F309DF80F30012B07D1BDF806301C
:104D100000991846FFF7CEFF034601E043F2020375
:104D2000184605B05DF804FB00B583B00190019B07
:104D30001B88113B092B35D801A252F823F000BF84
:104D4000694D0300A54D0300754D0300814D03001F
:104D5000A54D0300A54D0300A54D0300A54D03007F
:104D60008D4D0300994D0300019B04331846FFF756
:104D700069FC17E0019B04331846FFF79BFC11E028
:104D8000019B04331846FFF7A7FB0BE0019B04339C
:104D90001846FFF7B3FD05E0019B04331846FFF703
:104DA000C1FD00BF00BF03B05DF804FB82B00190FD
:104DB000019B002B14BF01230023DBB2184602B075
:104DC0007047000000B585B001900023039305E013
:104DD000064B01989847039B01330393039B002BD9
:104DE000F6D000BF00BF05B05DF804FB013603003C
:104DF00000B585B003460091ADF8063013468DF836
:104E0000053000238DF80F3000238DF80E30009B05
:104E1000862B06D100238DF80E3001238DF80F303C
:104E20000FE0009B112B06D101238DF80E300023DB
:104E30008DF80F3005E000238DF80E3000238DF83B
:104E40000F309DF80530002B22D01C4B19789DF8AF
:104E50000F20BDF806301846FAF73EF8184B1978BF
:104E60009DF80E20BDF806301846FAF735F8154BB8
:104E70001978BDF8063000221846FAF72DF8124BC3
:104E80001978BDF8063000221846FAF725F811E027
:104E90000C4B19789DF80F20BDF806301846FAF72C
:104EA0001BF8094B19789DF80E20BDF806301846FE
:104EB000FAF712F800BF05B05DF804FBE22100200C
:104EC000E1210020DE210020DD21002000B58BB093
:104ED000034602910192ADF80E30029B002B45D0A3
:104EE000029B112B42D0029B082B3FD005AB002226
:104EF0001A605A609A60DA601A61BDF80E30ADF837
:104F00001630BDF80E301846FBF746FA0346ADF8EA
:104F10001830029B0D2B19D103238DF81430019BFF
:104F2000002B08D0019B1B7803F00103DBB2002BA0
:104F300001D0012300E002238DF81C3000238DF8FE
:104F4000203041F20113ADF81E300BE0029B862B9E
:104F500003D106238DF8143004E007238DF81430B4
:104F6000029B079305AB1846FFF72CFF00BF0BB061
:104F70005DF804FB00B58BB0034602910192ADF8D9
:104F80000E3005238DF81430BDF80E30ADF8163014
:104F9000BDF80E301846FBF7FFF90346ADF81830A0
:104FA000029B0793019B089305AB1846FFF70AFF86
:104FB00000BF0BB05DF804FB10B487B0019003ABE9
:104FC00000221A605A609A60074B1B680393019B8A
:104FD0001C4603AB93E8070084E80700019807B07C
:104FE0005DF8044B704700BFC832002010B588B090
:104FF0000446084611461A462346ADF806300346D5
:105000008DF805300B468DF8043013468DF80330CB
:105010009DF80530002B02D0002306931CE002AB64
:105020001846FFF7C9FF02AABDF80630002118464E
:10503000FFF7A0FF029B06934B4B1B7883F0010305
:10504000DBB2002B08D09DF8113083F00103DBB2F6
:10505000002B01D0052384E09DF80420BDF8063024
:1050600006991846FFF73DFE0590BDF80630002270
:1050700005991846FFF7BCFE059B43F202029342D6
:105080005DD0059B43F2020293425BD8059B112B36
:105090002AD8059B112B55D801A252F823F000BF46
:1050A0003F510300455103004551030045510300A2
:1050B000455103004551030045510300455103008C
:1050C0003F51030045510300455103004551030082
:1050D000455103003F510300455103004551030072
:1050E00045510300F1500300059B862B15D029E0A4
:1050F0001E4B19789DF80520BDF806301846F9F7C3
:10510000EBFE1B4B19789DF80420BDF806301846BD
:10511000F9F7E2FE0023079317E0144B19789DF886
:105120000520BDF806301846F9F7D6FE104B197861
:105130009DF80420BDF806301846F9F7CDFE059B12
:10514000079302E00323079300BF9DF80330002B71
:1051500006D0BDF80630069A05991846FFF7B6FE48
:10516000079B184608B010BDCC320020E02100207B
:10517000DF21002000B587B003460091ADF806306E
:1051800002AB1846FFF718FF02AABDF806300099D7
:105190001846FFF7EFFE02990C4B1A68BDF806306F
:1051A0001846FFF7ADFC0590BDF8063001220599C1
:1051B0001846FFF71DFE029ABDF8063005991846FD
:1051C000FFF784FE00BF07B05DF804FBD03200207B
:1051D00000B583B00190019B5A88019B9B681946DA
:1051E0001046FFF7C7FF00BF03B05DF804FB0000E7
:1051F00000B585B0019000238DF80F301C4B1B6863
:10520000002B03D101238DF80F3024E0194B1B78BC
:1052100003F00103DBB2002B14BF01230023DBB238
:105220001A46019B1B7A9A4203DA01238DF80F304C
:1052300011E0104B1B7803F00203DBB2002B14BF0C
:1052400001230023DBB21A46019B5B7A9A4202DA01
:1052500001238DF80F30019B58889DF80F10012312
:105260000022FFF7C3FE029000BF05B05DF804FB0B
:10527000C8320020C032002000B583B001900198F0
:10528000FFF7A0FD00BF03B05DF804FB00B583B0DD
:105290000190019B1B78052B02D0122B04D006E055
:1052A0000198FFF795FF06E00198FFF7A1FF01982D
:1052B000FFF7E2FF00BF00BF03B05DF804FB000092
:1052C00000B599B003468DF807309DF807301846B1
:1052D000F9F72CFE16901698FFF768FD0346002B91
:1052E0004CD003AB1846F9F793FD0023179341E028
:1052F000179B5B0060336B4433F8503C9DF80720EC
:1053000011461846F9F7BEFD03468DF857309DF853
:105310005730002B2BD0179B5B0060336B4433F866
:10532000503C184A127811461846F9F7ABFD03466F
:105330008DF85630179B5B0060336B4433F8503C5C
:10534000114A127811461846F9F79CFD03468DF86C
:105350005530179B5B0060336B4433F8500C9DF85D
:1053600056209DF855100123FFF740FE1490179B1F
:1053700001331793039B179A9A42B9D300BF19B010
:105380005DF804FBDF210020E021002000B597B08C
:1053900003468DF807309DF807301846F9F7C6FD2B
:1053A00014901498FFF702FD0346002B2AD002AB9D
:1053B0001846F9F72DFD002315931FE0159B5B00A0
:1053C00058336B4433F84C3C9DF80720114618467F
:1053D000F9F758FD03468DF84F309DF84F30002BFC
:1053E00009D0159B5B0058336B4433F84C3C0021CB
:1053F0001846FFF7BFFE159B01331593029B159AC4
:105400009A42DBD300BF17B05DF804FB00B583B050
:105410000190019B1B780B2B02DC082B0CDA16E0A9
:10542000132B14D10C4B1B781846FFF7AFFF0B4B17
:105430001B781846FFF744FF094B1B781846FFF707
:10544000A5FF084B1B781846FFF73AFF00E000BFA6
:1054500000BF03B05DF804FBE2210020DE21002044
:10546000E1210020DD21002000B583B00190019BE7
:105470001B78182B05D1F9F7DDFC03461A46019B72
:105480001A7000BF03B05DF804FB000008B50F48B8
:10549000FFF7EAFF0E48FFF7E7FF0E48FFF7E4FFCC
:1054A0000D48FFF7E1FF0D48FFF7DEFF0C48FFF75F
:1054B000DBFF0B4B1B78182B01D1032303E0094BB7
:1054C00001221A700023184608BD00BFDD2100200C
:1054D000DE210020DF210020E0210020E12100204A
:1054E000E2210020BC32002000B583B00190019879
:1054F000FFF71AFC044B1B781846FFF7E1FE00BFCC
:1055000003B05DF804FB00BFDD21002082B00190F4
:10551000019B002B01D10023AEE0019B1B7803F01F
:105520000203DBB2002B08D1019B1B7823F07F0321
:10553000DBB2002B01D000239EE0019B1B78C3F35C
:105540000213DBB2042B01D9002395E0019B1B78E9
:1055500003F00203DBB2002B0FD0019B1B7803F09A
:105560007003DBB2302B08D1019B1B7823F07F0343
:10557000DBB2002B01D100237EE0019B5A78019B16
:105580009B789A4201D9002376E0019B5B78062B39
:1055900001D8002370E0019B9B78102B01D90023D8
:1055A0006AE0019BDB7803F00403DBB2002B06D139
:1055B000019B1B7903F00403DBB2002B01D0002315
:1055C0005AE0019BDB7803F00803DBB2002B06D125
:1055D000019B1B7903F00803DBB2002B01D00023F1
:1055E0004AE0019B1B7803F00103DBB2002B1DD1C5
:1055F000019BDB7803F00103DBB2002B14D1019B8C
:10560000DB7803F00203DBB2002B0DD1019B1B7989
:1056100003F00103DBB2002B06D1019B1B7903F0E1
:105620000203DBB2002B01D0002325E0019B1B7895
:1056300003F00103DBB2002B1DD0019BDB7803F0EC
:105640000103DBB2002B16D1019BDB7803F00203D0
:10565000DBB2002B0FD1019B1B7903F00103DBB2FE
:10566000002B08D1019B1B7903F00203DBB2002B56
:1056700001D1002300E00123184602B0704700006A
:1056800000B583B00190019B002B07D1104B002285
:105690001A60104B01221A70002314E00198FFF7E2
:1056A00035FF0346002B0DD00B4B019A1068186094
:1056B00012791A71064B084A1A60064B01221A70B9
:1056C000002300E00723184603B05DF804FB00BF89
:1056D000C8320020CC320020C032002000B583B098
:1056E00003460091ADF80630BDF806300099184623
:1056F000FEF792FF00BF03B05DF804FB00B585B074
:1057000003460A46ADF8063013468DF805309DF87D
:105710000520BDF8060000230021FFF767FC039079
:10572000039B184605B05DF804FB0000BFF34F8FE4
:1057300000BF074BDB6803F4E0620549054B1343E8
:10574000CB60BFF34F8F00BF00BF00BFFCE700BFBF
:1057500000ED00E00400FA05024B034A1A6000BFA6
:10576000704700BFE42100200090D00308B500F08E
:105770005DF90346002B06D09B4B1B681B0A9B4A16
:1057800003F01F03136000F07DF90346002B02D0E5
:10579000974B984A1A6000F091F90346002B06D007
:1057A000954B1B685B0B954A03F00703136000F0F1
:1057B000B1F90346002B05D0914BDB68904A23F0EA
:1057C0008073D36000F0C2F90346002B0ED04FF077
:1057D00080430022C3F80C214FF080430022C3F81D
:1057E00010214FF080430022C3F8382500F0DAF989
:1057F0000346002B02D0834B03221A6000F0EEF91F
:105800000346002B0BD0804B05221A607F4B0122F0
:105810001A607F4B00221A607E4B3F221A6000F014
:10582000F9F90346002B76D04FF080537A4AD3F82B
:105830000434C2F820354FF08053774AD3F8083447
:10584000C2F824354FF08053734AD3F80C34C2F8B1
:1058500028354FF08053704AD3F81034C2F82C35F5
:105860004FF080536C4AD3F81434C2F830354FF0FF
:105870008053694AD3F81834C2F834354FF0805356
:10588000654AD3F81C34C2F840354FF08053624A61
:10589000D3F82034C2F844354FF080535E4AD3F831
:1058A0002434C2F848354FF080535B4AD3F828348B
:1058B000C2F84C354FF08053574AD3F82C34C2F815
:1058C00050354FF08053544AD3F83034C2F8543531
:1058D0004FF08053504AD3F83434C2F860354FF05B
:1058E00080534D4AD3F83834C2F864354FF08053B2
:1058F000494AD3F83C34C2F868354FF08053464AE1
:10590000D3F84034C2F86C354FF08053424AD3F894
:105910004434C2F8703500F099F90346002B05D0E5
:105920003E4B1B683E4A03F04F03136000F0BAF988
:105930000346002B0DD04FF08043D3F8003403F022
:105940000103002B05D04FF080436FF00102C3F834
:105950000024344BD3F88830324A43F47003C2F841
:105960008830BFF34F8F00BFBFF36F8F00BF4FF082
:105970001023D3F80032002B05DB4FF01023D3F8AF
:105980000432002B2BDA284B0122C3F8042500BF78
:10599000254BD3F80034002BFAD04FF010231522FA
:1059A000C3F8002200BF204BD3F80034002BFAD0FC
:1059B0004FF010231522C3F8042200BF1A4BD3F86E
:1059C0000034002BFAD0184B0022C3F8042500BF86
:1059D000154BD3F80034002BFAD0FFF7A7FEFFF7E2
:1059E000BBFE00BF08BD00BF2403001040350140CE
:1059F00074C007400DF0ADBA440200103C050040F1
:105A0000F0ED00E0A0050040105600408856004030
:105A1000185600401456004000C0004058020010C4
:105A2000E40E004000ED00E000E00140124B1B6876
:105A3000DBB2062B1DD1114B1B6803F00F03002BAB
:105A400017D10F4B1B6803F0F003302B01D101235A
:105A500010E00B4B1B6803F0F003402B01D1012336
:105A600008E0074B1B6803F0F003502B01D1012322
:105A700000E0002318467047E00F00F0E40F00F04C
:105A8000E80F00F00A4B1B68DBB2062B0DD1094B67
:105A90001B6803F00F03002B07D1074B1B6803F0B3
:105AA000F003302B01D1012300E00023184670479A
:105AB000E00F00F0E40F00F0E80F00F0124B1B685D
:105AC000DBB2062B1DD1114B1B6803F00F03002B1B
:105AD00017D10F4B1B6803F0F003302B01D10123CA
:105AE00010E00B4B1B6803F0F003402B01D10123A6
:105AF00008E0074B1B6803F0F003502B01D1012392
:105B000000E0002318467047E00F00F0E40F00F0BB
:105B1000E80F00F00A4B1B68DBB2062B0DD1094BD6
:105B20001B6803F00F03002B07D1074B1B6803F022
:105B3000F003302B01D1012300E000231846704709
:105B4000E00F00F0E40F00F0E80F00F0124B1B68CC
:105B5000DBB2062B1DD1114B1B6803F00F03002B8A
:105B600017D10F4B1B6803F0F003302B01D1012339
:105B700010E00B4B1B6803F0F003402B01D1012315
:105B800008E0074B1B6803F0F003502B01D1012301
:105B900000E0002318467047E00F00F0E40F00F02B
:105BA000E80F00F00A4B1B68DBB2062B0DD1094B46
:105BB0001B6803F00F03002B07D1074B1B6803F092
:105BC000F003302B01D1012300E000231846704779
:105BD000E00F00F0E40F00F0E80F00F00A4B1B6844
:105BE000DBB2062B0DD1094B1B6803F00F03002B12
:105BF00007D1074B1B6803F0F003302B01D10123C1
:105C000000E0002318467047E00F00F0E40F00F0BA
:105C1000E80F00F00A4B1B68DBB2062B0DD1094BD5
:105C20001B6803F00F03002B07D1074B1B6803F021
:105C3000F003502B01D1012300E0002318467047E8
:105C4000E00F00F0E40F00F0E80F00F0124B1B68CB
:105C5000DBB2062B1DD1114B1B6803F00F03002B89
:105C600017D10F4B1B6803F0F003302B01D1012338
:105C700010E00B4B1B6803F0F003402B01D1012314
:105C800008E0074B1B6803F0F003502B01D1012300
:105C900000E0002318467047E00F00F0E40F00F02A
:105CA000E80F00F0124B1B68DBB2062B1DD1114B25
:105CB0001B6803F00F03002B17D10F4B1B6803F079
:105CC000F003302B01D1012310E00B4B1B6803F0D4
:105CD000F003402B01D1012308E0074B1B6803F0C0
:105CE000F003502B01D1012300E000231846704738
:105CF000E00F00F0E40F00F0E80F00F082B0034680
:105D00000091ADF80630BDF80630DAB2009B1A708B
:105D1000BDF806301B0A9AB2009B0133D2B21A704A
:105D20000223184602B07047A0DF704700BF184634
:105D3000A2DF704700BF184600B585B00190009102
:105D4000009B002B14BF01230023DBB20393039BB2
:105D5000002B04D1354A4D210020EEF7EDFC019BCC
:105D6000002B14BF01230023DBB20293029B002B04
:105D700004D12E4A4E210020EEF7DEFC009BD3E931
:105D80000023D2B2019B1A70009BD3E900014FF0AF
:105D900000024FF00003020A42EA01620B0A019975
:105DA0000131D3B20B70009BD3E900014FF0000228
:105DB0004FF00003020C42EA01420B0C0199023140
:105DC000D3B20B70009BD3E900014FF000024FF0FB
:105DD0000003020E42EA01220B0E01990331D3B2F5
:105DE0000B70009BD3E900014FF000024FF000035D
:105DF0000A00002301990431D3B20B70009B9A680A
:105E0000019B0533D2B21A70009B9B681A0A019B52
:105E10000633D2B21A70009B9B681A0C019B0733A1
:105E2000D2B21A7000BF05B05DF804FB64830300B2
:105E300000B587B00190009100238DF81730009BCA
:105E4000002B14BF01230023DBB20493049B002B1F
:105E500004D1314A65210020EEF76EFC019B002B36
:105E600014BF01230023DBB20393039B002B04D157
:105E7000294A66210020EEF75FFC9DF817305A1C76
:105E80008DF817201A46019B1344009A12781A7055
:105E9000009B58889DF81730019A13441946FFF764
:105EA0002DFF03461A469DF8173013448DF817301E
:105EB000009B98889DF81730019A13441946FFF704
:105EC0001DFF03461A469DF8173013448DF817300E
:105ED000009BD8889DF81730019A13441946FFF7A4
:105EE0000DFF03461A469DF8173013448DF81730FE
:105EF0009DF81730072B0CBF01230023DBB2029360
:105F0000029B002B04D1044A6E210020EEF714FC02
:105F100000BF07B05DF804FB6483030000B595B0D3
:105F2000029101930346ADF80E301346ADF80C30E4
:105F3000029B002B14BF01230023DBB21393139B9E
:105F4000002B04D13D4A87210020EEF7F5FBBDF878
:105F50000C30002B14BF01230023DBB21293129BE1
:105F6000002B04D1354A88210020EEF7E5FB0AAB6F
:105F70001C220021184600F065FF9DF8283043F0F0
:105F800002038DF8283000230B9300230D93002388
:105F90000E9300230F930023109301238DF84630B6
:105FA000BDF80E30ADF8443004AB03220021184692
:105FB00000F048FF019B1B788DF81030019B5B7847
:105FC0008DF811309DF81230012262F342038DF8F2
:105FD00012309DF8123023F008038DF812309DF82E
:105FE000123023F010038DF812309DF8123023F098
:105FF00001038DF8123005AB14220021184600F081
:1060000021FF11AB059304AB0693BDF80C30ADF83E
:106010001C300023ADF81E30BDF80C30ADF8203038
:10602000029B0993064B188805AA0AA9169BFFF73D
:106030007FFE0346184615B05DF804FB6483030039
:10604000D432002000B58BB0039001238DF82230AC
:1060500041F60A03ADF8203008AB724A1946012018
:10606000FFF762FE0990099B002B01D0099BD4E049
:10607000039B1B88002B11D0039B5968039B1A8834
:10608000039B3C336848009042F62920FFF746FF07
:106090000990099B002B01D0099BBEE0039B1B8943
:1060A000002B11D0039BD968039B1A89039B3C33B7
:1060B0005E48009042F62420FFF730FF0990099BCC
:1060C000002B01D0099BA8E0039B1B8A002B11D059
:1060D000039B5969039B1A8A039B3C3354480090E5
:1060E00042F62520FFF71AFF0990099B002B01D0EB
:1060F000099B92E0039B1B8B002B11D0039BD9695A
:10610000039B1A8B039B3C334A48009042F627209E
:10611000FFF704FF0990099B002B01D0099B7CE04D
:10612000039B1B8C002B11D0039B596A039B1A8C79
:10613000039B3C334048009042F62620FFF7EEFEDA
:106140000990099B002B01D0099B66E0039B1B8DE6
:10615000002B11D0039BD96A039B1A8D039B3C3300
:106160003648009042F62820FFF7D8FE0990099B98
:10617000002B01D0099B50E0039B1B6B002B16D01A
:10618000039B1A6B06AB11461846FFF7D5FD039B20
:106190003C3306A92A4A0092082242F62320FFF740
:1061A000BDFE0990099B002B01D0099B35E0039BA4
:1061B0005B6B002B15D0039B5B6B1968039B5B6BC0
:1061C0001B791846039B3C331E4A0092024642F656
:1061D0002A20FFF7A3FE0990099B002B01D0099B01
:1061E0001BE0039B9B6B002B16D0039B9A6B04ABAD
:1061F00011461846FFF71CFE039B3C3304A9124AC4
:106200000092072242F65020FFF788FE0990099B72
:10621000002B01D0099B00E0002318460BB05DF86D
:1062200004FB00BFD4320020D8320020E03200202E
:10623000E8320020F0320020F83200200033002045
:1062400008330020103300201833002082B00346AA
:106250008DF807309DF8073003F01F0205499DF9BE
:1062600007305B09012000FA02F241F8232000BF49
:1062700002B0704700E100E082B003468DF80730BD
:106280009DF8073003F01F0206499DF907305B09AE
:10629000012000FA02F2203341F8232000BF02B0AF
:1062A000704700BF00E100E082B0034600918DF826
:1062B00007309DF90730002B0CDA009BDAB20C494D
:1062C0009DF8073003F00F03043B5201D2B20B4498
:1062D0001A7609E0009BDAB206499DF907305201AF
:1062E000D2B20B4483F8002300BF02B0704700BF56
:1062F00000ED00E000E100E082B003468DF80730D9
:106300009DF90730002B0BDA0B4A9DF8073003F09C
:106310000F03043B13441B7EDBB25B09DBB208E0D6
:10632000064A9DF90730134493F80033DBB25B094A
:10633000DBB2184602B0704700ED00E000E100E07B
:1063400000B583B00190019B002B03D10449C42008
:10635000F5F706FF019B5B68184603B05DF804FB88
:10636000C083030010DF704700BF184611DF70477D
:1063700000BF184682B003468DF807309DF90730FC
:106380001F2B0CDC9DF907300F4A22FA03F303F0B0
:106390000103002B14BF01230023DBB210E09DF9A1
:1063A00007303F2B0BDC9DF90730203B012202FA1E
:1063B00003F3002B14BF01230023DBB200E0012311
:1063C000184602B0704700BFFC06FFBD82B00190C6
:1063D000019B072B01D900230BE0019B002B05D06B
:1063E000019B012B02D0019B042B01D1002300E073
:1063F0000123184602B0704700B583B003468DF8FC
:1064000007309DF907301846FFF7B4FF0346002B0D
:1064100002D142F201032EE09DF907301846FFF742
:106420006BFF03461846FFF7D1FF0346002B02D14E
:1064300042F202031FE0124B9B68002B15D09DF91E
:1064400007305B090E4A52F823209DF8073003F00D
:106450001F03012101FA03F319469DF907305B0977
:106460000A43074941F8232004E09DF90730184604
:10647000FFF7ECFE0023184603B05DF804FB00BFF5
:10648000A428002000B583B003468DF807309DF99D
:1064900007301846FFF76EFF0346002B02D142F289
:1064A00001031FE0114B9B68002B15D09DF90730AD
:1064B0005B090E4A52F823109DF8073003F01F03C2
:1064C000012202FA03F3DA439DF907305B090A401F
:1064D000064941F8232004E09DF907301846FFF7EC
:1064E000CBFE0023184603B05DF804FBA42800206F
:1064F00000B583B0034600918DF807309DF9073051
:106500001846FFF737FF0346002B02D142F2010382
:106510000FE00098FFF75AFF0346002B02D142F22A
:10652000020306E09DF9073000991846FFF7BCFE0C
:106530000023184603B05DF804FB000000B587B0E7
:1065400003468DF8073002AB14491846F2F77EFB7C
:1065500017E002AB1846FFF7F3FE0590059B1B689A
:106560000493059B59689DF80720049B10469847A3
:106570000346002B01D111230BE002AB1846F2F7C2
:106580008FFB02AB1846FFF7DBFE0346002BE0D182
:106590000023184607B05DF804FB00BF74840300B5
:1065A00000B587B003468DF8073002AB1149184695
:1065B000F2F74CFB12E002AB1846FFF7C1FE059064
:1065C000059B1B680493059B59689DF80720049B55
:1065D0001046984702AB1846F2F762FB02AB18462A
:1065E000FFF7AEFE0346002BE5D100BF00BF07B0AA
:1065F0005DF804FB8084030000B583B01620FFF72C
:10660000FBFE0190019B0093009B002B04D0044AE9
:1066100099210098EEF790F800BF03B05DF804FBF5
:106620001C84030000B583B01620FFF72BFF0190F8
:10663000019B0093009B002B04D0044AA5210098E5
:10664000EEF77AF800BF03B05DF804FB1C8403008A
:1066500000B585B007211620FFF74AFF0390039B82
:106660000293029B002B04D00B4AB8210298EEF74C
:1066700063F807211520FFF73BFF0390039B01936D
:10668000019B002B04D0044ABA210198EEF754F87C
:1066900000BF05B05DF804FB1C84030000B583B0A7
:1066A0001B4B1B78002B01D008232CE0194B012237
:1066B0001A700020FFF742FF0346112B01D100237F
:1066C00021E00020FFF76CFF134B1B6800936B4623
:1066D00012491846FFF746FE0190019B002B01D09E
:1066E000019B10E00A4B01221A700A4B00221A701B
:1066F0000B4B00221A70FFF7ABFFFFF77DFF012065
:10670000FFF74EFF0023184603B05DF804FB00BFFF
:10671000203300202233002070840300054802004B
:106720002133002000B583B0174B1B7883F00103A1
:10673000DBB2002B01D0082321E0144B01221A7098
:106740000120FFF7FBFE0346112B01D1002316E0C9
:106750000220FFF725FFFFF709FE0190019B002BA8
:1067600001D0019B0BE0084B00221A70074B00225E
:106770001A70FFF757FF0320FFF712FF0023184698
:1067800003B05DF804FB00BF20330020223300205B
:1067900008B50B4B1B7883F00103DBB2002B01D053
:1067A00008230AE0074B1B78002B03D0FFF7BAFF42
:1067B000034602E0FFF772FF0346184608BD00BF1C
:1067C0002233002020330020014B1B7818467047ED
:1067D0002033002000B585B06B4611491846F2F70A
:1067E00035FA10E06B461846FFF7AAFD0390039BAD
:1067F0001B680293039B5A68029B104698476B469E
:106800001846F2F74DFA6B461846FFF799FD034616
:10681000002BE7D100BF00BF05B05DF804FB00BF4F
:106820008C84030008B5FFF7D5FF00BF08BD60DF0B
:10683000704700BF184669DF704700BF184661DF28
:10684000704700BF1846000000B583B00190019B5F
:10685000002B03D10449C420F5F782FC019B5B683F
:10686000184603B05DF804FB9884030082B00190E1
:10687000019B002B01D10E2304E0044B1A46019B1F
:106880001A600023184602B0704700BFE0200020C5
:1068900010B586B0034600918DF807300098FFF7D9
:1068A000E5FF0590059B002B01D0059BBAE002ABEC
:1068B0000C220021184600F0C5FA9DF807308DF82B
:1068C000083001238DF80A300323ADF80C30009B0B
:1068D0001A6802AB19462020FFF7ADFF0590059B13
:1068E000002B0DD0514B1B881B0443F0010405986D
:1068F000F2F708FA03461A464D492046EDF78CF99F
:1069000002AB0C220021184600F09CFA01238DF8FE
:10691000083000238DF8093000238DF80A30009BE1
:106920001A6802AB19464020FFF785FF0590059BCA
:10693000002B0DD03D4B1B881B0443F00104059830
:10694000F2F7E0F903461A463A492046EDF764F9B2
:1069500002AB0C220021184600F074FA00238DF8D7
:106960000830009B1A6802AB19460120FFF763FF4D
:106970000590059B002B0DD02C4B1B881B0443F06E
:1069800001040598F2F7BEF903461A462A49204643
:10699000EDF742F902AB0C220021184600F052FA42
:1069A0004FF4B0630293009B1A6802AB1946A12012
:1069B000FFF741FF0590059B002B0DD01B4B1B885B
:1069C0001B0443F001040598F2F79CF903461A46AC
:1069D0001A492046EDF720F902AB0C220021184697
:1069E00000F030FA9DF8083023F001038DF80830EC
:1069F000009B1A6802AB1946A020FFF71CFF059008
:106A0000059B002B0DD0094B1B881B0443F0010490
:106A10000598F2F777F903461A4609492046EDF73B
:106A2000FBF80023184606B010BD00BF342100203B
:106A3000F8840300408503008C850300D88503009B
:106A40002C86030082B04FF08053D3F80C319B02A8
:106A50000193019B03F10053184602B070470000F8
:106A600010B584B00190019B1B6803930198FFF758
:106A7000DEFE0290019B1B68039A9A421AD0184BC3
:106A80001B881B0443F00200019B1B68039A1549F5
:106A9000EDF7D3F8124B1B881B0443F00204FFF7F9
:106AA000D1FF0246019B1B68D31A1A460E492046A5
:106AB000EDF7B2F8029B002B0DD0094B1B881B048D
:106AC00043F001040298F2F71DF903461A460749FC
:106AD0002046EDF7A1F8029B184604B010BD00BF98
:106AE0003421002080860300B0860300D486030092
:106AF00000B599B001903823ADF84E300DF14E023B
:106B000003AB11461846FFF79AFE1790179B002B10
:106B100003D0179B052B22D127E003AB169311ABB3
:106B200014491846F2F792F811E011AB1846FFF736
:106B30008BFE1590159B1B681493159B5A68149B2C
:106B400011461698984711AB1846F2F7A9F811AB01
:106B50001846FFF779FE0346002BE6D1CBE7064A3D
:106B600040F221111798EDF7E7FD00BF19B05DF86D
:106B700004FB00BF4C870300F486030000B583B01C
:106B80000190019B002B03D10449C420F5F7E8FADA
:106B9000019B5B68184603B05DF804FB588703004F
:106BA00048DF704700BF184600B589B0019004ABBC
:106BB0001846FFF7F5FF0790079B002B03D0079BB4
:106BC000052B20D124E002AB13491846F2F73EF81A
:106BD00011E002AB1846FFF7D1FF0690069B1B6839
:106BE0000593049A069B5968059B1046984702AB8B
:106BF0001846F2F755F802AB1846FFF7BFFF0346F9
:106C0000002BE6D1D3E7054A6B210798EDF794FDF9
:106C100000BF09B05DF804FB10880300B8870300CB
:106C2000002B35D129B9B0FBF2FC0CFB12026046F7
:106C30007047914215D22DE9F041B2FA82F39A40A1
:106C40009940D3F1200C30FA0CFC51EA0C01984029
:106C500000F04EF8280036FA03F200210023BDE8C8
:106C6000F081F0B5B1FBF2FC0CFB1211B2FA82F329
:106C70009A409940D3F1200630FA06F63143984005
:106C800000F036F8614628003200DA400023F0BDFB
:106C9000F3B5B3FA83FC49085FEA300013FA0CF34A
:106CA000DCF1200432FA04F423430CB41A0000F09F
:106CB0001FF80CBC33FA0CF3DCF11F0C35FA0CF5A1
:106CC00018BF013D03BCA5FB026705FB0377801BD2
:106CD000B941904271EB030C05D3821A71EB0303A7
:106CE000681C0021F0BD02000B0028000021F0BD4F
:106CF000940D4FF6C2752D02B5FBF4F4D60A013699
:106D000004FB04F5A5FB0656F64306EB04165508EE
:106D100032BF00277708013505FB1677A6FB07472A
:106D20007F0807EBC63714001500E7FB02457F1B01
:106D30004D1C0400E7FB014505FB1206A64284BF7B
:106D4000013DB618964224BF0135B61A704700BF00
:106D5000082938BF7047416043F22431C2F2000174
:106D6000086000210160704700B5042A8E4609D3EF
:106D700050F8043B5EF804CB634505D1043A032A7E
:106D80007146F5D89AB10368086880EA030191FA60
:106D9000A1F1B1FA81F1B2EBD10F08D901F03801BC
:106DA00023FA01F2C840C0B2D1B2081A00BD0020D7
:106DB00000BD0178002904BF0020704700214FF07A
:106DC00001324358C2FA53F30431002BF9D093FA3D
:106DD000A3F0B0FA80F001EBD00004387047000057
:106DE0005AB3844690EA01039B071FD1830707D05B
:106DF00011F8013B00F8013B013AF7D11CE0844651
:106E0000203A09D32DE9F007B1E8F807A0E8F80720
:106E1000203AF9D2BDE8F0071C3205D451F8043B02
:106E200040F8043B043AF9D2043205D011F8013B92
:106E300000F8013B013AF9D16046704700220B008F
:106E400011001A0084465AB3830704D000F8011BCE
:106E5000013AF9D124E0C9B241EA012141EA0141F4
:106E6000202A11D3203A2DE9F0030B460C460D469B
:106E70000E460F4688468946A0E8FA03203AFBD220
:106E8000BDE8F00320320BD0042A05D340F8041BE0
:106E9000043A05D0042AF9D200F8011B013AFBD1CB
:106EA0006046704784460020002918BF002A00D1A0
:106EB0007047097848B2002844BF6FF0010070475E
:106EC000BCF1000F18BFCCF800100021C3E900117D
:106ED000002818BF012070477F298EBF6FF0010086
:106EE00001700120704743F22831C2F200010968A5
:106EF000002904BF42F2E811C2F200014968896822
:106F00000A68092110477F2884BF0020704748F68F
:106F10003022C0F20302515C48F6B012C0F2030204
:106F2000105C08407047A0F161011A2938BF203871
:106F30007047A0F141011A2938BF40F02000704786
:106F40007F2884BF0020704748F63022C0F2030239
:106F5000515C48F6B012C0F20302105C0840704762
:106F6000A0F161011A2938BF20387047A0F1410112
:0A6F70001A2938BF40F020007047D6
:106F7C0001880200000000001997020000000000C8
:086F8C007BE40200482C002008
:106F940019EC02000000000061C0020000000000C3
:106FA4004D150300342C002031E40200482C00204D
:106FB4004DEA0200000000009536030000000000C6
:106FC400911C0300C02B0020850F0300042C00201B
:086FD40029CA020000000000C0
:106FDC001C72030000000300C074030000000000DA
:106FEC006881030000000300188203000000030006
:106FFC00507C030000000000447D030000000000F2
:10700C001484030000000300EC8403000000030060
:10701C00AC87030000000300E876030000000000CA
:08702C00E07D030000000000FC
:08703400A98802000000000021
:10703C00D18802000000000035970200000000001B
:10704C00F16A030000000000A96B030000000000BF
:10705C000000000000000000000000000000000024
:10706C000000000000000000000000000000000014
:10707C000000000000000000000000000000000004
:10708C0000000000000000000000000000000000F4
:10709C0000000000000000000000000000000000E4
:1070AC0000000000000000000000000000000000D4
:1070BC0000000000000000000000000000000000C4
:1070CC0000000000000000000000000000000000B4
:0470DC0000000000B0
:1070E00000000000000000006D6D020000000000C4
:0470F000000000009C
:1070F4002F686F6D652F736A6F2F64776D31303031
:10710400312D6578616D706C65732F6E5246355FF5
:1071140053444B5F31342E322E302F636F6D706FBA
:107124006E656E74732F6C69627261726965732F18
:107134006578706572696D656E74616C5F6C6F679C
:107144002F7372632F6E72665F6C6F675F62616329
:107154006B656E645F756172742E6300FFFFFFFFE1
:10716400FFFFFFFFFFFFFFFFFFFFFFFF0000000027
:10717400000000000000D60107010000793502007C
:10718400AD350200A13502002F686F6D652F736A5B
:107194006F2F64776D313030312D6578616D706C8F
:1071A40065732F6E5246355F53444B5F31342E3234
:1071B4002E302F636F6D706F6E656E74732F6C69F4
:1071C400627261726965732F6578706572696D6545
:1071D4006E74616C5F6C6F672F7372632F6E72666F
:1071E4005F6C6F675F64656661756C745F62616331
:1071F4006B656E64732E6300082300204022002018
:107204004822002048220020180000004F766572B2
:10721400666C6F7700000000617070002F686F6DFE
:10722400652F736A6F2F64776D313030312D657837
:10723400616D706C65732F6E5246355F53444B5FBE
:1072440031342E322E302F636F6D706F6E656E7415
:10725400732F6C69627261726965732F65787065EA
:1072640072696D656E74616C5F6C6F672F737263A6
:107274002F6E72665F6C6F675F66726F6E74656E99
:10728400642E63006572726F720000007761726E23
:10729400696E6700696E666F000000006465627560
:1072A400670000001B5B306D000000001B5B313B7E
:1072B40033306D001B5B313B33316D001B5B313B65
:1072C40033326D001B5B313B33336D001B5B313B51
:1072D40033346D001B5B313B33356D001B5B313B3D
:1072E40033366D001B5B313B33376D002573000073
:1072F4003C25733E2025733A200000000D0A00004F
:107304002025303278000000202020007C0000007E
:1073140025630000200000003C2700202F686F6DCB
:10732400652F736A6F2F64776D313030312D657836
:10733400616D706C65732F6E5246355F53444B5FBD
:1073440031342E322E302F636F6D706F6E656E7414
:10735400732F6C69627261726965732F62757474DC
:107364006F6E2F6170705F627574746F6E2E630040
:10737400534F46544445564943453A204153534597
:107384005254494F4E204641494C454400000000A8
:10739400534F46544445564943453A20494E564175
:1073A4004C4944204D454D4F525920414343455388
:1073B40053000000415353455254494F4E20464117
:1073C400494C45442061742025733A25750000001A
:1073D4004552524F52202575205B25735D20617400
:1073E4002025733A25750000554E4B4E4F574E20BD
:1073F4004641554C5420617420307825303858006B
:107404002F686F6D652F736A6F2F64776D3130301D
:10741400312D6578616D706C65732F6E5246355FE2
:1074240053444B5F31342E322E302F636F6D706FA7
:107434006E656E74732F6C69627261726965732F05
:107444007574696C2F6170705F7574696C5F706CB2
:107454006174666F726D2E63000000002F686F6D9B
:10746400652F736A6F2F64776D313030312D6578F5
:10747400616D706C65732F6E5246355F53444B5F7C
:1074840031342E322E302F636F6D706F6E656E74D3
:10749400732F6C69627261726965732F6664732FEE
:1074A4006664732E63000000DEC0ADDEFF011EF1D2
:1074B400DEC0ADDEFE011EF10000FFFF62616C6CF8
:1074C4006F6300002F686F6D652F736A6F2F647789
:1074D4006D313030312D6578616D706C65732F6E50
:1074E4005246355F53444B5F31342E322E302F6376
:1074F4006F6D706F6E656E74732F6C6962726172FA
:107504006965732F62616C6C6F632F6E72665F6264
:10751400616C6C6F632E63002F686F6D652F736AE7
:107524006F2F64776D313030312D6578616D706CFB
:1075340065732F6E5246355F53444B5F31342E32A0
:107544002E302F65787465726E616C2F6670726967
:107554006E74662F6E72665F667072696E74662EE4
:10756400630000002F686F6D652F736A6F2F647757
:107574006D313030312D6578616D706C65732F6EAF
:107584005246355F53444B5F31342E322E302F65D3
:10759400787465726E616C2F667072696E74662F92
:1075A4006E72665F667072696E74665F666F726D26
:1075B40061742E63000000003031323334353637C5
:1075C400383941424344454600100000040000009D
:1075D40001000000498602009586020031870200FE
:1075E400C186020055870200C9870200D7870200BE
:1075F400E58702002F686F6D652F736A6F2F6477BC
:107604006D313030312D6578616D706C65732F6E1E
:107614005246355F53444B5F31342E322E302F6344
:107624006F6D706F6E656E74732F6C6962726172C8
:107634006965732F6578706572696D656E74616CC8
:107644005F6D656D6F626A2F6E72665F6D656D6FDB
:10765400626A2E63000000002E2E2F2E2E2F2E2E57
:107664002F2E2E2F2E2E2F2E2E2F636F6D706F6EBA
:10767400656E74732F6C69627261726965732F65CC
:1076840078706572696D656E74616C5F736563743F
:10769400696F6E5F766172732F6E72665F73656376
:1076A40074696F6E5F697465722E68002E2E2F2EBA
:1076B4002E2F2E2E2F2E2E2F2E2E2F2E2E2F636F6B
:1076C4006D706F6E656E74732F6C6962726172692E
:1076D40065732F6D757465782F6E72665F6D74783F
:1076E4002E6800007077725F6D676D740000000093
:1076F4002F686F6D652F736A6F2F64776D3130302B
:10770400312D6578616D706C65732F6E5246355FEF
:1077140053444B5F31342E322E302F636F6D706FB4
:107724006E656E74732F6C69627261726965732F12
:107734007077725F6D676D742F6E72665F707772AB
:107744005F6D676D742E63002F686F6D652F736AAC
:107754006F2F64776D313030312D6578616D706CC9
:1077640065732F6E5246355F53444B5F31342E326E
:107774002E302F636F6D706F6E656E74732F6C692E
:10778400627261726965732F6578706572696D657F
:107794006E74616C5F73656374696F6E5F7661723A
:1077A400732F6E72665F73656374696F6E5F69745D
:1077B40065722E6300000000556E6B6E6F776E204D
:1077C4006572726F7220636F646500004E52465F8B
:1077D40053554343455353004E52465F4552524F0F
:1077E400525F5356435F48414E444C45525F4D49A6
:1077F4005353494E470000004E52465F4552524F84
:10780400525F534F46544445564943455F4E4F5487
:107814005F454E41424C4544000000004E52465FD5
:107824004552524F525F494E5445524E414C00000E
:107834004E52465F4552524F525F4E4F5F4D454D3B
:10784400000000004E52465F4552524F525F4E4F69
:10785400545F464F554E44004E52465F4552524F78
:10786400525F4E4F545F535550504F52544544004D
:107874004E52465F4552524F525F494E56414C4913
:10788400445F504152414D004E52465F4552524F63
:10789400525F494E56414C49445F5354415445004C
:1078A4004E52465F4552524F525F494E56414C49E3
:1078B400445F4C454E475448000000004E52465F1A
:1078C4004552524F525F494E56414C49445F464CD3
:1078D400414753004E52465F4552524F525F494E04
:1078E40056414C49445F4441544100004E52465F66
:1078F4004552524F525F444154415F53495A4500E7
:107904004E52465F4552524F525F54494D454F5572
:10791400540000004E52465F4552524F525F4E553E
:107924004C4C00004E52465F4552524F525F464FF8
:107934005242494444454E004E52465F4552524FCE
:10794400525F494E56414C49445F41444452000001
:107954004E52465F4552524F525F425553590000B2
:107964004E52465F4552524F525F4D4F44554C451F
:107974005F4E4F545F494E495449414C5A45440067
:107984004E52465F4552524F525F4D555445585FD3
:10799400494E49545F4641494C4544004E52465F66
:1079A4004552524F525F4D555445585F4C4F434BCF
:1079B4005F4641494C4544004E52465F4552524F42
:1079C400525F4D555445585F554E4C4F434B5F469F
:1079D40041494C45440000004E52465F4552524FC7
:1079E400525F4D555445585F434F4E445F494E498D
:1079F400545F4641494C4544000000004E52465FE6
:107A04004552524F525F4D4F44554C455F414C5285
:107A1400454144595F494E495449414C495A4544AA
:107A2400000000004E52465F4552524F525F53547D
:107A34004F524147455F46554C4C00004E52465FFD
:107A44004552524F525F4150495F4E4F545F494D2A
:107A5400504C454D454E5445440000004E52465F3F
:107A64004552524F525F464541545552455F4E4F21
:107A7400545F454E41424C45440000004E52465F1F
:107A84004552524F525F4452565F5457495F4552D4
:107A9400525F4F56455252554E0000004E52465FBB
:107AA4004552524F525F4452565F5457495F4552B4
:107AB400525F414E41434B004E52465F4552524F36
:107AC400525F4452565F5457495F4552525F444E89
:107AD40041434B0000000000D07703000100000088
:107AE400DC77030002000000FC77030003000000C1
:107AF400207803000400000034780300050000002F
:107B040048780300060000005C78030007000000CA
:107B140074780300080000008C780300090000005A
:107B2400A47803000A000000C07803000B000000E2
:107B3400D87803000C000000F07803000D0000006A
:107B4400047903000E000000187903000F00000000
:107B540028790300100000003C79030011000000A4
:107B64005479030080000000647903008100000060
:107B74008479030082000000A079030083000000E0
:107B8400BC79030084000000DC7903008500000058
:107B9400007A030086000000287A030090000000A9
:107BA400407A030091000000607A03000082000024
:107BB400807A030001820000A07A030002820000A0
:107BC400BC7A03002E2E2F2E2E2F2E2E2F2E2E2F4C
:107BD4002E2E2F2E2E2F636F6D706F6E656E747345
:107BE4002F647269766572735F6E72662F68616C5A
:107BF4002F6E72665F6770696F2E68002F686F6DF5
:107C0400652F736A6F2F64776D313030312D65784D
:107C1400616D706C65732F6E5246355F53444B5FD4
:107C240031342E322E302F636F6D706F6E656E742B
:107C3400732F626F617264732F626F617264732E4B
:107C440063000000111213140D0E0F10636C6F63A8
:107C54006B0000002F686F6D652F736A6F2F647758
:107C64006D313030312D6578616D706C65732F6EB8
:107C74005246355F53444B5F31342E322E302F63DE
:107C84006F6D706F6E656E74732F64726976657252
:107C9400735F6E72662F636C6F636B2F6E72665FB9
:107CA4006472765F636C6F636B2E63002F686F6D15
:107CB400652F736A6F2F64776D313030312D65789D
:107CC400616D706C65732F6E5246355F53444B5F24
:107CD40031342E322E302F636F6D706F6E656E747B
:107CE400732F647269766572735F6E72662F636F49
:107CF4006D6D6F6E2F6E72665F6472765F636F6D0B
:107D04006D6F6E2E630000002E2E2F2E2E2F2E2E22
:107D14002F2E2E2F2E2E2F2E2E2F636F6D706F6E03
:107D2400656E74732F647269766572735F6E7266C2
:107D34002F68616C2F6E72665F6770696F2E6800C2
:107D44006770696F746500002F686F6D652F736AC3
:107D54006F2F64776D313030312D6578616D706CC3
:107D640065732F6E5246355F53444B5F31342E3268
:107D74002E302F636F6D706F6E656E74732F647227
:107D840069766572735F6E72662F6770696F74656A
:107D94002F6E72665F6472765F6770696F74652EAA
:107DA400630000002E2E2F2E2E2F2E2E2F2E2E2F40
:107DB4002E2E2F2E2E2F636F6D706F6E656E747363
:107DC4002F647269766572735F6E72662F68616C78
:107DD4002F6E72665F6770696F2E680075617274CA
:107DE400000000002F686F6D652F736A6F2F647732
:107DF4006D313030312D6578616D706C65732F6E27
:107E04005246355F53444B5F31342E322E302F634C
:107E14006F6D706F6E656E74732F647269766572C0
:107E2400735F6E72662F756172742F6E72665F6413
:107E340072765F756172742E630000002E2E2F2EF1
:107E44002E2F2E2E2F2E2E2F2E2E2F2E2E2F636FD3
:107E54006D706F6E656E74732F647269766572737C
:107E64005F6E72662F68616C2F6E72665F677069F1
:107E74006F2E6800202B0020402B0020702B002048
:107E84000D000300C9B602000E000300C9B60200CB
:107E94000F000300C9B6020010000300C9B60200B7
:107EA400A02B00202F686F6D652F736A6F2F647786
:107EB4006D313030312D6578616D706C65732F6E66
:107EC4005246355F53444B5F31342E322E302F658A
:107ED40078616D706C65732F626C655F7065726933
:107EE40070686572616C2F626C655F6170705F624F
:107EF4006D732F6D61696E2E6300000045726173AE
:107F04006520626F6E647321000000004E6F72641E
:107F140069635F424D530000436C69656E7420725F
:107F24006571756573746564207468617420626F2B
:107F34006E6420746F2063757272656E742064655C
:107F4400766963652064656C65746564000000008F
:107F5400436C69656E7420726571756573746564CC
:107F6400207468617420616C6C20626F6E6473208D
:107F740062652064656C657465640000436C6965C2
:107F84006E742072657175657374656420746861BC
:107F94007420616C6C20626F6E6473206578636515
:107FA40070742063757272656E7420626F6E6420E3
:107FB40062652064656C6574656400004E6F72646C
:107FC400696353656D69636F6E647563746F720082
:107FD4004661737420616476657273746973696E43
:107FE400672E0000436F6E6E656374656400000065
:107FF400446973636F6E6E656374656400000000AA
:10800400436F6E6E656374656420746F20612070C5
:10801400726576696F75736C7920626F6E646564DE
:10802400206465766963652E00000000436F6E6E00
:10803400656374696F6E20736563757265643A2055
:10804400726F6C653A2025642C20636F6E6E5F68D6
:10805400616E646C653A20307825782C2070726FDC
:108064006365647572653A2025642E004661696C07
:10807400656420746F2073656375726520636F6E29
:108084006E656374696F6E2E000000005065657242
:10809400204D616E616765723A20426F6E642064A0
:1080A400656C657465642E0050656572204D616E63
:1080B400616765723A20416C6C20626F6E64732054
:1080C40064656C657465642E00000000426F6E6424
:1080D400204D616E6167656D656E74206578616DB4
:1080E400706C6520737461727465642E0000000006
:1080F4002F686F6D652F736A6F2F64776D31303021
:10810400312D6578616D706C65732F6E5246355FE5
:1081140053444B5F31342E322E302F636F6D706FAA
:108124006E656E74732F626C652F636F6D6D6F6E09
:108134002F626C655F636F6E6E5F73746174652E1E
:1081440063000000010001005881030001000100E8
:108154005C810300010000000000000061360300A0
:10816400E1F70200626C655F626D7300436F6E74C9
:10817400726F6C20706F696E742077726974653ADF
:10818400204F7065726174696F6E206661696C65F9
:10819400642E0000436F6E74726F6C20706F696E92
:1081A400742077726974653A20496E76616C6964EB
:1081B400206F7020636F64652E000000436F6E743F
:1081C400726F6C20706F696E74206C6F6E672077AD
:1081D400726974653A20496E76616C6964206175D0
:1081E40074682E00436F6E74726F6C20706F696ECA
:1081F400742077726974653A205375636365737389
:1082040000000000496E697420636F6D706C6574C2
:10821400652E0000626C655F676174740000000085
:1082240073645F626C655F6761705F646174615FF2
:108234006C656E6774685F75706461746528292065
:10824400287265717565737429206F6E20636F6E73
:108254006E656374696F6E2030782578207265745A
:1082640075726E656420756E657870656374656497
:108274002076616C756520307825782E000000002A
:1082840073645F626C655F67617474635F65786370
:1082940068616E67655F6D74755F7265717565732E
:1082A4007428292072657475726E656420756E6514
:1082B400787065637465642076616C7565203078C8
:1082C40025782E0073645F626C655F6761747473F4
:1082D4005F65786368616E67655F6D74755F72650D
:1082E400706C7928292072657475726E65642075C6
:1082F4006E65787065637465642076616C7565205D
:10830400307825782E00000073645F626C655F67C7
:1083140061705F646174615F6C656E6774685F75DA
:108324007064617465282920287265706C7929202D
:1083340072657475726E656420756E6578706563B8
:108344007465642076616C756520307825782E001C
:10835400F13303000D54030065FB02002DF8020005
:108364002F686F6D652F736A6F2F64776D313030AE
:10837400312D6578616D706C65732F6E5246355F73
:1083840053444B5F31342E322E302F636F6D706F38
:108394006E656E74732F626C652F626C655F7365B6
:1083A4007276696365732F626C655F6469732F62AB
:1083B4006C655F6469732E63000000002E2E2F2EFF
:1083C4002E2F2E2E2F2E2E2F2E2E2F2E2E2F636F4E
:1083D4006D706F6E656E74732F6C69627261726911
:1083E40065732F6578706572696D656E74616C5F15
:1083F40073656374696F6E5F766172732F6E7266F4
:108404005F73656374696F6E5F697465722E68006B
:108414006E72665F736468002F686F6D652F736A90
:108424006F2F64776D313030312D6578616D706CEC
:1084340065732F6E5246355F53444B5F31342E3291
:108444002E302F636F6D706F6E656E74732F736F44
:1084540066746465766963652F636F6D6D6F6E2FE7
:108464006E72665F7364682E63000000010000078B
:10847400347003003C700300080000003C700300EB
:108484004C700300080000004C7003005C70030093
:10849400080000002E2E2F2E2E2F2E2E2F2E2E2FA4
:1084A4002E2E2F2E2E2F636F6D706F6E656E74736C
:1084B4002F6C69627261726965732F657870657279
:1084C400696D656E74616C5F73656374696F6E5F0B
:1084D400766172732F6E72665F73656374696F6E13
:1084E4005F697465722E68006E72665F7364685F9C
:1084F400626C650073645F626C655F6366675F737B
:10850400657428292072657475726E6564202573FC
:10851400207768656E20617474656D7074696E6728
:1085240020746F2073657420424C455F434F4E4E58
:108534005F4346475F4741502E00000073645F620B
:108544006C655F6366675F73657428292072657460
:1085540075726E6564202573207768656E2061747A
:1085640074656D7074696E6720746F207365742010
:10857400424C455F4741505F4346475F524F4C452D
:108584005F434F554E542E0073645F626C655F63A6
:1085940066675F73657428292072657475726E65E9
:1085A40064202573207768656E20617474656D702E
:1085B40074696E6720746F2073657420424C455F44
:1085C400434F4D4D4F4E5F4346475F56535F55559E
:1085D40049442E0073645F626C655F6366675F7312
:1085E400657428292072657475726E65642025731C
:1085F400207768656E20617474656D7074696E6748
:1086040020746F2073657420424C455F4741545475
:10861400535F4346475F415454525F5441425F5352
:10862400495A452E0000000073645F626C655F6305
:1086340066675F73657428292072657475726E6548
:1086440064202573207768656E20617474656D708D
:1086540074696E6720746F2073657420424C455FA3
:1086640047415454535F4346475F53455256494329
:10867400455F4348414E4745442E000052414D203A
:1086840073746172747320617420307825782C209F
:1086940063616E2062652061646A75737465642029
:1086A400746F20307825782E0000000052414D2050
:1086B40073697A652063616E2062652061646A75FE
:1086C4007374656420746F20307825782E00000060
:1086D40073645F626C655F656E61626C65282920F6
:1086E40072657475726E65642025732E0000000037
:1086F4002F686F6D652F736A6F2F64776D3130301B
:10870400312D6578616D706C65732F6E5246355FDF
:1087140053444B5F31342E322E302F636F6D706FA4
:108724006E656E74732F736F6674646576696365C2
:108734002F636F6D6D6F6E2F6E72665F7364685F0B
:10874400626C652E63000000946F0300DC6F03000D
:10875400080000002E2E2F2E2E2F2E2E2F2E2E2FE1
:108764002E2E2F2E2E2F636F6D706F6E656E7473A9
:108774002F6C69627261726965732F6578706572B6
:10878400696D656E74616C5F73656374696F6E5F48
:10879400766172732F6E72665F73656374696F6E50
:1087A4005F697465722E68006E72665F7364685FD9
:1087B400736F63002F686F6D652F736A6F2F647713
:1087C4006D313030312D6578616D706C65732F6E4D
:1087D4005246355F53444B5F31342E322E302F6373
:1087E4006F6D706F6E656E74732F736F66746465EE
:1087F400766963652F636F6D6D6F6E2F6E72665F42
:108804007364685F736F632E630000007C6F030002
:10881400946F030008000000E188030058890300F6
:10882400E488030053756E646179004D6F6E646172
:10883400790054756573646179005765646E657376
:108844006461790054687572736461790046726971
:1088540064617900536174757264617900004A61DE
:108864006E75617279004665627275617279004D48
:108874006172636800417072696C004D6179004AED
:10888400756E65004A756C7900417567757374007F
:1088940053657074656D626572004F63746F6265D1
:1088A40072004E6F76656D62657200446563656D36
:1088B4006265720000414D00504D0000256D2F256A
:1088C400642F25790025483A254D3A255300256122
:1088D40020256220256520255420255900430000C9
:1088E400076F0300276F0300336F0300416F03001A
:1088F400616F03006D6F0300D96E0300A56E030062
:1089040053756E004D6F6E005475650057656400B5
:10891400546875004672690053617400004A616EC0
:1089240000466562004D617200417072004D6179CC
:10893400004A756E004A756C004175670053657096
:10894400004F6374004E6F760044656300002E0090
:108954000000000052890300548903005489030075
:108964005489030054890300548903005489030083
:10897400548903005489030054890300FFFFFFFF57
:10898400FFFFFFFFFFFFFFFFFFFF0000288803003A
:10899400048903006288030021890300B988030065
:1089A400C0880300C9880300D28803002020202047
:1089B400202020202068282828282020202020204B
:1089C40020202020202020202020202048101010AB
:1089D40010101010101010101010101084848484C3
:1089E4008484848484841010101010101081818178
:1089F40081818101010101010101010101010101E3
:108A04000101010101010110101010101082828275
:108A140082828202020202020202020202020202B2
:108A240002020202020202101010102000070320AA
:098A3400041702010857104080EC
:108A400000200040000000008071030000000000D2
:108A50000000000000000000887203009072030014
:108A600098720300A0720300A8720300B0720300A2
:108A7000B8720300C0720300C8720300D072030012
:108A8000D8720300E0720300E8720300FFFF0000E9
:108A90001E18010041424344040000004D3603000B
:108AA0001818181818181818181818000090D0035B
:108AB0001C8803001C8803001C8803001C8803001A
:048AC0001C8803000B
:040000032000324D5A
:00000001FF
