:020000022000DC
:10300000000001203D310200DD300200DF3002000F
:10301000E1300200E3300200E53002000000000071
:10302000000000000000000000000000E730020087
:10303000E930020000000000EB300200ED30020039
:10304000F1300200F3300200B95F0200F7300200F5
:10305000F9300200FB300200FD300200FF300200B8
:103060000131020003310200053102000731020084
:10307000093102000B3102000D3102000F31020054
:10308000113102007D6C020015310200173102007F
:10309000BD6C02001B310200450D03001F31020010
:1030A00021310200233102002531020027310200C4
:1030B000293102002B310200EF300200EF30020014
:1030C0002D3102002F310200313102003331020074
:0C30D000353102003731020039310200B6
:1030DC00FEE7FEE7FEE7FEE7FEE7FEE7FEE7FEE7BC
:1030EC00FEE7FEE7FEE7FEE7FEE7FEE7FEE7FEE7AC
:1030FC00FEE7FEE7FEE7FEE7FEE7FEE7FEE7FEE79C
:10310C00FEE7FEE7FEE7FEE7FEE7FEE7FEE7FEE78B
:10311C00FEE7FEE7FEE7FEE7FEE7FEE7FEE7FEE77B
:10312C00FEE7FEE7FEE7FEE7FEE7FEE7FEE700BF91
:10313C000F484FF00701884385460E4880470E48DC
:10314C00016841F470010160BFF34F8FBFF36F8FC3
:10315C0000F01AB809480A490A4A884207D0521A9C
:10316C0005D0037801300B700131013AF9D1704769
:10317C00000001208942020088ED00E0E419030000
:10318C00E02000208C2100203A493B480A1A02D04A
:10319C00072291438D46394939480A1A06D007222D
:1031AC00914381F30988022282F314883548364909
:1031BC00364A00F041F836483649374A00F03CF8B8
:1031CC0036483749374A00F037F837483749384AD4
:1031DC0000F032F837483849384A00F02DF83848B2
:1031EC003849394A00F028F838483949394A00F04A
:1031FC0023F839483949002200F036F83848394963
:10320C00002200F031F838483849091A0EF094F9C8
:10321C00374A904725482649884205D00268043031
:10322C0003B4904703BCF7E700208646EC46002029
:10323C000021304A9047FEE7884214D0521A12D02F
:10324C0003460B4313430324234206D10368043083
:10325C000B600431043AF9D17047037801300B70DC
:10326C000131013AF9D17047884202D00270013025
:10327C00FAE770470000012000F800200000012050
:10328C00000001209C4203008C210020A822002079
:10329C0004330200043302000A1903009C420300A9
:1032AC008C2100208C210020901A0300901A03001E
:1032BC00901A0300901A0300901A0300901A03004E
:1032CC00901A0300901A030099420300B8430300BC
:1032DC00A8220020A8220020A8220020C02F002015
:1032EC00C02F0020C42F0020C42F0020C431002088
:0832FC0061310200DD3E020019
:1033040082B00190019B9B6893F83D31C3F3400365
:10331400DBB2002B14BF01230023DBB2184602B03A
:103324007047000030B58DB0124B02AC1D460FCD76
:103334000FC495E80F0084E80F00052302930B23C4
:10334400039300238DF81C3002A903230093012367
:103354000122094808F04CFD0B900B9B0A930A9B31
:10336400002B04D0054A67210A9802F037FE00BFFB
:103374000DB030BD2C1B030018210300DC1A030020
:1033840000B583B0084808F071FD0190019B0093DB
:10339400009B002B04D0054A6E21009802F01EFE0B
:1033A40000BF03B05DF804FB18210300DC1A03001E
:1033B40008B5024808F0A6FD00BF08BD18210300A7
:1033C40000B587B0059004910392039B0193049B7D
:1033D4000093039B044A0221059808F0FBFD00BFFB
:1033E40007B05DF804FB00BF4C1B030000B585B0BB
:1033F40003900291029B0093029B044A02210398CA
:1034040008F0E8FD00BF05B05DF804FB801B030075
:1034140000B58DB00790069105920493069B9BB26C
:10342400ADF82030059B9BB2ADF82230049B099384
:103434000E9B03339B080A930E9B0293049B0193F8
:10344400059B0093069B0D4A0021079808F0C2FDD6
:1034540008AB1946002005F063FC0B900B9B002B76
:1034640008D0074A0B9B52F82330064A02210798DA
:1034740008F0B0FD00BF0DB05DF804FBB41B030001
:10348400BC210020001C030000B58DB00190009108
:1034940008AB00221A605A609A6006AB00221A60D8
:1034A4005A6006AB08AA47F210014FF2100005F06B
:1034B400CEFC0346002B1FD14FF21003ADF80C30A5
:1034C40047F21003ADF80E30009B049306230593D6
:1034D40003AA08AB1146184605F031FC0B900B9B70
:1034E400002B0ED0094A0B9B52F82330084A0221C4
:1034F400019808F06FFD04E0064A0221019808F0E3
:1035040069FD00BF0DB05DF804FB00BFBC210020C5
:103514002C1C0300581C030000B58DB005900491C9
:10352400039209AB00221A605A6006AB00221A60AB
:103534005A609A60039B0093049B184A00210598E3
:1035440008F048FD049B98B2039B99B209AB06AA04
:1035540005F07DFC0346002B18D106AB184605F098
:1035640003FC0B900B9B002B09D00D4A0B9B52F8CC
:1035740023300C4A0221059808F02CFD0BE0069B31
:10358400094A0021059808F025FD04E0074A0221B4
:10359400059808F01FFD0DB05DF804FB801C0300C6
:1035A400BC210020AC1C0300D81C0300EC1C03004D
:1035B40000B587B003AB00221A605A606B46002244
:1035C4001A605A609A6003AA6B461146184605F0C1
:1035D4002FFC0346002B0BD16B46184605F0C4FBA9
:1035E4000590059B002B01D0002302E0012300E09D
:1035F4000023184607B05DF804FB000000B585B051
:103604000390029101920398FFF77AFE0346002B80
:1036140005D000220021039808F00CFE0FE0029B65
:10362400022B04D008490398FFF7E0FE07E0019B52
:1036340004331B68044A19460398FFF7C1FE00BF10
:1036440005B05DF804FB00BF081D030000B593B08E
:103654000790069105920CAB00221A605A609A609A
:103664000AAB00221A605A605BE008AB00221A60C1
:103674005A6008AA0CAB1146184605F0BBFA119023
:10368400119B0D2B09D0119B0D2B12D8119B002BD4
:1036940019D0119B0A2B06D00BE02A4A0221079865
:1036A40008F098FC3DE0284A0221079808F092FCB3
:1036B40037E0264A119B52F82330254A0221079805
:1036C40008F088FC2DE000BF099B1093109B1B7D24
:1036D400002B01D01F4800E01F48109B5B7D002B8E
:1036E40001D01C4B00E01C4B109A12681099043155
:1036F4000291019200930346184A0021079808F0AA
:1037040069FC0CAB184605F0C3FA1190119B0F939A
:103714000F9B002B05D0124A4FF4A1710F9802F0B1
:103724005DFC0AAB0CAA47F210014FF2100005F041
:103734008EFB0346002B98D000BF00BF13B05DF88A
:1037440004FB00BF101D0300EC1C0300BC2100207F
:103754002C1D03004C1D0300501D0300541D0300C9
:10376400DC1A030000B593B00790069105920DABE7
:1037740000221A605A600AAB00221A605A609A60EA
:10378400344A0021079808F025FC54E008AB0022D5
:103794001A605A6008AA0AAB1146184605F02AFABC
:1037A4001190119B0D2B09D0119B0D2B12D8119B3D
:1037B400002B19D0119B0A2B06D00BE0264A0221BC
:1037C400079808F007FC36E0244A0221079808F01D
:1037D40001FC30E0224A119B52F82330214A022195
:1037E400079808F0F7FB26E000BF089B5B889B0066
:1037F4001093089B9A68089B9B881946089B1B8812
:103804001846109B0293019000911346164A00211A
:10381400079808F0DFFB0AAB184605F039FA119057
:10382400119B0F930F9B002B05D0104A4FF4BE71D0
:103834000F9802F0D3FB0DAA0AAB1146184605F007
:10384400F7FA03460A2BA1D100BF00BF13B05DF8FD
:1038540004FB00BF901D0300101D0300EC1C0300BB
:10386400BC2100202C1D0300B41D0300DC1A03003E
:1038740000B589B00590049103920598FFF740FDC7
:103884000346002B05D000220021059808F0D2FC45
:1038940049E0049B042B04D025490598FFF7A6FDB5
:1038A40041E0039B04331B681022002118460DF0ED
:1038B40069FC0346ADF81E30039B08331B681022D5
:1038C400002118460DF05EFC0346ADF81C30039B46
:1038D4000C331B6818460DF06FFE0346FF2B07D808
:1038E400039B0C331B6818460DF066FE034601E08B
:1038F4004FF4807306934FF4807200210D480DF04D
:1039040027FF039B0C331B68069A194609480DF0E0
:10391400EDFEBDF81E10BDF81C20069B0093054B60
:103924000598FFF775FD00BF09B05DF804FB00BF03
:10393400DC1D03006426002000B58BB007900691BF
:1039440005920798FFF7DCFC0346002B05D0002204
:103954000021079808F06EFC6DE0069B052B04D04F
:1039640037490798FFF742FD65E0059B04331B6860
:10397400344918460DF06EFE0346002B0CBF01239C
:103984000023DAB2304B1A75059B08331B682D49A6
:1039940018460DF05FFE0346002B0CBF01230023E5
:1039A400DAB2294B5A75059B0C331B680A22002195
:1039B40018460DF0E7FB03461A46234B1A60059B95
:1039C40010331B6818460DF0F7FD03460F2B08D87B
:1039D400059B10331B6818460DF0EEFD03469BB2A1
:1039E40000E01023ADF82630059B10331B68BDF8AA
:1039F4002620194615480DF079FE134B1B7D002B2C
:103A040001D0104900E012490F4B5B7D002B01D01F
:103A14000C4B00E00E4B0C4A12680C4802900192C9
:103A240000930B460B4A0021079808F0D3FA064985
:103A34000798FFF729FD00BF0BB05DF804FB00BF3A
:103A4400E41D03004C1D03006427002068270020A8
:103A5400501D0300EC1D030000B587B003900291D4
:103A640001920398FFF74CFC0346002B05D000227B
:103A74000021039808F0DEFB20E0029B022B04D80F
:103A840010490398FFF7B2FC18E0019B04331B684C
:103A94001022002118460DF075FB03460593019B87
:103AA40008331B681022002118460DF06BFB0346F7
:103AB4000493049A05990398FFF72EFD00BF07B0FD
:103AC4005DF804FB301E030000B585B0039002913D
:103AD40001920398FFF714FC0346002B05D0002243
:103AE4000021039808F0A6FB09E0029B012B04D0F7
:103AF40005490398FFF77AFC01E000F02FF900BFB5
:103B040005B05DF804FB00BF381E030070B592B029
:103B14000990089107920998FFF7F2FB0346002BDE
:103B240005D000220021099808F084FB3AE00BAB91
:103B340000221A605A609A60DA601A820BAB184647
:103B440005F09CF91190119B1093109B002B05D04C
:103B5400164A40F2F511109802F040FABDF82C30E4
:103B64001E46BDF830301A46BDF832301344BDF855
:103B740030201146BDF832201046BDF838201446D6
:103B8400BDF83A201546BDF83A20920005920495F6
:103B940003940290019100933346054A0021099849
:103BA40008F018FA00BF12B070BD00BFDC1A0300A1
:103BB400441E030000B587B003900291019205F002
:103BC40007F90590059B002B09D0074A059B52F87D
:103BD4002330064A0221039808F0FCF900E000BFF4
:103BE40000BF07B05DF804FBBC210020C41E030025
:103BF4003EDF704700BF184600B583B001904E4BBE
:103C04005B68022B14D94C4B1B881B0443F0030044
:103C1400019B1B781A46494B53F822301946019BE5
:103C24005B68474A52F823300A4646490BF0F7FED0
:103C3400019B1B78032B40D0032B73DC002B02D099
:103C4400012B08D06EE0019B5B68002B6CD13E4BCE
:103C540001221A7068E0019B5B68002B66D1364B29
:103C64005B68022B0AD9344B1B881B0443F0030006
:103C7400019B9B681A4635490BF0C0FE2E4B5B68CE
:103C8400022B0AD92C4B1B881B0443F00300019B15
:103C94009B891A462E490BF0B1FE274B5B68022B19
:103CA40044D9254B1B881B0443F00300019BDB898B
:103CB4001A4628490BF0A2FE38E0019B5B68002BF2
:103CC4002CD11D4B5B68022B0AD91B4B1B881B0490
:103CD40043F00300019B9B681A461C490BF08EFEBF
:103CE400154B5B68022B0AD9134B1B881B0443F04A
:103CF4000300019B9B891A4615490BF07FFE0E4B6E
:103D04005B68022B0AD90C4B1B881B0443F003008D
:103D1400019BDB891A460F490BF070FE0E4B002203
:103D24005A7004E000BF02E000BF00E000BF00BF23
:103D340003B05DF804FB00BF2C210020FC2100200F
:103D4400BC210020D82303007E270020F823030091
:103D54000C2403001C2403007C270020024B0122B6
:103D64001A7000BF704700BF7C27002008B51A4BAB
:103D74001B781A46184B5B7883F00103DBB21340BF
:103D8400002B26D0154B5B68022B08D9134B1B88DC
:103D94001B0443F00303124918460BF021FEFFF7FE
:103DA40007FC03461A460C4B1A700B4B1B7883F026
:103DB4000103DBB2002B0CD0084B5B68022B08D943
:103DC400064B1B881B0443F00303064918460BF0FB
:103DD40007FE00BF08BD00BF7C2700202C21002067
:103DE400302403004824030000B587B00CF0E4FE3F
:103DF4000590059B0493049B002B04D0134ACE2109
:103E0400049802F0EBF801AB194601200CF0CEFF48
:103E14000590059B0393039B002B04D00B4AD121EF
:103E2400039802F0DBF801AB18460DF0BBF80590DF
:103E3400059B0293029B002B04D0044AD4210298D0
:103E440002F0CCF800BF07B05DF804FB6C2403005B
:103E540000B583B002F036FF0190019B0093009BF4
:103E6400002B04D0044AE921009802F0B7F800BFFF
:103E740003B05DF804FB00BF6C24030000B583B0FD
:103E840000200BF05DFA0190019B0093009B002B36
:103E940004D0044AF121009802F0A0F800BF03B056
:103EA4005DF804FB6C24030008B5FFF7A1FE00BF16
:103EB40008BD000008B501E0FFF7F6FF054B1B78CD
:103EC400DBB283F00103DBB2002BF5D100BF00BFEE
:103ED40008BD00BF7E27002000B595B0FFF784FF22
:103EE400FFF7B6FFFFF7CAFFFFF71CFAA34B5B68A7
:103EF400022B08D9A14B1B881B0443F00303A049E0
:103F040018460BF06DFD9F4804F076FD9B4B5B68F3
:103F1400022B08D9994B1B881B0443F003039A49CD
:103F240018460BF05DFD04F0D5FD1390139B12931E
:103F3400129B002B05D0954A4FF49071129802F011
:103F44004DF8FFF7B7FF8D4B5B68022B08D98B4BFD
:103F54001B881B0443F003038D4918460BF040FDF6
:103F6400864B5B68022B08D9844B1B881B0443F0E7
:103F74000303884918460BF033FD804B5B68022B22
:103F840008D97E4B1B881B0443F00303824918465F
:103F94000BF026FD794B5B68022B08D9774B1B8805
:103FA4001B0443F003037D4918460BF019FD734BC2
:103FB4005B68022B08D9714B1B881B0443F0030375
:103FC400774918460BF00CFD6C4B5B68022B08D943
:103FD4006A4B1B881B0443F00303724918460BF019
:103FE400FFFC664B5B68022B08D9644B1B881B04DF
:103FF40043F003036C4918460BF0F2FC5F4B5B681B
:10400400022B08D95D4B1B881B0443F0030367494B
:1040140018460BF0E5FC594B5B68022B08D9574B4B
:104024001B881B0443F00303614918460BF0D8FCBA
:10403400524B5B68022B08D9504B1B881B0443F07E
:1040440003035C4918460BF0CBFC08AB00221A6052
:104054005A609A60DA601A8208AB184604F00EFFC0
:104064001390139B1193119B002B05D0474A4FF4D7
:104074009A71119801F0B2FF404B5B68022B0AD988
:104084003E4B1B881B0443F00303BDF824204A491C
:1040940018460BF0B3FC394B5B68022B0AD9374B3B
:1040A4001B881B0443F00303BDF82620434918462C
:1040B4000BF0A4FC05AB00221A605A609A6003ABB3
:1040C40000221A605A6003AB05AA47F210014FF2AE
:1040D400100004F0BCFE1390139B002B7AD101ABAB
:1040E40000221A605A6001AA05AB1146184604F072
:1040F40081FD1390139B0F930F9B002B05D0234A34
:1041040040F245110F9801F069FF029B18221946ED
:104114002B480DF0EBFA194B5B68022B0AD9174BAD
:104124001B881B0443F00303254A126825491846DB
:104134000BF064FC224B1B680133214A136005AB6E
:10414400184604F0A5FD1390139B0E930E9B002BB1
:1041540005D00E4A40F251110E9801F03FFF05AB15
:104164001949184604F0EBFD1390139B0D930D9B16
:10417400002B4DD0054A40F2551127E02C21002098
:10418400BC240300FD3B0200D42403006C24030080
:10419400E8240300FC240300182503003C25030045
:1041A4005C2503007425030090250300AC2503005F
:1041B400CC250300EC250300102603002826030069
:1041C4001422002060260300A82603000D9801F0A5
:1041D40005FF1DE0174B5B68022B08D9154B1B88A4
:1041E4001B0443F00303144918460BF0F9FB05AB19
:1041F4001249184604F094FD1390139B1093109BDE
:10420400002B05D00E4A40F25D11109801F0E6FE35
:10421400FFF7B6F80BF03EFC034683F00103DBB274
:10422400002B01D0FFF740FEFFF7C2F8FFF79EFD19
:10423400F0E700BF2C21002090260300A8260300ED
:104244006C240300BFF34F8F00BF074BDB6803F4FC
:10425400E0620549054B1343CB60BFF34F8F00BFAA
:1042640000BF00BFFCE700BF00ED00E00400FA055A
:10427400024B034A1A6000BF704700BF2C22002083
:104284000090D00308B500F05DF90346002B06D07A
:104294009B4B1B681B0A9B4A03F01F03136000F02F
:1042A4007DF90346002B02D0974B984A1A6000F020
:1042B40091F90346002B06D0954B1B685B0B954A7E
:1042C40003F00703136000F0B1F90346002B05D097
:1042D400914BDB68904A23F08073D36000F0C2F9FD
:1042E4000346002B0ED04FF080430022C3F80C216C
:1042F4004FF080430022C3F810214FF08043002286
:10430400C3F8382500F0DAF90346002B02D0834BBA
:1043140003221A6000F0EEF90346002B0BD0804B09
:1043240005221A607F4B01221A607F4B00221A601B
:104334007E4B3F221A6000F0F9F90346002B76D039
:104344004FF080537A4AD3F80434C2F820354FF042
:104354008053774AD3F80834C2F824354FF0805399
:10436400734AD3F80C34C2F828354FF08053704A9E
:10437400D3F81034C2F82C354FF080536C4AD3F87C
:104384001434C2F830354FF08053694AD3F81834E6
:10439400C2F834354FF08053654AD3F81C34C2F860
:1043A40040354FF08053624AD3F82034C2F8443584
:1043B4004FF080535E4AD3F82434C2F848354FF0A6
:1043C40080535B4AD3F82834C2F84C354FF08053FD
:1043D400574AD3F82C34C2F850354FF08053544A1E
:1043E400D3F83034C2F854354FF08053504AD3F8E0
:1043F4003434C2F860354FF080534D4AD3F8383422
:10440400C2F864354FF08053494AD3F83C34C2F8BB
:1044140068354FF08053464AD3F84034C2F86C35BF
:104424004FF08053424AD3F84434C2F8703500F058
:1044340099F90346002B05D03E4B1B683E4A03F016
:104444004F03136000F0BAF90346002B0DD04FF070
:104454008043D3F8003403F00103002B05D04FF060
:1044640080436FF00102C3F80024344BD3F8883042
:10447400324A43F47003C2F88830BFF34F8F00BF51
:10448400BFF36F8F00BF4FF01023D3F80032002B1F
:1044940005DB4FF01023D3F80432002B2BDA284B22
:1044A4000122C3F8042500BF254BD3F80034002BA8
:1044B400FAD04FF010231522C3F8002200BF204B7E
:1044C400D3F80034002BFAD04FF010231522C3F890
:1044D400042200BF1A4BD3F80034002BFAD0184B37
:1044E4000022C3F8042500BF154BD3F80034002B79
:1044F400FAD0FFF7A7FEFFF7BBFE00BF08BD00BF61
:10450400240300104035014074C007400DF0ADBADB
:10451400440200103C050040F0ED00E0A00500401E
:10452400105600408856004018560040145600406B
:1045340000C0004058020010E40E004000ED00E00E
:1045440000E00140124B1B68DBB2062B1DD1114B5E
:104554001B6803F00F03002B17D10F4B1B6803F0EC
:10456400F003302B01D1012310E00B4B1B6803F047
:10457400F003402B01D1012308E0074B1B6803F033
:10458400F003502B01D1012300E0002318467047AB
:10459400E00F00F0E40F00F0E80F00F00A4B1B6896
:1045A400DBB2062B0DD1094B1B6803F00F03002B64
:1045B40007D1074B1B6803F0F003302B01D1012313
:1045C40000E0002318467047E00F00F0E40F00F00D
:1045D400E80F00F0124B1B68DBB2062B1DD1114B08
:1045E4001B6803F00F03002B17D10F4B1B6803F05C
:1045F400F003302B01D1012310E00B4B1B6803F0B7
:10460400F003402B01D1012308E0074B1B6803F0A2
:10461400F003502B01D1012300E00023184670471A
:10462400E00F00F0E40F00F0E80F00F00A4B1B6805
:10463400DBB2062B0DD1094B1B6803F00F03002BD3
:1046440007D1074B1B6803F0F003302B01D1012382
:1046540000E0002318467047E00F00F0E40F00F07C
:10466400E80F00F0124B1B68DBB2062B1DD1114B77
:104674001B6803F00F03002B17D10F4B1B6803F0CB
:10468400F003302B01D1012310E00B4B1B6803F026
:10469400F003402B01D1012308E0074B1B6803F012
:1046A400F003502B01D1012300E00023184670478A
:1046B400E00F00F0E40F00F0E80F00F00A4B1B6875
:1046C400DBB2062B0DD1094B1B6803F00F03002B43
:1046D40007D1074B1B6803F0F003302B01D10123F2
:1046E40000E0002318467047E00F00F0E40F00F0EC
:1046F400E80F00F00A4B1B68DBB2062B0DD1094B07
:104704001B6803F00F03002B07D1074B1B6803F052
:10471400F003302B01D1012300E000231846704739
:10472400E00F00F0E40F00F0E80F00F00A4B1B6804
:10473400DBB2062B0DD1094B1B6803F00F03002BD2
:1047440007D1074B1B6803F0F003502B01D1012361
:1047540000E0002318467047E00F00F0E40F00F07B
:10476400E80F00F0124B1B68DBB2062B1DD1114B76
:104774001B6803F00F03002B17D10F4B1B6803F0CA
:10478400F003302B01D1012310E00B4B1B6803F025
:10479400F003402B01D1012308E0074B1B6803F011
:1047A400F003502B01D1012300E000231846704789
:1047B400E00F00F0E40F00F0E80F00F0124B1B686C
:1047C400DBB2062B1DD1114B1B6803F00F03002B2A
:1047D40017D10F4B1B6803F0F003302B01D10123D9
:1047E40010E00B4B1B6803F0F003402B01D10123B5
:1047F40008E0074B1B6803F0F003502B01D10123A1
:1048040000E0002318467047E00F00F0E40F00F0CA
:10481400E80F00F082B003468DF807309DF80730AA
:1048240003F01F0205499DF907305B09012000FAD6
:1048340002F241F8232000BF02B0704700E100E01B
:1048440082B003468DF807309DF8073003F01F024D
:1048540006499DF907305B09012000FA02F2603332
:1048640041F8232000BF02B0704700BF00E100E020
:1048740082B0034600918DF807309DF90730002B74
:104884000CDA009BDAB20C499DF8073003F00F03F1
:10489400043B5201D2B20B441A7609E0009BDAB20F
:1048A40006499DF907305201D2B20B4483F8002324
:1048B40000BF02B0704700BF00ED00E000E100E07F
:1048C40000B583B003460A468DF8073013468DF8C9
:1048D40006309DF80630012B03D99DF80630032BD2
:1048E4000CD99DF80630042B03D99DF80630072B0C
:1048F40004D90D494FF4927004F06CFB9DF8062026
:104904009DF9073011461846FFF7B2FF9DF90730AD
:104914001846FFF795FF9DF907301846FFF77AFF11
:1049240000BF03B05DF804FBB426030082B0034665
:104934008DF807309DF8073003F01F0206499DF9F2
:1049440007305B09012000FA02F2203341F82320EA
:1049540000BF02B0704700BF00E100E084B00190E6
:104964000B46ADF80230BDF80230019A1344002220
:104974001A60BDF80230019A13441B680393039B29
:1049840000BF04B0704782B001900B46ADF802300E
:10499400BDF80230019A13441B68002B14BF012395
:1049A4000023DBB2184602B0704782B00190009138
:1049B400019B009AC3F8042300BF02B0704782B081
:1049C40001900091019BD3F80423009B1340002B1A
:1049D40014BF01230023DBB2184602B0704782B033
:1049E40001900091019B009AC3F8082300BF02B014
:1049F400704784B00190019BD3F880340393019BEA
:104A0400039AC3F88024039B184604B0704782B00D
:104A14000190019B0422C3F8002500BF02B0704737
:104A240082B00190019B0022C3F8002500BF02B0B0
:104A3400704784B0039002910192039B019AC3F8DA
:104A44001425039B029AC3F80C2500BF04B07047D9
:104A540000B583B001904FF0FF324FF0FF31019861
:104A6400FFF7E7FF00BF03B05DF804FB82B00190DD
:104A7400019BD3F80C35184602B0704782B0019000
:104A8400019BD3F81435184602B0704782B00190E8
:104A9400019BD3F80835184602B0704782B00190E4
:104AA400019BD3F81035184602B0704784B00390C8
:104AB40002910192039B029AC3F80825039B019A71
:104AC400C3F8102500BF04B0704700B583B001904F
:104AD4004FF0FF324FF0FF310198FFF7E7FF00BFBF
:104AE40003B05DF804FB82B00190019BD3F8183544
:104AF400DBB2184602B0704782B001900B468DF8C5
:104B040003309DF80320019BC3F81C2500BF02B0AD
:104B1400704782B001900B468DF803309DF8033046
:104B2400019A134401221A6000BF02B0704782B098
:104B340001900B468DF8033013468DF802309DF832
:104B440003209DF802301343DBB21A46019BC3F8DD
:104B54006C2500BF02B0704782B001900091019BA8
:104B6400009AC3F8242500BF02B0704784B00190B6
:104B74000B46ADF80230BDF80230019A134400220E
:104B84001A60BDF80230019A13441B680393039B17
:104B940000BF04B0704782B001900B46ADF80230FC
:104BA400BDF80230019A13441B68002B14BF012383
:104BB4000023DBB2184602B0704782B00190009126
:104BC400019BD3F80022009B1A43019BC3F80022E7
:104BD40000BF02B0704782B001900091019BD3F8EE
:104BE4000022009BDB431A40019BC3F8002200BF54
:104BF40002B0704782B001900091019B009AC3F803
:104C0400042300BF02B0704782B001900091019B61
:104C1400009AC3F8082300BF02B0704784B0019023
:104C2400019BD3F880340393019B039AC3F8802437
:104C3400039B184604B0704782B00190019B082280
:104C4400C3F8002500BF02B0704782B00190019BF9
:104C54000022C3F8002500BF02B0704784B003905F
:104C640002910192039B029AC3F80C25039B019ABB
:104C7400C3F8142500BF04B0704700B583B0019099
:104C84004FF0FF324FF0FF310198FFF7E7FF00BF0D
:104C940003B05DF804FB82B00190019BD3F80C359E
:104CA400184602B0704782B00190019BD3F81435C6
:104CB400184602B0704782B00190019BD3F80835C2
:104CC400184602B0704782B00190019BD3F81035AA
:104CD400184602B0704784B0039002910192039B7E
:104CE400029AC3F80825039B019AC3F8102500BF54
:104CF40004B0704700B583B001904FF0FF324FF01D
:104D0400FF310198FFF7E7FF00BF03B05DF804FB34
:104D140082B001900B468DF803309DF80330019A60
:104D2400134401221A6000BF02B0704782B00190A0
:104D34000B468DF8033013468DF802309DF803209E
:104D44009DF802301343DBB21A46019BC3F86C256D
:104D540000BF02B0704782B001900091019B009A9D
:104D6400C3F8242500BF02B0704784B003900291B9
:104D740013468DF80730029A039BC3F844259DF827
:104D84000720039BC3F8482500BF04B0704782B0D6
:104D94000190019BD3F84C35184602B0704784B09B
:104DA4000390029113468DF80730029A039BC3F8CF
:104DB40034259DF80720039BC3F8382500BF04B0B1
:104DC400704782B00190019BD3F83C35184602B07D
:104DD400704700B583B003468DF807309DF907305E
:104DE4001846FFF7A3FD00BF03B05DF804FB84B0D1
:104DF4000190019B1B0B8DF80F309DF90F30184665
:104E040004B0704782B00190019B03F06043B3F19A
:104E1400005F0CBF01230023DBB2184602B07047C9
:104E240000B583B00190019B1B681F2B04D9054971
:104E34004FF4E87004F0CEF84FF0A043184603B0E6
:104E44005DF804FB1027030000B585B00190084607
:104E540011461A4603468DF803300B468DF802308E
:104E640013468DF8013001AB1846FFF7D9FF0390C4
:104E74009DF803209DF802305B001A439DF8013031
:104E84009B001A439DF818301B0242EA03019DF867
:104E94001C301B04019A1943039B02F5E07243F88A
:104EA400221000BF05B05DF804FB00B585B0039087
:104EB400002301930023009300230122012103987E
:104EC400FFF7C2FF00BF05B05DF804FB00B585B075
:104ED40003900B468DF80B309DF80B3000220192A5
:104EE40000220092002200210398FFF7ADFF00BFCB
:104EF40005B05DF804FB00B585B003900023019371
:104F0400002300930023012200210398FFF79CFF54
:104F140000BF05B05DF804FB00B585B0019001AB9E
:104F24001846FFF77DFF0390019B012202FA03F369
:104F34001946039800F004F800BF05B05DF804FBBF
:104F440082B001900091019B009AC3F8082500BF2C
:104F540002B0704700B583B001900091009B1B68BC
:104F6400B3F1FF3F09D0009B1B681846FFF7D4FF3D
:104F7400009B1B681846FFF798FF009B5B68B3F122
:104F8400FF3F05D0009B5B6800211846FFF79EFF9A
:104F9400019B1B79464A5B0113441C331B78002B8D
:104FA40041D0019B1A68009B9B6919461046FFF784
:104FB400D2FE019B1868009B597D009B1B7D1A46FD
:104FC400FFF7B4FE019B1868009B1968009B5B689F
:104FD4001A46FFF743FE009B1B7D012B64D1009B07
:104FE4009B68B3F1FF3F05D0009B9B6800211846E6
:104FF400FFF76CFF009BDB68B3F1FF3F09D0009B18
:10500400DB681846FFF788FF009BDB681846FFF74C
:105014004CFF019B1868009BD968009B9B681A464B
:10502400FFF759FE40E0019B1A68009B9B691946F3
:105034001046FFF791FD019B1868009B597D009B6A
:105044001B7D1A46FFF773FD019B1868009B1968C6
:10505400009B5B681A46FFF7ECFC009B1B7D012B51
:1050640022D1009B9B68B3F1FF3F05D0009B9B6856
:1050740000211846FFF72AFF009BDB68B3F1FF3FCE
:1050840009D0009BDB681846FFF746FF009BDB68EE
:105094001846FFF70AFF019B1868009BD968009B1C
:1050A4009B681A46FFF702FD00BF03B05DF804FBDE
:1050B4008027002000B583B001900B468DF80330A3
:1050C400019B1B792D4A5B0113441C331B78002B75
:1050D4002FD0019B1B684FF488711846FFF746FDDB
:1050E400019B1B684FF490711846FFF73FFD019B2D
:1050F4001B684FF492711846FFF738FD019B1B683B
:105104004FF4A2711846FFF731FD019B1B681C493F
:105114001846FFF76FFD019B1B681846FFF767FEF3
:1051240003461A469DF8033019461046FFF7C8FB9C
:1051340020E0019B1B684FF48E711846FFF70EFCAC
:10514400019B1B684FF4A2711846FFF707FC019BF3
:105154001B680C491846FFF728FC019B1B6818467E
:10516400FFF745FE03461A469DF8033019461046DC
:10517400FFF7A6FB00BF03B05DF804FB8027002007
:10518400100302008000020000B583B00190019B6F
:105194001B79154A5B0113441C331B78002B0FD079
:1051A400019B1B6811491846FFF72EFD019B1B68E4
:1051B4001846FFF71CFE03461846FFF70AFE0EE0EA
:1051C400019B1B680A491846FFF709FC019B1B68F1
:1051D4001846FFF70CFE03461846FFF7FAFD00BF1A
:1051E40003B05DF804FB00BF802700201003020019
:1051F4008402020000B587B00190019B1B79364AF6
:105204005B0113441C331B78002B22D0019B1B68C9
:105214001846FFF740FD0590019B1B681846FFF7F1
:1052240042FD0490019B1B681846FFF744FD039060
:10523400019B1B681846FFF746FD0290019B1B6803
:105244001846FFF71AFD019B1B681846FFF752FD2D
:1052540021E0019B1B681846FFF708FC0590019BA1
:105264001B681846FFF70AFC0490019B1B6818464C
:10527400FFF70CFC0390019B1B681846FFF70EFC1C
:105284000290019B1B681846FFF7E2FB019B1B6819
:105294001846FFF71AFC059BB3F1FF3F02D00598AF
:1052A400FFF729FE049BB3F1FF3F02D00498FFF7F8
:1052B40022FE029BB3F1FF3F02D00298FFF71BFED0
:1052C400039BB3F1FF3F02D00398FFF714FE00BF26
:1052D40007B05DF804FB00BF8027002000B583B051
:1052E4000190019B1B790B4A5B0113441C331B780F
:1052F400002B05D0019B1B681846FFF79DFC04E0BA
:10530400019B1B681846FFF782FB00BF03B05DF8E2
:1053140004FB00BF8027002000B583B00190019BEF
:105324001B790B4A5B0113441C331B78002B05D0FB
:10533400019B1B681846FFF788FC04E0019B1B686F
:105344001846FFF76DFB00BF03B05DF804FB00BF18
:105354008027002000B587B0039002910192029B40
:10536400002B04D122494FF4887003F033FE039BD1
:105374001B795B011F4A1344059300230493059B87
:10538400DB7E002B03D008230493049B2BE0029BB9
:105394005A7F059B1A7702990398FFF7DBFD059B5B
:1053A400019A5A60029B1A69059B1A60059B5B6807
:1053B400002B05D0029B1B7F19460398FFF77AFE4A
:1053C4000398FFF78BFF059B0022DA75059B0022EB
:1053D4001A76059B00229A75059B0122DA76059BB5
:1053E40000229A76049B184607B05DF804FB00BFC0
:1053F400502703008027002000B585B00190019B51
:105404001B795B010C4A134403930198FFF784FF53
:10541400039B5B68002B02D00198FFF7B5FE01984F
:10542400FFF7E8FE039B0022DA76039B00225A6012
:1054340000BF05B05DF804FB8027002000B585B0EF
:10544400019000914FF48E710198FFF787FA009B49
:105454009B68009A928A92B213441B788DF80F309D
:10546400009B9B8A9BB201339AB2009B9A829DF85F
:105474000F3019460198FFF73FFB00BF05B05DF8F8
:1054840004FB000000B585B00190019B1B795B0112
:10549400344A1344029300230393019B1B684FF483
:1054A4008E711846FFF75AFA019B1B6808211846AB
:1054B400FFF72FFB019B1B6802991846FFF7BEFFFD
:1054C400029B5B68002B47D11FE000BF019B1B6858
:1054D4004FF48E711846FFF756FA034683F0010322
:1054E400DBB2002B05D0029B9B8A9BB2B3F5807F75
:1054F400ECD1029B9B8A9BB2B3F5807F05D0019BC4
:105504001B6802991846FFF799FF029B9B8A9BB27E
:10551400029A927D9342D8D3029B9B8A9BB2B3F5A5
:10552400807F02D10F23039313E000BF019B1B680C
:105534004FF48E711846FFF726FA034683F00103F1
:10554400DBB2002BF2D1019B1B680C211846FFF73C
:10555400E0FA029B00229A75039B184605B05DF899
:1055640004FB00BF8027002000B587B00190019B99
:105574001B795B012A4A1344049300230593019B7E
:105584001B684FF490711846FFF7F0FA019B1B68F3
:105594004FF4AC711846FFF7E9FA019B1868049BB5
:1055A4009968049B9B7D1A46FFF7DFFB019B1B68F0
:1055B40008211846FFF7ACFB049B5B68002B2AD13B
:1055C400019B1B684FF490711846FFF7E4FA0346F9
:1055D4008DF80F30019B1B684FF4AC711846FFF730
:1055E400DAFA03468DF80E309DF80F3083F001038C
:1055F400DBB2002B06D09DF80E3083F00103DBB242
:10560400002BDDD19DF80E30002B01D00F23059324
:10561400049B00229A75059B184607B05DF804FBAD
:105624008027002000B587B00390029113468DF8BF
:105634000730039B1B795B012E4A13440493049B9C
:10564400DB7E012B04D02C494FF4CC7003F0C2FC58
:105654009DF80730002B04D1274940F2991003F03C
:10566400B9FC029B002B04D123494FF4CD7003F005
:10567400B1FC039B1B791F4A5B0113441C331B7849
:10568400002B0CD00298FFF7BDFB034683F0010307
:10569400DBB2002B03D010230593059B25E0039870
:1056A40000F02CF80346002B03D011230593059B2F
:1056B4001BE0049B9DF807209A75049B029A9A604C
:1056C400049B00229A82039B1B790A4A5B011344C0
:1056D4001C331B78002B04D00398FFF745FF0346C7
:1056E40003E00398FFF7CEFE0346184607B05DF8C3
:1056F40004FB00BF802700205027030082B00190E4
:10570400019B1B79064A5B01134416331B78002B5B
:1057140014BF01230023DBB2184602B0704700BF58
:105724008027002000B583B00190019B1B684FF4D3
:1057340092711846FFF712F9019B1B684FF48471AC
:105744001846FFF70BF9019B1B6800211846FFF769
:10575400E0F900BF03B05DF804FB10B582B001901E
:105764000091009BDB7D002B08D14FF484710198DC
:10577400FFF7F4F80198FFF7B6F916E04FF48471D7
:105784000198FFF7EBF8009BDB68009A527ED2B2D7
:105794009C180198FFF7A7F903462370009B5B7ED2
:1057A400DBB20133DAB2009B5A7602B010BD0000BE
:1057B40000B589B00390029111461A460B468DF844
:1057C400073013468DF80630039B1B795B014D4A65
:1057D40013440793079B9B7E83F00103DBB2002BEA
:1057E40009D09DF8063083F00103DBB2002B02D010
:1057F4000398FFF797FF079B5B68002B73D1039B0C
:105804001B684FF4A2711846FFF7A8F8039B1B68A6
:105814004FF492711846FFF7B6F803468DF81B3023
:10582400039B1B684FF484711846FFF7ACF80346DA
:105834008DF81A30039B1B684FF4A2711846FFF7CA
:10584400A2F803468DF819309DF81A3083F001034D
:10585400DBB2002B0DD09DF8193083F00103DBB2CD
:10586400002B06D09DF81B3083F00103DBB2002B24
:10587400CCD19DF81B30002B10D19DF81930002B92
:105884000CD1039B1B6807991846FFF766FF079B1B
:10589400DA7D079B5B7EDBB29A42B7D8079B002276
:1058A400DA759DF81B30002B03D003230593059B69
:1058B40023E09DF81930002B03D00F230593059B9B
:1058C4001BE0079B9B7E002B06D0039B1B680021DB
:1058D4001846FFF71EF90DE0039B1B6804211846C8
:1058E400FFF717F906E0039B1B684FF40171184694
:1058F400FFF75BF800230593059B184609B05DF894
:1059040004FB00BF8027002000B587B003900291FC
:1059140011461A460B468DF8073013468DF80630AB
:1059240000230593039B1B684FF488711846FFF707
:105934001DF9039B1B684FF4A2711846FFF716F973
:10594400039B1B689DF8072002991846FFF727FA66
:105954009DF8063083F00103DBB2002B06D0039BD5
:105964001B6800211846FFF7D3F905E0039B1B6869
:1059740020211846FFF721F9039B1B792D4A5B016F
:10598400134404331B68002B47D1039B1B684FF45B
:1059940088711846FFF7FFF803468DF81330039B10
:1059A4001B684FF4A2711846FFF7F5F803468DF80B
:1059B4001230039B1B684FF492711846FFF7EBF803
:1059C40003468DF811309DF8133083F00103DBB2E8
:1059D400002B0DD09DF8123083F00103DBB2002BB5
:1059E40006D09DF8113083F00103DBB2002BCCD13B
:1059F400039B1B790F4A5B011344173300221A706F
:105A04009DF81130002B01D0032305939DF812302B
:105A1400002B09D00F23059306E0039B1B684FF46A
:105A240004711846FFF7E6F8059B184607B05DF8C1
:105A340004FB00BF8027002000B589B003900291C9
:105A440013468DF80730039B1B795B015A4A1344B4
:105A54000593039B1B79584A5B0113441B331B7842
:105A6400012B04D055494FF4167003F0B3FA9DF896
:105A74000730002B04D1514940F2592003F0AAFA0F
:105A8400039B1B794C4A5B0113441C331B78002B8A
:105A94000CD00298FFF7B6F9034683F00103DBB29A
:105AA400002B03D010230793079B81E000238DF87C
:105AB4001B30059B5B68002B17D0039B1B793E4A68
:105AC4005B0113441C331B78002B07D0039B1B681A
:105AD4004FF404711846FFF797F806E0039B1B6820
:105AE4004FF401711846FEF77AFF059BDB7D002B0E
:105AF40026D0059B1B7E002B1FD0059B5B68002BCB
:105B040017D0039B1B792C4A5B0113441C331B786D
:105B1400002B07D0039B1B684FF404711846FFF752
:105B240069F806E0039B1B684FF401711846FEF701
:105B34003CFF11230793079B3AE001238DF81B30A8
:105B44009DF81B3083F00103DBB2002B0DD0059BC5
:105B54009DF80720DA75059B029ADA60059B0022FE
:105B64005A76059B00221A7606E0059B029A1A6172
:105B7400059B9DF807201A76039B1B790E4A5B014F
:105B840013441C331B78002B09D09DF81B309DF85F
:105B9400072002990398FFF7B7FE034608E09DF833
:105BA4001B309DF8072002990398FFF701FE034676
:105BB400184609B05DF804FB802700205027030035
:105BC40000B589B003900B4601928DF80B30012388
:105BD4008DF810309DF80B308DF81830019B05932B
:105BE400039B5B68039A116804AA1046984700BF98
:105BF40009B05DF804FB00B587B001900B468DF841
:105C0400033000238DF808309DF803308DF81030F0
:105C1400019B9B680393019B00229A75019B5B681F
:105C2400019A116802AA1046984700BF07B05DF8B0
:105C340004FB000000B583B00190019B1B790F4A5F
:105C44005B0113441C331B78002B06D0019B1B689B
:105C540004211846FFF75CF80CE0019B1B684FF425
:105C640001711846FEF7BBFE019B1B680421184610
:105C7400FEF74FFF00BF03B05DF804FB8027002050
:105C840000B589B0019000914FF400710198FEF7BE
:105C940096FE0346002B39D04FF492710198FEF71B
:105CA40072FE0346002B31D04FF492710198FEF737
:105CB40055FE4FF401710198FEF791FE009B9B7E07
:105CC40083F00103DBB2002B03D004210198FEF71B
:105CD40020FF02238DF808300198FEF78AFE034660
:105CE4000593009BDB7D8DF81030009BDB680393EC
:105CF400009B0022DA75009B00221A76009B5B68E9
:105D0400009A116802AA1046984756E004210198A7
:105D1400FEF755FE0346002B4FD04FF484710198D3
:105D2400FEF731FE0346002B47D000990198FFF798
:105D340014FD009BDA7D009B5B7EDBB29A423CD172
:105D4400009B1B7E002B1CD0009BDB680793009BF1
:105D54005B7E8DF81B30009B1A7E009BDA75009BDE
:105D64001A69009BDA60009B00221A76009B0022CD
:105D74005A769DF81B30079A19460098FFF720FFC2
:105D84001BE0009B9B7E83F00103DBB2002B03D05E
:105D940004210198FEF7BDFE4FF401710198FEF74E
:105DA4001EFE009B0022DA75009B5B7ED9B2009B2D
:105DB400DB681A460098FFF703FF4FF48E710198D1
:105DC400FEF7E1FD0346002B1AD0009B9B8A9BB291
:105DD400009A927D934204D200990198FFF72EFB1A
:105DE4000EE04FF48E710198FEF7B8FD009B9B7D89
:105DF400002B05D0009B9B7D19460098FFF7FBFE06
:105E04004FF4A2710198FEF7BEFD0346002B1CD08F
:105E14004FF4A2710198FEF7A1FD009B9B7E002B1D
:105E240003D000210198FEF774FE009BDB7D002B5C
:105E34000BD0009B0022DA75009B5B7ED9B2009BDD
:105E4400DB681A460098FFF7BBFE00BF09B05DF897
:105E540004FB00B589B0019000914FF49271019850
:105E6400FEF799FE0346002B24D04FF4927101985B
:105E7400FEF77CFE02238DF808300198FEF7CEFE73
:105E8400034605930198FEF79CFF0346DBB28DF8A9
:105E94001030009BDB680393009B0022DA75009BA3
:105EA40000221A76009B5B68009A116802AA1046C9
:105EB400984741E04FF488710198FEF76CFE034661
:105EC400002B39D04FF488710198FEF74FFE0198EA
:105ED400FEF777FF03468DF81F30009BDB7D9DF8AE
:105EE4001F209A4228D1009B1B7E002B19D0009BB7
:105EF400DB68069320210198FEF76DFE009B1A7E55
:105F0400009BDA75009B1A69009BDA60009B0022F3
:105F14001A769DF81F30069A19460098FFF750FE2E
:105F24000AE0009B0022DA75009BDA689DF81F30B6
:105F340019460098FFF744FE4FF4A2710198FEF74A
:105F44002AFE0346002B16D04FF4A2710198FEF7E7
:105F54000DFE009BDB7D002B0DD0009B0022DA752B
:105F64000198FEF72EFF0346D9B2009BDB681A4660
:105F74000098FFF725FE4FF490710198FEF70BFE91
:105F84000346002B11D04FF490710198FEF7EEFDFB
:105F9400009B9B7D002B08D00198FEF7F8FE03467A
:105FA400DBB219460098FFF726FE00BF09B05DF882
:105FB40004FB000008B5074B1B7F002B04D00549E8
:105FC4000548FFF746FF03E002490348FFF758FE80
:105FD40000BF08BD802700200020004000B589B024
:105FE400039002910192029B9BB2ADF81430019B85
:105FF4000693039B079305AB1A46002144F2010064
:1060040000F052F800BF09B05DF804FB86B00390BD
:106014000291019201238DF817309DF81730214A1F
:10602400039B13601F4A029B53601E4A019B9360AB
:10603400039B44F20102934213D0039B44F20202F5
:10604400934222D1019B174AD360164BDB681B880D
:106054001A46144B9A61134BDB685B68114AD3618F
:1060640013E0019B0F4A13610E4B1B699B680D4A99
:1060740053610C4B1B691B881A460A4B9A61094BE6
:106084001B695B68074AD36100BF72B600BF00BFDB
:106094009DF81730DBB2002BFAD162B600BF00BF07
:1060A40006B07047A027002030B589B00590049150
:1060B400039209F065FF09F0EDFC0346002BFAD1C9
:1060C400059B44F20202934233D0059B44F2020240
:1060D400934264D8059B44F2010293423DD0059B50
:1060E40044F2010293425AD8059B012B05D0059B2B
:1060F40041F2010293420ED051E03C4B5B68002B0D
:106104005CD03A4B1B881B0443F001033849184602
:1061140009F066FC52E0354B5B68002B50D0334BE2
:106124001B881B0443F001033249184609F058FC4C
:1061340046E0039B07932D4B5B68002B42D02B4B0F
:106144001B881B0443F00100079B5B681A46079BEE
:106154001B88294909F063FC34E0039B0693234B15
:106164005B68002B30D0214B1B881B0443F00104D7
:10617400069B9D68069B9B68184609F00DF803462C
:106184001946069B5B681A46069B1B88019300927E
:106194000B462A461949204609F055FC14E0134BD6
:1061A4005B68002B12D0114B1B881B0443F00103C6
:1061B400049A1349184609F021FC07E000BF06E0E1
:1061C40000BF04E000BF02E000BF00E000BF0D4BD1
:1061D4001B6803F00103002B00D0FFDE039A04992F
:1061E4000598FFF713FF00BF09B030BD2C21002034
:1061F400A8270300C8270300EC270300082803008E
:1062040020280300F0ED00E082B003468DF807304B
:106214009DF8073003F01F0205499DF907305B091B
:10622400012000FA02F241F8232000BF02B07047B7
:1062340000E100E082B003468DF807309DF8073096
:1062440003F01F0206499DF907305B09012000FA9B
:1062540002F2203341F8232000BF02B0704700BF90
:1062640000E100E082B003468DF807309DF8073066
:1062740003F01F0206499DF907305B09012000FA6B
:1062840002F2403341F8232000BF02B0704700BF40
:1062940000E100E082B003468DF807309DF8073036
:1062A40003F01F0206499DF907305B09012000FA3B
:1062B40002F2603341F8232000BF02B0704700BFF0
:1062C40000E100E082B0034600918DF807309DF9AB
:1062D4000730002B0CDA009BDAB20C499DF807302A
:1062E40003F00F03043B5201D2B20B441A7609E0C7
:1062F400009BDAB206499DF907305201D2B20B4431
:1063040083F8002300BF02B0704700BF00ED00E037
:1063140000E100E084B00190244B0393019B002B27
:1063240040D0234B1A680399019B00BF00BF00BFF4
:1063340000BF00BF00BF00BF00BF8A422FD000BF14
:1063440000BF00BF00BF00BF00BF00BF00BF00BF51
:1063540000BF00BF00BF00BF00BF00BF00BF00BF41
:1063640000BF00BF00BF00BF00BF00BF00BF00BF31
:1063740000BF00BF00BF00BF00BF00BF00BF00BF21
:1063840000BF00BF00BF00BF00BF00BF00BF00BF11
:1063940000BF00BF00BF00BF00BF00BF00BF013B84
:1063A400C3D1019300BF04B0704700BF0024F400C0
:1063B4002C22002000B583B00190064A019BC2F84C
:1063C400083507211120FFF77DFF00BF03B05DF8FA
:1063D40004FB00BF0010014008B50D4B4FF48032A0
:1063E400C3F844230A4B4FF48032C3F8042311202A
:1063F400FFF750FF1120FFF707FF054B01221A603A
:106404002F20FFF787FF034B01221A7000BF08BD3E
:1064140000100140DE28002008B51120FFF70AFF14
:106424000E4B4FF48032C3F848230C4B4FF48032A8
:10643400C3F80823094B01225A602F20FFF76AFF93
:10644400064B01229A60064B00221A602F20FFF7A8
:1064540061FF044B00221A7000BF08BD0010014008
:10646400D0280020DE280020024BD3F8043518463B
:10647400704700BF0010014082B001900091019A62
:10648400009BD31A23F07F43184602B070470000E4
:1064940082B00190034A019BC2F8403500BF02B0AC
:1064A400704700BF0010014086B00190284B1B6864
:1064B400002B03D1264A019B136045E0019B1A6817
:1064C400234B1B681B689A4210D8214B1B68196820
:1064D400019B1A681E4B1B688A1A1A601C4B1A68A7
:1064E400019BDA611A4A019B13602DE0019B1B6832
:1064F4000393174B1B680593154B1B68049309E022
:10650400049B1B68039AD31A0393049B0593049B6F
:10651400DB690493049B002B04D0049B1B68039A3F
:106524009A42EDD8049B002B05D0049B1A68039B68
:10653400D21A049B1A60019B039A1A60019B049A65
:10654400DA61059B019ADA6100BF06B0704700BFAB
:10655400CC28002000B587B001902A4B1B68039318
:10656400284B1B680593059B049308E0049A019B40
:106574009A4208D0049B0593049BDB690493049B13
:10658400002BF3D100E000BF049B002B01D10023BA
:1065940033E0059A049B9A4214D11A4B1B68DB69B9
:1065A400184A1360174B1B68002B0BD1164B0122A2
:1065B4009A60164B00221A60154B01221A702F2084
:1065C400FFF7A8FE049B1B680293049BDA69059BF2
:1065D400DA61059BDB690493049B002B05D0049BC3
:1065E4001A68029B1A44049B1A60064B1B68039AA0
:1065F4009A4214BF01230023DBB2184607B05DF8AA
:1066040004FB00BFCC28002000100140D02800204B
:10661400DF28002008B51120FFF724FE00BF08BDC5
:1066240008B51420FFF71EFE00BF08BD00B583B0F7
:106634000190019B5B69019A92691046984700BFDB
:1066440003B05DF804FB000000B585B02B4B1B685C
:10665400002B4ED000230193FFF706FF0246284B80
:106664001B6819461046FFF707FF0290234B1B686F
:1066740003931DE0039B1B68029A9A421CD3039B5D
:106684001B68029AD31A0293039B1B68019A134452
:106694000193039B0093039BDB690393009B1B7C87
:1066A400002B05D0009B00221A740098FFF7BEFF50
:1066B400039B002BDED100E000BF124B1A78124B73
:1066C4001B789A420CD1104B1B780133DAB20E4B73
:1066D4001A700D4B1B78022B02D10B4B00221A703F
:1066E400094B1B781946094A019B42F82130FFF7F0
:1066F40097FF00BF05B05DF804FB00BFCC28002065
:10670400D0280020DC280020DD280020D428002008
:1067140082B00190184B1A78184B1B789A4223D0F8
:10672400154B1B780133DAB2134B1A70124B1B78DA
:10673400022B02D1104B00221A700F4B1B781A4601
:106744000F4B53F82220019B1A60019B1A680D4BD2
:106754001B6813440B4A13600A4B1B6823F07F43E6
:10676400084A1360012303E0019B00221A600023FE
:10677400184602B0704700BFDC280020DD28002046
:10678400D4280020D028002088B0039002910192E0
:106794000023079338E0204B1B680693069B1B6875
:1067A400039A9A4206D2069B1A68039BD21A069B46
:1067B4001A602EE0069B1B68039AD31A0393069B68
:1067C4001B68079A13440793069B00221A60124B16
:1067D4001B680593069BDB690F4A1360069BDB6805
:1067E400002B11D0029A079B134423F07F42069B8F
:1067F4005A60069BDA68069B9A60019B1A68069B9E
:10680400DA61019B059A1A60034B1B68002BC2D105
:1068140000BF00BF08B07047CC28002000B589B085
:10682400019000238DF81F30664B1B680593AAE086
:10683400019B002B05D0019B0693069BDB6901930A
:1068440061E0614B1B781A4613465B001344DB007E
:106854005D4A1344043304935B4B1B780133DAB26F
:10686400594B1A70584B1A78574B9B789A4202D15D
:10687400554B00221A70049B5B680693049B1B789B
:10688400032B1ED0032B7EDC012B1FD0022B7AD1CD
:10689400049B5B681846FFF75DFE0346002B02D09D
:1068A40001238DF81F30069B00221A746BE0454BC0
:1068B4001B680393039B00221A74039BDB69414A00
:1068C4001360404B1B68002BF1D15CE000BF069BBA
:1068D4001B7C002B00D056E0049B9A68069B5A60F0
:1068E400049BDA68069B9A60049B1A69069BDA602B
:1068F400049B5A69069B9A61344B1B78002B02D087
:10690400069B00225A60069B5A68314B1B68D31AB7
:1069140023F07F432F4A93420ED8069B5B682C4A90
:10692400126811461846FFF7A7FD0246069B9B68AE
:106934001A44069B1A6017E0254B1A68069B5B688D
:1069440019461046FFF798FD0290069B9B68029A31
:106954009A4206D2069B9A68029BD21A069B1A6038
:1069640002E0069B00221A60069B00225A60069BE6
:1069740000229A60069B01221A74069B0022DA61A7
:106984000698FFF791FD019B002B7FF451AF0E4B4E
:106994001A780D4B5B789A427FF44AAF9DF81F300A
:1069A400002B04D1074B1B68059A9A4201D001239E
:1069B40000E0002303F00103DBB2184609B05DF8E0
:1069C40004FB00BFCC280020C0270020DF280020C3
:1069D400D0280020FEFF7F0010B588B00190274B1F
:1069E4001B68002B44D0254B1B681B680793FFF7DB
:1069F4003BFD0690224B1B68059305990698FFF70B
:106A04003BFD0346033304931E4B1B7883F00103C1
:106A1400DBB2002B01D0FFF7DFFC049A079B934203
:106A240038BF1346059A13440593059B23F07F430F
:106A340005930598FFF72CFDFFF716FD03900699C3
:106A44000398FFF719FD0346DC1C06990598FFF728
:106A540013FD03469C420DD9FFF706FD0346184675
:106A6400FFF716FD2F20FFF755FCFFF7D3FD01E0DC
:106A7400FFF7D2FC00BF08B010BD00BFCC28002037
:106A8400D0280020DE28002000B587B00023019321
:106A940000238DF81730194B1B680493184B1B689F
:106AA40003936B461846FFF733FE03468DF80B300D
:106AB4009DF80B30002B08D0009B01AA04991846BE
:106AC400FFF762FE01238DF81730019B1846FFF78C
:106AD400A5FE0346002B02D001238DF817309DF844
:106AE4001730002B02D00398FFF776FF054B0022E6
:106AF4001A7000BF07B05DF804FB00BFD028002067
:106B0400CC280020DF28002082B003468DF807300F
:106B1400034A9DF80730537000BF02B0704700BFAE
:106B2400C027002084B00190144B5B7801338DF8AA
:106B34000F30124B9B789DF80F209A4202D100230C
:106B44008DF80F300D4B1B789DF80F209A4201D120
:106B540000230FE0019B9DF80F201A70074B5B7810
:106B64001A4613465B001344DB00044A13440433FF
:106B74000293029B184604B0704700BFC027002050
:106B840000B589B00390029101920093002307930A
:106B940000238DF816300DF11603184600F0BEF9E7
:106BA4000DF117031846FFF7BDFF0690069B002B57
:106BB40002D10423079318E0069B01221A70069B56
:106BC400039A5A60FFF750FC0246069B9A60069BA4
:106BD400029ADA60069B019A1A61069B009A5A612E
:106BE4009DF817301846FFF78FFF9DF816301846AA
:106BF40000F0AAF9079B002B01D1FFF711FD079BB9
:106C0400184609B05DF804FB00B587B001900B4647
:106C14008DF803300023059300238DF80E300DF119
:106C24000E03184600F07AF90DF10F031846FFF72A
:106C340079FF0490049B002B02D1042305930BE0FD
:106C4400049B9DF803201A70049B019A5A609DF8D6
:106C54000F301846FFF758FF9DF80E30184600F025
:106C640073F9059B002B01D1FFF7DAFC059B18464D
:106C740007B05DF804FB000008B50E4B0022C3F812
:106C840040210C4B0022C3F844210A4B0022C3F8D4
:106C94004821084B0022C3F84C21064B0022C3F8BC
:106CA4000021044B0022C3F80421FFF7CDFC00BFF0
:106CB40008BD00BF0010014008B5FFF7E5FE00BFA6
:106CC40008BD000008B5FFF7A7FB134B00221A709C
:106CD400114B00225A70104B0B229A700F4B00225A
:106CE4001A600F4B00221A700E4B00221A701420E7
:106CF400FFF7D0FA07211420FFF7E4FA1420FFF776
:106D040083FA0020FFF756FBFFF7AEFB0346064A63
:106D140013600023184608BDC0270020CC2800209B
:106D2400DC280020DD280020D028002086B0039035
:106D34000B4601928DF80B30134B9B78002B01D13D
:106D440008231EE0019B002B01D1072319E0039BBC
:106D5400002B01D1072314E0039B1B681B7C002B31
:106D640001D008230DE0039B1B680593059B0022BB
:106D74001A74059B9DF80B205A74059B019A5A615D
:106D84000023184606B07047C027002000B587B01E
:106D9400039002910192039B0593144B9B78002B63
:106DA40001D108231EE0039B002B01D1082319E025
:106DB400029B042B01D8072314E0059B5B69002B7D
:106DC40001D108230EE0059B5B7C012B01D1029BC2
:106DD40000E000230493019B049A02990598FFF7AD
:106DE400CFFE0346184607B05DF804FBC027002019
:106DF40000B585B00190019B03930D4B9B78002B4C
:106E040001D1082310E0019B002B03D0039B5B6995
:106E1400002B01D1082307E0039B00221A740221EE
:106E24000398FFF7F1FE0346184605B05DF804FB2E
:106E3400C027002082B0EFF310830093009B0193DE
:106E440072B600BF019B184602B0704762B600BF1D
:106E540000BF704700B585B00190FFF7EBFF0390CA
:106E6400164B9B68002B1BD1144B01229A60144BC8
:106E7400D3F88020134B1340104A1360104B114A6F
:106E8400C3F880200E4BD3F884300C4A53600C4B6B
:106E94004FF0FF32C3F88420019B00221A7002E0F5
:106EA400019B01221A70039B002B01D1FFF7CEFF37
:106EB4000023184605B05DF804FB00BFE02800205D
:106EC40000E100E0FC06FFBD00B585B003468DF887
:106ED4000730104B9B68002B16D09DF80730002B11
:106EE40012D1FFF7A7FF03900B4A0A4B1B681360EC
:106EF400094A084B5B685360064B00229A60039B67
:106F0400002B01D1FFF7A2FF0023184605B05DF85E
:106F140004FB00BFE028002000E100E000B583B0DE
:106F2400019000F02BF80346012B03D005494320C0
:106F340002F050F80198FFF78DFF00BF03B05DF831
:106F440004FB00BF3828030000B583B003468DF866
:106F5400073000F013F80346012B03D006495120F3
:106F640002F038F89DF807301846FFF7ADFF00BF70
:106F740003B05DF804FB00BF3828030084B0EFF3CE
:106F840005830193019BC3F308030393039B002B25
:106F94000DD1EFF314830093009B0293029B03F043
:106FA4000103002B0CBF01230023DBB200E001230B
:106FB400184604B0704786B0039002910192019B79
:106FC400002B02D0019B1B8801E04FF6FF73ADF844
:106FD4001630002304933CE0BDF816301B0A9BB224
:106FE400DBB21AB2BDF916301B021BB213431BB23B
:106FF400ADF81630039A049B13441B781A46BDF867
:1070040016305340ADF81630BDF81630DBB21B090C
:10701400DBB21A46BDF816305340ADF81630BDF950
:1070240016301B031AB2BDF9163053401BB2ADF82B
:107034001630BDF916305B011BB203F4FF531AB2CC
:10704400BDF9163053401BB2ADF81630049B013322
:107054000493049A029B9A42BED3BDF81630184694
:1070640006B0704782B00190019B03F00303002B2C
:107074000CBF01230023DBB2184602B0704710B4E2
:1070840087B001900091019B009A53E8004F44EAB5
:10709400020043E8000191F0000FF6D1059404903A
:1070A4000391059B184607B05DF8044B704710B474
:1070B40087B001900091019B009A53E8004F04EBC4
:1070C400020043E8000191F0000FF6D1059404900A
:1070D4000391059B184607B05DF8044B704710B444
:1070E40087B001900091019B009A53E8004F04EB94
:1070F400020043E8000191F0000FF6D105940490DA
:107104000391049B184607B05DF8044B704710B414
:1071140087B001900091019B009A53E8004FA4EBC3
:10712400020043E8000191F0000FF6D105940490A9
:107134000391049B184607B05DF8044B704700B5F3
:1071440083B0019001210198FFF799FF0346184687
:1071540003B05DF804FB000000B585B00190002386
:1071640003930EE00B4A039B52F82330002B05D007
:10717400084A039B52F8233001989847039B013334
:107184000393039B032BEDD900BF00BF05B05DF84B
:1071940004FB00BFFC28002082B001900091019BF9
:1071A4001B78013B052B61D801A252F823F000BFE4
:1071B400CD710200D5710200FB7102002D72020034
:1071C4004D72020069720200009B00221A704EE0A8
:1071D400009B01221A70019B1A89009B9A81019BD2
:1071E4009A88009BDA81019BDA68009B9A60009B75
:1071F40000221A743BE0009B02221A70019B1A8938
:10720400009B9A81019B9A88009BDA81019BDA6832
:10721400009B9A60019B9B7D062B0CBF01230023DE
:10722400DAB2009B1A7422E0009B03221A70019BBD
:10723400DA88009B9A81019B1A89009BDA81019B61
:10724400DA68009B9A6012E0009B04221A70019B8A
:10725400DA88009B9A81009B0022DA81009B00223D
:107264009A6004E0009B05221A7000E000BF00BF92
:1072740002B0704784B001900091019B0393039A7C
:10728400009B9A4206D2039B1B68B3F1FF3F01D0D7
:10729400012300E0002303F00103DBB2184604B02D
:1072A400704782B00190019B5B8803339B00019A75
:1072B4001344184602B0704700B583B001900091A2
:1072C4000198FFF7EEFF0246009B934201D202238E
:1072D4000CE0019B9B884FF6FF72934203D0019B05
:1072E4001B88002B01D1012300E00023184603B0C2
:1072F4005DF804FB00B583B00190019B002B13D013
:107304000D4BDB681A46019B93420DD30A4B1B6954
:107314001A46019B934207D80198FFF7A3FE034640
:10732400002B01D0012300E0002303F00103DBB2B2
:10733400184603B05DF804FB1821002082B00190C8
:10734400019B002B04D0019B1B680B4A934201D084
:1073540003230DE0019B04331B68084A934204D0C5
:10736400074A934203D1012302E0002300E00323F0
:10737400184602B0704700BFDEC0ADDEFE011EF14C
:10738400FF011EF184B00190002303930CE0039BE2
:107394009B00019A13441B68B3F1FF3F01D0002303
:1073A40007E0039B01330393039BB3F5806FEED394
:1073B4000123184604B0704782B003460A46ADF86C
:1073C40006301346ADF80430BDF8062013491346C1
:1073D4009B0013449B000B4408331A88BDF8043007
:1073E4001344ADF80430BDF806200C4913469B0045
:1073F40013449B000B440A331A88BDF80430134429
:10740400ADF80430BDF8043040F2FF32934294BF2B
:1074140001230023DBB2184602B07047AC290020D8
:1074240084B0019000910A2303930023ADF80A303D
:1074340027E0BDF80A20174913469B0013449B001C
:107444000B4404331B68009A9A4215D9BDF80A20EC
:10745400104913469B0013449B000B4404331B68E0
:1074640003F58053009A9A4206D200230393019BAA
:10747400BDF80A201A8008E0BDF80A300133ADF8DF
:107484000A30BDF80A30012BD3D9039B184604B047
:10749400704700BFAC29002000B589B00390029169
:1074A4000192039B03F580530693039B08330393D4
:1074B400029B02221A80039B079332E006990798E5
:1074C400FFF7FAFE03468DF817309DF81730002BAE
:1074D4000AD1079B9A68184B1B689A4213D9079BD9
:1074E4009B68154A13600EE0019B002B02D0019BA0
:1074F40001221A709DF81730022B04D1029B4FF41D
:1075040080621A8014E0029B1A88079B5B881344EC
:107514009BB203339AB2029B1A800798FFF7C1FE0D
:10752400079006990798FFF7A5FE0346002BC5D1DF
:1075340009B05DF804FB00BF0C29002082B0019063
:107544000B46ADF80230019B1A89BDF80230134492
:107554009BB203339AB2019B1A81019B5A89BDF8ED
:107564000230D31A9BB2033B9AB2019B5A8100BFEB
:1075740002B0704700B583B0074B1B68194600235F
:1075840000930823054A064806F06DFB0346184697
:1075940003B05DF804FB00BFD4290020E0280300F9
:1075A4001821002000B585B00390039900230093AF
:1075B4000823044A044806F056FB0346184605B05F
:1075C4005DF804FBE82803001821002000B585B00D
:1075D40003460091ADF8063000238DF80F30BDF856
:1075E40006300333ADF80A30BDF80A3040F2FD32FC
:1075F400934201D909234AE00023ADF80C303BE063
:10760400BDF80C20244913469B0013449B000B44F3
:107614001B78002B2BD1BDF80A20BDF80C30114685
:107624001846FFF7C9FE0346002B20D001238DF82E
:107634000F30009BBDF80C201A80BDF80C201649B1
:1076440013469B0013449B000B440A331988BDF86E
:107654000C20BDF80A300B4498B20F4913469B0026
:1076640013449B000B440A3302461A8008E0BDF819
:107674000C300133ADF80C30BDF80C30012BBFD900
:107684009DF80F30002B01D0002300E0072318469B
:1076940005B05DF804FB00BFAC29002082B00346AE
:1076A4000A46ADF806301346ADF80430BDF80420A0
:1076B4000D4913469B0013449B000B440A331A885C
:1076C400BDF80630D31A9BB2BDF80420033B98B230
:1076D400054913469B0013449B000B440A3302469E
:1076E4001A8000BF02B07047AC29002008B5012100
:1076F4000248FFF7F4FC0346184608BD0C29002095
:1077040000B585B003460091ADF80630BDF80620FB
:10771400244913469B0013449B000B4404331B6809
:1077240003F580530293009B1B680393039B002B78
:1077340004D00398FFF7B5FD039026E0BDF80620BA
:10774400184913469B0013449B000B4404331B68E5
:107754000833039319E002990398FFF7ADFD03463C
:10776400022B10D0022B10DC002B02D0012B05D0F1
:107774000BE0009B039A1A6001230EE00398FFF7C5
:1077840090FD039001E0002307E002990398FFF7BE
:1077940071FD0346002BDED10023184605B05DF8C9
:1077A40004FB00BFAC29002000B585B00190009116
:1077B400019B5B681846FFF79DFD0346002B19D01B
:1077C400019B1A89244B1B899A4213D1019B1A6885
:1077D400019B5B689B689A420CD1019B5B681946CC
:1077E4000098FFF71DFE0346002B0CBF0123002366
:1077F400DBB22CE0009B00221A8023E000230293DA
:1078040010E0029B0393039B9A68019B1B689A42B6
:1078140008D1029A019B5A600F4B1A89019B1A8165
:10782400012314E0009B1B8802AA11461846FFF7A7
:1078340067FF0346002BE4D1009B1B8801339AB2F7
:10784400009B1A80009B1B88012BD7D90023184664
:1078540005B05DF804FB00BFDC29002000B587B04B
:107864000390029101920093304B1B78DBB283F0BA
:107874000103DBB2002B01D0022353E0019B002B58
:1078840002D0009B002B48D105234BE0009B9B8832
:107894001946274A0B469B000B449B0013441B7854
:1078A400002B33D124E0009B1B680593039B002B22
:1078B40006D0059B9A88039B1B889A4200D017E048
:1078C400029B002B06D0059B1A88029B1B889A42B8
:1078D40000D00DE0059B9A68019B1A60009B1A6812
:1078E400019B5A60134B1A89019B1A81002319E0EA
:1078F400009B9B88009A11461846FFF701FF034638
:10790400002BD0D1009B00221A6000E000BF009B36
:107914009B8801339AB2009B9A80009B9B88012B21
:10792400B4D90A23184607B05DF804FBEC280020FC
:10793400AC290020DC29002000B587B00291019217
:1079440000930346ADF80E30BDF80E2032491346BD
:107954009B0013449B000B4404331B6808330593BA
:10796400BDF80E202C4913469B0013449B000B4486
:1079740004331B6803F58053049342E0049905988B
:10798400FFF79AFC0346022B25D0022B38DC002B90
:1079940016D0012B34D1019B1B8801339AB2019B71
:1079A4001A80009B1A88059B5B8813449BB203339F
:1079B4009AB2009B1A800598FFF773FC059020E0AB
:1079C400029B1B8801339AB2029B1A800598FFF729
:1079D40068FC059015E0019B1B8801339AB2019B5A
:1079E4001A80009B1A880499059BCB1A9B109BB2A2
:1079F40013449AB2009B1A80089B01221A7007E074
:107A040000BF04990598FFF735FC0346002BB5D158
:107A140007B05DF804FB00BFAC29002000B585B0B9
:107A24000190084B0199184601F0CBFB03901C22EE
:107A34000021039809F08CFE039B184605B05DF8FD
:107A440004FB00BF9C29002000B583B00190044BC7
:107A54000199184601F0CCFB00BF03B05DF804FBAC
:107A64009C29002000B583B00190054B019918466C
:107A740001F0D2FB0346184603B05DF804FB00BFD7
:107A84009C29002000B583B00190044B019918464D
:107A940001F0D9FB00BF03B05DF804FB9C29002072
:107AA40008B50A4B1B68002B04D1094940F2712028
:107AB40001F090FA01210548FFF729FB0346002B4A
:107AC40014BF01230023DBB2184608BDF4280020AC
:107AD4009428030000B587B0002305930023ADF874
:107AE40012300323ADF8103000238DF80F3000233B
:107AF400ADF80C30F3E0BDF80C301A03804BDB68B2
:107B0400134402930298FFF719FC03468DF80730DB
:107B14009DF80730032B08D0032B00F3DA80002BE9
:107B240065D0012B00F09880D3E00298FFF72AFC7F
:107B34000346002B3BD0734B1B68002B29D0BDF8A8
:107B44001220714913469B0013449B000B440222EC
:107B54001A70BDF812206C4913469B0013449B0015
:107B64000B440433029A1A60BDF812206649134686
:107B74009B0013449B000B44083302221A80634A7F
:107B8400BDF812305380BDF812300133ADF8123015
:107B940008E05C4A029B13605A4B02229A8001233C
:107BA4008DF80F30059B43F00103059392E0BDF877
:107BB4001030013BADF81030BDF812205249134685
:107BC4009B0013449B000B440433029A1A60BDF8D3
:107BD40012204D4913469B0013449B000B4403227F
:107BE4001A70BDF812300133ADF8123072E0BDF8EE
:107BF4001220454913469B0013449B000B4400226A
:107C04001A70BDF81220404913469B0013449B0090
:107C14000B440433029A1A60BDF8122013469B00E9
:107C240013449B000833384A9918BDF812201346B0
:107C34009B0013449B001033334A13441A460298A2
:107C4400FFF72AFC059B43F002030593BDF81230AD
:107C54000133ADF812303DE09DF80F30002B25D0F4
:107C6400BDF81220284913469B0013449B000B4483
:107C740002221A70BDF81220224B196822481346BA
:107C84009B0013449B00034404331960BDF8122085
:107C94001D4913469B0013449B000B4408330222E6
:107CA4001A80BDF812300133ADF81230154A029B28
:107CB4001360002216490298FFF7EEFB114B9B88D4
:107CC400022B01D1042300E00823059A13430593F2
:107CD40000E000BFBDF80C300133ADF80C30BDF846
:107CE4000C30022B7FF607AFBDF81030012B01D802
:107CF40000230593059BDBB2184607B05DF804FB2F
:107D040018210020D4290020AC290020DC290020DF
:107D1400D829002000B587B003900291039B02226A
:107D24009A750299039B1A1D0023009304230748A4
:107D340005F099FF0590059B002B01D1002300E07D
:107D44000E23184607B05DF804FB00BF182100207D
:107D540000B587B003900291039B1B69002B01D0EF
:107D6400032200E00122039B9A75029B0833194603
:107D7400039B03F10C02002300930423064805F03F
:107D840072FF0590059B002B01D1002300E00E2318
:107D9400184607B05DF804FB1821002000B587B031
:107DA40003900291039B1B78032B01D1052200E071
:107DB4000622039B9A75029B04331946039B03F125
:107DC4000802002300930423064805F04CFF0590A5
:107DD400059B002B01D1002300E00E23184607B0B9
:107DE4005DF804FB1821002000B587B003900B4612
:107DF400ADF80A3003990023009304230C4A0D487C
:107E040005F031FF0590059B002B01D00E230BE0FC
:107E1400BDF80A20084913469B0013449B000B44F9
:107E2400103301221A700023184607B05DF804FBD2
:107E3400F028030018210020AC29002000B589B0E7
:107E4400019002AB00221A605A609A60019BDB68C1
:107E540002930DF1160202AB11461846FFF7A4FC7B
:107E64000346002B12D0039B0693069B9A88019B22
:107E7400DA80069B1A88019B1A81039BBDF81620A1
:107E840011461846FFF7B0FF079001E00A23079355
:107E9400079B184609B05DF804FB000000B587B0E5
:107EA4000190019B981D02AA0D4B0021FFF7D6FCFF
:107EB4000590059B002B08D1039B094A9288114623
:107EC4001846FFF791FF059004E0082200210448BA
:107ED40009F03EFC059B184607B05DF804FB00BFA3
:107EE400EC29002000B587B003900291039B012286
:107EF4009A75029B0C331846039B1A69039BDB8813
:107F04009B00002100910146064805F0ACFE059057
:107F1400059B002B01D1002300E00E23184607B077
:107F24005DF804FB1821002000B585B003460092DB
:107F3400ADF806300B46ADF8043000220621009857
:107F4400FFF739F80346ADF80E30009B03F1080043
:107F5400BDF8043001339B000DF10E021946FFF702
:107F64002AF80346ADF80E30BDF80E30BDF80620F1
:107F74009A420CBF01230023DBB2184605B05DF81A
:107F840004FB000082B0184B1B8901339AB2164BD4
:107F94001A81154B00225A80134B00221A730023B6
:107FA400ADF8063018E0BDF80620104913469B00D2
:107FB40013449B000B441A78BDF80630002A0CBF0A
:107FC40001220022D1B2084A13440A469A72BDF82B
:107FD40006300133ADF80630BDF80630012BE2D986
:107FE40000BF00BF02B07047DC290020AC2900208C
:107FF40084B0019000238DF80F300023ADF80C30CD
:1080040031E0BDF80C301C4A13449B7A002B25D078
:10801400BDF80C30184A134400229A72BDF80C20A3
:10802400164913469B0013449B000B440C331B68F6
:10803400002B13D1BDF80C20104913469B001344A8
:108044009B000B4410331B78002B07D0019BBDF819
:108054000C201A8001238DF80F3008E0BDF80C3095
:108064000133ADF80C30BDF80C30012BC9D99DF8A3
:108074000F30184604B07047DC290020AC290020DA
:1080840008B5084B05221A70074B02229A80064B4A
:108094001B68194600230122044805F036FE0346F6
:1080A400184608BDDC290020D4290020182100200E
:1080B40000B583B0164B5B88ADF80230BDF80220E2
:1080C400144913469B0013449B000B440C331B6858
:1080D400002B14D10E4B04221A70BDF802200D4956
:1080E40013469B0013449B000B4404331B6819463E
:1080F40000230122084805F008FE019002E0FFF782
:10810400BFFF0190019B184603B05DF804FB00BF5C
:10811400DC290020AC2900201821002000B587B0FC
:10812400104B5B680593104B1A680F4B9B889B00A0
:1081340013440493059B5B880333ADF80E30094B5D
:1081440003221A700499074B5A68BDF80E309B003D
:1081540000200090054805F086FD0346184607B048
:108164005DF804FBDC290020D4290020182100201C
:1081740000B583B00A4B5B880A491846FFF7C0FA7A
:108184000346002B03D0FFF7C9FF019002E0FFF77D
:108194008FFF0190019B184603B05DF804FB00BFFC
:1081A400DC290020E029002008B50A4B06221A70B9
:1081B400084B5B881946084A0B469B000B449B00FE
:1081C400134404331B681846FFF7ECF903461846BA
:1081D40008BD00BFDC290020AC29002008B5054BF0
:1081E40007221A70034B00225A60FFF7C3F90346B3
:1081F400184608BDDC29002008B50D48FFF7F8FE35
:10820400034683F00103DBB2002B0BD0094B0022A1
:108214001A70084B00225A80064B00225A6041F61D
:108224001D5302E0FFF7A4FF0346184608BD00BF34
:10823400DE290020DC29002082B0094B5B68019311
:10824400019B5B880333ADF80230064B9A88BDF876
:10825400023013449AB2034B9A8000BF02B07047B5
:10826400DC290020D429002082B0184B1B6801931C
:10827400174B5B881946174A0B469B000B449B001F
:10828400134404331B68114A1360114B5B8819466D
:10829400104A0B469B000B449B0013440433019A81
:1082A4001A600B4B5B881946084B9888094A0B46A1
:1082B4009B000B449B001344083302461A80034B73
:1082C40002229A8000BF02B0704700BFD429002068
:1082D400DC290020AC29002008B51A4B1B78072B99
:1082E4002CD801A252F823F00D830200418302002E
:1082F40041830200198302002583020031830200B6
:108304003183020039830200FFF73CFE0D4B01224A
:108314001A7014E0FFF790FF0A4B02221A700EE065
:10832400FFF7A2FF074B06221A7008E0054B07224D
:108334001A7004E0034B01221A7000E000BF00BF72
:1083440008BD00BFDC29002000B587B00190009172
:108354000F230593019B002B04D0624B00225A602B
:108364000123BBE0009B1B79032B00F2AB8001A22D
:1083740052F823F0898302009783020025840200C7
:1083840045840200009B01221A71FFF7F3F805905F
:108394009BE000238DF813300023ADF810302BE060
:1083A400BDF81020504913469B0013449B000B4416
:1083B4001B78022B1BD1BDF810204B4913469B00A0
:1083C40013449B000B4400221A7001238DF81330D0
:1083D400BDF81020444913469B0013449B000B44F2
:1083E40004331B681846FFF7DDF8059008E0BDF874
:1083F40010300133ADF81030BDF81030012BCFD957
:108404009DF8133083F00103DBB2002B5CD0354BB5
:1084140001221A70334B00225A6041F61D535DE06D
:10842400009B00221A71314B02229A802F4B1B6849
:108434001946002301222E4805F067FC059044E00C
:10844400009B00221A71294B1B681846FFF7AAF8F3
:108454000590284B5B88ADF80E30244B1B680293C3
:10846400BDF80E20204913469B0013449B000B4487
:1084740004331B681D4A1360BDF80E201A491346C5
:108484009B0013449B000B440433029A1A60BDF80A
:108494000E20164B9888144913469B0013449B00E6
:1084A4000B44083302461A80104B02229A80BDF80E
:1084B4000E200D4913469B0013449B000B440022DD
:1084C4001A7002E000BF00E000BF059B002B04D03F
:1084D400044B00225A600E2300E00023184607B024
:1084E4005DF804FBEC280020AC290020D4290020EE
:1084F40018210020DC29002000B587B001900091EC
:10850400009B9B8A1A4613469B0013449B003C4ADB
:1085140013440493019B002B07D0009BDB8819466E
:108524000498FFF70BF8012365E0049B5A68049B49
:108534001B899B0013440393009B9B7D062B4DD802
:1085440001A252F823F000BF8F850200B385020018
:108554009B850200A785020069850200BF85020091
:10856400D9850200274B00225A60009B9B69254A4B
:10857400136025492348FFF717F9034683F00103E5
:10858400DBB2002B01D00A2335E003990098FFF7F2
:10859400C1FB059025E003990098FFF7D9FB0590EE
:1085A4001FE003990098FFF79DFC059019E00399DB
:1085B4000098FFF7F3FB059013E0009B06229A75E1
:1085C400104B5B68104A128811461846FFF70CFCE2
:1085D400059006E041F61D53059302E00F23059331
:1085E40000BF059B002B05D0009BDB88194604982F
:1085F400FEF7A4FF059B184607B05DF804FB00BF17
:10860400AC290020F4290020002A002000B585B000
:1086140001900091019B002B01D0012326E0009BD7
:108624001B79022B19D0022B1BDC002B02D0012B4F
:1086340008D016E0009B02221A710098FFF7FEFB97
:10864400039012E00098FFF729FC0390039B0A2B88
:108654000AD141F61D53039306E041F61D530393DB
:1086640003E00F23039300E000BF039B184605B00B
:108674005DF804FB00B585B00190019B002B01D08F
:1086840001233BE01F4B1B7B002B03D01D4B00221F
:108694001A7301E0FFF720FE1A4B1B78013B062BEF
:1086A40028D801A252F823F0C9860200D18602001C
:1086B400D9860200E1860200F9860200E9860200FA
:1086C400F1860200FFF798FD039016E0FFF750FDD6
:1086D400039012E0FFF722FD03900EE0FFF7E8FCA1
:1086E40003900AE0FFF760FD039006E0FFF776FDD4
:1086F400039002E00F23039300BF039B184605B0C9
:108704005DF804FBDC29002000B589B001903F4BE3
:108714001B68002B05D13E48FFF7A4F903463B4AEA
:1087240013603A4B1B68002B04D13A4940F279504C
:1087340000F050FC354B1B681B78013B052B2CD8F3
:1087440001A252F823F000BF65870200758702007A
:1087540075870200858702008587020095870200DD
:108764002A4B1B6819460198FFF7EEFD019017E0AC
:10877400264B1B6819460198FFF7BEFE01900FE0D7
:10878400224B1B6819460198FFF740FF019007E050
:108794000198FFF76FFF019002E00F23019300BFE0
:1087A400019B002B2BD003AB14220021184608F0A8
:1087B400CFFF019B41F61D52934204D10023049341
:1087C4000023019301E0019B0493104B1B6803AA4F
:1087D40011461846FEF7E0FC03AB1846FEF7BCFC56
:1087E4000A4B00221A600A48FFF74CF9FFF758F9C0
:1087F400034683F00103DBB2002B02D187E700BFFD
:1088040000E000BF00BF09B05DF804FB042A0020AB
:10881400082A00209428030008B501210548FEF722
:1088240046FC0346002B02D10020FFF76DFF00BF7A
:1088340008BD00BFF428002000B583B00190019B5F
:108844005B681846FFF760FF00BF03B05DF804FBE8
:1088540000B58BB00390029101928DF80330002390
:10886400ADF818300023ADF82630614B1B78DBB22D
:1088740083F00103DBB2002B01D00223B3E0029B9F
:10888400002B01D10523AEE0029B1B884FF6FF723B
:10889400934203D0029B5B88002B01D10423A2E006
:1088A400029B5B681846FEF7DDFB034683F0010379
:1088B400DBB2002B01D0032395E0019B002B11D1E7
:1088C400029B9B68ADF826300DF11A02BDF82630E4
:1088D40011461846FEF77AFE0890089B002B09D033
:1088E400089B80E0019B1B88ADF81A30019B5B88D4
:1088F400ADF8263005AB1846FFF790F80790079BB4
:10890400002B09D1BDF81A20BDF8263011461846AF
:10891400FEF7C4FE082366E0079B9DF803201A7047
:10892400079B00229A75BDF81A20079B9A82029B26
:108934005A68079B1A61FEF7D9FE0246079BDA6064
:10894400029B1A88079B1A81029B5A88079B9A806C
:10895400079BBDF82620DA809DF80330032B06D14F
:10896400079B04229A75039B1A68079B9A61079BCD
:108974000433002206211846FEF71DFB0346ADF81A
:108984001830079B0C3306AA04211846FEF713FB84
:108994000346ADF81830029B5868029B9B689B0005
:1089A40006AA1946FEF707FB0346ADF81830BDF8D2
:1089B4001820079B5A8105AB1846FFF745F8039B1F
:1089C400002B0DD0039B00225A60079BDA68039B9F
:1089D4001A60039B00229A72064B1A89039B1A8120
:1089E400FFF71AFF002318460BB05DF804FB00BF25
:1089F400EC280020DC29002000B585B001900C4B48
:108A04001B68042B02D10C2303930BE0084B1B6857
:108A14000849019A41F8232001210548FEF75FFB2C
:108A240000230393039B184605B05DF804FB00BFC5
:108A3400F8280020FC28002084B04FF010235B6944
:108A440003934FF080531B6902934FF080535B698B
:108A54000193039BB3F1FF3F04D1019B029A02FBF4
:108A640003F300E0039B184604B0704700B583B0DD
:108A74004FF440530193FFF7DFFF0346054A1361A8
:108A8400044B1A69019BD31A024AD36000BF03B096
:108A94005DF804FB1821002008B5FFF7E7FF00226A
:108AA4000349044805F0C4F80346184608BD00BF4E
:108AB400003103001821002008B504481C238C222F
:108AC400034900F037FB00BF08BD00BF9C2900200C
:108AD4001029002000B58BB002AB00221A605A6046
:108AE4009A60DA601A61414B1B78DBB2002B05D027
:108AF40002AB1846FEF730FB002373E03C48FEF758
:108B04001EFB0346002B01D000236BE0FFF7C4FFDC
:108B14000990099B002B01D0099B63E0FFF7CCFF70
:108B2400FEF7D8FF03468DF823309DF82330062B3B
:108B340007D0062B11DC002B01D0022B0DD10B2307
:108B440050E02A4B01221A70284B00225A6002ABD3
:108B54001846FEF701FB002344E000BF01AB1846B2
:108B6400FEF75CFF0790079B002B01D1082339E037
:108B7400079B01221A709DF82330013B0A2B29D848
:108B840001A252F823F000BFB98B0200D98B020076
:108B9400B98B0200D98B0200D18B0200D98B020061
:108BA400D18B0200D98B0200C18B0200C98B020059
:108BB400C18B0200079B00221A710CE0079B032261
:108BC4001A7108E0079B02221A7104E0079B012234
:108BD4001A7100E000BF01AB1846FEF735FFFFF73E
:108BE4001BFE002318460BB05DF804FBEC280020A4
:108BF400F028002000B585B001900091019B002B66
:108C040002D0009B002B01D105233AE00DF10A03A9
:108C140019460198FEF7C8FD0346002B30D0019B8E
:108C24005B680393039BD888039B5988019B5B680B
:108C34001A46FFF779F9034683F00103DBB2002BF0
:108C440001D00D231DE0BDF80A301A4613469B00DF
:108C540013449B0008330D4A13440433012118467E
:108C6400FEF73DFA009B039A1A60019B5B6803F1CF
:108C74000C02009B5A60019B01229A72002300E0BF
:108C84000A23184605B05DF804FB00BFAC29002098
:108C940000B585B00190019B002B01D1052339E07B
:108CA4000DF10A0319460198FEF77EFD0346002BD9
:108CB4002DD0BDF80A301946184A0B469B000B44C8
:108CC4009B0013440C331B68002B1DD0019B9B7A23
:108CD400002B19D0BDF80A301A46104913469B00E0
:108CE40013449B000B440C331B68591E0B4813465A
:108CF4009B0013449B0003440C331960019B002226
:108D04009A720023039304E00623039301E00A23E9
:108D14000393039B184605B05DF804FBAC290020BF
:108D240000B583B0019000910223002200990198BC
:108D3400FFF78EFD0346184603B05DF804FB00B54B
:108D440083B001900091019B002B01D1052306E023
:108D54000323002200990198FFF77AFD0346184681
:108D640003B05DF804FB000000B585B00190174B1B
:108D74001B78DBB283F00103DBB2002B01D00223AA
:108D84001FE0019B002B01D105231AE002AB18461A
:108D9400FEF744FE0390039B002B01D1082310E04F
:108DA400039B04221A70039B00221A71019B1A6808
:108DB400039BDA6002AB1846FEF746FEFFF72CFD74
:108DC4000023184605B05DF804FB00BFEC28002022
:108DD40000B583B0144B1B78DBB283F00103DBB224
:108DE400002B01D002231AE06B461846FEF716FE4C
:108DF4000190019B002B01D1082310E0019B062266
:108E04001A706B461846FEF71FFE084B1B78002BA2
:108E140002D0064B01221A73FFF7FEFC002318460A
:108E240003B05DF804FB00BFEC280020DC2900201F
:108E340000B583B001900091009B019A00210020AD
:108E4400FEF70CFD0346184603B05DF804FB00B5BD
:108E540085B0029201930346ADF80E300B46ADF88F
:108E64000C3003A90DF10E00019B029AFEF7F6FCEB
:108E74000346184605B05DF804FB000010B586B043
:108E840003904FF48063ADF814300023ADF8123032
:108E94004E4B1B78DBB283F00103DBB2002B01D015
:108EA400022390E0039B002B01D105238BE01222C7
:108EB4000021039808F04CFC039B03221A80002332
:108EC400ADF816307AE0BDF81620414913469B00F0
:108ED40013449B000B4408331988BDF816203C4802
:108EE40013469B0013449B0003440A331B880B4422
:108EF400ADF81030BDF81620354913469B001344D5
:108F04009B000B4404331B681846FEF717FA03460C
:108F1400032B05D1039B1B88013B9AB2039B1A8048
:108F2400BDF816202A4913469B0013449B000B44AA
:108F34000C331968039B5A888BB213449AB2039B6F
:108F44005A80039B1989BDF81620214813469B00BB
:108F540013449B0003440A331B880B449AB2039BBB
:108F64001A81039B5A89BDF8103013449AB2039BAB
:108F74005A81BDF81420BDF81030D31AADF8123060
:108F8400039B9B89BDF812209A4203D9039BBDF829
:108F940012209A81039B191D039B9A1D039B03F1C5
:108FA4000E04039B1033BDF8160000932346FEF70E
:108FB400C3FCBDF816300133ADF81630BDF81630D9
:108FC400012B80D90023184606B010BDEC280020E0
:108FD400AC29002000B585B003460091ADF80630F9
:108FE400BDF80630ADF80830009B039302AB1A4677
:108FF400002144F20200FDF757F800BF05B05DF808
:1090040004FB86B001900091019B53E8011F8AB2D2
:10901400D88902449889824228BF121A1889824248
:1090240002BFBFF32F8F002307E0C2EA010243E827
:1090340001200028E9D14FF001038DF80F3005908D
:1090440002910492029A009B1A609DF80F30DBB2E1
:10905400184606B0704784B00190019951E8013F69
:10906400C3EA034341E80132002AF7D10392029391
:1090740000BF04B0704786B001900091019B53E893
:10908400021F1FFAA1F2D888824202BFBFF32F8FBA
:1090940000230DE0D88902449889824228BF121A1D
:1090A400C1EA024243E802200028E8D14FF001035C
:1090B4008DF80F30059002910492029A009B1A6079
:1090C4009DF80F30DBB2184606B0704784B00190AB
:1090D400019951E8023FC3EA234341E80232002ADE
:1090E400F7D10392029300BF04B0704786B0019099
:1090F400019B53E8021FDA88B1EB314F4FF00000B7
:1091040017BF89B242EA024241EA024204E05968C6
:10911400B1EB314F08BF012043E802210029E8D117
:109124008DF80F00059104929DF80F30DBB21846BC
:1091340006B0704784B00390029111461A460B465C
:10914400ADF806301346ADF80430029B002B01D174
:109154000E231FE0BDF80630BDF80420B3FBF2F186
:1091640001FB02F29B1A9BB2002B01D0092311E0F0
:10917400039B029A1A60039B00225A60039B0022FD
:109184009A60039BBDF806209A81039BBDF80420D6
:10919400DA810023184604B0704700B585B0019009
:1091A4000198FFF7A3FF03468DF80F309DF80F30A9
:1091B400002B01D0002300E01123184605B05DF810
:1091C40004FB00B583B001900091009B19460198FF
:1091D400FFF717FF0346002B05D0019B1B68009A7D
:1091E4001288134400E00023184603B05DF804FB22
:1091F40000B583B001900091009B1A88009B5B88A6
:109204009A4204D10198FFF726FF012300E00023CE
:10921400184603B05DF804FB00B583B001900091DB
:10922400009B19460198FFF726FF0346002B05D043
:10923400019B1B68009A5288134400E000231846DF
:1092440003B05DF804FB00B583B001900091009B6E
:109254001A88009B5B889A4204D10198FFF736FF75
:10926400012300E00023184603B05DF804FB00006E
:1092740000B583B001900B468DF80330019B002BA1
:1092840003D10849AF20FFF7A5FE019BDA689DF8DA
:1092940003300199098A01FB03F31344184603B010
:1092A4005DF804FBFC28030000B583B00190009135
:1092B400019B002B03D10849BC20FFF78BFE009BC8
:1092C400019AD2689B1A019A128AB3FBF2F3DBB2B9
:1092D400184603B05DF804FBFC28030000B585B014
:1092E4000190019B002B01D10E2348E0019B1B68D8
:1092F400002B03D12449C620FFF76CFE019B5B6859
:10930400002B03D12049C720FFF764FE019B9B6813
:10931400002B03D11C49C820FFF75CFE019BDB68CE
:10932400002B03D11849C920FFF754FE019B1B8A67
:10933400002B03D11449CA20FFF74CFE019B9A6805
:10934400019B5B68D31A8DF80F30019B1B68019A4F
:1093540052681A6007E0019B1A681368591C11606F
:109364009DF80F201A709DF80F305A1E8DF80F20AB
:10937400002BF0D1019B1B6800221A7100231846B0
:1093840005B05DF804FB00BFFC28030000B585B000
:109394000190019B002B03D11F49EC20FFF71AFE1B
:1093A4000023039300238DF80A300DF10A031846B5
:1093B400FDF7B4FD019B1B681A68019B5B689A4228
:1093C4001FD9019B1B681A68013A1A601B681B7835
:1093D40019460198FFF74CFF0390019B9A68019B83
:1093E4001B681B68D31A8DF80B30019B1B681B7913
:1093F4009DF80B209A4204D9019B1B689DF80B2011
:109404001A719DF80A301846FDF79EFD039B184615
:1094140005B05DF804FB00BFFC28030010B584B060
:1094240001900091019B002B04D115494FF48870E1
:10943400FFF7D0FD009B002B04D1114940F211101D
:10944400FFF7C8FD009B039300238DF80B300DF14B
:109454000B031846FDF762FD019B1B681C68621C28
:109464001A6003990198FFF71FFF034623709DF8C4
:109474000B301846FDF768FD00BF04B010BD00BFF7
:10948400FC28030082B00190019B01225A7200BFA4
:1094940002B0704782B00190019B9B6893F83D3104
:1094A400C3F34003DBB2002B14BF01230023DBB260
:1094B400184602B07047000084B00190244B039317
:1094C400019B002B40D0234B1A680399019B00BFDA
:1094D40000BF00BF00BF00BF00BF00BF00BF8A4283
:1094E4002FD000BF00BF00BF00BF00BF00BF00BF40
:1094F40000BF00BF00BF00BF00BF00BF00BF00BF70
:1095040000BF00BF00BF00BF00BF00BF00BF00BF5F
:1095140000BF00BF00BF00BF00BF00BF00BF00BF4F
:1095240000BF00BF00BF00BF00BF00BF00BF00BF3F
:1095340000BF00BF00BF00BF00BF00BF00BF00BF2F
:1095440000BF013BC3D1019300BF04B0704700BF0B
:109554000024F4002C22002000B583B00190019B6C
:10956400002B04D0019808F027F8034600E00023FC
:10957400184603B05DF804FB10B582B00190019B5E
:109584009B68DB7C1C46019B1B681846FFF7E4FFC5
:1095940003462344019A9268527BB3FBF2F101FB28
:1095A40002F29B1A002B0CBF01230023DBB21846E6
:1095B40002B010BD10B582B00190019B9B689B7CEA
:1095C4001C46019B1B681846FFF7C6FF034623444D
:1095D400019A9268527BB3FBF2F101FB02F29B1AEF
:1095E400002B0CBF01230023DBB2184602B010BDD0
:1095F40010B588B00390029101920093039B002B55
:1096040002D0029B002B03D12B499120FFF7E2FCEF
:10961400039B5B681B68002B03D127499220FFF74B
:10962400D9FC002307933BE0039B5B681B68DC6861
:10963400039B5868029A079BD11805AB019AA0476F
:109644000690069B002B03D01B499C20FFF7C2FC0D
:10965400059B019A9A4203D217499D20FFF7BAFC51
:10966400059B079A13440793059B019AD31A019308
:10967400059B002B14D1039B9B681B78032B0FD0F5
:1096840000BF039B9B6893F83C31DBB283F001037A
:10969400DBB2002BF5D1039B9B68002283F83C21AD
:1096A400019B002BC0D1009B002B02D0059A009B8C
:1096B4001A6000BF08B010BD7C29030000B583B058
:1096C40001900B468DF80330019B1B699DF8032024
:1096D4000349184603F008FF00BF03B05DF804FB1C
:1096E400CC29030010B586B0039002910192009337
:1096F400039B002B02D0029B002B03D10C49C020FA
:10970400FFF768FC039B5B68002B03D10849C12069
:10971400FFF760FC039B5B681B681C69039B58682C
:10972400009B019A0299A047059000BF06B010BDA6
:109734007C29030000B589B0039002910192009343
:10974400009B002B03D13A49D520FFF743FC0A9B29
:10975400002B03D13649D620FFF73CFC029B002B9B
:1097640034D1344A344BD31ADB08019A9A4229D2B1
:1097740000230693314B0593002307931BE0079BBB
:10978400DB002D4A13440693019B9B00059A134466
:109794001A68069B5B681B681946104607F05AFF57
:1097A4000346002B04D1069B5A68009B1A603CE0D8
:1097B400079B013307931F4A1F4BD31ADB08079AF1
:1097C4009A42DCD3009B00221A602EE0039B002BFC
:1097D40003D1009B00221A6027E0039B1B78002B17
:1097E40010D0039B5B680A99019898470A9B1B68F1
:1097F400002B03D1009B00221A6016E0009B0A9AFA
:109804001A6012E0039B5A68019B1B0113441B68F6
:10981400002B07D0039B5A68019B1B011A44009B31
:109824001A6002E0009B00221A6009B05DF804FB94
:109834007C2903007C1903000C190300E02000209C
:1098440000B585B00190019B9B680393019B9B68C5
:1098540008330293019B1B681846FFF77DFE0346FD
:10986400DAB2029B9A71039BDB7C1A46029B9B79BA
:109874001344029A527993FBF2F101FB02F29B1A10
:10988400DBB20133DAB2029B1A70039BDB7C1A460B
:10989400029B9B791344029A527993FBF2F3DBB255
:1098A4000133DAB2029B9A70039B9B7C1A46029B9B
:1098B4009B791344029A527993FBF2F3DBB201339E
:1098C400DAB2029BDA70039B9B7C1A46029B9B795B
:1098D4001344029A527993FBF2F101FB02F29B1AB0
:1098E400DBB20133DAB2029B5A70029B184605B010
:1098F4005DF804FB00B583B00190019B002B04D1FB
:109904000C494FF49D70FFF765FB019B1B69002B0D
:1099140004D108494FF49D70FFF75CFB019B1B6960
:10992400054A0649184603F0DFFD00BF03B05DF8A1
:1099340004FB00BF7C290300982F0300D0290300F7
:1099440000B583B00190019B002B04D10C494FF466
:10995400A070FFF73FFB019B1B69002B04D1084952
:109964004FF4A070FFF736FB019B1B69054A0649BB
:10997400184603F0B9FD00BF03B05DF804FB00BF57
:109984007C2903008C2F0300D029030000B583B089
:109994000190019B002B04D10C494FF4A370FFF7F5
:1099A40019FB019B1B69002B04D108494FF4A370D8
:1099B400FFF710FB019B1B69054A0649184603F093
:1099C40093FD00BF03B05DF804FB00BF7C290300D6
:1099D400902F0300D029030000B583B00190019BB0
:1099E400002B04D10C494FF4A670FFF7F3FA019B46
:1099F4001B69002B04D108494FF4A670FFF7EAFA5B
:109A0400019B1B69054A0649184603F06DFD00BF1A
:109A140003B05DF804FB00BF7C2903007C2F030026
:109A2400D029030000B583B001900B468DF80330B4
:109A34009DF80330002B07D0019B1B699DF8032080
:109A44000349184603F050FD00BF03B05DF804FB62
:109A5400D429030000B583B001900B468DF8033080
:109A64009DF80330002B07D0019B1B699DF8032050
:109A74000349184603F038FD00BF03B05DF804FB4A
:109A8400DC29030000B583B001900B468DF8033048
:109A94009DF80330002B07D0019B1B699DF8032020
:109AA4000349184603F020FD00BF03B05DF804FB32
:109AB400E429030000B583B001900B468DF8033010
:109AC4009DF80330002B07D0019B1B699DF80320F0
:109AD4000349184603F008FD00BF03B05DF804FB1A
:109AE400EC29030000B585B00190019B9B68DA7CEA
:109AF400019B9B689B7C9A4220D20198FFF7A0FEB1
:109B04000390039B9B788DF80B30019B9B68DA7C58
:109B14000132D2B2DA740198FFF792FE0390039BEC
:109B24009B789DF80B209A4204D101210198FFF7FC
:109B340091FF04E00198FFF74FFF00E000BF05B07C
:109B44005DF804FB00B585B001900198FFF778FE3D
:109B54000390039B9A78039BDB789A420CBF012302
:109B640000238DF80B300198FFF706FD0346002B08
:109B740005D10198FFF71EFD0346002B02D0019882
:109B8400FFF72AFF9DF80B30002B0AD0039B5A786D
:109B9400039B1B78D31ADBB219460198FFF742FFE7
:109BA40024E0039BDA78039B9B78D31ADBB2194633
:109BB4000198FFF767FF039B1A78039B5B789A422F
:109BC4000AD9039B1A78039B5B78D31ADBB2194634
:109BD4000198FFF73FFF09E0039B5A78039B1B782A
:109BE400D31ADBB219460198FFF71CFF00BF05B07A
:109BF4005DF804FB00B585B001900198FFF720FEE5
:109C04000390039B1B781A46039B9B7901339A426A
:109C140003D1039B9B78012B2FD0039B9B78012BB3
:109C240007D9039B9B78013BDBB219460198FFF7E8
:109C340029FF039B1A78039B9B799A420CD9039BB7
:109C44001A78039B9B79D31ADBB2013BDBB219462A
:109C54000198FFF7E7FE0BE0039B9A79039B1B78BF
:109C6400D31ADBB20133DBB219460198FFF7F2FED7
:109C7400019B9B680022DA7400E000BF05B05DF828
:109C840004FB00B585B001900198FFF7D9FD03905E
:109C9400039B1A78039B5B789A4205D1039B9A78BD
:109CA400039BDB789A4231D0039BDA78039B9B7841
:109CB4009A4209D9039BDA78039B9B78D31ADBB2C7
:109CC40019460198FFF7F6FE039B1A78039B5B780D
:109CD4009A420AD9039B1A78039B5B78D31ADBB2A6
:109CE40019460198FFF79EFE09E0039B5A78039BEF
:109CF4001B78D31ADBB219460198FFF7ABFE019B20
:109D04009A68019B9B68927CDA7400E000BF05B0FE
:109D14005DF804FB00B587B001900023ADF8163060
:109D24000023ADF8143000238DF8133000238DF890
:109D34000B30019B9B68943380220021184607F066
:109D440007FD019B1B697749184603F0CDFB019B76
:109D54001B69184603F0A6FB0023ADF81030D5E0CC
:109D640003AB0DF10B0101220198FFF7BBFC039B30
:109D7400002B04D140F2E730FFF79EFBBDE09DF8D5
:109D84000B301B2B06D0019B9B6893F894301B2B44
:109D940040F0B2809DF80B30522B40F09380019B31
:109DA4009A689DF813301344002283F89420019B91
:109DB4009B6893F895305B2B06D0019B9B6800222F
:109DC40083F894200B23A8E002238DF813301BE0C2
:109DD400BDF814301A46920013445B009AB2019BFA
:109DE40099689DF81330581C8DF813000B4493F8B0
:109DF400943013449BB2303BADF814309DF91330CA
:109E0400002B01DA0C2388E0019B9A689DF813303B
:109E1400134493F894303B2BDAD19DF8133001337B
:109E24008DF813309DF91330002B1DDA0C2374E0E8
:109E3400BDF816301A46920013445B009AB2019B97
:109E440099689DF81330581C8DF813000B4493F84F
:109E5400943013449BB2303BADF816309DF9133067
:109E6400002B01DA0C2358E0019B9A689DF813300B
:109E7400134493F89430002BDAD1BDF81630FA2B42
:109E840004D9019B9B68FA221A7205E0019B9B6826
:109E9400BDF81620D2B21A72BDF81430FA2B04D9C8
:109EA400019B9B68FA229A7205E0019B9B68BDF8AE
:109EB4001420D2B29A72019B9B68002283F89420EA
:109EC40000232AE0019B9A689DF813309DF80B103B
:109ED40013440A4683F894209DF8133001338DF817
:109EE40013309DF81330092B07D9019B9B6800227E
:109EF40083F89420042310E000BF039B002B7FF41D
:109F04002FAFBDF810300133ADF81030BDF810306C
:109F1400B3F57A7FFFF424AF0D23184607B05DF83C
:109F240004FB00BF802F030000B587B003900291AB
:109F34000192029B002B04D12A4940F24F20FFF7E3
:109F440049F8019B002B04D126494FF41470FFF704
:109F540041F80398FFF7DEFE0346002B18D1039B5C
:109F64009B681B7AADF81630039B9B689B7AADF80F
:109F74001430FA210398FFF76DFDFA210398FFF7D7
:109F840099FD0398FFF7C6FE0346002B24D101E098
:109F9400062322E0039B9B681A7A029B1A70039B98
:109FA4009B689A7A019B1A70029B1A78BDF8163046
:109FB400DBB2D31ADBB219460398FFF733FD019BDA
:109FC4001A78BDF81430DBB2D31ADBB21946039801
:109FD400FFF758FD002300E00623184607B05DF89C
:109FE40004FB00BF7C29030000B585B001900B463B
:109FF4008DF803309DF80330002B2ED0019B9B6815
:10A00400DB7B9DF803209A4234D01B238DF8083063
:10A014005B238DF8093031238DF80A303B238DF80A
:10A024000B3033238DF80C309DF803302F33DBB223
:10A034008DF80D306D238DF80E3000238DF80F3020
:10A04400019B9B689DF80320DA73019B1B6902AA9C
:10A054000A49184603F048FA0DE0019B9B689DF8F5
:10A064000320DA73019B1B69054A0449184603F06F
:10A074003BFA00E000BF05B05DF804FBD029030003
:10A08400882F030000B585B001900B468DF803308E
:10A094009DF80330002B29D0019B9B681B7C9DF805
:10A0A40003209A4221D01B238DF808305B238DF8BE
:10A0B400093034238DF80A309DF803302F33DBB296
:10A0C4008DF80B306D238DF80C3000238DF80D3096
:10A0D400019B9B689DF803201A74019B1B6902AACB
:10A0E4000449184603F000FA00E000BF05B05DF82B
:10A0F40004FB00BFD029030082B001900091019BB2
:10A104009B680F331B889AB2009B1A8000BF02B071
:10A11400704700B583B001900091009B1B781946ED
:10A124000198FFF761FF009B5B7819460198FFF7E0
:10A13400A9FF00BF03B05DF804FB00B585B0019032
:10A144000198FFF77DFB0390039B1B781A46039B42
:10A154009B7901339A4203D1039B9B78012B1FD037
:10A16400039B1B78012B10D101210198FFF78AFC76
:10A17400039B5B7919460198FFF76CFC019B9B6874
:10A18400DA7C013AD2B2DA740BE001210198FFF7CC
:10A1940049FC019B9B68DA7C013AD2B2DA7400E094
:10A1A40000BF05B05DF804FB00B585B001900198CF
:10A1B400FFF746FB0390039B1A78039B5B789A4254
:10A1C40005D1039B9A78039BDB789A4221D0039BA9
:10A1D4001A78039B5B799A4210D101210198FFF709
:10A1E40069FC039B5B7919460198FFF71BFC019BF3
:10A1F4009B68DA7C0132D2B2DA740BE00121019857
:10A20400FFF728FC019B9B68DA7C0132D2B2DA7436
:10A2140000E000BF05B05DF804FB82B001900B467E
:10A224008DF80330019B9B689B7C7E2B1BD8019B84
:10A234009968019B9B68DA7C501CC0B2D8741346A1
:10A244000B449DF803201A75019B9B68019A926840
:10A25400D27C134400221A75019B9B689A7C0132BC
:10A26400D2B29A7400E000BF02B0704700B587B064
:10A2740001900B468DF80330019B9B6893F83D31A8
:10A28400C3F30003DBB2002B14BF012300238DF8BA
:10A294001730019B9B689A7C019B9B68DB7CD31ADB
:10A2A4008DF816309DF8173083F00103DBB2002BD4
:10A2B40020D0019B9B689B7C7E2B00F2D9809DF86B
:10A2C4001630002B20D0019B9A68019B9B68DB7C95
:10A2D400013310331344181D019B9A68019B9B683A
:10A2E400DB7C1033134404339DF81620194607F021
:10A2F40033F909E0019B9B689B7C7E2B04D99DF874
:10A304001630002B00F0B680019B9B68019A92687E
:10A31400D27C13449DF803201A759DF8173083F0FE
:10A324000103DBB2002B0BD0019B9A68019B9B6855
:10A33400997C0131C9B299749B7C134400221A752B
:10A344009DF81630002B41D00198FFF779FA04905C
:10A35400049B9A78049BDB789A420CBF0123002368
:10A364008DF80F309DF80F30002B17D0019B9A68A1
:10A37400019B9B68DB7C1033134404333F4A082160
:10A38400019801F027FE9DF817309DF81620D31A86
:10A39400DBB219460198FFF745FB2DE00198FFF762
:10A3A400CFFA019B9A68019B9B68DB7C10331344B2
:10A3B4000433324A0821019801F00CFE0198FFF79A
:10A3C400E5FA01210198FFF745FB15E09DF81730E8
:10A3D400002B0BD0019B9A68019B9B68997C0131EF
:10A3E400C9B299749B7C134400221A759DF80330FA
:10A3F40019460198FFF762F9019B9B68DA7C0132E8
:10A40400D2B2DA740198FFF7B7F80346002B03D0F1
:10A414000198FFF7E1FA2EE00198FFF7CBF8034625
:10A42400002B28D00198FFF70BFA0290029BDA78F0
:10A43400029B9B78D31ADBB2013BDBB2194601982D
:10A44400FFF738FB0198FFF7C7FA029BDA78029B03
:10A454009B78D31ADBB219460198FFF713FB029BD2
:10A464001B78013BDBB219460198FFF7F3FA02E0CF
:10A4740000BF00E000BF07B05DF804FBD029030073
:10A4840000B587B00190019B9B689B7C002B00F07A
:10A494008180019B9B68DB7C002B7BD0019B9B68AC
:10A4A4009A7C019B9B68DB7CD31A8DF81730019B47
:10A4B4009A68019B9B68DB7C013B10331344181D95
:10A4C400019B9A68019B9B68DB7C10331344191D24
:10A4D4009DF8173001331A4607F03EF8019B9B683C
:10A4E400DA7C013AD2B2DA74019B9B689A7C013A15
:10A4F400D2B29A749DF81730002B43D008210198EA
:10A50400FFF7DCF80198FFF79BF90490049B9A7815
:10A51400049BDB789A420CBF012300238DF80F3093
:10A524009DF80F30002B16D0019B9A68019B9B6805
:10A53400DB7C103313440433184A0821019801F0DA
:10A5440049FD0198FFF7D6F99DF81730194601988F
:10A55400FFF768FA1FE00198FFF7F2F90198FFF797
:10A56400C9F9019B9A68019B9B68DB7C10331344F7
:10A5740004330A4A0821019801F02CFD0198FFF7E1
:10A5840005FA08E0019B1B69054A0449184602F0D4
:10A59400ABFF00E000BF07B05DF804FBD029030067
:10A5A400942F030000B587B00190019B9B689A7CAF
:10A5B400019B9B68DB7CD31A8DF817309DF817300C
:10A5C400002B75D0019B9A68019B9B68DB7C103340
:10A5D4001344181D019B9A68019B9B68DB7C013323
:10A5E4001033134404339DF81720194606F0B4FFC2
:10A5F400019B9B689A7C013AD2B29A740198FFF746
:10A604001FF90490049B9A78049BDB789A420CBF50
:10A61400012300238DF80F309DF80F30002B30D02C
:10A62400019B9A68019B9B68DB7C103313440433C1
:10A63400214A0821019801F0CDFC019B002B04D193
:10A644001E4940F29530FEF7C5FC019B1B69002BA7
:10A6540004D11A4940F29530FEF7BCFC019B1B69FA
:10A66400174A1549184602F03FFF9DF81730013B81
:10A674008DF817309DF8173019460198FFF7D2F975
:10A6840017E00198FFF75CF90198FFF733F9019B94
:10A694009A68019B9B68DB7C103313440433064A9D
:10A6A4000821019801F096FC0198FFF76FF900E08A
:10A6B40000BF07B05DF804FBD02903007C29030028
:10A6C4009C2F030010B586B00390029101928DF87F
:10A6D400033000238DF81730039B00221A60019B7E
:10A6E4001B788DF811309DF81130002B00F06C812F
:10A6F4009DF81130184607F0ACF80346002B05D03E
:10A70400019B5A1C019200221A7055E1039B1B689D
:10A71400591C039A11609B00029A1344019A1A600F
:10A7240000238DF81730019B1B788DF811309DF8AC
:10A734001130002B00F03D819DF81730002B2AD1F9
:10A744009DF811305C2B06D05C2B23DC222B11D01E
:10A75400272B0FD01EE0019B5C1C0198FEF7FCFE2A
:10A7640003461A462146019806F0F6FE019B013382
:10A7740001931DE1019B5C1C0198FEF7EDFE03466D
:10A784001A462146019806F0E7FE9DF811308DF82F
:10A7940017300DE100BF9DF817209DF811309A4243
:10A7A4000ED1019B5C1C0198FEF7D6FE03461A46A7
:10A7B4002146019806F0D0FE00238DF81730F7E00B
:10A7C4009DF81730002B00F0E4809DF811305C2BCD
:10A7D40040F0DF80019B5B788DF816309DF81620E1
:10A7E4009DF817309A420ED1019B5C1C0198FEF72C
:10A7F400B3FE03461A462146019806F0ADFE019BBE
:10A8040001330193D4E09DF81630302B48D1002356
:10A814008DF8143002238DF8153020E09DF81530A2
:10A82400019A13441B788DF816309DF816302F2B9F
:10A8340019D99DF81630372B15D89DF91430DB0043
:10A844005AB29DF81630303BDBB25BB213435BB2B5
:10A854008DF814309DF8153001338DF815309DF8BE
:10A864001530042BDAD99DF81530022B18D99DF830
:10A874001530013B019AD4180198FEF76DFE02468B
:10A884009DF81530D31A02331A462146019806F072
:10A8940063FE019B5A1C01929DF814201A7087E0F4
:10A8A4009DF81630782B74D100238DF812300223D2
:10A8B4008DF813304CE09DF81330019A13441B7843
:10A8C4008DF816309DF816302F2B11D99DF81630BF
:10A8D400392B0DD89DF912301B015AB29DF8163050
:10A8E400303BDBB25BB213435BB28DF812302AE02B
:10A8F4009DF81630602B11D99DF81630662B0DD8B3
:10A904009DF912301B015AB29DF81630573BDBB249
:10A914005BB213435BB28DF8123014E09DF816302D
:10A92400402B19D99DF81630462B15D89DF91230B5
:10A934001B015AB29DF81630373BDBB25BB21343AE
:10A944005BB28DF812309DF8133001338DF813305B
:10A954009DF81330032BAED99DF81330022B18D970
:10A964009DF81330013B019AD4180198FEF7F4FDC9
:10A9740002469DF81330D31A02331A462146019831
:10A9840006F0EAFD019B5A1C01929DF812201A70F0
:10A994000EE09DF81730002B07D19DF811301846B2
:10A9A40006F057FF0346002B05D1019B01330193A9
:10A9B400B9E600BF00E000BF039B1A689DF80330AE
:10A9C4009A42FFF48CAE00E000BF039B1B680C2B83
:10A9D40004D908494FF48660FEF7FCFA039B1B6810
:10A9E4009B00029A134400221A609DF817301846FF
:10A9F40006B010BD7C29030000B583B001900B465E
:10AA04008DF80330019B9B689DF803201A709DF814
:10AA14000330022B12D1019B9B6800221A75019B03
:10AA24009B680022DA74019B9B6800229A74019B44
:10AA34001B68044A0321019801F0CCFA00BF03B05B
:10AA44005DF804FBD029030082B00190019B9B6850
:10AA54000022C3F8382100BF02B0704700B587B0A8
:10AA640001900B468DF803300023039300230493D5
:10AA740000238DF8143000238DF816309DF8033030
:10AA840083F00103DBB2002B49D0019B9B68D3F810
:10AA94003831002B00F0E1800198FFF7ABF8019BFF
:10AAA4009B68D3F8380103A90023092203F02CFE84
:10AAB400019B9B68049AC3F83821019B9B689B7C8B
:10AAC4008DF81730019B9B68D3F83831002B7AD16D
:10AAD400019B9B6894331846FEF73EFD0346002B0A
:10AAE4000BD0019B9B6803F11402019B9B68943378
:10AAF4001946104606F0E2FD03E0019B9B68002224
:10AB04001A75019B9B6814331846FEF725FD03460E
:10AB1400DBB28DF8143001238DF8163053E0019B1D
:10AB24009B68D3F83821019B9B68D3F834319A424F
:10AB340000F09580019B9B68D3F83031002B00F026
:10AB44008E800198FFF756F8019B9B68D3F8383143
:10AB5400002B26D1019B9B6814331846FEF7FCFC9E
:10AB640003468DF81730019B9A68019B9B68D2F8C5
:10AB74003021C3F838219DF81730002B0BD0019BEE
:10AB84009B6803F19402019B9B6814331946104699
:10AB940006F094FD17E0019B9B68002283F8942043
:10ABA40011E0019B9B68D3F8380103A90023092213
:10ABB40003F0AAFD9DF814308DF81730019B9B68B3
:10ABC400039AC3F838219DF8163083F00103DBB2F1
:10ABD400002B17D0019B9B68D3F8380103A90023ED
:10ABE400092203F091FD019B9B68D3F83801019B76
:10ABF4009B6803F114019DF8143001331A460923AC
:10AC040003F082FD019B9B689DF81420DA74019B7C
:10AC14009B689DF814209A749DF814309DF81720B1
:10AC24009A4202D90198FEF765FE019B9B68143392
:10AC34000D4A0821019801F0CDF90198FEF79CFC1A
:10AC44000346002B05D10198FEF7B4FC0346002B04
:10AC540006D00198FEF7C0FE02E000BF00E000BF8E
:10AC640007B05DF804FB00BFD029030000B587B02E
:10AC740001900091009B002B04D12D4940F2B24079
:10AC8400FEF7A8F9019B9B68D3F83031002B13D150
:10AC9400019B9B68009AC3F83021019B9B68009A32
:10ACA400C3F834210023039300230493019B9B687E
:10ACB4009B7C8DF8143024E0019B9B68D3F8300111
:10ACC40003A90023092203F01FFD009B0493019BA9
:10ACD4009B68D3F8300103A90023092203F002FD85
:10ACE40000230493019B9B68D3F830310393019BA9
:10ACF4009B689B7C8DF81430019B9B68009AC3F879
:10AD0400302103A900230922009803F0EBFC019BE6
:10AD14009B6803F11401019B9B689B7C01331A46D9
:10AD24000923009803F0DEFC00BF07B05DF804FBC4
:10AD34007C29030000B587B00190019B9B68D3F880
:10AD44003431002B3FD0019B9B68D3F834310593F9
:10AD540002A900230922059803F0D6FC019B9B68F5
:10AD6400039AC3F8342102AB09220021184606F0E5
:10AD7400EFFC02A900230922059803F0B3FC05980F
:10AD840003F0CAFB019B9B68D3F83431002B05D137
:10AD9400019B9B680022C3F8302115E0019B9B684E
:10ADA400D3F8340102A90023092203F0ADFC0023E7
:10ADB4000293019B9B68D3F8340102A90023092262
:10ADC40003F090FC00E000BF07B05DF804FB00B5A1
:10ADD40089B00190019B9B6814331846FEF7BCFBB5
:10ADE40003468DF81B300198FFF72EFE9DF81B30AB
:10ADF400002B5BD0019B9B68D3F83031002B36D0FD
:10AE0400019B9B68D3F8300102A90023092203F0B7
:10AE14007BFC9DF810309DF81B209A4227D1019BA2
:10AE24009B68D3F83001019B9B6803F194019DF862
:10AE3400103001331A46092303F066FC019B9B681A
:10AE440003F11402019B9B6894331946104606F0E3
:10AE540001FC0346002B05D1019B9B68002283F86B
:10AE6400942024E0019B9B68002283F89420002313
:10AE7400079317E0019B5A699DF81B300A33194662
:10AE8400104603F0F2FA0590059B002B04D00599B7
:10AE94000198FFF7EBFE0AE00198FFF74BFF079BD1
:10AEA40001330793079B072BE4D900E000BF09B0E7
:10AEB4005DF804FB84B00190009100238DF80F30FD
:10AEC4001FE09DF80F30019A13441A789DF80F3053
:10AED40000990B441B789A4202D09DF80F3019E078
:10AEE4009DF80F3001338DF80F309DF80F30002B93
:10AEF40007D19DF80F30013B8DF80F309DF80F30CE
:10AF040008E09DF80F30019A13441B78002BD8D128
:10AF14009DF80F30184604B07047000000B587B0A4
:10AF24000390029113468DF80730029B002B04D145
:10AF34003F4940F25B50FEF74DF8039B9B689A7CB7
:10AF4400039B9B68DB7CD31A8DF81730039B9B68AB
:10AF54009B7C1A469DF8073013447F2B64DC9DF8D4
:10AF64000730002B60D0039B9A68039B9B68DB7CB3
:10AF740019469DF807300B4410331344181D039BE6
:10AF84009A68039B9B68DB7C10331344191D9DF85E
:10AF9400173001331A4606F0DFFA039B9A68039BC5
:10AFA4009B68DB7C1033134404339DF8072002991B
:10AFB400184606F0D1FA039B9B6814331846FEF733
:10AFC400CBFA0246039B9B68D2B29A74039B9A689D
:10AFD400039B9B68DB7C103313440433154A08211C
:10AFE400039800F0F7FF039B9B68D97C039B9B6845
:10AFF4009DF807200A44D2B2DA740398FEF7BCFA2B
:10B004000346002B05D10398FEF7D4FA0346002B20
:10B0140002D00398FEF7E0FC9DF81730002B04D013
:10B024000398FEF78FFD00E000BF07B05DF804FB56
:10B034007C290300D029030010B588B00590049141
:10B0440013468DF80F30049B002B04D1059B9B689D
:10B0540000225A744DE0284B1B681846FEF77CFA10
:10B064000346DAB29DF80F3013448DF80F30059B78
:10B074009B685B7B1C46204B1B681846FEF76CFAEA
:10B084000346E21A9DF80F30B2FBF3F38DF81F303C
:10B094000498FEF761FA0346DBB29DF80F20D31A39
:10B0A4008DF81E30059B9A68537C591CC9B25174A3
:10B0B4009DF81F20B3FBF2F101FB02F29B1ADBB2F5
:10B0C400002B0AD10C4B1A68049B009313460B4ABD
:10B0D4000721059800F07EFF05E0049B084A07213C
:10B0E400059800F077FF9DF81E3019460598FEF785
:10B0F400B1FC08B010BD00BF30220020F4290300C9
:10B10400D029030000B5A3B00390002320930023AB
:10B114001F9300238DF87B3000238DF87A30039B36
:10B124009B689B7CC3F17F038DF879309DF879305F
:10B13400002B00F0DE81039B9B6803F19400039BCA
:10B144009B6803F11401039B9B68DB7C1A4606F0A1
:10B15400CDFA039B9B68039A9268D27C1344002225
:10B1640083F89420039B9A68039B9B68DB7C013BD8
:10B1740013441B7D184606F06CFB0346002B14BFDA
:10B18400012300238DF873300398FFF75DFC039BC4
:10B194009B6803F194020EA91BA80C23FFF792FAF3
:10B1A4009DF87B309B0088336B4453F8503C184621
:10B1B400FEF7D2F903468DF8783000231D9300235F
:10B1C4000993002308931B9B002B09D09DF87B2037
:10B1D4009DF873101B9B0B44013B9A42C0F0A7805F
:10B1E4009DF87330002B03D000238DF878300CE0E9
:10B1F4009DF87B309B0088336B4453F8503C1846D1
:10B20400FEF7AAF903468DF87830002321939DF8C0
:10B214007B10219A531C219309A80AAB009303467F
:10B224001D98FEF787FA099B002B7ED09DF87B3092
:10B234009B0088336B4453F8500C099B1B689DF8A2
:10B244007820194606F0CEF90346002B03D0089B5C
:10B25400002B68D06AE0089B002B1BD1219B013B8B
:10B264001F93099B1B681846FEF776F903468DF871
:10B274007A309DF879209DF87A109DF87830CB1AB1
:10B284009A4241DD9DF87A209DF87830D31A8DF8E2
:10B29400793039E0099B1B681846FEF75DF90346CF
:10B2A4008DF872309DF872209DF87A309A4203D955
:10B2B4009DF872308DF87A309DF87930002B23D0C8
:10B2C4009DF87B1008AA04AB00931346209A1D989E
:10B2D400FEF730FA099B1A689DF87830D018089B5D
:10B2E4001A689DF8783013441946FFF7E3FD0346C6
:10B2F4008DF872309DF879209DF872309A4203D906
:10B304009DF872308DF87930219B013B2093099B85
:10B314000893219B002B7FF47AAF7A4A0421039887
:10B3240000F058FE02E000BF71E700BF2DE00023EB
:10B3340021939DF87B10219A531C219309A80AABF1
:10B34400009303461D98FEF7F5F9219B002B05D1C8
:10B354006C4A0421039800F03DFECFE0099B002BCA
:10B3640000F0C9809DF87B309B0088336B4453F810
:10B37400502C099B1B681946104606F06BF90346CE
:10B38400002BD6D1099B9B681D931D9B002B10D0CD
:10B39400099B002B0DD09DF87B3001338DF87B3059
:10B3A4009DF87B209DF873101B9B0B449A42FFF47D
:10B3B4000AAF089B002B00F0A0801F9A209B9A42A2
:10B3C40056D11D9B1B78002B09D09DF87B1008AA31
:10B3D4000AAB00931346209A1D98FEF7ABF9089B1D
:10B3E4001B681846FEF7B8F802469DF878309A4272
:10B3F4000AD0089B1A689DF8783013449DF8792088
:10B4040019460398FFF78AFD039B9B68039A926889
:10B41400D27C13441B7D184606F01BFA0346002B0E
:10B4240022D1039B9B6893F83D3103F00103DBB207
:10B43400002B14D0039B9A6892F83D3123F001034A
:10B4440082F83D3120210398FEF710FF039B9A6890
:10B4540092F83D3143F0010382F83D314EE0202162
:10B464000398FEF703FF49E00398FEF73BFB45E032
:10B474009DF87A301A4600210398FFF7DDFD1F9BE3
:10B48400219314E09DF87B1009AA0AAB009313469C
:10B49400219A1D98FEF74EF9099B1B689DF87A20A6
:10B4A40019460398FFF7C8FD219B01332193219A84
:10B4B400209B9A42E6D9039B1B68134A03210398F5
:10B4C40000F088FD039B9B681433104A08210398FD
:10B4D40000F080FD0398FEF735FB089B1A689DF881
:10B4E400783013449DF8792019460398FFF716FD28
:10B4F40004E000BF02E000BF00E000BF23B05DF83D
:10B5040004FB00BFFC2903002C2A0300D0290300FC
:10B5140082B003468DF807309DF90730002B01DA1D
:10B524000B2300E00023184602B0704700B585B035
:10B5340001900023039303AB0DF10B010122019849
:10B54400FEF7D0F8039B002B00F040819DF80B30F0
:10B554001846FFF7DDFF0346002B40F0358103F06A
:10B56400E5F8019B9B685B78022B00F0C980022BF5
:10B5740000F32581002B03D0012B00F0B3801EE1E2
:10B58400019B1A7E9DF80B309A4210D1019B9B6857
:10B594009B7C002B03D10198FEF71EFA02E0019870
:10B5A40000F0B8F902210198FFF726FA11E19DF89D
:10B5B4000B301B2B3EDC002B6BDB1B2B69D801A251
:10B5C40052F823F0D5B6020097B6020097B60200EF
:10B5D40097B6020097B6020097B6020097B602002B
:10B5E40097B6020063B6020049B6020097B602009D
:10B5F40097B6020097B6020097B6020097B602000B
:10B6040097B6020097B6020097B6020097B60200FA
:10B6140097B6020097B6020097B6020097B60200EA
:10B6240097B6020097B6020097B6020097B60200DA
:10B634003FB602007F2B1FD02BE0019B9B680122A9
:10B644005A704EE0019B9B6893F83D3103F0080368
:10B65400DBB2002B3ED00198FFF754FD3AE0019B8A
:10B664009B6893F83D3103F00803DBB2002B33D021
:10B674000198FEF705FF2FE0019B9B6893F83D318D
:10B6840003F00803DBB2002B28D00198FEF78AFFF1
:10B6940024E09DF80B30184606F0EBF80346002B27
:10B6A4001ED0019B9B6893F83D3103F00803DBB285
:10B6B400002B06D09DF80B3019460198FEF7D6FDF5
:10B6C4000EE09DF80B3019460198FEF7A6FD07E041
:10B6D40000BF7AE000BF78E000BF76E000BF74E00E
:10B6E40000BF72E09DF80B305B2B04D1019B9B687B
:10B6F40002225A7069E0019B9B6800225A7064E040
:10B70400019B9B6800225A70019B9B6893F83D3112
:10B7140003F00803DBB2002B5AD09DF80B30413BF9
:10B724000B2B4AD801A252F823F000BF61B70200E4
:10B734006BB7020075B702007DB70200BFB7020005
:10B7440085B70200BFB702008DB70200BFB7020081
:10B75400BFB70200BFB7020095B7020001210198EC
:10B76400FFF77CF92AE000210198FFF777F925E03B
:10B774000198FEF719FD21E00198FEF7DEFC1DE0BB
:10B784000198FEF77EFA19E00198FEF733FA15E006
:10B79400019B9B6893F83D3103F00103DBB2019AEE
:10B7A4009268002B0CBF01230023D9B292F83D31DB
:10B7B40061F3000382F83D3100E000BF05E0019B26
:10B7C4009B6800225A7000E000BFB4E600BF00E0AE
:10B7D40000BF05B05DF804FB00B585B001900023FF
:10B7E4008DF80F30019B9B681B7D002B00F08E8031
:10B7F40008E09DF80F30002B04D1019B9B680022C8
:10B804001A7584E0019B9A689DF80F30591C8DF8D5
:10B814000F1013441B7D184606F01BF80346002B3B
:10B82400E7D19DF80F30013B8DF80F309DF80F30B4
:10B83400002B24D0019B9B6803F11400019B9B689F
:10B8440003F114029DF80F30D118019B9B689B7C77
:10B854005A1C9DF80F30D31A1A4605F07DFE019B41
:10B864009B68997C019B9B689DF80F208A1AD2B231
:10B874009A74019B9A68019B9B68927CDA74019B81
:10B884009A68019B9B689B7C013B103313440433EF
:10B89400029300238DF80F3007E09DF80F30013339
:10B8A4008DF80F30029B013B0293029B1B781846D4
:10B8B40005F0CFFF0346002BEFD1019B9A68019B53
:10B8C4009B689B7C013B103313440433029A9A42D5
:10B8D4001DD0019B9A68019B9B689B7C19469DF82F
:10B8E4000F30CB1A134400221A75019B9B68997C74
:10B8F400019B9B689DF80F208A1AD2B29A74019B0F
:10B904009A68019B9B68927CDA7400E000BF05B0E2
:10B914005DF804FB00B5A1B0039000231E9300233F
:10B924001D9300231C9300231B930398FFF754FFDC
:10B934000398FFF74CFA039B9B6803F114020AA9CE
:10B9440017A80C23FEF7BEFE03468DF86730179B3D
:10B95400002B03D10398FEF73FF814E19DF86730FC
:10B96400002B07D09DF86730884A0221039800F025
:10B9740031FB08E100231F9337E0854A854BD31A36
:10B98400DB081F9A9A4217D30398FDF7F5FD034687
:10B99400002B08D00A9B804A0092804A0221039817
:10B9A40000F018FBEFE00A9B7B4A00927C4A0221DC
:10B9B400039800F00FFBE6E01F9BDB00754A13447D
:10B9C4001B931E9B9B0080336B4453F8582C1B9B8A
:10B9D4005B681B681946104605F03CFE0346002BC5
:10B9E4000BD000BF1F9B01331F93694A694BD31AC5
:10B9F400DB081F9A9A42C0D900E000BF1B9B1B784A
:10BA040083F00103DBB2002B04D1664940F2877056
:10BA1400FDF7E0FA00231A93002305931B9B5B6850
:10BA2400DB681893189B002B04D0039B9B681B9A1C
:10BA340052685A601B9B5B689B681B931E9B013377
:10BA44001E9300231F93179B1E9A9A4256D21E9B45
:10BA54009B0080336B4453F8583C5349184605F017
:10BA6400F9FD0346002B0CD01E9B9B0080336B44D6
:10BA740053F8583C4D49184605F0ECFD0346002B9D
:10BA840008D1039B9A6892F83D3143F0020382F88F
:10BA94003D3134E01F9A531C1F9305A906AB009354
:10BAA4000B461E991B98FDF745FE1F9B002B26D0C5
:10BAB400059B002B23D01E9B9B0080336B4453F8C3
:10BAC400582C059B1B681946104605F0C3FD034618
:10BAD400002BB8D1059BDB68002B06D01E9B1D9361
:10BAE4001F9B013B1C931B9B1A931E9B01331E93AC
:10BAF40000231F93059B9B681B93A4E700BF039837
:10BB0400FEF7BFF80398FDF737FD034683F0010302
:10BB1400DBB2002B02D00398FDF75EFF1A9B002BCB
:10BB24001BD005AA06AB009313461C9A1D991A98BC
:10BB3400FDF700FE039B9B68059A5A60039B9B6874
:10BB44005B68DB6817991D9A881A0AA91D9A9200E6
:10BB54000A440146039898470DE0189B002B05D032
:10BB640017990AAA189B0398984704E0104A0221DF
:10BB7400039800F02FFA039B9A6892F83D3123F062
:10BB8400020382F83D3121B05DF804FB342A03003E
:10BB94007C1903000C190300682903004C2A0300D4
:10BBA400542A03007C290300602A0300642A03004A
:10BBB4006C2A030000B585B001900091019B002B15
:10BBC40004D10F4940F2E670FDF704FA009B002B04
:10BBD40004D10B4940F2E770FDF7FCF9019B039394
:10BBE400009B0293039B1A68029B1B68194610462C
:10BBF40005F030FD0346184605B05DF804FB00BFB0
:10BC04007C29030000B585B0034600918DF8073008
:10BC1400009B0393039B002B04D1094940F2F2706B
:10BC2400FDF7D8F99DF80730002B04D0039B9B68DF
:10BC3400012283F83C2100BF05B05DF804FB00BF7E
:10BC44007C29030010B588B00390029113468DF847
:10BC54000730039B002B04D15F4940F60800FDF731
:10BC6400B9F9039B9B68002B07D0039B5B68002BEF
:10BC740003D0039B1B68002B04D1574940F60900ED
:10BC8400FDF7A8F9039B1B7E0A2B08D0039B1B7EA0
:10BC94000D2B04D0504940F60A00FDF79BF9039B95
:10BCA400DB68039A5A61039B5B681B681C68039BEF
:10BCB4005868039B494A0299A0470690069B002BAB
:10BCC40001D0069B85E0039B5B69002B04D14249AC
:10BCD40040F61900FDF77EF9039B5B69184602F0F4
:10BCE400B9FB0690069B002B01D0069B71E0039BD9
:10BCF4009B680022C3F83021039B9B680022C3F891
:10BD04003421039B9B684FF4A0720021184605F070
:10BD14001FFD039B9B68012283F83C21039B9A68C7
:10BD240092F83D319DF8071061F3820382F83D31AA
:10BD3400039B9A6892F83D3143F0080382F83D3141
:10BD4400039B9B6801221A70039B9B6850225A73C1
:10BD5400039B9B6818221A73214B059300230793B6
:10BD640021E0079BDB001F4A13440493049B002B30
:10BD740004D1194940F63500FDF72CF9049B5B68A2
:10BD84001B68002B04D1144940F63600FDF722F954
:10BD9400049B5A68079B9B0005990B4412681A6020
:10BDA400079B01330793104A0E4BD31ADB08079AFB
:10BDB4009A42D6D30C4A0B4BD31A072B08D90A4AFA
:10BDC400084BD31AD908094B0422059805F088FAC0
:10BDD4000023184608B010BD7C29030009BC0200EA
:10BDE400E02000200C1903007C190300B9BB0200F9
:10BDF40000B587B00390029111461A460B468DF8A0
:10BE0400073013468DF80630039B002B04D11649E6
:10BE140040F66600FDF7DEF89DF807301A460299F1
:10BE24000398FFF70FFF0590059B002B17D19DF892
:10BE34000630002B13D0039BDB681A469DF8203094
:10BE44001946104604F03EF80490049B002B01DAD6
:10BE5400042305E0039BDB681846FDF713FB059BF1
:10BE6400184607B05DF804FB7C29030000B585B0D3
:10BE74000190019B002B04D1204940F6B300FDF74B
:10BE8400A9F8019B9B68002B07D0019B5B68002BE2
:10BE940003D0019B1B68002B04D1184940F6B40061
:10BEA400FDF798F8019B9B681B78012B01D00823B0
:10BEB4001FE0019B5B681B689B68019A5268002124
:10BEC400104698470390039B002B11D10821019839
:10BED400FEF78AF801210198FEF7D4F8019B1B694B
:10BEE4000749184601F000FB02210198FEF784FD82
:10BEF400039B184605B05DF804FB00BF7C290300D2
:10BF04008C2A030000B585B00190019B002B04D15D
:10BF1400264940F6E400FDF75DF8019B9B68002B81
:10BF240007D0019B5B68002B03D0019B1B68002B8F
:10BF340004D11E4940F6E500FDF74CF8019B9B68CF
:10BF44001B78012B02DC002B24DA26E0022B00D024
:10BF540023E00198FFF7EAFA0021019800F0C8FBFA
:10BF640003468DF80F309DF80F30002B14D0019B41
:10BF74001B680F4A0321019800F02CF8019B9B6871
:10BF840014330B4A0821019800F024F80198FDF7B6
:10BF9400D9FD01E000BF00E000BF019B1B6918460A
:10BFA40001F080FA00BF05B05DF804FB7C290300B2
:10BFB400D029030000B585B00390029101920023BB
:10BFC400019A02990398FDF713FB00BF05B05DF8D1
:10BFD40004FB00000CB400B585B001900B468DF84D
:10BFE4000330069B002B04D12B4940F60D10FCF7BF
:10BFF400F1FF019B002B04D1274940F60E10FCF7FA
:10C00400E9FF019B9B68002B07D0019B5B68002B19
:10C0140003D0019B1B68002B04D11F4940F60F106D
:10C02400FCF7D8FF0023039307AB0393019B9B68A2
:10C0340093F83D3103F00403DBB2002B1ED0019BC7
:10C044009B68DB7B9DF803209A4217D002AB19460C
:10C054000198FEF751F89DF8033019460198FDF751
:10C06400C3FF019B1B6903AA0699184601F01CFC37
:10C0740002AB19460198FEF74CF807E0019B1B69D7
:10C0840003AA0699184601F00FFC00BF00BF05B0D3
:10C094005DF804EB02B070477C29030000B589B059
:10C0A4000390029101928DF80330029B002B00F063
:10C0B400BC809DF80330002B05D0019BDBB21946F0
:10C0C4000398FDF7C7FC0023069302E0069B0133A7
:10C0D4000693029A069B13441B78184605F0B9FB95
:10C0E4000346002BF2D1002305930298FDF734FA9E
:10C0F4000246069BD31A0793039B9B685B7B1A46F5
:10C10400019BD31A079A9A423AD80023059326E052
:10C11400069A059B1344029A13441B780A2B1BD1DD
:10C12400039B1B69184601F0BDF9029A069BD118BE
:10C134000023059A0398FDF75BFA059A069B1344BE
:10C14400013306930398FDF747FC019BDBB21946C4
:10C154000398FDF77FFC06E0059B01330593059AE0
:10C16400079B9A42D4D3039B1869029A069B1344F3
:10C17400194601F0B9F900BF0398FDF72DFC55E00D
:10C18400039B9B685B7B1A46019BD31A0793069A11
:10C19400059B1344029A13441B78184605F059FB77
:10C1A4000346002B09D0059B0793069A059B13446D
:10C1B400029A13441B780A2B0BD0059A019B134453
:10C1C400039A9268527B934205D2059B01330593EF
:10C1D400DDE700BF00E000BF039B1B69184601F0C8
:10C1E40061F9029A069BD1180023079A0398FDF778
:10C1F400FFF9069A079B1344069302E0069B01335A
:10C204000693029A069B13441B78184605F021FBFB
:10C214000346002BF2D10398FDF7DEFB019BDBB252
:10C2240019460398FDF716FC5DE700BF09B05DF8F9
:10C2340004FB000030B591B0059004910392059B76
:10C24400002B04D1B44940F68D10FCF7C3FE059BC6
:10C254009B68002B07D0059B5B68002B03D0059BD4
:10C264001B68002B04D1AC4940F68E10FCF7B2FEDB
:10C274000023ADF83E30A948FDF76EF903469CB2A1
:10C28400A748FDF769F903469BB2E31AADF83C30C1
:10C29400059B9B685B681B68A24A0092A24A08211E
:10C2A4000598FFF797FE059B9B685B681B6818461B
:10C2B400FDF752F903469CB29A48FDF74DF903463F
:10C2C4009BB22344ADF83E30059B9B685B6859687C
:10C2D400BDF83E2000230598FFF7E0FE934A0821AD
:10C2E4000598FFF777FE039B002B4AD0049B002B95
:10C2F40047D000230E9340E00E9A13465B0013448C
:10C304009B001A46049B13445B681846FDF724F906
:10C3140004460E9A13465B0013449B001A46049B82
:10C3240013441B681846FDF717F90346E218BDF8D5
:10C334003C309A421ED90E9A13465B0013449B006C
:10C344001A46049B13445B681846FDF705F9034637
:10C354009CB20E9A13465B0013449B001A46049B3E
:10C3640013441B681846FDF7F7F803469BB22344B1
:10C37400ADF83C300E9B01330E930E9A039B9A4208
:10C38400BAD36748FDF7E8F80346694A12781344BC
:10C394009AB2BDF83C301344ADF83C30BDF83C30A3
:10C3A4005E4A0092634A08210598FFF713FE604B2A
:10C3B4001B781A46BDF83C3013449BB20133ADF8E8
:10C3C4003E30BDF83E2000235B490598FFF766FE2A
:10C3D400049B002B00F0018100230D93F8E00D9ADB
:10C3E40013465B0013449B001A46049B13445B688A
:10C3F400002B69D00D9A13465B0013449B001A4628
:10C40400049B13441B68002B5ED00D9A13465B00FB
:10C4140013449B001A46049B134459680D9A13460F
:10C424005B0013449B001A46049B13441B6801934E
:10C434003B4B00930B46414A08210598FFF7CAFD80
:10C444003B4B1B781A46BDF83C301344ADF83E30E4
:10C45400BDF83E30DCB20D9A13465B0013449B00DA
:10C464001A46049B13445B681846FDF775F80346A7
:10C47400DDB20D9A13465B0013449B001A46049BDD
:10C4840013441B681846FDF767F80346DBB22B44D8
:10C49400DAB2274B1B781344DDB22148FDF75CF870
:10C4A4000346DBB22B44DBB2E31ADBB21946059830
:10C4B400FDF7D0FA3A210598FDF700F9BDF83E30B2
:10C4C4000133ADF83E3062E00D9A13465B0013442D
:10C4D4009B001A46049B13445B68002B30D0BDF8C4
:10C4E4003C100D9A13465B0013449B001A46049BB0
:10C4F40013445B6800930B460E4A08210598FFF726
:10C5040069FD0B4B1B781A46BDF83C3013449BB2B3
:10C514000133ADF83E303AE07C290300A02F03003C
:10C52400AC2F0300B02F0300902A0300982A0300C5
:10C53400B42F0300A42A0300AC2A0300C02A03007A
:10C544000D9A13465B0013449B001A46049B134444
:10C554001B68002B1BD0BDF83C100D9A13465B00E2
:10C5640013449B001A46049B13441B6800930B4618
:10C574005C4A08210598FFF72DFD5B4B1B781A4692
:10C58400BDF83C3013449BB20133ADF83E300D9AF4
:10C5940013465B0013449B001A46049B13449B6898
:10C5A400002B0FD00D9A13465B0013449B001A46D0
:10C5B400049B13449968BDF83E2000230598FFF7B7
:10C5C4006DFD02E00598FDF707FA0D9B01330D930D
:10C5D4000D9A039B9A42FFF402AF059B9B685B682C
:10C5E4009B68002B76D0059B9B685B689B680B93CC
:10C5F400002306930023ADF83E300023ADF83C3011
:10C6040000230C930C9A531C0C9306A907AB0093BC
:10C614000B4601210B98FDF78DF8069B002B12D0D9
:10C62400069B1B681846FCF797FF0246BDF83C3092
:10C634009A42E7D9069B1B681846FCF78DFF034610
:10C64400ADF83C30DEE700BF0C9B012B44D0274AF9
:10C6540008210598FFF7BEFC00230C930C9A531C89
:10C664000C9306A907AB00930B4601210B98FDF729
:10C6740061F8069B002B31D01B4B1B781A46BDF882
:10C684003C301344ADF83E30BDF83E20069B1B6899
:10C6940000931346134A08210598FFF79BFC124B9D
:10C6A4001B781A46BDF83E3013449BB20133ADF8F3
:10C6B4003E30069B5B68002B08D0069B5968BDF88A
:10C6C4003E2000230598FFF7E9FCC7E70598FDF72E
:10C6D40083F9C3E700BF02E000BF00E000BF11B070
:10C6E40030BD00BFA42A0300B42F0300CC2A0300EA
:10C6F40000B59BB003900B468DF80B3000238DF8EA
:10C704006730039BDB68DB6812A90022184602F03D
:10C7140021F90346002B01D00023DDE09DF80B3006
:10C72400002B18D0129B184601F03FFF039B9B6817
:10C73400D3F82C210132C3F82C21039B9B68D3F836
:10C744002C3103F00703012B03D101238DF867304B
:10C7540001E00123C0E00398FDF772F81690169BE0
:10C764009B78012B07D9169B9B78013BDBB21946BA
:10C774000398FDF787F9169B1B78012B07D9169BA5
:10C784001B78013BDBB219460398FDF74BF903987C
:10C79400FDF7B0F89DF86730002B06D0504A02210F
:10C7A4000398FFF717FC012396E0002318931298CF
:10C7B4000FA9189B082201F0A7FF08231893119BC7
:10C7C4000C93109B9BB2ADF8343000238DF83830B5
:10C7D4009DF83C3003F00303DBB2012B2ED10F9BF9
:10C7E400C3F3952314939DF83C30C3F3C203DBB227
:10C7F4008DF836309DF83C30C3F38003DBB2002B58
:10C8040014BF01230023DBB28DF83730BDF83C3070
:10C81400C3F38313DBB213931298139B9A0006A9F4
:10C82400189B01F071FF039B1B690CAA06A90093D6
:10C834001346139A149803F081FE3CE09DF83C30B3
:10C8440003F00303DBB2022B35D1BDF83E30C3F352
:10C8540089139BB217939DF83C30C3F3C203DBB238
:10C864008DF836309DF83C30C3F38003DBB2002BE7
:10C8740014BF01230023DBB28DF83730179B082B3C
:10C8840028BF08231593129804A9189B159A01F040
:10C894003BFF189A159B13441893179A159BD31AA8
:10C8A4001793039B1B690CAA04A8159903F0E8FECF
:10C8B400179B002BE2D1129B184601F076FE039BD6
:10C8C400DB68DB6812A90022184602F043F803462D
:10C8D400002B3FF46AAF012318461BB05DF804FB3C
:10C8E400DC2A030000B587B001900091019B0493FA
:10C8F400049B5B690393039B9B681B78042B31D0D7
:10C90400039B9B681B78032B0CBF012300238DF82A
:10C914000B30049BDB686A461146184601F062FF3F
:10C92400059010E09DF80B3083F00103DBB219464B
:10C934000398FFF7DDFE049BDB686A461146184640
:10C9440001F050FF0590059B002BEBD1009B18468E
:10C9540001F01CFE9DF80B30002B03D0002103983E
:10C96400FFF7C6FE00BF07B05DF804FB82B001907C
:10C9740000BF02B0704700B585B00190019B0393DE
:10C98400039B5B690293029B5B681B689B68029A2A
:10C9940052680121104698470346002B04D1029B9C
:10C9A4009B6803221A7003E0029B9B6804221A709E
:10C9B40000BF05B05DF804FB00B585B0039001929B
:10C9C40000930B468DF80B300398FCF763FD034688
:10C9D400002B06D0009A01990398FFF72BFC012342
:10C9E4000FE09DF80B30002B0AD0039B9B685B681B
:10C9F4001B68064A02210398FFF7ECFA012300E0C2
:10CA04000023184605B05DF804FB00BF0C2B03009F
:10CA140000B585B0039002910192039B002B04D1D1
:10CA24002B4940F60730FCF7D5FA039B9B68002B93
:10CA340007D0039B5B68002B03D0039B1B68002B70
:10CA440004D1234940F60830FCF7C4FA029B022BB8
:10CA54000BD10398FCF71EFD0346002B05D00022E2
:10CA640000210398FFF7E6FB2FE0039B002B04D182
:10CA740017494FF43160FCF7ADFA039B1B69002B97
:10CA840004D113494FF43160FCF7A4FA039B1B69EA
:10CA9400104A1149184600F027FD039B002B04D1CE
:10CAA4000B4940F61130FCF795FA039B1B69002BE8
:10CAB40004D1074940F61130FCF78CFA039B1B693B
:10CAC400064A0549184600F00FFD05B05DF804FB61
:10CAD4007C290300B82F0300D0290300BC2F0300D6
:10CAE40000B585B0039002910192029B012B14BF03
:10CAF40001230023D9B2002300220398FFF75CFF2F
:10CB04000346002B08D1039B9A6892F83D3123F029
:10CB1400040382F83D3100E000BF05B05DF804FB7A
:10CB240000B585B0039002910192029B012B14BFC2
:10CB340001230023D9B2002300220398FFF73CFF0E
:10CB44000346002B08D1039B9A6892F83D3143F0C9
:10CB5400040382F83D3100E000BF05B05DF804FB3A
:10CB640000B587B0059004910392059B002B04D176
:10CB74001F4940F62930FCF72DFA059B9B68002BD2
:10CB840007D0059B5B68002B03D0059B1B68002B1B
:10CB940004D1174940F62A30FCF71CFA049B012BF8
:10CBA40005D1002200210598FFF744FB1DE0049BFA
:10CBB400022B14BF01230023D9B2002300220598BD
:10CBC400FFF7FAFE0346002B0ED1039B1A68039B62
:10CBD40004331B680193074B00931346064A022152
:10CBE4000598FFF7F7F900E000BF07B05DF804FB14
:10CBF4007C29030050290300282B030000B587B0CB
:10CC0400059004910392049B022B8CBF0123002303
:10CC1400D9B2002300220598FFF7CEFE0346002B6D
:10CC240023D1049B022B0ED1039B1A68039B04336C
:10CC34001B6801930F4B009313460F4A022105987A
:10CC4400FFF7C8F912E0059B9B6893F83D3103F0A8
:10CC54000803DBB2002B01D0084B00E0084B094A63
:10CC640008210598FFF7B6F900E000BF07B05DF8AA
:10CC740004FB00BF50290300282B0300342B0300BE
:10CC8400382B03003C2B030000B585B003900291C0
:10CC94000192029B012B14BF01230023D9B200236C
:10CCA40000220398FFF788FE0346002B08D1039B5C
:10CCB4009A6892F83D3123F0080382F83D3100E090
:10CCC40000BF05B05DF804FB00B585B00390029188
:10CCD4000192029B012B14BF01230023D9B200232C
:10CCE40000220398FFF768FE0346002B08D1039B3C
:10CCF4009A6892F83D3143F0080382F83D3100E030
:10CD040000BF05B05DF804FB00B58DB0059004913B
:10CD14000392059B002B04D12D4940F66F30FCF79C
:10CD240059F9059B9B68002B07D0059B5B68002B7A
:10CD340003D0059B1B68002B04D125494FF43760B1
:10CD4400FCF748F9049B012B14BF01230023D9B23B
:10CD5400002300220598FFF72FFE0346002B33D152
:10CD640000230B93059B9B68D3F834310A930A9BE9
:10CD7400002B23D00B9B072B20D807A900230922C3
:10CD84000A9801F0C1FC059B9B6803F194019DF88E
:10CD9400243001331A4609230A9801F0B5FC089B94
:10CDA4000A930B9B5A1C0B92059A92689432009238
:10CDB400084A08210598FFF70DF9D8E7059B9B68F9
:10CDC400002283F8942000E000BF0DB05DF804FB5E
:10CDD4007C290300502B030000B587B00590049113
:10CDE4000392049B012B05D1002200210598FFF733
:10CDF40021FA1CE0049B022B0ED1039B1A68039BAF
:10CE040004331B6801930B4B009313460A4A022117
:10CE14000598FFF7DFF80AE0049B022B8CBF01237F
:10CE24000023D9B2002300220598FFF7C5FD07B0FF
:10CE34005DF804FB50290300282B030000B58BB0D8
:10CE4400079006910592069B012B14BF0123002332
:10CE5400D9B2002300220798FFF7AEFD0346002B4A
:10CE64002BD1079BDB68DB68184601F02DFE0346D7
:10CE74008DF827309DF82730642203FB02F2079BCC
:10CE8400DB68DB689B68B2FBF3F38DF82630079B05
:10CE94009B68D3F82C019DF826309DF8272007992C
:10CEA400C968C96889680291019200930346054ADA
:10CEB40008210798FFF78EF800E000BF0BB05DF87B
:10CEC40004FB00BF5C2B030000B585B00390029106
:10CED4000192029B012B14BF01230023D9B200232A
:10CEE40000220398FFF768FD0346002B0BD1039B38
:10CEF4009B680022C3F82C21039BDB68DB6818467F
:10CF040001F0F6FD00E000BF05B05DF804FB000091
:10CF140000B585B0039002910192029B012B14BFCE
:10CF240001230023D9B2002300220398FFF744FD14
:10CF34000346002B20D1039B002B04D1104940F65B
:10CF4400CE30FCF747F8039B1B69002B04D10C4936
:10CF540040F6CE30FCF73EF8039B1B69094A0A49A8
:10CF6400184600F0C1FA039B9B6850225A73039B36
:10CF74009B6818221A7300E000BF05B05DF804FB3B
:10CF84007C290300C42F0300D029030000B587B017
:10CF9400059004910392059B002B04D12B4940F684
:10CFA400D530FCF717F8059B9B68002B07D0059B31
:10CFB4005B68002B03D0059B1B68002B04D123491D
:10CFC40040F6D630FCF706F8049B012B1BD1059BD9
:10CFD4009B6803F10D01059B9B680C331A46059869
:10CFE400FCF7A2FF0346002B2AD0059B9B68502226
:10CFF4005A73059B9B6818221A73154A04210598D5
:10D00400FEF7E8FF1CE0049B022B8CBF01230023E6
:10D01400D9B2002300220598FFF7CEFC0346002B6B
:10D0240010D1039B1A68039B04331B680193094BBB
:10D0340000931346084A02210598FEF7CBFF02E04D
:10D0440000BF00E000BF07B05DF804FB7C290300CB
:10D05400982B030050290300282B030000B587B048
:10D064000190FF230493019BD86804AA03A9012318
:10D0740001F0DEFD0590059B002B03D012494020F2
:10D08400FBF7A8FF059B002B18D1049B002B15D0A0
:10D09400019B5B690399049AD2B21846F8F7CCFC59
:10D0A4000590059B002B09D1019B9B681B68019A85
:10D0B40040F6CD411846F9F769FE0590059B1846E0
:10D0C40007B05DF804FB00BFD82F030000B587B09C
:10D0D40001900091009B049300230593FF23029386
:10D0E400019B1B78022B07D0022B00F38880002BB6
:10D0F40047D0012B1CD082E0049BDA68019B1B7A89
:10D104001946104601F010FE0590059B002B03D034
:10D1140041495F20FBF75EFF0498FFF79FFF0590EE
:10D12400059B002B70D03C496120FBF753FF6BE05B
:10D13400049BDA68019B1B7A1946104601F0F4FD42
:10D144000590059B002B03D033496720FBF742FF72
:10D15400019B1B7A002B08D0049B5B681B68049A14
:10D16400526852681146002098470498FFF776FFEA
:10D174000590059B002B49D027497320FBF72AFF14
:10D1840044E0049B1A69019B1B7A1946104601F07E
:10D194007BFF0590059B002B03D01F497920FBF7EB
:10D1A40019FFFF230293049B186902AA03A9012310
:10D1B40001F064FE0590059B002B03D016497C20EA
:10D1C400FBF708FF029B002B0FD0049B5B690399BC
:10D1D400029AD2B21846F8F725FA0590059B002B5F
:10D1E40003D00D498120FBF7F5FE049B5B681B68A7
:10D1F400049A5268526811460120984707E006498C
:10D204008B20FBF7E7FE02E000BF00E000BF00BF99
:10D2140007B05DF804FB00BFD82F030000B585B04C
:10D224000190019B0393039B5B691846F8F702FD89
:10D2340000BF05B05DF804FB00B589B0039002910E
:10D2440001920093039B0793079B5B68019A1A6002
:10D25400079B5B68009A5A60079B5B68002283F80F
:10D264002820079B5B68002283F82920029B0693F1
:10D27400079B5B68083320220699184604F036FAA7
:10D28400069B079A1A61079B5B690C4A0699184624
:10D29400F8F760F80590059B002B09D1079BDB6824
:10D2A400184601F0A7FC079B1B69184601F0A2FC75
:10D2B400059B184609B05DF804FB00BFD1D00200FD
:10D2C40000B585B00190019B0393039B5B691846ED
:10D2D400F8F792F8039B9B681B681846F9F788FDDA
:10D2E4000346184605B05DF804FB000000B585B0A0
:10D2F40001900B468DF80330019B029300230393A6
:10D30400029B5B6893F82830002B10D0029B9B682B
:10D314001B681846F9F76CFD0390039B002B04D09F
:10D32400039B082B01D0039B3EE0002303939DF84D
:10D334000330002B1AD0029B5B691846F8F75CF89F
:10D34400029B5869029B5B68083300221946F8F770
:10D3540001F80390039B002B06D1029B5B6801221A
:10D3640083F8292000231FE006231DE0029B5B684D
:10D3740093F8283083F00103DBB2002B0CD0029B1E
:10D384009B680B4A00211846F9F7D0FC0390029BD6
:10D394005B68012283F82820039B002B03D10298A9
:10D3A400FFF75CFE0390039B184605B05DF804FB91
:10D3B40021D2020000B587B003900291019200933C
:10D3C400009B002B03D10B49F820FBF703FE039BC2
:10D3D4000593009B019A1A60059BDB68009A0299E9
:10D3E400184601F0CDFD0490049B184607B05DF883
:10D3F40004FB00BFD82F030000B589B0039002914D
:10D4040001920093009B002B04D125494FF48670B0
:10D41400FBF7E0FD039B0793009B019A1A60079BAF
:10D424001B69009A0299184601F0B2FC0690069B0B
:10D43400002B2FD1079B5B691846F8F75FF9034669
:10D4440083F00103DBB2002B24D0FF230493079B5A
:10D45400186904AA05A9012301F010FD0346002B55
:10D4640018D1079B5B690599049AD2B21846F8F75C
:10D47400D9F80690079B5B6893F82930002B09D0F4
:10D48400069B002B06D1079B1B69049A114618467C
:10D4940001F0FAFD069B184609B05DF804FB00BFD5
:10D4A400D82F030000B583B00190019B002B03D15A
:10D4B4000C493120FBF78EFD019B9B68002B0CD09F
:10D4C400019B5B69019A1069019A1168019A92683B
:10D4D4009847019B00229A6000E000BF03B05DF80A
:10D4E40004FB00BF443003000EB400B584B00190C7
:10D4F400019B002B03D118494220FBF76BFD019BD4
:10D504005B69002B03D114494320FBF763FD019BA6
:10D514001B68002B03D110494420FBF75BFD019BE2
:10D524005B68002B03D10C494520FBF753FD059B99
:10D53400002B0AD00023039306AB039303AB1A46D4
:10D544000599019800F0B0F900E000BF04B05DF85F
:10D5540004EB03B0704700BF4430030000B583B050
:10D5640001900B468DF80330019B1A68019B9B6860
:10D57400581C0199886013449DF803201A70019B7C
:10D584009A68019B5B689A4202D30198FFF78AFF6D
:10D5940000BF03B05DF804FB00B587B003900291AF
:10D5A4000192009300230593009B03F00103002BD9
:10D5B40024D00BE0029B01330293059B01330593B6
:10D5C4009DF8133019460398FFF7C8FF029B1B7898
:10D5D4008DF813309DF81330002BEBD106E0019B3E
:10D5E400013B019320210398FFF7B8FF019A059BA3
:10D5F4009A422ED9019B002BF1D12AE0029B002BE9
:10D604000BD0029803F0D8FF059006E0019B013B84
:10D61400019320210398FFF7A1FF019A059B9A42E9
:10D624000FD9019B002BF1D10BE0029B0133029334
:10D63400059B013305939DF8133019460398FFF7B2
:10D644008DFF029B1B788DF813309DF81330002B4F
:10D65400EBD100BF07B05DF804FB000000B589B052
:10D664000390029101920093029B07930123069376
:10D6740007E0079A019BB2FBF3F30793069B013380
:10D684000693079A019B9A42F3D2009A069B9A4208
:10D6940001D9009B06930B9B03F00103002B22D1BD
:10D6A4000A9B002B1FD00B9B03F00203002B06D018
:10D6B400009B002B03D130238DF8173002E0202388
:10D6C4008DF8173008E00A9B013B0A939DF8173048
:10D6D40019460398FFF742FF0A9B002B03D0069AD2
:10D6E4000A9B9A42EFD301230793009B012B03D992
:10D6F400009B013B009309E0029A079BB2FBF3F302
:10D704000493049A019B9A4200D205E0079B019A74
:10D7140002FB03F30793E8E7029A079BB2FBF3F3D8
:10D724000493049B079A02FB03F3029AD31A02930D
:10D73400154A049B13441B7819460398FFF70EFF00
:10D74400079A019BB2FBF3F30793079B002BE3D1EA
:10D754000B9B03F00103002B11D00A9B002B0ED06E
:10D7640006E00A9B013B0A9320210398FFF7F6FE8B
:10D774000A9B002B03D0069A0A9B9A42F1D300BF5E
:10D7840009B05DF804FB00BFE430030000B589B0C4
:10D794000590049103920293049B002BB8BF5B4253
:10D7A40006930123079307E0039B069A92FBF3F386
:10D7B4000693079B01330793039B069A9A42F3DA75
:10D7C400029A079B9A4201D9029B07930A9B002B5A
:10D7D4000AD0049B002B04DB0B9B03F00403002BF7
:10D7E40002D00A9B013B0A930B9B03F00203002B1C
:10D7F40002D0029B002B16D00B9B03F00103002BDD
:10D8040011D10A9B002B0ED006E00A9B013B0A9320
:10D8140020210598FFF7A2FE0A9B002B03D0079A4C
:10D824000A9B9A42F1D3049B002B07DA049B5B42C8
:10D8340004932D210598FFF791FE08E00B9B03F05C
:10D844000403002B03D02B210598FFF787FE0B9BC5
:10D8540003F00203002B19D00B9B03F00103002BF0
:10D8640014D1029B002B11D10A9B002B0ED006E091
:10D874000A9B013B0A9330210598FFF76FFE0A9B30
:10D88400002B03D0079A0A9B9A42F1D304990B9B6D
:10D8940001930A9B0093029B039A0598FFF7DEFE0F
:10D8A40000BF09B05DF804FB00B58FB0059004918A
:10D8B4000392059B002B04D1AD494FF49F70FBF7F5
:10D8C40089FB059B5B69002B04D1A9494FF4A07027
:10D8D400FBF780FB059B1B68002B04D1A44940F295
:10D8E4004110FBF777FB059B5B68002B04D1A04933
:10D8F4004FF4A170FBF76EFB049B002B00F09381A7
:10D90400049B1B788DF83730049B013304939DF8F6
:10D914003730002B00F07E819DF83730252B40F006
:10D924006D8100230A9301230C93049B1B788DF8CB
:10D9340037309DF83730302B0DD0302B1BDC2B2BA0
:10D9440011D02D2B17D10A9B43F001030A93049B9A
:10D954000133049312E00A9B43F002030A93049BED
:10D96400013304930AE00A9B43F004030A93049BE3
:10D974000133049302E000230C9300BF0C9B002BA3
:10D98400D3D1002309939DF837302A2B0CD1039B64
:10D994001B68191D039A11601B68099A13440993A3
:10D9A400049B013304931AE0049B1B788DF83730F1
:10D9B4009DF837302F2B12D99DF83730392B0ED8DC
:10D9C400049B01330493099A13469B0013445B00A0
:10D9D4001A469DF837301344303B0993D3E70023AC
:10D9E4000B93049B1B788DF837309DF837302E2B22
:10D9F4001DD1049B01330493049B1B788DF83730AD
:10DA04009DF837302F2B12D99DF83730392B0ED88B
:10DA1400049B013304930B9A13469B0013445B004D
:10DA24001A469DF837301344303B0B93E4E7049BCC
:10DA34001B788DF837309DF837306C2B03D09DF868
:10DA44003730682B07D1049B01330493049B1B7864
:10DA54008DF83730EFE79DF83730252B00F0C48080
:10DA6400252BC0F2C680782B00F3C380582BC0F25C
:10DA7400C080583B202B00F2BC8001A252F823F056
:10DA840079DB0200F7DB0200F7DB0200F7DB0200C0
:10DA9400F7DB0200F7DB0200F7DB0200F7DB020032
:10DAA400F7DB0200F7DB0200F7DB020009DB020010
:10DAB4002BDB0200F7DB0200F7DB0200F7DB0200DE
:10DAC400F7DB02002BDB0200F7DB0200F7DB0200CE
:10DAD400F7DB0200F7DB0200F7DB0200F7DB0200F2
:10DAE400B9DB0200F7DB0200F7DB02009DDB02007A
:10DAF400F7DB02004FDB0200F7DB0200F7DB02007A
:10DB040079DB0200039B1B68191D039A11601B68D3
:10DB14000C930C9B8DF81F309DF81F301946059807
:10DB2400FFF71CFD66E0039B1B68191D039A116037
:10DB34001B680C930A9B0193099B00930B9B0A227D
:10DB44000C990598FFF722FE54E0039B1B68191DEE
:10DB5400039A11601B680C930C990A9B0193099B0F
:10DB640000930B9B0A220598FFF778FD42E000BF63
:10DB740090300300039B1B68191D039A11601B68F6
:10DB84000C930C990A9B0193099B00930B9B102205
:10DB94000598FFF763FD2DE0039B1B68191D039A8D
:10DBA40011601B6808930A9B099A08990598FFF766
:10DBB400F3FC1FE0039B1B68191D039A11601B688B
:10DBC4000C9330210598FFF7C9FC78210598FFF7DD
:10DBD400C5FC0C9900230193082300930823102209
:10DBE4000598FFF73BFD05E025210598FFF7B6FCF6
:10DBF40000E000BF049B0133049305E09DF8373037
:10DC040019460598FFF7AAFC049B1B78002B7FF4A8
:10DC140077AE00E000BF059B1B7B002B04D005986A
:10DC2400FFF740FC00E000BF0FB05DF804FB00BF4D
:10DC340000B585B0039002910192039B002B02D0A2
:10DC4400029B002B01D10E2309E0039B029A1A6068
:10DC5400039B1B681B680199039898470346184661
:10DC640005B05DF804FB10B586B0059004910392ED
:10DC74000293059B002B02D0039B002B01D10E23A2
:10DC840040E0059B1B68002B01D108233AE0029B6E
:10DC9400002B0AD0059B5B685A68029BB3FBF2F128
:10DCA40001FB02F29B1A002B01D009232AE00498FD
:10DCB40000F082F8034683F00103DBB2002B14D199
:10DCC400039B184600F078F8034683F00103DBB2A7
:10DCD400002B0AD1029A0499059800F053F80346E0
:10DCE40083F00103DBB2002B01D010230AE0059B73
:10DCF4001B68DC68089B0093029B039A04990598AF
:10DD0400A0470346184606B010BD10B584B0039072
:10DD1400029101920093039B002B01D10E232EE06C
:10DD2400039B1B68002B01D1082328E0019B002BD7
:10DD340001D1092323E0039B5B681B685A1E029BE5
:10DD44001340002B10D1039B5B681B68019A02FBF4
:10DD540003F31A460299039800F014F8034683F07B
:10DD64000103DBB2002B01D0102308E0039B1B68E6
:10DD74001C69009B019A02990398A0470346184620
:10DD840004B010BD84B0039002910192039BDB6840
:10DD9400029A9A4209D3029A019B13445A1E039B86
:10DDA4001B699A4201D8012300E0002303F0010318
:10DDB400DBB2184604B0704782B00190019B03F0B7
:10DDC4000303002B0CBF01230023DBB2184602B06F
:10DDD400704729DF704700BF184628DF704700BF2F
:10DDE400184610B487B001900091019B009A53E843
:10DDF400004F104643E8000191F0000FF7D105945D
:10DE040004900391059B184607B05DF8044B7047D6
:10DE140010B487B001900091019B009A53E8004F21
:10DE240044EA020043E8000191F0000FF6D10594A2
:10DE340004900391059B184607B05DF8044B7047A6
:10DE440000B583B0019001210198FFF7E1FF03467B
:10DE5400184603B05DF804FB00B589B00190009149
:10DE6400019B1B689B68002B31D003AB00221A6016
:10DE74005A609A60DA601A61009B0493019B9B6864
:10DE84000793019B1B79002B02D0012B0AD017E0CA
:10DE940001238DF80C30019B1B690593019B5B6981
:10DEA40006930DE002238DF80C30019BDB684FF4E0
:10DEB400805202FB03F30593019B5B69069300BF49
:10DEC400019B1B689B6803AA1046984700E000BFAB
:10DED40009B05DF804FB00B587B00190019B5A6955
:10DEE400019B9B69D31AB3F5805F28BF4FF480531D
:10DEF40005930422059BB3FBF2F3012B38BF0123E6
:10DF04000593019B1A69019B9B6913440493019B2C
:10DF1400DB681A46019B9B6913440393059A039992
:10DF24000498FFF756FF0346184607B05DF804FB54
:10DF340000B583B00190019BDA68019B1B6913440F
:10DF44001846FFF74AFF0346184603B05DF804FB82
:10DF540008B5034B03491846FBF775F900BF08BD24
:10DF6400982A0020C02A002008B5084B0849184602
:10DF7400FBF752F90346074A1360064B1B68002B54
:10DF840014BF01230023DBB2184608BD982A0020E1
:10DF9400C02A0020BC2A002000B583B0294B1B7A7C
:10DFA400002B0BD1FFF7E0FF034683F00103DBB244
:10DFB400002B03D0234B00225A6040E0214B022265
:10DFC4001A72214B1B681B79002B02D0012B07D03E
:10DFD4000DE01D4B1B681846FFF77DFF019009E01B
:10DFE400194B1B681846FFF7A3FF019002E00323B7
:10DFF400019300BF019B002B03D0019B112B0CD07C
:10E004000FE0104B1B7C83F00103DBB2002B15D017
:10E014000021022000F064F910E00A4B01221A7278
:10E024000DE0094B1B6803211846FFF715FF054B4C
:10E0340000221A72034B00225A6000E000BF03B0B2
:10E044005DF804FBA82A0020BC2A002000B583B098
:10E0540001210A48FFF7C5FE03460193019B002BEB
:10E0640008D1074B5B7C83F00103DBB2002B01D0AA
:10E07400FFF792FF00BF03B05DF804FBAC2A002059
:10E08400A82A002084B001901B4B0022DA60019B77
:10E094001B79002B02D0012B19D028E0019B5A696F
:10E0A400019B9B69D31AB3F5805F28BF4FF480535B
:10E0B4000393019B9A69039B1A44019B9A61019BF8
:10E0C4009A69019B5B699A420ED1012310E0019B7E
:10E0D4001B695A1C019B1A61019B1A69019B5B69AC
:10E0E4009A4203D1012303E000BF00E000BF0023F4
:10E0F400184604B0704700BFA82A002082B00190DF
:10E10400084BDB680133074AD360064BDB68082BF6
:10E1140004D9044B0022DA60012300E000231846EE
:10E1240002B07047A82A002000B583B00190009186
:10E134000C48FFF785FE0346002B0ED1019B0A4ACB
:10E144005A6002F0CFFD03461A46064B1A7407487C
:10E154001C238C220649FAF7EDFF0023184603B06E
:10E164005DF804FBA82A0020F4300300982A00205C
:10E174000C2A002000B583B00190009114220021E4
:10E18400054803F0E5FA054B1846FBF706F80023AB
:10E19400184603B05DF804FBA82A0020982A002042
:10E1A40000B587B00390029101920093174A04AB23
:10E1B40019461046FBF705F80590059B002B01D185
:10E1C40004231FE01C220021059803F0C1FA059BDB
:10E1D40000221A71059B039A1A60059B089A9A609B
:10E1E400059B029A1A61059B019ADA60059B009AC5
:10E1F4005A61064A04AB19461046FAF7F9FFFFF7CD
:10E2040025FF0023184607B05DF804FB982A002078
:10E2140000B585B00390029101920093029B009A8D
:10E224001946019803F062FA0023184605B05DF818
:10E2340004FB000000B587B00390029101920093A3
:10E24400184A04AB19461046FAF7BBFF0590059B24
:10E25400002B01D1042320E01C220021059803F0A7
:10E2640077FA059B01221A71059B039A1A60059B94
:10E27400009A9A604FF48052029BB3FBF2F2059B22
:10E28400DA60059B019A5A61064A04AB19461046A6
:10E29400FAF7AEFFFFF7DAFE0023184607B05DF881
:10E2A40004FB00BF982A002082B001900091009BDB
:10E2B400184602B0704782B00190009100231846BE
:10E2C40002B0704782B00190044B1B7A002B14BF3C
:10E2D40001230023DBB2184602B07047A82A0020AD
:10E2E40000B585B001900091254B1B7A012B33D0EA
:10E2F400022B41D100238DF80F30019B022B03D058
:10E30400019B032B09D011E01E4B1B681846FFF735
:10E31400B9FE03468DF80F3008E01A4B1B68184607
:10E32400FFF7ECFE03468DF80F3000BF9DF80F3069
:10E33400002B13D0124B00221A72124B1A68019B45
:10E34400022B01D1002300E00D2319461046FFF7EC
:10E3540083FDFFF7FDFD01E000BF00E000BF084BB7
:10E364005B7C83F00103DBB2002B02D0FFF714FEC9
:10E3740003E002F09BFC00E000BF05B05DF804FB85
:10E38400A82A0020BC2A002082B0034600918DF800
:10E394000730064B01225A74044B1B7A002B0CBF26
:10E3A40001230023DBB2184602B07047A82A0020DC
:10E3B40000B583B0034600918DF807309DF807300F
:10E3C400012B03D09DF80730032B0DD1084B0022FD
:10E3D4005A749DF80730012B0CBF01230023DAB2D5
:10E3E400034B1A74FFF7D8FD00BF03B05DF804FBBC
:10E3F400A82A002010B487B001900091019B009AD4
:10E4040053E8004F04EB020043E8000191F0000FD1
:10E41400F6D1059404900391049B184607B05DF867
:10E42400044B704710B487B001900091019B009A8F
:10E4340053E8004FA4EB020043E8000191F0000F01
:10E44400F6D1059404900391049B184607B05DF837
:10E45400044B704700B583B001900198FAF73EFF72
:10E464000346184603B05DF804FB00B58BB0019079
:10E474000091019B1B8A043B0793009A079B13445A
:10E48400DA1C079BB2FBF3F38DF81B300198FAF703
:10E494007DFF0590059B002B01D1002338E0059BEF
:10E4A40000221A71059B01225A71079B9AB2059B9F
:10E4B400DA80059B09939DF81B30013B0493099B6B
:10E4C400019A1A60002308931DE00198FAF75EFF91
:10E4D4000390039B002B0ED0059B5B790133DAB2CA
:10E4E400059B5A71099B039A1A60039B019A1A604F
:10E4F400039B099304E0059800F00EF8002307E05D
:10E50400089B01330893089A049B9A42DDD3059B28
:10E5140018460BB05DF804FB00B58BB00190019B6D
:10E524000793079B5B798DF81B30019B08939DF83B
:10E534001B30013B05930023099305E0089B1B68EE
:10E544000893099B01330993099A059B9A42F5D3D1
:10E55400089B1B680493019B0893002309930BE019
:10E56400089B1B68039308990498FAF757FF039BC9
:10E574000893099B013309939DF81B30099A9A4229
:10E58400EED300BF00BF0BB05DF804FB00B585B04F
:10E594000190019B0393039B043301211846FFF769
:10E5A40029FF00BF05B05DF804FB00B587B00190FA
:10E5B400019B0593059B043301211846FFF732FFA5
:10E5C4000346039303AB0493049B1B78002B02D1F3
:10E5D4000198FFF7A1FF00BF07B05DF804FB00003E
:10E5E40000B58DB00390029101920093039B0693B2
:10E5F400069BDB880593039B0B93009B1A1D059BCD
:10E60400B2FBF3F30A93009B0433059AB3FBF2F2D3
:10E61400059901FB02F29B1A0993009A019B1A4483
:10E62400059B1344DA1C059BB2FBF3F38DF81330FE
:10E63400069B5B799DF813209A420AD92849BA208F
:10E64400FAF7C8FC05E00B9B1B680B930A9B013B84
:10E654000A930A9B002BF6D100230893059A099B81
:10E66400D31A0793079A019B934228BF1346079333
:10E674002DE09DF83830002B0BD0029A089BD0185F
:10E684000B9A099B13440433079A194603F02EF896
:10E694000AE00B9A099B1344181D029A089B134421
:10E6A400079A194603F022F8002309930B9B1B6871
:10E6B4000B93019A079BD31A0193089A079B13445F
:10E6C4000893059A019B934228BF13460793019B25
:10E6D400002BCED100BF00BF0DB05DF804FB00BF1E
:10E6E4002031030000B587B0059004910392029392
:10E6F40000230093029B039A04990598FFF770FF87
:10E7040000BF07B05DF804FB00B587B00590049125
:10E714000392029301230093029B039A04990598A0
:10E72400FFF75EFF00BF07B05DF804FB00BF704752
:10E7340000B583B001900091019B002B03D10849DF
:10E744003620FAF747FC019B9B68009A9A4202D252
:10E75400009B013300E00023184603B05DF804FB7E
:10E764007432030084B00190019B1B681B680393FF
:10E77400019B1B685B680293029A039B9A4203D332
:10E78400029A039BD31A06E0019B9A68039BD21A50
:10E79400029B13440133184604B0704700B585B09A
:10E7A4000190019B002B03D10D494920FAF712FC7B
:10E7B400019B1B681B680393019B1B685B680293A6
:10E7C40002990198FFF7B4FF0246039B93420CBFE2
:10E7D40001230023DBB2184605B05DF804FB00BF3B
:10E7E4007432030010B588B00190009100230793A0
:10E7F400019B002B03D156495420FAF7EBFB009BF5
:10E80400002B03D152495520FAF7E4FB00238DF87D
:10E814000F300DF10F031846F8F780FB0198FFF74E
:10E82400BDFF03468DF81B309DF81B3083F00103B8
:10E83400DBB2002B03D1019B1B7C002B7BD1019B02
:10E844001B685B680593019B1B685A68019B1C68E5
:10E8540011460198FFF76CFF034663609DF81B3077
:10E86400002B0AD0019B1B681A68019B1C68114687
:10E874000198FFF75DFF03462360019BDB68013BC2
:10E88400072B38D801A252F823F000BFB1E80200E8
:10E89400C1E80200FBE80200D3E80200FBE8020042
:10E8A400FBE80200FBE80200E5E80200019B5A686D
:10E8B400059B1344009A12781A702DE0019B5A6844
:10E8C400059B5B001344009A12881A8024E0019B84
:10E8D4005A68059B9B001344009A12681A601BE057
:10E8E400019B5A68059BDB00D118009BD3E90023E8
:10E8F400C1E9002310E0019B5B681946019BDB68BA
:10E90400059A02FB03F30B441846019BDB681A4685
:10E91400009902F0EBFE00BF0198FFF723FF04907B
:10E92400019B1B689B68049A9A4207D9019B1B6848
:10E93400049A9A6002E00423079300E000BF9DF864
:10E944000F301846F8F700FB079B184608B010BDB7
:10E954007432030010B588B00390029113468DF809
:10E96400073000230793039B002B03D145499620CE
:10E97400FAF730FB029B002B03D142499720FAF7A8
:10E9840029FB00238DF817300DF117031846F8F70B
:10E99400C5FA039800F078F8034683F00103DBB26C
:10E9A400002B63D0039B1B681B6806939DF80730FC
:10E9B40083F00103DBB2002B0AD0039B1B681A68A7
:10E9C400039B1C6811460398FFF7B2FE03462360BD
:10E9D400039BDB68013B072B37D801A252F823F0D5
:10E9E40005EA020015EA02004FEA020027EA0200E3
:10E9F4004FEA02004FEA02004FEA020039EA02003D
:10EA0400039B5A68069B13441A78029B1A702FE0E2
:10EA1400039B5A68069B5B0013441A88029B1A8066
:10EA240026E0039B5A68069B9B0013441A68029BCA
:10EA34001A601DE0039B5A68069BDB001344D3E96C
:10EA440000230299C1E9002312E0039B5B68194685
:10EA5400039BDB68069A02FB03F30B441946039BF2
:10EA6400DB681A46029802F041FE01E00523079391
:10EA74009DF817301846F8F767FA079B184608B050
:10EA840010BD00BF7432030000B585B00190019B36
:10EA9400002B04D10B4940F2B710FAF79BFA019B03
:10EAA4001B681B680393019B1B685B680293039AB2
:10EAB400029B9A420CBF01230023DBB2184605B027
:10EAC4005DF804FB7432030000B583B00190019B30
:10EAD400002B04D1054940F2C510FAF77BFA019BDB
:10EAE4001B689B68184603B05DF804FB743203008E
:10EAF40000B583B00190019B002B04D1064940F27C
:10EB0400CB10FAF767FA019B1B6800229A6000BFDA
:10EB140003B05DF804FB00BF7432030010B487B087
:10EB240001900091019B009A53E8004F44EA0200CF
:10EB340043E8000191F0000FF6D10594049003918D
:10EB4400059B184607B05DF8044B704710B487B0B6
:10EB540001900091019B009A53E8004F04EA0200DF
:10EB640043E8000191F0000FF6D10594049003915D
:10EB7400059B184607B05DF8044B704710B487B086
:10EB840001900091019B009A53E8004F04EA0200AF
:10EB940043E8000191F0000FF6D10594049003912D
:10EBA400049B184607B05DF8044B704700B583B06A
:10EBB400019001210198FFF7B1FF0346184603B005
:10EBC4005DF804FB00B583B0019000210198FFF7C4
:10EBD400BDFF0346184603B05DF804FB00B583B0DF
:10EBE400019000210198FFF7C9FF0346184603B0BE
:10EBF4005DF804FB82B00190019B9B6800229A603F
:10EC0400019B9B6800221A61019B9B6800225A6148
:10EC1400019B9B680022DA60019B9B6800225A607A
:10EC2400019B9B6800221A6000BF02B0704700007D
:10EC340000B589B00390029101928DF80330029BD4
:10EC4400002B03D137493B20FAF7C4F9019B002B71
:10EC540003D134493C20FAF7BDF99DF80330002B69
:10EC640009D0039B9B681846FFF7A0FF0346002BBF
:10EC740001D0112351E0039B9B68DA68039B9B68D6
:10EC84001B69D21A039B5B6801339A420DD1019B25
:10EC940000221A609DF80330002B04D0039B9B686C
:10ECA4001846FFF79BFF002337E0039B9B68DA6855
:10ECB400039B5B6813400793039B9B681A69039B40
:10ECC4005B6813400693079A069B9A4205D3039BFD
:10ECD4005A68079BD31A013306E0039B9B681A69A1
:10ECE400039B9B68DB68D31A0593019B1A68059BF9
:10ECF4009A4228BF1A46019B1A60039B1A68079B15
:10ED04001A44029B1A60039B9B68D968019B1A688A
:10ED1400039B9B680A44DA600023184609B05DF837
:10ED240004FB00BFC832030000B585B00190009118
:10ED3400019B5A68019B9B681969019B9B689B68AE
:10ED4400CB1A134401330393009A039B9A4201D9CB
:10ED5400042318E0019B9B689968019B9B68009AB7
:10ED64000A449A60019B9A68019B9B689268DA60E6
:10ED7400019B9B681846FFF725FF0346002B01D132
:10ED8400082300E00023184605B05DF804FB0000EA
:10ED940000B589B0039002910192029B002B03D12C
:10EDA40035497320FAF716F9019B002B03D1324938
:10EDB4007420FAF70FF9039B9B681846FFF7F6FED9
:10EDC4000346002B01D0112352E0039B5A68039B96
:10EDD4009B681969039B9B689B68CB1A1344013396
:10EDE4000593019B1A68059B9A4228BF1A46019B0A
:10EDF4001A60019B1B680793039B9B689A68039B9B
:10EE04005B6813400693039B5A68069BD31A01332D
:10EE14000493079A049B9A4212D9039B1A68069B8F
:10EE24001344049A0299184602F060FC079A049B62
:10EE3400D31A079300230693029A049B1344029364
:10EE4400039B1A68069B1344079A0299184602F01A
:10EE54004DFC039B9B689968019B1A68039B9B6804
:10EE64000A449A60039B9B681846FFF7B7FE002389
:10EE7400184609B05DF804FBC832030000B589B038
:10EE84000390029101928DF80330029B002B03D171
:10EE94003A499320FAF79EF8019B002B03D1374996
:10EEA4009420FAF797F89DF80330002B0AD0039BBF
:10EEB4009B6804331846FFF779FE0346002B01D004
:10EEC400112356E0039B9B689A68039B9B685B69CC
:10EED400D31A0793079B002B0ED1019B00221A60C3
:10EEE4009DF80330002B05D0039B9B680433184620
:10EEF400FFF774FE00233CE0039B9B685A69039B65
:10EF04005B6813400693039B9B689A68039B5B684A
:10EF140013400593059A069B9A4208D9019B1B68E6
:10EF2400079A9A4203D2019B079A1A6011E0059A44
:10EF3400069B9A420DD8039B5A68069BD31A013349
:10EF44000493019B1B68049A9A4202D2019B049A7F
:10EF54001A60039B1A68069B1A44029B1A60039B5F
:10EF64009B685969019B1A68039B9B680A445A6110
:10EF74000023184609B05DF804FB00BFC832030043
:10EF840000B58BB0039002910192029B002B03D138
:10EF94003C49C220FAF71EF8019B002B03D13949E2
:10EFA400C320FAF717F8039B9B6804331846FFF74E
:10EFB400FDFD0346002B01D011235EE0039B9B68FB
:10EFC4009A68039B9B681B69D31A0793019B1A6871
:10EFD400079B9A4228BF1A46019B1A60019B1B6833
:10EFE4000993039B9B681A69039B5B68134008930E
:10EFF400039B9B689A68039B5B6813400693069A7D
:10F00400089B9A4203D9069A089BD31A04E0039BEF
:10F014005A68089BD31A01330593099A059B9A42AF
:10F0240012D9039B1A68089B1344059A029918463F
:10F0340002F05CFB099A059BD31A099300230893F9
:10F04400029A059B13440293039B1A68089B13447A
:10F05400099A1946029802F049FB039B9B681969B7
:10F06400019B1A68039B9B680A441A61039B9B6873
:10F0740004331846FFF7B2FD002318460BB05DF8C1
:10F0840004FB00BFC832030000B585B001900091B5
:10F09400019B9B689A68019B9B681B69D31A039325
:10F0A400009A039B9A4201D9042314E0019B9B68B4
:10F0B4001969019B9B68009A0A441A61019B9A682A
:10F0C400019B9B6812695A61019B9B680433184633
:10F0D400FFF784FD0023184605B05DF804FB00002B
:10F0E40000B583B001900091019B002B03D110491E
:10F0F4005020F9F76FFF009B002B03D10C495120DE
:10F10400F9F768FF019B009A1A60019B1B681A6853
:10F11400019B5A60019B5A68019B1B685B689A4279
:10F1240002D1019B00225A6000BF03B05DF804FBCA
:10F134002C33030000B583B00190019B002B03D155
:10F1440014496320F9F746FF019B1B68002B03D188
:10F1540010496420F9F73EFF019B5B68002B14D033
:10F16400019B5B681A46019B1B689B6813441A4603
:10F17400019B5A60019B5A68019B1B685B689A4219
:10F1840004D1019B00225A6000E000BF03B05DF887
:10F1940004FB00BF2C33030000B585B00190019837
:10F1A40000F00EF80390039B002B01D0039B00E0BA
:10F1B400024B184605B05DF804FB00BF9C33030006
:10F1C40086B00190164B0593164B04931FE0049AE6
:10F1D400059BD31ADB10DA0F13445B10DB00059A8E
:10F1E40013440393039B1B680293029A019B9A4264
:10F1F40002D9039B04930AE0029A019B9A4203D228
:10F20400039B0833059302E0039B5B6804E0059AC3
:10F21400049B9A42DBD30023184606B0704700BF14
:10F22400B8360300A837030000B583B001900091FD
:10F23400019B1B681B6800990198984700BF03B0A5
:10F244005DF804FB00B583B00190019B1B685B680B
:10F254000198984700BF03B05DF804FB82B00190A9
:10F264000B468DF80330019B9DF803201A7200BFF2
:10F2740002B0704782B00190019B1B7A184602B01D
:10F28400704782B00190019B01225A7200BF02B004
:10F29400704782B00190019B00225A7200BF02B0F5
:10F2A400704782B00190019B5B7A184602B07047A8
:10F2B40010B487B001900091019B009A53E8004F6D
:10F2C40044EA020043E8000191F0000FF6D10594EE
:10F2D40004900391049B184607B05DF8044B7047F3
:10F2E40010B487B001900091019B009A53E8004F3D
:10F2F40004EA020043E8000191F0000FF6D10594FE
:10F3040004900391059B184607B05DF8044B7047C1
:10F3140000B583B0019001210198FFF7C9FF0346AE
:10F32400184603B05DF804FB00B583B001900021DA
:10F334000198FFF7D5FF0346184603B05DF804FBB8
:10F3440000B58BB00190364BFF229A60344B0022FB
:10F354001A60334B00225A60314B0022C3F8182440
:10F364002F4B0022C3F814242D4B002283F81C24B5
:10F374002C48FFF76FF80690069B002B01D0069BE4
:10F384004AE0294A294BD31ADB0805930023099341
:10F394003DE000230793002308931DE0099A089B8E
:10F3A4009A4216D0099BDB00204A13441B6803933E
:10F3B400089BDB001D4A13441B6802931422029924
:10F3C400039802F00FF90346002B02DD079B01337B
:10F3D4000793089B01330893089A059B9A42DDD34F
:10F3E400099A13465B0013449B001A46104B1344BE
:10F3F4000493049B00225A60099B9AB2049B1A80CE
:10F40400079B9AB2049B5A80099B01330993099A7A
:10F41400059B9A42BDD3002318460BB05DF804FB4C
:10F42400942B0020A8370300BC1903007C190300A7
:10F434002C210020024A034BD31ADB0818467047DC
:10F44400BC1903007C19030000B587B001900B467A
:10F454008DF803309DF80330002B23D0FFF7EAFF2B
:10F4640004900023059317E0059A13465B001344A8
:10F474009B001A460E4B13440393039B5B881A4666
:10F48400019B1B689A4204D1019B059A1A600023D0
:10F4940009E0059B01330593059A049B9A42E3D343
:10F4A400052300E00023184607B05DF804FB00BF05
:10F4B4002C21002000B585B001900B468DF8033057
:10F4C4009DF8032001AB11461846FFF7BDFF034624
:10F4D400002B07D1019BDB00054A13440393039BD4
:10F4E4001B6800E00023184605B05DF804FB00BF6C
:10F4F4007C19030084B001900B468DF80330019B06
:10F50400DB00174A134402939DF80330013B032B9D
:10F514001CD801A252F823F02DF5020035F50200A3
:10F524003DF5020047F5020002238DF80F3011E08B
:10F5340004238DF80F300DE0029B1B798DF80F30FA
:10F5440008E0029B5B798DF80F3003E000238DF80F
:10F554000F3000BF9DF80F30184604B0704700BF4D
:10F564007C19030086B001900023059300230493C3
:10F5740011E00722049B9A40019B1A40049B22FA43
:10F5840003F30393039A059B9A4201D9039B0593C2
:10F59400049B03330493049B092BEAD9059B184667
:10F5A40006B0704700B587B00390029113468DF8FA
:10F5B4000730029A13465B0013449B001A46164B0D
:10F5C40013440593059B9968039A13465B001344FF
:10F5D400072202FA03F3DB4301EA0302059B9A6064
:10F5E400059B99689DF8073003F00700039A1346BA
:10F5F4005B00134400FA03F341EA0302059B9A609B
:10F60400059B9B681846FFF7ADFF0246059B5A60B1
:10F6140000BF07B05DF804FB2C21002000B589B0C1
:10F624000390029111461A460B468DF80730134693
:10F634008DF8063000238DF81F309DF80630002B1E
:10F6440020D09DF8072002AB11461846FFF7FCFEB8
:10F654000346002B30D1029A13465B0013449B00EF
:10F664001A46184B13440593059B9968039A13464D
:10F674005B00134421FA03F3DBB203F007038DF8B4
:10F684001F3019E09DF8063083F00103DBB2002B34
:10F6940012D09DF8072002AB11461846FFF7D4FE9E
:10F6A4000346002B08D1029BDB00074A1344069350
:10F6B400069B9B798DF81F309DF81F30184609B0C2
:10F6C4005DF804FB2C2100207C19030000B589B0EF
:10F6D4004148FFF71DFE4148FFF71AFE404B5B68A7
:10F6E40007933F4B9B680493079A049B1340023390
:10F6F4009B003B4A1344043306931BE0079B0133EE
:10F704000793069B5B88C3F389139BB21A46069B37
:10F714001B88C3F389139BB213441A46079B1344F3
:10F724000793079A049B134002339B002C4A13440B
:10F7340004330693069B1B7803F00303DBB2002B10
:10F74400DCD00023059311E0079B5A1C0792049A0E
:10F754001340059A920069460A44214902339B00EA
:10F764000B445B681360059B01330593059B012BD8
:10F77400EAD99DF80030C3F30103DBB2012B0CD0AE
:10F78400022B14D1BDF80230C3F389139BB20333A7
:10F794009B08079A134407930FE0BDF80030C3F3A6
:10F7A4008313DBB21A46079B1344079305E00D4904
:10F7B40040F24D10F9F70EFC00BF0848FFF7B4FD06
:10F7C4000390039B002B02D0054A079B536000BFA4
:10F7D40009B05DF804FB00BFAC2F0020A82F002067
:10F7E400942B0020CC37030010B586B0039002910F
:10F7F40001920093039B1B0CADF81630BDF8164024
:10F80400FFF718FE03469C4204D323494FF4B27019
:10F81400F9F7E0FB009B5A1C089B1340BDF8162027
:10F824001E4902339B000B445A60009A089B134004
:10F8340002339B00194A134404330493039B1B09AA
:10F8440003F00103D9B2049A137861F382031370AD
:10F85400039B03F00703D9B2049A137861F3C50339
:10F864001370019B03F00F03D9B2049A138861F358
:10F8740089131380029BC3F31501049A136861F37F
:10F884009F231360049A1378012161F30103137019
:10F8940000BF06B010BD00BFCC370300942B00207E
:10F8A40000B58BB001900091019B023308930223B1
:10F8B400079301238DF81B3000238DF80F300DF1D1
:10F8C4000F031846F7F72AFB214B1A68009B1A60AE
:10F8D4001F4B9A681E4B59681D4B1B68CB1A134467
:10F8E40001330993089A079B134405930BE0FFF730
:10F8F400EDFE174B9A68164B5968154B1B68CB1ACB
:10F90400134401330993059A099B9A42EFD8104B8B
:10F914001A680F4B9B68134002339B000C4A134434
:10F9240004330493049A137843F003031370084BCD
:10F934001A68089B1344064A13609DF80F30184652
:10F94400F7F702FB9DF81B3018460BB05DF804FB7B
:10F95400942B002000B58BB0059004910392029380
:10F964001E4B9B68079306AB19460298FFF798FF56
:10F974000346002B24D0069B0233099300230893EB
:10F9840011E0089B9B00039A1A44099B591C099196
:10F9940007990B401268114902339B000B445A60CB
:10F9A400089B01330893089A029B9A42E9D3069A6A
:10F9B400079B00931346029A04990598FFF714FFD6
:10F9C400064B93F81C34002B04D000F063F8034674
:10F9D400002BFAD100BF0BB05DF804FB942B002080
:10F9E40000B583B001900091002300220099019892
:10F9F400FFF7B0FF00BF03B05DF804FB00B587B0AC
:10FA0400039002910192019B059305AA0123029997
:10FA14000398FFF79FFF00BF07B05DF804FB00B534
:10FA240087B00390029101920093019B0493009B81
:10FA3400059304AA022302990398FFF78BFF00BFE2
:10FA440007B05DF804FB00B589B003900291019200
:10FA54000093019B0493009B05930A9B06930B9BC5
:10FA6400079304AA042302990398FFF773FF00BFC6
:10FA740009B05DF804FB0000054B5A68044B1B6891
:10FA84009A420CBF01230023DBB21846704700BF23
:10FA9400942B002000B59BB0FFF7EEFF0346002B2C
:10FAA40001D00023D2E19C4B0022C3F81824BFF3F9
:10FAB4004F8F00BF984B5B681993974B9B681193CA
:10FAC400199A119B134002339B00934A1344043345
:10FAD40018930023179300231693002315931BE018
:10FAE400199B01331993189B5B88C3F389139BB249
:10FAF4001A46189B1B88C3F389139BB213441A46F6
:10FB0400199B13441993199A119B134002339B00B8
:10FB1400814A134404331893189B1B7803F003039E
:10FB2400DBB2002BDCD00023149311E0199B5A1C88
:10FB34001992119A1340149A920002A90A44764920
:10FB440002339B000B445B681360149B01331493D2
:10FB5400149B012BEAD99DF8083003F00303DBB2B0
:10FB6400022B40F09C80BDF80A30C3F389139BB28A
:10FB74000F93BDF80A30C3F389139BB2502B28BFEF
:10FB840050239BB20E930E9BC3F309039AB2BDF8A4
:10FB94000A3062F38F13ADF80A300E9B08330D93CD
:10FBA4009DF80830C3F3C203DBB215930D995B488B
:10FBB400FEF75BFC1790179B002B00F0E080179872
:10FBC400FEF7E4FC02A9169B08221798FEF78AFDAB
:10FBD400169B08331693199BDA43119B1340013388
:10FBE4009B000C930E9A0C9B9A4242D90C9B002BBF
:10FBF40008D0199A119B134002339B00464A1344C0
:10FC0400043300E0464B0A930C9B002B02D00C9B60
:10FC1400DBB201E00E9BDBB28DF827300C9B002B8E
:10FC240001D03F4B00E0002308930C9B002B06D02F
:10FC34000E9BDAB20C9BDBB2D31ADBB200E00023DA
:10FC44008DF81F309DF82720169B0A991798FEF708
:10FC540049FD9DF82730169A13441693089B002BF0
:10FC640016D09DF81F20169B08991798FEF73AFDA9
:10FC74000EE0199A119B134002339B00264A134449
:10FC840004330B93169B0E9A0B991798FEF72AFDD3
:10FC94000F9B03339B08199A134419936FE09DF843
:10FCA400083003F00303DBB2012B5AD1BDF808304E
:10FCB400C3F38313DBB2062B28BF0623DAB2BDF8E5
:10FCC400083062F38913ADF80830BDF80830C3F387
:10FCD4008313DBB2023310939DF80830C3F3C203DD
:10FCE400DBB21593109B9B0019460C48FEF7BDFB35
:10FCF4001790179B002B42D01798FEF747FC02A9D8
:10FD0400169B08221798FEF7EDFC169B08331693F2
:10FD1400002314931BE000BF942B0020A83703009A
:10FD2400A02B0020199B5A1C1992119A13400233DC
:10FD34009B00484A1344191D169B04221798FEF78A
:10FD4400D1FC169B04331693149B01331493BDF812
:10FD54000830C3F38313DBB21A46149B9342E1D3F6
:10FD64000DE09DF8083003F00303DBB2032B06D14A
:10FD7400384BD3F81834002B01D1002366E0179BCD
:10FD8400002B5DD0334BD3F810341393314BD3F89D
:10FD94001834002B39D01798FEF707FC50E00023E5
:10FDA4008DF84B301398FFF77CFA0346002B21D0D3
:10FDB4001398FFF75FFA03468DF81E30039A134633
:10FDC4005B0013449B001A46234B13449B68069321
:10FDD4009DF81E2013465B001344069A22FA03F38F
:10FDE40003F007030593059A159B9A4202D3012356
:10FDF4008DF84B309DF84B30002B03D01799139896
:10FE0400FFF712FA139B5B681393139B002BC6D165
:10FE14001798FEF7CAFB00238DF807300DF107038E
:10FE24001846F7F77BF80B4BD3F81834002B02D1A4
:10FE3400084A199B53609DF807301846F7F784F871
:10FE4400FFF71AFE034683F00103DBB218461BB02A
:10FE54005DF804FB942B00202C21002000B585B014
:10FE64000023039322E0164BD3F8103402930123AA
:10FE74008DF807300EE00298FFF7FCF903461A46A6
:10FE8400039B934203D100238DF8073005E0029BC6
:10FE94005B680293029B002BEDD19DF80730002B89
:10FEA40001D0039B07E0039B01330393039B092BBE
:10FEB400D9DD4FF0FF33184605B05DF804FB00BFF1
:10FEC400942B002000B587B001900B468DF80330C9
:10FED400FFF7C4FF0490049BB3F1FF3F01D1049BDF
:10FEE40047E0049BDBB219460198FFF7B7F9234BAF
:10FEF400D3F81034002B07D1204A019BC2F81034E8
:10FF0400019B00225A600AE01C4BD3F810345A6853
:10FF1400019B5A60194BD3F81034019A5A6000239C
:10FF240005931FE00498002300220599FFF776FB50
:10FF340003468DF80F309DF803209DF80F3093424F
:10FF440028BF13468DF80E300198FFF793F9034646
:10FF540018469DF80E301A460599FFF723FB059BBA
:10FF640001330593FFF766FA0246059B9342D9D302
:10FF7400049B184607B05DF804FB00BF942B0020D7
:10FF840000B583B00C4BD3F8103401930A4B012213
:10FF940083F81C2408E00198FFF773F90198FFF730
:10FFA40051F9019B5B680193019B002BF3D100BFC6
:10FFB40000BF03B05DF804FB942B002082B00190D5
:10FFC400019B9B6893F83D31C3F34003DBB2002BE4
:10FFD40014BF01230023DBB2184602B070470000AF
:10FFE40010B58CB0079006910592FFF723FA0A909A
:0CFFF400079BDB681B7A0993079BDB6806
:020000023000CC
:100000001846FFF750F9034683F00103DBB2002BDB
:1000100004D02C4A02210798FBF7DEFF2A4B2B4A1B
:1000200008210798FBF7D8FF294A08210798FBF712
:10003000D3FF00230B933CE0012301220B99099885
:10004000FFF7EEFA03468DF82330002301220B99C7
:100050000998FFF7E5FA03468DF822309DF8223023
:10006000032B28BF03238DF8213001210B98FFF7C4
:1000700023FA04469DF82330164A52F823309DF89F
:100080002120144951F822209DF821009DF82210CA
:10009000884201D2104900E0104902910192009378
:1000A00023460F4A08210798FBF796FF0B9B013365
:1000B0000B930B9A0A9B9A42BED300BF00BF0CB0B1
:1000C00010BD00BF5C380300703803007C380300AB
:1000D0009C38030034220020CC380300D0380300C1
:1000E000D438030000B587B001900091FFF7A4F960
:1000F00004900023059313E000210598FFF7DCF935
:10010000039020220199039801F06EFA0346002B18
:1001100003D1009B059A1A6006E0059B0133059305
:10012000059A049B9A42E7D3059A049B9A4214BF0E
:1001300001230023DBB2184607B05DF804FB00B5CD
:1001400087B00390029113468DF8073000230022F8
:1001500002990398FFF764FA03468DF817309DF86B
:1001600007209DF817309A4201D9002307E09DF837
:1001700007301A4602990398FFF716FA012318462A
:1001800007B05DF804FB000000B58BB0039002914E
:100190000192039BDB681B7A059300238DF81B30CB
:1001A000029B002B00F0C680019B1B686349184628
:1001B00001F052FA0346002B39D1029B012B05D1E5
:1001C0005F4A02210398FBF707FFB3E0029B022B73
:1001D00002D101238DF81B300023079310E0019B0F
:1001E00004331868574A079B52F823300A221946ED
:1001F00001F0FAF90346002B06D0079B0133079361
:10020000079B042BEBD900E000BF079B052B08D10F
:10021000019B04331B684C4A02210398FBF7DCFE68
:1002200088E0079B8DF82730022308931CE0019B90
:100230001B684649184601F00FFA0346002B0BD104
:10024000029B012B02D101238DF81B3000238DF876
:1002500027300123089307E0019B1B683C4A0221D9
:100260000398FBF7B9FE65E09DF81B30002B23D007
:100270000023079319E09DF827301A46079905983F
:10028000FFF75DFF034683F00103DBB2002B09D0CB
:1002900000210798FFF710F903462E4A0221039820
:1002A000FBF79AFE079B01330793FFF7C5F8024659
:1002B000079B9342DFD33DE0089B079336E0002382
:1002C0000493079B9B00019A13441B6804AA1146E0
:1002D0001846FFF707FF034683F00103DBB2002B4C
:1002E00009D0079B9B00019A13441B681A4A0221FC
:1002F0000398FBF771FE049B9DF82720194605988B
:10030000FFF71DFF034683F00103DBB2002B0AD089
:10031000049B00211846FFF7CFF803460D4A02213F
:100320000398FBF759FE079B01330793079A029B3B
:100330009A42C4D30BB05DF804FB00BFEC38030055
:10034000F4380300342200200C3903002C39030058
:10035000343903004C3903007039030000B583B011
:1003600001900091009B0022DA60009B00225A60FD
:10037000009B064A9A6001210198FFF79DF802460A
:10038000009B1A6000BF03B05DF804FB003B030054
:1003900082B001900091009B0022DA60009B002255
:1003A0005A60009B074A9A60019B042B04D8064AB6
:1003B000019B52F8233000E00023009A136000BF35
:1003C00002B07047003B03004822002000B585B012
:1003D000039002910192039BDB681846FEF75BFFD6
:1003E00000BF05B05DF804FB00B585B00390029135
:1003F0000192039BDB681846FEF745FF00BF05B07E
:100400005DF804FB00B587B0059004910392049B4E
:10041000012B05D00598FFF7D3FD0346002B05D02F
:10042000002200210598FBF707FF0DE0039B1A68E7
:10043000039B04331B680193054B00931346054A45
:1004400002210598FBF7C8FD07B05DF804FB00BF6B
:10045000C43A0300B83A030010B582B0019000918D
:10046000019BDB7983F00103DBB2002B28D0019BD9
:100470001B7A002B12D0019B9B881A46019B9B790B
:1004800019461046FFF738F803461A460E4B53F844
:1004900022301A460D490098FDF728F8019B9B79F8
:1004A0001A460B4B53F82240019B9B8800211846AB
:1004B000FFF702F80346224606490098FDF716F8B2
:1004C00000BF02B010BD00BF70220020F03B03004F
:1004D0005C220020F43B030000B585B0039002913C
:1004E00013468DF80730039BDB7983F00103DBB201
:1004F000002B0FD0039B1B7A002B06D00D4B1B68E3
:100500001A460D490298FCF7F1FF0C490298FCF7D6
:10051000EDFF07E09DF80730002B03D00749029854
:10052000FCF7E4FF0298FCF7BFFF00BF05B05DF8E1
:1005300004FB00BF70220020F03B0300003C0300DE
:1005400030B58BB007900691059204930E9B1B7BF0
:100550008DF827300E9B00221A730E990498FFF72E
:100560007BFF059B062B7FD801A252F823F000BF2A
:100570008D05030097050300A7050300BB050300D5
:10058000D9050300010603003106030007990E9800
:10059000FCF7ACFF69E0069B1B681A4607990E98AA
:1005A000FCF7A4FF61E0069B1A68069B04331B68F6
:1005B00007990E98FCF79AFF57E0069B1A68069B6E
:1005C00004331968069B08331B6800930B46079990
:1005D0000E98FCF78BFF48E0069B1968069B0433D6
:1005E0001868069B08331B68069A0C321268019241
:1005F000009303460A4607990E98FCF777FF34E00C
:10060000069B1868069B04331C68069B08331B680E
:10061000069A0C321268069910310968029101920B
:1006200000932346024607990E98FCF75FFF1CE0F3
:10063000069B1C68069B04331D68069B08331B68D9
:10064000069A0C321268069910310968069814301F
:10065000006803900291019200932B46224607996D
:100660000E98FCF743FF00E000BF00220E990498AB
:10067000FFF732FF0E9B9DF827201A7300BF0BB0C7
:1006800030BD00BF00B587B0039002910192009386
:10069000029B082B5CD8009B1B7B8DF81330009BC2
:1006A00000221A7300990198FFF7D6FE00230593E4
:1006B00014E0059A029B9A4209D2039A059B1344BF
:1006C0001B781A4624490098FCF710FF03E02349E1
:1006D0000098FCF70BFF059B01330593059B072B47
:1006E000E7D91F490098FCF701FF0023059322E09A
:1006F000059A029B9A4217D2039A059B13441B78D2
:100700008DF812309DF81230184601F0B4F8034607
:10071000002B02D09DF8123000E02E231A4611491A
:100720000098FCF7E3FE03E00F490098FCF7DEFEBB
:10073000059B01330593059B072BD9D9012200990D
:100740000198FFF7C9FE009B9DF813201A7300E083
:1007500000BF07B05DF804FB043C03000C3C030041
:10076000103C0300143C0300183C030082B0034615
:100770008DF807309DF8073003F01F0205499DF9F9
:1007800007305B09012000FA02F241F8232000BF84
:1007900002B0704700E100E082B003468DF80730F8
:1007A0009DF8073003F01F0206499DF907305B09E9
:1007B000012000FA02F2203341F8232000BF02B0EA
:1007C000704700BF00E100E082B0034600918DF861
:1007D00007309DF90730002B0CDA009BDAB20C4988
:1007E0009DF8073003F00F03043B5201D2B20B44D3
:1007F0001A7609E0009BDAB206499DF907305201EA
:10080000D2B20B4483F8002300BF02B0704700BF90
:1008100000ED00E000E100E082B003468DF8073013
:100820009DF90730002B0BDA0B4A9DF8073003F0D7
:100830000F03043B13441B7EDBB25B09DBB208E011
:10084000064A9DF90730134493F80033DBB25B0985
:10085000DBB2184602B0704700ED00E000E100E0B6
:1008600000B583B00190019B002B03D10449C42043
:10087000F8F7B2FB019B5B68184603B05DF804FB18
:100880001C3C030010DF704700BF184611DF7047A3
:1008900000BF184682B003468DF807309DF9073037
:1008A0001F2B0CDC9DF907300F4A22FA03F303F0EB
:1008B0000103002B14BF01230023DBB210E09DF9DC
:1008C00007303F2B0BDC9DF90730203B012202FA59
:1008D00003F3002B14BF01230023DBB200E001234C
:1008E000184602B0704700BFFC06FFBD82B0019001
:1008F000019B072B01D900230BE0019B002B05D0A6
:10090000019B012B02D0019B042B01D1002300E0AD
:100910000123184602B0704700B583B003468DF836
:1009200007309DF907301846FFF7B4FF0346002B48
:1009300002D142F201032EE09DF907301846FFF77D
:100940006BFF03461846FFF7D1FF0346002B02D189
:1009500042F202031FE0124B9B68002B15D09DF959
:1009600007305B090E4A52F823209DF8073003F048
:100970001F03012101FA03F319469DF907305B09B2
:100980000A43074941F8232004E09DF9073018463F
:10099000FFF7ECFE0023184603B05DF804FB00BF30
:1009A000E028002000B583B003468DF807309DF99C
:1009B00007301846FFF76EFF0346002B02D142F2C4
:1009C00001031FE0114B9B68002B15D09DF90730E8
:1009D0005B090E4A52F823109DF8073003F01F03FD
:1009E000012202FA03F3DA439DF907305B090A405A
:1009F000064941F8232004E09DF907301846FFF727
:100A0000CBFE0023184603B05DF804FBE02800206D
:100A100000B583B0034600918DF807309DF907308B
:100A20001846FFF737FF0346002B02D142F20103BD
:100A30000FE00098FFF75AFF0346002B02D142F265
:100A4000020306E09DF9073000991846FFF7BCFE47
:100A50000023184603B05DF804FB000000B587B022
:100A600003468DF8073002AB14491846FEF73AFBEF
:100A700017E002AB1846FFF7F3FE0590059B1B68D5
:100A80000493059B59689DF80720049B10469847DE
:100A90000346002B01D111230BE002AB1846FEF7F1
:100AA0004BFB02AB1846FFF7DBFE0346002BE0D101
:100AB0000023184607B05DF804FB00BFD03C0300DC
:100AC00000B587B003468DF8073002AB11491846D0
:100AD000FEF708FB12E002AB1846FFF7C1FE0590D7
:100AE000059B1B680493059B59689DF80720049B90
:100AF0001046984702AB1846FEF71EFB02AB18469D
:100B0000FFF7AEFE0346002BE5D100BF00BF07B0E4
:100B10005DF804FBDC3C030000B583B01620FFF752
:100B2000FBFE0190019B0093009B002B04D0044A24
:100B300099210098F5F754FA00BF03B05DF804FB63
:100B4000783C030000B583B01620FFF72BFF01901F
:100B5000019B0093009B002B04D0044AA521009820
:100B6000F5F73EFA00BF03B05DF804FB783C0300E4
:100B700000B585B007211620FFF74AFF0390039BBD
:100B80000293029B002B04D00B4AB8210298F5F780
:100B900027FA07211520FFF73BFF0390039B0193E2
:100BA000019B002B04D0044ABA210198F5F718FAEA
:100BB00000BF05B05DF804FB783C030000B583B0CE
:100BC0001B4B1B78002B01D008232CE0194B012272
:100BD0001A700020FFF742FF0346112B01D10023BA
:100BE00021E00020FFF76CFF134B1B6800936B465E
:100BF00012491846FFF746FE0190019B002B01D0D9
:100C0000019B10E00A4B01221A700A4B00221A7055
:100C10000B4B00221A70FFF7ABFFFFF77DFF01209F
:100C2000FFF74EFF0023184603B05DF804FB00BF3A
:100C3000B42F0020B62F0020CC3C0300AD60020092
:100C4000B52F002000B583B0174B1B7883F001034C
:100C5000DBB2002B01D0082321E0144B01221A70D3
:100C60000120FFF7FBFE0346112B01D1002316E004
:100C70000220FFF725FFFFF709FE0190019B002BE3
:100C800001D0019B0BE0084B00221A70074B002299
:100C90001A70FFF757FF0320FFF712FF00231846D3
:100CA00003B05DF804FB00BFB42F0020B62F002076
:100CB00008B50B4B1B7883F00103DBB2002B01D08E
:100CC00008230AE0074B1B78002B03D0FFF7BAFF7D
:100CD000034602E0FFF772FF0346184608BD00BF57
:100CE000B62F0020B42F0020014B1B781846704708
:100CF000B42F002000B585B06B4611491846FEF7A9
:100D0000F1F910E06B461846FFF7AAFD0390039B2C
:100D10001B680293039B5A68029B104698476B46D8
:100D20001846FEF709FA6B461846FFF799FD034689
:100D3000002BE7D100BF00BF05B05DF804FB00BF8A
:100D4000E83C030008B5FFF7D5FF00BF08BD60DF32
:100D5000704700BF184669DF704700BF184661DF63
:100D6000704700BF1846000000B583B00190019B9A
:100D7000002B03D10449C420F8F72EF9019B5B68CE
:100D8000184603B05DF804FBF43C030082B0019008
:100D9000019B002B01D10E2304E0044B1A46019B5A
:100DA0001A600023184602B0704700BFE020002000
:100DB00010B586B0034600918DF807300098FFF714
:100DC000E5FF0590059B002B01D0059BCEE002AB13
:100DD0000C220021184600F0BDFC9DF807308DF86C
:100DE000083001238DF80A300323ADF80C30009B46
:100DF0001A6802AB19462020FFF7ADFF0590059B4E
:100E0000002B11D05B4B5B68002B0DD0594B1B881E
:100E10001B0443F001040598FEF7C0F903461A4687
:100E200055492046FEF7ECFD02AB0C220021184686
:100E300000F090FC00238DF8083000238DF8093075
:100E400000238DF80A30009B1A6802AB1946402037
:100E5000FFF781FF0590059B002B11D0454B5B6888
:100E6000002B0DD0434B1B881B0443F00104059855
:100E7000FEF794F903461A4640492046FEF7C0FDA6
:100E800002AB0C220021184600F064FC00238DF810
:100E90000830009B1A6802AB19460120FFF75BFF80
:100EA0000590059B002B11D0324B5B68002B0DD0B9
:100EB000304B1B881B0443F001040598FEF76EF9C4
:100EC00003461A462E492046FEF79AFD02AB0C2235
:100ED0000021184600F03EFC4FF4B0630293009BE3
:100EE0001A6802AB1946A120FFF735FF0590059B54
:100EF000002B11D01F4B5B68002B0DD01D4B1B88A6
:100F00001B0443F001040598FEF748F903461A460E
:100F10001C492046FEF774FD02AB0C220021184646
:100F200000F018FC9DF8083023F001038DF808301C
:100F3000009B1A6802AB1946A020FFF70CFF059032
:100F4000059B002B11D00B4B5B68002B0DD0094B80
:100F50001B881B0443F001040598FEF71FF90346A4
:100F60001A4609492046FEF74BFD0023184606B0F5
:100F700010BD00BF5C210020543D03009C3D0300D8
:100F8000E83D0300343E0300883E030082B04FF08A
:100F90008053D3F80C319B020193019B03F1005362
:100FA000184602B07047000010B584B00190019B54
:100FB0001B6803930198FFF7CAFE0290019B1B6810
:100FC000039A9A4222D01E4B5B68012B0AD91C4B14
:100FD0001B881B0443F00200019B1B68039A1949FC
:100FE000FEF71FFD164B5B68012B0FD9144B1B88B6
:100FF0001B0443F00204FFF7C9FF0246019B1B6874
:10100000D31A1A4610492046FEF7FAFC029B002B21
:1010100011D00B4B5B68002B0DD0094B1B881B04B8
:1010200043F001040298FEF7B9F803461A4607494F
:101030002046FEF7E5FC029B184604B010BD00BF39
:101040005C210020DC3E03000C3F0300303F030026
:1010500000B599B001903823ADF84E300DF14E0235
:1010600003AB11461846FFF77AFE1790179B002B2B
:1010700003D0179B052B22D127E003AB169311ABAE
:1010800014491846FEF72EF811E011AB1846FFF789
:101090006BFE1590159B1B681493159B5A68149B47
:1010A00011461698984711AB1846FEF745F811AB54
:1010B0001846FFF759FE0346002BE6D1CBE7064A58
:1010C00040F221111798F4F78BFF00BF19B05DF8BB
:1010D00004FB00BFA83F0300503F030000B583B0EE
:1010E0000190019B002B03D10449C420F7F774FF42
:1010F000019B5B68184603B05DF804FBB43F030036
:1011000048DF704700BF184600B589B0019004ABB6
:101110001846FFF7F5FF0790079B002B03D0079BAE
:10112000052B20D124E002AB13491846FDF7DAFF66
:1011300011E002AB1846FFF7D1FF0690069B1B6833
:101140000593049A069B5968059B1046984702AB85
:101150001846FDF7F1FF02AB1846FFF7BFFF034645
:10116000002BE6D1D3E7054A6B210798F4F738FF47
:1011700000BF09B05DF804FB6C400300144003009D
:1011800000487047B82F00202DE9F84390460F46DD
:10119000054681464C46267866B104F10109304681
:1011A00000F059FB0028F5D12D2E05D02B2E01D1B2
:1011B000012602E0012601E000264C466946204651
:1011C000424600F023F827B10099A14218BF0D460E
:1011D0003D605EB10028A8BFBDE8F88300F07AF852
:1011E000032101606FF00040BDE8F883B0F1004FCB
:1011F000FAD000285CBF4042BDE8F88300F06AF8EE
:10120000032101604FF00040BDE8F8832DE9F0476D
:101210001446884681460130824610F8017CBFB1F1
:10122000384600F018FB00280AF10100F4D1302FF5
:101230000ED110F8017C07F0DF0158290DD16FF0B5
:1012400010010C420CD1102410F8017B012508E09C
:10125000002C08BF0A24012504E0002C08BF082444
:10126000002582463846214600F04EF90027002826
:1012700018D40026002507FB040106FB04F000EB50
:101280001146300C1AF8010B18BF01258FB2214608
:1012900000F03AF90028EEDA3004B5FA85F1490990
:1012A000002501E000200121B8F1000F05D0002D3C
:1012B00008BFAAF10109C8F8009000291CBF3843F3
:1012C000BDE8F08700F006F803210160081FBDE8C3
:1012D000F087000000B50249FFF752FF084400BD47
:1012E000080000002DE9F04FC9B05FEA0209039041
:1012F00000F007819B460B29C9F10008C0F0C180AE
:10130000299001910991500004900120013809A908
:10131000029051F8207029A951F820607042059080
:101320000796791001FB09F530460C4601FB09666A
:101330000697F9074F4618BF00273146D8470128BE
:1013400008DB484607994A5D0B780A704B55013116
:101350000138F8D10897E81B06EB000A30465146E1
:10136000D847012827461BDB07985146D847012854
:101370000CDB04987843DDE90721401A4946135CE9
:1013800014781370145401320139F8D1504649468B
:101390003278037806F8013B00F8012B0139F7D1C8
:1013A0004FF0FF3000EB470009FB00F00AEB0807A5
:1013B000DDE90761A0EB010A50464946325C735DE6
:1013C00072553354013501300139F7D134463E4668
:1013D00008944C44002560193946D84700284D44EC
:1013E000F9D408984419464430463946D84700286D
:1013F000F9DCA64208D90020315C225C2154325429
:1014000001308145F8D1E3E748462146DDE906761B
:1014100016F80A200B7801F8012B06F80A300AF1B9
:10142000010A0138F4D10598089908442844B0FB12
:10143000F9F1781A4F1E874205DD0A280BDC0A2FC6
:101440003FF76FAF18E00A2F13DC0A28264607463D
:101450003FF764AF10E031463A4626460746029809
:1014600009AB43F8202029AA42F82010013002904D
:1014700054E721460246F2E7029800287FF446AF7F
:101480000199481E00FB09F101293ADB039E00FB8C
:1014900009600890B9F1010FCA4698BF4FF0010AE0
:1014A00006EB090C644606EB0905039886423746AD
:1014B00008D338462946D847012803DB4744039818
:1014C0008742F6D207EB09000021A44622466F1896
:1014D00007EB080383426B5C08D30027F45DD45507
:1014E000A7EB0907F4198442F8D217443B70013680
:1014F000013201315145EAD1CC44089885422E464B
:10150000D0D349B0BDE8F08F38B50C46054600F0A1
:1015100092F910B1A5F130000FE0284600F07BF9F8
:1015200010B1A5F1570008E0284600F064F9010069
:1015300014BFA5F137004FF0FF30A042A8BF4FF015
:10154000FF3038BD082938BF7047416042F6B87196
:10155000C2F200010860002101607047884211D288
:101560008446042A06D351F8043B4CF8043B043A61
:10157000032AF8D80AB311F8013B0CF8013B013AF1
:10158000F9D1704719D9042A09D38B1800EB020C42
:1015900053F8043C4CF8043C043A032AF5D81144AF
:1015A0008318002A08BF7047A3F1010C013911F814
:1015B00001390CF80139013AF9D170470178002955
:1015C00004BF0020704700214FF001324358C2FA97
:1015D00053F30431002BF9D093FAA3F0B0FA80F062
:1015E00001EBD000043870479AB391F800C003783B
:1015F00063451CBFA3EB0C00704753B310B5042A1E
:1016000012D34FF0013CD0F800E00B689E450BD19F
:10161000CCFA5EF343B9043A04310430032AF2D819
:10162000002A04BF002010BD013A0ED001EB020CCD
:1016300000EB020E037843B10C78A34205D10131CF
:101640000130013AF6D17046614609780078401AB7
:1016500010BD0020704700004FF0013C50F8042BF3
:1016600051F8043B9A421ED1CCFA52F2DAB950F842
:10167000042B51F8043B9A4215D1CCFA52F292B99C
:1016800050F8042B51F8043B9A420CD1CCFA52F298
:101690004AB950F8042B51F8043B9A4203D1CCFAD2
:1016A00052F2002ADAD00438043910F8012B11F86C
:1016B000013BD21A01D1002BF7D11046704700BF71
:1016C0000246F0B44FF00137FB0151F8044BE51B23
:1016D000A5431D4002D142F8044BF6E70439F0BCA3
:1016E00011F8013B02F8013B002BF9D1704700BF14
:1016F0005AB3844690EA01039B071FD1830707D0A2
:1017000011F8013B00F8013B013AF7D11CE0844697
:10171000203A09D32DE9F007B1E8F807A0E8F80767
:10172000203AF9D2BDE8F0071C3205D451F8043B49
:1017300040F8043B043AF9D2043205D011F8013BD9
:1017400000F8013B013AF9D16046704700220B00D6
:1017500011001A0084465AB3830704D000F8011B15
:10176000013AF9D124E0C9B241EA012141EA01413B
:10177000202A11D3203A2DE9F0030B460C460D46E2
:101780000E460F4688468946A0E8FA03203AFBD267
:10179000BDE8F00320320BD0042A05D340F8041B27
:1017A000043A05D0042AF9D200F8011B013AFBD112
:1017B0006046704784460020002918BF002A00D1E7
:1017C0007047097848B2002844BF6FF001007047A5
:1017D000BCF1000F18BFCCF800100021C3E90011C4
:1017E000002818BF012070477F298EBF6FF00100CD
:1017F00001700120704742F6BC71C2F20001096815
:10180000002904BF42F29421C2F2000149688968AC
:101810000A680721104742F6BC71C2F2000109684C
:10182000002904BF42F29421C2F20001496889688C
:101830000A680621104742F6BC71C2F2000109682D
:10184000002904BF42F29421C2F20001496889686C
:101850000A680421104742F6BC71C2F2000109680F
:10186000002904BF42F29421C2F20001496889684C
:101870000A680821104742F6BC71C2F200010968EB
:10188000002904BF42F29421C2F20001496889682C
:101890000A68092110477F2884BF0020704744F25E
:1018A0008C22C0F20302515C44F20C22C0F203020B
:1018B000105C08407047A0F161011A2938BF203838
:1018C0007047A0F141011A2938BF40F0200070474D
:1018D0007F2884BF0020704744F28C22C0F20302AC
:1018E000515C44F20C22C0F20302105C08407047C5
:1018F000A0F161011A2938BF20387047A0F14101D9
:0A1900001A2938BF40F0200070479C
:10190C00000000009421030000000000A42103004B
:10191C0000000000B421030000000000C4210300FB
:10192C0000000000D421030000000000E4210300AB
:10193C0000000000F4210300000000004C2E030006
:10194C0000000000942E030000000000DC2E0300B9
:10195C0000000000EC2E030000000000242F030008
:10196C00000000006C2F030000000000783B030017
:10197C00C837030000000300F42803000000000037
:10198C00CC2F030000000000703C0300000003009B
:10199C00483D030000000300084003000000030062
:1019AC001032030000000000482703000000000074
:0819BC008DE3020000000000B1
:0819C400B5E302000000000081
:1019CC00511003000000000009110300000000008A
:0819DC00E5E20200000000003A
:1019E40000000000000000000000000000000000F3
:1019F40000000000000000000000000000000000E3
:101A040000000000000000000000000000000000D2
:081A14000000000000000000CA
:101A1C0000000000000000003D88020000000000F3
:041A2C0000000000B6
:101A300000000000000000000000000000000000A6
:101A40000000000000000000000000000000000096
:101A50000000000000000000000000000000000086
:101A60000000000000000000000000000000000076
:101A70000000000000000000000000000000000066
:101A80000000000000000000000000000000000056
:101A9000A8220020C82200203F00000008230020C8
:101AA000202300200F0000003023002000200040F1
:101AB000000000003030030048230020901A03008B
:101AC000A01A0300941A0300AC1A03006664732082
:101AD0006578616D706C653A7E2420002F686F6DAB
:101AE000652F736A6F2F64776D313030312D6578D3
:101AF000616D706C65732F6E5246355F53444B5F5A
:101B000031342E322E302F6578616D706C65732FF5
:101B10007065726970686572616C2F666C6173685C
:101B20005F6664732F636C692E630000FFFFFFFF25
:101B3000FFFFFFFFFFFFFFFFFFFFFFFF00000000B1
:101B4000000000000000D6010701000025733A20C4
:101B5000756E6B6E6F776E20706172616D65746506
:101B60007220272573270D0A5472792027257320A8
:101B70002D682720666F722068656C702E0D0A0034
:101B800025733A2077726F6E6720706172616D65A0
:101B900074657220636F756E742E0D0A547279200D
:101BA000272573202D682720666F722068656C706A
:101BB0002E0D0A0077726974696E67207265636F13
:101BC000726420746F20666C6173682E2E2E0D0A6D
:101BD00066696C653A20307825782C206B65793AF7
:101BE00020307825782C20222573222C206C656EDD
:101BF0003A2025752062797465730D0A0000000093
:101C00006572726F723A206664735F7265636F7299
:101C1000645F777269746528292072657475726EC5
:101C200065642025732E0D0A000000006572726F36
:101C3000723A206664735F7265636F72645F757079
:101C40006461746528292072657475726E656420FC
:101C500025732E0D0A0000006572726F723A2063C0
:101C60006F756C64206E6F742066696E6420636F9C
:101C70006E6669672066696C652E0D0A00000000BB
:101C800064656C6574696E67207265636F72642E3B
:101C90002E2E0D0A66696C653A20307825782C2046
:101CA0006B65793A20307825780D0A006572726F7D
:101CB000723A206664735F7265636F72645F646515
:101CC0006C65746528292072657475726E65642070
:101CD00025732E0D0A0000007265636F726420691F
:101CE000643A20307825780D0A0000006572726F22
:101CF000723A207265636F7264206E6F7420666F33
:101D0000756E64210D0A00007072696E7400000027
:101D10006572726F723A2043524320636865636B49
:101D2000206661696C6564210D0A00006572726F3E
:101D3000723A20756E65787065637465206572729D
:101D40006F722025732E0D0A000000006F6E0000D8
:101D50006F666600636F6E666967313A0925730DB9
:101D60000A636F6E666967323A0925730D0A626FFE
:101D70006F7420636F756E743A0925750D0A64657A
:101D800076696365206E616D653A0925730D0A00F9
:101D90007265632E206964090966696C652069644F
:101DA00009097265632E206B6579096C656E67742D
:101DB000680D0A0020307825303478090920307801
:101DC0002530347809092030782530347809092005
:101DD0002534752062797465730D0A007772697411
:101DE0006500000075706461746500007570646161
:101DF00074696E6720636F6E666967757261746976
:101E00006F6E3A2025732C2025732C20626F6F741F
:101E10005F636F756E743D25752C2064657669630C
:101E2000655F6E616D653D222573220D0A0000001D
:101E300064656C657465000064656C6574655F61FC
:101E40006C6C0000746F74616C2070616765733A2C
:101E50000925750D0A746F74616C207265636F7269
:101E600064733A0925750D0A76616C6964207265A0
:101E7000636F7264733A0925750D0A646972747927
:101E8000207265636F7264733A0925750D0A6C617F
:101E9000726765737420636F6E7469673A0925759C
:101EA0000D0A6672656561626C6520776F72647396
:101EB0003A09257520282575206279746573290DE6
:101EC0000A0000006572726F723A20676172626187
:101ED000676520636F6C6C656374696F6E207265F3
:101EE0007475726E65642025730D0A00616C6C0058
:101EF0007072696E7420616C6C207265636F7264BD
:101F0000730D0A75736167653A207072696E74208B
:101F1000616C6C00636F6E66696700007072696E59
:101F20007420636F6E66696775726174696F6E0D98
:101F30000A75736167653A207072696E7420636F09
:101F40006E666967000000007072696E74207265C9
:101F5000636F7264730D0A75736167653A207072FE
:101F6000696E7420616C6C7C636F6E6669670000DB
:101F700077726974652061207265636F72640D0AFF
:101F800075736167653A2077726974652066696C5C
:101F9000655F6964206B6579202264617461220D3C
:101FA0000A2D2066696C655F69643A0966696C652B
:101FB0002049442C20696E204845580D0A2D206B7D
:101FC00065793A097265636F7264206B65792C20BC
:101FD000696E204845580D0A2D20646174613A09E4
:101FE0007265636F726420636F6E74656E747300E4
:101FF00075706461746520636F6E66696775726180
:1020000074696F6E0D0A75736167653A2075706447
:10201000617465206F6E7C6F6666206F6E7C6F6684
:102020006620626F6F745F636F756E74206465768F
:102030006963655F6E616D650000000064656C65D5
:1020400074652061207265636F72640D0A75736137
:1020500067653A2064656C6574652066696C655FC8
:102060006964206B65790D0A2D2066696C655F696E
:10207000643A0966696C652049442C20696E2048E1
:1020800045580D0A2D206B65793A097265636F72A8
:1020900064206B65792C20696E204845580D0A0034
:1020A00064656C65746520616C6C207265636F7229
:1020B00064730D0A75736167653A2064656C6574B5
:1020C000655F616C6C0000006763000072756E20D4
:1020D0006761726261676520636F6C6C65637469C8
:1020E0006F6E0D0A75736167653A206763000000C3
:1020F00073746174000000007072696E74207374F0
:1021000061746973746963730D0A75736167653A05
:102110002073746174000000CC1A0300B41A030029
:1021200074230020A42100208C21002048210300DA
:102130000D000000C8240020B4240020040000008A
:1021400004000000010000005C260020D4240020D0
:10215000DC240020DC24002030000000EC1E030002
:10216000F01E03000000000069370200141F030086
:102170001C1F030000000000513602000000000098
:10218000000000000000000000000000000000004F
:102190005C210300081D0300481F03008C2103007D
:1021A00001360200DC1D0300701F03000000000068
:1021B00075380200E41D0300F01F0300000000005A
:1021C0003D390200301E03003C20030000000000E7
:1021D0005D3A0200381E0300A0200300000000004A
:1021E000CD3A0200C8200300CC200300000000000C
:1021F000B93B0200F0200300F820030000000000BB
:10220000113B02004644535F53554343455353002B
:102210004644535F4552525F4F5045524154494FD7
:102220004E5F54494D454F55540000004644535F9E
:102230004552525F4E4F545F494E495449414C49B3
:102240005A4544004644535F4552525F554E414CF7
:1022500049474E45445F4144445200004644535F61
:102260004552525F494E56414C49445F41524700E6
:102270004644535F4552525F4E554C4C5F41524766
:10228000000000004644535F4552525F4E4F5F4F7F
:1022900050454E5F5245434F524453004644535FAE
:1022A0004552525F4E4F5F53504143455F494E5F29
:1022B000464C4153480000004644535F4552525F2C
:1022C0004E4F5F53504143455F494E5F5155455511
:1022D000455300004644535F4552525F5245434FB9
:1022E00052445F544F4F5F4C41524745000000003D
:1022F0004644535F4552525F4E4F545F464F554ED2
:10230000440000004644535F4552525F4E4F5F50B9
:1023100041474553000000004644535F4552525F19
:10232000555345525F4C494D49545F5245414348CE
:10233000454400004644535F4552525F4352435F59
:10234000434845434B5F4641494C4544000000002B
:102350004644535F4552525F4255535900000000B6
:102360004644535F4552525F494E5445524E414C8C
:10237000000000004644535F4556545F494E49549F
:10238000000000004644535F4556545F575249547D
:10239000450000004644535F4556545F5550444144
:1023A000544500004644535F4556545F44454C5FD6
:1023B0005245434F524400004644535F4556545FD4
:1023C00044454C5F46494C45000000004644535F7D
:1023D0004556545F474300001B5B313B33326D452C
:1023E00076656E743A20257320726563656976653B
:1023F00064202825732900005265636F72642049A8
:10240000443A0930782530347800000046696C651C
:102410002049443A09307825303478005265636F9A
:102420007264206B65793A09307825303478000081
:1024300044656C6574696E67206E6578742072659A
:10244000636F72642E0000001B5B313B33366D4EB0
:102450006F207265636F726473206C65667420749C
:102460006F2064656C6574652E0000002F686F6DC9
:10247000652F736A6F2F64776D313030312D657839
:10248000616D706C65732F6E5246355F53444B5FC0
:1024900031342E322E302F6578616D706C65732F5C
:1024A0007065726970686572616C2F666C617368C3
:1024B0005F6664732F6D61696E2E630066647320BE
:1024C0006578616D706C65207374617274656421E8
:1024D00000000000496E697469616C697A696E6711
:1024E000206664732E2E2E00417661696C61626CE9
:1024F0006520636F6D6D616E64733A002D2070729C
:10250000696E7420616C6C09097072696E74207256
:1025100065636F72647300002D207072696E7420A1
:10252000636F6E666967097072696E7420636F6E9F
:1025300066696775726174696F6E00002D20757031
:1025400064617465090975706461746520636F6EF8
:1025500066696775726174696F6E00002D2073740F
:102560006174090973686F77207374617469737497
:10257000696373002D207772697465090977726940
:1025800074652061206E6577207265636F726400E8
:102590002D2064656C657465090964656C657465F6
:1025A0002061207265636F72640000002D206465F5
:1025B0006C6574655F616C6C0964656C657465203D
:1025C000616C6C207265636F726473002D206763A9
:1025D000090972756E206761726261676520636FB9
:1025E0006C6C656374696F6E000000005265616415
:1025F000696E6720666C617368207573616765201A
:10260000737461746973746963732E2E2E000000F5
:10261000466F756E642025642076616C6964207253
:1026200065636F7264732E00466F756E6420256457
:10263000206469727479207265636F7264732028F4
:10264000726561647920746F2062652067617262CF
:1026500061676520636F6C6C6563746564292E0027
:10266000436F6E6669672066696C6520666F756E7C
:10267000642C207570646174696E6720626F6F747A
:1026800020636F756E7420746F2025642E00000027
:1026900057726974696E6720636F6E66696720663A
:1026A000696C652E2E2E000010F010701422002090
:1026B000060000002F686F6D652F736A6F2F6477B7
:1026C0006D313030312D6578616D706C65732F6EB2
:1026D0005246355F53444B5F31342E322E302F63D8
:1026E0006F6D706F6E656E74732F6472697665724C
:1026F000735F6E72662F636F6D6D6F6E2F6E726695
:102700005F6472765F636F6D6D6F6E2E63000000A5
:102710002E2E2F2E2E2F2E2E2F2E2E2F2E2E2F2ED4
:102720002E2F636F6D706F6E656E74732F64726998
:10273000766572735F6E72662F68616C2F6E72665B
:102740005F6770696F2E6800756172740000000029
:102750002F686F6D652F736A6F2F64776D3130301E
:10276000312D6578616D706C65732F6E5246355FE3
:1027700053444B5F31342E322E302F636F6D706FA8
:102780006E656E74732F647269766572735F6E72B4
:10279000662F756172742F6E72665F6472765F75F4
:1027A0006172742E63000000534F465444455649ED
:1027B00043453A20415353455254494F4E204641D8
:1027C000494C454400000000534F46544445564987
:1027D00043453A20494E56414C4944204D454D4FC2
:1027E0005259204143434553530000004153534540
:1027F0005254494F4E204641494C45442061742073
:1028000025733A25750000004552524F5220257518
:10281000205B25735D2061742025733A25750000C7
:10282000554E4B4E4F574E204641554C54206174E7
:1028300020307825303858002F686F6D652F736A07
:102840006F2F64776D313030312D6578616D706C2C
:1028500065732F6E5246355F53444B5F31342E32D1
:102860002E302F636F6D706F6E656E74732F6C6991
:10287000627261726965732F7574696C2F61707013
:102880005F7574696C5F706C6174666F726D2E63D6
:10289000000000002F686F6D652F736A6F2F6477DB
:1028A0006D313030312D6578616D706C65732F6ED0
:1028B0005246355F53444B5F31342E322E302F63F6
:1028C0006F6D706F6E656E74732F6C69627261727A
:1028D0006965732F6664732F6664732E630000004E
:1028E000DEC0ADDEFF011EF1DEC0ADDEFE011EF179
:1028F0000000FFFF62616C6C6F6300002F686F6DFA
:10290000652F736A6F2F64776D313030312D6578A4
:10291000616D706C65732F6E5246355F53444B5F2B
:1029200031342E322E302F636F6D706F6E656E7482
:10293000732F6C69627261726965732F62616C6C6E
:102940006F632F6E72665F62616C6C6F632E6300E3
:1029500020756E6B6E6F776E20706172616D65743D
:1029600065723A20000000003A20636F6D6D616E61
:1029700064206E6F7420666F756E64002F686F6DD3
:10298000652F736A6F2F64776D313030312D657824
:10299000616D706C65732F6E5246355F53444B5FAB
:1029A00031342E322E302F636F6D706F6E656E7402
:1029B000732F6C69627261726965732F636C692F22
:1029C0006E72665F636C692E630000002563000011
:1029D000257300001B5B2564440000001B5B25641D
:1029E000430000001B5B2564410000001B5B256465
:1029F000420000000D0A2573257300005461622017
:102A000066756E6374696F6E3A20636F6D6D616E8B
:102A1000647320636F756E746572206F766572667D
:102A20006C6F7765642E0D0A000000000D0A257397
:102A3000000000000D0A6E6F74207465726D696E7F
:102A4000617465643A2025630D0A000025732573BF
:102A50000D0A00000D0A257325730D0A0000000001
:102A60002D6800002D2D68656C700000506C65614C
:102A70007365207370656369667920737562636F2F
:102A80006D6D616E642E0D0A000000000D0A0A00D3
:102A900025732573000000004F7074696F6E733AE0
:102AA0000D0A00002020252D2A733A0053686F7705
:102AB00020636F6D6D616E642068656C702E000020
:102AC0002020257325732573000000005375626371
:102AD0006F6D6D616E64733A0D0A00004C6F737414
:102AE000204C4F4773202D20696E637265617365BA
:102AF000204C4F47206261636B656E642071756581
:102B000075652073697A652E0D0A000025733A20D9
:102B100062616420706172616D6574657220636FBB
:102B2000756E740D0A00000025733A257325730D28
:102B30000A0000006F6E00006F6666004563686FF4
:102B4000207374617475733A2025730D0A000000B8
:102B50005B2533645D2025730D0A00004C6F737490
:102B6000204C4F47733A2025750D0A4D6178204C53
:102B70004F47207175657565207574696C697A6158
:102B800074696F6E3A2025752525205B25752F25E4
:102B9000755D0D0A000000006E6F20726573706F26
:102BA0006E73652066726F6D207465726D696E61FB
:102BB0006C2C20617373756D656420383078323405
:102BC0002063686172732073637265656E20736938
:102BD0007A650D0A00000000636C656172000000F8
:102BE000436C6561722073637265656E2E00000030
:102BF00044697361626C6520636F6C6F72656420F9
:102C000073796E7461782E00456E61626C65206325
:102C10006F6C6F7265642073796E7461782E00003A
:102C2000636F6C6F72730000546F67676C6520632D
:102C30006F6C6F7265642073796E7461782E00001A
:102C400044697361626C6520434C49206563686F19
:102C50002E2045736361706520636F646573206126
:102C60007265206E6F742068616E646C65642E00FE
:102C7000456E61626C6520434C49206563686F2E28
:102C80002045736361706520636F646573206172B2
:102C9000652068616E646C65642E00006563686F12
:102CA00000000000546F67676C6520434C49206545
:102CB00063686F2E00000000686973746F7279009A
:102CC000436F6D6D616E6420686973746F72792EE5
:102CD0000000000064656661756C74004173737573
:102CE0006D6520383020636861727320736372658C
:102CF000656E20776964746820616E642073656E08
:102D00006420746869732073657474696E677320D6
:102D1000746F20746865207465726D696E616C2EC5
:102D200000000000726573697A650000436F6E737E
:102D30006F6C652067657473207465726D696E6170
:102D40006C2073637265656E2073697A65206F729B
:102D500020617373756D657320383020696E206350
:102D600061736520726561646F7574206661696C5A
:102D7000732E204974206D75737420626520657808
:102D8000656375746564206166746572206561634E
:102D900068207465726D696E616C2077696474680F
:102DA000206368616E676520746F20656E7375724D
:102DB0006520636F72726563742074657874206433
:102DC0006973706C61792E006765740047657420C3
:102DD000434C49207374617469737469637320662A
:102DE0006F72204C4F47206D6F64756C652E00002C
:102DF0007265736574000000526573657420434CFE
:102E000049207374617469737469637320666F72A7
:102E1000204C4F47206D6F64756C652E00000000DC
:102E2000636C695F7374617473000000434C4920E4
:102E3000737461746973746963732E0020200000D9
:102E4000E9C802007BC9020071C90200D82B030047
:102E5000E02B03000000000015CA0200382B03001D
:102E6000F02B030000000000E5CA0200342B030031
:102E7000082C03000000000025CB02000000000029
:102E80000000000000000000000000000000000042
:102E90005C2E0300202C0300282C03008C2E030042
:102EA00065CB0200382B0300402C0300000000001B
:102EB0008DCC0200342B0300702C030000000000B6
:102EC000CDCC020000000000000000000000000067
:102ED0000000000000000000A42E03009C2C030052
:102EE000A42C0300D42E030001CC0200B82C030054
:102EF000C02C0300000000000DCD0200D42C030004
:102F0000DC2C03000000000015CF020000000000D0
:102F100000000000000000000000000000000000B1
:102F2000FC2E0300242D03002C2D03001C2F030076
:102F300091CF0200C82D0300CC2D0300000000003B
:102F400041CE0200F02D0300F82D03000000000028
:102F5000CDCE0200000000000000000000000000D4
:102F60000000000000000000342F0300202E0300AA
:102F70002C2E0300642F0300DDCD02001B45000052
:102F80001B5B366E000000001B5B6D001B370000F2
:102F90001B380000082008001B5B4A001B5B4B002D
:102FA0002D682C202D2D68656C7000002C200000F1
:102FB000202D2000020000001B5B48001B5B324AF2
:102FC000000000001B5B3F336C000000636C695F16
:102FD00075617274000000002F686F6D652F736A51
:102FE0006F2F64776D313030312D6578616D706C85
:102FF00065732F6E5246355F53444B5F31342E322A
:103000002E302F636F6D706F6E656E74732F6C69E9
:10301000627261726965732F636C692F7561727476
:103020002F6E72665F636C695F756172742E6300E8
:103030003DD20200C5D20200F1D20200FDD302004F
:10304000B9D302002F686F6D652F736A6F2F647795
:103050006D313030312D6578616D706C65732F6E18
:103060005246355F53444B5F31342E322E302F653C
:10307000787465726E616C2F667072696E74662FFB
:103080006E72665F667072696E74662E6300000011
:103090002F686F6D652F736A6F2F64776D313030D5
:1030A000312D6578616D706C65732F6E5246355F9A
:1030B00053444B5F31342E322E302F657874657255
:1030C0006E616C2F667072696E74662F6E72665FC9
:1030D000667072696E74665F666F726D61742E637E
:1030E0000000000030313233343536373839414250
:1030F00043444546001000000400000001000000A9
:103100002DE1020079E1020015E20200A5E10200D2
:1031100039E20200ADE20200BBE20200C9E20200B5
:103120002F686F6D652F736A6F2F64776D31303044
:10313000312D6578616D706C65732F6E5246355F09
:1031400053444B5F31342E322E302F636F6D706FCE
:103150006E656E74732F6C69627261726965732F2C
:103160006578706572696D656E74616C5F6D656DB3
:103170006F626A2F6E72665F6D656D6F626A2E6335
:10318000000000002E2E2F2E2E2F2E2E2F2E2E2F13
:103190002E2E2F2E2E2F636F6D706F6E656E7473D3
:1031A0002F6C69627261726965732F6578706572E0
:1031B000696D656E74616C5F73656374696F6E5F72
:1031C000766172732F6E72665F73656374696F6E7A
:1031D0005F697465722E68002E2E2F2E2E2F2E2ED4
:1031E0002F2E2E2F2E2E2F2E2E2F636F6D706F6E83
:1031F000656E74732F6C69627261726965732F6D8D
:10320000757465782F6E72665F6D74782E68000035
:103210007077725F6D676D74000000002F686F6DCE
:10322000652F736A6F2F64776D313030312D65787B
:10323000616D706C65732F6E5246355F53444B5F02
:1032400031342E322E302F636F6D706F6E656E7459
:10325000732F6C69627261726965732F7077725F28
:103260006D676D742F6E72665F7077725F6D676DDC
:10327000742E63002F686F6D652F736A6F2F6477EC
:103280006D313030312D6578616D706C65732F6EE6
:103290005246355F53444B5F31342E322E302F630C
:1032A0006F6D706F6E656E74732F6C696272617290
:1032B0006965732F71756575652F6E72665F7175BF
:1032C0006575652E630000002F686F6D652F736A4A
:1032D0006F2F64776D313030312D6578616D706C92
:1032E00065732F6E5246355F53444B5F31342E3237
:1032F0002E302F636F6D706F6E656E74732F6C69F7
:10330000627261726965732F6578706572696D6547
:103310006E74616C5F72696E676275662F6E72663D
:103320005F72696E676275662E6300002F686F6D4D
:10333000652F736A6F2F64776D313030312D65786A
:10334000616D706C65732F6E5246355F53444B5FF1
:1033500031342E322E302F636F6D706F6E656E7448
:10336000732F6C69627261726965732F657870651D
:1033700072696D656E74616C5F73656374696F6E9D
:103380005F766172732F6E72665F73656374696FC7
:103390006E5F697465722E6300000000556E6B6E7F
:1033A0006F776E206572726F7220636F64650000C4
:1033B0004E52465F53554343455353004E52465F6A
:1033C0004552524F525F5356435F48414E444C451D
:1033D000525F4D495353494E470000004E52465FDD
:1033E0004552524F525F534F465444455649434508
:1033F0005F4E4F545F454E41424C45440000000033
:103400004E52465F4552524F525F494E5445524EBE
:10341000414C00004E52465F4552524F525F4E4F54
:103420005F4D454D000000004E52465F4552524FE1
:10343000525F4E4F545F464F554E44004E52465FCA
:103440004552524F525F4E4F545F535550504F525A
:10345000544544004E52465F4552524F525F494ECA
:1034600056414C49445F504152414D004E52465FD7
:103470004552524F525F494E56414C49445F535456
:10348000415445004E52465F4552524F525F494E9D
:1034900056414C49445F4C454E475448000000009B
:1034A0004E52465F4552524F525F494E56414C492B
:1034B000445F464C414753004E52465F4552524F7F
:1034C000525F494E56414C49445F444154410000CB
:1034D0004E52465F4552524F525F444154415F53F2
:1034E000495A45004E52465F4552524F525F544929
:1034F0004D454F55540000004E52465F4552524FC5
:10350000525F4E554C4C00004E52465F4552524F52
:10351000525F464F5242494444454E004E52465F28
:103520004552524F525F494E56414C49445F4144C7
:10353000445200004E52465F4552524F525F425530
:10354000535900004E52465F4552524F525F4D4F05
:1035500044554C455F4E4F545F494E495449414C88
:103560005A4544004E52465F4552524F525F4D55A8
:103570005445585F494E49545F4641494C454400C3
:103580004E52465F4552524F525F4D555445585F1B
:103590004C4F434B5F4641494C4544004E52465FB9
:1035A0004552524F525F4D555445585F554E4C4F02
:1035B000434B5F4641494C45440000004E52465F34
:1035C0004552524F525F4D555445585F434F4E44FC
:1035D0005F494E49545F4641494C45440000000054
:1035E0004E52465F4552524F525F4D4F44554C45E7
:1035F0005F414C52454144595F494E495449414C01
:10360000495A4544000000004E52465F4552524F11
:10361000525F53544F524147455F46554C4C000052
:103620004E52465F4552524F525F4150495F4E4F96
:10363000545F494D504C454D454E544544000000A3
:103640004E52465F4552524F525F46454154555285
:10365000455F4E4F545F454E41424C45440000008B
:103660004E52465F4552524F525F4452565F545736
:10367000495F4552525F4F56455252554E00000029
:103680004E52465F4552524F525F4452565F545716
:10369000495F4552525F414E41434B004E52465F97
:1036A0004552524F525F4452565F5457495F4552FC
:1036B000525F444E41434B0000000000B033030012
:1036C00001000000BC33030002000000DC330300F3
:1036D0000300000000340300040000001434030061
:1036E0000500000028340300060000003C340300FD
:1036F0000700000054340300080000006C3403008D
:1037000009000000843403000A000000A034030014
:103710000B000000B83403000C000000D03403009C
:103720000D000000E43403000E000000F834030034
:103730000F00000008350300100000001C350300D6
:103740001100000034350300800000004435030000
:103750008100000064350300820000008035030012
:10376000830000009C35030084000000BC3503008A
:1037700085000000E03503008600000008360300E5
:103780009000000020360300910000004036030046
:1037900000820000603603000182000080360300D2
:1037A000028200009C3603008C2B0020C42A0020DB
:1037B000CC2A0020CC2A0020180000004F76657229
:1037C000666C6F7700000000617070002F686F6D8D
:1037D000652F736A6F2F64776D313030312D6578C6
:1037E000616D706C65732F6E5246355F53444B5F4D
:1037F00031342E322E302F636F6D706F6E656E74A4
:10380000732F6C69627261726965732F6578706578
:1038100072696D656E74616C5F6C6F672F73726334
:103820002F6E72665F6C6F675F66726F6E74656E27
:10383000642E63006E6F6E65000000006572726F2B
:10384000720000007761726E696E6700696E666F64
:103850000000000064656275670000004C6F6773CC
:10386000206172652068616C746564210D0A000036
:103870006D6F64756C655F6E616D6500252D32340A
:1038800073207C2063757272656E74207C20627573
:10389000696C64696E200D0A000000002D2D2D2D2D
:1038A0002D2D2D2D2D2D2D2D2D2D2D2D2D2D2D2D48
:1038B0002D2D2D2D2D2D2D2D2D2D2D2D2D2D2D2D38
:1038C0002D2D2D2D2D2D0D0A000000002A000000A9
:1038D00000000000252D323473207C20252D377305
:1038E000207C20257325730D0A000000656E61623F
:1038F0006C65000042616420706172616D65746581
:103900007220636F756E742E0D0A0000556E6B6E1B
:103910006F776E207365766572697479206C657651
:10392000656C3A2025730D0A00000000646973611C
:10393000626C6500556E6B6E6F776E206F70746988
:103940006F6E3A2025730D0A000000004C65766505
:103950006C20756E617661696C61626C6520666F62
:1039600072206D6F64756C653A2025730D0A000036
:10397000556E6B6E6F776E206D6F64756C653A2552
:10398000730D0A00276C6F672064697361626C6550
:10399000203C6D6F64756C655F303E202E2E203CA0
:1039A0006D6F64756C655F6E3E272064697361623C
:1039B0006C6573206C6F677320696E20737065632C
:1039C0006966696564206D6F64756C657320286134
:1039D0006C6C206966206E6F206D6F64756C65730A
:1039E00020737065636966696564292E00000000B4
:1039F000276C6F6720656E61626C65203C6C657634
:103A0000656C3E203C6D6F64756C655F303E202EAA
:103A10002E2E20203C6D6F64756C655F6E3E2720F6
:103A2000656E61626C6573206C6F677320757020C2
:103A3000746F20676976656E206C6576656C2069A9
:103A40006E20737065636966696564206D6F647567
:103A50006C65732028616C6C206966206E6F206D28
:103A60006F64756C657320737065636966696564FE
:103A7000292E0000676F0000526573756D65206C1C
:103A80006F6767696E67000068616C740000000012
:103A900048616C74206C6F6767696E670000000096
:103AA00073746174757300004C6F6767657220737F
:103AB000746174757300000025733A257325730DC6
:103AC0000A00000020756E6B6E6F776E2070617259
:103AD000616D657465723A20000000006C6F6700CC
:103AE000436F6D6D616E647320666F7220636F6EDD
:103AF00074726F6C6C696E67206C6F6767657200BB
:103B0000010000005D0303000100000091030300B9
:103B10002C39030084390300003B030089010300B2
:103B2000EC380300F0390300083B0300890103006F
:103B3000743A0300783A030000000000E903030030
:103B4000883A0300903A030000000000CD03030010
:103B5000A03A0300A83A030000000000E5FF0200BD
:103B60000000000000000000000000000000000055
:103B700000000000103B0300DC3A0300E03A0300C1
:103B8000703B0300050403006572726F7200000051
:103B90007761726E696E6700696E666F0000000083
:103BA00064656275670000001B5B306D00000000FB
:103BB0001B5B313B33306D001B5B313B33316D00A0
:103BC0001B5B313B33326D001B5B313B33336D008C
:103BD0001B5B313B33346D001B5B313B33356D0078
:103BE0001B5B313B33366D001B5B313B33376D0064
:103BF000257300003C25733E2025733A2000000009
:103C00000D0A00002025303278000000202020001E
:103C10007C00000025630000200000002E2E2F2EC7
:103C20002E2F2E2E2F2E2E2F2E2E2F2E2E2F636F39
:103C30006D706F6E656E74732F6C696272617269FC
:103C400065732F6578706572696D656E74616C5F00
:103C500073656374696F6E5F766172732F6E7266DF
:103C60005F73656374696F6E5F697465722E680057
:103C70006E72665F736468002F686F6D652F736A7C
:103C80006F2F64776D313030312D6578616D706CD8
:103C900065732F6E5246355F53444B5F31342E327D
:103CA0002E302F636F6D706F6E656E74732F736F30
:103CB00066746465766963652F636F6D6D6F6E2FD3
:103CC0006E72665F7364682E630000000100000777
:103CD000BC190300C419030008000000C419030044
:103CE000CC19030008000000CC190300DC19030004
:103CF000080000002E2E2F2E2E2F2E2E2F2E2E2F90
:103D00002E2E2F2E2E2F636F6D706F6E656E747357
:103D10002F6C69627261726965732F657870657264
:103D2000696D656E74616C5F73656374696F6E5FF6
:103D3000766172732F6E72665F73656374696F6EFE
:103D40005F697465722E68006E72665F7364685F87
:103D5000626C650073645F626C655F6366675F7366
:103D6000657428292072657475726E6564202573E8
:103D7000207768656E20617474656D7074696E6714
:103D800020746F2073657420424C455F434F4E4E44
:103D90005F4346475F4741502E00000073645F62F7
:103DA0006C655F6366675F7365742829207265744C
:103DB00075726E6564202573207768656E20617466
:103DC00074656D7074696E6720746F2073657420FC
:103DD000424C455F4741505F4346475F524F4C4519
:103DE0005F434F554E542E0073645F626C655F6392
:103DF00066675F73657428292072657475726E65D5
:103E000064202573207768656E20617474656D7019
:103E100074696E6720746F2073657420424C455F2F
:103E2000434F4D4D4F4E5F4346475F56535F555589
:103E300049442E0073645F626C655F6366675F73FD
:103E4000657428292072657475726E656420257307
:103E5000207768656E20617474656D7074696E6733
:103E600020746F2073657420424C455F4741545461
:103E7000535F4346475F415454525F5441425F533E
:103E8000495A452E0000000073645F626C655F63F1
:103E900066675F73657428292072657475726E6534
:103EA00064202573207768656E20617474656D7079
:103EB00074696E6720746F2073657420424C455F8F
:103EC00047415454535F4346475F53455256494315
:103ED000455F4348414E4745442E000052414D2026
:103EE00073746172747320617420307825782C208B
:103EF00063616E2062652061646A75737465642015
:103F0000746F20307825782E0000000052414D203B
:103F100073697A652063616E2062652061646A75E9
:103F20007374656420746F20307825782E0000004B
:103F300073645F626C655F656E61626C65282920E1
:103F400072657475726E65642025732E0000000022
:103F50002F686F6D652F736A6F2F64776D31303006
:103F6000312D6578616D706C65732F6E5246355FCB
:103F700053444B5F31342E322E302F636F6D706F90
:103F80006E656E74732F736F6674646576696365AE
:103F90002F636F6D6D6F6E2F6E72665F7364685FF7
:103FA000626C652E630000000C1903000C190300FD
:103FB000080000002E2E2F2E2E2F2E2E2F2E2E2FCD
:103FC0002E2E2F2E2E2F636F6D706F6E656E747395
:103FD0002F6C69627261726965732F6578706572A2
:103FE000696D656E74616C5F73656374696F6E5F34
:103FF000766172732F6E72665F73656374696F6E3C
:104000005F697465722E68006E72665F7364685FC4
:10401000736F63002F686F6D652F736A6F2F6477FE
:104020006D313030312D6578616D706C65732F6E38
:104030005246355F53444B5F31342E322E302F635E
:104040006F6D706F6E656E74732F736F66746465D9
:10405000766963652F636F6D6D6F6E2F6E72665F2D
:104060007364685F736F632E63000000DC190300E4
:10407000E4190300080000003D410300B4410300BF
:104080004041030053756E646179004D6F6E646149
:10409000790054756573646179005765646E657362
:1040A000646179005468757273646179004672695D
:1040B00064617900536174757264617900004A61CA
:1040C0006E75617279004665627275617279004D34
:1040D0006172636800417072696C004D6179004AD9
:1040E000756E65004A756C7900417567757374006B
:1040F00053657074656D626572004F63746F6265BD
:1041000072004E6F76656D62657200446563656D21
:104110006265720000414D00504D0000256D2F2555
:10412000642F25790025483A254D3A25530025610D
:1041300020256220256520255420255900430000B4
:1041400097180300B7180300C3180300D118030021
:10415000F1180300FD180300E9170300B517030069
:1041600053756E004D6F6E005475650057656400A1
:10417000546875004672690053617400004A616EAC
:1041800000466562004D617200417072004D6179B8
:10419000004A756E004A756C004175670053657082
:1041A000004F6374004E6F760044656300002E007C
:1041B00000000000AE410300B0410300B041030025
:1041C000B0410300B0410300B0410300B04103001F
:1041D000B0410300B0410300B0410300FFFFFFFF07
:1041E000FFFFFFFFFFFFFFFFFFFF00008440030012
:1041F00060410300BE4003007D4103001541030000
:104200001C410300254103002E41030020202020F3
:104210002020202020682828282820202020202036
:104220002020202020202020202020204810101096
:1042300010101010101010101010101084848484AE
:104240008484848484841010101010101081818163
:1042500081818101010101010101010101010101CE
:104260000101010101010110101010101082828261
:10427000828282020202020202020202020202029E
:104280000202020202020210101010200007032096
:09429000041702010857104080D8
:10429C00882400201700000000000000000000002F
:1042AC0018210300B9BF0200402E030000000000DB
:1042BC00000000003421030000000000000000009A
:1042CC0004220300102203002C22030044220300CA
:1042DC005C22030070220300842203009C22030052
:1042EC00B8220300D4220300F022030004230300AD
:1042FC00182303003423030050230300602303001E
:10430C00742303008423030094230300A4230300D9
:10431C00B8230300CC2303000000000064756D6D0E
:10432C007900000000000000000000000001000007
:10433C000090D0033C2E0300343803003C380300BB
:10434C00443803004C38030054380300543803003D
:10435C003C3803004C380300343803004438030065
:10436C0000000000883B0300903B0300983B0300D7
:10437C00A03B0300A83B0300B03B0300B83B030089
:10438C00C03B0300C83B0300D03B0300D83B0300F9
:10439C00E03B0300E83B0300784003007840030057
:0C43AC00784003007840030078400300D4
:040000032000313D6B
:00000001FF
