:020000022000DC
:1060000000000120896302007163020073630200D3
:1060100075630200776302007963020000000000EC
:106020000000000000000000000000007B63020090
:106030007D630200000000007F63020081630200B4
:10604000A5B9020083630200CDC70200836302008A
:106050008363020083630200C9C6020083630200F7
:106060008363020083630200836302008363020090
:106070008363020083630200836302008363020080
:1060800083630200B991020083630200836302000C
:1060900083630200836302008512030083630200AE
:1060A0008363020083630200836302008363020050
:1060B0008363020083630200000000000000000010
:1060C0008363020083630200836302008363020030
:1060D0008363020083630200836302000000000008
:1060E00000000000000000000000000000000000B0
:1060F00000000000000000000000000000000000A0
:10610000000000000000000000000000000000008F
:10611000000000000000000000000000000000007F
:10612000000000000000000000000000000000006F
:10613000000000000000000000000000000000005F
:10614000000000000000000000000000000000004F
:10615000000000000000000000000000000000003F
:10616000000000000000000000000000000000002F
:10617000000000000000000000000000000000001F
:10618000000000000000000000000000000000000F
:1061900000000000000000000000000000000000FF
:1061A00000000000000000000000000000000000EF
:1061B00000000000000000000000000000000000DF
:1061C00000000000000000000000000000000000CF
:1061D00000000000000000000000000000000000BF
:1061E00000000000000000000000000000000000AF
:1061F000000000000000000000000000000000009F
:106200003A493B480A1A02D0072291438D46394940
:1062100039480A1A06D00722914381F309880222DD
:1062200082F3148835483649364A00F041F836483A
:106230003649374A00F03CF836483749374A00F0CB
:1062400037F837483749384A00F032F83748384984
:10625000384A00F02DF838483849394A00F028F813
:1062600038483949394A00F023F839483949002279
:1062700000F036F838483949002200F031F8384843
:106280003849091A0BF02CFA374A90472548264915
:10629000884205D00268043003B4904703BCF7E796
:1062A00000208646EC4600200021304A9047FEE759
:1062B000884214D0521A12D003460B4313430324CE
:1062C000234206D1036804300B600431043AF9D14B
:1062D0007047037801300B700131013AF9D17047F2
:1062E000884202D002700130FAE7704700000120B6
:1062F00000E000200000012000000120C434030061
:10630000F0220020AC230020E4630200E4630200DA
:10631000BE180300C4340300F0220020F022002045
:10632000BC190300BC190300BC190300BC1903000D
:10633000BC190300BC190300BC190300BC190300FD
:10634000C134030080350300AC230020AC230020BF
:10635000AC230020682F0020682F0020682F002029
:10636000682F0020684F0020B163020089EA020014
:10637000FEE7FEE7FEE7FEE7FEE7FEE7FEE7FEE7F5
:10638000FEE7FEE700F002B8FFF7FCBF0F484FF052
:106390000701884385460E4880470E48016841F44E
:1063A00070010160BFF34F8FBFF36F8FFFF728BFFE
:1063B00009480A490A4A884207D0521A05D0037888
:1063C00001300B700131013AF9D170470000012012
:1063D000CDAC020088ED00E0BC190300F0220020E3
:0463E000F022002087
:1063E40000B585B00190019B002B0AD0074B43F008
:1063F40001030393019B9B010293039B029898471B
:1064040000E000BF05B05DF804FB00BFD019030035
:1064140000B583B00190019B002B0AD04FF47A7031
:10642400FFF7DEFF019B013B0193019B002BF5D19C
:1064340000E000BF03B05DF804FB08B508F0A4FC5D
:1064440000BF08BD00B589B0039002910192019B81
:10645400002B33D00023079303230693029A079B50
:106464001344019A1946002008F03EFC0590079A4F
:10647400059B13440793019A059BD31A0193059B2B
:10648400002B13D10F4B1B7883F00103DBB2002BDD
:1064940013D10120FFF7BCFF069B013B0693069B2B
:1064A400002B03D1074B00221A7007E0054B012291
:1064B4001A70019B002BD1D100E000BF00BF09B0CE
:1064C4005DF804FBAC23002000B585B00390029175
:1064D400054B00934023054A0299039800F012F8F3
:1064E40000BF05B05DF804FB49640200B02300203E
:1064F40082B0019000BF02B0704782B0019000BF2B
:1065040002B0704700B5A1B00590049103920293C4
:10651400049803F0C7FD039B1593029B1693002375
:10652400179300238DF8603000231993229B1A934C
:1065340000231F930FA91F9B0822049803F08CFECD
:1065440008231F93119B1293BDF84030ADF84C30D3
:10655400BDF84230ADF84E3000238DF851309DF82F
:106564003C3003F00303DBB2012B26D10F9BC3F3B2
:1065740095231C939DF83C30C3F3C203DBB28DF822
:106584005030BDF83C30C3F38313DBB21B931B9B29
:106594009A0009A91F9B049803F05EFE1B9B9B00B5
:1065A4001F9A13441F9312AA09A915AB009313460B
:1065B4001B9A1C9800F0F2FF2FE09DF83C3003F08A
:1065C4000303DBB2022B28D1BDF83E30C3F3891399
:1065D4009BB21E939DF83C30C3F3C203DBB28DF82B
:1065E40050301E9B082B28BF08231D9307A91F9B0F
:1065F4001D9A049803F030FE1F9A1D9B13441F93A9
:106604001E9A1D9BD31A1E9315AB12AA07A81D9997
:1066140001F066F81E9B002BE3D1049803F051FDB2
:1066240000BF21B05DF804FB00B583B00190019B6D
:106634001B781A460C4B9B5C002B05D0019B043342
:10664400184607F08DFB0BE0019B1B781A46064B9E
:106654009B5C002B04D1019B0C33184606F012FD01
:1066640000BF03B05DF804FBC82A002000B587B062
:106674000390029113468DF8073000230593039B82
:106684001B781A46114B9B5C002B09D0039B0433E7
:106694009DF807200299184607F0C4FB05900FE007
:1066A400039B1B781A46094B9B5C002B08D1039B68
:1066B4000C339DF807200299184606F05BFD0590FF
:1066C400059B184607B05DF804FB00BFC82A0020EC
:1066D40082B001900091034B01221A7000BF02B0F6
:1066E400704700BF3024002030B58DB003468DF8CC
:1066F40007301A4B02AC1D460FCD0FC495E80F00AE
:1067040084E80F00062302934FF0FF3303934FF006
:10671400FF3304934FF0FF3305934FF0EB7308936B
:106724009DF80730002B01D00D4A00E0002202AB97
:1067340019460C4804F050FF0B900B9B0A930A9BDC
:10674400002B04D0084A43210A9801F0B7FB074AFA
:106754009DF80730137000BF0DB030BD381A030028
:10676400D5660200F0220020D8190300312400204D
:1067740000B583B001238DF807309DF80730184623
:10678400FFF7B2FF00BF03B05DF804FB00B589B0AA
:10679400039002910192019B8DF81F30124B00224D
:1067A4001A709DF81F301A4602991048FFF75EFFD1
:1067B4000690069B0593059B002B04D00C4A53219D
:1067C400059801F07BFB00BF0A4B1B78002B07D018
:1067D400054B1B78DBB283F00103DBB2002BF3D152
:1067E40000BF09B05DF804FB30240020F022002033
:1067F400D81903003124002000B585B0039002911C
:10680400054B00934023054A02990398FFF77AFE4B
:1068140000BF05B05DF804FB91670200F02300207F
:1068240082B0019000BF02B07047000000B583B091
:1068340001900548FFF7F8FE0020FFF755FF00BF61
:1068440003B05DF804FB00BFF022002082B0019089
:10685400019BDB6801225A7100BF02B0704700003F
:1068640000B583B04FF0FF330193FFF7E6FD042139
:10687400114800F0AFFD0190019B002B03DA0F4992
:10688400412007F0C9FC0C48FFF7E0FFFFF770FF59
:1068940004210B4800F09EFD0190019B002B03DABC
:1068A4000649482007F0B8FC0548FFF7CFFF00BFB2
:1068B40003B05DF804FB00BF9C190300881A0300B1
:1068C400AC19030000B583B001900091019B1B68D3
:1068D4001B6800990198984700BF03B05DF804FB5A
:1068E40000B583B00190019B1B685B6801989847D1
:1068F40000BF03B05DF804FB00B583B00190019BB9
:106904001B689B680198984700BF03B05DF804FBBF
:1069140082B001900B468DF80330019BDB689DF833
:1069240003201A7100BF02B0704782B00190019B2E
:10693400DB681B79184602B0704782B00190019B56
:10694400DB6801225A7100BF02B0704782B0019027
:10695400019BDB685B79184602B0704700B585B0CF
:10696400019000910C4B00221A700C4803F0FEFABF
:106974000390039B002B01D0039B08E0084803F01D
:1069840029FD084A084BD31ADB0802930023184652
:1069940005B05DF804FB00BF9C250020101903001E
:1069A400EC1A03009C19030024190300024A034B48
:1069B400D31ADB08184670479C19030024190300F6
:1069C40000B587B001900B468DF803309DF8033075
:1069D400002B1FD0FFF7EAFF04900023059313E078
:1069E400059B9B000E4A13440393039B1B881A4682
:1069F400019B1B689A4204D1019B059A1A600023EB
:106A040009E0059B01330593059A049B9A42E7D359
:106A1400052300E00023184607B05DF804FB00BF1F
:106A2400F022002000B585B001900B468DF80330AC
:106A34009DF8032001AB11461846FFF7C1FF03463A
:106A4400002B07D1019BDB00054A13440393039BEE
:106A54001B6800E00023184605B05DF804FB00BF86
:106A64002419030084B001900B468DF80330019B78
:106A7400DB00174A134402939DF80330013B032BB8
:106A84001CD801A252F823F09D6A0200A56A0200F4
:106A9400AD6A0200B76A020002238DF80F3011E0DC
:106AA40004238DF80F300DE0029B1B798DF80F3015
:106AB40008E0029B5B798DF80F3003E000238DF82A
:106AC4000F3000BF9DF80F30184604B0704700BF68
:106AD4002419030084B00190009100238DF80F3035
:106AE400019B1B7803F00403DBB2002B24D0019B31
:106AF4001B78C3F30103DBB2012B02D0022B0CD0B1
:106B040017E0009B1B68019A1288C2F38312D2B269
:106B140013449A1C009B1A600BE0009B1B68019AAB
:106B24005288C2F3891292B213449A1C009B1A60D1
:106B340000BF01238DF80F309DF80F30184604B0C4
:106B44007047000000B58BB00023ADF826303E48F6
:106B540002F018FD3D4802F015FD3D4B9B6804937F
:106B64003C4B1B680693049A069B134002339B001C
:106B7400374A13440433089304AB19460898FFF7C3
:106B8400A9FF0346002B09D0049A069B1340023345
:106B94009B002F4A134404330893EDE700BF0023FE
:106BA400079311E0049B5A1C0492069A1340079A17
:106BB400920001A90A44264902339B000B445B68F6
:106BC4001360079B01330793079B012BEAD99DF8B8
:106BD4000430C3F30103DBB2012B10D0022B1CD110
:106BE400BDF80A30ADF82630BDF80630C3F389137A
:106BF4009BB203339A08049B1344049313E0BDF837
:106C04000A30ADF82630BDF80430C3F38313DBB289
:106C14001A46049B1344049305E00F494FF4C270D1
:106C240007F0FAFA00BF094802F0B8FC0590059B8A
:106C3400002B02D0049B064A9360BDF82630184608
:106C44000BB05DF804FB00BFB4290020B02900207C
:106C54009C25002014230020FC1A030000B585B0F5
:106C64000021074802F0FFFB0390039B0293029B61
:106C740083F310030193019B184605B05DF804FBF0
:106C8400B829002000B589B00390029101920093C5
:106C9400039B1B0C0793FFF7E1FF0690FFF786FEAB
:106CA4000246079B934204D3214940F2A91007F0FE
:106CB400B3FA069B1904009B5A1C0A9B1340079ABB
:106CC4000A431C4902339B000B445A60009A0A9BF6
:106CD400134002339B00174A134404330593039B68
:106CE40003F00703D9B2059A137861F3C50313704F
:106CF400019B03F00F03D9B2059A138861F389133A
:106D04001380029BC3F31501059A136861F39F2353
:106D14001360059A1378012161F301031370059A36
:106D2400137823F00403137000BF09B05DF804FB6B
:106D3400FC1A03009C25002000BF704700B58DB0ED
:106D44000390029113468DF80730039B02330A9394
:106D540001238DF8273000238DF81B300DF11B0320
:106D6400184601F0FBFD404B5A68029B1A603F4BEA
:106D74001A683D4B99683C4B5B68CB1A134401334A
:106D84000B9314E001213A4802F0CCFBFFF7DAFE42
:106D940007900799364802F0C5FB344B1A68324B0A
:106DA4009968314B5B68CB1A134401330B930A9AED
:106DB4000B9B9A42E6D89DF82730002B48D000233D
:106DC40005939DF80730002B17D09DF8143001224D
:106DD40062F301038DF814309DF8143043F004037A
:106DE4008DF81430039B03F00F03DAB2BDF81430AE
:106DF40062F38913ADF8143016E09DF814300222C2
:106E040062F301038DF814309DF8143043F0040349
:106E14008DF81430039BC3F309039AB2BDF81630FE
:106E240062F38F13ADF816300F4B5A680F4B1B6883
:106E3400134002339B000C4A134404330893059A0D
:106E4400089B1A60084B5A680A9B1344064A53600D
:106E54009DF81B30184601F097FD9DF82730184621
:106E64000DB05DF804FB00BF9C2500201423002016
:106E7400B829002000B58BB00590049103920293C9
:106E84001F4B1B68079306AB012219460298FFF7B4
:106E940055FF0346002B24D0069B0233099300239D
:106EA400089311E0089B9B00039A1A44099B591C00
:106EB400099107990B401268124902339B000B4455
:106EC4005A60089B01330893089A029B9A42E9D3BB
:106ED400069A079B00931346029A04990598FFF7B4
:106EE400D1FE084B1B78002B04D000F069F8034650
:106EF400002BFAD1FFF720FF00BF0BB05DF804FBB5
:106F0400142300209C25002000B583B0019000913B
:106F14000023002200990198FFF7ACFF00BF03B0E3
:106F24005DF804FB00B587B0039002910192019BC8
:106F3400059305AA012302990398FFF79BFF00BF5D
:106F440007B05DF804FB00B587B00390029101928D
:106F54000093019B0493009B059304AA02230299C6
:106F64000398FFF787FF00BF07B05DF804FB00B587
:106F74008BB00390029101920093019B0593009BB7
:106F840006930C9B07930D9B08930E9B099305AAEC
:106F9400052302990398FFF76DFF00BF0BB05DF85E
:106FA40004FB0000054B9A68044B5B689A420CBFD3
:106FB40001230023DBB21846704700BF9C25002044
:106FC40000B599B0FFF7EEFF0346002B01D0002374
:106FD400C0E19B4B0022C3F81824BFF34F8F00BFBE
:106FE400974B9B680493974B1B681093049A109BD0
:106FF400134002339B00924A134404331193002339
:1070040017930023169300230F9304AB194611988A
:10701400FFF760FD0346002B19D0894BD3F81834D1
:10702400002B14D1864B5A68049B9A4205D8844B92
:107034005B68834A936000238CE1049A109B13409D
:1070440002339B007E4A134404331193DDE700238B
:10705400159311E0049B5A1C0492109A1340159A3C
:10706400920001A90A44764902339B000B445B68F1
:107074001360159B01331593159B012BEAD99DF8D9
:10708400043003F00303DBB2022B40F09C80BDF814
:107094000630C3F389139BB20D93BDF80630C3F3D6
:1070A40089139BB2502B28BF50239BB20C930C9B8B
:1070B400C3F309039AB2BDF8063062F38F13ADF837
:1070C40006300C9B08330B939DF80430C3F3C203C2
:1070D400DBB20F930B995C4802F053FF1790179B98
:1070E400002B00F0D380179802F0DCFF01A9169B57
:1070F4000822179803F092F8169B08331693049B02
:10710400DA43109B134001339B000A930C9A0A9BA9
:107114009A4242D90A9B002B08D0049A109B134030
:1071240002339B00464A1344043300E0474B089360
:107134000A9B002B02D00A9BDBB201E00C9BDBB262
:107144008DF81F300A9B002B01D0404B00E0002338
:1071540006930A9B002B06D00C9BDAB20A9BDBB287
:10716400D31ADBB200E000238DF817309DF81F20FE
:10717400169B0899179803F051F89DF81F30169A3A
:1071840013441693069B002B16D09DF81720169BCC
:107194000699179803F042F80EE0049A109B1340E6
:1071A40002339B00264A134404330993169B0C9A1A
:1071B4000999179803F032F80D9B03339A08049B3E
:1071C4001344049362E09DF8043003F00303DBB23C
:1071D400012B5BD1BDF80430C3F38313DBB2062B60
:1071E40028BF0623DAB2BDF8043062F38913ADF880
:1071F4000430BDF80430C3F38313DBB202330E93BF
:107204009DF80430C3F3C203DBB20F930E9B9B00C3
:1072140019460D4802F0B5FE1790179B002B35D088
:10722400179802F03FFF01A9169B0822179802F055
:10723400F5FF169B08331693002315931DE000BF3A
:107244009C2500201423002010190300A8250020E9
:10725400049B5A1C0492109A134002339B003F4A29
:107264001344191D169B0422179802F0D7FF169B8E
:1072740004331693159B01331593BDF80430C3F3FF
:107284008313DBB21A46159B9342E1D3179B002B61
:1072940040D0324BD3F810341493304BD3F8183415
:1072A400002B1BD0179802F00CFF4DE000238DF843
:1072B4004F301498FFF74AFB0346002B02D00123FA
:1072C4008DF84F309DF84F30002B03D01799149848
:1072D400FFF7F8FA149BDB681B681493149B002BCC
:1072E400E4D1179802F0EDFE00238DF803300DF180
:1072F4000303184601F032FB184BD3F81834002B63
:1073040002D1049B154A93609DF80330184601F09E
:107314003BFB19E0114BD3F81034129306E012989A
:10732400FFF7EAFA129BDB681B681293129B002B8F
:10733400F5D10B4A0B4BD31ADB081B0443F00203B1
:1073440009491846FFF7E0FDFFF72CFE034683F0DA
:107354000103DBB2184619B05DF804FB9C2500203C
:107364004C19030024190300581B030000B585B011
:107374000023039323E0164BD3F810340293012324
:107384008DF807300FE00298FFF7CFFA03461A464C
:10739400039B934203D100238DF8073006E0029B40
:1073A400DB681B680293029B002BECD19DF807302D
:1073B400002B01D0039B07E0039B01330393039B42
:1073C400092BD8DD4FF0FF33184605B05DF804FBF8
:1073D4009C25002000B585B001900B468DF8033044
:1073E400FFF7C4FF0390039BB3F1FF3F01D1039B5D
:1073F40022E0039BDBB219460198FFF789FA104B90
:10740400D3F81034002B08D10D4A019BC2F8103474
:10741400019BDB6800221A600DE0094BD3F810349D
:10742400DA68019BDB6812681A60054BD3F81034E4
:10743400DB68019A1A60039B184605B05DF804FBEB
:107444009C25002000B583B00C4BD3F81034019375
:107454000A4B01221A7009E00198FFF76EFA0198AD
:10746400FFF73EFA019BDB681B680193019B002B2D
:10747400F2D100BF00BF03B05DF804FB9C250020DF
:1074840082B00190009100BF02B0704710B584B083
:1074940003900291039BDB88002B0AD0039BDB88BB
:1074A4001A461F4B009313461E4A1F49029802F0C6
:1074B400B1F9039B1B7A052B2ED0039B5B7A002B1F
:1074C40012D0039B9B881A46039B1B7A19461046CD
:1074D400FFF7C8FA03461A46144B53F822301A46EB
:1074E4001349029802F096F9039B1B681946029807
:1074F400FFF7C6FF039B1B7A1A460E4B53F8224034
:10750400039B9B8800211846FFF78CFA034622460A
:107514000949029802F07EF900BF04B010BD00BF13
:107524008C1B03009C1B0300D41B03002C23002092
:10753400EC1B030018230020F01B030000B585B0EA
:107544000390029113468DF80730039B1B7A052B99
:107554000FD0039B5B7A002B06D00D4B1B681A4699
:107564000C49029802F056F90B49029802F052F9BC
:1075740007E09DF80730002B03D00749029802F07A
:1075840049F9029802F024F900BF05B05DF804FB44
:107594002C230020EC1B0300FC1B030030B58BB034
:1075A40007900691059204930E9B1B7B8DF8273060
:1075B4000E9B00221A730E990498FFF767FF059B30
:1075C400062B7FD801A252F823F000BFED7502000C
:1075D400F7750200077602001B7602003976020076
:1075E400617602009176020007990E9802F012F972
:1075F40069E0069B1B681A4607990E9802F00AF97F
:1076040061E0069B1A68069B04331B6807990E9871
:1076140002F000F957E0069B1A68069B04331968C8
:10762400069B08331B6800930B4607990E9802F0DB
:10763400F1F848E0069B1968069B04331868069B1A
:1076440008331B68069A0C321268019200930346B1
:107654000A4607990E9802F0DDF834E0069B186894
:10766400069B04331C68069B08331B68069A0C327D
:107674001268069910310968029101920093234619
:10768400024607990E9802F0C5F81CE0069B1C6898
:10769400069B04331D68069B08331B68069A0C324C
:1076A400126806991031096806981430006803902E
:1076B4000291019200932B46224607990E9802F0FC
:1076C400A9F800E000BF00220E990498FFF736FFE6
:1076D4000E9B9DF827201A7300BF0BB030BD00BF6E
:1076E40000B587B00390029101920093029B082B8E
:1076F40060D8009B1B7B8DF81330009B00221A730B
:1077040000990198FFF7C2FE0023059314E0059A3F
:10771400029B9A4209D2039A059B13441B781A468A
:107724002649009802F076F803E02549009802F013
:1077340071F8059B01330593059B072BE7D9214974
:10774400009802F067F80023059326E0059A029B4F
:107754009A421BD2039A059B13441B788DF812306E
:107764009DF812307E2B0AD89DF8123018460AF084
:107774005AF80346002B02D09DF8123000E02E2365
:107784001A461149009802F045F803E00F490098A1
:1077940002F040F8059B01330593059B072BD5D9CF
:1077A400012200990198FFF7C9FE009B9DF8132060
:1077B4001A7300E000BF07B05DF804FB001C03006F
:1077C400081C03000C1C0300101C0300141C030001
:1077D40084B003468DF807309DF807305B08DBB2B0
:1077E4001A460D4B9B5C8DF80F309DF8073003F063
:1077F4000103002B04D09DF80F301B09DBB204E019
:107804009DF80F3003F00F03DBB28DF80E309DF8B6
:107814000E30184604B07047D029002084B00346C7
:107824000A468DF8073013468DF806309DF8073068
:1078340003F00103002B01D00F2300E0F0238DF8A7
:107844000F309DF8073003F00103002B04D09DF89E
:1078540006301B01DBB201E09DF806308DF80E30D6
:107864009DF807305B08DBB21A46114B9A5C9DF811
:1078740007305B08DBB219469DF80F301340DAB2CB
:107884000B4B5A549DF807305B08DBB21A46084B81
:107894009A5C9DF807305B08DBB219469DF80E3000
:1078A4001343DAB2024B5A5400BF04B0704700BF0E
:1078B400D029002000B585B003468DF80730002399
:1078C400039310E00F4B1A68039BDB0013440293ED
:1078D400029B1B789DF807209A4201D1029B0DE080
:1078E400039B01330393084B1B781A46039B934273
:1078F400E8DB0649882006F08FFC0023184605B013
:107904005DF804FBBC290020C0290020241C0300CE
:1079140000B585B003460A468DF8073013468DF846
:1079240006309DF807301846FFF7C4FF0390039B09
:10793400002B0BD0039B5B68002B07D0039B5B6879
:107944009DF806109DF807201046984700BF05B023
:107954005DF804FB2DE9F04F87B003460A468DF825
:107964000F3013468DF80E309DF80F301846FFF790
:107974002FFF0346042B00F2C28001A252F823F029
:10798400997902000D7A0200297A0200597A0200DC
:107994006F7A02009DF80E30002B00F0AD809DF848
:1079A4000F3001211846FFF739FF00238DF81730F7
:1079B4000DF11703184600F0D1FF9DF80F104FF09A
:1079C40001024FF00003A1F12004C1F1200003FAE9
:1079D40001F702FA04F4274322FA00F0074302FAFB
:1079E40001F6494BD3E9002346EA020100913B43E7
:1079F4000193454BDDE90012C3E900129DF81730ED
:107A0400184600F0C1FF77E09DF80E30002B01D03E
:107A1400022200E000229DF80F3011461846FFF7BD
:107A2400FDFE6CE09DF80E30002B0CD09DF80F305D
:107A340003211846FFF7F2FE9DF80F300121184686
:107A4400FFF766FF5BE09DF80F3001211846FFF752
:107A5400E5FE54E09DF80E30002B4FD19DF80F3019
:107A640004211846FFF7DAFE48E09DF80E30002B9B
:107A740006D09DF80F3003211846FFF7CFFE3EE0F5
:107A84009DF80F3000211846FFF7C8FE9DF80F300F
:107A940000211846FFF73CFF00238DF816300DF146
:107AA4001603184600F05AFF9DF80F104FF001021C
:107AB4004FF00003A1F12006C1F1200003FA01F503
:107AC40002FA06F6354322FA00F0054302FA01F4FD
:107AD4006FEA04086FEA05090B4BD3E9002308EAAF
:107AE400020A09EA030B084BC3E900AB9DF8163000
:107AF400184600F049FF02E000BF00E000BF00BFED
:107B040007B0BDE8F08F00BFC829002000B583B0DE
:107B14000648074B1B685B080022194600F0F6FD77
:107B2400019000BF03B05DF804FB00BF50230020A8
:107B3400C429002000B587B001900023059328E0F4
:107B44001C4B1A68059BDB0013440493049B1B78AD
:107B5400184604F007FD03468DF80F30049B5B784C
:107B6400012B0CBF01230023DBB21A469DF80F3012
:107B74009A420CBF012300238DF80E30049B1B781E
:107B84009DF80E2011461846FFF7E4FE059B0133CD
:107B94000593094B1B781A46059B9342D0DB074B90
:107BA400D3E90023134301D0FFF7B0FF00BF07B0B0
:107BB4005DF804FBBC290020C0290020C82900204E
:107BC40000B585B001900B468DF80330019BDBB204
:107BD4001846FFF76FFE0390039B1B78184604F0CA
:107BE400C1FC03468DF80B30039B5B78012B0CBF63
:107BF40001230023DBB21A469DF80B309A420CBFD6
:107C0400012300238DF80A309DF80A30002B06D09A
:107C1400054BD3E90023134301D1FFF777FF00BFDE
:107C240005B05DF804FB00BFC829002000B58BB087
:107C340003900B4601928DF80B30019B092B01D860
:107C4400072367E004F040FB034683F00103DBB243
:107C5400002B09D004F0D4FA0990099B0893089BDF
:107C6400002B01D0089B55E02C4A039B13602C4A3F
:107C74009DF80B3013702B4A019B136010220021D6
:107C8400294809F07FFD29494FF000024FF0000315
:107C9400C1E9002331E09DF80B30DB00039A134463
:107CA400079303238DF8143000238DF815309DF8C5
:107CB400163023F001038DF816309DF8163023F0AA
:107CC40002038DF816309DF8163023F004038DF866
:107CD4001630079B9B788DF81530079B1B78184648
:107CE40005AB134A194604F0FBFA0990099B069365
:107CF400069B002B01D0069B0CE09DF80B305A1E0E
:107D04008DF80B20002BC6D10A4A00210A4800F046
:107D1400C3FC034618460BB05DF804FBBC290020E5
:107D2400C0290020C4290020D0290020C82900200F
:107D3400C57B0200397B0200781C030000B583B0C8
:107D4400114B1B68002B04D1104940F2351006F08A
:107D540063FA002301930CE00B4B1A68019BDB00D0
:107D640013441B780121184604F038FB019B0133AE
:107D74000193074B1B781A46019B9342ECD30023D3
:107D8400184603B05DF804FBBC290020241C030042
:107D9400C029002000B583B01D4B1B68002B04D103
:107DA4001C4940F2431006F037FA002301930BE01C
:107DB400174B1A68019BDB0013441B78184604F028
:107DC40091FB019B01330193134B1B781A46019BD2
:107DD4009342EDD300238DF803300DF103031846CD
:107DE40000F0BCFD0D494FF000024FF00003C1E963
:107DF40000239DF80330184600F0C6FD084B1846D2
:107E040000F0DCFC0346184603B05DF804FB00BF39
:107E1400BC290020241C0300C0290020C8290020FC
:107E24005023002086B003900291019201238DF823
:107E340017309DF81730204A039B13601E4A029B9B
:107E440053601D4A019B9360039B44F201029342D9
:107E540012D0039B44F20202934220D1019B164AA2
:107E6400D360154BDB681B68134A9361124BDB68C4
:107E74005B68114AD36112E0019B0F4A13610E4BF8
:107E84001B699B680C4A53610B4B1B691B680A4AAC
:107E94009361094B1B695B68074AD36100BF72B6E3
:107EA40000BF00BF9DF81730DBB2002BFAD162B6D9
:107EB40000BF00BF06B07047E029002000B583B0C2
:107EC40002900091019244F2010071466A4600F06A
:107ED40003F803B000BD00BF30B58BB00790069126
:107EE400059272B600BFFFF7ADFAFFF769F80346D3
:107EF400002BFAD1079B44F2020293422FD0079B36
:107F040044F20202934269D8079B44F2010293426D
:107F140037D0079B44F2010293425FD8079B012BA1
:107F240005D0079B41F2010293420CD056E0394A36
:107F3400394BD31ADB081B0443F0010337491846B5
:107F4400FEF7E2FF57E0334A334BD31ADB081B0436
:107F540043F0010332491846FEF7D6FF4BE0059B78
:107F640009932C4A2C4BD31ADB081B0443F0010061
:107F7400099B5B681A46099B1B682A49FEF7E3FFC5
:107F840039E0059B0893234A234BD31ADB081B04CF
:107F940043F00104089B9D68089B9B68184602F007
:107FA40039FB03461846089B5B681946089B1B6807
:107FB400069A02920193009103462A461A492046E2
:107FC400FEF7D5FF134A144BD31ADB081B0443F006
:107FD400010316491846FEF797FF0CE00D4A0E4BB5
:107FE400D31ADB081B0443F00103069A1049184610
:107FF400FEF798FF00BF0F4B1B6803F00103002B33
:1080040000D000BE059A06990798FFF70BFF00BF42
:108014000BB030BD4C190300241903007C1C030071
:108024009C1C0300C01C0300DC1C0300041D030093
:10803400181D0300F0ED00E02DE9F04383B014486F
:1080440001F09DF8034600221C461546114BD3E966
:10805400002314EB020845EB0309CDE900890E4B1C
:10806400D3E90023DDE90001904271EB030307D259
:10807400DDE9002312F1807643F10007CDE90067C2
:10808400DDE900231046194603B0BDE8F08300BFC4
:1080940070230020082A0020102A002088B00190B4
:1080A4000091019B0793009B0693079BD3E902234E
:1080B400CDE90423069BD3E90223CDE90223DDE9BC
:1080C4000423DDE90201904271EB03032CBF012379
:1080D4000023DBB2184608B070470000F0B585B045
:1080E4000190019B5B69002B03D14349A52006F055
:1080F40093F800238DF80F30404B1B78002B75D07C
:10810400019B002B72D0FFF797FF019BD3E9022359
:10811400904271EB030358D300238DF80D300DF119
:108124000D03184600F01AFC019B1B69002B06D1B5
:1081340001994FF0FF324FF0FF33C1E902239DF85C
:108144000D30184600F020FC019B5B69019A92698E
:108154001046984700238DF80C3003AB184600F006
:10816400FDFB019B1B69002B1AD0019BD3E9022361
:10817400B3F1FF3F08BFB2F1FF3F11D0019BD3E938
:1081840002230199096900200C460546161943EBA0
:108194000507019BC3E9026701238DF80E3002E055
:1081A40000238DF80E309DF80C30184600F0ECFBDF
:1081B4009DF80E30002B19D0019B1946104802F08F
:1081C40083F901238DF80F3010E0019BD3E90223DA
:1081D400B3F1FF3F08BFB2F1FF3F07D0019B19463F
:1081E400074802F071F901238DF80F309DF80F3024
:1081F400184605B0F0BD00BF3C1D0300042A002052
:10820400941D030030B58BB0019000910D230993A8
:10821400009B00221A70019BD3E90223CDE90623B7
:10822400FFF70AFFDDE90623141A63EB0105CDE924
:108234000445DDE90423012A73F1000318DB049BE0
:10824400B3F5350F05D300F00BFB0246144B134472
:1082540000E0069B03934FF49603039A0021114810
:1082640000F080FE0990099B002B05D1012314E046
:1082740000210C4800F04EFF099B0D2B07D10198FB
:10828400FFF72CFF03461A46009B1A7004E00649C8
:108294004FF4867005F0C0FF002318460BB030BDC4
:1082A400FFFFB400702300203C1D030000B583B021
:1082B400044802F043F90190019B184603B05DF8AD
:1082C40004FB00BF941D030000B583B0044802F012
:1082D40057F90190019B184603B05DF804FB00BFF9
:1082E400941D030000B583B0FFF7E0FF0190019BEC
:1082F400002B06D001994FF0FF324FF0FF33C1E954
:108304000223019B002BEFD100BF00BF03B05DF837
:1083140004FB0000054BD3E9002312F1807043F104
:108324000001024BC3E9000100BF7047082A002086
:1083340010B582B00190124B1B68002B1DD0019820
:1083440000F01DFF04460021019800F009FF0346D8
:108354001946204600F078FA0346B3F5960F04D385
:10836400084940F2411005F057FF054B1B681846B9
:10837400FFF7B4FE024B00221A6000BF02B010BD2A
:10838400002A00203C1D030000B583B00190FFF7D4
:1083940053FE02460B460349C1E9002300BF03B064
:1083A4005DF804FB102A002000B587B00190FFF7A8
:1083B4008BFF049000238DF81730049B002B58D0BA
:1083C400049BD3E90223B3F1FF3F08BFB2F1FF3F9F
:1083D40002D1FFF76BFF54E02E4B1B68002B03D137
:1083E40001238DF817301DE0049BD3E90201294BCA
:1083F4001B68D3E90223904271EB030312D20123D9
:108404008DF81730234B1B68D3E90223B3F1FF3FE8
:1084140008BFB2F1FF3F05D01E4B1B6819461E482A
:1084240002F052F89DF81730002B2BD0FFF73EFFD7
:1084340004900DF10F0319460498FFF7E3FE034679
:10844400002B12D0134B1B68002B02D1019800F0B3
:1084540095FC104A049B13609DF80F3083F00103D0
:10846400DBB2002BA3D000BF0FE00A4B00221A603E
:108474009DE7084B1B68002B06D1019800F094FC83
:1084840002E094E700BF00E000BF00BF07B05DF862
:1084940004FB00BF002A0020941D030000B587B030
:1084A40001902B4A03AB1946104600F066FF049076
:1084B40045E0049B1B78022B2BD0022B2FDC002BD6
:1084C40002D0012B11D02AE0049B5B68D3E902237C
:1084D400B3F1FF3F08BFB2F1FF3F22D0049B5B68BA
:1084E40019461C4801F0F0FF1BE0049B5A681A4B24
:1084F4001B689A4203D1184B00221A6012E0049BB5
:108504005B681946134802F04FF803468DF817309C
:1085140008E0FFF7E7FE114B01221A7002E000BFEA
:1085240000E000BF0A4A03AB1946104600F03EFFC4
:10853400074A03AB1946104600F01FFF0490049B42
:10854400002BB6D100BF00BF07B05DF804FB00BF2D
:10855400702A0020941D0300002A0020042A002011
:1085640000B583B00190019800F0C7FD0346002BCD
:1085740001D0FFF7CFFE0021019800F0DCFD034697
:10858400002B02D00198FFF7D3FE0121019800F0DF
:10859400D2FD0346002B02D00198FFF7F5FE0198A7
:1085A400FFF77CFF0198FFF7FFFE00BF03B05DF803
:1085B40004FB000008B5024800F0EEFD00BF08BD52
:1085C4007023002000B585B0034600918DF8073074
:1085D400114A02AB1946104600F0A2FE0390039B19
:1085E400002B13D0039B9DF807201A70039B009A5D
:1085F4005A60094A02AB1946104600F0AAFE034627
:10860400002B01D0FFF7D6FF002300E00423184617
:1086140005B05DF804FB00BF702A002000B583B0EC
:10862400164B1B680093164808235822154900F07E
:1086340044FE0190019B002B01D0019B19E06B4685
:10864400114A1946114800F01BFB0190019B002BB5
:1086540001D0019B0DE001210C4800F03DFD0123F8
:108664000B4A0121094800F0B5FB0A4B01221A709C
:10867400019B184603B05DF804FB00BF901D030086
:10868400702A0020182A002065850200702300202B
:10869400FFFF7F00042A002000B587B003900B463B
:1086A40001928DF80B30039B002B04D1164940F244
:1086B4005A2005F0B1FD019B002B04D1124940F270
:1086C4005B2005F0A9FD019B002B01D1072317E0D6
:1086D400039B1B68059305994FF0FF324FF0FF335E
:1086E400C1E90223059B019A5A619DF80B30012BC5
:1086F4000CBF01230023DBB21A46059B1A61002339
:10870400184607B05DF804FB3C1D0300F0B589B0C2
:10871400039002910192039B002B04D1264940F25D
:108724006B2005F079FD039B069300238DF8173029
:108734000DF11703184600F011F9069BD3E9022343
:10874400B3F1FF3F08BFB2F1FF3F11D1FFF774FC53
:1087540002460B46029900200C460546161943EBC7
:108764000507069BC3E9026701238DF81F3002E069
:1087740000238DF81F309DF81730184600F004F9D7
:108784009DF81F3083F00103DBB2002B01D00023DE
:108794000EE0069B019A9A61069B1B69002B02D08E
:1087A400069B029A1A6106990020FFF70BFF034605
:1087B400184609B0F0BD00BF3C1D030000B587B0EA
:1087C4000190019B002B04D11E4940F2932005F037
:1087D40023FD019B049300238DF80F300DF10F034B
:1087E400184600F0BBF8049BD3E90223B3F1FF3F22
:1087F40008BFB2F1FF3F03D100238DF8173009E021
:1088040004994FF0FF324FF0FF33C1E902230123F3
:108814008DF817309DF80F30184600F0B5F89DF824
:10882400173083F00103DBB2002B01D0002304E0F6
:1088340004990120FFF7C6FE0346184607B05DF809
:1088440004FB00BF3C1D030082B001900091019A1B
:10885400009BD31A23F07F43184602B070470000F0
:1088640008B5034800F08BFC0346184608BD00BF5A
:108874007023002082B0EFF310830093009B0193D8
:1088840072B600BF019B184602B0704762B600BFC3
:1088940000BF704700B585B00190FFF7EBFF039070
:1088A400164B9B68002B1BD1144B01229A60144B6E
:1088B400D3F88020134B1340104A1360104B114A15
:1088C400C3F880200E4BD3F884300C4A53600C4B11
:1088D4004FF0FF32C3F88420019B00221A7002E09B
:1088E400019B01221A70039B002B01D1FFF7CEFFDD
:1088F4000023184605B05DF804FB00BF842A00205D
:1089040000E100E0FC06FFBD00B585B003468DF82C
:108914000730104B9B68002B16D09DF80730002BB6
:1089240012D1FFF7A7FF03900B4A0A4B1B68136091
:10893400094A084B5B685360064B00229A60039B0C
:10894400002B01D1FFF7A2FF0023184605B05DF804
:1089540004FB00BF842A002000E100E000B583B0DE
:10896400019000F02BF80346012B03D00549432066
:1089740005F052FC0198FFF78DFF00BF03B05DF8CE
:1089840004FB00BFA01D030000B583B003468DF8AF
:10899400073000F013F80346012B03D00649512099
:1089A40005F03AFC9DF807301846FFF7ADFF00BF0D
:1089B40003B05DF804FB00BFA01D030084B0EFF317
:1089C40005830193019BC3F308030393039B002BCB
:1089D4000DD1EFF314830093009B0293029B03F0E9
:1089E4000103002B0CBF01230023DBB200E00123B1
:1089F400184604B07047000082B003468DF8073073
:108A04009DF90730002B0CDB9DF8073003F01F02A3
:108A140005499DF907305B09012000FA02F241F88B
:108A2400232000BF02B0704700E100E082B003469B
:108A34008DF807309DF90730002B0DDB9DF80730CA
:108A440003F01F0206499DF907305B09012000FA73
:108A540002F2403341F8232000BF02B0704700BF48
:108A640000E100E082B0034600918DF807309DF9E3
:108A74000730002B0ADB009BDAB20C499DF9073062
:108A84005201D2B20B4483F800230BE0009BDAB20C
:108A940007499DF8073003F00F03043B5201D2B29B
:108AA4000B441A7600BF02B0704700BF00E100E03B
:108AB40000ED00E000B583B003460A468DF80730A8
:108AC40013468DF806309DF80630012B03D99DF826
:108AD4000630032B0BD99DF80630042B03D99DF8DF
:108AE4000630072B03D908496B2005F095FB9DF848
:108AF40006209DF9073011461846FFF7B3FF00BF63
:108B040003B05DF804FB00BFFC1D030000B583B097
:108B140003468DF807309DF907301846FFF76CFFC0
:108B240000BF03B05DF804FB00B585B00190019B64
:108B3400002B0AD0074B43F001030393019B9B01D5
:108B44000293039B0298984700E000BF05B05DF8CC
:108B540004FB00BF001F030084B003900291019244
:108B6400039B029A02F5A872019943F8221000BFF0
:108B740004B0704782B001900091019B009A02F505
:108B8400A87253F82230184602B0704782B00190A0
:108B94000091019B009AC3F8042300BF02B0704700
:108BA40082B001900091019B009AC3F8082300BF92
:108BB40002B0704782B001900B46ADF80230BDF8A8
:108BC4000230019A13441B68184602B0704784B0FF
:108BD40001900B46ADF80230BDF80230019A1344FF
:108BE40000221A60BDF80230019A13441B680393F3
:108BF400039B00BF04B0704782B00190019BD3F87F
:108C04000435184602B0704700B583B00190009156
:108C1400009BB3F5805F04D306494FF4BE7005F0A2
:108C2400FBFA019B009AC3F8082500BF03B05DF866
:108C340004FB00BF2C1E030082B001900B468DF88C
:108C440003309DF80320019B13441A46012313604B
:108C540000BF02B0704782B001900091019B009A5E
:108C6400C3F8442300BF02B0704782B00190009162
:108C7400019B009AC3F8482300BF02B0704700006C
:108C840000B587B0039002910192039B002B03D19E
:108C94003349552005F0C0FA029B002B03D130491B
:108CA400562005F0B9FA019B002B03D12C4957201B
:108CB40005F0B2FA039B5B7919462A4A019B42F8F4
:108CC4002130039B5B79284ADB0013441B79002B7A
:108CD4000ED008230593254A254BD31ADB081B0421
:108CE40043F0020323491846FEF70EF9059B32E0D0
:108CF400039B1A68029B1B8819461046FFF784FFE2
:108D0400039B93F90420029B9B7819461046FFF7B6
:108D1400D1FE039B93F904301846FFF7F7FE039B3B
:108D24005B79114ADB00134401221A71039B5B79BE
:108D340019460D4A039B42F83130002305930B4A30
:108D44000B4BD31ADB081B0443F003030A491846F0
:108D5400FEF7DAF8059B184607B05DF804FB00BF80
:108D64005C1E0300902A0020942A00205C19030052
:108D740024190300AC1E0300D01E030000B583B009
:108D84000190019B002B03D10649872005F044FA8A
:108D9400019B1B6800211846FFF74EFF00BF03B07C
:108DA4005DF804FB5C1E030000B583B00190019BD9
:108DB400002B03D106498D2005F02EFA019B1B6878
:108DC40004211846FFF738FF00BF03B05DF804FB29
:108DD4005C1E030000B587B00390029101928DF8E8
:108DE4000330039B002B03D12149962005F014FA8C
:108DF4004FF48032029B02FA03F30593029B503333
:108E04009BB29B00ADF81230019B23F07F4301938A
:108E1400039B1B6805991846FFF7C2FE039B1B685A
:108E240005991846FFF721FF039B1B68BDF8122024
:108E340011461846FFF7CBFE039B1B68019A029963
:108E44001846FFF789FE039B1B6805991846FFF730
:108E540002FF9DF80330002B05D0039B1B68059986
:108E64001846FFF793FE00BF07B05DF804FB00BF90
:108E74005C1E030000B585B00390029113468DF883
:108E84000730039B002B03D10B49A92005F0C4F93B
:108E9400039B1B6802991846FFF7DDFE9DF8073017
:108EA400002B05D0039B1B6802991846FFF76EFE42
:108EB40000BF05B05DF804FB5C1E030000B583B081
:108EC40001900091019B002B03D10A49B32005F0C6
:108ED400A3F9019B1B6800991846FFF7C6FE019B86
:108EE4001B6800991846FFF75BFE00BF03B05DF8EE
:108EF40004FB00BF5C1E030000B583B001900B4669
:108F0400ADF80230019B002B03D10F49BA2005F0C4
:108F140083F9019B1B68BDF8022011461846FFF730
:108F240049FE0346002B09D0019B1B68BDF80220B3
:108F340011461846FFF74BFE012300E000231846B4
:108F440003B05DF804FB00BF5C1E030082B0019017
:108F54000091019A009BD31A23F07F43184602B074
:108F64007047000000B58BB003900291019200930A
:108F7400039B002B03D15749CD2005F04DF94FF445
:108F84008032029B02FA03F30993029B50339BB293
:108F94009B00ADF82230019B23F07F430193099994
:108FA4000398FFF78BFF039B1B681846FFF724FE0B
:108FB4000790039B1B6802991846FFF7DBFD069098
:108FC400039B1B68079A02991846FFF7C5FD039B8C
:108FD4001B68BDF8222011461846FFF7F8FD0799D3
:108FE4000698FFF7B3FF0346012B0AD11020FFF7C1
:108FF4009BFD039B1B68BDF8222011461846FFF712
:10900400E6FD039B1B681846FFF7F6FD07900799DA
:109014000198FFF79BFF0590039B1B68099918466D
:10902400FFF719FE059B012B15D1039B1868019BC3
:1090340001331A460299FFF78FFD1020FFF774FDE4
:10904400039B1B681846FFF7D7FD0246079B934214
:1090540035D00D2339E0039B1B68019A0299184609
:10906400FFF77AFD039B1B681846FFF7C5FD0790C1
:10907400019B013B07991846FFF768FF0590009B89
:10908400C3F1FF1303F57F43059A9A4201D90D23D7
:109094001BE0059B002B12D1039B1868019B013335
:1090A4001A460299FFF758FD039B1B681846FFF701
:1090B400A3FD0246079B934201D00D2305E0012244
:1090C40009990398FFF7D6FE002318460BB05DF804
:1090D40004FB00BF5C1E030000B583B001900B4687
:1090E4008DF803309DF803301A4602210198FFF7EA
:1090F400C1FE00BF03B05DF804FB00B583B001906E
:109104004FF482710198FFF7F7FE0346184603B047
:109114005DF804FB00B583B0019000914FF48032F8
:10912400009B02FA03F319460198FFF7C7FE00BF3C
:1091340003B05DF804FB00B585B001900091009B7D
:1091440050339BB29B00ADF80E30BDF80E3019467B
:109154000198FFF7D1FE0346184605B05DF804FBFD
:1091640000B583B001900091019B1B6800991846DB
:10917400FFF700FD0346184603B05DF804FB00B595
:1091840083B00190019B1B681846FFF735FD034629
:10919400184603B05DF804FB00B583B00190019B51
:1091A40093F904301846FFF741FC00BF03B05DF8A3
:1091B40004FB000008B5044B1B68044A12681046FF
:1091C400984700BF08BD00BF902A0020942A0020C1
:1091D40086B001900091019B53E8011F8AB2D8899F
:1091E40002449889824228BF121A1889824202BF17
:1091F400BFF32F8F002307E0C2EA010243E80120F6
:109204000028E9D14FF001038DF80F300590029149
:109214000492029A009B1A609DF80F30DBB2184644
:1092240006B0704784B00190019951E8013FC3EA48
:10923400034341E80132002AF7D10392029300BFAD
:1092440004B0704786B001900091019B53E8021F5F
:109254001FFAA1F2D888824202BFBFF32F8F0023E6
:109264000DE0D88902449889824228BF121AC1EAC3
:10927400024243E802200028E8D14FF001038DF8B0
:109284000F30059002910492029A009B1A609DF897
:109294000F30DBB2184606B0704784B001900199D4
:1092A40051E8023FC3EA234341E80232002AF7D1DE
:1092B4000392029300BF04B0704784B003900291FC
:1092C40011461A460B46ADF806301346ADF8043085
:1092D400029B002B01D10E231FE0BDF80630BDF820
:1092E4000420B3FBF2F101FB02F29B1A9BB2002BA8
:1092F40001D0092311E0039B029A1A60039B002208
:109304005A60039B00229A60039BBDF806209A8151
:10931400039BBDF80420DA810023184604B070478B
:1093240000B585B001900091009B19460198FFF7A4
:109334004FFF0346002B07D0019B1B68009A12883D
:1093440013440393039B00E00023184605B05DF823
:1093540004FB00B583B001900091009B1A88009B28
:109364005B889A4204D10198FFF75CFF012300E077
:109374000023184603B05DF804FB00B585B00190E6
:109384000091009B19460198FFF75CFF0346002BF0
:1093940007D0019B1B68009A528813440393039BD4
:1093A40000E00023184605B05DF804FB00B583B067
:1093B40001900091009B1A88009B5B889A4204D11B
:1093C4000198FFF76AFF012300E00023184603B069
:1093D4005DF804FB00B585B001900091009B5B092A
:1093E4009B00019A1A44009B03F01F03012101FA18
:1093F40003F31946104600F04DF8039000BF05B082
:109404005DF804FB00B585B001900091009B5B09F9
:109414009B00019A1A44009B03F01F03012101FAE7
:1094240003F3DB431946104600F064F8039000BFD1
:1094340005B05DF804FB82B001900091009B5B09CC
:109444009B00019A13441A68009B03F01F0322FA3D
:1094540003F303F00103002B14BF01230023DBB249
:10946400184602B0704710B487B001900091019B78
:10947400009A53E8004F104643E8000191F0000FB2
:10948400F7D1059404900391059B184607B05DF845
:10949400044B704710B487B001900091019B009A6F
:1094A40053E8004F44EA020043E8000191F0000F42
:1094B400F6D1059404900391049B184607B05DF817
:1094C400044B704710B487B001900091019B009A3F
:1094D40053E8004F04EA020043E8000191F0000F52
:1094E400F6D1059404900391059B184607B05DF8E6
:1094F400044B704710B487B001900091019B009A0F
:1095040053E8004F04EA020043E8000191F0000F21
:10951400F6D1059404900391049B184607B05DF8B6
:10952400044B704710B487B001900091019B009ADE
:1095340053E8004F04EB020043E8000191F0000FF0
:10954400F6D1059404900391049B184607B05DF886
:10955400044B704710B487B001900091019B009AAE
:1095640053E8004FA4EB020043E8000191F0000F20
:10957400F6D1059404900391049B184607B05DF856
:10958400044B704700B583B0019001210198FFF7A7
:1095940081FF0346184603B05DF804FB00B583B0B1
:1095A400019000210198FFF78DFF0346184603B090
:1095B4005DF804FB00B583B001900B468DF80330D1
:1095C400019B002B03D10849E82004F025FE019BF0
:1095D400DA689DF803300199098A01FB03F3134407
:1095E400184603B05DF804FB081F030000B583B000
:1095F40001900091019B002B03D10849F52004F050
:109604000BFE009B019AD2689B1A019A128AB3FB43
:10961400F2F3DBB2184603B05DF804FB081F030045
:1096240000B585B00190019B002B01D10E234CE0C5
:10963400019B1B68002B03D12649FF2004F0ECFD9D
:10964400019B5B68002B04D122494FF4807004F025
:10965400E3FD019B9B68002B04D11E4940F20110DD
:1096640004F0DAFD019BDB68002B04D119494FF4A7
:10967400817004F0D1FD019B1B8A002B04D1154994
:1096840040F2031004F0C8FD019B9A68019B5B68DB
:10969400D31A8DF80F30019B1B68019A52681A6027
:1096A40007E0019B1A681368591C11609DF80F208C
:1096B4001A709DF80F305A1E8DF80F20002BF0D130
:1096C400019B1B6800221A710023184605B05DF83F
:1096D40004FB00BF081F030000B585B00190019B87
:1096E400002B04D11F494FF4927004F095FD002320
:1096F400039300238DF80A300DF10A031846FFF78F
:109704002DF9019B1B681A68019B5B689A421FD95B
:10971400019B1B681A68013A1A601B681B7819467A
:109724000198FFF747FF0390019B9A68019B1B6810
:109734001B68D31A8DF80B30019B1B681B799DF8AD
:109744000B209A4204D9019B1B689DF80B201A71C7
:109754009DF80A301846FFF717F9039B184605B021
:109764005DF804FB081F030010B584B0019000915C
:10977400019B002B04D1154940F2471004F04CFD25
:10978400009B002B04D111494FF4A47004F044FD54
:10979400009B039300238DF80B300DF10B03184647
:1097A400FFF7DCF8019B1B681C68621C1A600399B4
:1097B4000198FFF71BFF034623709DF80B301846F2
:1097C400FFF7E2F800BF04B010BD00BF081F03009C
:1097D40000B583B00190019B002B03D10C493120CB
:1097E40004F01AFD019B9B68002B0CD0019B5B6964
:1097F400019A1069019A1168019A92689847019B2D
:1098040000229A6000E000BF03B05DF804FB00BFD3
:109814005C1F03000EB400B584B00190019B002BC3
:1098240003D11849422004F0F7FC019B5B69002B2B
:1098340003D11449432004F0EFFC019B1B68002B67
:1098440003D11049442004F0E7FC019B5B68002B22
:1098540003D10C49452004F0DFFC059B002B0AD002
:109864000023039306AB039303AB1A4605990198AF
:1098740000F0B8F900E000BF04B05DF804EB03B0F9
:10988400704700BF5C1F030000B583B001900B4616
:109894008DF803309DF803300A2B03D10D21019874
:1098A400FFF7F2FF019B1A68019B9B68581C019902
:1098B400886013449DF803201A70019B9A68019BE9
:1098C4005B689A4202D30198FFF782FF00BF03B09E
:1098D4005DF804FB00B587B00390029101920093F8
:1098E40000230593009B03F00103002B24D00BE01D
:1098F400029B01330293059B013305939DF81330BA
:1099040019460398FFF7C0FF029B1B788DF81330AC
:109914009DF81330002BEBD106E0019B013B019332
:1099240020210398FFF7B0FF019A059B9A422ED994
:10993400019B002BF1D12AE0029B002B0BD0029853
:1099440007F0D8FE059006E0019B013B019320211E
:109954000398FFF799FF019A059B9A420FD9019B3F
:10996400002BF1D10BE0029B01330293059B0133E1
:1099740005939DF8133019460398FFF785FF029B62
:109984001B788DF813309DF81330002BEBD100BFFA
:1099940007B05DF804FB000000B589B003900291A4
:1099A40001920093029B07930123069307E0079A11
:1099B400019BB2FBF3F30793069B01330693079ACB
:1099C400019B9A42F3D2009A069B9A4201D9009BCA
:1099D40006930B9B03F00103002B22D10A9B002B5F
:1099E4001FD00B9B03F00203002B06D0009B002B1F
:1099F40003D130238DF8173002E020238DF817307F
:109A040008E00A9B013B0A939DF817301946039816
:109A1400FFF73AFF0A9B002B03D0069A0A9B9A424F
:109A2400EFD301230793009B012B03D9009B013B38
:109A3400009309E0029A079BB2FBF3F30493049AA0
:109A4400019B9A4200D205E0079B019A02FB03F3B3
:109A54000793E8E7029A079BB2FBF3F30493049B92
:109A6400079A02FB03F3029AD31A0293154A049B42
:109A740013441B7819460398FFF706FF079A019BC6
:109A8400B2FBF3F30793079B002BE3D10B9B03F08B
:109A94000103002B11D00A9B002B0ED006E00A9B79
:109AA400013B0A9320210398FFF7EEFE0A9B002B4B
:109AB40003D0069A0A9B9A42F1D300BF09B05DF81D
:109AC40004FB00BFFC1F030000B589B0059004919E
:109AD40003920293049B002BB8BF5B4206930123BD
:109AE400079307E0039B069A92FBF3F30693079B05
:109AF40001330793039B069A9A42F3DA029A079B6F
:109B04009A4201D9029B07930A9B002B0AD0049B1B
:109B1400002B04DB0B9B03F00403002B02D00A9BF5
:109B2400013B0A930B9B03F00203002B02D0029B20
:109B3400002B16D00B9B03F00103002B11D10A9BC1
:109B4400002B0ED006E00A9B013B0A9320210598C6
:109B5400FFF79AFE0A9B002B03D0079A0A9B9A42AE
:109B6400F1D3049B002B07DA049B5B4204932D2161
:109B74000598FFF789FE08E00B9B03F00403002B14
:109B840003D02B210598FFF77FFE0B9B03F0020304
:109B9400002B19D00B9B03F00103002B14D1029B63
:109BA400002B11D10A9B002B0ED006E00A9B013B2F
:109BB4000A9330210598FFF767FE0A9B002B03D018
:109BC400079A0A9B9A42F1D304990B9B01930A9B2F
:109BD4000093029B039A0598FFF7DEFE00BF09B0CD
:109BE4005DF804FB00B58FB0059004910392059BCA
:109BF400002B04D1AD4940F2522004F00DFB059B2B
:109C04005B69002B04D1A9494FF4157004F004FBDF
:109C1400059B1B68002B04D1A44940F2552004F095
:109C2400FBFA059B5B68002B04D1A04940F2562047
:109C340004F0F2FA049B002B00F09381049B1B7840
:109C44008DF83730049B013304939DF83730002B93
:109C540000F07E819DF83730252B40F06D81002384
:109C64000A9301230C93049B1B788DF837309DF8DD
:109C74003730302B0DD0302B1BDC2B2B11D02D2B60
:109C840017D10A9B43F001030A93049B0133049305
:109C940012E00A9B43F002030A93049B01330493EA
:109CA4000AE00A9B43F004030A93049B01330493E0
:109CB40002E000230C9300BF0C9B002BD3D10023A4
:109CC40009939DF837302A2B0CD1039B1B68191D6F
:109CD400039A11601B68099A13440993049B013386
:109CE40004931AE0049B1B788DF837309DF83730C5
:109CF4002F2B12D99DF83730392B0ED8049B013302
:109D04000493099A13469B0013445B001A469DF87A
:109D140037301344303B0993D3E700230B93049B60
:109D24001B788DF837309DF837302E2B1DD1049BCE
:109D340001330493049B1B788DF837309DF837303A
:109D44002F2B12D99DF83730392B0ED8049B0133B1
:109D540004930B9A13469B0013445B001A469DF828
:109D640037301344303B0B93E4E7049B1B788DF8A6
:109D740037309DF837306C2B03D09DF83730682B83
:109D840007D1049B01330493049B1B788DF837306F
:109D9400EFE79DF83730252B00F0C480252BC0F267
:109DA400C680782B00F3C380582BC0F2C080583B88
:109DB400202B00F2BC8001A252F823F0B59E0200D1
:109DC400339F0200339F0200339F0200339F02003F
:109DD400339F0200339F0200339F0200339F02002F
:109DE400339F0200339F0200459E0200679E0200DB
:109DF400339F0200339F0200339F0200339F02000F
:109E0400679E0200339F0200339F0200339F0200CB
:109E1400339F0200339F0200339F0200F59E02002D
:109E2400339F0200339F0200D99E0200339F020039
:109E34008B9E0200339F0200339F0200B59E0200F6
:109E4400039B1B68191D039A11601B680C930C9BE0
:109E54008DF81F309DF81F3019460598FFF714FD43
:109E640066E0039B1B68191D039A11601B680C9321
:109E74000A9B0193099B00930B9B0A220C9905985A
:109E8400FFF722FE54E0039B1B68191D039A11601F
:109E94001B680C930C990A9B0193099B00930B9BE1
:109EA4000A220598FFF778FD42E000BFA81F0300CF
:109EB400039B1B68191D039A11601B680C930C9972
:109EC4000A9B0193099B00930B9B10220598FFF7B3
:109ED40063FD2DE0039B1B68191D039A11601B6829
:109EE40008930A9B099A08990598FFF7F3FC1FE069
:109EF400039B1B68191D039A11601B680C93302186
:109F04000598FFF7C1FC78210598FFF7BDFC0C9973
:109F14000023019308230093082310220598FFF7D8
:109F24003BFD05E025210598FFF7AEFC00E000BFEE
:109F3400049B0133049305E09DF8373019460598D6
:109F4400FFF7A2FC049B1B78002B7FF477AE00E0A4
:109F540000BF059B1B7B002B04D00598FFF738FC42
:109F640000E000BF0FB05DF804FB00BF00B583B094
:109F740001900198FFF754FB0346184603B05DF8BF
:109F840004FB00B58BB001900091019B1B8A043B3C
:109F94000793009A079B1344DA1C079BB2FBF3F365
:109FA4008DF81B300198FFF797FB0590059B002B5C
:109FB40001D1002338E0059B00221A71059B012280
:109FC4005A71079B9AB2059BDA80059B09939DF809
:109FD4001B30013B0493099B019A1A6000230893E8
:109FE4001DE00198FFF778FB0390039B002B0ED034
:109FF400059B5B790133DAB2059B5A71099B039A7D
:10A004001A60039B019A1A60039B099304E0059864
:10A0140000F00EF8002307E0089B01330893089A28
:10A02400049B9A42DDD3059B18460BB05DF804FBF4
:10A0340000B58BB00190019B0793079B5B798DF86A
:10A044001B30019B08939DF81B30013B05930023B3
:10A05400099305E0089B1B680893099B0133099346
:10A06400099A059B9A42F5D3089B1B680493019BAC
:10A074000893002309930BE0089B1B68039308993A
:10A084000498FFF771FB039B0893099B0133099321
:10A094009DF81B30099A9A42EED300BF00BF0BB063
:10A0A4005DF804FB00B585B00190019B0393039B0D
:10A0B400043301211846FFF735FA00BF05B05DF8F7
:10A0C40004FB00B587B00190019B0593059B043305
:10A0D40001211846FFF73EFA0346039303AB0493AA
:10A0E400049B1B78002B02D10198FFF7A1FF00BF4E
:10A0F40007B05DF804FB000000B591B00390029135
:10A1040001920093039B002B03D14349B62004F032
:10A1140083F8039B0993039B0F93099BDB881A46DF
:10A12400099B5B7902FB03F3043B0893009A089BA9
:10A134009A4203D33849C42004F06EF8099BDB88A3
:10A144000793009B1A1D079BB2FBF3F30E93009B2E
:10A154000433079AB3FBF2F2079901FB02F29B1A4C
:10A164000D93019B1A68009B1344089A9A4203D2E8
:10A17400089A009BD31A01E0019B1B680C93019B76
:10A184000C9A1A6005E00F9B1B680F930E9B013B12
:10A194000E930E9B002BF6D100230B93079A0D9B75
:10A1A400D31A0A930A9A0C9B934228BF13460A9324
:10A1B4002AE0029A0B9B134406930F9A0D9B1344B7
:10A1C400043305939DF84830002B05D00A9A05996D
:10A1D400069807F0A5FA04E00A9A0699059807F08C
:10A1E4009FFA00230D930F9B1B680F930C9A0A9BF5
:10A1F400D31A0C930B9A0A9B13440B93079A0C9B48
:10A20400934228BF13460A930C9B002BD1D100BF65
:10A2140000BF11B05DF804FB0C20030000B589B049
:10A224000590049103920293039B079307AA0023CA
:10A234000093029B04990598FFF75EFF079B039A1E
:10A244009A4203D00349F62003F0E6FF00BF09B0A9
:10A254005DF804FB0C20030000B589B0059004915F
:10A2640003920293039B079307AA01230093029B83
:10A2740004990598FFF740FF079B039A9A4204D07C
:10A2840004494FF4807003F0C7FF00BF09B05DF8C4
:10A2940004FB00BF0C20030082B003468DF8073096
:10A2A4009DF90730002B0DDB9DF8073003F01F02EA
:10A2B40006499DF907305B09012000FA02F2603378
:10A2C40041F8232000BF02B0704700BF00E100E066
:10A2D40000B583B00190019B002B03D10649722085
:10A2E40003F09AFF019B00221A60BFF35F8F00BF47
:10A2F40000BF03B05DF804FBB420030041DF7047E6
:10A3040000BF184600B585B000238DF807300DF165
:10A3140007031846FEF722FBF1EE103A0393039B62
:10A3240023F09F030293029BE1EE103A00BFBFF3B8
:10A334005F8F00BF2620FFF7AFFF9DF80730184658
:10A34400FEF722FB039B03F00703002B03D0044911
:10A354007D2003F061FF00BF05B05DF804FB00BF82
:10A36400F820030008B5064B00221A700548FFF7D1
:10A37400AFFF0549054800F04BF80023184608BD17
:10A38400A02A00209C2A002050210300A42A002097
:10A3940000B583B0FFF7B6FF06F044FF0346002B79
:10A3A4000ED0FFF7ABFF0190019B002B0BD0019B5C
:10A3B400022B08D006494FF4B07003F02DFF02E0E1
:10A3C40020BF40BF20BF00BF03B05DF804FB00BF47
:10A3D400F820030082B00190019B9B6800229A60E0
:10A3E400019B9B6800221A61019B9B6800225A61B1
:10A3F400019B9B680022DA60019B9B6800225A60E3
:10A40400019B9B6800221A6000BF02B070470000E5
:10A4140000B583B001900091019B002B03D110493A
:10A42400502003F0F9FE009B002B03D10C4951206E
:10A4340003F0F2FE019B009A1A60019B1B681A68E4
:10A44400019B5A60019B5A68019B1B685B689A4296
:10A4540002D1019B00225A6000BF03B05DF804FBE7
:10A464005C21030000B583B00190019B002B03D154
:10A474001449632003F0D0FE019B1B68002B03D119
:10A484001049642003F0C8FE019B5B68002B14D0C4
:10A49400019B5B681A46019B1B689B6813441A4620
:10A4A400019B5A60019B5A68019B1B685B689A4236
:10A4B40004D1019B00225A6000E000BF03B05DF8A4
:10A4C40004FB00BF5C21030000B585B0019000913E
:10A4D400019B002B03D118493A2003F09DFE009BF9
:10A4E400002B03D114493B2003F096FE019B5B68CB
:10A4F40003930FE0019B9B68039A1268009910462E
:10A504009847034683F00103DBB2002B07D1039B7A
:10A514001B680393039B1B68002BEBD100E000BF77
:10A52400039B1A68009B1A60039B009A1A6000BF81
:10A5340005B05DF804FB00BFD821030000B585B069
:10A544000190019B002B03D10C49512003F064FEC0
:10A55400019B5B681B680393019B5B681B68002B72
:10A5640006D0019B5B681A68019B5B6812681A60DD
:10A57400039B184605B05DF804FB00BFD821030017
:10A5840000B583B00190019B002B03D105495D20E8
:10A5940003F042FE019B5B681B68184603B05DF83C
:10A5A40004FB00BFD821030000B585B001900091E1
:10A5B400019B002B03D11649692003F02DFE009B5B
:10A5C400002B03D112496A2003F026FE00238DF8E4
:10A5D4000B30019B5B6803930FE0039B1B68009A9D
:10A5E4009A4207D1009B1A68039B1A6001238DF8D5
:10A5F4000B3006E0039B1B680393039B1B68002B33
:10A60400EBD19DF80B30184605B05DF804FB00BF94
:10A61400D821030000B585B00190019800F00EF830
:10A624000390039B002B01D0039B00E0024B1846D0
:10A6340005B05DF804FB00BF3022030086B0019032
:10A64400164B0593164B04931FE0049A059BD31AEB
:10A65400DB10DA0F13445B10DB00059A13440393F9
:10A66400039B1B680293029A019B9A4202D9039BA3
:10A6740004930AE0029A019B9A4203D2039B083393
:10A68400059302E0039B5B6804E0059A049B9A42ED
:10A69400DBD30023184606B0704700BF3026030002
:10A6A40058270300BFF34F8F00BF064BDB6803F44A
:10A6B400E0620449044B1343CB60BFF34F8F00BFE8
:10A6C40000BFFDE700ED00E00400FA0582B01D4B79
:10A6D4001B68B3F1FF3F0AD11B4B1B68DBB201932C
:10A6E4001A4B1B681B0903F00F03009305E0154B7D
:10A6F4001B680193164B1B680093019B062B1DD10D
:10A70400009B033B042B17D801A252F823F000BF8F
:10A7140029A702002DA7020031A7020035A70200D5
:10A7240039A7020001230AE0012308E0012306E01F
:10A73400012304E0012302E0012300E00023184682
:10A7440002B0704730010010E00F00F0E80F00F095
:10A754003401001082B0174B1B68DBB20193164B17
:10A764001B681B0903F00F030093019B062B1DD1EB
:10A77400009B033B042B17D801A252F823F000BF1F
:10A7840099A702009DA70200A1A70200A5A70200A5
:10A79400A9A7020001230AE0002308E0002306E041
:10A7A400002304E0002302E0002300E00023184615
:10A7B40002B07047E00F00F0E80F00F082B01D4BCC
:10A7C4001B68B3F1FF3F0AD11B4B1B68DBB201933B
:10A7D4001A4B1B681B0903F00F03009305E0154B8C
:10A7E4001B680193164B1B680093019B062B1DD11C
:10A7F400009B033B042B17D801A252F823F000BF9F
:10A8040019A802001DA8020021A8020025A8020020
:10A8140029A8020001230AE0012308E0012306E03D
:10A82400012304E0012302E0012300E00023184691
:10A8340002B0704730010010E00F00F0E80F00F0A4
:10A844003401001082B0174B1B68DBB20193164B26
:10A854001B681B0903F00F030093019B062B1DD1FA
:10A86400009B033B042B17D801A252F823F000BF2E
:10A8740089A802008DA8020091A8020095A80200F0
:10A8840099A8020001230AE0002308E0002306E05F
:10A89400002304E0002302E0002300E00023184624
:10A8A40002B07047E00F00F0E80F00F082B01D4BDB
:10A8B4001B68B3F1FF3F0AD11B4B1B68DBB201934A
:10A8C4001A4B1B681B0903F00F03009305E0154B9B
:10A8D4001B680193164B1B680093019B062B1DD12B
:10A8E400009B033B042B17D801A252F823F000BFAE
:10A8F40009A902000DA9020011A9020015A902006C
:10A9040019A9020001230AE0012308E0012306E05B
:10A91400012304E0012302E0012300E000231846A0
:10A9240002B0704730010010E00F00F0E80F00F0B3
:10A934003401001082B0174B1B68DBB20193164B35
:10A944001B681B0903F00F030093019B062B1DD109
:10A95400009B033B042B17D801A252F823F000BF3D
:10A9640079A902007DA9020081A9020085A902003B
:10A9740089A9020001230AE0002308E0002306E07D
:10A98400002304E0002302E0002300E00023184633
:10A9940002B07047E00F00F0E80F00F082B0174BF0
:10A9A4001B68DBB20193164B1B681B0903F00F03F2
:10A9B4000093019B062B1DD1009B033B042B17D84E
:10A9C40001A252F823F000BFE1A90200E5A90200A8
:10A9D400E9A90200EDA90200F1A9020001230AE09D
:10A9E400002308E0002306E0002304E0002302E043
:10A9F400002300E00023184602B07047E00F00F087
:10AA0400E80F00F082B01D4B1B68B3F1FF3F0AD181
:10AA14001B4B1B68DBB201931A4B1B681B0903F029
:10AA24000F03009305E0154B1B680193164B1B683D
:10AA34000093019B062B1DD1009B033B042B17D8CD
:10AA440001A252F823F000BF61AA020065AA020025
:10AA540069AA02006DAA020071AA020000230AE09A
:10AA6400002308E0012306E0012304E0012302E0BF
:10AA7400012300E00023184602B0704730010010A3
:10AA8400E00F00F0E80F00F03401001082B01D4B1D
:10AA94001B68B3F1FF3F0AD11B4B1B68DBB2019368
:10AAA4001A4B1B681B0903F00F03009305E0154BB9
:10AAB4001B680193164B1B680093019B062B1DD149
:10AAC400009B033B042B17D801A252F823F000BFCC
:10AAD400E9AA0200EDAA0200F1AA0200F5AA020006
:10AAE400F9AA020001230AE0012308E0012306E099
:10AAF400012304E0012302E0012300E000231846BF
:10AB040002B0704730010010E00F00F0E80F00F0D1
:10AB14003401001082B01D4B1B68B3F1FF3F0AD112
:10AB24001B4B1B68DBB201931A4B1B681B0903F018
:10AB34000F03009305E0154B1B680193164B1B682C
:10AB44000093019B062B1DD1009B033B042B17D8BC
:10AB540001A252F823F000BF71AB020075AB0200F2
:10AB640079AB02007DAB020081AB020001230AE055
:10AB7400012308E0012306E0012304E0012302E0AD
:10AB8400012300E00023184602B070473001001092
:10AB9400E00F00F0E80F00F03401001082B0154B14
:10ABA4001B680193144B1B680093019B062B1DD15A
:10ABB400009B033B042B17D801A252F823F000BFDB
:10ABC400D9AB0200DDAB0200E1AB0200E5AB020051
:10ABD400E9AB020000230AE0002308E0002306E0BA
:10ABE400012304E0012302E0012300E000231846CE
:10ABF40002B07047300100103401001082B0154BD0
:10AC04001B680193144B1B680093019B062B1DD1F9
:10AC1400009B033B042B17D801A252F823F000BF7A
:10AC240039AC02003DAC020041AC020045AC02006C
:10AC340049AC020000230AE0002308E0002306E0F8
:10AC4400002304E0012302E0012300E0002318466E
:10AC540002B07047300100103401001008B5FFF74E
:10AC6400CDFF0346002B07D04FF010234FF0804256
:10AC7400D3F80832C2F8583500BF08BD00BF044BF2
:10AC8400D3F80034002BFAD000BF00BF704700BFD8
:10AC940000E0014000B583B00190054A019BC2F871
:10ACA4000435FFF7EBFF00BF03B05DF804FB00BF02
:10ACB40000E00140024B034A1A6000BF704700BF26
:10ACC400782300200090D00308B5FFF7FFFC03466B
:10ACD400002B06D0964B1B681B0A964A03F01F03F1
:10ACE4001360FFF737FD0346002B02D0924B934AC3
:10ACF4001A60FFF763FD0346002B06D0904B1B68D8
:10AD04005B0B904A03F007031360FFF79BFD0346B8
:10AD1400002B05D08C4BDB688B4A23F08073D36007
:10AD2400FFF7C4FD0346002B0ED04FF080430022F2
:10AD3400C3F80C214FF080430022C3F810214FF0D8
:10AD440080430022C3F83825FFF7F4FD0346002BA7
:10AD540002D07E4B03221A60FFF720FE0346002B2D
:10AD64000BD07B4B05221A607A4B01221A607A4B76
:10AD740000221A60794B3F221A60FFF743FE034614
:10AD8400002B76D04FF08053754AD3F80434C2F8C0
:10AD940020354FF08053724AD3F80834C2F8243572
:10ADA4004FF080536E4AD3F80C34C2F828354FF074
:10ADB40080536B4AD3F81034C2F82C354FF08053CB
:10ADC400674AD3F81434C2F830354FF08053644ADC
:10ADD400D3F81834C2F834354FF08053604AD3F8AE
:10ADE4001C34C2F840354FF080535D4AD3F8203408
:10ADF400C2F844354FF08053594AD3F82434C2F88A
:10AE040048354FF08053564AD3F82834C2F84C35AD
:10AE14004FF08053524AD3F82C34C2F850354FF0D7
:10AE240080534F4AD3F83034C2F854354FF080532E
:10AE34004B4AD3F83434C2F860354FF08053484A53
:10AE4400D3F83834C2F864354FF08053444AD3F809
:10AE54003C34C2F868354FF08053414AD3F840344B
:10AE6400C2F86C354FF080533D4AD3F84434C2F8ED
:10AE74007035FFF70BFE0346002B05D0394B1B68DA
:10AE8400394A03F04F031360FFF744FE0346002BD7
:10AE94000DD04FF08043D3F8003403F00103002BAE
:10AEA40005D04FF080436FF00102C3F80024FFF790
:10AEB40075FE0346002B05D02C4B1B682B4A43F42C
:10AEC400806313602A4BD3F88830294A43F4700313
:10AED400C2F88830BFF34F8F00BFBFF36F8F00BF3E
:10AEE400FFF7BCFE4FF01023D3F80032002B05DB34
:10AEF4004FF01023D3F80432002B15DA0120FFF7AA
:10AF0400C9FE4FF010231522C3F80022FFF7B6FE46
:10AF14004FF010231522C3F80422FFF7AFFE0020E0
:10AF2400FFF7B8FEFFF7BEFBFFF7C4FE00BF08BD86
:10AF3400240300104035014074C007400DF0ADBA41
:10AF4400440200103C050040F0ED00E0A005004084
:10AF540010560040885600401856004014560040D1
:10AF640000C0004058020010E40E00403C170040AE
:10AF740000ED00E000B583B00190019B1B6818460A
:10AF840000F0B5F80346002B04D105494FF4F670E0
:10AF940003F042F94FF0A043184603B05DF804FBF8
:10AFA4005827030000B585B00190084611461A469B
:10AFB40003468DF803300B468DF8023013468DF8A6
:10AFC400013001AB1846FFF7D5FF03909DF803202D
:10AFD4009DF802305B001A439DF801309B001A4330
:10AFE4009DF818301B0242EA03019DF81C301B0433
:10AFF400019A1943039B02F5E07243F8221000BF43
:10B0040005B05DF804FB00B585B0039000230193FF
:10B01400002300930023012201210398FFF7C2FFBC
:10B0240000BF05B05DF804FB00B585B003900B4686
:10B034008DF80B309DF80B30002201920022009213
:10B04400002200210398FFF7ADFF00BF05B05DF8B3
:10B0540004FB00B585B0019001AB1846FFF78AFFE9
:10B064000390019B012202FA03F31946039800F0AE
:10B074002AF800BF05B05DF804FB00B585B0019067
:10B0840001AB1846FFF776FF0390019B012202FAF9
:10B0940003F31946039800F020F800BF05B05DF8EB
:10B0A40004FB00B583B001900091009B002B03D1F9
:10B0B4000198FFF7E2FF02E00198FFF7CAFF00BF23
:10B0C40003B05DF804FB82B001900091019B009AEB
:10B0D400C3F8082500BF02B0704782B00190009108
:10B0E400019B009AC3F80C2500BF02B0704784B0DE
:10B0F4000190019B5B09029300230393029B002BA5
:10B1040003D14FF0FF33039300BF019B03F01F03F0
:10B114000193039A019B22FA03F303F00103002B2A
:10B1240014BF01230023DBB2184604B070470000AB
:10B1340000B583B00190019B032B03D9074941203B
:10B1440003F06AF8064A019B13441B780021184651
:10B15400FFF7A7FF00BF03B05DF804FB88270300D7
:10B16400D027030000B583B00190019B032B03D9C2
:10B174000749472003F050F8064A019B13441B7803
:10B1840001211846FFF78DFF00BF03B05DF804FBF3
:10B1940088270300D027030000B583B00023019360
:10B1A40005E00198FFF7DEFF019B01330193019B4A
:10B1B400032BF6D900BF00BF03B05DF804FB000009
:10B1C40000B583B00023019309E0094A019B1344AD
:10B1D4001B781846FFF717FF019B01330193019B6E
:10B1E400032BF2D9FFF7D8FF00BF03B05DF804FBCF
:10B1F400D027030000B583B0002301930AE0094A75
:10B20400019B13441B7803211846FFF70DFF019B94
:10B2140001330193019B032BF1D900BF00BF03B09D
:10B224005DF804FBD427030000B583B00190019BB3
:10B2340003F00103002B01D0FFF7C2FF019B03F0D1
:10B244000203002B01D0FFF7D5FF00BF03B05DF868
:10B2540004FB000082B003468DF807309DF90730E7
:10B26400002B13DB9DF8073003F01F0209499DF9F9
:10B2740007305B09012000FA02F2203341F8232051
:10B28400BFF34F8F00BFBFF36F8F00BF00BF02B08B
:10B29400704700BF00E100E0044BD3F80034002BFA
:10B2A40014BF01230023DBB218467047000001409D
:10B2B40008B505F0B7FF034683F00103DBB2002BAA
:10B2C40003D109497B2002F0A7FFFFF7E5FF0346FE
:10B2D40083F00103DBB2002B04D000F041FB034BED
:10B2E40000229A7000BF08BDE0270300AC2A0020AA
:10B2F40000B583B000230193184B1B78002B02D0B8
:10B30400852301931CE0154B00229A60134B002205
:10B314005A60124B00221A61104B0022DA60104866
:10B3240000F0E4FA019005F07DFF034683F0010389
:10B33400DBB2002B01D000F0FFFA084B01221A7097
:10B34400FFF7AAFF0346002B02D0044B01229A7098
:10B35400019B184603B05DF804FB00BFAC2A002033
:10B364003DB4020084B00190019B1B680393039BCE
:10B37400002B03D0039B1A68019B1A60039B184699
:10B3840004B0704700B583B0164B1B78002B04D172
:10B39400154940F2171002F03FFF124BDB68002BF7
:10B3A40004D111494FF48C7002F036FF00238DF85C
:10B3B40007300DF107031846FDF7D0FA094BDB6897
:10B3C400013B084AD360074BDB68002B01D1FFF730
:10B3D4006FFF9DF807301846FDF7D6FA00BF03B09B
:10B3E4005DF804FBAC2A0020E027030000B585B01B
:10B3F40003468DF807309DF80730002B02D10C4B23
:10B40400039301E00B4B03930398FFF7ABFF029008
:10B41400029B002B06D0029B5B689DF80720104618
:10B424009847F1E700BF00BF05B05DF804FB00BF1B
:10B43400B42A0020BC2A002000B583B003468DF84E
:10B4440007309DF80730002B05D10A4B01225A70B2
:10B454000020FFF7CBFF9DF80730012B05D1054BEA
:10B4640001229A700120FFF7C1FF00BF03B05DF80D
:10B4740004FB00BFAC2A002000B583B0019000910A
:10B48400019B002B05D1054B01225A700020FFF7C8
:10B49400ADFF00BF03B05DF804FB00BFAC2A002081
:10B4A40000B585B0034600918DF807309DF807304C
:10B4B400032B29D0032B35DC002B02D0012B04D025
:10B4C40030E00020FFF7C6FE2DE000238DF80F309A
:10B4D4000DF10F031846FDF741FA154B1B7883F065
:10B4E4000103DBB2002B01D0FFF702FF104BDB6836
:10B4F40001330F4AD3600E4B01229A709DF80F302E
:10B504001846FDF741FA0EE0094B1B78002B04D1D5
:10B51400084940F2522002F07FFE00F00DFAFFF7D6
:10B5240031FF00E000BF00BF05B05DF804FB00BFC1
:10B53400AC2A0020E027030000B589B001900091F7
:10B54400009B0793019B1B788DF80C30019B5B6873
:10B554000493019B9B68DBB28DF81430019BDB687C
:10B564000693074A079B52F823300649079A51F875
:10B57400221003AA1046984700BF09B05DF804FBE7
:10B58400C02A0020C42A002000B589B0019000918F
:10B59400009B0793019B1B788DF80C30019B5B6823
:10B5A4000493019B9B68DBB28DF81430019BDB682C
:10B5B4000693074A079B52F823300649079A51F825
:10B5C400221003AA1046984700BF09B05DF804FB97
:10B5D400C02A0020C42A002030B58FB00390029105
:10B5E4000192039B1B780C9326490C9B019A41F80A
:10B5F4002320029B1A6924490C9B41F82320029BB7
:10B604005B7F1946214A0C9B13440A461A70029B1D
:10B6140004AC1D460FCD0FC495E80F0084E80F005D
:10B624000C9B089300230D93039B1B781A46174B1E
:10B634009B5C002B0DD0039B181D019B002B01D09C
:10B64400134A00E0002204AB194602F023FB0D90DC
:10B6540014E0039B1B781A460C4B9B5C002B0DD10A
:10B66400039B03F10C00019B002B01D0094A00E06D
:10B67400002204AB194601F09BFC0D900D9B18466B
:10B684000FB030BDC02A0020C42A0020C82A0020E0
:10B694003DB502008DB5020082B003468DF8073037
:10B6A4009DF90730002B0CDB9DF8073003F01F02D7
:10B6B40005499DF907305B09012000FA02F241F8BF
:10B6C400232000BF02B0704700E100E082B00346CF
:10B6D40000918DF807309DF90730002B0ADB009BA1
:10B6E400DAB20C499DF907305201D2B20B4483F807
:10B6F40000230BE0009BDAB207499DF8073003F002
:10B704000F03043B5201D2B20B441A7600BF02B0BD
:10B71400704700BF00E100E000ED00E082B001905E
:10B72400019B1B0B5BB2184602B0704700B583B097
:10B7340003460A468DF8073013468DF806309DF807
:10B744000630012B03D99DF80630032B0BD99DF845
:10B754000630042B03D99DF80630072B03D908497A
:10B764006B2002F059FD9DF806209DF90730114623
:10B774001846FFF7ABFF00BF03B05DF804FB00BF42
:10B784003428030000B583B003468DF807309DF9D3
:10B7940007301846FFF780FF00BF03B05DF804FBD5
:10B7A40082B003468DF807300F4A9DF90730002B0D
:10B7B40000DA1F335B115BB252F823209DF9073086
:10B7C400594203F01F0301F01F0158BF4B425BB203
:10B7D40022FA03F303F00103002B14BF0123002317
:10B7E400DBB2184602B0704700E100E082B001907D
:10B7F4004FF08042019BC2F8083300BF02B070478B
:10B8040082B003468DF807309DF8073003F180437A
:10B8140001221A6000BF02B0704784B00346ADF83D
:10B824000630BDF8063003F1804300221A60BDF8EB
:10B83400063003F180431B680393039B00BF04B0ED
:10B84400704782B00346ADF80630BDF8063003F108
:10B8540080431B68002B14BF01230023DBB218466E
:10B8640002B0704782B001904FF08042019BC2F851
:10B87400183500BF02B070474FF08043D3F8183436
:10B884001B0C03F00103002B14BF01230023DBB2C4
:10B894001846704700B583B006238DF807304FF083
:10B8A4008040FFF73BFF03461846FFF779FF034646
:10B8B40083F00103DBB2002B13D04FF08040FFF77D
:10B8C4002DFF03461A469DF8073019461046FFF728
:10B8D4002DFF4FF08040FFF721FF03461846FFF786
:10B8E40051FF00BF03B05DF804FB000000B585B054
:10B8F4000190019B002B03D10D49A42002F08CFC84
:10B90400002303930B4B1B79002B02D08523039355
:10B9140008E0084A019B1360064B01221A71054B8B
:10B9240000225A71039B184605B05DF804FB00BF62
:10B934006C280300CC2A002008B5074B1B79002B88
:10B9440003D10649BD2002F067FCFFF7A3FF0120E5
:10B95400FFF788FF00BF08BDCC2A00206C28030035
:10B9640008B50D4B1B79002B03D10C49F72002F0CD
:10B9740053FC0220FFF73AFF4FF48270FFF74DFFAC
:10B984000C20FFF73DFF00BFFFF776FF0346002BB7
:10B99400FAD100BF00BF08BDCC2A00206C280300E8
:10B9A40008B54FF48070FFF74CFF0346002B14D00A
:10B9B4004FF48070FFF731FF0120FFF717FF114BA1
:10B9C4005B7983F00103DBB2002B06D00D4B01221F
:10B9D4005A710C4B1B68002098474FF48270FFF794
:10B9E40030FF0346002B0AD04FF48270FFF715FF97
:10B9F4000220FFF7FBFE034B1B680120984700BFA2
:10BA040008BD00BFCC2A002082B003468DF8073061
:10BA14009DF90730002B0CDB9DF8073003F01F0263
:10BA240005499DF907305B09012000FA02F241F84B
:10BA3400232000BF02B0704700E100E082B003465B
:10BA440000918DF807309DF90730002B0ADB009B2D
:10BA5400DAB20C499DF907305201D2B20B4483F893
:10BA640000230BE0009BDAB207499DF8073003F08E
:10BA74000F03043B5201D2B20B441A7600BF02B04A
:10BA8400704700BF00E100E000ED00E082B00190EB
:10BA9400019B1B0B5BB2184602B0704700B583B024
:10BAA40003460A468DF8073013468DF806309DF894
:10BAB4000630012B03D99DF80630032B0BD99DF8D2
:10BAC4000630042B03D99DF80630072B03D9084907
:10BAD4006B2002F0A1FB9DF806209DF9073011466A
:10BAE4001846FFF7ABFF00BF03B05DF804FB00BFCF
:10BAF400C028030000B583B003468DF807309DF9D4
:10BB040007301846FFF780FF00BF03B05DF804FB61
:10BB140000B583B00346ADF80630BDF806301846CC
:10BB240000F026F803461B68012B0CBF01230023F9
:10BB3400DBB2184603B05DF804FB00B585B00346DC
:10BB4400ADF80630BDF80630184600F011F803468B
:10BB54001A4600231360BDF80630184600F008F8B2
:10BB640003461B680393039B00BF05B05DF804FB09
:10BB740082B00346ADF80630BDF8063003F18043C9
:10BB840003F5C043184602B07047000082B001902C
:10BB9400034A019BC2F8043300BF02B0704700BFE0
:10BBA4000060004082B00190034A019BC2F8083350
:10BBB40000BF02B0704700BF0060004082B0019037
:10BBC400034BD3F80423019B1340184602B070477B
:10BBD4000060004082B00190084A019B03F5A27303
:10BBE40052F82330054943F00102019B03F5A27387
:10BBF40041F8232000BF02B0704700BF006000403E
:10BC040082B00190084A019B03F5A27352F82330D5
:10BC1400054923F00102019B03F5A27341F8232097
:10BC240000BF02B0704700BF0060004084B00390C2
:10BC3400029113468DF80730144A039B03F5A2734F
:10BC440052F82330114923F4473323F44073039A01
:10BC540002F5A27241F822300C4A039B03F5A27349
:10BC640052F82320029B1B0203F4F8519DF807307D
:10BC74001B0403F440330B4304491A43039B03F5A9
:10BC8400A27341F8232000BF04B070470060004055
:10BC940082B00190054A019B03F5A27352F8233048
:10BCA4001B0A03F01F03184602B0704700600040EF
:10BCB40082B00190064A019B03F5A27352F8233027
:10BCC4001B0C03F00303DBB2184602B0704700BF3D
:10BCD4000060004000B583B00190019B1B681846CA
:10BCE40000F014F90346002B04D105494FF4F67013
:10BCF40002F092FA4FF0A043184603B05DF804FB3B
:10BD0400F028030000B585B00190084611461A4694
:10BD140003468DF803300B468DF8023013468DF838
:10BD2400013001AB1846FFF7D5FF03909DF80320BF
:10BD34009DF802305B001A439DF801309B001A43C2
:10BD44009DF818301B0242EA03019DF81C301B04C5
:10BD5400019A1943039B02F5E07243F8221000BFD5
:10BD640005B05DF804FB00B585B003900B468DF873
:10BD74000B309DF80B300022019200220092002229
:10BD840000210398FFF7BEFF00BF05B05DF804FB78
:10BD940000B585B0019001AB1846FFF79BFF0390F7
:10BDA400019A039B02F5E07253F8223023F0020358
:10BDB4000293019A039B02F5E072029943F8221060
:10BDC40000BF05B05DF804FB00B585B001900B46DB
:10BDD4008DF8033001AB1846FFF77CFF0390019AFE
:10BDE400039B02F5E07253F82230019A23F44031A8
:10BDF400039B02F5E07243F82210019A039B02F5BB
:10BE0400E07253F822109DF803301B04019A194381
:10BE1400039B02F5E07243F8221000BF05B05DF801
:10BE240004FB00B585B0019001AB1846FFF752FF43
:10BE34000390039800F020F80246019B22FA03F3D2
:10BE440003F00103184605B05DF804FB00B585B0A6
:10BE5400019001AB1846FFF73DFF0390019A039B45
:10BE640002F5E07253F822301B0C03F00303DBB23B
:10BE7400184605B05DF804FB82B00190019BD3F82D
:10BE84001035184602B0704786B0039002910192B3
:10BE94004FF0A0430493039B059319E0059B9B007B
:10BEA40018336B4453F8083CD3F82025019B1A60DF
:10BEB400059B9B0018336B4453F8083C019A1268A5
:10BEC400C3F82025019B04330193059B013305939B
:10BED400039A029B1344059A9A42DFD300BF00BF22
:10BEE40006B0704700B585B0019001AB1846FFF766
:10BEF400F1FE0390019B012202FA03F31A46039B0D
:10BF0400C3F8202500BF05B05DF804FB84B00190A0
:10BF1400019B5B09029300230393029B002B03D133
:10BF24004FF0FF33039300BF019B03F01F03019302
:10BF3400039A019B22FA03F303F00103002B14BFBD
:10BF440001230023DBB2184604B0704784B001908B
:10BF54000091009B0393019BDB080293019B03F078
:10BF6400070301930122019B02FA03F30399029A46
:10BF74000A4412781340184604B0704784B0019004
:10BF84000091009B0393019BDB080293019B03F048
:10BF940007030193039A029B13441B785AB20121AD
:10BFA400019B01FA03F35BB2134359B2039A029B58
:10BFB4001344CAB21A7000BF04B0704782B0019033
:10BFC4000C4A019B1344303393F90030002B09DBF6
:10BFD400084A019B1344303393F90030072B01DCEA
:10BFE400012300E0002303F00103DBB2184602B092
:10BFF400704700BFD42A002082B00190064A019BFA
:10C004001344303393F90030072BCCBF01230023B2
:10C01400DBB2184602B07047D42A002082B00190E7
:10C02400064A019B1344303393F90030DB43DBB2FF
:10C03400DB09DBB2184602B0704700BFD42A0020E7
:10C0440084B00390029101928DF80330029B59B29F
:10C054000E4A039B134430330A461A700B49029B61
:10C06400019A41F823209DF8033083F00103DBB2E9
:10C07400002B08D0029B083B039A51B2034A134495
:10C084000A4683F8502000BF04B07047D42A002029
:10C0940082B00190044A019B13443033FF221A708A
:10C0A40000BF02B0704700BFD42A002000B583B09F
:10C0B400019004490198FFF761FF00BF03B05DF8E8
:10C0C40004FB00BF282B002082B00190044A019B8E
:10C0D4001344303393F90030184602B0704700BF60
:10C0E400D42A002082B00190034A019B52F82330E5
:10C0F400184602B0704700BFD42A002084B00190D3
:10C10400074A019B1344503393F900308DF80F30E4
:10C114009DF80F3023F0C003184604B0704700BFE9
:10C12400D42A002084B00190074A019B1344503361
:10C1340093F900308DF80F309DF80F309B09DBB276
:10C14400184604B0704700BFD42A002000B589B057
:10C154000390029113468DF80730FF238DF81F30AA
:10C164009DF80730002B01D0002300E0082305933D
:10C174009DF80730002B01D0082300E00C23049322
:10C18400059B069314E00F4A069B52F82330B3F143
:10C19400FF3F0AD19DF80730029A06990398FFF7EA
:10C1A4004FFF069B8DF81F3006E0069B0133069374
:10C1B400069A049B9A42E6D39DF91F30184609B0AB
:10C1C4005DF804FBD42A002082B003468DF80730C2
:10C1D4009DF80730094A4FF0FF3142F823109DF8CB
:10C1E4000730072B07D99DF80730083B034A13444F
:10C1F400FF2283F8502000BF02B07047D42A0020E9
:10C2040000B583B02D4B93F85830002B03D008238E
:10C214000093009B4EE000238DF8073011E09DF859
:10C2240007301846FFF772FE0346002B04D09DF832
:10C2340007301846FFF72CFF9DF8073001338DF8BF
:10C2440007309DF807301F2BE9D900238DF80730FC
:10C2540009E09DF807301846FFF7B6FF9DF8073050
:10C2640001338DF807309DF807300B2BF1D90422E8
:10C274000021134805F086FA1248FFF707FC03462D
:10C2840006211846FFF70AFC0E48FFF7FFFB03469A
:10C294001846FFF72FFC4FF4BE70FFF74EFC4FF02B
:10C2A4000040FFF773FC054B012283F8582000235C
:10C2B4000093009B184603B05DF804FBD42A0020C9
:10C2C400282B002000600040044B93F85830002BCA
:10C2D40014BF01230023DBB218467047D42A002080
:10C2E40000B587B00390029101920398FFF70EFE08
:10C2F4000346002B04D137494FF40C7001F08CFF36
:10C30400002305930398FFF789FE0346002B02D010
:10C314000823059358E0029B9B78C3F34003DBB2E8
:10C324001A4601990398FFF711FF03468DF813305D
:10C334009DF91330B3F1FF3F44D0029B9B78C3F3C4
:10C344008003DBB283F00103DBB2002B13D0029B2A
:10C354009B7803F00103DBB2002B03D00398FFF7B3
:10C3640017FD05E0029B5B7819460398FFF7FBFC79
:10C374000398FFF79BFE029B9B7803F00203DBB25A
:10C38400002B08D09DF91300029B1B781A460399D1
:10C39400FFF74CFC18E09DF91330083B0E4A134498
:10C3A40093F95010029B1B785BB29B015AB29DF922
:10C3B4001330083B0A4351B2074A13440A4683F830
:10C3C400502001E004230593059B184607B05DF84F
:10C3D40004FB00BF28290300D42A002000B589B03B
:10C3E40001900B468DF803300198FFF78FFD03464B
:10C3F400002B04D13A494FF4187001F00DFF019855
:10C40400FFF70CFE0346002B04D1354940F26120AE
:10C4140001F002FF0198FFF7EFFD0346002B2AD03D
:10C424000198FFF751FE0346083B1846FFF77AFED2
:10C4340003468DF80F309DF80F30032B0BD1019874
:10C44400FFF7EFFC0346002B01D0032300E0022397
:10C454008DF81F3008E09DF80F30012B01D1022325
:10C4640000E003238DF81F309DF81F301946019812
:10C47400FFF7AAFC30E00198FFF7A0FD0346002B6C
:10C484002AD00198FFF720FE03460693069B9BB231
:10C4940040339BB29B00ADF81630069B1846FFF75D
:10C4A40099FBBDF816301846FFF747FB9DF803309B
:10C4B400002B11D00198FFF707FE03461846FFF73B
:10C4C40011FE0490049B002B06D00122069B02FA65
:10C4D40003F31846FFF75AFB00BF09B05DF804FBED
:10C4E4002829030000B585B001900198FFF70EFDDF
:10C4F4000346002B04D11A4940F28B2001F08CFE34
:10C504000198FFF78BFD0346002B04D114494FF427
:10C51400237001F081FE0198FFF76EFD0346002BA6
:10C5240004D000210198FFF74FFC15E00198FFF7B4
:10C5340045FD0346002B0FD00198FFF7C5FD0346C8
:10C544000393039B1846FFF75BFB0122039B02FA4C
:10C5540003F31846FFF726FB00BF05B05DF804FBA4
:10C564002829030000B583B001900198FFF7CEFCA1
:10C574000346002B04D1094940F2B22001F04CFEDD
:10C584000198FFF74EFC0346002B14BF0123002340
:10C59400DBB2184603B05DF804FB00BF2829030092
:10C5A40000B585B00190019A01210020FFF76CFCD1
:10C5B400002303930BE0039B9B00019A13441B6825
:10C5C400002B01D0012306E0039B01330393039B5B
:10C5D400002BF0D00023184605B05DF804FB0000E2
:10C5E40000B587B00190002305935BE0344A059BB6
:10C5F4001344503393F90030B3F1FF3F4ED0059804
:10C60400FFF77CFD049001990498FFF79FFC034613
:10C61400002B44D00598FFF785FD03468DF80F30B5
:10C624000498FFF713FC03468DF80E309DF80E3086
:10C63400022B01D1032300E002238DF80D309DF875
:10C644000D3019460498FFF7BFFB0498FFF74AFC26
:10C654000498FFF739FD03461846FFF743FD02909F
:10C66400029B002B1BD09DF80F30032B0FD09DF89D
:10C674000E30022B03D19DF80F30012B07D09DF80B
:10C684000E30032B0BD19DF80F30022B07D19DF8F0
:10C694000F20029B11460498984700E000BF059BB9
:10C6A40001330593059B032BA0D90198FFF778FF6D
:10C6B4000346002B97D100BF00BF07B05DF804FB11
:10C6C400D42A002000B589B00023069300230093E8
:10C6D4004FF48073ADF812300123079300230593C0
:10C6E40021E0BDF812301846FFF712FA0346002B7A
:10C6F4000ED00798FFF762FA0346002B08D0BDF866
:10C7040012301846FFF719FA069A079B134306934B
:10C71400079B5B000793BDF812300433ADF8123069
:10C72400059B01330593059B072BDAD94FF4BE70A3
:10C73400FFF7EEF90346002B0DD04FF4BE70FFF760
:10C74400FCF9069B43F0004306936B461A4601210D
:10C754000020FFF799FB069BDBB2002B29D00123B5
:10C7640007930023059321E0079A069B1340002BAF
:10C7740016D00598FFF78CFA03900598FFF798FAFE
:10C7840003468DF80B300598FFF7ACFC0190019B34
:10C79400002B05D09DF80B20019B11460398984768
:10C7A400079B5B000793059B01330593059B072BB0
:10C7B400DAD9069B002B03DA6B461846FFF710FF05
:10C7C40000BF09B05DF804FB08B5064B1B68002BDD
:10C7D40003D10549512001F01FFD024B1B68984706
:10C7E40008BD00BF302B00208029030082B00190D7
:10C7F400019B044A934201D1034B00E000231846F5
:10C8040002B0704700200040302B002000B587B0F4
:10C8140001900091019B002B03D11C49772001F06A
:10C82400FBFC0198FFF7E2FF0590059B002B25D048
:10C8340000238DF8133000238DF80B300DF10B031A
:10C844001846FCF78BF8059B1B79002B03D00123BA
:10C854008DF8133005E0059B009A1A60059B0122B0
:10C864001A719DF80B301846FCF78EF89DF81330BA
:10C87400002B03D011230393039B02E000230393B3
:10C88400039B184607B05DF804FB00BF8029030032
:10C8940000B585B00190019B002B03D10A499B2070
:10C8A40001F0BAFC0198FFF7A1FF0390039B002B52
:10C8B40005D0039B00221A60039B00221A7100BF5B
:10C8C40005B05DF804FB00BF8029030082B0034675
:10C8D4008DF807309DF90730002B0CDB9DF80730ED
:10C8E40003F01F0205499DF907305B09012000FA96
:10C8F40002F241F8232000BF02B0704700E100E0DB
:10C9040082B003468DF807309DF90730002B13DB06
:10C914009DF8073003F01F0209499DF907305B09B0
:10C92400012000FA02F2203341F82320BFF34F8F95
:10C9340000BFBFF36F8F00BF00BF02B0704700BFDE
:10C9440000E100E082B0034600918DF807309DF9C4
:10C954000730002B0ADB009BDAB20C499DF9073043
:10C964005201D2B20B4483F800230BE0009BDAB2ED
:10C9740007499DF8073003F00F03043B5201D2B27C
:10C984000B441A7600BF02B0704700BF00E100E01C
:10C9940000ED00E082B00190019B1B0B5BB21846D6
:10C9A40002B0704700B583B003460A468DF80730DD
:10C9B40013468DF806309DF80630012B03D99DF8F7
:10C9C4000630032B0BD99DF80630042B03D99DF8B0
:10C9D4000630072B03D908496B2001F01DFC9DF894
:10C9E40006209DF9073011461846FFF7ABFF00BF3C
:10C9F40003B05DF804FB00BFD429030000B583B085
:10CA040003468DF807309DF907301846FFF75EFF9F
:10CA140000BF03B05DF804FB00B583B003468DF896
:10CA240007309DF907301846FFF76AFF00BF03B0CF
:10CA34005DF804FB84B001900B46ADF80230BDF8FC
:10CA44000230019A134400221A60BDF80230019AA0
:10CA540013441B680393039B00BF04B0704782B068
:10CA640001900B46ADF80230BDF80230019A134430
:10CA74001B68002B14BF01230023DBB2184602B04D
:10CA8400704782B001900091019B009AC3F804237F
:10CA940000BF02B0704782B001900091019BD3F8AF
:10CAA4000423009B1340002B14BF01230023DBB29B
:10CAB400184602B0704782B001900091019B009A21
:10CAC400C3F8082300BF02B0704784B00190019BF3
:10CAD400D3F880340393019B039AC3F88024039B07
:10CAE400184604B0704782B00190019B0422C3F839
:10CAF400002500BF02B0704782B00190019B002264
:10CB0400C3F8002500BF02B0704784B003900291BF
:10CB14000192039B019AC3F81425039B029AC3F85C
:10CB24000C2500BF04B0704700B583B001904FF0EE
:10CB3400FF324FF0FF310198FFF7E7FF00BF03B06A
:10CB44005DF804FB82B00190019BD3F80C351846C4
:10CB540002B0704782B00190019BD3F81435184697
:10CB640002B0704782B00190019BD3F80835184693
:10CB740002B0704782B00190019BD3F8103518467B
:10CB840002B0704784B0039002910192039B029A11
:10CB9400C3F80825039B019AC3F8102500BF04B00D
:10CBA400704700B583B001904FF0FF324FF0FF3172
:10CBB4000198FFF7E7FF00BF03B05DF804FB82B004
:10CBC4000190019BD3F81835DBB2184602B07047C8
:10CBD40082B001900B468DF803309DF80320019B31
:10CBE400C3F81C2500BF02B0704782B001900B4609
:10CBF4008DF803309DF80330019A134401221A6022
:10CC040000BF02B0704782B001900B468DF803302C
:10CC140013468DF802309DF803209DF8023013432B
:10CC2400DBB21A46019BC3F86C2500BF02B0704703
:10CC340082B001900091019B009AC3F8242500BFA3
:10CC440002B0704700B583B00190019B1B68184681
:10CC540000F096F80346002B04D105494FF4F67012
:10CC640001F0DAFA4FF0A043184603B05DF804FB74
:10CC7400042A030000B585B00190084611461A46FF
:10CC840003468DF803300B468DF8023013468DF8B9
:10CC9400013001AB1846FFF7D5FF03909DF8032040
:10CCA4009DF802305B001A439DF801309B001A4343
:10CCB4009DF818301B0242EA03019DF81C301B0446
:10CCC400019A1943039B02F5E07243F8221000BF56
:10CCD40005B05DF804FB00B585B003900023019313
:10CCE400002300930023012201210398FFF7C2FFD0
:10CCF40000BF05B05DF804FB00B585B003900B469A
:10CD04008DF80B309DF80B30002201920022009226
:10CD1400002200210398FFF7ADFF00BF05B05DF8C6
:10CD240004FB00B585B00390002301930023009316
:10CD34000023012200210398FFF79CFF00BF05B0E8
:10CD44005DF804FB00B585B0019001AB1846FFF710
:10CD540079FF0390019B012202FA03F31946039819
:10CD640000F004F800BF05B05DF804FB82B0019048
:10CD74000091019B009AC3F8082500BF02B07047D8
:10CD840084B00190019B5B09029300230393029BEF
:10CD9400002B03D14FF0FF33039300BF019B03F03B
:10CDA4001F030193039A019B22FA03F303F0010387
:10CDB400002B14BF01230023DBB2184604B07047D4
:10CDC40000B583B001900091009B1B68B3F1FF3F55
:10CDD40009D0009B1B681846FFF7B4FF009B1B6833
:10CDE4001846FFF778FF009B5B68B3F1FF3F05D05F
:10CDF400009B5B6800211846FFF77EFF019B1A68C1
:10CE0400009B9B6919461046FFF712FF019B1868A7
:10CE1400009B597D009B1B7D1A46FFF7F4FE019B86
:10CE24001868009B1968009B5B681A46FFF76DFE43
:10CE3400009B1B7D012B22D1009B9B68B3F1FF3F1C
:10CE440005D0009B9B6800211846FFF755FF009B07
:10CE5400DB68B3F1FF3F09D0009BDB681846FFF79E
:10CE640071FF009BDB681846FFF735FF019B1868CC
:10CE7400009BD968009B9B681A46FFF783FE00BF9E
:10CE840003B05DF804FB000000B583B001900B46CD
:10CE94008DF80330019B1B684FF48E711846FFF721
:10CEA400C9FD019B1B684FF4A2711846FFF7C2FD30
:10CEB400019B1B680E491846FFF7E3FD019B1B68A5
:10CEC4001846FFF767FD03461A469DF803301946D6
:10CED4001046FFF767FD019B1B681846FFF75AFDD4
:10CEE40003461846FFF78AFD00BF03B05DF804FB54
:10CEF4008000020000B583B00190019B1B680849C3
:10CF04001846FFF7D8FD019B1B681846FFF742FD42
:10CF140003461846FFF780FD00BF03B05DF804FB2D
:10CF24008402020000B587B00190019B1B6818467B
:10CF3400FFF708FE0590019B1B681846FFF70AFEE1
:10CF44000490019B1B681846FFF70CFE0390019B9D
:10CF54001B681846FFF70EFE0290019B1B681846DB
:10CF6400FFF7E2FD019B1B681846FFF71AFE059BBD
:10CF7400B3F1FF3F02D00598FFF7D3FE049BB3F152
:10CF8400FF3F02D00498FFF7CCFE029BB3F1FF3FB2
:10CF940002D00298FFF7C5FE039BB3F1FF3F02D016
:10CFA4000398FFF7BEFE00BF07B05DF804FB000066
:10CFB40000B587B0039002910192029B002B03D12C
:10CFC4002D49AA2001F028F9039B1B791A462C232A
:10CFD40002FB03F3294A1344049300230593049B9F
:10CFE40093F82A30002B03D008230593059B3EE0D9
:10CFF400039B1A68039B1B791946214B53F8213074
:10D0040019461046FFF702FC0346002B03D01123F8
:10D014000593059B2BE002990398FFF7D1FE049B2F
:10D02400019A5A60029B1A69049B1A60049B5B680C
:10D03400002B05D0029B1B7F19460398FFF724FFA2
:10D04400039B1B681846FFF74EFD049B00229A6160
:10D05400049B0022DA61049B002283F82920049BAC
:10D0640000225A61049B012283F82A20059B18465A
:10D0740007B05DF804FB00BF3C2A0300382B0020F6
:10D084008C2A030000B585B00190019B1B791A46D8
:10D094002C2302FB03F3114A13440393019B1B68E3
:10D0A4001846FFF729FD039B5B68002B02D001980B
:10D0B400FFF720FF0198FFF735FF019B1B68184617
:10D0C400FFF7E6FB039B002283F82A20039B002240
:10D0D4005A6000BF05B05DF804FB00BF382B002088
:10D0E40000B585B0019000914FF48E710198FFF75F
:10D0F400A1FC009B9A68009B1B6A13441B788DF863
:10D104000F30009B1B6A5A1C009B1A629DF80F305B
:10D1140019460198FFF75CFD00BF05B05DF804FBFC
:10D1240000B585B001900091009B5B69039316E004
:10D13400009B93F82830DBB2002B01D0002314E0CD
:10D144004FF48E710198FFF78AFC034683F00103C4
:10D15400DBB2002BECD100990198FFF7C1FF009BD3
:10D164001B6A039A9A42EBD80123184605B05DF86E
:10D1740004FB000000B587B0039002910192039B69
:10D184001B791A462C2302FB03F33C4A13440493F1
:10D19400049B93F82A30012B04D039494FF48C7046
:10D1A40001F03AF8029B002B04D1354940F21910E2
:10D1B40001F032F8019B002B04D131494FF48D70FA
:10D1C40001F02AF8039800F05DF80346002B03D021
:10D1D40011230593059B4CE0049B019A5A61049B1F
:10D1E400029A9A60049B00221A62049B002283F82C
:10D1F400282000230593039B1B684FF48E71184667
:10D20400FFF718FC039B1B6808211846FFF7EDFC89
:10D21400039B1B6804991846FFF762FF049B5B6835
:10D22400002B25D1039B1B6804991846FFF778FF50
:10D23400034683F00103DBB2002B02D00F230593D6
:10D2440013E000BF039B1B684FF48E711846FFF771
:10D2540006FC034683F00103DBB2002BF2D1039BEF
:10D264001B680C211846FFF7C0FC049B00225A617E
:10D27400059B184607B05DF804FB00BF382B00205F
:10D284003C2A030082B00190019B1B791946074A8E
:10D294002C2301FB03F3134414331B68002B14BF2A
:10D2A40001230023DBB2184602B07047382B00205C
:10D2B40010B582B001900091009B9B69002B08D1AE
:10D2C4004FF484710198FFF7B5FB0198FFF777FCE1
:10D2D40013E04FF484710198FFF7ACFB009BDA680C
:10D2E400009B5B6AD4180198FFF769FC034623701E
:10D2F400009B5B6A5A1C009B5A6202B010BD00B5C9
:10D3040089B003900291019201238DF81030029BA1
:10D314000693019B0593039B5B68039A116804AA17
:10D324001046984700BF09B05DF804FB00B587B00C
:10D334000190009100238DF80830009B0493019B19
:10D344009B680393019B00225A61019B5B68019ACD
:10D35400116802AA1046984700BF07B05DF804FBA5
:10D3640000B58BB0019000914FF400710198FFF764
:10D3740092FB0346002B39D04FF492710198FFF7CA
:10D384006EFB0346002B31D04FF492710198FFF7E6
:10D3940051FB4FF401710198FFF78DFB009B93F84B
:10D3A400293083F00103DBB2002B03D00421019860
:10D3B400FFF71BFC02238DF80C300198FFF785FB67
:10D3C40003460693009B9B690593009BDB680493CB
:10D3D400009B00229A61009B0022DA61009B5B683B
:10D3E400009A116803AA1046984752E00421019854
:10D3F400FFF751FB0346002B4BD04FF48471019887
:10D40400FFF72DFB0346002B43D000990198FFF74B
:10D414004FFF009B9A69009B5B6A9A4239D1009B3B
:10D42400DB69002B19D0009BDB680993009B5B6AC6
:10D434000893009BDA69009B9A61009B1A69009B20
:10D44400DA60009B0022DA61009B00225A62099A8A
:10D4540008990098FFF753FF1BE0009B93F82930CD
:10D4640083F00103DBB2002B03D004210198FFF702
:10D47400BCFB4FF401710198FFF71DFB009B0022D8
:10D484009A61009B596A009BDB681A460098FFF773
:10D4940036FF4FF48E710198FFF7E1FA0346002B33
:10D4A40024D0009B5B690793009B1B6A079A9A42EE
:10D4B4000DD9009B93F82830DBB283F00103DBB273
:10D4C400002B04D000990198FFF70AFE0EE04FF4F8
:10D4D4008E710198FFF7AEFA009B5B69002B05D0B3
:10D4E400009B5B6919460098FFF720FF4FF4A27177
:10D4F4000198FFF7B4FA0346002B1CD04FF4A27135
:10D504000198FFF797FA009B93F82930002B03D07A
:10D5140000210198FFF769FB009B9B69002B0AD04F
:10D52400009B00229A61009B596A009BDB681A46A3
:10D534000098FFF7E4FE00BF0BB05DF804FB0000A9
:10D5440008B503490348FFF70BFF00BF08BD00BF40
:10D55400382B00200020004082B003468DF80730AD
:10D564009DF90730002B0CDB9DF8073003F01F02F8
:10D5740005499DF907305B09012000FA02F241F8E0
:10D58400232000BF02B0704700E100E082B00346F0
:10D594008DF807309DF90730002B13DB9DF8073019
:10D5A40003F01F0209499DF907305B09012000FAC5
:10D5B40002F2203341F82320BFF34F8F00BFBFF3A3
:10D5C4006F8F00BF00BF02B0704700BF00E100E0F2
:10D5D40082B0034600918DF807309DF90730002B87
:10D5E4000ADB009BDAB20C499DF907305201D2B232
:10D5F4000B4483F800230BE0009BDAB207499DF843
:10D60400073003F00F03043B5201D2B20B441A76E5
:10D6140000BF02B0704700BF00E100E000ED00E091
:10D6240082B00190019B03F06043B3F1005F0CBF33
:10D6340001230023DBB2184602B0704782B0019088
:10D64400019B1B0B5BB2184602B0704700B583B058
:10D6540003460A468DF8073013468DF806309DF8C8
:10D664000630012B03D99DF80630032B0BD99DF806
:10D674000630042B03D99DF80630072B03D908493B
:10D684006B2000F0C9FD9DF806209DF90730114676
:10D694001846FFF79DFF00BF03B05DF804FB00BF11
:10D6A400902A030000B583B003468DF807309DF936
:10D6B40007301846FFF750FF00BF03B05DF804FBC6
:10D6C40000B583B003468DF807309DF9073018463E
:10D6D400FFF75CFF00BF03B05DF804FB84B001906A
:10D6E4000B46ADF80230BDF80230019A1344002213
:10D6F4001A60BDF80230019A13441B680393039B1C
:10D7040000BF04B0704782B001900B46ADF8023000
:10D71400BDF80230019A13441B68002B14BF012387
:10D724000023DBB2184602B0704782B0019000912A
:10D73400019BD3F80022009BDB431A40019BC3F8F2
:10D74400002200BF02B0704782B001900091019B9B
:10D75400009AC3F8042300BF02B0704782B001905E
:10D764000091019B009AC3F8082300BF02B07047E0
:10D7740084B00190019BD3F880340393019B039AF6
:10D78400C3F88024039B184604B0704782B001900C
:10D79400019B0822C3F8002500BF02B0704782B085
:10D7A4000190019B0022C3F8002500BF02B070471E
:10D7B40084B0039002910192039B029AC3F80C2552
:10D7C400039B019AC3F8142500BF04B0704700B549
:10D7D40083B001904FF0FF324FF0FF310198FFF713
:10D7E400E7FF00BF03B05DF804FB82B00190019B2A
:10D7F400D3F80C35184602B0704782B00190019BF3
:10D80400D3F81435184602B0704782B00190019BDA
:10D81400D3F80835184602B0704782B00190019BD6
:10D82400D3F81035184602B0704784B003900291C3
:10D834000192039B029AC3F80825039B019AC3F83B
:10D84400102500BF04B0704700B583B001904FF0BD
:10D85400FF324FF0FF310198FFF7E7FF00BF03B03D
:10D864005DF804FB82B001900B468DF803309DF8FF
:10D874000330019A134401221A6000BF02B07047BA
:10D8840082B001900B468DF8033013468DF80230B8
:10D894009DF803209DF802301343DBB21A46019B26
:10D8A400C3F86C2500BF02B0704782B001900091AC
:10D8B400019B009AC3F8242500BF02B0704784B0CE
:10D8C400039002910192029A039BC3F84425039B9F
:10D8D400019AC3F8482500BF04B0704782B0019094
:10D8E400019BD3F84C35184602B0704782B00190C2
:10D8F400019BD3F83C35184602B0704700B583B09D
:10D904000190019B1B68184600F096F80346002B13
:10D9140004D105494FF4F67000F07EFC4FF0A043AB
:10D92400184603B05DF804FBC02A030000B585B0B7
:10D934000190084611461A4603468DF803300B46FB
:10D944008DF8023013468DF8013001AB1846FFF70D
:10D95400D5FF03909DF803209DF802305B001A4325
:10D964009DF801309B001A439DF818301B0242EACF
:10D9740003019DF81C301B04019A1943039B02F513
:10D98400E07243F8221000BF05B05DF804FB00B557
:10D9940085B0039000230193002300930023012208
:10D9A40001210398FFF7C2FF00BF05B05DF804FB37
:10D9B40000B585B003900B468DF80B309DF80B3005
:10D9C4000022019200220092002200210398FFF716
:10D9D400ADFF00BF05B05DF804FB00B585B0039052
:10D9E40000230193002300930023012200210398C4
:10D9F400FFF79CFF00BF05B05DF804FB00B585B0E0
:10DA0400019001AB1846FFF779FF0390019B0122B7
:10DA140002FA03F31946039800F004F800BF05B0B6
:10DA24005DF804FB82B001900091019B009AC3F859
:10DA3400082500BF02B0704784B00190019B5B09C8
:10DA4400029300230393029B002B03D14FF0FF3377
:10DA5400039300BF019B03F01F030193039A019BEF
:10DA640022FA03F303F00103002B14BF0123002364
:10DA7400DBB2184604B0704700B583B00190009142
:10DA8400009B1B68B3F1FF3F09D0009B1B6818463D
:10DA9400FFF7B4FF009B1B681846FFF778FF009B55
:10DAA4005B68B3F1FF3F05D0009B5B68002118461B
:10DAB400FFF77EFF019B1A68009B9B69194610467D
:10DAC400FFF7F3FE019B1868009B597D009B1B7DAB
:10DAD4001A46FFF7D5FE019B1868009B1968009B46
:10DAE4005B681A46FFF764FE009B1B7D012B22D165
:10DAF400009B9B68B3F1FF3F05D0009B9B6800210E
:10DB04001846FFF755FF009BDB68B3F1FF3F09D0D0
:10DB1400009BDB681846FFF771FF009BDB68184623
:10DB2400FFF735FF019B1868009BD968009B9B6831
:10DB34001A46FFF77AFE00BF03B05DF804FB00004D
:10DB440000B583B001900B468DF80330019B1B6830
:10DB54004FF488711846FFF7C1FD019B1B684FF411
:10DB640090711846FFF7BAFD019B1B684FF4927140
:10DB74001846FFF7B3FD019B1B684FF4A2711846CA
:10DB8400FFF7ACFD019B1B684FF4AC711846FFF71F
:10DB9400A5FD019B1B680F491846FFF7D5FD019BA6
:10DBA4001B681846FFF74AFD03461A469DF80330E2
:10DBB40019461046FFF74AFD019B1B681846FFF7FC
:10DBC4003DFD03461846FFF76DFD00BF03B05DF849
:10DBD40004FB00BF1003420000B583B00190019B19
:10DBE4001B6808491846FFF7B9FD019B1B681846D6
:10DBF400FFF724FD03461846FFF762FD00BF03B09C
:10DC04005DF804FB1003420000B587B00190019B4E
:10DC14001B681846FFF7E9FD0590019B1B68184631
:10DC2400FFF7EBFD0490019B1B681846FFF7EDFD21
:10DC34000390019B1B681846FFF7EFFD0290019BC0
:10DC44001B681846FFF7C3FD019B1B681846FFF7C6
:10DC5400FBFD059BB3F1FF3F02D00598FFF7BDFE26
:10DC6400049BB3F1FF3F02D00498FFF7B6FE029B7A
:10DC7400B3F1FF3F02D00298FFF7AFFE039BB3F16D
:10DC8400FF3F02D00398FFF7A8FE00BF07B05DF87E
:10DC940004FB000000B587B0039002910192029B3F
:10DCA400002B03D12B49CF2000F0B6FA039B1B793C
:10DCB4001A461346DB0013449B00274A134404937B
:10DCC40000230593049B93F82030002B03D00823F2
:10DCD4000593059B3AE0039B1A68039B1B7919463D
:10DCE4001E4B53F8213019461046FEF78FFD0346AC
:10DCF400002B03D011230593059B27E00299039879
:10DD0400FFF7BAFE049B019A5A60029B1A69049BAE
:10DD14001A60049B5B68002B05D0029B1B7F19468D
:10DD24000398FFF70DFF039B1B681846FFF72EFDB2
:10DD3400049B00229A61049B0022DA61049B002266
:10DD44005A61049B012283F82020059B184607B0E2
:10DD54005DF804FBF82A0300642B00204C2B03001D
:10DD640000B585B00190019B1B791A461346DB0070
:10DD740013449B002A4A13440393019B1B68029398
:10DD8400039B5B68002B02D00198FFF725FF20213D
:10DD94000298FFF7CAFC039B9B69002B08D04FF441
:10DDA400A2710298FFF79AFC04210298FFF75AFD2A
:10DDB4004FF4AC710298FFF791FC0C210298FFF725
:10DDC40051FD00BF4FF4AC710298FFF79CFC034671
:10DDD40083F00103DBB2002BF4D1039B9B69002B7E
:10DDE4000AD04FF4A2710298FFF78DFC034683F02A
:10DDF4000103DBB2002BE5D10298FFF7D0FC0198B8
:10DE0400FFF702FF0298FEF743FD039B002283F80D
:10DE14002020039B00225A6000BF05B05DF804FB7C
:10DE2400642B002000B589B0039002910192039BFA
:10DE34001B791A461346DB0013449B00564A1344CD
:10DE44000593059B93F82030012B04D0534940F2ED
:10DE5400531000F0E1F9029B002B04D14F494FF419
:10DE6400AA7000F0D9F9019B002B04D14B4940F270
:10DE7400551000F0D1F9039B1B79002B02D1019BB3
:10DE8400FF2B04D945494FF4AB7000F0C5F9029853
:10DE9400FFF7C6FB034683F00103DBB2002B03D07C
:10DEA40010230793079B73E0039800F079F8034667
:10DEB400002B03D011230793079B69E0059B019A6C
:10DEC4005A61059B029A9A6000230793039B1B687F
:10DED4004FF490711846FFF701FC039B1B684FF445
:10DEE400AC711846FFF7FAFB039B1868059B996809
:10DEF400059B5B691A46FFF7E2FC039B1B6808213C
:10DF04001846FFF7AFFC059B5B68002B3FD1039BD2
:10DF14001B684FF490711846FFF7F5FB03468DF824
:10DF24001B30039B1B684FF4AC711846FFF7EBFBE7
:10DF340003468DF81A309DF81B3083F00103DBB2E1
:10DF4400002B06D09DF81A3083F00103DBB2002BBE
:10DF5400DDD19DF81A30002B02D00F23079313E074
:10DF6400039B1B680C211846FFF77CFC00BF039B36
:10DF74001B684FF4AC711846FFF7C5FB034683F0EA
:10DF84000103DBB2002BF2D1059B00225A61079BEF
:10DF9400184609B05DF804FB642B0020F82A03003E
:10DFA40082B00190019B1B791946084A0B46DB009D
:10DFB4000B449B00134414331B68002B14BF012330
:10DFC4000023DBB2184602B0704700BF642B002068
:10DFD40000B589B003900291019201238DF81030AD
:10DFE400029B0693019B0593039B5B68039A11684C
:10DFF40004AA1046984700BF09B05DF804FB00B5B9
:10E0040087B00190009100238DF80830009B0493A1
:10E01400019B9B680393019B00225A61019B5B68EF
:10E02400019A116802AA1046984700BF07B05DF82C
:10E0340004FB00B589B0019000914FF492710198EE
:10E04400FFF761FB0346002B22D04FF49271019835
:10E05400FFF744FB02238DF808300198FFF788FB93
:10E06400034605930198FFF741FC03460493009B84
:10E07400DB680393009B00229A61009B0022DA6113
:10E08400009B5B68009A116802AA104698473BE01F
:10E094004FF488710198FFF736FB0346002B33D009
:10E0A4004FF488710198FFF719FB0198FFF71EFCE4
:10E0B4000790009B9B69079A9A4225D1009BDB69D4
:10E0C400002B17D0009BDB68069320210198FFF7F3
:10E0D4002CFB009BDA69009B9A61009B1A69009BE8
:10E0E400DA60009B0022DA61069A07990098FFF72C
:10E0F4006FFF09E0009B00229A61009BDB681A46CF
:10E1040007990098FFF764FF4FF4A2710198FFF795
:10E11400FAFA0346002B18D04FF4A2710198FFF7C6
:10E12400DDFA009B9B69002B0FD0009B00229A61B3
:10E13400009B0022DA610198FFF7D8FB0146009B9F
:10E14400DB681A460098FFF743FF4FF4907101987B
:10E15400FFF7D9FA0346002B14D04FF490710198BD
:10E16400FFF7BCFA0C210198FFF77CFB009B5B696D
:10E17400002B07D00198FFF7B1FB0346194600981E
:10E18400FFF73DFF4FF4AC710198FFF7BCFA03466B
:10E19400002B10D04FF4AC710198FFF79FFA009B4D
:10E1A4005B69002B07D00198FFF798FB03461946DB
:10E1B4000098FFF724FF00BF09B05DF804FB0000DE
:10E1C40008B503490348FFF734FF00BF08BD00BF8B
:10E1D400642B00200020004072DF704700BF184607
:10E1E40073DF704700BF184676DF704700BF1846DC
:10E1F4007ADF704700BF18467CDF704700BF1846BF
:10E204007FDF704700BF18468FDF704700BF184696
:10E21400B1DF704700BF184600B583B003460091D4
:10E22400ADF80630BDF80630009A19460348F9F7F0
:10E2340045FE00BF03B05DF804FB00BFEFBEADDEDA
:10E2440008B50120FCF7F0FF00BF08BD00B583B09E
:10E25400FAF7E4F90190019B0093009B002B04D092
:10E26400044AA1210098F9F729FE00BF03B05DF824
:10E2740004FB00BF502B030000B587B09DF80030AD
:10E28400012262F303038DF800309DF8003001226F
:10E2940062F307138DF800306B460D221A491846B5
:10E2A400FFF7AAFF0590059B0493049B002B04D061
:10E2B400164AB5210498F9F701FE01AB08220021A2
:10E2C400184603F05FFA5023ADF80430A023ADF8EC
:10E2D40006300023ADF808304FF4C873ADF80A30A7
:10E2E40001AB1846FFF784FF0590059B0393039B3E
:10E2F400002B04D0054ABF210398F9F7DFFD00BFC6
:10E3040007B05DF804FB00BFAC2B0300502B0300E7
:10E3140000B583B00021094802F0E2FA0190019BA4
:10E324000093009B002B04D0054AC8210098F9F7FC
:10E33400C5FD00BF03B05DF804FB00BFA02B0020A7
:10E34400502B030000B5ABB041F22353ADF81C30A1
:10E35400364B9B7C8DF81E3017AB3C2200211846AF
:10E3640003F010FA02238DF85C3001238DF85E303F
:10E3740006238DF85F3008AB3C220021184603F0D9
:10E3840001FA0123ADF8303007AB0D93284B19681F
:10E3940017AB284A184601F06FF92990299B289356
:10E3A400289B002B04D0244AE6212898F9F786FDFF
:10E3B4001F4B996808AB214A184601F05DF9299072
:10E3C400299B2793279B002B04D01B4AE9212798DC
:10E3D400F9F774FD01AB18220021184603F0D2F9B5
:10E3E40001238DF819300023ADF8103001238DF886
:10E3F40004300023029300238DF818304023039344
:10E4040001AB1A460A490E48FFF7E6FE2990299BFC
:10E414002693269B002B04D0074AF8212698F9F767
:10E424004DFD00BF2BB05DF804FB00BF882B00201E
:10E434008023002084230020502B03008C23002001
:10E444007E23002000B583B00190054A40F20511F7
:10E454000198F9F733FD00BF03B05DF804FB00BF7A
:10E46400502B030000B583B003460091ADF806308D
:10E4740013468DF805309DF80530002B0ED0022090
:10E48400FCF756FE0E4A0F4BD31ADB081B0443F06D
:10E4940003030D491846F8F737FD0DE00220FCF799
:10E4A40061FE074A074BD31ADB081B0443F003033E
:10E4B40006491846F8F728FD00BF03B05DF804FBD1
:10E4C4004C19030024190300BC2B0300D02B0300B8
:10E4D40000B587B00023029300230193144B0193EA
:10E4E40001AB1946134802F0DFFA0590059B04932B
:10E4F400049B002B05D0104A40F229110498F9F727
:10E50400DDFC0E4B029302AB19460D4802F020FCD1
:10E514000590059B0393039B002B05D0064A40F20C
:10E524002F110398F9F7CAFC00BF07B05DF804FB8C
:10E5340049E40200B42B0020502B030069E40200DC
:10E54400882B002000B585B00190019B1B78002B1F
:10E5540011D10B4B1B883B211846FFF745FE039056
:10E56400039B0293029B002B05D0064A40F24511FF
:10E574000298F9F7A3FC00BF05B05DF804FB00BFE7
:10E584007C230020502B030000B583B00190054A82
:10E594004FF4A8710198F9F791FC00BF03B05DF83E
:10E5A40004FB00BF502B030000B58BB001AB1C2251
:10E5B4000021184603F0E6F8002301934FF4A0234A
:10E5C40002934FF4A033039303238DF810300023F8
:10E5D400ADF8123000238DF814300C4B06930C4B1D
:10E5E400079301AB184601F08DFA0990099B089333
:10E5F400089B002B05D0074A40F267110898F9F7E9
:10E604005DFC00BF0BB05DF804FB00BF49E50200F0
:10E614008DE50200502B030000B583B00C4B1B7832
:10E6240001211846FFF7DCFD0190019B0093009B3C
:10E63400002B05D0074A4FF4B9710098F9F73EFC56
:10E644000020FCF775FD00BF03B05DF804FB00BFBC
:10E654007E230020502B030000B58DB00190009163
:10E66400019B1B88562B00F0EC80562B00F3FC809A
:10E67400522B00F0BF80522B00F3F680212B2DDCAF
:10E68400102BC0F2F180103B112B00F2ED8001A29F
:10E6940052F823F0E9E6020057E702006DE80200B1
:10E6A4009DE702006DE802006DE802006DE80200DB
:10E6B4006DE802006DE802006DE802006DE80200FA
:10E6C4006DE802006DE802006DE802006DE80200EA
:10E6D4006DE802006DE80200C5E702003B2B00F084
:10E6E4009D80C1E0694A6A4BD31ADB081B0443F0DE
:10E6F400030368491846F8F707FC0120FCF718FDE6
:10E704000020FCF72FFD019B9A88634B1A80624B13
:10E714001B881946614802F0E9F90B900B9B04939E
:10E72400049B002B05D05E4A40F289110498F9F746
:10E73400C5FBF9F703FB0B900B9B0393039B002B87
:10E7440000F09480564A40F28B110398F9F7B6FB17
:10E754008CE04E4A4E4BD31ADB081B0443F00303F0
:10E7640050491846F8F7D0FB0120FCF7FBFC4A4B54
:10E774004FF6FF721A80F9F70DFB0B900B9B059374
:10E78400059B002B05D0464A40F293110598F9F7F2
:10E7940095FBFFF741FF74E03F4B188800230022EC
:10E7A4008521FFF72DFD0B900B9B0693069B002BF9
:10E7B4005ED03B4A40F29D110698F9F77FFB57E083
:10E7C40000238DF8083000238DF80930019B9B88C5
:10E7D40002AA11461846FFF717FD0B900B9B0793EF
:10E7E400079B002B46D02E4A40F2A9110798F9F74F
:10E7F40065FB3FE0284B1888002300220021FFF727
:10E8040007FD0B900B9B0993099B002B34D0244AE2
:10E8140040F2AF110998F9F751FB2DE0019B9B8859
:10E8240013211846FFF7E0FC0B900B9B0893089B01
:10E83400002B23D01A4A40F2B7110898F9F73EFB8F
:10E844001CE0019B9B8813211846FFF7CDFC0B901D
:10E854000B9B0A930A9B002B12D0114A40F2BF1162
:10E864000A98F9F72BFB0BE000BF0AE000BF08E0B1
:10E8740000BF06E000BF04E000BF02E000BF00E00C
:10E8840000BF00BF0DB05DF804FB00BF4C190300CE
:10E8940024190300E42B03007C230020B42B002064
:10E8A400502B0300F02B030000B587B002F066FC88
:10E8B4000590059B0493049B002B05D0164A4FF446
:10E8C400E9710498F9F7FAFA0023019301AB1946A8
:10E8D400012002F00BFD0590059B0393039B002B85
:10E8E40005D00D4A4FF4EC710398F9F7E7FA01AB40
:10E8F400184602F0EFFD0590059B0293029B002B46
:10E9040005D0054A4FF4EE710298F9F7D7FA00BF23
:10E9140007B05DF804FB00BF502B030000B585B0C1
:10E9240003460A468DF8073013468DF806309DF8E5
:10E9340007300D2B2FD11F4A1F4BD31ADB081B04A2
:10E9440043F003031D491846F8F7DEFA1C4B1B88F5
:10E954009DF806201B49184602F096FA0390039B83
:10E96400002B21D0039B43F2020293421CD0039B51
:10E97400082B19D0039B43F20142934214D0039B0A
:10E984000293029B002B0FD00F4A4FF4FB710298A5
:10E99400F9F794FA08E09DF807300B4A40F2FB11AE
:10E9A4001846F9F78BFA00E000BF00BF05B05DF828
:10E9B40004FB00BF4C19030024190300002C0300BE
:10E9C4007C230020882B0020502B030000B583B04B
:10E9D40040F2333201210948F9F728F90190019BEB
:10E9E4000093009B002B05D0054A40F20F210098AC
:10E9F400F9F764FA00BF03B05DF804FB902300202C
:10EA0400502B030000B583B04FF480410020F7F78A
:10EA1400A5FF0190019B0093009B002B05D0064AA3
:10EA240040F216210098F9F749FAF7F719FF00BFE9
:10EA340003B05DF804FB00BF502B030000B583B0A6
:10EA4400FBF790FC0190019B0093009B002B05D0E9
:10EA5400044A40F222210098F9F730FA00BF03B0CB
:10EA64005DF804FB502B030008B5F8F7A9FA034638
:10EA740083F00103DBB2002B01D0FBF789FC00BF5C
:10EA840008BD000008B5FFF7BDFFFFF7D9FBFFF78E
:10EA9400DDFBFFF79BFFFFF7D1FFFFF705FFFFF754
:10EAA400EBFBFFF735FCFFF713FDFFF74BFCFFF71C
:10EAB4007BFD084A084BD31ADB081B0443F003030D
:10EAC40006491846F8F720FAFFF7A6FDFFF7CCFF32
:10EAD400FCE700BF4C190300241903001C2C03009D
:10EAE40082B0204B0193019B02221A61019B0222F6
:10EAF4005A61019B1C4A9A61019B1C4ADA61019B81
:10EB04004FF400721A62019B00229A62019B002258
:10EB14005A62019B0022DA62019B134A9A64019BA8
:10EB2400134ADA64019B10221A65019B00229A653C
:10EB3400019B00225A65019B0022DA65019B073381
:10EB44000C4A10681860019B0B4A10681860918881
:10EB5400927999809A71019B20229A7100BF02B028
:10EB6400704700BF002C0020342C0300782C0020B8
:10EB7400782E0020402C0300442C030000B589B0FB
:10EB840003900291019200230693039BDB68059393
:10EB9400039B1B690493049A059B9A4205D9049A22
:10EBA400059BD31A013B079307E0039B9A680499DA
:10EBB400059BCB1A1344013B0793039B9A68059B5F
:10EBC400D31A079A934228BF13460793079A019BC7
:10EBD400934228BF13460793039B5A68059B13442B
:10EBE400079A0299184602F09BFD069A079B134464
:10EBF4000693029A079B13440293019A079BD31A24
:10EC04000193059A079B13440593039B9B68059AFC
:10EC14009A4201D100230593039B059ADA60019B74
:10EC2400002BB5D1069B184609B05DF804FB00B56E
:10EC340089B0039002910192039BDB680793039BC5
:10EC44009A68079BD31A0693069A019B9A420ED997
:10EC5400039B5A68079B1344019A0299184602F0D1
:10EC64005FFD079A019B1A44039BDA601AE0069B36
:10EC74000593039B5A68079B1344059A0299184607
:10EC840002F04EFD019A069BD31A0593039B586824
:10EC9400029A069B1344059A194602F041FD039B10
:10ECA400059ADA6000BF09B05DF804FB86B00190F4
:10ECB400019B1B690493019BDB680393049A039BE8
:10ECC4009A4208D8019B9A68039BD21A049B134466
:10ECD400013B059304E0049A039BD31A013B05937B
:10ECE400059B184606B0704700B589B003900291A1
:10ECF4000192029B0693039B5A1C13465B00134428
:10ED0400DB00204A13440593059B5B69022B29D041
:10ED1400022B2ED8002B02D0012B13D029E005980A
:10ED2400FFF7C4FF0490049A019B9A4202D2002385
:10ED3400079321E0019B0793019A06990598FFF731
:10ED440076FF19E00598FFF7B1FF0490019A049B40
:10ED5400934228BF13460793079A06990598FFF72D
:10ED640066FF09E0019A06990598FFF707FF0790E7
:10ED740002E00023079300BF079B184609B05DF823
:10ED840004FB00BF002C002008B5FFF7A9FE00BF5C
:10ED940008BD6DDF704700BF184679DF704700BFBC
:10EDA40018467DDF704700BF184664DF704700BF18
:10EDB400184682B003460091ADF80630BDF806301F
:10EDC400DAB2009B1A70BDF806301B0A9AB2009B97
:10EDD4000133D2B21A700223184602B0704700B54C
:10EDE40089B0039002911346ADF80630029B1B884C
:10EDF40003F10902BDF806309A4201D90C2353E00D
:10EE040004AB1846FFF7C5FF0790079B0693069BC4
:10EE1400002B01D0069B47E0029B1B881A46039BEC
:10EE2400134408221A70029B1B8801339AB2029B76
:10EE34001A80029B1B881A46039B13441B221A70D8
:10EE4400029B1B8801339AB2029B1A80029B1B8887
:10EE54001A46039B981804AB01330622194602F0A4
:10EE64005FFC029B1B8806339AB2029B1A809DF8B2
:10EE7400103023F00103DBB2002B07D1029B1B8867
:10EE84001A46039B134400221A7006E0029B1B8857
:10EE94001A46039B134401221A70029B1B880133F8
:10EEA4009AB2029B1A800023184609B05DF804FB4D
:10EEB40000B589B0039002910192ADF80230039B32
:10EEC4001B78012B05D1039B5B78002B01D1072311
:10EED40091E0019B1B889A1CBDF802309A420ED81F
:10EEE400039B1B78012B0CD1019B1B881A46039BA7
:10EEF4005B7813449A1CBDF802309A4201D90C2362
:10EF040079E0019B1B88BDF80220D31A9BB2023B17
:10EF1400ADF81C30BDF81C30ADF81230019B1B88D5
:10EF24000233029A13440DF1120211461846FFF7F8
:10EF340038FF0690069B0593059B002B01D0059B8B
:10EF440059E0039B1B78022B06D0039B5B781A467F
:10EF5400BDF812309A4209D3BDF81230BDF81C2016
:10EF64009A4203D309238DF81F3016E008238DF845
:10EF74001F30039B1B78012B0BD1039B5B781A4634
:10EF8400BDF81C30934204D3039B5B78ADF8123078
:10EF940003E0BDF81C30ADF81230BDF81230FE2B82
:10EFA40001D90C2327E0BDF81230DAB2019B1B888B
:10EFB4001946029B0B440132D2B21A70019B1B8882
:10EFC40001339AB2019B1A80019B1B881A46029B4B
:10EFD40013449DF81F201A70019B1B8801339AB2B9
:10EFE400019B1A80019B1A88BDF8123013449AB20F
:10EFF400019B1A800023184609B05DF804FB00B594
:10F0040089B0039002911346ADF80630029B1B8829
:10F014001A1DBDF806309A4201D90C233AE00DF1CD
:10F0240016031846FFF7B9FE0790079B0693069B45
:10F03400002B01D0069B2DE0029B1B881A46039BE4
:10F04400134403221A70029B1B8801339AB2029B59
:10F054001A80029B1B881A46039B134419221A70B8
:10F06400029B1B8801339AB2029B1A80BDF81620BA
:10F07400029B1B881946039B0B4419461046FFF755
:10F0840098FE03461A46029B1B8813449AB2029BBD
:10F094001A800023184609B05DF804FB84B002917D
:10F0A40001921A4603468DF80F301346ADF80C3022
:10F0B400019B1B88DA1CBDF80C309A4201D90C2341
:10F0C40028E0019B1B881A46029B134402221A70F3
:10F0D400019B1B8801339AB2019B1A80019B1B88F8
:10F0E4001A46029B134401221A70019B1B880133A8
:10F0F4009AB2019B1A80019B1B881A46029B1344F7
:10F104009DF80F201A70019B1B8801339AB2019B52
:10F114001A800023184604B0704784B0029101920B
:10F124001A4603468DF80F301346ADF80C30019B98
:10F134001B88DA1CBDF80C309A4201D90C2328E054
:10F14400019B1B881A46029B134402221A70019BDE
:10F154001B8801339AB2019B1A80019B1B881A46B3
:10F16400029B13440A221A70019B1B8801339AB232
:10F17400019B1A80019B1B881A46029B13449DF82D
:10F184000F201A70019B1B8801339AB2019B1A80CD
:10F194000023184604B0704700B58FB00390019364
:10F1A4000B468DF80B3013468DF80A3000238DF88A
:10F1B4003330109B1B88ADF8303000230D9370E082
:10F1C400039B5A680D9B9B001A4405AB106818609A
:10F1D4000DF11B0105AB00221846FFF7E6FD0A906E
:10F1E4000A9B0993099B002B01D0099B7BE09DF8A6
:10F1F4001B309DF80A209A4250D19DF83330002BE1
:10F2040001D0002300E002238DF82330109B1B88DB
:10F214001A469DF81B301A449DF823301A44BDF851
:10F2240044309A4201DD0C235DE09DF8333083F0D5
:10F234000103DBB2002B16D0109B1B8801339AB25A
:10F24400109B1A80109B1B881A46019B13449DF83F
:10F254000B201A70109B1B8801339AB2109B1A80E2
:10F2640001238DF83330109B1B881A46019B1A44E6
:10F274000DF11B0105AB1846FFF797FD0A900A9B99
:10F284000793079B002B01D0079B2CE0109B1B8846
:10F294009DF81B2013449AB2109B1A800D9B0133D6
:10F2A4000D93039B1B881A460D9B934288DB9DF8A4
:10F2B4003330002B16D0109B1A88BDF83030D31A87
:10F2C4009BB2013BADF82E30BDF82E30FF2B01D997
:10F2D4000C2308E0BDF83030019A1344BDF82E2009
:10F2E400D2B21A70002318460FB05DF804FB00B5C3
:10F2F4008BB0059003930B468DF8133013468DF8AD
:10F3040012309DF81310BDF8343001930C9B009318
:10F31400039B02220598FFF73FFF0990099B08937E
:10F32400089B002B01D0089B14E09DF81210BDF837
:10F33400343001930C9B0093039B10220598FFF734
:10F344002BFF0990099B0793079B002B01D0079B78
:10F3540000E0002318460BB05DF804FB82B0019076
:10F36400019B1B88052B0AD9019B1B88B3F5486FA9
:10F3740007D9019B1B884FF6FF72934201D00723E4
:10F3840025E0019B5B88052B0AD9019B5B88B3F5BB
:10F39400486F07D9019B5B884FF6FF72934201D0F7
:10F3A400072314E0019B1B884FF6FF7293420DD094
:10F3B400019B5B884FF6FF72934207D0019B1A882A
:10F3C400019B5B889A4201D9072300E00023184679
:10F3D40002B0704700B587B0039002910192ADF876
:10F3E4000230019B1B889A1DBDF802309A4201D954
:10F3F4000C234BE00398FFF7B1FF0590059B0493A2
:10F40400049B002B01D0049B40E0019B1B881A46FF
:10F41400029B134405221A70019B1B8801339AB284
:10F42400019B1A80019B1B881A46029B13441222DB
:10F434001A70019B1B8801339AB2019B1A80039BAB
:10F444001A88019B1B881946029B0B4419461046D7
:10F45400FFF7AFFC03461A46019B1B8813449AB27C
:10F46400019B1A80039B5A88019B1B881946029BA7
:10F474000B4419461046FFF79CFC03461A46019BB1
:10F484001B8813449AB2019B1A800023184607B0C4
:10F494005DF804FB00B587B0039002910192ADF8CA
:10F4A4000230039B9B8802330593019B1B881A46F9
:10F4B400059B13449A1CBDF802309A4201D90C23CF
:10F4C40053E0059BFE2B01D90C234EE0059BDAB2D9
:10F4D400019B1B881946029B0B440132D2B21A705D
:10F4E400019B1B8801339AB2019B1A80019B1B88E4
:10F4F4001A46029B1344FF221A70019B1B88013396
:10F504009AB2019B1A80039B1A88019B1B88194697
:10F51400029B0B4419461046FFF74BFC03461A4660
:10F52400019B1B8813449AB2019B1A80039B9B88FE
:10F53400002B19D0039B9B68002B01D1072314E0F7
:10F54400019B1B881A46029B9818039B9968039B8E
:10F554009B881A4602F0E4F8019B1A88039B9B8857
:10F5640013449AB2019B1A800023184607B05DF831
:10F5740004FB00B589B0039002910192ADF802300A
:10F58400039B9B6A002B01D1072371E000238DF8B4
:10F594001F3065E0039B996A9DF81F2013465B00AA
:10F5A40013449B000B440693069B9B8802330593EC
:10F5B400059BFE2B01D90C235AE0059BDAB2019B73
:10F5C4001B881946029B0B440132D2B21A70019B6C
:10F5D4001B8801339AB2019B1A80019B1B881A462F
:10F5E400029B134416221A70019B1B8801339AB2A2
:10F5F400019B1A80069B1A88019B1B881946029B53
:10F604000B4419461046FFF7D4FB03461A46019BE8
:10F614001B8813449AB2019B1A80069B9B88002B7B
:10F6240019D0069B9B68002B01D1072320E0019B86
:10F634001B881A46029B9818069B9968069B9B8810
:10F644001A4602F06DF8019B1A88069B9B881344A6
:10F654009AB2019B1A809DF81F3001338DF81F3038
:10F66400039B93F82C309DF81F209A4292D30023D9
:10F67400184609B05DF804FB00B595B005900491F7
:10F68400039200231393039B1B88ADF84A30039B1A
:10F6940000221A80059B93F82D30002B0ED0BDF864
:10F6A4004A301A4603990498FFF799FB1390139B69
:10F6B4001193119B002B01D0119BD8E0059B9B78E3
:10F6C400002B0ED0BDF84A301A4603990498FFF770
:10F6D40096FC1390139B1093109B002B01D0109B4E
:10F6E400C5E0059BDB78002B10D0059BDB7858B276
:10F6F400BDF84A30039A0499FFF7D0FC1390139B8A
:10F704000F930F9B002B01D00F9BB0E0059B5B6810
:10F71400002B11D0059B5B6893F90000BDF84A30BB
:10F72400039A0499FFF7F9FC1390139B0E930E9B15
:10F73400002B01D00E9B9AE0059B1B89002B14D053
:10F74400059B03F10800BDF84A300193039B009325
:10F75400049B06220221FFF7CAFD1390139B0D930D
:10F764000D9B002B01D00D9B81E0059B1B8A002B78
:10F7740014D0059B03F11000BDF84A300193039B9C
:10F784000093049B07220321FFF7B1FD1390139B01
:10F794000C930C9B002B01D00C9B68E0059B1B8BEE
:10F7A400002B14D0059B03F11800BDF84A300193D7
:10F7B400039B0093049B15221421FFF798FD1390DB
:10F7C400139B0B930B9B002B01D00B9B4FE0059BD2
:10F7D4001B6A002B0FD0059B186ABDF84A30039AA8
:10F7E4000499FFF7F7FD1390139B0A930A9B002BD0
:10F7F40001D00A9B3BE0059B5B6A002B0FD0059B65
:10F80400586ABDF84A30039A0499FFF743FE1390EF
:10F81400139B0993099B002B01D0099B27E0059BAF
:10F8240093F82C30002B0ED0BDF84A30039A04997B
:10F834000598FFF79EFE1390139B0893089B002BDB
:10F8440001D0089B13E0059B1B78002B0ED0BDF85C
:10F854004A30039A04990598FFF72AFB1390139BE7
:10F864000793079B002B01D0079B00E0139B1846CE
:10F8740015B05DF804FB75DF704700BF184676DFEE
:10F88400704700BF18467ADF704700BF18467BDF19
:10F89400704700BF1846000084B00346ADF8063038
:10F8A4000023039316E00F49039A13469B00134465
:10F8B4009B000B441B88BDF806209A4207D1039A8B
:10F8C40013469B0013449B00064A134406E0039B23
:10F8D40001330393039B002BE5D00023184604B0A7
:10F8E400704700BFA82E002082B001900B46ADF8EF
:10F8F4000230019BBDF802201A80019B00221A727B
:10F90400019B054903F10A020B4603CB10605160C9
:10F9140000BF02B0704700BFD82E002082B0019013
:10F92400019B4FF6FF721A8000BF02B0704788B087
:10F934000390029111461A460B46ADF80630134661
:10F94400ADF80430039B9B881A46BDF80630134477
:10F954000793039B9B881946039B9B88BDF806204D
:10F96400934228BF13469BB2CB1A0693039BDB88B2
:10F974001A46BDF8043013440593039BDB881946EB
:10F98400039BDB88BDF80420934228BF13469BB237
:10F99400CB1A0493029B5A88039B1B889A4205D373
:10F9A400029B5A88039B5B889A4201D900231CE07E
:10F9B400029B9B881A46069B934205D8029B9B8810
:10F9C4001A46079B934201D200230EE0029BDB8878
:10F9D4001A46049B934205D8029BDB881A46059B72
:10F9E400934201D2002300E00123184608B0704777
:10F9F40000B583B00190064B9B69002B03D0044BE8
:10FA04009B690198984700BF03B05DF804FB00BFF1
:10FA1400BC2E002000B585B003460091ADF8063039
:10FA2400BDF8063000991846FFF725FF0390039BA5
:10FA3400002B05D0039B112B02D00398FFF7D8FFAE
:10FA4400039B002B0CBF01230023DBB2184605B037
:10FA54005DF804FB00B589B00190019B0793079BF7
:10FA64009BB21846FFF718FF0690069B002B42D066
:10FA7400069B1A7A224B1B7B9A4215D2079B9AB299
:10FA8400069B0A3319461046FFF7C4FF03468DF858
:10FA940013309DF81330002B2DD0069B1B7A0133B5
:10FAA400DAB2069B1A7226E0069B00221A72144BE5
:10FAB4001B7C002B0FD0079B9BB23B211846FFF702
:10FAC400DEFE0590059B002B05D0059B082B02D07C
:10FAD4000598FFF78DFF0A4B5B69002B0BD00023C1
:10FAE4008DF80C30079B9BB2ADF80E30044B5B696C
:10FAF40003AA1046984700BF09B05DF804FB00BF95
:10FB0400BC2E002030B587B00190019B002B01D1A1
:10FB14000E2353E02B4A019B14461D460FCD0FC400
:10FB240095E8070084E80700264B274A1A60019BE2
:10FB34001B68002B11D0019B1B681846FFF7A3FE1E
:10FB44000490049B002B01D0049B37E0019B1A68AE
:10FB54001D4B1068516803C308E01B48FFF797FE6C
:10FB64000490049B002B01D0049B27E00023059301
:10FB740020E0059A13469B0013449B00134A134448
:10FB840003930398FFF7CAFE059B5B01104A1A44CE
:10FB9400039B5A60039B04330E4A00211846F8F76E
:10FBA4007BFD0490049B002B01D0032306E0059BFE
:10FBB40001330593059B002BDBD00023184607B0C7
:10FBC40030BD00BFBC2E0020D82E0020A82E00205F
:10FBD400882E002059FA020000B587B00346009130
:10FBE400ADF80630009B5B7A002B1AD1009B1B7A80
:10FBF400002B03D1164B5B68059302E0144B9B6802
:10FC04000593009B5B68BDF8062005991846F8F734
:10FC14007DFD0490049B002B16D00498FFF7E8FEAA
:10FC240012E0009B00221A72094B5B69002B0BD077
:10FC340001238DF80C30BDF80630ADF80E30044BBE
:10FC44005B6903AA1046984700BF07B05DF804FB40
:10FC5400BC2E002000B585B00190019BDB7B8DF8A4
:10FC64000F30019B9B88ADF80C309DF80F30012BB1
:10FC74002CD14FF6FF70FFF70FFE0290029B002B72
:10FC840003D10420FFF7B4FE21E0BDF80C3019467F
:10FC94000298FFF729FE029B03F10A00019B03F17E
:10FCA40010014FF6FF7340F2F312FFF740FE0346D4
:10FCB4001A46029B5A72074BDB89002B07D1BDF809
:10FCC4000C3002991846FFF787FF00E000BF05B02B
:10FCD4005DF804FBBC2E002000B587B00190019BA9
:10FCE4009B88ADF81630BDF816301846FFF7D4FDE2
:10FCF4000490049B002B0ED0049B5B681846F8F715
:10FD04005DFD0390039B002B02D00398FFF770FE68
:10FD14000498FFF703FE00BF07B05DF804FB000082
:10FD240000B587B00190019B06330593059B1A88A3
:10FD3400194BDB899A422BD1059B5B89022B27D176
:10FD4400019B9B88ADF81230BDF812301846FFF7BE
:10FD5400A3FD0390039B002B1AD0059B0C3318467C
:10FD640000F0FFF90346002B06D0BDF812300399CA
:10FD74001846FFF731FF0BE0039B5B681846F8F762
:10FD84001DFD0290029B002B02D00298FFF730FE6B
:10FD940000BF07B05DF804FBBC2E002000B585B0A1
:10FDA4000190019B9B88ADF80E30BDF80E301846CB
:10FDB400FFF772FD0290029B002B15D0029B03F10A
:10FDC4000A00019B03F108014FF6FF7340F2F3129E
:10FDD400FFF7ADFD03461A46029B5A72BDF80E307A
:10FDE40002991846FFF7F8FE00BF05B05DF804FB62
:10FDF40000B583B001900091019B1B88502B12D059
:10FE0400502B18DC122B12D0122B14DC102B02D026
:10FE1400112B04D00FE00198FFF71CFF0CE00198B0
:10FE2400FFF75AFF08E00198FFF77AFF04E0019812
:10FE3400FFF7B4FF00E000BF00BF03B05DF804FBB0
:10FE440030B58FB00190009100230293009B002BEA
:10FE54001AD000230D9314E06B460D991846F9F758
:10FE6400EAFA0346002B09D0029B5A1C02920D9A0F
:10FE740092B25B0038336B4423F82C2C0D9B013376
:10FE84000D930D9B132BE7D9019B1D4602AC0FCCA0
:10FE94000FC50FCC0FC594E8070085E8070001984B
:10FEA4000FB030BD00B583B00346ADF80630BDF8E1
:10FEB4000630132B01D900230CE0BDF80630194697
:10FEC4000648F9F787FABDF8063019460448F9F7E9
:10FED40081FA0123184603B05DF804FBE82E0020E4
:10FEE400E42E002000B585B00346ADF806300023AB
:10FEF40003930DE0039B9B00094A13440433BDF8AC
:10FF0400062011461846F9F77DFA039B0133039343
:10FF1400039B1D2BEED900BF00BF05B05DF804FBA9
:10FF2400E02E002000B583B00346ADF80630BDF8DE
:10FF3400063019460348F9F765FA00BF03B05DF8C7
:10FF440004FB00BFE82E002030B59BB0184B9B6823
:10FF5400DB431893164B5A6818AB11461846F9F749
:10FF6400C9FA189A6B4611461846FFF769FF0DAC9B
:10FF74006D460FCD0FC40FCD0FC495E8070084E87C
:10FF84000700002319930BE0199B5B0068336B4453
:10FF940033F8303C1846FFF7A5FF199B013319933A
:10FFA4000D9B199A9A42EFD300BF00BF1BB030BD1E
:10FFB400E02E002000B583B001900B46ADF802306E
:10FFC40013468DF801309DF80130002B06D0BDF8A2
:10FFD400023019460198F9F7FDF905E0BDF8023041
:10FFE40019460198F9F70EFA00BF03B05DF804FB57
:0CFFF40000B585B001900091019B9B8836
:020000023000CC
:10000000ADF80E30019B1B88103B0A2B00F2888054
:1000100001A252F823F000BF450003008100030055
:10002000210103002101030021010300210103003C
:10003000210103002101030021010300EB00030063
:100040008D000300FFF782FFBDF80E301846FFF762
:100050002BFF034683F00103DBB2002B05D0324AAD
:10006000F0210420F7F72CFF57E0019BDB7B022BEC
:1000700053D1BDF80E3019462C48F9F7ADF94CE0D4
:10008000BDF80E301846FFF74FFF49E0019B1B7A81
:10009000C3F30313DBB28DF80D309DF80D30032B45
:1000A0008CBF01230023DAB2BDF80E301946204878
:1000B000FFF782FF9DF80D30022B8CBF0123002338
:1000C000DAB2BDF80E3019461A48FFF775FF9DF8F1
:1000D0000D30012B8CBF01230023DAB2BDF80E30A6
:1000E00019461548FFF768FF1AE0019B1B7A002BA1
:1000F00015D1019B5B7AC3F3C003DBB2002B14BFA5
:10010000012300238DF80C309DF80C20BDF80E3033
:1001100019460748FFF750FF01E000BF00E000BFAD
:1001200000BF05B05DF804FB4C2C0300EC2E002052
:10013000F82E0020F42E0020F02E002082B0019036
:10014000019B1B781AB2019B01331B781BB21B0267
:100150001BB213431BB29BB2184602B07047AADF12
:10016000704700BF184600B585B001900198FFF7B1
:10017000E5FF0346ADF80E30BDF80E3003F0010385
:10018000002B14BF01230023DBB2184605B05DF835
:1001900004FB000082B0034600918DF80730009AFE
:1001A000137823F00F031370009A137823F0F003F1
:1001B00013709DF80730052B5BD801A252F823F08D
:1001C000D9010300EF010300090203002302030029
:1001D0003D02030057020300009A137823F00F0337
:1001E0001370009A137823F0F003137040E0009A24
:1001F0001378012161F303031370009A137801212E
:1002000061F30713137033E0009A1378012161F34F
:1002100003031370009A1378022161F3071313701C
:1002200026E0009A1378012161F303031370009A0A
:100230001378032161F30713137019E0009A137800
:10024000022161F303031370009A1378012161F313
:10025000071313700CE0009A1378022161F3030373
:100260001370009A1378022161F30713137000BF13
:1002700000BF00BF02B0704700B595B003460291C1
:100280000192ADF80E30029B9B78002B03D1012325
:100290008DF81E3003E0029B9B788DF81E30029B88
:1002A0001B88ADF81C3006AB03220021184601F074
:1002B0006BFA029B5B7C06AA11461846FFF76AFFA1
:1002C000029B9A7C06AB013319461046FFF762FF8A
:1002D000029BDA7B9DF81A3062F3C3038DF81A3063
:1002E000029B1A7C9DF81A3062F304138DF81A30C1
:1002F000029B1A7B9DF81A3062F300038DF81A30C6
:10030000029B1B7D002B01D0022200E001229DF800
:100310001A3062F342038DF81A300DAB1C22002113
:10032000184601F031FA029B5B7B03F01003DBB24D
:10033000002B06D1029B5B7B03F02003DBB2002B7A
:1003400024D004AB03220021184601F01DFA029BC1
:10035000DA7C04AB013319461046FFF71BFF9DF80A
:100360001030012262F303038DF810309DF8103035
:10037000012262F307138DF810309DF8123001222C
:1003800062F342038DF8123004AB1293029B5B7B45
:100390008DF83430029B9B7B8DF8353008AB1422EE
:1003A0000021184601F0F0F907AB089306AB09935A
:1003B000029B9B88ADF82C30029B9B68002B06D0DB
:1003C000029BDB88ADF82830029B9B680C93029B54
:1003D0009B69002B4FD005AB03220021184601F08A
:1003E000D3F9029B9B691B88ADF83C30029B9B694B
:1003F0005B88ADF83E30029B9B695B680E9305AB52
:100400001193029B9B691B7B05AA11461846FFF7B7
:10041000C1FE029B9B695A7B05AB0133194610460E
:10042000FFF7B8FE029B9B699A7A9DF8163062F33B
:10043000C3038DF81630029B9B69DA7A9DF816305B
:1004400062F304138DF81630029B9B691A7A9DF8AB
:10045000163062F300038DF81630029B9B699B7B7C
:10046000002B01D0022200E001229DF8163062F339
:1004700042038DF81630029BDB69002B02D0029BF1
:10048000DB69109308AA0DA9BDF80E00019BFFF7C8
:1004900066FE0346184615B05DF804FB90DF704712
:1004A00000BF1846A5DF704700BF1846B5DF70478C
:1004B00000BF184682B00190019B17221A80019B51
:1004C00017225A80019B00221A71019B00225A7147
:1004D000019B1B229A71019B1B22DA7100BF02B0A3
:1004E0007047000030B589B003460A46ADF80630C3
:1004F0001346ADF80430BDF80430ADF81430BDF843
:100500000430ADF816300023ADF818300023ADF8F4
:100510001A3003AB00221A609A8003AA05A9BDF81D
:1005200006301846FFF7BAFF0790079B002B39D01B
:100530001E4A1F4BD31ADB081B0443F00104BDF80D
:1005400006500798FAF768F803462A4619492046E4
:10055000F6F7FBFCBDF80C30002B03D1BDF80E30D4
:10056000002B0ED0114A124BD31ADB081B0443F0A8
:100570000100BDF80C301A46BDF80E300E49F6F7F2
:10058000E4FCBDF81030002B0CD0084A084BD31AFD
:10059000DB081B0443F00103BDF81020074918468F
:1005A000F6F7C2FC079B184609B030BD6C19030072
:1005B00024190300B02C0300FC2C03003C2D030085
:1005C00010B586B001900091009B9B88ADF80E306D
:1005D000BDF80E30DB00019A134406330593019BEE
:1005E0001A79059B9A71009BDB7B012B02D0022BB1
:1005F00005D009E0019B1A88059B1A8004E0019B45
:100600005A88059B1A8000BF059B1A88059B5B884A
:100610009A4226D9059B1A88BDF80E301146184615
:10062000FFF740FF0490049B002B03D1059B0122A0
:100630005A7116E0049B112B03D1059B01221A71FC
:100640000FE0114A114BD31ADB081B0443F00104DD
:100650000498F9F7E1FF03461A460D492046F6F7DC
:1006600063FC059B9A79059BDB799A4208D9059B27
:100670009B791A46BDF80E3011461846FFF732FF37
:1006800000BF06B010BD00BF6C19030024190300A1
:10069000942D030000B583B001900091009B9B88CE
:1006A000DB00019A134406331846FFF703FF00BF2F
:1006B00003B05DF804FB00B587B001900091009B8A
:1006C0009B88ADF81630009B5B89ADF81430BDF8FF
:1006D0001630DB00019A134406330493049B1B88F5
:1006E000BDF81420934228BF13469AB2049B5A8047
:1006F000049B5B88172B38BF17239AB2049B5A8040
:10070000019B1B69002B15D0049B5B79002B11D03A
:1007100040F67723ADF80830BDF81630ADF80A3052
:10072000049B5B88ADF80C30019B1B6902AA114643
:1007300001989847049B00225A71049B00221A7169
:1007400000BF07B05DF804FB10B588B001900091C0
:10075000009B9B88ADF81A30009BDB88ADF8183001
:10076000BDF81A30DB00019A134406330593BDF837
:100770001830172B38BF1723ADF81830059B1B888E
:10078000BDF81820934228BF13469AB2059B5A80A1
:10079000059B00221A71059B1A88BDF81A30114674
:1007A0001846FFF783FE0790079B002B0FD0174AD0
:1007B000174BD31ADB081B0443F001040798F9F721
:1007C0002BFF03461A4613492046F6F7ADFB059B5F
:1007D0005B79002B16D1019B1B69002B13D040F6CF
:1007E0007723ADF80C30BDF81A30ADF80E30059B0C
:1007F0005B88ADF81030019B1B6903AA1146019874
:10080000984700E000BF08B010BD00BF6C1903009E
:1008100024190300C82D030030B591B00190009158
:10082000009B04AC1D1D0FCD0FC40FCD0FC495E868
:10083000070084E80700BDF81030ADF83E30BDF881
:100840001420BDF83E30D1B2019ADB0013440A46B1
:100850005A73019B1B69002B19D002AB00221A604E
:100860009A804DF67A23ADF80830BDF83E30ADF8E9
:100870000A30BDF83E30019ADB0013445B7B8DF8F3
:100880000C30019B1B6902AA11460198984700BFD2
:1008900011B030BD00B587B001900091009B0433CA
:1008A0000593059B1B88DB00019A134406330493D0
:1008B000059B9B888DF80F30049B9B799DF80F203A
:1008C000934228BF13468DF80E30059B1B889DF878
:1008D0000E2092B211461846FFF704FE00BF07B083
:1008E0005DF804FB00B585B001900091019B002BE1
:1008F00001D10E231DE0019B009A1A61019B172272
:100900001A80019B17225A80019B1B221A71002317
:1009100003930AE0039BDB00019A13440633184655
:10092000FFF7C8FD039B01330393039B002BF1D01A
:100930000023184605B05DF804FB000010B586B032
:1009400001900091009B0593019B9B88ADF81230AC
:10095000BDF81230002B40F09880019B1B88552B6E
:1009600048D0552B55DC242B32DC102B51DB103BAF
:10097000142B4ED801A252F823F000BFD709030070
:10098000E1090300130A0300130A0300130A03001A
:10099000130A0300130A0300130A0300130A0300D7
:1009A000130A0300130A0300130A0300130A0300C7
:1009B000130A0300130A0300130A0300130A0300B7
:1009C000130A0300130A0300090A0300FF090300C6
:1009D0003A2B0AD01DE001990598FFF7F1FD19E0C7
:1009E00001990598FFF756FE14E001990598FFF765
:1009F00062FE0FE001990598FFF7A6FE0AE0019953
:100A00000598FFF709FF05E001990598FFF742FFF8
:100A100000E000BFBDF81230059ADB0013449B7A5A
:100A2000002B33D0BDF81230059ADB001344DA886E
:100A3000BDF8123011461846FFF734FD0390039BB2
:100A4000002B0ED1BDF81230059ADB0013440022B2
:100A50009A72BDF81230059ADB0013440122DA7253
:100A600014E0039B112B11D0094A0A4BD31ADB085F
:100A70001B0443F001040398F9F7CEFD03461A4620
:100A800005492046F6F750FA00E000BF06B010BD59
:100A90006C19030024190300942D0300B0DF704784
:100AA00000BF184666DF704700BF184682B001904D
:100AB0000091019B002B01D10E2316E0009B002B1F
:100AC00001D10E2311E0019B1B78DE2B01D10823FD
:100AD0000BE0009B1A68019B5A60019BDE221A7092
:100AE000019B4FF6FF725A800023184602B07047F0
:100AF00082B001900B46ADF80230019B002B01D172
:100B00000E230AE0019B1B78DE2B01D0082304E0B2
:100B1000019BBDF802205A800023184602B070479E
:100B200000B585B00190019B1B7A002B18D0019B6A
:100B30005B8800211846FFF7B5FF0390039B002B4D
:100B400003D1019B00221A720AE0039B112B03D1EF
:100B5000019B01221A7203E0019B5B68039898478E
:100B600000BF05B05DF804FB00B583B001900091B3
:100B7000009B1B79012B0BD1009B1A88019B5B8882
:100B80009A4205D1019B01221A720198FFF7C8FF12
:100B900000BF03B05DF804FB82B00190009100BF7C
:100BA00002B0704700B589B001900091009B1A888F
:100BB000019B5B889A4236D1009B02330793079BC7
:100BC0001B78022B31D1079B1B7A042B07D0079B84
:100BD0001B7A062B03D0079B1B7A052B27D102AB70
:100BE00000221A605A609A60DA6002238DF8083099
:100BF0004FF4C073ADF80C30079B1B7A052B02D164
:100C00000023ADF80C30009B1B8802AA1146184641
:100C1000FFF744FF0690069B002B09D0019B5B6801
:100C20000698984704E000BF02E000BF00E000BF64
:100C300009B05DF804FB00B585B001900091009B00
:100C4000002B43D0019B002B40D0009B0393039BC0
:100C50001B78DE2B3AD1019B9A88039B5B889A42D2
:100C600002D10398FFF75CFF019B1B88512B18D022
:100C7000512B28DC112B1BD0112B24DC012B02D093
:100C8000022B07D01FE0019B043319460398FFF79E
:100C90006BFF1BE0019B043319460398FFF77CFFB1
:100CA00014E0019B043319460398FFF77BFF0DE026
:100CB000019B9A88039B5B889A4206D1039B4FF65F
:100CC000FF725A8001E000BF00E000BF05B05DF890
:100CD00004FBA8DF704700BF1846AEDF704700BFB7
:100CE000184662DF704700BF184600B585B0019016
:100CF0000091009B06330393039B1A88019B5B883A
:100D00009A420FD1039B5B89012B0BD1019B5B693D
:100D1000002B07D0019B5B69009A9088039A127B95
:100D20000199984700BF05B05DF804FB00B585B098
:100D300001900091009B0393019B1B88502B04D1D1
:100D400001990398FFF7D1FF00E000BF00BF05B095
:100D50005DF804FB10B592B001900091009B1A68F9
:100D6000019B5A61484B02AC0FCB84E80F00019BFA
:100D700003F1120202AB11461846FFF7B2FF1190C1
:100D8000119B1093109B002B01D0109B79E0019BCD
:100D90009B7C8DF83A3041F22353ADF83830019AFC
:100DA0000EAB19460120FFF794FF1190119B0F9392
:100DB0000F9B002B01D00F9B63E006AB202200218C
:100DC000184600F0E1FC41F22453ADF81830019BC5
:100DD0009B7C8DF81A300123ADF81E300123ADF84D
:100DE0001C309DF8253043F002038DF825309DF826
:100DF000253043F010038DF8253001238DF829307C
:100E000001238DF82B30019B1888019B03F10A0206
:100E100006AB1946FFF730FA1190119B002B01D059
:100E2000119B2EE006AB20220021184600F0ACFCFE
:100E300041F22553ADF81830019B9B7C8DF81A3098
:100E40000123ADF81E300123ADF81C309DF825308C
:100E500043F002038DF825309DF8253043F0080358
:100E60008DF8253001238DF8293001238DF82A30A3
:100E7000019B1888019B9A1C06AB1946FFF7FCF9E9
:100E80000346184612B010BDF82D030000B589B016
:100E900003460091ADF8063013468DF80530012366
:100EA000ADF80E3004AB10220021184600F06CFCA7
:100EB00001238DF81230009B5B89ADF810300DF1E5
:100EC000050307930DF10E03069304AABDF806303F
:100ED00011461846FFF701FF0346184609B05DF8B2
:100EE00004FB000082B003468DF807309DF90730FF
:100EF000002B0CDB9DF8073003F01F0205499DF91C
:100F000007305B09012000FA02F241F8232000BFFC
:100F100002B0704700E100E082B003468DF8073070
:100F20009DF90730002B09DB0B4A9DF9073013446C
:100F300093F80033DBB25B09DBB20AE0074A9DF8A5
:100F4000073003F00F03043B13441B7EDBB25B0945
:100F5000DBB2184602B0704700E100E000ED00E0AF
:100F600000B583B00190019B002B03D10449C4203C
:100F7000FDF754F9019B5B68184603B05DF804FB6C
:100F8000082E030010DF704700BF184682B00346EA
:100F90008DF807309DF907301F2B0CDC9DF90730C9
:100FA0000F4A22FA03F303F00103002B14BF0123BD
:100FB0000023DBB210E09DF907303F2B0BDC9DF9DD
:100FC0000730203B012202FA03F3002B14BF012358
:100FD0000023DBB200E00123184602B0704700BFD7
:100FE000FC06FFBD82B00190019B072B07D8EC22C5
:100FF000019B42FA03F303F00103002B01D100230C
:1010000000E00123184602B07047000000B583B02D
:1010100003468DF807309DF907301846FFF7B6FFF5
:101020000346002B02D142F201032EE09DF9073066
:101030001846FFF771FF03461846FFF7D3FF034634
:10104000002B02D142F202031FE0124B9B68002BDF
:1010500015D09DF907305B090E4A52F823209DF800
:10106000073003F01F03012101FA03F319469DF92C
:1010700007305B090A43074941F8232004E09DF942
:1010800007301846FFF72EFF0023184603B05DF81F
:1010900004FB00BF842A002000B587B003468DF80A
:1010A000073002AB14491846F9F7B4F917E002AB60
:1010B0001846FFF755FF0590059B1B680493059B99
:1010C00059689DF80720049B104698470346002B5B
:1010D00001D111230BE002AB1846F9F7C5F902ABB9
:1010E0001846FFF73DFF0346002BE0D100231846CA
:1010F00007B05DF804FB00BFBC2E030000B587B04D
:1011000003468DF8073002AB11491846F9F782F90A
:1011100012E002AB1846FFF723FF0590059B1B6802
:101120000493059B59689DF80720049B1046984737
:1011300002AB1846F9F798F902AB1846FFF710FF13
:101140000346002BE5D100BF00BF07B05DF804FBEC
:10115000C82E030000B583B01620FFF757FF01909B
:10116000019B0093009B002B04D0044AA12100980E
:10117000F6F7A6FE00BF03B05DF804FB642E030083
:1011800000B585B0234B1B78002B01D008233CE031
:10119000214B01221A700020FFF77EFF0346112B1E
:1011A00001D1002331E00020FFF7A8FF1B4B1B6893
:1011B000029300238DF807300DF107031846F7F767
:1011C000CFFB02AB16491846FFF7DCFE0390039BEA
:1011D000002B0CBF01230023DAB20E4B1A709DF8CE
:1011E00007301846F7F7D2FB039B002B01D0039B77
:1011F0000BE0094B00221A700A4B00221A70FFF70D
:10120000A9FF0120FFF77AFF0023184605B05DF81B
:1012100004FB00BF5C2F00205E2F0020B82E0300CF
:10122000DD7E02005D2F0020014B1B7818467047C1
:101230005C2F002000B585B06B4611491846F9F7C0
:10124000E9F810E06B461846FFF78AFE0390039B0F
:101250001B680293039B5A68029B104698476B4693
:101260001846F9F701F96B461846FFF779FE034671
:10127000002BE7D100BF00BF05B05DF804FB00BF45
:10128000D42E030008B5FFF7D5FF00BF08BD60DF0F
:10129000704700BF184669DF704700BF184661DF1E
:1012A000704700BF1846000000B583B00190019B55
:1012B000002B03D10449C420FCF7B0FF019B5B68FD
:1012C000184603B05DF804FBE02E030082B00190E5
:1012D000019B002B01D10E2304E0044B1A46019B15
:1012E0001A600023184602B0704700BFF0220020A9
:1012F00010B586B0034600918DF807300098FFF7CF
:10130000E5FF0590059B002B01D0059BC4E002ABD7
:101310000C220021184600F037FA9DF807308DF8AE
:10132000083001238DF80A300623ADF80C30009BFD
:101330001A6802AB19462020FFF7ADFF0590059B08
:10134000002B0FD0564A574BD31ADB081B0443F02F
:1013500001040598F9F760F903461A4652492046F8
:10136000F5F7E2FD02AB0C220021184600F00CFA62
:1013700001238DF8093000238DF80A3000238DF801
:101380000B30009B1A6802AB19464020FFF783FF21
:101390000590059B002B0FD0414A424BD31ADB0826
:1013A0001B0443F001040598F9F736F903461A4681
:1013B0003E492046F5F7B8FD02AB0C220021184645
:1013C00000F0E2F90A238DF80830009B1A6802AB9E
:1013D00019460120FFF75FFF0590059B002B0FD0FA
:1013E0002F4A304BD31ADB081B0443F00104059845
:1013F000F9F712F903461A462D492046F5F794FDF0
:1014000002AB0C220021184600F0BEF94FF4B06385
:101410000293009B1A6802AB1946A120FFF73BFF1D
:101420000590059B002B0FD01D4A1E4BD31ADB08DD
:101430001B0443F001040598F9F7EEF803461A4639
:101440001C492046F5F770FD02AB0C22002118461E
:1014500000F09AF99DF8083023F001038DF8083068
:10146000009B1A6802AB1946A020FFF714FF0590F5
:10147000059B002B0FD00A4A0A4BD31ADB081B042A
:1014800043F001040598F9F7C7F803461A460A49DC
:101490002046F5F749FD0023184606B010BD00BFF1
:1014A0007C19030024190300402F0300882F030038
:1014B000D42F0300203003007430030082B04FF0BB
:1014C0008053D3F80C319B020193019B03F100532D
:1014D000184602B07047000010B584B00190019B1F
:1014E0001B6803930198FFF7D2FE0290019B1B68D3
:1014F000039A9A4229D2224A224BD31ADB081B04B0
:1015000043F0020320491846F5F700FD1C4A1D4B25
:10151000D31ADB081B0443F00200019B1B68039AEB
:101520001A49F5F712FD164A164BD31ADB081B04AD
:1015300043F00204FFF7C2FF0246019B1B68D31A67
:101540001A4613492046F5F7EFFC029B002B03D106
:10155000104B01221A700FE0094A0A4BD31ADB081C
:101560001B0443F001040298F9F756F803461A46A3
:1015700009492046F5F7D8FC029B184604B010BD77
:101580007C19030024190300C8300300F83003005D
:101590002C3103005F2F00205831030000B597B0B5
:1015A0000190234B1B7883F00103DBB2002B3AD16F
:1015B0003423ADF846300DF1460202AB1146184611
:1015C000FFF76DFE1590159B002B03D0159B052B87
:1015D00022D129E002AB14930FAB16491846F8F755
:1015E00019FF11E00FAB1846FFF75EFE1390139B37
:1015F0001B681293139B5A68129B114614989847C4
:101600000FAB1846F8F730FF0FAB1846FFF74CFE4C
:101610000346002BE6D1CBE7074A40F23B11159871
:10162000F6F74EFC00E000BF17B05DF804FB00BF0A
:101630005F2F0020D03103007831030000B583B064
:101640000190019B002B03D10449C420FCF7E6FD67
:10165000019B5B68184603B05DF804FBDC310300B6
:101660004BDF704700BF184600B589B0019004AB4E
:101670001846FFF7F5FF0790079B002B03D0079B49
:10168000052B20D124E002AB13491846F8F7C2FE1F
:1016900011E002AB1846FFF7D1FF0690069B1B68CE
:1016A0000593049A069B5968059B1046984702AB20
:1016B0001846F8F7D9FE02AB1846FFF7BFFF0346FE
:1016C000002BE6D1D3E7054A6B210798F6F7F8FB24
:1016D00000BF09B05DF804FB943203003C32030004
:1016E000082938BF7047416042F66071C2F20001BC
:1016F00008600021016070470178002904BF0020C4
:10170000704700214FF001324358C2FA53F30431BD
:10171000002BF9D093FAA3F0B0FA80F001EBD000DF
:10172000043870475AB3844690EA01039B071FD1DF
:10173000830707D011F8013B00F8013B013AF7D1CC
:101740001CE08446203A09D32DE9F007B1E8F807F8
:10175000A0E8F807203AF9D2BDE8F0071C3205D41A
:1017600051F8043B40F8043B043AF9D2043205D066
:1017700011F8013B00F8013B013AF9D1604670478E
:1017800000220B0011001A0084465AB3830704D0CC
:1017900000F8011B013AF9D124E0C9B241EA012164
:1017A00041EA0141202A11D3203A2DE9F0030B46EA
:1017B0000C460D460E460F4688468946A0E8FA03B9
:1017C000203AFBD2BDE8F00320320BD0042A05D327
:1017D00040F8041B043A05D0042AF9D200F8011B92
:1017E000013AFBD16046704784460020002918BFAB
:1017F000002A00D17047097848B2002844BF6FF032
:1018000001007047BCF1000F18BFCCF80010002198
:10181000C3E90011002818BF012070477F298EBF3F
:101820006FF0010001700120704742F66471C2F24E
:1018300000010968002904BF42F29831C2F2000198
:10184000496889680A68092110477F2884BF0020F9
:10185000704743F2B442C0F20302515C43F2344297
:10186000C0F20302105C08407047A0F161011A2920
:1018700038BF20387047A0F141011A2938BF40F025
:10188000200070477F2884BF0020704743F2B44295
:10189000C0F20302515C43F23442C0F20302105C16
:1018A00008407047A0F161011A2938BF20387047FD
:0E18B000A0F141011A2938BF40F02000704716
:0818C0007DB4020000000000ED
:1018C800F5FF0200000000003D090300A02B0020E6
:1018D800F5FD0200000000002D0D0300882B0020FC
:1018E800370C0300B42B00205DE602000000000066
:0818F800A5B40200000000008D
:101900009D150300000000006916030000000000A0
:10191000FC240020342400203C2400203C2400200F
:0419200018000000AB
:1019240064280300000000002029030000000000D8
:101934007C29030000000000342A0300000000009A
:10194400F02A030000000000F81A0300000003035B
:10195400181C030000000000301D030000000000FC
:10196400D827030000000000A02C0300000003039C
:101974005C2E030000000303342F03000000030364
:101984003032030000000303EC20030000000000D9
:08199400CC210300000000005B
:10199C00BC19030000000000641A0300042300209B
:1019AC00581A030000000000741A03000C230020D6
:1019BC00CD640200FF640200F56402000000000028
:1019CC00000000000338FDD8704700002F686F6DD1
:1019DC00652F736A6F2F64776D313030312D6578D8
:1019EC00616D706C65732F6E5246355F53444B5F5F
:1019FC0031372E312E302F636F6D706F6E656E74B4
:101A0C00732F6C69627261726965732F6C6F672FCB
:101A1C007372632F6E72665F6C6F675F6261636B6C
:101A2C00656E645F756172742E630000FFFFFFFFCB
:101A3C00FFFFFFFFFFFFFFFFFFFFFFFF00000000A6
:101A4C00000000000000D60106010000FD67020046
:101A5C0031680200256802007274745F6C6F675FF6
:101A6C006261636B656E6400756172745F6C6F6745
:101A7C005F6261636B656E64000000002F686F6DC0
:101A8C00652F736A6F2F64776D313030312D657827
:101A9C00616D706C65732F6E5246355F53444B5FAE
:101AAC0031372E312E302F636F6D706F6E656E7403
:101ABC00732F6C69627261726965732F6C6F672F1B
:101ACC007372632F6E72665F6C6F675F64656661BD
:101ADC00756C745F6261636B656E64732E6300007A
:101AEC00042500207F000000842500206170700018
:101AFC002F686F6D652F736A6F2F64776D3130307F
:101B0C00312D6578616D706C65732F6E5246355F43
:101B1C0053444B5F31372E312E302F636F6D706F06
:101B2C006E656E74732F6C69627261726965732F66
:101B3C006C6F672F7372632F6E72665F6C6F675F6B
:101B4C0066726F6E74656E642E6300004261636B27
:101B5C00656E647320666C757368656400000000C4
:101B6C006572726F720000007761726E696E670049
:101B7C00696E666F000000006465627567000000A6
:101B8C001B5B306D000000001B5B313B33306D0084
:101B9C001B5B313B33316D001B5B313B33326D00D2
:101BAC001B5B313B33336D001B5B313B33346D00BE
:101BBC001B5B313B33356D001B5B313B33366D00AA
:101BCC001B5B313B33376D0025734C6F677320649F
:101BDC00726F70706564202825642925730D0A00C6
:101BEC00257300003C25733E2025733A200000002D
:101BFC000D0A000020253032780000002020200043
:101C0C007C00000025630000200000006170705F04
:101C1C00627574746F6E00002F686F6D652F736A38
:101C2C006F2F64776D313030312D6578616D706C4C
:101C3C0065732F6E5246355F53444B5F31372E31EF
:101C4C002E302F636F6D706F6E656E74732F6C69B1
:101C5C00627261726965732F627574746F6E2F6135
:101C6C0070705F627574746F6E2E63005023002069
:101C7C00534F46544445564943453A2041535345E6
:101C8C005254494F4E204641494C454400000000F7
:101C9C00534F46544445564943453A20494E5641C4
:101CAC004C4944204D454D4F5259204143434553D7
:101CBC0053000000415353455254494F4E20464166
:101CCC00494C45442061742025733A257500000069
:101CDC004552524F52202575205B25735D2061744F
:101CEC002025733A25750D0A50432061743A203033
:101CFC007825303878000000456E64206F662065CA
:101D0C0072726F72207265706F727400554E4B4E0A
:101D1C004F574E204641554C542061742030782545
:101D2C00303858006170705F74696D657200000026
:101D3C002F686F6D652F736A6F2F64776D3130303C
:101D4C00312D6578616D706C65732F6E5246355F01
:101D5C0053444B5F31372E312E302F636F6D706FC4
:101D6C006E656E74732F6C69627261726965732F24
:101D7C0074696D65722F6170705F74696D65723214
:101D8C002E6300000100060000000000802A0020E5
:101D9C00A18002002F686F6D652F736A6F2F6477B7
:101DAC006D313030312D6578616D706C65732F6ECF
:101DBC005246355F53444B5F31372E312E302F63F3
:101DCC006F6D706F6E656E74732F6C696272617279
:101DDC006965732F7574696C2F6170705F757469A8
:101DEC006C5F706C6174666F726D2E630000000026
:101DFC002E2E2F2E2E2F2E2E2F2E2E2F2E2E2F2EF2
:101E0C002E2F696E746567726174696F6E2F6E72B6
:101E1C0066782F6E7266785F676C75652E68000049
:101E2C002E2E2F2E2E2F2E2E2F2E2E2F2E2E2F2EC1
:101E3C002E2F6D6F64756C65732F6E7266782F68BC
:101E4C00616C2F6E72665F7274632E680000000006
:101E5C002F686F6D652F736A6F2F64776D3130301B
:101E6C00312D6578616D706C65732F6E5246355FE0
:101E7C0053444B5F31372E312E302F636F6D706FA3
:101E8C006E656E74732F6C69627261726965732F03
:101E9C0074696D65722F6472765F7274632E630061
:101EAC0052544320696E7374616E636520616C7269
:101EBC006561647920696E697469616C697A6564BD
:101ECC002E0000005254433A20696E697469616CAB
:101EDC00697A65642E0000005254433A20556E69AD
:101EEC006E697469616C697A65642E00000000008B
:101EFC00000000000338FDD8704700002F686F6D9C
:101F0C00652F736A6F2F64776D313030312D6578A2
:101F1C00616D706C65732F6E5246355F53444B5F29
:101F2C0031372E312E302F636F6D706F6E656E747E
:101F3C00732F6C69627261726965732F62616C6C6C
:101F4C006F632F6E72665F62616C6C6F632E6300E1
:101F5C002F686F6D652F736A6F2F64776D3130301A
:101F6C00312D6578616D706C65732F6E5246355FDF
:101F7C0053444B5F31372E312E302F657874657298
:101F8C006E616C2F667072696E74662F6E72665F0E
:101F9C00667072696E74662E630000002F686F6D38
:101FAC00652F736A6F2F64776D313030312D657802
:101FBC00616D706C65732F6E5246355F53444B5F89
:101FCC0031372E312E302F65787465726E616C2F1F
:101FDC00667072696E74662F6E72665F6670726977
:101FEC006E74665F666F726D61742E630000000024
:101FFC003031323334353637383941424344454633
:10200C002F686F6D652F736A6F2F64776D31303069
:10201C00312D6578616D706C65732F6E5246355F2E
:10202C0053444B5F31372E312E302F636F6D706FF1
:10203C006E656E74732F6C69627261726965732F51
:10204C006D656D6F626A2F6E72665F6D656D6F6226
:10205C006A2E63002E2E2F2E2E2F2E2E2F2E2E2F4D
:10206C002E2E2F2E2E2F636F6D706F6E656E747308
:10207C002F6C69627261726965732F657870657215
:10208C00696D656E74616C5F73656374696F6E5FA7
:10209C00766172732F6E72665F73656374696F6EAF
:1020AC005F697465722E68002E2E2F2E2E2F2E2E09
:1020BC002F2E2E2F2E2E2F2E2E2F636F6D706F6EB8
:1020CC00656E74732F6C69627261726965732F6DC2
:1020DC00757465782F6E72665F6D74782E6800006B
:1020EC007077725F6D676D74000000002F686F6D04
:1020FC00652F736A6F2F64776D313030312D6578B1
:10210C00616D706C65732F6E5246355F53444B5F37
:10211C0031372E312E302F636F6D706F6E656E748C
:10212C00732F6C69627261726965732F7077725F5D
:10213C006D676D742F6E72665F7077725F6D676D11
:10214C00742E6300C8180300C818030004000000B4
:10215C002F686F6D652F736A6F2F64776D31303018
:10216C00312D6578616D706C65732F6E5246355FDD
:10217C0053444B5F31372E312E302F636F6D706FA0
:10218C006E656E74732F6C69627261726965732F00
:10219C006578706572696D656E74616C5F7365638B
:1021AC0074696F6E5F766172732F6E72665F7365A2
:1021BC006374696F6E5F697465722E630000000052
:1021CC00736F72746C697374000000002F686F6D0C
:1021DC00652F736A6F2F64776D313030312D6578D0
:1021EC00616D706C65732F6E5246355F53444B5F57
:1021FC0031372E312E302F636F6D706F6E656E74AC
:10220C00732F6C69627261726965732F736F72746C
:10221C006C6973742F6E72665F736F72746C697312
:10222C00742E6300556E6B6E6F776E206572726FD5
:10223C007220636F646500004E52465F53554343F2
:10224C00455353004E52465F4552524F525F5356C0
:10225C00435F48414E444C45525F4D495353494EA0
:10226C00470000004E52465F4552524F525F534F4B
:10227C0046544445564943455F4E4F545F454E4185
:10228C00424C4544000000004E52465F4552524FAE
:10229C00525F494E5445524E414C00004E52465FDF
:1022AC004552524F525F4E4F5F4D454D000000005E
:1022BC004E52465F4552524F525F4E4F545F464FFF
:1022CC00554E44004E52465F4552524F525F4E4F50
:1022DC00545F535550504F52544544004E52465F34
:1022EC004552524F525F494E56414C49445F504102
:1022FC0052414D004E52465F4552524F525F494E2D
:10230C0056414C49445F5354415445004E52465F2C
:10231C004552524F525F494E56414C49445F4C45D1
:10232C004E475448000000004E52465F4552524FF3
:10233C00525F494E56414C49445F464C414753000D
:10234C004E52465F4552524F525F494E56414C4990
:10235C00445F4441544100004E52465F4552524F37
:10236C00525F444154415F53495A45004E52465FB7
:10237C004552524F525F54494D454F555400000041
:10238C004E52465F4552524F525F4E554C4C0000D8
:10239C004E52465F4552524F525F464F524249444D
:1023AC0044454E004E52465F4552524F525F494E85
:1023BC0056414C49445F4144445200004E52465FE2
:1023CC004552524F525F4255535900004E52465F90
:1023DC004552524F525F434F4E4E5F434F554E54F2
:1023EC00000000004E52465F4552524F525F52451C
:1023FC00534F5552434553004E52465F4552524F30
:10240C00525F4D4F44554C455F4E4F545F494E49BA
:10241C005449414C495A4544000000004E52465F15
:10242C004552524F525F4D555445585F494E495491
:10243C005F4641494C4544004E52465F4552524F0F
:10244C00525F4D555445585F4C4F434B5F46414985
:10245C004C4544004E52465F4552524F525F4D55CB
:10246C005445585F554E4C4F434B5F4641494C4584
:10247C00440000004E52465F4552524F525F4D553C
:10248C005445585F434F4E445F494E49545F464153
:10249C00494C4544000000004E52465F4552524F95
:1024AC00525F4D4F44554C455F414C524541445948
:1024BC005F494E495449414C495A4544000000007B
:1024CC004E52465F4552524F525F53544F52414702
:1024DC00455F46554C4C00004E52465F4552524F9C
:1024EC00525F4150495F4E4F545F494D504C454DE2
:1024FC00454E5445440000004E52465F4552524FE3
:10250C00525F464541545552455F4E4F545F454EC0
:10251C0041424C45440000004E52465F4552524FDA
:10252C00525F494F5F50454E44494E4700000000F2
:10253C004E52465F4552524F525F4452565F54576B
:10254C00495F4552525F4F56455252554E0000005E
:10255C004E52465F4552524F525F4452565F54574B
:10256C00495F4552525F414E41434B004E52465FCC
:10257C004552524F525F4452565F5457495F455231
:10258C00525F444E41434B004E52465F4552524FB0
:10259C00525F424C455F495053505F52585F504B0D
:1025AC00545F5452554E4341544544004E52465F7D
:1025BC004552524F525F424C455F495053505F4316
:1025CC0048414E4E454C5F414C52454144595F4544
:1025DC0058495354530000004E52465F4552524FD7
:1025EC00525F424C455F495053505F4C494E4B5FD4
:1025FC00444953434F4E4E4543544544000000005C
:10260C004E52465F4552524F525F424C455F4950C5
:10261C0053505F504545525F52454A4543544544DB
:10262C000000000000000000442203000100000034
:10263C00502203000200000070220300030000007F
:10264C009422030004000000A822030005000000EF
:10265C00BC22030006000000D0220300070000008B
:10266C00E82203000800000000230300090000001A
:10267C00182303000A000000342303000B000000A1
:10268C004C2303000C000000642303000D00000029
:10269C00782303000E0000008C2303000F000000C1
:1026AC009C23030010000000B02303001100000065
:1026BC00C823030012000000D823030013000000FD
:1026CC00F0230300800000000424030081000000BC
:1026DC00282403008200000044240300830000002F
:1026EC0060240300840000008024030085000000A7
:1026FC00A424030086000000CC24030090000000FA
:10270C00E424030091000000042503009200000063
:10271C0024250300008200003C25030001820000F8
:10272C005C25030002820000782503000084000071
:10273C009425030001840000B825030002840000E6
:10274C00E4250300038400000C2603002E2E2F2EFC
:10275C002E2F2E2E2F2E2E2F2E2E2F2E2E2F6D6F08
:10276C0064756C65732F6E7266782F68616C2F6E52
:10277C0072665F6770696F2E680000002F686F6D5E
:10278C00652F736A6F2F64776D313030312D65781A
:10279C00616D706C65732F6E5246355F53444B5FA1
:1027AC0031372E312E302F636F6D706F6E656E74F6
:1027BC00732F626F617264732F626F617264732E18
:1027CC00630000001E1F160E0D0E0F10636C6F635E
:1027DC006B0000002F686F6D652F736A6F2F647725
:1027EC006D313030312D6578616D706C65732F6E85
:1027FC005246355F53444B5F31372E312E302F69A3
:10280C006E746567726174696F6E2F6E7266782F65
:10281C006C65676163792F6E72665F6472765F6355
:10282C006C6F636B2E6300002E2E2F2E2E2F2E2EF0
:10283C002F2E2E2F2E2E2F2E2E2F696E7465677233
:10284C006174696F6E2F6E7266782F6E7266785F28
:10285C00676C75652E680000434C4F434B000000BD
:10286C002F686F6D652F736A6F2F64776D31303001
:10287C00312D6578616D706C65732F6E5246355FC6
:10288C0053444B5F31372E312E302F6D6F64756C86
:10289C0065732F6E7266782F647269766572732F0A
:1028AC007372632F6E7266785F636C6F636B2E63EB
:1028BC00000000002E2E2F2E2E2F2E2E2F2E2E2FE0
:1028CC002E2E2F2E2E2F696E746567726174696FB0
:1028DC006E2F6E7266782F6E7266785F676C756598
:1028EC002E6800002E2E2F2E2E2F2E2E2F2E2E2F1A
:1028FC002E2E2F2E2E2F6D6F64756C65732F6E72AE
:10290C0066782F68616C2F6E72665F6770696F2EC8
:10291C00680000004750494F544500002F686F6D08
:10292C00652F736A6F2F64776D313030312D657878
:10293C00616D706C65732F6E5246355F53444B5FFF
:10294C0031372E312E302F6D6F64756C65732F6E91
:10295C007266782F647269766572732F7372632F47
:10296C006E7266785F6770696F74652E6300000025
:10297C00505253002F686F6D652F736A6F2F6477F9
:10298C006D313030312D6578616D706C65732F6EE3
:10299C005246355F53444B5F31372E312E302F6DFD
:1029AC006F64756C65732F6E7266782F64726976BE
:1029BC006572732F7372632F7072732F6E726678D9
:1029CC005F7072732E6300002E2E2F2E2E2F2E2E44
:1029DC002F2E2E2F2E2E2F2E2E2F696E7465677292
:1029EC006174696F6E2F6E7266782F6E7266785F87
:1029FC00676C75652E6800002E2E2F2E2E2F2E2E16
:102A0C002F2E2E2F2E2E2F2E2E2F6D6F64756C6564
:102A1C00732F6E7266782F68616C2F6E72665F67AB
:102A2C0070696F2E68000000554152540000000080
:102A3C002F686F6D652F736A6F2F64776D3130302F
:102A4C00312D6578616D706C65732F6E5246355FF4
:102A5C0053444B5F31372E312E302F6D6F64756CB4
:102A6C0065732F6E7266782F647269766572732F38
:102A7C007372632F6E7266785F756172742E630069
:102A8C0045D502002E2E2F2E2E2F2E2E2F2E2E2FF2
:102A9C002E2E2F2E2E2F696E746567726174696FDE
:102AAC006E2F6E7266782F6E7266785F676C7565C6
:102ABC002E6800002E2E2F2E2E2F2E2E2F2E2E2F48
:102ACC002E2E2F2E2E2F6D6F64756C65732F6E72DC
:102ADC0066782F68616C2F6E72665F6770696F2EF7
:102AEC006800000055415254450000002F686F6D7E
:102AFC00652F736A6F2F64776D313030312D6578A7
:102B0C00616D706C65732F6E5246355F53444B5F2D
:102B1C0031372E312E302F6D6F64756C65732F6EBF
:102B2C007266782F647269766572732F7372632F75
:102B3C006E7266785F75617274652E6300000000BA
:102B4C00C5E102002F686F6D652F736A6F2F647774
:102B5C006D313030312D6578616D706C65732F6E11
:102B6C005246355F53444B5F31372E312E302F6533
:102B7C0078616D706C65732F626C655F70657269DE
:102B8C0070686572616C2F626C655F6170705F62FA
:102B9C006C696E6B792F6D61696E2E63000000009D
:102BAC004E6F726469635F426C696E6B79000000F2
:102BBC005265636569766564204C4544204F4E210F
:102BCC00000000005265636569766564204C4544DD
:102BDC00204F464621000000436F6E6E656374659E
:102BEC0064000000446973636F6E6E6563746564A2
:102BFC000000000053656E6420627574746F6E2063
:102C0C007374617465206368616E67652E000000E3
:102C1C00426C696E6B79206578616D706C652073A0
:102C2C007461727465642E005465726D696E616CAA
:102C3C0000000000525454005345474745520000D1
:102C4C002F686F6D652F736A6F2F64776D3130301D
:102C5C00312D6578616D706C65732F6E5246355FE2
:102C6C0053444B5F31372E312E302F636F6D706FA5
:102C7C006E656E74732F626C652F636F6D6D6F6E06
:102C8C002F626C655F636F6E6E5F73746174652E1B
:102C9C00630000006E72665F626C655F67617474DE
:102CAC000000000073645F626C655F6761705F6455
:102CBC006174615F6C656E6774685F757064617474
:102CCC0065282920287265717565737429206F6ECB
:102CDC0020636F6E6E656374696F6E203078257833
:102CEC002072657475726E65642025732E00000069
:102CFC0054686520726571756573746564205458E9
:102D0C002F5258207061636B6574206C656E67740C
:102D1C006820697320746F6F206C6F6E6720627906
:102D2C002025752F2575206F63746574732E000034
:102D3C005468652072657175657374656420636F82
:102D4C006D62696E6174696F6E206F6620545820D5
:102D5C00616E64205258207061636B6574206C65E1
:102D6C006E6774687320697320746F6F206C6F6E5C
:102D7C0067206279202575206D6963726F736563B6
:102D8C006F6E64732E00000073645F626C655F6726
:102D9C00617474635F65786368616E67655F6D7499
:102DAC00755F726571756573742829207265747509
:102DBC00726E65642025732E0000000073645F62E0
:102DCC006C655F67617474735F65786368616E6767
:102DDC00655F6D74755F7265706C792829207265FA
:102DEC007475726E65642025732E000023D1BCEAC5
:102DFC005F782315DEEF1212000000002E2E2F2E0E
:102E0C002E2F2E2E2F2E2E2F2E2E2F2E2E2F636F5B
:102E1C006D706F6E656E74732F6C6962726172691E
:102E2C0065732F6578706572696D656E74616C5F22
:102E3C0073656374696F6E5F766172732F6E726601
:102E4C005F73656374696F6E5F697465722E680079
:102E5C006E72665F736468002F686F6D652F736A9E
:102E6C006F2F64776D313030312D6578616D706CFA
:102E7C0065732F6E5246355F53444B5F31372E319D
:102E8C002E302F636F6D706F6E656E74732F736F52
:102E9C0066746465766963652F636F6D6D6F6E2FF5
:102EAC006E72665F7364682E630000000100000799
:102EBC00F8180300F818030008000000F8180300C5
:102ECC00001903000800000000190300101903008A
:102EDC00080000002E2E2F2E2E2F2E2E2F2E2E2FB2
:102EEC002E2E2F2E2E2F636F6D706F6E656E74737A
:102EFC002F6C69627261726965732F657870657287
:102F0C00696D656E74616C5F73656374696F6E5F18
:102F1C00766172732F6E72665F73656374696F6E20
:102F2C005F697465722E68006E72665F7364685FA9
:102F3C00626C650073645F626C655F6366675F7388
:102F4C00657428292072657475726E65642025730A
:102F5C00207768656E20617474656D7074696E6736
:102F6C0020746F2073657420424C455F434F4E4E66
:102F7C005F4346475F4741502E00000073645F6219
:102F8C006C655F6366675F7365742829207265746E
:102F9C0075726E6564202573207768656E20617488
:102FAC0074656D7074696E6720746F20736574201E
:102FBC00424C455F4741505F4346475F524F4C453B
:102FCC005F434F554E542E0073645F626C655F63B4
:102FDC0066675F73657428292072657475726E65F7
:102FEC0064202573207768656E20617474656D703C
:102FFC0074696E6720746F2073657420424C455F52
:10300C00434F4D4D4F4E5F4346475F56535F5555AB
:10301C0049442E0073645F626C655F6366675F731F
:10302C00657428292072657475726E656420257329
:10303C00207768656E20617474656D7074696E6755
:10304C0020746F2073657420424C455F4741545483
:10305C00535F4346475F415454525F5441425F5360
:10306C00495A452E0000000073645F626C655F6313
:10307C0066675F73657428292072657475726E6556
:10308C0064202573207768656E20617474656D709B
:10309C0074696E6720746F2073657420424C455FB1
:1030AC0047415454535F4346475F53455256494337
:1030BC00455F4348414E4745442E0000496E7375A9
:1030CC006666696369656E742052414D20616C6C53
:1030DC006F636174656420666F7220746865205339
:1030EC006F66744465766963652E00004368616E93
:1030FC006765207468652052414D20737461727449
:10310C00206C6F636174696F6E2066726F6D203016
:10311C0078257820746F20307825782E00000000F8
:10312C004D6178696D756D2052414D2073697A65DA
:10313C0020666F72206170706C69636174696F6E68
:10314C0020697320307825782E00000073645F624C
:10315C006C655F656E61626C65282920726574759B
:10316C00726E65642025732E000000002F686F6D51
:10317C00652F736A6F2F64776D313030312D657820
:10318C00616D706C65732F6E5246355F53444B5FA7
:10319C0031372E312E302F636F6D706F6E656E74FC
:1031AC00732F736F66746465766963652F636F6DD7
:1031BC006D6F6E2F6E72665F7364685F626C652EE6
:1031CC0063000000C8180300F81803000800000092
:1031DC002E2E2F2E2E2F2E2E2F2E2E2F2E2E2F2EFE
:1031EC002E2F636F6D706F6E656E74732F6C6962CA
:1031FC007261726965732F6578706572696D656E41
:10320C0074616C5F73656374696F6E5F7661727302
:10321C002F6E72665F73656374696F6E5F69746538
:10322C00722E68006E72665F7364685F736F630002
:10323C002F686F6D652F736A6F2F64776D31303027
:10324C00312D6578616D706C65732F6E5246355FEC
:10325C0053444B5F31372E312E302F636F6D706FAF
:10326C006E656E74732F736F6674646576696365CF
:10327C002F636F6D6D6F6E2F6E72665F7364685F18
:10328C00736F632E63000000C0180300C81803009E
:10329C000800000065330300DC33030068330300CF
:1032AC0053756E646179004D6F6E6461790054756D
:1032BC006573646179005765646E65736461790048
:1032CC00546875727364617900467269646179003F
:1032DC00536174757264617900004A616E75617234
:1032EC0079004665627275617279004D617263682E
:1032FC0000417072696C004D6179004A756E650011
:10330C004A756C79004175677573740053657074F8
:10331C00656D626572004F63746F626572004E6F0B
:10332C0076656D62657200446563656D62657200F9
:10333C0000414D00504D0000256D2F25642F25793F
:10334C000025483A254D3A25530025612025622059
:10335C002565202554202559004300004B180300F7
:10336C006B1803007718030085180300A5180300D9
:10337C00B11803001D180300E917030053756E0004
:10338C004D6F6E0054756500576564005468750088
:10339C004672690053617400004A616E00466562B2
:1033AC00004D617200417072004D6179004A756E7A
:1033BC00004A756C0041756700536570004F63746B
:1033CC00004E6F760044656300002E000000000084
:1033DC00D6330300D8330300D8330300D8330300AB
:1033EC00D8330300D8330300D8330300D833030099
:1033FC00D8330300D8330300FFFFFFFFFFFFFFFFAD
:10340C00FFFFFFFFFFFF0000AC3203008833030017
:10341C00E6320300A53303003D33030044330300BD
:10342C004D33030056330300202020202020202081
:10343C002068282828282020202020202020202018
:10344C0020202020202020204810101010101010B8
:10345C0010101010101010108484848484848484C0
:10346C0084841010101010101081818181818101D1
:10347C000101010101010101010101010101010130
:10348C0001010110101010101082828282828202BF
:10349C000202020202020202020202020202020200
:1034AC000202021010101020000703200417020162
:0534BC000857104080DC
:1034C4000000000000200040000000000020004038
:1034D4000000000000000000FF00000000000000E9
:1034E400FF000000FF000000000000006C1B030050
:1034F400741B03007C1B0300841B03008C1B030050
:10350400941B03009C1B0300A41B0300AC1B0300BF
:10351400B41B0300BC1B0300C41B0300CC1B03002F
:103524000000000000000000FFFFFFFFFFFFFFFF9F
:103534000000000000000000000000000000000087
:1035440000100140110004000090D003FFFFFF00B1
:10355400C02B00201F000000E02B00201F000000F3
:103564000D00030021E90200A0320300A032030091
:0C357400A0320300A0320300A0320300CC
:0400000320006389ED
:00000001FF
